model,strategy,n,seed,rmse,mae,precision,recall,f1,n_true_viol,coverage90,coverage50,coverage80,coverage95,map_kb,map_kw,map_gamma,map_demand,map_rough,map_dose,recall_all
simgp_core,random,3,400,0.08004323013800373,0.057141648980961066,0.25,0.3333333333333333,0.28571428571428575,3,0.96875,0.84375,0.96875,0.96875,0.25,0.1,1.0,0.85,1.1,0.95,0.3333333333333333
simgp_core_nogp,random,3,400,0.08016882370798888,0.05738361046228495,0.25,0.3333333333333333,0.28571428571428575,3,0.96875,0.78125,0.96875,0.96875,,,,,,,
simgp_core_g75,random,3,400,0.08998292934596928,0.059149560490349425,0.3333333333333333,0.3333333333333333,0.3333333333333333,3,0.90625,0.53125,0.84375,0.90625,,,,,,,
physgp_core,random,3,400,0.1530473812637954,0.10699094251021013,0.0,0.0,0.0,3,0.09375,0.0625,0.0625,0.09375,,,,,,,
physgp_rich,random,3,400,0.15336648164450545,0.10712447764824147,0.0,0.0,0.0,3,0.09375,0.09375,0.09375,0.15625,,,,,,,
simgp_rich,random,3,400,0.08011036032395942,0.057241387923579204,0.25,0.3333333333333333,0.28571428571428575,3,0.96875,0.84375,0.96875,0.96875,,,,,,,
pinn_rich,random,3,400,0.15577267511243348,0.11026050087061615,0.0,0.0,0.0,3,0.25,0.09375,0.21875,0.28125,,,,,,,
mean_of_samples,random,3,400,0.20629086250246967,0.16302733288276666,1.0,0.0,0.0,3,,,,,,,,,,,
nearest_sample,random,3,400,0.13870636939795788,0.09909041100209673,1.0,0.0,0.0,3,,,,,,,,,,,
decay_only,random,3,400,0.1533641654268521,0.1071158571376397,0.0,0.0,0.0,3,,,,,,,,,,,
simgp_core,random,4,400,0.08114513042442784,0.058667537936243255,0.25,0.3333333333333333,0.28571428571428575,3,0.967741935483871,0.8064516129032258,0.967741935483871,0.967741935483871,0.25,0.1,1.0,0.85,1.1,0.95,0.3333333333333333
simgp_core_nogp,random,4,400,0.08108015569937199,0.05785733820638676,0.25,0.3333333333333333,0.28571428571428575,3,0.967741935483871,0.7741935483870968,0.967741935483871,0.967741935483871,,,,,,,
simgp_core_g75,random,4,400,0.09128520399442279,0.059984840598285315,0.3333333333333333,0.3333333333333333,0.3333333333333333,3,0.9032258064516129,0.5483870967741935,0.8387096774193549,0.9032258064516129,,,,,,,
physgp_core,random,4,400,0.21645299659595388,0.15379799718615048,0.5,0.3333333333333333,0.4,3,0.06451612903225806,0.06451612903225806,0.06451612903225806,0.12903225806451613,,,,,,,
physgp_rich,random,4,400,0.21648287552160117,0.1538361474382537,0.5,0.3333333333333333,0.4,3,0.5806451612903226,0.16129032258064516,0.4838709677419355,0.5806451612903226,,,,,,,
simgp_rich,random,4,400,0.08101915873178434,0.05772968991631682,0.25,0.3333333333333333,0.28571428571428575,3,0.967741935483871,0.8064516129032258,0.967741935483871,0.967741935483871,,,,,,,
mean_of_samples,random,4,400,0.2741047025417166,0.24779446905817756,1.0,0.0,0.0,3,,,,,,,,,,,
nearest_sample,random,4,400,0.12169573863872131,0.0895232282108576,1.0,0.0,0.0,3,,,,,,,,,,,
decay_only,random,4,400,0.21648203572806032,0.15382100276735816,0.5,0.3333333333333333,0.4,3,,,,,,,,,,,
simgp_core,random,5,400,0.08192206705323411,0.05144967967788638,0.3333333333333333,0.3333333333333333,0.3333333333333333,3,0.9666666666666667,0.7666666666666667,0.9333333333333333,0.9666666666666667,0.25,0.1,1.0,1.0,1.1,0.95,0.3333333333333333
simgp_core_nogp,random,5,400,0.08190283828843374,0.05134293144320365,0.3333333333333333,0.3333333333333333,0.3333333333333333,3,0.9666666666666667,0.7666666666666667,0.9333333333333333,0.9666666666666667,,,,,,,
simgp_core_g75,random,5,400,0.09056388387815321,0.05998803163027044,0.3333333333333333,0.3333333333333333,0.3333333333333333,3,0.9,0.6333333333333333,0.8,0.9,,,,,,,
physgp_core,random,5,400,0.1582884343649734,0.11155784194578951,0.3333333333333333,0.3333333333333333,0.3333333333333333,3,0.7,0.3333333333333333,0.6333333333333333,0.7333333333333333,,,,,,,
physgp_rich,random,5,400,0.16076008858565538,0.10930625128390385,0.3333333333333333,0.3333333333333333,0.3333333333333333,3,0.6,0.36666666666666664,0.5666666666666667,0.6666666666666666,,,,,,,
simgp_rich,random,5,400,0.11268379765022368,0.08195923544052944,0.3333333333333333,0.3333333333333333,0.3333333333333333,3,0.8666666666666667,0.6,0.7666666666666667,0.9666666666666667,,,,,,,
pinn_rich,random,5,400,0.13582688412487703,0.0968263374566098,1.0,0.0,0.0,3,0.5,0.16666666666666666,0.43333333333333335,0.5666666666666667,,,,,,,
mean_of_samples,random,5,400,0.237342800461741,0.21489268795013583,1.0,0.0,0.0,3,,,,,,,,,,,
nearest_sample,random,5,400,0.12080268670763546,0.08797201269393988,1.0,0.0,0.0,3,,,,,,,,,,,
decay_only,random,5,400,0.16326641244459955,0.11472960134791524,0.3333333333333333,0.3333333333333333,0.3333333333333333,3,,,,,,,,,,,
simgp_core,random,6,400,0.08262113490560975,0.052324053092769045,0.3333333333333333,0.3333333333333333,0.3333333333333333,3,0.9655172413793104,0.7586206896551724,0.896551724137931,0.9655172413793104,0.25,0.1,1.0,1.0,1.1,0.95,0.3333333333333333
simgp_core_nogp,random,6,400,0.08259865676553611,0.05233365450186822,0.3333333333333333,0.3333333333333333,0.3333333333333333,3,0.9655172413793104,0.7586206896551724,0.896551724137931,0.9655172413793104,,,,,,,
simgp_core_g75,random,6,400,0.08872716832681121,0.05697679899547584,0.3333333333333333,0.3333333333333333,0.3333333333333333,3,0.896551724137931,0.4827586206896552,0.7931034482758621,0.896551724137931,,,,,,,
physgp_core,random,6,400,0.16348043274094692,0.1106267135285738,1.0,0.0,0.0,3,0.20689655172413793,0.10344827586206896,0.13793103448275862,0.20689655172413793,,,,,,,
physgp_rich,random,6,400,0.15483070709943175,0.10692521249725023,1.0,0.0,0.0,3,0.7241379310344828,0.4482758620689655,0.6896551724137931,0.7586206896551724,,,,,,,
simgp_rich,random,6,400,0.103000967832118,0.07322223451553365,0.3333333333333333,0.3333333333333333,0.3333333333333333,3,0.896551724137931,0.5862068965517241,0.8275862068965517,0.9655172413793104,,,,,,,
mean_of_samples,random,6,400,0.21690876926676955,0.19639776965320482,1.0,0.0,0.0,3,,,,,,,,,,,
nearest_sample,random,6,400,0.12862865269647697,0.0962513790022249,1.0,0.0,0.0,3,,,,,,,,,,,
decay_only,random,6,400,0.16350819625679813,0.11065378266031399,1.0,0.0,0.0,3,,,,,,,,,,,
simgp_core,random,7,400,0.08412495432714384,0.056232695752717714,0.3333333333333333,0.3333333333333333,0.3333333333333333,3,0.9642857142857143,0.6785714285714286,0.9285714285714286,0.9642857142857143,0.25,0.1,1.0,1.0,1.1,0.9,0.3333333333333333
simgp_core_nogp,random,7,400,0.08229866147779487,0.05189136537784182,0.3333333333333333,0.3333333333333333,0.3333333333333333,3,0.9642857142857143,0.75,0.9285714285714286,0.9642857142857143,,,,,,,
simgp_core_g75,random,7,400,0.0894868737617682,0.06097492142059186,0.3333333333333333,0.3333333333333333,0.3333333333333333,3,0.8571428571428571,0.5714285714285714,0.7857142857142857,0.8928571428571429,,,,,,,
physgp_core,random,7,400,0.16778088789249782,0.11932488902751034,0.5,0.3333333333333333,0.4,3,0.6071428571428571,0.25,0.5357142857142857,0.6428571428571429,,,,,,,
physgp_rich,random,7,400,0.15859594425819598,0.10824890292628628,0.3333333333333333,0.3333333333333333,0.3333333333333333,3,0.6785714285714286,0.42857142857142855,0.6428571428571429,0.7857142857142857,,,,,,,
simgp_rich,random,7,400,0.09273168504505616,0.06057525950346677,0.3333333333333333,0.3333333333333333,0.3333333333333333,3,0.9285714285714286,0.7142857142857143,0.8571428571428571,0.9642857142857143,,,,,,,
mean_of_samples,random,7,400,0.19285256451592236,0.17292725973842624,1.0,0.0,0.0,3,,,,,,,,,,,
nearest_sample,random,7,400,0.1258485428739239,0.09666606786386621,1.0,0.0,0.0,3,,,,,,,,,,,
decay_only,random,7,400,0.16726066577581764,0.1170923033112928,0.5,0.3333333333333333,0.4,3,,,,,,,,,,,
simgp_core,random,8,400,0.0854657082988762,0.0577065926553991,0.3333333333333333,0.3333333333333333,0.3333333333333333,3,0.9629629629629629,0.6666666666666666,0.9259259259259259,0.9629629629629629,0.25,0.1,1.0,1.0,1.1,0.9,0.3333333333333333
simgp_core_nogp,random,8,400,0.08384242229672183,0.05380297026976803,0.3333333333333333,0.3333333333333333,0.3333333333333333,3,0.9629629629629629,0.7407407407407407,0.9259259259259259,0.9629629629629629,,,,,,,
simgp_core_g75,random,8,400,0.09072667344135421,0.06234491404186181,0.3333333333333333,0.3333333333333333,0.3333333333333333,3,0.8148148148148148,0.5555555555555556,0.7777777777777778,0.8518518518518519,,,,,,,
physgp_core,random,8,400,0.14663139695924313,0.10988301295477901,0.3333333333333333,0.3333333333333333,0.3333333333333333,3,0.6296296296296297,0.37037037037037035,0.5185185185185185,0.6296296296296297,,,,,,,
physgp_rich,random,8,400,0.12180108008980134,0.09298163381695505,0.3333333333333333,0.3333333333333333,0.3333333333333333,3,0.6296296296296297,0.3333333333333333,0.5925925925925926,0.6666666666666666,,,,,,,
simgp_rich,random,8,400,0.09367305843682006,0.061860022187881857,0.3333333333333333,0.3333333333333333,0.3333333333333333,3,0.9259259259259259,0.7037037037037037,0.8148148148148148,0.9629629629629629,,,,,,,
pinn_rich,random,8,400,0.129895497814381,0.09592850659711415,0.3333333333333333,0.3333333333333333,0.3333333333333333,3,0.2222222222222222,0.18518518518518517,0.2222222222222222,0.2222222222222222,,,,,,,
mean_of_samples,random,8,400,0.18333186567435758,0.16017025284551828,1.0,0.0,0.0,3,,,,,,,,,,,
nearest_sample,random,8,400,0.12936129957490344,0.09763843304038902,1.0,0.0,0.0,3,,,,,,,,,,,
decay_only,random,8,400,0.17035612961946575,0.12148408769869311,0.5,0.3333333333333333,0.4,3,,,,,,,,,,,
simgp_core,random,9,400,0.08786348759177118,0.060755419368460996,0.3333333333333333,0.3333333333333333,0.3333333333333333,3,0.9615384615384616,0.6153846153846154,0.9230769230769231,0.9615384615384616,0.25,0.3,0.0,1.0,1.1,1.05,0.3333333333333333
simgp_core_nogp,random,9,400,0.08388125176122008,0.053342649128064856,0.3333333333333333,0.3333333333333333,0.3333333333333333,3,0.9230769230769231,0.7307692307692307,0.9230769230769231,0.9615384615384616,,,,,,,
simgp_core_g75,random,9,400,0.09124512902744525,0.06361617884998948,0.3333333333333333,0.3333333333333333,0.3333333333333333,3,0.7692307692307693,0.46153846153846156,0.7692307692307693,0.8461538461538461,,,,,,,
physgp_core,random,9,400,0.10450214230956681,0.07315205269522007,0.3333333333333333,0.3333333333333333,0.3333333333333333,3,0.7307692307692307,0.3076923076923077,0.5384615384615384,0.7692307692307693,,,,,,,
physgp_rich,random,9,400,0.11355678757075363,0.08926661222612606,0.3333333333333333,0.3333333333333333,0.3333333333333333,3,0.4230769230769231,0.2692307692307692,0.4230769230769231,0.5,,,,,,,
simgp_rich,random,9,400,0.0933509965239559,0.0604203795303333,0.3333333333333333,0.3333333333333333,0.3333333333333333,3,0.9230769230769231,0.6923076923076923,0.8461538461538461,0.9615384615384616,,,,,,,
mean_of_samples,random,9,400,0.18909382931121657,0.1669449472363455,1.0,0.0,0.0,3,,,,,,,,,,,
nearest_sample,random,9,400,0.09931694836717218,0.08058080982541108,1.0,0.0,0.0,3,,,,,,,,,,,
decay_only,random,9,400,0.15450828525456264,0.11086129403544359,0.5,0.3333333333333333,0.4,3,,,,,,,,,,,
simgp_core,random,10,400,0.08619029584970511,0.05808282605416107,0.3333333333333333,0.3333333333333333,0.3333333333333333,3,0.96,0.6,0.88,0.96,0.25,0.3,0.0,1.0,0.9,1.0,0.3333333333333333
simgp_core_nogp,random,10,400,0.08115466707147992,0.04931613138725717,0.3333333333333333,0.3333333333333333,0.3333333333333333,3,0.96,0.72,0.92,0.96,,,,,,,
simgp_core_g75,random,10,400,0.08530948805046853,0.057787308089939454,0.3333333333333333,0.3333333333333333,0.3333333333333333,3,0.8,0.48,0.76,0.8,,,,,,,
physgp_core,random,10,400,0.09353801921771966,0.07547565809640978,0.3333333333333333,0.3333333333333333,0.3333333333333333,3,0.56,0.24,0.4,0.6,,,,,,,
physgp_rich,random,10,400,0.08751994086939936,0.06459969964553978,0.3333333333333333,0.3333333333333333,0.3333333333333333,3,0.72,0.36,0.68,0.72,,,,,,,
simgp_rich,random,10,400,0.09469187661979452,0.06088261792288394,0.3333333333333333,0.3333333333333333,0.3333333333333333,3,0.92,0.68,0.84,0.96,,,,,,,
pinn_rich,random,10,400,0.09436554217917051,0.07050520969248443,0.3333333333333333,0.3333333333333333,0.3333333333333333,3,0.36,0.28,0.32,0.36,,,,,,,
mean_of_samples,random,10,400,0.19331288226884308,0.17360978910444025,1.0,0.0,0.0,3,,,,,,,,,,,
nearest_sample,random,10,400,0.09188467039452469,0.07690742513246478,1.0,0.0,0.0,3,,,,,,,,,,,
decay_only,random,10,400,0.1307427858135782,0.09454472852917156,0.5,0.3333333333333333,0.4,3,,,,,,,,,,,
simgp_core,random,11,400,0.08590256848264202,0.05878606299315988,0.3333333333333333,0.3333333333333333,0.3333333333333333,3,0.9166666666666666,0.625,0.875,0.9583333333333334,0.25,0.3,0.0,1.0,0.9,1.0,0.3333333333333333
simgp_core_nogp,random,11,400,0.08231586537741603,0.0517116265327953,0.3333333333333333,0.3333333333333333,0.3333333333333333,3,0.9166666666666666,0.7083333333333334,0.875,0.9583333333333334,,,,,,,
simgp_core_g75,random,11,400,0.08583976446297474,0.05838546446270207,0.3333333333333333,0.3333333333333333,0.3333333333333333,3,0.7916666666666666,0.5,0.75,0.7916666666666666,,,,,,,
physgp_core,random,11,400,0.0992425023701069,0.0724633453124124,0.3333333333333333,0.3333333333333333,0.3333333333333333,3,0.4166666666666667,0.2916666666666667,0.375,0.5416666666666666,,,,,,,
physgp_rich,random,11,400,0.09151233903186924,0.06618972124632753,0.3333333333333333,0.3333333333333333,0.3333333333333333,3,0.6666666666666666,0.4583333333333333,0.625,0.7083333333333334,,,,,,,
simgp_rich,random,11,400,0.09588556354712295,0.061196160913742,0.3333333333333333,0.3333333333333333,0.3333333333333333,3,0.9166666666666666,0.7083333333333334,0.7916666666666666,0.9583333333333334,,,,,,,
mean_of_samples,random,11,400,0.18578148236512845,0.16253005799537176,1.0,0.0,0.0,3,,,,,,,,,,,
nearest_sample,random,11,400,0.0827380941580104,0.07110037278579089,1.0,0.0,0.0,3,,,,,,,,,,,
decay_only,random,11,400,0.1344003915763458,0.10089122739381577,0.5,0.3333333333333333,0.4,3,,,,,,,,,,,
simgp_core,random,12,400,0.08734509706788485,0.05898920437829518,0.3333333333333333,0.3333333333333333,0.3333333333333333,3,0.9130434782608695,0.6521739130434783,0.8695652173913043,0.9565217391304348,0.25,0.3,0.0,1.0,0.9,1.0,0.3333333333333333
simgp_core_nogp,random,12,400,0.08347126676593164,0.05177855041261623,0.3333333333333333,0.3333333333333333,0.3333333333333333,3,0.9130434782608695,0.7391304347826086,0.8695652173913043,0.9565217391304348,,,,,,,
simgp_core_g75,random,12,400,0.08693561444490533,0.05816674339397547,0.3333333333333333,0.3333333333333333,0.3333333333333333,3,0.782608695652174,0.5217391304347826,0.7391304347826086,0.782608695652174,,,,,,,
physgp_core,random,12,400,0.10036575922053709,0.07326087538842159,0.3333333333333333,0.3333333333333333,0.3333333333333333,3,0.391304347826087,0.2608695652173913,0.34782608695652173,0.5217391304347826,,,,,,,
physgp_rich,random,12,400,0.09590173263210865,0.07116209872769372,0.3333333333333333,0.3333333333333333,0.3333333333333333,3,0.6086956521739131,0.391304347826087,0.5652173913043478,0.7391304347826086,,,,,,,
simgp_rich,random,12,400,0.08376117432616052,0.051517755835705274,0.3333333333333333,0.3333333333333333,0.3333333333333333,3,0.9130434782608695,0.782608695652174,0.8695652173913043,0.9565217391304348,,,,,,,
pinn_rich,random,12,400,0.09996968632266065,0.07962950471458452,0.3333333333333333,0.3333333333333333,0.3333333333333333,3,0.34782608695652173,0.13043478260869565,0.30434782608695654,0.34782608695652173,,,,,,,
mean_of_samples,random,12,400,0.19339477447034567,0.1719231684710979,1.0,0.0,0.0,3,,,,,,,,,,,
nearest_sample,random,12,400,0.08328651377421299,0.07102381450430142,1.0,0.0,0.0,3,,,,,,,,,,,
decay_only,random,12,400,0.1382943736489192,0.10428223899840262,0.5,0.3333333333333333,0.4,3,,,,,,,,,,,
simgp_core,random,13,400,0.0854934978411707,0.057060249784226344,0.3333333333333333,0.3333333333333333,0.3333333333333333,3,0.9545454545454546,0.6363636363636364,0.8636363636363636,0.9545454545454546,0.25,0.3,0.0,1.0,0.9,1.0,0.3333333333333333
simgp_core_nogp,random,13,400,0.08245235208084614,0.0489031799443884,0.3333333333333333,0.3333333333333333,0.3333333333333333,3,0.9090909090909091,0.6818181818181818,0.8636363636363636,0.9545454545454546,,,,,,,
simgp_core_g75,random,13,400,0.08504914640346826,0.05497074935454724,0.3333333333333333,0.3333333333333333,0.3333333333333333,3,0.7727272727272727,0.5,0.7272727272727273,0.7727272727272727,,,,,,,
physgp_core,random,13,400,0.11927820330015017,0.08778887761113857,0.25,0.3333333333333333,0.28571428571428575,3,0.5909090909090909,0.36363636363636365,0.5454545454545454,0.6818181818181818,,,,,,,
physgp_rich,random,13,400,0.11270835000718402,0.08619353958082733,0.3333333333333333,0.3333333333333333,0.3333333333333333,3,0.6818181818181818,0.3181818181818182,0.6363636363636364,0.7272727272727273,,,,,,,
simgp_rich,random,13,400,0.08031940517979085,0.049468393961043945,0.3333333333333333,0.3333333333333333,0.3333333333333333,3,0.9545454545454546,0.7272727272727273,0.9090909090909091,0.9545454545454546,,,,,,,
mean_of_samples,random,13,400,0.19132117226718023,0.16782713688608158,1.0,0.0,0.0,3,,,,,,,,,,,
nearest_sample,random,13,400,0.0819208929888581,0.06844064794343664,1.0,0.0,0.0,3,,,,,,,,,,,
decay_only,random,13,400,0.14000979902974323,0.10410369420263445,0.5,0.3333333333333333,0.4,3,,,,,,,,,,,
simgp_core,random,14,400,0.07814869059218257,0.05221626820923569,0.25,0.5,0.3333333333333333,2,0.9523809523809523,0.7142857142857143,0.9047619047619048,0.9523809523809523,0.1,0.3,0.0,0.85,1.1,0.95,0.6666666666666666
simgp_core_nogp,random,14,400,0.07071246858365392,0.04224185837353266,0.3333333333333333,0.5,0.4,2,0.9523809523809523,0.7142857142857143,0.9047619047619048,0.9523809523809523,,,,,,,
simgp_core_g75,random,14,400,0.07139254286775598,0.04924117513585377,0.5,1.0,0.6666666666666666,2,0.8095238095238095,0.5714285714285714,0.7619047619047619,0.8571428571428571,,,,,,,
physgp_core,random,14,400,0.0779489792544008,0.05841374120601163,0.3333333333333333,0.5,0.4,2,0.8095238095238095,0.47619047619047616,0.7142857142857143,0.8095238095238095,,,,,,,
physgp_rich,random,14,400,0.09268542343898066,0.07184045692311197,0.3333333333333333,0.5,0.4,2,0.8571428571428571,0.6666666666666666,0.7619047619047619,0.9047619047619048,,,,,,,
simgp_rich,random,14,400,0.07193312486116332,0.04429344706777002,0.3333333333333333,0.5,0.4,2,0.9523809523809523,0.7619047619047619,0.9523809523809523,0.9523809523809523,,,,,,,
mean_of_samples,random,14,400,0.1801948043233366,0.15372126687432272,1.0,0.0,0.0,2,,,,,,,,,,,
nearest_sample,random,14,400,0.10860990964328766,0.08024047730575203,0.0,0.0,0.0,2,,,,,,,,,,,
decay_only,random,14,400,0.11086647261478734,0.09015472886036978,1.0,0.0,0.0,2,,,,,,,,,,,
simgp_core,random,15,400,0.07970584080799803,0.05323939413193542,0.25,0.5,0.3333333333333333,2,0.95,0.7,0.9,0.95,0.1,0.3,0.0,0.85,1.1,0.95,0.6666666666666666
simgp_core_nogp,random,15,400,0.07156892221623568,0.042445700291868796,0.3333333333333333,0.5,0.4,2,0.95,0.75,0.95,0.95,,,,,,,
simgp_core_g75,random,15,400,0.07038187883709693,0.046476990078867436,0.5,1.0,0.6666666666666666,2,0.8,0.6,0.75,0.8,,,,,,,
physgp_core,random,15,400,0.08075540966349395,0.06421770766717197,0.25,0.5,0.3333333333333333,2,0.75,0.35,0.7,0.8,,,,,,,
physgp_rich,random,15,400,0.09716893784878307,0.06976228186203377,0.5,0.5,0.5,2,0.9,0.6,0.9,0.95,,,,,,,
simgp_rich,random,15,400,0.07158180742452165,0.046733537686146694,0.3333333333333333,0.5,0.4,2,0.95,0.75,0.95,0.95,,,,,,,
pinn_rich,random,15,400,0.1105991685528493,0.08354351877494717,0.3333333333333333,0.5,0.4,2,0.4,0.2,0.35,0.4,,,,,,,
mean_of_samples,random,15,400,0.18216272884337625,0.15444006382682943,1.0,0.0,0.0,2,,,,,,,,,,,
nearest_sample,random,15,400,0.11093493144745603,0.08163496555503022,0.0,0.0,0.0,2,,,,,,,,,,,
decay_only,random,15,400,0.11180434759659888,0.0891126011054464,1.0,0.0,0.0,2,,,,,,,,,,,
simgp_core,uncertainty,3,400,0.08296846211203814,0.06394689973048855,0.14285714285714285,0.3333333333333333,0.2,3,0.96875,0.6875,0.9375,0.96875,0.25,0.3,0.5,1.0,0.9,1.1,0.3333333333333333
simgp_core,uncertainty,4,400,0.08795522657163683,0.058472821699049445,0.2,0.3333333333333333,0.25,3,0.967741935483871,0.7741935483870968,0.9354838709677419,0.967741935483871,0.25,0.3,0.5,1.0,0.9,1.1,0.3333333333333333
simgp_core,uncertainty,5,400,0.08842669353745577,0.056165777596755034,0.25,0.3333333333333333,0.28571428571428575,3,0.9333333333333333,0.7333333333333333,0.9,0.9666666666666667,0.25,0.3,0.5,1.0,0.9,1.1,0.3333333333333333
simgp_core,uncertainty,6,400,0.08522165457494414,0.05060151945967632,0.0,0.0,0.0,3,0.9655172413793104,0.8620689655172413,0.9310344827586207,1.0,0.1,0.6,0.0,1.0,1.1,1.1,0.0
simgp_core,uncertainty,7,400,0.07836870369035939,0.055843703978085454,0.0,0.0,0.0,2,0.9642857142857143,0.8571428571428571,0.9285714285714286,0.9642857142857143,0.1,0.3,0.5,1.0,1.1,1.0,0.0
simgp_core,uncertainty,8,400,0.09563850939646815,0.07617978321772416,0.0,0.0,0.0,2,0.9259259259259259,0.4444444444444444,0.7777777777777778,0.9629629629629629,0.1,0.6,0.0,1.0,1.1,1.1,0.0
simgp_core,uncertainty,9,400,0.08951979095494847,0.069543174272276,0.0,0.0,0.0,2,0.9230769230769231,0.46153846153846156,0.7692307692307693,0.9615384615384616,0.1,0.3,0.5,1.0,1.1,0.95,0.0
simgp_core,uncertainty,10,400,0.06156595616400905,0.03014163190835985,0.0,0.0,0.0,1,0.96,0.88,0.92,0.96,0.1,0.3,0.5,1.0,1.1,0.95,0.3333333333333333
simgp_core,uncertainty,11,400,0.06357795323723374,0.041617374985541904,0.0,0.0,0.0,1,1.0,0.8333333333333334,0.9583333333333334,1.0,0.1,0.3,0.5,1.0,1.1,0.95,0.3333333333333333
simgp_core,uncertainty,12,400,0.06645585573863526,0.044831420491383625,0.0,0.0,0.0,1,1.0,0.8260869565217391,0.9565217391304348,1.0,0.1,0.3,0.5,1.0,1.1,1.0,0.3333333333333333
simgp_core,uncertainty,13,400,0.041941271738513065,0.03452918978092944,0.0,1.0,0.0,0,1.0,0.8181818181818182,1.0,1.0,0.1,0.3,0.5,1.0,1.1,0.95,0.6666666666666666
simgp_core,uncertainty,14,400,0.04216378117105819,0.03341701996291682,0.0,1.0,0.0,0,1.0,0.8095238095238095,1.0,1.0,0.1,0.3,0.5,1.0,1.1,0.95,0.6666666666666666
simgp_core,uncertainty,15,400,0.02754573104508831,0.023791272214583433,0.0,1.0,0.0,0,1.0,1.0,1.0,1.0,0.1,0.3,0.5,1.0,1.1,0.95,0.6666666666666666
simgp_core,straddle,3,400,0.08199351694727534,0.06198109766986315,0.16666666666666666,0.3333333333333333,0.2222222222222222,3,0.96875,0.8125,0.96875,0.96875,0.25,0.3,0.0,1.0,0.9,1.0,0.3333333333333333
simgp_core,straddle,4,400,0.08506038306502374,0.061169229749008756,0.16666666666666666,0.5,0.25,2,0.967741935483871,0.8387096774193549,0.967741935483871,0.967741935483871,0.1,0.3,0.5,0.85,1.1,1.05,0.6666666666666666
simgp_core,straddle,5,400,0.1029091440119099,0.05546463811739724,0.2,0.5,0.28571428571428575,2,0.9666666666666667,0.8,0.8666666666666667,1.0,0.1,0.3,0.5,0.85,1.1,1.05,0.6666666666666666
simgp_core,straddle,6,400,0.10578373517743798,0.06569136037330307,0.0,0.0,0.0,2,0.9310344827586207,0.7241379310344828,0.896551724137931,0.9655172413793104,0.1,0.6,0.5,1.15,1.0,1.1,0.3333333333333333
simgp_core,straddle,7,400,0.0666514104263825,0.0418183488743446,0.0,0.0,0.0,2,0.9642857142857143,0.8571428571428571,0.9642857142857143,0.9642857142857143,0.1,0.6,0.5,1.15,1.0,1.1,0.3333333333333333
simgp_core,straddle,8,400,0.06471982418389484,0.03722849312388842,1.0,0.0,0.0,2,0.9629629629629629,0.8888888888888888,0.9629629629629629,0.9629629629629629,0.1,0.3,1.0,1.0,1.1,1.05,0.3333333333333333
simgp_core,straddle,9,400,0.059976705754509425,0.03278700753376044,0.0,0.0,0.0,2,0.9615384615384616,0.8846153846153846,0.9615384615384616,0.9615384615384616,0.1,0.3,1.0,1.0,1.1,1.1,0.3333333333333333
simgp_core,straddle,10,400,0.06269520688146174,0.03647899917737542,0.0,0.0,0.0,2,0.96,0.84,0.96,0.96,0.1,0.3,1.0,1.0,1.1,1.1,0.3333333333333333
simgp_core,straddle,11,400,0.060465269949075556,0.03356596784797653,0.0,0.0,0.0,1,0.9583333333333334,0.8333333333333334,0.9583333333333334,0.9583333333333334,0.1,0.3,1.0,1.0,1.1,1.1,0.3333333333333333
simgp_core,straddle,12,400,0.061683564512932165,0.034200660527954396,1.0,0.0,0.0,1,0.9565217391304348,0.8260869565217391,0.9130434782608695,0.9565217391304348,0.1,0.3,1.0,1.0,1.1,1.1,0.3333333333333333
simgp_core,straddle,13,400,0.059680213300640494,0.030753624971696227,1.0,0.0,0.0,1,0.9545454545454546,0.9090909090909091,0.9545454545454546,0.9545454545454546,0.1,0.3,0.5,1.0,1.1,0.95,0.3333333333333333
simgp_core,straddle,14,400,0.059905943166376416,0.03141977106227832,1.0,0.0,0.0,1,0.9523809523809523,0.9047619047619048,0.9523809523809523,0.9523809523809523,0.1,0.3,0.5,1.0,1.1,0.95,0.3333333333333333
simgp_core,straddle,15,400,0.06345384180227745,0.03513148034944306,1.0,0.0,0.0,1,0.95,0.9,0.95,0.95,0.1,0.3,1.0,1.0,1.1,1.1,0.3333333333333333
simgp_core,random,3,401,0.0570437860169646,0.04271147141546902,0.6363636363636364,1.0,0.7777777777777778,7,1.0,0.875,0.96875,1.0,0.1,0.6,0.5,1.0,1.1,1.05,1.0
simgp_core_nogp,random,3,401,0.057549713369299586,0.04483318026312433,0.5833333333333334,1.0,0.7368421052631579,7,0.9375,0.84375,0.9375,0.96875,,,,,,,
simgp_core_g75,random,3,401,0.07572182711991557,0.04762304967652705,0.5555555555555556,0.7142857142857143,0.6250000000000001,7,0.8125,0.625,0.78125,0.84375,,,,,,,
physgp_core,random,3,401,0.2827447223879716,0.17396240910555139,0.14285714285714285,0.2857142857142857,0.19047619047619047,7,0.21875,0.0625,0.125,0.21875,,,,,,,
physgp_rich,random,3,401,0.2827438516723029,0.17395981884407313,0.14285714285714285,0.2857142857142857,0.19047619047619047,7,0.25,0.09375,0.21875,0.3125,,,,,,,
simgp_rich,random,3,401,0.05761606467402069,0.04493084358455321,0.5833333333333334,1.0,0.7368421052631579,7,1.0,0.875,0.96875,1.0,,,,,,,
pinn_rich,random,3,401,0.2488025284449062,0.14744587708016504,0.2,0.42857142857142855,0.27272727272727276,7,0.46875,0.21875,0.375,0.5,,,,,,,
mean_of_samples,random,3,401,0.2359029533133436,0.1466844888055548,0.21875,1.0,0.358974358974359,7,,,,,,,,,,,
nearest_sample,random,3,401,0.21127569974212027,0.12806063616664867,0.3333333333333333,0.14285714285714285,0.2,7,,,,,,,,,,,
decay_only,random,3,401,0.2827447225288687,0.1739624095297067,0.14285714285714285,0.2857142857142857,0.19047619047619047,7,,,,,,,,,,,
simgp_core,random,4,401,0.06603798566494994,0.048496913330618334,0.7142857142857143,0.7142857142857143,0.7142857142857143,7,1.0,0.7419354838709677,0.967741935483871,1.0,0.25,0.3,0.0,0.85,1.1,1.05,0.75
simgp_core_nogp,random,4,401,0.06520616057540049,0.04536297878999549,0.7777777777777778,1.0,0.8750000000000001,7,0.9354838709677419,0.6774193548387096,0.9032258064516129,0.967741935483871,,,,,,,
simgp_core_g75,random,4,401,0.14606887139351502,0.12155506875781709,0.3333333333333333,0.14285714285714285,0.2,7,0.5161290322580645,0.03225806451612903,0.2903225806451613,0.6129032258064516,,,,,,,
physgp_core,random,4,401,0.2874896909513864,0.1793494389425139,0.14285714285714285,0.2857142857142857,0.19047619047619047,7,0.12903225806451613,0.06451612903225806,0.06451612903225806,0.12903225806451613,,,,,,,
physgp_rich,random,4,401,0.2874863242691928,0.17933793166529105,0.14285714285714285,0.2857142857142857,0.19047619047619047,7,0.1935483870967742,0.06451612903225806,0.12903225806451613,0.22580645161290322,,,,,,,
simgp_rich,random,4,401,0.06545711130702182,0.045868541174951726,0.7777777777777778,1.0,0.8750000000000001,7,1.0,0.7419354838709677,0.9354838709677419,1.0,,,,,,,
mean_of_samples,random,4,401,0.23469469303573914,0.14562164544716352,0.22580645161290322,1.0,0.3684210526315789,7,,,,,,,,,,,
nearest_sample,random,4,401,0.22115484647604952,0.13365343518024198,0.3333333333333333,0.14285714285714285,0.2,7,,,,,,,,,,,
decay_only,random,4,401,0.2874892026823395,0.17934649211577636,0.14285714285714285,0.2857142857142857,0.19047619047619047,7,,,,,,,,,,,
simgp_core,random,5,401,0.04475973567336107,0.029603131271811464,0.8333333333333334,0.7142857142857143,0.7692307692307692,7,1.0,0.9,0.9333333333333333,1.0,0.25,0.1,1.0,0.85,1.1,0.9,0.75
simgp_core_nogp,random,5,401,0.058678870078288724,0.04199854255690462,0.7777777777777778,1.0,0.8750000000000001,7,0.9666666666666667,0.7,0.9333333333333333,1.0,,,,,,,
simgp_core_g75,random,5,401,0.09227567242408856,0.07332237930025404,0.5,0.42857142857142855,0.4615384615384615,7,0.5333333333333333,0.3,0.4666666666666667,0.6,,,,,,,
physgp_core,random,5,401,0.1295978987808253,0.09060649224997068,0.5,0.2857142857142857,0.36363636363636365,7,0.8333333333333334,0.43333333333333335,0.7666666666666667,0.8666666666666667,,,,,,,
physgp_rich,random,5,401,0.10232637839127186,0.072202493403103,0.5,0.2857142857142857,0.36363636363636365,7,0.9666666666666667,0.7333333333333333,0.9666666666666667,0.9666666666666667,,,,,,,
simgp_rich,random,5,401,0.04000135788287036,0.02634664615173376,0.7777777777777778,1.0,0.8750000000000001,7,1.0,0.9333333333333333,0.9666666666666667,1.0,,,,,,,
pinn_rich,random,5,401,0.08177916075297817,0.06105515208827574,0.3333333333333333,0.14285714285714285,0.2,7,0.5,0.3333333333333333,0.4666666666666667,0.5333333333333333,,,,,,,
mean_of_samples,random,5,401,0.15930367726837075,0.13231237994907943,1.0,0.0,0.0,7,,,,,,,,,,,
nearest_sample,random,5,401,0.1412108063373178,0.09616406701456355,0.3333333333333333,0.14285714285714285,0.2,7,,,,,,,,,,,
decay_only,random,5,401,0.10788942054338252,0.07798365736499989,0.29411764705882354,0.7142857142857143,0.4166666666666667,7,,,,,,,,,,,
simgp_core,random,6,401,0.04976235716180751,0.038069935701125816,0.8,0.5714285714285714,0.6666666666666666,7,0.9310344827586207,0.8620689655172413,0.9310344827586207,1.0,0.1,0.3,0.5,0.85,0.9,0.9,0.625
simgp_core_nogp,random,6,401,0.050253578928162124,0.03677985107600998,0.7777777777777778,1.0,0.8750000000000001,7,0.9655172413793104,0.7241379310344828,0.9310344827586207,1.0,,,,,,,
simgp_core_g75,random,6,401,0.11306541035097256,0.07420377384365724,0.6,0.42857142857142855,0.5,7,0.7241379310344828,0.20689655172413793,0.6896551724137931,0.7931034482758621,,,,,,,
physgp_core,random,6,401,0.06321017606239197,0.04547440582994174,0.5,0.2857142857142857,0.36363636363636365,7,0.7931034482758621,0.5862068965517241,0.6896551724137931,0.8620689655172413,,,,,,,
physgp_rich,random,6,401,0.1256987715233282,0.07738521006611933,0.6,0.42857142857142855,0.5,7,0.896551724137931,0.4482758620689655,0.8275862068965517,0.9310344827586207,,,,,,,
simgp_rich,random,6,401,0.04068828880017003,0.030823133583845905,0.6666666666666666,0.8571428571428571,0.75,7,0.9655172413793104,0.9655172413793104,0.9655172413793104,1.0,,,,,,,
mean_of_samples,random,6,401,0.16119206233015396,0.13478247651624536,1.0,0.0,0.0,7,,,,,,,,,,,
nearest_sample,random,6,401,0.14452600491711973,0.10112398927480092,0.3333333333333333,0.14285714285714285,0.2,7,,,,,,,,,,,
decay_only,random,6,401,0.114550641514358,0.07846113532810789,0.29411764705882354,0.7142857142857143,0.4166666666666667,7,,,,,,,,,,,
simgp_core,random,7,401,0.04740307097768253,0.03220235941309311,0.6666666666666666,0.6666666666666666,0.6666666666666666,6,0.9642857142857143,0.8928571428571429,0.9285714285714286,1.0,0.1,0.3,0.5,0.85,1.0,0.9,0.75
simgp_core_nogp,random,7,401,0.05141039981741162,0.03558516422832043,0.8571428571428571,1.0,0.923076923076923,6,0.9285714285714286,0.7142857142857143,0.9285714285714286,0.9642857142857143,,,,,,,
simgp_core_g75,random,7,401,0.10039370486887694,0.09032008812254441,0.0,0.0,0.0,6,0.17857142857142858,0.07142857142857142,0.14285714285714285,0.32142857142857145,,,,,,,
physgp_core,random,7,401,0.07736006589152983,0.0532328843062419,0.3333333333333333,0.16666666666666666,0.2222222222222222,6,0.8214285714285714,0.5,0.75,0.8571428571428571,,,,,,,
physgp_rich,random,7,401,0.171416363118314,0.1078511620661838,0.23076923076923078,0.5,0.3157894736842105,6,0.75,0.4642857142857143,0.6071428571428571,0.9285714285714286,,,,,,,
simgp_rich,random,7,401,0.05141007416318856,0.035584869407164495,0.8571428571428571,1.0,0.923076923076923,6,0.9642857142857143,0.75,0.9285714285714286,0.9642857142857143,,,,,,,
mean_of_samples,random,7,401,0.15851821983513228,0.12482362620566914,1.0,0.0,0.0,6,,,,,,,,,,,
nearest_sample,random,7,401,0.1469470941531114,0.1035006910013087,0.0,0.0,0.0,6,,,,,,,,,,,
decay_only,random,7,401,0.11662529693256682,0.07941570936162186,0.0,0.0,0.0,6,,,,,,,,,,,
simgp_core,random,8,401,0.04680728871764432,0.03377825960114309,0.75,1.0,0.8571428571428571,6,0.9629629629629629,0.8518518518518519,0.9259259259259259,1.0,0.1,0.3,0.5,0.85,1.0,0.9,1.0
simgp_core_nogp,random,8,401,0.05279500342381629,0.03579625403459655,0.8571428571428571,1.0,0.923076923076923,6,0.9259259259259259,0.7037037037037037,0.9259259259259259,0.9629629629629629,,,,,,,
simgp_core_g75,random,8,401,0.07869308937003881,0.04852442600609955,0.3333333333333333,0.3333333333333333,0.3333333333333333,6,0.8148148148148148,0.5555555555555556,0.7407407407407407,0.8148148148148148,,,,,,,
physgp_core,random,8,401,0.07067528803293809,0.04871527180407038,0.3333333333333333,0.16666666666666666,0.2222222222222222,6,0.8148148148148148,0.5185185185185185,0.7407407407407407,0.8518518518518519,,,,,,,
physgp_rich,random,8,401,0.17567331692435156,0.10339054125836952,0.5,0.3333333333333333,0.4,6,0.7777777777777778,0.4074074074074074,0.6296296296296297,0.8148148148148148,,,,,,,
simgp_rich,random,8,401,0.04867203470938403,0.031278952731224004,0.75,1.0,0.8571428571428571,6,1.0,0.8518518518518519,0.9259259259259259,1.0,,,,,,,
pinn_rich,random,8,401,0.08003591762425721,0.0688525539556297,0.0,0.0,0.0,6,0.25925925925925924,0.037037037037037035,0.18518518518518517,0.4074074074074074,,,,,,,
mean_of_samples,random,8,401,0.16126748910694452,0.12451186507723185,1.0,0.0,0.0,6,,,,,,,,,,,
nearest_sample,random,8,401,0.14965143234105413,0.10724607229781404,0.0,0.0,0.0,6,,,,,,,,,,,
decay_only,random,8,401,0.11791154856083579,0.0789315400397807,0.0,0.0,0.0,6,,,,,,,,,,,
simgp_core,random,9,401,0.04244690127784914,0.029920043674425262,0.625,0.8333333333333334,0.7142857142857143,6,0.9615384615384616,0.9230769230769231,0.9615384615384616,1.0,0.1,0.3,0.5,0.85,1.0,0.9,0.875
simgp_core_nogp,random,9,401,0.04665906198634703,0.031665985281320835,0.8571428571428571,1.0,0.923076923076923,6,0.9230769230769231,0.7692307692307693,0.9230769230769231,0.9615384615384616,,,,,,,
simgp_core_g75,random,9,401,0.07739269191245858,0.04968612843123928,0.3333333333333333,0.3333333333333333,0.3333333333333333,6,0.8076923076923077,0.5384615384615384,0.7692307692307693,0.8076923076923077,,,,,,,
physgp_core,random,9,401,0.0810071338040422,0.05759853647326426,0.5,0.3333333333333333,0.4,6,0.7307692307692307,0.3076923076923077,0.5769230769230769,0.8461538461538461,,,,,,,
physgp_rich,random,9,401,0.13251833817298425,0.08166348756425677,0.5,0.3333333333333333,0.4,6,0.6923076923076923,0.34615384615384615,0.6153846153846154,0.8461538461538461,,,,,,,
simgp_rich,random,9,401,0.052215885734069274,0.03453538903595036,0.75,1.0,0.8571428571428571,6,0.9230769230769231,0.8846153846153846,0.9230769230769231,1.0,,,,,,,
mean_of_samples,random,9,401,0.16395335346480072,0.1283285109620279,1.0,0.0,0.0,6,,,,,,,,,,,
nearest_sample,random,9,401,0.15844108178738409,0.11575369645890042,0.0,0.0,0.0,6,,,,,,,,,,,
decay_only,random,9,401,0.1249026775162403,0.08232768321749008,0.0,0.0,0.0,6,,,,,,,,,,,
simgp_core,random,10,401,0.04348325248601306,0.030744060913333097,0.7142857142857143,0.8333333333333334,0.7692307692307692,6,0.96,0.92,0.96,1.0,0.1,0.3,0.5,0.85,1.0,0.9,0.875
simgp_core_nogp,random,10,401,0.0476848387826619,0.03278930561407945,0.8571428571428571,1.0,0.923076923076923,6,0.92,0.76,0.92,0.96,,,,,,,
simgp_core_g75,random,10,401,0.07302147428508013,0.04773307260152602,0.4,0.3333333333333333,0.3636363636363636,6,0.76,0.52,0.72,0.8,,,,,,,
physgp_core,random,10,401,0.07342764270301542,0.05355553680876529,0.6,0.5,0.5454545454545454,6,0.76,0.32,0.56,0.76,,,,,,,
physgp_rich,random,10,401,0.13502490856737162,0.08325691896842267,0.5,0.3333333333333333,0.4,6,0.68,0.36,0.56,0.8,,,,,,,
simgp_rich,random,10,401,0.05297177648250932,0.035386950927983614,0.75,1.0,0.8571428571428571,6,0.92,0.88,0.92,0.96,,,,,,,
pinn_rich,random,10,401,0.08691266136278646,0.06777895769112946,0.0,0.0,0.0,6,0.48,0.12,0.32,0.48,,,,,,,
mean_of_samples,random,10,401,0.16703415979879013,0.12648064594996408,1.0,0.0,0.0,6,,,,,,,,,,,
nearest_sample,random,10,401,0.15812118719668736,0.11144306871683511,0.3333333333333333,0.16666666666666666,0.2222222222222222,6,,,,,,,,,,,
decay_only,random,10,401,0.12754460583513735,0.08596060074037631,0.0,0.0,0.0,6,,,,,,,,,,,
simgp_core,random,11,401,0.04790769580199598,0.030395327836356217,0.75,1.0,0.8571428571428571,6,0.9583333333333334,0.875,0.9166666666666666,0.9583333333333334,0.1,0.3,0.5,0.85,1.0,0.9,1.0
simgp_core_nogp,random,11,401,0.048306954357066195,0.033294796220944445,0.8571428571428571,1.0,0.923076923076923,6,0.9166666666666666,0.7083333333333334,0.9166666666666666,0.9583333333333334,,,,,,,
simgp_core_g75,random,11,401,0.0755046852712451,0.04929129752653777,0.4,0.3333333333333333,0.3636363636363636,6,0.75,0.5,0.7083333333333334,0.7916666666666666,,,,,,,
physgp_core,random,11,401,0.07547003830032165,0.0563818920887816,0.6,0.5,0.5454545454545454,6,0.6666666666666666,0.3333333333333333,0.5,0.75,,,,,,,
physgp_rich,random,11,401,0.13961534083137758,0.08948580719337185,0.5,0.3333333333333333,0.4,6,0.5,0.20833333333333334,0.4583333333333333,0.6666666666666666,,,,,,,
simgp_rich,random,11,401,0.05148170519837341,0.042432554824416324,0.75,1.0,0.8571428571428571,6,0.9583333333333334,0.7083333333333334,0.9583333333333334,0.9583333333333334,,,,,,,
mean_of_samples,random,11,401,0.17043398083390215,0.12823410789537662,1.0,0.0,0.0,6,,,,,,,,,,,
nearest_sample,random,11,401,0.16161630190938264,0.11773699816637834,0.3333333333333333,0.16666666666666666,0.2222222222222222,6,,,,,,,,,,,
decay_only,random,11,401,0.12981873916215328,0.0872758173019725,0.0,0.0,0.0,6,,,,,,,,,,,
simgp_core,random,12,401,0.04888520948159902,0.03519183981787205,0.75,1.0,0.8571428571428571,6,0.9565217391304348,0.9130434782608695,0.9565217391304348,0.9565217391304348,0.1,0.3,0.5,0.85,1.0,0.9,1.0
simgp_core_nogp,random,12,401,0.04934528581061105,0.034489960875352735,0.8571428571428571,1.0,0.923076923076923,6,0.9130434782608695,0.6956521739130435,0.9130434782608695,0.9565217391304348,,,,,,,
simgp_core_g75,random,12,401,0.07764147257207862,0.05121868386520606,0.4,0.3333333333333333,0.3636363636363636,6,0.782608695652174,0.4782608695652174,0.7391304347826086,0.782608695652174,,,,,,,
physgp_core,random,12,401,0.07561061112387982,0.057632287319407824,0.6,0.5,0.5454545454545454,6,0.6956521739130435,0.391304347826087,0.5652173913043478,0.7391304347826086,,,,,,,
physgp_rich,random,12,401,0.12796567697120284,0.08069365188081101,0.6,0.5,0.5454545454545454,6,0.6956521739130435,0.30434782608695654,0.6086956521739131,0.782608695652174,,,,,,,
simgp_rich,random,12,401,0.047516126210584646,0.03461304076526216,0.7142857142857143,0.8333333333333334,0.7692307692307692,6,0.9565217391304348,0.8695652173913043,0.9565217391304348,0.9565217391304348,,,,,,,
pinn_rich,random,12,401,0.09142889796731486,0.07518713785051197,0.0,0.0,0.0,6,0.2608695652173913,0.043478260869565216,0.17391304347826086,0.34782608695652173,,,,,,,
mean_of_samples,random,12,401,0.1743666198998471,0.13206599625342094,1.0,0.0,0.0,6,,,,,,,,,,,
nearest_sample,random,12,401,0.16496323974051394,0.1214949991221388,0.3333333333333333,0.16666666666666666,0.2222222222222222,6,,,,,,,,,,,
decay_only,random,12,401,0.13219623181710702,0.08838659344422992,0.0,0.0,0.0,6,,,,,,,,,,,
simgp_core,random,13,401,0.04941359566715193,0.036455865414662905,0.75,1.0,0.8571428571428571,6,0.9545454545454546,0.9090909090909091,0.9545454545454546,0.9545454545454546,0.1,0.3,0.5,0.85,1.0,0.9,1.0
simgp_core_nogp,random,13,401,0.0475677374700607,0.03201662086550873,0.8571428571428571,1.0,0.923076923076923,6,0.9090909090909091,0.7727272727272727,0.9090909090909091,0.9545454545454546,,,,,,,
simgp_core_g75,random,13,401,0.07785290321528436,0.051418853412868344,0.5,0.5,0.5,6,0.7727272727272727,0.45454545454545453,0.6818181818181818,0.7727272727272727,,,,,,,
physgp_core,random,13,401,0.08030906245234855,0.0610639727017206,0.6,0.5,0.5454545454545454,6,0.6818181818181818,0.3181818181818182,0.5454545454545454,0.7272727272727273,,,,,,,
physgp_rich,random,13,401,0.1345560519226216,0.0859315224344286,0.5,0.3333333333333333,0.4,6,0.6818181818181818,0.22727272727272727,0.5909090909090909,0.7272727272727273,,,,,,,
simgp_rich,random,13,401,0.05603575420105937,0.04154056528444525,0.7142857142857143,0.8333333333333334,0.7692307692307692,6,0.9545454545454546,0.7272727272727273,0.9090909090909091,0.9545454545454546,,,,,,,
mean_of_samples,random,13,401,0.177924449496518,0.13754008797137793,1.0,0.0,0.0,6,,,,,,,,,,,
nearest_sample,random,13,401,0.16862410918123028,0.12617195122180902,0.3333333333333333,0.16666666666666666,0.2222222222222222,6,,,,,,,,,,,
decay_only,random,13,401,0.13894046278379846,0.0925030837743308,0.0,0.0,0.0,6,,,,,,,,,,,
simgp_core,random,14,401,0.04930131577333766,0.03448922237711779,0.7142857142857143,1.0,0.8333333333333333,5,0.9523809523809523,0.9047619047619048,0.9523809523809523,0.9523809523809523,0.1,0.3,0.5,0.85,1.0,0.9,1.0
simgp_core_nogp,random,14,401,0.049139178886899726,0.033644614663840666,0.8333333333333334,1.0,0.9090909090909091,5,0.9047619047619048,0.7619047619047619,0.9047619047619048,0.9523809523809523,,,,,,,
simgp_core_g75,random,14,401,0.08137317601498098,0.0523064098831646,0.5,0.6,0.5454545454545454,5,0.7619047619047619,0.5714285714285714,0.7142857142857143,0.7619047619047619,,,,,,,
physgp_core,random,14,401,0.09316660180776618,0.06841444412457365,0.25,0.2,0.22222222222222224,5,0.9523809523809523,0.5714285714285714,0.9047619047619048,0.9523809523809523,,,,,,,
physgp_rich,random,14,401,0.13711988692254093,0.08655883556802942,0.6,0.6,0.6,5,0.8095238095238095,0.2857142857142857,0.7142857142857143,0.8571428571428571,,,,,,,
simgp_rich,random,14,401,0.0460122274372533,0.03221519277693254,0.7142857142857143,1.0,0.8333333333333333,5,0.9523809523809523,0.9523809523809523,0.9523809523809523,0.9523809523809523,,,,,,,
mean_of_samples,random,14,401,0.18246691976412502,0.135828796213381,1.0,0.0,0.0,5,,,,,,,,,,,
nearest_sample,random,14,401,0.17227065554444157,0.12992092635447752,0.5,0.4,0.4444444444444445,5,,,,,,,,,,,
decay_only,random,14,401,0.14191299381496694,0.09565328982640149,0.0,0.0,0.0,5,,,,,,,,,,,
simgp_core,random,15,401,0.04847107178145788,0.03371485933219591,0.7142857142857143,1.0,0.8333333333333333,5,0.95,0.9,0.95,0.95,0.1,0.3,0.5,0.85,1.0,0.9,1.0
simgp_core_nogp,random,15,401,0.04818000105719206,0.03249079404877449,0.8333333333333334,1.0,0.9090909090909091,5,0.9,0.9,0.9,0.95,,,,,,,
simgp_core_g75,random,15,401,0.08021065786065552,0.051707046552069605,0.5,0.6,0.5454545454545454,5,0.75,0.6,0.75,0.75,,,,,,,
physgp_core,random,15,401,0.07853085832315788,0.058746022471138026,0.25,0.2,0.22222222222222224,5,0.9,0.55,0.85,0.9,,,,,,,
physgp_rich,random,15,401,0.1126223276671998,0.07507134420806162,0.4,0.4,0.4000000000000001,5,0.7,0.25,0.6,0.7,,,,,,,
simgp_rich,random,15,401,0.05190769161630537,0.03913357056445777,0.7142857142857143,1.0,0.8333333333333333,5,0.95,0.85,0.9,0.95,,,,,,,
pinn_rich,random,15,401,0.1079545252135303,0.08828779059962052,0.3333333333333333,0.2,0.25,5,0.15,0.1,0.15,0.25,,,,,,,
mean_of_samples,random,15,401,0.17540902142955397,0.13447563976972526,1.0,0.0,0.0,5,,,,,,,,,,,
nearest_sample,random,15,401,0.11538525133322934,0.08763143086255101,0.5,0.4,0.4444444444444445,5,,,,,,,,,,,
decay_only,random,15,401,0.1330647357463227,0.08764140103333695,0.0,0.0,0.0,5,,,,,,,,,,,
simgp_core,uncertainty,3,401,0.05674324846313001,0.04100324484393693,0.7,1.0,0.8235294117647058,7,1.0,0.875,0.96875,1.0,0.4,0.1,0.0,0.85,0.9,1.05,1.0
simgp_core,uncertainty,4,401,0.05408326363421189,0.03671714544700445,0.7,1.0,0.8235294117647058,7,1.0,0.8709677419354839,0.9354838709677419,1.0,0.1,0.6,0.5,1.0,1.1,0.9,1.0
simgp_core,uncertainty,5,401,0.068076123145548,0.04632795852027544,0.875,1.0,0.9333333333333333,7,0.9666666666666667,0.8666666666666667,0.9666666666666667,1.0,0.1,0.6,0.0,1.0,1.1,0.9,1.0
simgp_core,uncertainty,6,401,0.039619062247902424,0.02901674418036747,0.6666666666666666,0.6666666666666666,0.6666666666666666,6,1.0,0.896551724137931,1.0,1.0,0.1,0.6,0.5,1.0,1.1,0.95,0.75
simgp_core,uncertainty,7,401,0.12734331880984587,0.07979346285960842,0.8,0.8,0.8000000000000002,5,0.9285714285714286,0.8928571428571429,0.9285714285714286,0.9642857142857143,0.25,0.1,1.0,0.85,1.1,0.9,0.875
simgp_core,uncertainty,8,401,0.1145081771248374,0.06431148406951041,0.8333333333333334,1.0,0.9090909090909091,5,0.9259259259259259,0.9259259259259259,0.9259259259259259,0.9629629629629629,0.1,0.3,0.5,0.85,1.0,0.9,1.0
simgp_core,uncertainty,9,401,0.08631188532476577,0.039403899386150694,0.625,1.0,0.7692307692307693,5,0.9230769230769231,0.9230769230769231,0.9230769230769231,0.9230769230769231,0.1,0.3,0.5,0.85,1.0,0.9,1.0
simgp_core,uncertainty,10,401,0.11400470769675931,0.05172939717098941,0.8,1.0,0.888888888888889,4,0.92,0.92,0.92,0.92,0.1,0.3,0.5,0.85,1.1,0.9,0.875
simgp_core,uncertainty,11,401,0.10015635568435276,0.04679447767341815,0.75,1.0,0.8571428571428571,3,0.9166666666666666,0.875,0.9166666666666666,0.9166666666666666,0.1,0.3,0.5,0.85,1.1,0.9,0.875
simgp_core,uncertainty,12,401,0.11407206530573785,0.0434045480209055,0.75,1.0,0.8571428571428571,3,0.9130434782608695,0.9130434782608695,0.9130434782608695,0.9130434782608695,0.1,0.3,0.5,0.85,1.1,0.9,0.875
simgp_core,uncertainty,13,401,0.10632837253859352,0.051143859279283395,0.6666666666666666,1.0,0.8,2,0.9090909090909091,0.8181818181818182,0.9090909090909091,0.9090909090909091,0.1,0.3,0.5,0.85,1.1,0.9,0.75
simgp_core,uncertainty,14,401,0.11884708306938582,0.04667168676716643,0.5,1.0,0.6666666666666666,2,0.9047619047619048,0.9047619047619048,0.9047619047619048,0.9047619047619048,0.1,0.3,0.5,0.85,1.1,0.9,0.75
simgp_core,uncertainty,15,401,0.1229044733610267,0.04870127160705445,0.6666666666666666,1.0,0.8,2,0.9,0.8,0.9,0.9,0.1,0.3,0.5,0.85,1.1,0.9,0.75
simgp_core,straddle,3,401,0.07261068665510803,0.052551494403735764,0.5714285714285714,0.5714285714285714,0.5714285714285714,7,1.0,0.71875,0.96875,1.0,0.1,0.3,0.5,0.85,0.9,1.05,0.625
simgp_core,straddle,4,401,0.08657880005030258,0.06441528142697937,0.5,0.3333333333333333,0.4,6,0.9354838709677419,0.6451612903225806,0.8709677419354839,1.0,0.1,0.3,0.0,0.85,1.1,0.95,0.5
simgp_core,straddle,5,401,0.07048444050469439,0.057566564198853164,0.5,0.16666666666666666,0.25,6,0.9666666666666667,0.7,0.9333333333333333,0.9666666666666667,0.1,0.3,1.0,1.0,1.1,1.0,0.375
simgp_core,straddle,6,401,0.07927069881975204,0.06130068156992633,0.5,0.4,0.4444444444444445,5,1.0,0.5862068965517241,0.9655172413793104,1.0,0.1,0.3,0.5,0.85,1.1,0.95,0.625
simgp_core,straddle,7,401,0.09815727015391573,0.07927878389890165,0.5,0.2,0.28571428571428575,5,0.9642857142857143,0.75,0.9285714285714286,1.0,0.1,0.3,0.0,0.85,1.0,0.9,0.5
simgp_core,straddle,8,401,0.12204138337111373,0.09617059994205937,0.5,0.2,0.28571428571428575,5,0.9259259259259259,0.5925925925925926,0.9259259259259259,0.9259259259259259,0.1,0.3,0.0,0.85,1.1,0.9,0.5
simgp_core,straddle,9,401,0.11938936300161646,0.09284723970246299,0.0,0.0,0.0,4,0.9230769230769231,0.6153846153846154,0.8846153846153846,0.9230769230769231,0.1,0.3,0.0,0.85,0.9,0.9,0.5
simgp_core,straddle,10,401,0.11020964508672447,0.08500548296494598,0.3333333333333333,0.3333333333333333,0.3333333333333333,3,0.92,0.48,0.92,0.92,0.1,0.3,0.5,0.85,0.9,0.95,0.75
simgp_core,straddle,11,401,0.11136953216597925,0.08649324652311093,0.0,0.0,0.0,2,0.9166666666666666,0.4583333333333333,0.9166666666666666,0.9166666666666666,0.1,0.3,0.5,0.85,0.9,0.95,0.625
simgp_core,straddle,12,401,0.11358743838204173,0.08090018426044625,0.0,0.0,0.0,2,0.9130434782608695,0.6956521739130435,0.9130434782608695,0.9130434782608695,0.1,0.3,0.5,0.85,0.9,0.95,0.625
simgp_core,straddle,13,401,0.11270978963965123,0.08153125364243072,0.0,0.0,0.0,2,0.9090909090909091,0.5454545454545454,0.9090909090909091,0.9090909090909091,0.1,0.3,0.5,0.85,0.9,0.95,0.625
simgp_core,straddle,14,401,0.1163557645045563,0.08657557501760949,0.0,0.0,0.0,1,0.9047619047619048,0.5238095238095238,0.8571428571428571,0.9047619047619048,0.1,0.3,0.5,0.85,0.9,0.95,0.625
simgp_core,straddle,15,401,0.12006541858548447,0.08802969184684054,0.0,0.0,0.0,1,0.9,0.55,0.75,0.9,0.1,0.3,0.5,0.85,0.9,0.9,0.625
simgp_core,random,3,402,0.07404853329888032,0.06220100645548868,0.375,1.0,0.5454545454545454,3,1.0,0.5625,1.0,1.0,0.1,0.3,0.5,0.85,1.1,1.05,0.75
simgp_core_nogp,random,3,402,0.07380993837177187,0.06176704653118087,0.3333333333333333,1.0,0.5,3,1.0,0.375,1.0,1.0,,,,,,,
simgp_core_g75,random,3,402,0.10328996912333409,0.08417330765807032,0.6,1.0,0.7499999999999999,3,0.96875,0.53125,0.96875,0.96875,,,,,,,
physgp_core,random,3,402,0.2793068556766012,0.1937041409271528,0.16666666666666666,1.0,0.2857142857142857,3,0.125,0.0,0.0625,0.125,,,,,,,
physgp_rich,random,3,402,0.27899962948972634,0.19286657008172273,0.16666666666666666,1.0,0.2857142857142857,3,0.125,0.0,0.09375,0.125,,,,,,,
simgp_rich,random,3,402,0.07400581186133963,0.061940850263790745,0.375,1.0,0.5454545454545454,3,1.0,0.5,1.0,1.0,,,,,,,
pinn_rich,random,3,402,0.2876489021456933,0.19706825375273734,0.0,0.0,0.0,3,0.03125,0.0,0.0,0.0625,,,,,,,
mean_of_samples,random,3,402,0.28659355966354655,0.1964535890913384,1.0,0.0,0.0,3,,,,,,,,,,,
nearest_sample,random,3,402,0.29223011087620365,0.19879442840505435,0.0,0.0,0.0,3,,,,,,,,,,,
decay_only,random,3,402,0.2789997090663139,0.19286685033593448,0.16666666666666666,1.0,0.2857142857142857,3,,,,,,,,,,,
simgp_core,random,4,402,0.0767082154788647,0.06222949906627973,0.16666666666666666,0.5,0.25,2,1.0,0.5161290322580645,0.967741935483871,1.0,0.1,0.3,0.0,0.85,1.1,0.9,0.5
simgp_core_nogp,random,4,402,0.07080866919843055,0.055021420685444626,0.25,0.5,0.3333333333333333,2,1.0,0.5483870967741935,0.967741935483871,1.0,,,,,,,
simgp_core_g75,random,4,402,0.2539409799828325,0.1719660884026907,0.09090909090909091,0.5,0.15384615384615385,2,0.5483870967741935,0.12903225806451613,0.5483870967741935,0.5483870967741935,,,,,,,
physgp_core,random,4,402,0.28356220259171605,0.19705508293214138,0.2857142857142857,1.0,0.4444444444444445,2,0.06451612903225806,0.03225806451612903,0.06451612903225806,0.06451612903225806,,,,,,,
physgp_rich,random,4,402,0.28675624580855036,0.2008416238698573,0.08333333333333333,0.5,0.14285714285714285,2,0.0,0.0,0.0,0.0,,,,,,,
simgp_rich,random,4,402,0.08380158591169051,0.06596806327630968,0.0,0.0,0.0,2,1.0,0.6129032258064516,1.0,1.0,,,,,,,
mean_of_samples,random,4,402,0.2914938184886975,0.20243092295122483,1.0,0.0,0.0,2,,,,,,,,,,,
nearest_sample,random,4,402,0.297117107392401,0.2045938770132905,0.13333333333333333,1.0,0.23529411764705882,2,,,,,,,,,,,
decay_only,random,4,402,0.2842009317058663,0.19785752090189548,0.11764705882352941,1.0,0.21052631578947367,2,,,,,,,,,,,
simgp_core,random,5,402,0.09249226249878748,0.07748765495826472,0.0,0.0,0.0,2,0.8333333333333334,0.5,0.6666666666666666,0.9333333333333333,0.1,0.3,0.0,0.85,1.1,0.9,0.25
simgp_core_nogp,random,5,402,0.071912070848574,0.05664770388297898,0.25,0.5,0.3333333333333333,2,1.0,0.5333333333333333,0.9666666666666667,1.0,,,,,,,
simgp_core_g75,random,5,402,0.09634063495239148,0.0716269614452811,0.5,1.0,0.6666666666666666,2,0.9666666666666667,0.23333333333333334,0.9666666666666667,0.9666666666666667,,,,,,,
physgp_core,random,5,402,0.12682006998595852,0.10967462672563623,0.25,1.0,0.4,2,1.0,0.4666666666666667,0.9333333333333333,1.0,,,,,,,
physgp_rich,random,5,402,0.12336727426768845,0.10487376975993941,0.2857142857142857,1.0,0.4444444444444445,2,0.9333333333333333,0.4666666666666667,0.9,0.9666666666666667,,,,,,,
simgp_rich,random,5,402,0.08909322567152614,0.07020716507628567,0.0,0.0,0.0,2,0.9666666666666667,0.5,0.9,1.0,,,,,,,
pinn_rich,random,5,402,0.13466450009617506,0.11101745233011742,0.1,0.5,0.16666666666666669,2,0.2,0.1,0.1,0.23333333333333334,,,,,,,
mean_of_samples,random,5,402,0.1659020687291112,0.13119148936327113,1.0,0.0,0.0,2,,,,,,,,,,,
nearest_sample,random,5,402,0.21838188256909222,0.16633639248682658,0.2,1.0,0.33333333333333337,2,,,,,,,,,,,
decay_only,random,5,402,0.12095444594564148,0.10211463333894384,1.0,1.0,1.0,2,,,,,,,,,,,
simgp_core,random,6,402,0.07399969428462164,0.058675345566101184,0.2,0.5,0.28571428571428575,2,1.0,0.7241379310344828,1.0,1.0,0.1,0.3,0.0,0.85,1.1,0.9,0.5
simgp_core_nogp,random,6,402,0.07274563296318919,0.05619692731997022,0.25,0.5,0.3333333333333333,2,1.0,0.6206896551724138,0.9310344827586207,1.0,,,,,,,
simgp_core_g75,random,6,402,0.08606306864837365,0.058693076971503284,0.6666666666666666,1.0,0.8,2,0.9655172413793104,0.7586206896551724,0.9655172413793104,0.9655172413793104,,,,,,,
physgp_core,random,6,402,0.1093712506299993,0.09289079178860983,1.0,1.0,1.0,2,0.9655172413793104,0.6551724137931034,0.9310344827586207,1.0,,,,,,,
physgp_rich,random,6,402,0.1333965523166036,0.10504603886149598,0.6666666666666666,1.0,0.8,2,0.6206896551724138,0.20689655172413793,0.3103448275862069,0.6551724137931034,,,,,,,
simgp_rich,random,6,402,0.08437180083453953,0.06239141608284712,0.0,0.0,0.0,2,0.9655172413793104,0.7586206896551724,0.9310344827586207,0.9655172413793104,,,,,,,
mean_of_samples,random,6,402,0.16655395628784161,0.12010752781367555,1.0,0.0,0.0,2,,,,,,,,,,,
nearest_sample,random,6,402,0.22129288885344126,0.1683937296490819,0.2222222222222222,1.0,0.3636363636363636,2,,,,,,,,,,,
decay_only,random,6,402,0.12040607539368756,0.10043848569516826,1.0,1.0,1.0,2,,,,,,,,,,,
simgp_core,random,7,402,0.07000364936899629,0.053395078507911815,0.25,0.5,0.3333333333333333,2,1.0,0.7142857142857143,1.0,1.0,0.1,0.3,0.0,0.85,1.1,0.9,0.5
simgp_core_nogp,random,7,402,0.06977275601633623,0.05297468383743239,0.25,0.5,0.3333333333333333,2,1.0,0.6071428571428571,0.9285714285714286,1.0,,,,,,,
simgp_core_g75,random,7,402,0.07551795875368365,0.04632454837246859,0.6666666666666666,1.0,0.8,2,0.9642857142857143,0.6785714285714286,0.9285714285714286,0.9642857142857143,,,,,,,
physgp_core,random,7,402,0.11546388422543562,0.09874544353310404,1.0,0.5,0.6666666666666666,2,0.9642857142857143,0.4642857142857143,0.9285714285714286,1.0,,,,,,,
physgp_rich,random,7,402,0.13090904079498186,0.09953953268976996,0.5,0.5,0.5,2,0.6785714285714286,0.21428571428571427,0.42857142857142855,0.7142857142857143,,,,,,,
simgp_rich,random,7,402,0.0786496053129858,0.058101368443239106,0.0,0.0,0.0,2,0.9642857142857143,0.7142857142857143,0.9642857142857143,1.0,,,,,,,
mean_of_samples,random,7,402,0.165201756252161,0.13267906489660752,1.0,0.0,0.0,2,,,,,,,,,,,
nearest_sample,random,7,402,0.1379285548012663,0.11352713665881464,0.25,1.0,0.4,2,,,,,,,,,,,
decay_only,random,7,402,0.12143575375127551,0.10124405240607436,1.0,1.0,1.0,2,,,,,,,,,,,
simgp_core,random,8,402,0.07112352520424482,0.05372088044138564,0.25,0.5,0.3333333333333333,2,1.0,0.7037037037037037,0.9629629629629629,1.0,0.1,0.3,0.0,0.85,1.1,0.9,0.5
simgp_core_nogp,random,8,402,0.07054452953126747,0.05303940522518261,0.25,0.5,0.3333333333333333,2,1.0,0.6296296296296297,0.9259259259259259,1.0,,,,,,,
simgp_core_g75,random,8,402,0.08217216519412972,0.05065575108035568,0.6666666666666666,1.0,0.8,2,0.9259259259259259,0.37037037037037035,0.8888888888888888,0.9629629629629629,,,,,,,
physgp_core,random,8,402,0.13699839699138733,0.11468586474749264,0.0,0.0,0.0,2,0.6666666666666666,0.2222222222222222,0.6666666666666666,0.7037037037037037,,,,,,,
physgp_rich,random,8,402,0.1338448808155913,0.10007189584449501,0.5,0.5,0.5,2,0.6296296296296297,0.18518518518518517,0.4074074074074074,0.6666666666666666,,,,,,,
simgp_rich,random,8,402,0.08151937016708094,0.06559098855881837,0.0,0.0,0.0,2,1.0,0.48148148148148145,0.8518518518518519,1.0,,,,,,,
pinn_rich,random,8,402,0.1210608832229113,0.09580753906456826,0.3333333333333333,0.5,0.4,2,0.25925925925925924,0.1111111111111111,0.18518518518518517,0.25925925925925924,,,,,,,
mean_of_samples,random,8,402,0.16447870598412945,0.12332569507696058,1.0,0.0,0.0,2,,,,,,,,,,,
nearest_sample,random,8,402,0.1172537381164673,0.08925711826264866,0.2857142857142857,1.0,0.4444444444444445,2,,,,,,,,,,,
decay_only,random,8,402,0.12176062246016013,0.0998905104221202,1.0,1.0,1.0,2,,,,,,,,,,,
simgp_core,random,9,402,0.07913958455527895,0.05804769390137777,0.0,0.0,0.0,2,0.9615384615384616,0.7307692307692307,0.9615384615384616,0.9615384615384616,0.1,0.6,0.0,1.0,1.1,1.0,0.25
simgp_core_nogp,random,9,402,0.04553553349470674,0.034791455970706306,0.6666666666666666,1.0,0.8,2,1.0,0.8846153846153846,1.0,1.0,,,,,,,
simgp_core_g75,random,9,402,0.07200421658095367,0.04261031626758585,0.6666666666666666,1.0,0.8,2,0.9230769230769231,0.5,0.9230769230769231,0.9615384615384616,,,,,,,
physgp_core,random,9,402,0.10730239976908798,0.08188613947484888,1.0,0.5,0.6666666666666666,2,0.6538461538461539,0.34615384615384615,0.5384615384615384,0.7692307692307693,,,,,,,
physgp_rich,random,9,402,0.13620339655706445,0.10046831488958796,0.3333333333333333,0.5,0.4,2,0.5384615384615384,0.19230769230769232,0.38461538461538464,0.5384615384615384,,,,,,,
simgp_rich,random,9,402,0.0476335867586272,0.03518645648856033,1.0,0.0,0.0,2,1.0,0.8846153846153846,1.0,1.0,,,,,,,
mean_of_samples,random,9,402,0.1672890310126149,0.12373163901964358,1.0,0.0,0.0,2,,,,,,,,,,,
nearest_sample,random,9,402,0.11344006823933321,0.08402385491699656,0.2857142857142857,1.0,0.4444444444444445,2,,,,,,,,,,,
decay_only,random,9,402,0.12475380252860162,0.10100320653322949,1.0,1.0,1.0,2,,,,,,,,,,,
simgp_core,random,10,402,0.08097270944563344,0.05990233133523251,0.0,0.0,0.0,2,0.96,0.68,0.96,0.96,0.1,0.6,0.0,1.0,1.1,1.0,0.25
simgp_core_nogp,random,10,402,0.04431208989635897,0.03248373091350753,0.5,0.5,0.5,2,1.0,0.88,1.0,1.0,,,,,,,
simgp_core_g75,random,10,402,0.07249227408510558,0.03952368900030222,0.6666666666666666,1.0,0.8,2,0.92,0.6,0.92,0.96,,,,,,,
physgp_core,random,10,402,0.10218826529670455,0.07908214068100668,0.0,0.0,0.0,2,0.6,0.28,0.48,0.68,,,,,,,
physgp_rich,random,10,402,0.10402356781407182,0.058957393930698945,1.0,0.0,0.0,2,0.88,0.56,0.84,0.88,,,,,,,
simgp_rich,random,10,402,0.0492834649799793,0.0364034513286156,1.0,0.0,0.0,2,1.0,0.88,1.0,1.0,,,,,,,
pinn_rich,random,10,402,0.09646775655222149,0.06553160514296023,1.0,0.5,0.6666666666666666,2,0.4,0.12,0.36,0.52,,,,,,,
mean_of_samples,random,10,402,0.1702761328876364,0.12446143624569839,1.0,0.0,0.0,2,,,,,,,,,,,
nearest_sample,random,10,402,0.1153493969495208,0.08360745206141135,0.5,0.5,0.5,2,,,,,,,,,,,
decay_only,random,10,402,0.1225452188214457,0.09607845937346396,1.0,0.5,0.6666666666666666,2,,,,,,,,,,,
simgp_core,random,11,402,0.07960285635948836,0.055475370955190416,0.0,0.0,0.0,2,0.9583333333333334,0.75,0.9583333333333334,0.9583333333333334,0.1,0.3,0.0,0.85,1.1,0.95,0.25
simgp_core_nogp,random,11,402,0.04360084457568586,0.03053472050299229,0.5,0.5,0.5,2,1.0,0.875,1.0,1.0,,,,,,,
simgp_core_g75,random,11,402,0.07377319995336482,0.03836358745078187,0.6666666666666666,1.0,0.8,2,0.9166666666666666,0.6666666666666666,0.9166666666666666,0.9166666666666666,,,,,,,
physgp_core,random,11,402,0.10810900045750255,0.0754294502659607,1.0,0.0,0.0,2,0.875,0.4583333333333333,0.75,0.875,,,,,,,
physgp_rich,random,11,402,0.09954924553471226,0.05908570288343248,0.5,0.5,0.5,2,0.8333333333333334,0.5,0.8333333333333334,0.875,,,,,,,
simgp_rich,random,11,402,0.0503322906674977,0.0382444252159568,1.0,0.0,0.0,2,1.0,0.875,1.0,1.0,,,,,,,
mean_of_samples,random,11,402,0.17379374391372943,0.12871652535432468,1.0,0.0,0.0,2,,,,,,,,,,,
nearest_sample,random,11,402,0.1167896802935772,0.0840254607893459,0.5,0.5,0.5,2,,,,,,,,,,,
decay_only,random,11,402,0.12055801049943864,0.09220225341191167,1.0,0.0,0.0,2,,,,,,,,,,,
simgp_core,random,12,402,0.08355852323225044,0.05320550181774859,0.0,0.0,0.0,2,0.9565217391304348,0.8260869565217391,0.9565217391304348,0.9565217391304348,0.1,0.6,0.0,1.0,1.1,1.0,0.25
simgp_core_nogp,random,12,402,0.04485635914761611,0.032198231982480834,0.6666666666666666,1.0,0.8,2,1.0,0.8695652173913043,0.9565217391304348,1.0,,,,,,,
simgp_core_g75,random,12,402,0.07435559934410176,0.038550427806587996,0.6666666666666666,1.0,0.8,2,0.9130434782608695,0.43478260869565216,0.8260869565217391,0.9130434782608695,,,,,,,
physgp_core,random,12,402,0.10568969715495038,0.07143465324165707,1.0,0.0,0.0,2,0.8695652173913043,0.43478260869565216,0.7391304347826086,0.8695652173913043,,,,,,,
physgp_rich,random,12,402,0.10338750158162542,0.05918205953297995,0.6666666666666666,1.0,0.8,2,0.782608695652174,0.5652173913043478,0.7391304347826086,0.8695652173913043,,,,,,,
simgp_rich,random,12,402,0.047921775422838354,0.03396835028495938,1.0,0.0,0.0,2,1.0,0.8695652173913043,1.0,1.0,,,,,,,
pinn_rich,random,12,402,0.09605184081535019,0.06264112360790274,1.0,0.5,0.6666666666666666,2,0.43478260869565216,0.13043478260869565,0.43478260869565216,0.4782608695652174,,,,,,,
mean_of_samples,random,12,402,0.17745918737438912,0.1342483933908228,1.0,0.0,0.0,2,,,,,,,,,,,
nearest_sample,random,12,402,0.11207417835569411,0.07779570980812858,0.5,0.5,0.5,2,,,,,,,,,,,
decay_only,random,12,402,0.12573171394664223,0.09235396478633302,1.0,0.0,0.0,2,,,,,,,,,,,
simgp_core,random,13,402,0.08474717902534704,0.0528137742388436,0.0,0.0,0.0,1,0.9545454545454546,0.7272727272727273,0.9545454545454546,0.9545454545454546,0.1,0.6,0.0,1.0,1.1,1.05,0.25
simgp_core_nogp,random,13,402,0.04541387675369111,0.03246679832715389,0.0,0.0,0.0,1,1.0,0.8636363636363636,0.9545454545454546,1.0,,,,,,,
simgp_core_g75,random,13,402,0.08866604250418629,0.04713989821788473,0.5,1.0,0.6666666666666666,1,0.8181818181818182,0.45454545454545453,0.6818181818181818,0.8181818181818182,,,,,,,
physgp_core,random,13,402,0.10579894324714917,0.0684637074453507,1.0,1.0,1.0,1,0.8636363636363636,0.5,0.8181818181818182,0.9090909090909091,,,,,,,
physgp_rich,random,13,402,0.1067615491994361,0.06107295208055221,0.5,1.0,0.6666666666666666,1,0.7727272727272727,0.5,0.7272727272727273,0.8636363636363636,,,,,,,
simgp_rich,random,13,402,0.04536590609581579,0.030913285496312618,1.0,0.0,0.0,1,1.0,0.8636363636363636,1.0,1.0,,,,,,,
mean_of_samples,random,13,402,0.17887944393688826,0.12753271522871595,1.0,0.0,0.0,1,,,,,,,,,,,
nearest_sample,random,13,402,0.10652283936023285,0.06932888083047048,0.0,0.0,0.0,1,,,,,,,,,,,
decay_only,random,13,402,0.12850458390889533,0.09582615057602135,1.0,0.0,0.0,1,,,,,,,,,,,
simgp_core,random,14,402,0.08694461088259979,0.054709971978747586,0.0,0.0,0.0,1,0.9523809523809523,0.7619047619047619,0.9047619047619048,0.9523809523809523,0.1,0.6,0.0,1.0,1.1,1.05,0.25
simgp_core_nogp,random,14,402,0.04580070048014694,0.03215706046417418,0.0,0.0,0.0,1,1.0,0.8571428571428571,0.9523809523809523,1.0,,,,,,,
simgp_core_g75,random,14,402,0.09073020951020926,0.049087234276338335,0.5,1.0,0.6666666666666666,1,0.7619047619047619,0.42857142857142855,0.6666666666666666,0.8095238095238095,,,,,,,
physgp_core,random,14,402,0.1050420922831694,0.07250248350170024,1.0,1.0,1.0,1,0.9047619047619048,0.3333333333333333,0.8571428571428571,0.9047619047619048,,,,,,,
physgp_rich,random,14,402,0.10850350971071035,0.06534683647293832,0.5,1.0,0.6666666666666666,1,0.7619047619047619,0.38095238095238093,0.6666666666666666,0.7619047619047619,,,,,,,
simgp_rich,random,14,402,0.04296555627955182,0.02804086647605295,1.0,0.0,0.0,1,1.0,0.9047619047619048,1.0,1.0,,,,,,,
mean_of_samples,random,14,402,0.1832346969500905,0.13285634353751846,1.0,0.0,0.0,1,,,,,,,,,,,
nearest_sample,random,14,402,0.10910390907365997,0.07105913503753178,0.0,0.0,0.0,1,,,,,,,,,,,
decay_only,random,14,402,0.1285140176980986,0.0936785999191081,1.0,0.0,0.0,1,,,,,,,,,,,
simgp_core,random,15,402,0.08432635205768123,0.04676495778872321,0.0,0.0,0.0,1,0.95,0.9,0.95,0.95,0.1,0.6,0.0,1.0,1.1,1.05,0.25
simgp_core_nogp,random,15,402,0.04645685682271974,0.03234302809659754,0.0,0.0,0.0,1,1.0,0.85,0.95,1.0,,,,,,,
simgp_core_g75,random,15,402,0.08824236016268727,0.04145768357681893,0.5,1.0,0.6666666666666666,1,0.9,0.65,0.8,0.95,,,,,,,
physgp_core,random,15,402,0.10944700445598878,0.0679506379131157,1.0,1.0,1.0,1,0.85,0.5,0.75,0.9,,,,,,,
physgp_rich,random,15,402,0.11002474036382512,0.06462355980249768,0.5,1.0,0.6666666666666666,1,0.75,0.4,0.7,0.85,,,,,,,
simgp_rich,random,15,402,0.04443961679150808,0.0289017922283607,1.0,0.0,0.0,1,1.0,0.9,1.0,1.0,,,,,,,
pinn_rich,random,15,402,0.0986575939127926,0.0618005024850374,1.0,1.0,1.0,1,0.5,0.2,0.45,0.55,,,,,,,
mean_of_samples,random,15,402,0.1880545959693113,0.1373198222496402,1.0,0.0,0.0,1,,,,,,,,,,,
nearest_sample,random,15,402,0.10800022668922289,0.0656267079958017,0.0,0.0,0.0,1,,,,,,,,,,,
decay_only,random,15,402,0.13028469803187742,0.09393682829029575,1.0,0.0,0.0,1,,,,,,,,,,,
simgp_core,uncertainty,3,402,0.09506029453220964,0.07743332353546646,0.2,0.6666666666666666,0.30769230769230765,3,0.9375,0.34375,0.65625,1.0,0.1,0.3,0.5,0.85,1.1,0.9,0.75
simgp_core,uncertainty,4,402,0.097368118936561,0.07651957051253735,0.5,1.0,0.6666666666666666,3,0.967741935483871,0.8387096774193549,0.967741935483871,0.967741935483871,0.1,0.3,0.5,0.85,1.1,1.0,1.0
simgp_core,uncertainty,5,402,0.11380336198561333,0.09260406529481262,0.5,1.0,0.6666666666666666,2,0.9666666666666667,0.4666666666666667,0.9666666666666667,0.9666666666666667,0.1,0.6,0.0,1.0,1.1,0.95,1.0
simgp_core,uncertainty,6,402,0.23590511892214686,0.1432283499295038,0.3333333333333333,1.0,0.5,2,0.8275862068965517,0.5517241379310345,0.7931034482758621,0.896551724137931,0.1,0.6,0.0,1.0,1.1,0.95,1.0
simgp_core,uncertainty,7,402,0.14631528074643543,0.09602997735400694,0.5,1.0,0.6666666666666666,2,0.9642857142857143,0.5,0.9285714285714286,0.9642857142857143,0.1,0.6,0.0,1.0,1.1,0.95,1.0
simgp_core,uncertainty,8,402,0.0912075094363392,0.05542486505066639,0.4,1.0,0.5714285714285715,2,0.9629629629629629,0.6666666666666666,0.9629629629629629,0.9629629629629629,0.1,0.6,0.0,1.0,1.1,0.95,1.0
simgp_core,uncertainty,9,402,0.09483931449949211,0.058559795123446286,0.6666666666666666,1.0,0.8,2,0.9615384615384616,0.7307692307692307,0.9230769230769231,0.9615384615384616,0.1,0.6,0.0,1.0,1.1,1.0,1.0
simgp_core,uncertainty,10,402,0.0900947285852154,0.050512483654155,0.5,1.0,0.6666666666666666,1,0.96,0.84,0.96,0.96,0.1,0.6,0.0,1.0,1.1,1.0,0.75
simgp_core,uncertainty,11,402,0.09089431549409926,0.04745932818178433,0.5,1.0,0.6666666666666666,1,0.9583333333333334,0.875,0.9583333333333334,0.9583333333333334,0.1,0.6,0.0,1.0,1.1,1.0,0.75
simgp_core,uncertainty,12,402,0.08947259393890283,0.04754870112064618,0.5,1.0,0.6666666666666666,1,0.9565217391304348,0.782608695652174,0.9565217391304348,0.9565217391304348,0.1,0.6,0.0,1.0,1.1,1.0,0.75
simgp_core,uncertainty,13,402,0.09273930743475046,0.05054051270696487,0.5,1.0,0.6666666666666666,1,0.9545454545454546,0.7272727272727273,0.9545454545454546,0.9545454545454546,0.1,0.3,0.5,1.0,1.1,0.9,0.75
simgp_core,uncertainty,14,402,0.10091706904448416,0.07048203362053787,1.0,1.0,1.0,1,0.9523809523809523,0.6666666666666666,0.9523809523809523,0.9523809523809523,0.1,0.3,0.5,1.0,1.1,0.9,0.75
simgp_core,uncertainty,15,402,0.0964283044088037,0.047239710378277414,0.5,1.0,0.6666666666666666,1,0.95,0.7,0.95,0.95,0.1,0.3,0.5,1.0,1.1,0.9,0.75
simgp_core,straddle,3,402,0.07816777515287968,0.0660664230584848,0.2222222222222222,0.6666666666666666,0.3333333333333333,3,1.0,0.375,1.0,1.0,0.1,0.3,0.5,0.85,1.1,1.0,0.5
simgp_core,straddle,4,402,0.07978373252205605,0.0686035477466262,0.2857142857142857,1.0,0.4444444444444445,2,1.0,0.4838709677419355,1.0,1.0,0.1,0.6,0.0,1.0,0.9,0.9,0.75
simgp_core,straddle,5,402,0.061852102659923656,0.05187010940357505,0.5,1.0,0.6666666666666666,2,1.0,0.8333333333333334,1.0,1.0,0.25,0.3,0.0,1.0,1.1,0.9,0.75
simgp_core,straddle,6,402,0.10249871103412549,0.0859328411258996,0.5,1.0,0.6666666666666666,2,0.9655172413793104,0.4827586206896552,0.7241379310344828,0.9655172413793104,0.25,0.3,0.0,1.0,1.1,0.9,0.75
simgp_core,straddle,7,402,0.17779813147361337,0.14208516090940598,0.25,1.0,0.4,1,0.9642857142857143,0.10714285714285714,0.5,0.9642857142857143,0.1,0.6,0.0,1.0,1.1,0.95,0.75
simgp_core,straddle,8,402,0.1290105107832487,0.09405302559885549,1.0,1.0,1.0,1,0.9629629629629629,0.4074074074074074,0.8148148148148148,0.9629629629629629,0.1,0.6,0.0,1.0,1.1,0.95,0.75
simgp_core,straddle,9,402,0.21976646125517962,0.13785367836395818,0.3333333333333333,1.0,0.5,1,0.7692307692307693,0.6153846153846154,0.7307692307692307,0.7692307692307693,0.1,0.3,0.5,1.0,0.9,0.9,0.75
simgp_core,straddle,10,402,0.20869470546514116,0.13473163030171928,0.3333333333333333,1.0,0.5,1,0.76,0.52,0.72,0.76,0.1,0.6,0.0,1.0,1.1,0.95,0.75
simgp_core,straddle,11,402,0.05552154445608302,0.04177195505947823,1.0,1.0,1.0,1,1.0,0.9166666666666666,1.0,1.0,0.1,0.6,0.0,1.0,1.1,0.95,0.75
simgp_core,straddle,12,402,0.08613395518268359,0.058535114054724155,1.0,1.0,1.0,1,0.9130434782608695,0.4782608695652174,0.782608695652174,0.9565217391304348,0.1,0.6,0.0,1.0,0.9,1.0,0.75
simgp_core,straddle,13,402,0.06371916392804974,0.05290957073499796,0.25,1.0,0.4,1,0.9545454545454546,0.6363636363636364,0.8181818181818182,0.9545454545454546,0.1,0.6,0.0,1.0,0.9,1.0,0.75
simgp_core,straddle,14,402,0.04938518486897886,0.03916760208424397,1.0,1.0,1.0,1,1.0,0.9523809523809523,1.0,1.0,0.1,0.6,0.0,1.0,0.9,1.0,0.75
simgp_core,straddle,15,402,0.04847342663465199,0.037496423973248996,1.0,1.0,1.0,1,1.0,0.95,1.0,1.0,0.1,0.3,0.5,1.0,0.9,0.9,0.75
simgp_core,random,3,403,0.07830252949540724,0.05471817790394599,0.6666666666666666,0.5,0.5714285714285715,8,1.0,0.75,0.90625,1.0,0.1,0.3,1.0,0.85,1.1,1.1,0.5
simgp_core_nogp,random,3,403,0.08872424121695949,0.055817300943780956,0.6666666666666666,0.75,0.7058823529411765,8,0.90625,0.6875,0.84375,0.9375,,,,,,,
simgp_core_g75,random,3,403,0.10168350326636978,0.06353446425752785,0.7142857142857143,0.625,0.6666666666666666,8,0.78125,0.5,0.71875,0.84375,,,,,,,
physgp_core,random,3,403,0.13760050243504757,0.09224672329073025,1.0,0.0,0.0,8,0.03125,0.0,0.03125,0.03125,,,,,,,
physgp_rich,random,3,403,0.13779759392909877,0.09242136267818432,1.0,0.0,0.0,8,0.0625,0.03125,0.0625,0.0625,,,,,,,
simgp_rich,random,3,403,0.09014955818843176,0.06260671883654258,0.625,0.625,0.625,8,0.9375,0.6875,0.84375,1.0,,,,,,,
pinn_rich,random,3,403,0.16126607985697738,0.11299902638174114,1.0,0.0,0.0,8,0.21875,0.09375,0.15625,0.28125,,,,,,,
mean_of_samples,random,3,403,0.17341430747969996,0.13008575936900263,1.0,0.0,0.0,8,,,,,,,,,,,
nearest_sample,random,3,403,0.18571044345011378,0.1270044892440192,1.0,0.0,0.0,8,,,,,,,,,,,
decay_only,random,3,403,0.13779759420768078,0.09242136323914174,1.0,0.0,0.0,8,,,,,,,,,,,
simgp_core,random,4,403,0.07566715126375771,0.05505785667982874,0.42857142857142855,0.42857142857142855,0.42857142857142855,7,0.9032258064516129,0.6774193548387096,0.7741935483870968,0.967741935483871,0.1,0.6,0.0,0.85,1.1,1.05,0.5
simgp_core_nogp,random,4,403,0.09925555562333037,0.07071209017946785,0.45454545454545453,0.7142857142857143,0.5555555555555556,7,0.7741935483870968,0.5161290322580645,0.6774193548387096,0.8387096774193549,,,,,,,
simgp_core_g75,random,4,403,0.14429842213929686,0.08892072179663699,0.5833333333333334,1.0,0.7368421052631579,7,0.967741935483871,0.6451612903225806,0.967741935483871,0.967741935483871,,,,,,,
physgp_core,random,4,403,0.19979316073409317,0.12981715756555007,0.0,0.0,0.0,7,0.6774193548387096,0.25806451612903225,0.41935483870967744,0.6774193548387096,,,,,,,
physgp_rich,random,4,403,0.22061012042124864,0.1600207196867809,1.0,0.0,0.0,7,0.5483870967741935,0.1935483870967742,0.3870967741935484,0.7419354838709677,,,,,,,
simgp_rich,random,4,403,0.09267731431895405,0.06527094934982798,0.42857142857142855,0.42857142857142855,0.42857142857142855,7,0.9032258064516129,0.6451612903225806,0.7419354838709677,0.967741935483871,,,,,,,
mean_of_samples,random,4,403,0.17798785127934993,0.1105189957720337,1.0,0.0,0.0,7,,,,,,,,,,,
nearest_sample,random,4,403,0.25099978648182897,0.16253834031780007,0.3,0.42857142857142855,0.3529411764705882,7,,,,,,,,,,,
decay_only,random,4,403,0.20008921131708898,0.1254970729604988,1.0,0.0,0.0,7,,,,,,,,,,,
simgp_core,random,5,403,0.07775614542033978,0.056044737255238654,0.42857142857142855,0.42857142857142855,0.42857142857142855,7,0.9,0.6333333333333333,0.7333333333333333,0.9666666666666667,0.1,0.6,0.0,0.85,1.1,1.1,0.5
simgp_core_nogp,random,5,403,0.10214300225530863,0.07032255081263769,0.5,0.7142857142857143,0.588235294117647,7,0.7333333333333333,0.5,0.6666666666666666,0.8,,,,,,,
simgp_core_g75,random,5,403,0.1325404994499299,0.08223999142823181,0.6363636363636364,1.0,0.7777777777777778,7,0.9666666666666667,0.7,0.9666666666666667,0.9666666666666667,,,,,,,
physgp_core,random,5,403,0.16795535591717023,0.10650619839258722,0.0,0.0,0.0,7,0.5666666666666667,0.16666666666666666,0.5,0.5666666666666667,,,,,,,
physgp_rich,random,5,403,0.20429740700619597,0.13304246806959835,1.0,0.0,0.0,7,0.7,0.3,0.5666666666666667,0.7666666666666667,,,,,,,
simgp_rich,random,5,403,0.09415917637842425,0.06590633644109109,0.42857142857142855,0.42857142857142855,0.42857142857142855,7,0.8666666666666667,0.6333333333333333,0.7,0.9333333333333333,,,,,,,
pinn_rich,random,5,403,0.24847571822222253,0.15855424138083288,0.3,0.42857142857142855,0.3529411764705882,7,0.2,0.1,0.2,0.2,,,,,,,
mean_of_samples,random,5,403,0.18051655492308108,0.11398345716357697,1.0,0.0,0.0,7,,,,,,,,,,,
nearest_sample,random,5,403,0.2528591538315556,0.1628070883843507,0.3,0.42857142857142855,0.3529411764705882,7,,,,,,,,,,,
decay_only,random,5,403,0.2041298167490344,0.13120929192045463,1.0,0.0,0.0,7,,,,,,,,,,,
simgp_core,random,6,403,0.06437365026680913,0.04172040425257576,0.5,0.5714285714285714,0.5333333333333333,7,0.9310344827586207,0.7931034482758621,0.8620689655172413,1.0,0.1,0.3,0.5,0.85,1.1,0.9,0.625
simgp_core_nogp,random,6,403,0.08859896537676941,0.06130863964497943,0.5,0.7142857142857143,0.588235294117647,7,0.7586206896551724,0.5172413793103449,0.6896551724137931,0.8620689655172413,,,,,,,
simgp_core_g75,random,6,403,0.07225313350369061,0.044147738766114664,0.6363636363636364,1.0,0.7777777777777778,7,0.9655172413793104,0.6896551724137931,0.9310344827586207,0.9655172413793104,,,,,,,
physgp_core,random,6,403,0.1228287383612066,0.0825548235362937,0.0,0.0,0.0,7,0.4827586206896552,0.20689655172413793,0.4482758620689655,0.4827586206896552,,,,,,,
physgp_rich,random,6,403,0.16797481461230301,0.11470416586128955,1.0,0.0,0.0,7,0.4482758620689655,0.13793103448275862,0.3448275862068966,0.6206896551724138,,,,,,,
simgp_rich,random,6,403,0.06598228066449079,0.04079589091177813,0.5,0.5714285714285714,0.5333333333333333,7,0.9655172413793104,0.7931034482758621,0.896551724137931,1.0,,,,,,,
mean_of_samples,random,6,403,0.17388148675357384,0.12592665092525573,1.0,0.0,0.0,7,,,,,,,,,,,
nearest_sample,random,6,403,0.132328128355787,0.093578539704888,0.75,0.42857142857142855,0.5454545454545454,7,,,,,,,,,,,
decay_only,random,6,403,0.16311383031397148,0.09708511592987391,1.0,0.0,0.0,7,,,,,,,,,,,
simgp_core,random,7,403,0.06563112865539544,0.04199710543691184,0.5,0.5714285714285714,0.5333333333333333,7,0.9285714285714286,0.7857142857142857,0.8214285714285714,1.0,0.1,0.3,0.5,0.85,1.1,0.9,0.625
simgp_core_nogp,random,7,403,0.09136110723793904,0.062242933511424056,0.5,0.7142857142857143,0.588235294117647,7,0.75,0.5,0.6785714285714286,0.8214285714285714,,,,,,,
simgp_core_g75,random,7,403,0.0714925774478439,0.042893026489957554,0.6363636363636364,1.0,0.7777777777777778,7,0.9642857142857143,0.6428571428571429,0.9285714285714286,0.9642857142857143,,,,,,,
physgp_core,random,7,403,0.12391276810422416,0.08183191188251272,0.0,0.0,0.0,7,0.5357142857142857,0.25,0.5357142857142857,0.5714285714285714,,,,,,,
physgp_rich,random,7,403,0.19233816884484475,0.14477804849955467,1.0,0.0,0.0,7,0.32142857142857145,0.10714285714285714,0.21428571428571427,0.39285714285714285,,,,,,,
simgp_rich,random,7,403,0.06745741371618134,0.041345070355413786,0.5,0.5714285714285714,0.5333333333333333,7,0.9642857142857143,0.7857142857142857,0.8571428571428571,1.0,,,,,,,
mean_of_samples,random,7,403,0.1761380398001545,0.12486605096351718,1.0,0.0,0.0,7,,,,,,,,,,,
nearest_sample,random,7,403,0.13437610490600957,0.09523383494633827,0.75,0.42857142857142855,0.5454545454545454,7,,,,,,,,,,,
decay_only,random,7,403,0.16575383106392352,0.09922664817680518,1.0,0.0,0.0,7,,,,,,,,,,,
simgp_core,random,8,403,0.06452423335577903,0.04155653144223494,0.5,0.5714285714285714,0.5333333333333333,7,0.9259259259259259,0.7037037037037037,0.8148148148148148,1.0,0.1,0.3,0.5,0.85,1.1,0.9,0.625
simgp_core_nogp,random,8,403,0.0831293475154452,0.05550017845284353,0.5,0.7142857142857143,0.588235294117647,7,0.7407407407407407,0.5185185185185185,0.7037037037037037,0.8888888888888888,,,,,,,
simgp_core_g75,random,8,403,0.07295355978261357,0.04327079646134874,0.6363636363636364,1.0,0.7777777777777778,7,0.9629629629629629,0.6296296296296297,0.9259259259259259,0.9629629629629629,,,,,,,
physgp_core,random,8,403,0.11880205286539802,0.07492652199379118,0.0,0.0,0.0,7,0.6666666666666666,0.2962962962962963,0.6296296296296297,0.7037037037037037,,,,,,,
physgp_rich,random,8,403,0.15747665771903124,0.10661056190103661,1.0,0.0,0.0,7,0.4074074074074074,0.18518518518518517,0.3333333333333333,0.48148148148148145,,,,,,,
simgp_rich,random,8,403,0.06473139200575276,0.039461273960583285,0.5555555555555556,0.7142857142857143,0.6250000000000001,7,0.9629629629629629,0.7407407407407407,0.8888888888888888,1.0,,,,,,,
pinn_rich,random,8,403,0.1326831052611105,0.08106208676030938,0.625,0.7142857142857143,0.6666666666666666,7,0.37037037037037035,0.1111111111111111,0.2962962962962963,0.4074074074074074,,,,,,,
mean_of_samples,random,8,403,0.17679489390475392,0.13012073116243494,1.0,0.0,0.0,7,,,,,,,,,,,
nearest_sample,random,8,403,0.14779509725790158,0.09772919776016467,0.75,0.42857142857142855,0.5454545454545454,7,,,,,,,,,,,
decay_only,random,8,403,0.15224043834145487,0.08754794736112136,1.0,0.0,0.0,7,,,,,,,,,,,
simgp_core,random,9,403,0.059634198100472845,0.03708372769320516,0.5,0.5714285714285714,0.5333333333333333,7,0.9615384615384616,0.7307692307692307,0.8461538461538461,1.0,0.1,0.3,0.5,0.85,1.1,0.9,0.625
simgp_core_nogp,random,9,403,0.08472431821220111,0.057290785964801604,0.5454545454545454,0.8571428571428571,0.6666666666666665,7,0.7307692307692307,0.5,0.6923076923076923,0.8846153846153846,,,,,,,
simgp_core_g75,random,9,403,0.07248566605117174,0.041708257062569684,0.6363636363636364,1.0,0.7777777777777778,7,0.9615384615384616,0.7692307692307693,0.9615384615384616,0.9615384615384616,,,,,,,
physgp_core,random,9,403,0.12284304466890493,0.07998721953537338,0.0,0.0,0.0,7,0.5769230769230769,0.4230769230769231,0.5769230769230769,0.6538461538461539,,,,,,,
physgp_rich,random,9,403,0.16141699293593662,0.11093391844395592,1.0,0.0,0.0,7,0.38461538461538464,0.15384615384615385,0.3076923076923077,0.46153846153846156,,,,,,,
simgp_rich,random,9,403,0.06800547061326795,0.042059556176055835,0.5555555555555556,0.7142857142857143,0.6250000000000001,7,0.9615384615384616,0.7307692307692307,0.8461538461538461,1.0,,,,,,,
mean_of_samples,random,9,403,0.17857321507870622,0.12871447056239096,1.0,0.0,0.0,7,,,,,,,,,,,
nearest_sample,random,9,403,0.1505721401622112,0.1008853133685066,0.75,0.42857142857142855,0.5454545454545454,7,,,,,,,,,,,
decay_only,random,9,403,0.15470481918159515,0.0897416955013878,1.0,0.0,0.0,7,,,,,,,,,,,
simgp_core,random,10,403,0.06399321306123457,0.04129398564759312,0.42857142857142855,0.42857142857142855,0.42857142857142855,7,0.96,0.76,0.84,1.0,0.1,0.3,0.5,0.85,1.1,0.9,0.5
simgp_core_nogp,random,10,403,0.08885588916604283,0.06026620718269451,0.5,0.7142857142857143,0.588235294117647,7,0.72,0.48,0.68,0.84,,,,,,,
simgp_core_g75,random,10,403,0.07860706759495117,0.0499579888946628,0.5,0.5714285714285714,0.5333333333333333,7,0.96,0.8,0.88,0.96,,,,,,,
physgp_core,random,10,403,0.13231581755556318,0.08875605542341161,0.0,0.0,0.0,7,0.6,0.36,0.6,0.64,,,,,,,
physgp_rich,random,10,403,0.16568292948508667,0.11763832840920502,1.0,0.0,0.0,7,0.44,0.16,0.36,0.56,,,,,,,
simgp_rich,random,10,403,0.06794667557056923,0.04526653334994938,0.42857142857142855,0.42857142857142855,0.42857142857142855,7,0.96,0.64,0.88,1.0,,,,,,,
pinn_rich,random,10,403,0.14087305620273083,0.09036819189950725,0.6666666666666666,0.5714285714285714,0.6153846153846153,7,0.28,0.08,0.2,0.28,,,,,,,
mean_of_samples,random,10,403,0.18109952669713295,0.12987334767526884,1.0,0.0,0.0,7,,,,,,,,,,,
nearest_sample,random,10,403,0.15409688742274355,0.10461781061975982,0.6666666666666666,0.2857142857142857,0.4,7,,,,,,,,,,,
decay_only,random,10,403,0.15942151008950797,0.09571159495400573,1.0,0.0,0.0,7,,,,,,,,,,,
simgp_core,random,11,403,0.06709113480115036,0.04294067617619063,0.3333333333333333,0.3333333333333333,0.3333333333333333,6,0.9166666666666666,0.75,0.8333333333333334,0.9583333333333334,0.1,0.3,0.5,0.85,1.1,0.9,0.5
simgp_core_nogp,random,11,403,0.09207880828450966,0.06347227628774804,0.5,0.6666666666666666,0.5714285714285715,6,0.7083333333333334,0.4583333333333333,0.6666666666666666,0.75,,,,,,,
simgp_core_g75,random,11,403,0.07870841809476853,0.04854286399320754,0.5,0.5,0.5,6,0.9583333333333334,0.7916666666666666,0.875,0.9583333333333334,,,,,,,
physgp_core,random,11,403,0.13341067678388538,0.08747725555844994,0.0,0.0,0.0,6,0.5833333333333334,0.2916666666666667,0.5833333333333334,0.5833333333333334,,,,,,,
physgp_rich,random,11,403,0.1555309836802603,0.09339928909872197,0.5,0.16666666666666666,0.25,6,0.5416666666666666,0.3333333333333333,0.5,0.625,,,,,,,
simgp_rich,random,11,403,0.07243212640613403,0.04689953155931203,0.2857142857142857,0.3333333333333333,0.30769230769230765,6,0.9583333333333334,0.6666666666666666,0.9166666666666666,0.9583333333333334,,,,,,,
mean_of_samples,random,11,403,0.18242733045912696,0.1260801456452815,1.0,0.0,0.0,6,,,,,,,,,,,
nearest_sample,random,11,403,0.15206818858804855,0.09488971540568321,0.5714285714285714,0.6666666666666666,0.6153846153846153,6,,,,,,,,,,,
decay_only,random,11,403,0.15899463124350743,0.09186839830062994,1.0,0.0,0.0,6,,,,,,,,,,,
simgp_core,random,12,403,0.06349995471036118,0.03858722205799891,0.5,0.8,0.6153846153846154,5,0.9565217391304348,0.6956521739130435,0.9130434782608695,0.9565217391304348,0.1,0.3,0.5,0.85,1.1,0.9,0.875
simgp_core_nogp,random,12,403,0.09622725313773245,0.06757737221620531,0.42857142857142855,0.6,0.5,5,0.6956521739130435,0.43478260869565216,0.6086956521739131,0.7391304347826086,,,,,,,
simgp_core_g75,random,12,403,0.08014001703457653,0.04974982559736573,0.4,0.4,0.4000000000000001,5,0.9565217391304348,0.7391304347826086,0.8695652173913043,0.9565217391304348,,,,,,,
physgp_core,random,12,403,0.13481552476345757,0.08565235969138657,0.0,0.0,0.0,5,0.5652173913043478,0.2608695652173913,0.5217391304347826,0.5652173913043478,,,,,,,
physgp_rich,random,12,403,0.16355128680747957,0.09685542475921588,0.0,0.0,0.0,5,0.6521739130434783,0.30434782608695654,0.5652173913043478,0.7391304347826086,,,,,,,
simgp_rich,random,12,403,0.0785557140296567,0.052827231035817795,0.375,0.6,0.4615384615384615,5,0.9565217391304348,0.5652173913043478,0.8260869565217391,0.9565217391304348,,,,,,,
pinn_rich,random,12,403,0.14943777710343786,0.08829528085888294,0.6,0.6,0.6,5,0.43478260869565216,0.13043478260869565,0.391304347826087,0.43478260869565216,,,,,,,
mean_of_samples,random,12,403,0.18468879273923539,0.12168000434971284,1.0,0.0,0.0,5,,,,,,,,,,,
nearest_sample,random,12,403,0.1546538752500996,0.09561205318711113,0.5,0.6,0.5454545454545454,5,,,,,,,,,,,
decay_only,random,12,403,0.1696461529216871,0.09362165488797865,1.0,0.0,0.0,5,,,,,,,,,,,
simgp_core,random,13,403,0.07708252778438868,0.054200820489126444,0.375,0.6,0.4615384615384615,5,0.9545454545454546,0.6363636363636364,0.8181818181818182,0.9545454545454546,0.1,0.3,0.5,0.85,1.1,0.9,0.75
simgp_core_nogp,random,13,403,0.09584907863572346,0.0681414318393523,0.42857142857142855,0.6,0.5,5,0.6818181818181818,0.4090909090909091,0.5909090909090909,0.7272727272727273,,,,,,,
simgp_core_g75,random,13,403,0.07859672229912669,0.050163144933960985,0.2857142857142857,0.4,0.3333333333333333,5,0.9545454545454546,0.7272727272727273,0.9090909090909091,0.9545454545454546,,,,,,,
physgp_core,random,13,403,0.16976367218621452,0.09339817356900627,0.0,0.0,0.0,5,0.8636363636363636,0.5909090909090909,0.8636363636363636,0.9090909090909091,,,,,,,
physgp_rich,random,13,403,0.17628878933776498,0.11997082511569647,0.0,0.0,0.0,5,0.7727272727272727,0.18181818181818182,0.6363636363636364,0.7727272727272727,,,,,,,
simgp_rich,random,13,403,0.07970323937380244,0.056791967085094625,0.4444444444444444,0.8,0.5714285714285714,5,0.9545454545454546,0.4090909090909091,0.8181818181818182,0.9545454545454546,,,,,,,
mean_of_samples,random,13,403,0.18964983007985026,0.12018664932786373,1.0,0.0,0.0,5,,,,,,,,,,,
nearest_sample,random,13,403,0.15812667028457258,0.09975014803029443,0.6,0.6,0.6,5,,,,,,,,,,,
decay_only,random,13,403,0.1714104405893562,0.0898961520351358,1.0,0.0,0.0,5,,,,,,,,,,,
simgp_core,random,14,403,0.07660017901621156,0.05282234685104323,0.375,0.6,0.4615384615384615,5,0.9523809523809523,0.6190476190476191,0.8095238095238095,0.9523809523809523,0.1,0.3,0.5,0.85,1.1,0.9,0.75
simgp_core_nogp,random,14,403,0.09158410180963382,0.06380419637357115,0.5,0.8,0.6153846153846154,5,0.7142857142857143,0.42857142857142855,0.6190476190476191,0.7142857142857143,,,,,,,
simgp_core_g75,random,14,403,0.08061192462866908,0.05411729627104712,0.2857142857142857,0.4,0.3333333333333333,5,0.9523809523809523,0.6666666666666666,0.8571428571428571,0.9523809523809523,,,,,,,
physgp_core,random,14,403,0.14760892750111734,0.08587752948825728,0.0,0.0,0.0,5,0.7142857142857143,0.5714285714285714,0.6666666666666666,0.7142857142857143,,,,,,,
physgp_rich,random,14,403,0.16245943948917377,0.09724494755136341,0.25,0.2,0.22222222222222224,5,0.7142857142857143,0.2857142857142857,0.6190476190476191,0.7619047619047619,,,,,,,
simgp_rich,random,14,403,0.07969434723878442,0.05751934297081832,0.4444444444444444,0.8,0.5714285714285714,5,0.9523809523809523,0.42857142857142855,0.8095238095238095,0.9523809523809523,,,,,,,
mean_of_samples,random,14,403,0.18891377267840842,0.12273393509862177,1.0,0.0,0.0,5,,,,,,,,,,,
nearest_sample,random,14,403,0.16183424426748447,0.10404293820512496,0.6,0.6,0.6,5,,,,,,,,,,,
decay_only,random,14,403,0.1627577089989058,0.08121055784365408,1.0,0.0,0.0,5,,,,,,,,,,,
simgp_core,random,15,403,0.07851327573536358,0.05521677953526216,0.375,0.6,0.4615384615384615,5,0.95,0.6,0.8,0.95,0.1,0.3,0.5,0.85,1.1,0.9,0.75
simgp_core_nogp,random,15,403,0.09358837543395424,0.06669290072533166,0.5,0.8,0.6153846153846154,5,0.7,0.5,0.6,0.7,,,,,,,
simgp_core_g75,random,15,403,0.08608591960991452,0.06011093702268213,0.2857142857142857,0.4,0.3333333333333333,5,0.85,0.6,0.8,0.95,,,,,,,
physgp_core,random,15,403,0.1710283567865689,0.0978981816264388,0.25,0.2,0.22222222222222224,5,0.75,0.4,0.7,0.85,,,,,,,
physgp_rich,random,15,403,0.16401576659852315,0.09626234244912027,0.2,0.2,0.20000000000000004,5,0.65,0.3,0.6,0.7,,,,,,,
simgp_rich,random,15,403,0.07874962187528896,0.052227507065545756,0.4444444444444444,0.8,0.5714285714285714,5,0.85,0.55,0.8,0.9,,,,,,,
pinn_rich,random,15,403,0.15596388596090383,0.09516020754641788,0.25,0.2,0.22222222222222224,5,0.25,0.15,0.2,0.25,,,,,,,
mean_of_samples,random,15,403,0.19370224110649895,0.12633232368599376,1.0,0.0,0.0,5,,,,,,,,,,,
nearest_sample,random,15,403,0.16583141816763158,0.10918108928853035,0.6,0.6,0.6,5,,,,,,,,,,,
decay_only,random,15,403,0.16687207636159,0.08474204009415896,1.0,0.0,0.0,5,,,,,,,,,,,
simgp_core,uncertainty,3,403,0.09154252255485666,0.06037884771116439,0.6666666666666666,0.75,0.7058823529411765,8,0.9375,0.6875,0.84375,0.96875,0.1,0.3,1.0,0.85,1.0,1.1,0.75
simgp_core,uncertainty,4,403,0.10711237840987083,0.07392979517987106,0.5,0.5714285714285714,0.5333333333333333,7,0.8064516129032258,0.5483870967741935,0.7096774193548387,0.8709677419354839,0.1,0.3,0.5,0.85,0.9,0.95,0.625
simgp_core,uncertainty,5,403,0.09044174970150402,0.055696996512786236,0.5,0.5714285714285714,0.5333333333333333,7,0.9333333333333333,0.7333333333333333,0.9,0.9333333333333333,0.1,0.3,0.0,0.85,1.1,0.9,0.625
simgp_core,uncertainty,6,403,0.06031151932860333,0.038422780156366125,0.5454545454545454,1.0,0.7058823529411764,6,0.9310344827586207,0.9310344827586207,0.9310344827586207,0.9310344827586207,0.1,0.6,0.5,1.0,0.9,0.95,1.0
simgp_core,uncertainty,7,403,0.11256560396029239,0.07986276678184086,0.5454545454545454,1.0,0.7058823529411764,6,0.8214285714285714,0.6071428571428571,0.7857142857142857,0.8571428571428571,0.1,0.6,0.5,1.0,0.9,0.95,1.0
simgp_core,uncertainty,8,403,0.09821922806806231,0.06594230220199922,0.6,1.0,0.7499999999999999,6,0.8518518518518519,0.6666666666666666,0.8518518518518519,0.9259259259259259,0.1,0.6,0.5,1.0,1.1,0.9,1.0
simgp_core,uncertainty,9,403,0.10123463828270676,0.0711566249276741,0.5,1.0,0.6666666666666666,5,0.8076923076923077,0.5384615384615384,0.7692307692307693,0.8461538461538461,0.1,0.6,0.0,1.0,0.9,0.9,0.875
simgp_core,uncertainty,10,403,0.06492754565733667,0.03850971116902535,0.625,1.0,0.7692307692307693,5,0.92,0.84,0.92,0.96,0.1,0.6,0.0,1.0,0.9,0.9,0.875
simgp_core,uncertainty,11,403,0.07957120068083995,0.05635725404894351,0.5,1.0,0.6666666666666666,4,0.8333333333333334,0.7083333333333334,0.7916666666666666,0.8333333333333334,0.1,0.6,0.0,1.0,1.1,0.9,0.875
simgp_core,uncertainty,12,403,0.07380867330599848,0.05231680987597888,0.6,1.0,0.7499999999999999,3,0.8260869565217391,0.6956521739130435,0.782608695652174,0.8260869565217391,0.1,0.6,0.0,1.0,1.1,0.9,0.875
simgp_core,uncertainty,13,403,0.07812130153763805,0.06211021671403578,0.3,1.0,0.4615384615384615,3,0.6363636363636364,0.4090909090909091,0.5454545454545454,0.9090909090909091,0.1,0.6,0.0,1.0,1.1,0.9,0.875
simgp_core,uncertainty,14,403,0.06774573738817911,0.03767269770698868,0.6,1.0,0.7499999999999999,3,0.9047619047619048,0.7619047619047619,0.9047619047619048,0.9047619047619048,0.1,0.6,0.0,1.0,1.1,0.9,0.875
simgp_core,uncertainty,15,403,0.06531261187332396,0.039293646426407425,0.3333333333333333,0.5,0.4,2,0.9,0.85,0.9,0.9,0.1,0.6,0.0,1.0,1.1,0.9,0.75
simgp_core,straddle,3,403,0.06920577331850433,0.04696767723773684,0.6666666666666666,0.5,0.5714285714285715,8,1.0,0.84375,0.96875,1.0,0.1,0.6,0.5,1.0,1.0,1.1,0.5
simgp_core,straddle,4,403,0.0554477099464134,0.0423988243628986,0.5,0.5714285714285714,0.5333333333333333,7,1.0,0.8387096774193549,1.0,1.0,0.1,0.3,1.0,1.0,1.0,0.9,0.625
simgp_core,straddle,5,403,0.09403832578830819,0.07152467316223139,0.3333333333333333,0.3333333333333333,0.3333333333333333,6,0.8333333333333334,0.4666666666666667,0.7,0.8666666666666667,0.1,0.3,0.5,0.85,1.1,0.9,0.5
simgp_core,straddle,6,403,0.10426275704288221,0.07568547607663176,0.42857142857142855,0.6,0.5,5,0.7586206896551724,0.4482758620689655,0.6896551724137931,0.8275862068965517,0.1,0.3,0.5,0.85,0.9,0.9,0.75
simgp_core,straddle,7,403,0.09347712895571558,0.07055542723233955,0.42857142857142855,0.75,0.5454545454545454,4,0.8214285714285714,0.42857142857142855,0.6785714285714286,0.8928571428571429,0.1,0.3,1.0,0.85,1.1,1.05,0.875
simgp_core,straddle,8,403,0.09676433693303492,0.07308253430104802,0.42857142857142855,0.75,0.5454545454545454,4,0.7777777777777778,0.4074074074074074,0.5925925925925926,0.8518518518518519,0.1,0.3,1.0,0.85,1.1,1.05,0.875
simgp_core,straddle,9,403,0.10349083030584809,0.079551673470245,0.3333333333333333,0.6666666666666666,0.4444444444444444,3,0.7307692307692307,0.34615384615384615,0.5769230769230769,0.8076923076923077,0.1,0.3,1.0,0.85,1.1,1.05,0.875
simgp_core,straddle,10,403,0.10852115667600186,0.08393368802063303,0.4,0.6666666666666666,0.5,3,0.76,0.32,0.6,0.88,0.1,0.3,1.0,0.85,0.9,1.1,0.875
simgp_core,straddle,11,403,0.11007129972659127,0.08667957733131275,0.4,0.6666666666666666,0.5,3,0.75,0.25,0.625,0.875,0.1,0.3,1.0,0.85,0.9,1.1,0.875
simgp_core,straddle,12,403,0.138870345517842,0.10623577393771598,0.2857142857142857,0.6666666666666666,0.4,3,0.6521739130434783,0.21739130434782608,0.5217391304347826,0.6956521739130435,0.1,0.3,1.0,0.85,0.9,1.1,0.875
simgp_core,straddle,13,403,0.11599165878079953,0.09201215943240247,0.4,0.6666666666666666,0.5,3,0.7727272727272727,0.36363636363636365,0.5454545454545454,0.8636363636363636,0.1,0.3,1.0,0.85,0.9,1.1,0.875
simgp_core,straddle,14,403,0.11787204402326217,0.09654928604096213,0.25,0.5,0.3333333333333333,2,0.7619047619047619,0.2857142857142857,0.5238095238095238,0.9047619047619048,0.1,0.3,1.0,0.85,1.1,1.05,0.875
simgp_core,straddle,15,403,0.11985584203596653,0.09896554238702507,0.25,0.5,0.3333333333333333,2,0.75,0.25,0.5,0.85,0.1,0.3,1.0,0.85,1.1,1.05,0.875
simgp_core,random,3,404,0.04178481748577175,0.03710346023121228,0.5,0.75,0.6,4,1.0,0.96875,1.0,1.0,0.1,0.3,0.0,0.85,1.1,0.9,0.8
simgp_core_nogp,random,3,404,0.0548484292078605,0.05001055345650627,0.4,1.0,0.5714285714285715,4,1.0,0.9375,1.0,1.0,,,,,,,
simgp_core_g75,random,3,404,0.09944339698025595,0.06826858011273819,0.6666666666666666,0.5,0.5714285714285715,4,0.9375,0.75,0.90625,0.96875,,,,,,,
physgp_core,random,3,404,0.26382057633948547,0.17697031664530796,0.18181818181818182,1.0,0.3076923076923077,4,0.15625,0.0625,0.125,0.1875,,,,,,,
physgp_rich,random,3,404,0.2587806130003294,0.17112623187076004,0.2,0.75,0.31578947368421056,4,0.4375,0.1875,0.3125,0.59375,,,,,,,
simgp_rich,random,3,404,0.05559589646830761,0.05018245521450263,0.4,1.0,0.5714285714285715,4,1.0,0.90625,1.0,1.0,,,,,,,
pinn_rich,random,3,404,0.250474422095269,0.18473034855481713,0.16666666666666666,1.0,0.2857142857142857,4,0.03125,0.03125,0.03125,0.03125,,,,,,,
mean_of_samples,random,3,404,0.2551027282232072,0.16820771789597988,1.0,0.0,0.0,4,,,,,,,,,,,
nearest_sample,random,3,404,0.2610787428707165,0.18740129012183582,0.2,1.0,0.33333333333333337,4,,,,,,,,,,,
decay_only,random,3,404,0.2589474624178524,0.17101472053990144,0.15384615384615385,0.5,0.23529411764705882,4,,,,,,,,,,,
simgp_core,random,4,404,0.03934649198709271,0.03455033250966998,0.5,0.75,0.6,4,1.0,0.967741935483871,1.0,1.0,0.1,0.3,0.0,0.85,1.1,0.9,0.8
simgp_core_nogp,random,4,404,0.0544721018475355,0.04954950230765184,0.4,1.0,0.5714285714285715,4,1.0,0.8387096774193549,1.0,1.0,,,,,,,
simgp_core_g75,random,4,404,0.07581252105093853,0.06536121778079365,0.2,0.5,0.28571428571428575,4,0.9032258064516129,0.25806451612903225,0.3870967741935484,0.9354838709677419,,,,,,,
physgp_core,random,4,404,0.12484349544886626,0.09367147798926638,0.16666666666666666,0.5,0.25,4,0.7419354838709677,0.3870967741935484,0.5806451612903226,0.8064516129032258,,,,,,,
physgp_rich,random,4,404,0.19459020470317262,0.1410357837448318,0.10526315789473684,0.5,0.17391304347826086,4,0.8387096774193549,0.2903225806451613,0.7419354838709677,0.8387096774193549,,,,,,,
simgp_rich,random,4,404,0.0567806494248909,0.0512481565887382,0.36363636363636365,1.0,0.5333333333333333,4,1.0,0.7096774193548387,1.0,1.0,,,,,,,
mean_of_samples,random,4,404,0.19962891675768116,0.13110309346607518,1.0,0.0,0.0,4,,,,,,,,,,,
nearest_sample,random,4,404,0.16814064606492318,0.13440966608546043,0.2,1.0,0.33333333333333337,4,,,,,,,,,,,
decay_only,random,4,404,0.193212031607025,0.13742854206530705,0.10526315789473684,0.5,0.17391304347826086,4,,,,,,,,,,,
simgp_core,random,5,404,0.05249907333998343,0.04245582503503427,0.6,0.75,0.6666666666666665,4,1.0,0.9,1.0,1.0,0.1,0.3,0.0,0.85,1.1,0.9,0.8
simgp_core_nogp,random,5,404,0.05355301964912345,0.04281824665881392,0.75,0.75,0.75,4,1.0,0.8333333333333334,0.9666666666666667,1.0,,,,,,,
simgp_core_g75,random,5,404,0.07621536968381504,0.0476248057072355,0.6666666666666666,0.5,0.5714285714285715,4,0.9,0.7666666666666667,0.9,0.9,,,,,,,
physgp_core,random,5,404,0.1284795684043957,0.0955425095314951,0.2222222222222222,0.5,0.30769230769230765,4,0.6333333333333333,0.4,0.5666666666666667,0.6666666666666666,,,,,,,
physgp_rich,random,5,404,0.1942872674456084,0.12034189897433284,0.4444444444444444,1.0,0.6153846153846153,4,0.7,0.4666666666666667,0.6666666666666666,0.7333333333333333,,,,,,,
simgp_rich,random,5,404,0.05355289399918826,0.04281803346341799,0.75,0.75,0.75,4,1.0,0.8333333333333334,0.9666666666666667,1.0,,,,,,,
pinn_rich,random,5,404,0.137669715733408,0.09256678142100443,0.5,0.5,0.5,4,0.3333333333333333,0.2,0.3333333333333333,0.4,,,,,,,
mean_of_samples,random,5,404,0.2023960604642564,0.13699920669417595,1.0,0.0,0.0,4,,,,,,,,,,,
nearest_sample,random,5,404,0.14341314545870618,0.10271754137223252,0.5,0.5,0.5,4,,,,,,,,,,,
decay_only,random,5,404,0.1902537604005058,0.11131244687195778,1.0,0.0,0.0,4,,,,,,,,,,,
simgp_core,random,6,404,0.05467209065820127,0.04065652738756899,0.75,0.75,0.75,4,1.0,0.8275862068965517,1.0,1.0,0.1,0.3,0.0,0.85,1.1,0.9,0.8
simgp_core_nogp,random,6,404,0.06266434988894695,0.04467038916145695,0.75,0.75,0.75,4,0.9655172413793104,0.6896551724137931,0.9655172413793104,0.9655172413793104,,,,,,,
simgp_core_g75,random,6,404,0.07657115207020515,0.047672300714089,0.6666666666666666,0.5,0.5714285714285715,4,0.896551724137931,0.6551724137931034,0.896551724137931,0.896551724137931,,,,,,,
physgp_core,random,6,404,0.16528664388551,0.1010146822484493,0.3333333333333333,0.25,0.28571428571428575,4,0.896551724137931,0.6206896551724138,0.8620689655172413,0.9310344827586207,,,,,,,
physgp_rich,random,6,404,0.21984036148180144,0.12891628334560912,0.25,0.25,0.25,4,0.6551724137931034,0.5517241379310345,0.6551724137931034,0.6896551724137931,,,,,,,
simgp_rich,random,6,404,0.0608114620101157,0.04300105229829301,0.75,0.75,0.75,4,1.0,0.7586206896551724,0.9655172413793104,1.0,,,,,,,
mean_of_samples,random,6,404,0.20699165564516478,0.13485212807989563,1.0,0.0,0.0,4,,,,,,,,,,,
nearest_sample,random,6,404,0.14547927081130532,0.10455785065375502,0.5,0.5,0.5,4,,,,,,,,,,,
decay_only,random,6,404,0.19369961729686433,0.11491905605770443,1.0,0.0,0.0,4,,,,,,,,,,,
simgp_core,random,7,404,0.052201971185586483,0.03858501842909064,0.75,0.75,0.75,4,1.0,0.8214285714285714,1.0,1.0,0.1,0.3,0.0,0.85,1.1,0.9,0.8
simgp_core_nogp,random,7,404,0.05852737558833065,0.04189636015187222,0.75,0.75,0.75,4,0.9642857142857143,0.7142857142857143,0.9642857142857143,0.9642857142857143,,,,,,,
simgp_core_g75,random,7,404,0.0760391931834144,0.04708030496378455,0.6666666666666666,0.5,0.5714285714285715,4,0.8928571428571429,0.6428571428571429,0.8928571428571429,0.8928571428571429,,,,,,,
physgp_core,random,7,404,0.13641267747567204,0.0954408157441978,0.3333333333333333,0.5,0.4,4,0.6428571428571429,0.32142857142857145,0.5714285714285714,0.6785714285714286,,,,,,,
physgp_rich,random,7,404,0.15563567275496915,0.09598823108462483,1.0,0.25,0.4,4,0.8571428571428571,0.4642857142857143,0.8571428571428571,0.9285714285714286,,,,,,,
simgp_rich,random,7,404,0.060898066502191685,0.04243798381169351,0.42857142857142855,0.75,0.5454545454545454,4,0.9642857142857143,0.6428571428571429,0.9642857142857143,0.9642857142857143,,,,,,,
mean_of_samples,random,7,404,0.19559366199337586,0.14627146035094327,1.0,0.0,0.0,4,,,,,,,,,,,
nearest_sample,random,7,404,0.1297131240861433,0.0988568163028128,0.5,0.5,0.5,4,,,,,,,,,,,
decay_only,random,7,404,0.1547739431192274,0.08697313397340985,1.0,0.0,0.0,4,,,,,,,,,,,
simgp_core,random,8,404,0.04881899192933005,0.03865385066329116,0.75,0.75,0.75,4,1.0,0.7777777777777778,1.0,1.0,0.1,0.3,0.0,0.85,1.1,0.9,0.8
simgp_core_nogp,random,8,404,0.06379057261059935,0.04298718045729874,1.0,0.75,0.8571428571428571,4,0.9629629629629629,0.6296296296296297,0.8888888888888888,0.9629629629629629,,,,,,,
simgp_core_g75,random,8,404,0.07891709504029273,0.04712372913329821,0.6666666666666666,0.5,0.5714285714285715,4,0.8148148148148148,0.6296296296296297,0.7777777777777778,0.8518518518518519,,,,,,,
physgp_core,random,8,404,0.13310964304863912,0.0999107459886278,1.0,0.25,0.4,4,0.48148148148148145,0.37037037037037035,0.4074074074074074,0.5555555555555556,,,,,,,
physgp_rich,random,8,404,0.1642013638000462,0.10867177909443174,1.0,0.25,0.4,4,0.7037037037037037,0.1111111111111111,0.5925925925925926,0.7407407407407407,,,,,,,
simgp_rich,random,8,404,0.059397496952937064,0.04573129036748952,0.42857142857142855,0.75,0.5454545454545454,4,0.9629629629629629,0.5555555555555556,0.9629629629629629,0.9629629629629629,,,,,,,
pinn_rich,random,8,404,0.11546816925468992,0.08392805858516682,0.5,0.5,0.5,4,0.3333333333333333,0.18518518518518517,0.25925925925925924,0.37037037037037035,,,,,,,
mean_of_samples,random,8,404,0.1981598284410293,0.14789390932873148,1.0,0.0,0.0,4,,,,,,,,,,,
nearest_sample,random,8,404,0.13505750015518506,0.10449236991562678,0.5,0.5,0.5,4,,,,,,,,,,,
decay_only,random,8,404,0.1583232115069531,0.08819800900768554,1.0,0.0,0.0,4,,,,,,,,,,,
simgp_core,random,9,404,0.050794330756616254,0.03965314883310741,0.75,0.75,0.75,4,1.0,0.7307692307692307,1.0,1.0,0.1,0.3,0.0,0.85,1.1,0.9,0.8
simgp_core_nogp,random,9,404,0.06581722401461974,0.04475516900511749,1.0,0.75,0.8571428571428571,4,0.9615384615384616,0.6153846153846154,0.8846153846153846,0.9615384615384616,,,,,,,
simgp_core_g75,random,9,404,0.08206534812526756,0.048759339016966136,0.6666666666666666,0.5,0.5714285714285715,4,0.8076923076923077,0.6153846153846154,0.7692307692307693,0.8461538461538461,,,,,,,
physgp_core,random,9,404,0.1093669116279592,0.07921813900113409,1.0,0.0,0.0,4,0.5769230769230769,0.46153846153846156,0.5769230769230769,0.7692307692307693,,,,,,,
physgp_rich,random,9,404,0.1623808099441184,0.09591329401299784,1.0,0.25,0.4,4,0.7692307692307693,0.46153846153846156,0.6538461538461539,0.7692307692307693,,,,,,,
simgp_rich,random,9,404,0.053709891244004895,0.041120401014643204,0.6,0.75,0.6666666666666665,4,0.9615384615384616,0.5769230769230769,0.9615384615384616,1.0,,,,,,,
mean_of_samples,random,9,404,0.20005488999538015,0.14800428908931854,1.0,0.0,0.0,4,,,,,,,,,,,
nearest_sample,random,9,404,0.12922396992511903,0.09989230163264327,0.5,0.5,0.5,4,,,,,,,,,,,
decay_only,random,9,404,0.1620303700355455,0.09142522012537849,1.0,0.0,0.0,4,,,,,,,,,,,
simgp_core,random,10,404,0.06387789226112321,0.04647134375941966,1.0,0.6666666666666666,0.8,3,1.0,0.6,0.88,1.0,0.1,0.3,0.0,0.85,1.1,0.9,0.8
simgp_core_nogp,random,10,404,0.06868219242565068,0.046590590400593664,1.0,0.6666666666666666,0.8,3,0.96,0.6,0.88,0.96,,,,,,,
simgp_core_g75,random,10,404,0.08337964082803223,0.048439958548894706,0.5,0.3333333333333333,0.4,3,0.76,0.56,0.72,0.8,,,,,,,
physgp_core,random,10,404,0.11055983460240056,0.07669111404620817,1.0,0.3333333333333333,0.5,3,0.56,0.36,0.56,0.68,,,,,,,
physgp_rich,random,10,404,0.1629242646907453,0.09190713800877777,1.0,1.0,1.0,3,0.6,0.4,0.6,0.76,,,,,,,
simgp_rich,random,10,404,0.06267312687273255,0.04579507481092616,0.5,0.6666666666666666,0.5714285714285715,3,0.96,0.6,0.96,0.96,,,,,,,
pinn_rich,random,10,404,0.1256840020389522,0.09053412594457376,0.3333333333333333,0.3333333333333333,0.3333333333333333,3,0.28,0.04,0.12,0.28,,,,,,,
mean_of_samples,random,10,404,0.1997520884936046,0.14175076974510156,1.0,0.0,0.0,3,,,,,,,,,,,
nearest_sample,random,10,404,0.1315339725965582,0.10226809453683725,0.3333333333333333,0.3333333333333333,0.3333333333333333,3,,,,,,,,,,,
decay_only,random,10,404,0.16264989720680836,0.09198644544401104,1.0,0.0,0.0,3,,,,,,,,,,,
simgp_core,random,11,404,0.06152592540889149,0.04211283928348682,0.0,0.0,0.0,2,0.9583333333333334,0.7916666666666666,0.9166666666666666,1.0,0.1,0.3,0.5,1.0,0.9,0.9,0.6
simgp_core_nogp,random,11,404,0.05767123310322952,0.034196381483989395,0.0,0.0,0.0,2,1.0,0.7083333333333334,0.9166666666666666,1.0,,,,,,,
simgp_core_g75,random,11,404,0.08137461774351108,0.049806689646477685,0.0,0.0,0.0,2,0.75,0.5,0.6666666666666666,0.7916666666666666,,,,,,,
physgp_core,random,11,404,0.14742044612845412,0.09739534627464119,0.0,0.0,0.0,2,0.6666666666666666,0.5,0.6666666666666666,0.6666666666666666,,,,,,,
physgp_rich,random,11,404,0.17419968655401052,0.11093085220687104,0.0,0.0,0.0,2,0.5833333333333334,0.4166666666666667,0.5416666666666666,0.6666666666666666,,,,,,,
simgp_rich,random,11,404,0.056415946056117675,0.03644621322746316,0.0,0.0,0.0,2,1.0,0.875,0.9583333333333334,1.0,,,,,,,
mean_of_samples,random,11,404,0.20185491142252007,0.13513999359852114,1.0,0.0,0.0,2,,,,,,,,,,,
nearest_sample,random,11,404,0.13418220977420633,0.10568262287904494,0.0,0.0,0.0,2,,,,,,,,,,,
decay_only,random,11,404,0.16295149072389414,0.09417976951680979,1.0,0.0,0.0,2,,,,,,,,,,,
simgp_core,random,12,404,0.06047072773972588,0.04191331660160297,0.0,0.0,0.0,2,1.0,0.7391304347826086,1.0,1.0,0.1,0.6,0.0,1.0,0.9,1.0,0.6
simgp_core_nogp,random,12,404,0.05488812148393853,0.03423880418894847,0.0,0.0,0.0,2,1.0,0.7391304347826086,0.9130434782608695,1.0,,,,,,,
simgp_core_g75,random,12,404,0.08034294244104288,0.047247621052513185,0.0,0.0,0.0,2,0.8260869565217391,0.6086956521739131,0.7391304347826086,0.8695652173913043,,,,,,,
physgp_core,random,12,404,0.14100975543732652,0.09776637830783112,0.0,0.0,0.0,2,0.6956521739130435,0.4782608695652174,0.6521739130434783,0.6956521739130435,,,,,,,
physgp_rich,random,12,404,0.17438688924206394,0.11376381187646642,0.0,0.0,0.0,2,0.5217391304347826,0.391304347826087,0.5217391304347826,0.6956521739130435,,,,,,,
simgp_rich,random,12,404,0.06679934540937377,0.05014105702430425,0.0,0.0,0.0,2,0.9565217391304348,0.6956521739130435,0.8695652173913043,0.9565217391304348,,,,,,,
pinn_rich,random,12,404,0.1389636188187659,0.10042927087393061,0.0,0.0,0.0,2,0.13043478260869565,0.13043478260869565,0.13043478260869565,0.17391304347826086,,,,,,,
mean_of_samples,random,12,404,0.20760702037297793,0.13702499362842116,1.0,0.0,0.0,2,,,,,,,,,,,
nearest_sample,random,12,404,0.14093191255570264,0.11268894063730261,0.0,0.0,0.0,2,,,,,,,,,,,
decay_only,random,12,404,0.16628174225435416,0.09679850012555995,1.0,0.0,0.0,2,,,,,,,,,,,
simgp_core,random,13,404,0.06224532879193843,0.040933089809128555,0.0,0.0,0.0,2,1.0,0.7272727272727273,0.9090909090909091,1.0,0.1,0.6,0.0,1.0,0.9,1.0,0.6
simgp_core_nogp,random,13,404,0.05667723112546197,0.03515119118175328,0.0,0.0,0.0,2,1.0,0.7272727272727273,0.9090909090909091,1.0,,,,,,,
simgp_core_g75,random,13,404,0.08523285621910232,0.050515591177040194,0.0,0.0,0.0,2,0.7727272727272727,0.5909090909090909,0.6363636363636364,0.8636363636363636,,,,,,,
physgp_core,random,13,404,0.14531033027109586,0.10148017431376744,0.0,0.0,0.0,2,0.6363636363636364,0.5454545454545454,0.5909090909090909,0.6363636363636364,,,,,,,
physgp_rich,random,13,404,0.16670272438548567,0.0993198922172014,0.0,0.0,0.0,2,0.6818181818181818,0.5909090909090909,0.6818181818181818,0.7272727272727273,,,,,,,
simgp_rich,random,13,404,0.07302207333348874,0.0550878027410358,0.0,0.0,0.0,2,0.9090909090909091,0.5,0.8636363636363636,0.9545454545454546,,,,,,,
mean_of_samples,random,13,404,0.20340664111425993,0.13690040249175842,1.0,0.0,0.0,2,,,,,,,,,,,
nearest_sample,random,13,404,0.13878791958207726,0.10954698558915311,0.0,0.0,0.0,2,,,,,,,,,,,
decay_only,random,13,404,0.1651826344463569,0.09672244663237767,1.0,0.0,0.0,2,,,,,,,,,,,
simgp_core,random,14,404,0.061122624475911595,0.042207772231144206,0.0,0.0,0.0,2,1.0,0.7142857142857143,0.9523809523809523,1.0,0.1,0.6,0.0,1.0,0.9,1.0,0.6
simgp_core_nogp,random,14,404,0.05599889239052407,0.03628826658881898,0.0,0.0,0.0,2,1.0,0.7142857142857143,0.9047619047619048,1.0,,,,,,,
simgp_core_g75,random,14,404,0.08625807581902313,0.053371354592519626,0.0,0.0,0.0,2,0.7142857142857143,0.5714285714285714,0.6190476190476191,0.8571428571428571,,,,,,,
physgp_core,random,14,404,0.14794157539164274,0.10173382838431522,0.0,0.0,0.0,2,0.6190476190476191,0.5714285714285714,0.5714285714285714,0.6190476190476191,,,,,,,
physgp_rich,random,14,404,0.16968613361764495,0.10059500567399429,0.0,0.0,0.0,2,0.6666666666666666,0.6190476190476191,0.6666666666666666,0.6666666666666666,,,,,,,
simgp_rich,random,14,404,0.07257001957562957,0.055650634260990005,0.0,0.0,0.0,2,0.9047619047619048,0.5238095238095238,0.8571428571428571,0.9523809523809523,,,,,,,
mean_of_samples,random,14,404,0.20786779520285809,0.1361932640852847,1.0,0.0,0.0,2,,,,,,,,,,,
nearest_sample,random,14,404,0.13970066876970472,0.10751466685887967,0.0,0.0,0.0,2,,,,,,,,,,,
decay_only,random,14,404,0.16916643802091735,0.10195153196321474,1.0,0.0,0.0,2,,,,,,,,,,,
simgp_core,random,15,404,0.06214377169538244,0.042777412649675446,0.0,0.0,0.0,2,1.0,0.75,0.9,1.0,0.1,0.6,0.0,1.0,0.9,1.0,0.6
simgp_core_nogp,random,15,404,0.05430202364615783,0.03279129077099417,0.0,0.0,0.0,2,1.0,0.75,0.95,1.0,,,,,,,
simgp_core_g75,random,15,404,0.08991651986651189,0.05447363406120318,0.0,0.0,0.0,2,0.7,0.55,0.65,0.8,,,,,,,
physgp_core,random,15,404,0.15040137533333955,0.10212160115028612,0.0,0.0,0.0,2,0.65,0.55,0.6,0.65,,,,,,,
physgp_rich,random,15,404,0.1588126996400074,0.10038664586807582,0.0,0.0,0.0,2,0.7,0.5,0.6,0.7,,,,,,,
simgp_rich,random,15,404,0.07287193197157553,0.05417186688912003,0.0,0.0,0.0,2,0.9,0.55,0.85,0.95,,,,,,,
pinn_rich,random,15,404,0.14190883768907628,0.09988119457013712,0.0,0.0,0.0,2,0.2,0.1,0.15,0.25,,,,,,,
mean_of_samples,random,15,404,0.2079882452489628,0.1380787824416298,1.0,0.0,0.0,2,,,,,,,,,,,
nearest_sample,random,15,404,0.1389032651750076,0.10515097638231548,0.0,0.0,0.0,2,,,,,,,,,,,
decay_only,random,15,404,0.17210305622688274,0.10617515244936704,1.0,0.0,0.0,2,,,,,,,,,,,
simgp_core,uncertainty,3,404,0.046008347956102466,0.04170876423577796,0.5714285714285714,1.0,0.7272727272727273,4,1.0,0.90625,1.0,1.0,0.25,0.1,0.5,0.85,1.1,0.9,1.0
simgp_core,uncertainty,4,404,0.06026996012844447,0.0471116937003821,0.2222222222222222,0.6666666666666666,0.3333333333333333,3,0.967741935483871,0.8387096774193549,0.9354838709677419,1.0,0.1,0.6,0.0,1.0,0.9,0.9,0.8
simgp_core,uncertainty,5,404,0.06368322939804176,0.058179770086624914,0.2,1.0,0.33333333333333337,2,0.9666666666666667,0.5,0.9,1.0,0.1,0.3,0.5,0.85,0.9,0.9,1.0
simgp_core,uncertainty,6,404,0.05992815908356443,0.05571253869983665,0.1111111111111111,1.0,0.19999999999999998,1,1.0,0.3448275862068966,1.0,1.0,0.25,0.1,1.0,0.85,1.1,0.9,1.0
simgp_core,uncertainty,7,404,0.06333353515211063,0.059745960341477944,0.14285714285714285,1.0,0.25,1,0.9642857142857143,0.14285714285714285,0.9642857142857143,1.0,0.25,0.1,1.0,0.85,1.1,0.9,1.0
simgp_core,uncertainty,8,404,0.07134398052067821,0.06186533953609666,0.0,1.0,0.0,0,0.9629629629629629,0.2222222222222222,0.8148148148148148,0.9629629629629629,0.25,0.1,1.0,0.85,0.9,0.9,0.8
simgp_core,uncertainty,9,404,0.06988060118070423,0.057318338890551906,0.0,1.0,0.0,0,0.9615384615384616,0.3076923076923077,0.8076923076923077,0.9615384615384616,0.25,0.1,1.0,0.85,1.1,0.95,0.8
simgp_core,uncertainty,10,404,0.05862296440416261,0.05037332007485211,0.0,1.0,0.0,0,0.96,0.36,0.92,0.96,0.25,0.1,1.0,0.85,1.1,0.9,0.8
simgp_core,uncertainty,11,404,0.05266796320355867,0.04651029881647978,0.0,1.0,0.0,0,0.9583333333333334,0.3333333333333333,0.9166666666666666,0.9583333333333334,0.1,0.3,0.5,0.85,1.1,0.95,0.8
simgp_core,uncertainty,12,404,0.05421691355456447,0.045111811622251426,1.0,1.0,1.0,0,0.9565217391304348,0.6521739130434783,0.8695652173913043,0.9565217391304348,0.1,0.3,0.5,0.85,0.9,1.0,0.8
simgp_core,uncertainty,13,404,0.05628762217735623,0.04788300096427311,0.0,1.0,0.0,0,1.0,1.0,1.0,1.0,0.1,0.3,0.5,0.85,1.1,0.95,0.8
simgp_core,uncertainty,14,404,0.05614629552768573,0.047039545517679845,1.0,1.0,1.0,0,1.0,1.0,1.0,1.0,0.1,0.3,0.5,0.85,0.9,1.0,0.8
simgp_core,uncertainty,15,404,0.057151531711985566,0.04896936879205403,1.0,1.0,1.0,0,1.0,1.0,1.0,1.0,0.1,0.3,0.5,0.85,1.1,0.95,0.8
simgp_core,straddle,3,404,0.05979273447305771,0.05344777668926054,0.4,1.0,0.5714285714285715,4,1.0,0.84375,1.0,1.0,0.1,0.3,0.0,0.85,1.1,0.9,1.0
simgp_core,straddle,4,404,0.056486473777582306,0.04585247785573731,0.2222222222222222,0.6666666666666666,0.3333333333333333,3,1.0,0.8387096774193549,0.967741935483871,1.0,0.1,0.6,0.0,1.0,1.1,0.9,0.8
simgp_core,straddle,5,404,0.10200588117114863,0.08573717295166204,0.2857142857142857,1.0,0.4444444444444445,2,0.9666666666666667,0.5666666666666667,0.8333333333333334,0.9666666666666667,0.1,0.6,0.0,1.0,1.1,0.9,1.0
simgp_core,straddle,6,404,0.049193974381509395,0.045648409925994664,0.14285714285714285,1.0,0.25,1,1.0,0.41379310344827586,1.0,1.0,0.1,0.3,0.5,0.85,1.1,0.9,1.0
simgp_core,straddle,7,404,0.05228953000705428,0.04790251393001991,0.2,1.0,0.33333333333333337,1,1.0,0.9285714285714286,0.9642857142857143,1.0,0.1,0.3,0.5,0.85,1.1,0.9,1.0
simgp_core,straddle,8,404,0.05127275232002041,0.045003565990212206,0.25,1.0,0.4,1,0.9629629629629629,0.37037037037037035,0.9629629629629629,1.0,0.1,0.3,0.5,0.85,1.1,0.95,1.0
simgp_core,straddle,9,404,0.07682602248147694,0.06624690134276341,0.3333333333333333,1.0,0.5,1,0.9615384615384616,0.6538461538461539,0.9615384615384616,0.9615384615384616,0.1,0.3,0.5,0.85,1.1,0.95,1.0
simgp_core,straddle,10,404,0.052672882432558285,0.045939584561531,0.5,1.0,0.6666666666666666,1,0.96,0.36,0.96,1.0,0.1,0.3,0.5,0.85,0.9,0.95,1.0
simgp_core,straddle,11,404,0.08142892372826115,0.06825439466479243,1.0,1.0,1.0,1,0.9583333333333334,0.8333333333333334,0.9583333333333334,0.9583333333333334,0.1,0.3,0.5,0.85,0.9,0.95,1.0
simgp_core,straddle,12,404,0.08248308842328003,0.06891381124455162,1.0,1.0,1.0,1,0.9565217391304348,0.8260869565217391,0.9565217391304348,0.9565217391304348,0.1,0.3,0.5,0.85,0.9,0.95,1.0
simgp_core,straddle,13,404,0.08321186608039145,0.07015199418297856,1.0,1.0,1.0,1,0.9545454545454546,0.8181818181818182,0.9545454545454546,0.9545454545454546,0.1,0.3,0.5,0.85,0.9,0.95,1.0
simgp_core,straddle,14,404,0.06308545790948925,0.050023081689213156,1.0,1.0,1.0,1,0.9523809523809523,0.8571428571428571,0.9523809523809523,0.9523809523809523,0.1,0.3,0.5,0.85,0.9,0.95,1.0
simgp_core,straddle,15,404,0.06269679105436526,0.048076638114673366,1.0,1.0,1.0,1,0.95,0.9,0.95,0.95,0.1,0.3,0.5,0.85,0.9,0.95,1.0
simgp_core,random,3,405,0.07935712037764944,0.04963997660183821,0.8571428571428571,0.8,0.8275862068965518,15,0.96875,0.78125,0.9375,0.96875,0.1,0.3,1.0,0.85,1.1,1.0,0.75
simgp_core_nogp,random,3,405,0.07554849884510025,0.044163896433314656,0.8,0.8,0.8000000000000002,15,0.96875,0.78125,0.9375,0.96875,,,,,,,
simgp_core_g75,random,3,405,0.09989002311223376,0.05968915766746052,0.9,0.6,0.7200000000000001,15,0.8125,0.6875,0.71875,0.875,,,,,,,
physgp_core,random,3,405,0.2300779385557338,0.16170094348271544,0.6666666666666666,0.13333333333333333,0.2222222222222222,15,0.65625,0.40625,0.5625,0.6875,,,,,,,
physgp_rich,random,3,405,0.1850895884527635,0.1192167165937974,0.6666666666666666,0.13333333333333333,0.2222222222222222,15,0.78125,0.5625,0.78125,0.8125,,,,,,,
simgp_rich,random,3,405,0.07553171312793842,0.043998608175846915,0.8,0.8,0.8000000000000002,15,0.96875,0.78125,0.9375,0.96875,,,,,,,
pinn_rich,random,3,405,0.2806626621171723,0.23320453991041537,1.0,0.0,0.0,15,0.03125,0.0,0.0,0.0625,,,,,,,
mean_of_samples,random,3,405,0.3517153378547627,0.33027834793976907,1.0,0.0,0.0,15,,,,,,,,,,,
nearest_sample,random,3,405,0.23128553720152872,0.13951735330539214,1.0,0.0,0.0,15,,,,,,,,,,,
decay_only,random,3,405,0.18609818667980402,0.1198811392164418,0.6666666666666666,0.13333333333333333,0.2222222222222222,15,,,,,,,,,,,
simgp_core,random,4,405,0.0850125304677614,0.06384300980877565,0.8,0.5714285714285714,0.6666666666666666,14,0.967741935483871,0.7096774193548387,0.9354838709677419,0.967741935483871,0.1,0.3,1.0,0.85,0.9,0.95,0.5
simgp_core_nogp,random,4,405,0.06599516596314171,0.04516382886614886,0.8461538461538461,0.7857142857142857,0.8148148148148148,14,0.967741935483871,0.7096774193548387,0.967741935483871,0.967741935483871,,,,,,,
simgp_core_g75,random,4,405,0.11731491245968832,0.08200316497368082,1.0,0.35714285714285715,0.5263157894736842,14,0.6451612903225806,0.22580645161290322,0.5161290322580645,0.7096774193548387,,,,,,,
physgp_core,random,4,405,0.22581830280963036,0.16121202677234198,0.75,0.21428571428571427,0.3333333333333333,14,0.6129032258064516,0.3225806451612903,0.5483870967741935,0.7096774193548387,,,,,,,
physgp_rich,random,4,405,0.18213584716797926,0.13148976687074507,1.0,0.0,0.0,14,0.8064516129032258,0.3870967741935484,0.7096774193548387,0.8387096774193549,,,,,,,
simgp_rich,random,4,405,0.06718608137545652,0.047625528683355005,0.8333333333333334,0.7142857142857143,0.7692307692307692,14,0.967741935483871,0.7419354838709677,0.967741935483871,0.967741935483871,,,,,,,
mean_of_samples,random,4,405,0.2787007843221276,0.26297002570580585,1.0,0.0,0.0,14,,,,,,,,,,,
nearest_sample,random,4,405,0.23536663513246542,0.14529583196486676,1.0,0.0,0.0,14,,,,,,,,,,,
decay_only,random,4,405,0.19621017075916133,0.14415648550256788,1.0,0.0,0.0,14,,,,,,,,,,,
simgp_core,random,5,405,0.05578214949013869,0.03757219929935941,0.9285714285714286,0.9285714285714286,0.9285714285714286,14,0.9666666666666667,0.7666666666666667,0.9666666666666667,0.9666666666666667,0.1,0.3,1.0,0.85,1.1,0.9,0.8125
simgp_core_nogp,random,5,405,0.059540293834132015,0.03513547632570016,0.9285714285714286,0.9285714285714286,0.9285714285714286,14,0.9333333333333333,0.7333333333333333,0.9,0.9666666666666667,,,,,,,
simgp_core_g75,random,5,405,0.10981355270052147,0.07672214770410934,1.0,0.35714285714285715,0.5263157894736842,14,0.6666666666666666,0.16666666666666666,0.5,0.7333333333333333,,,,,,,
physgp_core,random,5,405,0.2349057951176149,0.164315710791517,1.0,0.21428571428571427,0.35294117647058826,14,0.36666666666666664,0.2,0.3333333333333333,0.43333333333333335,,,,,,,
physgp_rich,random,5,405,0.1631544591211342,0.11252678962308495,1.0,0.21428571428571427,0.35294117647058826,14,0.6333333333333333,0.3,0.4666666666666667,0.7,,,,,,,
simgp_rich,random,5,405,0.06214211252757097,0.04918926631898889,0.9090909090909091,0.7142857142857143,0.8,14,0.9666666666666667,0.7333333333333333,0.9333333333333333,0.9666666666666667,,,,,,,
pinn_rich,random,5,405,0.3274730803717275,0.21466562090614444,1.0,0.07142857142857142,0.13333333333333333,14,0.13333333333333333,0.1,0.13333333333333333,0.16666666666666666,,,,,,,
mean_of_samples,random,5,405,0.2283225027346506,0.21530942322358218,1.0,0.0,0.0,14,,,,,,,,,,,
nearest_sample,random,5,405,0.23184670037503774,0.13239368127505916,1.0,0.14285714285714285,0.25,14,,,,,,,,,,,
decay_only,random,5,405,0.18135061968479002,0.12168790740199481,0.5,0.07142857142857142,0.125,14,,,,,,,,,,,
simgp_core,random,6,405,0.08117011581899362,0.06307361968581816,0.8888888888888888,0.6153846153846154,0.7272727272727274,13,0.9310344827586207,0.3793103448275862,0.896551724137931,0.9655172413793104,0.1,0.3,1.0,0.85,1.1,0.95,0.5625
simgp_core_nogp,random,6,405,0.06284311790972798,0.04012485852311046,0.9166666666666666,0.8461538461538461,0.8799999999999999,13,0.9310344827586207,0.6896551724137931,0.896551724137931,0.9655172413793104,,,,,,,
simgp_core_g75,random,6,405,0.10839104793352491,0.06719132612783114,0.8333333333333334,0.38461538461538464,0.5263157894736842,13,0.6896551724137931,0.2413793103448276,0.4827586206896552,0.8620689655172413,,,,,,,
physgp_core,random,6,405,0.16556219137022196,0.10740461740034801,0.7142857142857143,0.38461538461538464,0.5,13,0.7931034482758621,0.5862068965517241,0.7241379310344828,0.8275862068965517,,,,,,,
physgp_rich,random,6,405,0.14998104712651866,0.09622475470227673,0.7142857142857143,0.38461538461538464,0.5,13,0.5862068965517241,0.27586206896551724,0.5172413793103449,0.6896551724137931,,,,,,,
simgp_rich,random,6,405,0.06248682582704777,0.04860640381833587,0.9090909090909091,0.7692307692307693,0.8333333333333333,13,0.9655172413793104,0.7241379310344828,0.9310344827586207,0.9655172413793104,,,,,,,
mean_of_samples,random,6,405,0.1993840206251644,0.18658659864276078,1.0,0.0,0.0,13,,,,,,,,,,,
nearest_sample,random,6,405,0.20556039616500713,0.11614773650896365,0.7142857142857143,0.38461538461538464,0.5,13,,,,,,,,,,,
decay_only,random,6,405,0.17781096381554432,0.11598732045498568,0.5,0.07692307692307693,0.13333333333333336,13,,,,,,,,,,,
simgp_core,random,7,405,0.06044909482340543,0.043217631252530274,0.9166666666666666,0.8461538461538461,0.8799999999999999,13,0.9642857142857143,0.7142857142857143,0.9285714285714286,0.9642857142857143,0.1,0.3,1.0,0.85,1.1,0.95,0.75
simgp_core_nogp,random,7,405,0.06298565527896423,0.03958681046835387,0.9166666666666666,0.8461538461538461,0.8799999999999999,13,0.9285714285714286,0.6785714285714286,0.8928571428571429,0.9285714285714286,,,,,,,
simgp_core_g75,random,7,405,0.1036060595587443,0.055011494665311966,1.0,0.5384615384615384,0.7000000000000001,13,0.8928571428571429,0.5357142857142857,0.7857142857142857,0.8928571428571429,,,,,,,
physgp_core,random,7,405,0.16557502403729815,0.11151205400538548,1.0,0.38461538461538464,0.5555555555555556,13,0.6785714285714286,0.2857142857142857,0.6785714285714286,0.7857142857142857,,,,,,,
physgp_rich,random,7,405,0.16027345300701962,0.10450088343194232,0.6363636363636364,0.5384615384615384,0.5833333333333334,13,0.5714285714285714,0.21428571428571427,0.4642857142857143,0.5714285714285714,,,,,,,
simgp_rich,random,7,405,0.06070239434148054,0.0437278630621837,0.8,0.9230769230769231,0.8571428571428571,13,0.9642857142857143,0.75,0.9285714285714286,0.9642857142857143,,,,,,,
mean_of_samples,random,7,405,0.188002850435818,0.17320669080086093,1.0,0.0,0.0,13,,,,,,,,,,,
nearest_sample,random,7,405,0.20863109599616056,0.11763541198291363,0.7142857142857143,0.38461538461538464,0.5,13,,,,,,,,,,,
decay_only,random,7,405,0.18063287963577343,0.11972585458107453,0.5,0.07692307692307693,0.13333333333333336,13,,,,,,,,,,,
simgp_core,random,8,405,0.06868841078787655,0.05126944214759739,0.9,0.6923076923076923,0.7826086956521738,13,0.9259259259259259,0.6666666666666666,0.9259259259259259,0.9629629629629629,0.1,0.3,1.0,0.85,1.1,0.95,0.625
simgp_core_nogp,random,8,405,0.06454810456657109,0.04404460174706336,0.9090909090909091,0.7692307692307693,0.8333333333333333,13,0.9259259259259259,0.7037037037037037,0.8888888888888888,0.9259259259259259,,,,,,,
simgp_core_g75,random,8,405,0.10577077094307694,0.05816465168304285,1.0,0.5384615384615384,0.7000000000000001,13,0.8888888888888888,0.4074074074074074,0.7777777777777778,0.8888888888888888,,,,,,,
physgp_core,random,8,405,0.1914000461689388,0.13517214872883654,0.8333333333333334,0.38461538461538464,0.5263157894736842,13,0.7037037037037037,0.18518518518518517,0.6296296296296297,0.7777777777777778,,,,,,,
physgp_rich,random,8,405,0.1432903484794531,0.09796438446771537,0.7142857142857143,0.38461538461538464,0.5,13,0.5555555555555556,0.2222222222222222,0.4444444444444444,0.7407407407407407,,,,,,,
simgp_rich,random,8,405,0.06422410823181472,0.04624372443210313,0.8333333333333334,0.7692307692307693,0.8,13,0.9259259259259259,0.6666666666666666,0.9259259259259259,0.9629629629629629,,,,,,,
pinn_rich,random,8,405,0.11040524402726254,0.08665338556567663,0.75,0.23076923076923078,0.3529411764705882,13,0.2222222222222222,0.1111111111111111,0.14814814814814814,0.2222222222222222,,,,,,,
mean_of_samples,random,8,405,0.1848542544230037,0.16818784543007684,1.0,0.0,0.0,13,,,,,,,,,,,
nearest_sample,random,8,405,0.21291362963805954,0.12507304820445975,0.7142857142857143,0.38461538461538464,0.5,13,,,,,,,,,,,
decay_only,random,8,405,0.18685499049287843,0.12718537266377206,0.5,0.07692307692307693,0.13333333333333336,13,,,,,,,,,,,
simgp_core,random,9,405,0.0752379051362178,0.057084407722921664,0.9,0.6923076923076923,0.7826086956521738,13,0.9230769230769231,0.6538461538461539,0.8461538461538461,0.9615384615384616,0.1,0.3,1.0,0.85,1.1,0.95,0.625
simgp_core_nogp,random,9,405,0.06607245467950636,0.045510113024522264,0.9090909090909091,0.7692307692307693,0.8333333333333333,13,0.9230769230769231,0.6538461538461539,0.8846153846153846,0.9230769230769231,,,,,,,
simgp_core_g75,random,9,405,0.11155467431973996,0.06212882809559233,1.0,0.5384615384615384,0.7000000000000001,13,0.8846153846153846,0.34615384615384615,0.7307692307692307,0.8846153846153846,,,,,,,
physgp_core,random,9,405,0.26377086222129215,0.17126391160939217,1.0,0.3076923076923077,0.47058823529411764,13,0.4230769230769231,0.038461538461538464,0.2692307692307692,0.46153846153846156,,,,,,,
physgp_rich,random,9,405,0.16970636253988253,0.12261521054453246,0.7142857142857143,0.38461538461538464,0.5,13,0.46153846153846156,0.07692307692307693,0.19230769230769232,0.6153846153846154,,,,,,,
simgp_rich,random,9,405,0.06829527911608435,0.04928808741455,0.8333333333333334,0.7692307692307693,0.8,13,0.9230769230769231,0.6153846153846154,0.8846153846153846,0.9615384615384616,,,,,,,
mean_of_samples,random,9,405,0.2010194780524301,0.18758222893530044,1.0,0.0,0.0,13,,,,,,,,,,,
nearest_sample,random,9,405,0.0969211807563664,0.0662945994759212,0.7142857142857143,0.38461538461538464,0.5,13,,,,,,,,,,,
decay_only,random,9,405,0.20285441025024215,0.13956289798998092,0.5,0.07692307692307693,0.13333333333333336,13,,,,,,,,,,,
simgp_core,random,10,405,0.06946372544296756,0.04984578849054007,0.9,0.75,0.8181818181818182,12,0.92,0.64,0.88,0.92,0.1,0.3,1.0,0.85,1.1,0.95,0.6875
simgp_core_nogp,random,10,405,0.06945332636863102,0.04982350491481479,0.9,0.75,0.8181818181818182,12,0.92,0.64,0.88,0.92,,,,,,,
simgp_core_g75,random,10,405,0.11365782803817889,0.06572982539627362,1.0,0.4166666666666667,0.5882352941176471,12,0.88,0.24,0.64,0.88,,,,,,,
physgp_core,random,10,405,0.2711544593010217,0.17995086823943696,1.0,0.25,0.4,12,0.44,0.0,0.24,0.44,,,,,,,
physgp_rich,random,10,405,0.19581315809304098,0.135364191221011,0.6666666666666666,0.5,0.5714285714285715,12,0.48,0.16,0.44,0.64,,,,,,,
simgp_rich,random,10,405,0.07230096577077376,0.05143745008905884,0.8181818181818182,0.75,0.7826086956521738,12,0.92,0.64,0.92,0.96,,,,,,,
pinn_rich,random,10,405,0.10084174268779751,0.07593686600518895,0.8333333333333334,0.4166666666666667,0.5555555555555556,12,0.4,0.16,0.28,0.44,,,,,,,
mean_of_samples,random,10,405,0.18774360305210044,0.17362517478788816,1.0,0.0,0.0,12,,,,,,,,,,,
nearest_sample,random,10,405,0.09883722649626034,0.0687830985623917,0.6666666666666666,0.3333333333333333,0.4444444444444444,12,,,,,,,,,,,
decay_only,random,10,405,0.2044790539485016,0.14026601787488877,0.5,0.08333333333333333,0.14285714285714285,12,,,,,,,,,,,
simgp_core,random,11,405,0.06958824512403498,0.04874541366910495,0.9,0.75,0.8181818181818182,12,0.9166666666666666,0.7083333333333334,0.875,0.9166666666666666,0.1,0.6,0.0,0.85,1.1,0.95,0.6875
simgp_core_nogp,random,11,405,0.06958875997669332,0.04874234012068602,0.9,0.75,0.8181818181818182,12,0.9166666666666666,0.7083333333333334,0.875,0.9166666666666666,,,,,,,
simgp_core_g75,random,11,405,0.1136236074976232,0.07646471933719827,1.0,0.25,0.4,12,0.625,0.4166666666666667,0.5833333333333334,0.7083333333333334,,,,,,,
physgp_core,random,11,405,0.16882870016622248,0.11737322111829333,1.0,0.3333333333333333,0.5,12,0.625,0.20833333333333334,0.4166666666666667,0.7083333333333334,,,,,,,
physgp_rich,random,11,405,0.17843354026368577,0.12384182779139252,0.6666666666666666,0.5,0.5714285714285715,12,0.5,0.125,0.375,0.5,,,,,,,
simgp_rich,random,11,405,0.07037157545256818,0.04932304278132466,0.8181818181818182,0.75,0.7826086956521738,12,0.9166666666666666,0.6666666666666666,0.875,0.9583333333333334,,,,,,,
mean_of_samples,random,11,405,0.193044165570686,0.18107901984726912,1.0,0.0,0.0,12,,,,,,,,,,,
nearest_sample,random,11,405,0.10273530167611089,0.07129470124130279,0.75,0.25,0.375,12,,,,,,,,,,,
decay_only,random,11,405,0.18577650702488716,0.12461511029502938,0.5,0.08333333333333333,0.14285714285714285,12,,,,,,,,,,,
simgp_core,random,12,405,0.07162442991885218,0.05067948285510876,0.8888888888888888,0.7272727272727273,0.7999999999999999,11,0.9130434782608695,0.6521739130434783,0.8695652173913043,0.9130434782608695,0.1,0.6,0.0,0.85,1.1,0.95,0.6875
simgp_core_nogp,random,12,405,0.07162608498486234,0.050678595792149866,0.8888888888888888,0.7272727272727273,0.7999999999999999,11,0.9130434782608695,0.6521739130434783,0.8695652173913043,0.9130434782608695,,,,,,,
simgp_core_g75,random,12,405,0.11530682698295584,0.07900260539529164,1.0,0.18181818181818182,0.3076923076923077,11,0.6086956521739131,0.30434782608695654,0.6086956521739131,0.6956521739130435,,,,,,,
physgp_core,random,12,405,0.16752045617641717,0.11245559257924294,1.0,0.2727272727272727,0.42857142857142855,11,0.6956521739130435,0.2608695652173913,0.5652173913043478,0.7391304347826086,,,,,,,
physgp_rich,random,12,405,0.16879293819527608,0.11838770623950054,0.6666666666666666,0.18181818181818182,0.28571428571428575,11,0.5217391304347826,0.34782608695652173,0.43478260869565216,0.6956521739130435,,,,,,,
simgp_rich,random,12,405,0.07259220213539205,0.052197105736532065,0.8,0.7272727272727273,0.761904761904762,11,0.9130434782608695,0.6521739130434783,0.8695652173913043,0.9565217391304348,,,,,,,
pinn_rich,random,12,405,0.1148968989392166,0.08425663027304435,1.0,0.36363636363636365,0.5333333333333333,11,0.2608695652173913,0.08695652173913043,0.2608695652173913,0.30434782608695654,,,,,,,
mean_of_samples,random,12,405,0.1816167447961828,0.16687998328810769,1.0,0.0,0.0,11,,,,,,,,,,,
nearest_sample,random,12,405,0.10781874699947079,0.07447168089951275,0.6666666666666666,0.18181818181818182,0.28571428571428575,11,,,,,,,,,,,
decay_only,random,12,405,0.18681113560259574,0.12488310744206146,0.5,0.09090909090909091,0.15384615384615385,11,,,,,,,,,,,
simgp_core,random,13,405,0.06939716900508926,0.05262348439913365,1.0,0.45454545454545453,0.625,11,0.9545454545454546,0.5,0.9545454545454546,0.9545454545454546,0.1,0.6,0.0,0.85,1.1,0.95,0.5
simgp_core_nogp,random,13,405,0.06838385797429329,0.05032364237377752,1.0,0.6363636363636364,0.7777777777777778,11,0.9545454545454546,0.5454545454545454,0.9090909090909091,0.9545454545454546,,,,,,,
simgp_core_g75,random,13,405,0.11205510149056654,0.07569830011887543,1.0,0.18181818181818182,0.3076923076923077,11,0.6363636363636364,0.36363636363636365,0.5454545454545454,0.7727272727272727,,,,,,,
physgp_core,random,13,405,0.15969703656147347,0.10724638128540333,1.0,0.2727272727272727,0.42857142857142855,11,0.6818181818181818,0.2727272727272727,0.5909090909090909,0.6818181818181818,,,,,,,
physgp_rich,random,13,405,0.16340663626211488,0.11891960335013113,0.3333333333333333,0.09090909090909091,0.14285714285714288,11,0.5,0.22727272727272727,0.4090909090909091,0.6363636363636364,,,,,,,
simgp_rich,random,13,405,0.08248967921835225,0.059276916665105414,1.0,0.45454545454545453,0.625,11,0.9545454545454546,0.5909090909090909,0.8636363636363636,0.9545454545454546,,,,,,,
mean_of_samples,random,13,405,0.17913559157541833,0.16225566612836786,1.0,0.0,0.0,11,,,,,,,,,,,
nearest_sample,random,13,405,0.10824294491852242,0.0719819650194127,0.6666666666666666,0.18181818181818182,0.28571428571428575,11,,,,,,,,,,,
decay_only,random,13,405,0.18968404073708595,0.12724127113246453,1.0,0.09090909090909091,0.16666666666666669,11,,,,,,,,,,,
simgp_core,random,14,405,0.06642597421069506,0.05190293251229844,0.8571428571428571,0.6,0.7058823529411764,10,0.9523809523809523,0.5238095238095238,0.9047619047619048,0.9523809523809523,0.1,0.6,0.0,0.85,1.1,0.9,0.625
simgp_core_nogp,random,14,405,0.0518016886333502,0.04093123449797513,1.0,0.8,0.888888888888889,10,1.0,0.6666666666666666,0.9523809523809523,1.0,,,,,,,
simgp_core_g75,random,14,405,0.09287384822985188,0.05651523267548582,0.8333333333333334,0.5,0.625,10,0.8095238095238095,0.42857142857142855,0.7619047619047619,0.8571428571428571,,,,,,,
physgp_core,random,14,405,0.11348449810495007,0.07783941881468508,0.8333333333333334,0.5,0.625,10,0.7142857142857143,0.2857142857142857,0.5714285714285714,0.7619047619047619,,,,,,,
physgp_rich,random,14,405,0.14899344670061176,0.09833617505457799,0.5555555555555556,0.5,0.5263157894736842,10,0.6190476190476191,0.23809523809523808,0.38095238095238093,0.7142857142857143,,,,,,,
simgp_rich,random,14,405,0.06209542243919363,0.04435340329625142,1.0,0.5,0.6666666666666666,10,0.9047619047619048,0.7142857142857143,0.8571428571428571,0.9523809523809523,,,,,,,
mean_of_samples,random,14,405,0.1743246157613279,0.15455091741725221,1.0,0.0,0.0,10,,,,,,,,,,,
nearest_sample,random,14,405,0.11096870422183226,0.0741349539757735,0.7142857142857143,0.5,0.588235294117647,10,,,,,,,,,,,
decay_only,random,14,405,0.13466798488639894,0.09061576654198078,1.0,0.1,0.18181818181818182,10,,,,,,,,,,,
simgp_core,random,15,405,0.06630558793451771,0.052860242749318706,0.8333333333333334,0.5555555555555556,0.6666666666666667,9,0.95,0.5,0.85,0.95,0.1,0.6,0.0,0.85,1.1,0.9,0.625
simgp_core_nogp,random,15,405,0.04953133444016018,0.039564227181722186,1.0,0.7777777777777778,0.8750000000000001,9,0.95,0.7,0.95,1.0,,,,,,,
simgp_core_g75,random,15,405,0.09685136779802898,0.060946936683230736,0.8,0.4444444444444444,0.5714285714285714,9,0.75,0.35,0.65,0.8,,,,,,,
physgp_core,random,15,405,0.10083349248444856,0.06562794254019046,0.6,0.3333333333333333,0.42857142857142855,9,0.8,0.55,0.7,0.85,,,,,,,
physgp_rich,random,15,405,0.12293837779558418,0.08385643825819868,0.6,0.3333333333333333,0.42857142857142855,9,0.75,0.35,0.65,0.8,,,,,,,
simgp_rich,random,15,405,0.05651189921923415,0.046166411747911425,1.0,0.4444444444444444,0.6153846153846153,9,0.95,0.5,0.9,1.0,,,,,,,
pinn_rich,random,15,405,0.10326167300352587,0.0800211440864254,0.5714285714285714,0.4444444444444444,0.5,9,0.2,0.05,0.15,0.2,,,,,,,
mean_of_samples,random,15,405,0.17294810433358374,0.15016931600859573,1.0,0.0,0.0,9,,,,,,,,,,,
nearest_sample,random,15,405,0.113489290076262,0.0762615589517017,0.6666666666666666,0.4444444444444444,0.5333333333333333,9,,,,,,,,,,,
decay_only,random,15,405,0.1372956364477303,0.09375373700291975,1.0,0.1111111111111111,0.19999999999999998,9,,,,,,,,,,,
simgp_core,uncertainty,3,405,0.07472281936063896,0.04973118671729457,0.7222222222222222,0.8666666666666667,0.7878787878787877,15,0.9375,0.8125,0.90625,0.96875,0.25,0.3,1.0,1.0,1.1,1.0,0.875
simgp_core,uncertainty,4,405,0.07122081912957662,0.04445171544791773,0.8,0.8571428571428571,0.8275862068965518,14,0.967741935483871,0.7096774193548387,0.9032258064516129,0.967741935483871,0.1,0.3,0.5,0.85,0.9,0.9,0.875
simgp_core,uncertainty,5,405,0.08820183060457433,0.06204263024461647,0.6666666666666666,0.7692307692307693,0.7142857142857142,13,0.8333333333333334,0.6333333333333333,0.7666666666666667,0.9,0.1,0.3,1.0,0.85,0.9,0.95,0.75
simgp_core,uncertainty,6,405,0.1267274375975696,0.09110433076357051,0.47058823529411764,0.6666666666666666,0.5517241379310345,12,0.7931034482758621,0.27586206896551724,0.7241379310344828,0.7931034482758621,0.1,0.3,1.0,0.85,0.9,0.95,0.6875
simgp_core,uncertainty,7,405,0.08783131100866216,0.05373114899116437,0.8333333333333334,0.8333333333333334,0.8333333333333334,12,0.75,0.5714285714285714,0.6428571428571429,0.8571428571428571,0.25,0.3,0.0,0.85,0.9,0.95,0.8125
simgp_core,uncertainty,8,405,0.08522589779422955,0.05940505861039474,0.875,0.6363636363636364,0.7368421052631579,11,0.7777777777777778,0.5185185185185185,0.6666666666666666,0.8518518518518519,0.1,0.3,0.5,0.85,1.0,0.9,0.6875
simgp_core,uncertainty,9,405,0.08560198932051812,0.05938094024173035,0.8571428571428571,0.6,0.7058823529411764,10,0.8076923076923077,0.5769230769230769,0.7307692307692307,0.8846153846153846,0.25,0.1,1.0,0.85,1.1,0.9,0.6875
simgp_core,uncertainty,10,405,0.07556847500604942,0.047739278421395796,0.6363636363636364,0.7777777777777778,0.7000000000000001,9,0.92,0.72,0.88,0.96,0.1,0.3,1.0,0.85,1.1,1.0,0.8125
simgp_core,uncertainty,11,405,0.054738857248773795,0.035084968171692814,0.5714285714285714,1.0,0.7272727272727273,8,1.0,0.875,0.9583333333333334,1.0,0.1,0.3,1.0,0.85,1.1,0.95,0.9375
simgp_core,uncertainty,12,405,0.055953291810754945,0.03652344471490958,0.5833333333333334,1.0,0.7368421052631579,7,0.9565217391304348,0.8695652173913043,0.9565217391304348,1.0,0.1,0.3,1.0,0.85,1.1,0.95,0.9375
simgp_core,uncertainty,13,405,0.05545624229914866,0.03566024254433145,0.6666666666666666,0.8571428571428571,0.75,7,0.9545454545454546,0.9090909090909091,0.9545454545454546,1.0,0.1,0.3,1.0,0.85,1.1,0.95,0.875
simgp_core,uncertainty,14,405,0.0742271618058288,0.04705616293716433,0.625,0.8333333333333334,0.7142857142857143,6,0.9047619047619048,0.7619047619047619,0.9047619047619048,1.0,0.1,0.3,1.0,0.85,1.1,0.95,0.875
simgp_core,uncertainty,15,405,0.07332984774872073,0.045724998674446626,0.625,1.0,0.7692307692307693,5,0.9,0.75,0.9,1.0,0.1,0.3,1.0,0.85,1.1,0.95,0.9375
simgp_core,straddle,3,405,0.07826513400342194,0.04817196036943842,0.8571428571428571,0.8,0.8275862068965518,15,0.96875,0.78125,0.90625,0.96875,0.1,0.3,1.0,0.85,0.9,1.0,0.75
simgp_core,straddle,4,405,0.07194194040191115,0.04570034807080706,0.8,0.8571428571428571,0.8275862068965518,14,0.967741935483871,0.8064516129032258,0.9354838709677419,0.967741935483871,0.1,0.3,0.5,0.85,0.9,0.95,0.8125
simgp_core,straddle,5,405,0.07169243071844632,0.05036203668849915,0.8333333333333334,0.7692307692307693,0.8,13,0.9666666666666667,0.7,0.9333333333333333,0.9666666666666667,0.1,0.3,0.5,0.85,0.9,0.9,0.6875
simgp_core,straddle,6,405,0.09852593047062344,0.06784501761666212,0.8888888888888888,0.6666666666666666,0.761904761904762,12,0.7931034482758621,0.5862068965517241,0.6551724137931034,0.8620689655172413,0.1,0.3,0.5,0.85,0.9,0.9,0.625
simgp_core,straddle,7,405,0.13684344134612378,0.08534985130311898,0.7272727272727273,0.7272727272727273,0.7272727272727273,11,0.75,0.6071428571428571,0.6428571428571429,0.7857142857142857,0.1,0.3,0.5,0.85,0.9,0.9,0.6875
simgp_core,straddle,8,405,0.14581603283552413,0.09160960907056534,0.8,0.7272727272727273,0.761904761904762,11,0.7037037037037037,0.5185185185185185,0.6296296296296297,0.7777777777777778,0.1,0.3,0.5,0.85,0.9,0.9,0.6875
simgp_core,straddle,9,405,0.10429752189512968,0.07575801067574611,0.875,0.6363636363636364,0.7368421052631579,11,0.8076923076923077,0.34615384615384615,0.7692307692307693,0.8846153846153846,0.1,0.3,0.5,0.85,0.9,0.9,0.625
simgp_core,straddle,10,405,0.09376198686181361,0.06687641159553079,0.875,0.7,0.7777777777777777,10,0.88,0.48,0.8,0.92,0.1,0.3,1.0,0.85,0.9,1.0,0.6875
simgp_core,straddle,11,405,0.11856967471160575,0.0846763623285459,0.8571428571428571,0.6666666666666666,0.75,9,0.75,0.4166666666666667,0.7083333333333334,0.8333333333333334,0.1,0.3,1.0,0.85,0.9,1.0,0.6875
simgp_core,straddle,12,405,0.11019845678615038,0.08050969016615327,0.8571428571428571,0.75,0.7999999999999999,8,0.6956521739130435,0.34782608695652173,0.6521739130434783,0.8260869565217391,0.1,0.3,1.0,0.85,0.9,1.0,0.6875
simgp_core,straddle,13,405,0.09861170176253832,0.07463441653172356,0.8571428571428571,0.8571428571428571,0.8571428571428571,7,0.8636363636363636,0.36363636363636365,0.8636363636363636,0.8636363636363636,0.1,0.3,1.0,0.85,1.1,1.0,0.75
simgp_core,straddle,14,405,0.09042683872376703,0.06694580980919958,1.0,0.8571428571428571,0.923076923076923,7,0.8571428571428571,0.42857142857142855,0.8571428571428571,0.9047619047619048,0.1,0.3,1.0,0.85,1.1,1.0,0.75
simgp_core,straddle,15,405,0.0864983054184562,0.054782910114839746,1.0,0.8333333333333334,0.9090909090909091,6,0.85,0.65,0.8,0.9,0.1,0.3,1.0,0.85,1.1,1.0,0.6875
simgp_core,random,3,406,0.05841803868354031,0.03939681439616458,0.0,0.0,0.0,1,1.0,0.9375,1.0,1.0,0.1,0.3,0.5,1.0,1.1,1.0,0.5
simgp_core_nogp,random,3,406,0.06502032723365918,0.053190691622609615,0.3333333333333333,1.0,0.5,1,1.0,0.875,1.0,1.0,,,,,,,
simgp_core_g75,random,3,406,0.05517899419606562,0.03775203562071404,1.0,1.0,1.0,1,0.96875,0.75,0.96875,1.0,,,,,,,
physgp_core,random,3,406,0.15227354217257194,0.11899484668828939,1.0,1.0,1.0,1,0.03125,0.0,0.03125,0.125,,,,,,,
physgp_rich,random,3,406,0.1522686052364406,0.11897840153587588,1.0,1.0,1.0,1,0.125,0.03125,0.125,0.21875,,,,,,,
simgp_rich,random,3,406,0.065034953232656,0.05345951774534822,0.0,0.0,0.0,1,1.0,0.9375,1.0,1.0,,,,,,,
pinn_rich,random,3,406,0.17871826025717175,0.1376257687616655,0.5,1.0,0.6666666666666666,1,0.125,0.0625,0.125,0.125,,,,,,,
mean_of_samples,random,3,406,0.2447518867349532,0.2198878789709399,1.0,0.0,0.0,1,,,,,,,,,,,
nearest_sample,random,3,406,0.2397826355624231,0.19459796625179387,0.043478260869565216,1.0,0.08333333333333333,1,,,,,,,,,,,
decay_only,random,3,406,0.15226827467997908,0.11897812339504851,1.0,1.0,1.0,1,,,,,,,,,,,
simgp_core,random,4,406,0.04527748738990885,0.03672239002617166,0.0,0.0,0.0,1,1.0,0.9032258064516129,1.0,1.0,0.1,0.3,0.0,1.0,1.1,0.9,0.5
simgp_core_nogp,random,4,406,0.0521969665891708,0.038561928280971755,0.0,0.0,0.0,1,1.0,0.8387096774193549,1.0,1.0,,,,,,,
simgp_core_g75,random,4,406,0.0571236736804226,0.047367433123296096,1.0,1.0,1.0,1,0.967741935483871,0.4838709677419355,0.9032258064516129,0.967741935483871,,,,,,,
physgp_core,random,4,406,0.15694040965729988,0.11881502805635273,1.0,1.0,1.0,1,0.12903225806451613,0.03225806451612903,0.0967741935483871,0.12903225806451613,,,,,,,
physgp_rich,random,4,406,0.1586224191395881,0.12005707594921913,1.0,1.0,1.0,1,0.25806451612903225,0.12903225806451613,0.12903225806451613,0.2903225806451613,,,,,,,
simgp_rich,random,4,406,0.06444093961379004,0.046607827311591604,1.0,0.0,0.0,1,1.0,0.7741935483870968,0.967741935483871,1.0,,,,,,,
mean_of_samples,random,4,406,0.19875870109052296,0.1714802682986599,1.0,0.0,0.0,1,,,,,,,,,,,
nearest_sample,random,4,406,0.12584102699297503,0.1003343685148972,0.1111111111111111,1.0,0.19999999999999998,1,,,,,,,,,,,
decay_only,random,4,406,0.15693175832354447,0.11875770980715714,1.0,1.0,1.0,1,,,,,,,,,,,
simgp_core,random,5,406,0.048182963199892986,0.03284674856348758,0.0,0.0,0.0,1,1.0,0.9333333333333333,1.0,1.0,0.1,0.3,0.0,1.0,1.1,0.9,0.5
simgp_core_nogp,random,5,406,0.04501290562529862,0.03406059118576299,0.0,0.0,0.0,1,1.0,0.9,1.0,1.0,,,,,,,
simgp_core_g75,random,5,406,0.05824069896154322,0.04396438200186031,1.0,1.0,1.0,1,0.9666666666666667,0.6,0.9,1.0,,,,,,,
physgp_core,random,5,406,0.1412432849680919,0.1048440722995231,1.0,1.0,1.0,1,0.4,0.16666666666666666,0.3,0.5,,,,,,,
physgp_rich,random,5,406,0.12984684772947966,0.10511919153894356,1.0,1.0,1.0,1,0.13333333333333333,0.0,0.1,0.2,,,,,,,
simgp_rich,random,5,406,0.06128708868599741,0.04644395150903626,1.0,0.0,0.0,1,1.0,0.8333333333333334,0.9666666666666667,1.0,,,,,,,
pinn_rich,random,5,406,0.1307464098167653,0.1131570756248029,0.25,1.0,0.4,1,0.13333333333333333,0.06666666666666667,0.1,0.16666666666666666,,,,,,,
mean_of_samples,random,5,406,0.21402125967655466,0.1879394596484463,1.0,0.0,0.0,1,,,,,,,,,,,
nearest_sample,random,5,406,0.12695915574457584,0.10081992974227955,0.1111111111111111,1.0,0.19999999999999998,1,,,,,,,,,,,
decay_only,random,5,406,0.14169221045568509,0.10590812893149634,1.0,1.0,1.0,1,,,,,,,,,,,
simgp_core,random,6,406,0.04449634006897212,0.03564916316963585,0.0,0.0,0.0,1,1.0,0.9310344827586207,1.0,1.0,0.1,0.3,0.5,1.15,1.1,0.95,0.5
simgp_core_nogp,random,6,406,0.04387876121358204,0.03245956236809033,0.0,0.0,0.0,1,1.0,0.8620689655172413,1.0,1.0,,,,,,,
simgp_core_g75,random,6,406,0.054112741098733694,0.04261878092395837,0.5,1.0,0.6666666666666666,1,0.9655172413793104,0.3448275862068966,0.9310344827586207,0.9655172413793104,,,,,,,
physgp_core,random,6,406,0.08722422753886726,0.0690860448591137,1.0,1.0,1.0,1,0.8275862068965517,0.3103448275862069,0.7241379310344828,0.8275862068965517,,,,,,,
physgp_rich,random,6,406,0.11982005843763985,0.08707564590803048,0.2,1.0,0.33333333333333337,1,0.4482758620689655,0.13793103448275862,0.27586206896551724,0.5862068965517241,,,,,,,
simgp_rich,random,6,406,0.04533563457376714,0.03287935889840195,0.0,0.0,0.0,1,1.0,0.9310344827586207,1.0,1.0,,,,,,,
mean_of_samples,random,6,406,0.20194646859547144,0.1742353363679486,1.0,0.0,0.0,1,,,,,,,,,,,
nearest_sample,random,6,406,0.11923968529724296,0.09541141418509956,0.125,1.0,0.2222222222222222,1,,,,,,,,,,,
decay_only,random,6,406,0.1197865813146943,0.08156035138451981,1.0,0.0,0.0,1,,,,,,,,,,,
simgp_core,random,7,406,0.04161482128360322,0.02946561048970669,0.0,1.0,0.0,0,1.0,0.9285714285714286,1.0,1.0,0.1,0.3,1.0,1.15,1.0,1.05,0.5
simgp_core_nogp,random,7,406,0.04600397412998614,0.02953766337846467,0.0,1.0,0.0,0,1.0,0.8571428571428571,1.0,1.0,,,,,,,
simgp_core_g75,random,7,406,0.05176994893310509,0.04004068189137231,1.0,1.0,1.0,0,0.9642857142857143,0.5,0.8571428571428571,0.9642857142857143,,,,,,,
physgp_core,random,7,406,0.08785800445897007,0.06609351119748057,1.0,1.0,1.0,0,0.8571428571428571,0.5,0.8214285714285714,0.8571428571428571,,,,,,,
physgp_rich,random,7,406,0.1243295091434182,0.09042148811054308,0.0,1.0,0.0,0,0.6785714285714286,0.07142857142857142,0.39285714285714285,0.7857142857142857,,,,,,,
simgp_rich,random,7,406,0.046070879834718956,0.029830253012243575,0.0,1.0,0.0,0,1.0,0.8928571428571429,1.0,1.0,,,,,,,
mean_of_samples,random,7,406,0.17939917143022763,0.14488255949562198,1.0,1.0,1.0,0,,,,,,,,,,,
nearest_sample,random,7,406,0.11782114988165,0.09476630155526847,0.0,1.0,0.0,0,,,,,,,,,,,
decay_only,random,7,406,0.12179453101358614,0.08387346485591032,1.0,1.0,1.0,0,,,,,,,,,,,
simgp_core,random,8,406,0.054047620950197175,0.033910345400476334,0.0,1.0,0.0,0,1.0,0.8888888888888888,1.0,1.0,0.1,0.3,1.0,1.15,1.0,1.05,0.5
simgp_core_nogp,random,8,406,0.05040374258357941,0.030761255904218972,0.0,1.0,0.0,0,1.0,0.8148148148148148,1.0,1.0,,,,,,,
simgp_core_g75,random,8,406,0.044946988670616604,0.030525808899950022,1.0,1.0,1.0,0,1.0,0.6296296296296297,0.9259259259259259,1.0,,,,,,,
physgp_core,random,8,406,0.08182227952222551,0.05429681680420798,1.0,1.0,1.0,0,0.8148148148148148,0.5185185185185185,0.7407407407407407,0.8148148148148148,,,,,,,
physgp_rich,random,8,406,0.13468999104510676,0.10319675714731681,0.0,1.0,0.0,0,0.6666666666666666,0.2222222222222222,0.5185185185185185,0.7037037037037037,,,,,,,
simgp_rich,random,8,406,0.05038975794515789,0.030772111974314384,0.0,1.0,0.0,0,1.0,0.8518518518518519,1.0,1.0,,,,,,,
pinn_rich,random,8,406,0.09471229836295948,0.07446971963926571,1.0,1.0,1.0,0,0.2222222222222222,0.07407407407407407,0.18518518518518517,0.2962962962962963,,,,,,,
mean_of_samples,random,8,406,0.17688730509910955,0.13971939111524345,1.0,1.0,1.0,0,,,,,,,,,,,
nearest_sample,random,8,406,0.11070438367194435,0.08064646925869746,0.0,1.0,0.0,0,,,,,,,,,,,
decay_only,random,8,406,0.12214855679812693,0.0803499877931695,1.0,1.0,1.0,0,,,,,,,,,,,
simgp_core,random,9,406,0.04399365204542134,0.03140117997866478,1.0,1.0,1.0,0,1.0,0.7692307692307693,1.0,1.0,0.1,0.3,0.5,1.0,1.1,1.0,0.5
simgp_core_nogp,random,9,406,0.03276723962432979,0.02112986424176248,1.0,1.0,1.0,0,1.0,0.9230769230769231,0.9615384615384616,1.0,,,,,,,
simgp_core_g75,random,9,406,0.061914935653721526,0.03934064398133868,1.0,1.0,1.0,0,0.9230769230769231,0.5384615384615384,0.8076923076923077,0.9615384615384616,,,,,,,
physgp_core,random,9,406,0.0803615296025649,0.057224932334433674,1.0,1.0,1.0,0,0.6923076923076923,0.3076923076923077,0.5,0.8076923076923077,,,,,,,
physgp_rich,random,9,406,0.15556592228368563,0.12140946328897315,0.0,1.0,0.0,0,0.46153846153846156,0.11538461538461539,0.34615384615384615,0.5,,,,,,,
simgp_rich,random,9,406,0.04864798315322771,0.040364966867737606,0.0,1.0,0.0,0,0.9615384615384616,0.6923076923076923,0.9615384615384616,1.0,,,,,,,
mean_of_samples,random,9,406,0.17109643141248296,0.12791165253423717,1.0,1.0,1.0,0,,,,,,,,,,,
nearest_sample,random,9,406,0.11257702462441316,0.08347563256436295,1.0,1.0,1.0,0,,,,,,,,,,,
decay_only,random,9,406,0.11915642154835036,0.07775992565283264,1.0,1.0,1.0,0,,,,,,,,,,,
simgp_core,random,10,406,0.04825064140893783,0.037562611918916244,1.0,1.0,1.0,0,1.0,0.72,0.96,1.0,0.1,0.3,0.5,1.0,1.1,1.0,0.5
simgp_core_nogp,random,10,406,0.03348945499488847,0.022771772069975618,1.0,1.0,1.0,0,1.0,0.88,0.96,1.0,,,,,,,
simgp_core_g75,random,10,406,0.050261659439207004,0.03471674552880128,1.0,1.0,1.0,0,0.92,0.56,0.8,0.92,,,,,,,
physgp_core,random,10,406,0.07238600058470432,0.05068640243372538,1.0,1.0,1.0,0,0.6,0.24,0.48,0.6,,,,,,,
physgp_rich,random,10,406,0.15546270901363018,0.12291385397790315,0.0,1.0,0.0,0,0.4,0.08,0.24,0.4,,,,,,,
simgp_rich,random,10,406,0.0505025575944407,0.0417871488913266,0.0,1.0,0.0,0,0.96,0.52,0.92,0.96,,,,,,,
pinn_rich,random,10,406,0.09995525523211092,0.0721476041522053,1.0,1.0,1.0,0,0.32,0.16,0.2,0.36,,,,,,,
mean_of_samples,random,10,406,0.17248358786995394,0.12365245723256216,1.0,1.0,1.0,0,,,,,,,,,,,
nearest_sample,random,10,406,0.11356375083255238,0.08288965815310205,1.0,1.0,1.0,0,,,,,,,,,,,
decay_only,random,10,406,0.12065746054083758,0.0778356784667677,1.0,1.0,1.0,0,,,,,,,,,,,
simgp_core,random,11,406,0.04654983904775701,0.03543799315665856,0.0,1.0,0.0,0,1.0,0.7083333333333334,0.9583333333333334,1.0,0.1,0.3,0.5,1.0,1.1,0.95,0.5
simgp_core_nogp,random,11,406,0.0341815191802664,0.02318784582853893,1.0,1.0,1.0,0,1.0,0.875,0.9583333333333334,1.0,,,,,,,
simgp_core_g75,random,11,406,0.05004301316111413,0.03412212966772237,1.0,1.0,1.0,0,0.9166666666666666,0.5416666666666666,0.7916666666666666,0.9166666666666666,,,,,,,
physgp_core,random,11,406,0.07837841209964776,0.04818474085235593,1.0,1.0,1.0,0,0.625,0.3333333333333333,0.5416666666666666,0.7083333333333334,,,,,,,
physgp_rich,random,11,406,0.11544758853938598,0.0631760858303788,1.0,1.0,1.0,0,0.75,0.2916666666666667,0.5416666666666666,0.8333333333333334,,,,,,,
simgp_rich,random,11,406,0.04591389250452198,0.03762961697917281,0.0,1.0,0.0,0,0.9583333333333334,0.6666666666666666,0.9166666666666666,0.9583333333333334,,,,,,,
mean_of_samples,random,11,406,0.17590260228097115,0.1256468816766168,1.0,1.0,1.0,0,,,,,,,,,,,
nearest_sample,random,11,406,0.11429733473910834,0.08194457990889518,1.0,1.0,1.0,0,,,,,,,,,,,
decay_only,random,11,406,0.11983746629046974,0.07296147818676714,1.0,1.0,1.0,0,,,,,,,,,,,
simgp_core,random,12,406,0.04750699741472521,0.03716669449286213,1.0,1.0,1.0,0,1.0,0.7391304347826086,1.0,1.0,0.1,0.3,0.5,1.0,1.1,1.0,0.5
simgp_core_nogp,random,12,406,0.03542803884184271,0.023345433819674022,1.0,1.0,1.0,0,1.0,0.9130434782608695,0.9565217391304348,1.0,,,,,,,
simgp_core_g75,random,12,406,0.0507512040764124,0.035543172854207675,1.0,1.0,1.0,0,0.9130434782608695,0.5217391304347826,0.782608695652174,0.9130434782608695,,,,,,,
physgp_core,random,12,406,0.07085117684070223,0.047103968379391084,1.0,1.0,1.0,0,0.5652173913043478,0.34782608695652173,0.5217391304347826,0.6956521739130435,,,,,,,
physgp_rich,random,12,406,0.11691829874740747,0.06600573765584251,1.0,1.0,1.0,0,0.6956521739130435,0.17391304347826086,0.6521739130434783,0.8695652173913043,,,,,,,
simgp_rich,random,12,406,0.04771168266220556,0.03983865251865162,0.0,1.0,0.0,0,0.9565217391304348,0.6521739130434783,0.9130434782608695,0.9565217391304348,,,,,,,
pinn_rich,random,12,406,0.10827166561058883,0.07611216840264091,1.0,1.0,1.0,0,0.2608695652173913,0.13043478260869565,0.2608695652173913,0.34782608695652173,,,,,,,
mean_of_samples,random,12,406,0.17922382168418272,0.1273418887727478,1.0,1.0,1.0,0,,,,,,,,,,,
nearest_sample,random,12,406,0.11713236072654723,0.0865972511319797,1.0,1.0,1.0,0,,,,,,,,,,,
decay_only,random,12,406,0.12104642627994536,0.07100250412958466,1.0,1.0,1.0,0,,,,,,,,,,,
simgp_core,random,13,406,0.04243233709582535,0.03191668419724831,1.0,1.0,1.0,0,1.0,0.7727272727272727,1.0,1.0,0.1,0.3,0.5,1.0,1.1,1.0,0.5
simgp_core_nogp,random,13,406,0.03643046284320575,0.024449361930511282,1.0,1.0,1.0,0,1.0,0.9090909090909091,0.9545454545454546,1.0,,,,,,,
simgp_core_g75,random,13,406,0.05007742497981664,0.034746831381380607,1.0,1.0,1.0,0,0.8636363636363636,0.5,0.8181818181818182,0.9090909090909091,,,,,,,
physgp_core,random,13,406,0.06984099078848172,0.049713229348157646,1.0,1.0,1.0,0,0.6363636363636364,0.36363636363636365,0.5454545454545454,0.7272727272727273,,,,,,,
physgp_rich,random,13,406,0.12602931823530972,0.0742469076991067,0.0,1.0,0.0,0,0.7727272727272727,0.3181818181818182,0.5,0.8181818181818182,,,,,,,
simgp_rich,random,13,406,0.047273570044999394,0.03877747642384874,0.0,1.0,0.0,0,0.9545454545454546,0.6363636363636364,0.9090909090909091,0.9545454545454546,,,,,,,
mean_of_samples,random,13,406,0.18301193065041266,0.12772835942888286,1.0,1.0,1.0,0,,,,,,,,,,,
nearest_sample,random,13,406,0.11918272742081257,0.08801895642922246,1.0,1.0,1.0,0,,,,,,,,,,,
decay_only,random,13,406,0.12346706729708092,0.07253288680303538,1.0,1.0,1.0,0,,,,,,,,,,,
simgp_core,random,14,406,0.039115832889613615,0.02722343735558417,1.0,1.0,1.0,0,1.0,0.8571428571428571,1.0,1.0,0.1,0.3,0.5,1.0,1.1,1.0,0.5
simgp_core_nogp,random,14,406,0.03766355849325392,0.025391854536660898,1.0,1.0,1.0,0,1.0,0.8571428571428571,0.9523809523809523,1.0,,,,,,,
simgp_core_g75,random,14,406,0.05693383948163409,0.0428383547629981,1.0,1.0,1.0,0,0.7142857142857143,0.2857142857142857,0.6190476190476191,0.7142857142857143,,,,,,,
physgp_core,random,14,406,0.08109553796047522,0.057428457157779764,1.0,1.0,1.0,0,0.47619047619047616,0.23809523809523808,0.2857142857142857,0.6666666666666666,,,,,,,
physgp_rich,random,14,406,0.12894249501108962,0.07606923467721528,0.0,1.0,0.0,0,0.5714285714285714,0.2857142857142857,0.5238095238095238,0.6666666666666666,,,,,,,
simgp_rich,random,14,406,0.04104490387895233,0.030718083153215236,1.0,1.0,1.0,0,1.0,0.9047619047619048,1.0,1.0,,,,,,,
mean_of_samples,random,14,406,0.18747089061288208,0.12999720738898923,1.0,1.0,1.0,0,,,,,,,,,,,
nearest_sample,random,14,406,0.12046178097799325,0.08843523253413685,1.0,1.0,1.0,0,,,,,,,,,,,
decay_only,random,14,406,0.12601741055596305,0.07412578726133066,1.0,1.0,1.0,0,,,,,,,,,,,
simgp_core,random,15,406,0.039395292410194724,0.02697623039316004,1.0,1.0,1.0,0,1.0,0.85,1.0,1.0,0.1,0.3,0.5,1.0,1.1,1.0,0.5
simgp_core_nogp,random,15,406,0.03825357174453388,0.02583815248825764,1.0,1.0,1.0,0,1.0,0.85,0.95,1.0,,,,,,,
simgp_core_g75,random,15,406,0.050054783857459595,0.03247784764787446,1.0,1.0,1.0,0,0.8,0.55,0.75,0.95,,,,,,,
physgp_core,random,15,406,0.08244563860291704,0.06111237990911381,1.0,1.0,1.0,0,0.5,0.2,0.3,0.6,,,,,,,
physgp_rich,random,15,406,0.13240865054158055,0.07846639180713219,0.0,1.0,0.0,0,0.55,0.3,0.45,0.65,,,,,,,
simgp_rich,random,15,406,0.04178347783790705,0.031129330433195677,1.0,1.0,1.0,0,1.0,0.9,1.0,1.0,,,,,,,
pinn_rich,random,15,406,0.11614528063406993,0.08751709629467583,1.0,1.0,1.0,0,0.2,0.15,0.15,0.25,,,,,,,
mean_of_samples,random,15,406,0.1923277766715977,0.12990093840837513,1.0,1.0,1.0,0,,,,,,,,,,,
nearest_sample,random,15,406,0.12340169008031239,0.09229789406762651,1.0,1.0,1.0,0,,,,,,,,,,,
decay_only,random,15,406,0.12914373800213969,0.07762918007309343,1.0,1.0,1.0,0,,,,,,,,,,,
simgp_core,uncertainty,3,406,0.08858377409803019,0.07236269050812455,1.0,0.0,0.0,1,1.0,0.84375,0.96875,1.0,0.1,0.3,0.0,1.15,1.1,0.9,0.0
simgp_core,uncertainty,4,406,0.06765414083303488,0.0534383496066183,0.0,0.0,0.0,1,0.967741935483871,0.9354838709677419,0.967741935483871,1.0,0.1,0.3,0.0,1.0,1.1,0.9,0.0
simgp_core,uncertainty,5,406,0.04981792045512174,0.03814265337934962,1.0,0.0,0.0,1,1.0,0.9333333333333333,1.0,1.0,0.1,0.3,0.5,1.0,1.1,0.9,0.0
simgp_core,uncertainty,6,406,0.05360795891084736,0.04449484209751391,1.0,0.0,0.0,1,1.0,0.9310344827586207,0.9655172413793104,1.0,0.1,0.3,0.5,1.0,1.1,0.95,0.0
simgp_core,uncertainty,7,406,0.04486847490033838,0.03273510900650088,1.0,1.0,1.0,0,1.0,0.8928571428571429,0.9642857142857143,1.0,0.1,0.3,0.0,1.0,1.1,0.9,0.0
simgp_core,uncertainty,8,406,0.05706560570660637,0.04334317230516794,0.0,1.0,0.0,0,1.0,0.7037037037037037,0.8888888888888888,1.0,0.1,0.3,0.5,1.0,1.1,0.95,0.0
simgp_core,uncertainty,9,406,0.06586358415760014,0.051692807227642815,0.0,1.0,0.0,0,0.9615384615384616,0.4230769230769231,0.8461538461538461,1.0,0.1,0.3,0.5,1.0,1.1,0.9,0.0
simgp_core,uncertainty,10,406,0.06692771041991145,0.05752477445003711,0.0,1.0,0.0,0,1.0,0.32,0.92,1.0,0.1,0.3,0.5,1.0,1.1,0.95,0.0
simgp_core,uncertainty,11,406,0.04542702333383681,0.037726149924017495,0.0,1.0,0.0,0,1.0,0.75,0.9583333333333334,1.0,0.1,0.3,0.5,1.0,1.1,0.95,0.0
simgp_core,uncertainty,12,406,0.044337442283211334,0.037668349990577714,1.0,1.0,1.0,0,1.0,0.6956521739130435,1.0,1.0,0.1,0.3,0.5,1.0,1.1,0.95,0.0
simgp_core,uncertainty,13,406,0.045022257414986895,0.03812367693559357,1.0,1.0,1.0,0,1.0,0.6818181818181818,1.0,1.0,0.1,0.3,0.5,1.0,1.1,0.95,0.0
simgp_core,uncertainty,14,406,0.04546107050634227,0.036598645384545304,1.0,1.0,1.0,0,1.0,0.6190476190476191,0.9523809523809523,1.0,0.1,0.3,0.5,1.0,1.1,0.95,0.0
simgp_core,uncertainty,15,406,0.04352604373647403,0.03467998854928167,0.0,1.0,0.0,0,1.0,0.55,0.95,1.0,0.1,0.3,0.5,1.0,1.1,0.95,0.0
simgp_core,straddle,3,406,0.052073519937799954,0.03916085239339519,0.0,0.0,0.0,1,1.0,0.96875,1.0,1.0,0.1,0.3,1.0,1.15,1.1,1.0,0.5
simgp_core,straddle,4,406,0.05876058806559128,0.03907646877756457,1.0,1.0,1.0,1,1.0,0.8064516129032258,1.0,1.0,0.1,0.3,0.5,1.0,1.1,0.95,1.0
simgp_core,straddle,5,406,0.05078963396606395,0.03323585945824098,1.0,1.0,1.0,0,1.0,0.9,1.0,1.0,0.1,0.3,0.0,1.0,1.1,0.9,1.0
simgp_core,straddle,6,406,0.030746549933907987,0.021636096538519094,1.0,1.0,1.0,0,1.0,1.0,1.0,1.0,0.1,0.3,0.5,1.0,1.1,0.95,1.0
simgp_core,straddle,7,406,0.0311178266502789,0.023382324207448894,1.0,1.0,1.0,0,1.0,0.9285714285714286,1.0,1.0,0.1,0.3,0.5,1.0,1.1,0.95,1.0
simgp_core,straddle,8,406,0.030599750153478288,0.02099128904822734,1.0,1.0,1.0,0,1.0,1.0,1.0,1.0,0.1,0.3,0.5,1.0,1.1,0.95,1.0
simgp_core,straddle,9,406,0.03148920376062167,0.02113079361390149,1.0,1.0,1.0,0,1.0,1.0,1.0,1.0,0.1,0.3,0.5,1.0,1.1,0.95,1.0
simgp_core,straddle,10,406,0.0435736277471039,0.03514043378263599,1.0,1.0,1.0,0,1.0,0.68,1.0,1.0,0.1,0.3,0.5,1.0,1.1,0.95,1.0
simgp_core,straddle,11,406,0.036992577688271674,0.026029434243995633,1.0,1.0,1.0,0,1.0,0.9166666666666666,1.0,1.0,0.1,0.3,0.5,1.0,1.1,0.95,1.0
simgp_core,straddle,12,406,0.0374417537171783,0.02654890566026712,1.0,1.0,1.0,0,1.0,0.9130434782608695,1.0,1.0,0.1,0.3,0.5,1.0,1.1,0.95,1.0
simgp_core,straddle,13,406,0.03941196312270285,0.029041827700766534,1.0,1.0,1.0,0,1.0,0.9090909090909091,1.0,1.0,0.1,0.3,0.5,1.0,1.1,0.95,1.0
simgp_core,straddle,14,406,0.04085120968248976,0.03033298416920016,1.0,1.0,1.0,0,1.0,0.8571428571428571,1.0,1.0,0.1,0.3,0.5,1.0,1.1,0.95,1.0
simgp_core,straddle,15,406,0.04373412315319714,0.03279044693407211,1.0,1.0,1.0,0,1.0,0.8,1.0,1.0,0.1,0.3,0.5,1.0,1.1,0.95,1.0
simgp_core,random,3,407,0.10228571294458876,0.07845406889934156,0.6666666666666666,0.4,0.5,5,0.96875,0.5625,0.9375,1.0,0.1,0.6,0.5,1.15,0.9,0.9,0.5
simgp_core_nogp,random,3,407,0.06730867644881676,0.05490853757863677,0.3333333333333333,0.6,0.42857142857142855,5,0.96875,0.71875,0.9375,0.96875,,,,,,,
simgp_core_g75,random,3,407,0.07583173988370355,0.056368419691907895,0.4,0.8,0.5333333333333333,5,0.96875,0.6875,0.84375,0.96875,,,,,,,
physgp_core,random,3,407,0.2308568643791768,0.12185822865496038,0.6,0.6,0.6,5,0.65625,0.46875,0.59375,0.65625,,,,,,,
physgp_rich,random,3,407,0.2335844404048477,0.1382276771364297,0.6666666666666666,0.4,0.5,5,0.75,0.3125,0.6875,0.75,,,,,,,
simgp_rich,random,3,407,0.06731461535381963,0.05491915214092536,0.3333333333333333,0.6,0.42857142857142855,5,0.96875,0.9375,0.96875,0.96875,,,,,,,
pinn_rich,random,3,407,0.23803324788670993,0.15155387139801513,0.375,0.6,0.4615384615384615,5,0.15625,0.0625,0.15625,0.15625,,,,,,,
mean_of_samples,random,3,407,0.25414107707954836,0.14568231468987958,1.0,0.0,0.0,5,,,,,,,,,,,
nearest_sample,random,3,407,0.23461045960735505,0.15147055683629362,0.375,0.6,0.4615384615384615,5,,,,,,,,,,,
decay_only,random,3,407,0.23464050595091018,0.1413650681741834,1.0,0.4,0.5714285714285715,5,,,,,,,,,,,
simgp_core,random,4,407,0.12391063508751175,0.0913901006222858,0.5,0.75,0.6,4,0.967741935483871,0.5161290322580645,0.9032258064516129,0.967741935483871,0.1,1.0,0.5,1.15,1.1,1.05,0.8333333333333334
simgp_core_nogp,random,4,407,0.09356153322128774,0.08127098986859235,0.23076923076923078,0.75,0.3529411764705882,4,0.9032258064516129,0.16129032258064516,0.7096774193548387,0.967741935483871,,,,,,,
simgp_core_g75,random,4,407,0.12189377182881306,0.09199537270441639,0.5714285714285714,1.0,0.7272727272727273,4,0.9354838709677419,0.3548387096774194,0.7741935483870968,0.967741935483871,,,,,,,
physgp_core,random,4,407,0.2816922422222672,0.1611419843459814,0.08333333333333333,0.25,0.125,4,0.6774193548387096,0.41935483870967744,0.6774193548387096,0.7096774193548387,,,,,,,
physgp_rich,random,4,407,0.2813827453418184,0.170373846657611,0.09090909090909091,0.25,0.13333333333333333,4,0.6451612903225806,0.3225806451612903,0.6451612903225806,0.6774193548387096,,,,,,,
simgp_rich,random,4,407,0.09294967775706557,0.079808684263296,0.23076923076923078,0.75,0.3529411764705882,4,1.0,0.6774193548387096,1.0,1.0,,,,,,,
mean_of_samples,random,4,407,0.2713808754869846,0.15813306416405848,1.0,0.0,0.0,4,,,,,,,,,,,
nearest_sample,random,4,407,0.24147376437533502,0.15882018374094445,0.25,0.75,0.375,4,,,,,,,,,,,
decay_only,random,4,407,0.28160152363232244,0.1672880507140443,0.0,0.0,0.0,4,,,,,,,,,,,
simgp_core,random,5,407,0.07811727012391703,0.062474679836476525,0.375,0.75,0.5,4,0.9666666666666667,0.8666666666666667,0.9666666666666667,1.0,0.1,0.6,0.5,1.15,0.9,0.9,0.8333333333333334
simgp_core_nogp,random,5,407,0.07492894248623713,0.062933711795477,0.375,0.75,0.5,4,0.9666666666666667,0.5333333333333333,0.8333333333333334,1.0,,,,,,,
simgp_core_g75,random,5,407,0.08196268122714542,0.0683136516644656,0.4444444444444444,1.0,0.6153846153846153,4,0.9666666666666667,0.7,0.9333333333333333,0.9666666666666667,,,,,,,
physgp_core,random,5,407,0.2856750206207261,0.16455053102751588,0.1111111111111111,0.25,0.15384615384615383,4,0.6666666666666666,0.43333333333333335,0.6333333333333333,0.7,,,,,,,
physgp_rich,random,5,407,0.2875786644088915,0.16825833374688895,0.25,0.75,0.375,4,0.5,0.3,0.4666666666666667,0.5333333333333333,,,,,,,
simgp_rich,random,5,407,0.07628815263424038,0.0588652044586778,0.375,0.75,0.5,4,0.9666666666666667,0.9,0.9666666666666667,1.0,,,,,,,
pinn_rich,random,5,407,0.2743797067364328,0.16765447433919534,0.375,0.75,0.5,4,0.23333333333333334,0.1,0.16666666666666666,0.3,,,,,,,
mean_of_samples,random,5,407,0.2728118976021982,0.15971254070478652,1.0,0.0,0.0,4,,,,,,,,,,,
nearest_sample,random,5,407,0.25664264895485234,0.16594391375900494,0.3,0.75,0.4285714285714285,4,,,,,,,,,,,
decay_only,random,5,407,0.28513702930555296,0.16918785951265664,0.0,0.0,0.0,4,,,,,,,,,,,
simgp_core,random,6,407,0.09178918969433184,0.07461602116410924,0.2857142857142857,0.6666666666666666,0.4,3,0.9655172413793104,0.8275862068965517,0.9655172413793104,0.9655172413793104,0.1,1.0,0.0,1.15,1.1,0.9,0.8333333333333334
simgp_core_nogp,random,6,407,0.08987875576621546,0.07622796776227654,0.25,0.6666666666666666,0.36363636363636365,3,0.896551724137931,0.3103448275862069,0.7931034482758621,0.9655172413793104,,,,,,,
simgp_core_g75,random,6,407,0.08288904710880066,0.06909232628435123,0.375,1.0,0.5454545454545454,3,0.9310344827586207,0.6551724137931034,0.9310344827586207,0.9655172413793104,,,,,,,
physgp_core,random,6,407,0.2826130163620502,0.15634517228734976,0.2857142857142857,0.6666666666666666,0.4,3,0.5517241379310345,0.41379310344827586,0.4482758620689655,0.5862068965517241,,,,,,,
physgp_rich,random,6,407,0.28999779549777466,0.17597613085498104,0.2222222222222222,0.6666666666666666,0.3333333333333333,3,0.5172413793103449,0.3103448275862069,0.4827586206896552,0.5862068965517241,,,,,,,
simgp_rich,random,6,407,0.10745636460124729,0.0797563836472652,0.4,0.6666666666666666,0.5,3,1.0,0.6206896551724138,0.9655172413793104,1.0,,,,,,,
mean_of_samples,random,6,407,0.2865729985849002,0.17434209653587132,1.0,0.0,0.0,3,,,,,,,,,,,
nearest_sample,random,6,407,0.2611871417288599,0.17235335738047527,0.2222222222222222,0.6666666666666666,0.3333333333333333,3,,,,,,,,,,,
decay_only,random,6,407,0.2882741927254751,0.18213446150066212,0.125,0.6666666666666666,0.21052631578947367,3,,,,,,,,,,,
simgp_core,random,7,407,0.14272522837757837,0.09135967634525234,0.4,0.6666666666666666,0.5,3,0.8928571428571429,0.6785714285714286,0.8571428571428571,0.9285714285714286,0.1,0.6,0.5,1.15,0.9,0.9,0.8333333333333334
simgp_core_nogp,random,7,407,0.08801729377993177,0.07043673812109716,0.3333333333333333,0.6666666666666666,0.4444444444444444,3,0.9285714285714286,0.5,0.7857142857142857,1.0,,,,,,,
simgp_core_g75,random,7,407,0.18517343985302978,0.11678857968175567,0.6,1.0,0.7499999999999999,3,0.75,0.42857142857142855,0.7142857142857143,0.8571428571428571,,,,,,,
physgp_core,random,7,407,0.28436174536719216,0.16590009752375787,0.3333333333333333,0.6666666666666666,0.4444444444444444,3,0.5,0.21428571428571427,0.42857142857142855,0.6071428571428571,,,,,,,
physgp_rich,random,7,407,0.29585586141903,0.17698529687806777,0.2,0.6666666666666666,0.30769230769230765,3,0.5,0.25,0.39285714285714285,0.5714285714285714,,,,,,,
simgp_rich,random,7,407,0.12629012647429763,0.08669191174541699,0.3333333333333333,0.6666666666666666,0.4444444444444444,3,0.9285714285714286,0.6071428571428571,0.8571428571428571,0.9642857142857143,,,,,,,
mean_of_samples,random,7,407,0.28354303157653943,0.1687073210256318,1.0,0.0,0.0,3,,,,,,,,,,,
nearest_sample,random,7,407,0.2517190141808181,0.1582601809305922,0.2857142857142857,0.6666666666666666,0.4,3,,,,,,,,,,,
decay_only,random,7,407,0.28906284103347346,0.17704146595943973,1.0,0.0,0.0,3,,,,,,,,,,,
simgp_core,random,8,407,0.08625032270597373,0.055703057063684114,0.4,0.6666666666666666,0.5,3,0.9629629629629629,0.8888888888888888,0.9629629629629629,0.9629629629629629,0.1,0.6,1.0,1.15,1.1,1.1,0.8333333333333334
simgp_core_nogp,random,8,407,0.07784104360848683,0.05718308915852769,0.4,0.6666666666666666,0.5,3,0.9629629629629629,0.7777777777777778,0.9259259259259259,1.0,,,,,,,
simgp_core_g75,random,8,407,0.08592624187539484,0.055000657615006755,0.5,1.0,0.6666666666666666,3,0.9629629629629629,0.7777777777777778,0.9259259259259259,0.9629629629629629,,,,,,,
physgp_core,random,8,407,0.1600425302561389,0.09212957731469201,0.25,0.6666666666666666,0.36363636363636365,3,0.6666666666666666,0.3333333333333333,0.5555555555555556,0.7407407407407407,,,,,,,
physgp_rich,random,8,407,0.21777943559262783,0.1364348962924538,0.2,0.3333333333333333,0.25,3,0.7037037037037037,0.3333333333333333,0.5185185185185185,0.7407407407407407,,,,,,,
simgp_rich,random,8,407,0.07985176717833427,0.05414133163016591,0.5,0.3333333333333333,0.4,3,0.9629629629629629,0.8148148148148148,0.9629629629629629,0.9629629629629629,,,,,,,
pinn_rich,random,8,407,0.1638636399455181,0.10940728331074408,0.25,0.6666666666666666,0.36363636363636365,3,0.3333333333333333,0.18518518518518517,0.25925925925925924,0.3333333333333333,,,,,,,
mean_of_samples,random,8,407,0.2504550039100883,0.1432248131764449,1.0,0.0,0.0,3,,,,,,,,,,,
nearest_sample,random,8,407,0.19331324571339079,0.1245235168010413,0.2857142857142857,0.6666666666666666,0.4,3,,,,,,,,,,,
decay_only,random,8,407,0.23592260507635104,0.141854442865372,1.0,0.3333333333333333,0.5,3,,,,,,,,,,,
simgp_core,random,9,407,0.08211920128324071,0.04936367850648164,0.4,0.6666666666666666,0.5,3,0.9615384615384616,0.8461538461538461,0.9615384615384616,0.9615384615384616,0.1,0.6,1.0,1.15,1.1,1.1,0.8333333333333334
simgp_core_nogp,random,9,407,0.07386823496659475,0.050949047080937164,0.5,0.6666666666666666,0.5714285714285715,3,0.9615384615384616,0.8461538461538461,0.9615384615384616,0.9615384615384616,,,,,,,
simgp_core_g75,random,9,407,0.07936982131273539,0.045118607465121786,0.5,1.0,0.6666666666666666,3,0.9230769230769231,0.6923076923076923,0.9230769230769231,0.9615384615384616,,,,,,,
physgp_core,random,9,407,0.1006594983610093,0.07572217694581332,0.5,0.6666666666666666,0.5714285714285715,3,0.23076923076923078,0.11538461538461539,0.19230769230769232,0.38461538461538464,,,,,,,
physgp_rich,random,9,407,0.17082469664220712,0.08930765072937549,0.3333333333333333,0.6666666666666666,0.4444444444444444,3,0.8076923076923077,0.5,0.7692307692307693,0.8461538461538461,,,,,,,
simgp_rich,random,9,407,0.07153261173356552,0.04344825519863357,0.5,0.3333333333333333,0.4,3,0.9615384615384616,0.8461538461538461,0.9615384615384616,0.9615384615384616,,,,,,,
mean_of_samples,random,9,407,0.21845530416527062,0.1510988142651695,1.0,0.0,0.0,3,,,,,,,,,,,
nearest_sample,random,9,407,0.1941063381058007,0.13507998783026356,0.2857142857142857,0.6666666666666666,0.4,3,,,,,,,,,,,
decay_only,random,9,407,0.1872560511335604,0.1129247558415028,1.0,0.3333333333333333,0.5,3,,,,,,,,,,,
simgp_core,random,10,407,0.08460274219160618,0.04967395959349042,0.4,0.6666666666666666,0.5,3,0.96,0.84,0.96,0.96,0.1,0.6,1.0,1.15,1.1,1.1,0.8333333333333334
simgp_core_nogp,random,10,407,0.07609809122617542,0.05221541219805533,0.5,0.6666666666666666,0.5714285714285715,3,0.96,0.84,0.96,0.96,,,,,,,
simgp_core_g75,random,10,407,0.0820674291559244,0.04693840294277182,0.5,1.0,0.6666666666666666,3,0.92,0.64,0.88,0.92,,,,,,,
physgp_core,random,10,407,0.09605004984041302,0.0702601315843687,0.5,0.3333333333333333,0.4,3,0.44,0.12,0.32,0.48,,,,,,,
physgp_rich,random,10,407,0.1730266034494453,0.08869420251297018,0.3333333333333333,0.6666666666666666,0.4444444444444444,3,0.84,0.52,0.8,0.92,,,,,,,
simgp_rich,random,10,407,0.07512554008730431,0.04820950723216181,0.5,0.6666666666666666,0.5714285714285715,3,0.96,0.84,0.96,0.96,,,,,,,
pinn_rich,random,10,407,0.14457702662920793,0.1022905000704958,0.6666666666666666,0.6666666666666666,0.6666666666666666,3,0.28,0.08,0.24,0.44,,,,,,,
mean_of_samples,random,10,407,0.22277251443428484,0.14918423875303083,1.0,0.0,0.0,3,,,,,,,,,,,
nearest_sample,random,10,407,0.1950990519199079,0.13235129585465596,0.5,0.6666666666666666,0.5714285714285715,3,,,,,,,,,,,
decay_only,random,10,407,0.19034300610446708,0.11478066849111954,1.0,0.3333333333333333,0.5,3,,,,,,,,,,,
simgp_core,random,11,407,0.07943807827686013,0.04543764678305796,0.5,0.6666666666666666,0.5714285714285715,3,0.9583333333333334,0.8333333333333334,0.9583333333333334,0.9583333333333334,0.25,0.3,1.0,1.15,1.1,1.1,0.8333333333333334
simgp_core_nogp,random,11,407,0.07707424777916097,0.04814334148356015,0.5,0.6666666666666666,0.5714285714285715,3,0.9583333333333334,0.875,0.9583333333333334,0.9583333333333334,,,,,,,
simgp_core_g75,random,11,407,0.07965241451946323,0.043903444589012464,0.6,1.0,0.7499999999999999,3,0.9166666666666666,0.6666666666666666,0.875,0.9166666666666666,,,,,,,
physgp_core,random,11,407,0.09517045411824496,0.06809245879021902,0.5,0.3333333333333333,0.4,3,0.5,0.25,0.4583333333333333,0.7916666666666666,,,,,,,
physgp_rich,random,11,407,0.1615097200302636,0.07915995908182448,0.4,0.6666666666666666,0.5,3,0.9583333333333334,0.5833333333333334,0.9166666666666666,0.9583333333333334,,,,,,,
simgp_rich,random,11,407,0.0810811295432888,0.0471766853156634,0.3333333333333333,0.3333333333333333,0.3333333333333333,3,0.9583333333333334,0.8333333333333334,0.9583333333333334,0.9583333333333334,,,,,,,
mean_of_samples,random,11,407,0.2202448525000671,0.16121076421263078,1.0,0.0,0.0,3,,,,,,,,,,,
nearest_sample,random,11,407,0.18733818404351393,0.12210458189419754,0.5,0.6666666666666666,0.5714285714285715,3,,,,,,,,,,,
decay_only,random,11,407,0.1788280988808155,0.1099595016832694,1.0,0.3333333333333333,0.5,3,,,,,,,,,,,
simgp_core,random,12,407,0.08911645819509063,0.05759867558750419,0.5,1.0,0.6666666666666666,3,0.9130434782608695,0.7391304347826086,0.782608695652174,0.9565217391304348,0.25,0.3,1.0,1.15,1.1,1.1,1.0
simgp_core_nogp,random,12,407,0.07952698549321126,0.049289660049537776,0.5,0.6666666666666666,0.5714285714285715,3,0.9565217391304348,0.8260869565217391,0.9565217391304348,0.9565217391304348,,,,,,,
simgp_core_g75,random,12,407,0.0842300713055071,0.05361727242171138,0.6,1.0,0.7499999999999999,3,0.8695652173913043,0.6086956521739131,0.7391304347826086,0.9130434782608695,,,,,,,
physgp_core,random,12,407,0.08977201070911864,0.060888652020567695,0.4,0.6666666666666666,0.5,3,0.6521739130434783,0.2608695652173913,0.5652173913043478,0.6956521739130435,,,,,,,
physgp_rich,random,12,407,0.1659567635235591,0.08283655569715831,0.3333333333333333,0.3333333333333333,0.3333333333333333,3,0.8695652173913043,0.4782608695652174,0.8260869565217391,0.9565217391304348,,,,,,,
simgp_rich,random,12,407,0.08335837751825062,0.04860981577396351,0.3333333333333333,0.3333333333333333,0.3333333333333333,3,0.9565217391304348,0.8260869565217391,0.9130434782608695,0.9565217391304348,,,,,,,
pinn_rich,random,12,407,0.13806087575803275,0.09429412891295894,0.6666666666666666,0.6666666666666666,0.6666666666666666,3,0.391304347826087,0.21739130434782608,0.34782608695652173,0.43478260869565216,,,,,,,
mean_of_samples,random,12,407,0.223498470670348,0.16007976829151688,1.0,0.0,0.0,3,,,,,,,,,,,
nearest_sample,random,12,407,0.19085235253272315,0.12514235003507648,0.5,0.6666666666666666,0.5714285714285715,3,,,,,,,,,,,
decay_only,random,12,407,0.1819153533634832,0.11071645426278756,1.0,0.3333333333333333,0.5,3,,,,,,,,,,,
simgp_core,random,13,407,0.09216978804784619,0.0588504932131038,0.3333333333333333,0.5,0.4,2,0.9545454545454546,0.8636363636363636,0.9090909090909091,0.9545454545454546,0.1,1.0,0.0,1.15,1.0,1.1,0.8333333333333334
simgp_core_nogp,random,13,407,0.07739553451167357,0.04569972780981559,0.3333333333333333,0.5,0.4,2,0.9545454545454546,0.8181818181818182,0.9545454545454546,0.9545454545454546,,,,,,,
simgp_core_g75,random,13,407,0.08046141754216284,0.044025463537294106,0.5,1.0,0.6666666666666666,2,0.9090909090909091,0.7272727272727273,0.9090909090909091,0.9545454545454546,,,,,,,
physgp_core,random,13,407,0.10062913162611084,0.06449095383918337,0.0,0.0,0.0,2,0.9090909090909091,0.45454545454545453,0.9090909090909091,0.9545454545454546,,,,,,,
physgp_rich,random,13,407,0.1661808871104994,0.08017186449887369,0.0,0.0,0.0,2,0.9090909090909091,0.6363636363636364,0.9090909090909091,0.9545454545454546,,,,,,,
simgp_rich,random,13,407,0.08015300860521245,0.047608531969142914,0.0,0.0,0.0,2,0.9545454545454546,0.9090909090909091,0.9090909090909091,0.9545454545454546,,,,,,,
mean_of_samples,random,13,407,0.2237572107135083,0.14989279730365201,1.0,0.0,0.0,2,,,,,,,,,,,
nearest_sample,random,13,407,0.19513526929844563,0.13049275019006992,0.3333333333333333,0.5,0.4,2,,,,,,,,,,,
decay_only,random,13,407,0.18552353433671387,0.11527194806804188,1.0,0.0,0.0,2,,,,,,,,,,,
simgp_core,random,14,407,0.09322196444795856,0.06162871028845968,0.3333333333333333,0.5,0.4,2,0.9523809523809523,0.8095238095238095,0.9047619047619048,0.9523809523809523,0.1,1.0,0.0,1.15,1.0,1.1,0.8333333333333334
simgp_core_nogp,random,14,407,0.08088935117581039,0.046345155693094484,0.3333333333333333,0.5,0.4,2,0.9523809523809523,0.8095238095238095,0.9523809523809523,0.9523809523809523,,,,,,,
simgp_core_g75,random,14,407,0.09445006660950181,0.05898842291067953,0.6666666666666666,1.0,0.8,2,0.8095238095238095,0.6666666666666666,0.8095238095238095,0.8571428571428571,,,,,,,
physgp_core,random,14,407,0.09866072103400451,0.06013273688441181,0.0,0.0,0.0,2,0.9047619047619048,0.5714285714285714,0.8095238095238095,0.9047619047619048,,,,,,,
physgp_rich,random,14,407,0.1689854801588891,0.08059188736054967,0.0,0.0,0.0,2,0.9047619047619048,0.6190476190476191,0.8571428571428571,0.9523809523809523,,,,,,,
simgp_rich,random,14,407,0.080719286763409,0.0474755415216781,0.0,0.0,0.0,2,0.9523809523809523,0.9047619047619048,0.9523809523809523,0.9523809523809523,,,,,,,
mean_of_samples,random,14,407,0.228694657964052,0.15111606275332642,1.0,0.0,0.0,2,,,,,,,,,,,
nearest_sample,random,14,407,0.17051307711609598,0.11396203208346484,0.3333333333333333,0.5,0.4,2,,,,,,,,,,,
decay_only,random,14,407,0.18931472179691122,0.11754185636773469,1.0,0.0,0.0,2,,,,,,,,,,,
simgp_core,random,15,407,0.10042603751795243,0.0615363581790607,0.3333333333333333,0.5,0.4,2,0.95,0.85,0.95,0.95,0.1,0.3,1.0,1.0,1.0,1.0,0.8333333333333334
simgp_core_nogp,random,15,407,0.08115402469450515,0.043360688147602175,0.5,0.5,0.5,2,0.95,0.9,0.95,0.95,,,,,,,
simgp_core_g75,random,15,407,0.08903861650032212,0.04764474332604092,0.6666666666666666,1.0,0.8,2,0.9,0.6,0.85,0.9,,,,,,,
physgp_core,random,15,407,0.10809157111398544,0.06358681220755949,0.0,0.0,0.0,2,0.85,0.5,0.75,0.85,,,,,,,
physgp_rich,random,15,407,0.16628623570947407,0.07782878939196215,0.0,0.0,0.0,2,0.9,0.6,0.85,0.95,,,,,,,
simgp_rich,random,15,407,0.08031681161772387,0.04569189057856443,0.0,0.0,0.0,2,0.95,0.9,0.95,0.95,,,,,,,
pinn_rich,random,15,407,0.1791610796076199,0.12065471016771012,0.5,0.5,0.5,2,0.4,0.25,0.35,0.45,,,,,,,
mean_of_samples,random,15,407,0.22969999346956405,0.15635660956239497,1.0,0.0,0.0,2,,,,,,,,,,,
nearest_sample,random,15,407,0.14787377236395322,0.10201305980769888,0.3333333333333333,0.5,0.4,2,,,,,,,,,,,
decay_only,random,15,407,0.18907225244646514,0.11807623867785147,1.0,0.0,0.0,2,,,,,,,,,,,
simgp_core,uncertainty,3,407,0.0816849319088288,0.07275443673819798,0.25,0.6,0.35294117647058826,5,0.96875,0.34375,0.96875,1.0,0.1,1.0,0.0,1.15,0.9,0.9,0.6666666666666666
simgp_core,uncertainty,4,407,0.1444402421282151,0.09222172038490402,0.45454545454545453,1.0,0.625,5,0.7741935483870968,0.6129032258064516,0.7419354838709677,0.8064516129032258,0.1,0.6,0.5,1.0,1.1,0.9,1.0
simgp_core,uncertainty,5,407,0.1267890667191033,0.08083305561697425,0.5,0.8,0.6153846153846154,5,0.7333333333333333,0.6333333333333333,0.7333333333333333,0.8,0.1,0.6,0.5,1.0,1.1,0.9,0.8333333333333334
simgp_core,uncertainty,6,407,0.14201309839788487,0.08986963471933321,0.6,0.75,0.6666666666666665,4,0.6896551724137931,0.6206896551724138,0.6896551724137931,0.7586206896551724,0.1,0.6,0.0,1.0,1.0,0.9,0.8333333333333334
simgp_core,uncertainty,7,407,0.13128341053366543,0.08601303144786299,0.3333333333333333,0.3333333333333333,0.3333333333333333,3,0.7142857142857143,0.6428571428571429,0.7142857142857143,0.8214285714285714,0.1,0.6,0.0,1.0,1.1,0.9,0.5
simgp_core,uncertainty,8,407,0.1312296892888368,0.08569233112828684,0.2,0.3333333333333333,0.25,3,0.7037037037037037,0.6296296296296297,0.7037037037037037,0.8148148148148148,0.1,0.6,0.0,1.0,1.1,0.9,0.5
simgp_core,uncertainty,9,407,0.10404905292646788,0.08545666698614687,0.2,1.0,0.33333333333333337,2,0.8076923076923077,0.6923076923076923,0.8076923076923077,0.8846153846153846,0.1,0.6,0.5,1.0,1.1,0.9,0.8333333333333334
simgp_core,uncertainty,10,407,0.09666595765052476,0.07729445503664636,0.125,1.0,0.2222222222222222,1,0.8,0.76,0.8,0.84,0.1,0.6,0.0,1.0,1.1,0.9,0.8333333333333334
simgp_core,uncertainty,11,407,0.18633012519014203,0.12194656795683768,0.5,1.0,0.6666666666666666,1,0.7083333333333334,0.625,0.6666666666666666,0.7083333333333334,0.1,0.6,0.0,1.0,1.1,0.9,0.8333333333333334
simgp_core,uncertainty,12,407,0.19992062922512335,0.13443749434880073,0.5,1.0,0.6666666666666666,1,0.6956521739130435,0.5217391304347826,0.6086956521739131,0.6956521739130435,0.1,0.6,0.0,1.0,1.1,0.9,0.8333333333333334
simgp_core,uncertainty,13,407,0.1391923933880833,0.09704869237154022,0.0,0.0,0.0,1,0.6818181818181818,0.5454545454545454,0.6363636363636364,0.7272727272727273,0.1,0.6,0.0,1.0,1.1,0.9,0.6666666666666666
simgp_core,uncertainty,14,407,0.13216594028032355,0.09569600891370839,0.5,1.0,0.6666666666666666,1,0.6666666666666666,0.38095238095238093,0.6190476190476191,0.8095238095238095,0.1,0.6,0.0,1.0,1.1,0.9,0.8333333333333334
simgp_core,uncertainty,15,407,0.08365737275888009,0.06150371635964839,0.3333333333333333,1.0,0.5,1,0.9,0.85,0.9,0.95,0.1,0.6,0.0,1.0,1.1,0.9,0.8333333333333334
simgp_core,straddle,3,407,0.10630786061858653,0.07868027915850345,0.3333333333333333,0.6,0.42857142857142855,5,0.9375,0.65625,0.84375,1.0,0.1,0.6,0.5,1.15,1.0,0.9,0.6666666666666666
simgp_core,straddle,4,407,0.13358933111128,0.09000039565466794,0.4444444444444444,0.8,0.5714285714285714,5,0.7741935483870968,0.5806451612903226,0.7096774193548387,0.8064516129032258,0.1,1.0,0.0,1.15,1.0,0.9,0.8333333333333334
simgp_core,straddle,5,407,0.13447814780469913,0.09170682523387405,0.375,0.75,0.5,4,0.7666666666666667,0.5666666666666667,0.7333333333333333,0.8,0.1,0.6,0.0,1.0,1.1,0.9,0.8333333333333334
simgp_core,straddle,6,407,0.07655005104223804,0.06392368395518541,0.3333333333333333,0.75,0.46153846153846156,4,0.9655172413793104,0.5862068965517241,0.9655172413793104,0.9655172413793104,0.1,0.6,0.0,1.0,1.1,0.9,0.8333333333333334
simgp_core,straddle,7,407,0.0775480769813426,0.06500984833786293,0.42857142857142855,0.75,0.5454545454545454,4,0.9642857142857143,0.5714285714285714,0.9642857142857143,0.9642857142857143,0.1,0.6,0.0,1.0,1.1,0.9,0.8333333333333334
simgp_core,straddle,8,407,0.1384202293032352,0.093583573952331,0.42857142857142855,0.75,0.5454545454545454,4,0.6666666666666666,0.5555555555555556,0.6666666666666666,0.7407407407407407,0.1,0.6,0.0,1.0,1.1,0.9,0.8333333333333334
simgp_core,straddle,9,407,0.13922444863617706,0.09537759936588304,0.3333333333333333,0.6666666666666666,0.4444444444444444,3,0.6538461538461539,0.46153846153846156,0.6538461538461539,0.6923076923076923,0.1,0.6,0.0,1.0,1.1,0.9,0.8333333333333334
simgp_core,straddle,10,407,0.16678274177867444,0.11128430319243648,0.2857142857142857,1.0,0.4444444444444445,2,0.72,0.48,0.68,0.72,0.1,0.6,0.0,1.0,1.1,0.9,1.0
simgp_core,straddle,11,407,0.16654057710467335,0.10594304678571748,0.3333333333333333,1.0,0.5,2,0.6666666666666666,0.5416666666666666,0.6666666666666666,0.7083333333333334,0.1,0.6,0.0,1.0,1.1,0.9,1.0
simgp_core,straddle,12,407,0.05217405101137614,0.037394834139366,0.3333333333333333,0.5,0.4,2,1.0,0.8695652173913043,1.0,1.0,0.1,0.6,0.0,1.0,1.1,0.9,0.8333333333333334
simgp_core,straddle,13,407,0.10527549630680577,0.06882691659990106,0.5,1.0,0.6666666666666666,2,0.7727272727272727,0.6363636363636364,0.6818181818181818,0.8636363636363636,0.1,0.6,0.0,1.0,1.1,0.9,1.0
simgp_core,straddle,14,407,0.11194495825909206,0.07283726043920995,0.6666666666666666,1.0,0.8,2,0.7142857142857143,0.6190476190476191,0.6666666666666666,0.8095238095238095,0.1,0.6,0.0,1.0,1.1,0.9,1.0
simgp_core,straddle,15,407,0.05520479978920651,0.03620215007716952,1.0,1.0,1.0,2,1.0,0.9,1.0,1.0,0.1,0.6,0.0,1.0,1.1,0.9,1.0
