model,strategy,n,seed,rmse_min,precision_min,recall_min,f1_min,n_true_viol_min,coverage90_min,mae_min,bias_min,tp_min,fp_min,coverage50_min,coverage80_min,coverage95_min,rmse_night,recall_night,coverage90_night,map_kb,map_kw,map_gamma,map_demand,map_rough,map_dose
simgp24,random,3,400,0.04778426625762803,0.6956521739130435,0.8888888888888888,0.7804878048780488,18,1.0,0.040060121621787924,-0.023757333393752977,16,7,0.71875,0.9375,1.0,0.0634563953098977,0.6,1.0,0.25,0.3,0.5,1.15,0.9,1.0
simgp24_g75,random,3,400,0.03850916687995283,0.7619047619047619,0.8888888888888888,0.8205128205128205,18,0.96875,0.02729777327928247,-0.009913692140797988,16,5,0.65625,0.90625,1.0,,,,,,,,,
simgp_timeblind,random,3,400,0.16267637171262894,1.0,0.2222222222222222,0.3636363636363636,18,0.78125,0.10879098314486814,0.10866466916930154,4,0,,,,0.41058614656750264,0.6,0.3125,,,,,,
mean_of_samples,random,3,400,0.24571293955740073,1.0,0.0,0.0,18,0.0,0.21886770492547913,0.08444182926062904,0,0,,,,0.45599716078838787,0.0,0.0,,,,,,
simgp24,random,4,400,0.043389214731028664,0.7142857142857143,0.8823529411764706,0.7894736842105262,17,1.0,0.035881488317266966,-0.018442087910621394,15,6,0.7096774193548387,0.967741935483871,1.0,0.06645011358209237,0.75,1.0,0.1,0.3,0.0,0.85,1.1,0.9
simgp24_g75,random,4,400,0.06089025308616722,0.6818181818181818,0.8823529411764706,0.7692307692307693,17,0.8387096774193549,0.047354825767486904,-0.04265545457657793,15,7,0.2903225806451613,0.6774193548387096,0.9354838709677419,,,,,,,,,
simgp_timeblind,random,4,400,0.17449073361703596,1.0,0.11764705882352941,0.21052631578947367,17,0.6774193548387096,0.1316763105023926,0.1316763105023926,2,0,,,,0.40179910819140907,0.25,0.2903225806451613,,,,,,
mean_of_samples,random,4,400,0.24176388682272182,1.0,0.0,0.0,17,0.0,0.20924918964702127,0.06459493029747525,0,0,,,,0.47222711693333796,0.0,0.0,,,,,,
simgp24,random,5,400,0.04369712257262607,0.7,0.875,0.7777777777777777,16,0.9666666666666667,0.0359720469035379,-0.018417510664032306,14,6,0.7,0.9,1.0,0.06393255256402569,0.75,1.0,0.1,0.3,0.0,0.85,1.1,0.9
simgp24_g75,random,5,400,0.046312640947371725,0.7777777777777778,0.875,0.823529411764706,16,0.9,0.035115046730448025,-0.01992825584527025,14,4,0.43333333333333335,0.7666666666666667,0.9,,,,,,,,,
simgp_timeblind,random,5,400,0.17335222379598209,1.0,0.125,0.2222222222222222,16,0.7,0.12884177493602492,0.12884177493602492,2,0,,,,0.40403564615398235,0.25,0.3,,,,,,
mean_of_samples,random,5,400,0.24163038411600476,1.0,0.0,0.0,16,0.0,0.20492361259339725,0.05164902643823752,0,0,,,,0.4822746165558131,0.0,0.0,,,,,,
simgp24,random,6,400,0.050898744658702366,0.65,0.8666666666666667,0.7428571428571429,15,0.9310344827586207,0.03979177141234011,-0.03427235671307145,13,7,0.5172413793103449,0.8275862068965517,0.9655172413793104,0.07102772792211623,0.75,1.0,0.1,0.3,1.0,1.0,1.0,1.0
simgp24_g75,random,6,400,0.04963622524031098,0.7647058823529411,0.8666666666666667,0.8125,15,0.8275862068965517,0.03781953862356364,-0.022668351087802286,13,4,0.3793103448275862,0.7241379310344828,0.8620689655172413,,,,,,,,,
simgp_timeblind,random,6,400,0.18738651788536237,1.0,0.13333333333333333,0.23529411764705882,15,0.6896551724137931,0.14355158557489384,0.14355158557489384,2,0,,,,0.40267174109618586,0.25,0.27586206896551724,,,,,,
mean_of_samples,random,6,400,0.24274083681057057,1.0,0.0,0.0,15,0.0,0.20399575839633183,0.04443631353882689,0,0,,,,0.4917194013837823,0.0,0.0,,,,,,
simgp24,random,7,400,0.04467424886699794,0.631578947368421,0.8571428571428571,0.7272727272727273,14,0.9642857142857143,0.03551402278785654,-0.019534663295546532,12,7,0.5357142857142857,0.8571428571428571,1.0,0.06401170078088417,0.75,1.0,0.1,0.3,0.5,1.0,1.0,0.9
simgp24_g75,random,7,400,0.0529465039389378,0.6666666666666666,0.8571428571428571,0.75,14,0.7857142857142857,0.03992716715785744,-0.026066274614112855,12,6,0.32142857142857145,0.5714285714285714,0.8214285714285714,,,,,,,,,
simgp_timeblind,random,7,400,0.1832991988585704,1.0,0.14285714285714285,0.25,14,0.7142857142857143,0.1373868437816508,0.1373868437816508,2,0,,,,0.40986474651712307,0.25,0.42857142857142855,,,,,,
mean_of_samples,random,7,400,0.24334102733046975,1.0,0.0,0.0,14,0.0,0.1988805347125413,0.0289376516066967,0,0,,,,0.5055573291916657,0.0,0.0,,,,,,
simgp24,random,8,400,0.04666881399400292,0.6111111111111112,0.8461538461538461,0.7096774193548387,13,0.9629629629629629,0.0376581877802319,-0.020882629730604403,11,7,0.5185185185185185,0.8518518518518519,0.9629629629629629,0.06770348566819807,0.6666666666666666,1.0,0.1,0.3,0.5,1.0,1.0,0.9
simgp24_g75,random,8,400,0.05248659351636579,0.6875,0.8461538461538461,0.7586206896551724,13,0.7777777777777778,0.03963027032676348,-0.02270938636199985,11,5,0.37037037037037035,0.5925925925925926,0.8518518518518519,,,,,,,,,
simgp_timeblind,random,8,400,0.1596025173992397,1.0,0.15384615384615385,0.2666666666666667,13,0.7037037037037037,0.11949867747882927,0.11949867747882927,2,0,,,,0.41366883143271194,0.3333333333333333,0.4074074074074074,,,,,,
mean_of_samples,random,8,400,0.24735004460994672,1.0,0.0,0.0,13,0.0,0.20937116303638548,0.04144965742390906,0,0,,,,0.5003616265259274,0.0,0.0,,,,,,
simgp24,random,9,400,0.04774208720761233,0.5882352941176471,0.8333333333333334,0.6896551724137931,12,0.9615384615384616,0.03799103596567702,-0.02168568523345313,10,7,0.5384615384615384,0.8076923076923077,0.9615384615384616,0.07093596101751007,0.6666666666666666,1.0,0.1,0.3,0.5,1.0,1.0,0.9
simgp24_g75,random,9,400,0.05397194555361281,0.6666666666666666,0.8333333333333334,0.7407407407407408,12,0.7692307692307693,0.04140403293073714,-0.023811510577998216,10,5,0.34615384615384615,0.5769230769230769,0.7692307692307693,,,,,,,,,
simgp_timeblind,random,9,400,0.20844997410515925,1.0,0.08333333333333333,0.15384615384615385,12,0.6153846153846154,0.16685704318838274,0.16685704318838274,1,0,,,,0.3449344964458761,0.3333333333333333,0.5384615384615384,,,,,,
mean_of_samples,random,9,400,0.2613347301560134,1.0,0.0,0.0,12,0.0,0.23665327138735723,0.08359579399596248,0,0,,,,0.46257927423574036,0.0,0.0,,,,,,
simgp24,random,10,400,0.05480828022552646,0.5625,0.8181818181818182,0.6666666666666666,11,0.92,0.04413652849614851,-0.028642558890287287,9,7,0.36,0.8,0.96,0.08798333736561437,1.0,1.0,0.1,0.3,1.0,1.0,0.9,1.05
simgp24_g75,random,10,400,0.061940427451193235,0.5625,0.8181818181818182,0.6666666666666666,11,0.64,0.04930095275856793,-0.03794027223671768,9,7,0.12,0.44,0.8,,,,,,,,,
simgp_timeblind,random,10,400,0.21069503949256563,1.0,0.09090909090909091,0.16666666666666669,11,0.64,0.16804101244089087,0.16804101244089087,1,0,,,,0.3415362189812164,0.3333333333333333,0.56,,,,,,
mean_of_samples,random,10,400,0.2596046068447875,1.0,0.0,0.0,11,0.0,0.23122927532220874,0.06645056385308111,0,0,,,,0.47587471472623655,0.0,0.0,,,,,,
simgp24,random,11,400,0.05344336339060622,0.5625,0.8181818181818182,0.6666666666666666,11,0.875,0.04277564964825146,-0.027075597439766452,9,7,0.4166666666666667,0.75,0.9166666666666666,0.07796981095127109,1.0,1.0,0.1,0.3,1.0,1.0,0.9,1.05
simgp24_g75,random,11,400,0.054169304849493824,0.6923076923076923,0.8181818181818182,0.7500000000000001,11,0.6666666666666666,0.03987594252053734,-0.024009539267166622,9,4,0.375,0.5416666666666666,0.75,,,,,,,,,
simgp_timeblind,random,11,400,0.22220485198554857,1.0,0.09090909090909091,0.16666666666666669,11,0.625,0.1832687398120362,0.1832687398120362,1,0,,,,0.33688824875432866,0.3333333333333333,0.5416666666666666,,,,,,
mean_of_samples,random,11,400,0.27317451654069513,1.0,0.0,0.0,11,0.0,0.2515837383495508,0.1189934372170462,0,0,,,,0.4457224438236939,0.0,0.0,,,,,,
simgp24,random,12,400,0.04614428476301117,0.5333333333333333,0.8,0.64,10,0.9130434782608695,0.0376118180158328,-0.019664517510533906,8,7,0.6521739130434783,0.9130434782608695,1.0,0.06541008901689911,0.6666666666666666,1.0,0.1,0.3,0.0,0.85,1.0,0.9
simgp24_g75,random,12,400,0.060406544016023356,0.5333333333333333,0.8,0.64,10,0.6956521739130435,0.0454518621669664,-0.02597570197133101,8,7,0.34782608695652173,0.6086956521739131,0.782608695652174,,,,,,,,,
simgp_timeblind,random,12,400,0.22126062774515276,1.0,0.2,0.33333333333333337,10,0.6086956521739131,0.17893039478790368,0.17893039478790368,2,0,,,,0.3515916997973046,0.3333333333333333,0.43478260869565216,,,,,,
mean_of_samples,random,12,400,0.26611613745943374,1.0,0.0,0.0,10,0.0,0.23967990045753207,0.09201039479158753,0,0,,,,0.46722880806677675,0.0,0.0,,,,,,
simgp24,random,13,400,0.046140380943442055,0.5333333333333333,0.8,0.64,10,0.9090909090909091,0.035387235471345375,-0.023771728287214456,8,7,0.6363636363636364,0.9090909090909091,0.9545454545454546,0.06973233654758366,0.6666666666666666,1.0,0.1,0.3,0.0,0.85,1.0,0.9
simgp24_g75,random,13,400,0.0615679295236122,0.5333333333333333,0.8,0.64,10,0.6818181818181818,0.046954263391543266,-0.031047071137484707,8,7,0.2727272727272727,0.5909090909090909,0.7272727272727273,,,,,,,,,
simgp_timeblind,random,13,400,0.2136448429337828,1.0,0.2,0.33333333333333337,10,0.5909090909090909,0.16537120953605997,0.16537120953605997,2,0,,,,0.36272581013605737,0.3333333333333333,0.3181818181818182,,,,,,
mean_of_samples,random,13,400,0.27798270613328285,1.0,0.0,0.0,10,0.0,0.2554570575301152,0.1250196435480672,0,0,,,,0.44046754523115333,0.0,0.0,,,,,,
simgp24,random,14,400,0.04536051549028218,0.5333333333333333,0.8,0.64,10,0.9047619047619048,0.03479307931021062,-0.02053759334795315,8,7,0.6190476190476191,0.9047619047619048,0.9523809523809523,0.07074088247614417,0.6666666666666666,1.0,0.1,0.3,0.0,0.85,1.0,0.9
simgp24_g75,random,14,400,0.05407928074895441,0.5714285714285714,0.8,0.6666666666666666,10,0.6666666666666666,0.042655462284360186,-0.025050357284127342,8,6,0.23809523809523808,0.5714285714285714,0.7142857142857143,,,,,,,,,
simgp_timeblind,random,14,400,0.20881740895500078,1.0,0.2,0.33333333333333337,10,0.5714285714285714,0.1600066151268122,0.1600066151268122,2,0,,,,0.36577127218812644,0.3333333333333333,0.3333333333333333,,,,,,
mean_of_samples,random,14,400,0.2783675351134039,1.0,0.0,0.0,10,0.0,0.25424413690265724,0.11374925398636826,0,0,,,,0.44472315269472507,0.0,0.0,,,,,,
simgp24,random,15,400,0.04898820336691801,0.5,0.7777777777777778,0.6086956521739131,9,0.9,0.03708205404440303,-0.023147704960816938,7,7,0.6,0.9,0.95,0.07165620215506169,0.6666666666666666,1.0,0.1,0.3,0.0,0.85,1.1,0.95
simgp24_g75,random,15,400,0.054430230985909926,0.5384615384615384,0.7777777777777778,0.6363636363636364,9,0.65,0.04284323984191824,-0.022809957385753317,7,6,0.25,0.55,0.75,,,,,,,,,
simgp_timeblind,random,15,400,0.21646453887838218,1.0,0.1111111111111111,0.19999999999999998,9,0.5,0.16606863257282695,0.16606863257282695,1,0,,,,0.374464599435878,0.3333333333333333,0.3,,,,,,
mean_of_samples,random,15,400,0.27389154028990537,1.0,0.0,0.0,9,0.0,0.2458011089214339,0.09366776420816017,0,0,,,,0.4629626114717264,0.0,0.0,,,,,,
simgp24,uncertainty,3,400,0.04778426625762803,0.6956521739130435,0.8888888888888888,0.7804878048780488,18,1.0,0.040060121621787924,-0.023757333393752977,16,7,0.71875,0.9375,1.0,0.0634563953098977,0.6,1.0,0.25,0.3,0.5,1.15,0.9,1.0
simgp24,uncertainty,4,400,0.04614391170186347,0.6818181818181818,0.8823529411764706,0.7692307692307693,17,1.0,0.03827828125956695,-0.024810941635580737,15,7,0.7096774193548387,0.9032258064516129,1.0,0.05004182961033777,0.8,1.0,0.25,0.3,0.0,1.0,1.1,1.0
simgp24,uncertainty,5,400,0.06046981059061557,0.7,0.875,0.7777777777777777,16,1.0,0.04715857022233021,-0.005127341404885971,14,6,0.5,0.8333333333333334,1.0,0.08562594941620247,0.8,0.9666666666666667,0.1,0.3,1.0,1.0,1.1,1.05
simgp24,uncertainty,6,400,0.06950256879324902,0.6842105263157895,0.8666666666666667,0.7647058823529413,15,0.9310344827586207,0.045507446144147375,-0.0399229021593612,13,6,0.7241379310344828,0.896551724137931,1.0,0.0574276481482583,0.75,1.0,0.1,0.3,0.0,1.0,1.1,0.9
simgp24,uncertainty,7,400,0.057793264883365406,0.7058823529411765,0.8571428571428571,0.7741935483870968,14,1.0,0.04451859523783048,-0.02229442223585756,12,5,0.6071428571428571,0.9642857142857143,1.0,0.15411954786941717,0.25,1.0,0.1,0.3,0.5,1.0,1.1,0.95
simgp24,uncertainty,8,400,0.03945441032920313,0.7333333333333333,0.8461538461538461,0.7857142857142856,13,1.0,0.02945159447783245,-0.011395870018943191,11,4,0.8518518518518519,0.9629629629629629,1.0,0.07739216067779037,0.75,1.0,0.1,0.3,0.0,1.0,1.1,0.9
simgp24,uncertainty,9,400,0.04629407704363969,0.5882352941176471,0.8333333333333334,0.6896551724137931,12,1.0,0.0364438317777284,-0.025380153296799116,10,7,0.6538461538461539,0.9230769230769231,1.0,0.06478407458196686,0.6666666666666666,1.0,0.1,0.3,0.5,1.0,0.9,0.95
simgp24,uncertainty,10,400,0.04777634856864298,0.6,0.8181818181818182,0.6923076923076923,11,0.92,0.03686184804130846,-0.02256591457737583,9,6,0.64,0.92,1.0,0.08116212600374288,0.6666666666666666,1.0,0.1,0.3,0.0,1.0,0.9,0.9
simgp24,uncertainty,11,400,0.06777581183435767,0.5714285714285714,0.8,0.6666666666666666,10,0.9166666666666666,0.05066424294420709,-0.03851007594074843,8,6,0.5416666666666666,0.8333333333333334,1.0,0.10825511758050776,0.6666666666666666,1.0,0.1,0.3,0.0,1.0,1.1,0.9
simgp24,uncertainty,12,400,0.07056282033082016,0.6363636363636364,0.7777777777777778,0.7000000000000001,9,0.9130434782608695,0.05070470970071923,-0.03735651482268672,7,4,0.5652173913043478,0.9130434782608695,1.0,0.11019041626309402,0.6666666666666666,1.0,0.1,0.3,0.0,1.0,1.1,0.9
simgp24,uncertainty,13,400,0.07027951536247476,0.7777777777777778,0.7777777777777778,0.7777777777777778,9,0.9090909090909091,0.0486938426631835,-0.033194747885763334,7,2,0.6363636363636364,0.8636363636363636,1.0,0.11113159479344797,0.6666666666666666,1.0,0.1,0.3,0.0,1.0,0.9,0.9
simgp24,uncertainty,14,400,0.07233454957239313,0.6666666666666666,0.75,0.7058823529411765,8,0.9047619047619048,0.053064835961314095,-0.038342255345422495,6,3,0.6190476190476191,0.9047619047619048,1.0,0.09831034840688695,0.6666666666666666,1.0,0.1,0.3,0.0,1.0,0.9,0.9
simgp24,uncertainty,15,400,0.05636831163044867,0.75,0.75,0.75,8,0.95,0.04221741520853918,-0.024252276825794235,6,2,0.65,0.8,1.0,0.08826786885538339,0.6666666666666666,1.0,0.1,0.3,0.0,1.0,0.9,0.9
simgp24,straddle,3,400,0.04778426625762803,0.6956521739130435,0.8888888888888888,0.7804878048780488,18,1.0,0.040060121621787924,-0.023757333393752977,16,7,0.71875,0.9375,1.0,0.0634563953098977,0.6,1.0,0.25,0.3,0.5,1.15,0.9,1.0
simgp24,straddle,4,400,0.04070000722534041,0.75,0.8823529411764706,0.8108108108108107,17,1.0,0.031136360495529602,-0.004985719630100717,15,5,0.7741935483870968,0.9354838709677419,1.0,0.042517846725860106,0.6,1.0,0.1,0.3,0.0,0.85,1.0,0.9
simgp24,straddle,5,400,0.04173240028024776,0.7777777777777778,0.875,0.823529411764706,16,1.0,0.03411550059323957,-0.0030288618070819463,14,4,0.6666666666666666,1.0,1.0,0.05829664697882725,0.8,1.0,0.1,0.3,0.5,1.0,1.0,0.9
simgp24,straddle,6,400,0.08725626746522362,0.6818181818181818,1.0,0.8108108108108109,15,0.7931034482758621,0.06626163104821804,-0.06588314562707095,15,7,0.3103448275862069,0.6896551724137931,0.9310344827586207,0.15749665028420326,0.8,1.0,0.1,0.3,0.5,1.0,1.0,0.9
simgp24,straddle,7,400,0.056388749591869215,0.631578947368421,0.8571428571428571,0.7272727272727273,14,0.8571428571428571,0.04485162647405104,-0.010899013566745901,12,7,0.42857142857142855,0.7857142857142857,0.9285714285714286,0.06673036537460207,0.75,1.0,0.1,0.3,0.5,1.0,1.0,0.9
simgp24,straddle,8,400,0.05238581689985925,0.6111111111111112,0.8461538461538461,0.7096774193548387,13,0.8518518518518519,0.04251717289449052,-0.030291522546687412,11,7,0.4074074074074074,0.7037037037037037,0.9259259259259259,0.0888181531881004,0.6666666666666666,0.9629629629629629,0.1,0.3,0.5,1.0,1.0,0.9
simgp24,straddle,9,400,0.052985445038677,0.5882352941176471,0.8333333333333334,0.6896551724137931,12,0.8461538461538461,0.043038312319086273,-0.026109782338478597,10,7,0.34615384615384615,0.6538461538461539,0.9230769230769231,0.08382701039324444,1.0,0.9615384615384616,0.1,0.3,0.5,1.0,1.0,0.9
simgp24,straddle,10,400,0.05548273445498618,0.5625,0.8181818181818182,0.6666666666666666,11,0.8,0.04515634472415855,-0.031722978652827354,9,7,0.36,0.64,0.88,0.08852155865720483,1.0,0.92,0.1,0.3,0.5,1.0,1.0,0.9
simgp24,straddle,11,400,0.048127289543301664,0.5333333333333333,0.8,0.64,10,0.875,0.039195267444737225,-0.02150887056860597,8,7,0.4583333333333333,0.7083333333333334,0.9166666666666666,0.05922067730375168,1.0,1.0,0.1,0.3,0.5,1.0,1.0,0.9
simgp24,straddle,12,400,0.058156641126646834,0.5714285714285714,0.8,0.6666666666666666,10,0.8260869565217391,0.04588573542152395,-0.03612434333123007,8,6,0.6086956521739131,0.8260869565217391,0.9130434782608695,0.06884541152278553,1.0,1.0,0.1,0.3,0.5,1.0,1.0,0.9
simgp24,straddle,13,400,0.06234875806074499,0.5,0.7777777777777778,0.6086956521739131,9,0.8181818181818182,0.04977391323840368,-0.04043759797788716,7,7,0.5454545454545454,0.8181818181818182,0.8636363636363636,0.07024130289870394,1.0,1.0,0.25,0.3,0.0,1.0,0.9,0.95
simgp24,straddle,14,400,0.08609612232325693,0.5384615384615384,0.7777777777777778,0.6363636363636364,9,0.8095238095238095,0.0701966432002161,-0.06705647575952098,7,6,0.38095238095238093,0.7619047619047619,0.9047619047619048,0.06776574764588365,1.0,1.0,0.25,0.3,0.0,1.0,0.9,1.0
simgp24,straddle,15,400,0.05440349210938572,0.5454545454545454,0.75,0.631578947368421,8,0.85,0.04391635315655212,-0.022234190962784738,6,5,0.6,0.8,0.9,0.08004491702252159,1.0,0.95,0.1,0.3,0.5,1.0,1.0,0.9
simgp24,straddle_min,3,400,0.04778426625762803,0.6956521739130435,0.8888888888888888,0.7804878048780488,18,1.0,0.040060121621787924,-0.023757333393752977,16,7,0.71875,0.9375,1.0,0.0634563953098977,0.6,1.0,0.25,0.3,0.5,1.15,0.9,1.0
simgp24,straddle_min,4,400,0.0463851781772669,0.6818181818181818,0.8823529411764706,0.7692307692307693,17,1.0,0.0379248911862887,-0.027274965883936096,15,7,0.6451612903225806,0.9032258064516129,1.0,0.05003098877788365,0.8,1.0,0.25,0.3,0.0,1.0,0.9,1.0
simgp24,straddle_min,5,400,0.05387299523668584,0.7,0.875,0.7777777777777777,16,1.0,0.043838242555204784,-0.011214766056056475,14,6,0.5,0.9,1.0,0.08666855425821432,0.8,0.9666666666666667,0.25,0.3,0.0,1.0,0.9,1.0
simgp24,straddle_min,6,400,0.0376593133108394,0.8235294117647058,0.875,0.8484848484848485,16,1.0,0.027471676428706106,0.007292587636108072,14,3,0.8275862068965517,1.0,1.0,0.10643724353394202,0.8,1.0,0.1,0.3,0.0,1.0,1.1,0.9
simgp24,straddle_min,7,400,0.052856233948004365,1.0,0.75,0.8571428571428571,16,1.0,0.038753310280416196,0.03082819690676617,12,0,0.8214285714285714,1.0,1.0,0.10511949402374722,0.6,1.0,0.1,0.3,0.0,1.0,1.1,0.9
simgp24,straddle_min,8,400,0.04989228431839028,0.9230769230769231,0.8,0.8571428571428571,15,1.0,0.03640984114188187,0.013924927539903275,12,1,0.7037037037037037,1.0,1.0,0.07620615639567623,0.8,0.9629629629629629,0.1,0.3,0.0,1.0,1.1,0.9
simgp24,straddle_min,9,400,0.048439800965787205,0.9166666666666666,0.7857142857142857,0.8461538461538461,14,1.0,0.03626879519534386,0.013953635098833081,11,1,0.6538461538461539,1.0,1.0,0.08357008949269833,0.8,0.9615384615384616,0.1,0.3,0.0,1.0,1.1,0.9
simgp24,straddle_min,10,400,0.049980359637357426,0.9166666666666666,0.7857142857142857,0.8461538461538461,14,1.0,0.03641513488220524,0.01962391352243399,11,1,0.72,0.96,1.0,0.15335875788492032,0.8,0.92,0.1,0.3,0.0,1.0,1.0,0.95
simgp24,straddle_min,11,400,0.04886412799928889,0.9090909090909091,0.7692307692307693,0.8333333333333333,13,1.0,0.03682634936017913,0.011251793766486433,10,1,0.6666666666666666,0.9583333333333334,1.0,0.1707493051582789,0.8,0.9166666666666666,0.1,0.3,0.0,1.0,1.0,0.95
simgp24,straddle_min,12,400,0.053503233433487785,0.9090909090909091,0.8333333333333334,0.8695652173913043,12,1.0,0.03899426676482858,0.020655294855160638,10,1,0.7391304347826086,0.8695652173913043,1.0,0.09431673080899124,0.8,0.9565217391304348,0.1,0.3,0.0,1.0,1.0,0.9
simgp24,straddle_min,13,400,0.058912788346313846,1.0,0.8333333333333334,0.9090909090909091,12,0.9090909090909091,0.04348134481593307,0.030337816177090016,10,0,0.6363636363636364,0.8636363636363636,0.9090909090909091,0.09123917397330562,0.8,0.9545454545454546,0.1,0.3,0.0,1.0,1.0,0.95
simgp24,straddle_min,14,400,0.10981543323992686,1.0,0.8181818181818182,0.9,11,0.9047619047619048,0.07384708291661879,-0.061787392442306875,9,0,0.6190476190476191,0.8571428571428571,0.9523809523809523,0.09243882419759962,0.75,1.0,0.1,0.3,0.0,1.0,0.9,0.9
simgp24,straddle_min,15,400,0.06948756083363766,1.0,0.8181818181818182,0.9,11,0.95,0.04221896226954556,0.007337317079281475,9,0,0.65,0.9,0.95,0.1271068144354563,0.75,0.95,0.1,0.3,0.0,1.0,0.9,0.9
simgp24,random,3,401,0.043566982165884074,1.0,1.0,1.0,26,0.96875,0.02960842668907373,-0.0006952295003826575,26,0,0.75,0.9375,1.0,0.1179486317678764,1.0,1.0,0.4,0.1,1.0,1.15,1.0,0.9
simgp24_g75,random,3,401,0.042172889381838434,1.0,0.9615384615384616,0.9803921568627451,26,0.96875,0.025052628645816914,0.017456234222559992,25,0,0.8125,0.96875,0.96875,,,,,,,,,
simgp_timeblind,random,3,401,0.08892475711284857,0.96,0.9230769230769231,0.9411764705882353,26,0.8125,0.07917159737024065,-0.047081669140446786,24,1,,,,0.4511163415468119,1.0,0.34375,,,,,,
mean_of_samples,random,3,401,0.2642837071421657,1.0,0.0,0.0,26,0.0,0.2518085436075869,0.17649553254474487,0,0,,,,0.319373974831032,0.0,0.0,,,,,,
simgp24,random,4,401,0.042406505980242086,1.0,1.0,1.0,26,0.967741935483871,0.0293136312376327,-0.0040207620408036155,26,0,0.7741935483870968,0.9354838709677419,1.0,0.11311565928970727,1.0,1.0,0.4,0.1,1.0,1.15,1.0,0.9
simgp24_g75,random,4,401,0.0392615307752357,1.0,1.0,1.0,26,0.967741935483871,0.022693057576723453,0.013125208174532497,26,0,0.7419354838709677,0.967741935483871,0.967741935483871,,,,,,,,,
simgp_timeblind,random,4,401,0.10184298607579263,0.96,0.9230769230769231,0.9411764705882353,26,0.967741935483871,0.08225481421616623,-0.020182623309047482,24,1,,,,0.4359246275053422,1.0,0.3548387096774194,,,,,,
mean_of_samples,random,4,401,0.3682291731341899,1.0,0.0,0.0,26,0.0,0.3503506320662271,0.322470187101273,0,0,,,,0.2642949688779507,0.0,0.0,,,,,,
simgp24,random,5,401,0.03968356326652416,0.9615384615384616,1.0,0.9803921568627451,25,1.0,0.029584515423302375,-0.010729801532445616,25,1,0.7666666666666667,0.9333333333333333,1.0,0.09940574377781572,1.0,1.0,0.1,0.6,0.5,1.15,1.0,1.0
simgp24_g75,random,5,401,0.034436743302354224,1.0,1.0,1.0,25,0.9666666666666667,0.019619008901472744,0.006140322875881115,25,0,0.7,0.9333333333333333,0.9666666666666667,,,,,,,,,
simgp_timeblind,random,5,401,0.49678976078341375,1.0,0.24,0.3870967741935484,25,0.5666666666666667,0.40242156857053246,0.4014487219539596,6,0,,,,0.22078244895035687,1.0,1.0,,,,,,
mean_of_samples,random,5,401,0.4046953289675418,1.0,0.0,0.0,25,0.0,0.3882444695772599,0.3621231223918005,0,0,,,,0.26516974447560315,0.0,0.0,,,,,,
simgp24,random,6,401,0.0404286623864586,1.0,1.0,1.0,24,1.0,0.029131115726388816,-0.009303858092341497,24,0,0.6551724137931034,0.896551724137931,1.0,0.10027272914173682,1.0,1.0,0.25,0.3,0.0,1.0,0.9,0.9
simgp24_g75,random,6,401,0.03499041835927877,1.0,1.0,1.0,24,0.9310344827586207,0.02055639079990187,0.002992970892085901,24,0,0.6896551724137931,0.8275862068965517,0.9655172413793104,,,,,,,,,
simgp_timeblind,random,6,401,0.35837392233310456,1.0,0.4583333333333333,0.6285714285714286,24,0.7241379310344828,0.25086356944087457,0.24880149253510056,11,0,,,,0.22825015135154642,1.0,0.9310344827586207,,,,,,
mean_of_samples,random,6,401,0.3575008928627685,1.0,0.0,0.0,24,0.0,0.33795516576329565,0.3068170877652895,0,0,,,,0.26738681782376456,0.0,0.0,,,,,,
simgp24,random,7,401,0.04019808879390426,0.9583333333333334,1.0,0.9787234042553191,23,0.9285714285714286,0.029865328337802415,-0.015391595402506328,23,1,0.5714285714285714,0.8928571428571429,1.0,0.08871369987840902,1.0,1.0,0.1,0.3,1.0,1.0,0.9,0.95
simgp24_g75,random,7,401,0.0356557104537814,1.0,1.0,1.0,23,0.9285714285714286,0.02048089752963931,0.004254753661179216,23,0,0.6071428571428571,0.8214285714285714,0.9285714285714286,,,,,,,,,
simgp_timeblind,random,7,401,0.39746148141396004,1.0,0.08695652173913043,0.16,23,0.6428571428571429,0.32611708616113594,0.32611708616113594,2,0,,,,0.18363407064232984,0.6666666666666666,1.0,,,,,,
mean_of_samples,random,7,401,0.37204413040662637,1.0,0.0,0.0,23,0.0,0.352506600052549,0.3217850721187534,0,0,,,,0.2704712822589929,0.0,0.0,,,,,,
simgp24,random,8,401,0.04727310370050168,0.9565217391304348,1.0,0.9777777777777777,22,0.8888888888888888,0.03731216443453196,-0.02586263011155682,22,1,0.4444444444444444,0.7037037037037037,0.9629629629629629,0.08634924642492334,1.0,0.9629629629629629,0.1,0.6,0.5,1.0,0.9,1.05
simgp24_g75,random,8,401,0.04239583892976322,0.9565217391304348,1.0,0.9777777777777777,22,0.8148148148148148,0.031411963174622554,-0.014535120267169918,22,1,0.48148148148148145,0.7037037037037037,0.8518518518518519,,,,,,,,,
simgp_timeblind,random,8,401,0.3998830459120881,1.0,0.09090909090909091,0.16666666666666669,22,0.48148148148148145,0.34347628920570583,0.34347628920570583,2,0,,,,0.17161692873269194,0.6666666666666666,1.0,,,,,,
mean_of_samples,random,8,401,0.34019481849058303,1.0,0.0,0.0,22,0.0,0.32042086984526114,0.2828471367133185,0,0,,,,0.27529055626033466,0.0,0.0,,,,,,
simgp24,random,9,401,0.047509934714549076,0.9545454545454546,1.0,0.9767441860465117,21,0.8846153846153846,0.03858658393922963,-0.027431322572303414,21,1,0.46153846153846156,0.6153846153846154,0.9615384615384616,0.08691929887581636,1.0,0.9615384615384616,0.1,0.6,0.5,1.0,0.9,1.05
simgp24_g75,random,9,401,0.043742831026622374,0.9545454545454546,1.0,0.9767441860465117,21,0.7307692307692307,0.03228502262061553,-0.015317049826581627,21,1,0.5,0.6923076923076923,0.7692307692307693,,,,,,,,,
simgp_timeblind,random,9,401,0.4279338917567771,1.0,0.09523809523809523,0.17391304347826084,21,0.2692307692307692,0.37154229497027313,0.37154229497027313,2,0,,,,0.19115307748944005,0.6666666666666666,0.9615384615384616,,,,,,
mean_of_samples,random,9,401,0.33548350531391036,1.0,0.0,0.0,21,0.0,0.3152505492498525,0.2749186222289832,0,0,,,,0.2815490644263644,0.0,0.0,,,,,,
simgp24,random,10,401,0.04678823286838116,0.9523809523809523,1.0,0.975609756097561,20,0.88,0.03532753604775452,-0.022519177692809964,20,1,0.48,0.72,0.92,0.08517512910288778,1.0,0.96,0.1,0.6,0.5,1.0,0.9,1.05
simgp24_g75,random,10,401,0.042942581433636245,0.9523809523809523,1.0,0.975609756097561,20,0.76,0.03030881578283332,-0.011615717347966155,20,1,0.6,0.68,0.8,,,,,,,,,
simgp_timeblind,random,10,401,0.4123836879437053,1.0,0.05,0.09523809523809523,20,0.36,0.3624275891955132,0.3624275891955132,1,0,,,,0.17521902534312245,0.3333333333333333,0.96,,,,,,
mean_of_samples,random,10,401,0.3143598436531494,1.0,0.0,0.0,20,0.0,0.2958323192506973,0.24597766727646544,0,0,,,,0.29168131686045046,0.0,0.0,,,,,,
simgp24,random,11,401,0.04540860749949912,1.0,1.0,1.0,19,0.875,0.032609204615282585,-0.019221048495065736,19,0,0.4583333333333333,0.75,0.9583333333333334,0.08782398053185321,0.6666666666666666,0.9583333333333334,0.1,0.6,0.5,1.0,0.9,1.05
simgp24_g75,random,11,401,0.04359314898186454,0.95,1.0,0.9743589743589743,19,0.75,0.030746194835357062,-0.011127829766895686,19,1,0.5833333333333334,0.6666666666666666,0.7916666666666666,,,,,,,,,
simgp_timeblind,random,11,401,0.40152326338506616,1.0,0.05263157894736842,0.1,19,0.375,0.34941463775277354,0.34941463775277354,1,0,,,,0.17061275961279532,0.3333333333333333,0.9583333333333334,,,,,,
mean_of_samples,random,11,401,0.3147530317303342,1.0,0.0,0.0,19,0.0,0.2952651779026519,0.2442280468009259,0,0,,,,0.2962215901592387,0.0,0.0,,,,,,
simgp24,random,12,401,0.04594313998967629,1.0,1.0,1.0,18,0.8695652173913043,0.031822753967253814,-0.0161618343877168,18,0,0.43478260869565216,0.7391304347826086,0.9130434782608695,0.0863330679967304,1.0,0.9565217391304348,0.1,0.6,0.5,1.0,0.9,1.05
simgp24_g75,random,12,401,0.04386002057180149,0.9473684210526315,1.0,0.972972972972973,18,0.6956521739130435,0.030004716216041605,-0.00952530330114299,18,1,0.6086956521739131,0.6521739130434783,0.782608695652174,,,,,,,,,
simgp_timeblind,random,12,401,0.4052751796684402,1.0,0.05555555555555555,0.10526315789473684,18,0.34782608695652173,0.3469095369201171,0.3469095369201171,1,0,,,,0.18016426464816254,0.5,1.0,,,,,,
mean_of_samples,random,12,401,0.2910049473214921,1.0,0.0,0.0,18,0.0,0.27349671812515863,0.21011803047924468,0,0,,,,0.3059720426322329,0.0,0.0,,,,,,
simgp24,random,13,401,0.04648538068604509,1.0,1.0,1.0,18,0.8636363636363636,0.032968680149722145,-0.017454417819369645,18,0,0.45454545454545453,0.8181818181818182,0.9090909090909091,0.08745019847887373,1.0,0.9545454545454546,0.1,0.6,0.5,1.0,0.9,1.05
simgp24_g75,random,13,401,0.04495252785940665,0.9473684210526315,1.0,0.972972972972973,18,0.6818181818181818,0.031455089029540306,-0.010055665293997125,18,1,0.5909090909090909,0.6363636363636364,0.7727272727272727,,,,,,,,,
simgp_timeblind,random,13,401,0.42453346227544336,1.0,0.05555555555555555,0.10526315789473684,18,0.36363636363636365,0.3725888482984093,0.3725888482984093,1,0,,,,0.1659073050940154,0.5,1.0,,,,,,
mean_of_samples,random,13,401,0.3305480231916905,1.0,0.0,0.0,18,0.0,0.31372799966429077,0.26598160663670706,0,0,,,,0.2764359081332421,0.0,0.0,,,,,,
simgp24,random,14,401,0.04933084473917325,1.0,1.0,1.0,18,0.8571428571428571,0.035517389895188455,-0.018422909467472902,18,0,0.38095238095238093,0.7142857142857143,0.9047619047619048,0.08974278012770384,1.0,0.9523809523809523,0.1,0.6,0.5,1.0,0.9,1.05
simgp24_g75,random,14,401,0.02724631081096316,0.9473684210526315,1.0,0.972972972972973,18,0.9523809523809523,0.025015474581613795,-0.020470588531162407,18,1,0.2857142857142857,0.7142857142857143,0.9523809523809523,,,,,,,,,
simgp_timeblind,random,14,401,0.3110685537575101,1.0,0.05555555555555555,0.10526315789473684,18,0.6190476190476191,0.27332543938739406,0.27332543938739406,1,0,,,,0.21667380607815998,0.5,1.0,,,,,,
mean_of_samples,random,14,401,0.3525306543804138,1.0,0.0,0.0,18,0.0,0.34193485508596905,0.29775407097652545,0,0,,,,0.2704911713630155,0.0,0.0,,,,,,
simgp24,random,15,401,0.05013090492142333,1.0,1.0,1.0,17,0.85,0.03661763163099533,-0.01885247112707366,17,0,0.35,0.6,0.9,0.09179444192356166,1.0,0.95,0.1,0.6,0.5,1.0,0.9,1.05
simgp24_g75,random,15,401,0.025491757358992097,0.9444444444444444,1.0,0.9714285714285714,17,0.95,0.023326532616188632,-0.018289659695219035,17,1,0.35,0.75,0.95,,,,,,,,,
simgp_timeblind,random,15,401,0.3343034349133413,1.0,0.058823529411764705,0.1111111111111111,17,0.4,0.2963919444969506,0.2963919444969506,1,0,,,,0.21156417035991937,0.5,1.0,,,,,,
mean_of_samples,random,15,401,0.3653657605242073,1.0,0.0,0.0,17,0.0,0.355116242536054,0.3099906468688293,0,0,,,,0.2726997572538832,0.0,0.0,,,,,,
simgp24,uncertainty,3,401,0.043566982165884074,1.0,1.0,1.0,26,0.96875,0.02960842668907373,-0.0006952295003826575,26,0,0.75,0.9375,1.0,0.1179486317678764,1.0,1.0,0.4,0.1,1.0,1.15,1.0,0.9
simgp24,uncertainty,4,401,0.04808877293246403,1.0,1.0,1.0,25,0.967741935483871,0.03152888367446615,0.004657773571494244,25,0,0.7419354838709677,0.9354838709677419,1.0,0.11354007855062787,1.0,1.0,0.25,0.3,0.0,1.0,0.9,0.95
simgp24,uncertainty,5,401,0.04762538473604397,1.0,1.0,1.0,24,0.9666666666666667,0.03300432704017235,-0.00013092140058969918,24,0,0.7,0.9666666666666667,1.0,0.11102098355343352,1.0,1.0,0.1,0.6,0.0,1.0,0.9,0.9
simgp24,uncertainty,6,401,0.06159840040865543,1.0,0.9130434782608695,0.9545454545454545,23,0.896551724137931,0.037001793001373434,0.02587498647009562,21,0,0.8275862068965517,0.896551724137931,0.9655172413793104,0.12857383724763904,0.6666666666666666,1.0,0.25,0.1,1.0,0.85,1.1,0.9
simgp24,uncertainty,7,401,0.06740914788524438,1.0,0.8636363636363636,0.9268292682926829,22,0.8928571428571429,0.04165535246936517,0.0367409091797705,19,0,0.6428571428571429,0.8214285714285714,0.8928571428571429,0.137376201914077,0.6666666666666666,0.9285714285714286,0.25,0.1,1.0,0.85,1.1,0.95
simgp24,uncertainty,8,401,0.05267132085633848,0.9523809523809523,0.9523809523809523,0.9523809523809523,21,0.8888888888888888,0.031874100625046586,0.01730233473254653,20,1,0.8148148148148148,0.8888888888888888,0.9629629629629629,0.1008582234075479,0.6666666666666666,0.8888888888888888,0.1,0.3,1.0,0.85,1.1,1.1
simgp24,uncertainty,9,401,0.051752245880501445,0.95,0.95,0.9500000000000001,20,0.9615384615384616,0.028610988957757853,0.014654866986924253,19,1,0.8076923076923077,0.9230769230769231,0.9615384615384616,0.07805189987556854,0.6666666666666666,0.9230769230769231,0.1,0.3,1.0,0.85,1.1,1.1
simgp24,uncertainty,10,401,0.057213804747817634,1.0,0.8947368421052632,0.9444444444444444,19,0.88,0.03274046199881698,0.025676260829579366,17,0,0.8,0.8,0.92,0.09396229427706213,0.6666666666666666,0.88,0.1,0.3,0.5,0.85,0.9,0.95
simgp24,uncertainty,11,401,0.057500406060091415,1.0,0.8888888888888888,0.9411764705882353,18,0.875,0.033486049069222534,0.029654799654685746,16,0,0.7083333333333334,0.875,0.9166666666666666,0.08921667466837989,0.5,0.9166666666666666,0.1,0.3,0.5,0.85,1.1,0.95
simgp24,uncertainty,12,401,0.06166199774951255,1.0,0.8823529411764706,0.9375,17,0.8695652173913043,0.037298908803100515,0.03485492154245943,15,0,0.5217391304347826,0.8260869565217391,0.8695652173913043,0.09325623773080911,0.5,0.9130434782608695,0.1,0.3,0.5,0.85,1.1,0.95
simgp24,uncertainty,13,401,0.06232892271034562,1.0,0.875,0.9333333333333333,16,0.8636363636363636,0.038535005496220104,0.03593458342072017,14,0,0.5,0.7727272727272727,0.8636363636363636,0.09345222140490944,0.5,0.9090909090909091,0.1,0.3,0.5,0.85,1.1,0.95
simgp24,uncertainty,14,401,0.062336736441304066,1.0,0.8666666666666667,0.9285714285714286,15,1.0,0.04303318376289888,0.038565116782709664,13,0,0.47619047619047616,0.8571428571428571,1.0,0.0972738059049359,0.0,0.9047619047619048,0.1,0.3,0.5,0.85,0.9,1.0
simgp24,uncertainty,15,401,0.0686229993057159,1.0,0.6,0.7499999999999999,15,1.0,0.05333728828446897,0.05027173854379661,9,0,0.45,0.85,1.0,0.13545819011814564,0.0,0.9,0.1,0.3,0.5,0.85,0.9,1.0
simgp24,straddle,3,401,0.043566982165884074,1.0,1.0,1.0,26,0.96875,0.02960842668907373,-0.0006952295003826575,26,0,0.75,0.9375,1.0,0.1179486317678764,1.0,1.0,0.4,0.1,1.0,1.15,1.0,0.9
simgp24,straddle,4,401,0.04903123325287346,1.0,1.0,1.0,25,0.967741935483871,0.03273963720832528,0.0029435361886516595,25,0,0.7096774193548387,0.967741935483871,1.0,0.11833828897879553,1.0,1.0,0.25,0.3,0.0,1.0,0.9,0.95
simgp24,straddle,5,401,0.05260929344662411,1.0,0.9166666666666666,0.9565217391304348,24,0.9666666666666667,0.03326779802912592,0.016502472853666,22,0,0.8,0.9666666666666667,1.0,0.112466184902177,0.6666666666666666,1.0,0.1,0.3,0.0,0.85,1.1,0.9
simgp24,straddle,6,401,0.05175881253271704,1.0,0.9130434782608695,0.9545454545454545,23,0.9655172413793104,0.03355745761710061,0.020883423909297465,21,0,0.7931034482758621,0.9310344827586207,1.0,0.10265956545963022,1.0,1.0,0.1,0.3,0.0,0.85,1.1,0.9
simgp24,straddle,7,401,0.06614136726185654,1.0,0.7727272727272727,0.8717948717948718,22,0.9642857142857143,0.045048217500520606,0.04006642773553881,17,0,0.6071428571428571,0.8928571428571429,0.9642857142857143,0.12099435234610854,1.0,1.0,0.1,0.3,0.0,0.85,1.1,0.9
simgp24,straddle,8,401,0.08043007197597614,1.0,0.5238095238095238,0.6875000000000001,21,0.9629629629629629,0.06071996899740526,0.057267754969789295,11,0,0.4074074074074074,0.9629629629629629,0.9629629629629629,0.1304649099224669,1.0,0.9629629629629629,0.1,0.1,1.0,0.85,1.1,0.9
simgp24,straddle,9,401,0.07620122798069398,1.0,0.55,0.7096774193548387,20,0.8846153846153846,0.060621039074900386,0.060130748524898095,11,0,0.4230769230769231,0.6153846153846154,0.9615384615384616,0.12437611916434531,1.0,0.9615384615384616,0.1,0.3,0.0,0.85,1.1,0.9
simgp24,straddle,10,401,0.08058221820204152,1.0,0.5263157894736842,0.6896551724137931,19,0.84,0.06466976461341478,0.06424765044746254,10,0,0.4,0.56,0.96,0.12906145562467297,1.0,0.96,0.1,0.3,0.0,0.85,1.1,0.9
simgp24,straddle,11,401,0.06074404068761806,1.0,0.7777777777777778,0.8750000000000001,18,0.9583333333333334,0.04388552326197206,0.04158222803398292,14,0,0.5833333333333334,0.875,0.9583333333333334,0.09438503827127366,1.0,0.9583333333333334,0.1,0.3,0.0,0.85,1.1,0.9
simgp24,straddle,12,401,0.06412063688375179,1.0,0.7647058823529411,0.8666666666666666,17,0.9565217391304348,0.04781911965844059,0.04553420022426469,13,0,0.4782608695652174,0.8695652173913043,0.9565217391304348,0.09978117515919191,1.0,0.9565217391304348,0.1,0.3,0.0,0.85,1.1,0.9
simgp24,straddle,13,401,0.05474886699310901,1.0,0.875,0.9333333333333333,16,0.9545454545454546,0.038945028166357996,0.0331281959021882,14,0,0.5909090909090909,0.9545454545454546,0.9545454545454546,0.08262220429545934,1.0,0.9545454545454546,0.1,0.3,0.0,0.85,1.1,0.9
simgp24,straddle,14,401,0.06188585820328102,1.0,0.8,0.888888888888889,15,1.0,0.045637205728929674,0.040896176452254754,12,0,0.6190476190476191,1.0,1.0,0.12306381212208273,1.0,0.9523809523809523,0.1,0.3,0.0,0.85,1.1,0.9
simgp24,straddle,15,401,0.046012450862806586,0.9333333333333333,1.0,0.9655172413793104,14,1.0,0.029591893724013475,0.01224051822321433,14,1,0.85,1.0,1.0,0.09980036313347325,1.0,1.0,0.1,0.3,0.0,0.85,1.1,0.9
simgp24,straddle_min,3,401,0.043566982165884074,1.0,1.0,1.0,26,0.96875,0.02960842668907373,-0.0006952295003826575,26,0,0.75,0.9375,1.0,0.1179486317678764,1.0,1.0,0.4,0.1,1.0,1.15,1.0,0.9
simgp24,straddle_min,4,401,0.04764768381506754,1.0,1.0,1.0,25,0.967741935483871,0.032426408759252436,0.0006469664925046035,25,0,0.7096774193548387,0.9354838709677419,1.0,0.11486500370226875,1.0,1.0,0.25,0.3,0.0,1.0,0.9,0.95
simgp24,straddle_min,5,401,0.044748914612257266,1.0,1.0,1.0,24,0.9666666666666667,0.033267833046302334,-0.007795694981625223,24,0,0.7,0.9666666666666667,1.0,0.09314020579829141,0.6666666666666666,1.0,0.1,0.6,0.0,1.0,1.1,0.9
simgp24,straddle_min,6,401,0.04757921431837328,1.0,0.9583333333333334,0.9787234042553191,24,0.9655172413793104,0.03383024980088068,0.0025894475994349647,23,0,0.7586206896551724,0.9655172413793104,1.0,0.11559873978408793,0.6666666666666666,1.0,0.25,0.3,0.0,1.0,1.1,0.9
simgp24,straddle_min,7,401,0.04247253106042561,1.0,1.0,1.0,23,0.9642857142857143,0.031095550395355175,-0.007006221069011962,23,0,0.6428571428571429,0.9285714285714286,1.0,0.09122604252312702,0.6666666666666666,1.0,0.25,0.3,0.0,1.0,1.1,0.9
simgp24,straddle_min,8,401,0.04451449382073974,1.0,1.0,1.0,22,1.0,0.03404806997094298,-0.010847144947503341,22,0,0.37037037037037035,0.8888888888888888,1.0,0.08919034056157223,0.6666666666666666,1.0,0.25,0.3,0.5,1.0,0.9,0.95
simgp24,straddle_min,9,401,0.04630042996862757,1.0,1.0,1.0,21,0.9615384615384616,0.03140774016175975,0.004899443704159956,21,0,0.7692307692307693,0.9230769230769231,1.0,0.09411431936451986,0.6666666666666666,1.0,0.25,0.3,0.0,1.0,1.1,0.9
simgp24,straddle_min,10,401,0.04474431821121346,1.0,0.8,0.888888888888889,20,0.96,0.03214410893553512,0.014890589420519747,16,0,0.68,0.96,1.0,0.08914992690588734,0.6666666666666666,1.0,0.1,0.3,0.5,1.0,0.9,0.9
simgp24,straddle_min,11,401,0.04466081620208753,1.0,0.9473684210526315,0.972972972972973,19,1.0,0.031080629146712307,0.02341263530442636,18,0,0.6666666666666666,0.9166666666666666,1.0,0.1021132587266983,0.6666666666666666,0.9583333333333334,0.1,0.3,0.0,0.85,0.9,0.9
simgp24,straddle_min,12,401,0.05205748620903771,1.0,1.0,1.0,18,0.8695652173913043,0.035053324277984535,0.028273417410749884,18,0,0.6521739130434783,0.8260869565217391,0.9565217391304348,0.08375784167266057,0.6666666666666666,0.9565217391304348,0.1,0.3,0.0,0.85,0.9,0.9
simgp24,straddle_min,13,401,0.05624121452608406,1.0,1.0,1.0,17,0.8636363636363636,0.036458490565493926,0.02876996492494612,17,0,0.5909090909090909,0.8181818181818182,0.8636363636363636,0.09083520781505096,0.6666666666666666,0.9090909090909091,0.1,0.3,0.5,0.85,0.9,0.95
simgp24,straddle_min,14,401,0.026517219160396777,1.0,1.0,1.0,16,1.0,0.020795948391888933,0.009573667632808126,16,0,0.8571428571428571,1.0,1.0,0.07968023537318294,0.6666666666666666,0.9523809523809523,0.1,0.3,0.0,0.85,0.9,0.9
simgp24,straddle_min,15,401,0.03632541621628748,1.0,0.9333333333333333,0.9655172413793104,15,1.0,0.028961067978379988,0.018579975567370018,14,0,0.6,0.95,1.0,0.09860895869217172,0.6666666666666666,0.95,0.1,0.3,0.0,0.85,0.9,0.9
simgp24,random,3,402,0.06545884822604713,0.7916666666666666,1.0,0.8837209302325582,19,0.90625,0.05065687636356564,-0.04918571621786278,19,5,0.46875,0.78125,0.96875,0.08571670959249167,0.8,1.0,0.1,0.3,1.0,1.15,1.0,0.95
simgp24_g75,random,3,402,0.04439374090245643,0.8260869565217391,1.0,0.9047619047619047,19,0.90625,0.033451486886749315,-0.02833873761332204,19,4,0.34375,0.875,0.96875,,,,,,,,,
simgp_timeblind,random,3,402,0.17037442962933425,1.0,0.21052631578947367,0.34782608695652173,19,0.84375,0.11258996963476525,0.10536150558538326,4,0,,,,0.3832943432203142,0.4,0.84375,,,,,,
mean_of_samples,random,3,402,0.2556659752381094,1.0,0.0,0.0,19,0.0,0.22407286347629565,0.08082751731453935,0,0,,,,0.43003396022590235,0.0,0.0,,,,,,
simgp24,random,4,402,0.04566055252951552,0.8636363636363636,1.0,0.9268292682926829,19,0.9354838709677419,0.037928234659770806,-0.029363583633710708,19,3,0.5483870967741935,0.8387096774193549,0.967741935483871,0.09648382508871751,0.8,0.967741935483871,0.1,0.3,1.0,1.15,0.9,0.95
simgp24_g75,random,4,402,0.04496532116468293,0.8636363636363636,1.0,0.9268292682926829,19,0.8709677419354839,0.032583277122001604,-0.025459750779786985,19,3,0.3548387096774194,0.8387096774193549,0.9354838709677419,,,,,,,,,
simgp_timeblind,random,4,402,0.19118260290945605,1.0,0.21052631578947367,0.34782608695652173,19,0.8387096774193549,0.13408467701822546,0.1315918490197371,4,0,,,,0.3578978834141969,0.4,0.7741935483870968,,,,,,
mean_of_samples,random,4,402,0.2534295211036243,1.0,0.0,0.0,19,0.0,0.21517213377880823,0.059572151321509774,0,0,,,,0.4368571020673384,0.0,0.0,,,,,,
simgp24,random,5,402,0.04607718096418657,0.8571428571428571,1.0,0.923076923076923,18,0.9333333333333333,0.036830766439041936,-0.027541497914971423,18,3,0.6333333333333333,0.8666666666666667,0.9333333333333333,0.09089519765933604,0.8,1.0,0.1,0.3,1.0,1.15,1.0,1.0
simgp24_g75,random,5,402,0.05429967760698476,0.9473684210526315,1.0,0.972972972972973,18,0.9333333333333333,0.03412322060704796,-0.029008347091292914,18,1,0.5333333333333333,0.8,0.9333333333333333,,,,,,,,,
simgp_timeblind,random,5,402,0.1925737583665013,1.0,0.16666666666666666,0.2857142857142857,18,0.6666666666666666,0.13771782035595356,0.13534875545231692,3,0,,,,0.36146617387855423,0.4,0.3,,,,,,
mean_of_samples,random,5,402,0.2504592013698042,1.0,0.0,0.0,18,0.0,0.19662312849810876,0.0226448647587028,0,0,,,,0.46490047051776756,0.0,0.0,,,,,,
simgp24,random,6,402,0.041301511796720786,0.85,1.0,0.9189189189189189,17,0.9310344827586207,0.033888190006574274,-0.0177132358664108,17,3,0.6206896551724138,0.8620689655172413,0.9655172413793104,0.09382870649629552,0.75,0.9655172413793104,0.1,0.3,1.0,1.15,1.0,1.0
simgp24_g75,random,6,402,0.03634530717948848,0.8947368421052632,1.0,0.9444444444444444,17,0.9310344827586207,0.029571109664332386,-0.011781272375427653,17,2,0.4827586206896552,0.8275862068965517,0.9310344827586207,,,,,,,,,
simgp_timeblind,random,6,402,0.13423352839220803,1.0,0.23529411764705882,0.38095238095238093,17,0.896551724137931,0.08819786704916438,0.07662871838328833,4,0,,,,0.3782191247537574,0.5,0.6896551724137931,,,,,,
mean_of_samples,random,6,402,0.25199462327411076,1.0,0.0,0.0,17,0.0,0.18540512866169848,-0.0029250965053418667,0,0,,,,0.48560670066125083,0.0,0.0,,,,,,
simgp24,random,7,402,0.0361309958358673,0.85,1.0,0.9189189189189189,17,0.9285714285714286,0.030269981716943884,-0.01310202475088278,17,3,0.7142857142857143,0.8571428571428571,0.9642857142857143,0.09470969532947618,0.75,0.9642857142857143,0.1,0.3,1.0,1.15,1.0,1.0
simgp24_g75,random,7,402,0.03315137883907138,0.8947368421052632,1.0,0.9444444444444444,17,0.9285714285714286,0.028002804117025906,-0.007097829740408463,17,2,0.5,0.8214285714285714,0.9285714285714286,,,,,,,,,
simgp_timeblind,random,7,402,0.226469393001579,0.8571428571428571,0.35294117647058826,0.5,17,0.7857142857142857,0.16343359628620005,0.15570471009029654,6,1,,,,0.34474016707846883,1.0,0.6071428571428571,,,,,,
mean_of_samples,random,7,402,0.27041412394815356,1.0,0.0,0.0,17,0.0,0.24712517907651343,0.12804891208568642,0,0,,,,0.403283747973342,0.0,0.0,,,,,,
simgp24,random,8,402,0.03341159701393254,0.8421052631578947,1.0,0.9142857142857143,16,0.9629629629629629,0.02902184936877436,-0.010003177438870437,16,3,0.5925925925925926,0.9259259259259259,0.9629629629629629,0.0934890643462104,0.6666666666666666,0.9629629629629629,0.1,0.3,1.0,1.15,1.0,1.0
simgp24_g75,random,8,402,0.03029641189818759,0.9411764705882353,1.0,0.9696969696969697,16,0.9259259259259259,0.026195460688931065,-0.00217342753808539,16,1,0.5555555555555556,0.8518518518518519,0.9629629629629629,,,,,,,,,
simgp_timeblind,random,8,402,0.14733953161885838,1.0,0.1875,0.3157894736842105,16,0.8518518518518519,0.10262320516940467,0.10122948575490893,3,0,,,,0.3717567769276352,0.3333333333333333,0.5555555555555556,,,,,,
mean_of_samples,random,8,402,0.26016780856165556,1.0,0.0,0.0,16,0.0,0.2301388609317445,0.09636261418463309,0,0,,,,0.42457242940365225,0.0,0.0,,,,,,
simgp24,random,9,402,0.0362098349282468,0.8421052631578947,1.0,0.9142857142857143,16,0.9615384615384616,0.029748552525915555,-0.017008152391877248,16,3,0.5384615384615384,0.8461538461538461,0.9615384615384616,0.10467916620137042,0.6666666666666666,0.9615384615384616,0.1,0.3,1.0,1.15,1.0,1.0
simgp24_g75,random,9,402,0.045993327893787156,0.8421052631578947,1.0,0.9142857142857143,16,0.9230769230769231,0.029905595907831792,-0.024290478806620934,16,3,0.5,0.8461538461538461,0.9230769230769231,,,,,,,,,
simgp_timeblind,random,9,402,0.16319415743754992,1.0,0.1875,0.3157894736842105,16,0.6538461538461539,0.12109695942719764,0.12108595753465072,3,0,,,,0.35824031947513396,0.3333333333333333,0.38461538461538464,,,,,,
mean_of_samples,random,9,402,0.2647655898736495,1.0,0.0,0.0,16,0.0,0.2356440354626405,0.0972620609185192,0,0,,,,0.4263310956419096,0.0,0.0,,,,,,
simgp24,random,10,402,0.03378672764187881,0.8333333333333334,1.0,0.9090909090909091,15,0.88,0.02953163290895839,-0.016379231647009322,15,3,0.72,0.88,0.88,0.0632486150715357,1.0,0.96,0.1,0.3,1.0,1.0,1.1,1.05
simgp24_g75,random,10,402,0.11116090227508921,0.75,1.0,0.8571428571428571,15,0.72,0.07362083901064222,-0.07362083901064222,15,5,0.16,0.48,0.96,,,,,,,,,
simgp_timeblind,random,10,402,0.12098815573417265,1.0,0.2,0.33333333333333337,15,0.68,0.10089953950545573,0.10089953950545573,3,0,,,,0.3502746178294728,0.3333333333333333,0.56,,,,,,
mean_of_samples,random,10,402,0.25593426531729985,1.0,0.0,0.0,15,0.0,0.21719949058391175,0.06225738630853627,0,0,,,,0.45141696310778084,0.0,0.0,,,,,,
simgp24,random,11,402,0.03773180598632828,0.8823529411764706,1.0,0.9375,15,0.9583333333333334,0.03028209736187255,-0.02682502673738003,15,2,0.7083333333333334,0.9166666666666666,1.0,0.05367200559738056,1.0,1.0,0.1,0.3,1.0,1.0,1.1,1.05
simgp24_g75,random,11,402,0.0843732833242822,0.7894736842105263,1.0,0.8823529411764706,15,0.875,0.058572405739205136,-0.05852125096828587,15,4,0.16666666666666666,0.5416666666666666,0.9583333333333334,,,,,,,,,
simgp_timeblind,random,11,402,0.2337388433282391,0.8333333333333334,0.3333333333333333,0.47619047619047616,15,0.7083333333333334,0.16716701435457615,0.16545135765446253,5,1,,,,0.29960242547242477,0.6666666666666666,0.75,,,,,,
mean_of_samples,random,11,402,0.272410626407282,1.0,0.0,0.0,15,0.0,0.2451133036718449,0.10118864533295474,0,0,,,,0.4181032558249113,0.0,0.0,,,,,,
simgp24,random,12,402,0.036544555655398436,0.875,1.0,0.9333333333333333,14,0.9565217391304348,0.03000647863330903,-0.026297153622868056,14,2,0.7391304347826086,0.9130434782608695,1.0,0.05625465336808748,1.0,1.0,0.1,0.3,1.0,1.0,1.1,1.05
simgp24_g75,random,12,402,0.0842004584004616,0.875,1.0,0.9333333333333333,14,0.8695652173913043,0.05797646487991348,-0.05788092161166341,14,2,0.17391304347826086,0.5217391304347826,0.9565217391304348,,,,,,,,,
simgp_timeblind,random,12,402,0.2407060195096932,0.8571428571428571,0.42857142857142855,0.5714285714285714,14,0.6521739130434783,0.17232582643048117,0.170402992110263,6,1,,,,0.2826199150757336,0.6666666666666666,0.782608695652174,,,,,,
mean_of_samples,random,12,402,0.2699503981115975,1.0,0.0,0.0,14,0.0,0.2380397104682674,0.08069790502770595,0,0,,,,0.4282223989654679,0.0,0.0,,,,,,
simgp24,random,13,402,0.05658348229006999,0.8125,1.0,0.896551724137931,13,0.9090909090909091,0.046022955895614844,-0.046022955895614844,13,3,0.4090909090909091,0.8181818181818182,0.9545454545454546,0.06021383901926236,1.0,1.0,0.1,0.3,1.0,1.0,1.1,1.05
simgp24_g75,random,13,402,0.21427608852070917,0.7647058823529411,1.0,0.8666666666666666,13,0.2727272727272727,0.14490822401060865,-0.14490822401060865,13,4,0.045454545454545456,0.045454545454545456,0.2727272727272727,,,,,,,,,
simgp_timeblind,random,13,402,0.22892554755939945,0.8571428571428571,0.46153846153846156,0.6,13,0.6818181818181818,0.16170633439086055,0.15968477511046067,6,1,,,,0.28573197329048877,0.6666666666666666,0.7272727272727273,,,,,,
mean_of_samples,random,13,402,0.2768939401509185,1.0,0.0,0.0,13,0.0,0.24772007266782284,0.09058167287006084,0,0,,,,0.4284815331362202,0.0,0.0,,,,,,
simgp24,random,14,402,0.028134329461164627,0.8571428571428571,1.0,0.923076923076923,12,0.9523809523809523,0.024279334427842622,-0.013453258146909347,12,2,0.6666666666666666,0.8571428571428571,0.9523809523809523,0.09040390516201365,1.0,0.9047619047619048,0.1,0.3,0.5,0.85,0.9,1.0
simgp24_g75,random,14,402,0.22503488358523768,0.75,1.0,0.8571428571428571,12,0.2857142857142857,0.15150825772784224,-0.15150825772784224,12,4,0.047619047619047616,0.14285714285714285,0.2857142857142857,,,,,,,,,
simgp_timeblind,random,14,402,0.194184326341959,0.8571428571428571,0.5,0.631578947368421,12,0.7619047619047619,0.14287321143875922,0.1408486649889122,6,1,,,,0.2833917359903484,0.6666666666666666,0.8095238095238095,,,,,,
mean_of_samples,random,14,402,0.2757406026609532,1.0,0.0,0.0,12,0.0,0.24212265308480216,0.07071157025307422,0,0,,,,0.4430397653810516,0.0,0.0,,,,,,
simgp24,random,15,402,0.03448390070760487,0.8461538461538461,1.0,0.9166666666666666,11,0.85,0.02923949262781305,-0.010889568396279107,11,2,0.7,0.85,0.85,0.06079183104077054,1.0,0.95,0.1,0.3,0.5,0.85,0.9,1.0
simgp24_g75,random,15,402,0.23065986444123152,0.7333333333333333,1.0,0.846153846153846,11,0.25,0.15680874453334273,-0.15680874453334273,11,4,0.05,0.15,0.25,,,,,,,,,
simgp_timeblind,random,15,402,0.18017968672501694,0.8333333333333334,0.45454545454545453,0.5882352941176471,11,0.8,0.1312244929699442,0.12908158042163567,5,1,,,,0.28934832047507114,0.6666666666666666,0.8,,,,,,
mean_of_samples,random,15,402,0.27714842117244753,1.0,0.0,0.0,11,0.0,0.2411675031462533,0.059606728177114744,0,0,,,,0.45440408097397955,0.0,0.0,,,,,,
simgp24,uncertainty,3,402,0.06545884822604713,0.7916666666666666,1.0,0.8837209302325582,19,0.90625,0.05065687636356564,-0.04918571621786278,19,5,0.46875,0.78125,0.96875,0.08571670959249167,0.8,1.0,0.1,0.3,1.0,1.15,1.0,0.95
simgp24,uncertainty,4,402,0.06303352530806955,0.8181818181818182,1.0,0.9,18,0.967741935483871,0.04858486798209776,-0.045796185211162854,18,4,0.6129032258064516,0.9032258064516129,1.0,0.10649462356183047,0.75,0.9354838709677419,0.1,0.3,1.0,1.15,1.1,0.9
simgp24,uncertainty,5,402,0.07903917264928173,0.8095238095238095,1.0,0.8947368421052632,17,0.9666666666666667,0.04889693547769002,-0.04513394534430103,17,4,0.6,0.9333333333333333,1.0,0.10743172264959384,0.75,1.0,0.1,0.3,0.0,0.85,0.9,0.9
simgp24,uncertainty,6,402,0.07357378881018473,0.8,1.0,0.888888888888889,16,1.0,0.04905277963890062,-0.03727814352726149,16,4,0.6551724137931034,0.9655172413793104,1.0,0.10975102838431343,1.0,1.0,0.1,0.3,0.0,1.0,1.1,0.9
simgp24,uncertainty,7,402,0.046223457431397566,0.7894736842105263,1.0,0.8823529411764706,15,1.0,0.03818939125281417,-0.00793843760488252,15,4,0.75,0.9642857142857143,1.0,0.08891635708714617,0.3333333333333333,0.9642857142857143,0.1,0.3,0.5,1.0,1.1,0.95
simgp24,uncertainty,8,402,0.06685446365166663,0.7777777777777778,1.0,0.8750000000000001,14,1.0,0.045269487434007195,-0.027535789107670093,14,4,0.6666666666666666,0.9629629629629629,1.0,0.12061291146771376,1.0,0.9629629629629629,0.1,0.3,0.0,1.0,1.1,0.9
simgp24,uncertainty,9,402,0.04265118893289663,0.9285714285714286,1.0,0.962962962962963,13,1.0,0.03131991137945697,0.004359165603827353,13,1,0.7692307692307693,0.9615384615384616,1.0,0.09640997407591254,0.5,0.9230769230769231,0.1,0.3,0.0,1.0,1.0,0.9
simgp24,uncertainty,10,402,0.08162475021829159,0.8125,1.0,0.896551724137931,13,0.92,0.05334135257952163,-0.03953483525731199,13,3,0.48,0.84,1.0,0.15399097032176248,0.5,0.84,0.1,0.3,0.0,1.0,1.0,0.9
simgp24,uncertainty,11,402,0.04783036937621684,0.8,1.0,0.888888888888889,12,1.0,0.03728549048787,-0.02305573242616453,12,3,0.625,1.0,1.0,0.08426790325291432,0.0,0.9583333333333334,0.1,0.3,0.5,1.0,1.1,0.95
simgp24,uncertainty,12,402,0.138781923441384,0.6470588235294118,1.0,0.7857142857142858,11,0.782608695652174,0.0927799340042664,-0.0927799340042664,11,6,0.2608695652173913,0.6521739130434783,0.9130434782608695,0.061980282217420184,0.5,1.0,0.1,0.3,0.5,1.0,1.1,0.95
simgp24,uncertainty,13,402,0.11825863850472,0.625,1.0,0.7692307692307693,10,0.9545454545454546,0.0882010546663287,-0.0882010546663287,10,6,0.5,0.9545454545454546,1.0,0.17445614067310225,0.0,0.9545454545454546,0.1,0.3,0.5,0.85,1.1,1.0
simgp24,uncertainty,14,402,0.05488173207555844,0.6,1.0,0.7499999999999999,9,1.0,0.043198562996500295,-0.040026424815130184,9,6,0.6190476190476191,0.9523809523809523,1.0,0.12147021142468799,0.5,1.0,0.1,0.3,0.5,0.85,0.9,1.0
simgp24,uncertainty,15,402,0.059183649463312706,0.7272727272727273,1.0,0.8421052631578948,8,0.95,0.04179660623629303,-0.03733680000109516,8,3,0.9,0.95,0.95,0.16030628779137995,1.0,0.95,0.1,0.3,0.5,1.0,1.1,0.9
simgp24,straddle,3,402,0.06545884822604713,0.7916666666666666,1.0,0.8837209302325582,19,0.90625,0.05065687636356564,-0.04918571621786278,19,5,0.46875,0.78125,0.96875,0.08571670959249167,0.8,1.0,0.1,0.3,1.0,1.15,1.0,0.95
simgp24,straddle,4,402,0.034798146647409406,0.8181818181818182,1.0,0.9,18,1.0,0.02930596733124302,-0.015614114978291672,18,4,0.7419354838709677,1.0,1.0,0.07607185012330332,0.75,1.0,0.1,0.3,0.0,0.85,0.9,0.9
simgp24,straddle,5,402,0.041783662248449,0.8095238095238095,1.0,0.8947368421052632,17,0.9666666666666667,0.03273992472975672,-0.021012754083448167,17,4,0.7,0.9666666666666667,1.0,0.08698345692512387,1.0,1.0,0.1,0.3,0.5,1.0,1.1,0.95
simgp24,straddle,6,402,0.0887037818169044,0.8,1.0,0.888888888888889,16,0.7931034482758621,0.06367238450082487,-0.06061559956370702,16,4,0.3793103448275862,0.6896551724137931,0.8620689655172413,0.07751724993973644,1.0,1.0,0.1,0.6,0.0,1.15,1.0,0.9
simgp24,straddle,7,402,0.029925267973835788,0.8333333333333334,1.0,0.9090909090909091,15,1.0,0.025041853191734607,-0.007718885708007726,15,3,0.8214285714285714,1.0,1.0,0.07439370457115517,1.0,1.0,0.1,0.3,0.5,0.85,0.9,0.95
simgp24,straddle,8,402,0.06273253237001132,0.9333333333333333,1.0,0.9655172413793104,14,1.0,0.03988156657149937,-0.021999713153121277,14,1,0.7777777777777778,0.9629629629629629,1.0,0.09053036317641454,1.0,1.0,0.1,0.3,0.0,1.0,1.1,0.9
simgp24,straddle,9,402,0.06231335811545855,0.9285714285714286,1.0,0.962962962962963,13,0.9615384615384616,0.03932544177129968,-0.017760495434629528,13,1,0.8461538461538461,0.9615384615384616,0.9615384615384616,0.13447190210124751,1.0,1.0,0.1,0.3,0.5,1.0,1.1,0.95
simgp24,straddle,10,402,0.11175019890554212,0.75,1.0,0.8571428571428571,12,0.96,0.06673471205566144,-0.06355053823182825,12,4,0.6,0.96,0.96,0.09814289859940932,1.0,1.0,0.1,0.3,0.5,1.0,1.1,0.9
simgp24,straddle,11,402,0.06903942313936108,0.8,1.0,0.888888888888889,12,0.9583333333333334,0.04327251788623037,-0.02113749210250837,12,3,0.8333333333333334,0.9583333333333334,0.9583333333333334,0.16129336497485772,1.0,1.0,0.1,0.3,0.5,1.0,1.1,0.9
simgp24,straddle,12,402,0.07318091571638484,0.7333333333333333,1.0,0.846153846153846,11,0.9565217391304348,0.05377406207528396,-0.04849886703251606,11,4,0.6956521739130435,0.9130434782608695,1.0,0.10024626508464154,1.0,1.0,0.1,0.3,0.5,1.0,1.1,0.9
simgp24,straddle,13,402,0.06438466930829737,0.7692307692307693,1.0,0.8695652173913044,10,0.9090909090909091,0.045470578160966224,-0.015841610753465043,10,3,0.7727272727272727,0.8181818181818182,0.9545454545454546,0.2015272500008191,1.0,1.0,0.1,0.3,0.5,1.0,1.1,0.9
simgp24,straddle,14,402,0.06380601058513724,0.8181818181818182,1.0,0.9,9,0.9047619047619048,0.047499574141080914,0.0026634317877292277,9,2,0.7142857142857143,0.8095238095238095,0.9523809523809523,0.26105618140753317,1.0,1.0,0.1,0.3,0.5,1.0,1.1,0.95
simgp24,straddle,15,402,0.06457945476271477,0.6153846153846154,1.0,0.761904761904762,8,0.9,0.04645659842122358,-0.021788068135101053,8,5,0.75,0.8,0.95,0.19902570968819538,1.0,1.0,0.1,0.3,0.5,1.0,1.1,0.95
simgp24,straddle_min,3,402,0.06545884822604713,0.7916666666666666,1.0,0.8837209302325582,19,0.90625,0.05065687636356564,-0.04918571621786278,19,5,0.46875,0.78125,0.96875,0.08571670959249167,0.8,1.0,0.1,0.3,1.0,1.15,1.0,0.95
simgp24,straddle_min,4,402,0.040320230426883166,0.8571428571428571,1.0,0.923076923076923,18,0.967741935483871,0.03235430207782288,-0.011271402291570318,18,3,0.6774193548387096,0.9354838709677419,0.967741935483871,0.1014835133454298,0.6,0.967741935483871,0.1,0.3,0.5,0.85,0.9,1.05
simgp24,straddle_min,5,402,0.04092528939402959,0.9444444444444444,1.0,0.9714285714285714,17,0.9666666666666667,0.030012597894377983,0.000346960330355138,17,1,0.7333333333333333,0.9666666666666667,0.9666666666666667,0.11646379324663778,0.6,0.8666666666666667,0.1,0.3,0.5,0.85,0.9,1.05
simgp24,straddle_min,6,402,0.04283388979035309,0.8,1.0,0.888888888888889,16,0.9655172413793104,0.03485810169330676,-0.02761327481839888,16,4,0.5862068965517241,0.9310344827586207,0.9655172413793104,0.0968557967342439,0.6,0.8620689655172413,0.1,0.3,0.5,0.85,0.9,1.0
simgp24,straddle_min,7,402,0.035495508822118445,0.8333333333333334,1.0,0.9090909090909091,15,0.9642857142857143,0.02657101986069271,-0.006442067694204219,15,3,0.6785714285714286,0.8571428571428571,0.9642857142857143,0.10989303945324119,0.6,0.8571428571428571,0.1,0.3,0.5,0.85,1.0,1.05
simgp24,straddle_min,8,402,0.04431477730713023,0.9333333333333333,1.0,0.9655172413793104,14,0.8888888888888888,0.03079959925595388,0.002829588032250722,14,1,0.7037037037037037,0.8518518518518519,0.9629629629629629,0.1270629045472695,0.6,0.7407407407407407,0.25,0.1,0.5,0.85,0.9,0.9
simgp24,straddle_min,9,402,0.04297847720670264,0.9285714285714286,1.0,0.962962962962963,13,0.8846153846153846,0.03018114554054708,0.0004748470638824751,13,1,0.6923076923076923,0.8461538461538461,0.9615384615384616,0.1305893553625704,0.6,0.7307692307692307,0.25,0.1,0.5,0.85,0.9,0.9
simgp24,straddle_min,10,402,0.03942584941547575,0.8125,1.0,0.896551724137931,13,0.96,0.030168594831426917,-0.011120033556850912,13,3,0.64,0.96,0.96,0.11358933543102441,0.6,0.84,0.1,0.3,0.0,0.85,1.1,0.9
simgp24,straddle_min,11,402,0.04197795051782999,0.8125,1.0,0.896551724137931,13,0.875,0.03371138854524022,-0.02361163098692326,13,3,0.75,0.8333333333333334,0.875,0.14468918682830612,0.6,0.75,0.1,0.3,0.5,0.85,1.1,1.05
simgp24,straddle_min,12,402,0.04233933512522564,0.8125,1.0,0.896551724137931,13,0.9565217391304348,0.032872129208708405,-0.03160799504911266,13,3,0.6086956521739131,0.9130434782608695,0.9565217391304348,0.14098171147611682,0.6,0.8260869565217391,0.1,0.3,0.5,0.85,1.1,1.0
simgp24,straddle_min,13,402,0.08436526616198442,0.75,1.0,0.8571428571428571,12,0.8636363636363636,0.06343141992568806,-0.06292650092361982,12,4,0.2727272727272727,0.6363636363636364,0.9545454545454546,0.11141475980914414,0.5,0.8181818181818182,0.1,0.3,0.5,0.85,1.1,1.0
simgp24,straddle_min,14,402,0.10309740441212742,0.8,1.0,0.888888888888889,12,0.7142857142857143,0.07459843809182332,-0.07455717277192273,12,3,0.19047619047619047,0.6666666666666666,0.9047619047619048,0.11085876815174076,0.5,0.8571428571428571,0.1,0.3,0.5,0.85,1.1,1.0
simgp24,straddle_min,15,402,0.13890430802758064,0.7857142857142857,1.0,0.88,11,0.3,0.10653607871226503,-0.10653607871226503,11,3,0.15,0.25,0.45,0.11981282700768443,0.5,0.9,0.1,0.3,0.5,0.85,1.1,0.95
simgp24,random,3,403,0.06900852679441397,0.9615384615384616,1.0,0.9803921568627451,25,0.65625,0.06277355404663405,-0.04406605802317515,25,1,0.28125,0.46875,0.78125,0.09450923524974209,0.875,0.96875,0.1,1.0,0.5,1.0,0.9,1.1
simgp24_g75,random,3,403,0.06307787899789202,0.9615384615384616,1.0,0.9803921568627451,25,0.375,0.055341898201056436,-0.034859200419190293,25,1,0.21875,0.375,0.625,,,,,,,,,
simgp_timeblind,random,3,403,0.20946145445544678,1.0,0.24,0.3870967741935484,25,0.6875,0.16724522218699578,0.16724522218699578,6,0,,,,0.2951768965838478,0.5,0.5625,,,,,,
mean_of_samples,random,3,403,0.20079281310024036,1.0,0.0,0.0,25,0.0,0.17148094384259263,0.06959508464341907,0,0,,,,0.3642277645522931,0.0,0.0,,,,,,
simgp24,random,4,403,0.07318029989677906,0.96,1.0,0.9795918367346939,24,0.4838709677419355,0.06873992854652507,-0.06689839790511688,24,1,0.22580645161290322,0.3225806451612903,0.7096774193548387,0.06259478343829822,0.8571428571428571,1.0,0.1,1.0,0.0,1.0,0.9,0.95
simgp24_g75,random,4,403,0.06367456228605765,0.96,1.0,0.9795918367346939,24,0.3870967741935484,0.05844634186525101,-0.05622362460537464,24,1,0.16129032258064516,0.3870967741935484,0.5161290322580645,,,,,,,,,
simgp_timeblind,random,4,403,0.18290910027098506,1.0,0.2916666666666667,0.45161290322580644,24,0.7096774193548387,0.14542094270474606,0.14511081202626275,7,0,,,,0.29175070878385917,0.5714285714285714,0.5483870967741935,,,,,,
mean_of_samples,random,4,403,0.2116295003480902,1.0,0.0,0.0,24,0.0,0.18750293467845172,0.09264974116880735,0,0,,,,0.3530069068969879,0.0,0.0,,,,,,
simgp24,random,5,403,0.062014649621982505,0.9583333333333334,1.0,0.9787234042553191,23,0.9,0.051323227579835845,-0.049273517793515124,23,1,0.36666666666666664,0.7666666666666667,0.9,0.1470980725915305,0.6666666666666666,0.8333333333333334,0.1,1.0,0.0,1.0,0.9,1.05
simgp24_g75,random,5,403,0.06514842165452255,0.9583333333333334,1.0,0.9787234042553191,23,0.6666666666666666,0.055148757154213794,-0.054275712508546035,23,1,0.23333333333333334,0.4666666666666667,0.7333333333333333,,,,,,,,,
simgp_timeblind,random,5,403,0.19378668374403238,1.0,0.2608695652173913,0.41379310344827586,23,0.5666666666666667,0.15469857692939012,0.15421744776587296,6,0,,,,0.2935524464677702,0.5,0.5,,,,,,
mean_of_samples,random,5,403,0.20167415142713008,1.0,0.0,0.0,23,0.0,0.17075408711073267,0.06250435882206531,0,0,,,,0.3739318816929797,0.0,0.0,,,,,,
simgp24,random,6,403,0.07408709107944546,0.9565217391304348,1.0,0.9777777777777777,22,0.7241379310344828,0.06740997270921699,-0.06740997270921699,22,1,0.2413793103448276,0.4827586206896552,0.8620689655172413,0.05877839791110369,0.8333333333333334,1.0,0.1,1.0,0.0,1.0,0.9,1.0
simgp24_g75,random,6,403,0.06722009665814728,0.9565217391304348,1.0,0.9777777777777777,22,0.4827586206896552,0.05870092832852984,-0.05870092832852984,22,1,0.1724137931034483,0.41379310344827586,0.6206896551724138,,,,,,,,,
simgp_timeblind,random,6,403,0.16228138334506334,1.0,0.45454545454545453,0.625,22,0.6551724137931034,0.1283970614855687,0.1278808813306224,10,0,,,,0.30115833598840647,0.5,0.5172413793103449,,,,,,
mean_of_samples,random,6,403,0.20729270265524227,1.0,0.0,0.0,22,0.0,0.1792324093013974,0.0732835278775834,0,0,,,,0.3708892934522632,0.0,0.0,,,,,,
simgp24,random,7,403,0.07380030766281609,0.9545454545454546,1.0,0.9767441860465117,21,0.6071428571428571,0.06571822694617993,-0.06571822694617993,21,1,0.14285714285714285,0.42857142857142855,0.7857142857142857,0.06121851119374783,0.8,1.0,0.1,1.0,0.0,1.0,1.0,1.0
simgp24_g75,random,7,403,0.0579991698495983,0.9545454545454546,1.0,0.9767441860465117,21,0.5357142857142857,0.04954545398620495,-0.048623167628380655,21,1,0.2857142857142857,0.42857142857142855,0.5714285714285714,,,,,,,,,
simgp_timeblind,random,7,403,0.15676890140823674,1.0,0.2857142857142857,0.4444444444444445,21,0.2857142857142857,0.12804205812753708,0.12804205812753708,6,0,,,,0.30019073232817045,0.4,0.32142857142857145,,,,,,
mean_of_samples,random,7,403,0.20166266786119286,1.0,0.0,0.0,21,0.0,0.1658304868912154,0.04594310692377468,0,0,,,,0.3922500030433491,0.0,0.0,,,,,,
simgp24,random,8,403,0.05958455585961044,0.9545454545454546,1.0,0.9767441860465117,21,0.5925925925925926,0.05363389214437834,-0.05230878156853621,21,1,0.25925925925925924,0.4074074074074074,0.7407407407407407,0.06504564028011749,0.8,1.0,0.1,1.0,0.0,1.0,1.0,1.0
simgp24_g75,random,8,403,0.04907908588264564,0.9545454545454546,1.0,0.9767441860465117,21,0.5185185185185185,0.04141181549116766,-0.037063394177481314,21,1,0.25925925925925924,0.4444444444444444,0.5925925925925926,,,,,,,,,
simgp_timeblind,random,8,403,0.1876472384943032,1.0,0.2857142857142857,0.4444444444444445,21,0.5555555555555556,0.1455380751696498,0.14387651608062862,6,0,,,,0.31433309750987715,0.4,0.4444444444444444,,,,,,
mean_of_samples,random,8,403,0.23208302319538587,1.0,0.0,0.0,21,0.0,0.20978995455778082,0.12891470407574618,0,0,,,,0.3398243797785777,0.0,0.0,,,,,,
simgp24,random,9,403,0.06264236034688607,0.9545454545454546,1.0,0.9767441860465117,21,0.5769230769230769,0.05605205043333006,-0.056022720140362775,21,1,0.23076923076923078,0.3076923076923077,0.7307692307692307,0.06392257138836095,0.8,1.0,0.1,0.6,0.5,1.0,1.0,0.9
simgp24_g75,random,9,403,0.05068636018379963,0.9545454545454546,1.0,0.9767441860465117,21,0.38461538461538464,0.042917625934955655,-0.03973072840506661,21,1,0.23076923076923078,0.34615384615384615,0.5384615384615384,,,,,,,,,
simgp_timeblind,random,9,403,0.14922793889152416,1.0,0.3333333333333333,0.5,21,0.3076923076923077,0.11977413096662247,0.11977413096662247,7,0,,,,0.3098239225294845,0.4,0.3076923076923077,,,,,,
mean_of_samples,random,9,403,0.24929195063075074,1.0,0.0,0.0,21,0.0,0.2282259353498569,0.1727456163186994,0,0,,,,0.3083782662090889,0.0,0.0,,,,,,
simgp24,random,10,403,0.059074833195938814,0.9523809523809523,1.0,0.975609756097561,20,0.48,0.05443593901591065,-0.05238685093409767,20,1,0.2,0.32,0.6,0.11658027947669644,1.0,0.68,0.1,1.0,0.0,1.0,1.0,0.95
simgp24_g75,random,10,403,0.05100309500679991,0.9523809523809523,1.0,0.975609756097561,20,0.32,0.04390494506541311,-0.041498038037004255,20,1,0.2,0.28,0.44,,,,,,,,,
simgp_timeblind,random,10,403,0.1256092845183666,1.0,0.45,0.6206896551724138,20,0.48,0.09948015083261627,0.09941006732761011,9,0,,,,0.32017033147340246,0.5,0.32,,,,,,
mean_of_samples,random,10,403,0.2296213732619564,1.0,0.0,0.0,20,0.0,0.20568854762293792,0.13990697245355177,0,0,,,,0.3266233150712773,0.0,0.0,,,,,,
simgp24,random,11,403,0.05938344193253776,0.95,1.0,0.9743589743589743,19,0.375,0.05533518344264637,-0.05310725821886355,19,1,0.20833333333333334,0.2916666666666667,0.5416666666666666,0.06740443586952678,0.6666666666666666,0.9583333333333334,0.1,1.0,0.0,1.0,1.0,1.0
simgp24_g75,random,11,403,0.05176512444425057,0.95,1.0,0.9743589743589743,19,0.25,0.047190894134931126,-0.042933960125683956,19,1,0.125,0.20833333333333334,0.2916666666666667,,,,,,,,,
simgp_timeblind,random,11,403,0.10816070658955759,1.0,0.5263157894736842,0.6896551724137931,19,0.5833333333333334,0.0847078039456024,0.08345450645623657,10,0,,,,0.33690404066211466,0.6666666666666666,0.2916666666666667,,,,,,
mean_of_samples,random,11,403,0.2192287616704268,1.0,0.0,0.0,19,0.0,0.19265046665461147,0.11851343778607175,0,0,,,,0.3416217893322613,0.0,0.0,,,,,,
simgp24,random,12,403,0.05829917706559286,0.95,1.0,0.9743589743589743,19,0.391304347826087,0.05405029192539409,-0.05159295749185184,19,1,0.21739130434782608,0.2608695652173913,0.5217391304347826,0.0683119258122409,0.6666666666666666,0.9565217391304348,0.1,1.0,0.0,1.0,1.0,1.0
simgp24_g75,random,12,403,0.0503209013357072,0.95,1.0,0.9743589743589743,19,0.2608695652173913,0.04561655298758481,-0.04072041855495029,19,1,0.13043478260869565,0.21739130434782608,0.2608695652173913,,,,,,,,,
simgp_timeblind,random,12,403,0.1460879364469329,1.0,0.42105263157894735,0.5925925925925926,19,0.8695652173913043,0.10448396581665115,0.10443185450510681,8,0,,,,0.3274428457487077,0.6666666666666666,0.6521739130434783,,,,,,
mean_of_samples,random,12,403,0.25401928815778807,1.0,0.0,0.0,19,0.0,0.23459997746188402,0.1758019801551883,0,0,,,,0.3006539986436579,0.0,0.0,,,,,,
simgp24,random,13,403,0.060169619539609365,0.9473684210526315,1.0,0.972972972972973,18,0.2727272727272727,0.05501662175393458,-0.051958515963308825,18,1,0.18181818181818182,0.2727272727272727,0.45454545454545453,0.11887068396849382,1.0,0.5454545454545454,0.1,1.0,0.0,1.0,1.0,0.95
simgp24_g75,random,13,403,0.055147094409676356,0.9473684210526315,1.0,0.972972972972973,18,0.2727272727272727,0.050326994500202456,-0.04686097409777474,18,1,0.13636363636363635,0.22727272727272727,0.3181818181818182,,,,,,,,,
simgp_timeblind,random,13,403,0.12793272529368838,1.0,0.5555555555555556,0.7142857142857143,18,0.8636363636363636,0.09059000336986339,0.08827065730090063,10,0,,,,0.3340035536981628,0.6666666666666666,0.45454545454545453,,,,,,
mean_of_samples,random,13,403,0.24090610388228825,1.0,0.0,0.0,18,0.0,0.21762482773102498,0.152090999218923,0,0,,,,0.3156870896434319,0.0,0.0,,,,,,
simgp24,random,14,403,0.06079310637883818,0.9444444444444444,1.0,0.9714285714285714,17,0.2857142857142857,0.05551251132492553,-0.05220476144721621,17,1,0.19047619047619047,0.23809523809523808,0.47619047619047616,0.1300373399911684,1.0,0.42857142857142855,0.1,1.0,0.0,1.0,1.0,0.95
simgp24_g75,random,14,403,0.05554184054083389,0.9444444444444444,1.0,0.9714285714285714,17,0.23809523809523808,0.050468252738518495,-0.04548447347247114,17,1,0.19047619047619047,0.19047619047619047,0.23809523809523808,,,,,,,,,
simgp_timeblind,random,14,403,0.15622704072607313,1.0,0.5294117647058824,0.6923076923076924,17,0.8571428571428571,0.10688052493101677,0.10185759255988328,9,0,,,,0.34219984946755144,0.5,0.5714285714285714,,,,,,
mean_of_samples,random,14,403,0.2362852754674558,1.0,0.0,0.0,17,0.0,0.21148469179279972,0.1414523629463743,0,0,,,,0.32201255054325006,0.0,0.0,,,,,,
simgp24,random,15,403,0.06118343627959286,0.9411764705882353,1.0,0.9696969696969697,16,0.35,0.055885757474999596,-0.05236818406026892,16,1,0.2,0.25,0.45,0.13182189273421208,0.5,0.4,0.1,1.0,0.0,1.0,1.0,1.0
simgp24_g75,random,15,403,0.05538376815923376,0.9411764705882353,1.0,0.9696969696969697,16,0.25,0.05055084237018046,-0.045245771901090956,16,1,0.15,0.2,0.25,,,,,,,,,
simgp_timeblind,random,15,403,0.10615861751498501,1.0,0.5,0.6666666666666666,16,0.75,0.08319215996090465,0.08000287875468218,8,0,,,,0.34934642427417334,0.5,0.25,,,,,,
mean_of_samples,random,15,403,0.23555330463571064,1.0,0.0,0.0,16,0.0,0.20967909472152613,0.13640387859323228,0,0,,,,0.32937874177211923,0.0,0.0,,,,,,
simgp24,uncertainty,3,403,0.06900852679441397,0.9615384615384616,1.0,0.9803921568627451,25,0.65625,0.06277355404663405,-0.04406605802317515,25,1,0.28125,0.46875,0.78125,0.09450923524974209,0.875,0.96875,0.1,1.0,0.5,1.0,0.9,1.1
simgp24,uncertainty,4,403,0.05950457277388234,0.96,1.0,0.9795918367346939,24,0.9032258064516129,0.0545173348243024,-0.041882950112916484,24,1,0.25806451612903225,0.5483870967741935,0.967741935483871,0.06812725944853366,0.875,1.0,0.1,0.3,1.0,0.85,1.1,0.9
simgp24,uncertainty,5,403,0.06641066546855619,0.9583333333333334,1.0,0.9787234042553191,23,0.7333333333333333,0.05989441912225378,-0.02307530026268915,23,1,0.13333333333333333,0.43333333333333335,0.9666666666666667,0.07382744428807396,0.5714285714285714,1.0,0.1,0.3,1.0,0.85,0.9,0.9
simgp24,uncertainty,6,403,0.06637704588644684,0.9565217391304348,1.0,0.9777777777777777,22,0.8620689655172413,0.05524378424703437,-0.05334126628186626,22,1,0.3103448275862069,0.6551724137931034,0.896551724137931,0.12362533386844642,0.6666666666666666,0.896551724137931,0.1,1.0,0.0,1.0,0.9,0.9
simgp24,uncertainty,7,403,0.09181805117589818,0.9545454545454546,1.0,0.9767441860465117,21,0.8928571428571429,0.07199450067668893,-0.07199450067668893,21,1,0.17857142857142858,0.7142857142857143,0.9285714285714286,0.17442508206712157,0.8333333333333334,0.8571428571428571,0.1,0.3,1.0,0.85,0.9,0.9
simgp24,uncertainty,8,403,0.055411547044392925,0.95,0.95,0.9500000000000001,20,1.0,0.04526533686735154,0.0021916260804944725,19,1,0.7037037037037037,0.8518518518518519,1.0,0.16137717712623884,0.3333333333333333,0.9259259259259259,0.1,0.6,0.0,1.0,0.9,0.9
simgp24,uncertainty,9,403,0.04004410712565508,0.9523809523809523,1.0,0.975609756097561,20,1.0,0.03285898648968998,-0.02149589903220126,20,1,0.6153846153846154,0.8076923076923077,1.0,0.09144074302416069,0.6666666666666666,0.9615384615384616,0.1,0.6,0.0,1.0,0.9,0.9
simgp24,uncertainty,10,403,0.04448444740049137,0.95,1.0,0.9743589743589743,19,0.88,0.038445308197250616,-0.023688818083438333,19,1,0.56,0.8,1.0,0.08058774336977763,0.6666666666666666,0.96,0.1,0.6,0.0,1.0,0.9,0.9
simgp24,uncertainty,11,403,0.051739130493176286,1.0,0.9444444444444444,0.9714285714285714,18,0.875,0.04372556351390283,-6.736893636811782e-06,17,0,0.5416666666666666,0.875,1.0,0.1685428734050963,0.3333333333333333,0.8333333333333334,0.1,0.6,0.0,1.0,0.9,0.9
simgp24,uncertainty,12,403,0.05109372428665598,1.0,0.9411764705882353,0.9696969696969697,17,0.8695652173913043,0.042839073780482594,0.00576085483475453,16,0,0.5652173913043478,0.8260869565217391,0.9565217391304348,0.1728762247711893,0.3333333333333333,0.8260869565217391,0.1,0.6,0.0,1.0,0.9,0.9
simgp24,uncertainty,13,403,0.04481126559003938,0.9411764705882353,0.9411764705882353,0.9411764705882353,17,0.7727272727272727,0.034239904971000094,-0.02117250969570881,16,1,0.5,0.6818181818181818,0.9545454545454546,0.12305431230598803,0.6666666666666666,0.9545454545454546,0.1,0.6,0.0,1.0,0.9,0.9
simgp24,uncertainty,14,403,0.045039564604173736,0.9375,0.9375,0.9375,16,0.8095238095238095,0.034373332762282174,-0.021371343750297905,15,1,0.47619047619047616,0.6190476190476191,0.8571428571428571,0.12318523606032523,0.6,0.9523809523809523,0.1,0.6,0.0,1.0,0.9,0.9
simgp24,uncertainty,15,403,0.05013594555123627,1.0,0.9333333333333333,0.9655172413793104,15,0.85,0.04281466396032157,0.004503965887086894,14,0,0.5,0.8,1.0,0.16267270832700845,0.5,0.9,0.1,0.6,0.0,1.0,0.9,0.9
simgp24,straddle,3,403,0.06900852679441397,0.9615384615384616,1.0,0.9803921568627451,25,0.65625,0.06277355404663405,-0.04406605802317515,25,1,0.28125,0.46875,0.78125,0.09450923524974209,0.875,0.96875,0.1,1.0,0.5,1.0,0.9,1.1
simgp24,straddle,4,403,0.0634933246829523,0.96,1.0,0.9795918367346939,24,0.9354838709677419,0.0581360960757052,-0.02350371131414165,24,1,0.1935483870967742,0.6129032258064516,0.967741935483871,0.06638617342614904,0.75,1.0,0.1,0.3,1.0,0.85,1.1,0.9
simgp24,straddle,5,403,0.06575202637230526,0.9583333333333334,1.0,0.9787234042553191,23,0.7,0.05979417715065386,-0.0264791504364691,23,1,0.13333333333333333,0.36666666666666664,0.9,0.0726407076591733,0.7142857142857143,1.0,0.1,0.3,1.0,0.85,1.1,0.9
simgp24,straddle,6,403,0.06706981440071362,0.9565217391304348,1.0,0.9777777777777777,22,0.7241379310344828,0.059202591674328925,-0.015872132561986486,22,1,0.13793103448275862,0.4482758620689655,0.8620689655172413,0.07827507873536617,0.7142857142857143,0.9655172413793104,0.1,0.3,1.0,0.85,1.1,0.9
simgp24,straddle,7,403,0.06890829976640334,0.9545454545454546,1.0,0.9767441860465117,21,0.9285714285714286,0.059595139060060406,-0.011943196927579716,21,1,0.42857142857142855,0.9285714285714286,0.9285714285714286,0.09456216674035718,0.8333333333333334,0.9642857142857143,0.1,0.3,1.0,0.85,1.1,0.9
simgp24,straddle,8,403,0.07148352423518779,0.95,0.95,0.9500000000000001,20,0.9259259259259259,0.05909168679457815,-0.0025085241688843495,19,1,0.5185185185185185,0.8888888888888888,0.9259259259259259,0.1123584449451078,0.8333333333333334,0.9629629629629629,0.1,0.6,0.0,0.85,1.1,0.95
simgp24,straddle,9,403,0.07232027703707848,0.95,1.0,0.9743589743589743,19,0.9230769230769231,0.057921723000103814,0.003014129333906598,19,1,0.6153846153846154,0.9230769230769231,0.9230769230769231,0.10880278274721732,0.8,0.9615384615384616,0.1,0.6,0.0,0.85,0.9,0.95
simgp24,straddle,10,403,0.05364817032924059,0.9473684210526315,1.0,0.972972972972973,18,0.92,0.0470347876995797,-0.03769517094997419,18,1,0.36,0.76,0.96,0.09628094919031735,0.75,0.92,0.1,0.3,1.0,0.85,0.9,0.9
simgp24,straddle,11,403,0.06361962029862485,0.9444444444444444,1.0,0.9714285714285714,17,1.0,0.05253561801309172,-0.00018403086747664776,17,1,0.5833333333333334,0.9166666666666666,1.0,0.0743434523878421,0.75,0.9583333333333334,0.1,0.6,0.0,0.85,0.9,0.95
simgp24,straddle,12,403,0.06480231654101568,0.9411764705882353,1.0,0.9696969696969697,16,1.0,0.05304842427318534,0.0020811842811860578,16,1,0.5217391304347826,0.9130434782608695,1.0,0.07534269294069841,0.75,0.9565217391304348,0.1,0.6,0.0,0.85,0.9,0.95
simgp24,straddle,13,403,0.06781110022673707,0.9375,1.0,0.967741935483871,15,1.0,0.05401302168722859,0.007602348572835409,15,1,0.5,0.9545454545454546,1.0,0.07646243497883094,0.75,0.9545454545454546,0.1,0.6,0.0,0.85,0.9,0.95
simgp24,straddle,14,403,0.054288356965880115,0.9333333333333333,1.0,0.9655172413793104,14,0.8571428571428571,0.04631888697313095,-0.028650619531188345,14,1,0.5238095238095238,0.8095238095238095,0.8571428571428571,0.16449099283191615,1.0,0.8571428571428571,0.1,0.6,0.0,0.85,1.1,0.95
simgp24,straddle,15,403,0.07425071528859879,0.9285714285714286,1.0,0.962962962962963,13,0.95,0.060696142795635025,0.006532784123742759,13,1,0.45,0.9,0.95,0.12152625705039852,1.0,0.85,0.1,0.6,0.0,0.85,1.1,0.95
simgp24,straddle_min,3,403,0.06900852679441397,0.9615384615384616,1.0,0.9803921568627451,25,0.65625,0.06277355404663405,-0.04406605802317515,25,1,0.28125,0.46875,0.78125,0.09450923524974209,0.875,0.96875,0.1,1.0,0.5,1.0,0.9,1.1
simgp24,straddle_min,4,403,0.07012309806360024,0.96,1.0,0.9795918367346939,24,0.5483870967741935,0.06689438747676413,-0.05404590136928393,24,1,0.1935483870967742,0.25806451612903225,0.7741935483870968,0.11991063504077072,1.0,0.9032258064516129,0.1,1.5,0.0,1.0,1.1,1.05
simgp24,straddle_min,5,403,0.05728682802367129,0.9583333333333334,1.0,0.9787234042553191,23,0.8,0.052550167659764106,-0.05048081964660898,23,1,0.26666666666666666,0.4666666666666667,0.9333333333333333,0.1474723349513301,0.875,0.7333333333333333,0.1,1.0,0.5,1.0,1.1,1.1
simgp24,straddle_min,6,403,0.05671229694859766,1.0,1.0,1.0,23,0.6896551724137931,0.0530017061967683,-0.045885258164732635,23,0,0.27586206896551724,0.41379310344827586,0.8275862068965517,0.14179189409565426,0.875,0.6551724137931034,0.1,1.0,0.5,1.0,1.1,1.1
simgp24,straddle_min,7,403,0.0579566820897479,1.0,1.0,1.0,22,0.5357142857142857,0.053064816545077505,-0.04491629783566936,22,0,0.25,0.39285714285714285,0.7857142857142857,0.11361465628152004,0.875,0.8571428571428571,0.1,0.6,1.0,1.0,1.1,1.05
simgp24,straddle_min,8,403,0.0612136371306332,1.0,1.0,1.0,21,0.48148148148148145,0.05736256252388757,-0.0460021033839251,21,0,0.2222222222222222,0.3333333333333333,0.6296296296296297,0.10324659179806217,0.875,0.8148148148148148,0.1,0.6,1.0,1.0,1.1,1.05
simgp24,straddle_min,9,403,0.0909317399420454,1.0,1.0,1.0,20,0.4230769230769231,0.07655644945981276,-0.07655644945981276,20,0,0.0,0.15384615384615385,0.5769230769230769,0.06748211971292667,0.75,1.0,0.1,0.6,0.5,1.0,1.1,0.9
simgp24,straddle_min,10,403,0.05695167662514415,1.0,1.0,1.0,20,0.52,0.05224601310319553,-0.05151517021224249,20,0,0.16,0.36,0.64,0.08647511799353506,1.0,0.92,0.1,1.0,0.0,1.0,1.1,1.0
simgp24,straddle_min,11,403,0.054228866494876425,1.0,1.0,1.0,19,0.5833333333333334,0.049081810505456874,-0.04838058154814473,19,0,0.16666666666666666,0.375,0.625,0.0801276950713003,0.875,0.9166666666666666,0.1,1.0,0.0,1.0,1.1,1.0
simgp24,straddle_min,12,403,0.054317867204399774,1.0,1.0,1.0,18,0.5652173913043478,0.049432257188527166,-0.04806175062990561,18,0,0.17391304347826086,0.34782608695652173,0.5652173913043478,0.07748034123741526,1.0,0.8695652173913043,0.1,1.0,0.0,1.0,1.1,1.0
simgp24,straddle_min,13,403,0.0809006650820336,1.0,1.0,1.0,17,0.6818181818181818,0.061756828994714755,-0.061756828994714755,17,0,0.18181818181818182,0.5454545454545454,0.8636363636363636,0.06897455260833117,0.75,1.0,0.1,0.6,0.5,1.0,1.1,0.9
simgp24,straddle_min,14,403,0.07717057538325522,1.0,1.0,1.0,16,0.8095238095238095,0.05889652296321851,-0.05889652296321851,16,0,0.19047619047619047,0.5238095238095238,0.9047619047619048,0.06852830485311448,0.75,1.0,0.1,0.6,0.5,1.0,1.1,0.95
simgp24,straddle_min,15,403,0.08383440583888847,1.0,1.0,1.0,15,0.8,0.06294014217664921,-0.06294014217664921,15,0,0.15,0.5,0.9,0.06411056631325668,0.75,1.0,0.1,0.6,0.5,1.0,1.1,0.95
simgp24,random,3,404,0.05626601413817904,0.7307692307692307,1.0,0.8444444444444443,19,0.96875,0.05005815962110477,-0.03678098128106584,19,7,0.40625,0.90625,1.0,0.06194960902648434,0.4,1.0,0.1,0.3,1.0,0.85,1.1,1.05
simgp24_g75,random,3,404,0.07208232317937949,0.7307692307692307,1.0,0.8444444444444443,19,0.96875,0.05270360401159793,-0.04986223195377079,19,7,0.375,0.84375,1.0,,,,,,,,,
simgp_timeblind,random,3,404,0.08728188142793178,0.8235294117647058,0.7368421052631579,0.7777777777777778,19,0.9375,0.057153452230268076,0.02284215175762637,14,3,,,,0.4121676814579092,0.8,0.625,,,,,,
mean_of_samples,random,3,404,0.2279178447184621,1.0,0.0,0.0,19,0.0,0.19304769551979598,0.06310970320392006,0,0,,,,0.42278976990206196,0.0,0.0,,,,,,
simgp24,random,4,404,0.04778673922022828,0.76,1.0,0.8636363636363636,19,0.967741935483871,0.04132180796630808,-0.029137247463337353,19,6,0.4838709677419355,0.8709677419354839,1.0,0.10945021978532714,0.4,1.0,0.1,0.3,0.5,0.85,1.0,0.9
simgp24_g75,random,4,404,0.06981202481736375,0.76,1.0,0.8636363636363636,19,1.0,0.04875778178123719,-0.044053194478726763,19,6,0.41935483870967744,0.967741935483871,1.0,,,,,,,,,
simgp_timeblind,random,4,404,0.09200344832986643,0.8666666666666667,0.6842105263157895,0.7647058823529413,19,0.9032258064516129,0.05989759739923214,0.03233597254377228,13,2,,,,0.4024515647464981,0.8,0.3548387096774194,,,,,,
mean_of_samples,random,4,404,0.2253249563454267,1.0,0.0,0.0,19,0.0,0.1801906797475516,0.03584881307054148,0,0,,,,0.44109929102956796,0.0,0.0,,,,,,
simgp24,random,5,404,0.04834523550375343,0.76,1.0,0.8636363636363636,19,0.9666666666666667,0.0407099482580338,-0.025019046353214686,19,6,0.43333333333333335,0.8,1.0,0.11974242053759665,0.4,1.0,0.1,0.3,0.5,0.85,1.0,0.9
simgp24_g75,random,5,404,0.05364660994889102,0.7916666666666666,1.0,0.8837209302325582,19,0.9666666666666667,0.03851960940860724,-0.031119269709299964,19,5,0.36666666666666664,0.9333333333333333,1.0,,,,,,,,,
simgp_timeblind,random,5,404,0.1712778249511387,0.8181818181818182,0.47368421052631576,0.6,19,0.9333333333333333,0.12408671530174814,0.11662798887592771,9,2,,,,0.3536040230266449,0.8,0.7,,,,,,
mean_of_samples,random,5,404,0.276057257683265,1.0,0.0,0.0,19,0.0,0.25875127799455405,0.16772464370445536,0,0,,,,0.3554957548706128,0.0,0.0,,,,,,
simgp24,random,6,404,0.04459767032567743,0.782608695652174,0.9473684210526315,0.8571428571428571,19,0.9655172413793104,0.038185982907648665,-0.028416425945045554,18,5,0.4482758620689655,0.8275862068965517,1.0,0.06388943902153922,0.4,1.0,0.1,0.3,0.5,0.85,1.0,0.95
simgp24_g75,random,6,404,0.039247747972447504,0.9,0.9473684210526315,0.9230769230769231,19,0.9655172413793104,0.02954194976399387,-0.013819090344151748,18,2,0.5517241379310345,0.9655172413793104,1.0,,,,,,,,,
simgp_timeblind,random,6,404,0.21895020638166393,0.7777777777777778,0.3684210526315789,0.5,19,0.8275862068965517,0.1627150673836297,0.15145952597246262,7,2,,,,0.350608043124057,0.6,0.7586206896551724,,,,,,
mean_of_samples,random,6,404,0.2698829524382622,1.0,0.0,0.0,19,0.0,0.25118990784386563,0.15227135347485807,0,0,,,,0.3627282839672469,0.0,0.0,,,,,,
simgp24,random,7,404,0.04988270771460914,0.782608695652174,1.0,0.878048780487805,18,0.9285714285714286,0.04232463039252281,-0.036951425340301935,18,5,0.4642857142857143,0.75,1.0,0.09225665980999101,0.4,1.0,0.1,0.3,0.5,0.85,1.0,0.95
simgp24_g75,random,7,404,0.03707939959650834,0.85,0.9444444444444444,0.8947368421052632,18,0.9642857142857143,0.03244972510357897,-0.011434457369467823,17,3,0.32142857142857145,0.8928571428571429,1.0,,,,,,,,,
simgp_timeblind,random,7,404,0.11174914215612786,0.8571428571428571,0.3333333333333333,0.48,18,0.9285714285714286,0.08094009479946894,0.077017394699011,6,1,,,,0.36032678866139234,0.6,0.5714285714285714,,,,,,
mean_of_samples,random,7,404,0.26789523438164314,1.0,0.0,0.0,18,0.0,0.24839024973165347,0.14525459436916682,0,0,,,,0.370085421379902,0.0,0.0,,,,,,
simgp24,random,8,404,0.04382824491433832,0.7619047619047619,0.9411764705882353,0.8421052631578947,17,0.8518518518518519,0.0373570409447492,-0.031364667057190904,16,5,0.5185185185185185,0.7407407407407407,1.0,0.08501236116503509,0.4,1.0,0.1,0.3,0.5,0.85,1.0,0.95
simgp24_g75,random,8,404,0.03775820801511936,0.8421052631578947,0.9411764705882353,0.8888888888888888,17,0.9259259259259259,0.03344638978657688,-0.009145018597358633,16,3,0.25925925925925924,0.8148148148148148,0.9259259259259259,,,,,,,,,
simgp_timeblind,random,8,404,0.1850131611947412,1.0,0.17647058823529413,0.3,17,0.8518518518518519,0.14632375346358795,0.14632375346358795,3,0,,,,0.301551492686085,0.4,0.5925925925925926,,,,,,
mean_of_samples,random,8,404,0.2775107278946355,1.0,0.0,0.0,17,0.0,0.25870648307765726,0.1568205121431699,0,0,,,,0.3574471019493856,0.0,0.0,,,,,,
simgp24,random,9,404,0.04268292228080154,0.8,0.9411764705882353,0.8648648648648648,17,0.8846153846153846,0.03629738302829281,-0.02966017259827489,16,4,0.5769230769230769,0.7307692307692307,1.0,0.0832563573093358,0.4,1.0,0.1,0.3,0.5,0.85,1.0,0.95
simgp24_g75,random,9,404,0.03943550602460232,0.9411764705882353,0.9411764705882353,0.9411764705882353,17,0.8846153846153846,0.033250507133174026,-0.0041282611872710115,16,1,0.23076923076923078,0.6923076923076923,0.8846153846153846,,,,,,,,,
simgp_timeblind,random,9,404,0.2003737070924325,1.0,0.058823529411764705,0.1111111111111111,17,0.8461538461538461,0.1752303821085637,0.1752303821085637,1,0,,,,0.256187184726607,0.2,0.8846153846153846,,,,,,
mean_of_samples,random,9,404,0.3135066659091382,1.0,0.0,0.0,17,0.0,0.2944017908947943,0.209634074176313,0,0,,,,0.3327384985988891,0.0,0.0,,,,,,
simgp24,random,10,404,0.027237701880333642,0.9411764705882353,1.0,0.9696969696969697,16,0.96,0.02346675921947857,-0.013228678622831579,16,1,0.72,0.92,0.96,0.09744561070399115,0.4,1.0,0.1,0.3,0.5,0.85,1.0,0.95
simgp24_g75,random,10,404,0.05048262515231247,0.9285714285714286,0.8125,0.8666666666666666,16,0.92,0.03969306948977771,-0.010079210286093225,13,1,0.4,0.92,0.96,,,,,,,,,
simgp_timeblind,random,10,404,0.24948842527688472,1.0,0.0,0.0,16,0.8,0.22336871632485814,0.22336871632485814,0,0,,,,0.24408352941282804,0.0,0.88,,,,,,
mean_of_samples,random,10,404,0.3164965035053141,1.0,0.0,0.0,16,0.0,0.2963986878302277,0.2098221166773937,0,0,,,,0.3372908635131198,0.0,0.0,,,,,,
simgp24,random,11,404,0.04118160782387727,0.875,0.9333333333333333,0.9032258064516129,15,1.0,0.03521535235247442,-0.0030878574472028935,14,2,0.625,0.8333333333333334,1.0,0.09712416428016728,0.5,0.8333333333333334,0.1,0.3,0.5,0.85,1.0,0.95
simgp24_g75,random,11,404,0.05718650761510671,1.0,0.6666666666666666,0.8,15,0.875,0.04104007079545496,0.025234425290931072,10,0,0.6666666666666666,0.8333333333333334,0.875,,,,,,,,,
simgp_timeblind,random,11,404,0.25860190892247675,1.0,0.0,0.0,15,0.6666666666666666,0.2328729042074887,0.2328729042074887,0,0,,,,0.25091477170924026,0.0,0.875,,,,,,
mean_of_samples,random,11,404,0.3044465556559993,1.0,0.0,0.0,15,0.0,0.2843960865292871,0.1872382799865531,0,0,,,,0.34269514876692175,0.0,0.0,,,,,,
simgp24,random,12,404,0.04042288085992364,0.8125,0.9285714285714286,0.8666666666666666,14,1.0,0.0351413522439471,0.0013988648408354081,13,3,0.6521739130434783,0.9130434782608695,1.0,0.07372017192695104,0.0,0.9565217391304348,0.1,0.3,0.5,0.85,1.0,0.95
simgp24_g75,random,12,404,0.04419383645142886,0.9285714285714286,0.9285714285714286,0.9285714285714286,14,1.0,0.032399731315805085,-0.01716280974151301,13,1,0.6086956521739131,1.0,1.0,,,,,,,,,
simgp_timeblind,random,12,404,0.24767837800189388,1.0,0.0,0.0,14,0.6956521739130435,0.2235577194379256,0.2235577194379256,0,0,,,,0.25003130486452824,0.0,0.8260869565217391,,,,,,
mean_of_samples,random,12,404,0.29675417241696106,1.0,0.0,0.0,14,0.0,0.27627262562318916,0.1713017973149786,0,0,,,,0.3491890698312334,0.0,0.0,,,,,,
simgp24,random,13,404,0.046270126870413465,0.8666666666666667,0.9285714285714286,0.896551724137931,14,1.0,0.03242799323355354,-0.020373358426261205,13,2,0.7727272727272727,0.9545454545454546,1.0,0.07006715290102435,0.6666666666666666,1.0,0.1,0.3,0.5,0.85,1.0,0.95
simgp24_g75,random,13,404,0.04649235306586268,0.9285714285714286,0.9285714285714286,0.9285714285714286,14,0.9090909090909091,0.03431322918285895,-0.020591756347436818,13,1,0.5909090909090909,0.9090909090909091,0.9545454545454546,,,,,,,,,
simgp_timeblind,random,13,404,0.23504899833789458,1.0,0.0,0.0,14,0.6363636363636364,0.2056257984224848,0.2056257984224848,0,0,,,,0.2648278311529088,0.0,0.8181818181818182,,,,,,
mean_of_samples,random,13,404,0.31154038121514144,1.0,0.0,0.0,14,0.0,0.2960024712352318,0.19391704203255752,0,0,,,,0.3447530485058878,0.0,0.0,,,,,,
simgp24,random,14,404,0.04890955641775567,0.9285714285714286,0.9285714285714286,0.9285714285714286,14,1.0,0.03296614656562372,-0.022457987935086056,13,1,0.8095238095238095,0.9523809523809523,1.0,0.07031134095778499,0.6666666666666666,1.0,0.1,0.3,0.5,0.85,1.0,0.95
simgp24_g75,random,14,404,0.04626059549827538,1.0,0.9285714285714286,0.962962962962963,14,0.9047619047619048,0.03353318330885348,-0.01818769871830151,13,0,0.6190476190476191,0.9047619047619048,0.9523809523809523,,,,,,,,,
simgp_timeblind,random,14,404,0.23726580681022108,1.0,0.0,0.0,14,0.6190476190476191,0.20794241171201622,0.20794241171201622,0,0,,,,0.25021200926630766,0.0,0.9047619047619048,,,,,,
mean_of_samples,random,14,404,0.3088413355199376,1.0,0.0,0.0,14,0.0,0.2927310169194209,0.18229599942954458,0,0,,,,0.3506703468489025,0.0,0.0,,,,,,
simgp24,random,15,404,0.05037225032849086,0.9285714285714286,0.9285714285714286,0.9285714285714286,14,1.0,0.0327338959624466,-0.019903072873968912,13,1,0.8,0.95,1.0,0.06971782048332946,0.6666666666666666,1.0,0.1,0.3,0.5,0.85,1.0,1.0
simgp24_g75,random,15,404,0.046561865496634616,1.0,0.9285714285714286,0.962962962962963,14,0.95,0.03457739430357385,-0.010807688068345648,13,0,0.65,0.9,0.95,,,,,,,,,
simgp_timeblind,random,15,404,0.24128884819413426,1.0,0.0,0.0,14,0.55,0.21156656917238884,0.21156656917238884,0,0,,,,0.24205778526617336,0.0,0.85,,,,,,
mean_of_samples,random,15,404,0.31014718155594173,1.0,0.0,0.0,14,0.0,0.29415565999358373,0.17590195316423105,0,0,,,,0.35737279845313996,0.0,0.0,,,,,,
simgp24,uncertainty,3,404,0.05626601413817904,0.7307692307692307,1.0,0.8444444444444443,19,0.96875,0.05005815962110477,-0.03678098128106584,19,7,0.40625,0.90625,1.0,0.06194960902648434,0.4,1.0,0.1,0.3,1.0,0.85,1.1,1.05
simgp24,uncertainty,4,404,0.04623845542688023,0.7391304347826086,0.9444444444444444,0.8292682926829269,18,1.0,0.04082902567058084,-0.0283834731361329,17,6,0.45161290322580644,0.967741935483871,1.0,0.05482253955298349,0.6,1.0,0.1,0.3,0.5,0.85,1.0,0.95
simgp24,uncertainty,5,404,0.12930212285066292,0.7368421052631579,0.8235294117647058,0.7777777777777778,17,0.9666666666666667,0.09095989261863116,0.03943023851870742,14,5,0.4666666666666667,0.9333333333333333,1.0,0.29043928723017964,0.5,0.9,0.1,0.3,0.5,0.85,1.1,0.9
simgp24,uncertainty,6,404,0.08276696490014572,0.7368421052631579,0.875,0.7999999999999999,16,1.0,0.06063799621925512,0.02039944950242756,14,5,0.5517241379310345,1.0,1.0,0.13964006216049335,0.5,0.9310344827586207,0.1,0.3,0.0,0.85,1.0,0.9
simgp24,uncertainty,7,404,0.04225182347850069,1.0,0.7333333333333333,0.846153846153846,15,1.0,0.02812553361811481,0.02060415805909101,11,0,0.8571428571428571,1.0,1.0,0.10637146249103074,0.3333333333333333,1.0,0.1,0.1,1.0,0.85,0.9,0.9
simgp24,uncertainty,8,404,0.05405735258789212,0.65,0.9285714285714286,0.7647058823529412,14,0.9629629629629629,0.04551425377024618,-0.02979892381424813,13,7,0.6296296296296297,0.8888888888888888,1.0,0.12918263145307968,0.0,0.8888888888888888,0.1,0.3,0.5,1.0,1.0,0.9
simgp24,uncertainty,9,404,0.13588065793250353,0.65,1.0,0.787878787878788,13,0.6538461538461539,0.10214018318288669,-0.09888453103685745,13,7,0.38461538461538464,0.46153846153846156,0.8846153846153846,0.25111661233903815,0.5,0.7692307692307693,0.1,0.3,0.5,1.0,1.0,0.9
simgp24,uncertainty,10,404,0.05938584810911733,0.6470588235294118,0.9166666666666666,0.7586206896551724,12,0.88,0.04843294550266736,-0.03462785616881613,11,6,0.8,0.88,0.92,0.15879819779639162,0.0,0.88,0.1,0.3,0.0,1.0,1.0,0.9
simgp24,uncertainty,11,404,0.12088195907502736,0.6111111111111112,1.0,0.7586206896551725,11,0.875,0.09081279513843109,-0.08725719107044622,11,7,0.375,0.625,0.875,0.2665862271801492,1.0,0.8333333333333334,0.1,0.3,0.0,1.0,1.0,0.9
simgp24,uncertainty,12,404,0.08449885433457696,0.6111111111111112,1.0,0.7586206896551725,11,0.8695652173913043,0.06623846118947278,-0.06205601281555145,11,7,0.43478260869565216,0.8695652173913043,0.8695652173913043,0.22586290182650107,1.0,0.8695652173913043,0.1,0.3,0.0,1.0,1.0,0.9
simgp24,uncertainty,13,404,0.11184377813765986,0.5882352941176471,1.0,0.7407407407407407,10,0.5909090909090909,0.08968314840294858,-0.08513503181523781,10,7,0.2727272727272727,0.45454545454545453,0.7727272727272727,0.2870735131282091,1.0,0.5454545454545454,0.1,0.3,0.0,1.0,1.1,0.9
simgp24,uncertainty,14,404,0.08997202894557711,0.6428571428571429,1.0,0.782608695652174,9,0.9047619047619048,0.062027375738134494,-0.06073165189210651,9,5,0.5714285714285714,0.8095238095238095,0.9523809523809523,0.3023618564389003,1.0,0.42857142857142855,0.1,0.3,0.0,1.0,1.1,0.9
simgp24,uncertainty,15,404,0.06292758141709134,0.5,0.875,0.6363636363636364,8,0.75,0.054001760706619585,-0.03953384744023697,7,7,0.4,0.7,0.9,0.1356992879452668,1.0,0.85,0.1,0.3,0.5,1.0,1.1,0.9
simgp24,straddle,3,404,0.05626601413817904,0.7307692307692307,1.0,0.8444444444444443,19,0.96875,0.05005815962110477,-0.03678098128106584,19,7,0.40625,0.90625,1.0,0.06194960902648434,0.4,1.0,0.1,0.3,1.0,0.85,1.1,1.05
simgp24,straddle,4,404,0.05510109786390476,0.72,1.0,0.8372093023255813,18,1.0,0.048078383313053426,-0.04236915978856233,18,7,0.41935483870967744,0.967741935483871,1.0,0.09039094903417012,0.4,1.0,0.1,0.3,0.5,0.85,1.0,0.95
simgp24,straddle,5,404,0.08398665963985466,0.7083333333333334,1.0,0.8292682926829268,17,1.0,0.07368580944682318,-0.07368580944682318,17,7,0.3333333333333333,0.9666666666666667,1.0,0.08651427302535758,0.8,1.0,0.1,0.1,1.0,0.85,1.0,0.9
simgp24,straddle,6,404,0.1200708524665102,0.6956521739130435,1.0,0.8205128205128205,16,0.896551724137931,0.09324358174825954,-0.09324358174825954,16,7,0.2413793103448276,0.8620689655172413,0.9310344827586207,0.1525243556418572,0.75,1.0,0.1,0.6,0.0,1.0,1.1,0.9
simgp24,straddle,7,404,0.0929246019687819,0.6818181818181818,1.0,0.8108108108108109,15,0.8928571428571429,0.0750892595104679,-0.0737767627467499,15,7,0.42857142857142855,0.6428571428571429,0.8928571428571429,0.18724121898461565,0.0,0.8928571428571429,0.1,0.6,0.0,1.0,1.1,0.9
simgp24,straddle,8,404,0.04812279413542998,0.6842105263157895,0.9285714285714286,0.7878787878787878,14,0.9629629629629629,0.04299442299277736,-0.03289881913388593,13,6,0.4074074074074074,0.9259259259259259,1.0,0.07352321884595135,0.0,1.0,0.1,0.3,0.5,0.85,0.9,0.9
simgp24,straddle,9,404,0.04896965607386032,0.8461538461538461,0.8461538461538461,0.8461538461538461,13,0.9615384615384616,0.04037900250906223,0.006501071561228043,11,2,0.7307692307692307,0.8846153846153846,0.9615384615384616,0.20231310313307405,0.3333333333333333,0.8461538461538461,0.1,0.3,0.5,0.85,0.9,0.9
simgp24,straddle,10,404,0.15591503202342863,0.631578947368421,1.0,0.7741935483870968,12,0.76,0.11016608824507579,-0.11016608824507579,12,7,0.16,0.72,0.76,0.2110382827652502,0.5,1.0,0.1,0.6,0.0,1.0,1.1,0.9
simgp24,straddle,11,404,0.15945724955198487,0.6111111111111112,1.0,0.7586206896551725,11,0.75,0.11735004922178864,-0.11735004922178864,11,7,0.08333333333333333,0.4583333333333333,0.75,0.32866781414454865,0.0,0.2916666666666667,0.1,0.6,0.0,1.0,1.1,0.9
simgp24,straddle,12,404,0.1569018206420409,0.5882352941176471,1.0,0.7407407407407407,10,0.6521739130434783,0.12088718045253768,-0.12088718045253768,10,7,0.043478260869565216,0.30434782608695654,0.7391304347826086,0.32877200570756376,1.0,0.21739130434782608,0.1,0.6,0.0,1.0,1.1,0.9
simgp24,straddle,13,404,0.14967337515740758,0.5625,1.0,0.72,9,0.6818181818181818,0.12066565570390973,-0.12066565570390973,9,7,0.0,0.36363636363636365,0.7727272727272727,0.31968319266594947,1.0,0.22727272727272727,0.1,0.6,0.0,1.0,0.9,0.9
simgp24,straddle,14,404,0.16956321732382276,0.6,1.0,0.7499999999999999,9,0.23809523809523808,0.14122034661005023,-0.14122034661005023,9,6,0.0,0.14285714285714285,0.2857142857142857,0.32665795399587644,1.0,0.19047619047619047,0.1,0.6,0.0,1.0,0.9,0.9
simgp24,straddle,15,404,0.1758113879765197,0.5714285714285714,1.0,0.7272727272727273,8,0.2,0.14844709229150949,-0.14844709229150949,8,6,0.0,0.1,0.2,0.3331555036511161,1.0,0.15,0.1,0.6,0.0,1.0,0.9,0.9
simgp24,straddle_min,3,404,0.05626601413817904,0.7307692307692307,1.0,0.8444444444444443,19,0.96875,0.05005815962110477,-0.03678098128106584,19,7,0.40625,0.90625,1.0,0.06194960902648434,0.4,1.0,0.1,0.3,1.0,0.85,1.1,1.05
simgp24,straddle_min,4,404,0.05008711188746133,0.72,1.0,0.8372093023255813,18,1.0,0.044000721274390094,-0.035885683855295517,18,7,0.41935483870967744,0.967741935483871,1.0,0.15799659074379832,0.4,0.8387096774193549,0.1,0.3,0.5,0.85,1.0,0.95
simgp24,straddle_min,5,404,0.0439404563325073,0.7619047619047619,0.9411764705882353,0.8421052631578947,17,1.0,0.039170492972717394,-0.02778554414851843,16,5,0.8666666666666667,1.0,1.0,0.06486971974666371,0.4,1.0,0.1,0.1,1.0,0.85,1.0,0.9
simgp24,straddle_min,6,404,0.047404708412585206,0.7619047619047619,0.9411764705882353,0.8421052631578947,17,1.0,0.03985954219354398,-0.01008025660617987,16,5,0.5862068965517241,1.0,1.0,0.07545357638458511,0.4,1.0,0.1,0.1,1.0,0.85,1.0,0.9
simgp24,straddle_min,7,404,0.12531463435008403,0.7727272727272727,1.0,0.8717948717948718,17,0.9285714285714286,0.08771327597817079,-0.08753112305707185,17,5,0.21428571428571427,0.6785714285714286,0.9642857142857143,0.21035375383810254,0.4,0.8928571428571429,0.1,0.6,0.0,1.15,1.1,0.9
simgp24,straddle_min,8,404,0.11624955875811105,0.8095238095238095,1.0,0.8947368421052632,17,0.6666666666666666,0.08762992053029582,-0.08762992053029582,17,4,0.18518518518518517,0.48148148148148145,0.8148148148148148,0.20637865330696636,0.2,0.5555555555555556,0.1,0.6,0.0,1.0,1.1,0.9
simgp24,straddle_min,9,404,0.10961121603137543,0.8,1.0,0.888888888888889,16,0.5,0.08728101457385512,-0.08728101457385512,16,4,0.11538461538461539,0.38461538461538464,0.8461538461538461,0.20117733779379485,0.2,0.5384615384615384,0.1,0.6,0.0,1.0,1.1,0.9
simgp24,straddle_min,10,404,0.10866078988738885,0.7894736842105263,1.0,0.8823529411764706,15,0.64,0.08563682899871665,-0.08504999288256614,15,4,0.2,0.4,0.88,0.2238921956998929,0.4,0.52,0.1,0.6,0.0,1.0,1.1,0.9
simgp24,straddle_min,11,404,0.122422906814271,0.8333333333333334,1.0,0.9090909090909091,15,0.4166666666666667,0.09387430141153581,-0.09387430141153581,15,3,0.125,0.375,0.7916666666666666,0.21399941926878058,0.4,0.375,0.1,0.6,0.0,1.0,1.1,0.9
simgp24,straddle_min,12,404,0.049287397774353515,0.8235294117647058,1.0,0.9032258064516129,14,0.8695652173913043,0.04176064571650861,-0.031456397858112044,14,3,0.5217391304347826,0.7391304347826086,0.9565217391304348,0.1129219450000487,0.4,1.0,0.1,0.3,0.5,0.85,1.1,0.95
simgp24,straddle_min,13,404,0.05186248600092556,0.8125,1.0,0.896551724137931,13,0.8636363636363636,0.04454229459735381,-0.02965174593512743,13,3,0.5454545454545454,0.7727272727272727,0.9090909090909091,0.10802894416915046,0.4,1.0,0.1,0.3,0.0,0.85,1.1,0.9
simgp24,straddle_min,14,404,0.05927645998434981,0.8666666666666667,1.0,0.9285714285714286,13,0.8571428571428571,0.051187642692735104,-0.02180400442642213,13,2,0.5238095238095238,0.7142857142857143,0.9047619047619048,0.1169042245420317,0.4,0.9523809523809523,0.1,0.3,0.0,0.85,1.1,0.9
simgp24,straddle_min,15,404,0.07149925823389666,0.9285714285714286,1.0,0.962962962962963,13,0.85,0.05746999026655827,-0.011067571645147736,13,1,0.55,0.7,0.9,0.15442962108529534,0.4,0.95,0.1,0.3,0.0,0.85,1.1,0.9
simgp24,random,3,405,0.05230315379662969,1.0,1.0,1.0,26,1.0,0.04855329480892791,-0.03630974484503188,26,0,0.5,1.0,1.0,0.06350849858148484,0.875,1.0,0.1,0.3,0.0,0.85,1.1,0.9
simgp24_g75,random,3,405,0.07271451776881001,1.0,1.0,1.0,26,0.53125,0.06444956024056889,-0.050423420135273636,26,0,0.125,0.25,0.90625,,,,,,,,,
simgp_timeblind,random,3,405,0.1606195515347918,1.0,0.34615384615384615,0.5142857142857142,26,0.8125,0.12436357373212654,0.12436357373212654,9,0,,,,0.34183060665720016,0.625,0.75,,,,,,
mean_of_samples,random,3,405,0.3233684052694438,1.0,0.0,0.0,26,0.0,0.30530733056925535,0.22316942631487574,0,0,,,,0.35235210411189044,0.0,0.0,,,,,,
simgp24,random,4,405,0.03273433386277033,1.0,1.0,1.0,25,1.0,0.02239480713518579,-0.003966068420026462,25,0,0.9354838709677419,1.0,1.0,0.0765143672053085,0.875,0.967741935483871,0.1,0.3,0.5,0.85,0.9,0.9
simgp24_g75,random,4,405,0.02546613738291129,1.0,1.0,1.0,25,0.967741935483871,0.020102635696713642,-0.012690800401408811,25,0,0.5483870967741935,0.967741935483871,1.0,,,,,,,,,
simgp_timeblind,random,4,405,0.48639003248966495,1.0,0.56,0.717948717948718,25,0.7096774193548387,0.27453526289414304,0.26946203779756706,14,0,,,,0.47286260395279806,0.625,0.7096774193548387,,,,,,
mean_of_samples,random,4,405,0.27979736474178196,1.0,0.0,0.0,25,0.0,0.2597795497582485,0.14832532770650755,0,0,,,,0.3837892146663547,0.0,0.0,,,,,,
simgp24,random,5,405,0.028380689346251372,1.0,1.0,1.0,24,1.0,0.01978442659418072,-0.0073905966412319635,24,0,0.8666666666666667,1.0,1.0,0.07876069206687436,0.75,1.0,0.1,0.3,0.5,0.85,0.9,0.9
simgp24_g75,random,5,405,0.028023176731372505,1.0,1.0,1.0,24,0.9666666666666667,0.022362171659534046,7.799368803142007e-05,24,0,0.7333333333333333,0.9333333333333333,0.9666666666666667,,,,,,,,,
simgp_timeblind,random,5,405,0.18003255274683133,1.0,0.375,0.5454545454545454,24,0.8,0.14000647370974048,0.14000647370974048,9,0,,,,0.3350328586711693,0.625,0.8,,,,,,
mean_of_samples,random,5,405,0.2938931181554733,1.0,0.0,0.0,24,0.0,0.27455288881477724,0.16905330062602975,0,0,,,,0.3785081792589603,0.0,0.0,,,,,,
simgp24,random,6,405,0.029413686368353717,1.0,1.0,1.0,23,1.0,0.020413424151241772,-0.007435330385718447,23,0,0.8620689655172413,1.0,1.0,0.06660047385203888,0.875,0.9655172413793104,0.1,0.3,0.5,0.85,0.9,0.9
simgp24_g75,random,6,405,0.05916082771213038,1.0,1.0,1.0,23,0.9310344827586207,0.03430896712499442,-0.026242155228040187,23,0,0.6896551724137931,0.896551724137931,1.0,,,,,,,,,
simgp_timeblind,random,6,405,0.23864828512082187,1.0,0.4782608695652174,0.6470588235294118,23,0.6551724137931034,0.16255075679577746,0.16255075679577746,11,0,,,,0.3547283472190059,0.5,0.6896551724137931,,,,,,
mean_of_samples,random,6,405,0.2806941790598548,1.0,0.0,0.0,23,0.0,0.25924732143525386,0.13861872681828055,0,0,,,,0.39391643809522237,0.0,0.0,,,,,,
simgp24,random,7,405,0.03327585493645216,1.0,1.0,1.0,22,1.0,0.023703858119929238,0.01425711492997672,22,0,0.8214285714285714,0.9285714285714286,1.0,0.08394963687354196,0.7142857142857143,0.9642857142857143,0.1,0.3,0.5,0.85,0.9,0.9
simgp24_g75,random,7,405,0.03741555410320073,1.0,1.0,1.0,22,0.9642857142857143,0.02850543013284084,-0.01882042931357148,22,0,0.4642857142857143,0.9285714285714286,0.9642857142857143,,,,,,,,,
simgp_timeblind,random,7,405,0.2477554790957945,1.0,0.45454545454545453,0.625,22,0.6071428571428571,0.16801620769442824,0.16801620769442824,10,0,,,,0.3631808299967016,0.42857142857142855,0.6785714285714286,,,,,,
mean_of_samples,random,7,405,0.2707462112870334,1.0,0.0,0.0,22,0.0,0.24548503104042094,0.11031076873213164,0,0,,,,0.4102559682135819,0.0,0.0,,,,,,
simgp24,random,8,405,0.03047903723417034,1.0,1.0,1.0,21,0.9629629629629629,0.018005831066295813,0.01076261605230315,21,0,0.8888888888888888,0.9259259259259259,1.0,0.06939569177464724,0.6666666666666666,0.9629629629629629,0.1,0.6,0.0,0.85,0.9,0.95
simgp24_g75,random,8,405,0.04111944926882829,1.0,1.0,1.0,21,0.9259259259259259,0.02902986989711258,-0.017298859320933495,21,0,0.5925925925925926,0.8888888888888888,0.9629629629629629,,,,,,,,,
simgp_timeblind,random,8,405,0.2321387953360039,1.0,0.38095238095238093,0.5517241379310345,21,0.5555555555555556,0.16432499208662033,0.16432499208662033,8,0,,,,0.36128400093315943,0.3333333333333333,0.6296296296296297,,,,,,
mean_of_samples,random,8,405,0.26352086155774773,1.0,0.0,0.0,21,0.0,0.233235160488941,0.08409805183727821,0,0,,,,0.42843570724144264,0.0,0.0,,,,,,
simgp24,random,9,405,0.032984055783315945,1.0,1.0,1.0,20,1.0,0.020014011297027307,0.011361996941700123,20,0,0.8461538461538461,1.0,1.0,0.06087106104004499,0.8,0.9615384615384616,0.1,0.3,0.5,0.85,1.0,0.9
simgp24_g75,random,9,405,0.04014516262060041,1.0,1.0,1.0,20,0.9615384615384616,0.02944016486828355,-0.014609290962222231,20,0,0.6153846153846154,0.8461538461538461,1.0,,,,,,,,,
simgp_timeblind,random,9,405,0.12388746448868922,1.0,0.45,0.6206896551724138,20,0.46153846153846156,0.09308193877940804,0.08380570685616645,9,0,,,,0.37315149143336457,0.6,0.3076923076923077,,,,,,
mean_of_samples,random,9,405,0.2600765786843018,1.0,0.0,0.0,20,0.0,0.22386747444599403,0.06078536014778399,0,0,,,,0.44636868843850946,0.0,0.0,,,,,,
simgp24,random,10,405,0.03731507712655555,1.0,1.0,1.0,19,1.0,0.02175130444896372,0.015735311671603292,19,0,0.88,1.0,1.0,0.06319696068848993,0.75,0.96,0.1,0.3,0.5,0.85,1.0,0.9
simgp24_g75,random,10,405,0.03397069448944814,1.0,1.0,1.0,19,0.96,0.024057108465041215,-0.003653700118949039,19,0,0.72,0.84,1.0,,,,,,,,,
simgp_timeblind,random,10,405,0.13752082072217406,1.0,0.5789473684210527,0.7333333333333334,19,0.72,0.09516168947614989,0.09154687744446642,11,0,,,,0.3664011007475239,0.75,0.52,,,,,,
mean_of_samples,random,10,405,0.26121277726105124,1.0,0.0,0.0,19,0.0,0.22236821154257888,0.05056479469899251,0,0,,,,0.45737171643088353,0.0,0.0,,,,,,
simgp24,random,11,405,0.033824090299031564,1.0,1.0,1.0,19,1.0,0.023975656612509385,-0.0019983084635296685,19,0,0.8333333333333334,1.0,1.0,0.07739446666599853,0.5,0.9583333333333334,0.1,0.3,0.5,0.85,1.0,0.9
simgp24_g75,random,11,405,0.034956004202518376,1.0,1.0,1.0,19,0.875,0.024740413712866092,7.067607010788114e-05,19,0,0.625,0.8333333333333334,1.0,,,,,,,,,
simgp_timeblind,random,11,405,0.1521743679738033,1.0,0.5789473684210527,0.7333333333333334,19,0.7083333333333334,0.11496909854030914,0.11467020255580536,11,0,,,,0.35006452842358476,0.75,0.5833333333333334,,,,,,
mean_of_samples,random,11,405,0.27833487141749974,1.0,0.0,0.0,19,0.0,0.2529781600024739,0.1371542693566321,0,0,,,,0.3947008522237525,0.0,0.0,,,,,,
simgp24,random,12,405,0.03954309310735017,1.0,1.0,1.0,18,1.0,0.02362624343927892,0.017678176500344752,18,0,0.8695652173913043,1.0,1.0,0.05605070848511408,1.0,1.0,0.1,0.3,0.5,0.85,1.0,0.9
simgp24_g75,random,12,405,0.06235076277075218,1.0,1.0,1.0,18,0.8260869565217391,0.03754515530880667,-0.01744301112466586,18,0,0.5217391304347826,0.6956521739130435,1.0,,,,,,,,,
simgp_timeblind,random,12,405,0.15555545290582826,1.0,0.6111111111111112,0.7586206896551725,18,0.6956521739130435,0.11492693808347716,0.1142545093609315,11,0,,,,0.3591244884674678,1.0,0.5217391304347826,,,,,,
mean_of_samples,random,12,405,0.2700932110497316,1.0,0.0,0.0,18,0.0,0.24154569356180458,0.11311693516384252,0,0,,,,0.4097362718304389,0.0,0.0,,,,,,
simgp24,random,13,405,0.03297106210779627,1.0,1.0,1.0,18,1.0,0.023173707404766593,0.01262051537793878,18,0,0.8181818181818182,0.9545454545454546,1.0,0.06826568168592366,1.0,1.0,0.1,0.3,0.5,0.85,1.0,0.9
simgp24_g75,random,13,405,0.027339310310049682,1.0,0.9444444444444444,0.9714285714285714,18,0.8636363636363636,0.02208724540162528,0.017296374513348325,17,0,0.5454545454545454,0.7727272727272727,1.0,,,,,,,,,
simgp_timeblind,random,13,405,0.15897347736612158,1.0,0.6111111111111112,0.7586206896551725,18,0.6363636363636364,0.11978942859101843,0.11907640155747644,11,0,,,,0.360306110416666,1.0,0.45454545454545453,,,,,,
mean_of_samples,random,13,405,0.2796716939216947,1.0,0.0,0.0,18,0.0,0.25247857351259784,0.15471892418514646,0,0,,,,0.38101768535830527,0.0,0.0,,,,,,
simgp24,random,14,405,0.030175148707576253,1.0,1.0,1.0,17,1.0,0.021293328203850798,0.0008976291404843285,17,0,0.7619047619047619,1.0,1.0,0.09243292745351889,0.6666666666666666,0.9523809523809523,0.1,0.6,0.0,0.85,0.9,1.0
simgp24_g75,random,14,405,0.05008653426163828,1.0,1.0,1.0,17,0.8095238095238095,0.03246610126839399,-0.025609822576426574,17,0,0.5238095238095238,0.7142857142857143,0.8571428571428571,,,,,,,,,
simgp_timeblind,random,14,405,0.19166596043011128,1.0,0.6470588235294118,0.7857142857142858,17,0.6666666666666666,0.12864361661410678,0.12189264577837847,11,0,,,,0.3716728727894518,1.0,0.6190476190476191,,,,,,
mean_of_samples,random,14,405,0.26970848465418507,1.0,0.0,0.0,17,0.0,0.2389219154200699,0.12878657734919904,0,0,,,,0.4025257879975962,0.0,0.0,,,,,,
simgp24,random,15,405,0.030472582972789087,1.0,1.0,1.0,16,1.0,0.02102555123434743,0.0013965420560011943,16,0,0.85,0.95,1.0,0.08936644920855251,0.6666666666666666,0.95,0.1,0.6,0.0,0.85,0.9,1.0
simgp24_g75,random,15,405,0.0556569799866296,1.0,1.0,1.0,16,0.75,0.034593836301545576,-0.0267060646879057,16,0,0.55,0.65,0.85,,,,,,,,,
simgp_timeblind,random,15,405,0.1850094803870645,1.0,0.5625,0.72,16,0.7,0.13371855314071893,0.12045722796615461,9,0,,,,0.3784578578702899,1.0,0.7,,,,,,
mean_of_samples,random,15,405,0.27446056423865345,1.0,0.0,0.0,16,0.0,0.24312529318221707,0.12989629147265186,0,0,,,,0.40779394765706,0.0,0.0,,,,,,
simgp24,uncertainty,3,405,0.05230315379662969,1.0,1.0,1.0,26,1.0,0.04855329480892791,-0.03630974484503188,26,0,0.5,1.0,1.0,0.06350849858148484,0.875,1.0,0.1,0.3,0.0,0.85,1.1,0.9
simgp24,uncertainty,4,405,0.041828790777494,1.0,1.0,1.0,25,1.0,0.03817251788561762,-0.026045536424724635,25,0,0.7096774193548387,1.0,1.0,0.060441459524028567,1.0,1.0,0.1,0.3,0.5,0.85,0.9,0.9
simgp24,uncertainty,5,405,0.03700603908542709,1.0,1.0,1.0,24,1.0,0.03375917480082914,-0.01792628365889538,24,0,0.5666666666666667,1.0,1.0,0.1360264961682759,0.7142857142857143,0.9333333333333333,0.1,0.6,0.0,0.85,0.9,0.9
simgp24,uncertainty,6,405,0.05607518014442007,1.0,1.0,1.0,23,1.0,0.030561261008074388,-0.02041090237151963,23,0,0.8620689655172413,0.9655172413793104,1.0,0.10340299634295988,0.8333333333333334,0.9655172413793104,0.1,0.3,0.5,0.85,0.9,0.9
simgp24,uncertainty,7,405,0.06984438155546788,1.0,1.0,1.0,22,1.0,0.03608655272320114,-0.012966272957683838,22,0,0.7857142857142857,0.9642857142857143,1.0,0.08161151968076634,0.6666666666666666,0.9642857142857143,0.1,0.3,0.0,0.85,0.9,0.9
simgp24,uncertainty,8,405,0.13370739633188627,1.0,0.9523809523809523,0.975609756097561,21,0.8888888888888888,0.06962232441711373,-0.0500092744394603,20,0,0.7037037037037037,0.8518518518518519,0.9629629629629629,0.1893285802493548,0.8333333333333334,0.9629629629629629,0.1,0.3,0.5,0.85,0.9,0.9
simgp24,uncertainty,9,405,0.16723029079531465,1.0,0.8,0.888888888888889,20,0.7307692307692307,0.10193858944592224,-0.03848540126080706,16,0,0.6153846153846154,0.6923076923076923,0.9615384615384616,0.2920465362598796,0.8,0.9615384615384616,0.1,0.3,0.0,0.85,1.1,0.9
simgp24,uncertainty,10,405,0.11336445550230816,1.0,1.0,1.0,19,0.96,0.057113602862101674,-0.05626581127680627,19,0,0.76,0.88,0.96,0.0532119051798973,0.8,1.0,0.1,0.3,0.0,0.85,1.1,0.9
simgp24,uncertainty,11,405,0.15559619025608817,1.0,1.0,1.0,18,0.875,0.09709795424718719,-0.09709795424718719,18,0,0.08333333333333333,0.75,0.9583333333333334,0.08025826600637427,0.75,1.0,0.1,1.0,0.0,1.15,1.0,0.95
simgp24,uncertainty,12,405,0.1061567369823663,1.0,1.0,1.0,17,1.0,0.06057289747826474,-0.060327355777348705,17,0,0.6956521739130435,0.9565217391304348,1.0,0.06302638392587476,0.75,1.0,0.1,0.3,1.0,1.0,1.0,0.9
simgp24,uncertainty,13,405,0.09019743550659999,1.0,1.0,1.0,16,1.0,0.045386291116945025,-0.04358354540525978,16,0,0.8181818181818182,1.0,1.0,0.06061770451714685,0.6666666666666666,1.0,0.1,0.3,1.0,1.0,1.0,0.9
simgp24,uncertainty,14,405,0.03305922483795374,1.0,1.0,1.0,15,1.0,0.025925958772681605,0.01823507028761136,15,0,1.0,1.0,1.0,0.052095927620426856,0.6666666666666666,1.0,0.1,0.3,0.5,0.85,0.9,0.9
simgp24,uncertainty,15,405,0.03432743546915795,1.0,1.0,1.0,14,1.0,0.02453493680835741,0.0018069920818708945,14,0,1.0,1.0,1.0,0.057208252238790086,1.0,1.0,0.1,0.3,0.5,0.85,0.9,0.9
simgp24,straddle,3,405,0.05230315379662969,1.0,1.0,1.0,26,1.0,0.04855329480892791,-0.03630974484503188,26,0,0.5,1.0,1.0,0.06350849858148484,0.875,1.0,0.1,0.3,0.0,0.85,1.1,0.9
simgp24,straddle,4,405,0.04125712406599635,1.0,1.0,1.0,25,1.0,0.03761235985275579,-0.02577162129556777,25,0,0.6774193548387096,1.0,1.0,0.06042610897033694,1.0,1.0,0.1,0.3,0.5,0.85,0.9,0.9
simgp24,straddle,5,405,0.03221917520190777,1.0,1.0,1.0,24,1.0,0.02863004274762966,-0.009620802085779645,24,0,0.7,1.0,1.0,0.12269063602691342,0.7142857142857143,0.9333333333333333,0.1,0.3,0.5,0.85,0.9,0.9
simgp24,straddle,6,405,0.037695060233765565,1.0,1.0,1.0,23,0.9655172413793104,0.03406510694898362,-0.016521980734994956,23,0,0.5172413793103449,0.9310344827586207,1.0,0.14044553778890698,0.6666666666666666,0.9310344827586207,0.1,0.6,0.0,0.85,0.9,0.9
simgp24,straddle,7,405,0.04022009357436721,1.0,0.9545454545454546,0.9767441860465117,22,0.9642857142857143,0.03170999913638511,-0.01142464970922079,21,0,0.75,0.9642857142857143,1.0,0.1382479609721783,0.8,0.9642857142857143,0.1,0.6,0.0,0.85,0.9,0.9
simgp24,straddle,8,405,0.10016366150872216,1.0,1.0,1.0,21,0.8148148148148148,0.07241714543634516,-0.07241714543634516,21,0,0.07407407407407407,0.5925925925925926,1.0,0.16837079184186646,1.0,0.9259259259259259,0.1,0.6,0.0,0.85,0.9,0.9
simgp24,straddle,9,405,0.0889502131210223,1.0,1.0,1.0,20,0.8461538461538461,0.06485883391003565,-0.06485883391003565,20,0,0.07692307692307693,0.6538461538461539,1.0,0.14210032647647033,1.0,0.9230769230769231,0.1,0.6,0.0,0.85,0.9,0.9
simgp24,straddle,10,405,0.08694516146039821,1.0,1.0,1.0,19,0.88,0.06101253958695635,-0.06101253958695635,19,0,0.08,0.56,0.96,0.14542688760242134,1.0,0.92,0.1,0.6,0.0,0.85,0.9,0.9
simgp24,straddle,11,405,0.07143070621929859,1.0,1.0,1.0,18,0.8333333333333334,0.05603537740816602,-0.05561217825880832,18,0,0.08333333333333333,0.6666666666666666,1.0,0.10172633884971839,1.0,0.9583333333333334,0.1,0.6,0.0,0.85,0.9,0.9
simgp24,straddle,12,405,0.07225357720783264,1.0,1.0,1.0,17,0.8695652173913043,0.05238159654026773,-0.05138565017570617,17,0,0.08695652173913043,0.6521739130434783,1.0,0.11807337126011687,1.0,0.9130434782608695,0.1,0.6,0.0,0.85,0.9,0.9
simgp24,straddle,13,405,0.06541683865710225,1.0,1.0,1.0,16,0.9545454545454546,0.051538749773238364,-0.04985521835197053,16,0,0.13636363636363635,0.7727272727272727,1.0,0.09556137210473273,1.0,0.9545454545454546,0.1,0.6,0.0,0.85,0.9,0.9
simgp24,straddle,14,405,0.06745934155507975,1.0,1.0,1.0,15,1.0,0.051708008976269065,-0.049722856487688614,15,0,0.19047619047619047,0.9047619047619048,1.0,0.087449376980507,1.0,1.0,0.1,0.6,0.0,0.85,0.9,0.9
simgp24,straddle,15,405,0.06380364002157474,1.0,1.0,1.0,14,0.95,0.05337054402018793,-0.049874675326997624,14,0,0.25,0.9,0.95,0.08342342807281855,1.0,1.0,0.1,0.6,0.0,0.85,0.9,0.9
simgp24,straddle_min,3,405,0.05230315379662969,1.0,1.0,1.0,26,1.0,0.04855329480892791,-0.03630974484503188,26,0,0.5,1.0,1.0,0.06350849858148484,0.875,1.0,0.1,0.3,0.0,0.85,1.1,0.9
simgp24,straddle_min,4,405,0.042132551191749155,1.0,1.0,1.0,25,1.0,0.038505157953903184,-0.025884639224070447,25,0,0.6774193548387096,1.0,1.0,0.0604829574088562,1.0,1.0,0.1,0.3,0.5,0.85,0.9,0.9
simgp24,straddle_min,5,405,0.029442719055757113,1.0,1.0,1.0,24,1.0,0.020462060617815706,-0.005347724749811251,24,0,0.8333333333333334,1.0,1.0,0.08171798842367524,0.625,0.9333333333333333,0.1,0.3,0.5,0.85,0.9,0.9
simgp24,straddle_min,6,405,0.06674981157320059,1.0,1.0,1.0,23,1.0,0.04643457438401875,-0.04597409048544571,23,0,0.4482758620689655,0.9310344827586207,1.0,0.07537473653314664,0.75,0.9655172413793104,0.1,0.6,0.0,0.85,0.9,0.9
simgp24,straddle_min,7,405,0.06328856681473419,1.0,1.0,1.0,22,0.9642857142857143,0.04456731355903739,-0.04135221175094929,22,0,0.42857142857142855,0.9285714285714286,1.0,0.07752562753883076,0.75,0.9642857142857143,0.1,0.6,0.0,0.85,0.9,0.9
simgp24,straddle_min,8,405,0.030932864760305,1.0,1.0,1.0,21,0.9629629629629629,0.02442664950125444,-0.007803003205805924,21,0,0.7407407407407407,0.9259259259259259,1.0,0.13141795592827538,0.75,0.8888888888888888,0.1,0.6,0.0,0.85,0.9,0.9
simgp24,straddle_min,9,405,0.03880317505522658,1.0,1.0,1.0,20,1.0,0.02831920636155905,-0.015242208777437307,20,0,0.7307692307692307,0.9230769230769231,1.0,0.11663777605351126,0.75,0.9230769230769231,0.25,0.3,0.5,0.85,0.9,0.9
simgp24,straddle_min,10,405,0.06396404206846702,1.0,1.0,1.0,19,0.96,0.040843931345764466,-0.03202273162742628,19,0,0.68,0.96,1.0,0.10656712343687987,0.75,0.96,0.25,0.3,0.0,0.85,0.9,0.9
simgp24,straddle_min,11,405,0.06455960090122045,1.0,1.0,1.0,18,0.9583333333333334,0.03687644105647855,-0.02896537431537323,18,0,0.7083333333333334,0.9583333333333334,1.0,0.09093620191989239,0.7142857142857143,0.9166666666666666,0.25,0.3,0.0,0.85,0.9,0.9
simgp24,straddle_min,12,405,0.08727554959430954,1.0,1.0,1.0,17,0.9565217391304348,0.046466260711247154,-0.044482644613334024,17,0,0.6086956521739131,0.9130434782608695,1.0,0.0858653452703558,0.6666666666666666,0.9130434782608695,0.1,0.6,0.0,0.85,0.9,0.95
simgp24,straddle_min,13,405,0.08700169019484533,1.0,1.0,1.0,16,0.9545454545454546,0.04558667519779353,-0.043056211257359374,16,0,0.6818181818181818,0.9090909090909091,1.0,0.08814578555003973,0.6666666666666666,0.9090909090909091,0.1,0.6,0.0,0.85,0.9,0.95
simgp24,straddle_min,14,405,0.08119497301412706,1.0,1.0,1.0,15,1.0,0.04253148178909473,-0.03831599342802553,15,0,0.6666666666666666,0.9047619047619048,1.0,0.09140900088526732,0.6666666666666666,0.9047619047619048,0.1,0.6,0.0,0.85,0.9,0.95
simgp24,straddle_min,15,405,0.08064083592228588,1.0,1.0,1.0,14,0.95,0.04219738610987321,-0.03748792368058208,14,0,0.7,0.9,1.0,0.09338358900540783,0.6666666666666666,0.9,0.1,0.6,0.0,0.85,0.9,0.95
simgp24,random,3,406,0.050807400351872575,0.6956521739130435,1.0,0.8205128205128205,16,1.0,0.04207482981335331,-0.027560687536810798,16,7,0.59375,0.875,1.0,0.060737500158698506,0.6666666666666666,1.0,0.25,0.3,0.0,1.15,1.1,0.95
simgp24_g75,random,3,406,0.03888162371296333,0.75,0.9375,0.8333333333333334,16,0.9375,0.028187326774826636,-0.015850163901880494,15,5,0.75,0.90625,0.9375,,,,,,,,,
simgp_timeblind,random,3,406,0.11806487606761479,0.5652173913043478,0.8125,0.6666666666666667,16,1.0,0.10263529939771357,-0.0628559007427035,13,10,,,,0.5084686528186724,1.0,1.0,,,,,,
mean_of_samples,random,3,406,0.2474137664531243,1.0,0.0,0.0,16,0.0,0.231161485509639,0.12919641122545206,0,0,,,,0.3861646185572576,0.0,0.0,,,,,,
simgp24,random,4,406,0.05228277305003185,0.6818181818181818,1.0,0.8108108108108109,15,0.967741935483871,0.04389912381851033,-0.026118955244345366,15,7,0.5483870967741935,0.8709677419354839,1.0,0.09561940445232568,0.6666666666666666,1.0,0.25,0.1,0.0,0.85,1.0,0.9
simgp24_g75,random,4,406,0.03949097772368434,0.7777777777777778,0.9333333333333333,0.8484848484848485,15,0.9032258064516129,0.02813261027523249,-0.011027105360357583,14,4,0.7096774193548387,0.9032258064516129,0.9032258064516129,,,,,,,,,
simgp_timeblind,random,4,406,0.35709762364304465,1.0,0.26666666666666666,0.4210526315789474,15,0.6451612903225806,0.2847599498182525,0.22028565232289152,4,0,,,,0.25742244330052877,0.6666666666666666,1.0,,,,,,
mean_of_samples,random,4,406,0.26815440152523995,1.0,0.0,0.0,15,0.0,0.25338647241525186,0.16188458287254073,0,0,,,,0.37028365169573063,0.0,0.0,,,,,,
simgp24,random,5,406,0.05634515725823848,0.6818181818181818,1.0,0.8108108108108109,15,0.9666666666666667,0.04735613110608615,-0.024510973546744134,15,7,0.4666666666666667,0.8666666666666667,1.0,0.09553558286451279,0.6666666666666666,1.0,0.25,0.1,0.0,0.85,1.0,0.9
simgp24_g75,random,5,406,0.04213453803195644,0.8235294117647058,0.9333333333333333,0.8749999999999999,15,0.9,0.02984085371192057,-0.004292604826213268,14,3,0.6666666666666666,0.8666666666666667,0.9,,,,,,,,,
simgp_timeblind,random,5,406,0.37545625230257546,1.0,0.26666666666666666,0.4210526315789474,15,0.5666666666666667,0.3099351820545922,0.3096698135477864,4,0,,,,0.16484288830219335,0.6666666666666666,1.0,,,,,,
mean_of_samples,random,5,406,0.3571511421973875,1.0,0.0,0.0,15,0.0,0.33157642414333194,0.29535141525370084,0,0,,,,0.3099305164761187,0.0,0.0,,,,,,
simgp24,random,6,406,0.05275396518416239,0.6818181818181818,1.0,0.8108108108108109,15,0.9655172413793104,0.04333909045514155,-0.017184829470767292,15,7,0.5172413793103449,0.896551724137931,1.0,0.130971308167302,0.3333333333333333,0.9655172413793104,0.1,0.3,0.5,1.0,1.1,1.0
simgp24_g75,random,6,406,0.04169390367330452,0.875,0.9333333333333333,0.9032258064516129,15,0.8275862068965517,0.02775000461655474,0.0016343431542771895,14,2,0.5517241379310345,0.8275862068965517,0.8620689655172413,,,,,,,,,
simgp_timeblind,random,6,406,0.23557358742390172,0.75,0.2,0.31578947368421056,15,0.8620689655172413,0.18015633687291108,0.17673072042685034,3,1,,,,0.3483701117616884,0.3333333333333333,0.896551724137931,,,,,,
mean_of_samples,random,6,406,0.3325670859765455,1.0,0.0,0.0,15,0.0,0.3105939387224685,0.2625962646835985,0,0,,,,0.32065846530032355,0.0,0.0,,,,,,
simgp24,random,7,406,0.050887597416124336,0.65,0.9285714285714286,0.7647058823529412,14,0.9642857142857143,0.039982339567051335,-0.010630379180933904,13,7,0.6071428571428571,0.9285714285714286,1.0,0.10054497471972329,0.5,0.9285714285714286,0.1,0.3,1.0,1.15,1.1,1.0
simgp24_g75,random,7,406,0.03545461017829248,0.9285714285714286,0.9285714285714286,0.9285714285714286,14,0.9285714285714286,0.02510971606494233,-0.0009885804508127753,13,1,0.75,0.9285714285714286,0.9285714285714286,,,,,,,,,
simgp_timeblind,random,7,406,0.1908432420250878,1.0,0.14285714285714285,0.25,14,0.8928571428571429,0.15845711501252205,0.15843207449517074,2,0,,,,0.3225998018146845,0.5,0.8928571428571429,,,,,,
mean_of_samples,random,7,406,0.2927217342729757,1.0,0.0,0.0,14,0.0,0.27544871141141464,0.20803525318518035,0,0,,,,0.3405543048115439,0.0,0.0,,,,,,
simgp24,random,8,406,0.042752043587483544,0.65,0.9285714285714286,0.7647058823529412,14,0.9629629629629629,0.03361933145547236,-0.018247186495654003,13,7,0.6666666666666666,0.9259259259259259,1.0,0.08079438742795099,0.0,0.9629629629629629,0.1,0.3,1.0,1.15,1.1,1.0
simgp24_g75,random,8,406,0.036795230535757506,0.9230769230769231,0.8571428571428571,0.888888888888889,14,0.9259259259259259,0.02631833218351576,0.0005901404550607101,12,1,0.48148148148148145,0.8518518518518519,0.9629629629629629,,,,,,,,,
simgp_timeblind,random,8,406,0.5901423165565514,1.0,0.14285714285714285,0.25,14,0.3333333333333333,0.4580625778921617,0.4575429344321433,2,0,,,,0.4123641848105729,0.5,0.8888888888888888,,,,,,
mean_of_samples,random,8,406,0.34383275849920447,1.0,0.0,0.0,14,0.0,0.31752850062096455,0.3106582141228107,0,0,,,,0.2953865205427152,0.0,0.0,,,,,,
simgp24,random,9,406,0.04412718590550929,0.65,0.9285714285714286,0.7647058823529412,14,0.9615384615384616,0.03321367896475972,-0.02562626682360588,13,7,0.5769230769230769,0.8846153846153846,1.0,0.060272888064175106,0.0,1.0,0.1,0.3,1.0,1.15,1.1,1.0
simgp24_g75,random,9,406,0.037801386979510396,0.8125,0.9285714285714286,0.8666666666666666,14,0.8846153846153846,0.02451769158982695,-0.00788431286652407,13,3,0.5,0.8461538461538461,0.9230769230769231,,,,,,,,,
simgp_timeblind,random,9,406,0.5940508596527763,1.0,0.07142857142857142,0.13333333333333333,14,0.3076923076923077,0.4667967932100912,0.4667212438286822,1,0,,,,0.4149859637138287,0.0,0.8846153846153846,,,,,,
mean_of_samples,random,9,406,0.3812813104809711,1.0,0.0,0.0,14,0.0,0.35765762639721577,0.3561419111918803,0,0,,,,0.29061476127141206,0.0,0.0,,,,,,
simgp24,random,10,406,0.04376586194006348,0.631578947368421,0.9230769230769231,0.7499999999999999,13,0.96,0.03348589509764987,-0.025789379449996992,12,7,0.56,0.88,1.0,0.07631517195562798,0.5,0.96,0.1,0.3,1.0,1.15,1.1,1.0
simgp24_g75,random,10,406,0.038198774430276375,0.8,0.9230769230769231,0.8571428571428571,13,0.88,0.02439453863961388,-0.009843042486987407,12,3,0.48,0.84,0.92,,,,,,,,,
simgp_timeblind,random,10,406,0.3152884555680247,1.0,0.07692307692307693,0.14285714285714288,13,0.4,0.28736893174264566,0.28736893174264566,1,0,,,,0.2003379226242653,0.0,0.92,,,,,,
mean_of_samples,random,10,406,0.3919478809153754,1.0,0.0,0.0,13,0.0,0.3672981579799722,0.3667917309657463,0,0,,,,0.2896931363498535,0.0,0.0,,,,,,
simgp24,random,11,406,0.041927069020844754,0.6111111111111112,0.9166666666666666,0.7333333333333334,12,0.9583333333333334,0.032983016582730174,-0.02092303580914411,11,7,0.5416666666666666,0.875,1.0,0.07772423857441633,0.5,0.9583333333333334,0.1,0.3,1.0,1.15,1.1,1.0
simgp24_g75,random,11,406,0.038650044667803495,0.7857142857142857,0.9166666666666666,0.8461538461538461,12,0.8333333333333334,0.024830827119591444,-0.010182289614494296,11,3,0.4583333333333333,0.8333333333333334,0.9166666666666666,,,,,,,,,
simgp_timeblind,random,11,406,0.29264769214515096,1.0,0.08333333333333333,0.15384615384615385,12,0.4583333333333333,0.26414487204800347,0.26414487204800347,1,0,,,,0.23091866212804538,0.0,0.875,,,,,,
mean_of_samples,random,11,406,0.36239241982815323,1.0,0.0,0.0,12,0.0,0.3383355467790336,0.33440895292945355,0,0,,,,0.2944005827489918,0.0,0.0,,,,,,
simgp24,random,12,406,0.04920459202579414,0.5882352941176471,0.9090909090909091,0.7142857142857143,11,0.9130434782608695,0.03806685368300525,-0.03563342417892175,10,7,0.5652173913043478,0.782608695652174,1.0,0.052248144408072544,0.5,1.0,0.1,0.3,0.5,1.0,1.0,1.0
simgp24_g75,random,12,406,0.0399975089083477,0.7692307692307693,0.9090909090909091,0.8333333333333333,11,0.9130434782608695,0.026181767039719046,-0.01394511594741057,10,3,0.6086956521739131,0.8695652173913043,0.9130434782608695,,,,,,,,,
simgp_timeblind,random,12,406,0.3802565568200548,1.0,0.18181818181818182,0.3076923076923077,11,0.43478260869565216,0.31331439386469195,0.31331439386469195,2,0,,,,0.21207440585753493,0.5,0.9565217391304348,,,,,,
mean_of_samples,random,12,406,0.3339346535015116,1.0,0.0,0.0,11,0.0,0.3126087172663255,0.3027980347040636,0,0,,,,0.30276171981309097,0.0,0.0,,,,,,
simgp24,random,13,406,0.04776094751639915,0.6470588235294118,1.0,0.7857142857142858,11,0.9545454545454546,0.03526187048397285,-0.0288978565069835,11,6,0.6363636363636364,0.9090909090909091,0.9545454545454546,0.06563661710491726,0.0,1.0,0.1,0.3,0.5,1.0,1.0,0.95
simgp24_g75,random,13,406,0.038110123480979655,0.7692307692307693,0.9090909090909091,0.8333333333333333,11,0.9545454545454546,0.024155317123685956,-0.012524374775195846,10,3,0.5909090909090909,0.8636363636363636,0.9545454545454546,,,,,,,,,
simgp_timeblind,random,13,406,0.19686075438743422,1.0,0.18181818181818182,0.3076923076923077,11,0.7727272727272727,0.16599346635986956,0.1642464722484436,2,0,,,,0.32750354226430434,0.5,0.7727272727272727,,,,,,
mean_of_samples,random,13,406,0.31751763426877355,1.0,0.0,0.0,11,0.0,0.29897366706341977,0.28304672269444886,0,0,,,,0.31137127754700233,0.0,0.0,,,,,,
simgp24,random,14,406,0.04930910974643194,0.625,1.0,0.7692307692307693,10,0.9523809523809523,0.03611604987631037,-0.029731373363084106,10,6,0.6666666666666666,0.8571428571428571,0.9523809523809523,0.07125622771136626,0.5,1.0,0.1,0.3,0.5,1.0,1.0,1.0
simgp24_g75,random,14,406,0.038291866080983644,0.75,0.9,0.8181818181818182,10,0.9523809523809523,0.02354385133127589,-0.01195323813354349,9,3,0.47619047619047616,0.9047619047619048,0.9523809523809523,,,,,,,,,
simgp_timeblind,random,14,406,0.19280791122653868,1.0,0.2,0.33333333333333337,10,0.8095238095238095,0.1631584106760339,0.161526803412336,2,0,,,,0.331824907447133,0.5,0.7619047619047619,,,,,,
mean_of_samples,random,14,406,0.3149167268697527,1.0,0.0,0.0,10,0.0,0.2956620310413938,0.27929218462176825,0,0,,,,0.31816516929631694,0.0,0.0,,,,,,
simgp24,random,15,406,0.05345064529112896,0.625,1.0,0.7692307692307693,10,0.9,0.04214985571865891,-0.040813832125888995,10,6,0.5,0.7,0.95,0.06806069675096484,0.5,1.0,0.1,0.3,0.5,1.0,1.0,0.95
simgp24_g75,random,15,406,0.03966738132283922,0.75,0.9,0.8181818181818182,10,0.95,0.025084887232903464,-0.013382724006552863,9,3,0.45,0.8,0.95,,,,,,,,,
simgp_timeblind,random,15,406,0.20494198802614533,1.0,0.2,0.33333333333333337,10,0.8,0.1727650115677297,0.17085019829666961,2,0,,,,0.328439453184817,0.5,0.75,,,,,,
mean_of_samples,random,15,406,0.3264702541148207,1.0,0.0,0.0,10,0.0,0.31008865831382887,0.3019727367670314,0,0,,,,0.3101982441227421,0.0,0.0,,,,,,
simgp24,uncertainty,3,406,0.050807400351872575,0.6956521739130435,1.0,0.8205128205128205,16,1.0,0.04207482981335331,-0.027560687536810798,16,7,0.59375,0.875,1.0,0.060737500158698506,0.6666666666666666,1.0,0.25,0.3,0.0,1.15,1.1,0.95
simgp24,uncertainty,4,406,0.05386733276870281,0.6818181818181818,1.0,0.8108108108108109,15,0.967741935483871,0.04428378058136001,-0.03139049253264075,15,7,0.5806451612903226,0.9354838709677419,1.0,0.05505436475649876,1.0,1.0,0.1,0.3,0.5,1.0,0.9,0.9
simgp24,uncertainty,5,406,0.04914935198977483,0.65,0.9285714285714286,0.7647058823529412,14,0.9,0.03997986745661227,-0.033355738134041135,13,7,0.6333333333333333,0.8,0.9666666666666667,0.08146558099163756,1.0,1.0,0.1,0.3,0.5,1.0,0.9,0.95
simgp24,uncertainty,6,406,0.0556420708374211,0.65,1.0,0.787878787878788,13,0.896551724137931,0.04688125226376186,-0.04477990381176832,13,7,0.4827586206896552,0.7931034482758621,0.896551724137931,0.08721547044987252,1.0,1.0,0.1,0.3,0.5,1.0,0.9,0.95
simgp24,uncertainty,7,406,0.04950007692105634,0.631578947368421,1.0,0.7741935483870968,12,0.8928571428571429,0.039236094776745646,-0.03462366310941776,12,7,0.5,0.8214285714285714,0.9285714285714286,0.07470418449746374,1.0,1.0,0.25,0.1,0.5,1.0,0.9,0.9
simgp24,uncertainty,8,406,0.059440321162582736,0.625,0.9090909090909091,0.7407407407407406,11,0.9259259259259259,0.04589231171177416,-0.04120761197159479,10,6,0.5555555555555556,0.8148148148148148,0.9259259259259259,0.09339140282001235,1.0,1.0,0.25,0.1,0.5,1.0,0.9,0.9
simgp24,uncertainty,9,406,0.04245351081959549,0.8,0.8,0.8000000000000002,10,1.0,0.031924850526088205,-0.012844048452334667,8,2,0.6153846153846154,0.9615384615384616,1.0,0.0828618250926676,1.0,1.0,0.25,0.1,0.5,1.0,1.0,0.9
simgp24,uncertainty,10,406,0.058981138621051275,0.875,0.7777777777777778,0.823529411764706,9,0.96,0.040952801840029564,-0.003929289212243114,7,1,0.64,0.92,0.96,0.08223739157511026,1.0,1.0,0.25,0.1,0.0,1.0,0.9,0.9
simgp24,uncertainty,11,406,0.07802037388376645,0.6363636363636364,0.7777777777777778,0.7000000000000001,9,0.875,0.05241853730792905,-0.04125939324395549,7,4,0.625,0.8333333333333334,0.9166666666666666,0.10988547452321941,1.0,1.0,0.25,0.1,0.5,1.0,1.0,0.9
simgp24,uncertainty,12,406,0.07831714158441605,1.0,0.75,0.8571428571428571,8,0.9130434782608695,0.051137249757334725,-0.01666429000538526,6,0,0.5652173913043478,0.8695652173913043,0.9565217391304348,0.10375145384064981,0.0,1.0,0.25,0.1,0.0,1.0,1.1,0.9
simgp24,uncertainty,13,406,0.08501700626704235,0.625,0.7142857142857143,0.6666666666666666,7,0.8636363636363636,0.058900980063547936,-0.04268439810990879,5,3,0.5,0.7727272727272727,0.9545454545454546,0.1783870826730215,1.0,0.7272727272727273,0.25,0.1,0.5,1.0,1.1,0.9
simgp24,uncertainty,14,406,0.0417730136602865,0.5555555555555556,0.8333333333333334,0.6666666666666667,6,1.0,0.03306255641448549,-0.0027392291054423906,5,4,0.9047619047619048,0.9523809523809523,1.0,0.0646489096982276,1.0,1.0,0.1,0.3,0.0,1.0,1.1,0.95
simgp24,uncertainty,15,406,0.039167165678500655,0.625,0.8333333333333334,0.7142857142857143,6,1.0,0.030829630804238905,-0.005831622265089062,5,3,0.7,0.95,1.0,0.06341161283687224,1.0,1.0,0.1,0.3,0.0,1.0,1.1,0.95
simgp24,straddle,3,406,0.050807400351872575,0.6956521739130435,1.0,0.8205128205128205,16,1.0,0.04207482981335331,-0.027560687536810798,16,7,0.59375,0.875,1.0,0.060737500158698506,0.6666666666666666,1.0,0.25,0.3,0.0,1.15,1.1,0.95
simgp24,straddle,4,406,0.05835038941388479,0.7,0.9333333333333333,0.8,15,0.967741935483871,0.04859732214916715,-0.006223822481852657,14,6,0.4838709677419355,0.8064516129032258,0.967741935483871,0.06185925792200034,1.0,1.0,0.25,0.1,1.0,1.0,0.9,0.95
simgp24,straddle,5,406,0.048887726461339126,0.65,0.9285714285714286,0.7647058823529412,14,0.8666666666666667,0.04016368908068196,-0.02489551612455383,13,7,0.4666666666666667,0.8,0.9333333333333333,0.06903837939085793,1.0,1.0,0.1,0.3,0.5,1.0,1.1,0.95
simgp24,straddle,6,406,0.045681154188298496,0.6666666666666666,0.9230769230769231,0.7741935483870968,13,0.896551724137931,0.03755332605286387,-0.021303494421444497,12,6,0.5172413793103449,0.7931034482758621,0.9310344827586207,0.05906055012003305,1.0,1.0,0.1,0.3,0.5,1.0,1.1,1.0
simgp24,straddle,7,406,0.043989868664236736,0.6470588235294118,0.9166666666666666,0.7586206896551724,12,0.8571428571428571,0.03332388569063112,-0.027257963782814594,11,6,0.6071428571428571,0.7857142857142857,0.9285714285714286,0.05393578826506885,1.0,1.0,0.1,0.3,0.5,1.0,1.1,1.0
simgp24,straddle,8,406,0.058573170301119144,0.6666666666666666,0.7272727272727273,0.6956521739130435,11,0.9629629629629629,0.042522503084939024,-0.022196078572290934,8,4,0.5925925925925926,0.8518518518518519,0.9629629629629629,0.0919983301252272,1.0,1.0,0.25,0.1,0.5,1.0,0.9,0.9
simgp24,straddle,9,406,0.06623081265663087,0.5625,0.9,0.6923076923076923,10,0.8076923076923077,0.05113499834541879,-0.04365428398184567,9,7,0.5769230769230769,0.7692307692307693,0.9230769230769231,0.08526931013108147,1.0,1.0,0.4,0.1,0.0,1.0,0.9,1.0
simgp24,straddle,10,406,0.06330729947632552,0.6153846153846154,0.8,0.6956521739130435,10,0.96,0.043530788434450976,-0.03405357708331337,8,5,0.6,0.92,0.96,0.21126844395952638,1.0,1.0,0.4,0.1,0.0,1.0,0.9,1.05
simgp24,straddle,11,406,0.06638636471444322,0.875,0.7777777777777778,0.823529411764706,9,1.0,0.050353398707104334,0.032455038918721944,7,1,0.8333333333333334,1.0,1.0,0.13092693556861879,1.0,1.0,0.25,0.1,0.5,1.0,0.9,0.9
simgp24,straddle,12,406,0.058962869192448086,0.6666666666666666,0.75,0.7058823529411765,8,0.9565217391304348,0.040598067966718124,-0.014876375525238444,6,3,0.7391304347826086,0.8695652173913043,0.9565217391304348,0.3770228360569358,1.0,0.9565217391304348,0.25,0.1,0.5,1.0,0.9,0.9
simgp24,straddle,13,406,0.059497419987187945,0.625,0.7142857142857143,0.6666666666666666,7,0.9545454545454546,0.04282046385320834,-0.009719978874141144,5,3,0.6363636363636364,0.8636363636363636,0.9545454545454546,0.3872751219930278,1.0,0.8636363636363636,0.25,0.1,0.5,1.0,0.9,0.9
simgp24,straddle,14,406,0.059957121119712076,0.6666666666666666,0.6666666666666666,0.6666666666666666,6,0.9523809523809523,0.04600490182945299,-0.0038077349203628967,4,2,0.5714285714285714,0.8095238095238095,0.9523809523809523,0.4046196650793565,1.0,0.7619047619047619,0.25,0.1,0.5,1.0,0.9,0.9
simgp24,straddle,15,406,0.06622372070677215,0.6,0.6,0.6,5,0.9,0.05025283846042163,-0.0024595598940414876,3,2,0.55,0.8,0.95,0.3567104798411151,1.0,0.95,0.25,0.1,0.5,1.0,0.9,0.9
simgp24,straddle_min,3,406,0.050807400351872575,0.6956521739130435,1.0,0.8205128205128205,16,1.0,0.04207482981335331,-0.027560687536810798,16,7,0.59375,0.875,1.0,0.060737500158698506,0.6666666666666666,1.0,0.25,0.3,0.0,1.15,1.1,0.95
simgp24,straddle_min,4,406,0.05391976005568181,0.6818181818181818,1.0,0.8108108108108109,15,1.0,0.04556636789731713,-0.03048654564252941,15,7,0.5483870967741935,0.9032258064516129,1.0,0.0528387850568171,1.0,1.0,0.1,0.3,0.5,1.0,0.9,0.95
simgp24,straddle_min,5,406,0.0565067420968413,0.6666666666666666,1.0,0.8,14,0.9333333333333333,0.044419952746211494,-0.039847913265261624,14,7,0.4666666666666667,0.7,1.0,0.053304765515089135,1.0,1.0,0.1,0.3,0.5,1.0,1.1,0.9
simgp24,straddle_min,6,406,0.057164255020399686,0.6842105263157895,1.0,0.8125000000000001,13,0.8620689655172413,0.04860673235749418,-0.044751678138069385,13,6,0.41379310344827586,0.6896551724137931,0.9310344827586207,0.06582996605040042,1.0,1.0,0.1,0.3,0.5,1.0,0.9,0.95
simgp24,straddle_min,7,406,0.06607246666813382,0.6842105263157895,1.0,0.8125000000000001,13,0.8214285714285714,0.05932213648782731,-0.02543145948054445,13,6,0.25,0.6428571428571429,0.8928571428571429,0.06257059109565095,1.0,1.0,0.1,0.3,0.5,1.0,1.1,0.9
simgp24,straddle_min,8,406,0.06400849358667197,0.7222222222222222,1.0,0.8387096774193548,13,0.8148148148148148,0.05684462244044411,-0.02824598466040104,13,5,0.2962962962962963,0.6296296296296297,0.8888888888888888,0.061604250697573595,1.0,1.0,0.1,0.3,0.5,1.0,1.1,0.9
simgp24,straddle_min,9,406,0.056439417346702596,0.7647058823529411,1.0,0.8666666666666666,13,0.8846153846153846,0.04967272543122499,-0.029113390872269388,13,4,0.38461538461538464,0.6923076923076923,0.9230769230769231,0.16380324511146593,1.0,0.8461538461538461,0.1,0.3,0.5,1.0,0.9,0.95
simgp24,straddle_min,10,406,0.05721524674096251,0.7647058823529411,1.0,0.8666666666666666,13,0.88,0.049833705842182836,-0.02326934494206011,13,4,0.32,0.8,0.92,0.1549257929663745,1.0,0.8,0.1,0.3,0.5,1.0,0.9,0.95
simgp24,straddle_min,11,406,0.05884810161750402,0.8125,1.0,0.896551724137931,13,0.875,0.05177047547833242,-0.020347016303127463,13,3,0.20833333333333334,0.7916666666666666,0.875,0.15368770761218103,1.0,0.7916666666666666,0.1,0.3,0.0,1.0,0.9,0.9
simgp24,straddle_min,12,406,0.0889321675810917,0.8,1.0,0.888888888888889,12,0.6086956521739131,0.07416076941071971,0.0038139368621649774,12,3,0.21739130434782608,0.5652173913043478,0.8695652173913043,0.11460715497834152,1.0,0.8695652173913043,0.1,0.3,0.0,1.0,0.9,0.9
simgp24,straddle_min,13,406,0.07534900370456916,0.7857142857142857,1.0,0.88,11,0.6363636363636364,0.06943025291506312,-0.026392994831288062,11,3,0.09090909090909091,0.5,0.8181818181818182,0.1944687887963169,1.0,0.7272727272727273,0.25,0.3,0.0,1.0,0.9,1.05
simgp24,straddle_min,14,406,0.07064346919176072,0.7857142857142857,1.0,0.88,11,0.6666666666666666,0.06368050524614587,-0.03316333259981491,11,3,0.23809523809523808,0.5714285714285714,0.7619047619047619,0.14171058949780074,1.0,1.0,0.25,0.3,0.0,1.0,0.9,1.05
simgp24,straddle_min,15,406,0.09380973346534467,0.7857142857142857,1.0,0.88,11,0.5,0.08668326909733337,-0.016858533285097413,11,3,0.05,0.15,0.75,0.17728746323117833,1.0,0.7,0.25,0.3,0.0,1.0,0.9,1.05
simgp24,random,3,407,0.048101078585096574,0.782608695652174,0.8571428571428571,0.8181818181818182,21,0.96875,0.034891376979226826,-0.006810825593954569,18,5,0.6875,0.96875,0.96875,0.11520921916083345,0.5555555555555556,0.90625,0.25,0.3,0.0,1.15,0.9,0.9
simgp24_g75,random,3,407,0.04954782200672911,0.8095238095238095,0.8095238095238095,0.8095238095238095,21,0.9375,0.0289944009883731,0.013206519280921496,17,4,0.65625,0.875,0.96875,,,,,,,,,
simgp_timeblind,random,3,407,0.2137663698948454,1.0,0.14285714285714285,0.25,21,0.71875,0.1702018554443555,0.1702018554443555,3,0,,,,0.33804926767806764,0.3333333333333333,0.6875,,,,,,
mean_of_samples,random,3,407,0.3178477302972373,1.0,0.0,0.0,21,0.0,0.3057293538475638,0.23511806310831762,0,0,,,,0.36190738597442895,0.0,0.0,,,,,,
simgp24,random,4,407,0.052879014016467225,0.8181818181818182,0.8571428571428571,0.8372093023255814,21,0.967741935483871,0.03652620062660819,0.00020213651839359658,18,4,0.7096774193548387,0.967741935483871,0.967741935483871,0.10889927325801796,0.5555555555555556,0.8709677419354839,0.1,0.6,0.5,1.15,1.0,1.05
simgp24_g75,random,4,407,0.053739616784672956,0.8947368421052632,0.8095238095238095,0.8500000000000001,21,0.967741935483871,0.03402949449979703,0.016330677542869442,17,2,0.5806451612903226,0.8387096774193549,0.967741935483871,,,,,,,,,
simgp_timeblind,random,4,407,0.36148957799509324,1.0,0.14285714285714285,0.25,21,0.6129032258064516,0.2717951846941594,0.2717951846941594,3,0,,,,0.3278851111618731,0.3333333333333333,0.5161290322580645,,,,,,
mean_of_samples,random,4,407,0.40279636820434966,1.0,0.0,0.0,21,0.0,0.38302692944331546,0.34782223208696755,0,0,,,,0.3490441272928102,0.0,0.0,,,,,,
simgp24,random,5,407,0.08978548139709144,0.7916666666666666,0.95,0.8636363636363635,20,0.9,0.0610294189075015,-0.05788140110901007,19,5,0.43333333333333335,0.8666666666666667,0.9,0.1869038692538099,0.6666666666666666,0.7666666666666667,0.1,1.0,0.0,1.15,0.9,1.05
simgp24_g75,random,5,407,0.08514041441133156,0.782608695652174,0.9,0.8372093023255814,20,0.9,0.045637889278270685,-0.03837936115961942,18,5,0.6333333333333333,0.9,0.9,,,,,,,,,
simgp_timeblind,random,5,407,0.3269649308856674,1.0,0.15,0.2608695652173913,20,0.5333333333333333,0.26102625557278075,0.26102625557278075,3,0,,,,0.29566599981897507,0.3333333333333333,0.5666666666666667,,,,,,
mean_of_samples,random,5,407,0.38631803694555117,1.0,0.0,0.0,20,0.0,0.36821773214890213,0.32662846487246205,0,0,,,,0.3508313494706245,0.0,0.0,,,,,,
simgp24,random,6,407,0.0825981695117841,0.782608695652174,0.9473684210526315,0.8571428571428571,19,0.896551724137931,0.0534609810075985,-0.047883888327443155,18,5,0.5862068965517241,0.896551724137931,0.9655172413793104,0.18246935375885323,0.6666666666666666,0.7931034482758621,0.1,0.3,0.0,0.85,0.9,0.9
simgp24_g75,random,6,407,0.08192852152364877,0.8181818181818182,0.9473684210526315,0.8780487804878049,19,0.896551724137931,0.04421780017251085,-0.03355916560995492,18,4,0.6551724137931034,0.896551724137931,0.896551724137931,,,,,,,,,
simgp_timeblind,random,6,407,0.31530273066049314,1.0,0.15789473684210525,0.2727272727272727,19,0.5517241379310345,0.2549917227100261,0.2549917227100261,3,0,,,,0.2854055652642899,0.3333333333333333,0.5862068965517241,,,,,,
mean_of_samples,random,6,407,0.34720154447168045,1.0,0.0,0.0,19,0.0,0.3331078582800527,0.2767718311802312,0,0,,,,0.35625957454635254,0.0,0.0,,,,,,
simgp24,random,7,407,0.06012112661554121,0.8095238095238095,0.9444444444444444,0.8717948717948718,18,0.9642857142857143,0.04122171950415045,-0.005384398929137753,17,4,0.6428571428571429,0.9642857142857143,1.0,0.12802023315318173,0.5,0.8571428571428571,0.1,0.3,0.0,0.85,1.1,0.9
simgp24_g75,random,7,407,0.06078750738122047,0.8,0.8888888888888888,0.8421052631578948,18,0.9285714285714286,0.038064403426889284,0.005921037666302977,16,4,0.5,0.7857142857142857,0.9642857142857143,,,,,,,,,
simgp_timeblind,random,7,407,0.23014966021158093,1.0,0.1111111111111111,0.19999999999999998,18,0.7142857142857143,0.18069899802529807,0.18069899802529807,2,0,,,,0.2483627187939229,0.25,0.7142857142857143,,,,,,
mean_of_samples,random,7,407,0.30960078900252974,1.0,0.0,0.0,18,0.0,0.2983601071074941,0.22550653569008175,0,0,,,,0.3649003821181568,0.0,0.0,,,,,,
simgp24,random,8,407,0.07912809848760594,0.8,0.9411764705882353,0.8648648648648648,17,0.8888888888888888,0.04670891667740076,-0.03542998737821467,16,4,0.7037037037037037,0.8518518518518519,0.8888888888888888,0.18841102873076576,0.5714285714285714,0.6666666666666666,0.1,0.3,0.5,1.0,1.0,0.9
simgp24_g75,random,8,407,0.059818771993187,0.8333333333333334,0.8823529411764706,0.8571428571428571,17,0.8148148148148148,0.037950339001777675,0.012770330331197274,15,3,0.5185185185185185,0.7037037037037037,0.9259259259259259,,,,,,,,,
simgp_timeblind,random,8,407,0.30381713286943945,1.0,0.23529411764705882,0.38095238095238093,17,0.5185185185185185,0.2213834072066593,0.21907438556289346,4,0,,,,0.26498756130158235,0.42857142857142855,0.6666666666666666,,,,,,
mean_of_samples,random,8,407,0.2861199709639173,1.0,0.0,0.0,17,0.0,0.2764870132356646,0.18920068559692851,0,0,,,,0.3776120266457486,0.0,0.0,,,,,,
simgp24,random,9,407,0.08063592491619011,0.8,1.0,0.888888888888889,16,0.8846153846153846,0.04624328710359708,-0.0400593776246101,16,4,0.7307692307692307,0.8846153846153846,0.8846153846153846,0.1912371319023746,0.5714285714285714,0.6153846153846154,0.1,0.3,0.5,1.0,1.0,0.9
simgp24_g75,random,9,407,0.08217801361237173,0.8,1.0,0.888888888888889,16,0.8461538461538461,0.047811050803579766,-0.027786004865740763,16,4,0.38461538461538464,0.8076923076923077,0.8461538461538461,,,,,,,,,
simgp_timeblind,random,9,407,0.3470415355876688,1.0,0.3125,0.47619047619047616,16,0.5384615384615384,0.24520422456936902,0.2417348718770116,5,0,,,,0.28381457597328474,0.5714285714285714,0.6923076923076923,,,,,,
mean_of_samples,random,9,407,0.2744318702308499,1.0,0.0,0.0,16,0.0,0.26471360092962565,0.16646020016152588,0,0,,,,0.38860541277494925,0.0,0.0,,,,,,
simgp24,random,10,407,0.04842808553429955,0.8333333333333334,1.0,0.9090909090909091,15,1.0,0.03273258751181361,-0.018328049012795278,15,3,0.72,0.96,1.0,0.1559634854325002,0.5714285714285714,0.76,0.1,0.3,0.5,0.85,1.0,1.0
simgp24_g75,random,10,407,0.08591159788641684,0.8235294117647058,0.9333333333333333,0.8749999999999999,15,0.88,0.05348738484417019,-0.024198595476649522,14,3,0.36,0.84,0.88,,,,,,,,,
simgp_timeblind,random,10,407,0.538558895739152,1.0,0.4,0.5714285714285715,15,0.48,0.3326395055077356,0.3294393497088672,6,0,,,,0.44435847611795926,0.5714285714285714,0.68,,,,,,
mean_of_samples,random,10,407,0.2713938777899746,1.0,0.0,0.0,15,0.0,0.26138529312587633,0.15833705743115561,0,0,,,,0.3968649887928004,0.0,0.0,,,,,,
simgp24,random,11,407,0.07626841876127302,0.875,1.0,0.9333333333333333,14,0.875,0.04373774376715356,-0.03460862261690095,14,2,0.6666666666666666,0.875,0.875,0.19864163178482933,0.42857142857142855,0.625,0.1,0.3,0.0,0.85,0.9,0.9
simgp24_g75,random,11,407,0.08915463442533902,0.7857142857142857,0.7857142857142857,0.7857142857142857,14,0.8333333333333334,0.058718855159521015,-0.019039246603112653,11,3,0.25,0.6666666666666666,0.875,,,,,,,,,
simgp_timeblind,random,11,407,0.6028223136397396,1.0,0.2857142857142857,0.4444444444444445,14,0.375,0.3765472481495076,0.37296129282133866,4,0,,,,0.4988459324599651,0.42857142857142855,0.5833333333333334,,,,,,
mean_of_samples,random,11,407,0.26196060921514136,1.0,0.0,0.0,14,0.0,0.25088480130699486,0.13661064256749914,0,0,,,,0.4117469369822439,0.0,0.0,,,,,,
simgp24,random,12,407,0.027840855216988307,0.8235294117647058,1.0,0.9032258064516129,14,1.0,0.02161318045832038,-0.005418688904698915,14,3,0.8695652173913043,1.0,1.0,0.13137704501693026,0.42857142857142855,0.7391304347826086,0.1,0.3,0.0,0.85,0.9,0.9
simgp24_g75,random,12,407,0.08271184155905542,0.7857142857142857,0.7857142857142857,0.7857142857142857,14,0.8695652173913043,0.05249721763227781,-0.014599929409102336,11,3,0.30434782608695654,0.7391304347826086,0.9130434782608695,,,,,,,,,
simgp_timeblind,random,12,407,0.6093033304813452,1.0,0.2857142857142857,0.4444444444444445,14,0.30434782608695654,0.3732093310844075,0.36938636159897625,4,0,,,,0.5107410136381868,0.42857142857142855,0.5652173913043478,,,,,,
mean_of_samples,random,12,407,0.30574817574387125,1.0,0.0,0.0,14,0.0,0.2922024112084878,0.24154826927378772,0,0,,,,0.35053883275546815,0.0,0.0,,,,,,
simgp24,random,13,407,0.024901463964227582,0.8235294117647058,1.0,0.9032258064516129,14,1.0,0.01911429099701018,-0.0015604021934639328,14,3,0.8636363636363636,1.0,1.0,0.13385280760696305,0.42857142857142855,0.7272727272727273,0.1,0.3,0.0,0.85,0.9,0.9
simgp24_g75,random,13,407,0.05704376836634591,0.7857142857142857,0.7857142857142857,0.7857142857142857,14,0.9545454545454546,0.039397537943945335,0.0007603941978425442,11,3,0.3181818181818182,0.9090909090909091,0.9545454545454546,,,,,,,,,
simgp_timeblind,random,13,407,0.30987172797275075,1.0,0.21428571428571427,0.35294117647058826,14,0.36363636363636365,0.21977012397240656,0.21680431672491693,3,0,,,,0.2779285918180871,0.42857142857142855,0.5909090909090909,,,,,,
mean_of_samples,random,13,407,0.33812968272343075,1.0,0.0,0.0,14,0.0,0.32480186780782194,0.29020962355609387,0,0,,,,0.33484106131435987,0.0,0.0,,,,,,
simgp24,random,14,407,0.02939872225155416,0.8235294117647058,1.0,0.9032258064516129,14,1.0,0.021843399914747003,0.0011979271148870147,14,3,0.8095238095238095,0.9523809523809523,1.0,0.13660127332000602,0.42857142857142855,0.6666666666666666,0.1,0.3,0.5,0.85,1.0,1.0
simgp24_g75,random,14,407,0.05083977106766223,0.7857142857142857,0.7857142857142857,0.7857142857142857,14,0.9523809523809523,0.03527732991802589,0.006351659756217791,11,3,0.3333333333333333,0.8571428571428571,0.9523809523809523,,,,,,,,,
simgp_timeblind,random,14,407,0.2595032970329318,1.0,0.07142857142857142,0.13333333333333333,14,0.42857142857142855,0.19987790278775708,0.19987790278775708,1,0,,,,0.24595237353427493,0.14285714285714285,0.6190476190476191,,,,,,
mean_of_samples,random,14,407,0.3799311267369273,1.0,0.0,0.0,14,0.0,0.3700943294456456,0.3469449653913469,0,0,,,,0.32033649876178916,0.0,0.0,,,,,,
simgp24,random,15,407,0.034731022392387484,0.8571428571428571,0.8571428571428571,0.8571428571428571,14,1.0,0.025706027032593365,0.009801792149535506,12,2,0.85,0.9,1.0,0.12886499303416946,0.5714285714285714,0.9,0.1,0.3,0.5,0.85,1.0,1.0
simgp24_g75,random,15,407,0.05335307548647972,0.75,0.8571428571428571,0.7999999999999999,14,0.95,0.03696854067912568,0.002937271355152691,12,4,0.3,0.8,1.0,,,,,,,,,
simgp_timeblind,random,15,407,0.3050482428858068,1.0,0.35714285714285715,0.5263157894736842,14,0.35,0.22096663568272992,0.21746242031007443,5,0,,,,0.25938724018751413,0.5714285714285714,0.6,,,,,,
mean_of_samples,random,15,407,0.36577635426694893,1.0,0.0,0.0,14,0.0,0.35568717696179764,0.3295824893278084,0,0,,,,0.3214013889253045,0.0,0.0,,,,,,
simgp24,uncertainty,3,407,0.048101078585096574,0.782608695652174,0.8571428571428571,0.8181818181818182,21,0.96875,0.034891376979226826,-0.006810825593954569,18,5,0.6875,0.96875,0.96875,0.11520921916083345,0.5555555555555556,0.90625,0.25,0.3,0.0,1.15,0.9,0.9
simgp24,uncertainty,4,407,0.053948946805867544,0.7727272727272727,0.85,0.8095238095238095,20,0.967741935483871,0.035471911838977584,0.009203513732114853,17,5,0.7741935483870968,0.9354838709677419,0.967741935483871,0.17029666416737618,0.5555555555555556,0.9032258064516129,0.1,0.3,0.0,0.85,0.9,0.9
simgp24,uncertainty,5,407,0.0590478360439142,0.8888888888888888,0.8421052631578947,0.8648648648648649,19,0.9333333333333333,0.03489282456159425,0.014786281116361264,16,2,0.7,0.8333333333333334,0.9666666666666667,0.10361551799016563,0.6666666666666666,0.8666666666666667,0.1,0.6,0.0,0.85,1.1,1.1
simgp24,uncertainty,6,407,0.0456389907670026,1.0,0.7222222222222222,0.8387096774193548,18,0.9310344827586207,0.032750043391316236,0.013201533530413133,13,0,0.6551724137931034,0.8275862068965517,0.9655172413793104,0.15767423381029158,0.75,0.8275862068965517,0.25,0.1,0.5,0.85,1.1,0.9
simgp24,uncertainty,7,407,0.05853589352727309,0.7222222222222222,0.7647058823529411,0.7428571428571428,17,0.9285714285714286,0.03711084428175803,0.008890771605711804,13,5,0.6071428571428571,0.8928571428571429,0.9642857142857143,0.09992540258061293,0.7142857142857143,0.8571428571428571,0.1,0.3,0.5,0.85,0.9,0.95
simgp24,uncertainty,8,407,0.06370455721285247,0.7777777777777778,0.875,0.823529411764706,16,1.0,0.04004411062994417,-0.00707736951910692,14,4,0.7037037037037037,1.0,1.0,0.08877172907181156,0.6666666666666666,0.9259259259259259,0.1,0.3,0.5,0.85,0.9,0.9
simgp24,uncertainty,9,407,0.06266943326503627,0.75,0.8,0.7741935483870969,15,1.0,0.03907849730552919,-0.0020782003666576527,12,4,0.6923076923076923,1.0,1.0,0.09198754119263572,0.6666666666666666,0.8846153846153846,0.1,0.3,0.5,0.85,0.9,0.9
simgp24,uncertainty,10,407,0.06759491804569731,0.7058823529411765,0.8571428571428571,0.7741935483870968,14,0.96,0.04124105702557859,-0.0008315045271389565,12,5,0.48,0.8,0.96,0.08233807431245718,0.6666666666666666,0.88,0.1,0.3,0.5,0.85,0.9,0.9
simgp24,uncertainty,11,407,0.06446919581523322,0.6666666666666666,0.7692307692307693,0.7142857142857142,13,1.0,0.04179204969817238,-0.0012331671856824673,10,5,0.5,0.9166666666666666,1.0,0.09027617973404076,0.6,0.9166666666666666,0.1,0.3,0.5,0.85,0.9,0.9
simgp24,uncertainty,12,407,0.15013087547813478,0.7058823529411765,1.0,0.8275862068965517,12,0.7391304347826086,0.10555344671447929,-0.10368739419860547,12,5,0.17391304347826086,0.6086956521739131,0.8695652173913043,0.2537530360112958,0.6,0.8260869565217391,0.1,0.3,0.5,0.85,0.9,0.9
simgp24,uncertainty,13,407,0.14382625753839362,0.6666666666666666,0.9090909090909091,0.7692307692307692,11,0.7727272727272727,0.101040080485246,-0.0963842061800775,10,5,0.18181818181818182,0.5909090909090909,0.9090909090909091,0.2631681432713687,0.75,0.7727272727272727,0.1,0.3,0.5,0.85,0.9,0.9
simgp24,uncertainty,14,407,0.060767132531409716,0.6666666666666666,1.0,0.8,10,1.0,0.04841060874653472,-0.03817049847276568,10,5,0.47619047619047616,0.7619047619047619,1.0,0.15181431083501143,0.75,0.9047619047619048,0.1,0.3,0.5,0.85,0.9,0.9
simgp24,uncertainty,15,407,0.07605384806954667,0.6428571428571429,1.0,0.782608695652174,9,0.95,0.06270996106872546,-0.061758318649600664,9,5,0.45,0.9,1.0,0.10265447049098335,0.6666666666666666,0.95,0.1,0.3,0.5,0.85,0.9,0.95
simgp24,straddle,3,407,0.048101078585096574,0.782608695652174,0.8571428571428571,0.8181818181818182,21,0.96875,0.034891376979226826,-0.006810825593954569,18,5,0.6875,0.96875,0.96875,0.11520921916083345,0.5555555555555556,0.90625,0.25,0.3,0.0,1.15,0.9,0.9
simgp24,straddle,4,407,0.06616542390918403,0.85,0.85,0.85,20,0.967741935483871,0.03959070024118068,0.02756322800135244,17,3,0.7741935483870968,0.9032258064516129,0.967741935483871,0.13549487023242485,0.625,0.9032258064516129,0.1,0.3,0.5,0.85,1.1,1.05
simgp24,straddle,5,407,0.053318067883476254,1.0,0.7894736842105263,0.8823529411764706,19,0.9666666666666667,0.03372441554755324,0.020231310032425228,15,0,0.7333333333333333,0.9333333333333333,0.9666666666666667,0.10610337356801562,0.75,0.8666666666666667,0.1,0.3,0.5,0.85,0.9,1.0
simgp24,straddle,6,407,0.053587956838609396,0.75,0.8333333333333334,0.7894736842105262,18,0.9310344827586207,0.037199652974871385,-0.007066897891691507,15,5,0.7586206896551724,0.896551724137931,0.9655172413793104,0.10748791368527788,0.7142857142857143,0.896551724137931,0.1,0.3,0.5,0.85,0.9,0.95
simgp24,straddle,7,407,0.050060164009546194,0.7619047619047619,0.9411764705882353,0.8421052631578947,17,0.9642857142857143,0.042848987602657394,-0.0344474804096945,16,5,0.5,0.8571428571428571,1.0,0.1505694490020952,0.8571428571428571,1.0,0.1,0.3,0.5,0.85,0.9,0.95
simgp24,straddle,8,407,0.06930034854279732,0.75,0.9375,0.8333333333333334,16,0.7037037037037037,0.0638349125386671,-0.057996919155731366,15,5,0.3333333333333333,0.5555555555555556,0.7777777777777778,0.11310974414772679,1.0,0.9629629629629629,0.1,0.3,0.5,0.85,0.9,0.9
simgp24,straddle,9,407,0.07293432386578744,0.7368421052631579,0.9333333333333333,0.8235294117647058,15,0.5769230769230769,0.06714149208776794,-0.060756591204452884,14,5,0.2692307692307692,0.4230769230769231,0.6153846153846154,0.09183339432624647,1.0,0.9615384615384616,0.1,0.3,0.5,0.85,0.9,0.9
simgp24,straddle,10,407,0.08862516792099169,0.7894736842105263,1.0,0.8823529411764706,15,0.44,0.07985084987381443,-0.0784620664652024,15,4,0.12,0.36,0.56,0.0910602688167698,1.0,0.92,0.1,0.3,1.0,0.85,0.9,1.05
simgp24,straddle,11,407,0.08828750923585325,0.7777777777777778,1.0,0.8750000000000001,14,0.4166666666666667,0.07905083109097562,-0.0775623901465109,14,4,0.125,0.375,0.5416666666666666,0.09325860622728166,1.0,0.9166666666666666,0.1,0.3,1.0,0.85,0.9,1.1
simgp24,straddle,12,407,0.08237607159218599,0.8235294117647058,1.0,0.9032258064516129,14,0.6086956521739131,0.0699875913079609,-0.06824191629098542,14,3,0.21739130434782608,0.43478260869565216,0.8260869565217391,0.10693718276196156,1.0,0.9130434782608695,0.1,0.3,1.0,0.85,0.9,1.1
simgp24,straddle,13,407,0.11127257348912062,0.8125,1.0,0.896551724137931,13,0.5909090909090909,0.09312393624453173,-0.09266948002231488,13,3,0.09090909090909091,0.4090909090909091,0.7272727272727273,0.081858424616734,1.0,1.0,0.1,0.3,1.0,0.85,0.9,1.05
simgp24,straddle,14,407,0.09662707882779048,0.8,1.0,0.888888888888889,12,0.42857142857142855,0.08670719711052784,-0.08416132415732505,12,3,0.14285714285714285,0.3333333333333333,0.42857142857142855,0.09711826475264353,1.0,0.9047619047619048,0.1,0.3,1.0,0.85,0.9,1.05
simgp24,straddle,15,407,0.09574875846101696,0.7857142857142857,1.0,0.88,11,0.45,0.0854588004747447,-0.08362885011357207,11,3,0.15,0.4,0.45,0.09163606563403463,1.0,0.9,0.1,0.3,1.0,0.85,1.1,1.05
simgp24,straddle_min,3,407,0.048101078585096574,0.782608695652174,0.8571428571428571,0.8181818181818182,21,0.96875,0.034891376979226826,-0.006810825593954569,18,5,0.6875,0.96875,0.96875,0.11520921916083345,0.5555555555555556,0.90625,0.25,0.3,0.0,1.15,0.9,0.9
simgp24,straddle_min,4,407,0.053892422893140744,0.7727272727272727,0.85,0.8095238095238095,20,0.967741935483871,0.035650114339436025,0.00953159547883345,17,5,0.7741935483870968,0.9354838709677419,0.967741935483871,0.17025613519127963,0.5555555555555556,0.9032258064516129,0.1,0.3,0.0,0.85,0.9,0.9
simgp24,straddle_min,5,407,0.057450995324815124,0.8,0.8421052631578947,0.8205128205128205,19,0.9666666666666667,0.037048438626933966,0.0077080022748534874,16,4,0.8,0.9333333333333333,0.9666666666666667,0.1192430319333931,0.6666666666666666,0.9,0.1,0.3,0.5,1.0,1.1,0.9
simgp24,straddle_min,6,407,0.06120564824669765,0.8,0.8421052631578947,0.8205128205128205,19,0.9655172413793104,0.038469674409197185,0.012399015551920923,16,4,0.6551724137931034,0.896551724137931,1.0,0.12809322565351008,0.6666666666666666,0.896551724137931,0.1,0.3,0.5,1.0,1.1,0.9
simgp24,straddle_min,7,407,0.05780080065081513,0.8888888888888888,0.8421052631578947,0.8648648648648649,19,1.0,0.03935680073899702,0.019791594708114174,16,2,0.6071428571428571,0.8571428571428571,1.0,0.15103774101910314,0.5555555555555556,0.8928571428571429,0.25,0.1,1.0,1.0,1.1,0.9
simgp24,straddle_min,8,407,0.068775196194638,0.8823529411764706,0.8333333333333334,0.8571428571428571,18,0.9259259259259259,0.044047679261268465,0.018486057438755046,15,2,0.6296296296296297,0.8888888888888888,0.9629629629629629,0.16774441895248476,0.6666666666666666,0.8518518518518519,0.25,0.1,1.0,1.0,1.1,0.9
simgp24,straddle_min,9,407,0.06351110440010724,0.875,0.8235294117647058,0.8484848484848485,17,1.0,0.03811680902768645,0.01100858962674157,14,2,0.5769230769230769,0.9230769230769231,1.0,0.11462362726069317,0.6666666666666666,0.8461538461538461,0.1,0.3,0.5,1.0,1.1,0.9
simgp24,straddle_min,10,407,0.05866825366608559,0.875,0.8235294117647058,0.8484848484848485,17,0.92,0.041488910249032715,-0.0028687979607901013,14,2,0.44,0.92,0.92,0.11286586677629601,0.6666666666666666,0.88,0.1,0.3,0.5,1.0,1.1,0.9
simgp24,straddle_min,11,407,0.06026044223577258,0.9333333333333333,0.8235294117647058,0.8749999999999999,17,0.9583333333333334,0.04335715442514635,-0.0030980354596167703,14,1,0.5416666666666666,0.8333333333333334,0.9583333333333334,0.12969023515999917,0.6666666666666666,0.8333333333333334,0.1,0.3,0.5,1.0,1.1,0.9
simgp24,straddle_min,12,407,0.052022842715169965,0.9285714285714286,0.8125,0.8666666666666666,16,1.0,0.04023181358058576,-0.02422442763543785,13,1,0.5652173913043478,1.0,1.0,0.08742182644537763,0.6666666666666666,0.8695652173913043,0.1,0.3,0.5,1.0,1.1,0.9
simgp24,straddle_min,13,407,0.05286757749453606,0.9285714285714286,0.8666666666666667,0.896551724137931,15,1.0,0.04199656356703597,-0.021374603512686,13,1,0.45454545454545453,0.9545454545454546,1.0,0.08493907410615686,0.6666666666666666,0.8636363636363636,0.1,0.3,0.5,1.0,1.1,0.9
simgp24,straddle_min,14,407,0.06574657295548436,0.9285714285714286,0.9285714285714286,0.9285714285714286,14,1.0,0.04665952481923763,-0.04329064371587493,13,1,0.38095238095238093,0.9047619047619048,1.0,0.08304843918061297,0.6666666666666666,0.8571428571428571,0.1,0.3,1.0,1.0,1.1,1.0
simgp24,straddle_min,15,407,0.06823324655283684,0.9285714285714286,1.0,0.962962962962963,13,0.95,0.04901103875116193,-0.04879840133786324,13,1,0.4,0.9,1.0,0.0843754310535092,0.6666666666666666,0.85,0.1,0.3,1.0,1.0,1.1,1.0
