model,strategy,n,seed,rmse,mae,precision,recall,f1,n_true_viol,coverage90,coverage50,coverage80,coverage95,map_kb,map_kw,map_gamma,map_demand,map_rough,map_dose,recall_all
simgp_core,random,3,400,0.0790860055286057,0.0568480991816599,0.9375,0.75,0.8333333333333334,20,1.0,0.8314606741573034,1.0,1.0,0.25,1.0,1.0,1.15,1.1,1.05,0.75
simgp_core_nogp,random,3,400,0.08317628107195235,0.062003541060362426,0.9375,0.75,0.8333333333333334,20,1.0,0.7528089887640449,1.0,1.0,,,,,,,
simgp_core_g75,random,3,400,0.09747899230937385,0.05763754239320157,0.7391304347826086,0.85,0.7906976744186046,20,0.9101123595505618,0.5955056179775281,0.8426966292134831,0.9101123595505618,,,,,,,
physgp_core,random,3,400,0.21906321293797604,0.18104264413026136,0.5555555555555556,0.5,0.5263157894736842,20,0.16853932584269662,0.02247191011235955,0.10112359550561797,0.20224719101123595,,,,,,,
physgp_rich,random,3,400,0.21883248316747805,0.18046091813806833,0.5555555555555556,0.5,0.5263157894736842,20,0.34831460674157305,0.21348314606741572,0.29213483146067415,0.4044943820224719,,,,,,,
simgp_rich,random,3,400,0.07735211472270243,0.05385822485565838,0.9444444444444444,0.85,0.8947368421052632,20,1.0,0.8426966292134831,1.0,1.0,,,,,,,
pinn_rich,random,3,400,0.2505848953050324,0.20557594979724186,1.0,0.0,0.0,20,0.23595505617977527,0.07865168539325842,0.19101123595505617,0.24719101123595505,,,,,,,
mean_of_samples,random,3,400,0.43064117314531974,0.3901935115772225,1.0,0.0,0.0,20,,,,,,,,,,,
nearest_sample,random,3,400,0.31274252549241877,0.2563935592568167,1.0,0.0,0.0,20,,,,,,,,,,,
decay_only,random,3,400,0.21990066076617742,0.18196095248086644,0.5555555555555556,0.5,0.5263157894736842,20,,,,,,,,,,,
simgp_core,random,4,400,0.07613747604022973,0.05199506256768673,0.9411764705882353,0.8,0.8648648648648648,20,1.0,0.875,1.0,1.0,0.25,1.0,1.0,1.15,1.1,1.05,0.8
simgp_core_nogp,random,4,400,0.08363457410130214,0.06258554159820329,0.9375,0.75,0.8333333333333334,20,1.0,0.75,1.0,1.0,,,,,,,
simgp_core_g75,random,4,400,0.09804097524131758,0.05779765867169413,0.75,0.9,0.8181818181818182,20,0.9090909090909091,0.5909090909090909,0.8181818181818182,0.9090909090909091,,,,,,,
physgp_core,random,4,400,0.20520589783007126,0.15938194509373435,0.5555555555555556,0.5,0.5263157894736842,20,0.38636363636363635,0.2159090909090909,0.3068181818181818,0.4090909090909091,,,,,,,
physgp_rich,random,4,400,0.22907697112010197,0.18653419191579843,0.5555555555555556,0.5,0.5263157894736842,20,0.29545454545454547,0.2159090909090909,0.2727272727272727,0.3181818181818182,,,,,,,
simgp_rich,random,4,400,0.07598416018952062,0.05216671641609083,0.9444444444444444,0.85,0.8947368421052632,20,1.0,0.8522727272727273,1.0,1.0,,,,,,,
mean_of_samples,random,4,400,0.5312993144955714,0.4987411873539069,1.0,0.0,0.0,20,,,,,,,,,,,
nearest_sample,random,4,400,0.30952330792244626,0.2533578459574284,1.0,0.0,0.0,20,,,,,,,,,,,
decay_only,random,4,400,0.22771009966846822,0.18842873517868028,0.5555555555555556,0.5,0.5263157894736842,20,,,,,,,,,,,
simgp_core,random,5,400,0.07587193239598329,0.051618866739165103,0.9444444444444444,0.85,0.8947368421052632,20,1.0,0.8045977011494253,1.0,1.0,0.25,1.0,0.5,0.85,0.9,1.05,0.85
simgp_core_nogp,random,5,400,0.07976529466099554,0.05628396468565524,0.9444444444444444,0.85,0.8947368421052632,20,1.0,0.735632183908046,1.0,1.0,,,,,,,
simgp_core_g75,random,5,400,0.09799847275600644,0.05728011738566313,0.76,0.95,0.8444444444444444,20,0.9080459770114943,0.5862068965517241,0.8160919540229885,0.9080459770114943,,,,,,,
physgp_core,random,5,400,0.19424207191617754,0.14873005327172265,0.5555555555555556,0.5,0.5263157894736842,20,0.28735632183908044,0.14942528735632185,0.26436781609195403,0.3103448275862069,,,,,,,
physgp_rich,random,5,400,0.1987539058646101,0.1558379577978853,0.5555555555555556,0.5,0.5263157894736842,20,0.22988505747126436,0.09195402298850575,0.16091954022988506,0.3218390804597701,,,,,,,
simgp_rich,random,5,400,0.07462832186449712,0.04879994493842763,0.9473684210526315,0.9,0.9230769230769231,20,1.0,0.8160919540229885,1.0,1.0,,,,,,,
pinn_rich,random,5,400,0.30897504861078934,0.2606856428405485,1.0,0.0,0.0,20,0.11494252873563218,0.06896551724137931,0.09195402298850575,0.13793103448275862,,,,,,,
mean_of_samples,random,5,400,0.4967767582289119,0.46259175842176276,1.0,0.0,0.0,20,,,,,,,,,,,
nearest_sample,random,5,400,0.31131592195657554,0.2562351830353523,1.0,0.0,0.0,20,,,,,,,,,,,
decay_only,random,5,400,0.2160474125066842,0.17923947421023909,0.5555555555555556,0.5,0.5263157894736842,20,,,,,,,,,,,
simgp_core,random,6,400,0.05775427600379465,0.04270272962266449,1.0,0.85,0.9189189189189189,20,1.0,0.8837209302325582,1.0,1.0,0.7,1.0,0.0,1.15,0.9,1.05,0.85
simgp_core_nogp,random,6,400,0.08983685980085074,0.07947307395864739,1.0,0.65,0.787878787878788,20,0.9883720930232558,0.4069767441860465,0.9418604651162791,1.0,,,,,,,
simgp_core_g75,random,6,400,0.10897620795291665,0.08301266604502507,1.0,0.25,0.4,20,0.872093023255814,0.32558139534883723,0.6976744186046512,0.8953488372093024,,,,,,,
physgp_core,random,6,400,0.2276309457139953,0.17422638996202133,1.0,0.0,0.0,20,0.3372093023255814,0.11627906976744186,0.22093023255813954,0.4069767441860465,,,,,,,
physgp_rich,random,6,400,0.2590501594342458,0.19266941056905712,1.0,0.0,0.0,20,0.5465116279069767,0.23255813953488372,0.4883720930232558,0.6162790697674418,,,,,,,
simgp_rich,random,6,400,0.062146571575778825,0.04987131226328716,1.0,0.7,0.8235294117647058,20,1.0,0.7906976744186046,0.9883720930232558,1.0,,,,,,,
mean_of_samples,random,6,400,0.4453951544569062,0.4063262076323149,1.0,0.0,0.0,20,,,,,,,,,,,
nearest_sample,random,6,400,0.30782568570438945,0.251525703246398,1.0,0.0,0.0,20,,,,,,,,,,,
decay_only,random,6,400,0.3947357218788187,0.3551497363322461,1.0,0.0,0.0,20,,,,,,,,,,,
simgp_core,random,7,400,0.06557062743219011,0.04221666270919998,1.0,1.0,1.0,19,1.0,0.7058823529411765,0.9764705882352941,1.0,0.7,1.0,1.0,1.0,1.1,1.05,1.0
simgp_core_nogp,random,7,400,0.04995970406311024,0.03755583634526297,0.95,1.0,0.9743589743589743,19,0.9882352941176471,0.8588235294117647,0.9882352941176471,1.0,,,,,,,
simgp_core_g75,random,7,400,0.14122255854340343,0.06695788811775413,1.0,0.9473684210526315,0.972972972972973,19,0.8235294117647058,0.5294117647058824,0.6705882352941176,0.8705882352941177,,,,,,,
physgp_core,random,7,400,0.12377161561230199,0.10702381769823376,0.8571428571428571,0.3157894736842105,0.46153846153846156,19,0.25882352941176473,0.10588235294117647,0.2235294117647059,0.38823529411764707,,,,,,,
physgp_rich,random,7,400,0.12974329840998008,0.11184339279215846,0.8333333333333334,0.2631578947368421,0.39999999999999997,19,0.8823529411764706,0.43529411764705883,0.7529411764705882,0.9529411764705882,,,,,,,
simgp_rich,random,7,400,0.06804002877483889,0.04602896684048956,1.0,1.0,1.0,19,0.9882352941176471,0.7529411764705882,0.9411764705882353,1.0,,,,,,,
mean_of_samples,random,7,400,0.34951961422526123,0.30147296027671944,1.0,0.0,0.0,19,,,,,,,,,,,
nearest_sample,random,7,400,0.2042206528225573,0.1714865250202089,0.5555555555555556,0.7894736842105263,0.6521739130434783,19,,,,,,,,,,,
decay_only,random,7,400,0.25718401457048656,0.20915144614843545,0.16666666666666666,0.05263157894736842,0.08,19,,,,,,,,,,,
simgp_core,random,8,400,0.06568129821425941,0.042971568478137115,1.0,1.0,1.0,19,0.9880952380952381,0.7023809523809523,0.9761904761904762,1.0,0.7,1.0,0.5,1.0,1.1,1.05,1.0
simgp_core_nogp,random,8,400,0.04975133046369903,0.03728435616998573,0.95,1.0,0.9743589743589743,19,0.9880952380952381,0.8214285714285714,0.9880952380952381,1.0,,,,,,,
simgp_core_g75,random,8,400,0.1402698136435632,0.06323275230890267,1.0,0.9473684210526315,0.972972972972973,19,0.8095238095238095,0.5119047619047619,0.7738095238095238,0.8690476190476191,,,,,,,
physgp_core,random,8,400,0.15500269626297106,0.12706242297337705,0.8571428571428571,0.3157894736842105,0.46153846153846156,19,0.27380952380952384,0.13095238095238096,0.2261904761904762,0.2857142857142857,,,,,,,
physgp_rich,random,8,400,0.14544733212289399,0.1232235901781135,0.8333333333333334,0.2631578947368421,0.39999999999999997,19,0.6666666666666666,0.38095238095238093,0.5595238095238095,0.7619047619047619,,,,,,,
simgp_rich,random,8,400,0.06812571081469361,0.046466267227165466,1.0,1.0,1.0,19,0.9880952380952381,0.7261904761904762,0.9404761904761905,1.0,,,,,,,
pinn_rich,random,8,400,0.10355423329753075,0.08718267863435927,0.7,0.7368421052631579,0.717948717948718,19,0.32142857142857145,0.07142857142857142,0.20238095238095238,0.35714285714285715,,,,,,,
mean_of_samples,random,8,400,0.33319654334890125,0.2831403954257815,1.0,0.0,0.0,19,,,,,,,,,,,
nearest_sample,random,8,400,0.1236638708321153,0.09905406525058173,0.8823529411764706,0.7894736842105263,0.8333333333333333,19,,,,,,,,,,,
decay_only,random,8,400,0.25090070339795756,0.2016639126779841,0.16666666666666666,0.05263157894736842,0.08,19,,,,,,,,,,,
simgp_core,random,9,400,0.04967120515906891,0.036504124018447826,0.95,1.0,0.9743589743589743,19,0.9879518072289156,0.891566265060241,0.9759036144578314,1.0,0.7,1.0,0.5,1.0,1.1,1.05,1.0
simgp_core_nogp,random,9,400,0.05002458668247183,0.037930706836195156,0.95,1.0,0.9743589743589743,19,0.9879518072289156,0.7951807228915663,0.9759036144578314,0.9879518072289156,,,,,,,
simgp_core_g75,random,9,400,0.04847335199614736,0.03459424740601928,1.0,1.0,1.0,19,0.9518072289156626,0.8192771084337349,0.9156626506024096,0.963855421686747,,,,,,,
physgp_core,random,9,400,0.1761332113804656,0.14106655418660896,0.8571428571428571,0.3157894736842105,0.46153846153846156,19,0.4457831325301205,0.21686746987951808,0.2891566265060241,0.5301204819277109,,,,,,,
physgp_rich,random,9,400,0.14365813719814477,0.12247682077507874,0.8333333333333334,0.2631578947368421,0.39999999999999997,19,0.7108433734939759,0.3855421686746988,0.5783132530120482,0.7710843373493976,,,,,,,
simgp_rich,random,9,400,0.12586580719295717,0.0758827296755129,1.0,0.9473684210526315,0.972972972972973,19,0.9036144578313253,0.6987951807228916,0.8433734939759037,0.9518072289156626,,,,,,,
mean_of_samples,random,9,400,0.3126818479300724,0.25962265101261783,1.0,0.0,0.0,19,,,,,,,,,,,
nearest_sample,random,9,400,0.1232760333897962,0.10033470485066445,0.8823529411764706,0.7894736842105263,0.8333333333333333,19,,,,,,,,,,,
decay_only,random,9,400,0.25066503228039927,0.20117993105294324,0.2,0.05263157894736842,0.08333333333333333,19,,,,,,,,,,,
simgp_core,random,10,400,0.053494124799597094,0.039416304854968505,1.0,0.8333333333333334,0.9090909090909091,18,1.0,0.8170731707317073,0.9878048780487805,1.0,0.7,1.0,0.5,1.0,1.1,1.05,0.85
simgp_core_nogp,random,10,400,0.05232501308942317,0.03823587776879569,1.0,1.0,1.0,18,0.9878048780487805,0.6707317073170732,0.926829268292683,1.0,,,,,,,
simgp_core_g75,random,10,400,0.0516169867759638,0.04079589855384972,1.0,0.7222222222222222,0.8387096774193548,18,0.926829268292683,0.7804878048780488,0.9024390243902439,0.926829268292683,,,,,,,
physgp_core,random,10,400,0.10935539905456995,0.08725506616962922,0.9166666666666666,0.6111111111111112,0.7333333333333334,18,0.3780487804878049,0.10975609756097561,0.2926829268292683,0.45121951219512196,,,,,,,
physgp_rich,random,10,400,0.11296991138755784,0.09421434749305452,0.9230769230769231,0.6666666666666666,0.7741935483870968,18,0.926829268292683,0.5121951219512195,0.8536585365853658,0.9390243902439024,,,,,,,
simgp_rich,random,10,400,0.053951534785203564,0.03987877655151256,1.0,1.0,1.0,18,1.0,0.8658536585365854,0.9878048780487805,1.0,,,,,,,
pinn_rich,random,10,400,0.10561693423123514,0.08374311684405085,0.7222222222222222,0.7222222222222222,0.7222222222222222,18,0.4024390243902439,0.14634146341463414,0.35365853658536583,0.5121951219512195,,,,,,,
mean_of_samples,random,10,400,0.2788671689498816,0.2240744258925681,1.0,0.0,0.0,18,,,,,,,,,,,
nearest_sample,random,10,400,0.10134694056963638,0.07958856707947069,0.7368421052631579,0.7777777777777778,0.7567567567567567,18,,,,,,,,,,,
decay_only,random,10,400,0.219926807795774,0.1663284053455574,0.2,0.05555555555555555,0.08695652173913045,18,,,,,,,,,,,
simgp_core,random,11,400,0.051562653501901916,0.03796020936377709,1.0,0.8333333333333334,0.9090909090909091,18,1.0,0.8395061728395061,0.9876543209876543,1.0,0.55,1.0,0.5,1.0,1.1,1.05,0.85
simgp_core_nogp,random,11,400,0.05033155967300075,0.03719681096043946,1.0,1.0,1.0,18,0.9876543209876543,0.6790123456790124,0.9259259259259259,1.0,,,,,,,
simgp_core_g75,random,11,400,0.05260281553959748,0.040810438606001434,1.0,0.7222222222222222,0.8387096774193548,18,0.9259259259259259,0.7777777777777778,0.9012345679012346,0.9259259259259259,,,,,,,
physgp_core,random,11,400,0.08433820350909711,0.06897310660457032,1.0,0.8333333333333334,0.9090909090909091,18,0.5185185185185185,0.1728395061728395,0.35802469135802467,0.5432098765432098,,,,,,,
physgp_rich,random,11,400,0.07602658592539155,0.0629796525739566,1.0,0.9444444444444444,0.9714285714285714,18,0.9753086419753086,0.6790123456790124,0.9506172839506173,0.9753086419753086,,,,,,,
simgp_rich,random,11,400,0.04938713014018547,0.03673283258885076,1.0,1.0,1.0,18,1.0,0.9506172839506173,0.9876543209876543,1.0,,,,,,,
mean_of_samples,random,11,400,0.26878033460744083,0.21254371169393285,1.0,0.0,0.0,18,,,,,,,,,,,
nearest_sample,random,11,400,0.10899818624213006,0.08644488463316981,0.7368421052631579,0.7777777777777778,0.7567567567567567,18,,,,,,,,,,,
decay_only,random,11,400,0.22109607139357587,0.16777723740635764,0.2,0.05555555555555555,0.08695652173913045,18,,,,,,,,,,,
simgp_core,random,12,400,0.04826895664411264,0.03951021623516464,1.0,0.7222222222222222,0.8387096774193548,18,0.9875,0.7125,0.9625,1.0,0.55,1.0,0.5,1.0,1.1,1.05,0.75
simgp_core_nogp,random,12,400,0.04893995684919221,0.03594094747418093,1.0,1.0,1.0,18,0.9875,0.6875,0.9375,1.0,,,,,,,
simgp_core_g75,random,12,400,0.044666742459376886,0.03635309436639258,1.0,0.7222222222222222,0.8387096774193548,18,0.9125,0.775,0.8875,0.925,,,,,,,
physgp_core,random,12,400,0.08731088504126575,0.07141987759479039,1.0,0.8333333333333334,0.9090909090909091,18,0.4125,0.1125,0.2625,0.5125,,,,,,,
physgp_rich,random,12,400,0.07481554578743735,0.061495752281992534,1.0,1.0,1.0,18,0.9625,0.6375,0.95,0.975,,,,,,,
simgp_rich,random,12,400,0.05036633659348778,0.03766391444308489,1.0,1.0,1.0,18,1.0,0.875,0.975,1.0,,,,,,,
pinn_rich,random,12,400,0.10249902000076598,0.0790551193524034,0.7222222222222222,0.7222222222222222,0.7222222222222222,18,0.425,0.2,0.4,0.4875,,,,,,,
mean_of_samples,random,12,400,0.2811856011209211,0.22560823654452555,1.0,0.0,0.0,18,,,,,,,,,,,
nearest_sample,random,12,400,0.11067785418701546,0.08777839945063157,0.7368421052631579,0.7777777777777778,0.7567567567567567,18,,,,,,,,,,,
decay_only,random,12,400,0.22692018844542233,0.1733295127316159,0.2,0.05555555555555555,0.08695652173913045,18,,,,,,,,,,,
simgp_core,random,13,400,0.049782445380524995,0.0392894317721933,1.0,0.7777777777777778,0.8750000000000001,18,0.9873417721518988,0.810126582278481,0.9873417721518988,1.0,0.55,1.0,0.5,1.0,1.1,1.05,0.8
simgp_core_nogp,random,13,400,0.05354296036641776,0.04099087099518859,1.0,0.9444444444444444,0.9714285714285714,18,0.9620253164556962,0.6455696202531646,0.7974683544303798,1.0,,,,,,,
simgp_core_g75,random,13,400,0.06377092582236435,0.055302083923318625,1.0,0.7222222222222222,0.8387096774193548,18,0.6455696202531646,0.31645569620253167,0.5443037974683544,0.7088607594936709,,,,,,,
physgp_core,random,13,400,0.08969162477898102,0.07405503845329546,1.0,0.6666666666666666,0.8,18,0.21518987341772153,0.11392405063291139,0.12658227848101267,0.26582278481012656,,,,,,,
physgp_rich,random,13,400,0.11530696779558686,0.09833318921903156,1.0,0.5555555555555556,0.7142857142857143,18,0.8987341772151899,0.35443037974683544,0.6835443037974683,0.9367088607594937,,,,,,,
simgp_rich,random,13,400,0.055938033869442995,0.042047892003563014,1.0,1.0,1.0,18,1.0,0.6708860759493671,0.9367088607594937,1.0,,,,,,,
mean_of_samples,random,13,400,0.2686627997629576,0.21119214621460697,1.0,0.0,0.0,18,,,,,,,,,,,
nearest_sample,random,13,400,0.1142861489189421,0.09181696006826551,1.0,0.6111111111111112,0.7586206896551725,18,,,,,,,,,,,
decay_only,random,13,400,0.2210804769691375,0.16650353056093484,0.2,0.05555555555555555,0.08695652173913045,18,,,,,,,,,,,
simgp_core,random,14,400,0.052543154134281365,0.041559362534263226,1.0,0.7777777777777778,0.8750000000000001,18,0.9871794871794872,0.7692307692307693,0.9871794871794872,1.0,0.55,1.0,0.5,1.0,1.1,1.05,0.8
simgp_core_nogp,random,14,400,0.05350426523884912,0.04098860659944428,1.0,0.9444444444444444,0.9714285714285714,18,0.9615384615384616,0.6282051282051282,0.7692307692307693,1.0,,,,,,,
simgp_core_g75,random,14,400,0.06708066443747124,0.05615553295688452,0.9285714285714286,0.7222222222222222,0.8125000000000001,18,0.5512820512820513,0.2692307692307692,0.48717948717948717,0.6282051282051282,,,,,,,
physgp_core,random,14,400,0.09318061164827264,0.07384189811073345,1.0,0.6666666666666666,0.8,18,0.34615384615384615,0.14102564102564102,0.2692307692307692,0.38461538461538464,,,,,,,
physgp_rich,random,14,400,0.09625430209946888,0.07877958363381081,1.0,0.5555555555555556,0.7142857142857143,18,0.9358974358974359,0.38461538461538464,0.7948717948717948,0.9358974358974359,,,,,,,
simgp_rich,random,14,400,0.05754993343734543,0.044121515373619434,1.0,0.9444444444444444,0.9714285714285714,18,1.0,0.6538461538461539,0.8717948717948718,1.0,,,,,,,
mean_of_samples,random,14,400,0.27055870398634374,0.21410175393173456,1.0,0.0,0.0,18,,,,,,,,,,,
nearest_sample,random,14,400,0.11193104375378851,0.0904332865374664,1.0,0.6111111111111112,0.7586206896551725,18,,,,,,,,,,,
decay_only,random,14,400,0.22344743060767397,0.1691297512600531,0.2,0.05555555555555555,0.08695652173913045,18,,,,,,,,,,,
simgp_core,random,15,400,0.05160449563283069,0.04248632702333318,1.0,0.8333333333333334,0.9090909090909091,18,0.987012987012987,0.7012987012987013,0.935064935064935,0.987012987012987,0.55,1.0,0.5,1.0,1.1,1.05,0.85
simgp_core_nogp,random,15,400,0.05232830735093519,0.03975929892668913,1.0,0.9444444444444444,0.9714285714285714,18,0.9090909090909091,0.6103896103896104,0.7662337662337663,0.974025974025974,,,,,,,
simgp_core_g75,random,15,400,0.05869714559657226,0.046727026816891,0.9285714285714286,0.7222222222222222,0.8125000000000001,18,0.6623376623376623,0.38961038961038963,0.6103896103896104,0.7922077922077922,,,,,,,
physgp_core,random,15,400,0.09084190610293515,0.07113905786006365,1.0,0.9444444444444444,0.9714285714285714,18,0.4675324675324675,0.15584415584415584,0.36363636363636365,0.4805194805194805,,,,,,,
physgp_rich,random,15,400,0.07201633008712051,0.05602020397813426,1.0,0.9444444444444444,0.9714285714285714,18,0.935064935064935,0.5194805194805194,0.8701298701298701,0.948051948051948,,,,,,,
simgp_rich,random,15,400,0.05801937214485311,0.044561643825708395,1.0,1.0,1.0,18,1.0,0.6363636363636364,0.8181818181818182,1.0,,,,,,,
pinn_rich,random,15,400,0.0880700855929256,0.07009091652722155,1.0,0.5,0.6666666666666666,18,0.38961038961038963,0.14285714285714285,0.3116883116883117,0.42857142857142855,,,,,,,
mean_of_samples,random,15,400,0.2592050367034933,0.20035768341467491,1.0,0.0,0.0,18,,,,,,,,,,,
nearest_sample,random,15,400,0.11045490244793787,0.08945078388063302,1.0,0.4444444444444444,0.6153846153846153,18,,,,,,,,,,,
decay_only,random,15,400,0.2193716195272587,0.1634923119309686,0.2,0.05555555555555555,0.08695652173913045,18,,,,,,,,,,,
simgp_core,uncertainty,3,400,0.07922125008962326,0.05722102845774187,0.9411764705882353,0.8,0.8648648648648648,20,1.0,0.8089887640449438,1.0,1.0,0.25,1.5,0.5,1.15,0.9,1.1,0.8
simgp_core,uncertainty,4,400,0.052674990549152895,0.041506735711152216,1.0,0.85,0.9189189189189189,20,1.0,0.875,1.0,1.0,0.1,1.5,1.0,1.0,1.1,1.1,0.85
simgp_core,uncertainty,5,400,0.04342061057156411,0.03141668110366592,1.0,1.0,1.0,19,1.0,0.8160919540229885,0.9885057471264368,1.0,0.25,1.0,1.0,0.85,0.9,1.05,1.0
simgp_core,uncertainty,6,400,0.04066618278098927,0.0306824212696647,1.0,1.0,1.0,19,1.0,0.8604651162790697,0.9883720930232558,1.0,0.4,1.5,1.0,1.0,1.1,1.1,1.0
simgp_core,uncertainty,7,400,0.044923961312837775,0.032601442816437225,1.0,1.0,1.0,18,1.0,0.7176470588235294,1.0,1.0,0.25,1.0,1.0,0.85,1.0,1.05,1.0
simgp_core,uncertainty,8,400,0.05331119117445899,0.04165093121588985,1.0,0.8235294117647058,0.9032258064516129,17,1.0,0.6428571428571429,0.9642857142857143,1.0,0.25,1.0,1.0,0.85,1.1,1.05,0.85
simgp_core,uncertainty,9,400,0.05032631085483665,0.03600957395843817,1.0,1.0,1.0,16,1.0,0.6867469879518072,0.8433734939759037,1.0,0.25,1.0,1.0,0.85,1.1,1.05,1.0
simgp_core,uncertainty,10,400,0.046682590864992664,0.03304149110172136,1.0,1.0,1.0,16,1.0,0.6951219512195121,0.8780487804878049,1.0,0.25,1.0,1.0,0.85,1.1,1.05,1.0
simgp_core,uncertainty,11,400,0.042685641311073795,0.031978075944672224,1.0,1.0,1.0,15,1.0,0.6419753086419753,0.9876543209876543,1.0,0.25,1.0,1.0,0.85,1.1,1.05,1.0
simgp_core,uncertainty,12,400,0.041748835972635234,0.03108804413299973,0.9333333333333333,1.0,0.9655172413793104,14,1.0,0.675,1.0,1.0,0.25,1.0,1.0,0.85,1.1,1.05,1.0
simgp_core,uncertainty,13,400,0.04185951987635099,0.03163370576148175,0.9285714285714286,1.0,0.962962962962963,13,1.0,0.6708860759493671,1.0,1.0,0.25,1.0,1.0,0.85,1.1,1.05,1.0
simgp_core,uncertainty,14,400,0.043657439633159115,0.03249928574423057,0.9230769230769231,1.0,0.9600000000000001,12,1.0,0.6538461538461539,0.9487179487179487,1.0,0.25,1.0,1.0,0.85,1.1,1.05,1.0
simgp_core,uncertainty,15,400,0.04521170325811669,0.03352608532922416,0.9230769230769231,1.0,0.9600000000000001,12,1.0,0.6233766233766234,0.8831168831168831,1.0,0.25,1.0,1.0,0.85,1.1,1.05,1.0
simgp_core,straddle,3,400,0.0789977046376406,0.056474143013765084,0.9411764705882353,0.8,0.8648648648648648,20,1.0,0.797752808988764,1.0,1.0,0.25,1.5,0.0,1.15,0.9,1.1,0.8
simgp_core,straddle,4,400,0.0563131616870513,0.04249921781372835,1.0,0.6,0.7499999999999999,20,1.0,0.9545454545454546,1.0,1.0,0.7,1.0,0.5,1.15,0.9,1.05,0.6
simgp_core,straddle,5,400,0.0886636548296914,0.07597427468295798,1.0,0.6,0.7499999999999999,20,1.0,0.5402298850574713,0.9655172413793104,1.0,0.1,1.0,1.0,1.0,1.1,1.0,0.6
simgp_core,straddle,6,400,0.060190359826232366,0.05116661075660438,1.0,0.631578947368421,0.7741935483870968,19,1.0,0.5697674418604651,0.9186046511627907,1.0,0.1,1.0,1.0,1.0,1.1,1.0,0.65
simgp_core,straddle,7,400,0.05033971169968264,0.04026043356424195,1.0,0.8333333333333334,0.9090909090909091,18,1.0,0.6352941176470588,0.9529411764705882,1.0,0.25,1.0,1.0,1.0,1.1,1.0,0.85
simgp_core,straddle,8,400,0.05169279075273615,0.04024553611856061,1.0,0.9411764705882353,0.9696969696969697,17,1.0,0.7619047619047619,1.0,1.0,0.25,1.0,1.0,1.0,1.1,1.0,0.95
simgp_core,straddle,9,400,0.051635476495425825,0.04024946552753645,1.0,0.9375,0.967741935483871,16,1.0,0.7349397590361446,0.9879518072289156,1.0,0.1,1.0,1.0,0.85,1.0,1.05,0.95
simgp_core,straddle,10,400,0.0460715984746863,0.03618327296337463,1.0,1.0,1.0,15,1.0,0.8048780487804879,0.9634146341463414,1.0,0.1,1.0,1.0,0.85,1.0,1.0,1.0
simgp_core,straddle,11,400,0.04767880477033674,0.03756159814591208,1.0,1.0,1.0,15,1.0,0.7283950617283951,0.9629629629629629,1.0,0.1,1.0,1.0,0.85,1.0,1.05,1.0
simgp_core,straddle,12,400,0.046333490648808776,0.036497519252603014,1.0,1.0,1.0,14,1.0,0.7,0.975,1.0,0.1,1.0,1.0,0.85,1.0,1.05,1.0
simgp_core,straddle,13,400,0.04943278934432392,0.03857051627529978,1.0,1.0,1.0,13,0.9873417721518988,0.7088607594936709,0.9620253164556962,1.0,0.7,1.0,1.0,1.0,1.1,1.1,1.0
simgp_core,straddle,14,400,0.06570634188176752,0.05321141552960226,1.0,1.0,1.0,13,0.8974358974358975,0.5,0.8205128205128205,0.8974358974358975,0.55,1.0,1.0,1.0,1.1,1.05,1.0
simgp_core,straddle,15,400,0.04398635527399141,0.03599740875362201,1.0,1.0,1.0,12,1.0,0.8961038961038961,0.974025974025974,1.0,0.55,1.0,1.0,1.0,1.1,1.05,1.0
simgp_core,random,3,401,0.057113427367528107,0.04186514178056747,1.0,0.75,0.8571428571428571,12,1.0,0.9325842696629213,0.9887640449438202,1.0,0.7,0.6,0.0,1.0,1.1,0.95,0.7857142857142857
simgp_core_nogp,random,3,401,0.0492963031574346,0.03715565336755893,0.9166666666666666,0.9166666666666666,0.9166666666666666,12,1.0,0.7865168539325843,1.0,1.0,,,,,,,
simgp_core_g75,random,3,401,0.04913240432112683,0.03703067029389717,0.6875,0.9166666666666666,0.7857142857142857,12,0.898876404494382,0.5955056179775281,0.8651685393258427,0.9213483146067416,,,,,,,
physgp_core,random,3,401,0.3153422809721227,0.2505441841286666,0.5714285714285714,0.6666666666666666,0.6153846153846153,12,0.056179775280898875,0.011235955056179775,0.02247191011235955,0.056179775280898875,,,,,,,
physgp_rich,random,3,401,0.31534815889815154,0.25062833809422724,0.5714285714285714,0.6666666666666666,0.6153846153846153,12,0.056179775280898875,0.011235955056179775,0.0449438202247191,0.056179775280898875,,,,,,,
simgp_rich,random,3,401,0.05085975631491921,0.037223598943867904,0.9166666666666666,0.9166666666666666,0.9166666666666666,12,1.0,0.9438202247191011,0.9775280898876404,1.0,,,,,,,
pinn_rich,random,3,401,0.3807984062560257,0.30055722610633473,0.1509433962264151,0.6666666666666666,0.24615384615384617,12,0.15730337078651685,0.06741573033707865,0.11235955056179775,0.16853932584269662,,,,,,,
mean_of_samples,random,3,401,0.4001921095726917,0.3222877808473555,0.1348314606741573,1.0,0.23762376237623764,12,,,,,,,,,,,
nearest_sample,random,3,401,0.32521151470230414,0.25150593937650806,0.5,0.08333333333333333,0.14285714285714285,12,,,,,,,,,,,
decay_only,random,3,401,0.3153481589062018,0.2506283382847993,0.5714285714285714,0.6666666666666666,0.6153846153846153,12,,,,,,,,,,,
simgp_core,random,4,401,0.06350806620932967,0.045668425840558885,1.0,0.6666666666666666,0.8,12,0.9886363636363636,0.6818181818181818,0.9545454545454546,0.9886363636363636,0.7,0.6,0.0,1.0,1.1,0.95,0.7142857142857143
simgp_core_nogp,random,4,401,0.05135170738628529,0.038223376631882015,0.9166666666666666,0.9166666666666666,0.9166666666666666,12,1.0,0.7613636363636364,1.0,1.0,,,,,,,
simgp_core_g75,random,4,401,0.051322848346422624,0.03927835278519107,0.6875,0.9166666666666666,0.7857142857142857,12,0.7727272727272727,0.5227272727272727,0.6363636363636364,0.8636363636363636,,,,,,,
physgp_core,random,4,401,0.19473636480997172,0.11938713009685568,0.5714285714285714,0.6666666666666666,0.6153846153846153,12,0.6136363636363636,0.3181818181818182,0.5454545454545454,0.6818181818181818,,,,,,,
physgp_rich,random,4,401,0.2451256642071916,0.18629278087908532,0.5714285714285714,0.6666666666666666,0.6153846153846153,12,0.6022727272727273,0.18181818181818182,0.42045454545454547,0.7045454545454546,,,,,,,
simgp_rich,random,4,401,0.05163363201770617,0.03787361261272305,0.9166666666666666,0.9166666666666666,0.9166666666666666,12,1.0,0.9431818181818182,0.9886363636363636,1.0,,,,,,,
mean_of_samples,random,4,401,0.31760431040419496,0.24562980916595897,1.0,0.0,0.0,12,,,,,,,,,,,
nearest_sample,random,4,401,0.2333076779810171,0.17444137555393782,0.5,0.08333333333333333,0.14285714285714285,12,,,,,,,,,,,
decay_only,random,4,401,0.2457005907195872,0.1883606590129985,0.5714285714285714,0.6666666666666666,0.6153846153846153,12,,,,,,,,,,,
simgp_core,random,5,401,0.06372635886463641,0.045347064425996224,1.0,0.75,0.8571428571428571,12,0.9885057471264368,0.6551724137931034,0.9540229885057471,0.9885057471264368,0.7,0.6,0.0,1.0,1.1,0.95,0.7857142857142857
simgp_core_nogp,random,5,401,0.05138358245136869,0.03808364966853197,0.9166666666666666,0.9166666666666666,0.9166666666666666,12,1.0,0.7701149425287356,1.0,1.0,,,,,,,
simgp_core_g75,random,5,401,0.05124623062562317,0.039073785575297657,0.6875,0.9166666666666666,0.7857142857142857,12,0.7701149425287356,0.5287356321839081,0.6436781609195402,0.8620689655172413,,,,,,,
physgp_core,random,5,401,0.08723766340372893,0.06518351307962425,0.6,0.75,0.6666666666666665,12,0.4942528735632184,0.22988505747126436,0.42528735632183906,0.5862068965517241,,,,,,,
physgp_rich,random,5,401,0.17654940926252946,0.13972284481806893,0.5384615384615384,0.5833333333333334,0.5599999999999999,12,0.735632183908046,0.4367816091954023,0.6666666666666666,0.7471264367816092,,,,,,,
simgp_rich,random,5,401,0.06667887523399971,0.05072054365455818,1.0,0.75,0.8571428571428571,12,1.0,0.8275862068965517,0.9540229885057471,1.0,,,,,,,
pinn_rich,random,5,401,0.12544656269476917,0.08537944942790295,0.75,0.25,0.375,12,0.4367816091954023,0.14942528735632185,0.3448275862068966,0.5632183908045977,,,,,,,
mean_of_samples,random,5,401,0.2370357850516893,0.18938472514463542,1.0,0.0,0.0,12,,,,,,,,,,,
nearest_sample,random,5,401,0.22475849445233298,0.16922121179112073,0.5,0.08333333333333333,0.14285714285714285,12,,,,,,,,,,,
decay_only,random,5,401,0.16805269111844673,0.13112600562731191,0.5714285714285714,0.6666666666666666,0.6153846153846153,12,,,,,,,,,,,
simgp_core,random,6,401,0.04882372252689889,0.036898143247697635,0.9090909090909091,0.9090909090909091,0.9090909090909091,11,1.0,0.7790697674418605,1.0,1.0,0.7,0.6,1.0,0.85,1.1,1.05,0.9285714285714286
simgp_core_nogp,random,6,401,0.04883050265704733,0.03691122488695375,0.9090909090909091,0.9090909090909091,0.9090909090909091,11,1.0,0.7790697674418605,1.0,1.0,,,,,,,
simgp_core_g75,random,6,401,0.04898393323063057,0.03699295129795251,0.6875,1.0,0.8148148148148148,11,0.8023255813953488,0.5116279069767442,0.7093023255813954,0.8837209302325582,,,,,,,
physgp_core,random,6,401,0.1595796891018182,0.10703117017613858,0.5882352941176471,0.9090909090909091,0.7142857142857143,11,0.7906976744186046,0.5813953488372093,0.7558139534883721,0.8488372093023255,,,,,,,
physgp_rich,random,6,401,0.1994080444268638,0.15163132484359526,0.6,0.8181818181818182,0.6923076923076923,11,0.8372093023255814,0.5465116279069767,0.7790697674418605,0.8604651162790697,,,,,,,
simgp_rich,random,6,401,0.04884944945768123,0.036140521825756756,0.9090909090909091,0.9090909090909091,0.9090909090909091,11,1.0,0.9418604651162791,0.9883720930232558,1.0,,,,,,,
mean_of_samples,random,6,401,0.24267307272589048,0.1956441042289062,1.0,0.0,0.0,11,,,,,,,,,,,
nearest_sample,random,6,401,0.22516478494782718,0.1674245474428564,0.8,0.36363636363636365,0.5000000000000001,11,,,,,,,,,,,
decay_only,random,6,401,0.20169427480551652,0.15814947385368297,0.5714285714285714,0.7272727272727273,0.64,11,,,,,,,,,,,
simgp_core,random,7,401,0.050914661755575435,0.037868075646215915,0.9090909090909091,0.9090909090909091,0.9090909090909091,11,1.0,0.7647058823529411,1.0,1.0,0.7,0.6,1.0,0.85,1.1,1.05,0.9285714285714286
simgp_core_nogp,random,7,401,0.05089908983016004,0.03784520179431629,0.9090909090909091,0.9090909090909091,0.9090909090909091,11,1.0,0.7529411764705882,1.0,1.0,,,,,,,
simgp_core_g75,random,7,401,0.05253118944810853,0.04059846411708076,0.6875,1.0,0.8148148148148148,11,0.7411764705882353,0.4588235294117647,0.5529411764705883,0.8470588235294118,,,,,,,
physgp_core,random,7,401,0.127272401072613,0.09882009614439571,0.55,1.0,0.7096774193548387,11,0.3764705882352941,0.16470588235294117,0.3411764705882353,0.4117647058823529,,,,,,,
physgp_rich,random,7,401,0.1361421979578314,0.10283988197234396,0.55,1.0,0.7096774193548387,11,0.7529411764705882,0.5529411764705883,0.6941176470588235,0.7764705882352941,,,,,,,
simgp_rich,random,7,401,0.06524204085658039,0.04921824612614519,0.9,0.8181818181818182,0.8571428571428572,11,1.0,0.7058823529411765,0.9411764705882353,1.0,,,,,,,
mean_of_samples,random,7,401,0.23846463057247677,0.19145303093377838,1.0,0.0,0.0,11,,,,,,,,,,,
nearest_sample,random,7,401,0.22526336616584067,0.1683540397311169,0.8,0.36363636363636365,0.5000000000000001,11,,,,,,,,,,,
decay_only,random,7,401,0.1873547205407803,0.14646563941456364,0.5714285714285714,0.7272727272727273,0.64,11,,,,,,,,,,,
simgp_core,random,8,401,0.05134455350843265,0.03805119360181983,0.9090909090909091,0.9090909090909091,0.9090909090909091,11,1.0,0.7142857142857143,1.0,1.0,0.7,0.6,1.0,0.85,1.1,1.05,0.9285714285714286
simgp_core_nogp,random,8,401,0.05132696109803455,0.038021931789197584,0.9090909090909091,0.9090909090909091,0.9090909090909091,11,1.0,0.7023809523809523,1.0,1.0,,,,,,,
simgp_core_g75,random,8,401,0.04686445785709066,0.038038613618016866,0.6470588235294118,1.0,0.7857142857142858,11,0.8928571428571429,0.5833333333333334,0.8214285714285714,0.9047619047619048,,,,,,,
physgp_core,random,8,401,0.13596641637248597,0.10730828720798902,0.55,1.0,0.7096774193548387,11,0.2976190476190476,0.11904761904761904,0.23809523809523808,0.35714285714285715,,,,,,,
physgp_rich,random,8,401,0.1588190171149716,0.12069952455444674,0.55,1.0,0.7096774193548387,11,0.7142857142857143,0.40476190476190477,0.6666666666666666,0.7261904761904762,,,,,,,
simgp_rich,random,8,401,0.05180697400429672,0.038272979269065296,0.9090909090909091,0.9090909090909091,0.9090909090909091,11,1.0,0.9047619047619048,0.9880952380952381,1.0,,,,,,,
pinn_rich,random,8,401,0.12323578984725053,0.07919943679336557,1.0,0.36363636363636365,0.5333333333333333,11,0.5714285714285714,0.17857142857142858,0.5,0.6547619047619048,,,,,,,
mean_of_samples,random,8,401,0.2418196809334884,0.1948635726563279,1.0,0.0,0.0,11,,,,,,,,,,,
nearest_sample,random,8,401,0.22472234868377053,0.1656210864585307,0.8,0.36363636363636365,0.5000000000000001,11,,,,,,,,,,,
decay_only,random,8,401,0.19802245122169607,0.15522144133028748,0.5714285714285714,0.7272727272727273,0.64,11,,,,,,,,,,,
simgp_core,random,9,401,0.05123670950059151,0.03799105874087108,0.9090909090909091,0.9090909090909091,0.9090909090909091,11,1.0,0.7108433734939759,1.0,1.0,0.7,0.6,0.5,0.85,1.1,1.0,0.9285714285714286
simgp_core_nogp,random,9,401,0.05121912177368832,0.03795180699475982,0.9090909090909091,0.9090909090909091,0.9090909090909091,11,1.0,0.6987951807228916,1.0,1.0,,,,,,,
simgp_core_g75,random,9,401,0.0502330549365246,0.04059943369960235,0.6470588235294118,1.0,0.7857142857142858,11,0.8674698795180723,0.4939759036144578,0.7469879518072289,0.891566265060241,,,,,,,
physgp_core,random,9,401,0.13493450201767682,0.10661693914506215,0.55,1.0,0.7096774193548387,11,0.27710843373493976,0.10843373493975904,0.2289156626506024,0.2891566265060241,,,,,,,
physgp_rich,random,9,401,0.1483386407395421,0.11099285450516196,0.55,1.0,0.7096774193548387,11,0.6626506024096386,0.43373493975903615,0.6265060240963856,0.6867469879518072,,,,,,,
simgp_rich,random,9,401,0.05581878741947951,0.04153523117108802,0.9090909090909091,0.9090909090909091,0.9090909090909091,11,1.0,0.7951807228915663,0.9879518072289156,1.0,,,,,,,
mean_of_samples,random,9,401,0.2447978901055589,0.19797653397669626,1.0,0.0,0.0,11,,,,,,,,,,,
nearest_sample,random,9,401,0.22403637679125193,0.16241019345478472,0.8,0.36363636363636365,0.5000000000000001,11,,,,,,,,,,,
decay_only,random,9,401,0.20358755604966733,0.16032814411320737,0.5714285714285714,0.7272727272727273,0.64,11,,,,,,,,,,,
simgp_core,random,10,401,0.05088482751748882,0.03783947587213878,0.9090909090909091,0.9090909090909091,0.9090909090909091,11,1.0,0.7439024390243902,1.0,1.0,0.7,0.6,0.5,0.85,1.1,1.0,0.9285714285714286
simgp_core_nogp,random,10,401,0.05088828007785363,0.0378205357176148,0.9090909090909091,0.9090909090909091,0.9090909090909091,11,1.0,0.6951219512195121,1.0,1.0,,,,,,,
simgp_core_g75,random,10,401,0.05162439626261875,0.0406826429779978,0.6470588235294118,1.0,0.7857142857142858,11,0.8658536585365854,0.45121951219512196,0.7804878048780488,0.9024390243902439,,,,,,,
physgp_core,random,10,401,0.13180843138845455,0.10126829088599701,0.55,1.0,0.7096774193548387,11,0.4634146341463415,0.1951219512195122,0.3902439024390244,0.5487804878048781,,,,,,,
physgp_rich,random,10,401,0.15494112767045695,0.1152228477055324,0.55,1.0,0.7096774193548387,11,0.5609756097560976,0.3048780487804878,0.47560975609756095,0.6219512195121951,,,,,,,
simgp_rich,random,10,401,0.05658474529649075,0.04316455234228295,1.0,0.9090909090909091,0.9523809523809523,11,1.0,0.7682926829268293,0.975609756097561,1.0,,,,,,,
pinn_rich,random,10,401,0.12420842515918588,0.08040977215948845,1.0,0.45454545454545453,0.625,11,0.524390243902439,0.2073170731707317,0.4024390243902439,0.6341463414634146,,,,,,,
mean_of_samples,random,10,401,0.24517915193542061,0.19870412025700648,1.0,0.0,0.0,11,,,,,,,,,,,
nearest_sample,random,10,401,0.2175401445507699,0.1477132850239685,0.8,0.36363636363636365,0.5000000000000001,11,,,,,,,,,,,
decay_only,random,10,401,0.20247822547516434,0.15978404483304556,0.5714285714285714,0.7272727272727273,0.64,11,,,,,,,,,,,
simgp_core,random,11,401,0.04999850248979562,0.03698386841633008,0.9090909090909091,0.9090909090909091,0.9090909090909091,11,1.0,0.7777777777777778,1.0,1.0,0.7,0.6,0.5,0.85,1.1,1.0,0.9285714285714286
simgp_core_nogp,random,11,401,0.05003044406875538,0.03699437199469673,0.9090909090909091,0.9090909090909091,0.9090909090909091,11,1.0,0.7037037037037037,1.0,1.0,,,,,,,
simgp_core_g75,random,11,401,0.06255728579932819,0.048934191365942875,0.6470588235294118,1.0,0.7857142857142858,11,0.8148148148148148,0.345679012345679,0.7160493827160493,0.9012345679012346,,,,,,,
physgp_core,random,11,401,0.1437186161592795,0.08272410061226382,0.6111111111111112,1.0,0.7586206896551725,11,0.6666666666666666,0.3333333333333333,0.5432098765432098,0.6790123456790124,,,,,,,
physgp_rich,random,11,401,0.1788592545341519,0.1194531958145458,0.5882352941176471,0.9090909090909091,0.7142857142857143,11,0.6790123456790124,0.3333333333333333,0.5802469135802469,0.7654320987654321,,,,,,,
simgp_rich,random,11,401,0.05560732997395385,0.0447728417412408,1.0,0.9090909090909091,0.9523809523809523,11,1.0,0.6790123456790124,0.9753086419753086,1.0,,,,,,,
mean_of_samples,random,11,401,0.24423632356344674,0.19772625619415854,1.0,0.0,0.0,11,,,,,,,,,,,
nearest_sample,random,11,401,0.2170383380895202,0.14564714254112143,0.8,0.36363636363636365,0.5000000000000001,11,,,,,,,,,,,
decay_only,random,11,401,0.19453300953882,0.1530656145830923,0.5714285714285714,0.7272727272727273,0.64,11,,,,,,,,,,,
simgp_core,random,12,401,0.047369583373912005,0.036246183910744745,0.9,0.9,0.9,10,1.0,0.7375,0.9875,1.0,0.4,0.6,0.5,0.85,1.1,0.95,0.9285714285714286
simgp_core_nogp,random,12,401,0.04739884906003351,0.036244136078006604,1.0,0.9,0.9473684210526316,10,1.0,0.6875,0.9875,1.0,,,,,,,
simgp_core_g75,random,12,401,0.05518888181042832,0.04192272585907163,0.6428571428571429,0.9,0.75,10,0.5625,0.525,0.55,0.7125,,,,,,,
physgp_core,random,12,401,0.09085082656419415,0.06745984159737325,0.5714285714285714,0.8,0.6666666666666666,10,0.7875,0.525,0.6875,0.8,,,,,,,
physgp_rich,random,12,401,0.17862135530255188,0.1325303843254236,0.5384615384615384,0.7,0.608695652173913,10,0.8375,0.3375,0.6875,0.85,,,,,,,
simgp_rich,random,12,401,0.04633551922614672,0.03670356088510825,1.0,0.9,0.9473684210526316,10,1.0,0.9375,1.0,1.0,,,,,,,
pinn_rich,random,12,401,0.14966847487255427,0.10118063248423481,1.0,0.4,0.5714285714285715,10,0.55,0.225,0.425,0.6125,,,,,,,
mean_of_samples,random,12,401,0.24837284709923274,0.2005059128071977,1.0,0.0,0.0,10,,,,,,,,,,,
nearest_sample,random,12,401,0.21809657273643313,0.14620111396520868,0.75,0.3,0.4285714285714285,10,,,,,,,,,,,
decay_only,random,12,401,0.20178239383207572,0.15844531405471635,0.5,0.6,0.5454545454545454,10,,,,,,,,,,,
simgp_core,random,13,401,0.048428677683298164,0.03695536567344936,1.0,0.9,0.9473684210526316,10,1.0,0.6962025316455697,0.9873417721518988,1.0,0.4,0.6,0.5,0.85,1.1,0.95,0.9285714285714286
simgp_core_nogp,random,13,401,0.04846351385099303,0.03695564616063718,1.0,0.9,0.9473684210526316,10,1.0,0.6708860759493671,0.9873417721518988,1.0,,,,,,,
simgp_core_g75,random,13,401,0.0567719224541094,0.04368140996461657,0.6428571428571429,0.9,0.75,10,0.5443037974683544,0.43037974683544306,0.5443037974683544,0.5949367088607594,,,,,,,
physgp_core,random,13,401,0.09061734147832205,0.06696382127450891,0.5714285714285714,0.8,0.6666666666666666,10,0.7721518987341772,0.5316455696202531,0.6708860759493671,0.7848101265822784,,,,,,,
physgp_rich,random,13,401,0.1792976060851478,0.13327355662014853,0.5384615384615384,0.7,0.608695652173913,10,0.7848101265822784,0.31645569620253167,0.620253164556962,0.8227848101265823,,,,,,,
simgp_rich,random,13,401,0.04846368724494899,0.036955936766043654,1.0,0.9,0.9473684210526316,10,1.0,0.6708860759493671,0.9873417721518988,1.0,,,,,,,
mean_of_samples,random,13,401,0.24965306769740084,0.20268828338049183,1.0,0.0,0.0,10,,,,,,,,,,,
nearest_sample,random,13,401,0.2187838611594764,0.14577693913172574,0.75,0.3,0.4285714285714285,10,,,,,,,,,,,
decay_only,random,13,401,0.2036447694089465,0.1607642337088709,0.5,0.6,0.5454545454545454,10,,,,,,,,,,,
simgp_core,random,14,401,0.06952636800783608,0.0469205791006064,0.875,0.7777777777777778,0.823529411764706,9,1.0,0.6282051282051282,0.9871794871794872,1.0,0.55,0.6,0.5,0.85,1.1,1.0,0.8571428571428571
simgp_core_nogp,random,14,401,0.06956029786133361,0.04694929242037434,0.875,0.7777777777777778,0.823529411764706,9,1.0,0.5641025641025641,0.9487179487179487,1.0,,,,,,,
simgp_core_g75,random,14,401,0.045333665514793786,0.036461578295175705,0.75,1.0,0.8571428571428571,9,0.8846153846153846,0.6923076923076923,0.8589743589743589,0.8974358974358975,,,,,,,
physgp_core,random,14,401,0.16876545143431917,0.08855242403595799,0.45454545454545453,0.5555555555555556,0.5,9,0.7564102564102564,0.5128205128205128,0.7307692307692307,0.782051282051282,,,,,,,
physgp_rich,random,14,401,0.2101606161052304,0.1360208331330963,0.5454545454545454,0.6666666666666666,0.6,9,0.8717948717948718,0.38461538461538464,0.7564102564102564,0.8974358974358975,,,,,,,
simgp_rich,random,14,401,0.06956020127024062,0.0469489280773568,0.875,0.7777777777777778,0.823529411764706,9,1.0,0.6282051282051282,0.9871794871794872,1.0,,,,,,,
mean_of_samples,random,14,401,0.2561752870959666,0.2059827716005134,1.0,0.0,0.0,9,,,,,,,,,,,
nearest_sample,random,14,401,0.17425887970541967,0.11397924486439515,0.7777777777777778,0.7777777777777778,0.7777777777777778,9,,,,,,,,,,,
decay_only,random,14,401,0.23597622806103088,0.18329300187513192,0.5,0.5555555555555556,0.5263157894736842,9,,,,,,,,,,,
simgp_core,random,15,401,0.06918698559465797,0.046068540434336495,0.875,0.7777777777777778,0.823529411764706,9,1.0,0.6233766233766234,0.987012987012987,1.0,0.55,0.6,0.5,0.85,1.1,1.0,0.8571428571428571
simgp_core_nogp,random,15,401,0.06930498747641506,0.0462063936669979,0.875,0.7777777777777778,0.823529411764706,9,1.0,0.5974025974025974,0.948051948051948,1.0,,,,,,,
simgp_core_g75,random,15,401,0.04143525292312036,0.03428013010586994,0.75,1.0,0.8571428571428571,9,0.922077922077922,0.6883116883116883,0.8701298701298701,0.935064935064935,,,,,,,
physgp_core,random,15,401,0.12184747935854041,0.07030080157732711,0.5,0.5555555555555556,0.5263157894736842,9,0.7532467532467533,0.5454545454545454,0.7402597402597403,0.7532467532467533,,,,,,,
physgp_rich,random,15,401,0.15805232073406417,0.1082846710758571,0.5833333333333334,0.7777777777777778,0.6666666666666666,9,0.8441558441558441,0.5064935064935064,0.8051948051948052,0.8441558441558441,,,,,,,
simgp_rich,random,15,401,0.06928069389307902,0.04617249479162243,0.875,0.7777777777777778,0.823529411764706,9,1.0,0.6233766233766234,1.0,1.0,,,,,,,
pinn_rich,random,15,401,0.06983492927300211,0.05154139500339929,0.8181818181818182,1.0,0.9,9,0.6753246753246753,0.2597402597402597,0.5844155844155844,0.7402597402597403,,,,,,,
mean_of_samples,random,15,401,0.2324928249765869,0.19085355443094376,1.0,0.0,0.0,9,,,,,,,,,,,
nearest_sample,random,15,401,0.14672979328612368,0.0970489803292151,0.7777777777777778,0.7777777777777778,0.7777777777777778,9,,,,,,,,,,,
decay_only,random,15,401,0.20651361368237856,0.16333456180152026,0.5,0.5555555555555556,0.5263157894736842,9,,,,,,,,,,,
simgp_core,uncertainty,3,401,0.0600128363361227,0.044666345639048415,1.0,0.75,0.8571428571428571,12,0.9887640449438202,0.9550561797752809,0.9887640449438202,1.0,0.7,0.6,0.0,1.0,1.1,0.9,0.7857142857142857
simgp_core,uncertainty,4,401,0.07935708457952177,0.055252617332948215,0.9166666666666666,0.9166666666666666,0.9166666666666666,12,0.9886363636363636,0.7272727272727273,0.9431818181818182,1.0,0.25,1.0,0.0,1.0,1.0,1.1,0.9285714285714286
simgp_core,uncertainty,5,401,0.07838776405388406,0.05747894324454928,0.8888888888888888,0.7272727272727273,0.7999999999999999,11,0.9885057471264368,0.8045977011494253,0.9425287356321839,1.0,0.1,1.0,0.0,1.0,1.0,1.05,0.7857142857142857
simgp_core,uncertainty,6,401,0.047006977453859136,0.03978296300919547,0.875,0.7,0.7777777777777777,10,0.9883720930232558,0.9534883720930233,0.9883720930232558,1.0,0.1,1.0,0.0,1.0,1.0,1.1,0.7857142857142857
simgp_core,uncertainty,7,401,0.07847496078327315,0.06390146785885105,1.0,0.8,0.888888888888889,10,0.9882352941176471,0.7176470588235294,0.9764705882352941,0.9882352941176471,0.1,1.0,0.0,1.0,1.0,1.1,0.8571428571428571
simgp_core,uncertainty,8,401,0.0866111473443132,0.06977030860512358,1.0,0.7777777777777778,0.8750000000000001,9,0.9880952380952381,0.6666666666666666,0.9761904761904762,0.9880952380952381,0.1,1.0,0.0,1.0,1.0,1.05,0.8571428571428571
simgp_core,uncertainty,9,401,0.08185095344424766,0.06245671689899262,1.0,0.7777777777777778,0.8750000000000001,9,0.9879518072289156,0.7228915662650602,0.9759036144578314,0.9879518072289156,0.1,1.0,0.0,1.0,1.0,1.0,0.8571428571428571
simgp_core,uncertainty,10,401,0.08055187610132078,0.06116083269862814,1.0,0.7777777777777778,0.8750000000000001,9,0.9878048780487805,0.6951219512195121,0.975609756097561,0.9878048780487805,0.1,1.0,0.0,1.0,1.0,1.0,0.8571428571428571
simgp_core,uncertainty,11,401,0.07516856462276568,0.05631731188048141,1.0,0.7777777777777778,0.8750000000000001,9,0.9876543209876543,0.691358024691358,0.9753086419753086,0.9876543209876543,0.1,1.0,0.0,1.0,1.0,1.0,0.8571428571428571
simgp_core,uncertainty,12,401,0.09486144263847325,0.0769667953852452,1.0,0.7777777777777778,0.8750000000000001,9,0.9875,0.6125,0.925,0.9875,0.1,1.0,0.0,1.0,1.0,1.0,0.8571428571428571
simgp_core,uncertainty,13,401,0.047241906567359535,0.03922736818111195,0.8,1.0,0.888888888888889,8,0.9873417721518988,0.5189873417721519,0.9746835443037974,0.9873417721518988,0.1,1.0,0.0,1.0,1.0,1.05,1.0
simgp_core,uncertainty,14,401,0.05297722300072509,0.04410907832225456,0.6363636363636364,1.0,0.7777777777777778,7,0.9871794871794872,0.44871794871794873,0.8717948717948718,0.9871794871794872,0.1,1.0,0.0,1.15,1.1,1.0,1.0
simgp_core,uncertainty,15,401,0.05754958842438612,0.04878036521509848,0.6363636363636364,1.0,0.7777777777777778,7,0.961038961038961,0.44155844155844154,0.7012987012987013,0.987012987012987,0.1,1.0,0.0,1.15,1.1,1.0,1.0
simgp_core,straddle,3,401,0.08065652661471412,0.07105418025643334,1.0,0.5833333333333334,0.7368421052631579,12,0.9775280898876404,0.5955056179775281,0.8876404494382022,1.0,0.1,0.6,0.0,1.0,1.0,0.9,0.5714285714285714
simgp_core,straddle,4,401,0.08003868215634223,0.06953755866933131,1.0,0.5833333333333334,0.7368421052631579,12,0.9545454545454546,0.48863636363636365,0.8068181818181818,0.9886363636363636,0.1,0.6,0.5,1.0,1.0,0.95,0.5714285714285714
simgp_core,straddle,5,401,0.07098510815067645,0.061107225060469984,1.0,0.75,0.8571428571428571,12,0.9655172413793104,0.5172413793103449,0.8735632183908046,0.9885057471264368,0.25,0.6,1.0,1.0,1.0,1.0,0.7142857142857143
simgp_core,straddle,6,401,0.06625121837334295,0.056977492460139195,1.0,0.7272727272727273,0.8421052631578948,11,1.0,0.8604651162790697,1.0,1.0,0.25,0.6,1.0,1.0,1.0,0.95,0.7142857142857143
simgp_core,straddle,7,401,0.0660133860288253,0.05644869409936118,1.0,0.6363636363636364,0.7777777777777778,11,1.0,0.8117647058823529,0.9882352941176471,1.0,0.25,0.6,1.0,1.0,1.0,1.0,0.6428571428571429
simgp_core,straddle,8,401,0.06504707101957924,0.0547482113498277,1.0,0.7,0.8235294117647058,10,0.9880952380952381,0.8095238095238095,0.9642857142857143,1.0,0.25,0.6,0.5,1.0,1.0,1.0,0.6428571428571429
simgp_core,straddle,9,401,0.06357708315435746,0.05373550699909607,1.0,0.6666666666666666,0.8,9,0.9879518072289156,0.7951807228915663,0.9518072289156626,1.0,0.25,0.6,0.5,1.0,1.0,0.95,0.6428571428571429
simgp_core,straddle,10,401,0.058847686822601025,0.049545868173039694,1.0,0.625,0.7692307692307693,8,0.9878048780487805,0.8780487804878049,0.9634146341463414,1.0,0.25,0.6,0.0,1.0,1.0,0.95,0.6428571428571429
simgp_core,straddle,11,401,0.055907936252355586,0.046415454407351175,1.0,0.5714285714285714,0.7272727272727273,7,1.0,0.8888888888888888,0.9876543209876543,1.0,0.4,0.6,1.0,1.0,1.0,1.05,0.6428571428571429
simgp_core,straddle,12,401,0.046268899316014946,0.03715618406125485,1.0,0.5714285714285714,0.7272727272727273,7,1.0,0.9,0.9875,1.0,0.25,0.6,0.0,1.15,1.1,0.9,0.6428571428571429
simgp_core,straddle,13,401,0.044422261876890946,0.032662534439691075,0.8571428571428571,1.0,0.923076923076923,6,1.0,0.8607594936708861,0.9746835443037974,1.0,0.25,0.6,1.0,1.0,1.0,0.9,0.8571428571428571
simgp_core,straddle,14,401,0.051014936404512684,0.03825410739540181,1.0,1.0,1.0,6,1.0,0.7435897435897436,0.9615384615384616,1.0,0.25,0.6,1.0,1.0,1.0,0.9,0.8571428571428571
simgp_core,straddle,15,401,0.04087512552389451,0.03241185870635925,1.0,1.0,1.0,5,1.0,0.8831168831168831,0.987012987012987,1.0,0.25,0.6,1.0,1.0,1.0,0.9,0.8571428571428571
simgp_core,random,3,402,0.06371837906455018,0.04412141769924815,0.7777777777777778,1.0,0.8750000000000001,14,1.0,0.9438202247191011,1.0,1.0,0.1,1.5,1.0,1.15,1.0,1.1,1.0
simgp_core_nogp,random,3,402,0.05939752217083725,0.03700376935083273,0.7,1.0,0.8235294117647058,14,1.0,0.9325842696629213,1.0,1.0,,,,,,,
simgp_core_g75,random,3,402,0.08753156477129907,0.057383776359124464,0.6086956521739131,1.0,0.7567567567567568,14,0.9213483146067416,0.6067415730337079,0.8876404494382022,0.9325842696629213,,,,,,,
physgp_core,random,3,402,2.9156764411325424,1.2347074759701608,1.0,0.0,0.0,14,0.1797752808988764,0.11235955056179775,0.15730337078651685,0.23595505617977527,,,,,,,
physgp_rich,random,3,402,2.915459808889881,1.233947401953638,1.0,0.0,0.0,14,0.19101123595505617,0.11235955056179775,0.14606741573033707,0.2247191011235955,,,,,,,
simgp_rich,random,3,402,0.05939750134831978,0.03700374340511658,0.7,1.0,0.8235294117647058,14,1.0,0.9662921348314607,1.0,1.0,,,,,,,
pinn_rich,random,3,402,0.2643513203760336,0.2107609042547881,1.0,0.0,0.0,14,0.15730337078651685,0.02247191011235955,0.11235955056179775,0.1797752808988764,,,,,,,
mean_of_samples,random,3,402,0.2697235217099714,0.21553252791992888,1.0,0.0,0.0,14,,,,,,,,,,,
nearest_sample,random,3,402,0.2657020636674812,0.2085689246941224,1.0,0.0,0.0,14,,,,,,,,,,,
decay_only,random,3,402,6.800727164214274,2.3218055193051916,1.0,0.0,0.0,14,,,,,,,,,,,
simgp_core,random,4,402,0.0747409735726748,0.05044631190008652,0.8125,1.0,0.896551724137931,13,1.0,0.7840909090909091,1.0,1.0,0.1,1.5,1.0,1.15,1.0,1.1,1.0
simgp_core_nogp,random,4,402,0.06768983993194255,0.039262301951280526,0.7222222222222222,1.0,0.8387096774193548,13,1.0,0.9090909090909091,1.0,1.0,,,,,,,
simgp_core_g75,random,4,402,0.08756657591371134,0.05803368151978919,0.5416666666666666,1.0,0.7027027027027027,13,0.875,0.3977272727272727,0.7840909090909091,0.8977272727272727,,,,,,,
physgp_core,random,4,402,0.1924335071599755,0.15176985328874693,0.5,0.5384615384615384,0.5185185185185186,13,0.4659090909090909,0.3068181818181818,0.42045454545454547,0.6022727272727273,,,,,,,
physgp_rich,random,4,402,0.17720700820683835,0.13385154464560686,0.5,0.5384615384615384,0.5185185185185186,13,0.4318181818181818,0.2727272727272727,0.375,0.5568181818181818,,,,,,,
simgp_rich,random,4,402,0.06768632988239194,0.039258961099491015,0.7222222222222222,1.0,0.8387096774193548,13,1.0,0.9431818181818182,1.0,1.0,,,,,,,
mean_of_samples,random,4,402,0.23332261187071562,0.1711882159850367,1.0,0.0,0.0,13,,,,,,,,,,,
nearest_sample,random,4,402,0.21725980398776984,0.15653180684956514,0.45,0.6923076923076923,0.5454545454545455,13,,,,,,,,,,,
decay_only,random,4,402,0.19556529704604053,0.15597081104563665,0.5,0.5384615384615384,0.5185185185185186,13,,,,,,,,,,,
simgp_core,random,5,402,0.07329231954865381,0.04896164536797245,0.9230769230769231,1.0,0.9600000000000001,12,1.0,0.735632183908046,1.0,1.0,0.25,1.0,0.5,1.15,0.9,0.9,1.0
simgp_core_nogp,random,5,402,0.06484471065996222,0.037127247075452195,0.9230769230769231,1.0,0.9600000000000001,12,1.0,0.9195402298850575,1.0,1.0,,,,,,,
simgp_core_g75,random,5,402,0.0898624665335976,0.059862273543224806,0.7857142857142857,0.9166666666666666,0.8461538461538461,12,0.896551724137931,0.4367816091954023,0.7701149425287356,0.9080459770114943,,,,,,,
physgp_core,random,5,402,0.18785784868396738,0.11337167978712892,0.5217391304347826,1.0,0.6857142857142856,12,0.7931034482758621,0.4942528735632184,0.7126436781609196,0.8275862068965517,,,,,,,
physgp_rich,random,5,402,0.20961648974095787,0.13988834608661366,0.4666666666666667,0.5833333333333334,0.5185185185185186,12,0.7816091954022989,0.5057471264367817,0.7241379310344828,0.8390804597701149,,,,,,,
simgp_rich,random,5,402,0.0648249380585415,0.037096228475914206,0.9230769230769231,1.0,0.9600000000000001,12,1.0,0.9195402298850575,1.0,1.0,,,,,,,
pinn_rich,random,5,402,0.15792802977809783,0.09926395599989243,0.6,1.0,0.7499999999999999,12,0.4367816091954023,0.1839080459770115,0.39080459770114945,0.5172413793103449,,,,,,,
mean_of_samples,random,5,402,0.23719159910389467,0.17305615694192536,1.0,0.0,0.0,12,,,,,,,,,,,
nearest_sample,random,5,402,0.18977125253555902,0.13540657744059487,0.4583333333333333,0.9166666666666666,0.611111111111111,12,,,,,,,,,,,
decay_only,random,5,402,0.2170041102264818,0.15712936831788105,0.5,0.5,0.5,12,,,,,,,,,,,
simgp_core,random,6,402,0.08658910583393258,0.05892024037088345,0.8461538461538461,0.9166666666666666,0.8799999999999999,12,1.0,0.7093023255813954,0.9418604651162791,1.0,0.25,1.0,0.5,1.15,0.9,0.9,0.9285714285714286
simgp_core_nogp,random,6,402,0.06552062505306767,0.03756784709415122,0.7857142857142857,0.9166666666666666,0.8461538461538461,12,1.0,0.9069767441860465,1.0,1.0,,,,,,,
simgp_core_g75,random,6,402,0.07389367492697509,0.05006915311065701,0.6111111111111112,0.9166666666666666,0.7333333333333334,12,0.7790697674418605,0.4883720930232558,0.7325581395348837,0.8372093023255814,,,,,,,
physgp_core,random,6,402,0.20891265004684373,0.129963691564058,0.5625,0.75,0.6428571428571429,12,0.32558139534883723,0.11627906976744186,0.23255813953488372,0.3953488372093023,,,,,,,
physgp_rich,random,6,402,0.21971655819819896,0.14602489365086327,0.7,0.5833333333333334,0.6363636363636365,12,0.8023255813953488,0.313953488372093,0.7325581395348837,0.8953488372093024,,,,,,,
simgp_rich,random,6,402,0.06551111371650147,0.037549131287776066,0.7857142857142857,0.9166666666666666,0.8461538461538461,12,1.0,0.9534883720930233,1.0,1.0,,,,,,,
mean_of_samples,random,6,402,0.23912754838336903,0.1754183302509511,1.0,0.0,0.0,12,,,,,,,,,,,
nearest_sample,random,6,402,0.1777461560472112,0.12617139785859863,0.4782608695652174,0.9166666666666666,0.6285714285714286,12,,,,,,,,,,,
decay_only,random,6,402,0.23583623717841337,0.17165352791359675,1.0,0.0,0.0,12,,,,,,,,,,,
simgp_core,random,7,402,0.086653433216018,0.058932284560271615,0.8461538461538461,0.9166666666666666,0.8799999999999999,12,0.9882352941176471,0.6823529411764706,0.9411764705882353,1.0,0.25,1.0,0.0,1.15,0.9,0.9,0.9285714285714286
simgp_core_nogp,random,7,402,0.06601621989247447,0.037882712140571075,0.7857142857142857,0.9166666666666666,0.8461538461538461,12,1.0,0.8941176470588236,1.0,1.0,,,,,,,
simgp_core_g75,random,7,402,0.06641014689453226,0.0418428398670846,0.6111111111111112,0.9166666666666666,0.7333333333333334,12,0.788235294117647,0.49411764705882355,0.7529411764705882,0.8470588235294118,,,,,,,
physgp_core,random,7,402,0.15619042706687822,0.10303178618938545,0.5625,0.75,0.6428571428571429,12,0.6352941176470588,0.32941176470588235,0.5176470588235295,0.7529411764705882,,,,,,,
physgp_rich,random,7,402,0.19507546162613612,0.12981294992479744,0.6363636363636364,0.5833333333333334,0.6086956521739131,12,0.8823529411764706,0.4588235294117647,0.7529411764705882,0.8941176470588236,,,,,,,
simgp_rich,random,7,402,0.0660076880603349,0.03786471620850565,0.7857142857142857,0.9166666666666666,0.8461538461538461,12,1.0,0.9058823529411765,1.0,1.0,,,,,,,
mean_of_samples,random,7,402,0.2313480492486606,0.16806995545537537,1.0,0.0,0.0,12,,,,,,,,,,,
nearest_sample,random,7,402,0.16239862151809442,0.11656584515824706,0.4782608695652174,0.9166666666666666,0.6285714285714286,12,,,,,,,,,,,
decay_only,random,7,402,0.21705525605916207,0.15633720524283806,1.0,0.08333333333333333,0.15384615384615385,12,,,,,,,,,,,
simgp_core,random,8,402,0.06795166261988943,0.035292167187924085,0.7857142857142857,0.9166666666666666,0.8461538461538461,12,1.0,0.9285714285714286,1.0,1.0,0.25,1.0,0.5,1.15,0.9,0.9,0.9285714285714286
simgp_core_nogp,random,8,402,0.06722537314034777,0.03823568921487856,0.6875,0.9166666666666666,0.7857142857142857,12,1.0,0.8571428571428571,1.0,1.0,,,,,,,
simgp_core_g75,random,8,402,0.06657108191847674,0.042683050617322124,0.6111111111111112,0.9166666666666666,0.7333333333333334,12,0.7738095238095238,0.4880952380952381,0.7023809523809523,0.7976190476190477,,,,,,,
physgp_core,random,8,402,0.13203201252492558,0.08964010939955658,0.5625,0.75,0.6428571428571429,12,0.5833333333333334,0.30952380952380953,0.5119047619047619,0.7380952380952381,,,,,,,
physgp_rich,random,8,402,0.17576301024836793,0.10872334375883683,0.5555555555555556,0.8333333333333334,0.6666666666666667,12,0.8452380952380952,0.36904761904761907,0.6666666666666666,0.9166666666666666,,,,,,,
simgp_rich,random,8,402,0.06882391197054159,0.03689335018906028,0.6875,0.9166666666666666,0.7857142857142857,12,1.0,0.9166666666666666,1.0,1.0,,,,,,,
pinn_rich,random,8,402,0.14247512035206295,0.09207795644478704,0.5294117647058824,0.75,0.6206896551724139,12,0.39285714285714285,0.20238095238095238,0.32142857142857145,0.4642857142857143,,,,,,,
mean_of_samples,random,8,402,0.2334114824632953,0.1699874853347281,1.0,0.0,0.0,12,,,,,,,,,,,
nearest_sample,random,8,402,0.16325723802800307,0.11714680448103736,0.4782608695652174,0.9166666666666666,0.6285714285714286,12,,,,,,,,,,,
decay_only,random,8,402,0.2163103684659556,0.15657179885012656,1.0,0.08333333333333333,0.15384615384615385,12,,,,,,,,,,,
simgp_core,random,9,402,0.06690490249013763,0.037032475185202335,0.6875,1.0,0.8148148148148148,11,1.0,0.7951807228915663,1.0,1.0,0.1,1.0,0.0,1.15,0.9,0.9,1.0
simgp_core_nogp,random,9,402,0.06754996351709633,0.038040141261408776,0.6666666666666666,0.9090909090909091,0.7692307692307692,11,1.0,0.7469879518072289,1.0,1.0,,,,,,,
simgp_core_g75,random,9,402,0.06073652589214069,0.03783184160379605,0.6470588235294118,1.0,0.7857142857142858,11,0.8072289156626506,0.5421686746987951,0.7469879518072289,0.8313253012048193,,,,,,,
physgp_core,random,9,402,0.14998696158313188,0.09628621632279587,0.5333333333333333,0.7272727272727273,0.6153846153846153,11,0.5060240963855421,0.26506024096385544,0.4819277108433735,0.6024096385542169,,,,,,,
physgp_rich,random,9,402,0.1948036522773503,0.12006226529860971,0.5333333333333333,0.7272727272727273,0.6153846153846153,11,0.6385542168674698,0.21686746987951808,0.5060240963855421,0.7228915662650602,,,,,,,
simgp_rich,random,9,402,0.07398217155757626,0.04304849108526523,0.6111111111111112,1.0,0.7586206896551725,11,0.9759036144578314,0.7349397590361446,0.9759036144578314,1.0,,,,,,,
mean_of_samples,random,9,402,0.232156157264286,0.16778571363674374,1.0,0.0,0.0,11,,,,,,,,,,,
nearest_sample,random,9,402,0.16198609805648975,0.1149283680371885,0.43478260869565216,0.9090909090909091,0.5882352941176471,11,,,,,,,,,,,
decay_only,random,9,402,0.23034473612681833,0.16523051871112487,1.0,0.0,0.0,11,,,,,,,,,,,
simgp_core,random,10,402,0.06404862509894617,0.03350658114947012,0.9166666666666666,1.0,0.9565217391304348,11,1.0,0.8780487804878049,1.0,1.0,0.1,1.0,0.0,1.15,0.9,0.9,1.0
simgp_core_nogp,random,10,402,0.06593416092052899,0.03794704569209159,0.8333333333333334,0.9090909090909091,0.8695652173913043,11,1.0,0.7926829268292683,0.9878048780487805,1.0,,,,,,,
simgp_core_g75,random,10,402,0.06285270436915753,0.03701348518445052,0.8333333333333334,0.9090909090909091,0.8695652173913043,11,0.8170731707317073,0.5853658536585366,0.7926829268292683,0.8414634146341463,,,,,,,
physgp_core,random,10,402,0.1897166775965182,0.1019929775195778,1.0,0.7272727272727273,0.8421052631578948,11,0.5609756097560976,0.3048780487804878,0.4878048780487805,0.7073170731707317,,,,,,,
physgp_rich,random,10,402,0.19428660650697144,0.10267638508694645,0.8,0.7272727272727273,0.761904761904762,11,0.8414634146341463,0.36585365853658536,0.7560975609756098,0.926829268292683,,,,,,,
simgp_rich,random,10,402,0.06809611725226553,0.036313509460369736,0.7142857142857143,0.9090909090909091,0.8,11,1.0,0.8048780487804879,1.0,1.0,,,,,,,
pinn_rich,random,10,402,0.12831908334242742,0.07916324635176557,0.875,0.6363636363636364,0.7368421052631579,11,0.4146341463414634,0.23170731707317074,0.35365853658536583,0.5121951219512195,,,,,,,
mean_of_samples,random,10,402,0.23488211102931314,0.16933017972912948,1.0,0.0,0.0,11,,,,,,,,,,,
nearest_sample,random,10,402,0.15790284567919394,0.10705971727309997,0.8333333333333334,0.45454545454545453,0.5882352941176471,11,,,,,,,,,,,
decay_only,random,10,402,0.24067581756583817,0.17406180186489517,1.0,0.0,0.0,11,,,,,,,,,,,
simgp_core,random,11,402,0.06240168333528384,0.03193082632634317,0.9166666666666666,1.0,0.9565217391304348,11,1.0,0.9012345679012346,1.0,1.0,0.1,1.0,0.0,1.15,0.9,0.95,1.0
simgp_core_nogp,random,11,402,0.06526178335765577,0.03926366630032945,0.8333333333333334,0.9090909090909091,0.8695652173913043,11,1.0,0.8148148148148148,0.9506172839506173,1.0,,,,,,,
simgp_core_g75,random,11,402,0.05707913357998078,0.03895089019775586,0.8461538461538461,1.0,0.9166666666666666,11,0.7530864197530864,0.38271604938271603,0.654320987654321,0.8024691358024691,,,,,,,
physgp_core,random,11,402,0.19054471525889985,0.10247422821184256,1.0,0.7272727272727273,0.8421052631578948,11,0.5432098765432098,0.2716049382716049,0.4567901234567901,0.654320987654321,,,,,,,
physgp_rich,random,11,402,0.2140560586943374,0.1289125155068176,0.4444444444444444,0.7272727272727273,0.5517241379310345,11,0.5308641975308642,0.2962962962962963,0.48148148148148145,0.7530864197530864,,,,,,,
simgp_rich,random,11,402,0.07075900193043103,0.03912171457104019,0.7692307692307693,0.9090909090909091,0.8333333333333333,11,0.9876543209876543,0.8148148148148148,0.9876543209876543,0.9876543209876543,,,,,,,
mean_of_samples,random,11,402,0.23787678379990737,0.17173182973211187,1.0,0.0,0.0,11,,,,,,,,,,,
nearest_sample,random,11,402,0.1635096353626823,0.11130256927947109,0.8333333333333334,0.45454545454545453,0.5882352941176471,11,,,,,,,,,,,
decay_only,random,11,402,0.2454631200687382,0.17858655482618851,1.0,0.0,0.0,11,,,,,,,,,,,
simgp_core,random,12,402,0.06243234107233891,0.03225609030074936,0.9166666666666666,1.0,0.9565217391304348,11,1.0,0.9125,1.0,1.0,0.1,1.0,0.0,1.15,0.9,0.95,1.0
simgp_core_nogp,random,12,402,0.06528167320337153,0.03972973441323733,0.8333333333333334,0.9090909090909091,0.8695652173913043,11,1.0,0.8125,0.95,1.0,,,,,,,
simgp_core_g75,random,12,402,0.05911386940811613,0.04136994881735228,0.8461538461538461,1.0,0.9166666666666666,11,0.7125,0.375,0.625,0.7875,,,,,,,
physgp_core,random,12,402,0.19034945334678585,0.10402992315389555,1.0,0.7272727272727273,0.8421052631578948,11,0.525,0.225,0.4375,0.5875,,,,,,,
physgp_rich,random,12,402,0.19115141863635948,0.10210132475587526,0.8888888888888888,0.7272727272727273,0.7999999999999999,11,0.7875,0.35,0.7,0.8625,,,,,,,
simgp_rich,random,12,402,0.0735086285082117,0.04338918716696144,0.7692307692307693,0.9090909090909091,0.8333333333333333,11,0.9875,0.75,0.9625,1.0,,,,,,,
pinn_rich,random,12,402,0.13461282097651547,0.07387124919412094,1.0,0.6363636363636364,0.7777777777777778,11,0.525,0.25,0.4375,0.5875,,,,,,,
mean_of_samples,random,12,402,0.23764465353703795,0.17144025304764154,1.0,0.0,0.0,11,,,,,,,,,,,
nearest_sample,random,12,402,0.1626676771613492,0.10981837527784707,0.8333333333333334,0.45454545454545453,0.5882352941176471,11,,,,,,,,,,,
decay_only,random,12,402,0.24141359808301582,0.1744080046828141,1.0,0.0,0.0,11,,,,,,,,,,,
simgp_core,random,13,402,0.06454034084328295,0.03287171858584773,0.9166666666666666,1.0,0.9565217391304348,11,1.0,0.9367088607594937,1.0,1.0,0.1,1.0,0.0,1.15,0.9,0.95,1.0
simgp_core_nogp,random,13,402,0.0660255566398854,0.03854459032875503,0.8333333333333334,0.9090909090909091,0.8695652173913043,11,1.0,0.7974683544303798,0.9620253164556962,1.0,,,,,,,
simgp_core_g75,random,13,402,0.05707531465877895,0.04036767759893218,0.8461538461538461,1.0,0.9166666666666666,11,0.7215189873417721,0.3670886075949367,0.6329113924050633,0.7974683544303798,,,,,,,
physgp_core,random,13,402,0.18829574021059836,0.10038929081004892,1.0,0.8181818181818182,0.9,11,0.5443037974683544,0.22784810126582278,0.4430379746835443,0.6329113924050633,,,,,,,
physgp_rich,random,13,402,0.19015160401737202,0.10283800041981644,0.8888888888888888,0.7272727272727273,0.7999999999999999,11,0.759493670886076,0.3670886075949367,0.6835443037974683,0.8734177215189873,,,,,,,
simgp_rich,random,13,402,0.06759099863333835,0.033737315329699945,0.7333333333333333,1.0,0.846153846153846,11,0.9873417721518988,0.8227848101265823,0.9746835443037974,0.9873417721518988,,,,,,,
mean_of_samples,random,13,402,0.23581616893105828,0.16935867932837692,1.0,0.0,0.0,11,,,,,,,,,,,
nearest_sample,random,13,402,0.16116354525841717,0.10785206630125503,0.8333333333333334,0.45454545454545453,0.5882352941176471,11,,,,,,,,,,,
decay_only,random,13,402,0.23450076728017233,0.16709809890976113,1.0,0.09090909090909091,0.16666666666666669,11,,,,,,,,,,,
simgp_core,random,14,402,0.06222899591267204,0.031614898209526746,0.9166666666666666,1.0,0.9565217391304348,11,1.0,0.9230769230769231,1.0,1.0,0.1,1.0,0.0,1.15,0.9,0.95,1.0
simgp_core_nogp,random,14,402,0.06421272081050167,0.03888807246102345,0.8333333333333334,0.9090909090909091,0.8695652173913043,11,0.9871794871794872,0.8589743589743589,0.9487179487179487,1.0,,,,,,,
simgp_core_g75,random,14,402,0.05735109695857663,0.04007106590433488,0.8461538461538461,1.0,0.9166666666666666,11,0.717948717948718,0.3717948717948718,0.6282051282051282,0.782051282051282,,,,,,,
physgp_core,random,14,402,0.18969804701916224,0.1010688888511672,1.0,0.7272727272727273,0.8421052631578948,11,0.5128205128205128,0.20512820512820512,0.41025641025641024,0.6025641025641025,,,,,,,
physgp_rich,random,14,402,0.19284353576437113,0.10484276460086119,0.8888888888888888,0.7272727272727273,0.7999999999999999,11,0.7564102564102564,0.3076923076923077,0.6538461538461539,0.8974358974358975,,,,,,,
simgp_rich,random,14,402,0.06776560683482216,0.03516142850296228,0.8333333333333334,0.9090909090909091,0.8695652173913043,11,0.9871794871794872,0.8461538461538461,0.9871794871794872,0.9871794871794872,,,,,,,
mean_of_samples,random,14,402,0.23790945932287472,0.17107680329501873,1.0,0.0,0.0,11,,,,,,,,,,,
nearest_sample,random,14,402,0.16181483195382412,0.10845543859955659,0.8333333333333334,0.45454545454545453,0.5882352941176471,11,,,,,,,,,,,
decay_only,random,14,402,0.23784172769072248,0.17040438270421282,1.0,0.09090909090909091,0.16666666666666669,11,,,,,,,,,,,
simgp_core,random,15,402,0.06366777265175225,0.035554117477063066,0.9090909090909091,0.9090909090909091,0.9090909090909091,11,1.0,0.8181818181818182,1.0,1.0,0.1,1.0,0.0,1.15,0.9,0.95,0.9285714285714286
simgp_core_nogp,random,15,402,0.06246011564210093,0.037500859270357574,0.8333333333333334,0.9090909090909091,0.8695652173913043,11,0.987012987012987,0.8571428571428571,0.948051948051948,1.0,,,,,,,
simgp_core_g75,random,15,402,0.056355180776264766,0.038834391930344166,0.8461538461538461,1.0,0.9166666666666666,11,0.7532467532467533,0.4025974025974026,0.6363636363636364,0.8051948051948052,,,,,,,
physgp_core,random,15,402,0.18915094683170472,0.09488007372817463,1.0,0.7272727272727273,0.8421052631578948,11,0.5194805194805194,0.2987012987012987,0.4805194805194805,0.6363636363636364,,,,,,,
physgp_rich,random,15,402,0.19007331072368647,0.10143302949149698,0.875,0.6363636363636364,0.7368421052631579,11,0.7402597402597403,0.33766233766233766,0.6363636363636364,0.8831168831168831,,,,,,,
simgp_rich,random,15,402,0.06627373999175096,0.034046904406490025,0.9090909090909091,0.9090909090909091,0.9090909090909091,11,0.987012987012987,0.8571428571428571,0.987012987012987,0.987012987012987,,,,,,,
pinn_rich,random,15,402,0.13250052923355893,0.07565377011090278,1.0,0.5454545454545454,0.7058823529411764,11,0.5324675324675324,0.3116883116883117,0.45454545454545453,0.6363636363636364,,,,,,,
mean_of_samples,random,15,402,0.23828873244797413,0.1711833660827139,1.0,0.0,0.0,11,,,,,,,,,,,
nearest_sample,random,15,402,0.16275477866080384,0.10896141354283033,0.8333333333333334,0.45454545454545453,0.5882352941176471,11,,,,,,,,,,,
decay_only,random,15,402,0.23540480686923945,0.1675756195643566,1.0,0.09090909090909091,0.16666666666666669,11,,,,,,,,,,,
simgp_core,uncertainty,3,402,0.07259947581541734,0.05579894245575053,0.6363636363636364,1.0,0.7777777777777778,14,1.0,0.8651685393258427,1.0,1.0,0.1,1.0,1.0,1.0,1.0,0.9,1.0
simgp_core,uncertainty,4,402,0.046835127567364354,0.03971898206661104,0.7,1.0,0.8235294117647058,14,1.0,0.7954545454545454,1.0,1.0,0.4,1.0,1.0,1.0,1.1,0.9,1.0
simgp_core,uncertainty,5,402,0.058570490678132366,0.05223469686505362,0.6666666666666666,1.0,0.8,14,1.0,0.6091954022988506,0.9885057471264368,1.0,0.55,1.5,1.0,1.0,1.1,1.1,1.0
simgp_core,uncertainty,6,402,0.06254980668459292,0.05593888776528239,0.65,1.0,0.787878787878788,13,1.0,0.5581395348837209,0.8023255813953488,1.0,0.4,1.0,1.0,0.85,0.9,0.95,1.0
simgp_core,uncertainty,7,402,0.05967715185860226,0.054667747540764915,0.65,1.0,0.787878787878788,13,1.0,0.5529411764705883,0.9294117647058824,1.0,0.25,1.5,1.0,1.0,1.1,1.05,1.0
simgp_core,uncertainty,8,402,0.07489551052549609,0.0677614672395487,0.5454545454545454,1.0,0.7058823529411764,12,0.8333333333333334,0.5476190476190477,0.75,0.9880952380952381,0.25,1.5,1.0,0.85,1.0,1.1,1.0
simgp_core,uncertainty,9,402,0.05659802303511633,0.04967299298184415,0.6111111111111112,1.0,0.7586206896551725,11,1.0,0.4457831325301205,0.7710843373493976,1.0,0.55,1.0,1.0,0.85,1.0,1.05,1.0
simgp_core,uncertainty,10,402,0.035419096288889146,0.02891887867220792,1.0,0.7,0.8235294117647058,10,1.0,0.9634146341463414,1.0,1.0,0.7,0.6,0.5,0.85,1.1,0.9,0.7857142857142857
simgp_core,uncertainty,11,402,0.03901105549292528,0.03266479220685579,1.0,0.6666666666666666,0.8,9,1.0,0.9629629629629629,1.0,1.0,0.55,0.6,0.0,0.85,1.1,0.9,0.7857142857142857
simgp_core,uncertainty,12,402,0.03922626619141973,0.02977226041864294,0.8888888888888888,0.8888888888888888,0.8888888888888888,9,1.0,0.9875,1.0,1.0,0.55,0.6,1.0,0.85,1.1,0.9,0.9285714285714286
simgp_core,uncertainty,13,402,0.04697391008128479,0.034078078732362224,1.0,0.5555555555555556,0.7142857142857143,9,1.0,0.9367088607594937,1.0,1.0,0.55,0.6,0.0,0.85,1.1,0.95,0.7142857142857143
simgp_core,uncertainty,14,402,0.047935572777727274,0.03919779181328101,1.0,0.625,0.7692307692307693,8,1.0,0.8717948717948718,0.9615384615384616,1.0,0.55,0.6,0.0,0.85,1.1,0.9,0.7857142857142857
simgp_core,uncertainty,15,402,0.05429112238992281,0.04328329197460518,1.0,0.5714285714285714,0.7272727272727273,7,0.948051948051948,0.8831168831168831,0.935064935064935,1.0,0.55,0.6,0.0,0.85,1.1,0.9,0.7857142857142857
simgp_core,straddle,3,402,0.06000092749373615,0.03849585610039612,0.6666666666666666,1.0,0.8,14,1.0,0.9662921348314607,1.0,1.0,0.25,1.5,1.0,1.15,1.0,1.1,1.0
simgp_core,straddle,4,402,0.05630464954068764,0.04485529527307317,0.7,1.0,0.8235294117647058,14,1.0,0.9318181818181818,1.0,1.0,0.1,1.5,1.0,0.85,1.1,1.1,1.0
simgp_core,straddle,5,402,0.048686197373271914,0.043036646543032506,0.7,1.0,0.8235294117647058,14,1.0,0.8505747126436781,1.0,1.0,0.1,1.5,1.0,0.85,1.1,1.1,1.0
simgp_core,straddle,6,402,0.04019880295081102,0.033115679202945815,0.8235294117647058,1.0,0.9032258064516129,14,1.0,0.9302325581395349,1.0,1.0,0.1,1.0,0.5,1.15,1.0,0.95,1.0
simgp_core,straddle,7,402,0.03624747903940291,0.028411260476896138,0.9333333333333333,1.0,0.9655172413793104,14,1.0,0.8941176470588236,1.0,1.0,0.1,1.0,0.0,1.15,1.0,1.0,1.0
simgp_core,straddle,8,402,0.042236635365117556,0.030886643592203066,1.0,1.0,1.0,14,1.0,0.8809523809523809,1.0,1.0,0.1,1.0,1.0,1.15,1.1,1.1,1.0
simgp_core,straddle,9,402,0.039263696735344016,0.0298674605013035,1.0,1.0,1.0,13,1.0,0.8795180722891566,1.0,1.0,0.1,1.0,1.0,1.15,1.1,1.1,0.9285714285714286
simgp_core,straddle,10,402,0.05059158793126072,0.03705793176174674,1.0,1.0,1.0,12,1.0,0.6951219512195121,0.975609756097561,1.0,0.1,1.0,0.0,1.15,1.0,1.05,0.9285714285714286
simgp_core,straddle,11,402,0.044397810493858714,0.03370763582333516,1.0,1.0,1.0,11,1.0,0.8765432098765432,1.0,1.0,0.55,0.6,0.0,0.85,1.1,0.9,0.9285714285714286
simgp_core,straddle,12,402,0.043093811721329416,0.03293918395785253,1.0,1.0,1.0,11,1.0,0.875,1.0,1.0,0.25,1.0,0.0,0.85,1.0,1.1,0.9285714285714286
simgp_core,straddle,13,402,0.03739842335422951,0.028790152147501805,1.0,1.0,1.0,10,0.9873417721518988,0.9113924050632911,0.9746835443037974,1.0,0.25,1.0,0.0,0.85,1.0,1.1,0.9285714285714286
simgp_core,straddle,14,402,0.03808085262964248,0.02946568065520423,1.0,1.0,1.0,10,0.9871794871794872,0.9102564102564102,0.9743589743589743,1.0,0.25,1.0,0.0,0.85,1.0,1.1,0.9285714285714286
simgp_core,straddle,15,402,0.038203281601830646,0.030073621696071844,1.0,1.0,1.0,9,1.0,0.9090909090909091,0.987012987012987,1.0,0.4,1.0,0.0,1.0,1.1,1.05,0.9285714285714286
simgp_core,random,3,403,0.06130350829619259,0.0401144270814626,0.7272727272727273,0.8,0.761904761904762,10,1.0,0.9438202247191011,1.0,1.0,0.7,0.6,0.0,1.15,1.0,0.95,0.8181818181818182
simgp_core_nogp,random,3,403,0.0617788114057996,0.04113193568322087,0.7272727272727273,0.8,0.761904761904762,10,1.0,0.9325842696629213,1.0,1.0,,,,,,,
simgp_core_g75,random,3,403,0.08958137359998486,0.04905656536591791,0.47058823529411764,0.8,0.5925925925925927,10,0.8651685393258427,0.5168539325842697,0.8314606741573034,0.9213483146067416,,,,,,,
physgp_core,random,3,403,0.18783602763172844,0.14963966949478896,0.38095238095238093,0.8,0.5161290322580645,10,0.16853932584269662,0.033707865168539325,0.12359550561797752,0.2247191011235955,,,,,,,
physgp_rich,random,3,403,0.17761459236240615,0.12401000184907181,0.4090909090909091,0.9,0.5625000000000001,10,0.5168539325842697,0.25842696629213485,0.39325842696629215,0.550561797752809,,,,,,,
simgp_rich,random,3,403,0.061778957767391805,0.04113233646424795,0.7272727272727273,0.8,0.761904761904762,10,1.0,0.9325842696629213,1.0,1.0,,,,,,,
pinn_rich,random,3,403,0.15830429812448085,0.09831243109798052,1.0,0.2,0.33333333333333337,10,0.5168539325842697,0.2247191011235955,0.43820224719101125,0.5617977528089888,,,,,,,
mean_of_samples,random,3,403,0.2620979558426499,0.20784799949619798,1.0,0.0,0.0,10,,,,,,,,,,,
nearest_sample,random,3,403,0.203588662252832,0.13922790024094583,0.42105263157894735,0.8,0.5517241379310345,10,,,,,,,,,,,
decay_only,random,3,403,0.18842026243625248,0.1504518171232149,0.38095238095238093,0.8,0.5161290322580645,10,,,,,,,,,,,
simgp_core,random,4,403,0.06255033880848447,0.04015794950755134,0.7272727272727273,0.8,0.761904761904762,10,1.0,0.9431818181818182,1.0,1.0,0.25,0.6,0.5,1.0,0.9,1.0,0.8181818181818182
simgp_core_nogp,random,4,403,0.0624082551398404,0.03984542062466631,0.7272727272727273,0.8,0.761904761904762,10,1.0,0.9431818181818182,1.0,1.0,,,,,,,
simgp_core_g75,random,4,403,0.09009709014973605,0.04822886080871629,0.47058823529411764,0.8,0.5925925925925927,10,0.875,0.5681818181818182,0.8522727272727273,0.9204545454545454,,,,,,,
physgp_core,random,4,403,0.22793988935363663,0.16480207070078945,0.45,0.9,0.6,10,0.3181818181818182,0.125,0.19318181818181818,0.38636363636363635,,,,,,,
physgp_rich,random,4,403,0.17869495589258907,0.13439843142640093,0.4375,0.7,0.5384615384615384,10,0.8181818181818182,0.5681818181818182,0.7272727272727273,0.8295454545454546,,,,,,,
simgp_rich,random,4,403,0.0626680483194768,0.04040657960310489,0.7272727272727273,0.8,0.761904761904762,10,1.0,0.9431818181818182,1.0,1.0,,,,,,,
mean_of_samples,random,4,403,0.2592537002330897,0.20137843305818715,1.0,0.0,0.0,10,,,,,,,,,,,
nearest_sample,random,4,403,0.19843858424882624,0.1336812989697401,0.42105263157894735,0.8,0.5517241379310345,10,,,,,,,,,,,
decay_only,random,4,403,0.17904345030958005,0.1352047585868452,0.4375,0.7,0.5384615384615384,10,,,,,,,,,,,
simgp_core,random,5,403,0.06178527452219114,0.035874368497622176,0.7272727272727273,0.8,0.761904761904762,10,1.0,0.9540229885057471,1.0,1.0,0.7,0.6,0.5,1.15,1.1,0.95,0.8181818181818182
simgp_core_nogp,random,5,403,0.06250062876709098,0.03866269104168615,0.7272727272727273,0.8,0.761904761904762,10,1.0,0.9540229885057471,1.0,1.0,,,,,,,
simgp_core_g75,random,5,403,0.09220674736836557,0.047878287115645034,0.47058823529411764,0.8,0.5925925925925927,10,0.8620689655172413,0.5517241379310345,0.8160919540229885,0.8735632183908046,,,,,,,
physgp_core,random,5,403,0.19212032923068673,0.11548261968609881,0.47368421052631576,0.9,0.6206896551724138,10,0.7126436781609196,0.47126436781609193,0.632183908045977,0.7586206896551724,,,,,,,
physgp_rich,random,5,403,0.2252276258743547,0.16965656371537255,0.4375,0.7,0.5384615384615384,10,0.5402298850574713,0.21839080459770116,0.4367816091954023,0.6091954022988506,,,,,,,
simgp_rich,random,5,403,0.06458219407485404,0.04092060664845413,0.7272727272727273,0.8,0.761904761904762,10,1.0,0.8505747126436781,1.0,1.0,,,,,,,
pinn_rich,random,5,403,0.17088134986327802,0.10457097106649578,1.0,0.0,0.0,10,0.5287356321839081,0.28735632183908044,0.45977011494252873,0.5517241379310345,,,,,,,
mean_of_samples,random,5,403,0.2610498299871017,0.20344012762020347,1.0,0.0,0.0,10,,,,,,,,,,,
nearest_sample,random,5,403,0.20057882302202037,0.13549864399597214,0.42105263157894735,0.8,0.5517241379310345,10,,,,,,,,,,,
decay_only,random,5,403,0.2266250016159959,0.17094859558592015,0.35714285714285715,0.5,0.41666666666666663,10,,,,,,,,,,,
simgp_core,random,6,403,0.06228947608124967,0.03660149736024832,0.7272727272727273,0.8,0.761904761904762,10,1.0,0.9534883720930233,1.0,1.0,0.55,0.6,0.0,0.85,0.9,1.0,0.8181818181818182
simgp_core_nogp,random,6,403,0.06285376275935144,0.039034010219756395,0.7272727272727273,0.8,0.761904761904762,10,1.0,0.9534883720930233,1.0,1.0,,,,,,,
simgp_core_g75,random,6,403,0.0928570972840116,0.04841534920936917,0.47058823529411764,0.8,0.5925925925925927,10,0.8604651162790697,0.5232558139534884,0.813953488372093,0.872093023255814,,,,,,,
physgp_core,random,6,403,0.2292212065393434,0.17819724747751975,0.4117647058823529,0.7,0.5185185185185185,10,0.6046511627906976,0.3023255813953488,0.5465116279069767,0.686046511627907,,,,,,,
physgp_rich,random,6,403,0.24358056954812266,0.18943996845420452,0.375,0.6,0.4615384615384615,10,0.6046511627906976,0.26744186046511625,0.45348837209302323,0.627906976744186,,,,,,,
simgp_rich,random,6,403,0.06366890127766664,0.038823417213203495,0.7272727272727273,0.8,0.761904761904762,10,1.0,0.8953488372093024,1.0,1.0,,,,,,,
mean_of_samples,random,6,403,0.28581528563148456,0.22638288976351115,1.0,0.0,0.0,10,,,,,,,,,,,
nearest_sample,random,6,403,0.1778670427884317,0.11962461408125423,0.42105263157894735,0.8,0.5517241379310345,10,,,,,,,,,,,
decay_only,random,6,403,0.20452295923353978,0.1557133821397487,0.4,0.6,0.48,10,,,,,,,,,,,
simgp_core,random,7,403,0.06066230703650599,0.03608013155037963,0.7272727272727273,0.8,0.761904761904762,10,1.0,0.9058823529411765,1.0,1.0,0.55,0.6,0.0,0.85,0.9,1.0,0.8181818181818182
simgp_core_nogp,random,7,403,0.061574636450334376,0.03880294089349959,0.7272727272727273,0.8,0.761904761904762,10,1.0,0.8705882352941177,1.0,1.0,,,,,,,
simgp_core_g75,random,7,403,0.09449601910134169,0.05016310903526589,0.47058823529411764,0.8,0.5925925925925927,10,0.8588235294117647,0.43529411764705883,0.788235294117647,0.8588235294117647,,,,,,,
physgp_core,random,7,403,0.17819301735081733,0.11627216613526252,0.45,0.9,0.6,10,0.7294117647058823,0.5176470588235295,0.6588235294117647,0.7764705882352941,,,,,,,
physgp_rich,random,7,403,0.1812245093181601,0.12816577529925008,0.4444444444444444,0.8,0.5714285714285714,10,0.6588235294117647,0.38823529411764707,0.6352941176470588,0.6705882352941176,,,,,,,
simgp_rich,random,7,403,0.06128875838357921,0.036514298782564035,0.7272727272727273,0.8,0.761904761904762,10,1.0,0.9176470588235294,1.0,1.0,,,,,,,
mean_of_samples,random,7,403,0.2765391473718329,0.21766601141441613,1.0,0.0,0.0,10,,,,,,,,,,,
nearest_sample,random,7,403,0.1496715616738976,0.1021049300154648,0.42105263157894735,0.8,0.5517241379310345,10,,,,,,,,,,,
decay_only,random,7,403,0.20248570241120387,0.1526239837355219,0.4,0.6,0.48,10,,,,,,,,,,,
simgp_core,random,8,403,0.06175218710131733,0.03702385559006086,0.7272727272727273,0.8,0.761904761904762,10,1.0,0.9047619047619048,1.0,1.0,0.55,0.6,0.5,1.0,1.0,0.95,0.8181818181818182
simgp_core_nogp,random,8,403,0.0614944918369374,0.03824416606135074,0.7272727272727273,0.8,0.761904761904762,10,1.0,0.9285714285714286,1.0,1.0,,,,,,,
simgp_core_g75,random,8,403,0.09586858203519216,0.05169986062402794,0.47058823529411764,0.8,0.5925925925925927,10,0.8452380952380952,0.44047619047619047,0.7857142857142857,0.8571428571428571,,,,,,,
physgp_core,random,8,403,0.15739927308438792,0.09078179205013116,0.45,0.9,0.6,10,0.7261904761904762,0.42857142857142855,0.6547619047619048,0.75,,,,,,,
physgp_rich,random,8,403,0.1855564901559475,0.13239097828738278,0.4117647058823529,0.7,0.5185185185185185,10,0.6428571428571429,0.2976190476190476,0.5595238095238095,0.6547619047619048,,,,,,,
simgp_rich,random,8,403,0.06663454398428358,0.04361810413862127,0.7272727272727273,0.8,0.761904761904762,10,1.0,0.8095238095238095,0.9642857142857143,1.0,,,,,,,
pinn_rich,random,8,403,0.11253136633830864,0.07551457616681322,1.0,0.0,0.0,10,0.47619047619047616,0.2857142857142857,0.4523809523809524,0.5238095238095238,,,,,,,
mean_of_samples,random,8,403,0.283849638715817,0.22407851155881775,1.0,0.0,0.0,10,,,,,,,,,,,
nearest_sample,random,8,403,0.1377295903225899,0.09354685288389707,0.42105263157894735,0.8,0.5517241379310345,10,,,,,,,,,,,
decay_only,random,8,403,0.20281475906239463,0.15272879122199293,0.4,0.6,0.48,10,,,,,,,,,,,
simgp_core,random,9,403,0.06125308338240246,0.03669701181898021,0.7272727272727273,0.8,0.761904761904762,10,1.0,0.9036144578313253,1.0,1.0,0.55,0.6,0.5,1.0,1.0,0.95,0.8181818181818182
simgp_core_nogp,random,9,403,0.06078362475786962,0.03712057681248191,0.7272727272727273,0.8,0.761904761904762,10,1.0,0.927710843373494,1.0,1.0,,,,,,,
simgp_core_g75,random,9,403,0.09700835085711268,0.05194816741240218,0.47058823529411764,0.8,0.5925925925925927,10,0.8433734939759037,0.4578313253012048,0.7831325301204819,0.8554216867469879,,,,,,,
physgp_core,random,9,403,0.15505583774746684,0.08660416735557924,0.45,0.9,0.6,10,0.6867469879518072,0.4457831325301205,0.6626506024096386,0.7228915662650602,,,,,,,
physgp_rich,random,9,403,0.20704254532167826,0.15568088435177216,0.4,0.6,0.48,10,0.5060240963855421,0.27710843373493976,0.4578313253012048,0.5542168674698795,,,,,,,
simgp_rich,random,9,403,0.06610079665986876,0.043118773298254025,0.7272727272727273,0.8,0.761904761904762,10,1.0,0.7951807228915663,0.963855421686747,1.0,,,,,,,
mean_of_samples,random,9,403,0.2807113025086219,0.22143905837608988,1.0,0.0,0.0,10,,,,,,,,,,,
nearest_sample,random,9,403,0.14031237324543439,0.09604360241737493,0.47058823529411764,0.8,0.5925925925925927,10,,,,,,,,,,,
decay_only,random,9,403,0.2032392757860195,0.1534458628593005,0.4,0.6,0.48,10,,,,,,,,,,,
simgp_core,random,10,403,0.05935157211498801,0.036757027401909836,0.7272727272727273,0.8,0.761904761904762,10,1.0,0.8658536585365854,0.9878048780487805,1.0,0.55,0.6,0.5,1.0,1.0,0.95,0.8181818181818182
simgp_core_nogp,random,10,403,0.06009277660718866,0.038528434008051324,0.7272727272727273,0.8,0.761904761904762,10,1.0,0.7926829268292683,1.0,1.0,,,,,,,
simgp_core_g75,random,10,403,0.09802407476387878,0.05328085282529756,0.47058823529411764,0.8,0.5925925925925927,10,0.8048780487804879,0.36585365853658536,0.6707317073170732,0.8292682926829268,,,,,,,
physgp_core,random,10,403,0.1567648390510922,0.08910745692575571,0.45,0.9,0.6,10,0.6585365853658537,0.4268292682926829,0.6219512195121951,0.6951219512195121,,,,,,,
physgp_rich,random,10,403,0.2588326050203713,0.20398865945568415,0.3333333333333333,0.5,0.4,10,0.4024390243902439,0.23170731707317074,0.34146341463414637,0.47560975609756095,,,,,,,
simgp_rich,random,10,403,0.057721315947451425,0.03456132306264795,0.7272727272727273,0.8,0.761904761904762,10,1.0,0.9146341463414634,1.0,1.0,,,,,,,
pinn_rich,random,10,403,0.11268750079039389,0.07530907324857362,1.0,0.0,0.0,10,0.5121951219512195,0.25609756097560976,0.4268292682926829,0.5609756097560976,,,,,,,
mean_of_samples,random,10,403,0.27446572505819394,0.2150737912836807,1.0,0.0,0.0,10,,,,,,,,,,,
nearest_sample,random,10,403,0.1348921171680143,0.09179199679694282,0.47058823529411764,0.8,0.5925925925925927,10,,,,,,,,,,,
decay_only,random,10,403,0.20212131414367357,0.15192902225910423,0.4,0.6,0.48,10,,,,,,,,,,,
simgp_core,random,11,403,0.0596921903693817,0.037108587678070536,0.7272727272727273,0.8,0.761904761904762,10,1.0,0.8641975308641975,0.9876543209876543,1.0,0.55,0.6,0.5,1.0,1.0,0.95,0.8181818181818182
simgp_core_nogp,random,11,403,0.060241565873215636,0.03853353939972375,0.7272727272727273,0.8,0.761904761904762,10,1.0,0.7901234567901234,1.0,1.0,,,,,,,
simgp_core_g75,random,11,403,0.09857279948809065,0.05276723789549299,0.47058823529411764,0.8,0.5925925925925927,10,0.7901234567901234,0.3950617283950617,0.6172839506172839,0.8148148148148148,,,,,,,
physgp_core,random,11,403,0.15809470100714343,0.09136111956581594,0.45,0.9,0.6,10,0.5432098765432098,0.35802469135802467,0.5308641975308642,0.6049382716049383,,,,,,,
physgp_rich,random,11,403,0.17093347855549484,0.11120364005957944,0.4117647058823529,0.7,0.5185185185185185,10,0.5925925925925926,0.32098765432098764,0.48148148148148145,0.6049382716049383,,,,,,,
simgp_rich,random,11,403,0.058172693686910235,0.03506303171460873,0.7272727272727273,0.8,0.761904761904762,10,1.0,0.8888888888888888,1.0,1.0,,,,,,,
mean_of_samples,random,11,403,0.2768749970450048,0.21834449035197803,1.0,0.0,0.0,10,,,,,,,,,,,
nearest_sample,random,11,403,0.13447548250627722,0.0902075076005825,0.47058823529411764,0.8,0.5925925925925927,10,,,,,,,,,,,
decay_only,random,11,403,0.20413198282592435,0.15454977633240038,0.4,0.6,0.48,10,,,,,,,,,,,
simgp_core,random,12,403,0.049930307965232436,0.033612729176637025,0.7777777777777778,0.7777777777777778,0.7777777777777778,9,1.0,0.85,0.9875,1.0,0.55,0.6,0.5,0.85,0.9,1.0,0.8181818181818182
simgp_core_nogp,random,12,403,0.04579647580881601,0.02904083989762548,0.7272727272727273,0.8888888888888888,0.7999999999999999,9,1.0,0.8875,1.0,1.0,,,,,,,
simgp_core_g75,random,12,403,0.10552619677225247,0.05552762283854473,0.4375,0.7777777777777778,0.56,9,0.7625,0.4375,0.675,0.8,,,,,,,
physgp_core,random,12,403,0.160324580900063,0.09021589165486368,0.42105263157894735,0.8888888888888888,0.5714285714285714,9,0.5375,0.325,0.5125,0.6,,,,,,,
physgp_rich,random,12,403,0.17281926040785206,0.11317268885230222,0.35714285714285715,0.5555555555555556,0.43478260869565216,9,0.5,0.2625,0.45,0.575,,,,,,,
simgp_rich,random,12,403,0.05046389500672609,0.036194925102632024,0.7,0.7777777777777778,0.7368421052631577,9,1.0,0.825,1.0,1.0,,,,,,,
pinn_rich,random,12,403,0.09863989875299936,0.061627620162469934,0.8333333333333334,0.5555555555555556,0.6666666666666667,9,0.6625,0.2875,0.6,0.725,,,,,,,
mean_of_samples,random,12,403,0.2587924396020717,0.20254563606889925,1.0,0.0,0.0,9,,,,,,,,,,,
nearest_sample,random,12,403,0.13486873796475876,0.0900338879919059,0.4375,0.7777777777777778,0.56,9,,,,,,,,,,,
decay_only,random,12,403,0.22202823600555577,0.1669284106083488,0.3076923076923077,0.4444444444444444,0.3636363636363637,9,,,,,,,,,,,
simgp_core,random,13,403,0.055758009106270684,0.038317170284120794,0.4666666666666667,0.875,0.608695652173913,8,0.9493670886075949,0.8481012658227848,0.9367088607594937,0.9493670886075949,0.7,0.6,1.0,0.85,1.1,1.0,0.9090909090909091
simgp_core_nogp,random,13,403,0.05069624275750859,0.03058655803081977,0.6666666666666666,1.0,0.8,8,1.0,0.8734177215189873,1.0,1.0,,,,,,,
simgp_core_g75,random,13,403,0.09954838217066161,0.06466657387246919,0.3888888888888889,0.875,0.5384615384615385,8,0.810126582278481,0.5949367088607594,0.759493670886076,0.8481012658227848,,,,,,,
physgp_core,random,13,403,0.1837866177527039,0.1354357010170016,0.3,0.75,0.4285714285714285,8,0.4936708860759494,0.27848101265822783,0.45569620253164556,0.5569620253164557,,,,,,,
physgp_rich,random,13,403,0.1577505046130527,0.09410151935128017,0.32,1.0,0.48484848484848486,8,0.7468354430379747,0.4430379746835443,0.7088607594936709,0.7468354430379747,,,,,,,
simgp_rich,random,13,403,0.06073940805157807,0.04286613136814913,0.6363636363636364,0.875,0.7368421052631579,8,0.9873417721518988,0.7721518987341772,0.9620253164556962,0.9873417721518988,,,,,,,
mean_of_samples,random,13,403,0.25289056767864115,0.1981621234889708,1.0,0.0,0.0,8,,,,,,,,,,,
nearest_sample,random,13,403,0.13808161196801327,0.09381110197101855,0.4,0.75,0.5217391304347827,8,,,,,,,,,,,
decay_only,random,13,403,0.22354937342102585,0.17063472187207337,0.3076923076923077,0.5,0.380952380952381,8,,,,,,,,,,,
simgp_core,random,14,403,0.05235074564733306,0.03514453326403159,0.4666666666666667,0.875,0.608695652173913,8,0.9487179487179487,0.8461538461538461,0.9230769230769231,0.9487179487179487,0.7,0.6,1.0,0.85,1.1,1.0,0.9090909090909091
simgp_core_nogp,random,14,403,0.0488670043088345,0.029573310689022483,0.6666666666666666,1.0,0.8,8,1.0,0.8717948717948718,1.0,1.0,,,,,,,
simgp_core_g75,random,14,403,0.09756181650708114,0.05770702476861912,0.3684210526315789,0.875,0.5185185185185185,8,0.8076923076923077,0.6410256410256411,0.7692307692307693,0.8461538461538461,,,,,,,
physgp_core,random,14,403,0.1760318269942928,0.12167317024041131,0.2727272727272727,0.75,0.39999999999999997,8,0.5256410256410257,0.19230769230769232,0.48717948717948717,0.5512820512820513,,,,,,,
physgp_rich,random,14,403,0.1579307043900224,0.09313381789571255,0.32,1.0,0.48484848484848486,8,0.7307692307692307,0.41025641025641024,0.6794871794871795,0.7435897435897436,,,,,,,
simgp_rich,random,14,403,0.0587170158347946,0.042492664862451124,0.5833333333333334,0.875,0.7000000000000001,8,0.9871794871794872,0.7435897435897436,0.9615384615384616,0.9871794871794872,,,,,,,
mean_of_samples,random,14,403,0.25516944603484454,0.19924533252620905,1.0,0.0,0.0,8,,,,,,,,,,,
nearest_sample,random,14,403,0.1393917530959687,0.09451058333135258,0.4,0.75,0.5217391304347827,8,,,,,,,,,,,
decay_only,random,14,403,0.22349856076539246,0.17048423329920948,0.3076923076923077,0.5,0.380952380952381,8,,,,,,,,,,,
simgp_core,random,15,403,0.05243271566895954,0.035608150545016835,0.4666666666666667,0.875,0.608695652173913,8,0.948051948051948,0.8311688311688312,0.922077922077922,0.948051948051948,0.7,0.6,1.0,0.85,1.1,1.0,0.9090909090909091
simgp_core_nogp,random,15,403,0.04921199652890656,0.030170248761521103,0.6666666666666666,1.0,0.8,8,1.0,0.8441558441558441,1.0,1.0,,,,,,,
simgp_core_g75,random,15,403,0.09741442613884618,0.058573588161989563,0.3684210526315789,0.875,0.5185185185185185,8,0.8051948051948052,0.6363636363636364,0.7662337662337663,0.8441558441558441,,,,,,,
physgp_core,random,15,403,0.17724329684924248,0.12266614284781213,0.2727272727272727,0.75,0.39999999999999997,8,0.4675324675324675,0.14285714285714285,0.4155844155844156,0.5324675324675324,,,,,,,
physgp_rich,random,15,403,0.15878973444163444,0.0910619578918887,0.3333333333333333,1.0,0.5,8,0.7142857142857143,0.4805194805194805,0.6753246753246753,0.7272727272727273,,,,,,,
simgp_rich,random,15,403,0.057086644477995795,0.04105016683718639,0.5333333333333333,1.0,0.6956521739130436,8,0.948051948051948,0.7532467532467533,0.948051948051948,0.961038961038961,,,,,,,
pinn_rich,random,15,403,0.0967912619062785,0.06824126166869222,0.46153846153846156,0.75,0.5714285714285714,8,0.5194805194805194,0.2857142857142857,0.42857142857142855,0.5584415584415584,,,,,,,
mean_of_samples,random,15,403,0.25479130972271435,0.19928120373773411,1.0,0.0,0.0,8,,,,,,,,,,,
nearest_sample,random,15,403,0.13037288977298697,0.08265075811560851,0.42857142857142855,0.75,0.5454545454545454,8,,,,,,,,,,,
decay_only,random,15,403,0.22739588825252627,0.17436005150746534,0.3076923076923077,0.5,0.380952380952381,8,,,,,,,,,,,
simgp_core,uncertainty,3,403,0.06654797973290373,0.04832933023809925,0.7272727272727273,0.8,0.761904761904762,10,1.0,0.7865168539325843,1.0,1.0,0.7,0.6,0.0,1.0,1.0,1.0,0.7272727272727273
simgp_core,uncertainty,4,403,0.045354864295827454,0.038823547623144876,0.8888888888888888,0.8,0.8421052631578948,10,1.0,0.7727272727272727,1.0,1.0,0.55,0.6,0.0,0.85,0.9,1.05,0.7272727272727273
simgp_core,uncertainty,5,403,0.053677528957728336,0.045657503409626675,0.8888888888888888,0.8,0.8421052631578948,10,1.0,0.6436781609195402,1.0,1.0,0.7,0.6,0.0,0.85,0.9,1.05,0.7272727272727273
simgp_core,uncertainty,6,403,0.04719203448033256,0.041295658795789635,0.8888888888888888,0.8,0.8421052631578948,10,1.0,0.7209302325581395,1.0,1.0,0.55,0.6,0.0,0.85,1.0,1.0,0.7272727272727273
simgp_core,uncertainty,7,403,0.03415502827144062,0.02894325397196204,0.875,0.7777777777777778,0.823529411764706,9,1.0,0.9058823529411765,1.0,1.0,0.55,0.6,0.0,0.85,1.1,1.05,0.7272727272727273
simgp_core,uncertainty,8,403,0.039674901183511524,0.03393519772733347,0.8333333333333334,0.625,0.7142857142857143,8,1.0,0.7380952380952381,1.0,1.0,0.55,0.6,0.0,1.0,1.1,0.9,0.6363636363636364
simgp_core,uncertainty,9,403,0.039605612192301264,0.034157917004701284,0.8,0.5714285714285714,0.6666666666666666,7,1.0,0.7590361445783133,1.0,1.0,0.55,0.6,0.0,1.0,1.1,0.9,0.6363636363636364
simgp_core,uncertainty,10,403,0.03962203943021777,0.034200763765557966,0.8,0.5714285714285714,0.6666666666666666,7,1.0,0.7560975609756098,1.0,1.0,0.55,0.6,0.0,1.0,1.1,0.95,0.6363636363636364
simgp_core,uncertainty,11,403,0.043631694947985786,0.03850756713181603,1.0,0.5714285714285714,0.7272727272727273,7,1.0,0.7160493827160493,0.9876543209876543,1.0,0.55,0.6,0.0,1.0,1.1,0.95,0.6363636363636364
simgp_core,uncertainty,12,403,0.04430804657432688,0.039246516787775056,1.0,0.5,0.6666666666666666,6,1.0,0.7,0.9875,1.0,0.55,0.6,0.0,1.0,1.1,0.95,0.6363636363636364
simgp_core,uncertainty,13,403,0.03475945621029331,0.0305791125984776,1.0,0.6,0.7499999999999999,5,1.0,0.8734177215189873,1.0,1.0,0.4,0.6,0.0,0.85,1.0,0.95,0.7272727272727273
simgp_core,uncertainty,14,403,0.028595826478995664,0.02437387370325689,0.75,0.75,0.75,4,1.0,0.9615384615384616,1.0,1.0,0.4,0.6,0.5,0.85,1.0,0.9,0.8181818181818182
simgp_core,uncertainty,15,403,0.02974017439180307,0.025511383098978636,0.6666666666666666,0.6666666666666666,0.6666666666666666,3,1.0,0.961038961038961,1.0,1.0,0.4,0.6,0.5,0.85,1.0,0.9,0.8181818181818182
simgp_core,straddle,3,403,0.06115645622873134,0.03933760554589607,0.7272727272727273,0.8,0.761904761904762,10,1.0,0.9325842696629213,1.0,1.0,0.4,0.6,1.0,1.15,1.1,0.9,0.7272727272727273
simgp_core,straddle,4,403,0.04381398406004058,0.032223349475895315,0.875,0.7,0.7777777777777777,10,1.0,0.8977272727272727,1.0,1.0,0.55,0.6,0.5,0.85,1.0,0.95,0.6363636363636364
simgp_core,straddle,5,403,0.029070287529931616,0.024033050987945764,0.8888888888888888,0.8,0.8421052631578948,10,1.0,0.9195402298850575,1.0,1.0,0.55,0.6,1.0,0.85,1.0,0.95,0.7272727272727273
simgp_core,straddle,6,403,0.03260396689580773,0.026748241419695624,1.0,0.7,0.8235294117647058,10,1.0,0.7906976744186046,1.0,1.0,0.4,0.6,0.5,0.85,1.0,0.95,0.6363636363636364
simgp_core,straddle,7,403,0.03653576361263924,0.030622941073187318,1.0,0.7777777777777778,0.8750000000000001,9,1.0,0.7411764705882353,1.0,1.0,0.55,0.6,0.5,0.85,1.0,1.0,0.7272727272727273
simgp_core,straddle,8,403,0.03632999198985495,0.030330949115448952,1.0,0.75,0.8571428571428571,8,1.0,0.7261904761904762,0.9880952380952381,1.0,0.55,0.6,0.5,0.85,1.0,1.0,0.7272727272727273
simgp_core,straddle,9,403,0.03522901080561229,0.029534154361846532,1.0,0.75,0.8571428571428571,8,1.0,0.6987951807228916,0.9759036144578314,1.0,0.55,0.6,0.5,0.85,1.0,1.0,0.7272727272727273
simgp_core,straddle,10,403,0.03074129742379962,0.025356514125116192,1.0,0.7142857142857143,0.8333333333333333,7,1.0,0.7682926829268293,0.9878048780487805,1.0,0.55,0.6,0.5,0.85,1.1,1.05,0.7272727272727273
simgp_core,straddle,11,403,0.03209063759105969,0.027286746288669984,1.0,0.8333333333333334,0.9090909090909091,6,1.0,0.7777777777777778,0.9506172839506173,1.0,0.55,0.6,0.5,0.85,1.1,1.05,0.7272727272727273
simgp_core,straddle,12,403,0.03023010730832144,0.025338144386269544,1.0,0.8333333333333334,0.9090909090909091,6,1.0,0.7875,0.975,1.0,0.55,0.6,0.5,0.85,1.1,1.05,0.7272727272727273
simgp_core,straddle,13,403,0.02833771916913839,0.023291964235850553,1.0,1.0,1.0,5,1.0,0.8227848101265823,0.9873417721518988,1.0,0.55,0.6,0.5,0.85,1.1,1.05,0.8181818181818182
simgp_core,straddle,14,403,0.025055031819382022,0.018054856242746522,1.0,1.0,1.0,5,1.0,0.8974358974358975,1.0,1.0,0.55,0.6,0.5,0.85,1.1,1.0,0.8181818181818182
simgp_core,straddle,15,403,0.0266586487675329,0.020849228840176735,1.0,1.0,1.0,4,1.0,0.8181818181818182,1.0,1.0,0.55,0.6,0.5,0.85,1.1,1.0,0.8181818181818182
simgp_core,random,3,404,0.06314876342754133,0.04499248483600453,0.8571428571428571,1.0,0.923076923076923,18,1.0,0.8202247191011236,0.9887640449438202,1.0,0.25,1.0,1.0,1.15,0.9,1.0,1.0
simgp_core_nogp,random,3,404,0.06360140394399678,0.04494379969250506,0.8571428571428571,1.0,0.923076923076923,18,1.0,0.797752808988764,0.9662921348314607,1.0,,,,,,,
simgp_core_g75,random,3,404,0.08125000601497523,0.051879291302642384,0.72,1.0,0.8372093023255813,18,0.8764044943820225,0.42696629213483145,0.7865168539325843,0.898876404494382,,,,,,,
physgp_core,random,3,404,0.21460485192404677,0.1520849955850797,0.4864864864864865,1.0,0.6545454545454547,18,0.3146067415730337,0.21348314606741572,0.29213483146067415,0.33707865168539325,,,,,,,
physgp_rich,random,3,404,0.2146087401970082,0.1521542779945043,0.4864864864864865,1.0,0.6545454545454547,18,0.3146067415730337,0.21348314606741572,0.29213483146067415,0.33707865168539325,,,,,,,
simgp_rich,random,3,404,0.06324173190465557,0.04450105985818904,0.8571428571428571,1.0,0.923076923076923,18,1.0,0.797752808988764,0.9887640449438202,1.0,,,,,,,
pinn_rich,random,3,404,0.19186196960826535,0.10723470535903667,0.8823529411764706,0.8333333333333334,0.8571428571428571,18,0.34831460674157305,0.1348314606741573,0.30337078651685395,0.38202247191011235,,,,,,,
mean_of_samples,random,3,404,0.25469061158086903,0.18575302735701482,1.0,0.0,0.0,18,,,,,,,,,,,
nearest_sample,random,3,404,0.2213059814694639,0.1513727806307892,0.5555555555555556,0.8333333333333334,0.6666666666666667,18,,,,,,,,,,,
decay_only,random,3,404,0.21460872631660727,0.15215409212771225,0.4864864864864865,1.0,0.6545454545454547,18,,,,,,,,,,,
simgp_core,random,4,404,0.05877635755878885,0.040206201016313226,0.8571428571428571,1.0,0.923076923076923,18,1.0,0.875,1.0,1.0,0.4,1.0,1.0,1.15,0.9,1.05,1.0
simgp_core_nogp,random,4,404,0.06271138343650565,0.044045258123979615,0.8571428571428571,1.0,0.923076923076923,18,1.0,0.8068181818181818,0.9772727272727273,1.0,,,,,,,
simgp_core_g75,random,4,404,0.07586515159482453,0.043783143856668934,0.72,1.0,0.8372093023255813,18,0.8977272727272727,0.6022727272727273,0.8636363636363636,0.8977272727272727,,,,,,,
physgp_core,random,4,404,0.201722015678748,0.1421065820100252,0.4864864864864865,1.0,0.6545454545454547,18,0.38636363636363635,0.25,0.3522727272727273,0.38636363636363635,,,,,,,
physgp_rich,random,4,404,0.20360012770547933,0.1518455880210337,0.4864864864864865,1.0,0.6545454545454547,18,0.4090909090909091,0.1590909090909091,0.375,0.4318181818181818,,,,,,,
simgp_rich,random,4,404,0.05882974323480152,0.03987956106004757,0.8571428571428571,1.0,0.923076923076923,18,1.0,0.875,1.0,1.0,,,,,,,
mean_of_samples,random,4,404,0.3189684230342148,0.2631180752790346,1.0,0.0,0.0,18,,,,,,,,,,,
nearest_sample,random,4,404,0.1665357316789722,0.12585929295532775,0.5555555555555556,0.8333333333333334,0.6666666666666667,18,,,,,,,,,,,
decay_only,random,4,404,0.208204553326612,0.16229090199927346,0.4864864864864865,1.0,0.6545454545454547,18,,,,,,,,,,,
simgp_core,random,5,404,0.05487042598027436,0.0352291151917709,0.8571428571428571,1.0,0.923076923076923,18,1.0,0.8850574712643678,1.0,1.0,0.4,1.0,1.0,1.15,0.9,1.05,1.0
simgp_core_nogp,random,5,404,0.06252338021911069,0.04414448782094385,0.8571428571428571,1.0,0.923076923076923,18,0.9885057471264368,0.7586206896551724,0.9540229885057471,1.0,,,,,,,
simgp_core_g75,random,5,404,0.07586788211867596,0.04355134352227904,0.72,1.0,0.8372093023255813,18,0.8850574712643678,0.45977011494252873,0.8275862068965517,0.896551724137931,,,,,,,
physgp_core,random,5,404,0.2001827074634237,0.14321064669348216,0.4864864864864865,1.0,0.6545454545454547,18,0.3333333333333333,0.1724137931034483,0.28735632183908044,0.3333333333333333,,,,,,,
physgp_rich,random,5,404,0.20592473910429696,0.1505201452130141,0.46153846153846156,1.0,0.631578947368421,18,0.25287356321839083,0.11494252873563218,0.1839080459770115,0.2988505747126437,,,,,,,
simgp_rich,random,5,404,0.058308669493611805,0.04041968609916013,0.8571428571428571,1.0,0.923076923076923,18,1.0,0.8160919540229885,1.0,1.0,,,,,,,
pinn_rich,random,5,404,0.11841667148436653,0.08082046969537413,0.9333333333333333,0.7777777777777778,0.8484848484848485,18,0.41379310344827586,0.19540229885057472,0.3218390804597701,0.5287356321839081,,,,,,,
mean_of_samples,random,5,404,0.2765325318299568,0.21279278903699053,1.0,0.0,0.0,18,,,,,,,,,,,
nearest_sample,random,5,404,0.1557140209131601,0.11690185572893151,0.9375,0.8333333333333334,0.8823529411764706,18,,,,,,,,,,,
decay_only,random,5,404,0.20785707226525704,0.16384124049012377,0.4864864864864865,1.0,0.6545454545454547,18,,,,,,,,,,,
simgp_core,random,6,404,0.035836599694770384,0.02515180247254745,0.9473684210526315,1.0,0.972972972972973,18,1.0,0.9418604651162791,1.0,1.0,0.55,1.0,1.0,1.0,1.1,1.0,1.0
simgp_core_nogp,random,6,404,0.047231625002400975,0.03287877564404036,0.9473684210526315,1.0,0.972972972972973,18,0.9883720930232558,0.813953488372093,0.9534883720930233,1.0,,,,,,,
simgp_core_g75,random,6,404,0.053227801167386284,0.03262271627967983,0.9473684210526315,1.0,0.972972972972973,18,0.8604651162790697,0.3023255813953488,0.813953488372093,0.8953488372093024,,,,,,,
physgp_core,random,6,404,0.09244049299420862,0.07018119872578939,1.0,0.8333333333333334,0.9090909090909091,18,0.627906976744186,0.3023255813953488,0.5348837209302325,0.7093023255813954,,,,,,,
physgp_rich,random,6,404,0.20202593891358936,0.14676846155849513,0.5,0.5,0.5,18,0.6395348837209303,0.32558139534883723,0.5232558139534884,0.6744186046511628,,,,,,,
simgp_rich,random,6,404,0.03540732340840452,0.023329765337067834,0.9473684210526315,1.0,0.972972972972973,18,1.0,0.9302325581395349,1.0,1.0,,,,,,,
mean_of_samples,random,6,404,0.26822900129216426,0.20322673962314244,1.0,0.0,0.0,18,,,,,,,,,,,
nearest_sample,random,6,404,0.14996749288995626,0.11336611533718893,0.9375,0.8333333333333334,0.8823529411764706,18,,,,,,,,,,,
decay_only,random,6,404,0.23729339514786862,0.1760662493761617,1.0,0.0,0.0,18,,,,,,,,,,,
simgp_core,random,7,404,0.03239599509341924,0.020303198452585068,0.9444444444444444,0.9444444444444444,0.9444444444444444,18,1.0,0.9529411764705882,1.0,1.0,0.4,1.0,1.0,0.85,1.0,1.05,0.9473684210526315
simgp_core_nogp,random,7,404,0.047348380782595414,0.032592439168475505,0.9473684210526315,1.0,0.972972972972973,18,0.9764705882352941,0.8117647058823529,0.9529411764705882,1.0,,,,,,,
simgp_core_g75,random,7,404,0.05222123073898692,0.029294711609884155,0.9473684210526315,1.0,0.972972972972973,18,0.8823529411764706,0.49411764705882355,0.6941176470588235,0.9411764705882353,,,,,,,
physgp_core,random,7,404,0.0911207980012822,0.06954501293470666,0.9411764705882353,0.8888888888888888,0.9142857142857143,18,0.38823529411764707,0.16470588235294117,0.29411764705882354,0.47058823529411764,,,,,,,
physgp_rich,random,7,404,0.0986617559614443,0.07251218742925682,1.0,0.8333333333333334,0.9090909090909091,18,0.8235294117647058,0.4470588235294118,0.7176470588235294,0.8823529411764706,,,,,,,
simgp_rich,random,7,404,0.03180212827514694,0.0202096627449691,0.9473684210526315,1.0,0.972972972972973,18,1.0,0.9529411764705882,1.0,1.0,,,,,,,
mean_of_samples,random,7,404,0.26534563778656556,0.20037739764062487,1.0,0.0,0.0,18,,,,,,,,,,,
nearest_sample,random,7,404,0.1319161940913997,0.09204474503888949,0.9375,0.8333333333333334,0.8823529411764706,18,,,,,,,,,,,
decay_only,random,7,404,0.23862902299181055,0.17757144352462736,1.0,0.0,0.0,18,,,,,,,,,,,
simgp_core,random,8,404,0.04516790847986453,0.03024325696793862,0.9444444444444444,0.9444444444444444,0.9444444444444444,18,0.9761904761904762,0.7857142857142857,0.9761904761904762,1.0,0.55,1.0,1.0,1.0,1.1,1.0,0.9473684210526315
simgp_core_nogp,random,8,404,0.048813519771645934,0.03340179432113747,0.9473684210526315,1.0,0.972972972972973,18,0.9642857142857143,0.75,0.8928571428571429,1.0,,,,,,,
simgp_core_g75,random,8,404,0.0539129979165072,0.03366909533549513,0.9444444444444444,0.9444444444444444,0.9444444444444444,18,0.6904761904761905,0.42857142857142855,0.5952380952380952,0.75,,,,,,,
physgp_core,random,8,404,0.09412018394556243,0.07032161154056008,0.9375,0.8333333333333334,0.8823529411764706,18,0.44047619047619047,0.2261904761904762,0.36904761904761907,0.5119047619047619,,,,,,,
physgp_rich,random,8,404,0.09798223005773979,0.06877346415301833,1.0,0.8333333333333334,0.9090909090909091,18,0.8571428571428571,0.4880952380952381,0.75,0.9285714285714286,,,,,,,
simgp_rich,random,8,404,0.04869525953073496,0.03402595698020389,0.9473684210526315,1.0,0.972972972972973,18,0.9761904761904762,0.7619047619047619,0.9285714285714286,1.0,,,,,,,
pinn_rich,random,8,404,0.11987364555938071,0.08093424614339619,0.9333333333333333,0.7777777777777778,0.8484848484848485,18,0.36904761904761907,0.13095238095238096,0.2976190476190476,0.39285714285714285,,,,,,,
mean_of_samples,random,8,404,0.2553295701987374,0.189553570142225,1.0,0.0,0.0,18,,,,,,,,,,,
nearest_sample,random,8,404,0.13027671566199506,0.09177835967696976,0.9375,0.8333333333333334,0.8823529411764706,18,,,,,,,,,,,
decay_only,random,8,404,0.24027256264625238,0.17904267400322166,1.0,0.0,0.0,18,,,,,,,,,,,
simgp_core,random,9,404,0.04619287932383754,0.029884025455213358,0.9444444444444444,0.9444444444444444,0.9444444444444444,18,0.9759036144578314,0.7710843373493976,0.9759036144578314,0.9759036144578314,0.4,1.0,1.0,1.0,1.1,1.0,0.9473684210526315
simgp_core_nogp,random,9,404,0.04930094970643529,0.032889335459511754,0.9473684210526315,1.0,0.972972972972973,18,0.963855421686747,0.7469879518072289,0.891566265060241,0.9879518072289156,,,,,,,
simgp_core_g75,random,9,404,0.05251474023123577,0.030120342488664735,0.9444444444444444,0.9444444444444444,0.9444444444444444,18,0.6867469879518072,0.4939759036144578,0.6626506024096386,0.6987951807228916,,,,,,,
physgp_core,random,9,404,0.09684563993166241,0.07296218385416865,0.9411764705882353,0.8888888888888888,0.9142857142857143,18,0.46987951807228917,0.2289156626506024,0.37349397590361444,0.5180722891566265,,,,,,,
physgp_rich,random,9,404,0.09757373023205873,0.06781226879528124,1.0,0.8333333333333334,0.9090909090909091,18,0.8313253012048193,0.46987951807228917,0.6987951807228916,0.8795180722891566,,,,,,,
simgp_rich,random,9,404,0.047153295088885716,0.03291360641757586,0.9473684210526315,1.0,0.972972972972973,18,0.9759036144578314,0.7590361445783133,0.927710843373494,1.0,,,,,,,
mean_of_samples,random,9,404,0.2533612567786189,0.18793921278984876,1.0,0.0,0.0,18,,,,,,,,,,,
nearest_sample,random,9,404,0.1274993169073064,0.08814078393134538,0.9375,0.8333333333333334,0.8823529411764706,18,,,,,,,,,,,
decay_only,random,9,404,0.2419378059082245,0.18124426349236927,1.0,0.0,0.0,18,,,,,,,,,,,
simgp_core,random,10,404,0.04854717124655095,0.03188650991077656,0.9411764705882353,0.9411764705882353,0.9411764705882353,17,0.975609756097561,0.7560975609756098,0.9512195121951219,1.0,0.1,1.0,1.0,1.0,1.1,0.95,0.9473684210526315
simgp_core_nogp,random,10,404,0.05340617001569316,0.03569191160453453,0.9411764705882353,0.9411764705882353,0.9411764705882353,17,0.9634146341463414,0.7073170731707317,0.8902439024390244,0.9878048780487805,,,,,,,
simgp_core_g75,random,10,404,0.060305083852211165,0.034562282431671726,0.8888888888888888,0.9411764705882353,0.9142857142857143,17,0.6707317073170732,0.4146341463414634,0.5975609756097561,0.7804878048780488,,,,,,,
physgp_core,random,10,404,0.10151371667427093,0.07491992385479737,0.9375,0.8823529411764706,0.9090909090909091,17,0.5,0.2804878048780488,0.43902439024390244,0.524390243902439,,,,,,,
physgp_rich,random,10,404,0.11883723169721716,0.06488161454043159,0.9333333333333333,0.8235294117647058,0.8749999999999999,17,0.9390243902439024,0.6341463414634146,0.8658536585365854,0.975609756097561,,,,,,,
simgp_rich,random,10,404,0.04223927836363333,0.02789271439335337,1.0,0.8235294117647058,0.9032258064516129,17,1.0,0.7804878048780488,1.0,1.0,,,,,,,
pinn_rich,random,10,404,0.1183631446834679,0.08169649200942872,0.9230769230769231,0.7058823529411765,0.8000000000000002,17,0.3902439024390244,0.08536585365853659,0.2682926829268293,0.4268292682926829,,,,,,,
mean_of_samples,random,10,404,0.24291435291309688,0.1811914478051841,1.0,0.0,0.0,17,,,,,,,,,,,
nearest_sample,random,10,404,0.12784839338524717,0.08810852425748515,0.9333333333333333,0.8235294117647058,0.8749999999999999,17,,,,,,,,,,,
decay_only,random,10,404,0.23731569688929802,0.1734779585550418,0.16666666666666666,0.058823529411764705,0.08695652173913045,17,,,,,,,,,,,
simgp_core,random,11,404,0.042936120116377784,0.02687504830850275,0.9411764705882353,0.9411764705882353,0.9411764705882353,17,1.0,0.8148148148148148,0.9753086419753086,1.0,0.1,1.0,0.5,1.0,1.1,0.95,0.9473684210526315
simgp_core_nogp,random,11,404,0.053224221026202584,0.03544377852855878,0.9411764705882353,0.9411764705882353,0.9411764705882353,17,0.9629629629629629,0.7037037037037037,0.8888888888888888,0.9876543209876543,,,,,,,
simgp_core_g75,random,11,404,0.0636726205644283,0.03639085947027126,0.8947368421052632,1.0,0.9444444444444444,17,0.7901234567901234,0.4691358024691358,0.6666666666666666,0.8271604938271605,,,,,,,
physgp_core,random,11,404,0.09490005842679733,0.06723226150917806,1.0,0.9411764705882353,0.9696969696969697,17,0.5061728395061729,0.2716049382716049,0.4567901234567901,0.5308641975308642,,,,,,,
physgp_rich,random,11,404,0.11644089313110234,0.07545683701450692,0.9333333333333333,0.8235294117647058,0.8749999999999999,17,0.8888888888888888,0.5432098765432098,0.8271604938271605,0.9629629629629629,,,,,,,
simgp_rich,random,11,404,0.040985402215261146,0.026973739622554626,1.0,0.8235294117647058,0.9032258064516129,17,1.0,0.7777777777777778,1.0,1.0,,,,,,,
mean_of_samples,random,11,404,0.2442187131498212,0.18321019859426435,1.0,0.0,0.0,17,,,,,,,,,,,
nearest_sample,random,11,404,0.1240669801353557,0.08455959551918056,0.9333333333333333,0.8235294117647058,0.8749999999999999,17,,,,,,,,,,,
decay_only,random,11,404,0.23724121790844796,0.1732914641429771,0.16666666666666666,0.058823529411764705,0.08695652173913045,17,,,,,,,,,,,
simgp_core,random,12,404,0.04001360790883695,0.026455951822921476,0.9375,0.9375,0.9375,16,1.0,0.8625,1.0,1.0,0.1,1.0,1.0,1.0,1.0,1.0,0.9473684210526315
simgp_core_nogp,random,12,404,0.05117977131297256,0.036285382670581845,0.9411764705882353,1.0,0.9696969696969697,16,0.9625,0.725,0.8875,1.0,,,,,,,
simgp_core_g75,random,12,404,0.05084218767399414,0.026770388352335493,0.9375,0.9375,0.9375,16,0.7625,0.575,0.7,0.8,,,,,,,
physgp_core,random,12,404,0.08774614955379817,0.06502522675556481,0.9375,0.9375,0.9375,16,0.45,0.275,0.4,0.4875,,,,,,,
physgp_rich,random,12,404,0.08602752529453032,0.05573401120446131,0.9375,0.9375,0.9375,16,0.875,0.5625,0.8625,0.9625,,,,,,,
simgp_rich,random,12,404,0.04189034379429721,0.03170723679887146,0.9230769230769231,0.75,0.8275862068965517,16,1.0,0.7375,0.9875,1.0,,,,,,,
pinn_rich,random,12,404,0.09559092971728377,0.05837594412886733,0.875,0.875,0.875,16,0.55,0.2,0.4625,0.6375,,,,,,,
mean_of_samples,random,12,404,0.2439088501233603,0.18265469107199558,1.0,0.0,0.0,16,,,,,,,,,,,
nearest_sample,random,12,404,0.11593739544673294,0.07831370699151687,0.8823529411764706,0.9375,0.9090909090909091,16,,,,,,,,,,,
decay_only,random,12,404,0.24087615199142984,0.1765467469273027,0.16666666666666666,0.0625,0.09090909090909091,16,,,,,,,,,,,
simgp_core,random,13,404,0.03424987695263944,0.02003642998826678,0.9375,0.9375,0.9375,16,1.0,0.9240506329113924,0.9873417721518988,1.0,0.1,1.0,1.0,1.0,1.0,1.0,0.9473684210526315
simgp_core_nogp,random,13,404,0.049020963230581895,0.0340397151584385,0.9411764705882353,1.0,0.9696969696969697,16,0.9746835443037974,0.759493670886076,0.9113924050632911,1.0,,,,,,,
simgp_core_g75,random,13,404,0.051527283143949394,0.02574723456083733,0.9375,0.9375,0.9375,16,0.7468354430379747,0.5949367088607594,0.7088607594936709,0.7974683544303798,,,,,,,
physgp_core,random,13,404,0.08837305264422289,0.062236786152523024,0.9375,0.9375,0.9375,16,0.45569620253164556,0.27848101265822783,0.3924050632911392,0.4810126582278481,,,,,,,
physgp_rich,random,13,404,0.08797142252983105,0.057564185556721145,0.9375,0.9375,0.9375,16,0.8734177215189873,0.5063291139240507,0.8227848101265823,0.9113924050632911,,,,,,,
simgp_rich,random,13,404,0.040147843491562384,0.029587352811517486,0.9230769230769231,0.75,0.8275862068965517,16,1.0,0.7215189873417721,0.9873417721518988,1.0,,,,,,,
mean_of_samples,random,13,404,0.24425521670018444,0.18205361586431987,1.0,0.0,0.0,16,,,,,,,,,,,
nearest_sample,random,13,404,0.11461956264471312,0.07907426924005109,0.8823529411764706,0.9375,0.9090909090909091,16,,,,,,,,,,,
decay_only,random,13,404,0.2360022355470754,0.17136055231418093,0.16666666666666666,0.0625,0.09090909090909091,16,,,,,,,,,,,
simgp_core,random,14,404,0.047160683460955956,0.03711259299195556,0.9375,1.0,0.967741935483871,15,0.9871794871794872,0.7307692307692307,0.9230769230769231,1.0,0.4,1.0,1.0,0.85,1.0,1.05,1.0
simgp_core_nogp,random,14,404,0.04763327812979647,0.037510028645522595,0.9375,1.0,0.967741935483871,15,0.9743589743589743,0.717948717948718,0.8846153846153846,1.0,,,,,,,
simgp_core_g75,random,14,404,0.06830375252177971,0.04290829650743345,0.8333333333333334,1.0,0.9090909090909091,15,0.8717948717948718,0.4230769230769231,0.717948717948718,0.8846153846153846,,,,,,,
physgp_core,random,14,404,0.10055667021665071,0.07672389686623893,0.7,0.4666666666666667,0.56,15,0.7948717948717948,0.44871794871794873,0.7692307692307693,0.8461538461538461,,,,,,,
physgp_rich,random,14,404,0.13021701731235788,0.0924464880010948,0.7368421052631579,0.9333333333333333,0.8235294117647058,15,0.9615384615384616,0.6666666666666666,0.9230769230769231,0.9743589743589743,,,,,,,
simgp_rich,random,14,404,0.04762716444080639,0.03750724692188649,0.9375,1.0,0.967741935483871,15,0.9871794871794872,0.7435897435897436,0.9102564102564102,1.0,,,,,,,
mean_of_samples,random,14,404,0.2437664779871564,0.18109239587381334,1.0,0.0,0.0,15,,,,,,,,,,,
nearest_sample,random,14,404,0.11618421937192538,0.08110542257787347,0.875,0.9333333333333333,0.9032258064516129,15,,,,,,,,,,,
decay_only,random,14,404,0.2443606440182689,0.18043117595119604,0.3333333333333333,0.2,0.25,15,,,,,,,,,,,
simgp_core,random,15,404,0.05045826261388502,0.039356353418049814,0.9333333333333333,1.0,0.9655172413793104,14,0.974025974025974,0.6753246753246753,0.8831168831168831,1.0,0.4,1.0,1.0,0.85,1.0,1.05,1.0
simgp_core_nogp,random,15,404,0.051108092777249405,0.03986967253878366,0.9333333333333333,1.0,0.9655172413793104,14,0.948051948051948,0.6753246753246753,0.8701298701298701,0.987012987012987,,,,,,,
simgp_core_g75,random,15,404,0.06100883079309678,0.0421949713757388,0.8666666666666667,0.9285714285714286,0.896551724137931,14,0.8961038961038961,0.42857142857142855,0.8181818181818182,0.935064935064935,,,,,,,
physgp_core,random,15,404,0.09044079975744128,0.0679020797816544,0.8571428571428571,0.8571428571428571,0.8571428571428571,14,0.8571428571428571,0.44155844155844154,0.7272727272727273,0.935064935064935,,,,,,,
physgp_rich,random,15,404,0.13365132546856553,0.09677858151393635,0.7222222222222222,0.9285714285714286,0.8125000000000001,14,0.961038961038961,0.6493506493506493,0.9090909090909091,0.974025974025974,,,,,,,
simgp_rich,random,15,404,0.0508586193691514,0.03734313011006267,0.9285714285714286,0.9285714285714286,0.9285714285714286,14,1.0,0.8181818181818182,0.987012987012987,1.0,,,,,,,
pinn_rich,random,15,404,0.10856207445586255,0.06765539104415262,0.8666666666666667,0.9285714285714286,0.896551724137931,14,0.45454545454545453,0.24675324675324675,0.37662337662337664,0.4935064935064935,,,,,,,
mean_of_samples,random,15,404,0.24578300903943312,0.18190620866533105,1.0,0.0,0.0,14,,,,,,,,,,,
nearest_sample,random,15,404,0.11676567984129893,0.08140498465675235,0.8666666666666667,0.9285714285714286,0.896551724137931,14,,,,,,,,,,,
decay_only,random,15,404,0.253670811878951,0.18887133619067192,0.3333333333333333,0.21428571428571427,0.2608695652173913,14,,,,,,,,,,,
simgp_core,uncertainty,3,404,0.06558226143537019,0.04676428234484775,0.8181818181818182,1.0,0.9,18,1.0,0.797752808988764,0.9887640449438202,1.0,0.25,1.0,1.0,1.15,1.0,0.95,1.0
simgp_core,uncertainty,4,404,0.057244574463401886,0.04458381235475795,0.9473684210526315,1.0,0.972972972972973,18,1.0,0.6477272727272727,1.0,1.0,0.1,1.0,0.5,0.85,1.0,0.9,1.0
simgp_core,uncertainty,5,404,0.055723579926180634,0.041525515627436775,0.9473684210526315,1.0,0.972972972972973,18,0.9770114942528736,0.6666666666666666,0.9655172413793104,0.9885057471264368,0.55,1.0,0.5,1.0,1.1,0.9,1.0
simgp_core,uncertainty,6,404,0.05847790210287056,0.04494396917423161,0.9,1.0,0.9473684210526316,18,0.9883720930232558,0.7906976744186046,0.9651162790697675,1.0,0.1,1.0,0.5,0.85,0.9,0.95,1.0
simgp_core,uncertainty,7,404,0.04987603535383139,0.038518068543962836,0.9444444444444444,1.0,0.9714285714285714,17,1.0,0.8588235294117647,1.0,1.0,0.1,1.0,0.5,0.85,0.9,0.95,1.0
simgp_core,uncertainty,8,404,0.0646676249006481,0.04507576417049308,0.9411764705882353,1.0,0.9696969696969697,16,1.0,0.8214285714285714,1.0,1.0,0.1,1.0,0.5,0.85,0.9,0.95,1.0
simgp_core,uncertainty,9,404,0.05115412624213207,0.0355261043630658,1.0,1.0,1.0,15,1.0,0.963855421686747,1.0,1.0,0.25,0.6,1.0,0.85,0.9,0.9,1.0
simgp_core,uncertainty,10,404,0.048904090162195456,0.03478888807325153,0.9333333333333333,1.0,0.9655172413793104,14,1.0,0.9634146341463414,1.0,1.0,0.25,0.6,1.0,0.85,0.9,0.9,1.0
simgp_core,uncertainty,11,404,0.04889871443038312,0.034848405229823624,0.9285714285714286,1.0,0.962962962962963,13,1.0,0.9629629629629629,1.0,1.0,0.25,0.6,1.0,0.85,0.9,0.9,1.0
simgp_core,uncertainty,12,404,0.06977301947294841,0.04768429367406535,0.9230769230769231,0.9230769230769231,0.9230769230769231,13,1.0,0.6375,0.975,1.0,0.25,0.6,1.0,0.85,0.9,0.9,0.9473684210526315
simgp_core,uncertainty,13,404,0.07022624056205455,0.0475157672945972,0.9230769230769231,0.9230769230769231,0.9230769230769231,13,1.0,0.6455696202531646,0.9746835443037974,1.0,0.25,0.6,1.0,0.85,0.9,0.9,0.9473684210526315
simgp_core,uncertainty,14,404,0.06341252697490145,0.04734813730928981,0.9230769230769231,0.9230769230769231,0.9230769230769231,13,1.0,0.6153846153846154,0.9743589743589743,1.0,0.25,0.6,1.0,0.85,0.9,0.9,0.9473684210526315
simgp_core,uncertainty,15,404,0.04877003468491452,0.037029848128472403,1.0,1.0,1.0,12,0.974025974025974,0.8961038961038961,0.961038961038961,0.987012987012987,0.1,1.0,0.5,0.85,0.9,0.95,1.0
simgp_core,straddle,3,404,0.06244489457617875,0.0449223843877352,0.85,0.9444444444444444,0.8947368421052632,18,1.0,0.8426966292134831,1.0,1.0,0.1,1.0,1.0,1.15,0.9,1.0,0.9473684210526315
simgp_core,straddle,4,404,0.05841867616408534,0.04516029428327873,0.9444444444444444,0.9444444444444444,0.9444444444444444,18,1.0,0.7840909090909091,0.9886363636363636,1.0,0.25,1.0,0.5,1.0,1.1,0.9,0.9473684210526315
simgp_core,straddle,5,404,0.05567757298646138,0.04004401812275928,0.9444444444444444,0.9444444444444444,0.9444444444444444,18,0.9770114942528736,0.8275862068965517,0.9770114942528736,1.0,0.1,1.0,0.5,1.0,1.1,0.9,0.9473684210526315
simgp_core,straddle,6,404,0.05149349970055998,0.04089176046943513,0.8947368421052632,1.0,0.9444444444444444,17,1.0,0.6511627906976745,0.9767441860465116,1.0,0.4,1.0,1.0,1.0,1.1,0.9,1.0
simgp_core,straddle,7,404,0.051832754497236955,0.04176009325558698,0.8947368421052632,1.0,0.9444444444444444,17,1.0,0.5176470588235295,0.9764705882352941,1.0,0.1,1.0,1.0,0.85,0.9,0.95,1.0
simgp_core,straddle,8,404,0.0513689339899633,0.04105710294285473,0.9444444444444444,1.0,0.9714285714285714,17,1.0,0.4880952380952381,0.9642857142857143,1.0,0.1,1.0,1.0,0.85,0.9,0.95,1.0
simgp_core,straddle,9,404,0.05186695199919567,0.04156477447675999,0.9444444444444444,1.0,0.9714285714285714,17,1.0,0.46987951807228917,0.9518072289156626,1.0,0.25,1.0,1.0,0.85,0.9,1.0,1.0
simgp_core,straddle,10,404,0.052453191817383844,0.042400815385585405,0.9444444444444444,1.0,0.9714285714285714,17,1.0,0.4634146341463415,0.9390243902439024,1.0,0.25,1.0,1.0,0.85,0.9,1.0,1.0
simgp_core,straddle,11,404,0.049625118424455945,0.0390367644751746,0.9444444444444444,1.0,0.9714285714285714,17,1.0,0.5308641975308642,0.9629629629629629,1.0,0.25,1.0,1.0,0.85,0.9,1.05,1.0
simgp_core,straddle,12,404,0.04996259770388887,0.03958692790252209,0.9411764705882353,1.0,0.9696969696969697,16,1.0,0.475,0.9625,1.0,0.25,1.0,1.0,0.85,0.9,1.05,1.0
simgp_core,straddle,13,404,0.049431480278943944,0.038787714452559886,1.0,1.0,1.0,16,1.0,0.4936708860759494,0.9493670886075949,1.0,0.25,1.0,1.0,0.85,0.9,1.0,1.0
simgp_core,straddle,14,404,0.049405227350434566,0.03939410332085651,1.0,1.0,1.0,15,1.0,0.8205128205128205,1.0,1.0,0.25,1.0,1.0,0.85,0.9,1.0,1.0
simgp_core,straddle,15,404,0.04969974468610773,0.03971483219901571,1.0,1.0,1.0,15,1.0,0.8181818181818182,1.0,1.0,0.25,1.0,1.0,0.85,0.9,1.0,1.0
simgp_core,random,3,405,0.09439472464849202,0.0719979663822136,1.0,0.7272727272727273,0.8421052631578948,11,1.0,0.6966292134831461,0.9213483146067416,1.0,0.1,1.0,0.0,1.15,0.9,1.1,0.7272727272727273
simgp_core_nogp,random,3,405,0.0961481078703963,0.07517899952098878,1.0,0.6363636363636364,0.7777777777777778,11,1.0,0.5056179775280899,0.9662921348314607,1.0,,,,,,,
simgp_core_g75,random,3,405,0.1334623627355816,0.10927542056781173,0.8,0.36363636363636365,0.5000000000000001,11,0.8426966292134831,0.3146067415730337,0.6067415730337079,0.9325842696629213,,,,,,,
physgp_core,random,3,405,0.2648023028239353,0.20655185735811543,0.14285714285714285,0.09090909090909091,0.1111111111111111,11,0.1797752808988764,0.056179775280898875,0.15730337078651685,0.21348314606741572,,,,,,,
physgp_rich,random,3,405,0.2647047493540988,0.2069049936779596,0.14285714285714285,0.09090909090909091,0.1111111111111111,11,0.07865168539325842,0.011235955056179775,0.06741573033707865,0.10112359550561797,,,,,,,
simgp_rich,random,3,405,0.10390218259762989,0.08421105014635993,1.0,0.6363636363636364,0.7777777777777778,11,0.9887640449438202,0.5617977528089888,0.9662921348314607,1.0,,,,,,,
pinn_rich,random,3,405,0.2380057619268585,0.17911118783848087,1.0,0.0,0.0,11,0.15730337078651685,0.06741573033707865,0.11235955056179775,0.21348314606741572,,,,,,,
mean_of_samples,random,3,405,0.2909051249222342,0.23245358161103968,1.0,0.0,0.0,11,,,,,,,,,,,
nearest_sample,random,3,405,0.26016924185665335,0.20829325403444718,1.0,0.0,0.0,11,,,,,,,,,,,
decay_only,random,3,405,0.2647047103958584,0.20690432366856207,0.14285714285714285,0.09090909090909091,0.1111111111111111,11,,,,,,,,,,,
simgp_core,random,4,405,0.09218755023833715,0.0697338819101427,1.0,0.7272727272727273,0.8421052631578948,11,1.0,0.6477272727272727,0.9204545454545454,1.0,0.1,1.0,0.0,1.15,0.9,1.1,0.7272727272727273
simgp_core_nogp,random,4,405,0.09031621269006472,0.06857870293751023,1.0,0.7272727272727273,0.8421052631578948,11,1.0,0.625,0.9659090909090909,1.0,,,,,,,
simgp_core_g75,random,4,405,0.1188668536256189,0.08156500502926971,0.8888888888888888,0.7272727272727273,0.7999999999999999,11,0.6818181818181818,0.36363636363636365,0.5681818181818182,0.7159090909090909,,,,,,,
physgp_core,random,4,405,0.2666309961246308,0.20866370446087276,0.14285714285714285,0.09090909090909091,0.1111111111111111,11,0.056818181818181816,0.03409090909090909,0.056818181818181816,0.056818181818181816,,,,,,,
physgp_rich,random,4,405,0.2700526158268188,0.21206196419708093,0.14285714285714285,0.09090909090909091,0.1111111111111111,11,0.045454545454545456,0.011363636363636364,0.022727272727272728,0.056818181818181816,,,,,,,
simgp_rich,random,4,405,0.09030074233094239,0.06846262737857256,1.0,0.7272727272727273,0.8421052631578948,11,1.0,0.6477272727272727,0.9772727272727273,1.0,,,,,,,
mean_of_samples,random,4,405,0.2901370065842279,0.23284580500350502,1.0,0.0,0.0,11,,,,,,,,,,,
nearest_sample,random,4,405,0.2559472784124753,0.20351869964765532,1.0,0.0,0.0,11,,,,,,,,,,,
decay_only,random,4,405,0.27004670669926417,0.2120381303506999,0.14285714285714285,0.09090909090909091,0.1111111111111111,11,,,,,,,,,,,
simgp_core,random,5,405,0.0899507448918927,0.06821378190373675,1.0,0.7272727272727273,0.8421052631578948,11,0.9885057471264368,0.6781609195402298,0.9195402298850575,1.0,0.1,1.0,0.0,1.15,0.9,1.1,0.7272727272727273
simgp_core_nogp,random,5,405,0.09042301892059956,0.06842511960555982,1.0,0.7272727272727273,0.8421052631578948,11,0.9885057471264368,0.5747126436781609,0.9655172413793104,1.0,,,,,,,
simgp_core_g75,random,5,405,0.1087743092675246,0.08068405504752565,0.8888888888888888,0.7272727272727273,0.7999999999999999,11,0.7126436781609196,0.22988505747126436,0.5862068965517241,0.896551724137931,,,,,,,
physgp_core,random,5,405,0.2618290913928766,0.20273410374712916,0.14285714285714285,0.09090909090909091,0.1111111111111111,11,0.09195402298850575,0.05747126436781609,0.08045977011494253,0.10344827586206896,,,,,,,
physgp_rich,random,5,405,0.26166491432877775,0.20270126694626722,0.14285714285714285,0.09090909090909091,0.1111111111111111,11,0.2988505747126437,0.13793103448275862,0.26436781609195403,0.3448275862068966,,,,,,,
simgp_rich,random,5,405,0.09013078409161572,0.06807200832779081,1.0,0.7272727272727273,0.8421052631578948,11,1.0,0.632183908045977,0.9770114942528736,1.0,,,,,,,
pinn_rich,random,5,405,0.20941211330743073,0.1510368873823528,1.0,0.0,0.0,11,0.22988505747126436,0.11494252873563218,0.19540229885057472,0.25287356321839083,,,,,,,
mean_of_samples,random,5,405,0.2755596786537071,0.218436023506565,1.0,0.0,0.0,11,,,,,,,,,,,
nearest_sample,random,5,405,0.24606209199303908,0.1864558734130803,1.0,0.0,0.0,11,,,,,,,,,,,
decay_only,random,5,405,0.26187592902897294,0.2028059266616786,0.14285714285714285,0.09090909090909091,0.1111111111111111,11,,,,,,,,,,,
simgp_core,random,6,405,0.08432833845517038,0.07020455188682982,1.0,0.6363636363636364,0.7777777777777778,11,0.8953488372093024,0.43023255813953487,0.8604651162790697,0.9651162790697675,0.1,1.0,1.0,1.0,1.1,1.1,0.6363636363636364
simgp_core_nogp,random,6,405,0.0798263050803397,0.06873837752391422,1.0,0.6363636363636364,0.7777777777777778,11,0.9534883720930233,0.36046511627906974,0.8372093023255814,0.9767441860465116,,,,,,,
simgp_core_g75,random,6,405,0.14253724273655508,0.1030704413670406,1.0,0.7272727272727273,0.8421052631578948,11,0.8488372093023255,0.38372093023255816,0.6744186046511628,0.8837209302325582,,,,,,,
physgp_core,random,6,405,0.2106623831821504,0.13670212530365802,1.0,0.0,0.0,11,0.6395348837209303,0.313953488372093,0.5465116279069767,0.7209302325581395,,,,,,,
physgp_rich,random,6,405,0.25383251450509897,0.18511436812780985,1.0,0.0,0.0,11,0.5697674418604651,0.12790697674418605,0.4418604651162791,0.7093023255813954,,,,,,,
simgp_rich,random,6,405,0.07971886707127926,0.06620187607798585,1.0,0.7272727272727273,0.8421052631578948,11,0.9767441860465116,0.5465116279069767,0.9302325581395349,0.9883720930232558,,,,,,,
mean_of_samples,random,6,405,0.2677963206486358,0.2072144047710685,1.0,0.0,0.0,11,,,,,,,,,,,
nearest_sample,random,6,405,0.2052528801720488,0.15993096976598814,1.0,0.0,0.0,11,,,,,,,,,,,
decay_only,random,6,405,0.2773171728723052,0.21793650400919926,1.0,0.0,0.0,11,,,,,,,,,,,
simgp_core,random,7,405,0.05861142265570602,0.04852396579512441,1.0,0.7272727272727273,0.8421052631578948,11,1.0,0.7411764705882353,0.9882352941176471,1.0,0.1,1.0,1.0,1.0,1.1,1.1,0.7272727272727273
simgp_core_nogp,random,7,405,0.08138019540329078,0.07001050658381018,1.0,0.6363636363636364,0.7777777777777778,11,0.8941176470588236,0.36470588235294116,0.8117647058823529,0.9764705882352941,,,,,,,
simgp_core_g75,random,7,405,0.08414744222733773,0.050459879004519925,0.9,0.8181818181818182,0.8571428571428572,11,0.8588235294117647,0.5882352941176471,0.788235294117647,0.8823529411764706,,,,,,,
physgp_core,random,7,405,0.2319155316710484,0.16004580572085805,1.0,0.0,0.0,11,0.6823529411764706,0.4470588235294118,0.611764705882353,0.7647058823529411,,,,,,,
physgp_rich,random,7,405,0.249948693396344,0.18571741149396878,1.0,0.0,0.0,11,0.5882352941176471,0.25882352941176473,0.4117647058823529,0.6705882352941176,,,,,,,
simgp_rich,random,7,405,0.08911556719859112,0.07175759445210232,1.0,0.7272727272727273,0.8421052631578948,11,0.9058823529411765,0.5294117647058824,0.8705882352941177,0.9529411764705882,,,,,,,
mean_of_samples,random,7,405,0.26990119055699285,0.2072435895281681,1.0,0.0,0.0,11,,,,,,,,,,,
nearest_sample,random,7,405,0.2034118769265005,0.15622991719040172,1.0,0.0,0.0,11,,,,,,,,,,,
decay_only,random,7,405,0.26948932041967566,0.20901524153892803,1.0,0.0,0.0,11,,,,,,,,,,,
simgp_core,random,8,405,0.057387481948954114,0.047457452025099274,1.0,0.8181818181818182,0.9,11,1.0,0.6666666666666666,0.9523809523809523,1.0,0.1,0.6,1.0,0.85,1.1,0.95,0.8181818181818182
simgp_core_nogp,random,8,405,0.07861604142172611,0.06722619984214724,1.0,0.6363636363636364,0.7777777777777778,11,0.8452380952380952,0.32142857142857145,0.7976190476190477,0.9761904761904762,,,,,,,
simgp_core_g75,random,8,405,0.09108948255956743,0.0596367760360034,0.9,0.8181818181818182,0.8571428571428572,11,0.7619047619047619,0.40476190476190477,0.6071428571428571,0.8452380952380952,,,,,,,
physgp_core,random,8,405,0.20761626810031397,0.13726666885103883,1.0,0.0,0.0,11,0.6428571428571429,0.25,0.5476190476190477,0.7142857142857143,,,,,,,
physgp_rich,random,8,405,0.25925099976117244,0.19540448040451325,1.0,0.0,0.0,11,0.5595238095238095,0.2261904761904762,0.4166666666666667,0.6190476190476191,,,,,,,
simgp_rich,random,8,405,0.0836782375104882,0.06679138935821871,1.0,0.6363636363636364,0.7777777777777778,11,0.8928571428571429,0.4642857142857143,0.8452380952380952,0.9047619047619048,,,,,,,
pinn_rich,random,8,405,0.19560097364214563,0.14165096449707323,1.0,0.0,0.0,11,0.2857142857142857,0.13095238095238096,0.2261904761904762,0.34523809523809523,,,,,,,
mean_of_samples,random,8,405,0.2697976136034078,0.20705940199220796,1.0,0.0,0.0,11,,,,,,,,,,,
nearest_sample,random,8,405,0.2023677800907736,0.15538432678028752,1.0,0.0,0.0,11,,,,,,,,,,,
decay_only,random,8,405,0.2733427739472408,0.21312947129434198,1.0,0.0,0.0,11,,,,,,,,,,,
simgp_core,random,9,405,0.056470597546734565,0.04644157698100914,1.0,0.8181818181818182,0.9,11,1.0,0.6506024096385542,0.9518072289156626,1.0,0.25,0.6,1.0,0.85,1.1,1.0,0.8181818181818182
simgp_core_nogp,random,9,405,0.07889805555254872,0.06715616985344344,1.0,0.6363636363636364,0.7777777777777778,11,0.8433734939759037,0.3373493975903614,0.7710843373493976,0.9518072289156626,,,,,,,
simgp_core_g75,random,9,405,0.0955035446850493,0.06232483079463586,0.9,0.8181818181818182,0.8571428571428572,11,0.6385542168674698,0.2891566265060241,0.46987951807228917,0.7469879518072289,,,,,,,
physgp_core,random,9,405,0.13669872259538215,0.09858444963254914,1.0,0.0,0.0,11,0.6867469879518072,0.3253012048192771,0.5542168674698795,0.7108433734939759,,,,,,,
physgp_rich,random,9,405,0.1780671248905966,0.13815600916502552,1.0,0.0,0.0,11,0.5301204819277109,0.2891566265060241,0.42168674698795183,0.6144578313253012,,,,,,,
simgp_rich,random,9,405,0.08016934058443466,0.06326373048022638,1.0,0.6363636363636364,0.7777777777777778,11,0.9036144578313253,0.4578313253012048,0.8433734939759037,0.9518072289156626,,,,,,,
mean_of_samples,random,9,405,0.27994865710880273,0.2177263099575516,1.0,0.0,0.0,11,,,,,,,,,,,
nearest_sample,random,9,405,0.1825832656155173,0.14126748981259427,1.0,0.0,0.0,11,,,,,,,,,,,
decay_only,random,9,405,0.2565341815017606,0.19811298592232007,1.0,0.0,0.0,11,,,,,,,,,,,
simgp_core,random,10,405,0.08859112327902044,0.07148217857377978,1.0,0.6363636363636364,0.7777777777777778,11,0.8170731707317073,0.3780487804878049,0.7682926829268293,0.8902439024390244,0.25,0.6,1.0,0.85,1.1,1.05,0.6363636363636364
simgp_core_nogp,random,10,405,0.07834007921455029,0.06707694070124447,1.0,0.6363636363636364,0.7777777777777778,11,0.8292682926829268,0.36585365853658536,0.7073170731707317,0.9512195121951219,,,,,,,
simgp_core_g75,random,10,405,0.08727816477337419,0.056496561459978285,0.9,0.8181818181818182,0.8571428571428572,11,0.6341463414634146,0.3170731707317073,0.524390243902439,0.7317073170731707,,,,,,,
physgp_core,random,10,405,0.2125301477133208,0.1733978631567546,1.0,0.0,0.0,11,0.6463414634146342,0.2926829268292683,0.5487804878048781,0.7317073170731707,,,,,,,
physgp_rich,random,10,405,0.13816965204998974,0.10499628079541647,1.0,0.0,0.0,11,0.7926829268292683,0.45121951219512196,0.7073170731707317,0.8536585365853658,,,,,,,
simgp_rich,random,10,405,0.08170499509058271,0.06797404703557831,1.0,0.6363636363636364,0.7777777777777778,11,0.9390243902439024,0.4268292682926829,0.8170731707317073,0.975609756097561,,,,,,,
pinn_rich,random,10,405,0.14341170794273853,0.11494750011430953,1.0,0.0,0.0,11,0.2804878048780488,0.14634146341463414,0.25609756097560976,0.35365853658536583,,,,,,,
mean_of_samples,random,10,405,0.27771614296717484,0.21577938641148373,1.0,0.0,0.0,11,,,,,,,,,,,
nearest_sample,random,10,405,0.18212155260806723,0.14034236233906297,1.0,0.0,0.0,11,,,,,,,,,,,
decay_only,random,10,405,0.25752401152546434,0.19973401245950323,1.0,0.0,0.0,11,,,,,,,,,,,
simgp_core,random,11,405,0.059862333155137275,0.04843103750262372,1.0,0.8181818181818182,0.9,11,0.9876543209876543,0.5679012345679012,0.9382716049382716,1.0,0.25,0.6,1.0,0.85,1.1,1.0,0.8181818181818182
simgp_core_nogp,random,11,405,0.07744324167433576,0.06631952117534527,1.0,0.6363636363636364,0.7777777777777778,11,0.8148148148148148,0.30864197530864196,0.7037037037037037,0.9629629629629629,,,,,,,
simgp_core_g75,random,11,405,0.28388576321482634,0.19231005664462705,1.0,0.2727272727272727,0.42857142857142855,11,0.6296296296296297,0.18518518518518517,0.5185185185185185,0.654320987654321,,,,,,,
physgp_core,random,11,405,0.20824862409082434,0.1688778736328644,1.0,0.0,0.0,11,0.6049382716049383,0.3333333333333333,0.5308641975308642,0.691358024691358,,,,,,,
physgp_rich,random,11,405,0.1330275151888214,0.1119271257584048,1.0,0.0,0.0,11,0.7037037037037037,0.32098765432098764,0.5679012345679012,0.8024691358024691,,,,,,,
simgp_rich,random,11,405,0.08934334870724625,0.07162275209034645,1.0,0.7272727272727273,0.8421052631578948,11,0.8395061728395061,0.4444444444444444,0.7160493827160493,0.9259259259259259,,,,,,,
mean_of_samples,random,11,405,0.27637242631548825,0.21481726668791004,1.0,0.0,0.0,11,,,,,,,,,,,
nearest_sample,random,11,405,0.16391215416080107,0.12930237010012358,1.0,0.0,0.0,11,,,,,,,,,,,
decay_only,random,11,405,0.26012538421200265,0.20248141134576544,1.0,0.0,0.0,11,,,,,,,,,,,
simgp_core,random,12,405,0.049350751294740036,0.03963066618445872,0.9090909090909091,0.9090909090909091,0.9090909090909091,11,1.0,0.7375,0.95,1.0,0.1,1.0,1.0,1.0,1.1,1.1,0.9090909090909091
simgp_core_nogp,random,12,405,0.06996235671736505,0.06004390937759192,1.0,0.7272727272727273,0.8421052631578948,11,0.8875,0.3,0.775,0.9875,,,,,,,
simgp_core_g75,random,12,405,0.04874396676895209,0.03838965559621166,0.9,0.8181818181818182,0.8571428571428572,11,0.6625,0.325,0.5625,0.775,,,,,,,
physgp_core,random,12,405,0.21302326597216073,0.173371006168703,1.0,0.0,0.0,11,0.5875,0.25,0.475,0.675,,,,,,,
physgp_rich,random,12,405,0.16190511325303025,0.12479006520868408,1.0,0.0,0.0,11,0.625,0.35,0.5125,0.65,,,,,,,
simgp_rich,random,12,405,0.06267250022265333,0.04823598712692291,1.0,0.7272727272727273,0.8421052631578948,11,0.975,0.6125,0.925,1.0,,,,,,,
pinn_rich,random,12,405,0.16216571082677736,0.1242580179537129,1.0,0.0,0.0,11,0.275,0.15,0.2125,0.3125,,,,,,,
mean_of_samples,random,12,405,0.27676968336521085,0.2157573868768631,1.0,0.0,0.0,11,,,,,,,,,,,
nearest_sample,random,12,405,0.1822307715304234,0.14233365374232626,1.0,0.0,0.0,11,,,,,,,,,,,
decay_only,random,12,405,0.261615507190687,0.20486395197007426,1.0,0.0,0.0,11,,,,,,,,,,,
simgp_core,random,13,405,0.05080366669581002,0.040157652365534036,1.0,0.9090909090909091,0.9523809523809523,11,1.0,0.7468354430379747,0.9367088607594937,1.0,0.1,1.0,1.0,1.0,1.1,1.1,0.9090909090909091
simgp_core_nogp,random,13,405,0.07085050805608246,0.060961078907965836,1.0,0.7272727272727273,0.8421052631578948,11,0.8734177215189873,0.2911392405063291,0.7721518987341772,0.9873417721518988,,,,,,,
simgp_core_g75,random,13,405,0.2234033776331374,0.14178994749654691,1.0,0.2727272727272727,0.42857142857142855,11,0.6075949367088608,0.27848101265822783,0.5316455696202531,0.6708860759493671,,,,,,,
physgp_core,random,13,405,0.22160824210708693,0.17915698093948462,1.0,0.0,0.0,11,0.6075949367088608,0.31645569620253167,0.4810126582278481,0.6708860759493671,,,,,,,
physgp_rich,random,13,405,0.2098730081344758,0.16812177959657096,1.0,0.0,0.0,11,0.4430379746835443,0.21518987341772153,0.34177215189873417,0.569620253164557,,,,,,,
simgp_rich,random,13,405,0.06032577417998915,0.047721213018574904,1.0,0.7272727272727273,0.8421052631578948,11,0.9620253164556962,0.5443037974683544,0.8987341772151899,1.0,,,,,,,
mean_of_samples,random,13,405,0.2791487580729941,0.21865782554973726,1.0,0.0,0.0,11,,,,,,,,,,,
nearest_sample,random,13,405,0.1873928870005001,0.14772625917827933,1.0,0.0,0.0,11,,,,,,,,,,,
decay_only,random,13,405,0.2637046194883355,0.20667919951565328,1.0,0.0,0.0,11,,,,,,,,,,,
simgp_core,random,14,405,0.04923223094812782,0.038851038040844464,0.9090909090909091,0.9090909090909091,0.9090909090909091,11,1.0,0.7564102564102564,0.9358974358974359,1.0,0.1,1.0,1.0,1.0,1.1,1.1,0.9090909090909091
simgp_core_nogp,random,14,405,0.06635859146511264,0.0564653654437485,1.0,0.7272727272727273,0.8421052631578948,11,0.9487179487179487,0.2564102564102564,0.7948717948717948,0.9871794871794872,,,,,,,
simgp_core_g75,random,14,405,0.05500886842478843,0.043727587165776786,1.0,0.5454545454545454,0.7058823529411764,11,0.6794871794871795,0.23076923076923078,0.5512820512820513,0.7435897435897436,,,,,,,
physgp_core,random,14,405,0.1780433309172593,0.12967175104881604,1.0,0.0,0.0,11,0.2948717948717949,0.1282051282051282,0.23076923076923078,0.4230769230769231,,,,,,,
physgp_rich,random,14,405,0.2051033005567081,0.16567539561012096,1.0,0.0,0.0,11,0.5256410256410257,0.24358974358974358,0.38461538461538464,0.5641025641025641,,,,,,,
simgp_rich,random,14,405,0.06718241939986677,0.0544739141889858,1.0,0.8181818181818182,0.9,11,0.9743589743589743,0.5641025641025641,0.8846153846153846,0.9871794871794872,,,,,,,
mean_of_samples,random,14,405,0.2778529169595656,0.21740475171899143,1.0,0.0,0.0,11,,,,,,,,,,,
nearest_sample,random,14,405,0.18627402341209529,0.14547072119085733,1.0,0.0,0.0,11,,,,,,,,,,,
decay_only,random,14,405,0.26443103972587567,0.20819593897389374,1.0,0.0,0.0,11,,,,,,,,,,,
simgp_core,random,15,405,0.0428263541093248,0.033403506633719916,1.0,0.9090909090909091,0.9523809523809523,11,1.0,0.7402597402597403,0.987012987012987,1.0,0.1,1.0,1.0,1.0,1.1,1.1,0.9090909090909091
simgp_core_nogp,random,15,405,0.06316958510621865,0.053027195758599745,1.0,0.8181818181818182,0.9,11,0.974025974025974,0.3116883116883117,0.8051948051948052,0.987012987012987,,,,,,,
simgp_core_g75,random,15,405,0.057289340088569445,0.046227620867980226,1.0,0.5454545454545454,0.7058823529411764,11,0.7662337662337663,0.2077922077922078,0.5974025974025974,0.8571428571428571,,,,,,,
physgp_core,random,15,405,0.18833008915780633,0.14055717685824046,1.0,0.0,0.0,11,0.5194805194805194,0.18181818181818182,0.37662337662337664,0.5454545454545454,,,,,,,
physgp_rich,random,15,405,0.1876773593403733,0.1438790161160524,1.0,0.0,0.0,11,0.42857142857142855,0.24675324675324675,0.36363636363636365,0.5194805194805194,,,,,,,
simgp_rich,random,15,405,0.0610858242539125,0.05122380607515044,1.0,0.7272727272727273,0.8421052631578948,11,0.974025974025974,0.5194805194805194,0.922077922077922,1.0,,,,,,,
pinn_rich,random,15,405,0.1580994451561836,0.12195146008834189,1.0,0.0,0.0,11,0.3116883116883117,0.11688311688311688,0.22077922077922077,0.36363636363636365,,,,,,,
mean_of_samples,random,15,405,0.2762214619181886,0.21599858378625547,1.0,0.0,0.0,11,,,,,,,,,,,
nearest_sample,random,15,405,0.18345839846806852,0.1436985846280961,1.0,0.0,0.0,11,,,,,,,,,,,
decay_only,random,15,405,0.2653482009411658,0.20961189122555596,1.0,0.0,0.0,11,,,,,,,,,,,
simgp_core,uncertainty,3,405,0.09640975184344598,0.0780834757400861,1.0,0.6363636363636364,0.7777777777777778,11,1.0,0.550561797752809,0.9775280898876404,1.0,0.25,0.6,1.0,0.85,0.9,0.95,0.6363636363636364
simgp_core,uncertainty,4,405,0.07613271063656431,0.06458513262137533,1.0,0.6363636363636364,0.7777777777777778,11,1.0,0.6136363636363636,0.8977272727272727,1.0,0.1,0.6,1.0,0.85,1.0,0.95,0.6363636363636364
simgp_core,uncertainty,5,405,0.09608156263970924,0.08361446430459786,1.0,0.4,0.5714285714285715,10,0.9885057471264368,0.4367816091954023,0.896551724137931,1.0,0.25,0.6,1.0,1.0,1.1,0.9,0.45454545454545453
simgp_core,uncertainty,6,405,0.10872325336869808,0.09468087327925444,1.0,0.4,0.5714285714285715,10,0.8604651162790697,0.3372093023255814,0.5697674418604651,0.9651162790697675,0.25,0.6,1.0,1.0,1.1,0.9,0.45454545454545453
simgp_core,uncertainty,7,405,0.0977793121450073,0.0855597381623419,1.0,0.3333333333333333,0.5,9,0.9882352941176471,0.3764705882352941,0.7294117647058823,1.0,0.25,0.6,1.0,1.0,1.1,0.9,0.45454545454545453
simgp_core,uncertainty,8,405,0.0840917017699737,0.07290558143014146,1.0,0.5,0.6666666666666666,8,0.9880952380952381,0.7142857142857143,0.9523809523809523,0.9880952380952381,0.1,1.0,1.0,1.0,1.1,1.1,0.6363636363636364
simgp_core,uncertainty,9,405,0.07382861631691935,0.06397268310333783,1.0,0.375,0.5454545454545454,8,0.9759036144578314,0.8554216867469879,0.9759036144578314,0.9879518072289156,0.1,1.0,1.0,1.0,1.1,1.1,0.5454545454545454
simgp_core,uncertainty,10,405,0.06798418951551695,0.057305225724224994,0.8571428571428571,0.8571428571428571,0.8571428571428571,7,0.975609756097561,0.8658536585365854,0.975609756097561,0.9878048780487805,0.1,1.0,1.0,1.0,1.1,1.1,0.9090909090909091
simgp_core,uncertainty,11,405,0.07659486301483578,0.0647558862295986,0.75,0.5,0.6,6,0.9753086419753086,0.8395061728395061,0.9629629629629629,0.9753086419753086,0.25,1.0,0.5,1.0,1.1,1.1,0.7272727272727273
simgp_core,uncertainty,12,405,0.07513333681932229,0.06317705430389073,0.75,0.5,0.6,6,0.975,0.8375,0.9625,0.975,0.25,1.0,0.5,1.0,1.1,1.1,0.7272727272727273
simgp_core,uncertainty,13,405,0.07456361173632904,0.06289308333160855,0.75,0.5,0.6,6,0.9746835443037974,0.8354430379746836,0.9620253164556962,0.9746835443037974,0.25,1.0,0.5,1.0,1.1,1.1,0.7272727272727273
simgp_core,uncertainty,14,405,0.06215864496548806,0.05177137037423124,0.8333333333333334,1.0,0.9090909090909091,5,0.9743589743589743,0.6538461538461539,0.9487179487179487,0.9871794871794872,0.25,1.0,0.5,1.0,1.1,1.1,1.0
simgp_core,uncertainty,15,405,0.05634945793184725,0.04726770134302052,0.8333333333333334,1.0,0.9090909090909091,5,0.974025974025974,0.6493506493506493,0.961038961038961,0.987012987012987,0.25,1.0,1.0,1.0,1.1,1.1,1.0
simgp_core,straddle,3,405,0.09036378138877553,0.06876904543515673,1.0,0.7272727272727273,0.8421052631578948,11,1.0,0.7191011235955056,1.0,1.0,0.7,0.6,0.0,1.15,0.9,0.9,0.7272727272727273
simgp_core,straddle,4,405,0.08456716064516703,0.0681969948202868,1.0,0.6363636363636364,0.7777777777777778,11,0.9772727272727273,0.6022727272727273,0.8295454545454546,1.0,0.1,0.6,1.0,0.85,1.0,0.95,0.6363636363636364
simgp_core,straddle,5,405,0.09329765344294778,0.08166330385790622,1.0,0.5,0.6666666666666666,10,0.9885057471264368,0.3793103448275862,0.8390804597701149,1.0,0.1,0.6,1.0,0.85,1.1,0.95,0.45454545454545453
simgp_core,straddle,6,405,0.08646712234980428,0.07348800516967936,1.0,0.5555555555555556,0.7142857142857143,9,0.9767441860465116,0.45348837209302323,0.8488372093023255,1.0,0.7,0.6,1.0,1.0,1.1,1.05,0.5454545454545454
simgp_core,straddle,7,405,0.07272245443867849,0.06179493285902745,0.875,0.875,0.875,8,0.9882352941176471,0.9176470588235294,0.9882352941176471,0.9882352941176471,0.7,0.6,1.0,1.0,1.1,0.95,0.8181818181818182
simgp_core,straddle,8,405,0.07390537124063289,0.06372497232565147,0.875,0.875,0.875,8,0.9880952380952381,0.8928571428571429,0.9880952380952381,0.9880952380952381,0.7,0.6,1.0,1.0,1.1,0.95,0.8181818181818182
simgp_core,straddle,9,405,0.07570493971974256,0.06560206305796264,0.875,1.0,0.9333333333333333,7,0.9879518072289156,0.8313253012048193,0.9759036144578314,0.9879518072289156,0.7,0.6,1.0,1.0,1.1,0.95,0.8181818181818182
simgp_core,straddle,10,405,0.07672049089252474,0.06675612900313144,0.875,1.0,0.9333333333333333,7,0.9878048780487805,0.8048780487804879,0.975609756097561,0.9878048780487805,0.7,0.6,1.0,0.85,1.1,1.1,0.8181818181818182
simgp_core,straddle,11,405,0.07793205395563972,0.06786143658140821,0.8571428571428571,1.0,0.923076923076923,6,0.9876543209876543,0.7654320987654321,0.9629629629629629,0.9876543209876543,0.7,0.6,1.0,0.85,1.1,1.1,0.8181818181818182
simgp_core,straddle,12,405,0.06564869230811232,0.056214602952972904,0.8571428571428571,1.0,0.923076923076923,6,0.9875,0.9125,0.9875,0.9875,0.25,1.0,1.0,1.0,1.1,1.1,0.8181818181818182
simgp_core,straddle,13,405,0.06751322412040561,0.057770667238831945,0.8333333333333334,1.0,0.9090909090909091,5,0.9873417721518988,0.8987341772151899,0.9746835443037974,0.9873417721518988,0.55,0.6,1.0,0.85,1.1,1.1,0.8181818181818182
simgp_core,straddle,14,405,0.07357038005635365,0.06422233545169524,0.8,1.0,0.888888888888889,4,0.9743589743589743,0.3076923076923077,0.8461538461538461,0.9871794871794872,0.55,0.6,1.0,0.85,1.1,1.1,0.7272727272727273
simgp_core,straddle,15,405,0.07927661953252725,0.0692448877734583,1.0,1.0,1.0,3,0.8051948051948052,0.2077922077922078,0.6363636363636364,0.8961038961038961,0.55,0.6,1.0,0.85,1.1,1.1,0.6363636363636364
simgp_core,random,3,406,0.0754649348806128,0.05828626017323967,0.7777777777777778,1.0,0.8750000000000001,14,1.0,0.7865168539325843,1.0,1.0,0.1,1.0,0.0,0.85,1.1,1.05,1.0
simgp_core_nogp,random,3,406,0.07426246940519877,0.05721494023879743,0.75,0.8571428571428571,0.7999999999999999,14,0.9887640449438202,0.7078651685393258,0.9438202247191011,1.0,,,,,,,
simgp_core_g75,random,3,406,0.10708113033794725,0.07179599766197212,0.56,1.0,0.717948717948718,14,0.8764044943820225,0.4943820224719101,0.8314606741573034,0.8764044943820225,,,,,,,
physgp_core,random,3,406,0.2089126919341855,0.16821974893555244,0.47619047619047616,0.7142857142857143,0.5714285714285714,14,0.8314606741573034,0.5617977528089888,0.8202247191011236,0.8426966292134831,,,,,,,
physgp_rich,random,3,406,0.2054151418703107,0.1695665657931394,0.4117647058823529,0.5,0.45161290322580644,14,0.8314606741573034,0.550561797752809,0.7752808988764045,0.8426966292134831,,,,,,,
simgp_rich,random,3,406,0.07433024871042086,0.05685275106876954,0.7368421052631579,1.0,0.8484848484848484,14,1.0,0.8651685393258427,1.0,1.0,,,,,,,
pinn_rich,random,3,406,0.13026603138945592,0.09020962175607576,0.8666666666666667,0.9285714285714286,0.896551724137931,14,0.5280898876404494,0.23595505617977527,0.39325842696629215,0.651685393258427,,,,,,,
mean_of_samples,random,3,406,0.2787730407735797,0.22397999423277884,1.0,0.0,0.0,14,,,,,,,,,,,
nearest_sample,random,3,406,0.1416288705222558,0.10246523136503341,0.6190476190476191,0.9285714285714286,0.742857142857143,14,,,,,,,,,,,
decay_only,random,3,406,0.21376239074097675,0.17994452597117636,0.375,0.42857142857142855,0.39999999999999997,14,,,,,,,,,,,
simgp_core,random,4,406,0.07380419595050032,0.056856757448207375,0.7777777777777778,1.0,0.8750000000000001,14,1.0,0.6818181818181818,0.9659090909090909,1.0,0.1,1.0,0.0,0.85,1.1,1.0,1.0
simgp_core_nogp,random,4,406,0.07367907794036305,0.05685000591766786,0.75,0.8571428571428571,0.7999999999999999,14,0.9659090909090909,0.625,0.9318181818181818,1.0,,,,,,,
simgp_core_g75,random,4,406,0.1218855606432541,0.09123469098756484,0.56,1.0,0.717948717948718,14,0.7954545454545454,0.2840909090909091,0.5340909090909091,0.8295454545454546,,,,,,,
physgp_core,random,4,406,0.19593546725672745,0.1551829171198658,0.47368421052631576,0.6428571428571429,0.5454545454545454,14,0.8181818181818182,0.5568181818181818,0.7613636363636364,0.8295454545454546,,,,,,,
physgp_rich,random,4,406,0.20525154524012748,0.1697900352258953,0.375,0.42857142857142855,0.39999999999999997,14,0.75,0.48863636363636365,0.6590909090909091,0.8181818181818182,,,,,,,
simgp_rich,random,4,406,0.07449712399287127,0.057384700501410375,0.75,0.8571428571428571,0.7999999999999999,14,1.0,0.7613636363636364,1.0,1.0,,,,,,,
mean_of_samples,random,4,406,0.2710045358696325,0.2152517381328526,1.0,0.0,0.0,14,,,,,,,,,,,
nearest_sample,random,4,406,0.12966846907461868,0.09226028980064926,0.6190476190476191,0.9285714285714286,0.742857142857143,14,,,,,,,,,,,
decay_only,random,4,406,0.20681991670573716,0.17104042118853574,0.375,0.42857142857142855,0.39999999999999997,14,,,,,,,,,,,
simgp_core,random,5,406,0.08082387829669738,0.0652641900692794,0.7368421052631579,1.0,0.8484848484848484,14,1.0,0.5287356321839081,0.9885057471264368,1.0,0.1,1.0,0.5,0.85,1.1,1.05,1.0
simgp_core_nogp,random,5,406,0.07365816125208201,0.05693032074687259,0.75,0.8571428571428571,0.7999999999999999,14,0.9540229885057471,0.5862068965517241,0.9195402298850575,0.9885057471264368,,,,,,,
simgp_core_g75,random,5,406,0.11146593460637436,0.07775080834140624,0.56,1.0,0.717948717948718,14,0.8160919540229885,0.28735632183908044,0.7126436781609196,0.8275862068965517,,,,,,,
physgp_core,random,5,406,0.24275555474182486,0.19561454910500023,0.4666666666666667,1.0,0.6363636363636364,14,0.4482758620689655,0.21839080459770116,0.39080459770114945,0.5862068965517241,,,,,,,
physgp_rich,random,5,406,0.20629006539942438,0.1707207218248275,0.35294117647058826,0.42857142857142855,0.3870967741935484,14,0.7471264367816092,0.5057471264367817,0.632183908045977,0.8160919540229885,,,,,,,
simgp_rich,random,5,406,0.07801471308423404,0.06183115630448074,0.7647058823529411,0.9285714285714286,0.8387096774193549,14,1.0,0.5862068965517241,0.9770114942528736,1.0,,,,,,,
pinn_rich,random,5,406,0.10693455530396082,0.07720764288854973,0.9285714285714286,0.9285714285714286,0.9285714285714286,14,0.40229885057471265,0.1724137931034483,0.2988505747126437,0.45977011494252873,,,,,,,
mean_of_samples,random,5,406,0.2597762558178429,0.20273370207159497,1.0,0.0,0.0,14,,,,,,,,,,,
nearest_sample,random,5,406,0.1299489793534998,0.09185805381723605,0.6190476190476191,0.9285714285714286,0.742857142857143,14,,,,,,,,,,,
decay_only,random,5,406,0.20899182979362607,0.17413625288475415,0.375,0.42857142857142855,0.39999999999999997,14,,,,,,,,,,,
simgp_core,random,6,406,0.07287954403718946,0.05753355562195603,0.7333333333333333,0.8461538461538461,0.7857142857142856,13,0.9534883720930233,0.5813953488372093,0.9186046511627907,0.9883720930232558,0.4,1.0,1.0,0.85,1.1,1.1,0.8666666666666667
simgp_core_nogp,random,6,406,0.07282045053264964,0.05743445042025727,0.7333333333333333,0.8461538461538461,0.7857142857142856,13,0.9418604651162791,0.5813953488372093,0.9069767441860465,0.9883720930232558,,,,,,,
simgp_core_g75,random,6,406,0.11091394453373626,0.07779523344261308,0.5909090909090909,1.0,0.7428571428571429,13,0.7558139534883721,0.3372093023255814,0.5930232558139535,0.8023255813953488,,,,,,,
physgp_core,random,6,406,0.21569092827707004,0.16856058901086513,0.48148148148148145,1.0,0.65,13,0.3372093023255814,0.13953488372093023,0.27906976744186046,0.4186046511627907,,,,,,,
physgp_rich,random,6,406,0.25056203280812184,0.19702917225992303,0.22727272727272727,0.38461538461538464,0.2857142857142857,13,0.5930232558139535,0.29069767441860467,0.5348837209302325,0.6511627906976745,,,,,,,
simgp_rich,random,6,406,0.0775015620589341,0.06350221938080938,0.7222222222222222,1.0,0.8387096774193548,13,1.0,0.5813953488372093,0.9767441860465116,1.0,,,,,,,
mean_of_samples,random,6,406,0.22806082789551374,0.17265377206068253,1.0,0.0,0.0,13,,,,,,,,,,,
nearest_sample,random,6,406,0.1306307254526758,0.09245976172359241,0.6,0.9230769230769231,0.7272727272727274,13,,,,,,,,,,,
decay_only,random,6,406,0.2224398316082266,0.1683977414568427,0.23076923076923078,0.23076923076923078,0.23076923076923078,13,,,,,,,,,,,
simgp_core,random,7,406,0.07216469270938339,0.056941527281695395,0.7222222222222222,1.0,0.8387096774193548,13,1.0,0.6352941176470588,0.9529411764705882,1.0,0.4,1.0,1.0,0.85,1.1,1.1,1.0
simgp_core_nogp,random,7,406,0.07307354113964748,0.05805137009075574,0.7333333333333333,0.8461538461538461,0.7857142857142856,13,0.9294117647058824,0.5294117647058824,0.9058823529411765,0.9647058823529412,,,,,,,
simgp_core_g75,random,7,406,0.10202397244770875,0.06616991096977953,0.5909090909090909,1.0,0.7428571428571429,13,0.8117647058823529,0.36470588235294116,0.7176470588235294,0.8352941176470589,,,,,,,
physgp_core,random,7,406,0.15902006872440103,0.10551068107111058,0.5,1.0,0.6666666666666666,13,0.7294117647058823,0.3058823529411765,0.5647058823529412,0.7647058823529411,,,,,,,
physgp_rich,random,7,406,0.17609326319140556,0.12847550370886998,0.3125,0.38461538461538464,0.3448275862068966,13,0.7411764705882353,0.4823529411764706,0.7058823529411765,0.8235294117647058,,,,,,,
simgp_rich,random,7,406,0.07343283918265571,0.05841087866154035,0.75,0.9230769230769231,0.8275862068965517,13,1.0,0.5882352941176471,0.9294117647058824,1.0,,,,,,,
mean_of_samples,random,7,406,0.23001897387247072,0.17498869440940693,1.0,0.0,0.0,13,,,,,,,,,,,
nearest_sample,random,7,406,0.13071497270931304,0.09052618545358966,0.6,0.9230769230769231,0.7272727272727274,13,,,,,,,,,,,
decay_only,random,7,406,0.22402230617956992,0.1705310452538192,0.23076923076923078,0.23076923076923078,0.23076923076923078,13,,,,,,,,,,,
simgp_core,random,8,406,0.06866417797279561,0.05261492292880968,0.7222222222222222,1.0,0.8387096774193548,13,1.0,0.6071428571428571,0.9404761904761905,1.0,0.4,1.0,1.0,0.85,1.1,1.1,1.0
simgp_core_nogp,random,8,406,0.07350706150093975,0.058360543133881976,0.7333333333333333,0.8461538461538461,0.7857142857142856,13,0.9285714285714286,0.5238095238095238,0.8809523809523809,0.9523809523809523,,,,,,,
simgp_core_g75,random,8,406,0.10126629849126025,0.0640782928144474,0.5909090909090909,1.0,0.7428571428571429,13,0.8333333333333334,0.39285714285714285,0.7261904761904762,0.8452380952380952,,,,,,,
physgp_core,random,8,406,0.1618873191921758,0.10467350941838309,0.52,1.0,0.6842105263157895,13,0.7142857142857143,0.3333333333333333,0.6071428571428571,0.7619047619047619,,,,,,,
physgp_rich,random,8,406,0.1673323920754435,0.11116031799051089,0.52,1.0,0.6842105263157895,13,0.7857142857142857,0.4523809523809524,0.6904761904761905,0.8214285714285714,,,,,,,
simgp_rich,random,8,406,0.07018581104289844,0.05415121283253935,0.7222222222222222,1.0,0.8387096774193548,13,1.0,0.6190476190476191,0.9404761904761905,1.0,,,,,,,
pinn_rich,random,8,406,0.10941346765638563,0.07660125584914039,0.9166666666666666,0.8461538461538461,0.8799999999999999,13,0.34523809523809523,0.20238095238095238,0.2857142857142857,0.42857142857142855,,,,,,,
mean_of_samples,random,8,406,0.23479508585781544,0.1782808000904782,1.0,0.0,0.0,13,,,,,,,,,,,
nearest_sample,random,8,406,0.13364112630850508,0.09322023913127933,0.6,0.9230769230769231,0.7272727272727274,13,,,,,,,,,,,
decay_only,random,8,406,0.2263621209380923,0.17293962941440685,0.23076923076923078,0.23076923076923078,0.23076923076923078,13,,,,,,,,,,,
simgp_core,random,9,406,0.07310883732480142,0.05790809283303005,0.7142857142857143,0.8333333333333334,0.7692307692307692,12,0.9156626506024096,0.4578313253012048,0.8313253012048193,0.9518072289156626,0.25,1.0,0.5,1.0,1.0,1.05,0.8666666666666667
simgp_core_nogp,random,9,406,0.07307446908396896,0.05811819616683202,0.7142857142857143,0.8333333333333334,0.7692307692307692,12,0.9156626506024096,0.42168674698795183,0.7951807228915663,0.927710843373494,,,,,,,
simgp_core_g75,random,9,406,0.1002264989289115,0.06559853574717928,0.631578947368421,1.0,0.7741935483870968,12,0.5542168674698795,0.26506024096385544,0.4457831325301205,0.6265060240963856,,,,,,,
physgp_core,random,9,406,0.16737892192925588,0.10638390557231601,0.5,1.0,0.6666666666666666,12,0.6746987951807228,0.3493975903614458,0.5783132530120482,0.6867469879518072,,,,,,,
physgp_rich,random,9,406,0.17209563137137462,0.11625910891578295,0.48,1.0,0.6486486486486487,12,0.7469879518072289,0.40963855421686746,0.6506024096385542,0.8192771084337349,,,,,,,
simgp_rich,random,9,406,0.07309981966282758,0.0583416253050737,0.7333333333333333,0.9166666666666666,0.8148148148148148,12,1.0,0.5180722891566265,0.891566265060241,1.0,,,,,,,
mean_of_samples,random,9,406,0.22520254899147554,0.17052988385892087,1.0,0.0,0.0,12,,,,,,,,,,,
nearest_sample,random,9,406,0.13444177798138127,0.09417974717525109,0.5789473684210527,0.9166666666666666,0.7096774193548387,12,,,,,,,,,,,
decay_only,random,9,406,0.22506304522349443,0.17013125202439566,0.23076923076923078,0.25,0.24000000000000002,12,,,,,,,,,,,
simgp_core,random,10,406,0.06841082843043758,0.057203508606586434,0.7333333333333333,1.0,0.846153846153846,11,0.975609756097561,0.7317073170731707,0.9390243902439024,1.0,0.4,1.0,0.0,0.85,1.0,1.1,1.0
simgp_core_nogp,random,10,406,0.06914190912634682,0.05783937148659421,0.6875,1.0,0.8148148148148148,11,0.9146341463414634,0.4268292682926829,0.8414634146341463,0.9634146341463414,,,,,,,
simgp_core_g75,random,10,406,0.11930309401663121,0.0812496651778635,0.5,0.9090909090909091,0.6451612903225806,11,0.7682926829268293,0.6463414634146342,0.7682926829268293,0.7804878048780488,,,,,,,
physgp_core,random,10,406,0.1786973995521024,0.12164387489785485,0.42857142857142855,0.8181818181818182,0.5625,11,0.7439024390243902,0.4268292682926829,0.7073170731707317,0.7439024390243902,,,,,,,
physgp_rich,random,10,406,0.18408238514725503,0.1276233996091246,0.42857142857142855,0.8181818181818182,0.5625,11,0.6097560975609756,0.4024390243902439,0.5487804878048781,0.7073170731707317,,,,,,,
simgp_rich,random,10,406,0.06830050556572846,0.05447072183367813,0.7333333333333333,1.0,0.846153846153846,11,0.9878048780487805,0.6341463414634146,0.9146341463414634,1.0,,,,,,,
pinn_rich,random,10,406,0.1285471846758441,0.08887789170770416,0.6,0.8181818181818182,0.6923076923076923,11,0.4146341463414634,0.2073170731707317,0.34146341463414637,0.47560975609756095,,,,,,,
mean_of_samples,random,10,406,0.22150557723362008,0.16825474502265628,1.0,0.0,0.0,11,,,,,,,,,,,
nearest_sample,random,10,406,0.1350712495096562,0.09467995670837566,0.5555555555555556,0.9090909090909091,0.6896551724137931,11,,,,,,,,,,,
decay_only,random,10,406,0.22295757598933558,0.16896838706872983,0.23076923076923078,0.2727272727272727,0.24999999999999994,11,,,,,,,,,,,
simgp_core,random,11,406,0.06411165912039077,0.05121874947233041,0.6875,1.0,0.8148148148148148,11,0.9876543209876543,0.6790123456790124,0.9506172839506173,1.0,0.4,1.0,0.5,0.85,1.0,1.1,1.0
simgp_core_nogp,random,11,406,0.06948141657095255,0.05812014095910789,0.6875,1.0,0.8148148148148148,11,0.9135802469135802,0.345679012345679,0.8271604938271605,0.9629629629629629,,,,,,,
simgp_core_g75,random,11,406,0.1206623294331151,0.08281294959872128,0.5,0.9090909090909091,0.6451612903225806,11,0.7654320987654321,0.5555555555555556,0.7654320987654321,0.7777777777777778,,,,,,,
physgp_core,random,11,406,0.18217988870958718,0.12248575256079307,0.45454545454545453,0.9090909090909091,0.6060606060606061,11,0.691358024691358,0.43209876543209874,0.6296296296296297,0.691358024691358,,,,,,,
physgp_rich,random,11,406,0.18780036357022276,0.1318166376502658,0.4090909090909091,0.8181818181818182,0.5454545454545455,11,0.5432098765432098,0.35802469135802467,0.4691358024691358,0.6296296296296297,,,,,,,
simgp_rich,random,11,406,0.06929772739843901,0.05870219825809964,0.6875,1.0,0.8148148148148148,11,0.9753086419753086,0.7160493827160493,0.9382716049382716,1.0,,,,,,,
mean_of_samples,random,11,406,0.2242138283954877,0.17047959423096704,1.0,0.0,0.0,11,,,,,,,,,,,
nearest_sample,random,11,406,0.14215443763170144,0.09993019828878996,0.7142857142857143,0.9090909090909091,0.8,11,,,,,,,,,,,
decay_only,random,11,406,0.2275136166170031,0.17216221118756772,0.23076923076923078,0.2727272727272727,0.24999999999999994,11,,,,,,,,,,,
simgp_core,random,12,406,0.06703210206919989,0.053098276344025155,0.6470588235294118,1.0,0.7857142857142858,11,0.975,0.7375,0.925,1.0,0.4,1.0,0.5,0.85,1.0,1.1,1.0
simgp_core_nogp,random,12,406,0.06666842821804281,0.055653728008220306,0.6875,1.0,0.8148148148148148,11,0.9125,0.4875,0.8,0.9375,,,,,,,
simgp_core_g75,random,12,406,0.11766316704638968,0.07744281106273783,0.47368421052631576,0.8181818181818182,0.6,11,0.7875,0.6375,0.7875,0.8,,,,,,,
physgp_core,random,12,406,0.1842882775764814,0.12444492712190017,0.45454545454545453,0.9090909090909091,0.6060606060606061,11,0.625,0.4,0.525,0.675,,,,,,,
physgp_rich,random,12,406,0.17529310759233757,0.1180514222618094,0.42857142857142855,0.8181818181818182,0.5625,11,0.5875,0.35,0.475,0.65,,,,,,,
simgp_rich,random,12,406,0.0724781435745938,0.05583182738981603,0.6428571428571429,0.8181818181818182,0.7200000000000001,11,0.975,0.6,0.8875,1.0,,,,,,,
pinn_rich,random,12,406,0.12076608679069459,0.08309270998355647,0.8,0.7272727272727273,0.761904761904762,11,0.4375,0.1375,0.325,0.5125,,,,,,,
mean_of_samples,random,12,406,0.22443805270634234,0.17074231858714808,1.0,0.0,0.0,11,,,,,,,,,,,
nearest_sample,random,12,406,0.13592154756784644,0.09521831334327548,0.7142857142857143,0.9090909090909091,0.8,11,,,,,,,,,,,
decay_only,random,12,406,0.22691541887022437,0.17216103417429968,0.23076923076923078,0.2727272727272727,0.24999999999999994,11,,,,,,,,,,,
simgp_core,random,13,406,0.06488073466030606,0.05214076781999488,0.6470588235294118,1.0,0.7857142857142858,11,0.9746835443037974,0.7468354430379747,0.9493670886075949,1.0,0.4,1.0,0.5,1.0,1.1,1.05,1.0
simgp_core_nogp,random,13,406,0.06664430981440478,0.054967047537918486,0.7333333333333333,1.0,0.846153846153846,11,0.9113924050632911,0.45569620253164556,0.7468354430379747,0.9113924050632911,,,,,,,
simgp_core_g75,random,13,406,0.1176634338108573,0.07696703239825964,0.4782608695652174,1.0,0.6470588235294118,11,0.7341772151898734,0.4050632911392405,0.6582278481012658,0.759493670886076,,,,,,,
physgp_core,random,13,406,0.18804989372344638,0.126063012799964,0.4,0.7272727272727273,0.5161290322580645,11,0.6582278481012658,0.4430379746835443,0.569620253164557,0.6708860759493671,,,,,,,
physgp_rich,random,13,406,0.1895826202137525,0.13300819850509987,0.4090909090909091,0.8181818181818182,0.5454545454545455,11,0.5316455696202531,0.2911392405063291,0.4430379746835443,0.5949367088607594,,,,,,,
simgp_rich,random,13,406,0.07435957023067695,0.05742470233630666,0.6428571428571429,0.8181818181818182,0.7200000000000001,11,0.9493670886075949,0.5822784810126582,0.8227848101265823,1.0,,,,,,,
mean_of_samples,random,13,406,0.22687831384404342,0.17312538397046173,1.0,0.0,0.0,11,,,,,,,,,,,
nearest_sample,random,13,406,0.1235269845623643,0.08530519143424238,0.7142857142857143,0.9090909090909091,0.8,11,,,,,,,,,,,
decay_only,random,13,406,0.22975167325659468,0.17444955135200677,0.23076923076923078,0.2727272727272727,0.24999999999999994,11,,,,,,,,,,,
simgp_core,random,14,406,0.06517414828030905,0.05279730654322854,0.6470588235294118,1.0,0.7857142857142858,11,0.9743589743589743,0.7307692307692307,0.9358974358974359,1.0,0.4,1.0,0.5,1.0,1.1,1.05,1.0
simgp_core_nogp,random,14,406,0.0668781601484678,0.055201576694931746,0.7333333333333333,1.0,0.846153846153846,11,0.9102564102564102,0.44871794871794873,0.7435897435897436,0.9102564102564102,,,,,,,
simgp_core_g75,random,14,406,0.11816231158535163,0.07777793013873002,0.4782608695652174,1.0,0.6470588235294118,11,0.7307692307692307,0.38461538461538464,0.6538461538461539,0.7564102564102564,,,,,,,
physgp_core,random,14,406,0.1812180047385258,0.11715930482352811,0.4583333333333333,1.0,0.6285714285714286,11,0.6666666666666666,0.4230769230769231,0.6153846153846154,0.6666666666666666,,,,,,,
physgp_rich,random,14,406,0.17882215295773002,0.12029307170613439,0.42857142857142855,0.8181818181818182,0.5625,11,0.5897435897435898,0.34615384615384615,0.47435897435897434,0.6538461538461539,,,,,,,
simgp_rich,random,14,406,0.07214197517085742,0.055753996842475985,0.6153846153846154,0.7272727272727273,0.6666666666666667,11,0.9487179487179487,0.5128205128205128,0.8333333333333334,1.0,,,,,,,
mean_of_samples,random,14,406,0.22631882942174741,0.17189460464645093,1.0,0.0,0.0,11,,,,,,,,,,,
nearest_sample,random,14,406,0.12495796414338219,0.0880240700870283,0.7142857142857143,0.9090909090909091,0.8,11,,,,,,,,,,,
decay_only,random,14,406,0.2290216516284833,0.17388335862559012,0.23076923076923078,0.2727272727272727,0.24999999999999994,11,,,,,,,,,,,
simgp_core,random,15,406,0.06565223099227137,0.052587959009967634,0.7333333333333333,1.0,0.846153846153846,11,0.974025974025974,0.7402597402597403,0.935064935064935,1.0,0.4,1.0,0.5,1.0,1.1,1.05,1.0
simgp_core_nogp,random,15,406,0.06635536184941808,0.05487933774433996,0.7333333333333333,1.0,0.846153846153846,11,0.9090909090909091,0.44155844155844154,0.7402597402597403,0.9090909090909091,,,,,,,
simgp_core_g75,random,15,406,0.11821607890037004,0.07701129824700584,0.5238095238095238,1.0,0.6875000000000001,11,0.7402597402597403,0.4025974025974026,0.6883116883116883,0.7662337662337663,,,,,,,
physgp_core,random,15,406,0.16767852087357543,0.09836961561914984,0.5,1.0,0.6666666666666666,11,0.6233766233766234,0.44155844155844154,0.5974025974025974,0.6493506493506493,,,,,,,
physgp_rich,random,15,406,0.17751026246845145,0.12058670556308004,0.47368421052631576,0.8181818181818182,0.6,11,0.6363636363636364,0.33766233766233766,0.5194805194805194,0.6623376623376623,,,,,,,
simgp_rich,random,15,406,0.07244337847756616,0.055959990332092306,0.6666666666666666,0.7272727272727273,0.6956521739130435,11,0.935064935064935,0.5064935064935064,0.8571428571428571,1.0,,,,,,,
pinn_rich,random,15,406,0.1200495088412159,0.0817761622746136,0.9,0.8181818181818182,0.8571428571428572,11,0.42857142857142855,0.11688311688311688,0.3116883116883117,0.4805194805194805,,,,,,,
mean_of_samples,random,15,406,0.2292029214358451,0.17443110386793703,1.0,0.0,0.0,11,,,,,,,,,,,
nearest_sample,random,15,406,0.12562680496833956,0.08851312795361536,0.7692307692307693,0.9090909090909091,0.8333333333333333,11,,,,,,,,,,,
decay_only,random,15,406,0.23483773456046178,0.17770153820823265,0.23076923076923078,0.2727272727272727,0.24999999999999994,11,,,,,,,,,,,
simgp_core,uncertainty,3,406,0.10499130257939314,0.08393851521934842,0.7333333333333333,0.7857142857142857,0.7586206896551724,14,0.9550561797752809,0.5617977528089888,0.7415730337078652,0.9887640449438202,0.7,0.6,0.5,0.85,1.1,0.95,0.7333333333333333
simgp_core,uncertainty,4,406,0.08520593112599467,0.06864472693246437,0.7333333333333333,0.7857142857142857,0.7586206896551724,14,0.9318181818181818,0.5454545454545454,0.7386363636363636,0.9659090909090909,0.7,0.6,1.0,0.85,1.1,0.95,0.7333333333333333
simgp_core,uncertainty,5,406,0.08778380174931266,0.0695925165543985,0.8461538461538461,0.7857142857142857,0.8148148148148148,14,0.8620689655172413,0.5057471264367817,0.6781609195402298,0.9540229885057471,0.7,0.6,1.0,0.85,1.1,1.0,0.7333333333333333
simgp_core,uncertainty,6,406,0.08001757528554808,0.06326678481134694,0.8461538461538461,0.7857142857142857,0.8148148148148148,14,0.9069767441860465,0.5116279069767442,0.686046511627907,0.9534883720930233,0.1,1.0,0.0,1.0,1.1,1.05,0.7333333333333333
simgp_core,uncertainty,7,406,0.08616778211050265,0.06977626255537768,0.8333333333333334,0.7692307692307693,0.8,13,0.7529411764705882,0.43529411764705883,0.5882352941176471,0.9294117647058824,0.1,1.0,0.0,1.0,1.1,1.05,0.7333333333333333
simgp_core,uncertainty,8,406,0.09528052251403417,0.07830218793900928,1.0,0.5833333333333334,0.7368421052631579,12,0.6547619047619048,0.40476190476190477,0.5357142857142857,0.9404761904761905,0.1,1.0,0.0,1.0,1.1,1.05,0.6
simgp_core,uncertainty,9,406,0.07679883237990567,0.06034889464066343,1.0,0.75,0.8571428571428571,12,0.7469879518072289,0.43373493975903615,0.5662650602409639,0.9518072289156626,0.1,1.0,0.0,1.0,1.1,1.1,0.7333333333333333
simgp_core,uncertainty,10,406,0.07700841627821801,0.061749788712434674,1.0,0.75,0.8571428571428571,12,0.7195121951219512,0.43902439024390244,0.5487804878048781,0.9146341463414634,0.1,1.0,0.0,1.0,1.1,1.05,0.7333333333333333
simgp_core,uncertainty,11,406,0.08429880967999889,0.06595946217288584,0.8888888888888888,0.7272727272727273,0.7999999999999999,11,0.691358024691358,0.4074074074074074,0.5555555555555556,0.8888888888888888,0.1,1.0,0.0,1.0,1.1,1.1,0.7333333333333333
simgp_core,uncertainty,12,406,0.08881453867089208,0.07333197070026273,0.8333333333333334,0.5,0.625,10,0.6375,0.425,0.525,0.925,0.1,1.0,0.0,1.0,1.1,1.05,0.6
simgp_core,uncertainty,13,406,0.07825285535410723,0.06357935650354501,0.8571428571428571,0.6666666666666666,0.75,9,0.6455696202531646,0.4177215189873418,0.5316455696202531,0.8354430379746836,0.1,1.0,0.0,1.0,1.1,1.05,0.7333333333333333
simgp_core,uncertainty,14,406,0.07087811558132986,0.05620437452161477,0.7142857142857143,0.625,0.6666666666666666,8,0.9230769230769231,0.44871794871794873,0.6666666666666666,0.9871794871794872,0.25,1.0,0.0,1.0,1.1,1.1,0.7333333333333333
simgp_core,uncertainty,15,406,0.0652060257583607,0.051508332598583624,0.7142857142857143,0.7142857142857143,0.7142857142857143,7,0.974025974025974,0.4675324675324675,0.8181818181818182,0.987012987012987,0.25,1.0,0.0,1.0,1.1,1.1,0.8
simgp_core,straddle,3,406,0.10309242624308812,0.0843046682003015,0.7,1.0,0.8235294117647058,14,0.9887640449438202,0.5056179775280899,0.8651685393258427,0.9887640449438202,0.4,1.0,0.0,1.15,1.0,1.0,1.0
simgp_core,straddle,4,406,0.10729865338222416,0.0869277633503788,0.7777777777777778,1.0,0.8750000000000001,14,0.9545454545454546,0.5,0.8295454545454546,0.9886363636363636,0.1,1.0,1.0,1.15,0.9,0.95,1.0
simgp_core,straddle,5,406,0.07004973259553109,0.05330066533445824,0.8125,0.9285714285714286,0.8666666666666666,14,1.0,0.6206896551724138,0.9540229885057471,1.0,0.25,1.0,1.0,1.0,1.1,1.05,0.9333333333333333
simgp_core,straddle,6,406,0.1027676318765386,0.08020421041428522,0.7222222222222222,1.0,0.8387096774193548,13,0.8372093023255814,0.5465116279069767,0.7674418604651163,0.9069767441860465,0.4,1.0,1.0,1.0,1.1,1.05,1.0
simgp_core,straddle,7,406,0.10075540069636327,0.08018969649348572,0.7647058823529411,1.0,0.8666666666666666,13,0.8117647058823529,0.4470588235294118,0.7529411764705882,0.9058823529411765,0.4,1.0,1.0,1.0,1.1,1.05,1.0
simgp_core,straddle,8,406,0.0940157784218776,0.06667306102634529,0.8125,1.0,0.896551724137931,13,0.9285714285714286,0.5714285714285714,0.8214285714285714,0.9642857142857143,0.4,1.0,1.0,1.0,1.1,1.05,1.0
simgp_core,straddle,9,406,0.0905544622767203,0.06492735807982951,0.8125,1.0,0.896551724137931,13,0.9036144578313253,0.5421686746987951,0.8192771084337349,0.963855421686747,0.4,1.0,1.0,1.0,1.1,1.05,1.0
simgp_core,straddle,10,406,0.08830779939621618,0.06425307450338784,0.8666666666666667,1.0,0.9285714285714286,13,0.7682926829268293,0.573170731707317,0.6585365853658537,0.8658536585365854,0.4,1.0,1.0,1.0,1.1,1.05,1.0
simgp_core,straddle,11,406,0.07668899551991791,0.05495420540624118,0.8571428571428571,1.0,0.923076923076923,12,0.8518518518518519,0.5802469135802469,0.7407407407407407,0.9135802469135802,0.25,1.0,1.0,1.0,1.1,1.0,1.0
simgp_core,straddle,12,406,0.06906058929429111,0.04958251296874289,0.8461538461538461,1.0,0.9166666666666666,11,0.8875,0.5625,0.7375,0.95,0.25,1.0,1.0,1.0,1.1,1.0,1.0
simgp_core,straddle,13,406,0.06883417596713402,0.049324034384667065,0.8333333333333334,1.0,0.9090909090909091,10,0.8734177215189873,0.5316455696202531,0.7721518987341772,0.9493670886075949,0.25,1.0,1.0,0.85,1.1,1.1,1.0
simgp_core,straddle,14,406,0.06896475521544329,0.0496057190497641,0.8333333333333334,1.0,0.9090909090909091,10,0.8717948717948718,0.5384615384615384,0.7692307692307693,0.9487179487179487,0.25,1.0,1.0,0.85,1.1,1.1,1.0
simgp_core,straddle,15,406,0.07688934343143349,0.05546002507836691,0.9090909090909091,1.0,0.9523809523809523,10,0.8441558441558441,0.5584415584415584,0.7662337662337663,0.948051948051948,0.25,1.0,1.0,1.0,1.1,0.95,1.0
simgp_core,random,3,407,0.08346877978906306,0.04928853055557078,0.8571428571428571,1.0,0.923076923076923,12,0.9887640449438202,0.9101123595505618,0.9775280898876404,0.9887640449438202,0.1,1.0,0.5,1.0,1.1,1.1,1.0
simgp_core_nogp,random,3,407,0.08348924642933941,0.04947803704056566,0.8571428571428571,1.0,0.923076923076923,12,0.9887640449438202,0.8876404494382022,0.9775280898876404,0.9887640449438202,,,,,,,
simgp_core_g75,random,3,407,0.10773340613412766,0.05744462284089911,0.6,1.0,0.7499999999999999,12,0.8651685393258427,0.7191011235955056,0.797752808988764,0.8876404494382022,,,,,,,
physgp_core,random,3,407,0.22472768585104352,0.1686334261367581,0.38461538461538464,0.4166666666666667,0.4,12,0.3258426966292135,0.10112359550561797,0.23595505617977527,0.3707865168539326,,,,,,,
physgp_rich,random,3,407,0.22478434026254682,0.16906767848950668,0.38461538461538464,0.4166666666666667,0.4,12,0.3707865168539326,0.11235955056179775,0.2696629213483146,0.4044943820224719,,,,,,,
simgp_rich,random,3,407,0.08348924647147339,0.04947803716433879,0.8571428571428571,1.0,0.923076923076923,12,0.9887640449438202,0.9101123595505618,0.9775280898876404,0.9887640449438202,,,,,,,
pinn_rich,random,3,407,0.20849036428353643,0.1580715681849458,1.0,0.0,0.0,12,0.24719101123595505,0.056179775280898875,0.15730337078651685,0.3258426966292135,,,,,,,
mean_of_samples,random,3,407,0.25001466049487975,0.1889228155859133,1.0,0.0,0.0,12,,,,,,,,,,,
nearest_sample,random,3,407,0.2252819187651827,0.1700828207877549,1.0,0.0,0.0,12,,,,,,,,,,,
decay_only,random,3,407,0.22478434021261742,0.1690676780799334,0.38461538461538464,0.4166666666666667,0.4,12,,,,,,,,,,,
simgp_core,random,4,407,0.08323684554147323,0.05154897121504938,0.8333333333333334,0.9090909090909091,0.8695652173913043,11,0.9659090909090909,0.8409090909090909,0.9545454545454546,0.9772727272727273,0.25,0.6,1.0,0.85,0.9,0.95,0.9166666666666666
simgp_core_nogp,random,4,407,0.08327245923561657,0.05177799540993973,0.8333333333333334,0.9090909090909091,0.8695652173913043,11,0.9659090909090909,0.8295454545454546,0.9545454545454546,0.9772727272727273,,,,,,,
simgp_core_g75,random,4,407,0.11321833785407762,0.0701517021829856,0.5,0.7272727272727273,0.5925925925925926,11,0.7613636363636364,0.38636363636363635,0.7159090909090909,0.8295454545454546,,,,,,,
physgp_core,random,4,407,0.19762997308922595,0.14351476347919104,0.45,0.8181818181818182,0.5806451612903226,11,0.10227272727272728,0.03409090909090909,0.06818181818181818,0.11363636363636363,,,,,,,
physgp_rich,random,4,407,0.19771729340354682,0.14363432280345334,0.45,0.8181818181818182,0.5806451612903226,11,0.5681818181818182,0.23863636363636365,0.4772727272727273,0.5795454545454546,,,,,,,
simgp_rich,random,4,407,0.0826868933646709,0.05116929792612472,0.8461538461538461,1.0,0.9166666666666666,11,0.9886363636363636,0.8522727272727273,0.9545454545454546,0.9886363636363636,,,,,,,
mean_of_samples,random,4,407,0.2409556146157033,0.19285191658313525,1.0,0.0,0.0,11,,,,,,,,,,,
nearest_sample,random,4,407,0.1795358352589419,0.12251584347933528,0.47368421052631576,0.8181818181818182,0.6,11,,,,,,,,,,,
decay_only,random,4,407,0.1977172908470046,0.14363431633130477,0.45,0.8181818181818182,0.5806451612903226,11,,,,,,,,,,,
simgp_core,random,5,407,0.08018592842275488,0.05790938836970167,0.8181818181818182,0.8181818181818182,0.8181818181818182,11,0.9540229885057471,0.6666666666666666,0.9425287356321839,0.9655172413793104,0.55,0.6,1.0,1.15,1.0,0.95,0.8333333333333334
simgp_core_nogp,random,5,407,0.0802685673254949,0.058068256896830484,0.8181818181818182,0.8181818181818182,0.8181818181818182,11,0.9540229885057471,0.6436781609195402,0.9425287356321839,0.9655172413793104,,,,,,,
simgp_core_g75,random,5,407,0.11841026230587842,0.08066668006523602,0.5,0.7272727272727273,0.5925925925925926,11,0.5172413793103449,0.22988505747126436,0.3793103448275862,0.7471264367816092,,,,,,,
physgp_core,random,5,407,0.19606810813079337,0.13868301799929714,0.47619047619047616,0.9090909090909091,0.6249999999999999,11,0.4942528735632184,0.22988505747126436,0.367816091954023,0.5287356321839081,,,,,,,
physgp_rich,random,5,407,0.19683693282578316,0.14691023247151697,0.45,0.8181818181818182,0.5806451612903226,11,0.4482758620689655,0.16091954022988506,0.3563218390804598,0.5287356321839081,,,,,,,
simgp_rich,random,5,407,0.09178770955205848,0.0625284020031685,0.7777777777777778,0.6363636363636364,0.7000000000000001,11,0.9195402298850575,0.7586206896551724,0.8735632183908046,0.9425287356321839,,,,,,,
pinn_rich,random,5,407,0.1703694536644761,0.11301582122259923,1.0,0.18181818181818182,0.3076923076923077,11,0.4482758620689655,0.2988505747126437,0.40229885057471265,0.5057471264367817,,,,,,,
mean_of_samples,random,5,407,0.23985956831013386,0.18996438323231604,1.0,0.0,0.0,11,,,,,,,,,,,
nearest_sample,random,5,407,0.1904189154770356,0.13629870206919215,0.5,0.8181818181818182,0.6206896551724137,11,,,,,,,,,,,
decay_only,random,5,407,0.1978406290188463,0.14635020070738533,0.45,0.8181818181818182,0.5806451612903226,11,,,,,,,,,,,
simgp_core,random,6,407,0.07755332080091512,0.05214096329190015,0.8181818181818182,0.8181818181818182,0.8181818181818182,11,0.9651162790697675,0.8023255813953488,0.9534883720930233,0.9767441860465116,0.55,0.6,1.0,1.15,1.0,0.95,0.8333333333333334
simgp_core_nogp,random,6,407,0.07789131832554134,0.05269095565763137,0.8181818181818182,0.8181818181818182,0.8181818181818182,11,0.9651162790697675,0.7558139534883721,0.9418604651162791,0.9651162790697675,,,,,,,
simgp_core_g75,random,6,407,0.11834646269443742,0.07237110346169852,0.5263157894736842,0.9090909090909091,0.6666666666666666,11,0.8023255813953488,0.5348837209302325,0.7790697674418605,0.8488372093023255,,,,,,,
physgp_core,random,6,407,0.1869846814230728,0.13137313406598858,0.45,0.8181818181818182,0.5806451612903226,11,0.6976744186046512,0.2441860465116279,0.5,0.7093023255813954,,,,,,,
physgp_rich,random,6,407,0.19730474583744104,0.14633407301452192,0.4444444444444444,0.7272727272727273,0.5517241379310345,11,0.5465116279069767,0.22093023255813954,0.38372093023255816,0.6744186046511628,,,,,,,
simgp_rich,random,6,407,0.07947622440077476,0.05378869307542157,0.75,0.8181818181818182,0.7826086956521738,11,0.9883720930232558,0.8604651162790697,0.9418604651162791,0.9883720930232558,,,,,,,
mean_of_samples,random,6,407,0.24180339573903945,0.1932797197195599,1.0,0.0,0.0,11,,,,,,,,,,,
nearest_sample,random,6,407,0.19104224268667533,0.13651774707937156,0.45454545454545453,0.45454545454545453,0.45454545454545453,11,,,,,,,,,,,
decay_only,random,6,407,0.1947762852372803,0.14637431942496218,0.4444444444444444,0.7272727272727273,0.5517241379310345,11,,,,,,,,,,,
simgp_core,random,7,407,0.07846129269574101,0.055727308310972515,0.8181818181818182,0.8181818181818182,0.8181818181818182,11,0.9764705882352941,0.7647058823529411,0.9647058823529412,0.9764705882352941,0.25,0.6,0.0,0.85,1.1,0.9,0.8333333333333334
simgp_core_nogp,random,7,407,0.07848571849359405,0.05344334454885346,0.8181818181818182,0.8181818181818182,0.8181818181818182,11,0.9529411764705882,0.7176470588235294,0.9411764705882353,0.9647058823529412,,,,,,,
simgp_core_g75,random,7,407,0.11563067235601529,0.07844596517255988,0.5714285714285714,0.7272727272727273,0.64,11,0.788235294117647,0.38823529411764707,0.7411764705882353,0.8941176470588236,,,,,,,
physgp_core,random,7,407,0.1813551523486544,0.11159034259317574,0.7142857142857143,0.9090909090909091,0.8,11,0.7411764705882353,0.36470588235294116,0.6,0.8117647058823529,,,,,,,
physgp_rich,random,7,407,0.20960918335036288,0.13908406052919273,0.6111111111111112,1.0,0.7586206896551725,11,0.8,0.43529411764705883,0.7294117647058823,0.8588235294117647,,,,,,,
simgp_rich,random,7,407,0.07597131204064735,0.05085863207500863,0.8181818181818182,0.8181818181818182,0.8181818181818182,11,0.9882352941176471,0.8470588235294118,0.9764705882352941,1.0,,,,,,,
mean_of_samples,random,7,407,0.24395810214121616,0.19602762672329443,1.0,0.0,0.0,11,,,,,,,,,,,
nearest_sample,random,7,407,0.19595267513472236,0.13626234694167674,0.45454545454545453,0.45454545454545453,0.45454545454545453,11,,,,,,,,,,,
decay_only,random,7,407,0.23984709005725605,0.19222528750170398,0.14285714285714285,0.09090909090909091,0.1111111111111111,11,,,,,,,,,,,
simgp_core,random,8,407,0.07744124866782727,0.053432388476006294,0.8181818181818182,0.8181818181818182,0.8181818181818182,11,0.9642857142857143,0.75,0.9523809523809523,0.9761904761904762,0.25,0.6,0.0,0.85,1.1,0.9,0.8333333333333334
simgp_core_nogp,random,8,407,0.0781950908783436,0.052518396063953636,0.8181818181818182,0.8181818181818182,0.8181818181818182,11,0.9523809523809523,0.7261904761904762,0.9404761904761905,0.9642857142857143,,,,,,,
simgp_core_g75,random,8,407,0.11527153306631398,0.07729615575616619,0.5714285714285714,0.7272727272727273,0.64,11,0.7619047619047619,0.40476190476190477,0.7261904761904762,0.8571428571428571,,,,,,,
physgp_core,random,8,407,0.1813289117265162,0.10797403062092441,0.625,0.9090909090909091,0.7407407407407406,11,0.7857142857142857,0.3333333333333333,0.6309523809523809,0.8214285714285714,,,,,,,
physgp_rich,random,8,407,0.19208801606146764,0.12431187743305376,0.6,0.8181818181818182,0.6923076923076923,11,0.8333333333333334,0.4523809523809524,0.75,0.8690476190476191,,,,,,,
simgp_rich,random,8,407,0.07608469330133812,0.05102078762441838,0.8181818181818182,0.8181818181818182,0.8181818181818182,11,0.9761904761904762,0.7857142857142857,0.9523809523809523,0.9761904761904762,,,,,,,
pinn_rich,random,8,407,0.17030131811947252,0.11541292788803609,1.0,0.18181818181818182,0.3076923076923077,11,0.30952380952380953,0.13095238095238096,0.27380952380952384,0.4523809523809524,,,,,,,
mean_of_samples,random,8,407,0.24341302843830148,0.19350311623114008,1.0,0.0,0.0,11,,,,,,,,,,,
nearest_sample,random,8,407,0.19780666557764964,0.14271493497134374,0.45454545454545453,0.45454545454545453,0.45454545454545453,11,,,,,,,,,,,
decay_only,random,8,407,0.23522822366862556,0.18538907641667204,0.14285714285714285,0.09090909090909091,0.1111111111111111,11,,,,,,,,,,,
simgp_core,random,9,407,0.08352848825872808,0.06023432840452261,0.8,0.8,0.8000000000000002,10,0.9879518072289156,0.7228915662650602,0.963855421686747,0.9879518072289156,0.25,0.6,0.0,0.85,1.1,0.9,0.8333333333333334
simgp_core_nogp,random,9,407,0.07991774365618674,0.05523913204725418,0.8,0.8,0.8000000000000002,10,0.9518072289156626,0.5903614457831325,0.927710843373494,0.963855421686747,,,,,,,
simgp_core_g75,random,9,407,0.11390207688291044,0.07057124614950204,0.4666666666666667,0.7,0.56,10,0.5542168674698795,0.27710843373493976,0.39759036144578314,0.6144578313253012,,,,,,,
physgp_core,random,9,407,0.19114545092798343,0.11067115960759218,0.6,0.9,0.7200000000000001,10,0.7349397590361446,0.3493975903614458,0.5903614457831325,0.7831325301204819,,,,,,,
physgp_rich,random,9,407,0.20588141760514736,0.13051328342422128,0.6,0.9,0.7200000000000001,10,0.8072289156626506,0.39759036144578314,0.7228915662650602,0.8554216867469879,,,,,,,
simgp_rich,random,9,407,0.07648775301399618,0.05144646499262831,0.8,0.8,0.8000000000000002,10,0.9759036144578314,0.7469879518072289,0.9518072289156626,0.9759036144578314,,,,,,,
mean_of_samples,random,9,407,0.24559777048591988,0.1974716827471039,1.0,0.0,0.0,10,,,,,,,,,,,
nearest_sample,random,9,407,0.19862878211631826,0.1424445076980251,0.4,0.4,0.4000000000000001,10,,,,,,,,,,,
decay_only,random,9,407,0.2472594184462786,0.1952744432470161,0.2727272727272727,0.3,0.28571428571428564,10,,,,,,,,,,,
simgp_core,random,10,407,0.07902406200543897,0.05261445893561456,0.75,1.0,0.8571428571428571,9,0.9878048780487805,0.8536585365853658,0.975609756097561,0.9878048780487805,0.1,1.0,0.5,1.15,1.0,1.1,1.0
simgp_core_nogp,random,10,407,0.07575566181391795,0.04838847480734698,0.8181818181818182,1.0,0.9,9,0.9634146341463414,0.7804878048780488,0.9390243902439024,0.9634146341463414,,,,,,,
simgp_core_g75,random,10,407,0.11526398431942922,0.06612316850504522,0.5,0.8888888888888888,0.64,9,0.7560975609756098,0.36585365853658536,0.6829268292682927,0.7804878048780488,,,,,,,
physgp_core,random,10,407,0.1997963954871383,0.11508253179144846,0.5714285714285714,0.8888888888888888,0.6956521739130435,9,0.7560975609756098,0.35365853658536583,0.573170731707317,0.8170731707317073,,,,,,,
physgp_rich,random,10,407,0.21983669457105215,0.13984866950246203,0.42105263157894735,0.8888888888888888,0.5714285714285714,9,0.8048780487804879,0.2682926829268293,0.6097560975609756,0.8292682926829268,,,,,,,
simgp_rich,random,10,407,0.07619607272942433,0.05245710068669893,0.6666666666666666,0.8888888888888888,0.761904761904762,9,0.975609756097561,0.7560975609756098,0.9634146341463414,0.975609756097561,,,,,,,
pinn_rich,random,10,407,0.17951458019920066,0.1249551174303644,0.5,0.7777777777777778,0.6086956521739131,9,0.2073170731707317,0.07317073170731707,0.15853658536585366,0.2804878048780488,,,,,,,
mean_of_samples,random,10,407,0.2523900050219351,0.2041244260565112,1.0,0.0,0.0,9,,,,,,,,,,,
nearest_sample,random,10,407,0.18948158659331993,0.13236050555557696,0.5,0.7777777777777778,0.6086956521739131,9,,,,,,,,,,,
decay_only,random,10,407,0.26502657135111,0.21073940735110613,0.38461538461538464,0.5555555555555556,0.4545454545454546,9,,,,,,,,,,,
simgp_core,random,11,407,0.07864554350498575,0.05442215934664968,0.8181818181818182,1.0,0.9,9,0.9876543209876543,0.8518518518518519,0.9629629629629629,0.9876543209876543,0.1,1.0,0.5,1.15,1.0,1.1,1.0
simgp_core_nogp,random,11,407,0.07638833712545545,0.04900767614460015,0.8181818181818182,1.0,0.9,9,0.9629629629629629,0.7654320987654321,0.9382716049382716,0.9629629629629629,,,,,,,
simgp_core_g75,random,11,407,0.1166897810557092,0.06742703169643623,0.5,0.8888888888888888,0.64,9,0.7407407407407407,0.38271604938271603,0.7037037037037037,0.7777777777777778,,,,,,,
physgp_core,random,11,407,0.1943522566480764,0.11195306684863197,0.6,1.0,0.7499999999999999,9,0.7777777777777778,0.345679012345679,0.654320987654321,0.8271604938271605,,,,,,,
physgp_rich,random,11,407,0.20679702498277305,0.12411201186755798,0.4090909090909091,1.0,0.5806451612903226,9,0.7901234567901234,0.41975308641975306,0.6666666666666666,0.8518518518518519,,,,,,,
simgp_rich,random,11,407,0.07187789705530413,0.05070069946389488,0.7272727272727273,0.8888888888888888,0.7999999999999999,9,0.9876543209876543,0.7530864197530864,0.9629629629629629,0.9876543209876543,,,,,,,
mean_of_samples,random,11,407,0.24333115912501735,0.19370347979673858,1.0,0.0,0.0,9,,,,,,,,,,,
nearest_sample,random,11,407,0.18081994872924706,0.126239066907602,0.5,0.7777777777777778,0.6086956521739131,9,,,,,,,,,,,
decay_only,random,11,407,0.25074548109266437,0.19664588151987392,0.38461538461538464,0.5555555555555556,0.4545454545454546,9,,,,,,,,,,,
simgp_core,random,12,407,0.07925048405008688,0.054690995965698444,0.8,1.0,0.888888888888889,8,0.975,0.825,0.95,0.9875,0.25,0.6,0.0,0.85,1.1,0.9,1.0
simgp_core_nogp,random,12,407,0.0777745831239837,0.05087957372835861,0.8,1.0,0.888888888888889,8,0.95,0.7,0.925,0.9625,,,,,,,
simgp_core_g75,random,12,407,0.11877096119828487,0.06934821797586854,0.5,1.0,0.6666666666666666,8,0.7375,0.3875,0.675,0.775,,,,,,,
physgp_core,random,12,407,0.20035628137491154,0.11454455905821544,0.5714285714285714,1.0,0.7272727272727273,8,0.7375,0.3125,0.6125,0.8125,,,,,,,
physgp_rich,random,12,407,0.2140461943792404,0.12888148870189037,0.4,1.0,0.5714285714285715,8,0.7625,0.35,0.6375,0.8,,,,,,,
simgp_rich,random,12,407,0.07915933895904412,0.05696032746164779,0.6363636363636364,0.875,0.7368421052631579,8,0.9625,0.6625,0.95,0.975,,,,,,,
pinn_rich,random,12,407,0.15287105607059762,0.1055309842911065,0.46153846153846156,0.75,0.5714285714285714,8,0.2875,0.075,0.2,0.3125,,,,,,,
mean_of_samples,random,12,407,0.24765810251209738,0.19838698981110506,1.0,0.0,0.0,8,,,,,,,,,,,
nearest_sample,random,12,407,0.1821984136185416,0.1281871809610424,0.42857142857142855,0.75,0.5454545454545454,8,,,,,,,,,,,
decay_only,random,12,407,0.2626432781907548,0.20696586825478525,0.38461538461538464,0.625,0.4761904761904762,8,,,,,,,,,,,
simgp_core,random,13,407,0.07828614588959375,0.05222185869244222,0.8,1.0,0.888888888888889,8,0.9746835443037974,0.8481012658227848,0.9493670886075949,0.9873417721518988,0.1,1.0,0.5,1.15,1.0,1.1,1.0
simgp_core_nogp,random,13,407,0.07756510859833522,0.04978725169259147,0.8,1.0,0.888888888888889,8,0.9493670886075949,0.7341772151898734,0.9240506329113924,0.9620253164556962,,,,,,,
simgp_core_g75,random,13,407,0.11768747368650963,0.06632592737557072,0.5,1.0,0.6666666666666666,8,0.759493670886076,0.4050632911392405,0.7215189873417721,0.7721518987341772,,,,,,,
physgp_core,random,13,407,0.20123120223145102,0.11777547291790383,0.5,1.0,0.6666666666666666,8,0.7215189873417721,0.3037974683544304,0.5822784810126582,0.8227848101265823,,,,,,,
physgp_rich,random,13,407,0.21401639555161014,0.13020506575417937,0.4,1.0,0.5714285714285715,8,0.759493670886076,0.2911392405063291,0.5822784810126582,0.810126582278481,,,,,,,
simgp_rich,random,13,407,0.074456478910986,0.05235019681050364,0.7272727272727273,1.0,0.8421052631578948,8,0.9873417721518988,0.7088607594936709,0.9620253164556962,0.9873417721518988,,,,,,,
mean_of_samples,random,13,407,0.24642717659535515,0.1967459423835053,1.0,0.0,0.0,8,,,,,,,,,,,
nearest_sample,random,13,407,0.17221751409431768,0.12116044406904893,0.42857142857142855,0.75,0.5454545454545454,8,,,,,,,,,,,
decay_only,random,13,407,0.2586292611467844,0.20292003108959633,0.38461538461538464,0.625,0.4761904761904762,8,,,,,,,,,,,
simgp_core,random,14,407,0.061925829745110364,0.04599212042091382,1.0,0.875,0.9333333333333333,8,0.9871794871794872,0.7692307692307693,0.9358974358974359,0.9871794871794872,0.25,0.6,0.5,0.85,1.1,0.9,0.9166666666666666
simgp_core_nogp,random,14,407,0.058463220621324544,0.03875503353478422,1.0,0.875,0.9333333333333333,8,0.9487179487179487,0.6153846153846154,0.9102564102564102,0.9615384615384616,,,,,,,
simgp_core_g75,random,14,407,0.05617620458580376,0.04080200527833469,1.0,0.875,0.9333333333333333,8,0.8846153846153846,0.5641025641025641,0.8333333333333334,0.9230769230769231,,,,,,,
physgp_core,random,14,407,0.16047283531927517,0.09726448616934066,1.0,0.75,0.8571428571428571,8,0.5641025641025641,0.2564102564102564,0.5256410256410257,0.6666666666666666,,,,,,,
physgp_rich,random,14,407,0.19634433658277473,0.12396707320965532,0.5,0.75,0.6,8,0.6538461538461539,0.20512820512820512,0.5769230769230769,0.7051282051282052,,,,,,,
simgp_rich,random,14,407,0.05505826389538537,0.04067006477731993,0.8888888888888888,1.0,0.9411764705882353,8,0.9871794871794872,0.6282051282051282,0.9358974358974359,0.9871794871794872,,,,,,,
mean_of_samples,random,14,407,0.2484235191035247,0.19936215247971445,1.0,0.0,0.0,8,,,,,,,,,,,
nearest_sample,random,14,407,0.15575255686023437,0.10785161946200916,0.42857142857142855,0.75,0.5454545454545454,8,,,,,,,,,,,
decay_only,random,14,407,0.262480725203846,0.21321591043623814,1.0,0.0,0.0,8,,,,,,,,,,,
simgp_core,random,15,407,0.060837288657176664,0.044817535228428525,1.0,0.875,0.9333333333333333,8,0.974025974025974,0.7922077922077922,0.935064935064935,0.987012987012987,0.4,0.6,1.0,0.85,1.1,1.0,0.9166666666666666
simgp_core_nogp,random,15,407,0.059173482563560455,0.0402422996412939,1.0,0.75,0.8571428571428571,8,0.948051948051948,0.6103896103896104,0.9090909090909091,0.948051948051948,,,,,,,
simgp_core_g75,random,15,407,0.05027794713059007,0.04042915428261143,1.0,0.875,0.9333333333333333,8,0.8831168831168831,0.38961038961038963,0.8441558441558441,0.9090909090909091,,,,,,,
physgp_core,random,15,407,0.1660968952585121,0.10165426406611479,1.0,0.75,0.8571428571428571,8,0.5194805194805194,0.2597402597402597,0.4805194805194805,0.6103896103896104,,,,,,,
physgp_rich,random,15,407,0.20150833398726795,0.12714823925101854,0.5,0.75,0.6,8,0.6233766233766234,0.23376623376623376,0.5844155844155844,0.6623376623376623,,,,,,,
simgp_rich,random,15,407,0.05525949296074905,0.041009057571227,0.8888888888888888,1.0,0.9411764705882353,8,0.987012987012987,0.6233766233766234,0.935064935064935,0.987012987012987,,,,,,,
pinn_rich,random,15,407,0.1615503295916404,0.10878549765357123,0.5,0.75,0.6,8,0.2857142857142857,0.1038961038961039,0.22077922077922077,0.3116883116883117,,,,,,,
mean_of_samples,random,15,407,0.2504267229406445,0.2017272629362741,1.0,0.0,0.0,8,,,,,,,,,,,
nearest_sample,random,15,407,0.151690755928209,0.1082365580100079,0.42857142857142855,0.75,0.5454545454545454,8,,,,,,,,,,,
decay_only,random,15,407,0.2654560425559963,0.2164087629606664,1.0,0.0,0.0,8,,,,,,,,,,,
simgp_core,uncertainty,3,407,0.08708443064539823,0.04982572628571988,0.75,1.0,0.8571428571428571,12,0.9887640449438202,0.8539325842696629,0.9887640449438202,0.9887640449438202,0.1,1.0,1.0,1.0,1.0,1.1,1.0
simgp_core,uncertainty,4,407,0.05859534253065318,0.04152184342965643,0.8,1.0,0.888888888888889,12,0.9886363636363636,0.9090909090909091,0.9886363636363636,0.9886363636363636,0.25,0.6,1.0,0.85,0.9,0.9,1.0
simgp_core,uncertainty,5,407,0.05155584686571537,0.03406695655721572,1.0,1.0,1.0,12,0.9885057471264368,0.8850574712643678,0.9770114942528736,1.0,0.1,0.6,1.0,0.85,0.9,0.9,1.0
simgp_core,uncertainty,6,407,0.048596526585403324,0.031133383639700002,1.0,1.0,1.0,12,0.9883720930232558,0.9186046511627907,0.9651162790697675,1.0,0.55,0.6,1.0,1.0,1.1,0.9,1.0
simgp_core,uncertainty,7,407,0.04830492966492206,0.030468251581034507,1.0,1.0,1.0,11,0.9764705882352941,0.9058823529411765,0.9647058823529412,1.0,0.4,0.6,1.0,1.0,1.1,0.9,1.0
simgp_core,uncertainty,8,407,0.05841638037789551,0.04341312904379356,1.0,0.5,0.6666666666666666,10,0.9880952380952381,0.8690476190476191,0.9761904761904762,1.0,0.4,0.6,1.0,1.0,1.1,0.9,0.5833333333333334
simgp_core,uncertainty,9,407,0.05214565678730184,0.03425462248847224,1.0,0.8888888888888888,0.9411764705882353,9,0.9879518072289156,0.9156626506024096,0.963855421686747,1.0,0.4,0.6,1.0,1.0,1.1,0.9,0.9166666666666666
simgp_core,uncertainty,10,407,0.0534037497177696,0.03615347810755784,1.0,0.875,0.9333333333333333,8,0.9878048780487805,0.9024390243902439,0.9634146341463414,1.0,0.4,0.6,1.0,1.0,1.1,0.9,0.9166666666666666
simgp_core,uncertainty,11,407,0.058821009568681075,0.04339298113539197,1.0,0.875,0.9333333333333333,8,0.9753086419753086,0.8641975308641975,0.9753086419753086,0.9876543209876543,0.4,0.6,1.0,1.0,1.1,0.9,0.9166666666666666
simgp_core,uncertainty,12,407,0.06836945792026747,0.05415593867711195,1.0,0.625,0.7692307692307693,8,0.925,0.7,0.8875,0.975,0.4,0.6,1.0,1.0,1.1,0.9,0.75
simgp_core,uncertainty,13,407,0.06807283500573283,0.05433610392900704,1.0,0.5714285714285714,0.7272727272727273,7,0.9240506329113924,0.6962025316455697,0.8860759493670886,0.9746835443037974,0.4,0.6,1.0,1.0,1.1,0.9,0.75
simgp_core,uncertainty,14,407,0.06709782862267476,0.05216336643447434,1.0,0.3333333333333333,0.5,6,0.9230769230769231,0.6923076923076923,0.8846153846153846,0.9743589743589743,0.4,0.6,1.0,1.0,1.1,0.9,0.6666666666666666
simgp_core,uncertainty,15,407,0.06320156236080147,0.046816319641028246,1.0,0.4,0.5714285714285715,5,0.922077922077922,0.7792207792207793,0.8961038961038961,0.974025974025974,0.4,0.6,1.0,1.0,1.1,0.9,0.75
simgp_core,straddle,3,407,0.08614207080203877,0.05051159009058256,0.8,1.0,0.888888888888889,12,0.9887640449438202,0.8764044943820225,0.9887640449438202,0.9887640449438202,0.1,1.0,1.0,1.15,1.0,1.1,1.0
simgp_core,straddle,4,407,0.07049374864519355,0.048044275484528894,1.0,0.75,0.8571428571428571,12,0.9886363636363636,0.9090909090909091,0.9659090909090909,1.0,0.55,1.0,0.0,1.15,0.9,1.1,0.75
simgp_core,straddle,5,407,0.05278513164901671,0.038120843185561845,1.0,0.75,0.8571428571428571,12,0.9770114942528736,0.9310344827586207,0.9655172413793104,1.0,0.4,0.6,1.0,1.0,1.1,0.9,0.75
simgp_core,straddle,6,407,0.04808221470050046,0.029822439213191516,1.0,1.0,1.0,11,0.9767441860465116,0.8837209302325582,0.9651162790697675,1.0,0.1,1.0,1.0,1.0,1.1,1.1,1.0
simgp_core,straddle,7,407,0.052856765157730745,0.038003333671616756,0.8333333333333334,1.0,0.9090909090909091,10,0.9882352941176471,0.8470588235294118,0.9764705882352941,1.0,0.1,1.0,0.5,0.85,1.0,1.1,1.0
simgp_core,straddle,8,407,0.061391485370623354,0.04589586799470597,0.8181818181818182,1.0,0.9,9,0.9880952380952381,0.8095238095238095,0.9761904761904762,1.0,0.1,1.0,0.5,0.85,1.0,1.1,1.0
simgp_core,straddle,9,407,0.04950307185390307,0.034190341577140404,0.8181818181818182,1.0,0.9,9,0.9879518072289156,0.8433734939759037,0.9879518072289156,1.0,0.1,1.0,0.5,0.85,1.0,1.1,1.0
simgp_core,straddle,10,407,0.04571740012307094,0.03219152820046748,0.8,1.0,0.888888888888889,8,0.9878048780487805,0.8292682926829268,0.9878048780487805,1.0,0.1,1.0,0.5,0.85,1.0,1.1,0.9166666666666666
simgp_core,straddle,11,407,0.045705599074776615,0.0316396679549834,0.7777777777777778,1.0,0.8750000000000001,7,0.9876543209876543,0.8395061728395061,0.9876543209876543,1.0,0.1,1.0,0.5,0.85,1.0,1.1,0.9166666666666666
simgp_core,straddle,12,407,0.04958000875956539,0.03355070106431178,0.7777777777777778,1.0,0.8750000000000001,7,0.9875,0.825,0.9875,0.9875,0.25,1.0,0.5,1.0,1.1,1.1,0.9166666666666666
simgp_core,straddle,13,407,0.048885681460343756,0.03313377329278918,0.75,1.0,0.8571428571428571,6,0.9873417721518988,0.8354430379746836,0.9873417721518988,1.0,0.4,1.0,0.5,1.0,1.1,1.1,0.9166666666666666
simgp_core,straddle,14,407,0.04816255720101884,0.03312425632227941,0.75,1.0,0.8571428571428571,6,0.9871794871794872,0.8333333333333334,0.9871794871794872,1.0,0.4,1.0,0.5,1.0,1.1,1.1,0.9166666666666666
simgp_core,straddle,15,407,0.056214156156871566,0.03796870276960193,0.8571428571428571,1.0,0.923076923076923,6,0.987012987012987,0.8181818181818182,0.974025974025974,1.0,0.4,1.0,0.5,1.0,1.1,1.1,0.9166666666666666
