model,strategy,n,seed,rmse,mae,precision,recall,f1,n_true_viol,coverage90,coverage50,coverage80,coverage95,map_kb,map_kw,map_gamma,map_demand,map_rough,map_dose,recall_all
simgp_core,random,3,400,0.0934431241082044,0.06523616091015196,0.5,0.5,0.5,2,0.96875,0.78125,0.96875,0.96875,0.1,0.3,0.0,0.85,1.1,1.05,0.5
simgp_core_nogp,random,3,400,0.09746420332155434,0.06985879261281268,0.3333333333333333,0.5,0.4,2,0.96875,0.8125,0.96875,0.96875,,,,,,,
simgp_core_g75,random,3,400,0.09703805151356482,0.05954146676182173,0.5,0.5,0.5,2,0.90625,0.6875,0.8125,0.90625,,,,,,,
physgp_core,random,3,400,0.163221632498709,0.11615534934127768,1.0,0.0,0.0,2,0.09375,0.09375,0.09375,0.15625,,,,,,,
physgp_rich,random,3,400,0.1632515413157295,0.11627640778791296,1.0,0.0,0.0,2,0.09375,0.09375,0.09375,0.15625,,,,,,,
simgp_rich,random,3,400,0.10088239521303087,0.07366015976950935,0.3333333333333333,0.5,0.4,2,0.96875,0.75,0.96875,0.96875,,,,,,,
pinn_rich,random,3,400,0.16059855090595707,0.1104432949767446,1.0,0.0,0.0,2,0.40625,0.21875,0.34375,0.5,,,,,,,
mean_of_samples,random,3,400,0.21214829662741597,0.16330531008671695,1.0,0.0,0.0,2,,,,,,,,,,,
nearest_sample,random,3,400,0.1493537966246435,0.10733679281918529,1.0,0.0,0.0,2,,,,,,,,,,,
decay_only,random,3,400,0.16326239661389466,0.11630982173438877,1.0,0.0,0.0,2,,,,,,,,,,,
simgp_core,random,4,400,0.09546784088570082,0.06745270557070178,0.3333333333333333,0.5,0.4,2,0.967741935483871,0.8064516129032258,0.967741935483871,0.967741935483871,0.1,0.3,0.0,0.85,1.1,1.05,0.5
simgp_core_nogp,random,4,400,0.09851127828822906,0.07099422031544003,0.3333333333333333,0.5,0.4,2,0.967741935483871,0.8387096774193549,0.967741935483871,0.967741935483871,,,,,,,
simgp_core_g75,random,4,400,0.09820347715256887,0.06061017608545217,0.5,0.5,0.5,2,0.9032258064516129,0.6774193548387096,0.8064516129032258,0.9032258064516129,,,,,,,
physgp_core,random,4,400,0.21904640141041634,0.15143944952562788,1.0,0.0,0.0,2,0.5161290322580645,0.2903225806451613,0.45161290322580644,0.6129032258064516,,,,,,,
physgp_rich,random,4,400,0.22588618545670155,0.16283099206774085,1.0,0.0,0.0,2,0.5483870967741935,0.1935483870967742,0.45161290322580644,0.6129032258064516,,,,,,,
simgp_rich,random,4,400,0.09383944436735245,0.0632512737404511,0.3333333333333333,0.5,0.4,2,0.967741935483871,0.8064516129032258,0.967741935483871,0.967741935483871,,,,,,,
mean_of_samples,random,4,400,0.277762768905264,0.248977911949783,1.0,0.0,0.0,2,,,,,,,,,,,
nearest_sample,random,4,400,0.1334184095066532,0.09781584271476529,1.0,0.0,0.0,2,,,,,,,,,,,
decay_only,random,4,400,0.22798540072682094,0.1647587935528934,1.0,0.0,0.0,2,,,,,,,,,,,
simgp_core,random,5,400,0.10563266139305169,0.06444639919830919,0.5,0.5,0.5,2,0.9666666666666667,0.7333333333333333,0.8333333333333334,0.9666666666666667,0.25,0.1,0.5,1.0,1.1,1.0,0.5
simgp_core_nogp,random,5,400,0.09406093466811502,0.0584045549219788,0.5,0.5,0.5,2,0.9666666666666667,0.7333333333333333,0.9333333333333333,0.9666666666666667,,,,,,,
simgp_core_g75,random,5,400,0.10145039529653964,0.06351400410112922,0.5,0.5,0.5,2,0.8333333333333334,0.6333333333333333,0.7666666666666667,0.9,,,,,,,
physgp_core,random,5,400,0.18495991766595826,0.13147974578478933,1.0,0.0,0.0,2,0.26666666666666666,0.06666666666666667,0.2,0.26666666666666666,,,,,,,
physgp_rich,random,5,400,0.1675651003974343,0.1202189890147812,0.5,0.5,0.5,2,0.4,0.26666666666666666,0.3333333333333333,0.4,,,,,,,
simgp_rich,random,5,400,0.12812971449357882,0.09339542085228174,1.0,0.0,0.0,2,0.9,0.5333333333333333,0.7666666666666667,0.9333333333333333,,,,,,,
pinn_rich,random,5,400,0.15083687271818233,0.10494729877277056,1.0,0.0,0.0,2,0.6,0.2,0.4666666666666667,0.6,,,,,,,
mean_of_samples,random,5,400,0.24728842253826186,0.22322910219788714,1.0,0.0,0.0,2,,,,,,,,,,,
nearest_sample,random,5,400,0.13392614729814775,0.094378187844097,1.0,0.0,0.0,2,,,,,,,,,,,
decay_only,random,5,400,0.18511658949661838,0.13169897419304363,1.0,0.0,0.0,2,,,,,,,,,,,
simgp_core,random,6,400,0.09621916312835066,0.06003212748217111,0.5,0.5,0.5,2,0.9655172413793104,0.6551724137931034,0.896551724137931,0.9655172413793104,0.25,0.1,0.5,1.0,1.1,1.0,0.5
simgp_core_nogp,random,6,400,0.09488959456989943,0.058772786257570014,0.5,0.5,0.5,2,0.9655172413793104,0.7241379310344828,0.8620689655172413,0.9655172413793104,,,,,,,
simgp_core_g75,random,6,400,0.10154438794171866,0.06401535388188645,0.5,0.5,0.5,2,0.8275862068965517,0.5172413793103449,0.7586206896551724,0.896551724137931,,,,,,,
physgp_core,random,6,400,0.18477978199599474,0.12687171158098404,1.0,0.0,0.0,2,0.2413793103448276,0.10344827586206896,0.1724137931034483,0.2413793103448276,,,,,,,
physgp_rich,random,6,400,0.12423923835594428,0.09480608151771096,0.5,0.5,0.5,2,0.4482758620689655,0.20689655172413793,0.3793103448275862,0.4482758620689655,,,,,,,
simgp_rich,random,6,400,0.12069667951474689,0.08283245796447224,1.0,0.0,0.0,2,0.896551724137931,0.4827586206896552,0.8275862068965517,0.896551724137931,,,,,,,
mean_of_samples,random,6,400,0.22674234275849892,0.20424825176717226,1.0,0.0,0.0,2,,,,,,,,,,,
nearest_sample,random,6,400,0.1425360459491699,0.10203577643717543,1.0,0.0,0.0,2,,,,,,,,,,,
decay_only,random,6,400,0.18481783944866506,0.12691927178903328,1.0,0.0,0.0,2,,,,,,,,,,,
simgp_core,random,7,400,0.09818106323005378,0.06364353846081741,0.5,0.5,0.5,2,0.9285714285714286,0.6785714285714286,0.8928571428571429,0.9642857142857143,0.25,0.1,0.5,1.0,1.1,1.0,0.5
simgp_core_nogp,random,7,400,0.09528415590472139,0.05945177283561974,0.5,0.5,0.5,2,0.9285714285714286,0.7142857142857143,0.8928571428571429,0.9642857142857143,,,,,,,
simgp_core_g75,random,7,400,0.10306619503508625,0.06616824706676054,0.5,0.5,0.5,2,0.8928571428571429,0.5357142857142857,0.75,0.8928571428571429,,,,,,,
physgp_core,random,7,400,0.16582383331198283,0.12243167375688509,1.0,0.0,0.0,2,0.6785714285714286,0.35714285714285715,0.6785714285714286,0.7142857142857143,,,,,,,
physgp_rich,random,7,400,0.13628032561842196,0.10394684871362324,0.5,0.5,0.5,2,0.6071428571428571,0.35714285714285715,0.5714285714285714,0.6071428571428571,,,,,,,
simgp_rich,random,7,400,0.12635406568071694,0.08407231172616969,0.3333333333333333,0.5,0.4,2,0.8571428571428571,0.6071428571428571,0.8214285714285714,0.9285714285714286,,,,,,,
mean_of_samples,random,7,400,0.20099307486456583,0.1791384886732082,1.0,0.0,0.0,2,,,,,,,,,,,
nearest_sample,random,7,400,0.14076941928609402,0.10355763060032634,1.0,0.0,0.0,2,,,,,,,,,,,
decay_only,random,7,400,0.1892727522572526,0.13395211825615855,1.0,0.0,0.0,2,,,,,,,,,,,
simgp_core,random,8,400,0.09985044636196037,0.06561171333856743,0.5,0.5,0.5,2,0.9259259259259259,0.6666666666666666,0.8888888888888888,0.9629629629629629,0.25,0.1,0.5,1.0,1.1,1.0,0.5
simgp_core_nogp,random,8,400,0.09722582982576415,0.061855711189776966,0.5,0.5,0.5,2,0.9259259259259259,0.7037037037037037,0.8888888888888888,0.9629629629629629,,,,,,,
simgp_core_g75,random,8,400,0.10476187563629726,0.0683571314591836,0.5,0.5,0.5,2,0.8518518518518519,0.5185185185185185,0.7037037037037037,0.8888888888888888,,,,,,,
physgp_core,random,8,400,0.16776925113904345,0.12608809158166984,1.0,0.0,0.0,2,0.5925925925925926,0.37037037037037035,0.48148148148148145,0.6296296296296297,,,,,,,
physgp_rich,random,8,400,0.14942267443273075,0.11320121336407366,0.5,0.5,0.5,2,0.5925925925925926,0.2962962962962963,0.5925925925925926,0.5925925925925926,,,,,,,
simgp_rich,random,8,400,0.11850234799999054,0.07412334894820158,0.3333333333333333,0.5,0.4,2,0.8888888888888888,0.6296296296296297,0.8148148148148148,0.9259259259259259,,,,,,,
pinn_rich,random,8,400,0.1500159832762006,0.11085623341724934,0.0,0.0,0.0,2,0.25925925925925924,0.07407407407407407,0.25925925925925924,0.2962962962962963,,,,,,,
mean_of_samples,random,8,400,0.19091944707975,0.16546185796231133,1.0,0.0,0.0,2,,,,,,,,,,,
nearest_sample,random,8,400,0.14419649096177117,0.10481871236815249,1.0,0.0,0.0,2,,,,,,,,,,,
decay_only,random,8,400,0.1927920311528816,0.13895857889726895,1.0,0.0,0.0,2,,,,,,,,,,,
simgp_core,random,9,400,0.1014508310978165,0.06719557874512527,0.5,0.5,0.5,2,0.9230769230769231,0.6153846153846154,0.8846153846153846,0.9615384615384616,0.25,0.1,0.5,1.0,1.1,1.0,0.5
simgp_core_nogp,random,9,400,0.09913157291768517,0.06430657440406541,0.5,0.5,0.5,2,0.9230769230769231,0.6923076923076923,0.8846153846153846,0.9615384615384616,,,,,,,
simgp_core_g75,random,9,400,0.10626718893994648,0.07051242855123678,0.5,0.5,0.5,2,0.8076923076923077,0.46153846153846156,0.6923076923076923,0.8846153846153846,,,,,,,
physgp_core,random,9,400,0.13043276948620564,0.09004885442628979,0.5,0.5,0.5,2,0.6538461538461539,0.34615384615384615,0.5384615384615384,0.6923076923076923,,,,,,,
physgp_rich,random,9,400,0.13876808441181068,0.10831172627890982,0.5,0.5,0.5,2,0.46153846153846156,0.19230769230769232,0.4230769230769231,0.5,,,,,,,
simgp_rich,random,9,400,0.12094261309101943,0.07678268775849474,0.3333333333333333,0.5,0.4,2,0.8461538461538461,0.5769230769230769,0.8076923076923077,0.9230769230769231,,,,,,,
mean_of_samples,random,9,400,0.19754569990712897,0.1734059733355934,1.0,0.0,0.0,2,,,,,,,,,,,
nearest_sample,random,9,400,0.10755368477392996,0.08423429286088382,1.0,0.0,0.0,2,,,,,,,,,,,
decay_only,random,9,400,0.17777975188039807,0.12762939843238605,1.0,0.0,0.0,2,,,,,,,,,,,
simgp_core,random,10,400,0.09945673277506475,0.06466904434979508,0.5,0.5,0.5,2,0.92,0.64,0.84,0.96,0.1,0.3,0.0,1.0,1.1,0.95,0.5
simgp_core_nogp,random,10,400,0.09626115231538426,0.060235300764658196,0.5,0.5,0.5,2,0.92,0.72,0.88,0.96,,,,,,,
simgp_core_g75,random,10,400,0.10103771275512462,0.06451715762858694,0.5,0.5,0.5,2,0.76,0.52,0.76,0.84,,,,,,,
physgp_core,random,10,400,0.11410655521585393,0.09156284906285186,1.0,0.0,0.0,2,0.48,0.24,0.36,0.52,,,,,,,
physgp_rich,random,10,400,0.10620114645090371,0.07853186724434735,1.0,0.0,0.0,2,0.72,0.28,0.64,0.72,,,,,,,
simgp_rich,random,10,400,0.11238405936798387,0.0682644589837002,0.3333333333333333,0.5,0.4,2,0.92,0.64,0.88,0.96,,,,,,,
pinn_rich,random,10,400,0.10719929420129688,0.08045892882885884,1.0,0.0,0.0,2,0.32,0.2,0.28,0.32,,,,,,,
mean_of_samples,random,10,400,0.20116010574566587,0.17873965504882572,1.0,0.0,0.0,2,,,,,,,,,,,
nearest_sample,random,10,400,0.1015564827379065,0.0809938662321085,1.0,0.0,0.0,2,,,,,,,,,,,
decay_only,random,10,400,0.14710723695556882,0.10841686362479035,1.0,0.0,0.0,2,,,,,,,,,,,
simgp_core,random,11,400,0.10169737581578676,0.06708943177235623,0.5,0.5,0.5,2,0.9166666666666666,0.625,0.875,0.9583333333333334,0.1,0.3,0.5,1.0,1.1,1.05,0.5
simgp_core_nogp,random,11,400,0.09816419279491398,0.06324886758114916,0.5,0.5,0.5,2,0.9166666666666666,0.7083333333333334,0.9166666666666666,0.9583333333333334,,,,,,,
simgp_core_g75,random,11,400,0.1028437549276986,0.06729225961874225,0.5,0.5,0.5,2,0.75,0.4583333333333333,0.75,0.7916666666666666,,,,,,,
physgp_core,random,11,400,0.11515419496419185,0.08310601249176659,0.3333333333333333,0.5,0.4,2,0.4583333333333333,0.2916666666666667,0.375,0.5416666666666666,,,,,,,
physgp_rich,random,11,400,0.11590599912154355,0.08671577344491566,0.3333333333333333,0.5,0.4,2,0.6666666666666666,0.4166666666666667,0.6666666666666666,0.7083333333333334,,,,,,,
simgp_rich,random,11,400,0.09163793422125781,0.05615100631447789,1.0,0.5,0.6666666666666666,2,0.9583333333333334,0.75,0.875,0.9583333333333334,,,,,,,
mean_of_samples,random,11,400,0.1926398833390519,0.16575657840433267,1.0,0.0,0.0,2,,,,,,,,,,,
nearest_sample,random,11,400,0.09393462550040516,0.07542493594384603,1.0,0.0,0.0,2,,,,,,,,,,,
decay_only,random,11,400,0.15138782082495167,0.11539782217851872,1.0,0.0,0.0,2,,,,,,,,,,,
simgp_core,random,12,400,0.10290010076286392,0.06641737865795881,0.5,0.5,0.5,2,0.9130434782608695,0.6521739130434783,0.8260869565217391,0.9565217391304348,0.1,0.3,0.5,1.0,1.1,1.1,0.5
simgp_core_nogp,random,12,400,0.09968907902324811,0.06363589794832865,0.5,0.5,0.5,2,0.9130434782608695,0.7391304347826086,0.9130434782608695,0.9565217391304348,,,,,,,
simgp_core_g75,random,12,400,0.10425536348033129,0.0670607190978193,0.5,0.5,0.5,2,0.7391304347826086,0.4782608695652174,0.7391304347826086,0.782608695652174,,,,,,,
physgp_core,random,12,400,0.1183352041491847,0.09525597471985998,1.0,0.0,0.0,2,0.391304347826087,0.17391304347826086,0.30434782608695654,0.43478260869565216,,,,,,,
physgp_rich,random,12,400,0.11519364637130358,0.08555034525876322,1.0,0.5,0.6666666666666666,2,0.5652173913043478,0.391304347826087,0.5652173913043478,0.6956521739130435,,,,,,,
simgp_rich,random,12,400,0.0920656088046536,0.054755592056674636,1.0,0.5,0.6666666666666666,2,0.9565217391304348,0.782608695652174,0.8695652173913043,0.9565217391304348,,,,,,,
pinn_rich,random,12,400,0.11206282319965152,0.08657872757634986,1.0,0.0,0.0,2,0.30434782608695654,0.17391304347826086,0.30434782608695654,0.34782608695652173,,,,,,,
mean_of_samples,random,12,400,0.20076049348412361,0.1761978902818811,1.0,0.0,0.0,2,,,,,,,,,,,
nearest_sample,random,12,400,0.09460809877465132,0.07499504425707007,1.0,0.0,0.0,2,,,,,,,,,,,
decay_only,random,12,400,0.15419058781509262,0.11773673455987503,1.0,0.0,0.0,2,,,,,,,,,,,
simgp_core,random,13,400,0.10284514521983243,0.06597783750817378,0.5,0.5,0.5,2,0.9090909090909091,0.5909090909090909,0.8181818181818182,0.9545454545454546,0.1,0.3,0.5,1.0,1.1,1.1,0.5
simgp_core_nogp,random,13,400,0.09973338729669912,0.06219153517895644,0.5,0.5,0.5,2,0.9090909090909091,0.6818181818181818,0.8636363636363636,0.9545454545454546,,,,,,,
simgp_core_g75,random,13,400,0.10359224609397565,0.06418799232918565,0.5,0.5,0.5,2,0.7272727272727273,0.45454545454545453,0.7272727272727273,0.7727272727272727,,,,,,,
physgp_core,random,13,400,0.1387304503011528,0.10073180627438871,1.0,0.0,0.0,2,0.5454545454545454,0.36363636363636365,0.45454545454545453,0.6363636363636364,,,,,,,
physgp_rich,random,13,400,0.11942982118808992,0.09153387809359766,0.0,0.0,0.0,2,0.6363636363636364,0.36363636363636365,0.5909090909090909,0.6818181818181818,,,,,,,
simgp_rich,random,13,400,0.12169432047744536,0.07229877180147076,0.3333333333333333,0.5,0.4,2,0.8636363636363636,0.7272727272727273,0.7727272727272727,0.9090909090909091,,,,,,,
mean_of_samples,random,13,400,0.19865144042754992,0.1716084548250819,1.0,0.0,0.0,2,,,,,,,,,,,
nearest_sample,random,13,400,0.092988961818024,0.07144289239385866,1.0,0.0,0.0,2,,,,,,,,,,,
decay_only,random,13,400,0.15590832835569574,0.11780497136297617,1.0,0.0,0.0,2,,,,,,,,,,,
simgp_core,random,14,400,0.08846910361723655,0.058296768390751756,1.0,1.0,1.0,1,0.9523809523809523,0.7619047619047619,0.9047619047619048,0.9523809523809523,0.1,0.3,0.5,1.0,1.0,1.05,1.0
simgp_core_nogp,random,14,400,0.084560650115794,0.05329659527772046,1.0,1.0,1.0,1,0.9523809523809523,0.7142857142857143,0.9523809523809523,0.9523809523809523,,,,,,,
simgp_core_g75,random,14,400,0.09015392908620372,0.061857717042893334,0.5,1.0,0.6666666666666666,1,0.7619047619047619,0.47619047619047616,0.6666666666666666,0.8571428571428571,,,,,,,
physgp_core,random,14,400,0.09165198677915598,0.0673536614721844,1.0,0.0,0.0,1,0.7619047619047619,0.47619047619047616,0.6666666666666666,0.8571428571428571,,,,,,,
physgp_rich,random,14,400,0.10690812494901805,0.08670621815765799,1.0,0.0,0.0,1,0.7142857142857143,0.42857142857142855,0.6666666666666666,0.7619047619047619,,,,,,,
simgp_rich,random,14,400,0.08569345351553338,0.05500299554924088,1.0,1.0,1.0,1,0.9523809523809523,0.8095238095238095,0.9523809523809523,0.9523809523809523,,,,,,,
mean_of_samples,random,14,400,0.18577041534343552,0.1547405588481888,1.0,0.0,0.0,1,,,,,,,,,,,
nearest_sample,random,14,400,0.11880363914821186,0.08610729630102824,0.0,0.0,0.0,1,,,,,,,,,,,
decay_only,random,14,400,0.12156335513474005,0.10097211460407417,1.0,0.0,0.0,1,,,,,,,,,,,
simgp_core,random,15,400,0.09060973911717432,0.061212896993819446,1.0,1.0,1.0,1,0.95,0.7,0.9,0.95,0.1,0.3,0.5,1.0,1.1,1.05,1.0
simgp_core_nogp,random,15,400,0.08524337130553875,0.05342673818959657,1.0,1.0,1.0,1,0.95,0.7,0.95,0.95,,,,,,,
simgp_core_g75,random,15,400,0.08315305895585982,0.0511592673587983,0.5,1.0,0.6666666666666666,1,0.8,0.6,0.7,0.8,,,,,,,
physgp_core,random,15,400,0.0930428978766408,0.07156220836400773,1.0,0.0,0.0,1,0.75,0.45,0.65,0.8,,,,,,,
physgp_rich,random,15,400,0.11018161624871854,0.08076232454645284,1.0,1.0,1.0,1,0.9,0.55,0.8,0.95,,,,,,,
simgp_rich,random,15,400,0.08459719632748935,0.05730472032259174,1.0,1.0,1.0,1,0.95,0.8,0.95,0.95,,,,,,,
pinn_rich,random,15,400,0.12112430914204117,0.09321773189824548,1.0,0.0,0.0,1,0.35,0.2,0.3,0.35,,,,,,,
mean_of_samples,random,15,400,0.1881436498277327,0.15552067226925512,1.0,0.0,0.0,1,,,,,,,,,,,
nearest_sample,random,15,400,0.12145365373730628,0.08812124792291184,0.0,0.0,0.0,1,,,,,,,,,,,
decay_only,random,15,400,0.12207683323702294,0.09955059363219958,1.0,0.0,0.0,1,,,,,,,,,,,
simgp_core,uncertainty,3,400,0.10578556488399263,0.0812819646392008,0.25,0.5,0.3333333333333333,2,0.96875,0.5,0.9375,0.96875,0.25,0.3,0.0,1.0,1.1,1.1,0.5
simgp_core,uncertainty,4,400,0.1038916032890672,0.07084997779954702,0.3333333333333333,0.5,0.4,2,0.9354838709677419,0.7741935483870968,0.9354838709677419,0.967741935483871,0.25,0.3,0.0,1.0,1.1,1.1,0.5
simgp_core,uncertainty,5,400,0.11262062444981956,0.06853716446028954,0.5,0.5,0.5,2,0.9333333333333333,0.7,0.8333333333333334,0.9666666666666667,0.1,0.3,0.5,1.0,0.9,1.05,0.5
simgp_core,uncertainty,6,400,0.1488787271317377,0.11758717708324264,1.0,0.0,0.0,2,0.896551724137931,0.41379310344827586,0.8275862068965517,0.9655172413793104,0.1,0.3,0.5,1.0,1.1,1.1,0.0
simgp_core,uncertainty,7,400,0.0997244407326241,0.07362993784630409,1.0,0.0,0.0,2,0.9642857142857143,0.7142857142857143,0.9285714285714286,0.9642857142857143,0.1,0.3,0.0,1.0,1.1,1.0,0.0
simgp_core,uncertainty,8,400,0.11112758779857193,0.08506770643383507,1.0,0.0,0.0,2,0.8888888888888888,0.5185185185185185,0.7777777777777778,0.9629629629629629,0.1,0.3,0.5,1.0,1.1,1.1,0.0
simgp_core,uncertainty,9,400,0.10854876924597572,0.08151036758609974,1.0,0.0,0.0,2,0.9230769230769231,0.5,0.7692307692307693,0.9615384615384616,0.1,0.3,0.5,1.0,1.1,1.1,0.0
simgp_core,uncertainty,10,400,0.07334039752922925,0.03642336115072592,1.0,0.0,0.0,1,0.96,0.76,0.92,0.96,0.1,0.3,0.5,1.0,1.1,1.1,0.5
simgp_core,uncertainty,11,400,0.07889624654566726,0.05296528727213268,1.0,0.0,0.0,1,1.0,0.75,0.9583333333333334,1.0,0.1,0.3,0.0,1.0,1.1,1.0,0.5
simgp_core,uncertainty,12,400,0.08232567387210753,0.05700641222503819,1.0,0.0,0.0,1,1.0,0.6956521739130435,0.9565217391304348,1.0,0.1,0.3,0.0,1.0,1.1,1.0,0.5
simgp_core,uncertainty,13,400,0.045851255127539126,0.035074499017165646,1.0,1.0,1.0,0,1.0,0.7727272727272727,1.0,1.0,0.1,0.3,0.0,1.0,1.1,1.0,0.5
simgp_core,uncertainty,14,400,0.04528592504515891,0.03421062721256751,1.0,1.0,1.0,0,1.0,0.7619047619047619,1.0,1.0,0.1,0.3,0.5,1.0,1.1,1.1,0.5
simgp_core,uncertainty,15,400,0.046057719463588435,0.03457719426170085,1.0,1.0,1.0,0,1.0,0.8,1.0,1.0,0.1,0.3,0.5,1.0,1.1,1.1,0.5
simgp_core,straddle,3,400,0.10433043078909263,0.07901591057300304,0.25,0.5,0.3333333333333333,2,0.96875,0.625,0.9375,0.96875,0.1,0.3,0.5,1.0,0.9,1.05,0.5
simgp_core,straddle,4,400,0.11875729862668999,0.07467934486388966,0.5,0.5,0.5,2,0.9032258064516129,0.7096774193548387,0.8387096774193549,0.967741935483871,0.1,0.3,0.5,1.0,0.9,1.1,0.5
simgp_core,straddle,5,400,0.19896178055287966,0.14643758548646854,1.0,0.0,0.0,2,0.8,0.5666666666666667,0.6666666666666666,0.9333333333333333,0.1,0.3,0.5,1.0,1.1,1.1,0.0
simgp_core,straddle,6,400,0.1616935344293661,0.11551677341017516,1.0,0.0,0.0,2,0.8620689655172413,0.5862068965517241,0.7241379310344828,0.9655172413793104,0.1,0.3,0.0,1.0,1.1,1.0,0.0
simgp_core,straddle,7,400,0.07133244335114355,0.04265442792818492,1.0,0.0,0.0,1,0.9642857142857143,0.8214285714285714,0.9642857142857143,0.9642857142857143,0.1,0.3,0.5,1.0,1.1,1.1,0.5
simgp_core,straddle,8,400,0.06930404638259535,0.04123425780330766,1.0,0.0,0.0,1,0.9629629629629629,0.8148148148148148,0.9629629629629629,0.9629629629629629,0.1,0.3,0.5,1.0,1.1,1.1,0.5
simgp_core,straddle,9,400,0.06605844382455528,0.041940937570377076,1.0,0.0,0.0,1,1.0,0.9230769230769231,1.0,1.0,0.1,0.3,0.5,1.0,1.1,1.1,0.5
simgp_core,straddle,10,400,0.09604299324472246,0.03978640825291585,1.0,1.0,1.0,0,1.0,0.84,0.96,1.0,0.1,0.3,0.0,0.85,1.1,1.1,1.0
simgp_core,straddle,11,400,0.04425467177502011,0.02826553577631283,1.0,1.0,1.0,0,1.0,0.9583333333333334,1.0,1.0,0.1,0.3,0.5,1.0,1.1,1.1,1.0
simgp_core,straddle,12,400,0.04799001841758296,0.03375161696896111,1.0,1.0,1.0,0,1.0,0.9565217391304348,1.0,1.0,0.1,0.3,0.5,1.0,1.1,1.1,1.0
simgp_core,straddle,13,400,0.030493691961658843,0.023049824947950857,1.0,1.0,1.0,0,1.0,1.0,1.0,1.0,0.1,0.3,0.5,1.0,1.1,1.1,1.0
simgp_core,straddle,14,400,0.03089559601513164,0.02320112451701308,1.0,1.0,1.0,0,1.0,1.0,1.0,1.0,0.1,0.3,0.5,1.0,1.1,1.1,1.0
simgp_core,straddle,15,400,0.028277191969454888,0.02139637251507152,1.0,1.0,1.0,0,1.0,1.0,1.0,1.0,0.1,0.3,0.5,1.0,1.1,1.1,1.0
simgp_core,random,3,401,0.06425447902435424,0.04689591906105292,0.0,0.0,0.0,1,0.96875,0.875,0.96875,1.0,0.1,0.3,1.0,1.0,0.9,1.1,0.0
simgp_core_nogp,random,3,401,0.06669385987208952,0.05383186566767162,0.0,0.0,0.0,1,0.96875,0.84375,0.96875,1.0,,,,,,,
simgp_core_g75,random,3,401,0.08476300365138428,0.053771365994443515,0.0,0.0,0.0,1,0.875,0.65625,0.84375,0.875,,,,,,,
physgp_core,random,3,401,0.29523896755170653,0.18571939478127278,0.07142857142857142,1.0,0.13333333333333333,1,0.15625,0.03125,0.15625,0.15625,,,,,,,
physgp_rich,random,3,401,0.2952380803196624,0.18571692779434415,0.07142857142857142,1.0,0.13333333333333333,1,0.1875,0.125,0.15625,0.21875,,,,,,,
simgp_rich,random,3,401,0.06674299724562942,0.0529156046817406,0.0,0.0,0.0,1,0.96875,0.875,0.96875,1.0,,,,,,,
pinn_rich,random,3,401,0.24490793277351486,0.1479118258406651,1.0,0.0,0.0,1,0.40625,0.3125,0.40625,0.46875,,,,,,,
mean_of_samples,random,3,401,0.24340007367713287,0.1565468499709392,1.0,0.0,0.0,1,,,,,,,,,,,
nearest_sample,random,3,401,0.2166391975291865,0.13548529107140164,0.0,0.0,0.0,1,,,,,,,,,,,
decay_only,random,3,401,0.29523896801323957,0.18571939606778282,0.07142857142857142,1.0,0.13333333333333333,1,,,,,,,,,,,
simgp_core,random,4,401,0.06973908192718711,0.0507928439159547,0.0,0.0,0.0,1,0.967741935483871,0.7419354838709677,0.967741935483871,1.0,0.1,0.3,0.0,0.85,1.1,0.95,0.0
simgp_core_nogp,random,4,401,0.06943605555184346,0.053335442696929504,0.0,0.0,0.0,1,0.967741935483871,0.7096774193548387,0.9354838709677419,0.967741935483871,,,,,,,
simgp_core_g75,random,4,401,0.09673459285714846,0.07617014825664539,0.0,0.0,0.0,1,0.8709677419354839,0.3870967741935484,0.7096774193548387,0.8709677419354839,,,,,,,
physgp_core,random,4,401,0.299226521764056,0.19048560621911018,0.07142857142857142,1.0,0.13333333333333333,1,0.12903225806451613,0.0967741935483871,0.0967741935483871,0.16129032258064516,,,,,,,
physgp_rich,random,4,401,0.29924133294348765,0.19058735557209863,0.07142857142857142,1.0,0.13333333333333333,1,0.12903225806451613,0.0967741935483871,0.0967741935483871,0.16129032258064516,,,,,,,
simgp_rich,random,4,401,0.06983812386223694,0.05144213155819706,0.0,0.0,0.0,1,0.967741935483871,0.7419354838709677,0.967741935483871,1.0,,,,,,,
mean_of_samples,random,4,401,0.24458950079424363,0.15858412831678861,1.0,0.0,0.0,1,,,,,,,,,,,
nearest_sample,random,4,401,0.2357083004513167,0.14551112040535602,0.0,0.0,0.0,1,,,,,,,,,,,
decay_only,random,4,401,0.299242911092602,0.19059201608980314,0.07142857142857142,1.0,0.13333333333333333,1,,,,,,,,,,,
simgp_core,random,5,401,0.05738730983886842,0.03621857604594133,0.0,0.0,0.0,1,0.9666666666666667,0.8666666666666667,0.9333333333333333,1.0,0.1,0.3,0.0,0.85,1.1,0.95,0.0
simgp_core_nogp,random,5,401,0.06847355794709492,0.05221069167221881,0.0,0.0,0.0,1,0.9666666666666667,0.7333333333333333,0.9333333333333333,0.9666666666666667,,,,,,,
simgp_core_g75,random,5,401,0.09364197155679657,0.06966464263660928,0.0,0.0,0.0,1,0.8,0.4,0.6666666666666666,0.8,,,,,,,
physgp_core,random,5,401,0.15269184238248662,0.110592590813771,1.0,0.0,0.0,1,0.7333333333333333,0.36666666666666664,0.6666666666666666,0.7666666666666667,,,,,,,
physgp_rich,random,5,401,0.11474505965178014,0.08307260535162744,1.0,0.0,0.0,1,0.9666666666666667,0.7333333333333333,0.9666666666666667,0.9666666666666667,,,,,,,
simgp_rich,random,5,401,0.05770182151193225,0.039833478034255236,0.0,0.0,0.0,1,0.9666666666666667,0.8666666666666667,0.9666666666666667,1.0,,,,,,,
pinn_rich,random,5,401,0.0939968610588346,0.07183516884444634,1.0,0.0,0.0,1,0.43333333333333335,0.16666666666666666,0.36666666666666664,0.4666666666666667,,,,,,,
mean_of_samples,random,5,401,0.1612329528507244,0.1293528681723142,1.0,0.0,0.0,1,,,,,,,,,,,
nearest_sample,random,5,401,0.15155046251777937,0.1052842146098383,0.0,0.0,0.0,1,,,,,,,,,,,
decay_only,random,5,401,0.12057943892567334,0.08993855864245102,1.0,0.0,0.0,1,,,,,,,,,,,
simgp_core,random,6,401,0.05864132307623784,0.03767179685518152,0.0,0.0,0.0,1,0.9310344827586207,0.896551724137931,0.9310344827586207,1.0,0.1,0.3,0.0,0.85,1.1,0.95,0.0
simgp_core_nogp,random,6,401,0.06264394852827704,0.04810183736639479,0.0,0.0,0.0,1,0.9655172413793104,0.6896551724137931,0.9310344827586207,0.9655172413793104,,,,,,,
simgp_core_g75,random,6,401,0.09502576090037385,0.07979454920870475,0.0,0.0,0.0,1,0.5517241379310345,0.06896551724137931,0.3103448275862069,0.7931034482758621,,,,,,,
physgp_core,random,6,401,0.07955754966034298,0.057851285566379106,1.0,0.0,0.0,1,0.7241379310344828,0.3793103448275862,0.6206896551724138,0.7931034482758621,,,,,,,
physgp_rich,random,6,401,0.134998640258306,0.08654226244103787,1.0,0.0,0.0,1,0.8620689655172413,0.41379310344827586,0.7931034482758621,0.896551724137931,,,,,,,
simgp_rich,random,6,401,0.05759572672388166,0.03608711628389212,0.0,0.0,0.0,1,0.9655172413793104,0.896551724137931,0.9310344827586207,1.0,,,,,,,
mean_of_samples,random,6,401,0.1632162905640263,0.1318328737107066,1.0,0.0,0.0,1,,,,,,,,,,,
nearest_sample,random,6,401,0.15518283588418658,0.11019088923774853,0.0,0.0,0.0,1,,,,,,,,,,,
decay_only,random,6,401,0.12200914605884126,0.08961165278147662,1.0,0.0,0.0,1,,,,,,,,,,,
simgp_core,random,7,401,0.054690082731775294,0.035269179866632326,0.0,0.0,0.0,1,0.9285714285714286,0.8571428571428571,0.9285714285714286,1.0,0.1,0.3,0.0,0.85,1.1,0.95,0.0
simgp_core_nogp,random,7,401,0.06074912802413214,0.0435576946321967,0.0,0.0,0.0,1,0.9642857142857143,0.7142857142857143,0.9285714285714286,0.9642857142857143,,,,,,,
simgp_core_g75,random,7,401,0.09392645707432823,0.0799679232697651,0.0,0.0,0.0,1,0.4642857142857143,0.07142857142857142,0.25,0.6071428571428571,,,,,,,
physgp_core,random,7,401,0.06832823255168935,0.049974590209748405,1.0,0.0,0.0,1,0.8928571428571429,0.7142857142857143,0.8571428571428571,0.9285714285714286,,,,,,,
physgp_rich,random,7,401,0.17312741092555894,0.11596024997540604,1.0,0.0,0.0,1,0.7142857142857143,0.4642857142857143,0.6071428571428571,0.8571428571428571,,,,,,,
simgp_rich,random,7,401,0.05366163714062518,0.03396142192434344,0.0,0.0,0.0,1,0.9642857142857143,0.8571428571428571,0.9285714285714286,1.0,,,,,,,
mean_of_samples,random,7,401,0.16152139291962703,0.12191254212118265,1.0,0.0,0.0,1,,,,,,,,,,,
nearest_sample,random,7,401,0.15790329929821423,0.11289140882007587,0.0,0.0,0.0,1,,,,,,,,,,,
decay_only,random,7,401,0.12361180574806235,0.09088288406063547,1.0,0.0,0.0,1,,,,,,,,,,,
simgp_core,random,8,401,0.05530594445458458,0.0331260540538758,0.0,0.0,0.0,1,0.9259259259259259,0.8518518518518519,0.9259259259259259,1.0,0.1,0.3,0.0,0.85,1.1,0.95,0.0
simgp_core_nogp,random,8,401,0.06161545088309132,0.04508367891187394,0.0,0.0,0.0,1,0.9629629629629629,0.7037037037037037,0.9259259259259259,0.9629629629629629,,,,,,,
simgp_core_g75,random,8,401,0.08512504054926016,0.05196863626808596,0.0,0.0,0.0,1,0.8518518518518519,0.7037037037037037,0.7777777777777778,0.8518518518518519,,,,,,,
physgp_core,random,8,401,0.07522258836879996,0.05960116587888448,1.0,0.0,0.0,1,0.8518518518518519,0.5555555555555556,0.7777777777777778,0.8888888888888888,,,,,,,
physgp_rich,random,8,401,0.1689497172927053,0.10495366002942302,1.0,0.0,0.0,1,0.7037037037037037,0.4074074074074074,0.7037037037037037,0.8148148148148148,,,,,,,
simgp_rich,random,8,401,0.05490513829080366,0.03626374820554235,0.0,0.0,0.0,1,0.9629629629629629,0.8518518518518519,0.9259259259259259,1.0,,,,,,,
pinn_rich,random,8,401,0.09406034272221034,0.07538937926115606,1.0,0.0,0.0,1,0.4444444444444444,0.18518518518518517,0.2962962962962963,0.4444444444444444,,,,,,,
mean_of_samples,random,8,401,0.16487163906281488,0.1223506923725204,1.0,0.0,0.0,1,,,,,,,,,,,
nearest_sample,random,8,401,0.1606934840788384,0.11527953057926042,0.0,0.0,0.0,1,,,,,,,,,,,
decay_only,random,8,401,0.12384011213768008,0.08915660793133015,1.0,0.0,0.0,1,,,,,,,,,,,
simgp_core,random,9,401,0.04842396875352235,0.033881846571483694,0.0,0.0,0.0,1,0.9615384615384616,0.8846153846153846,0.9615384615384616,0.9615384615384616,0.1,0.3,0.0,0.85,1.1,0.9,0.0
simgp_core_nogp,random,9,401,0.05599115598699388,0.04026404254354725,0.0,0.0,0.0,1,0.9615384615384616,0.8461538461538461,0.9615384615384616,0.9615384615384616,,,,,,,
simgp_core_g75,random,9,401,0.08440306259373564,0.05305859564943653,0.0,0.0,0.0,1,0.8461538461538461,0.6153846153846154,0.7692307692307693,0.8461538461538461,,,,,,,
physgp_core,random,9,401,0.07945430349464865,0.05904015467486027,1.0,0.0,0.0,1,0.6923076923076923,0.4230769230769231,0.6538461538461539,0.6923076923076923,,,,,,,
physgp_rich,random,9,401,0.14257406276004675,0.09047248444314543,1.0,0.0,0.0,1,0.6923076923076923,0.3076923076923077,0.5384615384615384,0.7692307692307693,,,,,,,
simgp_rich,random,9,401,0.06307329855819092,0.0410983605425619,0.5,1.0,0.6666666666666666,1,0.9230769230769231,0.8461538461538461,0.8846153846153846,0.9230769230769231,,,,,,,
mean_of_samples,random,9,401,0.16775407080468996,0.12625407495501986,1.0,0.0,0.0,1,,,,,,,,,,,
nearest_sample,random,9,401,0.16797700838938628,0.12280753765088916,0.0,0.0,0.0,1,,,,,,,,,,,
decay_only,random,9,401,0.1319366175722152,0.09155878411145112,1.0,0.0,0.0,1,,,,,,,,,,,
simgp_core,random,10,401,0.05392477552892552,0.038034847968420785,0.5,1.0,0.6666666666666666,1,0.96,0.88,0.92,0.96,0.1,0.3,0.0,0.85,1.1,0.9,1.0
simgp_core_nogp,random,10,401,0.057076366550694986,0.04170463168910096,0.0,0.0,0.0,1,0.96,0.84,0.96,0.96,,,,,,,
simgp_core_g75,random,10,401,0.08405184197453983,0.053575922992733324,0.0,0.0,0.0,1,0.84,0.56,0.68,0.84,,,,,,,
physgp_core,random,10,401,0.07999859338353535,0.06147671984933014,0.0,0.0,0.0,1,0.68,0.44,0.6,0.68,,,,,,,
physgp_rich,random,10,401,0.14525289311175793,0.09325404734045373,1.0,0.0,0.0,1,0.68,0.28,0.56,0.76,,,,,,,
simgp_rich,random,10,401,0.0634821382333619,0.04202051088452771,0.5,1.0,0.6666666666666666,1,0.92,0.84,0.88,0.96,,,,,,,
pinn_rich,random,10,401,0.09835858913555051,0.07525476413469802,1.0,0.0,0.0,1,0.48,0.24,0.36,0.52,,,,,,,
mean_of_samples,random,10,401,0.1715530222972835,0.1238816044880195,1.0,0.0,0.0,1,,,,,,,,,,,
nearest_sample,random,10,401,0.16816996452250815,0.1191872528532258,0.0,0.0,0.0,1,,,,,,,,,,,
decay_only,random,10,401,0.1348127439997065,0.09551035596219036,1.0,0.0,0.0,1,,,,,,,,,,,
simgp_core,random,11,401,0.06294668332216842,0.041313062044771,0.0,0.0,0.0,1,0.9166666666666666,0.8333333333333334,0.9166666666666666,0.9166666666666666,0.1,0.3,0.0,0.85,1.1,0.95,0.0
simgp_core_nogp,random,11,401,0.05745372673004489,0.04146136026971492,0.0,0.0,0.0,1,0.9583333333333334,0.7083333333333334,0.9166666666666666,0.9583333333333334,,,,,,,
simgp_core_g75,random,11,401,0.08534774615575383,0.05367519774360011,0.0,0.0,0.0,1,0.8333333333333334,0.6666666666666666,0.6666666666666666,0.8333333333333334,,,,,,,
physgp_core,random,11,401,0.08471084441390293,0.06598336866486897,0.0,0.0,0.0,1,0.5416666666666666,0.3333333333333333,0.5416666666666666,0.5833333333333334,,,,,,,
physgp_rich,random,11,401,0.1513367857236193,0.10292492630702761,1.0,0.0,0.0,1,0.5416666666666666,0.20833333333333334,0.4166666666666667,0.5833333333333334,,,,,,,
simgp_rich,random,11,401,0.050460946221894155,0.036827854043471976,0.0,0.0,0.0,1,0.9583333333333334,0.9166666666666666,0.9583333333333334,0.9583333333333334,,,,,,,
mean_of_samples,random,11,401,0.17518628480544512,0.1261600215340659,1.0,0.0,0.0,1,,,,,,,,,,,
nearest_sample,random,11,401,0.1718228690268617,0.12518337104791005,0.0,0.0,0.0,1,,,,,,,,,,,
decay_only,random,11,401,0.1366784318415692,0.09640791172267595,1.0,0.0,0.0,1,,,,,,,,,,,
simgp_core,random,12,401,0.06443557349796432,0.04317848414359391,0.0,0.0,0.0,1,0.9130434782608695,0.8260869565217391,0.9130434782608695,0.9130434782608695,0.1,0.3,0.0,0.85,1.1,0.95,0.0
simgp_core_nogp,random,12,401,0.058187577359571516,0.04199088662297,0.0,0.0,0.0,1,0.9565217391304348,0.6956521739130435,0.9130434782608695,0.9565217391304348,,,,,,,
simgp_core_g75,random,12,401,0.08618769092625748,0.055673899862992864,0.0,0.0,0.0,1,0.8260869565217391,0.5217391304347826,0.7391304347826086,0.8260869565217391,,,,,,,
physgp_core,random,12,401,0.08356501703324955,0.06661516266996775,0.0,0.0,0.0,1,0.6086956521739131,0.43478260869565216,0.5652173913043478,0.7391304347826086,,,,,,,
physgp_rich,random,12,401,0.09542037146666717,0.07227392815515586,1.0,0.0,0.0,1,0.8695652173913043,0.21739130434782608,0.5652173913043478,0.8695652173913043,,,,,,,
simgp_rich,random,12,401,0.0535050972212059,0.03805841175960905,0.0,0.0,0.0,1,0.9565217391304348,0.9130434782608695,0.9565217391304348,0.9565217391304348,,,,,,,
pinn_rich,random,12,401,0.1003130399535615,0.07984524990360171,1.0,0.0,0.0,1,0.30434782608695654,0.08695652173913043,0.21739130434782608,0.34782608695652173,,,,,,,
mean_of_samples,random,12,401,0.1790651453607313,0.13108531714567198,1.0,0.0,0.0,1,,,,,,,,,,,
nearest_sample,random,12,401,0.1753802576422915,0.12917434299358715,0.0,0.0,0.0,1,,,,,,,,,,,
decay_only,random,12,401,0.1385318583967629,0.09693345557736327,1.0,0.0,0.0,1,,,,,,,,,,,
simgp_core,random,13,401,0.06737276574707493,0.04639088342133168,0.0,0.0,0.0,1,0.9090909090909091,0.7272727272727273,0.9090909090909091,0.9090909090909091,0.1,0.3,0.0,0.85,1.1,0.9,0.0
simgp_core_nogp,random,13,401,0.05617878692563854,0.03905276042198544,0.0,0.0,0.0,1,0.9545454545454546,0.9090909090909091,0.9545454545454546,0.9545454545454546,,,,,,,
simgp_core_g75,random,13,401,0.08721191046612113,0.05551752115001323,0.0,0.0,0.0,1,0.8181818181818182,0.5454545454545454,0.7727272727272727,0.8181818181818182,,,,,,,
physgp_core,random,13,401,0.08726432913414865,0.07033389476103157,0.0,0.0,0.0,1,0.5909090909090909,0.4090909090909091,0.5454545454545454,0.6363636363636364,,,,,,,
physgp_rich,random,13,401,0.1423999494274521,0.09495467969914852,1.0,0.0,0.0,1,0.7727272727272727,0.18181818181818182,0.5909090909090909,0.8181818181818182,,,,,,,
simgp_rich,random,13,401,0.061142806887982154,0.046989001162453255,0.0,0.0,0.0,1,0.9545454545454546,0.8181818181818182,0.9545454545454546,0.9545454545454546,,,,,,,
mean_of_samples,random,13,401,0.18293723210393725,0.1368557811643435,1.0,0.0,0.0,1,,,,,,,,,,,
nearest_sample,random,13,401,0.1792841485041275,0.13426167174733383,0.0,0.0,0.0,1,,,,,,,,,,,
decay_only,random,13,401,0.14641187780394824,0.10125266404187389,1.0,0.0,0.0,1,,,,,,,,,,,
simgp_core,random,14,401,0.06770734555206448,0.04507681185004164,0.0,0.0,0.0,1,0.9047619047619048,0.7619047619047619,0.9047619047619048,0.9047619047619048,0.1,0.3,0.0,0.85,1.1,0.9,0.0
simgp_core_nogp,random,14,401,0.057912252723844024,0.04148693766817515,0.0,0.0,0.0,1,0.9523809523809523,0.9047619047619048,0.9523809523809523,0.9523809523809523,,,,,,,
simgp_core_g75,random,14,401,0.09089792852173036,0.05620673760764202,0.0,0.0,0.0,1,0.8095238095238095,0.6666666666666666,0.7619047619047619,0.8095238095238095,,,,,,,
physgp_core,random,14,401,0.0907491790919425,0.06700166298711505,0.0,0.0,0.0,1,0.9047619047619048,0.6190476190476191,0.8095238095238095,0.9047619047619048,,,,,,,
physgp_rich,random,14,401,0.1544503799409306,0.1012051761269167,1.0,0.0,0.0,1,0.6666666666666666,0.19047619047619047,0.5238095238095238,0.8571428571428571,,,,,,,
simgp_rich,random,14,401,0.05512021449687198,0.03909881063093387,0.0,0.0,0.0,1,0.9523809523809523,0.8571428571428571,0.9523809523809523,0.9523809523809523,,,,,,,
mean_of_samples,random,14,401,0.18798466052784912,0.13469120103189874,1.0,0.0,0.0,1,,,,,,,,,,,
nearest_sample,random,14,401,0.18340811286331501,0.13946208522930711,0.0,0.0,0.0,1,,,,,,,,,,,
decay_only,random,14,401,0.14980820499338654,0.10452276236679497,1.0,0.0,0.0,1,,,,,,,,,,,
simgp_core,random,15,401,0.06699943468516294,0.04434116453852337,0.0,0.0,0.0,1,0.9,0.8,0.9,0.9,0.1,0.3,0.0,0.85,1.1,0.9,0.0
simgp_core_nogp,random,15,401,0.05869809573905064,0.04112208655686069,0.0,0.0,0.0,1,0.95,0.85,0.95,0.95,,,,,,,
simgp_core_g75,random,15,401,0.09371046693391621,0.06129975227285679,0.0,0.0,0.0,1,0.8,0.6,0.75,0.8,,,,,,,
physgp_core,random,15,401,0.08671103295962297,0.0645112190863728,0.0,0.0,0.0,1,0.85,0.6,0.75,0.85,,,,,,,
physgp_rich,random,15,401,0.1188212611193266,0.08482947329716559,1.0,0.0,0.0,1,0.7,0.15,0.6,0.85,,,,,,,
simgp_rich,random,15,401,0.05737021846093848,0.04203263968987854,0.0,0.0,0.0,1,0.95,0.9,0.95,0.95,,,,,,,
pinn_rich,random,15,401,0.11226396617864567,0.09123942864969145,1.0,0.0,0.0,1,0.25,0.1,0.2,0.3,,,,,,,
mean_of_samples,random,15,401,0.17993496109135876,0.13276374564497892,1.0,0.0,0.0,1,,,,,,,,,,,
nearest_sample,random,15,401,0.1265528047096898,0.09588637614071874,0.0,0.0,0.0,1,,,,,,,,,,,
decay_only,random,15,401,0.14105310483857658,0.0975136027833731,1.0,0.0,0.0,1,,,,,,,,,,,
simgp_core,uncertainty,3,401,0.06357110144178565,0.044977677564707344,0.0,0.0,0.0,1,0.96875,0.875,0.96875,1.0,0.25,0.1,0.5,0.85,1.0,1.1,0.0
simgp_core,uncertainty,4,401,0.07460223720682682,0.05026437002872001,0.0,0.0,0.0,1,1.0,0.8387096774193549,0.9354838709677419,1.0,0.1,0.3,0.5,1.0,1.1,0.9,0.0
simgp_core,uncertainty,5,401,0.08848131990640115,0.06473978592146841,0.0,0.0,0.0,1,1.0,0.7,0.9333333333333333,1.0,0.1,0.1,1.0,0.85,0.9,0.9,0.0
simgp_core,uncertainty,6,401,0.23393243823762322,0.18384869252833294,0.0,1.0,0.0,0,0.7241379310344828,0.27586206896551724,0.5517241379310345,0.8275862068965517,0.25,0.1,0.0,0.85,1.1,1.0,1.0
simgp_core,uncertainty,7,401,0.15535137642689398,0.11262171583114565,0.0,1.0,0.0,0,0.8214285714285714,0.4642857142857143,0.6785714285714286,0.8928571428571429,0.1,0.1,1.0,0.85,0.9,0.9,1.0
simgp_core,uncertainty,8,401,0.12174202764736597,0.06051554759032466,0.0,1.0,0.0,0,0.9259259259259259,0.7037037037037037,0.8888888888888888,0.9259259259259259,0.1,0.3,0.0,0.85,1.1,0.95,1.0
simgp_core,uncertainty,9,401,0.09788163216224031,0.055538152201656414,0.0,1.0,0.0,0,0.9230769230769231,0.7692307692307693,0.9230769230769231,0.9615384615384616,0.1,0.1,1.0,0.85,1.1,0.9,1.0
simgp_core,uncertainty,10,401,0.10737460435170314,0.059575733115869306,0.0,1.0,0.0,0,0.92,0.68,0.88,0.96,0.1,0.1,1.0,0.85,1.1,0.9,1.0
simgp_core,uncertainty,11,401,0.11121846221589539,0.06116920897460656,0.0,1.0,0.0,0,0.9166666666666666,0.625,0.875,0.9166666666666666,0.1,0.1,1.0,0.85,0.9,0.9,1.0
simgp_core,uncertainty,12,401,0.0856909000025429,0.07016797002688946,0.0,1.0,0.0,0,1.0,0.30434782608695654,0.8260869565217391,1.0,0.1,0.1,1.0,0.85,0.9,0.9,1.0
simgp_core,uncertainty,13,401,0.10518552913853878,0.058399802712896555,0.0,1.0,0.0,0,0.9090909090909091,0.6363636363636364,0.8636363636363636,0.9090909090909091,0.1,0.1,1.0,0.85,0.9,0.9,1.0
simgp_core,uncertainty,14,401,0.09883264702652585,0.05366661217783169,0.0,1.0,0.0,0,0.9047619047619048,0.7142857142857143,0.8095238095238095,0.9047619047619048,0.1,0.3,0.0,0.85,0.9,0.95,1.0
simgp_core,uncertainty,15,401,0.10380699770324132,0.056622275617013704,0.0,1.0,0.0,0,0.9,0.65,0.8,0.9,0.1,0.3,0.0,0.85,0.9,0.95,1.0
simgp_core,straddle,3,401,0.07378155464706647,0.052474712364290785,0.0,0.0,0.0,1,1.0,0.84375,0.96875,1.0,0.1,0.3,0.0,1.0,1.1,0.9,0.0
simgp_core,straddle,4,401,0.07794788470707467,0.06658655793891599,0.0,0.0,0.0,1,1.0,0.7096774193548387,0.9032258064516129,1.0,0.1,0.1,1.0,0.85,0.9,0.9,0.0
simgp_core,straddle,5,401,0.08847231473183464,0.07781051191325877,1.0,0.0,0.0,1,0.9666666666666667,0.43333333333333335,0.9333333333333333,1.0,0.1,0.1,0.5,0.85,1.1,0.9,0.0
simgp_core,straddle,6,401,0.09653946632665726,0.07907292096668617,1.0,1.0,1.0,0,0.9655172413793104,0.4827586206896552,0.7241379310344828,1.0,0.1,0.1,1.0,0.85,1.1,0.9,1.0
simgp_core,straddle,7,401,0.14179006343159062,0.1146407880248443,1.0,1.0,1.0,0,0.9642857142857143,0.5,0.9285714285714286,0.9642857142857143,0.1,0.1,0.5,0.85,1.0,0.9,1.0
simgp_core,straddle,8,401,0.13282750988360506,0.11998180003346327,1.0,1.0,1.0,0,0.5185185185185185,0.0,0.25925925925925924,0.7037037037037037,0.1,0.1,0.5,0.85,0.9,0.9,1.0
simgp_core,straddle,9,401,0.12484009755822142,0.11065416826308047,1.0,1.0,1.0,0,0.6538461538461539,0.0,0.4230769230769231,0.6923076923076923,0.1,0.1,0.5,0.85,0.9,0.9,1.0
simgp_core,straddle,10,401,0.10759577791632237,0.09138420525806888,1.0,1.0,1.0,0,0.68,0.24,0.64,0.72,0.1,0.1,1.0,0.85,0.9,0.95,1.0
simgp_core,straddle,11,401,0.10569011898410482,0.08851561429281274,1.0,1.0,1.0,0,0.6666666666666666,0.2916666666666667,0.6666666666666666,0.7083333333333334,0.1,0.1,1.0,0.85,0.9,0.95,1.0
simgp_core,straddle,12,401,0.10345802821375849,0.08169080702974446,1.0,1.0,1.0,0,0.9130434782608695,0.5217391304347826,0.7391304347826086,1.0,0.1,0.1,1.0,0.85,0.9,0.9,1.0
simgp_core,straddle,13,401,0.08699799516812459,0.06974577758867571,1.0,1.0,1.0,0,1.0,0.8181818181818182,1.0,1.0,0.1,0.1,1.0,0.85,0.9,0.9,1.0
simgp_core,straddle,14,401,0.11344103144874156,0.0776007621640133,1.0,1.0,1.0,0,0.9523809523809523,0.8095238095238095,0.9523809523809523,1.0,0.1,0.1,1.0,0.85,0.9,0.9,1.0
simgp_core,straddle,15,401,0.11765270713102344,0.08546622439006812,1.0,1.0,1.0,0,0.9,0.65,0.9,1.0,0.1,0.1,1.0,0.85,0.9,0.9,1.0
simgp_core,random,3,402,0.10146090405496327,0.08664979834238729,0.0,1.0,0.0,0,1.0,0.40625,1.0,1.0,0.1,0.1,1.0,0.85,1.1,0.9,0.0
simgp_core_nogp,random,3,402,0.09935480345051048,0.08474969594787912,0.0,1.0,0.0,0,1.0,0.3125,0.9375,1.0,,,,,,,
simgp_core_g75,random,3,402,0.12598408579318074,0.10400245363810878,0.0,1.0,0.0,0,0.96875,0.4375,0.96875,0.96875,,,,,,,
physgp_core,random,3,402,0.29684691037447475,0.21087516676291707,1.0,1.0,1.0,0,0.125,0.03125,0.09375,0.125,,,,,,,
physgp_rich,random,3,402,0.29683430287828144,0.21076688497033955,1.0,1.0,1.0,0,0.125,0.03125,0.09375,0.125,,,,,,,
simgp_rich,random,3,402,0.0993417096191846,0.08474253740332392,0.0,1.0,0.0,0,1.0,0.46875,1.0,1.0,,,,,,,
pinn_rich,random,3,402,0.3074342954843995,0.2184786020818157,1.0,1.0,1.0,0,0.125,0.0625,0.0625,0.125,,,,,,,
mean_of_samples,random,3,402,0.3017996214520541,0.21332592195595634,1.0,1.0,1.0,0,,,,,,,,,,,
nearest_sample,random,3,402,0.3058625980459964,0.21372808018390127,1.0,1.0,1.0,0,,,,,,,,,,,
decay_only,random,3,402,0.29683439206249507,0.21076717655929023,1.0,1.0,1.0,0,,,,,,,,,,,
simgp_core,random,4,402,0.09474054160196269,0.0792960632555436,0.0,1.0,0.0,0,1.0,0.45161290322580644,0.9354838709677419,1.0,0.1,0.1,1.0,0.85,1.1,0.9,0.0
simgp_core_nogp,random,4,402,0.09120676618980336,0.07521876139879613,0.0,1.0,0.0,0,1.0,0.45161290322580644,0.9354838709677419,1.0,,,,,,,
simgp_core_g75,random,4,402,0.27109951509610486,0.18998117263273792,0.0,1.0,0.0,0,0.5483870967741935,0.0967741935483871,0.5483870967741935,0.5483870967741935,,,,,,,
physgp_core,random,4,402,0.301286374766566,0.21526494061908727,1.0,1.0,1.0,0,0.06451612903225806,0.06451612903225806,0.06451612903225806,0.06451612903225806,,,,,,,
physgp_rich,random,4,402,0.3025167629021208,0.21615479567135457,1.0,1.0,1.0,0,0.06451612903225806,0.0,0.03225806451612903,0.06451612903225806,,,,,,,
simgp_rich,random,4,402,0.1033455875607172,0.08307855653057997,0.0,1.0,0.0,0,1.0,0.4838709677419355,0.8709677419354839,1.0,,,,,,,
mean_of_samples,random,4,402,0.30653289622322116,0.21943238042936258,1.0,1.0,1.0,0,,,,,,,,,,,
nearest_sample,random,4,402,0.3110307452691715,0.22020562507416297,1.0,1.0,1.0,0,,,,,,,,,,,
decay_only,random,4,402,0.3020593632366033,0.21638510136197048,1.0,1.0,1.0,0,,,,,,,,,,,
simgp_core,random,5,402,0.09566868697316533,0.07903523324744746,0.0,1.0,0.0,0,1.0,0.43333333333333335,0.9666666666666667,1.0,0.1,0.1,1.0,0.85,1.1,0.9,0.0
simgp_core_nogp,random,5,402,0.09161293256355192,0.07503161376273577,0.0,1.0,0.0,0,1.0,0.4666666666666667,0.9333333333333333,1.0,,,,,,,
simgp_core_g75,random,5,402,0.1515426154020515,0.11280727672677586,0.0,1.0,0.0,0,0.9333333333333333,0.2,0.8666666666666667,0.9666666666666667,,,,,,,
physgp_core,random,5,402,0.14133991159677695,0.12160902437769926,1.0,1.0,1.0,0,1.0,0.4666666666666667,0.9333333333333333,1.0,,,,,,,
physgp_rich,random,5,402,0.22916232046699012,0.1759257158781948,1.0,1.0,1.0,0,0.5333333333333333,0.2,0.43333333333333335,0.6,,,,,,,
simgp_rich,random,5,402,0.10722126969478621,0.08621239261826698,0.0,1.0,0.0,0,0.9666666666666667,0.36666666666666664,0.8666666666666667,0.9666666666666667,,,,,,,
pinn_rich,random,5,402,0.14884514471601876,0.12206905455438667,1.0,1.0,1.0,0,0.2,0.13333333333333333,0.16666666666666666,0.3,,,,,,,
mean_of_samples,random,5,402,0.16834080526956122,0.126162881815988,1.0,1.0,1.0,0,,,,,,,,,,,
nearest_sample,random,5,402,0.23147641137101338,0.18092179559144975,1.0,1.0,1.0,0,,,,,,,,,,,
decay_only,random,5,402,0.1330638293126956,0.11371040206790888,1.0,1.0,1.0,0,,,,,,,,,,,
simgp_core,random,6,402,0.09138756450147945,0.07366599893647892,0.0,1.0,0.0,0,1.0,0.4827586206896552,0.9310344827586207,1.0,0.1,0.1,1.0,0.85,1.1,0.9,0.0
simgp_core_nogp,random,6,402,0.0909880148781739,0.07278780667340545,0.0,1.0,0.0,0,0.9655172413793104,0.41379310344827586,0.9310344827586207,1.0,,,,,,,
simgp_core_g75,random,6,402,0.09177349351249547,0.0637918312785951,1.0,1.0,1.0,0,0.9655172413793104,0.5517241379310345,0.9655172413793104,0.9655172413793104,,,,,,,
physgp_core,random,6,402,0.11143391089515042,0.0935173745520358,1.0,1.0,1.0,0,0.9655172413793104,0.6551724137931034,0.8620689655172413,0.9655172413793104,,,,,,,
physgp_rich,random,6,402,0.14114035786033885,0.11397898292641359,1.0,1.0,1.0,0,0.6206896551724138,0.20689655172413793,0.41379310344827586,0.6551724137931034,,,,,,,
simgp_rich,random,6,402,0.10149493576013252,0.08129710667198688,0.0,1.0,0.0,0,0.9655172413793104,0.4827586206896552,0.896551724137931,0.9655172413793104,,,,,,,
mean_of_samples,random,6,402,0.1706865653457237,0.11676562459147952,1.0,1.0,1.0,0,,,,,,,,,,,
nearest_sample,random,6,402,0.2343876274361567,0.18298704980915842,1.0,1.0,1.0,0,,,,,,,,,,,
decay_only,random,6,402,0.13193793961898034,0.11157377404783184,1.0,1.0,1.0,0,,,,,,,,,,,
simgp_core,random,7,402,0.09061601292894574,0.07320907060254113,0.0,1.0,0.0,0,1.0,0.42857142857142855,0.9285714285714286,1.0,0.1,0.1,1.0,0.85,1.1,0.9,0.0
simgp_core_nogp,random,7,402,0.09008278255711152,0.0720553979584556,0.0,1.0,0.0,0,0.9642857142857143,0.35714285714285715,0.9285714285714286,1.0,,,,,,,
simgp_core_g75,random,7,402,0.09295994042290212,0.06086492592137747,1.0,1.0,1.0,0,0.9285714285714286,0.4642857142857143,0.9285714285714286,0.9642857142857143,,,,,,,
physgp_core,random,7,402,0.13012286313657304,0.11052335671181697,1.0,1.0,1.0,0,0.9642857142857143,0.4642857142857143,0.9285714285714286,1.0,,,,,,,
physgp_rich,random,7,402,0.13448554540181953,0.11380118432957743,1.0,1.0,1.0,0,0.9285714285714286,0.39285714285714285,0.8928571428571429,0.9642857142857143,,,,,,,
simgp_rich,random,7,402,0.09910237714714701,0.07835038496277467,0.0,1.0,0.0,0,0.9642857142857143,0.5,0.8928571428571429,1.0,,,,,,,
mean_of_samples,random,7,402,0.16716316173820364,0.12778103420560663,1.0,1.0,1.0,0,,,,,,,,,,,
nearest_sample,random,7,402,0.1541153107289667,0.12798264297081027,1.0,1.0,1.0,0,,,,,,,,,,,
decay_only,random,7,402,0.1336514138605591,0.11309826697243189,1.0,1.0,1.0,0,,,,,,,,,,,
simgp_core,random,8,402,0.09166596857421573,0.07337034026184759,0.0,1.0,0.0,0,1.0,0.4444444444444444,0.9259259259259259,1.0,0.1,0.1,1.0,0.85,1.1,0.9,0.0
simgp_core_nogp,random,8,402,0.09028832217622706,0.0712801360287132,0.0,1.0,0.0,0,0.9629629629629629,0.3333333333333333,0.9259259259259259,1.0,,,,,,,
simgp_core_g75,random,8,402,0.09923191410421088,0.06469808608587836,1.0,1.0,1.0,0,0.9259259259259259,0.4074074074074074,0.8518518518518519,0.9259259259259259,,,,,,,
physgp_core,random,8,402,0.15157786590488112,0.12660248775969685,1.0,1.0,1.0,0,0.6666666666666666,0.25925925925925924,0.6666666666666666,0.7407407407407407,,,,,,,
physgp_rich,random,8,402,0.14252366214236706,0.10929943954974443,1.0,1.0,1.0,0,0.5925925925925926,0.18518518518518517,0.48148148148148145,0.6666666666666666,,,,,,,
simgp_rich,random,8,402,0.10196115938485725,0.08291708394879187,0.0,1.0,0.0,0,0.9629629629629629,0.4444444444444444,0.7777777777777778,1.0,,,,,,,
pinn_rich,random,8,402,0.13929855476675634,0.11065129983580392,1.0,1.0,1.0,0,0.2962962962962963,0.1111111111111111,0.2222222222222222,0.2962962962962963,,,,,,,
mean_of_samples,random,8,402,0.16779518355070933,0.11888070500339422,1.0,1.0,1.0,0,,,,,,,,,,,
nearest_sample,random,8,402,0.12940829488344202,0.09939231855120932,1.0,1.0,1.0,0,,,,,,,,,,,
decay_only,random,8,402,0.13338826982764426,0.11116775436401427,1.0,1.0,1.0,0,,,,,,,,,,,
simgp_core,random,9,402,0.101714929602627,0.07820449200584821,1.0,1.0,1.0,0,0.9615384615384616,0.6153846153846154,0.9615384615384616,0.9615384615384616,0.1,0.3,0.0,1.0,1.1,0.9,0.0
simgp_core_nogp,random,9,402,0.06591434808429919,0.05288899662101506,1.0,1.0,1.0,0,1.0,0.5384615384615384,1.0,1.0,,,,,,,
simgp_core_g75,random,9,402,0.08592541567939062,0.05436708338801103,1.0,1.0,1.0,0,0.9230769230769231,0.4230769230769231,0.9230769230769231,0.9615384615384616,,,,,,,
physgp_core,random,9,402,0.12187401582618351,0.09285566355560869,1.0,1.0,1.0,0,0.6538461538461539,0.38461538461538464,0.5384615384615384,0.7307692307692307,,,,,,,
physgp_rich,random,9,402,0.14567412185325476,0.11073527410413361,1.0,1.0,1.0,0,0.5384615384615384,0.11538461538461539,0.4230769230769231,0.6153846153846154,,,,,,,
simgp_rich,random,9,402,0.06896576892855895,0.05194260883235427,1.0,1.0,1.0,0,1.0,0.8461538461538461,0.9615384615384616,1.0,,,,,,,
mean_of_samples,random,9,402,0.17107739536419186,0.12081584579662841,1.0,1.0,1.0,0,,,,,,,,,,,
nearest_sample,random,9,402,0.12532463235850377,0.09239860894998134,1.0,1.0,1.0,0,,,,,,,,,,,
decay_only,random,9,402,0.13616548865107198,0.11307044667692427,1.0,1.0,1.0,0,,,,,,,,,,,
simgp_core,random,10,402,0.10368849814905236,0.08206965965444273,1.0,1.0,1.0,0,0.96,0.52,0.96,0.96,0.1,0.1,1.0,0.85,1.1,0.95,0.0
simgp_core_nogp,random,10,402,0.06384446993415724,0.04962010614083843,1.0,1.0,1.0,0,1.0,0.68,1.0,1.0,,,,,,,
simgp_core_g75,random,10,402,0.08561782985175911,0.048795753518757895,1.0,1.0,1.0,0,0.92,0.52,0.92,0.96,,,,,,,
physgp_core,random,10,402,0.12038063996523354,0.09478624241830953,1.0,1.0,1.0,0,0.6,0.28,0.48,0.68,,,,,,,
physgp_rich,random,10,402,0.10708636057327107,0.060741238830639005,1.0,1.0,1.0,0,0.92,0.68,0.84,0.92,,,,,,,
simgp_rich,random,10,402,0.06900259179571737,0.05172001339201666,1.0,1.0,1.0,0,1.0,0.84,0.96,1.0,,,,,,,
pinn_rich,random,10,402,0.10850051943881969,0.07395704644735218,1.0,1.0,1.0,0,0.48,0.12,0.36,0.56,,,,,,,
mean_of_samples,random,10,402,0.17442906151248175,0.12237439242388672,1.0,1.0,1.0,0,,,,,,,,,,,
nearest_sample,random,10,402,0.12662653175523278,0.0912417216358501,1.0,1.0,1.0,0,,,,,,,,,,,
decay_only,random,10,402,0.1324730443438839,0.10675950957988918,1.0,1.0,1.0,0,,,,,,,,,,,
simgp_core,random,11,402,0.09793187553867151,0.06915014943987764,1.0,1.0,1.0,0,0.9583333333333334,0.75,0.9583333333333334,0.9583333333333334,0.1,0.1,1.0,0.85,1.1,1.0,0.0
simgp_core_nogp,random,11,402,0.06234360383483105,0.04646212089660515,1.0,1.0,1.0,0,1.0,0.75,1.0,1.0,,,,,,,
simgp_core_g75,random,11,402,0.0870320774753931,0.04373564685055531,1.0,1.0,1.0,0,0.9583333333333334,0.7916666666666666,0.9166666666666666,0.9583333333333334,,,,,,,
physgp_core,random,11,402,0.12030030575900788,0.08322147280394358,1.0,1.0,1.0,0,0.875,0.4166666666666667,0.8333333333333334,0.9166666666666666,,,,,,,
physgp_rich,random,11,402,0.10935080838457799,0.061698058100112495,1.0,1.0,1.0,0,0.8333333333333334,0.625,0.7916666666666666,0.875,,,,,,,
simgp_rich,random,11,402,0.07048116041500509,0.05165113808637042,1.0,1.0,1.0,0,1.0,0.8333333333333334,0.9166666666666666,1.0,,,,,,,
mean_of_samples,random,11,402,0.17794536097810168,0.12772772493033624,1.0,1.0,1.0,0,,,,,,,,,,,
nearest_sample,random,11,402,0.12780329036942653,0.09074641780359534,1.0,1.0,1.0,0,,,,,,,,,,,
decay_only,random,11,402,0.12886277480497332,0.1019043050419343,1.0,1.0,1.0,0,,,,,,,,,,,
simgp_core,random,12,402,0.09833447198426555,0.06082576560022174,1.0,1.0,1.0,0,0.9565217391304348,0.8695652173913043,0.9565217391304348,0.9565217391304348,0.1,0.6,0.0,1.15,1.0,1.1,0.0
simgp_core_nogp,random,12,402,0.06308115223006198,0.046051124151489604,1.0,1.0,1.0,0,1.0,0.6956521739130435,0.9565217391304348,1.0,,,,,,,
simgp_core_g75,random,12,402,0.08795210190386663,0.04477303030059467,1.0,1.0,1.0,0,0.9565217391304348,0.782608695652174,0.9130434782608695,0.9565217391304348,,,,,,,
physgp_core,random,12,402,0.11669089774853374,0.07810524836635181,1.0,1.0,1.0,0,0.8695652173913043,0.34782608695652173,0.782608695652174,0.9130434782608695,,,,,,,
physgp_rich,random,12,402,0.11399990424588521,0.06295283262414922,1.0,1.0,1.0,0,0.782608695652174,0.6086956521739131,0.7391304347826086,0.8695652173913043,,,,,,,
simgp_rich,random,12,402,0.06744669294789804,0.046917117877485086,1.0,1.0,1.0,0,1.0,0.8260869565217391,0.9565217391304348,1.0,,,,,,,
pinn_rich,random,12,402,0.09785114320651363,0.05680017237014094,1.0,1.0,1.0,0,0.5652173913043478,0.21739130434782608,0.5217391304347826,0.7391304347826086,,,,,,,
mean_of_samples,random,12,402,0.18176667670256172,0.133267676725455,1.0,1.0,1.0,0,,,,,,,,,,,
nearest_sample,random,12,402,0.12460665279759786,0.08562262957452015,1.0,1.0,1.0,0,,,,,,,,,,,
decay_only,random,12,402,0.1335433542924785,0.10172786967383748,1.0,1.0,1.0,0,,,,,,,,,,,
simgp_core,random,13,402,0.09956746475329711,0.06083947175582556,1.0,1.0,1.0,0,0.9545454545454546,0.8181818181818182,0.9545454545454546,0.9545454545454546,0.1,0.6,0.0,1.15,1.0,1.1,0.0
simgp_core_nogp,random,13,402,0.06355540689046962,0.04587434598873283,1.0,1.0,1.0,0,1.0,0.7272727272727273,0.9545454545454546,1.0,,,,,,,
simgp_core_g75,random,13,402,0.09921081515112372,0.05172960512743001,1.0,1.0,1.0,0,0.9545454545454546,0.5454545454545454,0.8636363636363636,0.9545454545454546,,,,,,,
physgp_core,random,13,402,0.11703666728889221,0.074721966857556,1.0,1.0,1.0,0,0.9090909090909091,0.4090909090909091,0.8181818181818182,0.9090909090909091,,,,,,,
physgp_rich,random,13,402,0.11726534269944348,0.0651491076113456,1.0,1.0,1.0,0,0.8181818181818182,0.5454545454545454,0.7272727272727273,0.8636363636363636,,,,,,,
simgp_rich,random,13,402,0.06496746718688391,0.043386674493631754,1.0,1.0,1.0,0,1.0,0.8181818181818182,0.9545454545454546,1.0,,,,,,,
mean_of_samples,random,13,402,0.1834300788327743,0.12611429618234024,1.0,1.0,1.0,0,,,,,,,,,,,
nearest_sample,random,13,402,0.11753212962638336,0.07533504850051093,1.0,1.0,1.0,0,,,,,,,,,,,
decay_only,random,13,402,0.13660401906350522,0.10555335836190406,1.0,1.0,1.0,0,,,,,,,,,,,
simgp_core,random,14,402,0.10237708034704188,0.06313816928761308,1.0,1.0,1.0,0,0.9523809523809523,0.8095238095238095,0.9523809523809523,0.9523809523809523,0.1,0.6,0.0,1.15,1.0,1.1,0.0
simgp_core_nogp,random,14,402,0.06362480906503863,0.044601402832196456,1.0,1.0,1.0,0,1.0,0.7619047619047619,0.9523809523809523,1.0,,,,,,,
simgp_core_g75,random,14,402,0.1015757097719893,0.052982694169002024,1.0,1.0,1.0,0,0.9047619047619048,0.5238095238095238,0.9047619047619048,0.9523809523809523,,,,,,,
physgp_core,random,14,402,0.11730752069208095,0.07995537090323394,1.0,1.0,1.0,0,0.9047619047619048,0.23809523809523808,0.8095238095238095,0.9047619047619048,,,,,,,
physgp_rich,random,14,402,0.1191993881981406,0.06895100663443568,1.0,1.0,1.0,0,0.7619047619047619,0.42857142857142855,0.6666666666666666,0.8095238095238095,,,,,,,
simgp_rich,random,14,402,0.06330456783168016,0.04143445641138597,1.0,1.0,1.0,0,1.0,0.8095238095238095,1.0,1.0,,,,,,,
mean_of_samples,random,14,402,0.18762469819655497,0.1317034662407982,1.0,1.0,1.0,0,,,,,,,,,,,
nearest_sample,random,14,402,0.12047939111450644,0.07731480852356779,1.0,1.0,1.0,0,,,,,,,,,,,
decay_only,random,14,402,0.13554503755338115,0.10238370509196135,1.0,1.0,1.0,0,,,,,,,,,,,
simgp_core,random,15,402,0.10353275643275485,0.05919131824341889,1.0,1.0,1.0,0,0.95,0.8,0.9,0.95,0.1,0.6,0.0,1.15,1.0,1.1,0.0
simgp_core_nogp,random,15,402,0.06440218970079505,0.04439954765078504,1.0,1.0,1.0,0,1.0,0.75,0.95,1.0,,,,,,,
simgp_core_g75,random,15,402,0.10165914658448581,0.04585606908572623,1.0,1.0,1.0,0,0.9,0.75,0.9,0.95,,,,,,,
physgp_core,random,15,402,0.12102963054850192,0.07385863701240386,1.0,1.0,1.0,0,0.9,0.4,0.8,0.9,,,,,,,
physgp_rich,random,15,402,0.12105240385830644,0.06883215125520167,1.0,1.0,1.0,0,0.8,0.45,0.65,0.8,,,,,,,
simgp_rich,random,15,402,0.06556091671184996,0.04315286428854883,1.0,1.0,1.0,0,1.0,0.8,1.0,1.0,,,,,,,
pinn_rich,random,15,402,0.11203274033754854,0.06746922032462942,1.0,1.0,1.0,0,0.55,0.25,0.45,0.7,,,,,,,
mean_of_samples,random,15,402,0.1924736901928703,0.1371589771785628,1.0,1.0,1.0,0,,,,,,,,,,,
nearest_sample,random,15,402,0.11832856234307956,0.07017120823146261,1.0,1.0,1.0,0,,,,,,,,,,,
decay_only,random,15,402,0.13689821496346227,0.10227658380614138,1.0,1.0,1.0,0,,,,,,,,,,,
simgp_core,uncertainty,3,402,0.10859617512255793,0.09109742510983448,0.0,1.0,0.0,0,0.96875,0.34375,0.90625,1.0,0.1,0.3,0.0,0.85,1.1,0.95,0.0
simgp_core,uncertainty,4,402,0.11619182634366144,0.09533125789696437,0.0,1.0,0.0,0,0.967741935483871,0.5483870967741935,0.967741935483871,0.967741935483871,0.1,0.3,0.0,0.85,1.1,1.05,0.0
simgp_core,uncertainty,5,402,0.10655770579332312,0.08873263890032819,0.0,1.0,0.0,0,0.9666666666666667,0.7333333333333333,0.9666666666666667,0.9666666666666667,0.1,0.6,0.0,1.15,0.9,0.95,0.0
simgp_core,uncertainty,6,402,0.2608788272560467,0.16636615338486752,0.0,1.0,0.0,0,0.7931034482758621,0.41379310344827586,0.7931034482758621,0.8275862068965517,0.1,0.3,0.0,1.0,1.1,0.9,0.0
simgp_core,uncertainty,7,402,0.1492423509988613,0.10180711833910813,0.0,1.0,0.0,0,0.9642857142857143,0.5357142857142857,0.9642857142857143,0.9642857142857143,0.1,0.3,0.5,1.0,1.1,1.0,0.0
simgp_core,uncertainty,8,402,0.10939457157154807,0.06782049887786476,0.0,1.0,0.0,0,0.9629629629629629,0.5925925925925926,0.9629629629629629,0.9629629629629629,0.1,0.3,0.5,1.0,1.1,1.0,0.0
simgp_core,uncertainty,9,402,0.08541937816776975,0.04590727744397996,1.0,1.0,1.0,0,0.9615384615384616,0.9230769230769231,0.9615384615384616,0.9615384615384616,0.1,0.3,0.0,1.0,1.1,0.9,0.0
simgp_core,uncertainty,10,402,0.10595123358940037,0.06056374309146699,0.0,1.0,0.0,0,0.96,0.68,0.96,0.96,0.1,0.3,0.0,1.0,1.1,0.9,0.0
simgp_core,uncertainty,11,402,0.10767433028140237,0.05997377877742463,0.0,1.0,0.0,0,0.9583333333333334,0.625,0.9583333333333334,0.9583333333333334,0.1,0.3,0.0,1.0,1.1,0.9,0.0
simgp_core,uncertainty,12,402,0.10970253531161209,0.062472792516977904,0.0,1.0,0.0,0,0.9565217391304348,0.5652173913043478,0.9565217391304348,0.9565217391304348,0.1,0.3,0.5,1.0,1.1,1.05,0.0
simgp_core,uncertainty,13,402,0.10924725077241557,0.06044923257752339,0.0,1.0,0.0,0,0.9545454545454546,0.6363636363636364,0.9545454545454546,0.9545454545454546,0.1,0.3,0.0,1.0,1.1,0.95,0.0
simgp_core,uncertainty,14,402,0.08364608310261717,0.06367527888436011,0.0,1.0,0.0,0,0.9523809523809523,0.8095238095238095,0.9523809523809523,0.9523809523809523,0.1,0.3,0.0,1.0,1.1,0.95,0.0
simgp_core,uncertainty,15,402,0.0840527656859864,0.06250100513019885,0.0,1.0,0.0,0,0.95,0.8,0.95,0.95,0.1,0.3,0.0,1.0,1.1,0.95,0.0
simgp_core,straddle,3,402,0.10218244551113054,0.08785771539783303,0.0,1.0,0.0,0,1.0,0.25,0.90625,1.0,0.1,0.1,1.0,0.85,1.1,0.9,0.0
simgp_core,straddle,4,402,0.10868151965179418,0.08466849503074521,0.0,1.0,0.0,0,0.967741935483871,0.7096774193548387,0.967741935483871,0.967741935483871,0.1,0.3,0.5,1.0,1.1,0.9,0.0
simgp_core,straddle,5,402,0.22841068992580782,0.156822386377372,0.0,1.0,0.0,0,0.7666666666666667,0.43333333333333335,0.7,0.7666666666666667,0.1,0.3,0.5,1.0,1.1,0.95,0.0
simgp_core,straddle,6,402,0.21875974461092007,0.15304584334739044,0.0,1.0,0.0,0,0.7931034482758621,0.41379310344827586,0.7586206896551724,0.7931034482758621,0.1,0.3,0.0,1.0,1.1,0.9,0.0
simgp_core,straddle,7,402,0.18517428300632552,0.13643415487089683,1.0,1.0,1.0,0,0.9285714285714286,0.35714285714285715,0.6785714285714286,0.9285714285714286,0.1,0.3,0.0,1.0,1.1,0.9,0.0
simgp_core,straddle,8,402,0.23599484404451415,0.1466191232889519,1.0,1.0,1.0,0,0.7777777777777778,0.5925925925925926,0.7037037037037037,0.7777777777777778,0.1,0.3,0.0,1.0,1.1,0.9,0.0
simgp_core,straddle,9,402,0.15956120231502835,0.12097230722212901,1.0,1.0,1.0,0,0.8846153846153846,0.34615384615384615,0.6923076923076923,0.9615384615384616,0.1,0.3,0.0,1.0,1.1,0.9,0.0
simgp_core,straddle,10,402,0.10401439855834728,0.08106855916912858,1.0,1.0,1.0,0,0.96,0.56,0.72,0.96,0.1,0.3,0.0,1.0,1.1,0.9,0.0
simgp_core,straddle,11,402,0.25377542379783613,0.18095420667778805,1.0,1.0,1.0,0,0.625,0.16666666666666666,0.3333333333333333,0.75,0.1,0.3,0.0,1.0,1.1,0.9,0.0
simgp_core,straddle,12,402,0.10270614440894357,0.07698537764677595,1.0,1.0,1.0,0,0.9130434782608695,0.30434782608695654,0.6086956521739131,0.9565217391304348,0.1,0.3,0.0,1.0,1.1,0.9,0.0
simgp_core,straddle,13,402,0.10360757125778933,0.07672334018448974,1.0,1.0,1.0,0,0.8636363636363636,0.36363636363636365,0.5454545454545454,0.9545454545454546,0.1,0.3,0.0,1.0,1.1,0.9,0.0
simgp_core,straddle,14,402,0.09668342061438528,0.06097281730891338,1.0,1.0,1.0,0,0.9047619047619048,0.6190476190476191,0.8571428571428571,0.9523809523809523,0.1,0.3,0.0,1.0,1.1,0.9,0.0
simgp_core,straddle,15,402,0.08211440790456508,0.07068584996119734,0.0,1.0,0.0,0,0.95,0.65,0.9,0.95,0.1,0.3,0.5,1.0,1.1,1.05,0.0
simgp_core,random,3,403,0.080297489099228,0.0552208127137071,0.25,0.5,0.3333333333333333,2,1.0,0.75,0.9375,1.0,0.1,0.3,0.5,1.0,1.1,0.95,0.5
simgp_core_nogp,random,3,403,0.09144521631567386,0.059349355410151204,0.25,0.5,0.3333333333333333,2,0.9375,0.625,0.90625,1.0,,,,,,,
simgp_core_g75,random,3,403,0.10052431850608266,0.06174632659684765,0.3333333333333333,0.5,0.4,2,0.875,0.46875,0.84375,0.9375,,,,,,,
physgp_core,random,3,403,0.14417349424381917,0.09869372457959913,1.0,0.0,0.0,2,0.0625,0.03125,0.0625,0.0625,,,,,,,
physgp_rich,random,3,403,0.14431468997371033,0.09881725829941634,1.0,0.0,0.0,2,0.09375,0.0625,0.0625,0.125,,,,,,,
simgp_rich,random,3,403,0.09244509869938664,0.06494345163010828,0.25,0.5,0.3333333333333333,2,0.96875,0.625,0.90625,1.0,,,,,,,
pinn_rich,random,3,403,0.1711807153782409,0.11831476107344095,1.0,0.0,0.0,2,0.15625,0.09375,0.15625,0.15625,,,,,,,
mean_of_samples,random,3,403,0.1770963047438062,0.13236985997147607,1.0,0.0,0.0,2,,,,,,,,,,,
nearest_sample,random,3,403,0.18790657067228278,0.12992699541368263,1.0,0.0,0.0,2,,,,,,,,,,,
decay_only,random,3,403,0.14431469032053929,0.09881725895716342,1.0,0.0,0.0,2,,,,,,,,,,,
simgp_core,random,4,403,0.07825231152800274,0.055306792021485654,0.0,0.0,0.0,1,0.967741935483871,0.6774193548387096,0.8064516129032258,1.0,0.1,0.3,0.5,0.85,1.1,1.1,0.5
simgp_core_nogp,random,4,403,0.10165911880216501,0.07685510333434158,0.0,0.0,0.0,1,0.8387096774193549,0.5161290322580645,0.7096774193548387,0.8709677419354839,,,,,,,
simgp_core_g75,random,4,403,0.12796362077441098,0.08466009959114239,0.2,1.0,0.33333333333333337,1,0.967741935483871,0.8387096774193549,0.967741935483871,0.967741935483871,,,,,,,
physgp_core,random,4,403,0.2075447512569512,0.13809476796741368,0.0,0.0,0.0,1,0.6129032258064516,0.1935483870967742,0.45161290322580644,0.6774193548387096,,,,,,,
physgp_rich,random,4,403,0.20717809965099562,0.135058590917754,1.0,0.0,0.0,1,0.7741935483870968,0.3548387096774194,0.6129032258064516,0.8387096774193549,,,,,,,
simgp_rich,random,4,403,0.09462319781781883,0.0676810034210913,0.0,0.0,0.0,1,0.9354838709677419,0.6451612903225806,0.7741935483870968,1.0,,,,,,,
mean_of_samples,random,4,403,0.1814236875875238,0.11188724505089036,1.0,0.0,0.0,1,,,,,,,,,,,
nearest_sample,random,4,403,0.2613434875063146,0.16932325778511895,0.0,0.0,0.0,1,,,,,,,,,,,
decay_only,random,4,403,0.2065835700512986,0.13331244874172962,1.0,0.0,0.0,1,,,,,,,,,,,
simgp_core,random,5,403,0.07808603610013864,0.05519955056324553,0.0,0.0,0.0,1,0.9666666666666667,0.7,0.8,1.0,0.1,0.3,0.5,0.85,1.1,1.1,0.5
simgp_core_nogp,random,5,403,0.1047881719709936,0.07590509266232935,0.0,0.0,0.0,1,0.8333333333333334,0.5333333333333333,0.7,0.8666666666666667,,,,,,,
simgp_core_g75,random,5,403,0.11669145169146572,0.07685346214394265,0.2,1.0,0.33333333333333337,1,0.9666666666666667,0.8,0.9666666666666667,0.9666666666666667,,,,,,,
physgp_core,random,5,403,0.1765683008892005,0.11491716161354207,0.0,0.0,0.0,1,0.5666666666666667,0.26666666666666666,0.5333333333333333,0.6,,,,,,,
physgp_rich,random,5,403,0.21082324877776204,0.13940220806536685,1.0,0.0,0.0,1,0.6333333333333333,0.3,0.5666666666666667,0.7666666666666667,,,,,,,
simgp_rich,random,5,403,0.09643046084014195,0.06934004720831269,0.0,0.0,0.0,1,0.9,0.6333333333333333,0.7666666666666667,1.0,,,,,,,
pinn_rich,random,5,403,0.2567600373132902,0.16338141508642334,0.0,0.0,0.0,1,0.26666666666666666,0.1,0.16666666666666666,0.36666666666666664,,,,,,,
mean_of_samples,random,5,403,0.1835847863345047,0.11583379065037083,1.0,0.0,0.0,1,,,,,,,,,,,
nearest_sample,random,5,403,0.26360759340080314,0.17025783399203046,0.0,0.0,0.0,1,,,,,,,,,,,
decay_only,random,5,403,0.210877667553552,0.13943502140518732,1.0,0.0,0.0,1,,,,,,,,,,,
simgp_core,random,6,403,0.07806645999050539,0.04927369445215127,0.0,0.0,0.0,1,0.9310344827586207,0.7586206896551724,0.8275862068965517,0.9655172413793104,0.1,0.3,0.0,0.85,1.1,0.9,0.5
simgp_core_nogp,random,6,403,0.09215322658879255,0.06772106660702921,0.0,0.0,0.0,1,0.8620689655172413,0.5172413793103449,0.7241379310344828,0.896551724137931,,,,,,,
simgp_core_g75,random,6,403,0.08275406142566681,0.04939737133931653,0.2,1.0,0.33333333333333337,1,0.9655172413793104,0.7586206896551724,0.9655172413793104,0.9655172413793104,,,,,,,
physgp_core,random,6,403,0.1328208482062793,0.09005944637806569,0.0,0.0,0.0,1,0.5172413793103449,0.2413793103448276,0.4827586206896552,0.5172413793103449,,,,,,,
physgp_rich,random,6,403,0.1745757238570283,0.12128270409037659,1.0,0.0,0.0,1,0.4482758620689655,0.1724137931034483,0.3793103448275862,0.5862068965517241,,,,,,,
simgp_rich,random,6,403,0.07250461703734123,0.04526783795220804,0.0,0.0,0.0,1,0.9655172413793104,0.8275862068965517,0.8620689655172413,1.0,,,,,,,
mean_of_samples,random,6,403,0.17721190868283582,0.1258634644495902,1.0,0.0,0.0,1,,,,,,,,,,,
nearest_sample,random,6,403,0.1410987829220963,0.09874629231741475,0.0,0.0,0.0,1,,,,,,,,,,,
decay_only,random,6,403,0.1684354179408642,0.10188765706663223,1.0,0.0,0.0,1,,,,,,,,,,,
simgp_core,random,7,403,0.07936674961302162,0.04992785133706472,0.0,0.0,0.0,1,0.8928571428571429,0.7142857142857143,0.8214285714285714,0.9642857142857143,0.1,0.3,0.0,0.85,1.1,0.9,0.5
simgp_core_nogp,random,7,403,0.09505340929458732,0.06825697519403053,0.0,0.0,0.0,1,0.8571428571428571,0.5357142857142857,0.7142857142857143,0.8928571428571429,,,,,,,
simgp_core_g75,random,7,403,0.08152835688002397,0.047106338094514255,0.2,1.0,0.33333333333333337,1,0.9642857142857143,0.6428571428571429,0.9642857142857143,0.9642857142857143,,,,,,,
physgp_core,random,7,403,0.13373210184504336,0.08920448108639735,0.0,0.0,0.0,1,0.5357142857142857,0.2857142857142857,0.5357142857142857,0.5357142857142857,,,,,,,
physgp_rich,random,7,403,0.19922281067761127,0.15134307483616885,1.0,0.0,0.0,1,0.35714285714285715,0.10714285714285714,0.21428571428571427,0.4642857142857143,,,,,,,
simgp_rich,random,7,403,0.07390527455351817,0.046144909862900825,0.0,0.0,0.0,1,0.9642857142857143,0.7857142857142857,0.8571428571428571,1.0,,,,,,,
mean_of_samples,random,7,403,0.1796585594698476,0.12486459201819418,1.0,0.0,0.0,1,,,,,,,,,,,
nearest_sample,random,7,403,0.1432597271364687,0.10041636951463281,0.0,0.0,0.0,1,,,,,,,,,,,
decay_only,random,7,403,0.17102223226707647,0.1038579668655554,1.0,0.0,0.0,1,,,,,,,,,,,
simgp_core,random,8,403,0.07723512368627673,0.04928940908037835,0.0,0.0,0.0,1,0.9259259259259259,0.7037037037037037,0.8518518518518519,0.9629629629629629,0.1,0.3,0.0,0.85,1.1,0.9,0.5
simgp_core_nogp,random,8,403,0.08591944052046241,0.06180236813125868,0.0,0.0,0.0,1,0.8518518518518519,0.5185185185185185,0.7407407407407407,0.9259259259259259,,,,,,,
simgp_core_g75,random,8,403,0.08210797971599079,0.04645315877117078,0.2,1.0,0.33333333333333337,1,0.9629629629629629,0.6666666666666666,0.9629629629629629,0.9629629629629629,,,,,,,
physgp_core,random,8,403,0.12881589591555442,0.08149253234380005,0.0,0.0,0.0,1,0.6666666666666666,0.3333333333333333,0.6666666666666666,0.6666666666666666,,,,,,,
physgp_rich,random,8,403,0.1655153365444913,0.11495868432974922,1.0,0.0,0.0,1,0.4444444444444444,0.18518518518518517,0.2962962962962963,0.48148148148148145,,,,,,,
simgp_rich,random,8,403,0.07375017125735732,0.04672087131164959,0.0,0.0,0.0,1,0.9629629629629629,0.7407407407407407,0.8888888888888888,1.0,,,,,,,
pinn_rich,random,8,403,0.14273790190275984,0.08558602939446062,0.0,0.0,0.0,1,0.4074074074074074,0.2222222222222222,0.2962962962962963,0.4074074074074074,,,,,,,
mean_of_samples,random,8,403,0.1804806633993218,0.13133410649230706,1.0,0.0,0.0,1,,,,,,,,,,,
nearest_sample,random,8,403,0.15678894848440306,0.10308086051215905,0.0,0.0,0.0,1,,,,,,,,,,,
decay_only,random,8,403,0.15797485762641364,0.09390059005359021,1.0,0.0,0.0,1,,,,,,,,,,,
simgp_core,random,9,403,0.07865293852039505,0.04868806653181008,0.0,0.0,0.0,1,0.9230769230769231,0.6923076923076923,0.8461538461538461,0.9615384615384616,0.1,0.3,0.0,0.85,1.1,0.9,0.5
simgp_core_nogp,random,9,403,0.08766595380237459,0.06311417433590762,0.0,0.0,0.0,1,0.8461538461538461,0.5,0.7307692307692307,0.8846153846153846,,,,,,,
simgp_core_g75,random,9,403,0.08230522240645172,0.04521185080618738,0.2,1.0,0.33333333333333337,1,0.9615384615384616,0.8461538461538461,0.9615384615384616,0.9615384615384616,,,,,,,
physgp_core,random,9,403,0.13276737881089587,0.08811789199859389,0.0,0.0,0.0,1,0.5769230769230769,0.38461538461538464,0.5769230769230769,0.5769230769230769,,,,,,,
physgp_rich,random,9,403,0.1696485910732904,0.11975142999004719,1.0,0.0,0.0,1,0.4230769230769231,0.07692307692307693,0.2692307692307692,0.46153846153846156,,,,,,,
simgp_rich,random,9,403,0.07439096334729485,0.04539372168573196,0.0,0.0,0.0,1,0.9615384615384616,0.7307692307692307,0.8461538461538461,1.0,,,,,,,
mean_of_samples,random,9,403,0.18262519900337745,0.1300869778986175,1.0,0.0,0.0,1,,,,,,,,,,,
nearest_sample,random,9,403,0.15976104289750576,0.10673188495297163,0.0,0.0,0.0,1,,,,,,,,,,,
decay_only,random,9,403,0.16065840842898538,0.09672634347784673,1.0,0.0,0.0,1,,,,,,,,,,,
simgp_core,random,10,403,0.08051801814427137,0.052192816953467086,0.0,0.0,0.0,1,0.92,0.68,0.84,1.0,0.1,0.3,0.0,0.85,1.1,0.9,0.5
simgp_core_nogp,random,10,403,0.09150631110825892,0.0646643951399652,0.0,0.0,0.0,1,0.84,0.52,0.72,0.88,,,,,,,
simgp_core_g75,random,10,403,0.08698216092340193,0.05186615267773102,0.2,1.0,0.33333333333333337,1,0.92,0.76,0.88,0.96,,,,,,,
physgp_core,random,10,403,0.14222387116456803,0.09710873079210844,0.0,0.0,0.0,1,0.6,0.4,0.6,0.6,,,,,,,
physgp_rich,random,10,403,0.17346250460047707,0.12576027457854919,1.0,0.0,0.0,1,0.44,0.08,0.28,0.48,,,,,,,
simgp_rich,random,10,403,0.0717982658894235,0.04491957907904447,0.0,0.0,0.0,1,1.0,0.72,0.92,1.0,,,,,,,
pinn_rich,random,10,403,0.15084410565329062,0.0934811338396964,0.0,0.0,0.0,1,0.52,0.2,0.4,0.56,,,,,,,
mean_of_samples,random,10,403,0.18527060601214845,0.13128843880694385,1.0,0.0,0.0,1,,,,,,,,,,,
nearest_sample,random,10,403,0.1633795559193633,0.11044613530159697,0.0,0.0,0.0,1,,,,,,,,,,,
decay_only,random,10,403,0.16542356712409764,0.10234023242982443,1.0,0.0,0.0,1,,,,,,,,,,,
simgp_core,random,11,403,0.08586605769710208,0.055814793735372605,0.0,0.0,0.0,1,0.875,0.6666666666666666,0.7916666666666666,0.9166666666666666,0.1,0.3,0.0,0.85,1.1,0.9,0.5
simgp_core_nogp,random,11,403,0.09603189463035092,0.06841323877292263,0.0,0.0,0.0,1,0.7916666666666666,0.5,0.6666666666666666,0.875,,,,,,,
simgp_core_g75,random,11,403,0.08657222573799593,0.049869119762326906,0.25,1.0,0.4,1,0.9166666666666666,0.75,0.875,0.9583333333333334,,,,,,,
physgp_core,random,11,403,0.1429699389199665,0.09573029751878422,0.0,0.0,0.0,1,0.5833333333333334,0.3333333333333333,0.5833333333333334,0.5833333333333334,,,,,,,
physgp_rich,random,11,403,0.16332965946665268,0.10233737383695128,1.0,0.0,0.0,1,0.5,0.25,0.5,0.5833333333333334,,,,,,,
simgp_rich,random,11,403,0.07737912263378509,0.048217997329149616,0.0,0.0,0.0,1,0.9583333333333334,0.7083333333333334,0.9166666666666666,0.9583333333333334,,,,,,,
mean_of_samples,random,11,403,0.18676383396348387,0.12694041259718206,1.0,0.0,0.0,1,,,,,,,,,,,
nearest_sample,random,11,403,0.1607826319007437,0.09981819363209339,0.0,0.0,0.0,1,,,,,,,,,,,
decay_only,random,11,403,0.16481434613215032,0.09850271781789711,1.0,0.0,0.0,1,,,,,,,,,,,
simgp_core,random,12,403,0.08415711603247222,0.056811864138346116,0.0,0.0,0.0,1,0.8695652173913043,0.6956521739130435,0.8260869565217391,0.9565217391304348,0.1,0.3,0.0,0.85,1.1,0.95,0.5
simgp_core_nogp,random,12,403,0.10199995131700113,0.07425668547487899,0.0,0.0,0.0,1,0.782608695652174,0.43478260869565216,0.5217391304347826,0.8260869565217391,,,,,,,
simgp_core_g75,random,12,403,0.08780513686487133,0.05206000926565052,0.3333333333333333,1.0,0.5,1,0.9565217391304348,0.6521739130434783,0.9130434782608695,0.9565217391304348,,,,,,,
physgp_core,random,12,403,0.14512161569787352,0.09558766675594643,0.0,0.0,0.0,1,0.5652173913043478,0.30434782608695654,0.5217391304347826,0.5652173913043478,,,,,,,
physgp_rich,random,12,403,0.17822588802842254,0.11855396049546055,1.0,0.0,0.0,1,0.6956521739130435,0.2608695652173913,0.5217391304347826,0.6956521739130435,,,,,,,
simgp_rich,random,12,403,0.0804387435413469,0.05277108746650187,0.0,0.0,0.0,1,0.9565217391304348,0.6521739130434783,0.9130434782608695,0.9565217391304348,,,,,,,
pinn_rich,random,12,403,0.1562816519034925,0.09401786612506684,0.0,0.0,0.0,1,0.43478260869565216,0.13043478260869565,0.34782608695652173,0.43478260869565216,,,,,,,
mean_of_samples,random,12,403,0.18892761186277443,0.1219826189668878,1.0,0.0,0.0,1,,,,,,,,,,,
nearest_sample,random,12,403,0.16324937837133838,0.09989449388613572,0.0,0.0,0.0,1,,,,,,,,,,,
decay_only,random,12,403,0.17520147471047015,0.09828121016698556,1.0,0.0,0.0,1,,,,,,,,,,,
simgp_core,random,13,403,0.08126171725617645,0.05686398643950574,0.0,0.0,0.0,1,0.9545454545454546,0.5909090909090909,0.8636363636363636,1.0,0.1,0.3,0.0,0.85,1.1,0.9,0.5
simgp_core_nogp,random,13,403,0.10170021445058644,0.07448045488803982,0.0,0.0,0.0,1,0.7727272727272727,0.45454545454545453,0.5909090909090909,0.8181818181818182,,,,,,,
simgp_core_g75,random,13,403,0.08606802393205266,0.051545814078373116,0.3333333333333333,1.0,0.5,1,0.9545454545454546,0.6363636363636364,0.8636363636363636,0.9545454545454546,,,,,,,
physgp_core,random,13,403,0.15166948992749252,0.08673129583580265,0.0,0.0,0.0,1,0.7272727272727273,0.5909090909090909,0.7272727272727273,0.7272727272727273,,,,,,,
physgp_rich,random,13,403,0.1822838506069212,0.12496300498425468,0.0,0.0,0.0,1,0.7272727272727273,0.18181818181818182,0.6363636363636364,0.7727272727272727,,,,,,,
simgp_rich,random,13,403,0.08602729013592306,0.06387744851074938,0.0,0.0,0.0,1,0.9545454545454546,0.45454545454545453,0.7727272727272727,0.9545454545454546,,,,,,,
mean_of_samples,random,13,403,0.1939911674789616,0.12053692668213573,1.0,0.0,0.0,1,,,,,,,,,,,
nearest_sample,random,13,403,0.16691830129846166,0.10440484421478012,0.0,0.0,0.0,1,,,,,,,,,,,
decay_only,random,13,403,0.176732097227738,0.09415836684057505,1.0,0.0,0.0,1,,,,,,,,,,,
simgp_core,random,14,403,0.07780370947148821,0.0517528096542619,0.0,0.0,0.0,1,0.9523809523809523,0.6190476190476191,0.8571428571428571,1.0,0.1,0.3,0.0,0.85,1.1,0.9,0.5
simgp_core_nogp,random,14,403,0.09458618636986964,0.06738618171141693,0.0,0.0,0.0,1,0.8095238095238095,0.42857142857142855,0.6190476190476191,0.8571428571428571,,,,,,,
simgp_core_g75,random,14,403,0.09341591134768626,0.062072089898186474,0.3333333333333333,1.0,0.5,1,0.9523809523809523,0.5714285714285714,0.8095238095238095,0.9523809523809523,,,,,,,
physgp_core,random,14,403,0.15391519080410196,0.0900012039308957,0.0,0.0,0.0,1,0.7142857142857143,0.5238095238095238,0.7142857142857143,0.7142857142857143,,,,,,,
physgp_rich,random,14,403,0.18975169344849052,0.12608380235445327,0.0,0.0,0.0,1,0.42857142857142855,0.23809523809523808,0.38095238095238093,0.5238095238095238,,,,,,,
simgp_rich,random,14,403,0.08086661772695188,0.05453724899379858,0.0,0.0,0.0,1,0.9047619047619048,0.5714285714285714,0.8095238095238095,0.9523809523809523,,,,,,,
mean_of_samples,random,14,403,0.1937718962389484,0.12304952005054474,1.0,0.0,0.0,1,,,,,,,,,,,
nearest_sample,random,14,403,0.17081816409156717,0.10869958244907159,0.0,0.0,0.0,1,,,,,,,,,,,
decay_only,random,14,403,0.16865492592008263,0.08790274968951059,1.0,0.0,0.0,1,,,,,,,,,,,
simgp_core,random,15,403,0.07964403530615889,0.05387465009788441,0.0,0.0,0.0,1,0.95,0.6,0.85,1.0,0.1,0.3,0.0,0.85,1.1,0.9,0.5
simgp_core_nogp,random,15,403,0.0968133974965445,0.07046074672029001,0.0,0.0,0.0,1,0.8,0.4,0.6,0.85,,,,,,,
simgp_core_g75,random,15,403,0.09663695121546226,0.06615566795237239,0.3333333333333333,1.0,0.5,1,0.9,0.55,0.75,0.95,,,,,,,
physgp_core,random,15,403,0.18088990055280124,0.10704489997005232,0.0,0.0,0.0,1,0.75,0.4,0.7,0.8,,,,,,,
physgp_rich,random,15,403,0.17155198581424463,0.10453658478547515,0.0,0.0,0.0,1,0.6,0.25,0.55,0.65,,,,,,,
simgp_rich,random,15,403,0.0828021508073943,0.05731644131658833,0.0,0.0,0.0,1,0.9,0.55,0.8,0.95,,,,,,,
pinn_rich,random,15,403,0.16091010964182312,0.09732673389237483,0.5,1.0,0.6666666666666666,1,0.4,0.2,0.3,0.4,,,,,,,
mean_of_samples,random,15,403,0.19870250899733496,0.12750626875530685,1.0,0.0,0.0,1,,,,,,,,,,,
nearest_sample,random,15,403,0.17502750681664592,0.11387621793800354,0.0,0.0,0.0,1,,,,,,,,,,,
decay_only,random,15,403,0.17297691594047168,0.09176895917847919,1.0,0.0,0.0,1,,,,,,,,,,,
simgp_core,uncertainty,3,403,0.09343514612057047,0.0627208787152481,0.25,0.5,0.3333333333333333,2,0.96875,0.625,0.90625,1.0,0.1,0.3,0.5,0.85,0.9,1.1,0.5
simgp_core,uncertainty,4,403,0.08384796915801093,0.05927201676897605,0.0,0.0,0.0,1,0.9354838709677419,0.6129032258064516,0.8387096774193549,1.0,0.1,0.3,0.0,0.85,0.9,0.95,0.5
simgp_core,uncertainty,5,403,0.09909895163873203,0.06973277145446147,0.0,0.0,0.0,1,0.9,0.7333333333333333,0.9,0.9333333333333333,0.1,0.1,1.0,0.85,1.1,0.9,0.5
simgp_core,uncertainty,6,403,0.12036675347651958,0.09092904852160606,0.0,1.0,0.0,0,0.8275862068965517,0.5517241379310345,0.7931034482758621,0.8275862068965517,0.1,0.3,0.5,1.0,0.9,0.9,1.0
simgp_core,uncertainty,7,403,0.19630199264923068,0.12322652383817524,0.0,1.0,0.0,0,0.7142857142857143,0.6071428571428571,0.7142857142857143,0.75,0.1,0.3,0.5,1.0,0.9,0.9,1.0
simgp_core,uncertainty,8,403,0.1354062314435238,0.09572879327323729,0.0,1.0,0.0,0,0.7777777777777778,0.5555555555555556,0.7777777777777778,0.8518518518518519,0.1,0.3,0.5,1.0,0.9,0.9,1.0
simgp_core,uncertainty,9,403,0.11187901480093748,0.07545860273000794,0.0,1.0,0.0,0,0.8076923076923077,0.5384615384615384,0.7692307692307693,0.8461538461538461,0.1,0.3,0.5,1.0,0.9,0.9,1.0
simgp_core,uncertainty,10,403,0.09767766297351713,0.06586628524849185,0.0,1.0,0.0,0,0.8,0.64,0.8,0.84,0.1,0.3,0.5,1.0,0.9,0.9,1.0
simgp_core,uncertainty,11,403,0.09910322335223094,0.06800713585246022,0.0,1.0,0.0,0,0.7916666666666666,0.5833333333333334,0.7916666666666666,0.8333333333333334,0.1,0.3,0.5,1.0,0.9,0.9,1.0
simgp_core,uncertainty,12,403,0.07511177062426616,0.04229320077414815,0.0,1.0,0.0,0,0.9130434782608695,0.782608695652174,0.9130434782608695,0.9130434782608695,0.1,0.3,0.5,1.0,0.9,0.9,1.0
simgp_core,uncertainty,13,403,0.08458597975919091,0.04608843068151,0.0,1.0,0.0,0,0.9090909090909091,0.8181818181818182,0.9090909090909091,0.9090909090909091,0.1,0.3,0.5,1.0,1.0,0.9,1.0
simgp_core,uncertainty,14,403,0.0813614966173334,0.04609490401228106,0.0,1.0,0.0,0,0.9047619047619048,0.6666666666666666,0.8571428571428571,0.9047619047619048,0.1,0.3,0.5,1.0,1.0,0.9,1.0
simgp_core,uncertainty,15,403,0.08432455195627638,0.04727938649104749,0.0,1.0,0.0,0,0.9,0.7,0.85,0.9,0.1,0.3,0.5,1.0,1.0,0.9,1.0
simgp_core,straddle,3,403,0.07260567143838734,0.04724137226046447,0.25,0.5,0.3333333333333333,2,1.0,0.8125,0.96875,1.0,0.1,0.3,1.0,1.15,1.0,1.0,0.5
simgp_core,straddle,4,403,0.11772794871440666,0.07810939953733866,0.5,0.5,0.5,2,0.9032258064516129,0.6774193548387096,0.7741935483870968,0.967741935483871,0.1,0.3,0.5,1.0,1.1,0.9,0.5
simgp_core,straddle,5,403,0.12019259451141183,0.07646692435873138,0.0,0.0,0.0,1,0.9,0.6666666666666666,0.7333333333333333,0.9333333333333333,0.1,0.3,0.5,1.0,1.1,0.9,0.5
simgp_core,straddle,6,403,0.0865847881758301,0.047813522741723104,0.0,0.0,0.0,1,0.9655172413793104,0.7931034482758621,0.8620689655172413,1.0,0.1,0.3,0.5,1.0,0.9,0.95,0.5
simgp_core,straddle,7,403,0.08920628236784457,0.049610110511177356,0.0,0.0,0.0,1,0.9642857142857143,0.7857142857142857,0.8928571428571429,0.9642857142857143,0.1,0.3,0.5,1.0,1.1,0.95,0.5
simgp_core,straddle,8,403,0.10850580877347456,0.06598430134367048,0.0,0.0,0.0,1,0.9259259259259259,0.5925925925925926,0.8518518518518519,0.9629629629629629,0.1,0.3,0.5,1.0,1.1,0.95,0.5
simgp_core,straddle,9,403,0.11360201042903571,0.07253952120938667,1.0,0.0,0.0,1,0.8846153846153846,0.5769230769230769,0.7692307692307693,0.9230769230769231,0.1,0.3,0.5,1.0,1.1,1.0,0.5
simgp_core,straddle,10,403,0.11496583819739771,0.0704625415457656,1.0,0.0,0.0,1,1.0,0.72,0.92,1.0,0.1,0.3,0.5,1.0,1.1,0.95,0.5
simgp_core,straddle,11,403,0.11973971251399909,0.07653248198356653,1.0,0.0,0.0,1,0.9583333333333334,0.6666666666666666,0.9166666666666666,1.0,0.1,0.3,0.5,1.0,1.1,1.0,0.5
simgp_core,straddle,12,403,0.11877868704803267,0.07466929127736367,1.0,0.0,0.0,1,1.0,0.6956521739130435,0.9130434782608695,1.0,0.1,0.3,0.5,1.0,1.1,0.95,0.5
simgp_core,straddle,13,403,0.12110909233520215,0.07586838050041503,1.0,0.0,0.0,1,1.0,0.6818181818181818,0.9090909090909091,1.0,0.1,0.3,0.5,1.0,1.1,0.95,0.5
simgp_core,straddle,14,403,0.12105558050952088,0.07641370649368825,1.0,0.0,0.0,1,1.0,0.6666666666666666,0.9523809523809523,1.0,0.1,0.3,0.5,1.0,1.1,0.95,0.5
simgp_core,straddle,15,403,0.12304774180949997,0.07767723500567372,1.0,0.0,0.0,1,1.0,0.65,0.9,1.0,0.1,0.3,0.5,1.0,1.1,0.95,0.5
simgp_core,random,3,404,0.06537810921508853,0.05223458578263376,0.3333333333333333,0.5,0.4,2,1.0,0.875,0.96875,1.0,0.1,0.1,1.0,0.85,1.1,0.9,0.6666666666666666
simgp_core_nogp,random,3,404,0.07968814160624947,0.06989759973628829,0.25,0.5,0.3333333333333333,2,1.0,0.5625,1.0,1.0,,,,,,,
simgp_core_g75,random,3,404,0.11315007869106132,0.08286824889030488,0.0,0.0,0.0,2,0.9375,0.75,0.90625,0.96875,,,,,,,
physgp_core,random,3,404,0.27748083994976575,0.19389614186656473,0.0,0.0,0.0,2,0.15625,0.09375,0.125,0.15625,,,,,,,
physgp_rich,random,3,404,0.2714196123268489,0.18573840060623314,1.0,0.0,0.0,2,0.375,0.125,0.28125,0.53125,,,,,,,
simgp_rich,random,3,404,0.08152439436828868,0.07251814728726666,0.2,0.5,0.28571428571428575,2,1.0,0.59375,1.0,1.0,,,,,,,
pinn_rich,random,3,404,0.2638712983020441,0.19732270485259373,0.0,0.0,0.0,2,0.03125,0.03125,0.03125,0.0625,,,,,,,
mean_of_samples,random,3,404,0.2680127848735611,0.18259303232143342,1.0,0.0,0.0,2,,,,,,,,,,,
nearest_sample,random,3,404,0.2765221169855331,0.2057421985506192,0.1,1.0,0.18181818181818182,2,,,,,,,,,,,
decay_only,random,3,404,0.2716875287212763,0.18573555468816838,1.0,0.0,0.0,2,,,,,,,,,,,
simgp_core,random,4,404,0.056382449497325834,0.04790874535643316,0.3333333333333333,0.5,0.4,2,1.0,0.9032258064516129,1.0,1.0,0.1,0.1,1.0,0.85,1.1,0.9,0.6666666666666666
simgp_core_nogp,random,4,404,0.07667897584074715,0.06852211848611456,0.25,0.5,0.3333333333333333,2,1.0,0.5161290322580645,1.0,1.0,,,,,,,
simgp_core_g75,random,4,404,0.09869318409230053,0.08809191222829904,0.0,0.0,0.0,2,0.7741935483870968,0.25806451612903225,0.2903225806451613,0.9032258064516129,,,,,,,
physgp_core,random,4,404,0.14046511876517118,0.10882442633934615,0.0,0.0,0.0,2,0.7096774193548387,0.3548387096774194,0.5161290322580645,0.7419354838709677,,,,,,,
physgp_rich,random,4,404,0.2076606997936485,0.15714561985095774,0.0,0.0,0.0,2,0.8709677419354839,0.22580645161290322,0.6774193548387096,0.8709677419354839,,,,,,,
simgp_rich,random,4,404,0.07826642479451074,0.0707642528001428,0.25,0.5,0.3333333333333333,2,1.0,0.5483870967741935,1.0,1.0,,,,,,,
mean_of_samples,random,4,404,0.2070868067478702,0.13231307897068317,1.0,0.0,0.0,2,,,,,,,,,,,
nearest_sample,random,4,404,0.1844376738585543,0.1514395898341794,0.1,1.0,0.18181818181818182,2,,,,,,,,,,,
decay_only,random,4,404,0.20553377806915035,0.15230078028510696,0.0,0.0,0.0,2,,,,,,,,,,,
simgp_core,random,5,404,0.0510656439122033,0.04089686456085768,0.3333333333333333,0.5,0.4,2,1.0,0.8,1.0,1.0,0.1,0.1,1.0,0.85,1.1,0.9,0.6666666666666666
simgp_core_nogp,random,5,404,0.05736949544745251,0.0492521530031458,0.5,0.5,0.5,2,1.0,0.8333333333333334,0.9666666666666667,1.0,,,,,,,
simgp_core_g75,random,5,404,0.08497850748472308,0.050451290502091656,0.0,0.0,0.0,2,0.9,0.7666666666666667,0.9,0.9,,,,,,,
physgp_core,random,5,404,0.13915870944628478,0.10452417727393852,0.0,0.0,0.0,2,0.6333333333333333,0.36666666666666664,0.6,0.6666666666666666,,,,,,,
physgp_rich,random,5,404,0.20221173754489255,0.12962045750561235,0.0,0.0,0.0,2,0.7,0.4666666666666667,0.6666666666666666,0.7333333333333333,,,,,,,
simgp_rich,random,5,404,0.0587589826121695,0.049553071277875275,0.3333333333333333,0.5,0.4,2,1.0,0.7,1.0,1.0,,,,,,,
pinn_rich,random,5,404,0.16047161681664757,0.10593449624026613,0.0,0.0,0.0,2,0.36666666666666664,0.16666666666666666,0.3333333333333333,0.4666666666666667,,,,,,,
mean_of_samples,random,5,404,0.20910052801695572,0.1380796551324607,1.0,0.0,0.0,2,,,,,,,,,,,
nearest_sample,random,5,404,0.15704945974666204,0.11209450382549739,0.0,0.0,0.0,2,,,,,,,,,,,
decay_only,random,5,404,0.19803391640283458,0.11879986780661275,1.0,0.0,0.0,2,,,,,,,,,,,
simgp_core,random,6,404,0.05737209083955536,0.0437996938868896,1.0,1.0,1.0,2,1.0,0.8275862068965517,1.0,1.0,0.1,0.1,1.0,0.85,1.1,0.9,1.0
simgp_core_nogp,random,6,404,0.0629731906230877,0.04786736973614667,1.0,0.5,0.6666666666666666,2,0.9655172413793104,0.7586206896551724,0.896551724137931,1.0,,,,,,,
simgp_core_g75,random,6,404,0.08551964215715535,0.05132200814989949,0.0,0.0,0.0,2,0.896551724137931,0.7586206896551724,0.896551724137931,0.896551724137931,,,,,,,
physgp_core,random,6,404,0.17302436276574937,0.10784144468083175,1.0,0.0,0.0,2,0.896551724137931,0.6206896551724138,0.896551724137931,0.9310344827586207,,,,,,,
physgp_rich,random,6,404,0.22888006460992977,0.1350431521242733,1.0,0.0,0.0,2,0.6551724137931034,0.5517241379310345,0.6551724137931034,0.6896551724137931,,,,,,,
simgp_rich,random,6,404,0.06296677433608543,0.04782297223112174,1.0,0.5,0.6666666666666666,2,1.0,0.7931034482758621,0.9655172413793104,1.0,,,,,,,
mean_of_samples,random,6,404,0.21402031777002795,0.1373444227997536,1.0,0.0,0.0,2,,,,,,,,,,,
nearest_sample,random,6,404,0.15930192183380937,0.11407623041820797,0.0,0.0,0.0,2,,,,,,,,,,,
decay_only,random,6,404,0.2015160081372274,0.12262659491819149,1.0,0.0,0.0,2,,,,,,,,,,,
simgp_core,random,7,404,0.05590606302783902,0.04282246971575486,1.0,0.5,0.6666666666666666,2,1.0,0.8214285714285714,1.0,1.0,0.1,0.1,1.0,0.85,1.1,0.9,0.6666666666666666
simgp_core_nogp,random,7,404,0.062446215244806716,0.04763717576219264,1.0,0.5,0.6666666666666666,2,0.9642857142857143,0.75,0.8928571428571429,1.0,,,,,,,
simgp_core_g75,random,7,404,0.08683026358232052,0.05134221902870218,0.0,0.0,0.0,2,0.8928571428571429,0.7142857142857143,0.8928571428571429,0.8928571428571429,,,,,,,
physgp_core,random,7,404,0.14898702003322822,0.10829312456631114,0.0,0.0,0.0,2,0.6428571428571429,0.32142857142857145,0.6428571428571429,0.6785714285714286,,,,,,,
physgp_rich,random,7,404,0.154698383447951,0.09020899728623795,1.0,0.0,0.0,2,0.8214285714285714,0.39285714285714285,0.8214285714285714,0.8928571428571429,,,,,,,
simgp_rich,random,7,404,0.06442549129503204,0.047520716505402356,0.5,1.0,0.6666666666666666,2,0.9642857142857143,0.6428571428571429,0.9642857142857143,0.9642857142857143,,,,,,,
mean_of_samples,random,7,404,0.20144249543150344,0.14741837227948756,1.0,0.0,0.0,2,,,,,,,,,,,
nearest_sample,random,7,404,0.14489312955767905,0.10865406206726723,0.0,0.0,0.0,2,,,,,,,,,,,
decay_only,random,7,404,0.163395091762206,0.0967903022716641,1.0,0.0,0.0,2,,,,,,,,,,,
simgp_core,random,8,404,0.05215281406113924,0.04439644615140547,0.6666666666666666,1.0,0.8,2,1.0,0.7407407407407407,1.0,1.0,0.1,0.1,1.0,0.85,1.1,0.95,1.0
simgp_core_nogp,random,8,404,0.06715792473051804,0.047543600228078124,1.0,0.5,0.6666666666666666,2,0.9629629629629629,0.6666666666666666,0.8888888888888888,0.9629629629629629,,,,,,,
simgp_core_g75,random,8,404,0.08977412800626515,0.0524182526579709,0.0,0.0,0.0,2,0.8888888888888888,0.7037037037037037,0.8888888888888888,0.8888888888888888,,,,,,,
physgp_core,random,8,404,0.14596963371625565,0.11015827759683684,1.0,0.0,0.0,2,0.48148148148148145,0.2962962962962963,0.4074074074074074,0.5185185185185185,,,,,,,
physgp_rich,random,8,404,0.16805682241884443,0.10544227924185338,1.0,0.0,0.0,2,0.7777777777777778,0.3333333333333333,0.6666666666666666,0.7777777777777778,,,,,,,
simgp_rich,random,8,404,0.0657612759814,0.050828763733448835,1.0,0.5,0.6666666666666666,2,0.9629629629629629,0.6666666666666666,0.9259259259259259,1.0,,,,,,,
pinn_rich,random,8,404,0.12637782405862172,0.09309037546412569,0.0,0.0,0.0,2,0.37037037037037035,0.14814814814814814,0.37037037037037035,0.4074074074074074,,,,,,,
mean_of_samples,random,8,404,0.20466400196538187,0.15036697771780727,1.0,0.0,0.0,2,,,,,,,,,,,
nearest_sample,random,8,404,0.14968442476676957,0.11365173845905535,0.0,0.0,0.0,2,,,,,,,,,,,
decay_only,random,8,404,0.16646134142104613,0.09723468390339242,1.0,0.0,0.0,2,,,,,,,,,,,
simgp_core,random,9,404,0.056449909498713036,0.04466498242325279,1.0,1.0,1.0,2,1.0,0.7692307692307693,0.9615384615384616,1.0,0.1,0.1,1.0,0.85,1.1,0.95,1.0
simgp_core_nogp,random,9,404,0.06972463519314001,0.04896042669821642,1.0,0.5,0.6666666666666666,2,0.9230769230769231,0.6538461538461539,0.8846153846153846,0.9615384615384616,,,,,,,
simgp_core_g75,random,9,404,0.09317696390102552,0.054785379915534366,0.0,0.0,0.0,2,0.8846153846153846,0.6923076923076923,0.8461538461538461,0.9230769230769231,,,,,,,
physgp_core,random,9,404,0.11778612825251168,0.08751800128337887,1.0,0.0,0.0,2,0.5769230769230769,0.34615384615384615,0.5,0.6153846153846154,,,,,,,
physgp_rich,random,9,404,0.17013586178795895,0.10196651800861539,1.0,0.0,0.0,2,0.7692307692307693,0.46153846153846156,0.6538461538461539,0.7692307692307693,,,,,,,
simgp_rich,random,9,404,0.06554089108934588,0.04872356903980612,1.0,0.5,0.6666666666666666,2,0.9615384615384616,0.6153846153846154,0.9230769230769231,1.0,,,,,,,
mean_of_samples,random,9,404,0.20703363758305376,0.15082172926478346,1.0,0.0,0.0,2,,,,,,,,,,,
nearest_sample,random,9,404,0.14205018480838494,0.10908045624952892,0.0,0.0,0.0,2,,,,,,,,,,,
decay_only,random,9,404,0.17038366280583037,0.10036298326618681,1.0,0.0,0.0,2,,,,,,,,,,,
simgp_core,random,10,404,0.07607717156355603,0.058848356153250465,1.0,0.5,0.6666666666666666,2,0.96,0.52,0.88,1.0,0.1,0.1,1.0,0.85,1.1,0.95,0.6666666666666666
simgp_core_nogp,random,10,404,0.0765313146937353,0.052508434401676955,1.0,0.5,0.6666666666666666,2,0.88,0.64,0.84,0.92,,,,,,,
simgp_core_g75,random,10,404,0.0951691075582976,0.05526129026561559,1.0,0.0,0.0,2,0.88,0.64,0.84,0.88,,,,,,,
physgp_core,random,10,404,0.12385682909669178,0.0874175380563039,1.0,0.0,0.0,2,0.6,0.36,0.52,0.6,,,,,,,
physgp_rich,random,10,404,0.17067636881297726,0.09790870713612941,1.0,0.0,0.0,2,0.64,0.4,0.6,0.72,,,,,,,
simgp_rich,random,10,404,0.07239967357044129,0.05275691571114595,1.0,0.5,0.6666666666666666,2,0.96,0.64,0.84,1.0,,,,,,,
pinn_rich,random,10,404,0.14270694173812024,0.09826166167045892,0.0,0.0,0.0,2,0.24,0.0,0.24,0.32,,,,,,,
mean_of_samples,random,10,404,0.2068170057261785,0.14449702407001458,1.0,0.0,0.0,2,,,,,,,,,,,
nearest_sample,random,10,404,0.1443699117772901,0.11105441706107745,0.0,0.0,0.0,2,,,,,,,,,,,
decay_only,random,10,404,0.17148659522696294,0.1014708154045215,1.0,0.0,0.0,2,,,,,,,,,,,
simgp_core,random,11,404,0.07237739637091706,0.05303726281497181,0.0,0.0,0.0,2,0.9583333333333334,0.75,0.875,0.9583333333333334,0.1,0.3,0.0,1.0,0.9,0.9,0.3333333333333333
simgp_core_nogp,random,11,404,0.06387005358929446,0.041808540764146994,1.0,0.0,0.0,2,0.9583333333333334,0.7083333333333334,0.9166666666666666,1.0,,,,,,,
simgp_core_g75,random,11,404,0.10471088754894144,0.0647808068023333,0.0,0.0,0.0,2,0.7916666666666666,0.6666666666666666,0.7916666666666666,0.8333333333333334,,,,,,,
physgp_core,random,11,404,0.1596124463608952,0.10750438156052293,0.0,0.0,0.0,2,0.6666666666666666,0.5833333333333334,0.6666666666666666,0.6666666666666666,,,,,,,
physgp_rich,random,11,404,0.16964570822279088,0.09675630741074075,1.0,0.0,0.0,2,0.7916666666666666,0.6666666666666666,0.7083333333333334,0.875,,,,,,,
simgp_rich,random,11,404,0.07198495027972046,0.05314213582262516,0.0,0.0,0.0,2,0.9583333333333334,0.625,0.9166666666666666,0.9583333333333334,,,,,,,
mean_of_samples,random,11,404,0.208713311958998,0.13735010338176165,1.0,0.0,0.0,2,,,,,,,,,,,
nearest_sample,random,11,404,0.14723036041616167,0.11448556151635887,0.0,0.0,0.0,2,,,,,,,,,,,
decay_only,random,11,404,0.1722225881563581,0.10362492429688015,1.0,0.0,0.0,2,,,,,,,,,,,
simgp_core,random,12,404,0.07155578670927938,0.05238239825424663,0.0,0.0,0.0,2,0.9565217391304348,0.6956521739130435,0.9130434782608695,1.0,0.1,0.3,0.0,1.0,0.9,0.9,0.3333333333333333
simgp_core_nogp,random,12,404,0.06153706288713934,0.04205854825126583,1.0,0.0,0.0,2,1.0,0.6956521739130435,0.9565217391304348,1.0,,,,,,,
simgp_core_g75,random,12,404,0.09752300830678096,0.061249319349560974,0.0,0.0,0.0,2,0.7391304347826086,0.7391304347826086,0.7391304347826086,0.8260869565217391,,,,,,,
physgp_core,random,12,404,0.15224184239497465,0.10450743034937988,0.0,0.0,0.0,2,0.6521739130434783,0.5652173913043478,0.6086956521739131,0.6521739130434783,,,,,,,
physgp_rich,random,12,404,0.18470737172078106,0.12368051352579483,0.0,0.0,0.0,2,0.5652173913043478,0.34782608695652173,0.5217391304347826,0.6956521739130435,,,,,,,
simgp_rich,random,12,404,0.06249323857424762,0.050114028509957886,0.0,0.0,0.0,2,0.9565217391304348,0.6521739130434783,0.9130434782608695,0.9565217391304348,,,,,,,
pinn_rich,random,12,404,0.14958677488194522,0.10607850479258588,1.0,0.0,0.0,2,0.21739130434782608,0.13043478260869565,0.17391304347826086,0.30434782608695654,,,,,,,
mean_of_samples,random,12,404,0.21450253543099912,0.14069502913157972,1.0,0.0,0.0,2,,,,,,,,,,,
nearest_sample,random,12,404,0.15286426809593515,0.12132079010943142,0.0,0.0,0.0,2,,,,,,,,,,,
decay_only,random,12,404,0.17560529812502923,0.10596060738933527,1.0,0.0,0.0,2,,,,,,,,,,,
simgp_core,random,13,404,0.07091966164875203,0.04929907399120558,0.0,0.0,0.0,2,0.9545454545454546,0.6818181818181818,0.9545454545454546,1.0,0.1,0.3,0.0,1.0,0.9,0.9,0.3333333333333333
simgp_core_nogp,random,13,404,0.06268606939150007,0.04252040838816084,1.0,0.0,0.0,2,0.9545454545454546,0.6818181818181818,0.9545454545454546,1.0,,,,,,,
simgp_core_g75,random,13,404,0.10083623531424453,0.06161881449579653,0.0,0.0,0.0,2,0.7272727272727273,0.7272727272727273,0.7272727272727273,0.8181818181818182,,,,,,,
physgp_core,random,13,404,0.15840591515096822,0.11267854518457915,0.0,0.0,0.0,2,0.6363636363636364,0.5,0.5909090909090909,0.6363636363636364,,,,,,,
physgp_rich,random,13,404,0.17847830484803948,0.11703415375771846,0.0,0.0,0.0,2,0.5909090909090909,0.45454545454545453,0.5,0.7272727272727273,,,,,,,
simgp_rich,random,13,404,0.06427937037964353,0.05050443199779809,0.0,0.0,0.0,2,0.9545454545454546,0.6818181818181818,0.9090909090909091,0.9545454545454546,,,,,,,
mean_of_samples,random,13,404,0.21102934241826252,0.13979154295418533,1.0,0.0,0.0,2,,,,,,,,,,,
nearest_sample,random,13,404,0.15080799825381505,0.11807961880349675,0.0,0.0,0.0,2,,,,,,,,,,,
decay_only,random,13,404,0.1755265039201166,0.10660403633732461,1.0,0.0,0.0,2,,,,,,,,,,,
simgp_core,random,14,404,0.06964167289563396,0.04945510776288169,0.0,0.0,0.0,2,0.9523809523809523,0.7142857142857143,0.9523809523809523,1.0,0.1,0.3,0.0,1.0,0.9,0.9,0.3333333333333333
simgp_core_nogp,random,14,404,0.0623901855551466,0.04404899760184337,1.0,0.0,0.0,2,1.0,0.6666666666666666,0.9523809523809523,1.0,,,,,,,
simgp_core_g75,random,14,404,0.10086771397133273,0.06138423509091997,0.0,0.0,0.0,2,0.7142857142857143,0.7142857142857143,0.7142857142857143,0.7619047619047619,,,,,,,
physgp_core,random,14,404,0.16139808423631855,0.11392411316370292,0.0,0.0,0.0,2,0.6190476190476191,0.5238095238095238,0.5714285714285714,0.6190476190476191,,,,,,,
physgp_rich,random,14,404,0.18120029746501587,0.11024912018117924,0.0,0.0,0.0,2,0.7619047619047619,0.5714285714285714,0.7142857142857143,0.8571428571428571,,,,,,,
simgp_rich,random,14,404,0.0639299313287488,0.04846867522994408,0.0,0.0,0.0,2,0.9523809523809523,0.7142857142857143,0.9523809523809523,0.9523809523809523,,,,,,,
mean_of_samples,random,14,404,0.2156093700085972,0.13919500840586088,1.0,0.0,0.0,2,,,,,,,,,,,
nearest_sample,random,14,404,0.1509803302483724,0.11459143343691816,1.0,0.0,0.0,2,,,,,,,,,,,
decay_only,random,14,404,0.1797614913902792,0.11236623215984724,1.0,0.0,0.0,2,,,,,,,,,,,
simgp_core,random,15,404,0.0701091252206257,0.04661568232910993,0.0,0.0,0.0,2,0.95,0.75,0.95,1.0,0.1,0.3,0.0,1.0,0.9,0.9,0.3333333333333333
simgp_core_nogp,random,15,404,0.05982605485522671,0.04073106573440752,1.0,0.0,0.0,2,1.0,0.75,0.95,1.0,,,,,,,
simgp_core_g75,random,15,404,0.10253125118823825,0.0621354366511902,0.0,0.0,0.0,2,0.75,0.75,0.75,0.8,,,,,,,
physgp_core,random,15,404,0.1644298622835657,0.11487158222710112,0.0,0.0,0.0,2,0.65,0.5,0.6,0.65,,,,,,,
physgp_rich,random,15,404,0.1825491704026351,0.11710038510452703,0.0,0.0,0.0,2,0.55,0.4,0.5,0.8,,,,,,,
simgp_rich,random,15,404,0.06651782219830794,0.046261091027153374,0.0,0.0,0.0,2,0.95,0.7,0.95,0.95,,,,,,,
pinn_rich,random,15,404,0.14677131003260233,0.10182623372925574,1.0,0.0,0.0,2,0.3,0.05,0.3,0.3,,,,,,,
mean_of_samples,random,15,404,0.21603254307760103,0.1409385574931044,1.0,0.0,0.0,2,,,,,,,,,,,
nearest_sample,random,15,404,0.15069249316373262,0.11248970370956686,1.0,0.0,0.0,2,,,,,,,,,,,
decay_only,random,15,404,0.18324032249357897,0.11716361473500843,1.0,0.0,0.0,2,,,,,,,,,,,
simgp_core,uncertainty,3,404,0.06110220551948882,0.051657741836120444,0.3333333333333333,0.5,0.4,2,1.0,0.875,1.0,1.0,0.1,0.1,1.0,0.85,1.1,0.9,0.6666666666666666
simgp_core,uncertainty,4,404,0.14442988625714456,0.09389802940490351,0.3333333333333333,0.5,0.4,2,0.8064516129032258,0.5806451612903226,0.7096774193548387,0.9032258064516129,0.1,0.3,0.5,1.0,1.1,0.9,0.6666666666666666
simgp_core,uncertainty,5,404,0.07154998980799118,0.05811209084256327,0.0,0.0,0.0,1,0.9333333333333333,0.6666666666666666,0.9,0.9666666666666667,0.1,0.1,1.0,0.85,1.1,0.9,0.6666666666666666
simgp_core,uncertainty,6,404,0.07116124466927366,0.06460841909154084,0.0,1.0,0.0,0,1.0,0.3448275862068966,0.7241379310344828,1.0,0.1,0.3,0.0,0.85,0.9,0.9,1.0
simgp_core,uncertainty,7,404,0.0832050481213469,0.07744608586717991,0.0,1.0,0.0,0,0.9642857142857143,0.8571428571428571,0.9642857142857143,0.9642857142857143,0.1,0.3,0.0,0.85,0.9,0.9,1.0
simgp_core,uncertainty,8,404,0.063141708310951,0.05732859676622262,1.0,1.0,1.0,0,0.9629629629629629,0.2962962962962963,0.9629629629629629,1.0,0.1,0.3,0.0,0.85,1.1,0.95,1.0
simgp_core,uncertainty,9,404,0.06773900692370219,0.057394932631475756,1.0,1.0,1.0,0,0.9230769230769231,0.3076923076923077,0.8461538461538461,0.9615384615384616,0.1,0.1,1.0,0.85,1.1,0.9,1.0
simgp_core,uncertainty,10,404,0.05953700770552642,0.053786910015037076,1.0,1.0,1.0,0,1.0,1.0,1.0,1.0,0.1,0.1,1.0,0.85,1.1,0.9,1.0
simgp_core,uncertainty,11,404,0.06038625078850008,0.054400175393360096,1.0,1.0,1.0,0,1.0,1.0,1.0,1.0,0.1,0.1,1.0,0.85,1.1,0.9,1.0
simgp_core,uncertainty,12,404,0.0540980403526288,0.04815215853308885,1.0,1.0,1.0,0,0.9565217391304348,0.391304347826087,0.9565217391304348,0.9565217391304348,0.1,0.3,0.0,0.85,1.1,1.0,1.0
simgp_core,uncertainty,13,404,0.07484345764695373,0.05834715950912046,1.0,1.0,1.0,0,1.0,0.8636363636363636,1.0,1.0,0.1,0.3,0.0,0.85,1.1,1.0,1.0
simgp_core,uncertainty,14,404,0.07077800472103395,0.05240238506556434,1.0,1.0,1.0,0,1.0,0.8571428571428571,1.0,1.0,0.1,0.3,0.0,0.85,1.1,1.0,1.0
simgp_core,uncertainty,15,404,0.07208690264116324,0.05457853945515585,1.0,1.0,1.0,0,1.0,0.85,1.0,1.0,0.1,0.3,0.0,0.85,1.1,1.0,1.0
simgp_core,straddle,3,404,0.09909766445339586,0.084579280267207,0.25,0.5,0.3333333333333333,2,1.0,0.71875,0.9375,1.0,0.1,0.1,1.0,0.85,1.1,0.9,0.6666666666666666
simgp_core,straddle,4,404,0.14013515571365448,0.10181708764225667,0.3333333333333333,0.5,0.4,2,0.8064516129032258,0.6451612903225806,0.7741935483870968,0.8709677419354839,0.1,0.3,0.5,1.0,1.1,0.9,0.6666666666666666
simgp_core,straddle,5,404,0.12864273996721398,0.10036510645677123,0.0,0.0,0.0,1,0.8,0.6,0.7,0.8666666666666667,0.1,0.3,0.5,1.0,1.1,0.9,0.6666666666666666
simgp_core,straddle,6,404,0.06112378789048738,0.0552857740320346,0.0,1.0,0.0,0,1.0,0.4482758620689655,1.0,1.0,0.1,0.3,0.0,0.85,1.1,0.9,1.0
simgp_core,straddle,7,404,0.055306908763352855,0.05010968763279201,0.0,1.0,0.0,0,1.0,0.4642857142857143,0.9642857142857143,1.0,0.1,0.3,0.0,0.85,1.1,0.95,1.0
simgp_core,straddle,8,404,0.06048050974370426,0.051112439510300964,1.0,1.0,1.0,0,0.9629629629629629,0.4074074074074074,0.9259259259259259,1.0,0.1,0.1,1.0,0.85,0.9,0.9,1.0
simgp_core,straddle,9,404,0.0631979240688072,0.05292370898567582,1.0,1.0,1.0,0,0.9615384615384616,0.34615384615384615,0.9230769230769231,0.9615384615384616,0.1,0.1,1.0,0.85,0.9,0.9,1.0
simgp_core,straddle,10,404,0.06442380007500556,0.05540445179595191,1.0,1.0,1.0,0,0.96,0.32,0.92,0.96,0.1,0.3,0.0,0.85,1.1,1.0,1.0
simgp_core,straddle,11,404,0.06655588970752012,0.05687168376792067,1.0,1.0,1.0,0,1.0,0.9166666666666666,1.0,1.0,0.1,0.1,1.0,0.85,0.9,0.9,1.0
simgp_core,straddle,12,404,0.06845366995387339,0.05798017685016438,1.0,1.0,1.0,0,0.9565217391304348,0.21739130434782608,0.8695652173913043,0.9565217391304348,0.1,0.1,1.0,0.85,0.9,0.9,1.0
simgp_core,straddle,13,404,0.070095418185876,0.06012858271458343,1.0,1.0,1.0,0,0.9090909090909091,0.18181818181818182,0.8636363636363636,0.9545454545454546,0.1,0.1,1.0,0.85,0.9,0.9,1.0
simgp_core,straddle,14,404,0.07140315207606623,0.06084820590822513,1.0,1.0,1.0,0,0.9047619047619048,0.23809523809523808,0.8571428571428571,0.9523809523809523,0.1,0.1,1.0,0.85,0.9,0.9,1.0
simgp_core,straddle,15,404,0.07381010116336158,0.0637723899296251,1.0,1.0,1.0,0,0.9,0.2,0.85,0.95,0.1,0.1,1.0,0.85,0.9,0.9,1.0
simgp_core,random,3,405,0.10480379373891216,0.07257615628149884,0.0,0.0,0.0,5,0.96875,0.6875,0.875,0.96875,0.1,0.3,1.0,1.0,1.1,1.05,0.0
simgp_core_nogp,random,3,405,0.0929012830886582,0.06626879451763101,0.25,0.4,0.3076923076923077,5,0.96875,0.71875,0.90625,0.96875,,,,,,,
simgp_core_g75,random,3,405,0.1296596899876504,0.07635229645790079,0.0,0.0,0.0,5,0.78125,0.59375,0.71875,0.8125,,,,,,,
physgp_core,random,3,405,0.24205570192681175,0.1734812438334553,1.0,0.0,0.0,5,0.6875,0.46875,0.59375,0.71875,,,,,,,
physgp_rich,random,3,405,0.19903952202571817,0.13050763813053387,1.0,0.0,0.0,5,0.78125,0.46875,0.75,0.8125,,,,,,,
simgp_rich,random,3,405,0.09753361639079455,0.06912304006959272,0.0,0.0,0.0,5,0.96875,0.71875,0.875,0.96875,,,,,,,
pinn_rich,random,3,405,0.2922311772421029,0.22502636310476498,1.0,0.0,0.0,5,0.21875,0.0625,0.15625,0.28125,,,,,,,
mean_of_samples,random,3,405,0.3608229785559808,0.33805453932026486,1.0,0.0,0.0,5,,,,,,,,,,,
nearest_sample,random,3,405,0.24399999118976462,0.14704170508060127,1.0,0.0,0.0,5,,,,,,,,,,,
decay_only,random,3,405,0.2000963345727199,0.13120204576268685,1.0,0.0,0.0,5,,,,,,,,,,,
simgp_core,random,4,405,0.10204147790339133,0.07749068594755991,0.0,0.0,0.0,5,0.9354838709677419,0.6774193548387096,0.8709677419354839,0.967741935483871,0.1,0.3,0.5,0.85,0.9,1.0,0.0
simgp_core_nogp,random,4,405,0.07670867098185524,0.04403827672111578,0.25,0.2,0.22222222222222224,5,0.967741935483871,0.7419354838709677,0.8709677419354839,0.967741935483871,,,,,,,
simgp_core_g75,random,4,405,0.14811435448323848,0.10641920876680959,1.0,0.0,0.0,5,0.7096774193548387,0.3548387096774194,0.5806451612903226,0.7096774193548387,,,,,,,
physgp_core,random,4,405,0.24665756604255146,0.17918660789229354,1.0,0.0,0.0,5,0.6129032258064516,0.25806451612903225,0.5161290322580645,0.6129032258064516,,,,,,,
physgp_rich,random,4,405,0.18729083488473802,0.13718713597401727,1.0,0.0,0.0,5,0.6774193548387096,0.3870967741935484,0.5806451612903226,0.7419354838709677,,,,,,,
simgp_rich,random,4,405,0.07631493356712206,0.04515847013262671,0.25,0.2,0.22222222222222224,5,0.967741935483871,0.7741935483870968,0.967741935483871,0.967741935483871,,,,,,,
mean_of_samples,random,4,405,0.29647087987603926,0.2777391417017821,1.0,0.0,0.0,5,,,,,,,,,,,
nearest_sample,random,4,405,0.25076876204834164,0.1619575357675267,1.0,0.0,0.0,5,,,,,,,,,,,
decay_only,random,4,405,0.2153612705703508,0.16429725835051986,1.0,0.0,0.0,5,,,,,,,,,,,
simgp_core,random,5,405,0.10797364405656044,0.079871574024611,0.0,0.0,0.0,5,0.9,0.5666666666666667,0.8666666666666667,0.9333333333333333,0.1,0.3,0.5,0.85,1.1,1.0,0.0
simgp_core_nogp,random,5,405,0.07399821318685504,0.043600396808173764,0.4,0.4,0.4000000000000001,5,0.9,0.7333333333333333,0.8666666666666667,0.9666666666666667,,,,,,,
simgp_core_g75,random,5,405,0.12876667977613787,0.08551354906004409,1.0,0.0,0.0,5,0.7333333333333333,0.43333333333333335,0.7,0.7666666666666667,,,,,,,
physgp_core,random,5,405,0.24087171710904928,0.17280637737601037,1.0,0.0,0.0,5,0.36666666666666664,0.16666666666666666,0.3,0.36666666666666664,,,,,,,
physgp_rich,random,5,405,0.17841724100032658,0.1216717968541246,1.0,0.0,0.0,5,0.6333333333333333,0.3,0.5666666666666667,0.7,,,,,,,
simgp_rich,random,5,405,0.08072179674887242,0.059791783748939786,0.25,0.2,0.22222222222222224,5,0.9333333333333333,0.7333333333333333,0.8666666666666667,0.9666666666666667,,,,,,,
pinn_rich,random,5,405,0.3760233273117331,0.25132638541885305,1.0,0.0,0.0,5,0.16666666666666666,0.06666666666666667,0.13333333333333333,0.16666666666666666,,,,,,,
mean_of_samples,random,5,405,0.24214050482640315,0.2263477104792024,1.0,0.0,0.0,5,,,,,,,,,,,
nearest_sample,random,5,405,0.247791497736192,0.149469419312452,1.0,0.0,0.0,5,,,,,,,,,,,
decay_only,random,5,405,0.19678424318513715,0.136004454485457,1.0,0.0,0.0,5,,,,,,,,,,,
simgp_core,random,6,405,0.10477405705655458,0.07588675707829456,0.0,0.0,0.0,4,0.896551724137931,0.5862068965517241,0.8275862068965517,0.9310344827586207,0.1,0.3,0.5,0.85,1.1,1.0,0.0
simgp_core_nogp,random,6,405,0.07597408671489006,0.04422859117754122,0.4,0.5,0.4444444444444445,4,0.896551724137931,0.7241379310344828,0.8620689655172413,0.9310344827586207,,,,,,,
simgp_core_g75,random,6,405,0.13264098398215624,0.0905714931540163,1.0,0.0,0.0,4,0.6896551724137931,0.3448275862068966,0.6206896551724138,0.7586206896551724,,,,,,,
physgp_core,random,6,405,0.18996523318469702,0.12528174350693938,0.0,0.0,0.0,4,0.7931034482758621,0.41379310344827586,0.7241379310344828,0.8275862068965517,,,,,,,
physgp_rich,random,6,405,0.16945183983042064,0.10693066372905698,0.0,0.0,0.0,4,0.6551724137931034,0.3103448275862069,0.5172413793103449,0.7241379310344828,,,,,,,
simgp_rich,random,6,405,0.07653570842956801,0.05596180573868842,0.3333333333333333,0.25,0.28571428571428575,4,0.9655172413793104,0.6551724137931034,0.9310344827586207,0.9655172413793104,,,,,,,
mean_of_samples,random,6,405,0.20917726875100684,0.1955365621685549,1.0,0.0,0.0,4,,,,,,,,,,,
nearest_sample,random,6,405,0.22016223259312143,0.130976062599379,1.0,0.0,0.0,4,,,,,,,,,,,
decay_only,random,6,405,0.19059785712310795,0.12647615911009874,1.0,0.0,0.0,4,,,,,,,,,,,
simgp_core,random,7,405,0.07324879144622046,0.05265457645182151,0.25,0.25,0.25,4,0.9642857142857143,0.6785714285714286,0.9642857142857143,0.9642857142857143,0.1,0.3,0.5,0.85,1.1,1.0,0.2
simgp_core_nogp,random,7,405,0.07650962959130858,0.04484775644194304,0.25,0.25,0.25,4,0.8928571428571429,0.7142857142857143,0.8571428571428571,0.9285714285714286,,,,,,,
simgp_core_g75,random,7,405,0.12719684473798576,0.08270426409026857,1.0,0.0,0.0,4,0.75,0.5357142857142857,0.6428571428571429,0.75,,,,,,,
physgp_core,random,7,405,0.1827585366747324,0.12440258059714894,0.0,0.0,0.0,4,0.7142857142857143,0.25,0.6428571428571429,0.7857142857142857,,,,,,,
physgp_rich,random,7,405,0.18724689918061463,0.12032879566018392,0.0,0.0,0.0,4,0.5714285714285714,0.2857142857142857,0.4642857142857143,0.5714285714285714,,,,,,,
simgp_rich,random,7,405,0.0745372624718973,0.05401584090053467,0.25,0.25,0.25,4,0.9642857142857143,0.6071428571428571,0.8928571428571429,0.9642857142857143,,,,,,,
mean_of_samples,random,7,405,0.19793906069670306,0.18254158561035272,1.0,0.0,0.0,4,,,,,,,,,,,
nearest_sample,random,7,405,0.22334987079788085,0.13245196518177912,1.0,0.0,0.0,4,,,,,,,,,,,
decay_only,random,7,405,0.1937590151949788,0.13065531849809678,1.0,0.0,0.0,4,,,,,,,,,,,
simgp_core,random,8,405,0.09054237498920423,0.06936153189391699,0.0,0.0,0.0,4,0.9629629629629629,0.5925925925925926,0.8518518518518519,0.9629629629629629,0.1,0.3,0.5,0.85,1.1,1.05,0.0
simgp_core_nogp,random,8,405,0.07775181010874517,0.046368053429558284,0.25,0.25,0.25,4,0.8888888888888888,0.7037037037037037,0.8148148148148148,0.9259259259259259,,,,,,,
simgp_core_g75,random,8,405,0.1311227738740714,0.0863897537046318,1.0,0.0,0.0,4,0.6666666666666666,0.5185185185185185,0.5925925925925926,0.7407407407407407,,,,,,,
physgp_core,random,8,405,0.20812108042527067,0.1524588112192866,0.0,0.0,0.0,4,0.7407407407407407,0.14814814814814814,0.6296296296296297,0.7407407407407407,,,,,,,
physgp_rich,random,8,405,0.1626464848913154,0.11511123680957268,0.0,0.0,0.0,4,0.6296296296296297,0.2222222222222222,0.5185185185185185,0.7037037037037037,,,,,,,
simgp_rich,random,8,405,0.07573262455822047,0.05172876576544351,0.3333333333333333,0.25,0.28571428571428575,4,0.9259259259259259,0.6296296296296297,0.9259259259259259,0.9629629629629629,,,,,,,
pinn_rich,random,8,405,0.14097113780603165,0.10946607180443577,1.0,0.0,0.0,4,0.25925925925925924,0.14814814814814814,0.2222222222222222,0.2962962962962963,,,,,,,
mean_of_samples,random,8,405,0.19504407554796452,0.17806770307672315,1.0,0.0,0.0,4,,,,,,,,,,,
nearest_sample,random,8,405,0.2278387804651696,0.13989103793422122,1.0,0.0,0.0,4,,,,,,,,,,,
decay_only,random,8,405,0.20006497471767665,0.13838255517575052,1.0,0.0,0.0,4,,,,,,,,,,,
simgp_core,random,9,405,0.09389119213015745,0.07041993921832355,0.0,0.0,0.0,4,0.9230769230769231,0.5769230769230769,0.7692307692307693,0.9615384615384616,0.1,0.3,0.5,0.85,1.1,1.05,0.0
simgp_core_nogp,random,9,405,0.08012727855104025,0.0484831533655098,0.25,0.25,0.25,4,0.8846153846153846,0.6923076923076923,0.8076923076923077,0.9230769230769231,,,,,,,
simgp_core_g75,random,9,405,0.1366989294334888,0.09237995595713701,1.0,0.0,0.0,4,0.6153846153846154,0.4230769230769231,0.5384615384615384,0.6923076923076923,,,,,,,
physgp_core,random,9,405,0.1994496002000459,0.13289592520748153,0.0,0.0,0.0,4,0.7692307692307693,0.23076923076923078,0.5769230769230769,0.7692307692307693,,,,,,,
physgp_rich,random,9,405,0.1868412328930761,0.1353132302094086,0.0,0.0,0.0,4,0.5384615384615384,0.11538461538461539,0.3076923076923077,0.5769230769230769,,,,,,,
simgp_rich,random,9,405,0.08924059860397734,0.06342327708212783,0.0,0.0,0.0,4,0.8846153846153846,0.6153846153846154,0.8461538461538461,0.9615384615384616,,,,,,,
mean_of_samples,random,9,405,0.21235831141521216,0.19799330521483258,1.0,0.0,0.0,4,,,,,,,,,,,
nearest_sample,random,9,405,0.1136479061632337,0.0790625576316856,1.0,0.0,0.0,4,,,,,,,,,,,
decay_only,random,9,405,0.21722765633346477,0.15185510389151383,1.0,0.0,0.0,4,,,,,,,,,,,
simgp_core,random,10,405,0.0953398163079928,0.06978930670572686,0.0,0.0,0.0,4,0.84,0.64,0.72,0.96,0.1,0.3,0.5,0.85,1.1,1.05,0.0
simgp_core_nogp,random,10,405,0.08302436148735863,0.05224968695881998,0.25,0.25,0.25,4,0.88,0.68,0.8,0.92,,,,,,,
simgp_core_g75,random,10,405,0.14329523293545526,0.09928719858592569,1.0,0.0,0.0,4,0.64,0.36,0.52,0.68,,,,,,,
physgp_core,random,10,405,0.3111677062533205,0.20541181338009118,1.0,0.0,0.0,4,0.4,0.04,0.24,0.4,,,,,,,
physgp_rich,random,10,405,0.20237956938072116,0.13000718562600816,0.0,0.0,0.0,4,0.68,0.4,0.6,0.72,,,,,,,
simgp_rich,random,10,405,0.0840637310998448,0.05567353334607868,0.25,0.25,0.25,4,0.92,0.6,0.88,0.96,,,,,,,
pinn_rich,random,10,405,0.12916565921352025,0.09915974915634847,1.0,0.0,0.0,4,0.28,0.16,0.2,0.36,,,,,,,
mean_of_samples,random,10,405,0.1973452612678686,0.18238431128586258,1.0,0.0,0.0,4,,,,,,,,,,,
nearest_sample,random,10,405,0.11587596744207337,0.08176721246618535,1.0,0.0,0.0,4,,,,,,,,,,,
decay_only,random,10,405,0.21819592670643892,0.15128151030609246,1.0,0.0,0.0,4,,,,,,,,,,,
simgp_core,random,11,405,0.09638915037605694,0.0708731224999235,0.0,0.0,0.0,4,0.875,0.6666666666666666,0.7083333333333334,0.9583333333333334,0.1,0.3,0.5,0.85,1.1,1.0,0.0
simgp_core_nogp,random,11,405,0.08341022971246427,0.051794598268460036,0.25,0.25,0.25,4,0.875,0.6666666666666666,0.7916666666666666,0.9166666666666666,,,,,,,
simgp_core_g75,random,11,405,0.14578789321173313,0.10296989244291688,1.0,0.0,0.0,4,0.625,0.375,0.5,0.6666666666666666,,,,,,,
physgp_core,random,11,405,0.30113670128344,0.2029581113360279,1.0,0.0,0.0,4,0.375,0.0,0.20833333333333334,0.375,,,,,,,
physgp_rich,random,11,405,0.19931391555917932,0.14302178845272903,1.0,0.0,0.0,4,0.5416666666666666,0.16666666666666666,0.375,0.625,,,,,,,
simgp_rich,random,11,405,0.08436129619229285,0.05559748110101018,0.25,0.25,0.25,4,0.875,0.5833333333333334,0.875,0.9583333333333334,,,,,,,
mean_of_samples,random,11,405,0.20464362314639925,0.19099175743603414,1.0,0.0,0.0,4,,,,,,,,,,,
nearest_sample,random,11,405,0.12068957666146815,0.08481981989108785,1.0,0.0,0.0,4,,,,,,,,,,,
decay_only,random,11,405,0.20603091338917878,0.1414038786197159,1.0,0.0,0.0,4,,,,,,,,,,,
simgp_core,random,12,405,0.07366576217851942,0.051813059451576396,0.0,0.0,0.0,3,0.9565217391304348,0.7391304347826086,0.9130434782608695,0.9565217391304348,0.1,0.3,0.5,0.85,1.1,1.0,0.2
simgp_core_nogp,random,12,405,0.08081755323941037,0.05128391256891673,0.0,0.0,0.0,3,0.8695652173913043,0.6956521739130435,0.8260869565217391,0.8695652173913043,,,,,,,
simgp_core_g75,random,12,405,0.1468386891205367,0.10427494569552959,1.0,0.0,0.0,3,0.6086956521739131,0.391304347826087,0.4782608695652174,0.6521739130434783,,,,,,,
physgp_core,random,12,405,0.3207759280007351,0.21562386911715534,1.0,0.0,0.0,3,0.391304347826087,0.043478260869565216,0.21739130434782608,0.391304347826087,,,,,,,
physgp_rich,random,12,405,0.19680967073219624,0.1386467509378236,1.0,0.0,0.0,3,0.6086956521739131,0.2608695652173913,0.4782608695652174,0.6521739130434783,,,,,,,
simgp_rich,random,12,405,0.08198081018804745,0.05625680022069049,0.0,0.0,0.0,3,0.8695652173913043,0.6521739130434783,0.8695652173913043,0.9565217391304348,,,,,,,
pinn_rich,random,12,405,0.14678452168592157,0.10731970305076297,1.0,0.0,0.0,3,0.30434782608695654,0.043478260869565216,0.21739130434782608,0.43478260869565216,,,,,,,
mean_of_samples,random,12,405,0.19040272975940606,0.1742302706478015,1.0,0.0,0.0,3,,,,,,,,,,,
nearest_sample,random,12,405,0.12619776112379502,0.08858484818624499,0.0,0.0,0.0,3,,,,,,,,,,,
decay_only,random,12,405,0.2066892990746651,0.14143265974149213,1.0,0.0,0.0,3,,,,,,,,,,,
simgp_core,random,13,405,0.0757614985913708,0.05372668138196362,0.0,0.0,0.0,3,0.9545454545454546,0.6818181818181818,0.9090909090909091,0.9545454545454546,0.1,0.3,0.5,0.85,1.1,1.0,0.2
simgp_core_nogp,random,13,405,0.0774816255343351,0.050861529482494935,0.0,0.0,0.0,3,0.9090909090909091,0.7272727272727273,0.8181818181818182,0.9090909090909091,,,,,,,
simgp_core_g75,random,13,405,0.13122127346246118,0.08965568835991733,1.0,0.0,0.0,3,0.8181818181818182,0.36363636363636365,0.6818181818181818,0.8181818181818182,,,,,,,
physgp_core,random,13,405,0.19282991706744518,0.13195338373043164,1.0,0.0,0.0,3,0.6818181818181818,0.3181818181818182,0.45454545454545453,0.7727272727272727,,,,,,,
physgp_rich,random,13,405,0.26434041522127094,0.18028692817187655,1.0,0.0,0.0,3,0.4090909090909091,0.22727272727272727,0.3181818181818182,0.45454545454545453,,,,,,,
simgp_rich,random,13,405,0.0757262110429919,0.05490462355953452,0.5,0.3333333333333333,0.4,3,0.9545454545454546,0.6363636363636364,0.8636363636363636,0.9545454545454546,,,,,,,
mean_of_samples,random,13,405,0.18789277706699586,0.16983713683190468,1.0,0.0,0.0,3,,,,,,,,,,,
nearest_sample,random,13,405,0.12380019364087091,0.08012551013308931,0.0,0.0,0.0,3,,,,,,,,,,,
decay_only,random,13,405,0.20975988474456533,0.1437659929555641,1.0,0.0,0.0,3,,,,,,,,,,,
simgp_core,random,14,405,0.08042803742679058,0.06292200432325792,0.5,0.3333333333333333,0.4,3,0.9047619047619048,0.38095238095238093,0.8571428571428571,0.9523809523809523,0.1,0.3,0.5,0.85,1.1,1.0,0.4
simgp_core_nogp,random,14,405,0.05395549102230189,0.03860424007370048,0.3333333333333333,0.3333333333333333,0.3333333333333333,3,0.9523809523809523,0.7619047619047619,0.9523809523809523,0.9523809523809523,,,,,,,
simgp_core_g75,random,14,405,0.10925863902387925,0.06976631516561417,1.0,0.0,0.0,3,0.8571428571428571,0.47619047619047616,0.7142857142857143,0.8571428571428571,,,,,,,
physgp_core,random,14,405,0.12628123782936918,0.085155484057768,1.0,0.0,0.0,3,0.8095238095238095,0.38095238095238093,0.6666666666666666,0.8095238095238095,,,,,,,
physgp_rich,random,14,405,0.14868121642626622,0.11109966887813957,0.3333333333333333,0.3333333333333333,0.3333333333333333,3,0.3333333333333333,0.2857142857142857,0.3333333333333333,0.5238095238095238,,,,,,,
simgp_rich,random,14,405,0.07702172316861441,0.059703828700724326,0.3333333333333333,0.3333333333333333,0.3333333333333333,3,0.9047619047619048,0.7142857142857143,0.9047619047619048,0.9523809523809523,,,,,,,
mean_of_samples,random,14,405,0.18082551309110304,0.15842585246500468,1.0,0.0,0.0,3,,,,,,,,,,,
nearest_sample,random,14,405,0.12724230518638593,0.08527571454228056,0.2,0.3333333333333333,0.25,3,,,,,,,,,,,
decay_only,random,14,405,0.14606096330459808,0.10125875749162179,1.0,0.0,0.0,3,,,,,,,,,,,
simgp_core,random,15,405,0.08024792458852426,0.06264621554134739,0.3333333333333333,0.3333333333333333,0.3333333333333333,3,0.9,0.4,0.85,0.95,0.1,0.3,0.5,0.85,1.1,1.0,0.4
simgp_core_nogp,random,15,405,0.054327319029747786,0.038603681598359536,0.3333333333333333,0.3333333333333333,0.3333333333333333,3,0.95,0.75,0.95,0.95,,,,,,,
simgp_core_g75,random,15,405,0.11276347889974592,0.0735188804366522,1.0,0.0,0.0,3,0.8,0.35,0.7,0.85,,,,,,,
physgp_core,random,15,405,0.13057646709476464,0.08871947474773871,1.0,0.0,0.0,3,0.8,0.35,0.65,0.8,,,,,,,
physgp_rich,random,15,405,0.09730254779067068,0.06776096780335186,1.0,0.0,0.0,3,0.7,0.4,0.65,0.85,,,,,,,
simgp_rich,random,15,405,0.06644724798138271,0.05130112295941882,0.3333333333333333,0.3333333333333333,0.3333333333333333,3,0.9,0.65,0.85,1.0,,,,,,,
pinn_rich,random,15,405,0.11197052324520138,0.08605698569357999,0.5,0.3333333333333333,0.4,3,0.2,0.1,0.2,0.35,,,,,,,
mean_of_samples,random,15,405,0.1791027536462925,0.15350275183708276,1.0,0.0,0.0,3,,,,,,,,,,,
nearest_sample,random,15,405,0.12984106229631684,0.08688024302002387,0.25,0.3333333333333333,0.28571428571428575,3,,,,,,,,,,,
decay_only,random,15,405,0.14895018205389599,0.10495572954161984,1.0,0.0,0.0,3,,,,,,,,,,,
simgp_core,uncertainty,3,405,0.10082922512017774,0.07056424455362029,0.0,0.0,0.0,5,0.90625,0.71875,0.875,0.96875,0.25,0.3,1.0,1.15,1.1,1.1,0.0
simgp_core,uncertainty,4,405,0.07052004659078523,0.04490873302210487,0.4,0.5,0.4444444444444445,4,0.967741935483871,0.8064516129032258,0.967741935483871,0.967741935483871,0.1,0.3,0.0,0.85,0.9,0.95,0.6
simgp_core,uncertainty,5,405,0.09315020740297872,0.071332345688483,0.25,0.5,0.3333333333333333,4,0.8666666666666667,0.5666666666666667,0.7666666666666667,0.8666666666666667,0.1,0.3,0.5,0.85,0.9,1.05,0.6
simgp_core,uncertainty,6,405,0.12536098478786445,0.08426784421662326,0.25,0.3333333333333333,0.28571428571428575,3,0.7241379310344828,0.5862068965517241,0.5862068965517241,0.7931034482758621,0.1,0.3,0.5,0.85,0.9,1.05,0.6
simgp_core,uncertainty,7,405,0.094696362584611,0.05977858976989682,0.25,0.3333333333333333,0.28571428571428575,3,0.75,0.5714285714285714,0.6785714285714286,0.8571428571428571,0.25,0.1,1.0,0.85,0.9,1.0,0.6
simgp_core,uncertainty,8,405,0.09225363437375239,0.06145567028720983,0.5,0.3333333333333333,0.4,3,0.7777777777777778,0.5185185185185185,0.7407407407407407,0.8148148148148148,0.1,0.3,0.0,0.85,1.0,0.95,0.6
simgp_core,uncertainty,9,405,0.09257433481561396,0.06235370708233533,0.0,0.0,0.0,2,0.7307692307692307,0.5,0.6923076923076923,0.8461538461538461,0.1,0.3,0.0,0.85,1.0,0.95,0.6
simgp_core,uncertainty,10,405,0.10501486139616781,0.07440016794661225,1.0,0.0,0.0,2,0.76,0.48,0.72,0.76,0.1,0.3,0.0,0.85,0.9,1.0,0.6
simgp_core,uncertainty,11,405,0.09025521363325426,0.05564810131109457,1.0,1.0,1.0,1,0.9583333333333334,0.75,0.8333333333333334,0.9583333333333334,0.1,0.3,0.0,0.85,0.9,0.95,1.0
simgp_core,uncertainty,12,405,0.053230306562375214,0.034583788785400894,1.0,1.0,1.0,1,1.0,0.8260869565217391,1.0,1.0,0.1,0.3,0.0,0.85,0.9,0.9,1.0
simgp_core,uncertainty,13,405,0.05245702850811213,0.0329020143159297,1.0,1.0,1.0,1,1.0,0.7727272727272727,0.9090909090909091,1.0,0.1,0.3,0.0,0.85,0.9,0.9,1.0
simgp_core,uncertainty,14,405,0.04361605275686457,0.02553614258574146,1.0,1.0,1.0,1,1.0,0.9523809523809523,1.0,1.0,0.1,0.3,0.0,0.85,0.9,0.9,1.0
simgp_core,uncertainty,15,405,0.05853447636873875,0.039382230887775496,1.0,1.0,1.0,1,1.0,0.7,1.0,1.0,0.1,0.3,0.0,0.85,0.9,0.9,1.0
simgp_core,straddle,3,405,0.1045771580375052,0.07252771303845183,0.0,0.0,0.0,5,0.96875,0.6875,0.875,0.96875,0.1,0.3,1.0,1.0,1.1,1.05,0.0
simgp_core,straddle,4,405,0.111064429299928,0.07360129112692194,0.0,0.0,0.0,4,0.9354838709677419,0.7096774193548387,0.8709677419354839,0.967741935483871,0.1,0.3,0.5,1.0,1.0,1.0,0.0
simgp_core,straddle,5,405,0.14352499927728032,0.08927928001742959,0.0,0.0,0.0,4,0.8666666666666667,0.6,0.7333333333333333,0.9,0.1,0.3,0.5,1.0,1.0,0.95,0.0
simgp_core,straddle,6,405,0.10298495474844999,0.06815701969337763,1.0,0.0,0.0,4,0.9655172413793104,0.7241379310344828,0.9310344827586207,0.9655172413793104,0.1,0.3,0.5,1.0,1.1,1.05,0.0
simgp_core,straddle,7,405,0.12058685538083326,0.09703713301452707,0.5,0.3333333333333333,0.4,3,0.8928571428571429,0.39285714285714285,0.75,0.9642857142857143,0.1,0.3,1.0,1.0,1.1,1.1,0.4
simgp_core,straddle,8,405,0.10613581843972485,0.0709584838809141,1.0,0.3333333333333333,0.5,3,0.9629629629629629,0.7037037037037037,0.8888888888888888,0.9629629629629629,0.1,0.3,1.0,1.0,1.1,1.1,0.4
simgp_core,straddle,9,405,0.11165658429485129,0.07770111950446967,1.0,0.3333333333333333,0.5,3,0.9230769230769231,0.5384615384615384,0.8461538461538461,0.9615384615384616,0.1,0.3,1.0,1.0,1.1,1.1,0.4
simgp_core,straddle,10,405,0.11561481107397177,0.08293159250136106,1.0,0.0,0.0,2,0.88,0.52,0.8,0.92,0.1,0.3,1.0,1.0,1.1,1.1,0.4
simgp_core,straddle,11,405,0.11454083640786354,0.08362482926056268,1.0,0.0,0.0,2,0.875,0.4583333333333333,0.75,0.9166666666666666,0.1,0.3,1.0,1.0,1.1,1.1,0.4
simgp_core,straddle,12,405,0.08948333850156671,0.056009303594787535,1.0,0.0,0.0,1,0.9565217391304348,0.8695652173913043,0.9565217391304348,0.9565217391304348,0.1,0.3,0.0,0.85,0.9,0.95,0.4
simgp_core,straddle,13,405,0.0836604454089753,0.059377121465506603,1.0,1.0,1.0,0,0.9545454545454546,0.8181818181818182,0.9545454545454546,0.9545454545454546,0.1,0.3,0.0,0.85,0.9,0.95,0.6
simgp_core,straddle,14,405,0.09208153201730382,0.0648072002431458,1.0,1.0,1.0,0,0.9523809523809523,0.8571428571428571,0.9523809523809523,0.9523809523809523,0.1,0.3,0.0,0.85,1.1,0.95,0.6
simgp_core,straddle,15,405,0.10157875970120675,0.07506556761490177,1.0,1.0,1.0,0,0.95,0.8,0.95,0.95,0.1,0.3,0.0,0.85,1.1,1.0,0.6
simgp_core,random,3,406,0.07999167007619638,0.0543678077531639,1.0,1.0,1.0,0,1.0,0.90625,1.0,1.0,0.1,0.3,0.5,1.15,1.1,1.1,0.0
simgp_core_nogp,random,3,406,0.08021386669010738,0.06599925473579223,0.0,1.0,0.0,0,1.0,0.90625,1.0,1.0,,,,,,,
simgp_core_g75,random,3,406,0.06480805777600158,0.04613155216892456,1.0,1.0,1.0,0,1.0,0.71875,0.96875,1.0,,,,,,,
physgp_core,random,3,406,0.1570275419829321,0.12160512749822583,1.0,1.0,1.0,0,0.09375,0.09375,0.09375,0.09375,,,,,,,
physgp_rich,random,3,406,0.1570214933214739,0.1215874638084107,1.0,1.0,1.0,0,0.1875,0.09375,0.15625,0.25,,,,,,,
simgp_rich,random,3,406,0.08021224146729697,0.06640486646609907,0.0,1.0,0.0,0,1.0,0.9375,1.0,1.0,,,,,,,
pinn_rich,random,3,406,0.16879901113233745,0.12985520826738967,1.0,1.0,1.0,0,0.125,0.03125,0.09375,0.125,,,,,,,
mean_of_samples,random,3,406,0.24409275106876482,0.21728456122484294,1.0,1.0,1.0,0,,,,,,,,,,,
nearest_sample,random,3,406,0.24419160837543719,0.19875452549186684,1.0,1.0,1.0,0,,,,,,,,,,,
decay_only,random,3,406,0.15702109168672668,0.12158718707770379,1.0,1.0,1.0,0,,,,,,,,,,,
simgp_core,random,4,406,0.054913505962301136,0.03983409957517605,1.0,1.0,1.0,0,1.0,0.8387096774193549,1.0,1.0,0.1,0.3,0.5,1.15,1.1,1.1,0.0
simgp_core_nogp,random,4,406,0.0595594939856037,0.0472623936115746,1.0,1.0,1.0,0,1.0,0.7741935483870968,1.0,1.0,,,,,,,
simgp_core_g75,random,4,406,0.06772388994823907,0.05089240123777784,1.0,1.0,1.0,0,0.9354838709677419,0.5161290322580645,0.7741935483870968,0.967741935483871,,,,,,,
physgp_core,random,4,406,0.16049411026708685,0.1228734183818065,1.0,1.0,1.0,0,0.16129032258064516,0.03225806451612903,0.12903225806451613,0.16129032258064516,,,,,,,
physgp_rich,random,4,406,0.1625904223081003,0.1246424029963226,1.0,1.0,1.0,0,0.16129032258064516,0.0967741935483871,0.16129032258064516,0.3225806451612903,,,,,,,
simgp_rich,random,4,406,0.07649970144356681,0.05432469652919782,1.0,1.0,1.0,0,1.0,0.7741935483870968,0.9354838709677419,1.0,,,,,,,
mean_of_samples,random,4,406,0.19742109555074758,0.16984850330318496,1.0,1.0,1.0,0,,,,,,,,,,,
nearest_sample,random,4,406,0.1355883610510566,0.1096477274498549,1.0,1.0,1.0,0,,,,,,,,,,,
decay_only,random,4,406,0.16048073235526505,0.12281150632145756,1.0,1.0,1.0,0,,,,,,,,,,,
simgp_core,random,5,406,0.05659493109861907,0.043015552791853845,1.0,1.0,1.0,0,1.0,0.9,1.0,1.0,0.1,0.3,0.5,1.15,1.1,1.1,0.0
simgp_core_nogp,random,5,406,0.05545486240301079,0.04465659192101686,1.0,1.0,1.0,0,1.0,0.8666666666666667,1.0,1.0,,,,,,,
simgp_core_g75,random,5,406,0.06235520652422904,0.04300209950842277,1.0,1.0,1.0,0,0.9666666666666667,0.6333333333333333,0.8666666666666667,1.0,,,,,,,
physgp_core,random,5,406,0.145570845184422,0.10876389676511052,1.0,1.0,1.0,0,0.43333333333333335,0.2,0.26666666666666666,0.4666666666666667,,,,,,,
physgp_rich,random,5,406,0.13745179337406366,0.1098255469742499,1.0,1.0,1.0,0,0.2,0.03333333333333333,0.13333333333333333,0.26666666666666666,,,,,,,
simgp_rich,random,5,406,0.05585880174515103,0.04566492490958012,1.0,1.0,1.0,0,1.0,0.8666666666666667,1.0,1.0,,,,,,,
pinn_rich,random,5,406,0.130956435529036,0.11055401966577436,1.0,1.0,1.0,0,0.13333333333333333,0.06666666666666667,0.13333333333333333,0.2,,,,,,,
mean_of_samples,random,5,406,0.21230757005455456,0.18641398208013768,1.0,1.0,1.0,0,,,,,,,,,,,
nearest_sample,random,5,406,0.13700752252888454,0.1105582682736481,1.0,1.0,1.0,0,,,,,,,,,,,
decay_only,random,5,406,0.14609745675627792,0.11015399731471302,1.0,1.0,1.0,0,,,,,,,,,,,
simgp_core,random,6,406,0.06216623739151622,0.03970870576682173,1.0,1.0,1.0,0,1.0,0.8620689655172413,1.0,1.0,0.1,0.3,0.5,1.15,1.1,1.1,0.0
simgp_core_nogp,random,6,406,0.056232160039753676,0.04562915817894451,1.0,1.0,1.0,0,1.0,0.8620689655172413,1.0,1.0,,,,,,,
simgp_core_g75,random,6,406,0.05008879991176519,0.038719525305209085,1.0,1.0,1.0,0,0.9655172413793104,0.6896551724137931,0.9310344827586207,0.9655172413793104,,,,,,,
physgp_core,random,6,406,0.0924240034496442,0.07370675526187763,1.0,1.0,1.0,0,0.7931034482758621,0.3103448275862069,0.6896551724137931,0.8275862068965517,,,,,,,
physgp_rich,random,6,406,0.12581560833414043,0.09289991046588922,1.0,1.0,1.0,0,0.5517241379310345,0.10344827586206896,0.41379310344827586,0.6896551724137931,,,,,,,
simgp_rich,random,6,406,0.05575656928057763,0.042555343175503815,1.0,1.0,1.0,0,1.0,0.896551724137931,1.0,1.0,,,,,,,
mean_of_samples,random,6,406,0.1997507485614532,0.171225434803937,1.0,1.0,1.0,0,,,,,,,,,,,
nearest_sample,random,6,406,0.12668659389259784,0.09444136822215377,1.0,1.0,1.0,0,,,,,,,,,,,
decay_only,random,6,406,0.1249324268852512,0.08694125101876629,1.0,1.0,1.0,0,,,,,,,,,,,
simgp_core,random,7,406,0.05274449914578845,0.0365302692558126,1.0,1.0,1.0,0,1.0,0.8571428571428571,1.0,1.0,0.1,0.3,0.5,1.15,1.1,1.05,0.0
simgp_core_nogp,random,7,406,0.05307956848395608,0.037320643054385656,1.0,1.0,1.0,0,1.0,0.8571428571428571,1.0,1.0,,,,,,,
simgp_core_g75,random,7,406,0.045861404243546726,0.034271034358926485,1.0,1.0,1.0,0,0.9642857142857143,0.7857142857142857,0.8928571428571429,1.0,,,,,,,
physgp_core,random,7,406,0.08925780709135034,0.07204834490130176,1.0,1.0,1.0,0,0.7857142857142857,0.2857142857142857,0.6428571428571429,0.8571428571428571,,,,,,,
physgp_rich,random,7,406,0.16419279720587188,0.13226804700489012,1.0,1.0,1.0,0,0.4642857142857143,0.14285714285714285,0.35714285714285715,0.5,,,,,,,
simgp_rich,random,7,406,0.05333556816219291,0.037970118157341304,1.0,1.0,1.0,0,1.0,0.8928571428571429,1.0,1.0,,,,,,,
mean_of_samples,random,7,406,0.1781778651966402,0.14057967156328774,1.0,1.0,1.0,0,,,,,,,,,,,
nearest_sample,random,7,406,0.12690320719248463,0.09570152993953802,1.0,1.0,1.0,0,,,,,,,,,,,
decay_only,random,7,406,0.12726698851703794,0.08997748243128648,1.0,1.0,1.0,0,,,,,,,,,,,
simgp_core,random,8,406,0.05102885578112755,0.030074120624403948,1.0,1.0,1.0,0,1.0,0.8148148148148148,1.0,1.0,0.1,0.3,0.5,1.15,1.1,1.05,0.0
simgp_core_nogp,random,8,406,0.054861269248868125,0.03710769497513495,1.0,1.0,1.0,0,1.0,0.7777777777777778,1.0,1.0,,,,,,,
simgp_core_g75,random,8,406,0.04256185692434371,0.02761882500414045,1.0,1.0,1.0,0,0.9629629629629629,0.7037037037037037,0.8888888888888888,1.0,,,,,,,
physgp_core,random,8,406,0.0802758486083521,0.05633813095954222,1.0,1.0,1.0,0,0.7037037037037037,0.4074074074074074,0.5925925925925926,0.7777777777777778,,,,,,,
physgp_rich,random,8,406,0.16324652046768293,0.12924751671201506,1.0,1.0,1.0,0,0.37037037037037035,0.1111111111111111,0.25925925925925924,0.48148148148148145,,,,,,,
simgp_rich,random,8,406,0.05553652691546313,0.038568575067874394,1.0,1.0,1.0,0,1.0,0.8148148148148148,1.0,1.0,,,,,,,
pinn_rich,random,8,406,0.10669542893212773,0.08289502639200312,1.0,1.0,1.0,0,0.18518518518518517,0.07407407407407407,0.18518518518518517,0.2222222222222222,,,,,,,
mean_of_samples,random,8,406,0.17716981321430716,0.13591619989161324,1.0,1.0,1.0,0,,,,,,,,,,,
nearest_sample,random,8,406,0.11717324487522524,0.08323200395492324,1.0,1.0,1.0,0,,,,,,,,,,,
decay_only,random,8,406,0.12652116374268693,0.08500712705119383,1.0,1.0,1.0,0,,,,,,,,,,,
simgp_core,random,9,406,0.04257708702520295,0.031001201079701505,1.0,1.0,1.0,0,1.0,0.9230769230769231,0.9615384615384616,1.0,0.1,0.3,0.0,1.0,1.1,1.0,0.0
simgp_core_nogp,random,9,406,0.037582045195487086,0.027606835158363832,1.0,1.0,1.0,0,1.0,0.9230769230769231,0.9615384615384616,1.0,,,,,,,
simgp_core_g75,random,9,406,0.04185094257972622,0.02793000406803783,1.0,1.0,1.0,0,0.9230769230769231,0.6923076923076923,0.8461538461538461,1.0,,,,,,,
physgp_core,random,9,406,0.08539848784230758,0.06146833877193038,1.0,1.0,1.0,0,0.6538461538461539,0.34615384615384615,0.4230769230769231,0.7307692307692307,,,,,,,
physgp_rich,random,9,406,0.16632855928924553,0.1338607869202046,0.0,1.0,0.0,0,0.4230769230769231,0.11538461538461539,0.2692307692307692,0.5384615384615384,,,,,,,
simgp_rich,random,9,406,0.03702200878923326,0.02622854977227488,1.0,1.0,1.0,0,1.0,0.9230769230769231,1.0,1.0,,,,,,,
mean_of_samples,random,9,406,0.17212943198990924,0.12364230065397207,1.0,1.0,1.0,0,,,,,,,,,,,
nearest_sample,random,9,406,0.11934018075878788,0.08652114507095798,1.0,1.0,1.0,0,,,,,,,,,,,
decay_only,random,9,406,0.12446290389834107,0.08414897344148381,1.0,1.0,1.0,0,,,,,,,,,,,
simgp_core,random,10,406,0.04485328308890136,0.033512534209194283,1.0,1.0,1.0,0,1.0,0.84,0.96,1.0,0.1,0.3,0.0,1.0,1.1,1.0,0.0
simgp_core_nogp,random,10,406,0.03831852346596316,0.028382566980576493,1.0,1.0,1.0,0,1.0,0.92,0.96,1.0,,,,,,,
simgp_core_g75,random,10,406,0.04764791311667537,0.037523734640785254,1.0,1.0,1.0,0,0.88,0.36,0.76,0.96,,,,,,,
physgp_core,random,10,406,0.0855727123056058,0.06467588042532765,1.0,1.0,1.0,0,0.44,0.12,0.28,0.52,,,,,,,
physgp_rich,random,10,406,0.16699908987035506,0.13592598711454806,0.0,1.0,0.0,0,0.36,0.08,0.24,0.44,,,,,,,
simgp_rich,random,10,406,0.048520576572231716,0.03678941282486399,1.0,1.0,1.0,0,1.0,0.84,1.0,1.0,,,,,,,
pinn_rich,random,10,406,0.10775849512360881,0.07878325622924583,1.0,1.0,1.0,0,0.32,0.12,0.24,0.4,,,,,,,
mean_of_samples,random,10,406,0.1743161365802342,0.11976418625840292,1.0,1.0,1.0,0,,,,,,,,,,,
nearest_sample,random,10,406,0.1200129796872747,0.08507225090269768,1.0,1.0,1.0,0,,,,,,,,,,,
decay_only,random,10,406,0.12572902453295448,0.08406948890655343,1.0,1.0,1.0,0,,,,,,,,,,,
simgp_core,random,11,406,0.047160576741654546,0.034083259785698546,1.0,1.0,1.0,0,1.0,0.7916666666666666,0.9583333333333334,1.0,0.1,0.3,0.0,1.0,1.1,1.0,0.0
simgp_core_nogp,random,11,406,0.037923215592387295,0.02796684187346467,1.0,1.0,1.0,0,1.0,0.9166666666666666,0.9583333333333334,1.0,,,,,,,
simgp_core_g75,random,11,406,0.04287300824591333,0.033643927583698975,1.0,1.0,1.0,0,0.9583333333333334,0.375,0.7916666666666666,1.0,,,,,,,
physgp_core,random,11,406,0.08832666065570681,0.059823344198128875,1.0,1.0,1.0,0,0.5416666666666666,0.25,0.4583333333333333,0.5833333333333334,,,,,,,
physgp_rich,random,11,406,0.12012045485695612,0.06820849599814437,1.0,1.0,1.0,0,0.6666666666666666,0.3333333333333333,0.5416666666666666,0.7083333333333334,,,,,,,
simgp_rich,random,11,406,0.049030931408470375,0.0377045478305996,1.0,1.0,1.0,0,1.0,0.8333333333333334,0.9583333333333334,1.0,,,,,,,
mean_of_samples,random,11,406,0.1779707118355357,0.12282985852621973,1.0,1.0,1.0,0,,,,,,,,,,,
nearest_sample,random,11,406,0.12054697613924276,0.08365434473221271,1.0,1.0,1.0,0,,,,,,,,,,,
decay_only,random,11,406,0.12400852646780787,0.07853860277289834,1.0,1.0,1.0,0,,,,,,,,,,,
simgp_core,random,12,406,0.0497348782170928,0.035876837535977944,1.0,1.0,1.0,0,1.0,0.8260869565217391,1.0,1.0,0.1,0.3,0.0,1.0,1.1,1.0,0.0
simgp_core_nogp,random,12,406,0.03840290514966177,0.028348935314213983,1.0,1.0,1.0,0,1.0,0.8260869565217391,0.9565217391304348,1.0,,,,,,,
simgp_core_g75,random,12,406,0.040925281480400394,0.03420605267091266,1.0,1.0,1.0,0,0.8695652173913043,0.391304347826087,0.8695652173913043,0.9565217391304348,,,,,,,
physgp_core,random,12,406,0.08938483208756114,0.06163978382278532,1.0,1.0,1.0,0,0.43478260869565216,0.2608695652173913,0.34782608695652173,0.5652173913043478,,,,,,,
physgp_rich,random,12,406,0.12285338446830113,0.07308501838790918,1.0,1.0,1.0,0,0.6521739130434783,0.2608695652173913,0.5217391304347826,0.7391304347826086,,,,,,,
simgp_rich,random,12,406,0.05017424357152486,0.04002543334677298,1.0,1.0,1.0,0,1.0,0.782608695652174,0.9565217391304348,1.0,,,,,,,
pinn_rich,random,12,406,0.10284149020309431,0.07337364755760359,1.0,1.0,1.0,0,0.34782608695652173,0.17391304347826086,0.30434782608695654,0.43478260869565216,,,,,,,
mean_of_samples,random,12,406,0.1814843744257717,0.1250204403256999,1.0,1.0,1.0,0,,,,,,,,,,,
nearest_sample,random,12,406,0.12421674888250432,0.0889498017577808,1.0,1.0,1.0,0,,,,,,,,,,,
decay_only,random,12,406,0.12496636332334195,0.07651485209977342,1.0,1.0,1.0,0,,,,,,,,,,,
simgp_core,random,13,406,0.048567665751959685,0.03435175067422762,1.0,1.0,1.0,0,1.0,0.8181818181818182,1.0,1.0,0.1,0.3,0.0,1.0,1.1,1.0,0.0
simgp_core_nogp,random,13,406,0.03930763770434025,0.02958366650437625,1.0,1.0,1.0,0,1.0,0.8181818181818182,0.9545454545454546,1.0,,,,,,,
simgp_core_g75,random,13,406,0.03790398187701951,0.030633895988564877,1.0,1.0,1.0,0,0.9545454545454546,0.45454545454545453,0.8181818181818182,0.9545454545454546,,,,,,,
physgp_core,random,13,406,0.08288069015194931,0.05911283068498463,1.0,1.0,1.0,0,0.6363636363636364,0.22727272727272727,0.45454545454545453,0.6363636363636364,,,,,,,
physgp_rich,random,13,406,0.1293987481517852,0.07609654385563455,1.0,1.0,1.0,0,0.7272727272727273,0.3181818181818182,0.6363636363636364,0.8181818181818182,,,,,,,
simgp_rich,random,13,406,0.04932419746317143,0.0386428510352667,1.0,1.0,1.0,0,1.0,0.8181818181818182,0.9545454545454546,1.0,,,,,,,
mean_of_samples,random,13,406,0.18550565917225917,0.12564841872176613,1.0,1.0,1.0,0,,,,,,,,,,,
nearest_sample,random,13,406,0.12639827075212984,0.09034179617157954,1.0,1.0,1.0,0,,,,,,,,,,,
decay_only,random,13,406,0.12739160332391944,0.07807020499629365,1.0,1.0,1.0,0,,,,,,,,,,,
simgp_core,random,14,406,0.04258286976416426,0.0302342874746299,1.0,1.0,1.0,0,1.0,0.8571428571428571,1.0,1.0,0.1,0.3,0.0,1.0,1.1,1.0,0.0
simgp_core_nogp,random,14,406,0.04054019089129151,0.02999373020509938,1.0,1.0,1.0,0,1.0,0.8095238095238095,0.9523809523809523,1.0,,,,,,,
simgp_core_g75,random,14,406,0.03631832951502112,0.029910266799188075,1.0,1.0,1.0,0,0.9523809523809523,0.5238095238095238,0.8095238095238095,0.9523809523809523,,,,,,,
physgp_core,random,14,406,0.08986727502652457,0.06532894980197919,1.0,1.0,1.0,0,0.47619047619047616,0.19047619047619047,0.2857142857142857,0.5238095238095238,,,,,,,
physgp_rich,random,14,406,0.1329776162967222,0.07925071245927295,1.0,1.0,1.0,0,0.6666666666666666,0.2857142857142857,0.5238095238095238,0.7619047619047619,,,,,,,
simgp_rich,random,14,406,0.050817583901989684,0.04189561595779416,1.0,1.0,1.0,0,0.9523809523809523,0.7142857142857143,0.9523809523809523,0.9523809523809523,,,,,,,
mean_of_samples,random,14,406,0.19010680109079633,0.1279954426673784,1.0,1.0,1.0,0,,,,,,,,,,,
nearest_sample,random,14,406,0.1278271997106736,0.0913564497883668,1.0,1.0,1.0,0,,,,,,,,,,,
decay_only,random,14,406,0.12999545902391885,0.0799303998557921,1.0,1.0,1.0,0,,,,,,,,,,,
simgp_core,random,15,406,0.044101569995376705,0.03126781457662311,1.0,1.0,1.0,0,1.0,0.85,1.0,1.0,0.1,0.3,0.0,1.0,1.1,1.0,0.0
simgp_core_nogp,random,15,406,0.041270044808343904,0.031140991459827228,1.0,1.0,1.0,0,1.0,0.8,0.95,1.0,,,,,,,
simgp_core_g75,random,15,406,0.03767997611690439,0.029719002627711388,1.0,1.0,1.0,0,0.9,0.5,0.8,0.95,,,,,,,
physgp_core,random,15,406,0.09162660815035363,0.06906035715022221,1.0,1.0,1.0,0,0.45,0.2,0.3,0.55,,,,,,,
physgp_rich,random,15,406,0.1363746174750523,0.08190402074239415,1.0,1.0,1.0,0,0.65,0.3,0.45,0.75,,,,,,,
simgp_rich,random,15,406,0.039337757529682174,0.028593416176892004,1.0,1.0,1.0,0,1.0,0.9,1.0,1.0,,,,,,,
pinn_rich,random,15,406,0.11818138246716497,0.08944958375770776,1.0,1.0,1.0,0,0.2,0.15,0.2,0.25,,,,,,,
mean_of_samples,random,15,406,0.19515466967630665,0.12820918474932527,1.0,1.0,1.0,0,,,,,,,,,,,
nearest_sample,random,15,406,0.13080750497152258,0.09466759369478753,1.0,1.0,1.0,0,,,,,,,,,,,
decay_only,random,15,406,0.13324397347848466,0.0835494138315412,1.0,1.0,1.0,0,,,,,,,,,,,
simgp_core,uncertainty,3,406,0.11261080092123957,0.09175291611621937,1.0,1.0,1.0,0,1.0,0.8125,0.9375,1.0,0.1,0.1,1.0,1.15,1.1,0.95,0.0
simgp_core,uncertainty,4,406,0.07104191133997345,0.05966829684462319,1.0,1.0,1.0,0,1.0,0.9354838709677419,0.967741935483871,1.0,0.1,0.1,0.5,1.0,1.1,0.9,0.0
simgp_core,uncertainty,5,406,0.058734909829705424,0.04777607955068239,1.0,1.0,1.0,0,1.0,0.9333333333333333,0.9666666666666667,1.0,0.1,0.3,0.0,1.0,1.1,0.95,0.0
simgp_core,uncertainty,6,406,0.057340246649337887,0.04850255123429121,1.0,1.0,1.0,0,1.0,0.9310344827586207,1.0,1.0,0.1,0.3,0.0,1.0,1.1,0.95,0.0
simgp_core,uncertainty,7,406,0.03939128132062058,0.03210780425695571,1.0,1.0,1.0,0,1.0,0.9285714285714286,0.9642857142857143,1.0,0.1,0.3,0.0,1.0,1.1,1.0,0.0
simgp_core,uncertainty,8,406,0.05456498053570538,0.04327858302308112,1.0,1.0,1.0,0,0.9629629629629629,0.6666666666666666,0.9629629629629629,1.0,0.1,0.3,0.0,1.0,1.1,0.95,0.0
simgp_core,uncertainty,9,406,0.06162460311263482,0.05147940427460132,1.0,1.0,1.0,0,0.9615384615384616,0.5384615384615384,0.9615384615384616,1.0,0.1,0.3,0.0,1.0,1.1,0.95,0.0
simgp_core,uncertainty,10,406,0.053787794023379194,0.042969042865826666,1.0,1.0,1.0,0,0.96,0.6,0.96,1.0,0.1,0.3,0.0,1.0,1.1,0.95,0.0
simgp_core,uncertainty,11,406,0.034837717301037,0.028462228016710917,1.0,1.0,1.0,0,1.0,0.9583333333333334,1.0,1.0,0.1,0.3,0.0,1.0,1.1,0.95,0.0
simgp_core,uncertainty,12,406,0.030819243319442982,0.024002550627047023,1.0,1.0,1.0,0,1.0,0.9565217391304348,1.0,1.0,0.1,0.3,0.0,1.0,1.1,0.95,0.0
simgp_core,uncertainty,13,406,0.032832386771461074,0.02614955517625046,1.0,1.0,1.0,0,1.0,0.9545454545454546,1.0,1.0,0.1,0.3,0.0,1.0,1.1,0.95,0.0
simgp_core,uncertainty,14,406,0.038369153927346585,0.03155910039687949,1.0,1.0,1.0,0,1.0,0.8571428571428571,0.9523809523809523,1.0,0.1,0.3,0.0,1.0,1.1,0.95,0.0
simgp_core,uncertainty,15,406,0.03749490839129744,0.030240877517932085,1.0,1.0,1.0,0,1.0,0.8,0.95,1.0,0.1,0.3,0.0,1.0,1.1,0.95,0.0
simgp_core,straddle,3,406,0.0676310622589061,0.05125313730663052,0.0,1.0,0.0,0,1.0,0.96875,1.0,1.0,0.1,0.3,0.0,1.15,1.1,0.95,0.0
simgp_core,straddle,4,406,0.07613434898018348,0.047039488834623375,1.0,1.0,1.0,0,1.0,0.8709677419354839,1.0,1.0,0.1,0.1,1.0,1.0,1.1,0.9,0.0
simgp_core,straddle,5,406,0.05844959439499559,0.04019960810229232,1.0,1.0,1.0,0,1.0,0.8333333333333334,1.0,1.0,0.1,0.1,1.0,1.0,1.1,0.9,0.0
simgp_core,straddle,6,406,0.046617406558050245,0.035380299734951465,1.0,1.0,1.0,0,1.0,0.8275862068965517,1.0,1.0,0.1,0.3,0.0,1.0,1.1,1.0,0.0
simgp_core,straddle,7,406,0.054284770393502484,0.04246765979667998,1.0,1.0,1.0,0,1.0,0.8571428571428571,1.0,1.0,0.1,0.3,0.0,1.0,1.1,1.05,0.0
simgp_core,straddle,8,406,0.04763804427015887,0.035116603248218886,1.0,1.0,1.0,0,1.0,0.8518518518518519,1.0,1.0,0.1,0.3,0.0,1.0,1.1,1.0,0.0
simgp_core,straddle,9,406,0.04308711451368828,0.03062028994424491,1.0,1.0,1.0,0,1.0,0.8846153846153846,1.0,1.0,0.1,0.3,0.0,1.0,1.1,1.0,0.0
simgp_core,straddle,10,406,0.05085041555057139,0.04331332786174687,1.0,1.0,1.0,0,1.0,0.88,1.0,1.0,0.1,0.3,0.0,1.0,1.1,1.0,0.0
simgp_core,straddle,11,406,0.03993547462385192,0.031212161171586716,1.0,1.0,1.0,0,1.0,0.9166666666666666,1.0,1.0,0.1,0.3,0.0,1.0,1.1,1.0,0.0
simgp_core,straddle,12,406,0.03966143259920808,0.03131580319799761,1.0,1.0,1.0,0,1.0,0.9130434782608695,1.0,1.0,0.1,0.3,0.0,1.0,1.1,1.0,0.0
simgp_core,straddle,13,406,0.03846867412572716,0.0288118196091415,1.0,1.0,1.0,0,1.0,0.9090909090909091,1.0,1.0,0.1,0.3,0.0,1.0,1.1,0.95,0.0
simgp_core,straddle,14,406,0.04053195971218482,0.033586398024417596,1.0,1.0,1.0,0,1.0,0.9047619047619048,1.0,1.0,0.1,0.3,0.0,1.0,1.1,0.95,0.0
simgp_core,straddle,15,406,0.04542309546917622,0.03785097784810883,1.0,1.0,1.0,0,1.0,0.8,1.0,1.0,0.1,0.3,0.0,1.0,1.1,0.95,0.0
simgp_core,random,3,407,0.0835571608588374,0.0703454109634293,0.5,0.5,0.5,2,0.96875,0.90625,0.96875,0.96875,0.1,0.3,1.0,1.15,0.9,0.95,0.5
simgp_core_nogp,random,3,407,0.0822182740061058,0.06752793653752974,0.3333333333333333,0.5,0.4,2,0.9375,0.71875,0.90625,0.96875,,,,,,,
simgp_core_g75,random,3,407,0.08672255419605504,0.06322538653384849,1.0,0.5,0.6666666666666666,2,0.96875,0.84375,0.90625,0.96875,,,,,,,
physgp_core,random,3,407,0.24095565897753157,0.13163166997956832,0.0,0.0,0.0,2,0.65625,0.375,0.59375,0.65625,,,,,,,
physgp_rich,random,3,407,0.24476314673803978,0.14871999551496876,1.0,0.0,0.0,2,0.75,0.28125,0.65625,0.75,,,,,,,
simgp_rich,random,3,407,0.08223438650390336,0.06756011456837924,0.3333333333333333,0.5,0.4,2,0.96875,0.875,0.96875,0.96875,,,,,,,
pinn_rich,random,3,407,0.25898414421601035,0.1569381681165899,0.5,0.5,0.5,2,0.1875,0.0625,0.1875,0.28125,,,,,,,
mean_of_samples,random,3,407,0.2659152840472275,0.1566728995177315,1.0,0.0,0.0,2,,,,,,,,,,,
nearest_sample,random,3,407,0.24546716008964262,0.159441849663572,0.125,0.5,0.2,2,,,,,,,,,,,
decay_only,random,3,407,0.24569518950196548,0.1516380084171939,1.0,0.0,0.0,2,,,,,,,,,,,
simgp_core,random,4,407,0.14176423950867784,0.10221149977254117,0.3333333333333333,1.0,0.5,1,0.9354838709677419,0.7096774193548387,0.9032258064516129,0.967741935483871,0.1,1.0,0.0,1.15,1.1,1.05,1.0
simgp_core_nogp,random,4,407,0.11211752633551195,0.09923727829485697,0.125,1.0,0.2222222222222222,1,0.8709677419354839,0.12903225806451613,0.8064516129032258,0.9354838709677419,,,,,,,
simgp_core_g75,random,4,407,0.10511754637039429,0.09427576470187958,0.1111111111111111,1.0,0.19999999999999998,1,1.0,0.7096774193548387,1.0,1.0,,,,,,,
physgp_core,random,4,407,0.3008022762639732,0.1784957464694755,0.0,0.0,0.0,1,0.6774193548387096,0.3548387096774194,0.6774193548387096,0.7096774193548387,,,,,,,
physgp_rich,random,4,407,0.3006795786857187,0.1880582855684488,0.0,0.0,0.0,1,0.6451612903225806,0.25806451612903225,0.6451612903225806,0.6774193548387096,,,,,,,
simgp_rich,random,4,407,0.11157237758026238,0.09804568998978454,0.125,1.0,0.2222222222222222,1,1.0,0.6774193548387096,1.0,1.0,,,,,,,
mean_of_samples,random,4,407,0.2867320945140486,0.17247918510319787,1.0,0.0,0.0,1,,,,,,,,,,,
nearest_sample,random,4,407,0.2536301995020819,0.16886877265904585,0.08333333333333333,1.0,0.15384615384615385,1,,,,,,,,,,,
decay_only,random,4,407,0.3006512595885604,0.18396960377572336,1.0,0.0,0.0,1,,,,,,,,,,,
simgp_core,random,5,407,0.09065039210289948,0.0741851061686491,0.3333333333333333,1.0,0.5,1,0.9666666666666667,0.8333333333333334,0.9666666666666667,1.0,0.1,0.3,1.0,1.15,1.1,0.9,1.0
simgp_core_nogp,random,5,407,0.08884323045384969,0.0764582853014279,0.3333333333333333,1.0,0.5,1,0.9,0.5,0.8,1.0,,,,,,,
simgp_core_g75,random,5,407,0.09050150721820431,0.0783570711749567,0.2,1.0,0.33333333333333337,1,0.9666666666666667,0.8,0.9666666666666667,0.9666666666666667,,,,,,,
physgp_core,random,5,407,0.30500474148483986,0.18195200516523383,0.0,0.0,0.0,1,0.6666666666666666,0.3333333333333333,0.6333333333333333,0.6666666666666666,,,,,,,
physgp_rich,random,5,407,0.3070094461994399,0.18287664800793998,0.0,0.0,0.0,1,0.5666666666666667,0.3,0.4666666666666667,0.5666666666666667,,,,,,,
simgp_rich,random,5,407,0.11019855479088975,0.07644614242865516,0.3333333333333333,1.0,0.5,1,0.9666666666666667,0.7333333333333333,0.9666666666666667,1.0,,,,,,,
pinn_rich,random,5,407,0.2996170415233023,0.19048747675195973,0.3333333333333333,1.0,0.5,1,0.16666666666666666,0.06666666666666667,0.13333333333333333,0.23333333333333334,,,,,,,
mean_of_samples,random,5,407,0.28794026329324246,0.17427436460930082,1.0,0.0,0.0,1,,,,,,,,,,,
nearest_sample,random,5,407,0.2699200676194479,0.1757530019692698,0.1,1.0,0.18181818181818182,1,,,,,,,,,,,
decay_only,random,5,407,0.304443983596062,0.1865709431380454,1.0,0.0,0.0,1,,,,,,,,,,,
simgp_core,random,6,407,0.10196425911205295,0.08459502812023788,0.3333333333333333,1.0,0.5,1,0.9655172413793104,0.8275862068965517,0.9655172413793104,1.0,0.1,0.3,1.0,1.15,1.1,0.9,1.0
simgp_core_nogp,random,6,407,0.10069548301422221,0.08729328071785795,0.3333333333333333,1.0,0.5,1,0.8620689655172413,0.13793103448275862,0.7931034482758621,0.9655172413793104,,,,,,,
simgp_core_g75,random,6,407,0.08883213817195226,0.07562201476826613,0.25,1.0,0.4,1,0.9655172413793104,0.7931034482758621,0.9310344827586207,0.9655172413793104,,,,,,,
physgp_core,random,6,407,0.29921762806725843,0.17073710784349025,0.25,1.0,0.4,1,0.4827586206896552,0.27586206896551724,0.41379310344827586,0.5517241379310345,,,,,,,
physgp_rich,random,6,407,0.3073113629203852,0.18841756449758876,0.3333333333333333,1.0,0.5,1,0.5862068965517241,0.3448275862068966,0.5517241379310345,0.6206896551724138,,,,,,,
simgp_rich,random,6,407,0.11995429010694836,0.09223322686829634,0.5,1.0,0.6666666666666666,1,1.0,0.6551724137931034,0.9655172413793104,1.0,,,,,,,
mean_of_samples,random,6,407,0.3025010503171196,0.19043899901183123,1.0,0.0,0.0,1,,,,,,,,,,,
nearest_sample,random,6,407,0.2747048612060378,0.1826288009467318,0.1111111111111111,1.0,0.19999999999999998,1,,,,,,,,,,,
decay_only,random,6,407,0.3082584255005476,0.20022313459648158,1.0,0.0,0.0,1,,,,,,,,,,,
simgp_core,random,7,407,0.2031930422588168,0.12466480748677192,0.5,1.0,0.6666666666666666,1,0.75,0.6428571428571429,0.7142857142857143,0.7857142857142857,0.1,0.3,1.0,1.15,1.1,0.9,1.0
simgp_core_nogp,random,7,407,0.09836078427998134,0.08103580220068217,0.5,1.0,0.6666666666666666,1,0.8571428571428571,0.5357142857142857,0.7857142857142857,0.9642857142857143,,,,,,,
simgp_core_g75,random,7,407,0.2178607237480939,0.135356812538943,0.3333333333333333,1.0,0.5,1,0.75,0.5,0.6428571428571429,0.7857142857142857,,,,,,,
physgp_core,random,7,407,0.3025646606142539,0.182885549143385,0.25,1.0,0.4,1,0.42857142857142855,0.21428571428571427,0.35714285714285715,0.6071428571428571,,,,,,,
physgp_rich,random,7,407,0.3162068781917084,0.19096804257031502,0.25,1.0,0.4,1,0.5357142857142857,0.2857142857142857,0.39285714285714285,0.5714285714285714,,,,,,,
simgp_rich,random,7,407,0.14531171550384717,0.0999036413658816,0.5,1.0,0.6666666666666666,1,0.9285714285714286,0.6428571428571429,0.8571428571428571,0.9642857142857143,,,,,,,
mean_of_samples,random,7,407,0.29787624862762885,0.18222512273252006,1.0,0.0,0.0,1,,,,,,,,,,,
nearest_sample,random,7,407,0.2599332739615562,0.16676779083014712,0.14285714285714285,1.0,0.25,1,,,,,,,,,,,
decay_only,random,7,407,0.30864983529086,0.19411057909510981,1.0,0.0,0.0,1,,,,,,,,,,,
simgp_core,random,8,407,0.08700271354954964,0.05350826340318067,0.5,1.0,0.6666666666666666,1,0.9629629629629629,0.8888888888888888,0.9629629629629629,0.9629629629629629,0.1,0.6,0.5,1.15,1.1,1.1,1.0
simgp_core_nogp,random,8,407,0.08782069430359525,0.06765936899769857,0.5,1.0,0.6666666666666666,1,0.9259259259259259,0.7407407407407407,0.8888888888888888,0.9629629629629629,,,,,,,
simgp_core_g75,random,8,407,0.08521582054173149,0.05318586866014591,0.3333333333333333,1.0,0.5,1,0.9629629629629629,0.8148148148148148,0.9259259259259259,0.9629629629629629,,,,,,,
physgp_core,random,8,407,0.16837908309491204,0.10211196909722874,0.3333333333333333,1.0,0.5,1,0.6296296296296297,0.2222222222222222,0.48148148148148145,0.7037037037037037,,,,,,,
physgp_rich,random,8,407,0.2335123062338306,0.15089952006986845,0.3333333333333333,1.0,0.5,1,0.6296296296296297,0.2962962962962963,0.5185185185185185,0.7777777777777778,,,,,,,
simgp_rich,random,8,407,0.0828298815067004,0.05505837572370562,0.5,1.0,0.6666666666666666,1,0.9629629629629629,0.8888888888888888,0.9629629629629629,0.9629629629629629,,,,,,,
pinn_rich,random,8,407,0.17424066626299636,0.1185902228059501,1.0,1.0,1.0,1,0.3333333333333333,0.2222222222222222,0.25925925925925924,0.4074074074074074,,,,,,,
mean_of_samples,random,8,407,0.26239484055198997,0.1517975364902212,1.0,0.0,0.0,1,,,,,,,,,,,
nearest_sample,random,8,407,0.2002775717930812,0.12945894971637564,0.14285714285714285,1.0,0.25,1,,,,,,,,,,,
decay_only,random,8,407,0.2501766750904846,0.1532390410350033,1.0,0.0,0.0,1,,,,,,,,,,,
simgp_core,random,9,407,0.08485447711369022,0.05055461578883402,0.5,1.0,0.6666666666666666,1,0.9615384615384616,0.8461538461538461,0.9615384615384616,0.9615384615384616,0.1,0.6,0.5,1.15,1.1,1.1,1.0
simgp_core_nogp,random,9,407,0.0815152462570502,0.0603128960618501,0.5,1.0,0.6666666666666666,1,0.9615384615384616,0.7692307692307693,0.9230769230769231,0.9615384615384616,,,,,,,
simgp_core_g75,random,9,407,0.08122589136677454,0.04532265297661497,0.3333333333333333,1.0,0.5,1,0.9230769230769231,0.6923076923076923,0.8846153846153846,0.9615384615384616,,,,,,,
physgp_core,random,9,407,0.11660662291705616,0.08670619005101844,0.5,1.0,0.6666666666666666,1,0.23076923076923078,0.15384615384615385,0.19230769230769232,0.2692307692307692,,,,,,,
physgp_rich,random,9,407,0.18150636814029145,0.09865515449113499,0.25,1.0,0.4,1,0.8076923076923077,0.46153846153846156,0.7307692307692307,0.8461538461538461,,,,,,,
simgp_rich,random,9,407,0.07938202392683097,0.049604746160763366,0.5,1.0,0.6666666666666666,1,0.9615384615384616,0.8846153846153846,0.9615384615384616,0.9615384615384616,,,,,,,
mean_of_samples,random,9,407,0.22698476413760943,0.15413276824669128,1.0,0.0,0.0,1,,,,,,,,,,,
nearest_sample,random,9,407,0.20083637288492082,0.1403378012335032,0.14285714285714285,1.0,0.25,1,,,,,,,,,,,
decay_only,random,9,407,0.19739093204524744,0.12116635867609295,1.0,0.0,0.0,1,,,,,,,,,,,
simgp_core,random,10,407,0.08764242627001168,0.05204349214600005,0.5,1.0,0.6666666666666666,1,0.96,0.8,0.96,0.96,0.1,0.6,0.5,1.15,1.1,1.1,1.0
simgp_core_nogp,random,10,407,0.08398802137547699,0.06126552376218531,0.5,1.0,0.6666666666666666,1,0.96,0.76,0.92,0.96,,,,,,,
simgp_core_g75,random,10,407,0.08356353351770755,0.045364863546036666,0.3333333333333333,1.0,0.5,1,0.92,0.64,0.84,0.96,,,,,,,
physgp_core,random,10,407,0.10748145348603745,0.0767588384671827,0.5,1.0,0.6666666666666666,1,0.44,0.16,0.4,0.44,,,,,,,
physgp_rich,random,10,407,0.213148987232363,0.1301350455835957,0.3333333333333333,1.0,0.5,1,0.72,0.44,0.64,0.84,,,,,,,
simgp_rich,random,10,407,0.09442975280649314,0.07239098451183903,0.25,1.0,0.4,1,0.96,0.68,0.92,1.0,,,,,,,
pinn_rich,random,10,407,0.15832402719695463,0.11182140274107741,1.0,1.0,1.0,1,0.36,0.08,0.28,0.44,,,,,,,
mean_of_samples,random,10,407,0.2318448283085618,0.1528147422883015,1.0,0.0,0.0,1,,,,,,,,,,,
nearest_sample,random,10,407,0.20139655491541072,0.13696531644066975,0.25,1.0,0.4,1,,,,,,,,,,,
decay_only,random,10,407,0.2004700545952654,0.12284093270554769,1.0,0.0,0.0,1,,,,,,,,,,,
simgp_core,random,11,407,0.115354306222134,0.0632055089466534,0.5,1.0,0.6666666666666666,1,0.9583333333333334,0.7083333333333334,0.9166666666666666,0.9583333333333334,0.1,0.6,0.5,1.15,1.0,1.1,1.0
simgp_core_nogp,random,11,407,0.08433028552097936,0.05750037665292742,0.5,1.0,0.6666666666666666,1,0.9583333333333334,0.8333333333333334,0.9166666666666666,0.9583333333333334,,,,,,,
simgp_core_g75,random,11,407,0.09403454505279689,0.05832637215188465,0.3333333333333333,1.0,0.5,1,0.75,0.5,0.75,0.875,,,,,,,
physgp_core,random,11,407,0.10671454773159657,0.07477442056034309,0.5,1.0,0.6666666666666666,1,0.5416666666666666,0.25,0.4583333333333333,0.7916666666666666,,,,,,,
physgp_rich,random,11,407,0.17260885213487326,0.08658232815065181,0.5,1.0,0.6666666666666666,1,0.9583333333333334,0.5416666666666666,0.9166666666666666,0.9583333333333334,,,,,,,
simgp_rich,random,11,407,0.08748550822617769,0.05289669202757034,0.5,1.0,0.6666666666666666,1,0.9583333333333334,0.8333333333333334,0.9583333333333334,0.9583333333333334,,,,,,,
mean_of_samples,random,11,407,0.2282249541515668,0.16386492828073554,1.0,0.0,0.0,1,,,,,,,,,,,
nearest_sample,random,11,407,0.19314315639298985,0.12592022910884867,0.25,1.0,0.4,1,,,,,,,,,,,
decay_only,random,11,407,0.18790130651600445,0.11770959708798556,1.0,0.0,0.0,1,,,,,,,,,,,
simgp_core,random,12,407,0.09895030656869061,0.06022808198538574,0.3333333333333333,1.0,0.5,1,0.9130434782608695,0.7391304347826086,0.9130434782608695,0.9565217391304348,0.1,0.6,0.5,1.15,1.0,1.1,1.0
simgp_core_nogp,random,12,407,0.08702481628203156,0.05839329901344187,0.5,1.0,0.6666666666666666,1,0.9565217391304348,0.782608695652174,0.9130434782608695,0.9565217391304348,,,,,,,
simgp_core_g75,random,12,407,0.09021582142170465,0.05528222639537729,0.3333333333333333,1.0,0.5,1,0.782608695652174,0.4782608695652174,0.782608695652174,0.8695652173913043,,,,,,,
physgp_core,random,12,407,0.09948512827068283,0.0691652272810415,0.3333333333333333,1.0,0.5,1,0.6521739130434783,0.2608695652173913,0.6086956521739131,0.7391304347826086,,,,,,,
physgp_rich,random,12,407,0.17480688743525796,0.08705976656638549,0.5,1.0,0.6666666666666666,1,0.9130434782608695,0.5217391304347826,0.8695652173913043,0.9565217391304348,,,,,,,
simgp_rich,random,12,407,0.09017601059962847,0.05518330473668806,0.5,1.0,0.6666666666666666,1,0.9565217391304348,0.8260869565217391,0.9565217391304348,0.9565217391304348,,,,,,,
pinn_rich,random,12,407,0.1485207582577765,0.10341842344007836,1.0,1.0,1.0,1,0.391304347826087,0.17391304347826086,0.2608695652173913,0.43478260869565216,,,,,,,
mean_of_samples,random,12,407,0.2320862901983147,0.1642359219344469,1.0,0.0,0.0,1,,,,,,,,,,,
nearest_sample,random,12,407,0.19666446152564077,0.12874051658376395,0.25,1.0,0.4,1,,,,,,,,,,,
decay_only,random,12,407,0.19091053000184122,0.11820431187997181,1.0,0.0,0.0,1,,,,,,,,,,,
simgp_core,random,13,407,0.09853022171798942,0.06415421303830886,0.0,1.0,0.0,0,0.9545454545454546,0.8181818181818182,0.9090909090909091,0.9545454545454546,0.1,0.6,0.5,1.15,1.0,1.1,1.0
simgp_core_nogp,random,13,407,0.08621134072748274,0.05559341447097323,1.0,1.0,1.0,0,0.9545454545454546,0.8181818181818182,0.9545454545454546,0.9545454545454546,,,,,,,
simgp_core_g75,random,13,407,0.11330954019674563,0.07626423220469335,0.0,1.0,0.0,0,0.8181818181818182,0.22727272727272727,0.6818181818181818,0.9090909090909091,,,,,,,
physgp_core,random,13,407,0.10852068305613165,0.07222839835263413,0.0,1.0,0.0,0,0.8636363636363636,0.45454545454545453,0.8181818181818182,0.9545454545454546,,,,,,,
physgp_rich,random,13,407,0.17351162128236064,0.08210868267200162,0.0,1.0,0.0,0,0.8636363636363636,0.6818181818181818,0.8636363636363636,0.9090909090909091,,,,,,,
simgp_rich,random,13,407,0.10010884802613107,0.061677265785832054,0.0,1.0,0.0,0,0.9545454545454546,0.8181818181818182,0.9545454545454546,0.9545454545454546,,,,,,,
mean_of_samples,random,13,407,0.2325787022766395,0.15360946811399473,1.0,1.0,1.0,0,,,,,,,,,,,
nearest_sample,random,13,407,0.20106393361395655,0.13398011906635376,0.0,1.0,0.0,0,,,,,,,,,,,
decay_only,random,13,407,0.1946270085611098,0.12304972456423599,1.0,1.0,1.0,0,,,,,,,,,,,
simgp_core,random,14,407,0.10159505406011715,0.0672968705662244,0.0,1.0,0.0,0,0.9523809523809523,0.8095238095238095,0.9047619047619048,0.9523809523809523,0.1,0.6,0.5,1.15,1.0,1.1,1.0
simgp_core_nogp,random,14,407,0.08988202014145284,0.05693063627475575,1.0,1.0,1.0,0,0.9523809523809523,0.7142857142857143,0.9523809523809523,0.9523809523809523,,,,,,,
simgp_core_g75,random,14,407,0.0819131042161229,0.0515901427148368,0.0,1.0,0.0,0,0.9047619047619048,0.7142857142857143,0.8571428571428571,0.9047619047619048,,,,,,,
physgp_core,random,14,407,0.10438313470564961,0.06436646036643867,0.0,1.0,0.0,0,0.9047619047619048,0.5238095238095238,0.8095238095238095,0.9523809523809523,,,,,,,
physgp_rich,random,14,407,0.17852476703414522,0.08574128083391501,0.0,1.0,0.0,0,0.9047619047619048,0.6190476190476191,0.8571428571428571,0.9523809523809523,,,,,,,
simgp_rich,random,14,407,0.09062341175105953,0.05754727291565559,0.0,1.0,0.0,0,0.9523809523809523,0.8571428571428571,0.9523809523809523,0.9523809523809523,,,,,,,
mean_of_samples,random,14,407,0.23795665792526297,0.15550800530670067,1.0,1.0,1.0,0,,,,,,,,,,,
nearest_sample,random,14,407,0.17558027912273222,0.11713790947291855,0.0,1.0,0.0,0,,,,,,,,,,,
decay_only,random,14,407,0.19841861955039825,0.125127494302186,1.0,1.0,1.0,0,,,,,,,,,,,
simgp_core,random,15,407,0.12279082609491125,0.0693079597266549,0.0,1.0,0.0,0,0.95,0.8,0.9,0.95,0.1,0.3,0.5,1.0,1.0,1.0,1.0
simgp_core_nogp,random,15,407,0.08847825845069254,0.051674899363837325,1.0,1.0,1.0,0,0.95,0.8,0.95,0.95,,,,,,,
simgp_core_g75,random,15,407,0.09852732674476387,0.05041734991958553,0.0,1.0,0.0,0,0.9,0.7,0.85,0.9,,,,,,,
physgp_core,random,15,407,0.11226157551172453,0.06766801223584765,0.0,1.0,0.0,0,0.8,0.45,0.75,0.8,,,,,,,
physgp_rich,random,15,407,0.17323891688000012,0.08090809322256094,0.0,1.0,0.0,0,0.9,0.6,0.85,0.95,,,,,,,
simgp_rich,random,15,407,0.08717796523693201,0.05244141870089679,0.0,1.0,0.0,0,0.95,0.9,0.95,0.95,,,,,,,
pinn_rich,random,15,407,0.18224956845618798,0.1243023629796927,1.0,1.0,1.0,0,0.4,0.2,0.25,0.4,,,,,,,
mean_of_samples,random,15,407,0.23676114863304132,0.160012241535185,1.0,1.0,1.0,0,,,,,,,,,,,
nearest_sample,random,15,407,0.162604204756988,0.11086792285529863,0.0,1.0,0.0,0,,,,,,,,,,,
decay_only,random,15,407,0.1960537200463631,0.12433989433820969,1.0,1.0,1.0,0,,,,,,,,,,,
simgp_core,uncertainty,3,407,0.0956112246177145,0.08485589633402976,0.16666666666666666,0.5,0.25,2,0.96875,0.375,0.96875,0.96875,0.1,0.6,0.5,1.15,0.9,1.0,0.5
simgp_core,uncertainty,4,407,0.1563966239929832,0.09963917644938881,0.25,0.5,0.3333333333333333,2,0.7741935483870968,0.6451612903225806,0.7096774193548387,0.7741935483870968,0.1,0.6,0.0,1.0,1.1,0.9,0.5
simgp_core,uncertainty,5,407,0.14587978396562357,0.09227671975389536,0.5,0.5,0.5,2,0.7333333333333333,0.6333333333333333,0.7,0.7666666666666667,0.1,0.6,0.0,1.0,1.1,0.9,0.5
simgp_core,uncertainty,6,407,0.15824273069151562,0.10036079338558021,0.5,0.5,0.5,2,0.6896551724137931,0.6206896551724138,0.6896551724137931,0.7241379310344828,0.1,0.3,0.5,1.0,1.0,0.9,0.5
simgp_core,uncertainty,7,407,0.14912796499984082,0.09729655615394239,1.0,0.0,0.0,2,0.7142857142857143,0.6428571428571429,0.6785714285714286,0.75,0.1,0.3,0.5,1.0,1.1,0.9,0.0
simgp_core,uncertainty,8,407,0.14929897891567034,0.09746915788159542,1.0,0.0,0.0,2,0.7037037037037037,0.6296296296296297,0.6666666666666666,0.7407407407407407,0.1,0.3,0.5,1.0,1.1,0.9,0.0
simgp_core,uncertainty,9,407,0.11587208425325049,0.09761725041169027,0.14285714285714285,1.0,0.25,1,0.8461538461538461,0.6538461538461539,0.8076923076923077,0.9230769230769231,0.1,0.3,0.5,1.0,1.1,0.9,1.0
simgp_core,uncertainty,10,407,0.1992555418322995,0.11901315460973166,0.0,0.0,0.0,1,0.72,0.64,0.68,0.72,0.1,0.3,0.5,1.0,1.1,0.9,0.5
simgp_core,uncertainty,11,407,0.20931933298048583,0.12835118776111507,0.0,0.0,0.0,1,0.6666666666666666,0.625,0.625,0.7083333333333334,0.1,0.3,0.5,1.0,1.1,0.9,0.5
simgp_core,uncertainty,12,407,0.1195956410998205,0.06960947429156772,0.0,0.0,0.0,1,0.8695652173913043,0.6521739130434783,0.8260869565217391,0.9130434782608695,0.1,0.3,0.5,1.0,1.1,0.9,0.5
simgp_core,uncertainty,13,407,0.1258824612328044,0.07537833511806333,0.0,0.0,0.0,1,0.8636363636363636,0.6363636363636364,0.6818181818181818,0.8636363636363636,0.1,0.3,0.5,1.0,1.1,0.9,0.5
simgp_core,uncertainty,14,407,0.1273434479794372,0.07559115889345179,0.0,0.0,0.0,1,0.8571428571428571,0.6190476190476191,0.6190476190476191,0.8571428571428571,0.1,0.3,0.5,1.0,1.1,0.9,0.5
simgp_core,uncertainty,15,407,0.084057561700537,0.05911614123268394,1.0,1.0,1.0,1,0.95,0.95,0.95,0.95,0.1,0.3,0.5,1.0,1.1,0.9,1.0
simgp_core,straddle,3,407,0.0812709476068752,0.06784593109402409,0.3333333333333333,0.5,0.4,2,0.96875,0.84375,0.96875,0.96875,0.1,0.3,1.0,1.15,1.0,0.9,0.5
simgp_core,straddle,4,407,0.09726408795985451,0.07480058584783315,0.25,0.5,0.3333333333333333,2,0.967741935483871,0.6129032258064516,0.9354838709677419,1.0,0.1,0.6,0.5,1.15,1.0,1.0,0.5
simgp_core,straddle,5,407,0.09435020805285539,0.08233193166992095,0.2,0.5,0.28571428571428575,2,0.8666666666666667,0.13333333333333333,0.8333333333333334,0.9666666666666667,0.1,0.3,1.0,1.0,1.1,0.95,0.5
simgp_core,straddle,6,407,0.11776079471319831,0.0856629699803725,0.5,0.5,0.5,2,0.8620689655172413,0.6896551724137931,0.7241379310344828,0.896551724137931,0.1,0.3,0.5,1.0,1.1,0.9,0.5
simgp_core,straddle,7,407,0.09357054354391672,0.07840889121199372,0.5,0.5,0.5,2,0.9642857142857143,0.5357142857142857,0.9285714285714286,0.9642857142857143,0.1,0.3,0.5,1.0,1.1,0.9,0.5
simgp_core,straddle,8,407,0.1362215070667854,0.10068575300443093,1.0,0.5,0.6666666666666666,2,0.7407407407407407,0.4444444444444444,0.6666666666666666,0.7777777777777778,0.1,0.3,0.5,1.0,1.1,0.9,0.5
simgp_core,straddle,9,407,0.1400559277225658,0.10300065589564607,1.0,0.5,0.6666666666666666,2,0.7307692307692307,0.5769230769230769,0.6923076923076923,0.7692307692307693,0.1,0.3,0.5,1.0,1.1,0.9,0.5
simgp_core,straddle,10,407,0.14246894198979435,0.10358626007773138,1.0,0.5,0.6666666666666666,2,0.76,0.56,0.72,0.76,0.1,0.3,0.5,1.0,1.1,0.9,0.5
simgp_core,straddle,11,407,0.1575415417164841,0.10876035680840447,1.0,0.5,0.6666666666666666,2,0.6666666666666666,0.5416666666666666,0.6666666666666666,0.6666666666666666,0.1,0.3,0.5,1.0,1.1,0.9,0.5
simgp_core,straddle,12,407,0.1451189079307753,0.09449796386308332,1.0,0.5,0.6666666666666666,2,0.6521739130434783,0.5652173913043478,0.6086956521739131,0.6521739130434783,0.1,0.3,0.5,1.0,1.1,0.9,0.5
simgp_core,straddle,13,407,0.13452780490316987,0.09163640944686641,1.0,0.0,0.0,1,0.5909090909090909,0.5454545454545454,0.5909090909090909,0.6818181818181818,0.1,0.3,0.5,1.0,0.9,0.95,0.5
simgp_core,straddle,14,407,0.14010546238670943,0.09647847456772173,1.0,0.0,0.0,1,0.5714285714285714,0.5238095238095238,0.5714285714285714,0.6190476190476191,0.1,0.3,0.5,1.0,0.9,0.95,0.5
simgp_core,straddle,15,407,0.14384190629600907,0.10105964884376832,1.0,0.0,0.0,1,0.55,0.5,0.5,0.6,0.1,0.3,0.5,1.0,0.9,0.95,0.5
