model,strategy,n,seed,rmse_min,precision_min,recall_min,f1_min,n_true_viol_min,coverage90_min,mae_min,bias_min,tp_min,fp_min,coverage50_min,coverage80_min,coverage95_min,rmse_night,recall_night,coverage90_night,map_kb,map_kw,map_gamma,map_demand,map_rough,map_dose,truth
simgp24_lowkb,random,3,400,0.0541628,0.833333,0.9375,0.882353,16,1,0.0380783,-0.0304827,15,3,0.75,0.96875,1,0.083702,0.6,1,0.25,0.3,0.5,1.15,0.9,1.1,first_order
simgp24_lowkb,random,4,400,0.059215,0.666667,0.933333,0.777778,15,1,0.0431152,-0.0337586,14,7,0.645161,0.870968,1,0.102661,0.75,1,0.25,0.1,1,0.85,1.1,1.05,first_order
simgp24_lowkb,random,5,400,0.0463505,0.8125,0.928571,0.866667,14,1,0.0327815,-0.0173597,13,3,0.7,0.933333,1,0.0723646,0.75,1,0.1,0.3,0,0.85,1,0.95,first_order
simgp24_lowkb,random,6,400,0.0631611,0.666667,0.923077,0.774194,13,0.965517,0.0467379,-0.0363922,12,6,0.586207,0.862069,1,0.0976874,0.75,1,0.1,0.3,0.5,0.85,1,1.1,first_order
simgp24_lowkb,random,7,400,0.067241,0.6875,0.916667,0.785714,12,0.892857,0.0485707,-0.0326374,11,5,0.464286,0.785714,0.964286,0.111748,0.75,0.964286,0.1,0.3,0.5,0.85,0.9,1.1,first_order
simgp24_lowkb,random,8,400,0.064749,0.769231,0.909091,0.833333,11,0.888889,0.0478714,-0.0295661,10,3,0.481481,0.777778,1,0.102956,0.333333,0.962963,0.1,0.3,0.5,0.85,0.9,1.1,first_order
simgp24_lowkb,random,9,400,0.0671747,0.833333,0.909091,0.869565,11,0.884615,0.0504663,-0.0315478,10,2,0.461538,0.769231,0.923077,0.107595,0.333333,0.961538,0.1,0.3,0,0.85,0.9,0.95,first_order
simgp24_lowkb,random,10,400,0.0818875,0.692308,0.9,0.782609,10,0.84,0.0601916,-0.0455773,9,4,0.48,0.68,0.92,0.114612,1,1,0.1,0.3,0.5,1,0.9,0.95,first_order
simgp24_lowkb,random,11,400,0.0580911,0.692308,0.9,0.782609,10,0.916667,0.0433835,-0.0273645,9,4,0.583333,0.791667,1,0.103992,1,1,0.1,0.3,0.5,1,0.9,1,first_order
simgp24_lowkb,random,12,400,0.0450244,0.727273,0.888889,0.8,9,0.956522,0.0353987,-0.000778675,8,3,0.695652,0.826087,1,0.110432,0.333333,1,0.1,0.1,1,0.85,0.9,0.9,first_order
simgp24_lowkb,random,13,400,0.0452453,0.8,0.888889,0.842105,9,0.954545,0.0328322,-0.00941124,8,2,0.727273,0.818182,1,0.102165,0.333333,1,0.1,0.1,1,0.85,1.1,0.9,first_order
simgp24_lowkb,random,14,400,0.0489817,0.727273,0.888889,0.8,9,0.857143,0.0374258,-0.0147043,8,3,0.666667,0.809524,0.952381,0.106653,0.333333,1,0.1,0.1,1,0.85,0.9,0.9,first_order
simgp24_lowkb,random,15,400,0.0478561,0.75,0.75,0.75,8,0.9,0.0387189,-0.00156302,6,2,0.7,0.8,1,0.110304,0.333333,1,0.1,0.1,1,0.85,0.9,0.9,first_order
simgp24_lowkb,uncertainty,3,400,0.0541628,0.833333,0.9375,0.882353,16,1,0.0380783,-0.0304827,15,3,0.75,0.96875,1,0.083702,0.6,1,0.25,0.3,0.5,1.15,0.9,1.1,first_order
simgp24_lowkb,uncertainty,4,400,0.0439594,0.933333,0.933333,0.933333,15,1,0.029366,-0.0159264,14,1,0.774194,1,1,0.071926,0.8,1,0.25,0.1,1,1,1.1,0.95,first_order
simgp24_lowkb,uncertainty,5,400,0.0670353,0.722222,0.928571,0.8125,14,0.966667,0.0478263,-0.0396351,13,5,0.666667,0.9,0.966667,0.10506,0.8,0.966667,0.25,0.1,1,1,1.1,0.95,first_order
simgp24_lowkb,uncertainty,6,400,0.0655616,1,0.692308,0.818182,13,1,0.0523714,0.0325856,9,0,0.586207,1,1,0.165287,0.25,1,0.1,0.1,1,1,1.1,0.9,first_order
simgp24_lowkb,uncertainty,7,400,0.0521523,1,0.833333,0.909091,12,1,0.0384381,-0.0121088,10,0,0.821429,1,1,0.0709247,0.5,1,0.1,0.3,0.5,1,1.1,1.1,first_order
simgp24_lowkb,uncertainty,8,400,0.0636499,0.9,0.818182,0.857143,11,1,0.046803,-0.0116244,9,1,0.703704,1,1,0.0902418,0.5,1,0.1,0.3,0.5,1,1.1,1.1,first_order
simgp24_lowkb,uncertainty,9,400,0.0733542,0.9,0.9,0.9,10,1,0.0511918,-0.0229215,9,1,0.653846,1,1,0.106434,0.333333,1,0.025,0.3,1,1,0.9,1.1,first_order
simgp24_lowkb,uncertainty,10,400,0.075402,0.8,0.888889,0.842105,9,1,0.0530352,-0.0243162,8,2,0.6,0.96,1,0.10749,0.333333,1,0.025,0.3,1,1,1.1,1.1,first_order
simgp24_lowkb,uncertainty,11,400,0.0708539,0.875,0.875,0.875,8,1,0.0520689,-0.0166984,7,1,0.625,1,1,0.0954828,0.333333,1,0.1,0.3,0.5,1,1.1,1.1,first_order
simgp24_lowkb,uncertainty,12,400,0.0732261,0.857143,0.857143,0.857143,7,1,0.0539767,-0.0178928,6,1,0.608696,0.913043,1,0.0982496,0.333333,1,0.1,0.3,0.5,1,1.1,1.1,first_order
simgp24_lowkb,uncertainty,13,400,0.0657571,0.833333,0.833333,0.833333,6,1,0.0508116,-0.0215647,5,1,0.681818,1,1,0.0841159,0.333333,0.954545,0.1,0.3,0.5,1,1.1,1.1,first_order
simgp24_lowkb,uncertainty,14,400,0.127727,0.4,0.8,0.533333,5,1,0.0893169,-0.0736053,4,6,0.47619,0.809524,1,0.090254,0.5,1,0.05,0.3,0.5,1,1.1,1.05,first_order
simgp24_lowkb,uncertainty,15,400,0.12756,0.666667,0.8,0.727273,5,1,0.0837899,-0.0646643,4,2,0.6,1,1,0.0793879,0.5,1,0.05,0.3,0.5,1,1.1,1.05,first_order
simgp24_lowkb,straddle,3,400,0.0541628,0.833333,0.9375,0.882353,16,1,0.0380783,-0.0304827,15,3,0.75,0.96875,1,0.083702,0.6,1,0.25,0.3,0.5,1.15,0.9,1.1,first_order
simgp24_lowkb,straddle,4,400,0.0480159,1,0.933333,0.965517,15,1,0.0323533,-0.0139238,14,0,0.741935,1,1,0.0721232,0.8,1,0.25,0.1,1,0.85,1.1,1.1,first_order
simgp24_lowkb,straddle,5,400,0.0691545,0.722222,0.928571,0.8125,14,0.933333,0.0464433,-0.0343516,13,5,0.6,0.833333,1,0.0954777,0.8,1,0.1,0.3,0,1,1,0.9,first_order
simgp24_lowkb,straddle,6,400,0.0640813,0.705882,0.923077,0.8,13,0.862069,0.0454198,-0.0283107,12,5,0.517241,0.758621,0.862069,0.117389,0.75,0.896552,0.1,0.3,0.5,1,0.9,0.95,first_order
simgp24_lowkb,straddle,7,400,0.0609054,0.846154,0.916667,0.88,12,0.964286,0.0447811,-0.015559,11,2,0.714286,0.964286,1,0.118651,0.333333,0.964286,0.025,0.3,0.5,1,0.9,0.9,first_order
simgp24_lowkb,straddle,8,400,0.127789,0.555556,0.909091,0.689655,11,0.814815,0.083317,-0.0756251,10,8,0.518519,0.777778,0.925926,0.126503,0.666667,1,0.0125,0.6,0,1,0.9,1.05,first_order
simgp24_lowkb,straddle,9,400,0.0640811,0.818182,0.9,0.857143,10,1,0.0483165,-0.028717,9,2,0.653846,1,1,0.116733,0.5,1,0.0125,0.6,0,1,0.9,1.1,first_order
simgp24_lowkb,straddle,10,400,0.0644716,1,0.777778,0.875,9,0.96,0.0502601,-0.0125255,7,0,0.68,0.96,1,0.122638,0.5,1,0.0125,0.3,0.5,1,0.9,0.95,first_order
simgp24_lowkb,straddle,11,400,0.10512,0.538462,0.875,0.666667,8,1,0.0738318,-0.0640392,7,6,0.75,1,1,0.109357,1,1,0.05,0.3,0,0.85,0.9,0.9,first_order
simgp24_lowkb,straddle,12,400,0.107756,0.5,0.857143,0.631579,7,1,0.0768985,-0.0652244,6,6,0.695652,1,1,0.10659,1,1,0.05,0.3,0,0.85,0.9,0.9,first_order
simgp24_lowkb,straddle,13,400,0.10474,0.416667,0.833333,0.555556,6,1,0.0729199,-0.0651326,5,7,0.818182,1,1,0.0668351,1,1,0.25,0.1,0,0.85,0.9,0.9,first_order
simgp24_lowkb,straddle,14,400,0.195309,0.307692,0.8,0.444444,5,0.904762,0.136658,-0.13357,4,9,0.285714,0.809524,1,0.127388,0,1,0.25,0.1,0,0.85,0.9,0.9,first_order
simgp24_lowkb,straddle,15,400,0.222379,0.285714,1,0.444444,4,0.8,0.164289,-0.164289,4,10,0.1,0.45,0.9,0.0937765,1,1,0.25,0.1,0,0.85,0.9,0.9,first_order
simgp24_lowkb,straddle_min,3,400,0.0541628,0.833333,0.9375,0.882353,16,1,0.0380783,-0.0304827,15,3,0.75,0.96875,1,0.083702,0.6,1,0.25,0.3,0.5,1.15,0.9,1.1,first_order
simgp24_lowkb,straddle_min,4,400,0.0450639,0.875,0.933333,0.903226,15,1,0.0312934,-0.0190896,14,2,0.774194,1,1,0.0737,0.6,1,0.25,0.1,1,1,1.1,0.95,first_order
simgp24_lowkb,straddle_min,5,400,0.047579,0.722222,0.928571,0.8125,14,1,0.0349691,-0.0260412,13,5,0.7,0.966667,1,0.0781935,0.8,0.966667,0.25,0.1,1,1,1.1,0.95,first_order
simgp24_lowkb,straddle_min,6,400,0.0499735,1,0.857143,0.923077,14,1,0.0375859,0.0128409,12,0,0.862069,0.965517,1,0.101948,0.6,0.965517,0.25,0.1,0,1,1.1,0.9,first_order
simgp24_lowkb,straddle_min,7,400,0.0542115,0.8,0.923077,0.857143,13,1,0.0389553,-0.0201869,12,3,0.928571,1,1,0.163021,0.8,0.964286,0.25,0.1,1,1,1.1,0.95,first_order
simgp24_lowkb,straddle_min,8,400,0.0778447,1,0.923077,0.96,13,0.962963,0.0592455,0.0291126,12,0,0.666667,0.888889,0.962963,0.0814935,0.6,1,0.25,0.1,0,1,0.9,0.9,first_order
simgp24_lowkb,straddle_min,9,400,0.0902187,0.916667,0.916667,0.916667,12,0.961538,0.0496266,1.50076e-05,11,1,0.730769,0.961538,0.961538,0.244447,0.8,0.807692,0.1,0.3,0,1,1.1,0.95,first_order
simgp24_lowkb,straddle_min,10,400,0.0763856,1,0.833333,0.909091,12,0.96,0.0592009,0.0480688,10,0,0.68,0.84,1,0.0962841,0.2,1,0.25,0.1,0.5,1,0.9,0.9,first_order
simgp24_lowkb,straddle_min,11,400,0.0756568,1,0.818182,0.9,11,0.916667,0.05518,0.0309096,9,0,0.708333,0.833333,0.958333,0.0984315,0.6,1,0.25,0.1,0.5,1,0.9,0.9,first_order
simgp24_lowkb,straddle_min,12,400,0.0787742,1,0.9,0.947368,10,0.869565,0.0583902,0.034433,9,0,0.695652,0.826087,0.956522,0.102182,0.6,1,0.25,0.1,0.5,1,0.9,0.9,first_order
simgp24_lowkb,straddle_min,13,400,0.0760333,1,0.555556,0.714286,9,0.954545,0.0618632,0.0274906,5,0,0.590909,0.863636,0.954545,0.149215,0.25,0.863636,0.025,0.3,0,1,0.9,0.95,first_order
simgp24_lowkb,straddle_min,14,400,0.0820356,1,0.625,0.769231,8,0.904762,0.0663686,0.0367567,5,0,0.52381,0.761905,0.952381,0.144137,0.25,0.904762,0.0125,0.3,0,1,1,0.95,first_order
simgp24_lowkb,straddle_min,15,400,0.107999,0.857143,0.857143,0.857143,7,1,0.0711513,-0.0435319,6,1,0.75,1,1,0.0768005,0,1,0.0125,0.3,0,1,1,0.9,first_order
simgp24_lowkb,random,3,401,0.0337931,0.958333,1,0.978723,23,1,0.024983,-0.0202082,23,1,0.875,1,1,0.0964593,0.333333,1,0.4,0.1,1,1.15,1,1.05,first_order
simgp24_lowkb,random,4,401,0.0295569,0.958333,1,0.978723,23,1,0.0224969,-0.0168141,23,1,0.903226,1,1,0.0969052,0.333333,1,0.4,0.1,0.5,1.15,1,0.95,first_order
simgp24_lowkb,random,5,401,0.0300926,1,1,1,23,1,0.0229267,-0.0162366,23,0,0.866667,1,1,0.0979153,0.333333,1,0.075,0.6,0.5,1.15,0.9,1.1,first_order
simgp24_lowkb,random,6,401,0.0352901,1,1,1,22,1,0.0275295,-0.0232471,22,0,0.758621,1,1,0.101759,0.333333,1,0.25,0.1,1,1,0.9,0.9,first_order
simgp24_lowkb,random,7,401,0.0352795,1,1,1,22,1,0.0275286,-0.0219052,22,0,0.714286,1,1,0.102736,0.333333,1,0.1,0.3,1,1,0.9,1.05,first_order
simgp24_lowkb,random,8,401,0.0447716,0.954545,1,0.976744,21,1,0.036644,-0.0315533,21,1,0.481481,0.962963,1,0.113407,0.666667,0.888889,0.1,0.3,1,1,0.9,1.05,first_order
simgp24_lowkb,random,9,401,0.0420599,1,1,1,20,1,0.0336014,-0.0278083,20,0,0.538462,0.961538,1,0.114791,0.666667,0.884615,0.1,0.3,1,1,0.9,1.05,first_order
simgp24_lowkb,random,10,401,0.0425824,1,1,1,19,0.96,0.0329581,-0.0264995,19,0,0.52,0.96,1,0.117098,0.666667,0.88,0.1,0.3,1,1,0.9,1.05,first_order
simgp24_lowkb,random,11,401,0.0358334,1,1,1,18,0.958333,0.0283006,-0.0194415,18,0,0.583333,0.958333,1,0.115586,0.666667,0.833333,0.1,0.3,1,1,0.9,1.05,first_order
simgp24_lowkb,random,12,401,0.0372039,1,1,1,17,0.956522,0.0296364,-0.0204664,17,0,0.478261,0.956522,0.956522,0.117214,1,0.869565,0.1,0.3,1,1,1.1,1.05,first_order
simgp24_lowkb,random,13,401,0.0361694,1,1,1,17,0.954545,0.0285601,-0.0188145,17,0,0.5,0.954545,0.954545,0.1194,1,0.863636,0.1,0.3,1,1,1.1,1.05,first_order
simgp24_lowkb,random,14,401,0.033976,1,1,1,17,0.952381,0.0271567,-0.0165062,17,0,0.52381,0.952381,0.952381,0.122454,1,0.857143,0.1,0.3,1,1,1.1,1.05,first_order
simgp24_lowkb,random,15,401,0.0347229,1,1,1,17,0.95,0.0277622,-0.0160691,17,0,0.45,0.95,0.95,0.124329,1,0.85,0.1,0.3,1,1,1.1,1.05,first_order
simgp24_lowkb,uncertainty,3,401,0.0337931,0.958333,1,0.978723,23,1,0.024983,-0.0202082,23,1,0.875,1,1,0.0964593,0.333333,1,0.4,0.1,1,1.15,1,1.05,first_order
simgp24_lowkb,uncertainty,4,401,0.0252858,0.956522,1,0.977778,22,1,0.0204993,-0.0054937,22,1,0.935484,1,1,0.0912758,0.666667,1,0.25,0.1,1,1,0.9,0.95,first_order
simgp24_lowkb,uncertainty,5,401,0.0309411,0.954545,1,0.976744,21,1,0.0245229,-0.013283,21,1,0.9,1,1,0.0736588,0.666667,0.966667,0.4,0.1,0,1,0.9,0.9,first_order
simgp24_lowkb,uncertainty,6,401,0.0323159,1,0.75,0.857143,20,1,0.02621,0.0142898,15,0,0.689655,1,1,0.0696199,0.5,0.931034,0.0125,0.3,0.5,1,1.1,0.9,first_order
simgp24_lowkb,uncertainty,7,401,0.0323536,1,0.789474,0.882353,19,1,0.0267662,0.00940645,15,0,0.892857,1,1,0.0577617,0.5,1,0.0125,0.3,0,0.85,1.1,0.9,first_order
simgp24_lowkb,uncertainty,8,401,0.0378466,1,0.5,0.666667,18,1,0.0325303,0.0293588,9,0,0.777778,1,1,0.0724092,0.5,0.962963,0.0125,0.3,0,0.85,1.1,0.9,first_order
simgp24_lowkb,uncertainty,9,401,0.0387363,1,0.529412,0.692308,17,1,0.0319134,0.0245867,9,0,0.692308,1,1,0.0669557,0.5,0.961538,0.0125,0.3,0,0.85,0.9,0.9,first_order
simgp24_lowkb,uncertainty,10,401,0.0396248,1,0.75,0.857143,16,1,0.0310049,0.00144908,12,0,0.72,1,1,0.0627586,1,1,0.25,0.1,1,1.15,1,0.9,first_order
simgp24_lowkb,uncertainty,11,401,0.10761,0.882353,1,0.9375,15,0.916667,0.0605489,-0.0596828,15,2,0.666667,0.875,1,0.0406368,1,1,0.025,0.3,0.5,1,1.1,0.9,first_order
simgp24_lowkb,uncertainty,12,401,0.0673927,0.933333,1,0.965517,14,1,0.0443667,-0.0414291,14,1,0.73913,1,1,0.0578804,1,1,0.0125,0.3,1,1,1.1,0.95,first_order
simgp24_lowkb,uncertainty,13,401,0.0427507,1,0.307692,0.470588,13,1,0.0379665,0.0339855,4,0,0.5,0.772727,1,0.0561924,1,0.954545,0.05,0.3,0,0.85,0.9,0.9,first_order
simgp24_lowkb,uncertainty,14,401,0.0450448,1,0.307692,0.470588,13,1,0.039411,0.0356053,4,0,0.571429,1,1,0.0594163,1,0.952381,0.05,0.3,0,0.85,0.9,0.9,first_order
simgp24_lowkb,uncertainty,15,401,0.0962408,1,0.583333,0.736842,12,1,0.056646,-0.0267587,7,0,0.85,0.9,1,0.0703456,1,0.95,0.0125,0.3,0,0.85,0.9,0.9,first_order
simgp24_lowkb,straddle,3,401,0.0337931,0.958333,1,0.978723,23,1,0.024983,-0.0202082,23,1,0.875,1,1,0.0964593,0.333333,1,0.4,0.1,1,1.15,1,1.05,first_order
simgp24_lowkb,straddle,4,401,0.0258546,1,0.954545,0.976744,22,1,0.0197399,0.00221127,21,0,0.967742,1,1,0.0875489,0.333333,1,0.25,0.1,0.5,1,0.9,0.9,first_order
simgp24_lowkb,straddle,5,401,0.0286786,1,0.952381,0.97561,21,1,0.021995,-0.00255981,20,0,0.933333,1,1,0.0838162,0.333333,1,0.1,0.1,1,0.85,1.1,0.9,first_order
simgp24_lowkb,straddle,6,401,0.0375993,1,0.7,0.823529,20,1,0.0318526,0.0253682,14,0,0.827586,1,1,0.0804053,1,0.965517,0.05,0.3,0,0.85,1.1,0.9,first_order
simgp24_lowkb,straddle,7,401,0.0574824,1,0.473684,0.642857,19,1,0.0480507,0.046675,9,0,0.571429,1,1,0.121157,0.5,0.964286,0.075,0.1,1,0.85,1.1,0.9,first_order
simgp24_lowkb,straddle,8,401,0.0381734,1,0.611111,0.758621,18,1,0.0319313,0.0217877,11,0,0.777778,1,1,0.0830039,0.5,0.962963,0.05,0.1,1,0.85,0.9,0.9,first_order
simgp24_lowkb,straddle,9,401,0.0676594,1,0.352941,0.521739,17,0.961538,0.0621812,0.061415,6,0,0.384615,0.807692,1,0.0966238,0,0.923077,0.05,0.1,1,0.85,0.9,0.9,first_order
simgp24_lowkb,straddle,10,401,0.101615,1,0.1875,0.315789,16,0.84,0.0958616,0.0958616,3,0,0.36,0.6,0.92,0.168263,0,0.92,0.0125,0.3,0,0.85,0.9,0.9,first_order
simgp24_lowkb,straddle,11,401,0.0732008,1,0.266667,0.421053,15,1,0.0666445,0.0658193,4,0,0.458333,0.958333,1,0.111155,0,0.916667,0.05,0.1,1,0.85,0.9,0.9,first_order
simgp24_lowkb,straddle,12,401,0.0386175,1,0.428571,0.6,14,1,0.0340084,0.0254742,6,0,0.73913,1,1,0.05198,0,0.913043,0.0125,0.6,0,1,0.9,0.9,first_order
simgp24_lowkb,straddle,13,401,0.0780199,1,0.153846,0.266667,13,0.954545,0.0684223,0.0680061,2,0,0.409091,0.727273,1,0.144831,0,0.863636,0.0125,0.3,0,0.85,0.9,0.9,first_order
simgp24_lowkb,straddle,14,401,0.0826201,1,0.416667,0.588235,12,1,0.0622712,0.0622712,5,0,0.380952,0.904762,1,0.183516,0.5,0.904762,0.0125,0.3,0,0.85,0.9,0.9,first_order
simgp24_lowkb,straddle,15,401,0.0490733,1,0.272727,0.428571,11,0.9,0.0429975,0.0393721,3,0,0.45,0.75,1,0.0620117,0,0.95,0.1,0.1,1,0.85,0.9,0.9,first_order
simgp24_lowkb,straddle_min,3,401,0.0337931,0.958333,1,0.978723,23,1,0.024983,-0.0202082,23,1,0.875,1,1,0.0964593,0.333333,1,0.4,0.1,1,1.15,1,1.05,first_order
simgp24_lowkb,straddle_min,4,401,0.0514165,0.916667,1,0.956522,22,1,0.0402132,-0.0378268,22,2,0.612903,0.935484,1,0.0760457,0.666667,1,0.0125,0.6,0.5,1,0.9,1,first_order
simgp24_lowkb,straddle_min,5,401,0.0367847,0.956522,1,0.977778,22,1,0.0269126,-0.0183387,22,1,0.833333,1,1,0.0721663,0.333333,1,0.1,0.3,0.5,1,0.9,0.9,first_order
simgp24_lowkb,straddle_min,6,401,0.041464,0.954545,1,0.976744,21,1,0.0293601,-0.0180706,21,1,0.793103,1,1,0.0794325,0.333333,0.965517,0.25,0.3,0,1.15,1.1,0.9,first_order
simgp24_lowkb,straddle_min,7,401,0.0378131,1,0.666667,0.8,21,1,0.0305601,0.0205501,14,0,0.75,1,1,0.088976,0.333333,0.964286,0.0125,0.3,0,0.85,0.9,0.95,first_order
simgp24_lowkb,straddle_min,8,401,0.0479464,1,0.55,0.709677,20,1,0.0409317,0.0392887,11,0,0.518519,1,1,0.100031,0.666667,0.925926,0.0125,0.3,0.5,0.85,0.9,1.05,first_order
simgp24_lowkb,straddle_min,9,401,0.058716,1,0.578947,0.733333,19,1,0.0519537,0.0516984,11,0,0.5,0.769231,1,0.105312,0.666667,0.923077,0.1,0.1,1,0.85,1.1,0.9,first_order
simgp24_lowkb,straddle_min,10,401,0.0650503,1,0.555556,0.714286,18,1,0.0586448,0.0483596,10,0,0.44,0.84,1,0.111686,0,0.92,0.05,0.1,1,0.85,1.1,0.9,first_order
simgp24_lowkb,straddle_min,11,401,0.0541301,1,0.529412,0.692308,17,1,0.0456534,0.0423125,9,0,0.583333,0.916667,1,0.1035,0.333333,0.958333,0.1,0.1,1,0.85,1.1,0.9,first_order
simgp24_lowkb,straddle_min,12,401,0.0901714,1,0.625,0.769231,16,0.956522,0.0561345,-0.0097032,10,0,0.565217,0.956522,1,0.121442,0.333333,0.913043,0.1,0.1,1,0.85,1.1,0.9,first_order
simgp24_lowkb,straddle_min,13,401,0.10005,1,0.6,0.75,15,0.954545,0.0602395,-0.0176803,9,0,0.545455,0.909091,1,0.116531,0.333333,0.909091,0.0125,0.3,0,0.85,0.9,0.9,first_order
simgp24_lowkb,straddle_min,14,401,0.0474617,1,0.571429,0.727273,14,1,0.0406606,0.0310317,8,0,0.428571,1,1,0.123289,0.666667,0.904762,0.025,0.3,0,0.85,0.9,0.9,first_order
simgp24_lowkb,straddle_min,15,401,0.065833,1,0.615385,0.761905,13,1,0.0517292,0.0143908,8,0,0.4,0.9,1,0.0895175,0,0.9,0.0125,0.3,0,0.85,0.9,0.9,first_order
simgp24_lowkb,random,3,402,0.0693304,0.818182,1,0.9,18,0.90625,0.0495733,-0.0453907,18,4,0.625,0.875,0.96875,0.0867221,0.6,1,0.1,0.3,1,1.15,0.9,1,first_order
simgp24_lowkb,random,4,402,0.0720913,0.818182,1,0.9,18,0.935484,0.0494315,-0.0444906,18,4,0.612903,0.870968,0.935484,0.0829333,0.6,1,0.075,0.3,1,1.15,0.9,1,first_order
simgp24_lowkb,random,5,402,0.0702472,0.809524,1,0.894737,17,0.9,0.046305,-0.0401617,17,4,0.6,0.833333,0.933333,0.0773358,0.6,1,0.0125,0.6,0.5,1.15,1,1.1,first_order
simgp24_lowkb,random,6,402,0.0678712,0.842105,1,0.914286,16,0.931034,0.0450372,-0.0383504,16,3,0.689655,0.862069,0.931034,0.0771348,0.5,1,0.0125,0.6,0.5,1.15,1,1.1,first_order
simgp24_lowkb,random,7,402,0.0389141,0.888889,1,0.941176,16,0.964286,0.0292052,-0.0217669,16,2,0.785714,0.928571,0.964286,0.0713086,0.5,1,0.0125,0.6,0.5,1.15,1,1.1,first_order
simgp24_lowkb,random,8,402,0.0395881,0.833333,1,0.909091,15,0.962963,0.0298007,-0.0213871,15,3,0.777778,0.925926,1,0.0815857,0.666667,0.962963,0.0125,0.6,0.5,1.15,1,1.1,first_order
simgp24_lowkb,random,9,402,0.0669848,0.789474,1,0.882353,15,0.923077,0.0453692,-0.0378959,15,4,0.576923,0.846154,0.923077,0.0891534,0.666667,0.961538,0.0125,0.6,0.5,1.15,1,1.1,first_order
simgp24_lowkb,random,10,402,0.052281,0.777778,1,0.875,14,1,0.0396738,-0.0396738,14,4,0.72,0.96,1,0.102013,1,0.92,0.0125,0.6,0.5,1,1.1,1.1,first_order
simgp24_lowkb,random,11,402,0.0352446,0.928571,0.928571,0.928571,14,1,0.0272418,-0.0150824,13,1,0.916667,1,1,0.0727621,0.666667,1,0.0125,0.6,0.5,1,1.1,1.1,first_order
simgp24_lowkb,random,12,402,0.0552012,0.875,1,0.933333,14,0.956522,0.0425827,-0.0411813,14,2,0.521739,0.913043,1,0.0946734,0.666667,1,0.0125,0.6,0.5,1,1.1,1.1,first_order
simgp24_lowkb,random,13,402,0.055433,0.866667,1,0.928571,13,0.954545,0.0431439,-0.0417708,13,2,0.5,0.909091,1,0.0858863,0.666667,1,0.0125,0.6,0.5,1,1.1,1.1,first_order
simgp24_lowkb,random,14,402,0.0437247,0.923077,1,0.96,12,0.904762,0.0328634,-0.0238424,12,1,0.714286,0.857143,1,0.0776357,1,0.952381,0.0125,0.3,1,0.85,0.9,1.1,first_order
simgp24_lowkb,random,15,402,0.0452716,0.9,0.818182,0.857143,11,0.9,0.0350253,-0.023961,9,1,0.65,0.85,0.95,0.0768714,1,0.95,0.0125,0.3,1,0.85,0.9,1.1,first_order
simgp24_lowkb,uncertainty,3,402,0.0693304,0.818182,1,0.9,18,0.90625,0.0495733,-0.0453907,18,4,0.625,0.875,0.96875,0.0867221,0.6,1,0.1,0.3,1,1.15,0.9,1,first_order
simgp24_lowkb,uncertainty,4,402,0.064272,0.888889,0.941176,0.914286,17,0.870968,0.0430694,-0.0386643,16,2,0.741935,0.870968,0.935484,0.115991,0.6,0.870968,0.0125,0.3,0.5,0.85,1.1,0.95,first_order
simgp24_lowkb,uncertainty,5,402,0.128411,0.761905,1,0.864865,16,0.7,0.0837945,-0.0819002,16,5,0.533333,0.7,0.9,0.193026,0.75,0.833333,0.0125,0.3,0.5,0.85,0.9,0.9,first_order
simgp24_lowkb,uncertainty,6,402,0.0634678,0.882353,1,0.9375,15,0.965517,0.0476762,-0.00262008,15,2,0.62069,0.862069,0.965517,0.134591,1,0.931034,0.0125,0.3,0.5,0.85,0.9,0.95,first_order
simgp24_lowkb,uncertainty,7,402,0.188275,0.736842,1,0.848485,14,0.678571,0.114919,-0.103558,14,5,0.571429,0.642857,0.75,0.265576,0.75,0.75,0.0125,0.6,0,1,0.9,0.9,first_order
simgp24_lowkb,uncertainty,8,402,0.108142,0.684211,1,0.8125,13,0.851852,0.0780883,-0.0657499,13,6,0.481481,0.851852,1,0.1941,0.75,0.777778,0.025,0.3,0,0.85,0.9,0.9,first_order
simgp24_lowkb,uncertainty,9,402,0.148516,0.6875,0.916667,0.785714,12,0.846154,0.090485,-0.0774724,11,5,0.576923,0.769231,0.884615,0.0763291,1,1,0.0125,0.3,0,0.85,0.9,0.9,first_order
simgp24_lowkb,uncertainty,10,402,0.207522,0.625,0.909091,0.740741,11,0.68,0.133219,-0.118538,10,6,0.4,0.68,0.84,0.332172,0.666667,0.72,0.025,0.3,0.5,1,1.1,0.9,first_order
simgp24_lowkb,uncertainty,11,402,0.142516,0.647059,1,0.785714,11,0.833333,0.0967888,-0.083311,11,6,0.291667,0.791667,0.875,0.281341,0.666667,0.75,0.025,0.3,0.5,1,1.1,0.9,first_order
simgp24_lowkb,uncertainty,12,402,0.147137,0.571429,0.8,0.666667,10,0.826087,0.105143,-0.0841576,8,6,0.217391,0.73913,0.826087,0.279334,0,0.695652,0.075,0.3,0,1,1,0.9,first_order
simgp24_lowkb,uncertainty,13,402,0.1567,0.571429,0.888889,0.695652,9,0.818182,0.107385,-0.0925804,8,6,0.318182,0.681818,0.863636,0.297807,1,0.818182,0.1,0.3,0,1,1.1,0.9,first_order
simgp24_lowkb,uncertainty,14,402,0.0967749,0.571429,0.888889,0.695652,9,0.857143,0.0739752,-0.0575164,8,6,0.285714,0.857143,0.857143,0.232822,1,0.857143,0.1,0.3,0,1,1.1,0.9,first_order
simgp24_lowkb,uncertainty,15,402,0.0888932,0.5,0.75,0.6,8,0.6,0.0758836,-0.0516408,6,6,0.35,0.5,0.6,0.3127,0,0.55,0.075,0.3,0,1,1.1,0.9,first_order
simgp24_lowkb,straddle,3,402,0.0693304,0.818182,1,0.9,18,0.90625,0.0495733,-0.0453907,18,4,0.625,0.875,0.96875,0.0867221,0.6,1,0.1,0.3,1,1.15,0.9,1,first_order
simgp24_lowkb,straddle,4,402,0.0647918,0.809524,1,0.894737,17,0.967742,0.043911,-0.0407574,17,4,0.83871,0.935484,0.967742,0.095554,0.75,0.967742,0.0125,0.3,0.5,0.85,0.9,1,first_order
simgp24_lowkb,straddle,5,402,0.0403695,0.882353,0.9375,0.909091,16,1,0.0302225,-0.000550289,15,2,0.8,1,1,0.106214,0.25,0.933333,0.0125,0.3,0.5,0.85,0.9,1,first_order
simgp24_lowkb,straddle,6,402,0.0548324,1,0.6,0.75,15,1,0.0443238,0.0210496,9,0,0.655172,1,1,0.10561,0,0.965517,0.1,0.1,1,1,1,0.9,first_order
simgp24_lowkb,straddle,7,402,0.06636,1,0.5,0.666667,14,1,0.04999,0.0131578,7,0,0.714286,1,1,0.0980411,0.75,1,0.1,0.1,1,1,1,0.9,first_order
simgp24_lowkb,straddle,8,402,0.0549437,1,0.692308,0.818182,13,0.962963,0.0392732,0.00216286,9,0,0.518519,0.814815,0.962963,0.0975059,0.666667,0.925926,0.25,0.1,0,1,1.1,0.9,first_order
simgp24_lowkb,straddle,9,402,0.0637987,1,0.5,0.666667,12,0.884615,0.0522621,0.0214585,6,0,0.423077,0.730769,1,0.130168,0.5,0.884615,0.25,0.1,0,1,1.1,0.9,first_order
simgp24_lowkb,straddle,10,402,0.0662682,1,0.636364,0.777778,11,1,0.0504924,0.00472496,7,0,0.56,0.88,1,0.144282,0,0.96,0.25,0.1,0,1,0.9,0.9,first_order
simgp24_lowkb,straddle,11,402,0.065702,1,0.6,0.75,10,1,0.0508106,0.00894584,6,0,0.583333,0.875,1,0.144823,0,0.958333,0.25,0.1,0,1,1,0.9,first_order
simgp24_lowkb,straddle,12,402,0.0739241,0.727273,0.888889,0.8,9,1,0.0494415,-0.0272435,8,3,0.608696,0.869565,1,0.14516,1,0.956522,0.25,0.1,0,1,0.9,0.9,first_order
simgp24_lowkb,straddle,13,402,0.0585365,1,0.625,0.769231,8,1,0.0425344,-0.00218199,5,0,0.863636,0.909091,1,0.129387,1,0.954545,0.25,0.1,0,1,0.9,0.9,first_order
simgp24_lowkb,straddle,14,402,0.0645077,1,0.571429,0.727273,7,0.952381,0.0504711,0.00773081,4,0,0.619048,0.857143,1,0.154624,1,0.952381,0.25,0.1,0,1,0.9,0.9,first_order
simgp24_lowkb,straddle,15,402,0.0724506,0.625,0.833333,0.714286,6,1,0.0512345,-0.027365,5,3,0.65,0.8,1,0.148134,1,0.9,0.25,0.1,0.5,1,1,0.95,first_order
simgp24_lowkb,straddle_min,3,402,0.0693304,0.818182,1,0.9,18,0.90625,0.0495733,-0.0453907,18,4,0.625,0.875,0.96875,0.0867221,0.6,1,0.1,0.3,1,1.15,0.9,1,first_order
simgp24_lowkb,straddle_min,4,402,0.061212,0.85,1,0.918919,17,0.870968,0.0418032,-0.0368919,17,3,0.677419,0.83871,0.935484,0.113324,0.6,0.903226,0.05,0.3,0.5,0.85,0.9,1,first_order
simgp24_lowkb,straddle_min,5,402,0.0441548,0.888889,1,0.941176,16,0.966667,0.029769,-0.0207229,16,2,0.8,0.933333,0.966667,0.109193,0.4,0.833333,0.05,0.3,0.5,0.85,0.9,1,first_order
simgp24_lowkb,straddle_min,6,402,0.0634184,1,0.933333,0.965517,15,0.965517,0.0387611,-0.0294459,14,0,0.724138,0.896552,1,0.110865,0.6,0.862069,0.25,0.1,0.5,0.85,0.9,0.95,first_order
simgp24_lowkb,straddle_min,7,402,0.0649181,0.933333,1,0.965517,14,1,0.0395406,-0.032307,14,1,0.75,0.892857,1,0.112814,0.4,0.857143,0.1,0.3,0,0.85,1.1,0.95,first_order
simgp24_lowkb,straddle_min,8,402,0.0450746,1,1,1,13,0.925926,0.0286634,-0.0229182,13,0,0.740741,0.925926,0.962963,0.112518,0.6,0.851852,0.1,0.3,0,0.85,1.1,0.95,first_order
simgp24_lowkb,straddle_min,9,402,0.0480328,1,0.833333,0.909091,12,0.923077,0.0341174,-0.0177274,10,0,0.769231,0.884615,0.961538,0.125371,0.6,0.846154,0.25,0.1,0.5,0.85,1,0.9,first_order
simgp24_lowkb,straddle_min,10,402,0.0531124,1,0.818182,0.9,11,1,0.0355224,-0.026522,9,0,0.84,0.96,1,0.125668,0.6,0.84,0.25,0.1,0.5,0.85,0.9,0.9,first_order
simgp24_lowkb,straddle_min,11,402,0.0850337,0.714286,1,0.833333,10,0.916667,0.0559749,-0.0540769,10,4,0.5,0.791667,0.958333,0.123728,0.5,0.791667,0.25,0.1,0.5,0.85,0.9,0.9,first_order
simgp24_lowkb,straddle_min,12,402,0.140399,0.666667,1,0.8,10,0.826087,0.103698,-0.102659,10,5,0.217391,0.695652,0.869565,0.118798,0.5,0.913043,0.1,0.3,0,0.85,0.9,0.9,first_order
simgp24_lowkb,straddle_min,13,402,0.143012,0.666667,1,0.8,10,0.818182,0.105736,-0.10479,10,5,0.272727,0.681818,0.863636,0.121467,0.5,0.909091,0.1,0.3,0,0.85,1.1,0.9,first_order
simgp24_lowkb,straddle_min,14,402,0.0891457,0.714286,1,0.833333,10,0.904762,0.0598486,-0.0581616,10,4,0.571429,0.761905,0.952381,0.124578,0.5,0.761905,0.1,0.3,0,0.85,1.1,0.9,first_order
simgp24_lowkb,straddle_min,15,402,0.200665,0.642857,1,0.782609,9,0.65,0.138518,-0.138517,9,5,0.15,0.5,0.7,0.108563,0.5,0.95,0.1,0.3,0,0.85,0.9,0.95,first_order
simgp24_lowkb,random,3,403,0.06407,0.884615,1,0.938776,23,0.875,0.0544463,-0.0532141,23,3,0.34375,0.6875,0.9375,0.0984421,0.875,0.9375,0.025,1,0.5,1,0.9,1.1,first_order
simgp24_lowkb,random,4,403,0.0664672,0.88,1,0.93617,22,0.903226,0.0550239,-0.0550239,22,3,0.354839,0.83871,0.903226,0.108014,0.857143,0.935484,0.1,1,0,1,0.9,1.1,first_order
simgp24_lowkb,random,5,403,0.086823,0.869565,0.952381,0.909091,21,0.833333,0.0660167,-0.0626135,20,3,0.333333,0.666667,0.9,0.151273,0.5,0.866667,0.05,1,0,1,0.9,1.1,first_order
simgp24_lowkb,random,6,403,0.0469241,0.863636,0.95,0.904762,20,0.896552,0.0394443,-0.0297868,19,3,0.482759,0.827586,0.931034,0.0845163,0.666667,0.931034,0.025,1,0,1,0.9,1.05,first_order
simgp24_lowkb,random,7,403,0.054837,0.863636,1,0.926829,19,0.821429,0.0472495,-0.0457313,19,3,0.357143,0.642857,0.928571,0.0724669,0.8,1,0.05,1,0,1,1.1,1.05,first_order
simgp24_lowkb,random,8,403,0.0530306,0.863636,1,0.926829,19,0.814815,0.04639,-0.0438608,19,3,0.333333,0.666667,0.962963,0.0729221,0.8,1,0.05,1,0,1,1.1,1.05,first_order
simgp24_lowkb,random,9,403,0.0545134,0.863636,1,0.926829,19,0.769231,0.0475776,-0.0447341,19,3,0.307692,0.615385,0.846154,0.0734709,0.8,1,0.025,1,0,1,1.1,1,first_order
simgp24_lowkb,random,10,403,0.0567336,0.857143,1,0.923077,18,0.52,0.0511329,-0.0407795,18,3,0.2,0.4,0.72,0.0856405,0.75,0.92,0.025,1,0,1,1.1,1,first_order
simgp24_lowkb,random,11,403,0.0598243,0.85,1,0.918919,17,0.5,0.0535711,-0.0525843,17,3,0.25,0.375,0.75,0.0880408,0.666667,0.958333,0.025,1,0,1,0.9,1,first_order
simgp24_lowkb,random,12,403,0.0553423,0.85,1,0.918919,17,0.478261,0.0489118,-0.0458264,17,3,0.26087,0.304348,0.652174,0.0864295,0.666667,0.913043,0.025,1,0,1,0.9,1,first_order
simgp24_lowkb,random,13,403,0.0634077,0.842105,1,0.914286,16,0.318182,0.0559442,-0.0544899,16,3,0.227273,0.227273,0.454545,0.103926,0.666667,0.772727,0.0125,1,0.5,1,1,1.1,first_order
simgp24_lowkb,random,14,403,0.068387,0.833333,1,0.909091,15,0.333333,0.060266,-0.0585265,15,3,0.190476,0.285714,0.428571,0.10152,1,0.857143,0.0125,0.6,1,1,0.9,1.05,first_order
simgp24_lowkb,random,15,403,0.0613547,0.823529,1,0.903226,14,0.45,0.052883,-0.0506422,14,3,0.25,0.25,0.6,0.128787,0.5,0.65,0.0125,0.6,1,1,1.1,1.1,first_order
simgp24_lowkb,uncertainty,3,403,0.06407,0.884615,1,0.938776,23,0.875,0.0544463,-0.0532141,23,3,0.34375,0.6875,0.9375,0.0984421,0.875,0.9375,0.025,1,0.5,1,0.9,1.1,first_order
simgp24_lowkb,uncertainty,4,403,0.0454071,0.88,1,0.93617,22,1,0.0400439,-0.0241117,22,3,0.419355,0.967742,1,0.0820192,0.625,1,0.0125,0.6,0,0.85,1.1,0.9,first_order
simgp24_lowkb,uncertainty,5,403,0.04958,0.875,1,0.933333,21,1,0.04501,-0.0324171,21,3,0.3,0.766667,1,0.0942942,0.571429,0.966667,0.0125,0.6,0.5,0.85,0.9,0.95,first_order
simgp24_lowkb,uncertainty,6,403,0.055494,0.869565,1,0.930233,20,0.896552,0.0480542,-0.0424556,20,3,0.37931,0.862069,0.965517,0.114188,0.666667,0.931034,0.0125,0.6,0.5,1,0.9,0.9,first_order
simgp24_lowkb,uncertainty,7,403,0.050057,0.857143,0.947368,0.9,19,0.857143,0.0431181,-0.0337096,18,3,0.464286,0.821429,0.964286,0.119579,0.666667,0.928571,0.0125,0.6,0.5,1,0.9,0.9,first_order
simgp24_lowkb,uncertainty,8,403,0.0495742,0.863636,1,0.926829,19,0.925926,0.0421468,-0.0252274,19,3,0.481481,0.851852,1,0.116506,0.666667,1,0.0125,0.6,0.5,1,0.9,0.9,first_order
simgp24_lowkb,uncertainty,9,403,0.0364768,0.85,0.944444,0.894737,18,1,0.0305198,-0.0131076,17,3,0.692308,0.961538,1,0.0866812,0.666667,1,0.0125,0.6,0,0.85,1.1,0.9,first_order
simgp24_lowkb,uncertainty,10,403,0.0381306,0.842105,0.941176,0.888889,17,1,0.030098,-0.0112543,16,3,0.64,0.88,1,0.114032,0.666667,0.96,0.025,0.6,0,1,0.9,0.9,first_order
simgp24_lowkb,uncertainty,11,403,0.041489,0.842105,1,0.914286,16,0.916667,0.0347958,-0.0217951,16,3,0.541667,0.833333,1,0.106758,0.666667,1,0.0125,1,0,1,0.9,1.05,first_order
simgp24_lowkb,uncertainty,12,403,0.0683053,0.875,0.933333,0.903226,15,0.956522,0.0506753,0.00951742,14,2,0.565217,0.956522,1,0.162605,0.833333,0.826087,0.0125,0.6,0.5,1,0.9,1,first_order
simgp24_lowkb,uncertainty,13,403,0.0395459,0.8,0.857143,0.827586,14,0.954545,0.0328276,-0.00940064,12,3,0.545455,0.818182,1,0.128488,0.6,1,0.0125,0.6,0.5,1,0.9,1,first_order
simgp24_lowkb,uncertainty,14,403,0.0391123,0.785714,0.846154,0.814815,13,0.904762,0.0323537,-0.00834846,11,3,0.571429,0.809524,1,0.126582,0.5,1,0.0125,0.6,0,1,0.9,0.9,first_order
simgp24_lowkb,uncertainty,15,403,0.0561219,0.833333,0.833333,0.833333,12,0.9,0.0442016,0.00356665,10,2,0.55,0.85,0.95,0.138937,0.333333,1,0.0125,0.6,0.5,1,0.9,1,first_order
simgp24_lowkb,straddle,3,403,0.06407,0.884615,1,0.938776,23,0.875,0.0544463,-0.0532141,23,3,0.34375,0.6875,0.9375,0.0984421,0.875,0.9375,0.025,1,0.5,1,0.9,1.1,first_order
simgp24_lowkb,straddle,4,403,0.0463917,0.88,1,0.93617,22,1,0.0410202,-0.0225815,22,3,0.387097,0.967742,1,0.0845013,0.5,1,0.0125,0.6,0,0.85,0.9,0.9,first_order
simgp24_lowkb,straddle,5,403,0.0514306,0.875,1,0.933333,21,0.933333,0.0467565,-0.0344576,21,3,0.266667,0.633333,1,0.0965161,0.571429,0.966667,0.0125,0.6,0.5,0.85,0.9,0.95,first_order
simgp24_lowkb,straddle,6,403,0.0437855,0.869565,1,0.930233,20,1,0.0379607,-0.0168493,20,3,0.413793,0.931034,1,0.0916997,0.571429,0.862069,0.025,0.6,0,0.85,0.9,0.9,first_order
simgp24_lowkb,straddle,7,403,0.0418965,0.863636,1,0.926829,19,0.964286,0.0357127,-0.0134355,19,3,0.392857,0.892857,1,0.0918812,0.571429,0.857143,0.025,0.6,0,0.85,0.9,0.9,first_order
simgp24_lowkb,straddle,8,403,0.0466239,0.85,0.944444,0.894737,18,0.962963,0.0386433,-0.0103673,17,3,0.888889,0.925926,0.962963,0.103294,0.666667,0.962963,0.1,0.3,0.5,0.85,0.9,0.9,first_order
simgp24_lowkb,straddle,9,403,0.0531639,0.842105,0.941176,0.888889,17,0.923077,0.0426768,-0.00219873,16,3,0.769231,0.923077,0.923077,0.105752,0.6,0.884615,0.1,0.3,0.5,0.85,1.1,0.9,first_order
simgp24_lowkb,straddle,10,403,0.0481013,0.833333,0.9375,0.882353,16,1,0.0396666,-0.00464513,15,3,0.64,0.92,1,0.0913187,0.6,0.92,0.1,0.3,0.5,0.85,1.1,0.9,first_order
simgp24_lowkb,straddle,11,403,0.0458746,0.823529,0.933333,0.875,15,1,0.0360781,-0.00207114,14,3,0.708333,0.958333,1,0.101081,0.6,0.916667,0.1,0.3,0.5,0.85,1.1,0.9,first_order
simgp24_lowkb,straddle,12,403,0.0446004,0.866667,0.928571,0.896552,14,1,0.0338216,0.00442163,13,2,0.782609,0.956522,1,0.100321,0.6,0.869565,0.075,0.3,0.5,0.85,1.1,0.9,first_order
simgp24_lowkb,straddle,13,403,0.0509874,0.857143,0.923077,0.888889,13,0.954545,0.0382088,0.010224,12,2,0.772727,0.954545,0.954545,0.102195,0.6,0.954545,0.075,0.3,0.5,0.85,1.1,0.9,first_order
simgp24_lowkb,straddle,14,403,0.051407,0.846154,0.916667,0.88,12,1,0.0408199,0.00658236,11,2,0.714286,0.952381,1,0.0914055,0.6,0.904762,0.1,0.3,0.5,0.85,0.9,0.9,first_order
simgp24_lowkb,straddle,15,403,0.0609875,0.833333,0.909091,0.869565,11,0.95,0.0469658,0.0151849,10,2,0.7,0.9,1,0.0974314,0.75,0.9,0.1,0.3,0.5,0.85,0.9,0.9,first_order
simgp24_lowkb,straddle_min,3,403,0.06407,0.884615,1,0.938776,23,0.875,0.0544463,-0.0532141,23,3,0.34375,0.6875,0.9375,0.0984421,0.875,0.9375,0.025,1,0.5,1,0.9,1.1,first_order
simgp24_lowkb,straddle_min,4,403,0.0686916,0.88,1,0.93617,22,0.903226,0.0577151,-0.0577151,22,3,0.290323,0.580645,0.903226,0.116208,0.75,0.870968,0.025,1,0,1,0.9,0.95,first_order
simgp24_lowkb,straddle_min,5,403,0.0587436,0.875,1,0.933333,21,0.833333,0.0518378,-0.0449391,21,3,0.3,0.566667,0.933333,0.0981591,0.75,0.9,0.075,0.6,0.5,1,0.9,0.95,first_order
simgp24_lowkb,straddle_min,6,403,0.0438946,0.913043,1,0.954545,21,0.965517,0.0380764,-0.0246951,21,2,0.37931,0.62069,1,0.0686885,0.75,1,0.0125,0.6,0.5,1,0.9,0.9,first_order
simgp24_lowkb,straddle_min,7,403,0.0401491,0.909091,1,0.952381,20,0.928571,0.0316707,-0.0015441,20,2,0.535714,0.928571,0.964286,0.0904149,0.5,0.892857,0.0125,0.6,0,0.85,0.9,0.9,first_order
simgp24_lowkb,straddle_min,8,403,0.0597805,0.904762,1,0.95,19,0.962963,0.0406675,0.0040814,19,2,0.703704,0.962963,0.962963,0.109842,0.5,1,0.075,0.3,0.5,0.85,1.1,0.9,first_order
simgp24_lowkb,straddle_min,9,403,0.0640114,0.9,1,0.947368,18,0.961538,0.0535149,-0.0533791,18,2,0.384615,0.692308,1,0.0676691,0.75,1,0.0125,0.6,0,0.85,1,0.9,first_order
simgp24_lowkb,straddle_min,10,403,0.0429551,0.947368,1,0.972973,18,1,0.0382286,-0.0231514,18,1,0.48,0.96,1,0.0884245,0.625,1,0.0125,0.6,0,0.85,1,0.9,first_order
simgp24_lowkb,straddle_min,11,403,0.0567865,1,1,1,18,0.875,0.0488271,-0.0243653,18,0,0.458333,0.833333,0.875,0.10385,0.75,1,0.025,0.6,0.5,1,0.9,0.9,first_order
simgp24_lowkb,straddle_min,12,403,0.0409867,1,1,1,17,0.913043,0.0320783,-0.0146227,17,0,0.826087,0.913043,0.956522,0.1065,0.5,0.956522,0.0125,0.6,0,0.85,1.1,0.9,first_order
simgp24_lowkb,straddle_min,13,403,0.0396669,1,1,1,16,1,0.0308482,-0.00103458,16,0,0.909091,1,1,0.0950936,0.5,0.954545,0.0125,0.6,0,0.85,1.1,0.9,first_order
simgp24_lowkb,straddle_min,14,403,0.0452722,1,1,1,15,0.952381,0.0370714,-0.000363606,15,0,0.714286,0.952381,0.952381,0.0987995,0.5,0.952381,0.0125,0.6,0,0.85,1.1,0.95,first_order
simgp24_lowkb,straddle_min,15,403,0.0452679,1,1,1,14,0.95,0.0366385,-0.000299088,14,0,0.65,0.95,0.95,0.102883,0.5,0.9,0.0125,0.6,0,0.85,1.1,0.95,first_order
simgp24_lowkb,random,3,404,0.0560287,0.625,0.9375,0.75,16,1,0.0458382,-0.041424,15,9,0.53125,1,1,0.130117,0.333333,1,0.25,0.3,0,0.85,1,1,first_order
simgp24_lowkb,random,4,404,0.0576866,0.666667,0.875,0.756757,16,0.967742,0.0447397,-0.0383621,14,7,0.516129,0.935484,1,0.0879701,0.333333,1,0.1,0.3,0.5,0.85,1,1.05,first_order
simgp24_lowkb,random,5,404,0.0484611,0.681818,0.9375,0.789474,16,1,0.0382977,-0.0326856,15,7,0.533333,0.966667,1,0.069716,0.333333,1,0.1,0.3,0.5,0.85,1,1.05,first_order
simgp24_lowkb,random,6,404,0.0332554,0.823529,0.875,0.848485,16,1,0.0279113,-0.0106919,14,3,0.793103,1,1,0.0843194,0.333333,1,0.075,0.3,0.5,0.85,1,1.05,first_order
simgp24_lowkb,random,7,404,0.031534,0.8125,0.866667,0.83871,15,1,0.0273028,-0.00860399,13,3,0.75,1,1,0.0827634,0.333333,1,0.075,0.3,0.5,0.85,1.1,1,first_order
simgp24_lowkb,random,8,404,0.0424441,0.777778,0.933333,0.848485,15,1,0.0345758,-0.0248825,14,4,0.481481,0.962963,1,0.0732929,0.333333,1,0.075,0.3,0.5,0.85,1.1,1,first_order
simgp24_lowkb,random,9,404,0.0391695,0.823529,0.933333,0.875,15,1,0.0328193,-0.0197395,14,3,0.5,0.961538,1,0.0737793,0.333333,1,0.075,0.3,0.5,0.85,1.1,1,first_order
simgp24_lowkb,random,10,404,0.0442462,0.75,0.857143,0.8,14,0.92,0.0365622,-0.0193838,12,4,0.56,0.8,1,0.0920797,0.333333,0.88,0.075,0.3,0.5,0.85,1.1,1,first_order
simgp24_lowkb,random,11,404,0.0304669,0.846154,0.846154,0.846154,13,1,0.0267131,-2.29004e-05,11,2,0.958333,1,1,0.093437,0.5,0.875,0.075,0.3,0.5,0.85,1,1.05,first_order
simgp24_lowkb,random,12,404,0.0502259,0.833333,0.416667,0.555556,12,1,0.038291,0.0215995,5,1,0.73913,1,1,0.0704708,0,0.956522,0.0125,0.3,0.5,0.85,1,1,first_order
simgp24_lowkb,random,13,404,0.0566262,0.75,0.5,0.6,12,1,0.0431238,0.0108732,6,2,0.772727,1,1,0.0800825,0,0.954545,0.0125,0.3,0.5,0.85,1,1,first_order
simgp24_lowkb,random,14,404,0.0661432,0.833333,0.416667,0.555556,12,0.952381,0.0518769,0.0106803,5,1,0.666667,0.952381,1,0.088448,0,0.904762,0.0125,0.3,0.5,0.85,1,1,first_order
simgp24_lowkb,random,15,404,0.0629154,0.714286,0.416667,0.526316,12,0.95,0.050202,0.0124276,5,2,0.7,0.9,0.95,0.0869035,0,0.9,0.0125,0.3,0.5,0.85,1,1,first_order
simgp24_lowkb,uncertainty,3,404,0.0560287,0.625,0.9375,0.75,16,1,0.0458382,-0.041424,15,9,0.53125,1,1,0.130117,0.333333,1,0.25,0.3,0,0.85,1,1,first_order
simgp24_lowkb,uncertainty,4,404,0.085856,0.636364,0.933333,0.756757,15,1,0.0632572,-0.0597991,14,8,0.516129,1,1,0.0916542,0.333333,1,0.0125,0.3,0,0.85,1,0.9,first_order
simgp24_lowkb,uncertainty,5,404,0.0484658,0.8,0.857143,0.827586,14,1,0.032637,-0.0114694,12,3,0.933333,1,1,0.0704246,0.5,1,0.0125,0.3,0.5,0.85,1.1,1,first_order
simgp24_lowkb,uncertainty,6,404,0.0550796,0.909091,0.769231,0.833333,13,1,0.0397822,0.00246549,10,1,0.793103,1,1,0.0976998,0,0.931034,0.025,0.1,1,0.85,1,0.9,first_order
simgp24_lowkb,uncertainty,7,404,0.0674677,0.875,0.583333,0.7,12,1,0.0463684,0.00904435,7,1,0.75,1,1,0.0766701,0,1,0.0125,0.1,1,0.85,1,0.9,first_order
simgp24_lowkb,uncertainty,8,404,0.094559,0.5625,0.818182,0.666667,11,1,0.0678434,-0.0413685,9,7,0.555556,0.925926,1,0.145129,0,0.888889,0.0125,0.3,0.5,1,1,0.9,first_order
simgp24_lowkb,uncertainty,9,404,0.117733,0.642857,0.9,0.75,10,0.961538,0.0701743,-0.0559699,9,5,0.615385,0.923077,1,0.052185,0,1,0.0125,0.3,0.5,1,1,0.9,first_order
simgp24_lowkb,uncertainty,10,404,0.10614,0.461538,0.666667,0.545455,9,0.88,0.0766916,-0.0545645,6,7,0.64,0.88,0.92,0.181467,0,0.88,0.0125,0.3,0.5,1,1,0.9,first_order
simgp24_lowkb,uncertainty,11,404,0.109536,0.538462,0.777778,0.636364,9,0.875,0.0804014,-0.0603612,7,6,0.541667,0.875,0.916667,0.185402,0,0.875,0.0125,0.3,0.5,1,1,0.9,first_order
simgp24_lowkb,uncertainty,12,404,0.113654,0.461538,0.75,0.571429,8,0.869565,0.0844604,-0.0667241,6,7,0.347826,0.869565,0.869565,0.189291,0,0.869565,0.0125,0.3,0.5,1,1,0.9,first_order
simgp24_lowkb,uncertainty,13,404,0.0972323,0.461538,0.75,0.571429,8,0.863636,0.0699255,-0.0503686,6,7,0.363636,0.818182,0.863636,0.190313,0,0.863636,0.0125,0.3,0.5,1,1,0.9,first_order
simgp24_lowkb,uncertainty,14,404,0.0821089,0.5,1,0.666667,7,1,0.0581375,-0.0546449,7,7,0.428571,1,1,0.236808,0,0.571429,0.0125,0.6,0,1,1,1,first_order
simgp24_lowkb,uncertainty,15,404,0.0421534,0.625,0.833333,0.714286,6,1,0.0319604,-0.0110418,5,3,0.7,0.95,1,0.0834536,1,1,0.0125,0.6,0,1,1.1,1,first_order
simgp24_lowkb,straddle,3,404,0.0560287,0.625,0.9375,0.75,16,1,0.0458382,-0.041424,15,9,0.53125,1,1,0.130117,0.333333,1,0.25,0.3,0,0.85,1,1,first_order
simgp24_lowkb,straddle,4,404,0.0982503,0.636364,0.933333,0.756757,15,1,0.0708978,-0.0675805,14,8,0.516129,1,1,0.114023,0.333333,1,0.025,0.6,0,1.15,0.9,0.9,first_order
simgp24_lowkb,straddle,5,404,0.0856071,0.684211,0.928571,0.787879,14,0.966667,0.0539408,-0.0457546,13,6,0.833333,0.933333,0.966667,0.0564508,0.5,1,0.075,0.3,0,1,1,0.9,first_order
simgp24_lowkb,straddle,6,404,0.0657142,0.6875,0.846154,0.758621,13,1,0.0497119,-0.0118195,11,5,0.62069,0.965517,1,0.105391,0,0.965517,0.025,0.3,0.5,0.85,1.1,1,first_order
simgp24_lowkb,straddle,7,404,0.121422,0.625,0.416667,0.5,12,0.785714,0.0759281,-0.0367707,5,3,0.571429,0.714286,0.928571,0.0869803,0,0.964286,0.0125,0.3,0,1,0.9,0.9,first_order
simgp24_lowkb,straddle,8,404,0.0844833,0.666667,0.909091,0.769231,11,1,0.058641,-0.0391708,10,5,0.777778,1,1,0.0726196,0,1,0.0125,0.3,0.5,1,0.9,0.9,first_order
simgp24_lowkb,straddle,9,404,0.152443,0.533333,0.8,0.64,10,0.769231,0.0991322,-0.0859532,8,7,0.423077,0.730769,0.769231,0.0872801,0,1,0.0125,0.3,0.5,1,0.9,0.9,first_order
simgp24_lowkb,straddle,10,404,0.143051,0.7,0.777778,0.736842,9,0.8,0.0849971,-0.0608828,7,3,0.56,0.72,0.8,0.0780868,0,1,0.0125,0.3,0.5,1,0.9,0.95,first_order
simgp24_lowkb,straddle,11,404,0.183267,0.777778,0.875,0.823529,8,0.75,0.103921,-0.0913229,7,2,0.666667,0.75,0.75,0.0840576,1,1,0.0125,0.3,0.5,1,1,0.9,first_order
simgp24_lowkb,straddle,12,404,0.19046,0.833333,0.714286,0.769231,7,0.73913,0.103781,-0.0897501,5,1,0.695652,0.695652,0.73913,0.0519335,1,1,0.0125,0.3,0.5,1,1,0.95,first_order
simgp24_lowkb,straddle,13,404,0.195822,0.454545,0.833333,0.588235,6,0.681818,0.127013,-0.120043,5,6,0.363636,0.636364,0.681818,0.0499422,1,1,0.0125,0.3,0.5,1,1,0.9,first_order
simgp24_lowkb,straddle,14,404,0.192241,0.416667,1,0.588235,5,0.666667,0.130129,-0.123935,5,7,0.285714,0.571429,0.666667,0.10418,1,1,0.0125,0.6,0,1,1,0.95,first_order
simgp24_lowkb,straddle,15,404,0.191694,0.363636,1,0.533333,4,0.65,0.13492,-0.128347,4,7,0.2,0.5,0.65,0.167913,1,1,0.0125,0.6,0,1,1,0.9,first_order
simgp24_lowkb,straddle_min,3,404,0.0560287,0.625,0.9375,0.75,16,1,0.0458382,-0.041424,15,9,0.53125,1,1,0.130117,0.333333,1,0.25,0.3,0,0.85,1,1,first_order
simgp24_lowkb,straddle_min,4,404,0.0609885,0.636364,0.933333,0.756757,15,0.967742,0.0466002,-0.0406368,14,8,0.709677,0.967742,1,0.0739979,0.333333,1,0.0125,0.3,0,0.85,1,0.9,first_order
simgp24_lowkb,straddle_min,5,404,0.0921255,0.619048,0.928571,0.742857,14,1,0.0684074,-0.0645109,13,8,0.666667,1,1,0.116042,0.333333,0.966667,0.0125,0.1,1,0.85,1,0.9,first_order
simgp24_lowkb,straddle_min,6,404,0.0786917,0.65,0.928571,0.764706,14,1,0.0564755,-0.0492435,13,7,0.655172,0.965517,1,0.106092,0.333333,0.931034,0.05,0.1,1,0.85,1,0.9,first_order
simgp24_lowkb,straddle_min,7,404,0.101681,0.722222,0.928571,0.8125,14,0.892857,0.0632796,-0.0562361,13,5,0.535714,0.821429,0.928571,0.0564787,0.333333,1,0.075,0.1,1,0.85,1,0.9,first_order
simgp24_lowkb,straddle_min,8,404,0.171477,0.736842,1,0.848485,14,0.740741,0.108893,-0.108716,14,5,0.333333,0.62963,0.814815,0.240299,0.333333,0.851852,0.0125,0.6,0,1,1.1,0.9,first_order
simgp24_lowkb,straddle_min,9,404,0.172162,0.7,1,0.823529,14,0.730769,0.109919,-0.109919,14,6,0.269231,0.5,0.769231,0.254274,0.333333,0.576923,0.0125,0.6,0,1,1.1,0.9,first_order
simgp24_lowkb,straddle_min,10,404,0.171878,0.736842,1,0.848485,14,0.64,0.110024,-0.110024,14,5,0.24,0.52,0.76,0.248459,0.333333,0.6,0.0125,0.6,0,1,1.1,0.9,first_order
simgp24_lowkb,straddle_min,11,404,0.159073,0.722222,1,0.83871,13,0.625,0.107599,-0.107599,13,5,0.25,0.458333,0.75,0.226892,0.333333,0.416667,0.0125,0.6,0,1,1.1,0.9,first_order
simgp24_lowkb,straddle_min,12,404,0.104581,0.705882,1,0.827586,12,0.826087,0.072757,-0.0719964,12,5,0.347826,0.695652,0.913043,0.108551,0.333333,1,0.0125,0.3,1,0.85,1.1,1.1,first_order
simgp24_lowkb,straddle_min,13,404,0.0656922,0.75,1,0.857143,12,0.909091,0.0517507,-0.00698443,12,4,0.681818,0.863636,0.909091,0.164442,0.333333,1,0.0125,0.3,0.5,0.85,1.1,0.95,first_order
simgp24_lowkb,straddle_min,14,404,0.144877,0.733333,1,0.846154,11,0.809524,0.0944949,-0.0925041,11,4,0.333333,0.52381,0.904762,0.0780478,0.333333,1,0.0125,0.6,0,1,1.1,0.95,first_order
simgp24_lowkb,straddle_min,15,404,0.14898,0.785714,1,0.88,11,0.8,0.0976659,-0.095666,11,3,0.35,0.5,0.85,0.0772367,0.333333,1,0.0125,0.6,0,1,1.1,0.95,first_order
simgp24_lowkb,random,3,405,0.0303337,0.961538,1,0.980392,25,1,0.0232187,-0.01491,25,1,1,1,1,0.0765572,0.857143,1,0.05,0.3,0,0.85,0.9,0.9,first_order
simgp24_lowkb,random,4,405,0.0398492,1,0.958333,0.978723,24,1,0.0301198,0.00505444,23,0,0.83871,1,1,0.0715118,0.571429,0.967742,0.1,0.3,0,0.85,0.9,0.9,first_order
simgp24_lowkb,random,5,405,0.0355498,1,0.956522,0.977778,23,1,0.0277295,0.0034889,22,0,0.866667,1,1,0.0718829,0.571429,0.966667,0.025,0.3,0.5,0.85,0.9,0.9,first_order
simgp24_lowkb,random,6,405,0.039815,0.954545,0.954545,0.954545,22,1,0.0270521,-0.0037739,21,1,0.827586,0.965517,1,0.0762176,0.571429,0.965517,0.05,0.3,0.5,0.85,0.9,0.9,first_order
simgp24_lowkb,random,7,405,0.0721845,0.952381,0.952381,0.952381,21,0.857143,0.0412662,-0.0190637,20,1,0.714286,0.857143,0.857143,0.0869781,0.666667,0.892857,0.075,0.3,0.5,0.85,0.9,0.9,first_order
simgp24_lowkb,random,8,405,0.076428,0.95,0.95,0.95,20,0.851852,0.0419646,-0.022462,19,1,0.740741,0.851852,0.851852,0.13388,0.666667,0.666667,0.075,0.3,0.5,0.85,0.9,0.9,first_order
simgp24_lowkb,random,9,405,0.0532577,0.947368,0.947368,0.947368,19,0.961538,0.0347693,-0.00707716,18,1,0.653846,0.923077,1,0.0866445,0.6,0.923077,0.075,0.3,0.5,0.85,0.9,0.9,first_order
simgp24_lowkb,random,10,405,0.087737,0.944444,0.944444,0.944444,18,0.84,0.0492165,-0.024416,17,1,0.6,0.84,0.84,0.145715,0.5,0.68,0.05,0.3,0.5,0.85,0.9,0.9,first_order
simgp24_lowkb,random,11,405,0.0670977,0.944444,0.944444,0.944444,18,0.875,0.0377244,-0.0100865,17,1,0.666667,0.875,0.958333,0.118214,0.5,0.875,0.05,0.3,0.5,0.85,0.9,0.9,first_order
simgp24_lowkb,random,12,405,0.0557291,0.941176,0.941176,0.941176,17,0.913043,0.0349112,-0.00429087,16,1,0.652174,0.869565,1,0.071535,0.666667,0.956522,0.075,0.3,0.5,0.85,0.9,0.9,first_order
simgp24_lowkb,random,13,405,0.0485244,0.941176,0.941176,0.941176,17,1,0.0325168,0.00477163,16,1,0.681818,0.863636,1,0.0609694,0.666667,0.954545,0.075,0.3,0.5,0.85,0.9,0.9,first_order
simgp24_lowkb,random,14,405,0.0519141,0.9375,0.9375,0.9375,16,1,0.0313046,-0.0038855,15,1,0.714286,0.904762,1,0.0678497,0.666667,0.952381,0.1,0.3,0.5,0.85,0.9,0.95,first_order
simgp24_lowkb,random,15,405,0.0521078,0.933333,0.933333,0.933333,15,0.95,0.0311758,-0.00234195,14,1,0.65,0.9,1,0.0650794,0.666667,0.95,0.1,0.3,0.5,0.85,0.9,0.95,first_order
simgp24_lowkb,uncertainty,3,405,0.0303337,0.961538,1,0.980392,25,1,0.0232187,-0.01491,25,1,1,1,1,0.0765572,0.857143,1,0.05,0.3,0,0.85,0.9,0.9,first_order
simgp24_lowkb,uncertainty,4,405,0.0456971,0.958333,0.958333,0.958333,24,1,0.0381846,0.0150004,23,1,0.709677,0.967742,1,0.0920187,0.666667,0.967742,0.0125,0.3,0.5,0.85,0.9,0.9,first_order
simgp24_lowkb,uncertainty,5,405,0.0462051,0.956522,0.956522,0.956522,23,1,0.0372807,0.00956086,22,1,0.8,0.966667,1,0.121062,0.666667,0.966667,0.075,0.3,0.5,0.85,0.9,0.9,first_order
simgp24_lowkb,uncertainty,6,405,0.0468527,0.954545,0.954545,0.954545,22,0.965517,0.0404521,0.016005,21,1,0.689655,0.965517,1,0.139306,0.6,0.862069,0.0125,0.6,0.5,0.85,0.9,1.1,first_order
simgp24_lowkb,uncertainty,7,405,0.045568,0.952381,0.952381,0.952381,21,1,0.0373522,0.0113086,20,1,0.571429,0.964286,1,0.148121,0.75,0.857143,0.0125,0.6,0,0.85,1.1,1,first_order
simgp24_lowkb,uncertainty,8,405,0.0514116,0.95,0.95,0.95,20,1,0.0441276,0.0222868,19,1,0.592593,0.925926,1,0.146718,0.75,0.851852,0.0125,0.6,0.5,0.85,1.1,1.1,first_order
simgp24_lowkb,uncertainty,9,405,0.0434092,0.947368,0.947368,0.947368,19,1,0.0364197,0.00264403,18,1,0.846154,1,1,0.122949,0.75,0.961538,0.0125,0.6,0,0.85,1.1,1,first_order
simgp24_lowkb,uncertainty,10,405,0.0423007,0.944444,0.944444,0.944444,18,1,0.0357504,-0.00549652,17,1,0.8,0.96,1,0.138025,0.75,0.92,0.0125,0.6,0,0.85,1.1,0.95,first_order
simgp24_lowkb,uncertainty,11,405,0.0755224,0.941176,0.941176,0.941176,17,1,0.0511457,-0.0299702,16,1,0.458333,0.916667,1,0.148695,0.75,0.958333,0.0125,0.6,0,0.85,1.1,1,first_order
simgp24_lowkb,uncertainty,12,405,0.0669585,0.941176,1,0.969697,16,0.956522,0.0461181,-0.0273739,16,1,0.521739,0.913043,1,0.128287,0.666667,0.956522,0.025,0.3,0.5,0.85,1.1,0.9,first_order
simgp24_lowkb,uncertainty,13,405,0.0501024,0.933333,0.933333,0.933333,15,1,0.0340329,-0.00653937,14,1,0.909091,1,1,0.101567,0.666667,0.954545,0.025,0.3,0.5,0.85,1.1,0.9,first_order
simgp24_lowkb,uncertainty,14,405,0.0482122,0.928571,0.928571,0.928571,14,1,0.0328924,-0.00807595,13,1,0.904762,1,1,0.103952,0.666667,0.952381,0.0125,0.6,0,0.85,1.1,1.05,first_order
simgp24_lowkb,uncertainty,15,405,0.0556007,0.923077,0.923077,0.923077,13,1,0.0376517,-0.0180469,12,1,0.9,1,1,0.118691,0.666667,0.95,0.0125,0.6,0,0.85,1.1,1,first_order
simgp24_lowkb,straddle,3,405,0.0303337,0.961538,1,0.980392,25,1,0.0232187,-0.01491,25,1,1,1,1,0.0765572,0.857143,1,0.05,0.3,0,0.85,0.9,0.9,first_order
simgp24_lowkb,straddle,4,405,0.0414516,1,0.916667,0.956522,24,1,0.0345332,0.01696,22,0,0.870968,1,1,0.0779213,0.571429,0.935484,0.05,0.3,0,0.85,0.9,0.9,first_order
simgp24_lowkb,straddle,5,405,0.0501321,0.954545,0.913043,0.933333,23,1,0.042384,0.0174071,21,1,0.6,0.966667,1,0.106394,0.666667,0.966667,0.0125,0.3,0.5,0.85,0.9,0.9,first_order
simgp24_lowkb,straddle,6,405,0.064582,1,0.772727,0.871795,22,0.965517,0.0530108,0.0257557,17,0,0.344828,0.896552,0.965517,0.123275,0.5,0.931034,0.0125,0.3,0.5,0.85,1.1,0.95,first_order
simgp24_lowkb,straddle,7,405,0.10745,0.95,0.904762,0.926829,21,0.892857,0.0626692,-0.0200557,19,1,0.5,0.857143,1,0.104076,0.8,0.964286,0.0125,0.3,0.5,0.85,1.1,0.9,first_order
simgp24_lowkb,straddle,8,405,0.222354,0.95,0.95,0.95,20,0.666667,0.122842,-0.0980016,19,1,0.444444,0.62963,0.703704,0.138467,0.4,0.962963,0.0125,0.6,0,0.85,1.1,1.05,first_order
simgp24_lowkb,straddle,9,405,0.220809,0.947368,0.947368,0.947368,19,0.653846,0.124969,-0.093401,18,1,0.461538,0.615385,0.692308,0.128544,0.5,0.961538,0.0125,0.6,0,0.85,1.1,1.05,first_order
simgp24_lowkb,straddle,10,405,0.255797,0.9375,0.833333,0.882353,18,0.56,0.149498,-0.102855,15,1,0.32,0.52,0.68,0.276554,0,0.96,0.0125,0.3,0.5,0.85,1.1,0.9,first_order
simgp24_lowkb,straddle,11,405,0.0572796,0.941176,0.941176,0.941176,17,0.916667,0.0434581,-0.00710369,16,1,0.791667,0.916667,1,0.0749031,0.666667,1,0.0125,0.3,0.5,0.85,1.1,0.9,first_order
simgp24_lowkb,straddle,12,405,0.0806229,0.941176,1,0.969697,16,1,0.0426546,-0.0308898,16,1,0.652174,0.913043,1,0.0553702,1,1,0.025,0.3,0.5,0.85,1.1,0.9,first_order
simgp24_lowkb,straddle,13,405,0.0916447,0.933333,0.933333,0.933333,15,1,0.0503325,-0.0301739,14,1,0.727273,0.863636,1,0.057184,1,1,0.025,0.3,0.5,0.85,1.1,0.9,first_order
simgp24_lowkb,straddle,14,405,0.0608342,0.928571,0.928571,0.928571,14,0.904762,0.0416984,-0.0248177,13,1,0.761905,0.904762,0.952381,0.0736403,1,1,0.025,0.3,0.5,0.85,1.1,0.9,first_order
simgp24_lowkb,straddle,15,405,0.0641202,0.923077,0.923077,0.923077,13,0.9,0.0429349,-0.0329373,12,1,0.85,0.9,0.95,0.0827878,1,1,0.0125,0.3,1,0.85,1.1,1,first_order
simgp24_lowkb,straddle_min,3,405,0.0303337,0.961538,1,0.980392,25,1,0.0232187,-0.01491,25,1,1,1,1,0.0765572,0.857143,1,0.05,0.3,0,0.85,0.9,0.9,first_order
simgp24_lowkb,straddle_min,4,405,0.0402259,1,0.916667,0.956522,24,1,0.0337976,0.0171001,22,0,0.903226,1,1,0.0777587,0.571429,0.935484,0.05,0.3,0,0.85,0.9,0.9,first_order
simgp24_lowkb,straddle_min,5,405,0.055618,1,0.913043,0.954545,23,1,0.0482307,0.0246453,21,0,0.433333,0.933333,1,0.109959,0.571429,0.933333,0.0125,0.3,0.5,0.85,0.9,0.95,first_order
simgp24_lowkb,straddle_min,6,405,0.0356543,0.954545,0.954545,0.954545,22,1,0.0280348,0.00210077,21,1,0.931034,1,1,0.113667,0.714286,0.931034,0.05,0.3,0.5,0.85,0.9,0.9,first_order
simgp24_lowkb,straddle_min,7,405,0.0502708,0.95,0.904762,0.926829,21,0.964286,0.0404061,0.0211257,19,1,0.642857,0.928571,0.964286,0.133373,0.571429,0.892857,0.0125,0.3,0.5,0.85,1.1,0.95,first_order
simgp24_lowkb,straddle_min,8,405,0.0458504,0.95,0.95,0.95,20,0.962963,0.0356882,0.0165698,19,1,0.740741,0.962963,1,0.150184,0.571429,0.888889,0.0125,0.6,0,0.85,1.1,1.05,first_order
simgp24_lowkb,straddle_min,9,405,0.0438502,0.944444,0.894737,0.918919,19,1,0.0373506,0.0151268,17,1,0.538462,1,1,0.148157,0.666667,0.846154,0.0125,0.6,0,0.85,1.1,1.1,first_order
simgp24_lowkb,straddle_min,10,405,0.0485291,1,0.833333,0.909091,18,1,0.0412326,0.0109528,15,0,0.52,0.88,1,0.10735,0.8,0.88,0.0125,0.3,0.5,0.85,1.1,0.95,first_order
simgp24_lowkb,straddle_min,11,405,0.0786822,1,0.722222,0.83871,18,0.833333,0.0608319,0.00265767,13,0,0.666667,0.791667,0.875,0.150258,0.8,0.916667,0.0125,0.3,0.5,0.85,1.1,1,first_order
simgp24_lowkb,straddle_min,12,405,0.0759781,1,0.705882,0.827586,17,0.782609,0.0590637,-0.000224517,12,0,0.608696,0.782609,0.869565,0.15656,0.75,0.782609,0.0125,0.3,0.5,0.85,1.1,0.95,first_order
simgp24_lowkb,straddle_min,13,405,0.100295,1,0.6875,0.814815,16,0.818182,0.0749492,-0.0243977,11,0,0.545455,0.772727,0.909091,0.190583,0.75,0.772727,0.0125,0.6,0,0.85,1.1,1.1,first_order
simgp24_lowkb,straddle_min,14,405,0.0442396,1,0.933333,0.965517,15,1,0.031599,-0.00766161,14,0,0.857143,1,1,0.122262,0.75,0.857143,0.0125,0.6,0,0.85,1.1,1.1,first_order
simgp24_lowkb,straddle_min,15,405,0.0482294,1,0.928571,0.962963,14,1,0.0350912,-0.0161537,13,0,0.75,1,1,0.133585,0.75,0.8,0.0125,0.6,0,0.85,1.1,1.05,first_order
simgp24_lowkb,random,3,406,0.0522998,0.666667,1,0.8,14,0.96875,0.0424887,-0.0388195,14,7,0.71875,0.90625,1,0.0818901,0.333333,1,0.075,0.3,0,0.85,1,0.95,first_order
simgp24_lowkb,random,4,406,0.0473615,0.7,1,0.823529,14,1,0.0373676,-0.0301437,14,6,0.774194,0.967742,1,0.0636187,0.666667,1,0.25,0.3,0,1.15,1.1,1,first_order
simgp24_lowkb,random,5,406,0.0488219,0.7,1,0.823529,14,1,0.0387729,-0.0328884,14,6,0.766667,0.966667,1,0.0626723,0.666667,1,0.25,0.3,0,1.15,1.1,1,first_order
simgp24_lowkb,random,6,406,0.0477863,0.823529,1,0.903226,14,0.965517,0.0373009,-0.0324776,14,3,0.758621,0.931034,1,0.0684471,0.333333,1,0.1,0.3,0.5,1,1.1,1.05,first_order
simgp24_lowkb,random,7,406,0.050996,0.764706,1,0.866667,13,0.964286,0.040314,-0.0358069,13,4,0.678571,0.892857,1,0.0755033,0,1,0.075,0.3,0.5,1,1,1,first_order
simgp24_lowkb,random,8,406,0.0509811,0.764706,1,0.866667,13,0.962963,0.0387348,-0.0326033,13,4,0.62963,0.888889,1,0.0790736,0,1,0.075,0.3,0.5,1,1,1,first_order
simgp24_lowkb,random,9,406,0.0528823,0.722222,1,0.83871,13,0.961538,0.0398169,-0.0348189,13,5,0.653846,0.884615,1,0.0797468,0,1,0.075,0.3,0.5,1,1,1,first_order
simgp24_lowkb,random,10,406,0.0511065,0.666667,1,0.8,12,0.92,0.0389663,-0.0368466,12,6,0.56,0.88,0.92,0.0690502,0.5,1,0.1,0.3,1,1.15,1.1,1.05,first_order
simgp24_lowkb,random,11,406,0.0412138,1,1,1,11,1,0.0309984,-0.0202041,11,0,0.666667,0.916667,1,0.065203,0.5,1,0.075,0.3,0.5,1,1,1.05,first_order
simgp24_lowkb,random,12,406,0.04996,0.769231,1,0.869565,10,0.956522,0.0378178,-0.0307256,10,3,0.478261,0.869565,1,0.0694674,0.5,1,0.075,0.3,0.5,1,1,1,first_order
simgp24_lowkb,random,13,406,0.0494614,0.769231,1,0.869565,10,0.954545,0.0381256,-0.0319157,10,3,0.454545,0.909091,0.954545,0.0726502,0.5,1,0.1,0.3,0.5,1,1,1.05,first_order
simgp24_lowkb,random,14,406,0.0510575,0.75,1,0.857143,9,0.952381,0.0390697,-0.0331652,9,3,0.52381,0.904762,0.952381,0.078593,0.5,1,0.1,0.3,0.5,1,1,1.05,first_order
simgp24_lowkb,random,15,406,0.0515606,0.818182,1,0.9,9,0.95,0.039075,-0.0317935,9,2,0.6,0.95,0.95,0.0694145,0.5,1,0.1,0.3,0.5,1,1,1.05,first_order
simgp24_lowkb,uncertainty,3,406,0.0522998,0.666667,1,0.8,14,0.96875,0.0424887,-0.0388195,14,7,0.71875,0.90625,1,0.0818901,0.333333,1,0.075,0.3,0,0.85,1,0.95,first_order
simgp24_lowkb,uncertainty,4,406,0.0493241,0.65,1,0.787879,13,0.967742,0.0398921,-0.033439,13,7,0.774194,0.935484,1,0.0828356,0.666667,1,0.1,0.3,0.5,1,1.1,1,first_order
simgp24_lowkb,uncertainty,5,406,0.0528643,0.631579,1,0.774194,12,0.933333,0.0436589,-0.0386234,12,7,0.5,0.9,1,0.0708714,1,1,0.1,0.3,0.5,1,1.1,1,first_order
simgp24_lowkb,uncertainty,6,406,0.0474905,0.785714,1,0.88,11,0.965517,0.0377014,-0.0267799,11,3,0.689655,0.896552,0.965517,0.0704239,0.5,1,0.1,0.3,0,1,1.1,0.9,first_order
simgp24_lowkb,uncertainty,7,406,0.0450871,0.75,0.9,0.818182,10,0.964286,0.0344278,-0.0183937,9,3,0.75,0.928571,1,0.0626215,1,1,0.25,0.1,0.5,1,1,0.9,first_order
simgp24_lowkb,uncertainty,8,406,0.0445027,0.888889,0.888889,0.888889,9,0.962963,0.0340786,-0.0141626,8,1,0.666667,0.925926,0.962963,0.0633234,1,1,0.25,0.1,0,1,0.9,0.9,first_order
simgp24_lowkb,uncertainty,9,406,0.0429308,0.888889,0.888889,0.888889,9,1,0.0338489,-0.000132383,8,1,0.653846,0.923077,1,0.0765934,1,1,0.25,0.1,0,1,0.9,0.9,first_order
simgp24_lowkb,uncertainty,10,406,0.0447589,1,0.75,0.857143,8,1,0.0334606,0.0109011,6,0,0.64,0.84,1,0.0613777,1,1,0.25,0.1,0,1,1.1,0.9,first_order
simgp24_lowkb,uncertainty,11,406,0.0494638,1,0.625,0.769231,8,0.958333,0.042085,0.00429329,5,0,0.666667,0.875,1,0.0695014,1,1,0.1,0.3,0,1,1.1,1,first_order
simgp24_lowkb,uncertainty,12,406,0.0481177,1,0.75,0.857143,8,0.956522,0.0338522,0.00819748,6,0,0.695652,0.913043,0.956522,0.114698,1,1,0.25,0.1,0.5,1,1.1,0.95,first_order
simgp24_lowkb,uncertainty,13,406,0.0472919,1,0.875,0.933333,8,0.954545,0.0348052,0.00799781,7,0,0.681818,0.909091,0.954545,0.117976,1,0.909091,0.25,0.1,0.5,1,1.1,0.95,first_order
simgp24_lowkb,uncertainty,14,406,0.0477094,0.857143,0.857143,0.857143,7,0.952381,0.0393625,0.0105156,6,1,0.666667,0.857143,1,0.102212,1,1,0.25,0.1,0.5,1,1.1,0.95,first_order
simgp24_lowkb,uncertainty,15,406,0.0476188,0.833333,0.833333,0.833333,6,0.95,0.0382302,0.0145369,5,1,0.7,0.85,1,0.0907329,1,1,0.25,0.1,0.5,1,1.1,0.95,first_order
simgp24_lowkb,straddle,3,406,0.0522998,0.666667,1,0.8,14,0.96875,0.0424887,-0.0388195,14,7,0.71875,0.90625,1,0.0818901,0.333333,1,0.075,0.3,0,0.85,1,0.95,first_order
simgp24_lowkb,straddle,4,406,0.0496655,0.65,1,0.787879,13,0.935484,0.0396882,-0.0326697,13,7,0.645161,0.903226,1,0.0862832,0.5,1,0.25,0.1,0.5,1,0.9,0.9,first_order
simgp24_lowkb,straddle,5,406,0.053015,0.785714,0.916667,0.846154,12,1,0.0418848,-0.0224884,11,3,0.6,0.933333,1,0.17612,1,1,0.4,0.1,0,1,1.1,1,first_order
simgp24_lowkb,straddle,6,406,0.0492291,0.714286,0.909091,0.8,11,0.931034,0.0379451,-0.0214168,10,4,0.551724,0.862069,0.931034,0.104428,1,1,0.25,0.1,0.5,1,1,0.9,first_order
simgp24_lowkb,straddle,7,406,0.0554863,0.642857,0.9,0.75,10,0.928571,0.0422127,-0.0299439,9,5,0.428571,0.714286,0.928571,0.100963,1,1,0.25,0.1,0.5,1,1,0.9,first_order
simgp24_lowkb,straddle,8,406,0.041552,0.75,1,0.857143,9,1,0.0315266,-0.0158578,9,3,0.777778,0.962963,1,0.0773553,1,1,0.25,0.1,0.5,1,0.9,0.9,first_order
simgp24_lowkb,straddle,9,406,0.0505284,0.444444,1,0.615385,8,1,0.0402971,-0.0359139,8,10,0.653846,0.923077,1,0.0869127,1,1,0.25,0.1,0.5,1,0.9,0.9,first_order
simgp24_lowkb,straddle,10,406,0.0328329,0.615385,1,0.761905,8,1,0.0270432,-0.0160599,8,5,0.84,0.96,1,0.130383,1,1,0.25,0.1,0.5,1,0.9,0.9,first_order
simgp24_lowkb,straddle,11,406,0.110064,0.4375,1,0.608696,7,0.791667,0.0807264,-0.0782476,7,9,0.5,0.75,0.958333,0.0634639,1,1,0.25,0.1,0.5,1,0.9,0.95,first_order
simgp24_lowkb,straddle,12,406,0.123915,0.375,1,0.545455,6,0.782609,0.0958934,-0.0914939,6,10,0.347826,0.73913,0.913043,0.122453,1,1,0.25,0.1,0.5,1,0.9,1,first_order
simgp24_lowkb,straddle,13,406,0.136723,0.333333,1,0.5,5,0.772727,0.105765,-0.102903,5,10,0.318182,0.772727,0.818182,0.141038,1,1,0.25,0.1,0.5,1,0.9,1,first_order
simgp24_lowkb,straddle,14,406,0.10942,0.384615,1,0.555556,5,0.857143,0.0841588,-0.0814903,5,8,0.47619,0.809524,0.904762,0.0630143,1,1,0.25,0.1,0.5,1,0.9,0.95,first_order
simgp24_lowkb,straddle,15,406,0.167464,0.181818,0.5,0.266667,4,0.8,0.135628,-0.120542,2,9,0.05,0.5,0.8,0.166837,1,1,0.25,0.1,0,1,0.9,0.9,first_order
simgp24_lowkb,straddle_min,3,406,0.0522998,0.666667,1,0.8,14,0.96875,0.0424887,-0.0388195,14,7,0.71875,0.90625,1,0.0818901,0.333333,1,0.075,0.3,0,0.85,1,0.95,first_order
simgp24_lowkb,straddle_min,4,406,0.0643757,0.619048,1,0.764706,13,0.935484,0.0523803,-0.0503954,13,8,0.419355,0.83871,1,0.0797044,0.666667,1,0.1,0.3,0.5,1,1.1,1,first_order
simgp24_lowkb,straddle_min,5,406,0.0554244,0.631579,1,0.774194,12,0.9,0.0451723,-0.0403355,12,7,0.4,0.866667,0.966667,0.0799014,1,1,0.1,0.3,0.5,1,1.1,1,first_order
simgp24_lowkb,straddle_min,6,406,0.05591,0.705882,1,0.827586,12,0.896552,0.045158,-0.0403279,12,5,0.448276,0.896552,0.931034,0.0811527,1,1,0.25,0.1,0.5,1,0.9,0.9,first_order
simgp24_lowkb,straddle_min,7,406,0.05825,0.705882,1,0.827586,12,0.892857,0.0473919,-0.0417486,12,5,0.392857,0.857143,0.928571,0.0885837,0.666667,1,0.075,0.3,0.5,1,1.1,0.95,first_order
simgp24_lowkb,straddle_min,8,406,0.0570621,0.733333,0.916667,0.814815,12,0.925926,0.0460942,-0.0375176,11,4,0.444444,0.888889,0.962963,0.0587896,1,1,0.1,0.3,0,1,0.9,0.9,first_order
simgp24_lowkb,straddle_min,9,406,0.0356099,0.846154,0.916667,0.88,12,1,0.0305904,-0.0118929,11,2,0.923077,1,1,0.0824529,0.666667,1,0.1,0.3,0,1,0.9,0.95,first_order
simgp24_lowkb,straddle_min,10,406,0.0353759,0.846154,1,0.916667,11,1,0.0297688,-0.0101835,11,2,0.88,1,1,0.0826099,0.666667,1,0.1,0.3,0,1,0.9,0.95,first_order
simgp24_lowkb,straddle_min,11,406,0.0357828,0.909091,1,0.952381,10,1,0.029831,-0.0081223,10,1,0.875,1,1,0.0702939,0.666667,1,0.1,0.3,0,1,0.9,0.95,first_order
simgp24_lowkb,straddle_min,12,406,0.0458738,0.9,1,0.947368,9,0.913043,0.0348654,-0.0015044,9,1,0.782609,0.913043,0.956522,0.0884625,0.333333,0.956522,0.1,0.3,0,1,0.9,0.95,first_order
simgp24_lowkb,straddle_min,13,406,0.0450347,0.8,1,0.888889,8,0.909091,0.0366692,-0.00171915,8,2,0.636364,0.863636,0.954545,0.103563,0.666667,0.954545,0.1,0.3,0,1,0.9,0.95,first_order
simgp24_lowkb,straddle_min,14,406,0.0439526,0.8,1,0.888889,8,1,0.0366689,-0.00745179,8,2,0.809524,0.952381,1,0.0808367,0.666667,1,0.1,0.3,0,1,0.9,0.95,first_order
simgp24_lowkb,straddle_min,15,406,0.0458244,0.888889,1,0.941176,8,1,0.0382165,-0.004599,8,1,0.8,0.95,1,0.0836283,0.666667,1,0.1,0.3,0,1,0.9,0.95,first_order
simgp24_lowkb,random,3,407,0.0648592,0.818182,0.9,0.857143,20,0.96875,0.0426773,-0.0154931,18,4,0.8125,0.96875,0.96875,0.0917293,0.444444,1,0.075,0.3,0.5,0.85,0.9,1.05,first_order
simgp24_lowkb,random,4,407,0.064725,0.818182,0.9,0.857143,20,0.967742,0.0392565,-0.00939544,18,4,0.806452,0.967742,0.967742,0.0965033,0.444444,0.935484,0.075,0.3,0.5,0.85,0.9,1.05,first_order
simgp24_lowkb,random,5,407,0.0927185,0.782609,0.947368,0.857143,19,0.9,0.0553282,-0.051843,18,5,0.566667,0.9,0.9,0.166116,0.555556,0.8,0.025,0.3,1,0.85,0.9,1.05,first_order
simgp24_lowkb,random,6,407,0.0852016,0.818182,0.947368,0.878049,19,0.965517,0.0482214,-0.0172663,18,4,0.724138,0.862069,0.965517,0.12227,0.444444,0.896552,0.0125,0.3,1,0.85,0.9,1.05,first_order
simgp24_lowkb,random,7,407,0.065683,0.809524,0.944444,0.871795,18,0.964286,0.0425621,-0.0136409,17,4,0.714286,0.964286,0.964286,0.106464,0.375,0.892857,0.0125,0.3,1,0.85,1,1.05,first_order
simgp24_lowkb,random,8,407,0.060748,0.842105,0.941176,0.888889,17,0.962963,0.0400642,-0.00212171,16,3,0.703704,0.925926,0.962963,0.102541,0.571429,0.888889,0.0125,0.3,1,0.85,1,1.05,first_order
simgp24_lowkb,random,9,407,0.0739152,0.842105,1,0.914286,16,0.884615,0.0422296,-0.0310524,16,3,0.692308,0.884615,0.884615,0.140998,0.571429,0.730769,0.0125,0.3,1,0.85,1,1.05,first_order
simgp24_lowkb,random,10,407,0.0723653,0.9375,1,0.967742,15,0.88,0.0411196,-0.0247518,15,1,0.8,0.84,0.92,0.149144,0.571429,0.76,0.0125,0.3,1,0.85,1,1.05,first_order
simgp24_lowkb,random,11,407,0.0740963,0.928571,0.928571,0.928571,14,0.875,0.0416748,-0.0259503,13,1,0.833333,0.875,0.875,0.152234,0.571429,0.75,0.075,0.3,0,0.85,0.9,0.9,first_order
simgp24_lowkb,random,12,407,0.047479,0.866667,0.928571,0.896552,14,1,0.0330374,-0.016452,13,2,0.782609,0.869565,1,0.0942412,0.571429,0.826087,0.05,0.3,0.5,0.85,0.9,1,first_order
simgp24_lowkb,random,13,407,0.0338292,0.866667,0.928571,0.896552,14,1,0.0260591,-0.00324582,13,2,0.863636,0.909091,1,0.115803,0.571429,0.727273,0.05,0.3,0.5,0.85,0.9,1,first_order
simgp24_lowkb,random,14,407,0.0326892,0.866667,0.928571,0.896552,14,1,0.0251495,0.000983736,13,2,0.809524,0.904762,1,0.118672,0.571429,0.714286,0.05,0.3,0.5,0.85,0.9,1,first_order
simgp24_lowkb,random,15,407,0.0298862,0.928571,0.928571,0.928571,14,1,0.022625,0.00310897,13,1,0.9,0.95,1,0.10822,0.571429,0.75,0.075,0.3,0.5,0.85,0.9,1.05,first_order
simgp24_lowkb,uncertainty,3,407,0.0648592,0.818182,0.9,0.857143,20,0.96875,0.0426773,-0.0154931,18,4,0.8125,0.96875,0.96875,0.0917293,0.444444,1,0.075,0.3,0.5,0.85,0.9,1.05,first_order
simgp24_lowkb,uncertainty,4,407,0.0520857,0.894737,0.894737,0.894737,19,1,0.0342739,0.00227592,17,2,0.806452,0.967742,1,0.0886888,0.555556,0.935484,0.075,0.3,0.5,0.85,0.9,1.05,first_order
simgp24_lowkb,uncertainty,5,407,0.0541694,0.842105,0.888889,0.864865,18,0.966667,0.0377064,-0.00202822,16,3,0.833333,0.933333,0.966667,0.0928481,0.555556,0.9,0.25,0.1,0.5,1,1.1,0.9,first_order
simgp24_lowkb,uncertainty,6,407,0.0640445,0.833333,0.882353,0.857143,17,0.965517,0.0433552,-0.0112984,15,3,0.689655,0.896552,0.965517,0.101289,0.625,0.862069,0.25,0.1,0,1,1.1,0.9,first_order
simgp24_lowkb,uncertainty,7,407,0.0802114,0.736842,0.875,0.8,16,0.857143,0.0558161,-0.0356464,14,5,0.464286,0.714286,0.928571,0.116154,0.625,0.892857,0.0125,0.6,0.5,1,1.1,1.05,first_order
simgp24_lowkb,uncertainty,8,407,0.06845,0.8125,0.866667,0.83871,15,0.851852,0.046167,-0.0147647,13,3,0.555556,0.814815,0.925926,0.0954217,0.428571,0.925926,0.0125,0.3,1,1,0.9,0.95,first_order
simgp24_lowkb,uncertainty,9,407,0.0646868,0.8,0.857143,0.827586,14,1,0.0466633,-0.0200934,12,3,0.769231,0.923077,1,0.0905786,0.714286,0.961538,0.0125,0.3,1,0.85,0.9,1,first_order
simgp24_lowkb,uncertainty,10,407,0.150683,0.684211,1,0.8125,13,0.72,0.110828,-0.110828,13,6,0.12,0.44,0.84,0.115445,0.833333,1,0.0125,0.3,1,0.85,0.9,1,first_order
simgp24_lowkb,uncertainty,11,407,0.115874,0.684211,1,0.8125,13,0.916667,0.0815316,-0.080486,13,6,0.333333,0.833333,1,0.0932702,0.833333,1,0.025,0.3,1,0.85,0.9,1.05,first_order
simgp24_lowkb,uncertainty,12,407,0.113166,0.684211,1,0.8125,13,0.826087,0.0809151,-0.0809151,13,6,0.304348,0.521739,0.956522,0.0996727,0.833333,1,0.0125,0.3,1,0.85,0.9,1.05,first_order
simgp24_lowkb,uncertainty,13,407,0.123143,0.666667,1,0.8,12,0.636364,0.0843295,-0.0843295,12,6,0.227273,0.454545,0.863636,0.103734,0.833333,1,0.0125,0.3,1,0.85,0.9,1.05,first_order
simgp24_lowkb,uncertainty,14,407,0.0748415,0.647059,0.916667,0.758621,12,0.952381,0.056208,-0.0537904,11,6,0.428571,0.952381,0.952381,0.112817,0.833333,1,0.0125,0.3,1,0.85,0.9,1.05,first_order
simgp24_lowkb,uncertainty,15,407,0.0715615,0.625,0.909091,0.740741,11,0.95,0.0536754,-0.0511264,10,6,0.5,0.85,0.95,0.119946,0.8,1,0.0125,0.3,1,0.85,0.9,1.05,first_order
simgp24_lowkb,straddle,3,407,0.0648592,0.818182,0.9,0.857143,20,0.96875,0.0426773,-0.0154931,18,4,0.8125,0.96875,0.96875,0.0917293,0.444444,1,0.075,0.3,0.5,0.85,0.9,1.05,first_order
simgp24_lowkb,straddle,4,407,0.0568639,0.85,0.894737,0.871795,19,0.967742,0.0358833,0.00190485,17,3,0.83871,0.935484,0.967742,0.0867498,0.5,0.935484,0.1,0.3,0.5,0.85,1.1,1.1,first_order
simgp24_lowkb,straddle,5,407,0.0574256,0.882353,0.833333,0.857143,18,0.966667,0.0391378,-0.00711844,15,2,0.666667,0.933333,1,0.0849496,0.75,0.9,0.05,0.3,1,0.85,0.9,1.1,first_order
simgp24_lowkb,straddle,6,407,0.079396,0.789474,0.882353,0.833333,17,1,0.0589905,-0.0382206,15,4,0.689655,1,1,0.100853,0.75,1,0.25,0.1,0.5,0.85,0.9,1.05,first_order
simgp24_lowkb,straddle,7,407,0.0658034,0.933333,0.875,0.903226,16,0.964286,0.0435368,0.0149816,14,1,0.892857,0.964286,0.964286,0.205283,0.75,0.964286,0.25,0.1,0,0.85,0.9,0.95,first_order
simgp24_lowkb,straddle,8,407,0.0761132,0.866667,0.866667,0.866667,15,0.962963,0.046499,0.00664223,13,2,0.925926,0.962963,0.962963,0.236422,0.75,0.925926,0.025,0.3,1,0.85,0.9,1.1,first_order
simgp24_lowkb,straddle,9,407,0.0544668,0.928571,0.866667,0.896552,15,1,0.0374674,-0.00200144,13,1,0.846154,1,1,0.088788,0.75,0.961538,0.075,0.3,0.5,0.85,1.1,1.05,first_order
simgp24_lowkb,straddle,10,407,0.0586209,0.857143,0.857143,0.857143,14,1,0.0408187,-0.0131691,12,2,0.84,1,1,0.0926961,0.714286,1,0.075,0.3,0.5,0.85,1.1,1,first_order
simgp24_lowkb,straddle,11,407,0.0611957,0.846154,0.846154,0.846154,13,1,0.0421268,-0.0129064,11,2,0.875,1,1,0.0932648,0.833333,1,0.1,0.3,0.5,0.85,0.9,1.05,first_order
simgp24_lowkb,straddle,12,407,0.0619036,0.833333,0.833333,0.833333,12,1,0.0433941,-0.00993519,10,2,0.869565,1,1,0.0925899,0.8,0.956522,0.025,0.3,1,0.85,0.9,1.1,first_order
simgp24_lowkb,straddle,13,407,0.0669719,0.818182,0.818182,0.818182,11,1,0.0482416,-0.0184624,9,2,0.681818,1,1,0.104438,0.75,1,0.1,0.3,0.5,0.85,0.9,1.05,first_order
simgp24_lowkb,straddle,14,407,0.0716369,0.8,0.8,0.8,10,1,0.0514287,-0.0218789,8,2,0.761905,1,1,0.111933,0.666667,0.952381,0.0125,0.3,1,0.85,0.9,1,first_order
simgp24_lowkb,straddle,15,407,0.0769466,0.777778,0.777778,0.777778,9,1,0.0559688,-0.0454756,7,2,0.65,0.95,1,0.111237,0.666667,0.95,0.0125,0.3,1,0.85,0.9,1,first_order
simgp24_lowkb,straddle_min,3,407,0.0648592,0.818182,0.9,0.857143,20,0.96875,0.0426773,-0.0154931,18,4,0.8125,0.96875,0.96875,0.0917293,0.444444,1,0.075,0.3,0.5,0.85,0.9,1.05,first_order
simgp24_lowkb,straddle_min,4,407,0.0838886,0.772727,0.894737,0.829268,19,0.967742,0.0609165,-0.0469253,17,5,0.516129,0.935484,0.967742,0.110403,0.666667,1,0.05,0.6,0,1,1.1,0.9,first_order
simgp24_lowkb,straddle_min,5,407,0.154982,0.791667,1,0.883721,19,0.833333,0.107285,-0.107285,19,5,0.133333,0.666667,0.833333,0.265892,0.666667,0.433333,0.0125,1,0,1,1.1,1,first_order
simgp24_lowkb,straddle_min,6,407,0.157637,0.782609,1,0.878049,18,0.689655,0.112272,-0.112272,18,5,0,0.448276,0.827586,0.262141,0.777778,0.413793,0.0125,1,0,1,1.1,0.95,first_order
simgp24_lowkb,straddle_min,7,407,0.136523,0.772727,1,0.871795,17,0.821429,0.0936368,-0.0936368,17,5,0.142857,0.607143,0.857143,0.187798,0.666667,0.857143,0.0125,0.6,0.5,1,0.9,0.95,first_order
simgp24_lowkb,straddle_min,8,407,0.161298,0.85,1,0.918919,17,0.777778,0.104418,-0.104418,17,3,0.333333,0.666667,0.777778,0.208528,0.666667,0.814815,0.025,0.6,0,1,1.1,0.9,first_order
simgp24_lowkb,straddle_min,9,407,0.166903,0.8,1,0.888889,16,0.730769,0.105755,-0.105755,16,4,0.423077,0.730769,0.730769,0.228518,0.666667,1,0.0125,0.3,1,0.85,0.9,1.05,first_order
simgp24_lowkb,straddle_min,10,407,0.148945,0.833333,1,0.909091,15,0.76,0.0805693,-0.0766183,15,3,0.68,0.76,0.76,0.227231,0.666667,0.8,0.0125,0.3,0.5,0.85,1.1,0.9,first_order
simgp24_lowkb,straddle_min,11,407,0.0920108,0.777778,1,0.875,14,0.958333,0.0639702,-0.0601156,14,4,0.583333,0.916667,0.958333,0.108318,0.666667,1,0.0125,0.3,0.5,0.85,1.1,0.9,first_order
simgp24_lowkb,straddle_min,12,407,0.101534,0.823529,1,0.903226,14,1,0.0730977,-0.0585262,14,3,0.391304,0.913043,1,0.128018,0.555556,1,0.0125,0.6,0.5,1.15,1,0.9,first_order
simgp24_lowkb,straddle_min,13,407,0.104529,0.875,1,0.933333,14,0.909091,0.0709287,-0.0709287,14,2,0.5,0.863636,1,0.106346,0.555556,1,0.0125,0.3,1,0.85,1.1,1,first_order
simgp24_lowkb,straddle_min,14,407,0.0957984,0.866667,1,0.928571,13,0.952381,0.0646075,-0.0575177,13,2,0.619048,0.952381,0.952381,0.107556,0.555556,0.952381,0.0125,0.3,1,1,1.1,0.9,first_order
simgp24_lowkb,straddle_min,15,407,0.0727194,0.857143,1,0.923077,12,1,0.0453862,-0.0269251,12,2,0.9,0.95,1,0.0989668,0.625,1,0.0125,0.3,0.5,0.85,1.1,0.9,first_order
simgp24_lowkb,random,3,400,0.0531377,0.75,1,0.857143,12,1,0.0388216,-0.0315959,12,4,0.71875,0.96875,1,0.0792271,0.5,1,0.1,0.3,0.5,1,0.9,1.05,2ra
simgp24_lowkb,random,4,400,0.0525433,0.733333,1,0.846154,11,1,0.0379048,-0.0283816,11,4,0.677419,0.935484,1,0.0798792,0.5,1,0.1,0.3,0,0.85,1.1,1.05,2ra
simgp24_lowkb,random,5,400,0.0480216,0.846154,1,0.916667,11,1,0.034116,-0.0182054,11,2,0.7,0.866667,1,0.0661984,0.5,1,0.1,0.3,0,0.85,1.1,1.05,2ra
simgp24_lowkb,random,6,400,0.0556821,0.769231,1,0.869565,10,0.965517,0.0405149,-0.0295414,10,3,0.62069,0.827586,0.965517,0.0851696,0.5,1,0.1,0.3,0.5,1,1,1,2ra
simgp24_lowkb,random,7,400,0.0541391,0.75,1,0.857143,9,0.964286,0.0392959,-0.0238853,9,3,0.607143,0.821429,1,0.0819702,0.5,1,0.075,0.3,0.5,1,1,1,2ra
simgp24_lowkb,random,8,400,0.0523209,0.8,1,0.888889,8,0.962963,0.0377772,-0.0196428,8,2,0.592593,0.777778,0.962963,0.081089,0.5,1,0.1,0.3,0,1,1,0.9,2ra
simgp24_lowkb,random,9,400,0.0567092,0.8,1,0.888889,8,0.923077,0.0426593,-0.0245948,8,2,0.576923,0.769231,0.961538,0.0831066,0.5,1,0.1,0.3,0,1,1,0.9,2ra
simgp24_lowkb,random,10,400,0.0609362,0.8,1,0.888889,8,0.88,0.0466963,-0.0315231,8,2,0.48,0.8,0.96,0.0931506,0,0.96,0.05,0.3,0.5,1,1,0.95,2ra
simgp24_lowkb,random,11,400,0.0558084,0.8,1,0.888889,8,0.916667,0.0422798,-0.0248633,8,2,0.541667,0.791667,0.958333,0.0863917,0,1,0.075,0.3,0.5,1,0.9,1,2ra
simgp24_lowkb,random,12,400,0.050634,1,0.875,0.933333,8,0.956522,0.0403096,-0.00867479,7,0,0.695652,0.826087,1,0.0789461,0.5,1,0.075,0.1,1,0.85,1.1,0.9,2ra
simgp24_lowkb,random,13,400,0.0563647,1,0.875,0.933333,8,0.909091,0.0447446,-0.0200481,7,0,0.636364,0.863636,0.954545,0.0777135,0.5,1,0.075,0.1,1,0.85,1.1,0.9,2ra
simgp24_lowkb,random,14,400,0.0518964,1,0.875,0.933333,8,0.904762,0.0396983,-0.0123462,7,0,0.571429,0.809524,0.952381,0.078256,0.5,1,0.075,0.1,1,0.85,1.1,0.9,2ra
simgp24_lowkb,random,15,400,0.0516009,1,0.857143,0.923077,7,0.85,0.038386,-0.00901511,6,0,0.7,0.8,1,0.0792555,0.5,1,0.075,0.1,1,0.85,1.1,0.9,2ra
simgp24_lowkb,uncertainty,3,400,0.0531377,0.75,1,0.857143,12,1,0.0388216,-0.0315959,12,4,0.71875,0.96875,1,0.0792271,0.5,1,0.1,0.3,0.5,1,0.9,1.05,2ra
simgp24_lowkb,uncertainty,4,400,0.0473617,0.833333,0.909091,0.869565,11,1,0.0340636,-0.0188962,10,2,0.741935,0.967742,1,0.0667279,0.5,1,0.1,0.3,0.5,1,1.1,1.1,2ra
simgp24_lowkb,uncertainty,5,400,0.05283,0.833333,1,0.909091,10,1,0.0396489,-0.0281734,10,2,0.766667,0.933333,1,0.0708998,1,0.966667,0.1,0.3,0.5,1,1.1,1.1,2ra
simgp24_lowkb,uncertainty,6,400,0.0490589,0.818182,1,0.9,9,1,0.0360613,-0.0211225,9,2,0.724138,0.896552,1,0.0641133,1,1,0.1,0.3,0,1,1.1,0.95,2ra
simgp24_lowkb,uncertainty,7,400,0.0443668,0.8,1,0.888889,8,1,0.0329193,-0.00640183,8,2,0.785714,0.928571,1,0.0548665,0.5,1,0.25,0.1,0.5,1,0.9,0.95,2ra
simgp24_lowkb,uncertainty,8,400,0.055514,1,0.428571,0.6,7,1,0.0450852,0.0123076,3,0,0.777778,0.962963,1,0.0934962,0,1,0.1,0.1,1,1,0.9,0.9,2ra
simgp24_lowkb,uncertainty,9,400,0.0564798,1,0.666667,0.8,6,1,0.0439032,-0.00305055,4,0,0.807692,1,1,0.0965494,1,1,0.05,0.3,0.5,1,0.9,1.1,2ra
simgp24_lowkb,uncertainty,10,400,0.0876037,0.714286,1,0.833333,5,1,0.0598597,-0.0437991,5,2,0.72,1,1,0.0659275,1,1,0.0125,0.3,0.5,1,0.9,1.1,2ra
simgp24_lowkb,uncertainty,11,400,0.0813736,0.833333,1,0.909091,5,1,0.0567758,-0.0369142,5,1,0.708333,1,1,0.07056,1,1,0.0125,0.3,0.5,1,0.9,1.1,2ra
simgp24_lowkb,uncertainty,12,400,0.085203,1,1,1,5,1,0.058489,-0.03473,5,0,0.652174,1,1,0.0713476,1,1,0.0125,0.3,0,1,0.9,0.95,2ra
simgp24_lowkb,uncertainty,13,400,0.0548114,1,0.8,0.888889,5,1,0.0407698,0.0256255,4,0,0.818182,0.954545,1,0.0822847,1,1,0.0125,0.3,0,1,0.9,0.95,2ra
simgp24_lowkb,uncertainty,14,400,0.0633044,1,0.8,0.888889,5,1,0.0464974,0.00633494,4,0,0.857143,0.904762,1,0.0782029,1,1,0.0125,0.3,0,1,0.9,0.95,2ra
simgp24_lowkb,uncertainty,15,400,0.0627738,1,0.8,0.888889,5,1,0.048214,0.032474,4,0,0.7,0.85,1,0.0845026,1,1,0.0125,0.3,0,1,0.9,1,2ra
simgp24_lowkb,straddle,3,400,0.0531377,0.75,1,0.857143,12,1,0.0388216,-0.0315959,12,4,0.71875,0.96875,1,0.0792271,0.5,1,0.1,0.3,0.5,1,0.9,1.05,2ra
simgp24_lowkb,straddle,4,400,0.0449987,0.833333,0.909091,0.869565,11,1,0.0315897,-0.0120407,10,2,0.774194,0.935484,1,0.0634175,0.5,1,0.1,0.3,0,0.85,0.9,1.1,2ra
simgp24_lowkb,straddle,5,400,0.0469059,0.909091,0.909091,0.909091,11,1,0.0318099,-0.0119635,10,1,0.766667,0.9,1,0.0716887,0,1,0.075,0.3,0,1,1.1,0.9,2ra
simgp24_lowkb,straddle,6,400,0.0755121,0.666667,1,0.8,10,0.862069,0.0558616,-0.0486592,10,5,0.482759,0.793103,0.931034,0.102956,0.5,1,0.1,0.3,0,1,1,0.9,2ra
simgp24_lowkb,straddle,7,400,0.05597,0.888889,0.888889,0.888889,9,0.964286,0.0422879,-0.0209051,8,1,0.821429,0.964286,0.964286,0.0921412,0,0.964286,0.0125,0.3,0.5,1,1.1,0.95,2ra
simgp24_lowkb,straddle,8,400,0.0481591,1,0.875,0.933333,8,0.925926,0.0351898,0.00609903,7,0,0.666667,0.925926,1,0.0621543,0,1,0.025,0.3,0,1,1.1,0.9,2ra
simgp24_lowkb,straddle,9,400,0.105171,0.777778,1,0.875,7,1,0.0732381,-0.0614279,7,2,0.653846,0.923077,1,0.0710905,0,1,0.0125,0.3,0.5,1,1.1,1,2ra
simgp24_lowkb,straddle,10,400,0.0664654,0.833333,0.833333,0.833333,6,0.92,0.0503571,-0.0115489,5,1,0.76,0.92,0.96,0.0932368,0,0.96,0.0125,0.3,0.5,1,1.1,0.95,2ra
simgp24_lowkb,straddle,11,400,0.0708007,1,0.833333,0.909091,6,0.875,0.0527578,-0.00302889,5,0,0.708333,0.875,0.916667,0.088922,0,0.958333,0.0125,0.3,0.5,1,1.1,1,2ra
simgp24_lowkb,straddle,12,400,0.0571071,1,0.8,0.888889,5,0.73913,0.0414448,-0.019152,4,0,0.608696,0.73913,0.826087,0.0838723,1,1,0.0125,0.3,0.5,1,1.1,0.95,2ra
simgp24_lowkb,straddle,13,400,0.0558392,1,0.75,0.857143,4,0.727273,0.0415477,-0.0117703,3,0,0.590909,0.727273,0.818182,0.0763292,1,1,0.0125,0.3,0.5,1,1.1,0.95,2ra
simgp24_lowkb,straddle,14,400,0.0572005,1,0.666667,0.8,3,0.952381,0.043261,-0.00594559,2,0,0.761905,0.904762,1,0.0742782,1,1,0.0125,0.3,0.5,1,1.1,1,2ra
simgp24_lowkb,straddle,15,400,0.0636833,1,1,1,2,1,0.0475508,-0.0164042,2,0,0.75,0.95,1,0.0886674,1,1,0.0125,0.3,0.5,1,1.1,0.95,2ra
simgp24_lowkb,straddle_min,3,400,0.0531377,0.75,1,0.857143,12,1,0.0388216,-0.0315959,12,4,0.71875,0.96875,1,0.0792271,0.5,1,0.1,0.3,0.5,1,0.9,1.05,2ra
simgp24_lowkb,straddle_min,4,400,0.0486648,0.846154,1,0.916667,11,1,0.0351198,-0.0233513,11,2,0.741935,0.967742,1,0.069749,0.5,1,0.1,0.3,0.5,1,1.1,1.1,2ra
simgp24_lowkb,straddle_min,5,400,0.0498959,0.833333,1,0.909091,10,1,0.0364597,-0.0247443,10,2,0.7,1,1,0.0714552,1,0.966667,0.1,0.3,0.5,1,1.1,1.05,2ra
simgp24_lowkb,straddle_min,6,400,0.0508891,0.909091,1,0.952381,10,0.965517,0.0369237,-0.0254044,10,1,0.62069,0.931034,1,0.0764343,0.5,0.965517,0.1,0.3,0.5,1,1.1,1.1,2ra
simgp24_lowkb,straddle_min,7,400,0.0556291,0.818182,1,0.9,9,0.928571,0.0416899,-0.0290867,9,2,0.535714,0.857143,0.964286,0.080765,0.5,0.964286,0.1,0.3,0.5,1,1.1,1.1,2ra
simgp24_lowkb,straddle_min,8,400,0.0511776,0.9,1,0.947368,9,0.925926,0.0359784,-0.0212242,9,1,0.703704,0.851852,1,0.0790851,1,0.962963,0.1,0.3,0,1,1.1,0.95,2ra
simgp24_lowkb,straddle_min,9,400,0.0507185,1,1,1,8,1,0.0368074,-0.00496281,8,0,0.769231,0.884615,1,0.0694624,0.5,1,0.075,0.3,0,1,1,0.95,2ra
simgp24_lowkb,straddle_min,10,400,0.0511534,1,1,1,8,0.88,0.036354,-0.00621406,8,0,0.72,0.72,1,0.0669397,0.5,0.96,0.075,0.3,0,1,1,0.95,2ra
simgp24_lowkb,straddle_min,11,400,0.0547485,1,1,1,7,1,0.0398008,-0.0191797,7,0,0.708333,0.875,1,0.0751485,0.5,0.958333,0.05,0.3,0.5,1,1,1.05,2ra
simgp24_lowkb,straddle_min,12,400,0.0540898,1,1,1,7,0.73913,0.0396982,-0.00939282,7,0,0.695652,0.695652,0.956522,0.0732791,0.5,0.913043,0.075,0.3,0.5,1,1,1.1,2ra
simgp24_lowkb,straddle_min,13,400,0.0550278,1,1,1,6,0.727273,0.0409135,-0.010254,6,0,0.681818,0.681818,0.818182,0.0739869,0.5,0.909091,0.075,0.3,0.5,1,1,1.1,2ra
simgp24_lowkb,straddle_min,14,400,0.102713,1,1,1,5,0.857143,0.0736144,-0.0590515,5,0,0.47619,0.761905,1,0.070951,1,0.952381,0.0125,0.3,0.5,1,1.1,1.05,2ra
simgp24_lowkb,straddle_min,15,400,0.0778259,1,1,1,5,0.95,0.0572368,-0.0386667,5,0,0.55,0.95,1,0.0700653,1,0.95,0.0125,0.3,0.5,1,1.1,1.05,2ra
simgp24_lowkb,random,3,401,0.0321312,0.681818,1,0.810811,15,1,0.0229335,-0.0154568,15,7,0.8125,1,1,0.0930191,0.333333,1,0.25,0.3,0,1.15,0.9,1.05,2ra
simgp24_lowkb,random,4,401,0.0308631,0.714286,1,0.833333,15,1,0.0215066,-0.0146702,15,6,0.806452,1,1,0.0916051,0.333333,1,0.4,0.1,0,1.15,1,0.9,2ra
simgp24_lowkb,random,5,401,0.0320414,0.681818,1,0.810811,15,1,0.0218859,-0.013999,15,7,0.8,1,1,0.0886728,0.333333,1,0.0125,0.3,1,1,0.9,1,2ra
simgp24_lowkb,random,6,401,0.0329375,0.666667,1,0.8,14,1,0.0240906,-0.0166592,14,7,0.793103,1,1,0.0891328,0.333333,1,0.075,0.3,0.5,1,0.9,0.95,2ra
simgp24_lowkb,random,7,401,0.034845,0.666667,1,0.8,14,1,0.0265644,-0.0187874,14,7,0.75,1,1,0.0884084,0.333333,1,0.025,0.3,1,1,0.9,1,2ra
simgp24_lowkb,random,8,401,0.0451923,0.619048,1,0.764706,13,0.962963,0.0394162,-0.0320815,13,8,0.481481,0.888889,1,0.0975056,0.333333,0.962963,0.05,0.3,1,1,0.9,1,2ra
simgp24_lowkb,random,9,401,0.0452699,0.6,1,0.75,12,0.961538,0.0389597,-0.0306547,12,8,0.538462,0.884615,1,0.0995427,0.333333,0.961538,0.05,0.3,1,1,0.9,1,2ra
simgp24_lowkb,random,10,401,0.0435604,0.631579,1,0.774194,12,0.96,0.0373385,-0.0289228,12,7,0.48,0.92,0.96,0.0997514,0.333333,0.88,0.05,0.3,1,1,0.9,1,2ra
simgp24_lowkb,random,11,401,0.0383423,0.647059,1,0.785714,11,0.958333,0.0313626,-0.021382,11,6,0.583333,0.958333,1,0.10114,0.666667,0.958333,0.025,0.3,1,1,0.9,1,2ra
simgp24_lowkb,random,12,401,0.0390775,0.625,1,0.769231,10,0.956522,0.0313871,-0.0201955,10,6,0.521739,0.913043,0.956522,0.100902,1,0.869565,0.05,0.3,1,1,0.9,1,2ra
simgp24_lowkb,random,13,401,0.0392776,0.625,1,0.769231,10,0.954545,0.0312564,-0.0194725,10,6,0.5,0.954545,0.954545,0.102288,1,0.863636,0.05,0.3,1,1,0.9,1,2ra
simgp24_lowkb,random,14,401,0.040272,0.625,1,0.769231,10,0.952381,0.0318619,-0.0188966,10,6,0.52381,0.952381,0.952381,0.104778,1,0.857143,0.05,0.3,1,1,0.9,1,2ra
simgp24_lowkb,random,15,401,0.0398442,0.625,1,0.769231,10,0.95,0.0316927,-0.0182682,10,6,0.55,0.95,0.95,0.107243,1,0.85,0.05,0.3,1,1,0.9,1,2ra
simgp24_lowkb,uncertainty,3,401,0.0321312,0.681818,1,0.810811,15,1,0.0229335,-0.0154568,15,7,0.8125,1,1,0.0930191,0.333333,1,0.25,0.3,0,1.15,0.9,1.05,2ra
simgp24_lowkb,uncertainty,4,401,0.0304417,0.764706,0.928571,0.83871,14,1,0.0229878,1.48571e-05,13,4,0.903226,1,1,0.0930444,0.333333,1,0.25,0.1,0.5,1,0.9,0.9,2ra
simgp24_lowkb,uncertainty,5,401,0.0317792,0.684211,1,0.8125,13,1,0.0242682,-0.00893005,13,6,0.866667,1,1,0.0752644,0.666667,1,0.1,0.3,0,1,1.1,0.9,2ra
simgp24_lowkb,uncertainty,6,401,0.0307778,0.833333,0.833333,0.833333,12,1,0.0225935,0.0109337,10,2,0.896552,1,1,0.0786684,0,1,0.0125,0.3,0.5,1,1.1,0.9,2ra
simgp24_lowkb,uncertainty,7,401,0.0340491,0.727273,0.727273,0.727273,11,1,0.0251594,0.0123313,8,3,0.964286,0.964286,1,0.0694502,0.5,1,0.0125,0.3,0,0.85,0.9,0.9,2ra
simgp24_lowkb,uncertainty,8,401,0.032554,0.888889,0.727273,0.8,11,1,0.0264469,0.0221338,8,1,0.814815,1,1,0.0766513,0.5,1,0.0125,0.3,0,0.85,0.9,0.9,2ra
simgp24_lowkb,uncertainty,9,401,0.0309891,0.875,0.7,0.777778,10,1,0.0250909,0.017696,7,1,0.807692,1,1,0.0756674,0.5,1,0.0125,0.3,0.5,1,1.1,0.9,2ra
simgp24_lowkb,uncertainty,10,401,0.0244312,0.727273,0.888889,0.8,9,1,0.0175775,-0.00605762,8,3,0.84,1,1,0.06312,1,1,0.0125,0.3,0.5,1,1.1,0.9,2ra
simgp24_lowkb,uncertainty,11,401,0.06477,0.666667,1,0.8,8,1,0.0368415,-0.0333581,8,4,0.791667,0.958333,1,0.0628699,1,1,0.0125,0.3,0.5,1,1.1,0.9,2ra
simgp24_lowkb,uncertainty,12,401,0.0296668,0.7,1,0.823529,7,1,0.0220623,-0.0151283,7,3,0.956522,1,1,0.0532721,1,1,0.0125,0.3,0.5,1,1.1,0.9,2ra
simgp24_lowkb,uncertainty,13,401,0.0361791,0.75,0.5,0.6,6,1,0.0296598,0.0284617,3,1,0.636364,1,1,0.0694379,1,0.954545,0.025,0.3,0,0.85,0.9,0.9,2ra
simgp24_lowkb,uncertainty,14,401,0.0616442,0.6,0.6,0.6,5,1,0.0340434,-0.0227059,3,2,0.857143,0.952381,1,0.0741943,0,1,0.0125,0.3,0,0.85,0.9,0.9,2ra
simgp24_lowkb,uncertainty,15,401,0.0797198,0.5,0.6,0.545455,5,1,0.0431113,-0.0333125,3,3,0.85,0.95,1,0.0824126,0,1,0.0125,0.3,0,0.85,0.9,0.9,2ra
simgp24_lowkb,straddle,3,401,0.0321312,0.681818,1,0.810811,15,1,0.0229335,-0.0154568,15,7,0.8125,1,1,0.0930191,0.333333,1,0.25,0.3,0,1.15,0.9,1.05,2ra
simgp24_lowkb,straddle,4,401,0.029712,0.857143,0.857143,0.857143,14,1,0.0210529,0.00995541,12,2,0.935484,1,1,0.088443,0.333333,1,0.25,0.1,0,1,0.9,0.9,2ra
simgp24_lowkb,straddle,5,401,0.0328644,0.818182,0.692308,0.75,13,1,0.0243283,0.0175653,9,2,0.866667,1,1,0.0878658,0.5,1,0.0125,0.3,0.5,1,1,1,2ra
simgp24_lowkb,straddle,6,401,0.0446527,0.8,0.666667,0.727273,12,1,0.0385492,0.0335326,8,2,0.62069,0.965517,1,0.124607,0,0.896552,0.0125,0.3,0.5,1,1,1,2ra
simgp24_lowkb,straddle,7,401,0.0552489,0.833333,0.454545,0.588235,11,1,0.0498781,0.0474633,5,1,0.571429,1,1,0.120092,0,1,0.075,0.1,1,1,1,0.9,2ra
simgp24_lowkb,straddle,8,401,0.0384527,0.75,0.6,0.666667,10,1,0.0323584,0.0269502,6,2,0.666667,1,1,0.103165,0,1,0.0125,0.3,0.5,1,1,1,2ra
simgp24_lowkb,straddle,9,401,0.0291315,0.777778,0.777778,0.777778,9,1,0.0242864,0.0132805,7,2,0.807692,1,1,0.0863657,0.5,1,0.025,0.3,0,0.85,0.9,0.9,2ra
simgp24_lowkb,straddle,10,401,0.0325524,0.75,0.75,0.75,8,1,0.0279051,0.0192701,6,2,0.68,1,1,0.0896437,1,1,0.0125,0.3,0.5,1,1.1,0.9,2ra
simgp24_lowkb,straddle,11,401,0.0377454,0.75,0.375,0.5,8,1,0.0334349,0.0296206,3,1,0.625,1,1,0.093817,1,1,0.0125,0.3,0.5,1.15,1,0.9,2ra
simgp24_lowkb,straddle,12,401,0.0300873,0.666667,0.857143,0.75,7,1,0.0225066,-0.0146375,6,3,0.956522,1,1,0.0665905,1,1,0.0125,0.3,0.5,0.85,0.9,0.9,2ra
simgp24_lowkb,straddle,13,401,0.031622,0.75,0.5,0.6,6,1,0.0270493,0.0196916,3,1,0.909091,1,1,0.0790782,1,1,0.0125,0.3,0.5,0.85,0.9,0.95,2ra
simgp24_lowkb,straddle,14,401,0.0738999,0.625,1,0.769231,5,0.952381,0.0433613,-0.0391903,5,3,0.714286,0.904762,1,0.041305,0,1,0.0125,0.3,0.5,1,1.1,0.9,2ra
simgp24_lowkb,straddle,15,401,0.0365574,0.666667,0.5,0.571429,4,1,0.0273472,0.00257427,2,1,0.8,1,1,0.0682515,1,1,0.0125,0.3,0,0.85,0.9,0.9,2ra
simgp24_lowkb,straddle_min,3,401,0.0321312,0.681818,1,0.810811,15,1,0.0229335,-0.0154568,15,7,0.8125,1,1,0.0930191,0.333333,1,0.25,0.3,0,1.15,0.9,1.05,2ra
simgp24_lowkb,straddle_min,4,401,0.0302463,0.764706,0.928571,0.83871,14,1,0.0228461,0.000648707,13,4,0.903226,1,1,0.0938113,0.333333,1,0.25,0.1,0.5,1,0.9,0.9,2ra
simgp24_lowkb,straddle_min,5,401,0.0300744,0.705882,0.923077,0.8,13,1,0.0237055,-0.00151938,12,5,0.9,1,1,0.0774016,0.666667,1,0.1,0.3,0,1,1.1,0.9,2ra
simgp24_lowkb,straddle_min,6,401,0.0295432,0.75,0.923077,0.827586,13,1,0.0223635,-0.00141022,12,4,0.827586,1,1,0.0752032,0.666667,1,0.025,0.3,0.5,1,1.1,0.9,2ra
simgp24_lowkb,straddle_min,7,401,0.0320515,0.764706,1,0.866667,13,1,0.0235698,-0.0076146,13,4,0.821429,0.964286,1,0.0675353,0.333333,0.964286,0.0125,0.3,1,1,1.1,1,2ra
simgp24_lowkb,straddle_min,8,401,0.0361686,0.75,1,0.857143,12,0.962963,0.02683,-0.0131984,12,4,0.62963,0.962963,1,0.0673369,0.666667,0.962963,0.0125,0.3,1,1,1.1,1,2ra
simgp24_lowkb,straddle_min,9,401,0.0321612,0.75,1,0.857143,12,1,0.0239462,-0.00327763,12,4,0.769231,0.961538,1,0.072084,0.333333,0.923077,0.0125,0.6,0,1,1.1,1.05,2ra
simgp24_lowkb,straddle_min,10,401,0.0377804,0.846154,0.916667,0.88,12,1,0.0280769,0.00869264,11,2,0.72,0.96,1,0.0788965,0.333333,0.96,0.0125,0.3,0.5,1,1.1,0.9,2ra
simgp24_lowkb,straddle_min,11,401,0.0399064,0.846154,1,0.916667,11,1,0.0299706,-0.00176315,11,2,0.75,0.958333,1,0.0933803,0.333333,1,0.0125,0.6,0,1,1.1,1.05,2ra
simgp24_lowkb,straddle_min,12,401,0.0416221,0.833333,1,0.909091,10,1,0.0316981,-0.00517007,10,2,0.695652,0.956522,1,0.0885646,0.333333,1,0.0125,0.3,1,1,0.9,1,2ra
simgp24_lowkb,straddle_min,13,401,0.052372,0.75,1,0.857143,9,0.954545,0.0426484,-0.0395901,9,3,0.5,0.909091,1,0.077989,0.333333,0.954545,0.0125,0.3,1,1,0.9,1,2ra
simgp24_lowkb,straddle_min,14,401,0.04795,0.818182,1,0.9,9,0.952381,0.036791,-0.00703751,9,2,0.619048,0.952381,1,0.0831444,0.333333,0.952381,0.0125,0.3,1,1,0.9,1,2ra
simgp24_lowkb,straddle_min,15,401,0.0469298,0.8,1,0.888889,8,0.95,0.0356713,-0.0030193,8,2,0.65,0.9,1,0.084201,0.333333,0.9,0.0125,0.3,1,1,0.9,1,2ra
simgp24_lowkb,random,3,402,0.0613487,0.647059,0.916667,0.758621,12,0.9375,0.0469178,-0.0397227,11,6,0.59375,0.90625,0.96875,0.076104,0.666667,1,0.0125,0.3,1,1,0.9,1.05,2ra
simgp24_lowkb,random,4,402,0.0604371,0.705882,1,0.827586,12,0.935484,0.0463126,-0.0388336,12,5,0.580645,0.903226,0.967742,0.0781888,0.333333,1,0.025,0.3,1,1.15,1,1,2ra
simgp24_lowkb,random,5,402,0.0600641,0.733333,0.916667,0.814815,12,0.933333,0.0450309,-0.0359141,11,4,0.6,0.9,0.966667,0.0719496,0.666667,1,0.0125,0.3,1,1.15,1,1,2ra
simgp24_lowkb,random,6,402,0.0538902,0.714286,0.909091,0.8,11,0.931034,0.0401499,-0.0298075,10,4,0.586207,0.896552,0.965517,0.0749691,0,1,0.0125,0.3,1,1.15,1,1,2ra
simgp24_lowkb,random,7,402,0.0432896,0.714286,0.909091,0.8,11,0.964286,0.035025,-0.0240743,10,4,0.607143,0.928571,0.964286,0.0748109,0,1,0.025,0.3,1,1.15,1,1.05,2ra
simgp24_lowkb,random,8,402,0.0377931,0.769231,0.909091,0.833333,11,1,0.0306662,-0.0179723,10,3,0.518519,0.962963,1,0.0790713,0,1,0.025,0.3,1,1.15,1,1.05,2ra
simgp24_lowkb,random,9,402,0.0492892,0.769231,0.909091,0.833333,11,0.961538,0.0386852,-0.0248888,10,3,0.423077,0.923077,1,0.0850122,0.5,0.961538,0.0125,0.3,1,1.15,1,1,2ra
simgp24_lowkb,random,10,402,0.0777224,0.666667,1,0.8,10,0.96,0.0547343,-0.0528571,10,5,0.44,0.84,1,0.0710517,0.5,1,0.0125,0.3,1,1,1.1,1.05,2ra
simgp24_lowkb,random,11,402,0.0423225,0.714286,1,0.833333,10,1,0.0352515,-0.0292602,10,4,0.541667,0.916667,1,0.0579066,0.5,1,0.0125,0.3,1,1,1.1,1.05,2ra
simgp24_lowkb,random,12,402,0.0344664,0.692308,0.9,0.782609,10,1,0.0299544,-0.0226292,9,4,0.652174,0.913043,1,0.0642636,0.5,1,0.0125,0.3,1,1,1.1,1.05,2ra
simgp24_lowkb,random,13,402,0.0722278,0.692308,1,0.818182,9,1,0.0527456,-0.0508344,9,4,0.5,0.909091,1,0.0706084,0.5,1,0.0125,0.3,1,1,1.1,1.05,2ra
simgp24_lowkb,random,14,402,0.0357054,0.9,1,0.947368,9,0.952381,0.0302384,-0.0272174,9,1,0.857143,0.904762,1,0.0958051,0,0.904762,0.0125,0.3,1,1,1.1,1.1,2ra
simgp24_lowkb,random,15,402,0.0785314,0.727273,1,0.842105,8,1,0.0533179,-0.0503233,8,3,0.45,0.85,1,0.0814153,0.5,1,0.0125,0.3,1,1,1.1,1.1,2ra
simgp24_lowkb,uncertainty,3,402,0.0613487,0.647059,0.916667,0.758621,12,0.9375,0.0469178,-0.0397227,11,6,0.59375,0.90625,0.96875,0.076104,0.666667,1,0.0125,0.3,1,1,0.9,1.05,2ra
simgp24_lowkb,uncertainty,4,402,0.0584671,0.714286,0.909091,0.8,11,0.967742,0.0421122,-0.0328279,10,4,0.806452,0.935484,1,0.0741919,0.666667,1,0.025,0.3,0.5,0.85,1,1.05,2ra
simgp24_lowkb,uncertainty,5,402,0.0380072,0.769231,0.909091,0.833333,11,0.966667,0.030331,-0.0143826,10,3,0.866667,0.966667,1,0.10407,0,0.866667,0.025,0.3,0.5,0.85,0.9,1.05,2ra
simgp24_lowkb,uncertainty,6,402,0.170908,0.45,0.9,0.6,10,0.689655,0.115849,-0.112838,9,11,0.241379,0.62069,0.689655,0.14706,0,1,0.0125,0.3,0,0.85,1.1,0.9,2ra
simgp24_lowkb,uncertainty,7,402,0.0596964,0.571429,0.888889,0.695652,9,0.928571,0.0473093,-0.0395868,8,6,0.464286,0.857143,0.964286,0.0615876,1,1,0.1,0.3,0,1,1.1,0.9,2ra
simgp24_lowkb,uncertainty,8,402,0.168521,0.421053,1,0.592593,8,0.518519,0.12685,-0.12685,8,11,0.037037,0.296296,0.777778,0.0475902,1,1,0.0125,0.3,1,0.85,1,1.1,2ra
simgp24_lowkb,uncertainty,9,402,0.0857031,0.5,1,0.666667,8,1,0.0692452,-0.0684027,8,8,0.846154,0.961538,1,0.0814294,1,1,0.025,0.3,1,1,0.9,1,2ra
simgp24_lowkb,uncertainty,10,402,0.0730791,0.538462,1,0.7,7,1,0.0557723,-0.0526386,7,6,0.96,0.96,1,0.0693076,1,1,0.0125,0.3,1,1,0.9,1.05,2ra
simgp24_lowkb,uncertainty,11,402,0.0774195,0.538462,1,0.7,7,1,0.0580495,-0.0552475,7,6,1,1,1,0.0762595,1,1,0.0125,0.3,1,1,0.9,1.05,2ra
simgp24_lowkb,uncertainty,12,402,0.0699099,0.625,0.833333,0.714286,6,1,0.0503937,-0.0398451,5,3,1,1,1,0.0719165,0,1,0.075,0.3,0,1,1,0.9,2ra
simgp24_lowkb,uncertainty,13,402,0.0782484,0.5,1,0.666667,5,1,0.0606567,-0.0567558,5,5,1,1,1,0.0853235,1,1,0.025,0.3,0.5,1,1,0.9,2ra
simgp24_lowkb,uncertainty,14,402,0.169263,0.416667,1,0.588235,5,0.809524,0.121767,-0.121767,5,7,0.0952381,0.666667,0.857143,0.0683404,1,1,0.025,0.3,0.5,1,1,0.9,2ra
simgp24_lowkb,uncertainty,15,402,0.1621,0.416667,1,0.588235,5,0.75,0.119758,-0.119758,5,7,0.05,0.65,0.9,0.0698722,1,1,0.025,0.3,0.5,1,1.1,0.9,2ra
simgp24_lowkb,straddle,3,402,0.0613487,0.647059,0.916667,0.758621,12,0.9375,0.0469178,-0.0397227,11,6,0.59375,0.90625,0.96875,0.076104,0.666667,1,0.0125,0.3,1,1,0.9,1.05,2ra
simgp24_lowkb,straddle,4,402,0.0453637,0.733333,0.916667,0.814815,12,1,0.0337844,-0.0240344,11,4,0.903226,0.967742,1,0.0808211,0.333333,0.967742,0.0125,0.3,0.5,0.85,0.9,1.05,2ra
simgp24_lowkb,straddle,5,402,0.0587209,0.714286,0.909091,0.8,11,0.966667,0.042869,-0.0321227,10,4,0.7,0.9,1,0.0737364,1,1,0.05,0.3,0,1,1.1,0.9,2ra
simgp24_lowkb,straddle,6,402,0.0444062,0.8,0.8,0.8,10,0.965517,0.0292335,-0.00515255,8,2,0.758621,0.965517,1,0.0726014,0.5,1,0.05,0.3,0,1,1,0.9,2ra
simgp24_lowkb,straddle,7,402,0.162121,0.45,1,0.62069,9,0.821429,0.120348,-0.120348,9,11,0.0357143,0.535714,0.892857,0.0881536,1,1,0.0125,0.3,1,0.85,0.9,1.05,2ra
simgp24_lowkb,straddle,8,402,0.100959,0.529412,1,0.692308,9,0.888889,0.0774015,-0.0774015,9,8,0.259259,0.666667,0.888889,0.0909839,1,0.962963,0.0125,0.3,1,0.85,0.9,1.1,2ra
simgp24_lowkb,straddle,9,402,0.102954,0.444444,1,0.615385,8,0.538462,0.0864673,-0.0862834,8,10,0.115385,0.423077,0.769231,0.0862084,0,0.923077,0.0125,0.6,0,0.85,1.1,1.1,2ra
simgp24_lowkb,straddle,10,402,0.108442,0.411765,1,0.583333,7,0.48,0.0905579,-0.0898364,7,10,0.12,0.4,0.72,0.0810747,0,0.96,0.0125,0.6,0,0.85,1.1,1.1,2ra
simgp24_lowkb,straddle,11,402,0.123456,0.388889,1,0.56,7,0.458333,0.102648,-0.102467,7,11,0.0833333,0.25,0.5,0.0946282,0,0.958333,0.0125,0.6,0,0.85,1.1,1.1,2ra
simgp24_lowkb,straddle,12,402,0.166088,0.461538,1,0.631579,6,0.695652,0.120556,-0.120556,6,7,0.0434783,0.608696,0.869565,0.0838586,0,0.956522,0.0125,0.3,0.5,0.85,1.1,0.95,2ra
simgp24_lowkb,straddle,13,402,0.161905,0.454545,1,0.625,5,0.681818,0.116009,-0.116009,5,6,0.181818,0.590909,0.818182,0.0900051,1,0.954545,0.0125,0.3,0.5,0.85,1.1,0.95,2ra
simgp24_lowkb,straddle,14,402,0.148497,0.444444,1,0.615385,4,0.761905,0.104913,-0.104896,4,5,0.142857,0.619048,0.904762,0.08989,1,0.952381,0.0125,0.3,0.5,0.85,1.1,0.95,2ra
simgp24_lowkb,straddle,15,402,0.153865,0.5,1,0.666667,4,0.7,0.108208,-0.108208,4,4,0.15,0.6,0.9,0.0907268,1,0.95,0.0125,0.3,0.5,0.85,1.1,0.95,2ra
simgp24_lowkb,straddle_min,3,402,0.0613487,0.647059,0.916667,0.758621,12,0.9375,0.0469178,-0.0397227,11,6,0.59375,0.90625,0.96875,0.076104,0.666667,1,0.0125,0.3,1,1,0.9,1.05,2ra
simgp24_lowkb,straddle_min,4,402,0.0527009,0.75,1,0.857143,12,0.935484,0.0389273,-0.0336033,12,4,0.677419,0.903226,1,0.103877,0.333333,0.935484,0.0125,0.3,0.5,0.85,0.9,1,2ra
simgp24_lowkb,straddle_min,5,402,0.0433725,0.769231,0.909091,0.833333,11,0.966667,0.0326118,-0.0170289,10,3,0.8,0.933333,0.966667,0.104443,0,0.866667,0.0125,0.3,0.5,0.85,0.9,1,2ra
simgp24_lowkb,straddle_min,6,402,0.0469419,0.727273,0.8,0.761905,10,0.965517,0.034438,-0.0126885,8,3,0.827586,0.965517,1,0.111261,0,0.862069,0.1,0.1,1,0.85,1,0.9,2ra
simgp24_lowkb,straddle_min,7,402,0.0359381,0.727273,0.888889,0.8,9,0.964286,0.0273614,-0.010202,8,3,0.821429,0.964286,0.964286,0.110587,0,0.857143,0.075,0.3,0,0.85,1.1,1,2ra
simgp24_lowkb,straddle_min,8,402,0.0375844,0.727273,1,0.842105,8,0.962963,0.0274153,-0.0154605,8,3,0.740741,0.925926,0.962963,0.109354,0,0.851852,0.075,0.3,0,0.85,1.1,1,2ra
simgp24_lowkb,straddle_min,9,402,0.0641501,0.8,1,0.888889,8,1,0.0426931,-0.0312441,8,2,0.846154,1,1,0.134541,0,0.923077,0.1,0.1,1,0.85,0.9,0.9,2ra
simgp24_lowkb,straddle_min,10,402,0.0681575,0.777778,1,0.875,7,1,0.046225,-0.0336532,7,2,0.84,0.96,1,0.138272,0,0.92,0.1,0.1,1,0.85,0.9,0.9,2ra
simgp24_lowkb,straddle_min,11,402,0.0678336,0.714286,0.833333,0.769231,6,1,0.0484374,-0.0239313,5,2,0.583333,0.958333,1,0.147733,0,0.833333,0.1,0.1,1,0.85,0.9,0.9,2ra
simgp24_lowkb,straddle_min,12,402,0.0775329,0.714286,1,0.833333,5,1,0.0534511,-0.029217,5,2,0.521739,0.956522,1,0.163212,0,0.869565,0.1,0.1,1,0.85,0.9,0.9,2ra
simgp24_lowkb,straddle_min,13,402,0.0620852,0.666667,1,0.8,4,1,0.045212,-0.0238879,4,2,0.636364,0.954545,1,0.14508,0,0.863636,0.1,0.1,1,0.85,0.9,0.9,2ra
simgp24_lowkb,straddle_min,14,402,0.165413,0.571429,1,0.727273,4,0.809524,0.108388,-0.106075,4,3,0.428571,0.714286,0.857143,0.113375,0,0.952381,0.1,0.1,1,0.85,0.9,0.9,2ra
simgp24_lowkb,straddle_min,15,402,0.067194,0.571429,1,0.727273,4,1,0.0547195,-0.0496786,4,3,0.75,0.95,1,0.168186,0,0.8,0.1,0.1,1,0.85,0.9,0.9,2ra
simgp24_lowkb,random,3,403,0.0685183,0.807692,1,0.893617,21,0.84375,0.0619308,-0.0505738,21,5,0.3125,0.65625,0.90625,0.0842503,0.857143,0.96875,0.025,1,0,1,0.9,1,2ra
simgp24_lowkb,random,4,403,0.0740698,0.8,1,0.888889,20,0.806452,0.0677933,-0.0670241,20,5,0.258065,0.516129,0.870968,0.0668007,0.833333,1,0.075,1,0,1,0.9,1.1,2ra
simgp24_lowkb,random,5,403,0.0783049,0.791667,1,0.883721,19,0.8,0.0680676,-0.0680676,19,5,0.233333,0.633333,0.9,0.0598173,0.666667,1,0.0125,1,0,1,0.9,1.1,2ra
simgp24_lowkb,random,6,403,0.0659086,0.782609,1,0.878049,18,0.793103,0.0585474,-0.0585474,18,5,0.310345,0.586207,0.931034,0.0614695,0.666667,1,0.0125,1,0,1,0.9,1.05,2ra
simgp24_lowkb,random,7,403,0.0666787,0.772727,1,0.871795,17,0.714286,0.0591098,-0.0591098,17,5,0.321429,0.535714,0.821429,0.063608,0.8,1,0.0125,1,0,1,0.9,1.05,2ra
simgp24_lowkb,random,8,403,0.0579081,0.772727,1,0.871795,17,0.703704,0.0508249,-0.0483024,17,5,0.296296,0.555556,0.851852,0.0642264,0.8,0.962963,0.0125,1,0,1,0.9,1.05,2ra
simgp24_lowkb,random,9,403,0.0591505,0.772727,1,0.871795,17,0.692308,0.0521786,-0.0503126,17,5,0.269231,0.538462,0.846154,0.0620881,0.8,0.961538,0.0125,0.6,0.5,1,0.9,0.95,2ra
simgp24_lowkb,random,10,403,0.0621253,0.761905,1,0.864865,16,0.52,0.0564654,-0.0535335,16,5,0.2,0.44,0.72,0.0666986,0.75,0.96,0.0125,0.6,0.5,1,0.9,0.95,2ra
simgp24_lowkb,random,11,403,0.0615071,0.75,1,0.857143,15,0.541667,0.0558992,-0.0529925,15,5,0.208333,0.375,0.75,0.0644497,0.666667,0.958333,0.0125,0.6,0.5,1,0.9,0.95,2ra
simgp24_lowkb,random,12,403,0.06143,0.75,1,0.857143,15,0.478261,0.0553958,-0.052191,15,5,0.217391,0.391304,0.782609,0.0655815,0.666667,0.956522,0.0125,0.6,0.5,1,0.9,0.95,2ra
simgp24_lowkb,random,13,403,0.0661066,0.736842,1,0.848485,14,0.409091,0.0601225,-0.0553572,14,5,0.181818,0.227273,0.454545,0.0989819,0.666667,0.681818,0.0125,1,0,1,1,1,2ra
simgp24_lowkb,random,14,403,0.0675526,0.705882,0.923077,0.8,13,0.380952,0.0614223,-0.056961,12,5,0.142857,0.238095,0.571429,0.101718,0.5,0.761905,0.0125,1,0,1,0.9,1.05,2ra
simgp24_lowkb,random,15,403,0.0661039,0.6875,0.916667,0.785714,12,0.35,0.059643,-0.0554026,11,5,0.2,0.25,0.55,0.108688,0.5,0.45,0.0125,1,0,1,0.9,1.05,2ra
simgp24_lowkb,uncertainty,3,403,0.0685183,0.807692,1,0.893617,21,0.84375,0.0619308,-0.0505738,21,5,0.3125,0.65625,0.90625,0.0842503,0.857143,0.96875,0.025,1,0,1,0.9,1,2ra
simgp24_lowkb,uncertainty,4,403,0.0587475,0.791667,0.95,0.863636,20,1,0.0533211,-0.0249103,19,5,0.290323,0.935484,1,0.0742703,0.571429,1,0.0125,0.3,1,0.85,1.1,0.9,2ra
simgp24_lowkb,uncertainty,5,403,0.060283,0.791667,1,0.883721,19,0.966667,0.0542544,-0.0300078,19,5,0.2,0.5,1,0.0822843,0.666667,0.966667,0.0125,0.3,1,0.85,0.9,0.9,2ra
simgp24_lowkb,uncertainty,6,403,0.0593488,0.772727,0.944444,0.85,18,0.931034,0.0517336,-0.0388929,17,5,0.37931,0.862069,0.965517,0.0960117,0.666667,1,0.0125,0.6,0.5,1,0.9,0.9,2ra
simgp24_lowkb,uncertainty,7,403,0.0757337,0.818182,1,0.9,18,0.821429,0.0657336,-0.0640329,18,4,0.357143,0.785714,0.892857,0.126596,0.666667,1,0.0125,0.6,0.5,1,0.9,0.9,2ra
simgp24_lowkb,uncertainty,8,403,0.0753792,0.809524,1,0.894737,17,0.851852,0.064857,-0.0635336,17,4,0.37037,0.814815,0.925926,0.10208,0.8,1,0.05,0.6,0,1,0.9,0.9,2ra
simgp24_lowkb,uncertainty,9,403,0.116299,0.8,1,0.888889,16,0.769231,0.0977344,-0.0977344,16,4,0.115385,0.461538,0.884615,0.0692653,0.75,1,0.0125,0.6,0.5,1,1,0.9,2ra
simgp24_lowkb,uncertainty,10,403,0.119402,0.789474,1,0.882353,15,0.8,0.0973736,-0.0973736,15,4,0.16,0.72,0.96,0.0624617,1,1,0.0125,0.6,0.5,1,1,0.95,2ra
simgp24_lowkb,uncertainty,11,403,0.118422,0.777778,1,0.875,14,0.833333,0.0968862,-0.0968862,14,4,0.125,0.708333,0.916667,0.0645,1,1,0.0125,0.6,0.5,1,1,0.95,2ra
simgp24_lowkb,uncertainty,12,403,0.0599274,0.764706,1,0.866667,13,0.869565,0.0522447,-0.047239,13,4,0.478261,0.826087,0.913043,0.0588166,0.5,1,0.0125,0.6,0.5,1,1,1,2ra
simgp24_lowkb,uncertainty,13,403,0.0637398,0.75,1,0.857143,12,0.818182,0.0558733,-0.0519008,12,4,0.5,0.772727,0.909091,0.0665115,0.5,1,0.0125,0.6,0.5,1,1,0.95,2ra
simgp24_lowkb,uncertainty,14,403,0.049434,0.769231,0.909091,0.833333,11,0.904762,0.0421041,-0.00905451,10,3,0.52381,0.857143,0.952381,0.0570804,0.5,1,0.0125,0.6,0.5,1,1,1,2ra
simgp24_lowkb,uncertainty,15,403,0.111064,0.692308,0.9,0.782609,10,0.9,0.0790985,-0.0777203,9,4,0.3,0.85,0.9,0.0665748,1,1,0.05,0.3,0.5,0.85,1.1,0.9,2ra
simgp24_lowkb,straddle,3,403,0.0685183,0.807692,1,0.893617,21,0.84375,0.0619308,-0.0505738,21,5,0.3125,0.65625,0.90625,0.0842503,0.857143,0.96875,0.025,1,0,1,0.9,1,2ra
simgp24_lowkb,straddle,4,403,0.0583778,0.791667,0.95,0.863636,20,0.967742,0.052746,-0.0233464,19,5,0.258065,0.83871,1,0.0766739,0.571429,1,0.0125,0.3,1,0.85,1.1,0.9,2ra
simgp24_lowkb,straddle,5,403,0.0620832,0.791667,1,0.883721,19,0.866667,0.0567787,-0.0350441,19,5,0.2,0.5,1,0.0842091,0.666667,0.966667,0.0125,0.3,1,0.85,0.9,0.9,2ra
simgp24_lowkb,straddle,6,403,0.0564138,0.772727,0.944444,0.85,18,0.931034,0.0502606,-0.0167196,17,5,0.241379,0.655172,0.931034,0.0814715,0.666667,0.931034,0.0125,0.3,1,0.85,0.9,0.9,2ra
simgp24_lowkb,straddle,7,403,0.0525916,0.809524,0.944444,0.871795,18,0.928571,0.0432812,-0.0040369,17,4,0.321429,0.785714,0.928571,0.0817388,0.666667,0.892857,0.0125,0.3,1,0.85,0.9,0.9,2ra
simgp24_lowkb,straddle,8,403,0.0549494,0.8,0.941176,0.864865,17,0.925926,0.0421559,0.00694575,16,4,0.37037,0.851852,0.925926,0.0868202,0.6,0.851852,0.05,0.3,0.5,0.85,1.1,0.9,2ra
simgp24_lowkb,straddle,9,403,0.0601627,0.789474,0.9375,0.857143,16,0.923077,0.0495337,-9.77483e-05,15,4,0.692308,0.884615,0.923077,0.0955124,0.5,0.923077,0.05,0.3,0.5,0.85,1.1,0.9,2ra
simgp24_lowkb,straddle,10,403,0.0748785,0.777778,0.933333,0.848485,15,0.92,0.0585555,0.00911979,14,4,0.48,0.92,1,0.108975,0.5,0.96,0.075,0.3,0.5,0.85,1.1,0.9,2ra
simgp24_lowkb,straddle,11,403,0.07349,0.764706,0.928571,0.83871,14,0.958333,0.0565812,0.0127275,13,4,0.458333,0.916667,0.958333,0.106014,0.5,0.958333,0.05,0.3,0.5,0.85,1.1,0.9,2ra
simgp24_lowkb,straddle,12,403,0.0631241,0.75,0.923077,0.827586,13,0.869565,0.0537048,-0.000640149,12,4,0.434783,0.869565,0.913043,0.102094,0.333333,0.869565,0.075,0.3,0.5,0.85,1.1,0.9,2ra
simgp24_lowkb,straddle,13,403,0.084803,0.857143,0.923077,0.888889,13,0.909091,0.0645011,0.0205744,12,2,0.454545,0.772727,0.909091,0.123232,0.333333,0.954545,0.075,0.3,0.5,0.85,1.1,0.9,2ra
simgp24_lowkb,straddle,14,403,0.0968063,0.846154,0.916667,0.88,12,0.904762,0.0752407,0.0240437,11,2,0.285714,0.619048,0.952381,0.124177,0.333333,0.952381,0.1,0.3,0.5,0.85,0.9,0.9,2ra
simgp24_lowkb,straddle,15,403,0.0672308,0.769231,0.909091,0.833333,11,0.85,0.0577573,0.0053155,10,3,0.35,0.8,0.85,0.0911204,0.333333,0.9,0.075,0.3,0.5,0.85,1.1,0.9,2ra
simgp24_lowkb,straddle_min,3,403,0.0685183,0.807692,1,0.893617,21,0.84375,0.0619308,-0.0505738,21,5,0.3125,0.65625,0.90625,0.0842503,0.857143,0.96875,0.025,1,0,1,0.9,1,2ra
simgp24_lowkb,straddle_min,4,403,0.0766783,0.8,1,0.888889,20,0.516129,0.0702002,-0.0699205,20,5,0.193548,0.354839,0.645161,0.0965123,0.857143,0.935484,0.0125,1,0.5,1,1.1,1.1,2ra
simgp24_lowkb,straddle_min,5,403,0.0621359,0.826087,1,0.904762,19,0.866667,0.056017,-0.056017,19,4,0.233333,0.666667,0.966667,0.128968,0.857143,0.8,0.0125,0.6,1,1,1.1,1.1,2ra
simgp24_lowkb,straddle_min,6,403,0.06904,0.818182,1,0.9,18,0.862069,0.0618025,-0.0592017,18,4,0.275862,0.62069,0.965517,0.146377,0.857143,0.689655,0.0125,1,0,1,1.1,1.05,2ra
simgp24_lowkb,straddle_min,7,403,0.067716,0.809524,1,0.894737,17,0.571429,0.0613242,-0.060782,17,4,0.214286,0.428571,0.821429,0.135349,0.857143,0.642857,0.0125,1,0,1,1.1,1.1,2ra
simgp24_lowkb,straddle_min,8,403,0.0682931,0.809524,1,0.894737,17,0.555556,0.0617159,-0.0609599,17,4,0.185185,0.407407,0.777778,0.13798,0.714286,0.592593,0.0125,1,0,1,1.1,1.1,2ra
simgp24_lowkb,straddle_min,9,403,0.0492008,0.8,1,0.888889,16,0.769231,0.040817,-0.0309532,16,4,0.538462,0.692308,0.807692,0.123103,0.428571,0.692308,0.0125,0.6,0.5,1,1.1,1.05,2ra
simgp24_lowkb,straddle_min,10,403,0.0538206,0.789474,1,0.882353,15,0.72,0.0460272,-0.0369975,15,4,0.52,0.68,0.76,0.12372,0.428571,0.64,0.0125,0.6,0.5,1,1.1,1,2ra
simgp24_lowkb,straddle_min,11,403,0.0801424,0.777778,1,0.875,14,0.541667,0.0683275,-0.0321264,14,4,0.166667,0.416667,0.666667,0.114768,0.666667,0.875,0.0125,0.6,0.5,1,1.1,1,2ra
simgp24_lowkb,straddle_min,12,403,0.0877677,0.823529,1,0.903226,14,0.521739,0.0736304,-0.0736304,14,3,0,0.347826,0.782609,0.13554,0.666667,0.826087,0.0125,0.6,0.5,1,1.1,1,2ra
simgp24_lowkb,straddle_min,13,403,0.0833958,0.875,1,0.933333,14,0.545455,0.0711012,-0.0711012,14,2,0.0909091,0.318182,0.772727,0.127127,0.666667,0.818182,0.0125,0.6,0.5,1,1.1,1,2ra
simgp24_lowkb,straddle_min,14,403,0.0855135,0.866667,1,0.928571,13,0.52381,0.0722181,-0.0722181,13,2,0.047619,0.333333,0.714286,0.125416,0.666667,0.809524,0.0125,0.6,0.5,1,1.1,1.05,2ra
simgp24_lowkb,straddle_min,15,403,0.126135,0.857143,1,0.923077,12,0.75,0.089549,-0.089549,12,2,0.15,0.5,0.75,0.061539,0.666667,1,0.0125,0.3,1,1,1.1,0.9,2ra
simgp24_lowkb,random,3,404,0.0504107,0.636364,1,0.777778,14,1,0.0420994,-0.0359726,14,8,0.59375,1,1,0.11241,0,1,0.075,0.3,0.5,0.85,1,1,2ra
simgp24_lowkb,random,4,404,0.0516213,0.666667,1,0.8,14,1,0.0418892,-0.0357196,14,7,0.548387,0.967742,1,0.083558,0,1,0.05,0.3,0.5,0.85,1,1,2ra
simgp24_lowkb,random,5,404,0.0453211,0.684211,0.928571,0.787879,14,1,0.0375672,-0.0287512,13,6,0.566667,0.966667,1,0.0824522,0,1,0.05,0.3,0.5,0.85,1,1,2ra
simgp24_lowkb,random,6,404,0.040259,0.8,0.857143,0.827586,14,1,0.033865,-0.0210588,12,3,0.62069,0.965517,1,0.0973259,0,1,0.025,0.3,0.5,0.85,1,1,2ra
simgp24_lowkb,random,7,404,0.0388086,0.785714,0.846154,0.814815,13,1,0.0338201,-0.0185979,11,3,0.571429,0.964286,1,0.0976327,0,1,0.025,0.3,0.5,0.85,1,1,2ra
simgp24_lowkb,random,8,404,0.0439766,0.75,0.923077,0.827586,13,1,0.0369599,-0.0266158,12,4,0.518519,0.851852,1,0.072376,0,1,0.0125,0.3,0.5,0.85,1.1,0.95,2ra
simgp24_lowkb,random,9,404,0.043313,0.733333,0.846154,0.785714,13,1,0.0360384,-0.0254507,11,4,0.615385,0.846154,1,0.0719114,0,1,0.025,0.3,0.5,0.85,1,1,2ra
simgp24_lowkb,random,10,404,0.0452964,0.8,0.923077,0.857143,13,1,0.0372356,-0.0227333,12,3,0.52,0.84,1,0.0906425,0,1,0.025,0.3,0.5,0.85,1,1,2ra
simgp24_lowkb,random,11,404,0.0317029,0.9,0.75,0.818182,12,1,0.0279953,-0.00248058,9,1,0.791667,1,1,0.08852,0,0.916667,0.025,0.3,0.5,0.85,1,1,2ra
simgp24_lowkb,random,12,404,0.0405913,1,0.454545,0.625,11,1,0.0332601,0.00937196,5,0,0.869565,1,1,0.0660981,0,1,0.0125,0.3,0.5,0.85,1,1,2ra
simgp24_lowkb,random,13,404,0.0417857,0.857143,0.545455,0.666667,11,1,0.0347288,0.00441744,6,1,0.727273,1,1,0.0807226,0,0.954545,0.0125,0.3,0.5,0.85,1,1,2ra
simgp24_lowkb,random,14,404,0.0449121,0.857143,0.545455,0.666667,11,1,0.0362495,0.00765273,6,1,0.666667,1,1,0.0824283,0,0.952381,0.0125,0.3,0.5,0.85,1,1,2ra
simgp24_lowkb,random,15,404,0.0465407,0.833333,0.454545,0.588235,11,1,0.0387794,0.0102522,5,1,0.65,1,1,0.0851695,0,0.95,0.0125,0.3,0.5,0.85,1,1,2ra
simgp24_lowkb,uncertainty,3,404,0.0504107,0.636364,1,0.777778,14,1,0.0420994,-0.0359726,14,8,0.59375,1,1,0.11241,0,1,0.075,0.3,0.5,0.85,1,1,2ra
simgp24_lowkb,uncertainty,4,404,0.0758653,0.590909,1,0.742857,13,0.967742,0.0607141,-0.0575804,13,9,0.419355,0.935484,0.967742,0.164175,0,1,0.0125,0.3,0,0.85,1,0.9,2ra
simgp24_lowkb,uncertainty,5,404,0.0353023,0.833333,0.833333,0.833333,12,1,0.0284325,-0.0068458,10,2,0.966667,1,1,0.0720828,0,1,0.0125,0.3,0,0.85,1,0.9,2ra
simgp24_lowkb,uncertainty,6,404,0.062904,0.9,0.818182,0.857143,11,1,0.0490532,0.0253592,9,1,0.758621,1,1,0.112643,0,0.965517,0.025,0.1,1,0.85,1,0.9,2ra
simgp24_lowkb,uncertainty,7,404,0.0550556,1,0.6,0.75,10,1,0.0423588,0.0317188,6,0,0.892857,1,1,0.102881,0,1,0.0125,0.1,1,0.85,0.9,0.9,2ra
simgp24_lowkb,uncertainty,8,404,0.069345,0.538462,0.777778,0.636364,9,1,0.0576584,-0.0308934,7,6,0.740741,0.925926,1,0.130706,0,0.888889,0.0125,0.3,0.5,1,1,0.9,2ra
simgp24_lowkb,uncertainty,9,404,0.0919117,0.466667,0.875,0.608696,8,0.884615,0.0740359,-0.0596796,7,8,0.576923,0.884615,0.923077,0.168112,0,0.884615,0.0125,0.3,0.5,1,1,0.9,2ra
simgp24_lowkb,uncertainty,10,404,0.0734272,0.444444,0.571429,0.5,7,0.88,0.0592816,-0.0328615,4,5,0.64,0.88,0.96,0.15524,1,0.88,0.0125,0.3,0,1,1,0.9,2ra
simgp24_lowkb,uncertainty,11,404,0.145247,0.333333,0.833333,0.47619,6,0.541667,0.107352,-0.0981725,5,10,0.291667,0.458333,0.791667,0.250727,1,0.666667,0.025,0.3,0,1,1.1,0.9,2ra
simgp24_lowkb,uncertainty,12,404,0.157015,0.285714,0.8,0.421053,5,0.478261,0.118497,-0.111232,4,10,0.26087,0.391304,0.565217,0.270622,1,0.565217,0.025,0.3,0,1,1.1,0.9,2ra
simgp24_lowkb,uncertainty,13,404,0.169728,0.5,1,0.666667,4,0.727273,0.112425,-0.110825,4,4,0.454545,0.681818,0.818182,0.328443,1,0.409091,0.0125,0.3,0.5,1,1.1,0.9,2ra
simgp24_lowkb,uncertainty,14,404,0.157349,0.571429,1,0.727273,4,0.714286,0.107226,-0.105653,4,3,0.333333,0.714286,0.809524,0.306298,1,0.380952,0.0125,0.3,0.5,1,1.1,0.9,2ra
simgp24_lowkb,uncertainty,15,404,0.202965,0.230769,1,0.375,3,0.35,0.165248,-0.162991,3,10,0.1,0.2,0.45,0.324058,1,0.5,0.0125,0.3,0.5,1,1.1,0.9,2ra
simgp24_lowkb,straddle,3,404,0.0504107,0.636364,1,0.777778,14,1,0.0420994,-0.0359726,14,8,0.59375,1,1,0.11241,0,1,0.075,0.3,0.5,0.85,1,1,2ra
simgp24_lowkb,straddle,4,404,0.0845789,0.590909,1,0.742857,13,1,0.0671061,-0.0654239,13,9,0.451613,1,1,0.0963689,0,1,0.0125,0.6,0,1.15,0.9,0.9,2ra
simgp24_lowkb,straddle,5,404,0.0597568,0.647059,0.916667,0.758621,12,1,0.0482801,-0.0405993,11,6,0.6,0.966667,1,0.166413,0,1,0.025,0.3,0,1,1,0.9,2ra
simgp24_lowkb,straddle,6,404,0.0487758,0.8,0.727273,0.761905,11,1,0.0376425,0.00227998,8,2,0.827586,1,1,0.086633,0,1,0.0125,0.3,0,0.85,0.9,0.9,2ra
simgp24_lowkb,straddle,7,404,0.0697444,0.666667,0.6,0.631579,10,1,0.0537134,-0.0272165,6,3,0.678571,0.964286,1,0.12137,0,1,0.0125,0.3,0,1,0.9,0.9,2ra
simgp24_lowkb,straddle,8,404,0.11914,0.8,0.444444,0.571429,9,0.851852,0.0755005,-0.0305441,4,1,0.518519,0.740741,0.888889,0.111391,0,0.962963,0.0125,0.3,0,1,0.9,0.9,2ra
simgp24_lowkb,straddle,9,404,0.0561847,0.666667,0.5,0.571429,8,1,0.0370536,-0.0048502,4,2,0.807692,0.961538,1,0.0865768,0,1,0.0125,0.3,0,1,0.9,0.9,2ra
simgp24_lowkb,straddle,10,404,0.0661987,0.666667,0.571429,0.615385,7,1,0.0501087,-0.0327246,4,2,0.68,1,1,0.0669839,0,1,0.0125,0.3,0,0.85,0.9,0.9,2ra
simgp24_lowkb,straddle,11,404,0.110895,0.5,0.5,0.5,6,0.916667,0.0729972,-0.0589412,3,3,0.625,0.791667,0.958333,0.0947728,0,1,0.0125,0.3,0.5,1,0.9,0.9,2ra
simgp24_lowkb,straddle,12,404,0.148637,0.571429,0.8,0.666667,5,0.73913,0.0955134,-0.0843788,4,3,0.608696,0.695652,0.782609,0.189491,0,1,0.0125,0.3,0.5,1,0.9,0.9,2ra
simgp24_lowkb,straddle,13,404,0.116573,0.333333,0.25,0.285714,4,0.818182,0.0751912,-0.0561535,1,2,0.590909,0.727273,0.909091,0.176238,1,1,0.0125,0.3,0.5,1,1,0.9,2ra
simgp24_lowkb,straddle,14,404,0.161476,0.25,0.666667,0.363636,3,0.714286,0.113572,-0.107232,2,6,0.190476,0.666667,0.761905,0.293543,1,0.904762,0.0125,0.6,0,1,1,1,2ra
simgp24_lowkb,straddle,15,404,0.115196,0.272727,1,0.428571,3,1,0.0926177,-0.0923168,3,8,0.25,0.95,1,0.0542583,1,1,0.0125,0.6,0,1,1,0.95,2ra
simgp24_lowkb,straddle_min,3,404,0.0504107,0.636364,1,0.777778,14,1,0.0420994,-0.0359726,14,8,0.59375,1,1,0.11241,0,1,0.075,0.3,0.5,0.85,1,1,2ra
simgp24_lowkb,straddle_min,4,404,0.0553795,0.631579,0.923077,0.75,13,1,0.045306,-0.0405593,12,7,0.516129,1,1,0.0756263,0,1,0.0125,0.3,0,0.85,1,0.9,2ra
simgp24_lowkb,straddle_min,5,404,0.0491526,0.846154,0.916667,0.88,12,1,0.0391779,-0.0298851,11,2,0.933333,1,1,0.0634084,0,1,0.0125,0.1,1,0.85,1,0.9,2ra
simgp24_lowkb,straddle_min,6,404,0.0413017,0.909091,0.833333,0.869565,12,1,0.0270953,-0.00366435,10,1,0.896552,1,1,0.0718446,0,1,0.0125,0.1,1,0.85,1,0.9,2ra
simgp24_lowkb,straddle_min,7,404,0.054954,1,0.833333,0.909091,12,1,0.0408605,0.0174414,10,0,0.821429,0.928571,1,0.138985,0,0.928571,0.0125,0.3,0,0.85,1,0.9,2ra
simgp24_lowkb,straddle_min,8,404,0.0610988,0.769231,0.909091,0.833333,11,1,0.04661,-0.0408831,10,3,0.62963,0.962963,1,0.0606643,0,1,0.0125,0.3,0,0.85,1,0.9,2ra
simgp24_lowkb,straddle_min,9,404,0.0870646,0.625,1,0.769231,10,0.846154,0.0678619,-0.00295835,10,6,0.423077,0.769231,0.923077,0.16233,0,0.884615,0.0125,0.3,0,0.85,1,0.9,2ra
simgp24_lowkb,straddle_min,10,404,0.0448617,0.9,1,0.947368,9,1,0.0344704,-0.0287089,9,1,0.84,0.96,1,0.0619822,0,1,0.0125,0.3,0.5,0.85,0.9,0.95,2ra
simgp24_lowkb,straddle_min,11,404,0.044563,1,1,1,9,0.958333,0.0342937,-0.0275843,9,0,0.791667,0.958333,1,0.0638597,0,1,0.0125,0.3,0.5,0.85,0.9,0.95,2ra
simgp24_lowkb,straddle_min,12,404,0.12635,0.5,1,0.666667,8,0.652174,0.102309,-0.0852516,8,8,0.26087,0.565217,0.652174,0.188002,0,0.869565,0.0125,0.3,0.5,1,0.9,0.9,2ra
simgp24_lowkb,straddle_min,13,404,0.144182,0.466667,1,0.636364,7,0.636364,0.115248,-0.105984,7,8,0.272727,0.545455,0.636364,0.218751,0,0.863636,0.0125,0.3,0.5,1,0.9,0.9,2ra
simgp24_lowkb,straddle_min,14,404,0.103807,0.5,1,0.666667,7,0.809524,0.0852924,-0.0784758,7,7,0.380952,0.619048,0.857143,0.147433,0,0.904762,0.0125,0.3,0.5,1,0.9,0.9,2ra
simgp24_lowkb,straddle_min,15,404,0.0599317,1,1,1,7,1,0.045286,-0.0388928,7,0,0.8,1,1,0.073418,1,1,0.0125,0.3,0.5,1,0.9,0.9,2ra
simgp24_lowkb,random,3,405,0.0620994,0.884615,1,0.938776,23,1,0.0575965,-0.0540787,23,3,0.6875,1,1,0.0847248,0.857143,1,0.0125,0.3,0,0.85,0.9,0.9,2ra
simgp24_lowkb,random,4,405,0.0542114,0.956522,1,0.977778,22,1,0.0294339,-0.0245314,22,1,0.870968,0.967742,1,0.0690918,0.571429,1,0.05,0.3,0,0.85,0.9,0.9,2ra
simgp24_lowkb,random,5,405,0.0362544,0.952381,0.952381,0.952381,21,1,0.0267027,-0.0193214,20,1,0.833333,1,1,0.0807331,0.857143,1,0.0125,0.3,0.5,0.85,0.9,0.9,2ra
simgp24_lowkb,random,6,405,0.0361085,0.952381,1,0.97561,20,1,0.024548,-0.015292,20,1,0.862069,1,1,0.0703984,0.428571,0.965517,0.0125,0.3,0.5,0.85,0.9,0.9,2ra
simgp24_lowkb,random,7,405,0.0315595,0.95,1,0.974359,19,1,0.0245618,-0.00260407,19,1,0.821429,1,1,0.0759135,0.5,0.964286,0.0125,0.3,0.5,0.85,0.9,0.9,2ra
simgp24_lowkb,random,8,405,0.0338794,0.947368,1,0.972973,18,1,0.0259955,-0.00381469,18,1,0.740741,0.962963,1,0.0789131,0.666667,0.962963,0.025,0.3,0.5,0.85,0.9,0.9,2ra
simgp24_lowkb,random,9,405,0.0361826,0.944444,1,0.971429,17,1,0.0273385,-0.00559458,17,1,0.692308,0.961538,1,0.0829952,0.6,0.961538,0.025,0.3,0.5,0.85,0.9,0.9,2ra
simgp24_lowkb,random,10,405,0.0339092,1,1,1,16,1,0.0271604,0.00890629,16,0,0.68,1,1,0.0696366,0.25,0.96,0.0125,0.3,0.5,0.85,0.9,0.9,2ra
simgp24_lowkb,random,11,405,0.0363116,1,1,1,16,1,0.0284196,0.00750472,16,0,0.75,1,1,0.0718437,0.25,0.958333,0.0125,0.3,0.5,0.85,0.9,0.9,2ra
simgp24_lowkb,random,12,405,0.0429754,1,1,1,15,1,0.0311722,0.00254962,15,0,0.782609,1,1,0.0506253,0.666667,0.956522,0.0125,0.3,0.5,0.85,0.9,0.9,2ra
simgp24_lowkb,random,13,405,0.0527553,0.9375,1,0.967742,15,0.954545,0.0333062,-0.000825453,15,1,0.636364,0.909091,1,0.0757602,0.666667,0.909091,0.0125,0.3,0.5,0.85,0.9,0.9,2ra
simgp24_lowkb,random,14,405,0.0472514,0.875,1,0.933333,14,0.952381,0.0299812,-0.00801415,14,2,0.761905,0.904762,1,0.086036,0.666667,0.952381,0.025,0.3,0.5,0.85,0.9,0.9,2ra
simgp24_lowkb,random,15,405,0.0465849,0.866667,1,0.928571,13,0.95,0.0297527,-0.0055749,13,2,0.7,0.9,1,0.0852331,0.666667,0.95,0.1,0.3,0,0.85,0.9,0.9,2ra
simgp24_lowkb,uncertainty,3,405,0.0620994,0.884615,1,0.938776,23,1,0.0575965,-0.0540787,23,3,0.6875,1,1,0.0847248,0.857143,1,0.0125,0.3,0,0.85,0.9,0.9,2ra
simgp24_lowkb,uncertainty,4,405,0.0456491,0.916667,1,0.956522,22,1,0.0360653,-0.032576,22,2,0.935484,1,1,0.0719152,0.571429,1,0.0125,0.3,0,0.85,0.9,0.9,2ra
simgp24_lowkb,uncertainty,5,405,0.0487001,1,0.952381,0.97561,21,1,0.0384977,0.00804704,20,0,0.8,1,1,0.117427,0.5,0.966667,0.05,0.3,0,0.85,0.9,0.9,2ra
simgp24_lowkb,uncertainty,6,405,0.0862877,1,0.45,0.62069,20,0.965517,0.0729237,0.0372902,9,0,0.448276,0.896552,1,0.125111,0.166667,0.931034,0.0125,0.3,0,0.85,0.9,0.9,2ra
simgp24_lowkb,uncertainty,7,405,0.0986513,0.941176,0.842105,0.888889,19,0.964286,0.0469157,-0.024274,16,1,0.857143,0.964286,0.964286,0.0792497,0.6,1,0.025,0.3,0,0.85,0.9,0.9,2ra
simgp24_lowkb,uncertainty,8,405,0.0632086,1,0.722222,0.83871,18,1,0.0446901,0.00388941,13,0,0.666667,0.962963,1,0.0952594,0.5,0.962963,0.05,0.3,0,0.85,0.9,0.9,2ra
simgp24_lowkb,uncertainty,9,405,0.135108,1,0.470588,0.64,17,0.807692,0.0946665,0.0765798,8,0,0.615385,0.692308,0.846154,0.316583,0,0.692308,0.05,0.3,0,0.85,0.9,0.9,2ra
simgp24_lowkb,uncertainty,10,405,0.120806,1,0.375,0.545455,16,0.84,0.0841167,0.0622245,6,0,0.64,0.8,0.88,0.271119,0,0.76,0.0125,0.3,0.5,0.85,0.9,0.9,2ra
simgp24_lowkb,uncertainty,11,405,0.0799497,0.823529,0.875,0.848485,16,0.833333,0.0491612,-0.0296555,14,3,0.666667,0.833333,0.833333,0.255205,0.75,0.833333,0.0125,0.3,0.5,0.85,0.9,0.9,2ra
simgp24_lowkb,uncertainty,12,405,0.0862639,0.833333,1,0.909091,15,0.826087,0.0603218,-0.0586295,15,3,0.304348,0.73913,0.826087,0.128342,1,0.913043,0.0125,0.3,0.5,0.85,0.9,0.9,2ra
simgp24_lowkb,uncertainty,13,405,0.0919412,0.823529,1,0.903226,14,0.818182,0.0646724,-0.0632641,14,3,0.227273,0.681818,0.818182,0.145002,1,0.909091,0.0125,0.3,0.5,0.85,0.9,0.9,2ra
simgp24_lowkb,uncertainty,14,405,0.0726296,0.866667,1,0.928571,13,0.857143,0.046394,-0.0435496,13,2,0.666667,0.761905,0.952381,0.191935,1,0.857143,0.0125,0.3,0.5,0.85,0.9,0.9,2ra
simgp24_lowkb,uncertainty,15,405,0.163047,0.8,1,0.888889,12,0.6,0.116061,-0.116061,12,3,0,0.25,0.75,0.141771,1,0.95,0.0125,0.3,0.5,0.85,0.9,0.9,2ra
simgp24_lowkb,straddle,3,405,0.0620994,0.884615,1,0.938776,23,1,0.0575965,-0.0540787,23,3,0.6875,1,1,0.0847248,0.857143,1,0.0125,0.3,0,0.85,0.9,0.9,2ra
simgp24_lowkb,straddle,4,405,0.0460061,0.916667,1,0.956522,22,1,0.0362322,-0.0335764,22,2,0.903226,1,1,0.0719303,0.571429,1,0.0125,0.3,0,0.85,0.9,0.9,2ra
simgp24_lowkb,straddle,5,405,0.0738998,0.875,1,0.933333,21,0.7,0.0691809,-0.0567221,21,3,0.166667,0.333333,0.966667,0.15729,0.714286,0.933333,0.25,0.6,1,1.15,0.9,1.1,2ra
simgp24_lowkb,straddle,6,405,0.0738304,0.869565,1,0.930233,20,0.689655,0.0697153,-0.0612967,20,3,0.172414,0.413793,0.827586,0.120042,0.714286,0.965517,0.25,0.6,1,1.15,0.9,1.1,2ra
simgp24_lowkb,straddle,7,405,0.081018,0.863636,1,0.926829,19,0.714286,0.0628889,-0.0409338,19,3,0.142857,0.642857,0.928571,0.136304,0.714286,0.928571,0.25,0.6,1,1.15,0.9,1.1,2ra
simgp24_lowkb,straddle,8,405,0.0474751,0.95,1,0.974359,19,0.888889,0.0441602,-0.0393402,19,1,0.518519,0.777778,1,0.122868,0.714286,1,0.1,1,0.5,1.15,1,1.1,2ra
simgp24_lowkb,straddle,9,405,0.0459783,0.947368,1,0.972973,18,1,0.0316115,-0.0304303,18,1,0.961538,1,1,0.0733659,0.571429,1,0.05,0.3,0.5,0.85,0.9,0.9,2ra
simgp24_lowkb,straddle,10,405,0.0435224,0.944444,1,0.971429,17,1,0.0297336,-0.021863,17,1,1,1,1,0.0762003,0.833333,0.96,0.0125,0.3,1,0.85,0.9,0.95,2ra
simgp24_lowkb,straddle,11,405,0.0398172,0.941176,1,0.969697,16,0.916667,0.029494,-0.0216184,16,1,0.666667,0.875,0.958333,0.0929147,0.8,0.833333,0.0125,0.3,1,0.85,0.9,0.9,2ra
simgp24_lowkb,straddle,12,405,0.0456243,0.882353,1,0.9375,15,1,0.0363878,-0.0321929,15,2,0.782609,0.956522,1,0.0753534,0.8,0.956522,0.0125,0.3,1,0.85,0.9,0.9,2ra
simgp24_lowkb,straddle,13,405,0.0423191,0.875,1,0.933333,14,1,0.0322447,-0.025991,14,2,0.818182,0.954545,1,0.0759279,0.75,0.954545,0.0125,0.3,1,0.85,0.9,0.95,2ra
simgp24_lowkb,straddle,14,405,0.0462318,0.928571,1,0.962963,13,0.904762,0.0374596,-0.0304506,13,1,0.666667,0.809524,0.904762,0.0820514,1,1,0.0125,0.3,1,0.85,0.9,0.95,2ra
simgp24_lowkb,straddle,15,405,0.0603642,0.923077,1,0.96,12,0.9,0.0495538,-0.0455387,12,1,0.7,0.8,0.9,0.0863203,1,1,0.0125,0.3,1,0.85,0.9,0.9,2ra
simgp24_lowkb,straddle_min,3,405,0.0620994,0.884615,1,0.938776,23,1,0.0575965,-0.0540787,23,3,0.6875,1,1,0.0847248,0.857143,1,0.0125,0.3,0,0.85,0.9,0.9,2ra
simgp24_lowkb,straddle_min,4,405,0.0459341,0.916667,1,0.956522,22,1,0.0357799,-0.0334407,22,2,0.903226,1,1,0.0719367,0.571429,1,0.0125,0.3,0,0.85,0.9,0.9,2ra
simgp24_lowkb,straddle_min,5,405,0.029931,0.956522,1,0.977778,22,1,0.0214758,-0.00791989,22,1,0.966667,1,1,0.074747,0.571429,0.933333,0.05,0.3,0,0.85,0.9,0.9,2ra
simgp24_lowkb,straddle_min,6,405,0.0342273,1,0.954545,0.976744,22,1,0.0268256,0.00866108,21,0,0.862069,1,1,0.0950312,0.571429,0.931034,0.0125,0.3,0.5,0.85,0.9,0.9,2ra
simgp24_lowkb,straddle_min,7,405,0.0346972,0.954545,1,0.976744,21,1,0.0276869,-0.0027252,21,1,0.857143,1,1,0.127082,0.714286,0.928571,0.05,0.3,0.5,0.85,0.9,0.9,2ra
simgp24_lowkb,straddle_min,8,405,0.0379312,0.952381,1,0.97561,20,0.962963,0.0278338,0.00446976,20,1,0.851852,0.962963,1,0.132882,0.571429,0.925926,0.0125,0.3,0.5,0.85,1.1,0.9,2ra
simgp24_lowkb,straddle_min,9,405,0.0398791,0.95,1,0.974359,19,0.961538,0.0291192,0.00502319,19,1,0.807692,0.961538,1,0.141514,0.571429,0.923077,0.0125,0.6,0,0.85,1.1,1.05,2ra
simgp24_lowkb,straddle_min,10,405,0.0370884,1,1,1,18,0.96,0.0292876,0.00326443,18,0,0.76,0.96,0.96,0.0852853,0.666667,0.96,0.0125,0.3,0.5,0.85,1.1,0.9,2ra
simgp24_lowkb,straddle_min,11,405,0.0587637,1,0.882353,0.9375,17,0.916667,0.043465,0.0084186,15,0,0.666667,0.916667,0.916667,0.109328,0.333333,0.916667,0.025,0.3,0,0.85,1.1,0.9,2ra
simgp24_lowkb,straddle_min,12,405,0.0733562,1,0.75,0.857143,16,1,0.0525027,-0.00269728,12,0,0.73913,0.956522,1,0.109162,0.6,0.956522,0.0125,0.3,0.5,0.85,1,0.9,2ra
simgp24_lowkb,straddle_min,13,405,0.0571731,1,0.8,0.888889,15,0.863636,0.0475211,0.00379735,12,0,0.772727,0.818182,0.909091,0.146812,0.6,0.863636,0.0125,0.3,0.5,0.85,1,0.9,2ra
simgp24_lowkb,straddle_min,14,405,0.0547418,1,0.928571,0.962963,14,0.857143,0.0444566,-0.00285199,13,0,0.761905,0.809524,0.904762,0.148122,0.6,0.857143,0.0125,0.3,0.5,0.85,1,0.9,2ra
simgp24_lowkb,straddle_min,15,405,0.0984366,1,0.928571,0.962963,14,0.95,0.0605168,-0.034816,13,0,0.8,0.95,1,0.148413,0.6,0.95,0.0125,0.3,0.5,0.85,1,0.9,2ra
simgp24_lowkb,random,3,406,0.049628,0.533333,1,0.695652,8,1,0.0393152,-0.0331348,8,7,0.71875,0.96875,1,0.0582065,0,1,0.075,0.1,1,0.85,1,0.9,2ra
simgp24_lowkb,random,4,406,0.0476369,0.571429,1,0.727273,8,1,0.0378953,-0.028816,8,6,0.774194,0.967742,1,0.0538772,0,1,0.1,0.3,0,1,1.1,0.95,2ra
simgp24_lowkb,random,5,406,0.0468404,0.571429,1,0.727273,8,0.966667,0.0365509,-0.0240603,8,6,0.8,0.966667,1,0.0633634,0,1,0.1,0.3,0,1,1.1,0.95,2ra
simgp24_lowkb,random,6,406,0.0476014,0.571429,1,0.727273,8,0.965517,0.0363315,-0.0241621,8,6,0.758621,0.965517,1,0.0663205,0,1,0.1,0.3,0.5,1.15,1.1,1,2ra
simgp24_lowkb,random,7,406,0.0479762,0.538462,1,0.7,7,0.964286,0.0372714,-0.0229504,7,6,0.714286,0.964286,1,0.0615557,0,1,0.1,0.3,0.5,1.15,1.1,1,2ra
simgp24_lowkb,random,8,406,0.0483675,0.583333,1,0.736842,7,0.962963,0.0376787,-0.0300171,7,5,0.703704,0.962963,1,0.0603177,0,1,0.1,0.3,0.5,1.15,1.1,1,2ra
simgp24_lowkb,random,9,406,0.0482747,0.538462,1,0.7,7,0.961538,0.0372338,-0.0289652,7,6,0.692308,0.961538,1,0.0607613,0,1,0.1,0.3,0.5,1.15,1.1,1,2ra
simgp24_lowkb,random,10,406,0.0467451,0.545455,0.857143,0.666667,7,1,0.0360005,-0.0268704,6,5,0.68,0.96,1,0.0595659,0,1,0.1,0.3,0.5,1.15,1.1,1,2ra
simgp24_lowkb,random,11,406,0.0472597,0.545455,1,0.705882,6,0.958333,0.0355658,-0.0257507,6,5,0.625,0.958333,1,0.0673638,0,1,0.1,0.3,0.5,1.15,1.1,1,2ra
simgp24_lowkb,random,12,406,0.0471609,0.555556,1,0.714286,5,0.956522,0.0356147,-0.0287971,5,4,0.565217,0.826087,0.956522,0.0463148,0,1,0.025,0.3,0.5,1,1,1,2ra
simgp24_lowkb,random,13,406,0.0480285,0.555556,1,0.714286,5,0.954545,0.0377925,-0.0269222,5,4,0.636364,0.863636,0.954545,0.0502761,0,1,0.025,0.3,0.5,1,1,1,2ra
simgp24_lowkb,random,14,406,0.0514339,0.5,1,0.666667,4,0.952381,0.0395722,-0.0311087,4,4,0.666667,0.857143,0.952381,0.0510219,0,1,0.075,0.3,0,1,1,0.95,2ra
simgp24_lowkb,random,15,406,0.0546013,0.5,1,0.666667,4,0.95,0.0421568,-0.034531,4,4,0.55,0.85,0.95,0.0586625,0,1,0.075,0.3,0,1,1,0.95,2ra
simgp24_lowkb,uncertainty,3,406,0.049628,0.533333,1,0.695652,8,1,0.0393152,-0.0331348,8,7,0.71875,0.96875,1,0.0582065,0,1,0.075,0.1,1,0.85,1,0.9,2ra
simgp24_lowkb,uncertainty,4,406,0.0537794,0.5,1,0.666667,7,0.967742,0.0435311,-0.0354897,7,7,0.677419,0.967742,1,0.0562895,0,1,0.075,0.3,0,1,0.9,0.9,2ra
simgp24_lowkb,uncertainty,5,406,0.059485,0.466667,1,0.636364,7,0.966667,0.0497837,-0.0442796,7,8,0.5,0.9,1,0.0567156,1,1,0.075,0.3,0,1,0.9,0.9,2ra
simgp24_lowkb,uncertainty,6,406,0.0497869,0.545455,1,0.705882,6,0.965517,0.0391279,-0.0290598,6,5,0.724138,0.896552,0.965517,0.0693982,0,1,0.05,0.3,0,1,1.1,0.9,2ra
simgp24_lowkb,uncertainty,7,406,0.0441356,0.625,1,0.769231,5,1,0.0354509,-0.0142451,5,3,0.714286,0.964286,1,0.0667013,0,1,0.25,0.1,0,1,1.1,0.9,2ra
simgp24_lowkb,uncertainty,8,406,0.0441232,0.5,0.75,0.6,4,1,0.0342676,-0.00312823,3,3,0.666667,0.962963,1,0.0708464,0,1,0.1,0.1,1,1,1,0.9,2ra
simgp24_lowkb,uncertainty,9,406,0.0418992,0.5,0.75,0.6,4,1,0.0316089,0.000646723,3,3,0.692308,0.961538,1,0.0881211,0,1,0.1,0.1,1,1,1,0.9,2ra
simgp24_lowkb,uncertainty,10,406,0.0458298,0.5,0.5,0.5,4,1,0.0339528,0.0143556,2,2,0.76,0.88,1,0.0836544,0,1,0.1,0.1,1,1,1.1,0.9,2ra
simgp24_lowkb,uncertainty,11,406,0.0459755,0.6,0.75,0.666667,4,0.916667,0.0364345,-0.00567999,3,2,0.666667,0.875,1,0.0713409,0,0.958333,0.1,0.1,1,1,1.1,0.9,2ra
simgp24_lowkb,uncertainty,12,406,0.0594826,0.5,0.5,0.5,4,0.869565,0.0452423,0.0279252,2,2,0.608696,0.782609,0.913043,0.120257,0,0.869565,0.1,0.1,1,1,1.1,0.9,2ra
simgp24_lowkb,uncertainty,13,406,0.0726925,0.5,0.5,0.5,4,0.818182,0.0560208,0.03874,2,2,0.545455,0.772727,0.818182,0.142158,0,0.818182,0.1,0.1,1,1,1.1,0.9,2ra
simgp24_lowkb,uncertainty,14,406,0.0596732,0.5,0.5,0.5,4,0.857143,0.0454073,0.024987,2,2,0.619048,0.809524,0.952381,0.160642,0,0.714286,0.075,0.1,1,1,1.1,0.9,2ra
simgp24_lowkb,uncertainty,15,406,0.0508691,0.5,0.666667,0.571429,3,1,0.0380765,-0.0305307,2,2,0.7,0.95,1,0.134459,1,0.85,0.1,0.1,1,1,1.1,0.9,2ra
simgp24_lowkb,straddle,3,406,0.049628,0.533333,1,0.695652,8,1,0.0393152,-0.0331348,8,7,0.71875,0.96875,1,0.0582065,0,1,0.075,0.1,1,0.85,1,0.9,2ra
simgp24_lowkb,straddle,4,406,0.0489229,0.5,1,0.666667,7,0.967742,0.039409,-0.0305546,7,7,0.677419,0.903226,1,0.0534947,1,1,0.05,0.3,0.5,1,1.1,1,2ra
simgp24_lowkb,straddle,5,406,0.0432659,0.545455,1,0.705882,6,0.966667,0.0305456,-0.0217265,6,5,0.8,0.866667,0.966667,0.0561562,1,1,0.075,0.3,0,1,1.1,0.95,2ra
simgp24_lowkb,straddle,6,406,0.043452,0.454545,1,0.625,5,0.965517,0.0331185,-0.0192917,5,6,0.655172,0.896552,0.965517,0.0574529,1,1,0.075,0.3,0,1,1.1,0.95,2ra
simgp24_lowkb,straddle,7,406,0.0406592,0.625,1,0.769231,5,0.964286,0.0288862,-0.0043751,5,3,0.714286,0.892857,1,0.0525355,1,1,0.05,0.3,0,1,1.1,0.9,2ra
simgp24_lowkb,straddle,8,406,0.0412302,0.666667,0.5,0.571429,4,1,0.0291413,0.00825433,2,1,0.851852,1,1,0.0565025,1,1,0.1,0.1,1,1,1.1,0.9,2ra
simgp24_lowkb,straddle,9,406,0.0819818,0.6,1,0.75,3,0.961538,0.0586881,-0.0398751,3,2,0.576923,0.961538,1,0.0449188,1,1,0.1,0.1,1,1,1.1,0.9,2ra
simgp24_lowkb,straddle,10,406,0.0777613,0.5,1,0.666667,2,0.96,0.0567847,-0.0383613,2,2,0.56,0.96,1,0.0488648,1,1,0.1,0.1,1,1,1.1,0.9,2ra
simgp24_lowkb,straddle,11,406,0.0468624,0.333333,0.5,0.4,2,1,0.0353323,0.0158748,1,2,0.791667,1,1,0.0478936,1,1,0.1,0.1,1,1,1.1,0.95,2ra
simgp24_lowkb,straddle,12,406,0.0487769,0,0,0,1,1,0.037604,0.022091,0,1,0.782609,1,1,0.0571707,1,1,0.1,0.1,1,1,1.1,0.95,2ra
simgp24_lowkb,straddle,13,406,0.0943361,0,1,0,0,0.909091,0.0666629,-0.0591113,0,3,0.590909,0.863636,0.909091,0.0420221,1,1,0.1,0.1,1,1,1.1,0.9,2ra
simgp24_lowkb,straddle,14,406,0.0822829,0,1,0,0,0.904762,0.0572278,-0.0479035,0,3,0.47619,0.857143,0.904762,0.0688946,1,1,0.025,0.3,0,1,1.1,0.9,2ra
simgp24_lowkb,straddle,15,406,0.0802032,0,1,0,0,0.9,0.054474,-0.0496393,0,2,0.65,0.9,0.9,0.110179,1,1,0.025,0.3,0,1,1.1,0.9,2ra
simgp24_lowkb,straddle_min,3,406,0.049628,0.533333,1,0.695652,8,1,0.0393152,-0.0331348,8,7,0.71875,0.96875,1,0.0582065,0,1,0.075,0.1,1,0.85,1,0.9,2ra
simgp24_lowkb,straddle_min,4,406,0.0632981,0.5,1,0.666667,8,0.967742,0.05283,-0.0503576,8,8,0.483871,0.903226,1,0.0591422,0,1,0.075,0.3,0,1,1.1,0.9,2ra
simgp24_lowkb,straddle_min,5,406,0.0550259,0.583333,1,0.736842,7,0.966667,0.0459898,-0.0384434,7,5,0.633333,0.9,1,0.0506159,1,1,0.075,0.3,0,1,1.1,0.9,2ra
simgp24_lowkb,straddle_min,6,406,0.0504795,0.583333,1,0.736842,7,0.965517,0.0404385,-0.0304455,7,5,0.62069,0.896552,1,0.0498119,1,1,0.1,0.3,0,1,1.1,0.95,2ra
simgp24_lowkb,straddle_min,7,406,0.0595805,0.583333,1,0.736842,7,0.892857,0.050183,-0.0401931,7,5,0.464286,0.821429,0.964286,0.0562261,1,1,0.1,0.3,0.5,1,1,1.05,2ra
simgp24_lowkb,straddle_min,8,406,0.0702331,0.545455,0.857143,0.666667,7,0.925926,0.0597301,-0.00245602,6,5,0.37037,0.888889,1,0.187786,1,0.888889,0.1,0.3,0,1,1.1,0.95,2ra
simgp24_lowkb,straddle_min,9,406,0.0538807,0.545455,1,0.705882,6,1,0.0469492,-0.0104861,6,5,0.5,0.961538,1,0.138455,1,0.923077,0.1,0.3,0,1,1.1,0.95,2ra
simgp24_lowkb,straddle_min,10,406,0.0585008,0.714286,0.833333,0.769231,6,0.96,0.0501131,-0.00864451,5,2,0.6,0.84,1,0.08335,1,1,0.0125,0.3,0.5,1,1,1,2ra
simgp24_lowkb,straddle_min,11,406,0.0672774,0.666667,0.8,0.727273,5,0.958333,0.058138,-0.0183053,4,2,0.458333,0.875,1,0.104387,1,1,0.0125,0.3,0.5,1,1,1,2ra
simgp24_lowkb,straddle_min,12,406,0.0545832,0.8,1,0.888889,4,1,0.0415748,0.00807315,4,1,0.652174,0.826087,1,0.0798765,0,1,0.0125,0.3,0.5,1,1,1.05,2ra
simgp24_lowkb,straddle_min,13,406,0.0429206,0.75,0.75,0.75,4,0.954545,0.0313836,0.0168878,3,1,0.727273,0.909091,0.954545,0.0809892,0,1,0.0125,0.3,0,1,1,0.9,2ra
simgp24_lowkb,straddle_min,14,406,0.0522871,0.75,1,0.857143,3,0.952381,0.0427327,0.00578928,3,1,0.571429,0.857143,1,0.0837267,1,1,0.0125,0.3,0.5,1,1,1.05,2ra
simgp24_lowkb,straddle_min,15,406,0.0548503,0.75,1,0.857143,3,0.95,0.0448935,0.00747237,3,1,0.5,0.85,1,0.0833245,1,1,0.0125,0.3,0.5,1,1,1,2ra
simgp24_lowkb,random,3,407,0.0585168,0.8,1,0.888889,16,0.96875,0.0401577,-0.0118889,16,4,0.8125,0.96875,0.96875,0.0918233,0.333333,0.9375,0.1,0.3,1,1.15,1,1.05,2ra
simgp24_lowkb,random,4,407,0.0629825,0.842105,1,0.914286,16,0.967742,0.0414314,-0.00865659,16,3,0.83871,0.967742,0.967742,0.0925608,0.333333,0.935484,0.1,0.3,1,1.15,1,1.05,2ra
simgp24_lowkb,random,5,407,0.0934449,0.761905,1,0.864865,16,0.9,0.0616671,-0.0580079,16,5,0.533333,0.9,0.9,0.170129,0.333333,0.766667,0.0125,1,0,1.15,0.9,1.05,2ra
simgp24_lowkb,random,6,407,0.0641976,0.833333,0.9375,0.882353,16,0.965517,0.0423943,-0.00809236,15,3,0.758621,0.965517,1,0.106129,0.166667,0.931034,0.0125,0.3,0.5,0.85,1,0.95,2ra
simgp24_lowkb,random,7,407,0.0626279,0.875,0.933333,0.903226,15,0.964286,0.0430468,-0.0100516,14,2,0.678571,0.964286,0.964286,0.107737,0.2,0.892857,0.0125,0.3,0.5,0.85,1,0.95,2ra
simgp24_lowkb,random,8,407,0.0595135,0.866667,0.928571,0.896552,14,0.962963,0.0384049,0.0014156,13,2,0.740741,0.925926,0.962963,0.108755,0.2,0.888889,0.0125,0.3,0.5,0.85,1,0.95,2ra
simgp24_lowkb,random,9,407,0.0810453,0.866667,0.928571,0.896552,14,0.884615,0.0465229,-0.0396181,13,2,0.769231,0.884615,0.884615,0.163094,0.2,0.615385,0.0125,0.3,0.5,0.85,1,0.95,2ra
simgp24_lowkb,random,10,407,0.0765651,0.846154,0.846154,0.846154,13,0.88,0.0453099,-0.0323499,11,2,0.8,0.88,0.88,0.163638,0.4,0.64,0.0125,0.3,0.5,0.85,1,0.95,2ra
simgp24_lowkb,random,11,407,0.0800028,0.818182,0.75,0.782609,12,0.875,0.0467319,-0.0333367,9,2,0.791667,0.875,0.875,0.165256,0.2,0.75,0.05,0.3,0,0.85,0.9,0.9,2ra
simgp24_lowkb,random,12,407,0.0403905,0.833333,0.833333,0.833333,12,1,0.0300971,-0.00950896,10,2,0.869565,1,1,0.0896239,0.2,0.956522,0.0125,0.3,0.5,0.85,0.9,1,2ra
simgp24_lowkb,random,13,407,0.0321675,0.833333,0.833333,0.833333,12,1,0.0247731,-0.00599641,10,2,0.954545,1,1,0.0957288,0.2,0.954545,0.0125,0.3,0.5,0.85,0.9,1,2ra
simgp24_lowkb,random,14,407,0.0283649,0.818182,0.75,0.782609,12,1,0.0224533,0.000979705,9,2,0.952381,1,1,0.115266,0.2,0.952381,0.0125,0.3,0.5,0.85,0.9,1,2ra
simgp24_lowkb,random,15,407,0.0350096,0.9,0.75,0.818182,12,1,0.0272944,0.012938,9,1,0.9,0.9,1,0.1059,0.2,0.85,0.0125,0.3,0.5,0.85,0.9,1,2ra
simgp24_lowkb,uncertainty,3,407,0.0585168,0.8,1,0.888889,16,0.96875,0.0401577,-0.0118889,16,4,0.8125,0.96875,0.96875,0.0918233,0.333333,0.9375,0.1,0.3,1,1.15,1,1.05,2ra
simgp24_lowkb,uncertainty,4,407,0.0514989,0.923077,0.8,0.857143,15,0.967742,0.0325928,0.0146754,12,1,0.806452,0.935484,0.967742,0.103469,0.333333,0.935484,0.05,0.3,0,0.85,0.9,0.95,2ra
simgp24_lowkb,uncertainty,5,407,0.0529729,0.923077,0.857143,0.888889,14,0.966667,0.0338657,0.0192884,12,1,0.8,0.933333,0.966667,0.0973893,0.333333,0.9,0.1,0.1,0,0.85,0.9,0.9,2ra
simgp24_lowkb,uncertainty,6,407,0.0529248,0.916667,0.846154,0.88,13,0.965517,0.0376871,0.020655,11,1,0.724138,0.931034,1,0.110602,0,0.896552,0.25,0.1,0,1,1.1,0.9,2ra
simgp24_lowkb,uncertainty,7,407,0.0570728,0.705882,1,0.827586,12,1,0.0475679,-0.0458537,12,5,0.75,1,1,0.104307,0.6,1,0.0125,0.3,0.5,0.85,0.9,1,2ra
simgp24_lowkb,uncertainty,8,407,0.0741136,0.9,0.818182,0.857143,11,1,0.0487407,-0.0344693,9,1,0.703704,0.962963,1,0.104087,0.25,0.888889,0.0125,0.3,0,0.85,0.9,0.9,2ra
simgp24_lowkb,uncertainty,9,407,0.0909305,0.714286,1,0.833333,10,1,0.0594777,-0.0552873,10,4,0.615385,0.961538,1,0.089889,0.25,0.923077,0.0125,0.3,0.5,0.85,0.9,1.05,2ra
simgp24_lowkb,uncertainty,10,407,0.0835679,0.75,1,0.857143,9,1,0.0524312,-0.0427554,9,3,0.64,0.96,1,0.096111,0,0.88,0.0125,0.3,0.5,0.85,0.9,1.05,2ra
simgp24_lowkb,uncertainty,11,407,0.0822425,0.727273,1,0.842105,8,1,0.0525642,-0.0442566,8,3,0.583333,0.958333,1,0.0800127,0,0.916667,0.0125,0.3,0.5,0.85,0.9,1.05,2ra
simgp24_lowkb,uncertainty,12,407,0.0941698,0.583333,1,0.736842,7,0.956522,0.0705929,-0.0684341,7,5,0.565217,0.956522,0.956522,0.0748245,0,1,0.0125,0.3,0.5,0.85,0.9,1,2ra
simgp24_lowkb,uncertainty,13,407,0.0940096,0.636364,1,0.777778,7,0.954545,0.0712934,-0.0696688,7,4,0.5,0.954545,0.954545,0.0761681,0,1,0.0125,0.3,0.5,0.85,0.9,1,2ra
simgp24_lowkb,uncertainty,14,407,0.0918931,0.7,1,0.823529,7,0.952381,0.0701831,-0.0679029,7,3,0.47619,0.952381,0.952381,0.0774008,0,1,0.0125,0.3,0.5,0.85,0.9,1,2ra
simgp24_lowkb,uncertainty,15,407,0.0896276,0.666667,1,0.8,6,0.95,0.0687625,-0.0656855,6,3,0.5,0.95,0.95,0.0784669,0,1,0.0125,0.3,0.5,0.85,0.9,1,2ra
simgp24_lowkb,straddle,3,407,0.0585168,0.8,1,0.888889,16,0.96875,0.0401577,-0.0118889,16,4,0.8125,0.96875,0.96875,0.0918233,0.333333,0.9375,0.1,0.3,1,1.15,1,1.05,2ra
simgp24_lowkb,straddle,4,407,0.0566152,0.928571,0.866667,0.896552,15,0.967742,0.0356541,0.0107151,13,1,0.83871,0.935484,0.967742,0.0854575,0.4,0.935484,0.025,0.3,0.5,0.85,0.9,1,2ra
simgp24_lowkb,straddle,5,407,0.0561643,0.928571,0.928571,0.928571,14,0.966667,0.0398845,0.000585853,13,1,0.766667,0.933333,0.966667,0.101928,0.5,0.9,0.25,0.1,0,1,1.1,0.9,2ra
simgp24_lowkb,straddle,6,407,0.0580836,0.923077,0.923077,0.923077,13,0.965517,0.039938,-0.00276898,12,1,0.862069,0.965517,0.965517,0.085401,0.5,0.931034,0.1,0.1,1,1,1.1,0.9,2ra
simgp24_lowkb,straddle,7,407,0.0893568,0.6,1,0.75,12,0.964286,0.0697214,-0.0690749,12,8,0.357143,0.678571,1,0.0744743,1,1,0.025,0.3,0.5,0.85,0.9,0.95,2ra
simgp24_lowkb,straddle,8,407,0.0646731,0.611111,1,0.758621,11,0.925926,0.0497461,-0.0188999,11,7,0.481481,0.814815,0.962963,0.16716,0.75,0.851852,0.0125,0.3,0.5,0.85,0.9,0.95,2ra
simgp24_lowkb,straddle,9,407,0.0780589,0.714286,1,0.833333,10,1,0.0588109,-0.0562388,10,4,0.538462,1,1,0.0693871,1,1,0.0125,0.3,0.5,0.85,0.9,0.95,2ra
simgp24_lowkb,straddle,10,407,0.111845,0.5,1,0.666667,9,0.92,0.0915834,-0.0915834,9,9,0.32,0.88,0.96,0.0849524,1,1,0.0125,0.3,1,0.85,0.9,1.05,2ra
simgp24_lowkb,straddle,11,407,0.109516,0.5625,1,0.72,9,0.916667,0.0898431,-0.0898431,9,7,0.291667,0.875,0.958333,0.0849825,1,1,0.0125,0.3,1,0.85,0.9,1.1,2ra
simgp24_lowkb,straddle,12,407,0.114465,0.5,1,0.666667,8,0.913043,0.0948392,-0.0948392,8,8,0.26087,0.869565,0.913043,0.0915933,1,1,0.0125,0.3,1,0.85,1.1,1.05,2ra
simgp24_lowkb,straddle,13,407,0.110376,0.571429,1,0.727273,8,0.909091,0.0901981,-0.0901981,8,6,0.318182,0.818182,0.909091,0.0913929,1,1,0.0125,0.3,1,0.85,1.1,1.05,2ra
simgp24_lowkb,straddle,14,407,0.106783,0.583333,1,0.736842,7,0.857143,0.0864399,-0.0862226,7,5,0.333333,0.809524,0.904762,0.0955621,1,1,0.0125,0.3,1,0.85,1,1,2ra
simgp24_lowkb,straddle,15,407,0.103125,0.545455,1,0.705882,6,0.85,0.0856755,-0.0820311,6,5,0.35,0.8,0.9,0.0864163,1,1,0.0125,0.3,1,0.85,1,1.05,2ra
simgp24_lowkb,straddle_min,3,407,0.0585168,0.8,1,0.888889,16,0.96875,0.0401577,-0.0118889,16,4,0.8125,0.96875,0.96875,0.0918233,0.333333,0.9375,0.1,0.3,1,1.15,1,1.05,2ra
simgp24_lowkb,straddle_min,4,407,0.051203,0.923077,0.8,0.857143,15,0.967742,0.0325184,0.0144085,12,1,0.806452,0.935484,0.967742,0.104118,0.333333,0.935484,0.05,0.3,0,0.85,0.9,0.95,2ra
simgp24_lowkb,straddle_min,5,407,0.0527803,0.923077,0.857143,0.888889,14,0.966667,0.0358454,0.0113473,12,1,0.833333,0.933333,0.966667,0.0957871,0.333333,0.9,0.1,0.1,0,0.85,0.9,0.9,2ra
simgp24_lowkb,straddle_min,6,407,0.0538654,0.916667,0.846154,0.88,13,0.931034,0.0368243,0.013226,11,1,0.758621,0.931034,0.965517,0.0996606,0.333333,0.896552,0.25,0.1,0,1,1.1,0.9,2ra
simgp24_lowkb,straddle_min,7,407,0.0552686,1,0.846154,0.916667,13,0.964286,0.0391074,0.0193772,11,0,0.75,0.928571,1,0.107174,0,0.892857,0.075,0.1,1,0.85,0.9,0.9,2ra
simgp24_lowkb,straddle_min,8,407,0.0619422,1,0.916667,0.956522,12,0.925926,0.0406248,0.028831,11,0,0.740741,0.777778,0.962963,0.108176,0,0.888889,0.05,0.1,1,0.85,0.9,0.9,2ra
simgp24_lowkb,straddle_min,9,407,0.0566717,1,0.909091,0.952381,11,0.923077,0.0402632,0.0304682,10,0,0.615385,0.769231,0.961538,0.111749,0,0.884615,0.0125,0.3,0,0.85,0.9,0.9,2ra
simgp24_lowkb,straddle_min,10,407,0.0431859,1,0.9,0.947368,10,1,0.0331191,0.00326679,9,0,0.8,0.96,1,0.134187,0,0.84,0.0125,0.3,0,0.85,0.9,0.9,2ra
simgp24_lowkb,straddle_min,11,407,0.0481843,1,0.888889,0.941176,9,1,0.0352125,-0.00814079,8,0,0.875,0.958333,1,0.122934,0,0.875,0.0125,0.3,0,0.85,0.9,0.9,2ra
simgp24_lowkb,straddle_min,12,407,0.0559069,1,0.875,0.933333,8,0.956522,0.0444958,-0.0175972,7,0,0.695652,0.913043,1,0.115973,0,0.956522,0.0125,0.3,0,0.85,0.9,0.9,2ra
simgp24_lowkb,straddle_min,13,407,0.0881379,1,0.75,0.857143,8,0.863636,0.0643496,0.0299666,6,0,0.636364,0.863636,0.863636,0.162652,0,0.818182,0.0125,0.3,0,0.85,0.9,0.9,2ra
simgp24_lowkb,straddle_min,14,407,0.0922622,1,0.75,0.857143,8,0.857143,0.0664141,0.0403226,6,0,0.52381,0.809524,0.857143,0.164349,0,0.809524,0.0125,0.3,0,0.85,0.9,0.9,2ra
simgp24_lowkb,straddle_min,15,407,0.109457,0.777778,1,0.875,7,0.9,0.0813001,-0.0680556,7,2,0.45,0.9,0.95,0.120394,0,1,0.0125,0.3,0,0.85,0.9,0.9,2ra
simgp24_lowkb,random,3,400,0.0441055,0.695652,0.888889,0.780488,18,1,0.0334001,-0.0184733,16,7,0.78125,0.9375,1,0.0705656,0.6,1,0.25,0.3,0.5,1.15,0.9,1,2ra_m96
simgp24_lowkb,random,4,400,0.0490938,0.681818,0.882353,0.769231,17,0.967742,0.0369359,-0.0301495,15,7,0.677419,0.903226,1,0.094865,0.75,1,0.1,0.3,0,0.85,1.1,0.9,2ra_m96
simgp24_lowkb,random,5,400,0.0475347,0.7,0.875,0.777778,16,0.966667,0.0364156,-0.0178411,14,6,0.6,0.9,1,0.0757261,0.75,1,0.1,0.3,0,0.85,1.1,0.9,2ra_m96
simgp24_lowkb,random,6,400,0.0518593,0.65,0.866667,0.742857,15,0.931034,0.0411223,-0.0288731,13,7,0.586207,0.827586,0.965517,0.0986563,0.75,1,0.1,0.3,1,1,1,1,2ra_m96
simgp24_lowkb,random,7,400,0.0535725,0.631579,0.857143,0.727273,14,0.928571,0.0407583,-0.0304432,12,7,0.607143,0.857143,0.964286,0.103947,0.75,1,0.1,0.3,0.5,1,1,0.9,2ra_m96
simgp24_lowkb,random,8,400,0.0531048,0.611111,0.846154,0.709677,13,0.925926,0.041237,-0.0300791,11,7,0.592593,0.814815,0.962963,0.100174,0.666667,1,0.1,0.3,0.5,1,1,0.9,2ra_m96
simgp24_lowkb,random,9,400,0.0531799,0.588235,0.833333,0.689655,12,0.923077,0.0410787,-0.0294056,10,7,0.538462,0.769231,0.961538,0.100936,0.666667,1,0.1,0.3,0.5,1,1,0.9,2ra_m96
simgp24_lowkb,random,10,400,0.0591152,0.5625,0.818182,0.666667,11,0.88,0.0468038,-0.0353608,9,7,0.44,0.76,0.92,0.110495,1,0.96,0.1,0.3,1,1,0.9,1.05,2ra_m96
simgp24_lowkb,random,11,400,0.0504769,0.5625,0.818182,0.666667,11,0.916667,0.0398891,-0.0250797,9,7,0.5,0.875,0.916667,0.104503,1,0.958333,0.1,0.3,1,1,0.9,1.05,2ra_m96
simgp24_lowkb,random,12,400,0.0497091,0.571429,0.8,0.666667,10,0.913043,0.04004,-0.00543361,8,6,0.608696,0.913043,0.956522,0.10273,0.666667,1,0.1,0.3,0,0.85,1,0.9,2ra_m96
simgp24_lowkb,random,13,400,0.0474333,0.571429,0.8,0.666667,10,0.909091,0.0387213,-0.012889,8,6,0.636364,0.818182,0.909091,0.100244,0.666667,1,0.1,0.3,0,0.85,1,0.9,2ra_m96
simgp24_lowkb,random,14,400,0.0485433,0.571429,0.8,0.666667,10,0.904762,0.03961,-0.0103559,8,6,0.619048,0.809524,0.904762,0.101895,0.666667,1,0.1,0.3,0,0.85,1,0.9,2ra_m96
simgp24_lowkb,random,15,400,0.0487299,0.538462,0.777778,0.636364,9,0.9,0.0397156,-0.00882061,7,6,0.65,0.8,0.95,0.109167,0.666667,1,0.075,0.3,0,0.85,1.1,0.9,2ra_m96
simgp24_lowkb,uncertainty,3,400,0.0441055,0.695652,0.888889,0.780488,18,1,0.0334001,-0.0184733,16,7,0.78125,0.9375,1,0.0705656,0.6,1,0.25,0.3,0.5,1.15,0.9,1,2ra_m96
simgp24_lowkb,uncertainty,4,400,0.0448187,0.681818,0.882353,0.769231,17,1,0.0351402,-0.0236421,15,7,0.677419,0.935484,1,0.0839676,0.8,1,0.25,0.3,0,1,1.1,1,2ra_m96
simgp24_lowkb,uncertainty,5,400,0.0442246,0.666667,0.875,0.756757,16,1,0.0347793,-0.0224495,14,7,0.633333,0.966667,1,0.0732495,0.8,0.966667,0.25,0.3,0,1,1.1,1,2ra_m96
simgp24_lowkb,uncertainty,6,400,0.0435146,0.722222,0.866667,0.787879,15,0.965517,0.0335362,-0.0199048,13,5,0.62069,0.896552,1,0.0695834,0.8,1,0.1,0.3,0.5,1,1.1,0.95,2ra_m96
simgp24_lowkb,uncertainty,7,400,0.0405338,0.75,0.857143,0.8,14,1,0.0328545,-0.00926844,12,4,0.785714,0.928571,1,0.0554066,0.8,1,0.25,0.1,1,1,1,0.9,2ra_m96
simgp24_lowkb,uncertainty,8,400,0.0467121,0.769231,0.769231,0.769231,13,1,0.0362879,0.000780278,10,3,0.851852,1,1,0.109269,0.75,1,0.1,0.3,0,1,1.1,0.9,2ra_m96
simgp24_lowkb,uncertainty,9,400,0.0525441,0.666667,0.833333,0.740741,12,1,0.0404063,-0.013158,10,5,0.730769,0.961538,1,0.122934,0.666667,1,0.1,0.3,0.5,1,1.1,1,2ra_m96
simgp24_lowkb,uncertainty,10,400,0.0419728,0.818182,0.75,0.782609,12,1,0.0307248,0.00299837,9,2,0.84,1,1,0.0816815,0.666667,1,0.1,0.3,0,1,1.1,0.9,2ra_m96
simgp24_lowkb,uncertainty,11,400,0.0604232,0.875,0.636364,0.736842,11,1,0.0483711,-0.00662587,7,1,0.583333,0.958333,1,0.140647,0.666667,0.958333,0.075,0.3,0,1,1.1,0.9,2ra_m96
simgp24_lowkb,uncertainty,12,400,0.0425092,0.888889,0.8,0.842105,10,1,0.0327402,-0.000167289,8,1,0.695652,1,1,0.120813,0.666667,0.956522,0.075,0.3,0.5,1,1,1,2ra_m96
simgp24_lowkb,uncertainty,13,400,0.0383667,1,0.8,0.888889,10,1,0.0311117,0.00497197,8,0,0.818182,1,1,0.120235,0.666667,0.954545,0.1,0.3,0,1,1,0.9,2ra_m96
simgp24_lowkb,uncertainty,14,400,0.0399319,1,0.6,0.75,10,1,0.0350155,0.0127643,6,0,0.809524,1,1,0.129914,0.666667,0.952381,0.1,0.3,0,1,1,0.95,2ra_m96
simgp24_lowkb,uncertainty,15,400,0.0415636,1,0.5,0.666667,10,1,0.0368715,0.0178801,5,0,0.7,0.9,1,0.136431,0.666667,0.9,0.075,0.3,0,1,1.1,0.95,2ra_m96
simgp24_lowkb,straddle,3,400,0.0441055,0.695652,0.888889,0.780488,18,1,0.0334001,-0.0184733,16,7,0.78125,0.9375,1,0.0705656,0.6,1,0.25,0.3,0.5,1.15,0.9,1,2ra_m96
simgp24_lowkb,straddle,4,400,0.039535,0.882353,0.882353,0.882353,17,1,0.0291366,-0.0038994,15,2,0.774194,0.935484,1,0.070517,0.8,1,0.1,0.3,0,0.85,1,0.9,2ra_m96
simgp24_lowkb,straddle,5,400,0.0451572,0.7,0.875,0.777778,16,1,0.0344541,-0.0104413,14,6,0.733333,0.933333,1,0.0652012,0.8,1,0.075,0.3,0.5,1,1.1,0.9,2ra_m96
simgp24_lowkb,straddle,6,400,0.0857378,0.666667,0.933333,0.777778,15,0.793103,0.0653682,-0.0625994,14,7,0.344828,0.758621,0.862069,0.180149,0.8,0.965517,0.1,0.3,0.5,1,1,0.9,2ra_m96
simgp24_lowkb,straddle,7,400,0.0935439,0.65,0.928571,0.764706,14,0.785714,0.0695019,-0.0651502,13,7,0.357143,0.607143,0.857143,0.200145,0.75,0.928571,0.1,0.3,0.5,1,1,0.9,2ra_m96
simgp24_lowkb,straddle,8,400,0.0881305,0.625,0.769231,0.689655,13,0.740741,0.0615967,-0.0528245,10,6,0.333333,0.703704,0.814815,0.12214,0.666667,1,0.05,0.3,0.5,1,1,0.9,2ra_m96
simgp24_lowkb,straddle,9,400,0.0696224,0.625,0.833333,0.714286,12,1,0.0504654,-0.0383073,10,6,0.653846,0.923077,1,0.0945061,0.5,1,0.025,0.3,0.5,1,1,0.9,2ra_m96
simgp24_lowkb,straddle,10,400,0.0736029,0.571429,0.727273,0.64,11,1,0.0532087,-0.0326086,8,6,0.68,0.96,1,0.0835064,0.5,1,0.0125,0.3,0.5,1,0.9,0.9,2ra_m96
simgp24_lowkb,straddle,11,400,0.0577095,1,0.5,0.666667,10,0.916667,0.049126,0.035486,5,0,0.375,0.791667,0.916667,0.0768856,0.5,0.916667,0.05,0.3,0,1,0.9,0.9,2ra_m96
simgp24_lowkb,straddle,12,400,0.122666,0.6,1,0.75,9,0.956522,0.0884918,-0.0870595,9,6,0.565217,0.913043,0.956522,0.0882323,0.5,1,0.075,0.3,0,1,0.9,0.9,2ra_m96
simgp24_lowkb,straddle,13,400,0.114932,0.692308,1,0.818182,9,0.954545,0.0765606,-0.0733017,9,4,0.681818,0.909091,0.954545,0.0820519,0.5,1,0.05,0.3,0,1,0.9,0.9,2ra_m96
simgp24_lowkb,straddle,14,400,0.117483,0.666667,1,0.8,8,0.904762,0.0811406,-0.0781446,8,4,0.666667,0.904762,0.952381,0.0777385,0.5,1,0.075,0.3,0,1,0.9,0.9,2ra_m96
simgp24_lowkb,straddle,15,400,0.135981,0.583333,1,0.736842,7,0.95,0.0894854,-0.0867321,7,5,0.4,0.8,1,0.0821502,0,1,0.075,0.3,0,1,1,0.9,2ra_m96
simgp24_lowkb,straddle_min,3,400,0.0441055,0.695652,0.888889,0.780488,18,1,0.0334001,-0.0184733,16,7,0.78125,0.9375,1,0.0705656,0.6,1,0.25,0.3,0.5,1.15,0.9,1,2ra_m96
simgp24_lowkb,straddle_min,4,400,0.046528,0.681818,0.882353,0.769231,17,1,0.0364816,-0.0268211,15,7,0.645161,0.935484,1,0.0879104,0.8,1,0.25,0.3,0,1,1.1,1,2ra_m96
simgp24_lowkb,straddle_min,5,400,0.0520133,0.666667,0.875,0.756757,16,1,0.0411545,-0.0343487,14,7,0.5,0.933333,1,0.090319,0.8,0.966667,0.25,0.3,0,1,1.1,1,2ra_m96
simgp24_lowkb,straddle_min,6,400,0.045208,0.7,0.875,0.777778,16,0.931034,0.0344243,-0.0176244,14,6,0.551724,0.931034,1,0.08737,0.8,0.965517,0.1,0.3,0.5,1,1.1,0.95,2ra_m96
simgp24_lowkb,straddle_min,7,400,0.0466812,0.866667,0.8125,0.83871,16,0.964286,0.0379721,-0.00459214,13,2,0.642857,0.928571,1,0.0744319,0.8,0.964286,0.1,0.3,0,1,0.9,0.9,2ra_m96
simgp24_lowkb,straddle_min,8,400,0.0439251,1,0.8125,0.896552,16,0.962963,0.0320487,0.00349335,13,0,0.703704,0.925926,1,0.0811809,0.8,1,0.1,0.3,0,1,0.9,0.9,2ra_m96
simgp24_lowkb,straddle_min,9,400,0.0699668,1,0.8125,0.896552,16,0.923077,0.0498784,-0.0208322,13,0,0.5,0.769231,1,0.122349,0.8,1,0.1,0.3,0,1,0.9,0.9,2ra_m96
simgp24_lowkb,straddle_min,10,400,0.0492485,1,0.8,0.888889,15,0.92,0.0376009,0.0130484,12,0,0.68,0.92,0.96,0.0809587,0.8,1,0.1,0.3,0,1,0.9,0.9,2ra_m96
simgp24_lowkb,straddle_min,11,400,0.0504745,1,0.785714,0.88,14,0.916667,0.0384907,0.014034,11,0,0.666667,0.875,0.916667,0.0861007,0.8,1,0.1,0.3,0,1,1,0.9,2ra_m96
simgp24_lowkb,straddle_min,12,400,0.0506452,1,0.785714,0.88,14,0.913043,0.0383302,0.0167303,11,0,0.608696,0.869565,0.913043,0.0906925,0.8,1,0.1,0.3,0,1,1,0.9,2ra_m96
simgp24_lowkb,straddle_min,13,400,0.0741587,1,0.769231,0.869565,13,1,0.0569036,-0.0302966,10,0,0.590909,0.772727,1,0.0993784,0.5,1,0.1,0.3,0,1,0.9,0.9,2ra_m96
simgp24_lowkb,straddle_min,14,400,0.0788276,1,0.833333,0.909091,12,0.952381,0.0613317,-0.0340332,10,0,0.52381,0.761905,1,0.104374,0.5,1,0.1,0.3,0,1,0.9,0.9,2ra_m96
simgp24_lowkb,straddle_min,15,400,0.0784593,1,0.833333,0.909091,12,0.9,0.0610581,-0.0362318,10,0,0.5,0.75,1,0.0992722,0.5,1,0.1,0.3,0,1,0.9,0.9,2ra_m96
simgp24_lowkb,random,3,401,0.0385,0.962963,1,0.981132,26,0.96875,0.0230611,-0.0100577,26,1,0.84375,0.96875,1,0.0690882,0.666667,1,0.4,0.1,1,1.15,1,0.9,2ra_m96
simgp24_lowkb,random,4,401,0.0395224,0.962963,1,0.981132,26,0.967742,0.024376,-0.0121434,26,1,0.83871,0.967742,1,0.0683358,0.666667,1,0.4,0.1,1,1.15,1,0.9,2ra_m96
simgp24_lowkb,random,5,401,0.0395107,0.961538,1,0.980392,25,0.966667,0.0238967,-0.0107641,25,1,0.8,0.966667,1,0.0691071,0.666667,1,0.075,1,0,1.15,1,1.05,2ra_m96
simgp24_lowkb,random,6,401,0.0436285,0.96,1,0.979592,24,0.965517,0.02903,-0.0158812,24,1,0.655172,0.896552,0.965517,0.0722277,1,1,0.25,0.3,0,1,0.9,0.9,2ra_m96
simgp24_lowkb,random,7,401,0.0416603,0.958333,1,0.978723,23,0.964286,0.0265859,-0.0133665,23,1,0.678571,0.928571,0.964286,0.0726934,1,1,0.1,0.3,1,1,0.9,0.95,2ra_m96
simgp24_lowkb,random,8,401,0.0517,0.956522,1,0.977778,22,0.925926,0.0402261,-0.0258435,22,1,0.407407,0.814815,0.962963,0.089184,0.666667,0.962963,0.075,0.6,0.5,1,0.9,1,2ra_m96
simgp24_lowkb,random,9,401,0.0514327,0.954545,1,0.976744,21,0.923077,0.0394782,-0.0244538,21,1,0.423077,0.807692,0.923077,0.0908697,0.666667,0.961538,0.075,0.6,0.5,1,0.9,1,2ra_m96
simgp24_lowkb,random,10,401,0.0522387,0.952381,1,0.97561,20,0.92,0.0384162,-0.0217544,20,1,0.4,0.8,0.96,0.0929564,0.666667,0.96,0.075,0.6,0.5,1,0.9,1,2ra_m96
simgp24_lowkb,random,11,401,0.0517003,0.95,1,0.974359,19,0.916667,0.0366612,-0.0183674,19,1,0.458333,0.833333,0.916667,0.0922735,0.666667,0.916667,0.075,0.6,0.5,1,0.9,1,2ra_m96
simgp24_lowkb,random,12,401,0.0525414,0.947368,1,0.972973,18,0.913043,0.0383713,-0.0193248,18,1,0.434783,0.782609,0.913043,0.0963857,1,0.869565,0.1,0.6,0.5,1,0.9,1.05,2ra_m96
simgp24_lowkb,random,13,401,0.053977,0.947368,1,0.972973,18,0.909091,0.039388,-0.0192119,18,1,0.363636,0.772727,0.909091,0.0983483,1,0.863636,0.075,0.6,0.5,1,1.1,1,2ra_m96
simgp24_lowkb,random,14,401,0.0551101,0.947368,1,0.972973,18,0.904762,0.039607,-0.0180466,18,1,0.380952,0.761905,0.904762,0.100835,1,0.857143,0.075,0.6,0.5,1,1.1,1,2ra_m96
simgp24_lowkb,random,15,401,0.0639281,0.944444,1,0.971429,17,0.9,0.0414195,-0.0140231,17,1,0.35,0.65,0.9,0.098747,1,0.85,0.1,0.6,0.5,1,0.9,1.05,2ra_m96
simgp24_lowkb,uncertainty,3,401,0.0385,0.962963,1,0.981132,26,0.96875,0.0230611,-0.0100577,26,1,0.84375,0.96875,1,0.0690882,0.666667,1,0.4,0.1,1,1.15,1,0.9,2ra_m96
simgp24_lowkb,uncertainty,4,401,0.0386286,0.96,0.96,0.96,25,0.967742,0.0243265,-0.00539048,24,1,0.870968,0.967742,0.967742,0.0669982,0.666667,1,0.25,0.3,0,1,0.9,0.95,2ra_m96
simgp24_lowkb,uncertainty,5,401,0.0415767,0.96,1,0.979592,24,0.966667,0.0284491,-0.015578,24,1,0.7,0.933333,0.966667,0.0514505,0.666667,1,0.075,0.6,0,1,1.1,0.9,2ra_m96
simgp24_lowkb,uncertainty,6,401,0.0382941,1,0.913043,0.954545,23,0.965517,0.0222025,0.000339159,21,0,0.827586,0.931034,0.965517,0.0523991,0.5,0.965517,0.025,0.6,0,1,1.1,0.9,2ra_m96
simgp24_lowkb,uncertainty,7,401,0.0402446,0.954545,0.954545,0.954545,22,0.964286,0.0248236,-0.00543137,21,1,0.857143,0.964286,0.964286,0.046082,1,1,0.0125,0.6,0,0.85,0.9,0.9,2ra_m96
simgp24_lowkb,uncertainty,8,401,0.0383165,0.95,0.904762,0.926829,21,0.962963,0.0232683,0.0111456,19,1,0.888889,0.962963,0.962963,0.0483846,1,1,0.0125,0.6,0,0.85,0.9,0.9,2ra_m96
simgp24_lowkb,uncertainty,9,401,0.0363821,1,0.9,0.947368,20,0.961538,0.0205317,0.00845912,18,0,0.884615,0.961538,0.961538,0.0366963,0.5,1,0.0125,0.6,0,1,1.1,0.9,2ra_m96
simgp24_lowkb,uncertainty,10,401,0.0458195,1,0.842105,0.914286,19,0.96,0.0308107,0.0277061,16,0,0.64,0.96,0.96,0.0373147,1,1,0.0125,0.3,0.5,0.85,0.9,0.9,2ra_m96
simgp24_lowkb,uncertainty,11,401,0.0492991,1,0.833333,0.909091,18,0.958333,0.0344663,0.0291449,15,0,0.583333,0.958333,0.958333,0.041733,1,0.958333,0.025,0.3,0.5,0.85,0.9,0.9,2ra_m96
simgp24_lowkb,uncertainty,12,401,0.0464961,1,0.823529,0.903226,17,0.956522,0.0341483,0.0285867,14,0,0.565217,0.826087,0.956522,0.0411713,1,0.956522,0.05,0.3,0.5,0.85,0.9,0.9,2ra_m96
simgp24_lowkb,uncertainty,13,401,0.0569282,1,0.6875,0.814815,16,0.818182,0.0455622,0.0453527,11,0,0.272727,0.681818,0.954545,0.049787,1,0.954545,0.025,0.3,0.5,0.85,0.9,0.9,2ra_m96
simgp24_lowkb,uncertainty,14,401,0.0542393,1,0.733333,0.846154,15,0.809524,0.0419839,0.0407424,11,0,0.333333,0.714286,0.952381,0.0449994,1,0.952381,0.025,0.3,0.5,0.85,0.9,0.9,2ra_m96
simgp24_lowkb,uncertainty,15,401,0.0838304,0.933333,1,0.965517,14,1,0.0461423,-0.0420805,14,1,0.75,0.95,1,0.0516487,1,1,0.0125,0.3,0.5,0.85,0.9,0.9,2ra_m96
simgp24_lowkb,straddle,3,401,0.0385,0.962963,1,0.981132,26,0.96875,0.0230611,-0.0100577,26,1,0.84375,0.96875,1,0.0690882,0.666667,1,0.4,0.1,1,1.15,1,0.9,2ra_m96
simgp24_lowkb,straddle,4,401,0.0440796,0.961538,1,0.980392,25,0.967742,0.0273586,-0.00925469,25,1,0.83871,0.967742,0.967742,0.0696481,1,1,0.075,0.3,0.5,0.85,1.1,0.95,2ra_m96
simgp24_lowkb,straddle,5,401,0.050589,0.956522,0.916667,0.93617,24,0.966667,0.0337907,0.0234085,22,1,0.733333,0.9,0.966667,0.0809013,0.666667,0.966667,0.075,0.3,0.5,0.85,1.1,0.95,2ra_m96
simgp24_lowkb,straddle,6,401,0.0482775,0.954545,0.913043,0.933333,23,0.965517,0.0324401,0.0220477,21,1,0.689655,0.931034,0.965517,0.0680601,0.666667,0.965517,0.1,0.3,0.5,0.85,1.1,0.95,2ra_m96
simgp24_lowkb,straddle,7,401,0.0514599,1,0.909091,0.952381,22,0.928571,0.0339137,0.0265651,20,0,0.607143,0.892857,0.964286,0.0819423,0.666667,0.928571,0.1,0.3,0.5,0.85,1,1,2ra_m96
simgp24_lowkb,straddle,8,401,0.051055,1,0.904762,0.95,21,0.925926,0.0334901,0.0211776,19,0,0.703704,0.888889,0.962963,0.0888802,0.5,0.925926,0.25,0.1,1,0.85,1.1,0.9,2ra_m96
simgp24_lowkb,straddle,9,401,0.0444397,0.947368,0.9,0.923077,20,0.961538,0.0273729,0.0111869,18,1,0.846154,0.961538,0.961538,0.0610338,0.5,0.961538,0.1,0.3,0.5,0.85,1,0.9,2ra_m96
simgp24_lowkb,straddle,10,401,0.0567519,1,0.9,0.947368,20,0.92,0.0355283,0.0255941,18,0,0.72,0.88,0.96,0.0809399,0.5,0.92,0.25,0.3,0,0.85,1,1.05,2ra_m96
simgp24_lowkb,straddle,11,401,0.0560387,1,0.894737,0.944444,19,0.916667,0.0349302,0.023906,17,0,0.791667,0.875,0.958333,0.0818363,0.5,0.916667,0.25,0.3,0,0.85,1,1.05,2ra_m96
simgp24_lowkb,straddle,12,401,0.0576068,1,0.888889,0.941176,18,0.913043,0.0352407,0.0248448,16,0,0.782609,0.869565,0.956522,0.0831884,0.5,0.913043,0.25,0.3,0,0.85,1,1.05,2ra_m96
simgp24_lowkb,straddle,13,401,0.0558223,1,0.941176,0.969697,17,0.954545,0.0332612,0.0224215,16,0,0.727273,0.863636,0.954545,0.0859388,0.5,0.909091,0.25,0.3,0,0.85,1,1.05,2ra_m96
simgp24_lowkb,straddle,14,401,0.0573755,1,0.9375,0.967742,16,0.952381,0.0352807,0.0238155,15,0,0.714286,0.857143,0.952381,0.0862399,0.5,0.904762,0.25,0.3,0,0.85,1,1,2ra_m96
simgp24_lowkb,straddle,15,401,0.0613626,1,0.933333,0.965517,15,0.9,0.0374392,0.0259234,14,0,0.75,0.85,0.95,0.0869426,0.5,0.9,0.25,0.3,0,0.85,1,1.05,2ra_m96
simgp24_lowkb,straddle_min,3,401,0.0385,0.962963,1,0.981132,26,0.96875,0.0230611,-0.0100577,26,1,0.84375,0.96875,1,0.0690882,0.666667,1,0.4,0.1,1,1.15,1,0.9,2ra_m96
simgp24_lowkb,straddle_min,4,401,0.0351252,1,0.923077,0.96,26,0.967742,0.0206306,0.00439262,24,0,0.903226,0.967742,0.967742,0.0761961,0.666667,1,0.25,0.3,1,1.15,0.9,1.1,2ra_m96
simgp24_lowkb,straddle_min,5,401,0.0364805,1,0.92,0.958333,25,0.966667,0.0218634,0.0036957,23,0,0.933333,0.966667,0.966667,0.0530716,0.333333,1,0.1,0.1,1,0.85,1.1,0.9,2ra_m96
simgp24_lowkb,straddle_min,6,401,0.0412725,1,0.916667,0.956522,24,0.965517,0.026847,0.0149478,22,0,0.896552,0.965517,0.965517,0.0596803,0.666667,1,0.05,0.3,0,0.85,0.9,0.9,2ra_m96
simgp24_lowkb,straddle_min,7,401,0.0569613,1,0.826087,0.904762,23,0.964286,0.042227,0.0395651,19,0,0.607143,0.928571,0.964286,0.0736993,0.666667,0.964286,0.05,0.3,0,0.85,0.9,0.9,2ra_m96
simgp24_lowkb,straddle_min,8,401,0.0512618,1,0.909091,0.952381,22,0.962963,0.0362286,0.031385,20,0,0.592593,0.925926,0.962963,0.0713629,0.666667,0.925926,0.025,0.3,0.5,0.85,0.9,0.9,2ra_m96
simgp24_lowkb,straddle_min,9,401,0.048008,1,0.761905,0.864865,21,1,0.03755,0.0297929,16,0,0.576923,1,1,0.0867576,0.666667,0.961538,0.025,0.3,0.5,0.85,0.9,0.9,2ra_m96
simgp24_lowkb,straddle_min,10,401,0.0529489,1,0.9,0.947368,20,0.96,0.0354076,0.0315376,18,0,0.6,0.88,0.96,0.0706564,0.666667,0.92,0.025,0.3,0.5,0.85,0.9,0.9,2ra_m96
simgp24_lowkb,straddle_min,11,401,0.0537469,1,0.684211,0.8125,19,1,0.0456808,0.0407895,13,0,0.541667,0.958333,1,0.0854839,0.666667,0.958333,0.0125,0.3,0.5,0.85,0.9,0.9,2ra_m96
simgp24_lowkb,straddle_min,12,401,0.0397213,1,0.833333,0.909091,18,0.956522,0.0309463,0.0252222,15,0,0.608696,0.782609,1,0.0572433,0.666667,0.913043,0.0125,0.6,0,1,0.9,0.95,2ra_m96
simgp24_lowkb,straddle_min,13,401,0.0456677,1,0.882353,0.9375,17,0.954545,0.0265964,0.0168683,15,0,0.727273,0.818182,0.954545,0.0557277,0.666667,0.909091,0.0125,0.6,0,1,0.9,0.9,2ra_m96
simgp24_lowkb,straddle_min,14,401,0.0469307,1,0.875,0.933333,16,0.904762,0.0271976,0.0165061,14,0,0.714286,0.809524,0.952381,0.0572164,0.666667,0.904762,0.0125,0.6,0,1,0.9,0.9,2ra_m96
simgp24_lowkb,straddle_min,15,401,0.0482012,1,0.933333,0.965517,15,0.9,0.0261708,0.014959,14,0,0.75,0.8,0.95,0.0585728,0.666667,0.9,0.0125,0.6,0.5,1,0.9,1.05,2ra_m96
simgp24_lowkb,random,3,402,0.043972,0.826087,1,0.904762,19,0.96875,0.0350916,-0.0298886,19,4,0.625,0.9375,0.96875,0.0738816,0.8,1,0.075,0.6,0.5,1.15,0.9,1.1,2ra_m96
simgp24_lowkb,random,4,402,0.0408678,0.863636,1,0.926829,19,0.967742,0.0315665,-0.0242376,19,3,0.741935,0.935484,0.967742,0.071229,0.8,1,0.1,0.3,1,1.15,0.9,0.95,2ra_m96
simgp24_lowkb,random,5,402,0.0472966,0.857143,1,0.923077,18,0.966667,0.0356879,-0.0316633,18,3,0.6,0.933333,0.966667,0.0703618,0.8,1,0.05,0.6,0.5,1.15,1,1.1,2ra_m96
simgp24_lowkb,random,6,402,0.0441678,0.85,1,0.918919,17,0.965517,0.0334149,-0.0255005,17,3,0.62069,0.931034,0.965517,0.0711627,0.75,1,0.05,0.6,0.5,1.15,1,1.1,2ra_m96
simgp24_lowkb,random,7,402,0.0347191,0.85,1,0.918919,17,0.964286,0.0288506,-0.020173,17,3,0.642857,0.964286,0.964286,0.0683999,0.75,1,0.05,0.6,0.5,1.15,1,1.1,2ra_m96
simgp24_lowkb,random,8,402,0.0315063,0.842105,1,0.914286,16,1,0.0236132,-0.00901982,16,3,0.666667,0.962963,1,0.0749077,0.666667,1,0.05,0.6,0.5,1.15,1,1.1,2ra_m96
simgp24_lowkb,random,9,402,0.039863,0.842105,1,0.914286,16,1,0.0307281,-0.0235347,16,3,0.576923,0.923077,1,0.0841688,0.666667,0.961538,0.05,0.6,0.5,1.15,1,1.1,2ra_m96
simgp24_lowkb,random,10,402,0.0368515,0.833333,1,0.909091,15,0.96,0.0348403,-0.0290307,15,3,0.52,0.92,1,0.110914,1,0.88,0.0125,0.6,0.5,1,1.1,1.05,2ra_m96
simgp24_lowkb,random,11,402,0.0285108,0.882353,1,0.9375,15,1,0.0246355,-0.0210418,15,2,0.75,1,1,0.0815978,1,0.916667,0.025,0.6,0.5,1,1.1,1.1,2ra_m96
simgp24_lowkb,random,12,402,0.0382952,0.933333,1,0.965517,14,1,0.0253446,-0.0081954,14,1,0.652174,1,1,0.0616901,1,1,0.025,0.6,0.5,1,1.1,1.1,2ra_m96
simgp24_lowkb,random,13,402,0.0335496,0.866667,1,0.928571,13,1,0.0290453,-0.0282821,13,2,0.590909,0.863636,1,0.0761469,1,1,0.025,0.6,0.5,1,1.1,1.1,2ra_m96
simgp24_lowkb,random,14,402,0.026408,0.857143,1,0.923077,12,1,0.0223754,-0.0129645,12,2,0.761905,0.904762,1,0.0731978,1,0.904762,0.05,0.6,0,0.85,0.9,1.1,2ra_m96
simgp24_lowkb,random,15,402,0.0269821,0.846154,1,0.916667,11,1,0.0236041,-0.0103652,11,2,0.75,0.9,1,0.0635802,1,0.95,0.05,0.6,0,0.85,0.9,1.1,2ra_m96
simgp24_lowkb,uncertainty,3,402,0.043972,0.826087,1,0.904762,19,0.96875,0.0350916,-0.0298886,19,4,0.625,0.9375,0.96875,0.0738816,0.8,1,0.075,0.6,0.5,1.15,0.9,1.1,2ra_m96
simgp24_lowkb,uncertainty,4,402,0.0294376,0.857143,1,0.923077,18,0.967742,0.0235937,-0.0127312,18,3,0.83871,0.967742,1,0.0873691,0.6,0.967742,0.0125,0.3,1,0.85,1.1,1.1,2ra_m96
simgp24_lowkb,uncertainty,5,402,0.0348352,0.85,1,0.918919,17,0.966667,0.0247617,-0.0156029,17,3,0.933333,0.966667,0.966667,0.0947409,0.6,0.866667,0.0125,0.3,1,0.85,1.1,1.1,2ra_m96
simgp24_lowkb,uncertainty,6,402,0.041867,1,0.8125,0.896552,16,1,0.0302613,0.0180715,13,0,0.862069,0.965517,1,0.119625,0.5,0.896552,0.25,0.1,0,0.85,1.1,0.9,2ra_m96
simgp24_lowkb,uncertainty,7,402,0.0661229,0.789474,1,0.882353,15,0.964286,0.0443166,-0.0324827,15,4,0.678571,0.928571,1,0.12681,0.333333,0.964286,0.25,0.1,0,0.85,0.9,0.9,2ra_m96
simgp24_lowkb,uncertainty,8,402,0.109619,0.75,1,0.857143,15,0.925926,0.0772273,-0.0771112,15,5,0.407407,0.814815,0.962963,0.0860226,0.333333,1,0.25,0.1,0.5,0.85,1.1,0.9,2ra_m96
simgp24_lowkb,uncertainty,9,402,0.0586636,0.823529,1,0.903226,14,0.884615,0.0469883,-0.0326451,14,3,0.576923,0.846154,0.923077,0.129756,0.5,0.923077,0.25,0.1,0.5,0.85,1.1,0.9,2ra_m96
simgp24_lowkb,uncertainty,10,402,0.0782282,0.8125,1,0.896552,13,0.88,0.0578279,-0.053269,13,3,0.76,0.84,0.96,0.154706,1,0.96,0.25,0.3,0.5,1.15,1,0.9,2ra_m96
simgp24_lowkb,uncertainty,11,402,0.101763,0.75,1,0.857143,12,0.916667,0.0744664,-0.0744664,12,4,0.75,0.916667,0.958333,0.117213,1,1,0.25,0.3,0.5,1.15,1,0.9,2ra_m96
simgp24_lowkb,uncertainty,12,402,0.253981,0.578947,1,0.733333,11,0.652174,0.161612,-0.161499,11,8,0.217391,0.608696,0.695652,0.429913,1,0.608696,0.1,0.6,0,1.15,1,0.9,2ra_m96
simgp24_lowkb,uncertainty,13,402,0.0679437,0.75,0.9,0.818182,10,0.954545,0.0511349,-0.0393052,9,3,0.863636,0.954545,0.954545,0.159895,1,0.954545,0.075,0.6,0,1,1.1,0.9,2ra_m96
simgp24_lowkb,uncertainty,14,402,0.0734079,0.769231,1,0.869565,10,0.952381,0.0571978,-0.046973,10,3,0.857143,0.952381,0.952381,0.158943,1,0.952381,0.075,0.6,0,1,1.1,0.9,2ra_m96
simgp24_lowkb,uncertainty,15,402,0.0902229,0.833333,1,0.909091,10,0.95,0.0684784,-0.0586196,10,2,0.85,0.95,0.95,0.152415,1,0.95,0.075,0.6,0,1,1.1,0.9,2ra_m96
simgp24_lowkb,straddle,3,402,0.043972,0.826087,1,0.904762,19,0.96875,0.0350916,-0.0298886,19,4,0.625,0.9375,0.96875,0.0738816,0.8,1,0.075,0.6,0.5,1.15,0.9,1.1,2ra_m96
simgp24_lowkb,straddle,4,402,0.0470198,0.818182,1,0.9,18,0.967742,0.0364741,-0.0295925,18,4,0.709677,0.935484,1,0.0828038,1,0.967742,0.025,0.6,0.5,1,0.9,1.1,2ra_m96
simgp24_lowkb,straddle,5,402,0.0593362,0.809524,1,0.894737,17,0.933333,0.0425296,-0.028751,17,4,0.6,0.9,1,0.113644,0.8,1,0.05,0.6,0,1.15,1,0.9,2ra_m96
simgp24_lowkb,straddle,6,402,0.04759,0.761905,1,0.864865,16,1,0.0408319,-0.0333621,16,5,0.413793,0.965517,1,0.152451,0.75,0.931034,0.0125,0.6,0.5,1.15,1,0.95,2ra_m96
simgp24_lowkb,straddle,7,402,0.0391512,0.933333,0.933333,0.933333,15,1,0.0340789,0.0161793,14,1,0.785714,1,1,0.0966398,0,0.964286,0.0125,0.3,0.5,1,1.1,0.9,2ra_m96
simgp24_lowkb,straddle,8,402,0.0841009,0.666667,0.571429,0.615385,14,1,0.0645884,0.00805127,8,4,0.481481,0.925926,1,0.164023,0,0.925926,0.0125,0.3,0.5,0.85,1.1,0.9,2ra_m96
simgp24_lowkb,straddle,9,402,0.0667901,0.714286,0.769231,0.740741,13,1,0.0545934,-0.0151475,10,4,0.5,1,1,0.15404,0,0.846154,0.0125,0.3,0.5,0.85,1.1,0.95,2ra_m96
simgp24_lowkb,straddle,10,402,0.0640182,0.75,0.75,0.75,12,1,0.0511069,-0.0101021,9,3,0.44,0.96,1,0.132749,0,0.88,0.0125,0.3,0.5,1,1,0.9,2ra_m96
simgp24_lowkb,straddle,11,402,0.0770043,0.733333,1,0.846154,11,1,0.0605295,-0.0261248,11,4,0.416667,1,1,0.169631,0,0.791667,0.0125,0.3,0.5,1,1,0.9,2ra_m96
simgp24_lowkb,straddle,12,402,0.0902422,0.714286,1,0.833333,10,1,0.0693988,-0.0320446,10,4,0.304348,0.869565,1,0.195434,0,0.652174,0.0125,0.3,0.5,1,1,0.9,2ra_m96
simgp24_lowkb,straddle,13,402,0.112367,0.692308,1,0.818182,9,1,0.0760007,-0.0602959,9,4,0.454545,0.863636,1,0.213757,0.333333,0.772727,0.0125,0.3,0.5,1,1,0.9,2ra_m96
simgp24_lowkb,straddle,14,402,0.110944,0.666667,1,0.8,8,1,0.0776573,-0.0601505,8,4,0.428571,0.857143,1,0.211299,0.333333,0.761905,0.0125,0.3,0.5,1,1.1,0.9,2ra_m96
simgp24_lowkb,straddle,15,402,0.0778111,0.7,1,0.823529,7,1,0.0532158,-0.0419822,7,3,0.75,1,1,0.135495,0.666667,0.95,0.025,0.3,0.5,1,1.1,0.9,2ra_m96
simgp24_lowkb,straddle_min,3,402,0.043972,0.826087,1,0.904762,19,0.96875,0.0350916,-0.0298886,19,4,0.625,0.9375,0.96875,0.0738816,0.8,1,0.075,0.6,0.5,1.15,0.9,1.1,2ra_m96
simgp24_lowkb,straddle_min,4,402,0.027926,0.857143,1,0.923077,18,0.967742,0.0217715,-0.0112597,18,3,0.903226,0.967742,0.967742,0.0864684,0.6,0.967742,0.025,0.3,1,0.85,0.9,1.1,2ra_m96
simgp24_lowkb,straddle_min,5,402,0.0270473,0.894737,1,0.944444,17,0.966667,0.020498,-0.00461248,17,2,0.9,0.966667,0.966667,0.0967367,0.6,0.866667,0.025,0.3,1,0.85,0.9,1.05,2ra_m96
simgp24_lowkb,straddle_min,6,402,0.0329356,0.842105,1,0.914286,16,0.965517,0.0257014,-0.0128328,16,3,0.896552,0.965517,0.965517,0.0972858,0.6,0.862069,0.1,0.3,0,0.85,1.1,0.9,2ra_m96
simgp24_lowkb,straddle_min,7,402,0.0264545,0.882353,1,0.9375,15,0.964286,0.0188789,-0.00626947,15,2,0.928571,0.964286,0.964286,0.0980513,0.6,0.857143,0.1,0.3,0,0.85,1,0.9,2ra_m96
simgp24_lowkb,straddle_min,8,402,0.025185,0.875,1,0.933333,14,0.962963,0.0179417,-0.00746961,14,2,0.814815,0.962963,0.962963,0.0980732,0.6,0.851852,0.1,0.3,0.5,0.85,1.1,1.05,2ra_m96
simgp24_lowkb,straddle_min,9,402,0.0302729,0.928571,1,0.962963,13,0.961538,0.0206569,-0.00113393,13,1,0.807692,0.961538,0.961538,0.106699,0.6,0.846154,0.25,0.1,1,0.85,0.9,0.95,2ra_m96
simgp24_lowkb,straddle_min,10,402,0.027195,1,1,1,12,0.96,0.0179792,0.000820523,12,0,0.84,0.96,0.96,0.0964666,0.6,0.88,0.1,0.3,0.5,0.85,1.1,1.1,2ra_m96
simgp24_lowkb,straddle_min,11,402,0.0311788,0.846154,1,0.916667,11,0.958333,0.0211812,-0.00150068,11,2,0.833333,0.958333,0.958333,0.102233,0.5,0.875,0.25,0.1,1,0.85,1,1,2ra_m96
simgp24_lowkb,straddle_min,12,402,0.0331682,0.785714,1,0.88,11,0.956522,0.0256903,-0.0161761,11,3,0.826087,0.956522,0.956522,0.095391,0.5,0.869565,0.1,0.3,0.5,0.85,1.1,1,2ra_m96
simgp24_lowkb,straddle_min,13,402,0.177476,0.6875,1,0.814815,11,0.272727,0.131801,-0.131801,11,5,0.0454545,0.227273,0.409091,0.119174,0.5,0.954545,0.1,0.3,0.5,0.85,1.1,1,2ra_m96
simgp24_lowkb,straddle_min,14,402,0.153591,0.6875,1,0.814815,11,0.333333,0.115748,-0.115748,11,5,0.0952381,0.190476,0.571429,0.0960814,0.5,0.952381,0.1,0.3,0.5,0.85,1.1,1,2ra_m96
simgp24_lowkb,straddle_min,15,402,0.0418409,0.785714,1,0.88,11,0.95,0.0347383,-0.0296275,11,3,0.5,0.9,0.95,0.0849845,0.5,0.85,0.1,0.3,0.5,0.85,1.1,1,2ra_m96
simgp24_lowkb,random,3,403,0.0607472,0.961538,1,0.980392,25,0.84375,0.0535177,-0.0392314,25,1,0.3125,0.59375,0.9375,0.091601,0.875,0.9375,0.075,1.5,0,1,0.9,1.1,2ra_m96
simgp24_lowkb,random,4,403,0.0580748,0.96,1,0.979592,24,0.903226,0.0516874,-0.0421331,24,1,0.322581,0.612903,0.903226,0.0980635,0.857143,0.903226,0.1,1,0,1,0.9,0.95,2ra_m96
simgp24_lowkb,random,5,403,0.0586664,0.958333,1,0.978723,23,0.833333,0.049028,-0.047162,23,1,0.366667,0.733333,0.9,0.138911,0.666667,0.8,0.025,1,0.5,1,0.9,1.1,2ra_m96
simgp24_lowkb,random,6,403,0.0682652,0.956522,1,0.977778,22,0.793103,0.0566286,-0.0551534,22,1,0.275862,0.62069,0.896552,0.145411,0.666667,0.793103,0.025,1,0,1,0.9,0.9,2ra_m96
simgp24_lowkb,random,7,403,0.0550681,0.954545,1,0.976744,21,0.642857,0.0479351,-0.0478817,21,1,0.321429,0.428571,0.75,0.0821477,0.8,0.964286,0.025,1,0,1,1.1,0.9,2ra_m96
simgp24_lowkb,random,8,403,0.0522096,0.954545,1,0.976744,21,0.62963,0.0460489,-0.0381194,21,1,0.296296,0.444444,0.740741,0.0818121,0.8,0.962963,0.05,1,0,1,1.1,0.95,2ra_m96
simgp24_lowkb,random,9,403,0.0552765,0.954545,1,0.976744,21,0.538462,0.0479292,-0.0473375,21,1,0.269231,0.307692,0.692308,0.0823329,0.8,0.961538,0.025,1,0,1,1.1,0.9,2ra_m96
simgp24_lowkb,random,10,403,0.0588497,0.952381,1,0.97561,20,0.32,0.0539601,-0.0529352,20,1,0.2,0.28,0.56,0.0880655,0.75,0.96,0.0125,1,0.5,1,0.9,1,2ra_m96
simgp24_lowkb,random,11,403,0.0576758,0.95,1,0.974359,19,0.291667,0.0531223,-0.0518878,19,1,0.208333,0.25,0.541667,0.0885818,0.666667,0.958333,0.025,1,0,1,0.9,0.9,2ra_m96
simgp24_lowkb,random,12,403,0.0558792,0.95,1,0.974359,19,0.391304,0.0508222,-0.049101,19,1,0.217391,0.26087,0.521739,0.0889445,0.666667,0.913043,0.0125,1.5,0,1,0.9,1.05,2ra_m96
simgp24_lowkb,random,13,403,0.0586831,0.947368,1,0.972973,18,0.318182,0.0534168,-0.0469745,18,1,0.181818,0.227273,0.363636,0.140994,1,0.363636,0.0125,1.5,0,1,0.9,1.05,2ra_m96
simgp24_lowkb,random,14,403,0.0591514,0.944444,1,0.971429,17,0.285714,0.052858,-0.0479281,17,1,0.190476,0.238095,0.333333,0.14536,1,0.285714,0.0125,1.5,0,1,0.9,1.05,2ra_m96
simgp24_lowkb,random,15,403,0.0580488,0.941176,1,0.969697,16,0.3,0.0514634,-0.0468706,16,1,0.2,0.25,0.4,0.146964,0.5,0.25,0.0125,1.5,0,1,0.9,1.05,2ra_m96
simgp24_lowkb,uncertainty,3,403,0.0607472,0.961538,1,0.980392,25,0.84375,0.0535177,-0.0392314,25,1,0.3125,0.59375,0.9375,0.091601,0.875,0.9375,0.075,1.5,0,1,0.9,1.1,2ra_m96
simgp24_lowkb,uncertainty,4,403,0.0606749,0.96,1,0.979592,24,0.935484,0.0500084,-0.0120826,24,1,0.290323,0.870968,0.967742,0.0766097,0.75,1,0.0125,0.6,0.5,0.85,1.1,0.95,2ra_m96
simgp24_lowkb,uncertainty,5,403,0.0637184,0.958333,1,0.978723,23,0.8,0.0540533,-0.0203356,23,1,0.2,0.533333,0.966667,0.0908228,0.714286,0.966667,0.0125,0.6,0.5,0.85,0.9,0.9,2ra_m96
simgp24_lowkb,uncertainty,6,403,0.0575424,0.956522,1,0.977778,22,0.862069,0.0504516,-0.0315583,22,1,0.37931,0.827586,0.965517,0.112936,0.666667,0.931034,0.025,1,0,1,0.9,0.9,2ra_m96
simgp24_lowkb,uncertainty,7,403,0.0698682,0.954545,1,0.976744,21,0.785714,0.0616426,-0.0612541,21,1,0.357143,0.75,0.892857,0.135524,0.666667,0.892857,0.0125,1,0,1,0.9,0.9,2ra_m96
simgp24_lowkb,uncertainty,8,403,0.0952433,0.952381,1,0.97561,20,0.740741,0.0780761,-0.0780761,20,1,0.259259,0.555556,0.851852,0.0910439,0.8,1,0.0125,1,0,1,0.9,0.9,2ra_m96
simgp24_lowkb,uncertainty,9,403,0.0610425,0.95,1,0.974359,19,1,0.0500587,-0.00880692,19,1,0.5,0.730769,1,0.0948277,0.8,1,0.0125,1,0,1,0.9,0.9,2ra_m96
simgp24_lowkb,uncertainty,10,403,0.0635173,0.947368,1,0.972973,18,1,0.0502013,-0.00298839,18,1,0.52,0.76,1,0.0828742,0.75,1,0.05,0.6,0.5,1,1,0.9,2ra_m96
simgp24_lowkb,uncertainty,11,403,0.0620209,0.944444,1,0.971429,17,0.958333,0.0498289,-0.00621086,17,1,0.541667,0.75,1,0.090842,0.75,1,0.0125,1,0,1,1,0.9,2ra_m96
simgp24_lowkb,uncertainty,12,403,0.0501667,0.941176,1,0.969697,16,0.913043,0.0391488,-0.000507516,16,1,0.565217,0.826087,1,0.0662513,0.75,1,0.0125,1,0,1,1,0.9,2ra_m96
simgp24_lowkb,uncertainty,13,403,0.0602571,0.933333,0.933333,0.933333,15,0.909091,0.0499493,-0.0101512,14,1,0.5,0.772727,0.909091,0.180645,0.5,0.772727,0.0125,0.6,0,0.85,1.1,0.9,2ra_m96
simgp24_lowkb,uncertainty,14,403,0.0474726,0.933333,1,0.965517,14,0.952381,0.0385574,-0.00179091,14,1,0.52381,0.809524,1,0.0973858,0.75,1,0.0125,0.6,0.5,1,0.9,0.9,2ra_m96
simgp24_lowkb,uncertainty,15,403,0.0604506,0.928571,1,0.962963,13,0.95,0.0492948,0.006544,13,1,0.5,0.75,1,0.118263,0.666667,1,0.0125,0.6,0.5,1,0.9,0.9,2ra_m96
simgp24_lowkb,straddle,3,403,0.0607472,0.961538,1,0.980392,25,0.84375,0.0535177,-0.0392314,25,1,0.3125,0.59375,0.9375,0.091601,0.875,0.9375,0.075,1.5,0,1,0.9,1.1,2ra_m96
simgp24_lowkb,straddle,4,403,0.061577,0.96,1,0.979592,24,0.903226,0.0504053,-0.0114736,24,1,0.258065,0.741935,0.967742,0.0795934,0.75,1,0.0125,0.6,0.5,0.85,0.9,0.95,2ra_m96
simgp24_lowkb,straddle,5,403,0.0640782,0.958333,1,0.978723,23,0.666667,0.0547445,-0.0226512,23,1,0.2,0.433333,0.966667,0.0931652,0.714286,0.966667,0.0125,0.6,0.5,0.85,0.9,0.9,2ra_m96
simgp24_lowkb,straddle,6,403,0.0629828,0.956522,1,0.977778,22,0.862069,0.052238,-0.0113227,22,1,0.137931,0.62069,0.896552,0.0869396,0.714286,0.862069,0.0125,0.6,0.5,0.85,0.9,0.9,2ra_m96
simgp24_lowkb,straddle,7,403,0.062301,0.954545,1,0.976744,21,0.964286,0.0501361,-0.00439354,21,1,0.678571,0.928571,0.964286,0.0900364,0.714286,0.964286,0.075,0.6,0,0.85,0.9,0.9,2ra_m96
simgp24_lowkb,straddle,8,403,0.0631826,0.952381,1,0.97561,20,0.962963,0.0480826,0.0034894,20,1,0.740741,0.925926,0.962963,0.0934108,0.714286,0.962963,0.05,0.6,0,0.85,0.9,0.9,2ra_m96
simgp24_lowkb,straddle,9,403,0.0664248,0.95,1,0.974359,19,0.961538,0.0488406,0.00812546,19,1,0.730769,0.923077,0.961538,0.0952212,0.571429,0.961538,0.05,0.6,0,0.85,0.9,0.9,2ra_m96
simgp24_lowkb,straddle,10,403,0.0670587,0.947368,1,0.972973,18,0.96,0.048782,0.010451,18,1,0.72,0.92,0.96,0.0964616,0.5,0.92,0.05,0.6,0,0.85,0.9,0.9,2ra_m96
simgp24_lowkb,straddle,11,403,0.0460113,0.944444,1,0.971429,17,0.916667,0.0377866,-0.00537921,17,1,0.583333,0.916667,0.958333,0.0812084,0.5,0.958333,0.05,0.6,0,0.85,0.9,0.9,2ra_m96
simgp24_lowkb,straddle,12,403,0.0455562,0.941176,1,0.969697,16,0.869565,0.0382266,-0.0114449,16,1,0.478261,0.782609,0.869565,0.0958962,0.6,0.826087,0.075,0.6,0,0.85,0.9,0.9,2ra_m96
simgp24_lowkb,straddle,13,403,0.0452244,0.9375,1,0.967742,15,0.863636,0.0390999,-0.0180045,15,1,0.5,0.727273,0.863636,0.106399,0.6,0.818182,0.05,0.6,0,0.85,0.9,0.9,2ra_m96
simgp24_lowkb,straddle,14,403,0.0439148,0.933333,1,0.965517,14,0.714286,0.03661,-0.0263913,14,1,0.52381,0.619048,0.857143,0.128232,0.6,0.857143,0.0125,0.6,0.5,0.85,1.1,0.95,2ra_m96
simgp24_lowkb,straddle,15,403,0.0481664,0.928571,1,0.962963,13,0.8,0.0401576,-0.0155158,13,1,0.5,0.65,0.85,0.121494,0.5,0.85,0.05,0.6,0,0.85,1.1,0.9,2ra_m96
simgp24_lowkb,straddle_min,3,403,0.0607472,0.961538,1,0.980392,25,0.84375,0.0535177,-0.0392314,25,1,0.3125,0.59375,0.9375,0.091601,0.875,0.9375,0.075,1.5,0,1,0.9,1.1,2ra_m96
simgp24_lowkb,straddle_min,4,403,0.0583599,0.96,1,0.979592,24,0.709677,0.0512694,-0.0453945,24,1,0.290323,0.483871,0.903226,0.110643,0.875,0.870968,0.025,1.5,0,1,0.9,1.05,2ra_m96
simgp24_lowkb,straddle_min,5,403,0.0622369,0.958333,1,0.978723,23,0.733333,0.0534589,-0.0294644,23,1,0.266667,0.466667,0.933333,0.0893145,0.875,0.9,0.075,1,0,1,0.9,0.95,2ra_m96
simgp24_lowkb,straddle_min,6,403,0.0620655,1,1,1,23,0.758621,0.0530558,-0.0270783,23,0,0.206897,0.482759,0.862069,0.08876,0.875,0.896552,0.075,1,0,1,0.9,0.9,2ra_m96
simgp24_lowkb,straddle_min,7,403,0.0638509,1,1,1,22,0.5,0.0543493,-0.0293135,22,0,0.178571,0.428571,0.642857,0.0987756,0.75,0.785714,0.075,1,0,1,0.9,0.95,2ra_m96
simgp24_lowkb,straddle_min,8,403,0.0624539,1,1,1,21,0.518519,0.0528167,-0.0269237,21,0,0.185185,0.444444,0.62963,0.0947374,0.75,0.666667,0.075,1,0,1,0.9,0.95,2ra_m96
simgp24_lowkb,straddle_min,9,403,0.0663618,1,1,1,20,0.5,0.0562035,-0.0304848,20,0,0.192308,0.384615,0.538462,0.0929828,0.75,0.769231,0.025,1.5,0,1,0.9,1.1,2ra_m96
simgp24_lowkb,straddle_min,10,403,0.0681135,1,1,1,20,0.44,0.0573255,-0.02597,20,0,0.16,0.36,0.52,0.0950669,0.75,0.76,0.025,1.5,0,1,0.9,1.1,2ra_m96
simgp24_lowkb,straddle_min,11,403,0.0610003,1,1,1,19,0.583333,0.054197,-0.0284588,19,0,0.125,0.25,0.666667,0.0807359,0.714286,0.791667,0.0125,1,0.5,1,0.9,1.1,2ra_m96
simgp24_lowkb,straddle_min,12,403,0.0537583,1,1,1,18,0.695652,0.0496485,-0.035649,18,0,0.26087,0.565217,0.782609,0.0731424,0.714286,0.956522,0.0125,1,0,1,0.9,0.9,2ra_m96
simgp24_lowkb,straddle_min,13,403,0.0525819,1,1,1,17,0.681818,0.0487034,-0.0372167,17,0,0.272727,0.454545,0.772727,0.0814957,0.714286,1,0.0125,0.6,1,1,0.9,1,2ra_m96
simgp24_lowkb,straddle_min,14,403,0.0500455,1,1,1,16,0.714286,0.0458051,-0.0439147,16,0,0.238095,0.52381,0.809524,0.0708156,0.714286,1,0.0125,0.6,1,1,0.9,1.05,2ra_m96
simgp24_lowkb,straddle_min,15,403,0.0606871,1,1,1,15,0.85,0.0518686,-0.0150532,15,0,0.3,0.75,0.85,0.0831333,0.714286,1,0.0125,1,0,1,0.9,0.9,2ra_m96
simgp24_lowkb,random,3,404,0.0460619,0.730769,1,0.844444,19,1,0.0387742,-0.0330321,19,7,0.5625,0.96875,1,0.10091,0.4,1,0.1,0.3,1,0.85,1.1,1.05,2ra_m96
simgp24_lowkb,random,4,404,0.0451589,0.76,1,0.863636,19,0.967742,0.0374079,-0.0334085,19,6,0.548387,0.806452,1,0.0668325,0.4,1,0.1,0.3,0.5,0.85,1,0.9,2ra_m96
simgp24_lowkb,random,5,404,0.0440655,0.76,1,0.863636,19,1,0.0367607,-0.0291861,19,6,0.533333,0.766667,1,0.06002,0.4,1,0.075,0.3,1,0.85,1,1.05,2ra_m96
simgp24_lowkb,random,6,404,0.0332705,0.857143,0.947368,0.9,19,1,0.0276169,-0.00814988,18,3,0.689655,1,1,0.0790435,0.4,1,0.05,0.3,1,0.85,1,1.05,2ra_m96
simgp24_lowkb,random,7,404,0.0333945,0.85,0.944444,0.894737,18,1,0.0283705,-0.00845015,17,3,0.607143,1,1,0.0782121,0.4,1,0.05,0.3,1,0.85,1,1.05,2ra_m96
simgp24_lowkb,random,8,404,0.0390537,0.772727,1,0.871795,17,0.888889,0.0317214,-0.0223,17,5,0.592593,0.777778,0.962963,0.0769453,0.4,1,0.025,0.3,1,0.85,1.1,1,2ra_m96
simgp24_lowkb,random,9,404,0.0379588,0.842105,0.941176,0.888889,17,0.923077,0.0304104,-0.0184167,16,3,0.576923,0.769231,0.961538,0.0760423,0.4,1,0.05,0.3,1,0.85,1,1.05,2ra_m96
simgp24_lowkb,random,10,404,0.0315127,0.888889,1,0.941176,16,1,0.0272943,-0.0137221,16,2,0.68,0.88,1,0.0772027,0.4,0.96,0.05,0.3,1,0.85,1,1.05,2ra_m96
simgp24_lowkb,random,11,404,0.0300031,0.9375,1,0.967742,15,1,0.0252804,0.00528335,15,1,0.75,1,1,0.0900085,0.5,0.916667,0.05,0.3,1,0.85,1,1.05,2ra_m96
simgp24_lowkb,random,12,404,0.0279933,0.928571,0.928571,0.928571,14,1,0.0254732,-0.00190011,13,1,0.826087,1,1,0.068562,0.333333,0.956522,0.0125,0.3,1,0.85,1,1.05,2ra_m96
simgp24_lowkb,random,13,404,0.031821,0.923077,0.857143,0.888889,14,1,0.0279956,0.00207804,12,1,0.772727,1,1,0.0742734,0,0.954545,0.0125,0.3,1,0.85,1.1,1,2ra_m96
simgp24_lowkb,random,14,404,0.033301,1,0.857143,0.923077,14,1,0.0292184,0.0055003,12,0,0.714286,1,1,0.0797523,0,0.952381,0.0125,0.3,1,0.85,1.1,1,2ra_m96
simgp24_lowkb,random,15,404,0.0285154,1,0.928571,0.962963,14,1,0.0246259,0.0052153,13,0,0.7,1,1,0.0671021,0,1,0.0125,0.3,1,0.85,1,1.05,2ra_m96
simgp24_lowkb,uncertainty,3,404,0.0460619,0.730769,1,0.844444,19,1,0.0387742,-0.0330321,19,7,0.5625,0.96875,1,0.10091,0.4,1,0.1,0.3,1,0.85,1.1,1.05,2ra_m96
simgp24_lowkb,uncertainty,4,404,0.0513245,0.72,1,0.837209,18,1,0.0426012,-0.0404688,18,7,0.451613,1,1,0.130799,0.2,1,0.0125,0.3,0.5,0.85,1,0.9,2ra_m96
simgp24_lowkb,uncertainty,5,404,0.0304798,0.833333,0.882353,0.857143,17,1,0.0257254,-0.00371991,15,3,1,1,1,0.0604714,0.4,1,0.0125,0.3,0,0.85,1,0.9,2ra_m96
simgp24_lowkb,uncertainty,6,404,0.0499276,0.789474,0.9375,0.857143,16,1,0.0376406,-0.0164439,15,4,0.724138,1,1,0.0745298,0.5,0.965517,0.0125,0.3,0.5,0.85,0.9,0.9,2ra_m96
simgp24_lowkb,uncertainty,7,404,0.0532502,0.705882,0.8,0.75,15,1,0.0452619,0.00362551,12,5,0.75,0.964286,1,0.0918179,0,0.964286,0.0125,0.3,0,0.85,1,0.9,2ra_m96
simgp24_lowkb,uncertainty,8,404,0.0378141,0.823529,0.933333,0.875,15,1,0.0314267,-0.0102354,14,3,0.851852,1,1,0.0643076,0,1,0.0125,0.3,0,0.85,1,0.9,2ra_m96
simgp24_lowkb,uncertainty,9,404,0.0789576,0.777778,1,0.875,14,1,0.0557674,-0.0528012,14,4,0.653846,1,1,0.151603,0.5,0.923077,0.0125,0.6,0,1,1,0.9,2ra_m96
simgp24_lowkb,uncertainty,10,404,0.048478,0.666667,0.923077,0.774194,13,1,0.0419375,-0.0185194,12,6,0.64,1,1,0.0922347,0,0.96,0.0125,0.3,0,0.85,0.9,0.9,2ra_m96
simgp24_lowkb,uncertainty,11,404,0.0779087,0.666667,1,0.8,12,1,0.0609428,-0.0541531,12,6,0.583333,0.958333,1,0.110213,1,0.958333,0.0125,0.6,0,1,1,0.9,2ra_m96
simgp24_lowkb,uncertainty,12,404,0.13065,0.647059,1,0.785714,11,0.956522,0.0942435,-0.091624,11,6,0.26087,0.913043,1,0.0772325,1,1,0.0125,0.6,0,1,1.1,0.9,2ra_m96
simgp24_lowkb,uncertainty,13,404,0.119996,0.625,1,0.769231,10,1,0.0888868,-0.0882029,10,6,0.318182,0.863636,1,0.0840756,1,1,0.0125,0.6,0,1,1.1,0.9,2ra_m96
simgp24_lowkb,uncertainty,14,404,0.0776166,0.7,0.777778,0.736842,9,0.952381,0.0623388,-0.0516028,7,3,0.714286,0.857143,0.952381,0.139247,1,0.952381,0.0125,0.6,0,1,1.1,0.9,2ra_m96
simgp24_lowkb,uncertainty,15,404,0.131414,0.615385,1,0.761905,8,0.8,0.098112,-0.098112,8,5,0.15,0.75,0.95,0.256907,1,0.85,0.0125,0.6,0,1,1.1,0.9,2ra_m96
simgp24_lowkb,straddle,3,404,0.0460619,0.730769,1,0.844444,19,1,0.0387742,-0.0330321,19,7,0.5625,0.96875,1,0.10091,0.4,1,0.1,0.3,1,0.85,1.1,1.05,2ra_m96
simgp24_lowkb,straddle,4,404,0.0713838,0.72,1,0.837209,18,1,0.0598427,-0.0594874,18,7,0.451613,1,1,0.0879873,0.4,1,0.1,0.6,0,1.15,0.9,0.9,2ra_m96
simgp24_lowkb,straddle,5,404,0.0418308,0.695652,0.941176,0.8,17,1,0.0352084,-0.0271039,16,7,0.7,1,1,0.162179,0.25,1,0.0125,0.3,0.5,0.85,1,0.9,2ra_m96
simgp24_lowkb,straddle,6,404,0.0510694,0.789474,0.9375,0.857143,16,1,0.0338167,-0.0218039,15,4,0.862069,1,1,0.0492205,0.333333,1,0.025,0.3,0.5,0.85,0.9,0.9,2ra_m96
simgp24_lowkb,straddle,7,404,0.0537494,0.777778,0.933333,0.848485,15,1,0.0386654,-0.0276658,14,4,0.821429,1,1,0.0769643,0,1,0.0125,0.3,0.5,1,0.9,0.9,2ra_m96
simgp24_lowkb,straddle,8,404,0.0979455,0.764706,0.928571,0.83871,14,0.925926,0.064282,-0.0503801,13,4,0.444444,0.814815,0.925926,0.105717,0,1,0.0125,0.3,0.5,1,0.9,0.9,2ra_m96
simgp24_lowkb,straddle,9,404,0.0846577,0.722222,1,0.83871,13,0.884615,0.061931,-0.0515513,13,5,0.346154,0.769231,0.923077,0.0747473,0,1,0.0125,0.3,0.5,1,0.9,0.9,2ra_m96
simgp24_lowkb,straddle,10,404,0.110853,0.75,1,0.857143,12,0.8,0.0714988,-0.059926,12,4,0.52,0.76,0.84,0.156312,0,1,0.0125,0.3,0.5,1,0.9,0.9,2ra_m96
simgp24_lowkb,straddle,11,404,0.0969322,0.733333,1,0.846154,11,0.916667,0.0682899,-0.0566397,11,4,0.416667,0.75,1,0.178988,1,1,0.0125,0.6,0,1,1,0.9,2ra_m96
simgp24_lowkb,straddle,12,404,0.0853319,0.818182,0.9,0.857143,10,1,0.0554763,-0.0404771,9,2,0.608696,0.826087,1,0.16788,1,1,0.0125,0.3,0.5,1,1,0.9,2ra_m96
simgp24_lowkb,straddle,13,404,0.0639636,0.615385,0.888889,0.727273,9,1,0.0444884,-0.0352622,8,5,0.954545,1,1,0.0372717,1,1,0.0125,0.3,0.5,0.85,0.9,0.9,2ra_m96
simgp24_lowkb,straddle,14,404,0.132695,0.615385,1,0.761905,8,0.714286,0.0939243,-0.0896717,8,5,0.333333,0.619048,0.857143,0.181237,1,1,0.0125,0.6,0,1,1,0.9,2ra_m96
simgp24_lowkb,straddle,15,404,0.140019,0.583333,1,0.736842,7,0.75,0.104291,-0.0982487,7,5,0.2,0.5,0.85,0.171591,1,1,0.0125,0.6,0,1,1,0.9,2ra_m96
simgp24_lowkb,straddle_min,3,404,0.0460619,0.730769,1,0.844444,19,1,0.0387742,-0.0330321,19,7,0.5625,0.96875,1,0.10091,0.4,1,0.1,0.3,1,0.85,1.1,1.05,2ra_m96
simgp24_lowkb,straddle_min,4,404,0.0520742,0.72,1,0.837209,18,1,0.0425639,-0.04072,18,7,0.419355,0.903226,1,0.105505,0.4,1,0.0125,0.3,0.5,0.85,1,0.9,2ra_m96
simgp24_lowkb,straddle_min,5,404,0.0311591,0.8,0.941176,0.864865,17,1,0.0254973,-0.00809209,16,4,1,1,1,0.0564967,0.4,1,0.0125,0.3,0,0.85,1,0.9,2ra_m96
simgp24_lowkb,straddle_min,6,404,0.0913396,0.73913,1,0.85,17,0.931034,0.0739939,-0.0720975,17,6,0.37931,0.793103,1,0.168995,0.2,0.931034,0.0125,1,0,1.15,1.1,0.9,2ra_m96
simgp24_lowkb,straddle_min,7,404,0.0874107,0.727273,1,0.842105,16,0.892857,0.0736382,-0.0736364,16,6,0.321429,0.678571,0.928571,0.130075,0.2,0.928571,0.0125,1,0,1.15,1.1,0.9,2ra_m96
simgp24_lowkb,straddle_min,8,404,0.109286,0.761905,1,0.864865,16,0.62963,0.0901734,-0.0901734,16,5,0.111111,0.444444,0.962963,0.14463,0.6,1,0.0125,0.6,0.5,1,1.1,0.9,2ra_m96
simgp24_lowkb,straddle_min,9,404,0.104414,0.8,1,0.888889,16,0.692308,0.0816335,-0.0816335,16,4,0.230769,0.538462,0.923077,0.19022,0.2,0.730769,0.0125,0.6,0.5,1,1.1,0.9,2ra_m96
simgp24_lowkb,straddle_min,10,404,0.121077,0.789474,1,0.882353,15,0.64,0.0907983,-0.090357,15,4,0.2,0.44,0.92,0.222665,0.2,0.64,0.0125,0.6,0.5,1,1.1,0.9,2ra_m96
simgp24_lowkb,straddle_min,11,404,0.114901,0.833333,1,0.909091,15,0.583333,0.0848427,-0.0848427,15,3,0.291667,0.458333,0.75,0.212305,0.2,0.583333,0.0125,0.6,0.5,1,1.1,0.95,2ra_m96
simgp24_lowkb,straddle_min,12,404,0.0499451,0.823529,1,0.903226,14,0.913043,0.0408749,-0.021258,14,3,0.565217,0.869565,0.913043,0.110139,0.4,1,0.0125,0.3,0.5,0.85,1.1,0.9,2ra_m96
simgp24_lowkb,straddle_min,13,404,0.0808561,0.8125,1,0.896552,13,0.954545,0.0603186,-0.0603186,13,3,0.227273,0.636364,1,0.085522,0.4,1,0.0125,0.3,1,0.85,1.1,1,2ra_m96
simgp24_lowkb,straddle_min,14,404,0.0544834,0.866667,1,0.928571,13,0.952381,0.0429197,-0.0414443,13,2,0.571429,0.857143,0.952381,0.082796,0.4,1,0.0125,0.3,1,0.85,1.1,1,2ra_m96
simgp24_lowkb,straddle_min,15,404,0.0571132,0.857143,1,0.923077,12,0.75,0.0478926,-0.0287391,12,2,0.45,0.7,0.8,0.124819,0.25,0.9,0.0125,0.3,1,0.85,0.9,0.95,2ra_m96
simgp24_lowkb,random,3,405,0.0285319,1,1,1,26,1,0.022255,-0.0168942,26,0,0.96875,1,1,0.0657173,1,1,0.05,0.3,0.5,0.85,0.9,0.9,2ra_m96
simgp24_lowkb,random,4,405,0.0263414,1,0.96,0.979592,25,1,0.0197565,0.0108609,24,0,0.903226,1,1,0.0640788,0.75,0.967742,0.0125,0.6,0,0.85,0.9,0.9,2ra_m96
simgp24_lowkb,random,5,405,0.0276091,1,0.958333,0.978723,24,1,0.0218466,0.0132268,23,0,0.9,1,1,0.0673185,0.75,0.966667,0.0125,0.6,0,0.85,0.9,0.9,2ra_m96
simgp24_lowkb,random,6,405,0.0237985,1,1,1,23,1,0.0178462,0.00719186,23,0,0.862069,1,1,0.0781931,0.75,0.965517,0.1,0.3,0.5,0.85,0.9,0.9,2ra_m96
simgp24_lowkb,random,7,405,0.029306,1,0.954545,0.976744,22,1,0.023339,0.00405538,21,0,0.785714,1,1,0.109598,0.714286,0.785714,0.1,0.3,0.5,0.85,0.9,0.9,2ra_m96
simgp24_lowkb,random,8,405,0.0269888,1,1,1,21,1,0.0195024,-0.00889694,21,0,0.888889,1,1,0.0870304,0.666667,0.962963,0.05,0.6,0,0.85,0.9,0.9,2ra_m96
simgp24_lowkb,random,9,405,0.0479191,1,1,1,20,0.961538,0.0289974,-0.0160591,20,0,0.730769,0.884615,1,0.140897,0.8,0.653846,0.05,0.6,0,0.85,0.9,0.9,2ra_m96
simgp24_lowkb,random,10,405,0.0338522,1,1,1,19,1,0.0245656,-0.00175493,19,0,0.76,1,1,0.0715083,0.75,0.96,0.1,0.3,0.5,0.85,1,0.9,2ra_m96
simgp24_lowkb,random,11,405,0.0250907,1,0.947368,0.972973,19,1,0.018764,0.00219826,18,0,0.75,1,1,0.0837878,0.5,0.958333,0.1,0.3,0.5,0.85,1,0.9,2ra_m96
simgp24_lowkb,random,12,405,0.0762713,1,1,1,18,0.869565,0.037855,-0.0233569,18,0,0.826087,0.869565,0.913043,0.143509,0.666667,0.695652,0.1,0.3,0.5,0.85,1,0.9,2ra_m96
simgp24_lowkb,random,13,405,0.0703786,1,1,1,18,0.909091,0.0324352,-0.0162334,18,0,0.863636,0.909091,0.954545,0.14631,0.666667,0.545455,0.1,0.3,0.5,0.85,1,0.9,2ra_m96
simgp24_lowkb,random,14,405,0.0789972,1,1,1,17,0.904762,0.0355238,-0.026174,17,0,0.809524,0.904762,0.904762,0.147132,0.666667,0.761905,0.075,0.6,0,0.85,0.9,0.95,2ra_m96
simgp24_lowkb,random,15,405,0.0816034,1,1,1,16,0.9,0.0355281,-0.0245968,16,0,0.8,0.9,0.9,0.151721,0.666667,0.6,0.075,0.6,0,0.85,0.9,0.95,2ra_m96
simgp24_lowkb,uncertainty,3,405,0.0285319,1,1,1,26,1,0.022255,-0.0168942,26,0,0.96875,1,1,0.0657173,1,1,0.05,0.3,0.5,0.85,0.9,0.9,2ra_m96
simgp24_lowkb,uncertainty,4,405,0.0411528,1,1,1,25,1,0.0237296,-0.0159988,25,0,0.903226,0.967742,1,0.0692175,0.857143,0.967742,0.0125,0.6,0,0.85,0.9,0.9,2ra_m96
simgp24_lowkb,uncertainty,5,405,0.044457,1,1,1,24,1,0.0350455,-0.0199266,24,0,0.633333,0.866667,1,0.157172,0.857143,0.933333,0.05,0.6,0,0.85,0.9,0.9,2ra_m96
simgp24_lowkb,uncertainty,6,405,0.0517858,1,0.956522,0.977778,23,1,0.0370049,-0.00928174,22,0,0.62069,0.896552,1,0.153825,0.833333,0.862069,0.0125,0.6,0,0.85,0.9,0.9,2ra_m96
simgp24_lowkb,uncertainty,7,405,0.163506,1,0.772727,0.871795,22,0.928571,0.107652,-0.0259117,17,0,0.428571,0.785714,0.928571,0.326894,0.5,0.821429,0.05,0.3,0.5,0.85,0.9,0.9,2ra_m96
simgp24_lowkb,uncertainty,8,405,0.0557327,1,0.909091,0.952381,22,1,0.0400115,0.037481,20,0,0.777778,0.888889,1,0.121542,0.666667,0.962963,0.0125,0.6,0,0.85,0.9,0.95,2ra_m96
simgp24_lowkb,uncertainty,9,405,0.0696207,1,0.857143,0.923077,21,0.884615,0.0524586,0.0499144,18,0,0.423077,0.807692,0.961538,0.15318,0.666667,0.884615,0.0125,0.6,0,0.85,0.9,0.95,2ra_m96
simgp24_lowkb,uncertainty,10,405,0.069211,1,0.85,0.918919,20,0.92,0.0468331,0.037865,17,0,0.64,0.8,0.96,0.214016,0.666667,0.88,0.0125,0.6,0,0.85,0.9,0.9,2ra_m96
simgp24_lowkb,uncertainty,11,405,0.0680459,1,0.894737,0.944444,19,0.875,0.0517137,0.0472433,17,0,0.416667,0.833333,0.958333,0.0985385,0.666667,0.916667,0.05,0.3,0.5,0.85,0.9,0.9,2ra_m96
simgp24_lowkb,uncertainty,12,405,0.0651429,1,0.888889,0.941176,18,0.913043,0.0477561,0.0416273,16,0,0.565217,0.782609,0.956522,0.108428,0.6,0.913043,0.0125,0.6,0,0.85,0.9,0.9,2ra_m96
simgp24_lowkb,uncertainty,13,405,0.0981807,1,1,1,17,0.863636,0.05587,-0.0533074,17,0,0.590909,0.818182,0.909091,0.0935026,0.75,0.954545,0.0125,0.6,0,0.85,0.9,0.95,2ra_m96
simgp24_lowkb,uncertainty,14,405,0.0978894,1,1,1,16,0.904762,0.057011,-0.0555088,16,0,0.619048,0.809524,0.904762,0.112195,0.75,0.952381,0.0125,0.6,0,0.85,0.9,0.9,2ra_m96
simgp24_lowkb,uncertainty,15,405,0.106339,1,1,1,15,0.9,0.0676381,-0.0672742,15,0,0.5,0.8,0.95,0.124509,1,1,0.025,0.6,0,0.85,0.9,0.9,2ra_m96
simgp24_lowkb,straddle,3,405,0.0285319,1,1,1,26,1,0.022255,-0.0168942,26,0,0.96875,1,1,0.0657173,1,1,0.05,0.3,0.5,0.85,0.9,0.9,2ra_m96
simgp24_lowkb,straddle,4,405,0.0277453,1,1,1,25,1,0.020342,-0.00158199,25,0,0.967742,1,1,0.0709389,0.75,0.935484,0.0125,0.6,0,0.85,0.9,0.9,2ra_m96
simgp24_lowkb,straddle,5,405,0.0819655,1,1,1,24,0.233333,0.0706447,-0.0511274,24,0,0.166667,0.166667,0.3,0.168777,0.857143,0.866667,0.7,0.6,1,1.15,1,1.1,2ra_m96
simgp24_lowkb,straddle,6,405,0.0995372,1,1,1,23,0.37931,0.0790918,-0.0458207,23,0,0.172414,0.172414,0.724138,0.203632,1,0.793103,0.7,1,1,1.15,1,1.1,2ra_m96
simgp24_lowkb,straddle,7,405,0.078507,1,1,1,22,0.25,0.0729674,-0.0627567,22,0,0.178571,0.214286,0.285714,0.1638,0.857143,0.964286,0.7,0.6,1,1.15,1,1.1,2ra_m96
simgp24_lowkb,straddle,8,405,0.118315,1,1,1,21,0.518519,0.102744,-0.102744,21,0,0.037037,0.296296,0.777778,0.0976182,1,1,0.7,1,0.5,1.15,1,1.1,2ra_m96
simgp24_lowkb,straddle,9,405,0.151967,1,1,1,20,0.192308,0.126765,-0.126765,20,0,0,0.153846,0.269231,0.130514,0.8,1,0.7,1,1,1.15,1,1.1,2ra_m96
simgp24_lowkb,straddle,10,405,0.20121,0.95,1,0.974359,19,0.04,0.153778,-0.153778,19,1,0,0,0.12,0.0988705,0.8,1,0.7,1,0.5,1.15,1,1.1,2ra_m96
simgp24_lowkb,straddle,11,405,0.0831799,1,1,1,18,0.333333,0.0756884,-0.0621468,18,0,0.25,0.25,0.375,0.207944,1,0.875,0.7,1,1,1.15,1,1.1,2ra_m96
simgp24_lowkb,straddle,12,405,0.0787104,1,1,1,17,0.391304,0.0734402,-0.0666077,17,0,0.173913,0.347826,0.652174,0.180509,1,0.869565,0.7,1.5,0,1.15,1,1.1,2ra_m96
simgp24_lowkb,straddle,13,405,0.190151,1,1,1,16,0.545455,0.149398,-0.149398,16,0,0,0.227273,0.772727,0.110006,1,1,0.7,1,1,1.15,1,1.1,2ra_m96
simgp24_lowkb,straddle,14,405,0.186299,1,1,1,15,1,0.129948,-0.129948,15,0,0.047619,0.952381,1,0.0646779,1,1,0.25,0.3,0.5,0.85,0.9,0.9,2ra_m96
simgp24_lowkb,straddle,15,405,0.198027,1,1,1,14,1,0.139247,-0.139247,14,0,0.1,0.9,1,0.0659816,1,1,0.25,0.3,0.5,0.85,0.9,0.9,2ra_m96
simgp24_lowkb,straddle_min,3,405,0.0285319,1,1,1,26,1,0.022255,-0.0168942,26,0,0.96875,1,1,0.0657173,1,1,0.05,0.3,0.5,0.85,0.9,0.9,2ra_m96
simgp24_lowkb,straddle_min,4,405,0.0281863,1,1,1,25,1,0.020685,-0.0013883,25,0,0.967742,1,1,0.0710583,0.75,0.935484,0.0125,0.6,0,0.85,0.9,0.9,2ra_m96
simgp24_lowkb,straddle_min,5,405,0.0368353,1,1,1,24,1,0.0234454,-0.0139322,24,0,0.833333,1,1,0.109929,0.75,0.933333,0.025,0.6,0,0.85,0.9,0.9,2ra_m96
simgp24_lowkb,straddle_min,6,405,0.0342302,1,1,1,23,1,0.0258256,-0.0179573,23,0,0.793103,0.965517,1,0.0851671,0.714286,0.931034,0.075,0.6,0,0.85,0.9,0.9,2ra_m96
simgp24_lowkb,straddle_min,7,405,0.0277669,1,1,1,22,1,0.0196273,0.000999688,22,0,0.714286,0.964286,1,0.0934187,0.714286,0.821429,0.1,0.6,0,0.85,0.9,0.9,2ra_m96
simgp24_lowkb,straddle_min,8,405,0.0652109,1,1,1,21,1,0.0447314,-0.0433475,21,0,0.444444,0.925926,1,0.106644,0.714286,0.888889,0.075,0.6,0.5,0.85,0.9,1,2ra_m96
simgp24_lowkb,straddle_min,9,405,0.0631385,1,1,1,20,1,0.0398486,-0.0372356,20,0,0.615385,0.884615,1,0.101172,0.714286,0.923077,0.1,0.6,0,0.85,0.9,0.9,2ra_m96
simgp24_lowkb,straddle_min,10,405,0.0322876,1,1,1,19,0.96,0.0266827,0.00561027,19,0,0.8,0.92,0.96,0.137211,0.714286,0.88,0.1,0.6,0,0.85,0.9,0.9,2ra_m96
simgp24_lowkb,straddle_min,11,405,0.0379805,1,1,1,18,0.958333,0.0320219,0.0117306,18,0,0.666667,0.833333,1,0.156869,0.666667,0.833333,0.05,0.6,0,0.85,1,0.9,2ra_m96
simgp24_lowkb,straddle_min,12,405,0.0375199,1,1,1,17,0.956522,0.0308815,0.0135628,17,0,0.652174,0.869565,1,0.153829,0.6,0.826087,0.0125,0.6,0.5,0.85,1,1.05,2ra_m96
simgp24_lowkb,straddle_min,13,405,0.0354333,1,1,1,16,1,0.0289389,0.00702285,16,0,0.681818,0.954545,1,0.151422,0.6,0.863636,0.0125,0.6,0.5,0.85,1.1,1,2ra_m96
simgp24_lowkb,straddle_min,14,405,0.0329655,1,1,1,15,0.952381,0.0251717,0.00719864,15,0,0.809524,0.904762,0.952381,0.0989336,0.75,0.809524,0.0125,0.6,0.5,0.85,1,1.05,2ra_m96
simgp24_lowkb,straddle_min,15,405,0.0337298,1,1,1,14,1,0.0268181,0.00560251,14,0,0.7,0.95,1,0.119339,0.75,0.85,0.0125,0.6,0.5,0.85,1.1,1,2ra_m96
simgp24_lowkb,random,3,406,0.049265,0.681818,0.9375,0.789474,16,0.96875,0.0392899,-0.0252785,15,7,0.625,0.9375,1,0.0698633,0.666667,1,0.075,0.3,0,0.85,1,0.95,2ra_m96
simgp24_lowkb,random,4,406,0.0453152,0.666667,0.933333,0.777778,15,1,0.0356573,-0.020068,14,7,0.741935,0.935484,1,0.0608705,0.666667,1,0.25,0.1,0,0.85,1,0.9,2ra_m96
simgp24_lowkb,random,5,406,0.0435189,0.666667,0.933333,0.777778,15,1,0.0347132,-0.0235384,14,7,0.766667,0.933333,1,0.0610071,0.666667,1,0.25,0.1,0,0.85,1,0.9,2ra_m96
simgp24_lowkb,random,6,406,0.0482661,0.681818,1,0.810811,15,0.965517,0.0372767,-0.0247233,15,7,0.655172,0.896552,1,0.0627869,0.666667,1,0.1,0.3,0.5,1,1.1,1,2ra_m96
simgp24_lowkb,random,7,406,0.0510261,0.666667,1,0.8,14,0.928571,0.0398755,-0.0267837,14,7,0.5,0.892857,0.964286,0.0673397,0,1,0.1,0.3,1,1.15,1.1,1,2ra_m96
simgp24_lowkb,random,8,406,0.0427731,0.684211,0.928571,0.787879,14,0.962963,0.033465,-0.0259082,13,6,0.740741,0.888889,1,0.0736011,0.5,1,0.1,0.3,1,1.15,1.1,1,2ra_m96
simgp24_lowkb,random,9,406,0.0435149,0.684211,0.928571,0.787879,14,0.961538,0.0341317,-0.0280898,13,6,0.730769,0.923077,1,0.0751209,0.5,1,0.1,0.3,1,1.15,1.1,1,2ra_m96
simgp24_lowkb,random,10,406,0.0455484,0.631579,0.923077,0.75,13,0.96,0.0358944,-0.0309986,12,7,0.64,0.88,1,0.0725483,0.5,1,0.1,0.3,1,1.15,1.1,1,2ra_m96
simgp24_lowkb,random,11,406,0.0406607,0.647059,0.916667,0.758621,12,0.958333,0.0308486,-0.0189172,11,6,0.583333,0.916667,1,0.0621991,0.5,1,0.1,0.3,1,1.15,1.1,1,2ra_m96
simgp24_lowkb,random,12,406,0.0454621,0.625,0.909091,0.740741,11,0.913043,0.0366069,-0.026735,10,6,0.478261,0.826087,0.956522,0.0737978,1,1,0.025,0.6,0,1,1,1,2ra_m96
simgp24_lowkb,random,13,406,0.0504116,0.647059,1,0.785714,11,0.909091,0.0402709,-0.0353277,11,6,0.454545,0.863636,0.954545,0.0868436,1,1,0.025,0.6,0,1,1,1,2ra_m96
simgp24_lowkb,random,14,406,0.0495624,0.642857,0.9,0.75,10,0.952381,0.0387898,-0.0344495,9,5,0.52381,0.857143,0.952381,0.077341,1,0.952381,0.075,0.3,0.5,1,1,0.95,2ra_m96
simgp24_lowkb,random,15,406,0.0547863,0.6,0.9,0.72,10,0.9,0.0428394,-0.0386746,9,6,0.45,0.75,0.95,0.0971235,1,1,0.075,0.3,0.5,1,1,0.95,2ra_m96
simgp24_lowkb,uncertainty,3,406,0.049265,0.681818,0.9375,0.789474,16,0.96875,0.0392899,-0.0252785,15,7,0.625,0.9375,1,0.0698633,0.666667,1,0.075,0.3,0,0.85,1,0.95,2ra_m96
simgp24_lowkb,uncertainty,4,406,0.052264,0.681818,1,0.810811,15,0.967742,0.043377,-0.0305597,15,7,0.580645,0.903226,1,0.0748195,1,1,0.05,0.6,0,1,0.9,1,2ra_m96
simgp24_lowkb,uncertainty,5,406,0.0579716,0.666667,1,0.8,14,0.933333,0.0482251,-0.0449939,14,7,0.433333,0.866667,0.966667,0.075994,1,1,0.025,0.6,0,1,0.9,0.95,2ra_m96
simgp24_lowkb,uncertainty,6,406,0.0463164,0.666667,0.923077,0.774194,13,0.965517,0.0380054,-0.0253088,12,6,0.655172,0.931034,1,0.0770385,1,1,0.05,0.3,0.5,1,0.9,0.9,2ra_m96
simgp24_lowkb,uncertainty,7,406,0.0385954,0.785714,0.916667,0.846154,12,1,0.0301894,-0.0112031,11,3,0.785714,0.964286,1,0.0784017,1,1,0.25,0.1,0.5,1,0.9,0.9,2ra_m96
simgp24_lowkb,uncertainty,8,406,0.0390844,0.769231,0.909091,0.833333,11,1,0.0309996,-0.00903721,10,3,0.740741,0.962963,1,0.0808593,1,1,0.25,0.1,0.5,1,0.9,0.9,2ra_m96
simgp24_lowkb,uncertainty,9,406,0.0387088,0.9,0.818182,0.857143,11,1,0.029168,0.00117612,9,1,0.730769,0.961538,1,0.0920107,1,1,0.25,0.1,0.5,1,0.9,0.9,2ra_m96
simgp24_lowkb,uncertainty,10,406,0.0390537,0.888889,0.8,0.842105,10,1,0.0296404,0.0056491,8,1,0.72,1,1,0.0903685,1,1,0.1,0.3,0,1,1.1,0.9,2ra_m96
simgp24_lowkb,uncertainty,11,406,0.0457107,0.6,0.666667,0.631579,9,0.958333,0.037254,-0.00487647,6,4,0.583333,0.916667,1,0.0930223,0,0.958333,0.1,0.3,0,1,1.1,0.9,2ra_m96
simgp24_lowkb,uncertainty,12,406,0.0494507,0.666667,0.666667,0.666667,9,0.956522,0.0416724,0.00712896,6,3,0.521739,0.869565,0.956522,0.0987929,1,0.956522,0.1,0.3,0,1,1.1,0.9,2ra_m96
simgp24_lowkb,uncertainty,13,406,0.0559534,0.777778,0.777778,0.777778,9,0.909091,0.0411953,0.0204354,7,2,0.545455,0.818182,0.954545,0.10809,1,0.954545,0.1,0.3,0,1,1.1,0.95,2ra_m96
simgp24_lowkb,uncertainty,14,406,0.0534111,0.75,0.75,0.75,8,0.952381,0.0441518,0.0212768,6,2,0.666667,0.904762,1,0.0840742,1,1,0.1,0.3,0,1,1.1,0.9,2ra_m96
simgp24_lowkb,uncertainty,15,406,0.0532062,0.714286,0.714286,0.714286,7,0.95,0.0428735,0.023681,5,2,0.7,0.95,1,0.0802985,1,1,0.1,0.3,0,1,1.1,0.9,2ra_m96
simgp24_lowkb,straddle,3,406,0.049265,0.681818,0.9375,0.789474,16,0.96875,0.0392899,-0.0252785,15,7,0.625,0.9375,1,0.0698633,0.666667,1,0.075,0.3,0,0.85,1,0.95,2ra_m96
simgp24_lowkb,straddle,4,406,0.0486929,0.666667,0.933333,0.777778,15,0.967742,0.038172,-0.0170877,14,7,0.677419,0.903226,0.967742,0.070643,0.5,1,0.25,0.1,1,1,0.9,0.95,2ra_m96
simgp24_lowkb,straddle,5,406,0.0489965,0.666667,1,0.8,14,0.9,0.0384371,-0.026389,14,7,0.533333,0.866667,0.966667,0.0536974,1,1,0.075,0.3,0.5,1,1.1,0.9,2ra_m96
simgp24_lowkb,straddle,6,406,0.0465457,0.631579,0.923077,0.75,13,0.862069,0.0371017,-0.0286488,12,7,0.517241,0.827586,0.931034,0.0531552,0.5,1,0.075,0.3,0.5,1,1.1,0.9,2ra_m96
simgp24_lowkb,straddle,7,406,0.0492239,0.647059,0.916667,0.758621,12,0.892857,0.0392772,-0.0176358,11,6,0.535714,0.821429,0.928571,0.0760465,1,1,0.25,0.1,0.5,1,1,0.9,2ra_m96
simgp24_lowkb,straddle,8,406,0.0535803,0.625,0.909091,0.740741,11,0.888889,0.0432865,-0.00738841,10,6,0.555556,0.888889,0.888889,0.087332,1,1,0.25,0.1,1,1,1.1,0.9,2ra_m96
simgp24_lowkb,straddle,9,406,0.0468501,0.571429,0.8,0.666667,10,0.923077,0.037159,-0.0226284,8,6,0.538462,0.769231,0.923077,0.0867283,1,1,0.25,0.1,1,1,1.1,0.9,2ra_m96
simgp24_lowkb,straddle,10,406,0.0719817,0.538462,0.777778,0.636364,9,0.84,0.0523246,-0.0174821,7,6,0.44,0.68,0.88,0.254924,1,0.88,0.25,0.1,0.5,1,1.1,0.9,2ra_m96
simgp24_lowkb,straddle,11,406,0.0835624,0.75,0.666667,0.705882,9,0.875,0.0662507,0.0419989,6,2,0.375,0.75,0.875,0.351176,1,0.708333,0.25,0.1,0.5,1,1.1,0.9,2ra_m96
simgp24_lowkb,straddle,12,406,0.0819686,0.714286,0.625,0.666667,8,0.826087,0.0591329,0.0292661,5,2,0.391304,0.652174,0.826087,0.381112,1,0.652174,0.25,0.1,0.5,1,1.1,0.9,2ra_m96
simgp24_lowkb,straddle,13,406,0.086296,0.833333,0.625,0.714286,8,0.772727,0.0678842,0.0207594,5,1,0.454545,0.681818,0.818182,0.410492,1,0.590909,0.25,0.1,0.5,1,1.1,0.9,2ra_m96
simgp24_lowkb,straddle,14,406,0.0950408,0.8,0.571429,0.666667,7,0.666667,0.0800307,0.0281311,4,1,0.380952,0.619048,0.714286,0.429913,1,0.47619,0.25,0.1,0.5,1,1.1,0.9,2ra_m96
simgp24_lowkb,straddle,15,406,0.0690563,0.75,0.5,0.6,6,0.9,0.0539738,0.0319829,3,1,0.5,0.8,0.9,0.179591,1,1,0.25,0.1,0.5,1,1.1,0.9,2ra_m96
simgp24_lowkb,straddle_min,3,406,0.049265,0.681818,0.9375,0.789474,16,0.96875,0.0392899,-0.0252785,15,7,0.625,0.9375,1,0.0698633,0.666667,1,0.075,0.3,0,0.85,1,0.95,2ra_m96
simgp24_lowkb,straddle_min,4,406,0.0547871,0.681818,1,0.810811,15,0.967742,0.0461228,-0.0385514,15,7,0.483871,0.83871,1,0.0796976,0.666667,1,0.075,0.3,0.5,1,1.1,0.9,2ra_m96
simgp24_lowkb,straddle_min,5,406,0.0539838,0.666667,1,0.8,14,0.833333,0.0448058,-0.0402424,14,7,0.433333,0.8,0.966667,0.0826714,1,0.966667,0.075,0.3,0.5,1,1.1,0.9,2ra_m96
simgp24_lowkb,straddle_min,6,406,0.0648716,0.65,1,0.787879,13,0.896552,0.054959,-0.0528726,13,7,0.310345,0.689655,0.896552,0.145786,1,0.896552,0.075,0.3,0.5,1,1.1,0.9,2ra_m96
simgp24_lowkb,straddle_min,7,406,0.0545279,0.684211,1,0.8125,13,0.821429,0.0453654,-0.0404514,13,6,0.321429,0.75,0.892857,0.0959755,1,0.928571,0.075,0.3,0.5,1,0.9,0.9,2ra_m96
simgp24_lowkb,straddle_min,8,406,0.0553471,0.722222,1,0.83871,13,0.851852,0.0465764,-0.0412538,13,5,0.296296,0.666667,0.888889,0.0949612,1,0.925926,0.075,0.3,0.5,1,0.9,0.9,2ra_m96
simgp24_lowkb,straddle_min,9,406,0.0560462,0.764706,1,0.866667,13,0.846154,0.0462369,-0.0444188,13,4,0.461538,0.807692,0.923077,0.0822397,1,0.923077,0.1,0.3,0.5,1,0.9,0.95,2ra_m96
simgp24_lowkb,straddle_min,10,406,0.0502717,0.8125,1,0.896552,13,0.88,0.0407271,-0.0326151,13,3,0.4,0.84,0.96,0.0828915,1,0.92,0.1,0.3,0.5,1,0.9,0.95,2ra_m96
simgp24_lowkb,straddle_min,11,406,0.0461732,0.8,1,0.888889,12,0.916667,0.0381725,-0.0285383,12,3,0.5,0.791667,0.958333,0.0765508,1,0.916667,0.1,0.3,0.5,1,0.9,1,2ra_m96
simgp24_lowkb,straddle_min,12,406,0.0295833,0.857143,1,0.923077,12,1,0.0253004,-0.00911721,12,2,0.826087,1,1,0.0761736,1,1,0.1,0.3,0,1,0.9,0.9,2ra_m96
simgp24_lowkb,straddle_min,13,406,0.0303058,0.923077,1,0.96,12,1,0.026483,-0.00926224,12,1,0.863636,0.954545,1,0.0770884,0.666667,1,0.1,0.3,0,1,0.9,0.9,2ra_m96
simgp24_lowkb,straddle_min,14,406,0.0326351,0.916667,1,0.956522,11,1,0.028055,-0.0118758,11,1,0.809524,0.952381,1,0.0696644,1,1,0.1,0.3,0,1,1.1,0.9,2ra_m96
simgp24_lowkb,straddle_min,15,406,0.0328321,0.909091,1,0.952381,10,1,0.0292314,-0.0140822,10,1,0.75,0.95,1,0.0704724,1,1,0.1,0.3,0,1,1.1,0.9,2ra_m96
simgp24_lowkb,random,3,407,0.0688234,0.782609,0.857143,0.818182,21,0.96875,0.038691,-0.00404551,18,5,0.875,0.96875,0.96875,0.0832141,0.555556,0.9375,0.05,0.3,1,0.85,0.9,1.1,2ra_m96
simgp24_lowkb,random,4,407,0.0656946,0.782609,0.857143,0.818182,21,0.967742,0.0395108,-0.00725521,18,5,0.83871,0.967742,0.967742,0.083337,0.666667,0.935484,0.1,0.6,0.5,1.15,1,1.05,2ra_m96
simgp24_lowkb,random,5,407,0.0835534,0.8,1,0.888889,20,0.9,0.0575092,-0.0533881,20,5,0.566667,0.9,0.9,0.181119,0.777778,0.666667,0.0125,1.5,0,1.15,0.9,1.1,2ra_m96
simgp24_lowkb,random,6,407,0.0685464,0.782609,0.947368,0.857143,19,0.965517,0.0409004,-0.00944528,18,5,0.793103,0.931034,1,0.0984273,0.555556,0.931034,0.0125,0.3,1,0.85,0.9,1,2ra_m96
simgp24_lowkb,random,7,407,0.0679578,0.772727,0.944444,0.85,18,0.964286,0.043198,-0.00895011,17,5,0.678571,0.928571,1,0.106197,0.5,0.892857,0.0125,0.3,1,0.85,1,1,2ra_m96
simgp24_lowkb,random,8,407,0.0663733,0.761905,0.941176,0.842105,17,0.925926,0.0394641,-0.00265441,16,5,0.592593,0.888889,0.962963,0.10713,0.428571,0.888889,0.0125,0.3,1,1,1,0.9,2ra_m96
simgp24_lowkb,random,9,407,0.0708667,0.761905,1,0.864865,16,0.884615,0.0420747,-0.0369636,16,5,0.653846,0.884615,0.884615,0.166751,0.571429,0.615385,0.0125,0.6,0.5,1,1,1.05,2ra_m96
simgp24_lowkb,random,10,407,0.0563008,0.789474,1,0.882353,15,0.96,0.0374022,-0.0219696,15,4,0.72,0.92,1,0.145472,0.571429,0.8,0.0125,0.3,1,0.85,1,0.95,2ra_m96
simgp24_lowkb,random,11,407,0.0670964,0.823529,1,0.903226,14,0.875,0.0384711,-0.0309403,14,3,0.791667,0.875,0.875,0.177529,0.571429,0.583333,0.05,0.3,0.5,0.85,1,0.9,2ra_m96
simgp24_lowkb,random,12,407,0.0308922,0.777778,1,0.875,14,1,0.0241213,-0.0112472,14,4,0.826087,1,1,0.112406,0.571429,0.956522,0.0125,0.3,1,0.85,1,1,2ra_m96
simgp24_lowkb,random,13,407,0.0246661,0.777778,1,0.875,14,1,0.0210482,-0.0064421,14,4,0.863636,1,1,0.116808,0.571429,0.954545,0.0125,0.3,1,0.85,1,1,2ra_m96
simgp24_lowkb,random,14,407,0.0247197,0.777778,1,0.875,14,1,0.0199123,-0.00448026,14,4,0.857143,1,1,0.11797,0.571429,0.904762,0.0125,0.3,1,0.85,1,1,2ra_m96
simgp24_lowkb,random,15,407,0.0277917,0.866667,0.928571,0.896552,14,1,0.0201832,0.00566701,13,2,0.9,0.95,1,0.0912877,0.571429,0.85,0.0125,0.3,1,0.85,1,1,2ra_m96
simgp24_lowkb,uncertainty,3,407,0.0688234,0.782609,0.857143,0.818182,21,0.96875,0.038691,-0.00404551,18,5,0.875,0.96875,0.96875,0.0832141,0.555556,0.9375,0.05,0.3,1,0.85,0.9,1.1,2ra_m96
simgp24_lowkb,uncertainty,4,407,0.0629323,0.809524,0.85,0.829268,20,0.967742,0.0323658,0.00940354,17,4,0.903226,0.967742,0.967742,0.0786211,0.555556,0.935484,0.1,0.3,0,0.85,0.9,0.9,2ra_m96
simgp24_lowkb,uncertainty,5,407,0.0574501,0.8,0.842105,0.820513,19,0.966667,0.0325828,0.00624609,16,4,0.866667,0.966667,0.966667,0.0822159,0.555556,0.9,0.1,0.1,1,0.85,0.9,0.9,2ra_m96
simgp24_lowkb,uncertainty,6,407,0.0556281,0.833333,0.833333,0.833333,18,0.931034,0.0325231,0.020684,15,3,0.793103,0.896552,0.965517,0.0875676,0.375,0.896552,0.0125,0.3,0.5,0.85,0.9,0.9,2ra_m96
simgp24_lowkb,uncertainty,7,407,0.0506419,0.75,0.882353,0.810811,17,1,0.037376,-0.0320674,15,5,0.75,1,1,0.0883002,0.625,0.928571,0.0125,0.3,1,0.85,0.9,1,2ra_m96
simgp24_lowkb,uncertainty,8,407,0.0610024,0.866667,0.8125,0.83871,16,0.888889,0.034437,0.0258592,13,2,0.777778,0.814815,0.925926,0.094683,0.714286,0.851852,0.0125,0.3,0.5,0.85,0.9,0.9,2ra_m96
simgp24_lowkb,uncertainty,9,407,0.0666928,0.736842,0.933333,0.823529,15,0.961538,0.0506147,-0.0461429,14,5,0.730769,0.961538,0.961538,0.0950238,0.666667,0.961538,0.0125,0.3,1,0.85,0.9,1,2ra_m96
simgp24_lowkb,uncertainty,10,407,0.0677437,0.722222,0.928571,0.8125,14,0.96,0.0514858,-0.0466665,13,5,0.72,0.96,0.96,0.0963398,0.666667,0.92,0.0125,0.3,1,0.85,0.9,1,2ra_m96
simgp24_lowkb,uncertainty,11,407,0.0653948,0.733333,0.846154,0.785714,13,0.916667,0.0351117,0.00905311,11,4,0.625,0.708333,0.916667,0.0989304,0.666667,0.833333,0.0125,0.3,1,0.85,0.9,1,2ra_m96
simgp24_lowkb,uncertainty,12,407,0.0644368,0.666667,0.833333,0.740741,12,0.956522,0.0487989,-0.0416399,10,5,0.695652,0.956522,0.956522,0.0989002,0.6,0.869565,0.0125,0.3,1,0.85,0.9,1,2ra_m96
simgp24_lowkb,uncertainty,13,407,0.064849,0.642857,0.818182,0.72,11,0.954545,0.0504952,-0.0427217,9,5,0.636364,0.954545,0.954545,0.0998942,0.6,0.863636,0.0125,0.3,1,0.85,0.9,1,2ra_m96
simgp24_lowkb,uncertainty,14,407,0.0636107,0.615385,0.8,0.695652,10,0.952381,0.0499784,-0.0411895,8,5,0.619048,0.952381,0.952381,0.102057,0.5,0.857143,0.0125,0.3,1,0.85,0.9,1.05,2ra_m96
simgp24_lowkb,uncertainty,15,407,0.0615777,0.666667,0.8,0.727273,10,0.95,0.0477389,-0.037336,8,4,0.75,0.95,0.95,0.10278,0.5,0.85,0.025,0.3,0.5,0.85,1.1,0.9,2ra_m96
simgp24_lowkb,straddle,3,407,0.0688234,0.782609,0.857143,0.818182,21,0.96875,0.038691,-0.00404551,18,5,0.875,0.96875,0.96875,0.0832141,0.555556,0.9375,0.05,0.3,1,0.85,0.9,1.1,2ra_m96
simgp24_lowkb,straddle,4,407,0.061181,0.85,0.85,0.85,20,0.967742,0.0310723,0.0132243,17,3,0.870968,0.935484,0.967742,0.0838665,0.666667,0.935484,0.025,0.6,0,0.85,0.9,1.05,2ra_m96
simgp24_lowkb,straddle,5,407,0.0619774,0.8,0.842105,0.820513,19,0.933333,0.0310307,0.013393,16,4,0.766667,0.9,0.966667,0.0893945,0.666667,0.866667,0.025,0.3,1,0.85,0.9,1.05,2ra_m96
simgp24_lowkb,straddle,6,407,0.069385,0.789474,0.833333,0.810811,18,0.965517,0.0380916,0.00172196,15,4,0.655172,0.965517,0.965517,0.0819032,0.625,0.896552,0.0125,0.6,0.5,0.85,0.9,1.1,2ra_m96
simgp24_lowkb,straddle,7,407,0.107417,0.75,0.882353,0.810811,17,0.928571,0.0598596,0.014799,15,5,0.428571,0.892857,0.928571,0.0794655,0.571429,0.964286,0.0125,0.6,0.5,0.85,0.9,1.1,2ra_m96
simgp24_lowkb,straddle,8,407,0.0695525,0.764706,0.8125,0.787879,16,1,0.0444392,-0.00728211,13,4,0.518519,0.888889,1,0.077651,0.571429,0.962963,0.0125,0.6,0.5,0.85,0.9,1.1,2ra_m96
simgp24_lowkb,straddle,9,407,0.0600492,0.75,1,0.857143,15,0.846154,0.0436151,-0.0190596,15,5,0.423077,0.653846,0.923077,0.0567157,0.571429,1,0.0125,0.6,0.5,0.85,0.9,1.1,2ra_m96
simgp24_lowkb,straddle,10,407,0.0690748,0.736842,1,0.848485,14,0.72,0.0541973,-0.025073,14,5,0.24,0.64,0.8,0.160875,0.666667,0.72,0.0125,0.6,0.5,0.85,0.9,1.1,2ra_m96
simgp24_lowkb,straddle,11,407,0.0873536,0.722222,1,0.83871,13,0.5,0.0695766,-0.0240162,13,5,0.208333,0.416667,0.625,0.181868,0.666667,0.666667,0.0125,1,0,0.85,0.9,1.1,2ra_m96
simgp24_lowkb,straddle,12,407,0.152784,0.705882,1,0.827586,12,0.434783,0.110704,0.00757943,12,5,0.0869565,0.304348,0.608696,0.257055,0.8,0.73913,0.0125,1,0,0.85,0.9,1.1,2ra_m96
simgp24_lowkb,straddle,13,407,0.192456,0.6875,1,0.814815,11,0.545455,0.127997,0.0332044,11,5,0.0909091,0.5,0.681818,0.298724,1,0.545455,0.0125,1,0,0.85,0.9,1.05,2ra_m96
simgp24_lowkb,straddle,14,407,0.177179,0.666667,1,0.8,10,0.666667,0.116101,0.0352479,10,5,0.285714,0.619048,0.809524,0.295153,1,0.571429,0.0125,1,0,0.85,0.9,1.1,2ra_m96
simgp24_lowkb,straddle,15,407,0.210732,0.642857,1,0.782609,9,0.65,0.132854,0.0567141,9,5,0.25,0.5,0.8,0.311804,1,0.6,0.0125,0.6,0.5,0.85,0.9,1,2ra_m96
simgp24_lowkb,straddle_min,3,407,0.0688234,0.782609,0.857143,0.818182,21,0.96875,0.038691,-0.00404551,18,5,0.875,0.96875,0.96875,0.0832141,0.555556,0.9375,0.05,0.3,1,0.85,0.9,1.1,2ra_m96
simgp24_lowkb,straddle_min,4,407,0.0626345,0.809524,0.85,0.829268,20,0.967742,0.032347,0.00898852,17,4,0.903226,0.967742,0.967742,0.0786218,0.555556,0.935484,0.1,0.3,0,0.85,0.9,0.9,2ra_m96
simgp24_lowkb,straddle_min,5,407,0.0574707,0.761905,0.842105,0.8,19,0.966667,0.035342,0.000222225,16,5,0.9,0.966667,0.966667,0.082287,0.666667,0.9,0.1,0.3,0.5,1,1.1,0.9,2ra_m96
simgp24_lowkb,straddle_min,6,407,0.0624772,0.8,0.842105,0.820513,19,0.965517,0.0350593,0.00699211,16,4,0.827586,0.931034,0.965517,0.084807,0.666667,0.896552,0.1,0.3,0.5,1,1.1,0.9,2ra_m96
simgp24_lowkb,straddle_min,7,407,0.0624154,0.789474,0.833333,0.810811,18,1,0.0418759,-0.0085492,15,4,0.571429,1,1,0.1081,0.666667,0.857143,0.1,0.3,0.5,1,1.1,0.9,2ra_m96
simgp24_lowkb,straddle_min,8,407,0.0636885,0.789474,0.882353,0.833333,17,0.925926,0.0406227,-0.00678051,15,4,0.444444,0.888889,0.962963,0.0906948,0.666667,0.888889,0.075,0.3,1,1,1.1,1,2ra_m96
simgp24_lowkb,straddle_min,9,407,0.0566963,0.833333,0.882353,0.857143,17,1,0.0375271,-0.0289111,15,3,0.538462,0.961538,1,0.0916755,0.666667,0.884615,0.1,0.3,0.5,1,1.1,0.9,2ra_m96
simgp24_lowkb,straddle_min,10,407,0.0645726,0.842105,1,0.914286,16,1,0.039804,-0.0148679,16,3,0.76,1,1,0.113756,0.666667,0.88,0.0125,0.3,1,1,1.1,0.9,2ra_m96
simgp24_lowkb,straddle_min,11,407,0.0651304,0.888889,1,0.941176,16,1,0.0412205,-0.0154584,16,2,0.75,1,1,0.111997,0.666667,0.916667,0.0125,0.3,1,1,1.1,0.9,2ra_m96
simgp24_lowkb,straddle_min,12,407,0.0666511,0.882353,1,0.9375,15,0.913043,0.0401373,-0.0102663,15,2,0.478261,0.869565,0.913043,0.0958261,0.666667,0.869565,0.0125,0.3,1,1,1.1,0.9,2ra_m96
simgp24_lowkb,straddle_min,13,407,0.0682857,0.875,1,0.933333,14,0.863636,0.0421602,-0.0134892,14,2,0.454545,0.772727,0.909091,0.0987071,0.666667,0.818182,0.0125,0.3,1,1,1.1,0.9,2ra_m96
simgp24_lowkb,straddle_min,14,407,0.0746721,0.933333,1,0.965517,14,0.904762,0.0410011,-0.00483357,14,1,0.428571,0.809524,0.904762,0.10119,0.666667,0.857143,0.0125,0.3,1,1,1.1,0.9,2ra_m96
simgp24_lowkb,straddle_min,15,407,0.0730222,0.928571,1,0.962963,13,0.9,0.0478758,-0.0174947,13,1,0.65,0.85,1,0.0910254,0.75,0.85,0.0125,0.3,1,1,1.1,0.9,2ra_m96
