model,strategy,n,seed,rmse_min,precision_min,recall_min,f1_min,n_true_viol_min,coverage90_min,mae_min,bias_min,tp_min,fp_min,coverage50_min,coverage80_min,coverage95_min,rmse_night,recall_night,coverage90_night,map_kb,map_kw,map_gamma,map_demand,map_rough,map_dose,truth
simgp24_full2r,random,3,400,0.0532384,0.681818,0.9375,0.789474,16,1,0.0431754,-0.03509,15,7,0.59375,0.9375,1,0.0818418,0.6,1,-10,0.3,0,1,0.9,1,first_order
simgp24_full2r,random,4,400,0.0580222,0.666667,0.933333,0.777778,15,1,0.0437977,-0.0368402,14,7,0.580645,0.903226,1,0.0632738,0.75,1,-7,0.3,0,0.85,1.1,1.1,first_order
simgp24_full2r,random,5,400,0.0515902,0.722222,0.928571,0.8125,14,1,0.0393299,-0.0296553,13,5,0.566667,0.933333,1,0.0637098,0.75,1,-7,0.3,0,0.85,1.1,1.1,first_order
simgp24_full2r,random,6,400,0.0545754,0.705882,0.923077,0.8,13,1,0.0421649,-0.0321501,12,5,0.551724,0.896552,1,0.0824796,0.75,1,-15,0.3,0,1,1,0.9,first_order
simgp24_full2r,random,7,400,0.0541389,0.733333,0.916667,0.814815,12,0.964286,0.0387646,-0.0265098,11,4,0.571429,0.892857,1,0.0650068,0.75,1,-24,0.3,0,1,1,0.95,first_order
simgp24_full2r,random,8,400,0.0573166,0.714286,0.909091,0.8,11,0.962963,0.043171,-0.0313209,10,4,0.518519,0.777778,1,0.0673538,0.666667,1,-24,0.3,0,1,1,0.95,first_order
simgp24_full2r,random,9,400,0.0595474,0.769231,0.909091,0.833333,11,0.884615,0.0442798,-0.0320546,10,3,0.538462,0.730769,1,0.0692051,0.666667,1,-24,0.3,0,1,1,0.95,first_order
simgp24_full2r,random,10,400,0.0642743,0.6,0.9,0.72,10,0.96,0.0509209,-0.0408322,9,6,0.48,0.8,1,0.0803627,1,1,-9,0.3,0.5,1,0.9,1.05,first_order
simgp24_full2r,random,11,400,0.0540249,0.5625,0.9,0.692308,10,0.916667,0.0429268,-0.0295944,9,7,0.458333,0.833333,0.958333,0.0845183,1,1,-24,0.3,0.5,1,0.9,1.1,first_order
simgp24_full2r,random,12,400,0.0456847,0.666667,0.888889,0.761905,9,1,0.0370692,-0.0139648,8,4,0.652174,0.869565,1,0.0781977,0.666667,1,0.1,0.1,1,0.85,0.9,0.9,first_order
simgp24_full2r,random,13,400,0.056555,0.727273,0.888889,0.8,9,0.954545,0.0416441,-0.0282491,8,3,0.590909,0.909091,1,0.0712059,0.666667,1,0.1,0.1,1,0.85,1.1,0.9,first_order
simgp24_full2r,random,14,400,0.0566734,0.666667,0.888889,0.761905,9,0.952381,0.0423963,-0.0281613,8,4,0.52381,0.857143,1,0.0726188,0.666667,1,-6,0.1,1,0.85,0.9,0.9,first_order
simgp24_full2r,random,15,400,0.0541399,0.7,0.875,0.777778,8,1,0.0412255,-0.0226773,7,3,0.7,0.85,1,0.0553593,0.666667,1,0.1,0.1,1,0.85,0.9,0.9,first_order
simgp24_full2r,uncertainty,3,400,0.0532384,0.681818,0.9375,0.789474,16,1,0.0431754,-0.03509,15,7,0.59375,0.9375,1,0.0818418,0.6,1,-10,0.3,0,1,0.9,1,first_order
simgp24_full2r,uncertainty,4,400,0.0609502,0.866667,0.866667,0.866667,15,1,0.0439952,0.0134159,13,2,0.677419,0.870968,1,0.120014,0.8,0.935484,-24,0.1,1,0.85,1.1,0.95,first_order
simgp24_full2r,uncertainty,5,400,0.0436792,0.8125,0.928571,0.866667,14,1,0.0336436,-0.00206122,13,3,0.566667,1,1,0.134791,0.8,0.866667,-10,0.1,1,1,1.1,0.9,first_order
simgp24_full2r,uncertainty,6,400,0.0461384,1,0.769231,0.869565,13,1,0.0355052,0.00619469,10,0,0.862069,0.965517,1,0.0763823,0.5,0.965517,-9,0.1,1,1,1.1,0.9,first_order
simgp24_full2r,uncertainty,7,400,0.124485,0.555556,0.833333,0.666667,12,0.892857,0.0832357,-0.0614433,10,8,0.428571,0.714286,1,0.12644,0.25,0.964286,-9,0.1,1,1,1.1,0.9,first_order
simgp24_full2r,uncertainty,8,400,0.0933897,1,0.545455,0.705882,11,0.925926,0.0611561,-0.0035922,6,0,0.555556,0.814815,1,0.15526,0.25,1,0.1,0.1,1,1,1.1,0.9,first_order
simgp24_full2r,uncertainty,9,400,0.0674788,0.9,0.9,0.9,10,1,0.0471403,-0.0274974,9,1,0.692308,1,1,0.0910101,0.333333,0.961538,0.1,0.3,0.5,1,1.1,1.05,first_order
simgp24_full2r,uncertainty,10,400,0.0560069,0.8,0.888889,0.842105,9,1,0.0433743,-0.0145569,8,2,0.72,1,1,0.0746101,0.666667,0.96,0.1,0.3,0.5,1,1.1,1.1,first_order
simgp24_full2r,uncertainty,11,400,0.0453812,0.777778,0.875,0.823529,8,1,0.0320398,-0.0043335,7,2,0.791667,0.916667,1,0.0709396,0.666667,0.958333,0.1,0.3,0.5,1,1.1,1.1,first_order
simgp24_full2r,uncertainty,12,400,0.0494516,0.6,0.857143,0.705882,7,1,0.0394896,-0.00472499,6,4,0.73913,0.869565,1,0.0856273,0.666667,0.956522,0.1,0.3,0.5,1,1.1,1.05,first_order
simgp24_full2r,uncertainty,13,400,0.0676871,0.666667,0.857143,0.75,7,1,0.0529963,-0.0287951,6,3,0.636364,0.909091,1,0.0943058,0.333333,1,0.1,0.3,0.5,1,1.1,1.1,first_order
simgp24_full2r,uncertainty,14,400,0.0591729,0.75,0.857143,0.8,7,0.904762,0.0474378,-0.0141823,6,2,0.619048,0.809524,1,0.105135,0.666667,0.857143,-24,0.3,0,1,1.1,1.1,first_order
simgp24_full2r,uncertainty,15,400,0.054115,0.75,0.857143,0.8,7,0.85,0.0448485,-0.00998628,6,2,0.55,0.8,1,0.107181,0.666667,0.85,-24,0.3,0,1,1.1,1.1,first_order
simgp24_full2r,straddle,3,400,0.0532384,0.681818,0.9375,0.789474,16,1,0.0431754,-0.03509,15,7,0.59375,0.9375,1,0.0818418,0.6,1,-10,0.3,0,1,0.9,1,first_order
simgp24_full2r,straddle,4,400,0.0393253,0.823529,0.933333,0.875,15,1,0.0298785,-0.0105808,14,3,0.806452,1,1,0.0618014,0.6,1,-7,0.3,0,0.85,1,1.1,first_order
simgp24_full2r,straddle,5,400,0.0428824,0.8,0.857143,0.827586,14,1,0.0345144,-0.013605,12,3,0.733333,0.966667,1,0.0724094,0.75,1,-8,0.1,1,1,1,0.9,first_order
simgp24_full2r,straddle,6,400,0.0694429,0.916667,0.846154,0.88,13,0.931034,0.0493751,0.02518,11,1,0.586207,0.896552,0.965517,0.230487,0.75,0.896552,-15,0.1,1,1,0.9,0.9,first_order
simgp24_full2r,straddle,7,400,0.0433049,1,0.833333,0.909091,12,1,0.0340166,0.00906506,10,0,0.892857,1,1,0.0609129,1,1,0.1,0.3,0,0.85,1.1,1,first_order
simgp24_full2r,straddle,8,400,0.0465504,1,0.727273,0.842105,11,1,0.0381742,0.0134622,8,0,0.814815,0.925926,1,0.0777388,0.5,0.962963,0.1,0.3,0,0.85,1,1,first_order
simgp24_full2r,straddle,9,400,0.0580796,0.8,0.8,0.8,10,1,0.0427289,0.0156771,8,2,0.692308,0.884615,1,0.161458,0.5,0.961538,0.1,0.1,1,0.85,1.1,0.9,first_order
simgp24_full2r,straddle,10,400,0.0886452,1,0.777778,0.875,9,1,0.0552469,-0.0388082,7,0,0.72,0.96,1,0.0696119,1,1,0.1,0.1,1,0.85,1.1,0.9,first_order
simgp24_full2r,straddle,11,400,0.148703,0.538462,0.875,0.666667,8,0.916667,0.0900685,-0.085555,7,6,0.541667,0.75,0.958333,0.0422185,1,1,-6,0.1,1,1,0.9,0.9,first_order
simgp24_full2r,straddle,12,400,0.25393,0.411765,1,0.583333,7,0.347826,0.187268,-0.187268,7,10,0.0869565,0.26087,0.652174,0.0471368,1,1,-24,0.1,1,1,0.9,0.9,first_order
simgp24_full2r,straddle,13,400,0.258644,0.375,1,0.545455,6,0.318182,0.196022,-0.196022,6,10,0,0.272727,0.5,0.0702462,1,1,-24,0.1,1,1,0.9,0.9,first_order
simgp24_full2r,straddle,14,400,0.252837,0.333333,1,0.5,5,0.47619,0.197577,-0.197577,5,10,0,0.238095,0.666667,0.0387221,1,1,-16,0.1,1,1,0.9,0.9,first_order
simgp24_full2r,straddle,15,400,0.251907,0.357143,1,0.526316,5,0.5,0.195258,-0.195258,5,9,0,0.25,0.65,0.0231394,1,1,-24,0.1,1,1,0.9,0.9,first_order
simgp24_full2r,straddle_min,3,400,0.0532384,0.681818,0.9375,0.789474,16,1,0.0431754,-0.03509,15,7,0.59375,0.9375,1,0.0818418,0.6,1,-10,0.3,0,1,0.9,1,first_order
simgp24_full2r,straddle_min,4,400,0.0572246,0.875,0.933333,0.903226,15,1,0.0413517,0.00571655,14,2,0.645161,0.935484,1,0.116724,0.8,0.967742,-8,0.1,1,1,1.1,0.9,first_order
simgp24_full2r,straddle_min,5,400,0.0619638,0.619048,0.928571,0.742857,14,0.966667,0.0478958,-0.0414798,13,8,0.466667,0.833333,1,0.0939293,0.8,0.966667,-8,0.1,1,1,1.1,0.9,first_order
simgp24_full2r,straddle_min,6,400,0.0499918,0.857143,0.857143,0.857143,14,1,0.0338399,0.00503852,12,2,0.862069,0.965517,1,0.168791,0.8,0.896552,-24,0.1,0.5,1,1.1,0.9,first_order
simgp24_full2r,straddle_min,7,400,0.0602816,0.866667,0.928571,0.896552,14,0.964286,0.0392798,-0.00102931,13,2,0.785714,0.964286,1,0.199363,0.8,0.857143,-9,0.1,1,1,1.1,0.9,first_order
simgp24_full2r,straddle_min,8,400,0.088033,1,0.714286,0.833333,14,0.888889,0.0654041,0.0374509,10,0,0.703704,0.851852,0.962963,0.0968243,0.4,1,-9,0.1,0.5,1,1.1,0.9,first_order
simgp24_full2r,straddle_min,9,400,0.0889518,1,0.846154,0.916667,13,0.846154,0.0631921,0.0274814,11,0,0.730769,0.846154,0.923077,0.0983278,0.8,1,-6,0.1,1,1,1.1,0.9,first_order
simgp24_full2r,straddle_min,10,400,0.0812619,0.909091,0.833333,0.869565,12,0.96,0.0467065,0.00675211,10,1,0.72,0.96,0.96,0.246818,0.8,0.88,-6,0.1,1,1,1.1,0.9,first_order
simgp24_full2r,straddle_min,11,400,0.0645602,0.909091,0.909091,0.909091,11,0.958333,0.0454397,0.0114621,10,1,0.708333,0.875,1,0.184706,0.4,0.875,-6,0.1,1,1,1.1,0.9,first_order
simgp24_full2r,straddle_min,12,400,0.0891529,0.9,0.9,0.9,10,0.913043,0.0553113,0.000937287,9,1,0.652174,0.782609,0.956522,0.254243,0.75,0.826087,0.1,0.3,0,1,0.9,1,first_order
simgp24_full2r,straddle_min,13,400,0.0893674,1,0.9,0.947368,10,0.909091,0.0640134,0.0165615,9,0,0.681818,0.818182,0.954545,0.10127,0.75,0.954545,0.1,0.3,0,1,0.9,1,first_order
simgp24_full2r,straddle_min,14,400,0.0966373,1,0.8,0.888889,10,0.809524,0.0746383,0.0244557,8,0,0.571429,0.809524,0.904762,0.104619,0.75,1,0.1,0.3,0,1,1.1,1.05,first_order
simgp24_full2r,straddle_min,15,400,0.0858361,1,0.888889,0.941176,9,0.95,0.0564675,0.010795,8,0,0.7,0.8,0.95,0.2232,0.75,0.8,0.1,0.3,0,1,1.1,1.05,first_order
simgp24_full2r,random,3,401,0.0321156,0.958333,1,0.978723,23,1,0.0254145,-0.0116133,23,1,0.8125,1,1,0.147537,0.666667,1,0.4,0.1,1,1.15,1,1.05,first_order
simgp24_full2r,random,4,401,0.029299,0.958333,1,0.978723,23,1,0.0227578,-0.00957476,23,1,0.903226,1,1,0.146711,0.666667,1,0.4,0.1,0.5,1.15,1,0.95,first_order
simgp24_full2r,random,5,401,0.0265678,1,1,1,23,1,0.0202624,-0.00954427,23,0,0.866667,1,1,0.137776,0.666667,1,0.1,0.6,0.5,1.15,1,1.1,first_order
simgp24_full2r,random,6,401,0.0284924,1,1,1,22,1,0.0221102,-0.0125156,22,0,0.793103,0.896552,1,0.140457,0.666667,1,-8,0.3,0,1,0.9,0.95,first_order
simgp24_full2r,random,7,401,0.0283489,1,1,1,22,1,0.02215,-0.0187853,22,0,0.678571,0.892857,1,0.129613,0.666667,1,0.1,0.3,1,1,0.9,1.05,first_order
simgp24_full2r,random,8,401,0.036146,0.954545,1,0.976744,21,0.888889,0.030827,-0.0298727,21,1,0.592593,0.851852,1,0.130689,0.666667,0.888889,0.1,0.3,1,1,0.9,1.05,first_order
simgp24_full2r,random,9,401,0.0386427,0.952381,1,0.97561,20,0.884615,0.0332005,-0.0328981,20,1,0.538462,0.846154,1,0.12971,0.666667,0.884615,0.1,0.3,1,1,0.9,1.05,first_order
simgp24_full2r,random,10,401,0.0359756,0.95,1,0.974359,19,0.88,0.0300651,-0.0283636,19,1,0.56,0.84,0.96,0.129734,0.666667,0.88,0.1,0.3,1,1,0.9,1.05,first_order
simgp24_full2r,random,11,401,0.0297761,1,1,1,18,0.958333,0.0225135,-0.0214571,18,0,0.625,0.875,1,0.138455,0.666667,0.875,0.1,0.3,1,1,0.9,1.05,first_order
simgp24_full2r,random,12,401,0.0271365,1,1,1,17,0.956522,0.0199194,-0.0166497,17,0,0.695652,0.913043,0.956522,0.136626,1,0.869565,0.1,0.3,1,1,1.1,1.05,first_order
simgp24_full2r,random,13,401,0.0273794,1,1,1,17,0.954545,0.0211153,-0.0155356,17,0,0.681818,0.909091,0.954545,0.137554,1,0.863636,0.1,0.3,1,1,1.1,1.05,first_order
simgp24_full2r,random,14,401,0.0273045,1,1,1,17,0.952381,0.0199093,-0.0167158,17,0,0.714286,0.904762,0.952381,0.137378,1,0.857143,0.1,0.3,1,1,1.1,1.05,first_order
simgp24_full2r,random,15,401,0.0295842,1,1,1,17,0.95,0.0221979,-0.0200526,17,0,0.65,0.9,0.95,0.138274,1,0.85,0.1,0.3,1,1,1.1,1.05,first_order
simgp24_full2r,uncertainty,3,401,0.0321156,0.958333,1,0.978723,23,1,0.0254145,-0.0116133,23,1,0.8125,1,1,0.147537,0.666667,1,0.4,0.1,1,1.15,1,1.05,first_order
simgp24_full2r,uncertainty,4,401,0.0356949,0.956522,1,0.977778,22,1,0.0267294,-0.00638971,22,1,0.774194,0.967742,1,0.144307,1,1,0.1,0.3,1,1,0.9,1.1,first_order
simgp24_full2r,uncertainty,5,401,0.0359801,0.954545,1,0.976744,21,0.966667,0.0284708,-0.0162211,21,1,0.633333,0.933333,1,0.144386,0.666667,0.966667,-26,0.1,0,1,0.9,0.9,first_order
simgp24_full2r,uncertainty,6,401,0.0302246,0.952381,1,0.97561,20,1,0.0233271,-0.0105245,20,1,0.896552,1,1,0.122875,1,1,0.1,0.3,0.5,1,0.9,0.95,first_order
simgp24_full2r,uncertainty,7,401,0.0362989,1,0.894737,0.944444,19,1,0.023953,0.00862285,17,0,0.857143,1,1,0.145931,1,0.571429,-24,0.1,1,0.85,1.1,0.9,first_order
simgp24_full2r,uncertainty,8,401,0.0476591,1,0.555556,0.714286,18,1,0.0332946,0.0256521,10,0,0.62963,1,1,0.150612,1,0.407407,-24,0.1,0.5,0.85,1.1,0.9,first_order
simgp24_full2r,uncertainty,9,401,0.0411751,1,0.470588,0.64,17,1,0.0301414,0.028306,8,0,0.615385,0.923077,1,0.141349,1,0.5,-6,0.1,1,0.85,1.1,0.9,first_order
simgp24_full2r,uncertainty,10,401,0.0413542,1,0.625,0.769231,16,1,0.0309828,0.0259327,10,0,0.56,1,1,0.151688,0.5,0.4,-25,0.1,0.5,1,0.9,0.9,first_order
simgp24_full2r,uncertainty,11,401,0.0442415,1,0.4,0.571429,15,1,0.0376258,0.027674,6,0,0.625,1,1,0.151091,1,1,0.1,0.1,1,0.85,1,0.9,first_order
simgp24_full2r,uncertainty,12,401,0.0464819,1,0.5,0.666667,14,1,0.0367081,0.0301549,7,0,1,1,1,0.155632,1,1,0.1,0.1,1,0.85,1.1,0.9,first_order
simgp24_full2r,uncertainty,13,401,0.0966032,0.866667,1,0.928571,13,0.954545,0.0476002,-0.0399878,13,2,0.863636,0.909091,0.954545,0.156266,1,1,0.1,0.1,1,0.85,1.1,0.9,first_order
simgp24_full2r,uncertainty,14,401,0.0545889,1,0.333333,0.5,12,1,0.0429008,0.0188719,4,0,0.666667,1,1,0.200773,1,1,0.1,0.1,1,0.85,1.1,0.9,first_order
simgp24_full2r,uncertainty,15,401,0.0951579,0.846154,1,0.916667,11,1,0.0486048,-0.0441274,11,2,0.9,0.95,1,0.140824,1,1,0.1,0.1,1,0.85,1,0.9,first_order
simgp24_full2r,straddle,3,401,0.0321156,0.958333,1,0.978723,23,1,0.0254145,-0.0116133,23,1,0.8125,1,1,0.147537,0.666667,1,0.4,0.1,1,1.15,1,1.05,first_order
simgp24_full2r,straddle,4,401,0.0364903,0.95,0.863636,0.904762,22,1,0.0245211,0.011248,19,1,0.870968,1,1,0.150921,1,1,-27,0.1,0,1,0.9,0.9,first_order
simgp24_full2r,straddle,5,401,0.0374779,0.947368,0.857143,0.9,21,1,0.0268118,0.00923238,18,1,0.766667,0.966667,1,0.170921,0.5,0.6,-25,0.1,0.5,1,0.9,0.9,first_order
simgp24_full2r,straddle,6,401,0.0613979,1,0.5,0.666667,20,0.931034,0.0479531,0.0456125,10,0,0.551724,0.793103,1,0.16805,1,0.310345,0.1,0.1,1,0.85,1.1,0.9,first_order
simgp24_full2r,straddle,7,401,0.0762644,1,0.473684,0.642857,19,0.857143,0.0639475,0.0627909,9,0,0.464286,0.642857,1,0.183939,0.5,0.285714,0.1,0.1,1,0.85,1.1,1,first_order
simgp24_full2r,straddle,8,401,0.0990061,1,0.333333,0.5,18,0.62963,0.0889845,0.0889845,6,0,0.37037,0.481481,0.814815,0.203002,0.5,0.259259,0.1,0.1,0.5,0.85,1.1,0.9,first_order
simgp24_full2r,straddle,9,401,0.101987,1,0.411765,0.583333,17,0.961538,0.0840679,0.0840679,7,0,0.269231,0.615385,1,0.298651,0,0.307692,0.1,0.1,0,0.85,1.1,0.9,first_order
simgp24_full2r,straddle,10,401,0.0682513,1,0.4375,0.608696,16,1,0.0538794,0.0278463,7,0,0.64,1,1,0.206311,0,0.96,-6,0.1,0,0.85,0.9,0.9,first_order
simgp24_full2r,straddle,11,401,0.0707444,1,0.466667,0.636364,15,1,0.0441992,0.00606639,7,0,0.833333,1,1,0.206764,1,1,-15,0.1,0,0.85,0.9,0.9,first_order
simgp24_full2r,straddle,12,401,0.0746531,1,0.571429,0.727273,14,1,0.04163,-0.0115355,8,0,0.956522,1,1,0.195809,1,1,-9,0.1,0.5,0.85,0.9,0.9,first_order
simgp24_full2r,straddle,13,401,0.0518075,1,0.461538,0.631579,13,1,0.0439037,0.0180985,6,0,0.954545,1,1,0.18973,1,1,-9,0.1,1,0.85,0.9,0.95,first_order
simgp24_full2r,straddle,14,401,0.0736817,1,0.25,0.4,12,1,0.0600777,0.0565272,3,0,0.714286,1,1,0.193127,1,1,0.1,0.1,1,0.85,0.9,0.9,first_order
simgp24_full2r,straddle,15,401,0.0761893,1,0.181818,0.307692,11,1,0.0592429,0.048381,2,0,0.4,1,1,0.355591,1,0.55,-6,0.1,0.5,0.85,0.9,0.9,first_order
simgp24_full2r,straddle_min,3,401,0.0321156,0.958333,1,0.978723,23,1,0.0254145,-0.0116133,23,1,0.8125,1,1,0.147537,0.666667,1,0.4,0.1,1,1.15,1,1.05,first_order
simgp24_full2r,straddle_min,4,401,0.0369546,0.954545,0.954545,0.954545,22,1,0.0261256,-0.00119929,21,1,0.83871,1,1,0.154435,1,1,-12,0.1,1,1,0.9,1,first_order
simgp24_full2r,straddle_min,5,401,0.0353543,0.954545,1,0.976744,21,1,0.0268885,-0.00751786,21,1,0.833333,0.966667,1,0.141996,0.666667,1,-17,0.1,0,1,0.9,0.9,first_order
simgp24_full2r,straddle_min,6,401,0.0372278,0.95,0.95,0.95,20,1,0.0277116,-0.00388468,19,1,0.827586,0.965517,1,0.156764,0.666667,0.586207,-17,0.1,0,1,0.9,0.9,first_order
simgp24_full2r,straddle_min,7,401,0.0385289,0.95,1,0.974359,19,0.964286,0.0295838,-0.00906921,19,1,0.571429,0.892857,1,0.154642,0.666667,0.607143,-28,0.1,0,1,0.9,0.9,first_order
simgp24_full2r,straddle_min,8,401,0.0402116,0.947368,1,0.972973,18,0.962963,0.0323877,-0.0151082,18,1,0.518519,0.888889,1,0.149948,0.666667,0.703704,-21,0.1,0,1,0.9,0.9,first_order
simgp24_full2r,straddle_min,9,401,0.0361902,0.944444,1,0.971429,17,0.961538,0.0291975,-0.0224713,17,1,0.5,0.884615,1,0.124323,0.666667,1,-6,0.3,0.5,1,1.1,0.95,first_order
simgp24_full2r,straddle_min,10,401,0.0367091,0.944444,1,0.971429,17,0.96,0.0284458,-0.0268928,17,1,0.44,0.88,0.96,0.108662,0.666667,0.92,-6,0.3,0.5,1,1.1,0.95,first_order
simgp24_full2r,straddle_min,11,401,0.0385614,0.944444,1,0.971429,17,0.958333,0.0306059,-0.0284214,17,1,0.458333,0.791667,0.958333,0.102509,0.666667,0.875,-6,0.3,0.5,1,1.1,0.95,first_order
simgp24_full2r,straddle_min,12,401,0.0405999,0.944444,1,0.971429,17,0.956522,0.0325219,-0.0323987,17,1,0.391304,0.826087,0.956522,0.107551,0.666667,0.869565,-6,0.3,0.5,1,0.9,0.95,first_order
simgp24_full2r,straddle_min,13,401,0.0376614,0.941176,1,0.969697,16,0.954545,0.0294886,-0.0269741,16,1,0.409091,0.681818,0.954545,0.109497,0.666667,0.863636,-6,0.3,0.5,1,0.9,0.95,first_order
simgp24_full2r,straddle_min,14,401,0.0369287,0.9375,1,0.967742,15,0.952381,0.0285969,-0.0272024,15,1,0.47619,0.809524,0.952381,0.111024,0.666667,0.857143,-6,0.3,0.5,1,0.9,0.95,first_order
simgp24_full2r,straddle_min,15,401,0.150851,1,1,1,15,0.75,0.0996634,-0.0996634,15,0,0.15,0.55,0.9,0.115406,0.666667,1,0.1,0.3,0.5,1,0.9,0.95,first_order
simgp24_full2r,random,3,402,0.0992841,0.782609,1,0.878049,18,0.8125,0.0696521,-0.0684404,18,5,0.4375,0.65625,0.84375,0.0996711,0.8,1,0.1,0.3,1,1.15,0.9,1,first_order
simgp24_full2r,random,4,402,0.0643112,0.818182,1,0.9,18,0.870968,0.0466871,-0.0390564,18,4,0.580645,0.774194,0.935484,0.112377,0.8,0.935484,0.1,0.3,1,1.15,0.9,1.05,first_order
simgp24_full2r,random,5,402,0.0685673,0.85,1,0.918919,17,0.933333,0.0477641,-0.0399764,17,3,0.5,0.833333,0.933333,0.106435,0.6,0.933333,-15,0.3,0,1,1.1,0.9,first_order
simgp24_full2r,random,6,402,0.0577909,0.882353,0.9375,0.909091,16,0.931034,0.0413282,-0.0254518,15,2,0.655172,0.896552,0.931034,0.0896572,0.25,0.965517,-9,0.3,0,1,1.1,0.9,first_order
simgp24_full2r,random,7,402,0.0499565,0.875,0.875,0.875,16,0.928571,0.037982,-0.0193584,14,2,0.5,0.928571,0.928571,0.113127,0.25,0.928571,-24,0.3,0,1,1.1,0.95,first_order
simgp24_full2r,random,8,402,0.0523762,0.875,0.933333,0.903226,15,0.925926,0.0394001,-0.0197043,14,2,0.407407,0.851852,0.962963,0.120064,0.333333,0.925926,0.1,0.3,1,1.15,1,1.1,first_order
simgp24_full2r,random,9,402,0.0632087,0.75,0.8,0.774194,15,0.961538,0.0418864,-0.0247715,12,4,0.538462,0.846154,0.961538,0.125996,0.333333,0.923077,0.1,0.3,1,1.15,1,1.1,first_order
simgp24_full2r,random,10,402,0.095673,0.777778,1,0.875,14,0.88,0.0633529,-0.0633529,14,4,0.48,0.84,0.96,0.0752382,0.666667,1,0.1,0.3,1,1,1.1,1.1,first_order
simgp24_full2r,random,11,402,0.0668167,0.875,1,0.933333,14,0.958333,0.0445645,-0.0373018,14,2,0.708333,0.916667,1,0.0704551,1,1,0.1,0.3,1,1,1.1,1.1,first_order
simgp24_full2r,random,12,402,0.0671864,0.933333,1,0.965517,14,0.913043,0.0450301,-0.0365226,14,1,0.695652,0.913043,1,0.0715747,1,1,0.1,0.3,1,1,1.1,1.1,first_order
simgp24_full2r,random,13,402,0.102629,0.866667,1,0.928571,13,0.909091,0.0620802,-0.0606204,13,2,0.454545,0.772727,0.909091,0.0823468,0.666667,1,0.1,0.3,0.5,0.85,0.9,1.1,first_order
simgp24_full2r,random,14,402,0.102491,0.857143,1,0.923077,12,0.904762,0.0589062,-0.0560778,12,2,0.47619,0.809524,0.904762,0.0855028,0.666667,1,0.1,0.3,0.5,0.85,0.9,1.1,first_order
simgp24_full2r,random,15,402,0.0774548,0.846154,1,0.916667,11,0.85,0.0517616,-0.0502335,11,2,0.55,0.8,0.9,0.0881115,1,1,0.1,0.3,0.5,0.85,0.9,1.1,first_order
simgp24_full2r,uncertainty,3,402,0.0992841,0.782609,1,0.878049,18,0.8125,0.0696521,-0.0684404,18,5,0.4375,0.65625,0.84375,0.0996711,0.8,1,0.1,0.3,1,1.15,0.9,1,first_order
simgp24_full2r,uncertainty,4,402,0.104478,0.708333,1,0.829268,17,0.83871,0.0791244,-0.0791244,17,7,0.258065,0.580645,0.870968,0.114709,0.25,0.967742,-24,0.3,0.5,1.15,1.1,0.9,first_order
simgp24_full2r,uncertainty,5,402,0.101597,0.8,1,0.888889,16,1,0.0601473,-0.050452,16,4,0.733333,0.933333,1,0.11507,0.75,1,0.1,0.1,1,0.85,1.1,0.9,first_order
simgp24_full2r,uncertainty,6,402,0.108531,0.75,0.8,0.774194,15,1,0.0646184,-0.0487297,12,4,0.586207,0.931034,1,0.138659,1,0.965517,-6,0.1,1,1,1.1,0.9,first_order
simgp24_full2r,uncertainty,7,402,0.0672148,0.833333,0.714286,0.769231,14,1,0.0513215,0.00627267,10,2,0.678571,0.928571,1,0.132689,0,0.892857,-7,0.1,1,1,1.1,0.9,first_order
simgp24_full2r,uncertainty,8,402,0.060792,0.833333,0.714286,0.769231,14,0.962963,0.0464634,0.0137796,10,2,0.62963,0.962963,1,0.136037,0,0.888889,-8,0.1,0.5,1,1.1,0.9,first_order
simgp24_full2r,uncertainty,9,402,0.085025,0.833333,0.769231,0.8,13,0.961538,0.0504595,-0.0259905,10,2,0.653846,0.923077,1,0.157276,1,0.961538,-8,0.1,0.5,1,1.1,0.9,first_order
simgp24_full2r,uncertainty,10,402,0.0599761,1,0.5,0.666667,12,1,0.0481575,0.0213678,6,0,0.68,0.96,1,0.138529,0,0.92,-15,0.1,0.5,1,1.1,0.9,first_order
simgp24_full2r,uncertainty,11,402,0.064941,0.692308,0.818182,0.75,11,1,0.0444938,-0.0152923,9,4,0.416667,0.958333,1,0.193956,0,0.625,-6,0.1,1,1,1.1,0.9,first_order
simgp24_full2r,uncertainty,12,402,0.0621776,0.666667,1,0.8,10,1,0.0470167,-0.0199204,10,5,0.434783,1,1,0.209708,0,0.913043,0.1,0.3,0.5,1,1.1,1.1,first_order
simgp24_full2r,uncertainty,13,402,0.160697,0.529412,1,0.692308,9,0.863636,0.0997682,-0.0997682,9,8,0.318182,0.636364,0.909091,0.146115,1,1,0.1,0.3,0,0.85,1.1,1,first_order
simgp24_full2r,uncertainty,14,402,0.140165,0.571429,1,0.727273,8,0.952381,0.0878212,-0.0839541,8,6,0.428571,0.857143,1,0.185004,1,0.952381,0.1,0.3,0.5,1,1.1,1.05,first_order
simgp24_full2r,uncertainty,15,402,0.13281,0.583333,1,0.736842,7,0.95,0.0780297,-0.0734182,7,5,0.55,0.9,1,0.181929,1,0.95,0.1,0.3,0.5,1,1.1,1.1,first_order
simgp24_full2r,straddle,3,402,0.0992841,0.782609,1,0.878049,18,0.8125,0.0696521,-0.0684404,18,5,0.4375,0.65625,0.84375,0.0996711,0.8,1,0.1,0.3,1,1.15,0.9,1,first_order
simgp24_full2r,straddle,4,402,0.0906562,0.73913,1,0.85,17,0.903226,0.0686176,-0.0686176,17,6,0.419355,0.774194,0.967742,0.11527,0.25,0.967742,-24,0.3,0.5,1.15,1.1,0.9,first_order
simgp24_full2r,straddle,5,402,0.0951627,0.8,1,0.888889,16,1,0.0566368,-0.0467335,16,4,0.7,0.933333,1,0.114173,0.75,1,0.1,0.3,0,0.85,1.1,1,first_order
simgp24_full2r,straddle,6,402,0.0999612,0.764706,0.866667,0.8125,15,0.965517,0.0607905,-0.0452099,13,4,0.482759,0.931034,1,0.13747,1,0.965517,-9,0.1,1,1,1.1,0.9,first_order
simgp24_full2r,straddle,7,402,0.0552979,0.846154,0.785714,0.814815,14,0.928571,0.042648,-0.0112724,11,2,0.535714,0.821429,0.928571,0.148849,1,0.714286,0.25,0.1,0.5,1,1.1,0.9,first_order
simgp24_full2r,straddle,8,402,0.0824291,0.846154,0.846154,0.846154,13,0.962963,0.0513849,-0.0348481,11,2,0.592593,0.851852,0.962963,0.152907,1,0.851852,0.25,0.1,0.5,1,1.1,0.9,first_order
simgp24_full2r,straddle,9,402,0.133195,0.75,1,0.857143,12,0.961538,0.0767895,-0.0696804,12,4,0.576923,0.884615,1,0.140351,1,1,-7,0.1,1,1,1.1,0.9,first_order
simgp24_full2r,straddle,10,402,0.134679,0.733333,1,0.846154,11,1,0.0786626,-0.0719492,11,4,0.6,0.88,1,0.147276,1,1,-12,0.1,0,1,1.1,0.9,first_order
simgp24_full2r,straddle,11,402,0.0746469,0.7,0.7,0.7,10,1,0.0516266,-0.0242727,7,3,0.666667,1,1,0.159504,1,0.958333,-12,0.1,0,1,0.9,0.9,first_order
simgp24_full2r,straddle,12,402,0.07611,0.666667,0.666667,0.666667,9,1,0.0513777,-0.0277541,6,3,0.695652,0.956522,1,0.160281,1,0.956522,0.25,0.1,0.5,1,0.9,0.9,first_order
simgp24_full2r,straddle,13,402,0.0772245,0.625,0.625,0.625,8,1,0.0538974,-0.0259422,5,3,0.636364,0.954545,1,0.160769,1,0.909091,-12,0.1,0,1,0.9,0.9,first_order
simgp24_full2r,straddle,14,402,0.0676303,1,0.571429,0.727273,7,1,0.0511703,-0.000382455,4,0,0.857143,1,1,0.17932,1,0.952381,-12,0.1,0,1,0.9,0.9,first_order
simgp24_full2r,straddle,15,402,0.0677449,1,0.5,0.666667,6,1,0.0517618,-0.00207116,3,0,0.85,1,1,0.184965,1,0.9,-11,0.1,0,1,1,0.9,first_order
simgp24_full2r,straddle_min,3,402,0.0992841,0.782609,1,0.878049,18,0.8125,0.0696521,-0.0684404,18,5,0.4375,0.65625,0.84375,0.0996711,0.8,1,0.1,0.3,1,1.15,0.9,1,first_order
simgp24_full2r,straddle_min,4,402,0.0804868,0.772727,1,0.871795,17,0.806452,0.0554701,-0.0536332,17,5,0.419355,0.741935,0.83871,0.117104,0.6,0.870968,0.1,0.3,0,0.85,0.9,0.95,first_order
simgp24_full2r,straddle_min,5,402,0.051786,0.933333,0.875,0.903226,16,0.9,0.0394768,-0.0158056,14,1,0.666667,0.9,0.966667,0.132881,0.6,0.8,0.1,0.3,0,0.85,0.9,0.95,first_order
simgp24_full2r,straddle_min,6,402,0.0509467,0.875,0.933333,0.903226,15,0.896552,0.0393887,-0.0239958,14,2,0.689655,0.896552,0.931034,0.126404,0.6,0.827586,0.1,0.3,0,0.85,0.9,0.9,first_order
simgp24_full2r,straddle_min,7,402,0.0857543,0.875,1,0.933333,14,0.821429,0.0533543,-0.0469724,14,2,0.571429,0.75,0.892857,0.133764,0.6,0.785714,-24,0.1,1,0.85,1,0.9,first_order
simgp24_full2r,straddle_min,8,402,0.159522,0.65,1,0.787879,13,0.814815,0.0951417,-0.0929449,13,7,0.444444,0.666667,0.925926,0.145188,0.4,0.962963,-9,0.1,1,0.85,0.9,0.9,first_order
simgp24_full2r,straddle_min,9,402,0.0619878,1,0.833333,0.909091,12,1,0.0418998,-0.0307496,10,0,0.884615,0.961538,1,0.138104,0.6,0.923077,0.1,0.3,0,0.85,1,0.95,first_order
simgp24_full2r,straddle_min,10,402,0.0543963,1,1,1,11,0.84,0.0392909,-0.025605,11,0,0.48,0.8,0.88,0.129819,0.6,0.76,0.1,0.3,0,0.85,1,0.95,first_order
simgp24_full2r,straddle_min,11,402,0.0575279,0.909091,1,0.952381,10,0.791667,0.0430605,-0.0328293,10,1,0.458333,0.75,0.875,0.129482,0.6,0.75,0.1,0.3,0,0.85,1,0.9,first_order
simgp24_full2r,straddle_min,12,402,0.056419,1,1,1,10,0.826087,0.0420497,-0.0329313,10,0,0.434783,0.73913,0.826087,0.126203,0.6,0.73913,0.1,0.3,0,0.85,1.1,0.9,first_order
simgp24_full2r,straddle_min,13,402,0.11987,0.714286,1,0.833333,10,0.818182,0.0882228,-0.0874103,10,4,0.318182,0.727273,0.909091,0.123133,0.6,0.863636,0.1,0.3,0,0.85,1.1,0.9,first_order
simgp24_full2r,straddle_min,14,402,0.169869,0.666667,1,0.8,10,0.809524,0.126763,-0.126763,10,5,0.0952381,0.666667,0.904762,0.125529,0.6,0.904762,0.1,0.3,0,0.85,1.1,0.9,first_order
simgp24_full2r,straddle_min,15,402,0.152815,0.714286,1,0.833333,10,0.7,0.108391,-0.108019,10,4,0.05,0.5,0.7,0.126897,0.6,0.85,0.1,0.3,0,0.85,1.1,0.9,first_order
simgp24_full2r,random,3,403,0.0723392,0.884615,1,0.938776,23,0.71875,0.0653909,-0.0605323,23,3,0.25,0.5625,0.875,0.119797,0.875,0.96875,0.1,1,0,1,0.9,1,first_order
simgp24_full2r,random,4,403,0.0949708,0.88,1,0.93617,22,0.645161,0.086632,-0.086632,22,3,0.0967742,0.354839,0.806452,0.0720506,0.857143,1,-24,0.6,0.5,1,0.9,1.1,first_order
simgp24_full2r,random,5,403,0.0972836,0.869565,0.952381,0.909091,21,0.866667,0.0682919,-0.0656731,20,3,0.4,0.733333,1,0.163817,0.5,0.833333,0.1,0.6,0.5,1,0.9,1.05,first_order
simgp24_full2r,random,6,403,0.0567105,0.869565,1,0.930233,20,0.896552,0.0473668,-0.0293743,20,3,0.482759,0.827586,0.931034,0.102301,0.5,0.931034,0.1,0.6,0,1,0.9,0.9,first_order
simgp24_full2r,random,7,403,0.0537483,0.863636,1,0.926829,19,0.857143,0.0451842,-0.0337804,19,3,0.464286,0.785714,0.892857,0.0813499,0.8,0.964286,0.1,0.6,0,1,1,0.9,first_order
simgp24_full2r,random,8,403,0.0592194,0.863636,1,0.926829,19,0.814815,0.0518594,-0.0481141,19,3,0.407407,0.740741,0.888889,0.0617534,0.8,0.962963,0.1,0.6,0,1,1,0.9,first_order
simgp24_full2r,random,9,403,0.0488045,0.863636,1,0.926829,19,0.884615,0.0431846,-0.038239,19,3,0.346154,0.692308,0.923077,0.0597736,0.8,1,0.1,0.6,0,1,1,0.9,first_order
simgp24_full2r,random,10,403,0.0549529,0.857143,1,0.923077,18,0.68,0.0493742,-0.0443961,18,3,0.32,0.52,0.92,0.0608701,0.75,1,0.1,1,0,1,1,1.1,first_order
simgp24_full2r,random,11,403,0.0526175,0.85,1,0.918919,17,0.791667,0.0478631,-0.041819,17,3,0.333333,0.541667,0.875,0.0598494,0.666667,1,0.1,0.6,0.5,1,1,1.05,first_order
simgp24_full2r,random,12,403,0.0526288,0.85,1,0.918919,17,0.782609,0.047869,-0.0407412,17,3,0.26087,0.521739,0.869565,0.0558771,0.666667,1,0.1,0.6,0.5,1,1,1.05,first_order
simgp24_full2r,random,13,403,0.0598827,0.842105,1,0.914286,16,0.590909,0.0548886,-0.049473,16,3,0.227273,0.409091,0.863636,0.0686801,0.666667,0.954545,0.1,1,0,1,1,1.1,first_order
simgp24_full2r,random,14,403,0.0632527,0.833333,1,0.909091,15,0.52381,0.0582627,-0.0459787,15,3,0.285714,0.428571,0.619048,0.0909005,0.5,0.904762,0.1,1,0,1,1,1.1,first_order
simgp24_full2r,random,15,403,0.0618721,0.8125,0.928571,0.866667,14,0.45,0.0569208,-0.044445,13,3,0.25,0.4,0.6,0.0915789,0.5,0.9,0.1,1,0,1,1,1.1,first_order
simgp24_full2r,uncertainty,3,403,0.0723392,0.884615,1,0.938776,23,0.71875,0.0653909,-0.0605323,23,3,0.25,0.5625,0.875,0.119797,0.875,0.96875,0.1,1,0,1,0.9,1,first_order
simgp24_full2r,uncertainty,4,403,0.0847873,0.88,1,0.93617,22,0.870968,0.0766143,-0.076516,22,3,0.225806,0.709677,1,0.0978498,0.875,0.967742,0.1,0.3,0.5,0.85,1.1,0.9,first_order
simgp24_full2r,uncertainty,5,403,0.0603528,0.875,1,0.933333,21,0.866667,0.0548613,-0.0391243,21,3,0.2,0.533333,0.966667,0.0810727,0.571429,1,0.1,0.3,1,0.85,0.9,0.9,first_order
simgp24_full2r,uncertainty,6,403,0.0890017,0.869565,1,0.930233,20,0.862069,0.0710154,-0.0710154,20,3,0.37931,0.793103,0.896552,0.135392,0.666667,0.896552,0.1,0.6,0,1,0.9,0.9,first_order
simgp24_full2r,uncertainty,7,403,0.0586569,0.863636,1,0.926829,19,0.928571,0.0517498,-0.0425498,19,3,0.357143,0.821429,0.928571,0.0990413,0.6,1,0.1,0.6,0,1,0.9,0.9,first_order
simgp24_full2r,uncertainty,8,403,0.0514675,0.857143,1,0.923077,18,0.851852,0.0444904,-0.0342885,18,3,0.407407,0.777778,0.925926,0.0826582,0.6,1,0.1,0.6,0,1,0.9,0.9,first_order
simgp24_full2r,uncertainty,9,403,0.0423439,0.85,1,0.918919,17,0.923077,0.0369705,-0.0257557,17,3,0.538462,0.846154,1,0.0876932,0.6,0.961538,0.1,0.6,0,1,0.9,0.9,first_order
simgp24_full2r,uncertainty,10,403,0.043823,0.842105,1,0.914286,16,0.88,0.0376412,-0.0249385,16,3,0.52,0.76,1,0.0855946,0.6,0.96,0.1,0.6,0,1,0.9,0.9,first_order
simgp24_full2r,uncertainty,11,403,0.116858,0.833333,1,0.909091,15,0.791667,0.0781835,-0.077993,15,3,0.291667,0.666667,0.916667,0.143571,0.6,0.958333,0.1,0.6,0,1,0.9,0.95,first_order
simgp24_full2r,uncertainty,12,403,0.055289,0.8125,0.928571,0.866667,14,0.869565,0.0458948,-0.0347041,13,3,0.521739,0.695652,0.956522,0.129117,0.6,0.913043,0.1,0.6,0,1,0.9,0.95,first_order
simgp24_full2r,uncertainty,13,403,0.0625606,0.8,0.923077,0.857143,13,0.772727,0.0547245,-0.0451547,12,3,0.363636,0.590909,0.909091,0.130086,0.5,0.909091,0.1,0.6,0,1,0.9,0.95,first_order
simgp24_full2r,uncertainty,14,403,0.0558955,0.785714,0.916667,0.846154,12,0.809524,0.0509363,-0.0407272,11,3,0.428571,0.666667,0.904762,0.116157,0.666667,0.952381,0.1,0.6,0,1,0.9,0.9,first_order
simgp24_full2r,uncertainty,15,403,0.0557323,0.769231,0.909091,0.833333,11,0.75,0.0501883,-0.0381423,10,3,0.4,0.65,0.85,0.119072,0.5,0.95,0.1,0.6,0,1,0.9,0.9,first_order
simgp24_full2r,straddle,3,403,0.0723392,0.884615,1,0.938776,23,0.71875,0.0653909,-0.0605323,23,3,0.25,0.5625,0.875,0.119797,0.875,0.96875,0.1,1,0,1,0.9,1,first_order
simgp24_full2r,straddle,4,403,0.0722144,0.88,1,0.93617,22,0.870968,0.065611,-0.0632618,22,3,0.225806,0.709677,0.967742,0.0846617,0.75,1,0.1,0.3,0.5,0.85,1.1,0.9,first_order
simgp24_full2r,straddle,5,403,0.0579585,0.875,1,0.933333,21,0.866667,0.046876,-0.0066267,21,3,0.333333,0.866667,0.933333,0.116457,0.5,0.866667,0.1,0.3,0.5,0.85,1.1,0.9,first_order
simgp24_full2r,straddle,6,403,0.0574233,0.869565,1,0.930233,20,0.862069,0.0507618,-0.0176219,20,3,0.206897,0.758621,0.896552,0.108425,0.5,0.862069,0.1,0.3,0.5,0.85,1.1,0.9,first_order
simgp24_full2r,straddle,7,403,0.058618,0.863636,1,0.926829,19,0.857143,0.0504002,-0.0128627,19,3,0.285714,0.75,0.892857,0.114133,0.428571,0.821429,0.1,0.3,0.5,0.85,1.1,0.9,first_order
simgp24_full2r,straddle,8,403,0.0572297,0.85,0.944444,0.894737,18,0.851852,0.0441829,0.000788131,17,3,0.37037,0.777778,0.888889,0.123541,0.333333,0.777778,0.1,0.3,0.5,0.85,1.1,0.95,first_order
simgp24_full2r,straddle,9,403,0.0589669,0.894737,0.944444,0.918919,18,0.807692,0.0418005,0.010484,17,2,0.653846,0.769231,0.884615,0.127912,0.333333,0.730769,0.1,0.3,0.5,0.85,1.1,0.95,first_order
simgp24_full2r,straddle,10,403,0.0638839,0.888889,0.941176,0.914286,17,1,0.0456417,0.0145637,16,2,0.72,1,1,0.156404,0.333333,0.92,0.1,0.3,0.5,0.85,1.1,1,first_order
simgp24_full2r,straddle,11,403,0.0779062,0.882353,0.9375,0.909091,16,0.958333,0.0528959,0.021775,15,2,0.791667,0.958333,0.958333,0.183026,0.2,0.791667,0.1,0.3,0,0.85,0.9,0.9,first_order
simgp24_full2r,straddle,12,403,0.0797207,0.875,0.933333,0.903226,15,0.956522,0.0548148,0.0231122,14,2,0.73913,0.956522,0.956522,0.187082,0.2,0.73913,-6,0.3,0,0.85,0.9,0.9,first_order
simgp24_full2r,straddle,13,403,0.0809941,0.866667,0.928571,0.896552,14,0.954545,0.0548816,0.0265495,13,2,0.772727,0.954545,0.954545,0.188962,0.4,0.772727,-6,0.3,0,0.85,0.9,0.9,first_order
simgp24_full2r,straddle,14,403,0.0828384,0.857143,0.923077,0.888889,13,0.904762,0.0575256,0.0224223,12,2,0.714286,0.904762,0.904762,0.177296,0.25,0.761905,-6,0.3,0,0.85,0.9,0.9,first_order
simgp24_full2r,straddle,15,403,0.08887,0.846154,0.916667,0.88,12,0.9,0.0632218,0.0289407,11,2,0.65,0.85,0.9,0.190243,0.25,0.75,-6,0.3,0,0.85,0.9,0.9,first_order
simgp24_full2r,straddle_min,3,403,0.0723392,0.884615,1,0.938776,23,0.71875,0.0653909,-0.0605323,23,3,0.25,0.5625,0.875,0.119797,0.875,0.96875,0.1,1,0,1,0.9,1,first_order
simgp24_full2r,straddle_min,4,403,0.0790153,0.88,1,0.93617,22,0.612903,0.0739991,-0.0739991,22,3,0.129032,0.290323,0.806452,0.127999,1,0.967742,0.1,1,0.5,1,1.1,1.1,first_order
simgp24_full2r,straddle_min,5,403,0.0796563,0.913043,1,0.954545,21,0.866667,0.0706175,-0.0706175,21,2,0.166667,0.633333,0.966667,0.160913,0.875,0.766667,0.1,0.6,1,1,1.1,1.1,first_order
simgp24_full2r,straddle_min,6,403,0.0845001,0.909091,1,0.952381,20,0.827586,0.0732071,-0.0732071,20,2,0.172414,0.37931,0.965517,0.137181,0.875,0.931034,0.1,1,0,1,1.1,1.1,first_order
simgp24_full2r,straddle_min,7,403,0.0881026,0.909091,1,0.952381,20,0.75,0.072455,-0.0721202,20,2,0.142857,0.428571,0.964286,0.14752,0.75,0.928571,0.1,0.6,0.5,1,1.1,1.05,first_order
simgp24_full2r,straddle_min,8,403,0.14326,0.904762,1,0.95,19,0.555556,0.100421,-0.100421,19,2,0.037037,0.407407,0.62963,0.0836992,0.75,1,0.1,0.6,0.5,1,1.1,1.05,first_order
simgp24_full2r,straddle_min,9,403,0.0923292,0.95,1,0.974359,19,0.576923,0.0794676,-0.0794676,19,1,0.0384615,0.346154,0.615385,0.138116,0.75,0.730769,0.1,0.6,0.5,1,1.1,1,first_order
simgp24_full2r,straddle_min,10,403,0.0711353,0.947368,1,0.972973,18,0.92,0.0604144,-0.0597588,18,1,0.24,0.64,1,0.121691,0.875,1,0.1,0.6,0,1,1.1,0.9,first_order
simgp24_full2r,straddle_min,11,403,0.0471641,0.944444,1,0.971429,17,1,0.0435224,-0.0301946,17,1,0.291667,0.833333,1,0.136487,0.5,0.833333,0.1,0.6,0,0.85,1.1,1,first_order
simgp24_full2r,straddle_min,12,403,0.045783,0.941176,1,0.969697,16,1,0.0394604,-0.0212325,16,1,0.391304,0.956522,1,0.147534,0.5,0.826087,0.1,0.3,0.5,0.85,1.1,0.9,first_order
simgp24_full2r,straddle_min,13,403,0.0531034,0.9375,1,0.967742,15,1,0.0466662,-0.015756,15,1,0.363636,0.863636,1,0.145476,0.5,0.954545,0.1,0.6,0,0.85,1.1,1.05,first_order
simgp24_full2r,straddle_min,14,403,0.0498054,0.933333,1,0.965517,14,1,0.0405828,-0.0115386,14,1,0.47619,0.952381,1,0.15692,0.5,0.857143,0.1,0.3,0.5,0.85,1.1,0.9,first_order
simgp24_full2r,straddle_min,15,403,0.0446901,0.928571,1,0.962963,13,1,0.0350244,-0.00637694,13,1,0.65,0.95,1,0.155492,0.5,0.85,0.1,0.3,0.5,0.85,1.1,0.9,first_order
simgp24_full2r,random,3,404,0.0630664,0.615385,1,0.761905,16,0.96875,0.0545194,-0.051218,16,10,0.40625,0.8125,1,0.0809965,0.333333,1,-24,0.3,0.5,0.85,1,1.1,first_order
simgp24_full2r,random,4,404,0.056826,0.652174,0.9375,0.769231,16,0.967742,0.0434599,-0.036466,15,8,0.516129,0.870968,1,0.132718,0.333333,1,-6,0.3,0,0.85,1,0.9,first_order
simgp24_full2r,random,5,404,0.0584816,0.681818,0.9375,0.789474,16,0.933333,0.0442463,-0.037932,15,7,0.466667,0.933333,0.966667,0.0930695,0.333333,1,-9,0.3,0,0.85,1,0.95,first_order
simgp24_full2r,random,6,404,0.0553443,0.714286,0.9375,0.810811,16,0.965517,0.0412019,-0.0312313,15,6,0.482759,0.862069,1,0.0862803,0.333333,1,0.1,0.3,0.5,0.85,1,1.05,first_order
simgp24_full2r,random,7,404,0.0639595,0.7,0.933333,0.8,15,0.928571,0.0479037,-0.0402144,14,6,0.392857,0.857143,1,0.0820702,0.333333,1,0.1,0.3,0.5,0.85,1,1.05,first_order
simgp24_full2r,random,8,404,0.0684365,0.736842,0.933333,0.823529,15,0.925926,0.0498995,-0.043713,14,5,0.37037,0.814815,0.962963,0.0904698,0.333333,1,0.1,0.3,0.5,0.85,1,1.05,first_order
simgp24_full2r,random,9,404,0.0659677,0.777778,0.933333,0.848485,15,0.923077,0.0483136,-0.040791,14,4,0.384615,0.769231,0.961538,0.0869809,0.333333,1,0.1,0.3,0.5,0.85,1,1.05,first_order
simgp24_full2r,random,10,404,0.0444381,0.857143,0.857143,0.857143,14,0.96,0.0362707,-0.0177325,12,2,0.56,0.92,1,0.127863,0.333333,0.88,0.1,0.3,0.5,0.85,1,1.05,first_order
simgp24_full2r,random,11,404,0.0412443,0.916667,0.846154,0.88,13,0.958333,0.0317881,-0.0110982,11,1,0.625,0.916667,1,0.13137,0.5,0.75,0.1,0.3,0.5,0.85,1,1.05,first_order
simgp24_full2r,random,12,404,0.0608161,0.875,0.583333,0.7,12,1,0.04766,0.00519364,7,1,0.652174,0.956522,1,0.11068,0,0.913043,0.1,0.3,0.5,0.85,1,1.1,first_order
simgp24_full2r,random,13,404,0.0535433,0.846154,0.916667,0.88,12,1,0.0409243,-0.0157953,11,2,0.909091,1,1,0.143663,0,0.954545,0.1,0.3,0,0.85,1,0.95,first_order
simgp24_full2r,random,14,404,0.0671463,0.875,0.583333,0.7,12,1,0.0541862,-0.000980409,7,1,0.571429,0.904762,1,0.107629,0,0.904762,0.1,0.3,0,0.85,1,0.95,first_order
simgp24_full2r,random,15,404,0.0872864,0.833333,0.833333,0.833333,12,0.95,0.0480156,-0.0281113,10,2,0.8,0.95,0.95,0.095852,0.5,1,0.1,0.3,0,0.85,1,0.95,first_order
simgp24_full2r,uncertainty,3,404,0.0630664,0.615385,1,0.761905,16,0.96875,0.0545194,-0.051218,16,10,0.40625,0.8125,1,0.0809965,0.333333,1,-24,0.3,0.5,0.85,1,1.1,first_order
simgp24_full2r,uncertainty,4,404,0.0581713,0.636364,0.933333,0.756757,15,0.967742,0.0527196,-0.0466894,14,8,0.419355,0.967742,1,0.0797593,0.666667,1,0.1,0.1,1,0.85,1,0.9,first_order
simgp24_full2r,uncertainty,5,404,0.060399,0.619048,0.928571,0.742857,14,1,0.044294,-0.0344023,13,8,0.633333,0.933333,1,0.180351,0.5,1,-9,0.1,1,0.85,1,0.9,first_order
simgp24_full2r,uncertainty,6,404,0.0574737,0.631579,0.923077,0.75,13,1,0.0417668,-0.0321118,12,7,0.758621,0.965517,1,0.089797,0.5,1,0.1,0.1,1,0.85,1,0.9,first_order
simgp24_full2r,uncertainty,7,404,0.0616668,0.647059,0.916667,0.758621,12,1,0.0453644,-0.00833984,11,6,0.785714,0.964286,1,0.142064,1,1,0.1,0.1,1,0.85,1,0.9,first_order
simgp24_full2r,uncertainty,8,404,0.0825035,0.625,0.909091,0.740741,11,1,0.0503546,-0.0382174,10,6,0.703704,0.925926,1,0.137432,0,0.962963,0.1,0.3,0,1,1,0.9,first_order
simgp24_full2r,uncertainty,9,404,0.149278,0.526316,1,0.689655,10,0.769231,0.104725,-0.104077,10,9,0.307692,0.653846,0.923077,0.131151,1,1,0.1,0.3,0,1,1,0.9,first_order
simgp24_full2r,uncertainty,10,404,0.0936012,0.571429,0.888889,0.695652,9,0.92,0.059935,-0.0499031,8,6,0.8,0.92,0.96,0.192537,1,0.96,0.1,0.3,0,1,1,0.9,first_order
simgp24_full2r,uncertainty,11,404,0.0966492,0.411765,0.875,0.56,8,0.75,0.073948,-0.0563132,7,10,0.416667,0.75,0.791667,0.0933107,0,1,0.1,0.3,0,1,1,0.9,first_order
simgp24_full2r,uncertainty,12,404,0.14983,0.470588,1,0.64,8,0.608696,0.11875,-0.116422,8,9,0.304348,0.608696,0.73913,0.172826,1,1,0.1,0.3,0,1,1,0.9,first_order
simgp24_full2r,uncertainty,13,404,0.14388,0.470588,1,0.64,8,0.590909,0.111044,-0.108614,8,9,0.272727,0.590909,0.727273,0.172751,1,1,0.1,0.3,0,1,1,0.9,first_order
simgp24_full2r,uncertainty,14,404,0.109214,0.470588,1,0.64,8,0.571429,0.0930788,-0.0903645,8,9,0.285714,0.571429,0.714286,0.170271,1,1,0.1,0.3,0,1,1,0.9,first_order
simgp24_full2r,uncertainty,15,404,0.105773,0.5,1,0.666667,8,0.65,0.0887866,-0.0858331,8,8,0.35,0.55,0.75,0.163109,1,1,0.1,0.3,0,1,1,0.9,first_order
simgp24_full2r,straddle,3,404,0.0630664,0.615385,1,0.761905,16,0.96875,0.0545194,-0.051218,16,10,0.40625,0.8125,1,0.0809965,0.333333,1,-24,0.3,0.5,0.85,1,1.1,first_order
simgp24_full2r,straddle,4,404,0.052497,0.636364,0.933333,0.756757,15,0.967742,0.0461442,-0.038995,14,8,0.419355,0.967742,1,0.0706542,0.666667,1,-24,0.1,1,0.85,1,0.9,first_order
simgp24_full2r,straddle,5,404,0.155815,0.583333,1,0.736842,14,0.833333,0.11659,-0.11659,14,10,0.133333,0.566667,0.966667,0.177298,1,1,-24,0.3,0,1,0.9,0.9,first_order
simgp24_full2r,straddle,6,404,0.103577,0.6,0.923077,0.727273,13,0.931034,0.0718626,-0.067733,12,8,0.517241,0.862069,1,0.198702,0.333333,0.862069,0.1,0.1,1,1,1.1,0.9,first_order
simgp24_full2r,straddle,7,404,0.0955648,0.611111,0.916667,0.733333,12,0.964286,0.0609106,-0.0521596,11,7,0.857143,0.964286,0.964286,0.152052,1,0.964286,0.1,0.3,0,1,1.1,0.9,first_order
simgp24_full2r,straddle,8,404,0.109929,0.555556,0.909091,0.689655,11,0.962963,0.0723586,-0.0658029,10,8,0.666667,0.925926,0.962963,0.165712,1,0.925926,-24,0.1,1,1,1.1,0.9,first_order
simgp24_full2r,straddle,9,404,0.105316,0.5625,0.9,0.692308,10,0.961538,0.066501,-0.0566481,9,7,0.769231,0.923077,0.961538,0.17882,1,0.923077,-24,0.1,1,1,1.1,0.9,first_order
simgp24_full2r,straddle,10,404,0.177888,0.888889,0.888889,0.888889,9,0.76,0.0979279,-0.0872074,8,1,0.68,0.76,0.8,0.269482,1,0.6,-24,0.1,1,1,1.1,0.9,first_order
simgp24_full2r,straddle,11,404,0.112785,0.545455,0.75,0.631579,8,1,0.0706418,-0.0618888,6,5,0.541667,1,1,0.13549,1,0.958333,-9,0.3,0,1,1.1,0.9,first_order
simgp24_full2r,straddle,12,404,0.112068,0.6,0.75,0.666667,8,1,0.0698223,-0.0599349,6,4,0.521739,1,1,0.139262,1,1,-6,0.3,0,1,1.1,0.9,first_order
simgp24_full2r,straddle,13,404,0.120996,0.666667,0.75,0.705882,8,0.909091,0.0786565,-0.0657671,6,3,0.409091,0.909091,0.909091,0.248326,1,0.818182,-9,0.3,0,1,1.1,0.9,first_order
simgp24_full2r,straddle,14,404,0.120793,0.75,0.75,0.75,8,0.952381,0.0767843,-0.0633267,6,2,0.428571,0.857143,0.952381,0.244801,1,0.857143,-15,0.3,0,1,1.1,0.9,first_order
simgp24_full2r,straddle,15,404,0.11594,0.714286,0.714286,0.714286,7,0.95,0.0722481,-0.0541103,5,2,0.55,0.9,0.95,0.275566,1,0.75,-9,0.3,0,1,1.1,0.9,first_order
simgp24_full2r,straddle_min,3,404,0.0630664,0.615385,1,0.761905,16,0.96875,0.0545194,-0.051218,16,10,0.40625,0.8125,1,0.0809965,0.333333,1,-24,0.3,0.5,0.85,1,1.1,first_order
simgp24_full2r,straddle_min,4,404,0.0657952,0.636364,0.933333,0.756757,15,0.967742,0.0496279,-0.0430832,14,8,0.516129,0.935484,0.967742,0.104297,0.333333,1,-24,0.1,1,0.85,1,0.9,first_order
simgp24_full2r,straddle_min,5,404,0.12029,0.583333,1,0.736842,14,1,0.0986128,-0.0986128,14,10,0.2,0.9,1,0.0948562,1,1,0.1,0.1,1,0.85,1,0.9,first_order
simgp24_full2r,straddle_min,6,404,0.167515,0.565217,1,0.722222,13,0.724138,0.141023,-0.141023,13,10,0,0.448276,0.793103,0.202111,1,0.793103,0.1,0.6,0,1,1.1,0.9,first_order
simgp24_full2r,straddle_min,7,404,0.141691,0.590909,1,0.742857,13,0.821429,0.106118,-0.106118,13,9,0.142857,0.75,0.892857,0.150676,0.333333,1,0.1,0.6,0,1,1.1,0.9,first_order
simgp24_full2r,straddle_min,8,404,0.117442,0.619048,1,0.764706,13,0.925926,0.0904792,-0.0904792,13,8,0.222222,0.703704,0.962963,0.147205,0.333333,0.962963,0.1,0.6,0,1.15,0.9,0.9,first_order
simgp24_full2r,straddle_min,9,404,0.154319,0.6,1,0.75,12,0.730769,0.114197,-0.113663,12,8,0.153846,0.538462,0.846154,0.240862,0.333333,0.807692,0.1,0.6,0,1.15,0.9,0.9,first_order
simgp24_full2r,straddle_min,10,404,0.106863,0.611111,1,0.758621,11,1,0.0768916,-0.0767594,11,7,0.32,0.96,1,0.130812,0.333333,1,0.1,0.3,0,0.85,1.1,0.9,first_order
simgp24_full2r,straddle_min,11,404,0.0977619,0.647059,1,0.785714,11,1,0.068091,-0.0673178,11,6,0.333333,0.958333,1,0.110587,0.333333,1,0.1,0.3,0,0.85,1.1,0.9,first_order
simgp24_full2r,straddle_min,12,404,0.116691,0.647059,1,0.785714,11,0.956522,0.0794945,-0.0790506,11,6,0.26087,0.826087,1,0.0713302,0.333333,1,0.1,0.3,0,0.85,1.1,0.9,first_order
simgp24_full2r,straddle_min,13,404,0.10101,0.625,1,0.769231,10,0.954545,0.0653805,-0.0650434,10,6,0.5,0.863636,1,0.0817556,0.333333,1,0.1,0.1,1,0.85,1.1,0.9,first_order
simgp24_full2r,straddle_min,14,404,0.0855283,0.666667,1,0.8,10,0.904762,0.0602734,-0.0602721,10,5,0.52381,0.809524,1,0.0806994,0.333333,1,0.1,0.3,0,0.85,1.1,0.9,first_order
simgp24_full2r,straddle_min,15,404,0.109189,0.714286,1,0.833333,10,0.9,0.0749686,-0.0749686,10,4,0.4,0.75,0.95,0.0797181,0.333333,1,0.1,0.3,0,0.85,1.1,0.9,first_order
simgp24_full2r,random,3,405,0.0540919,0.961538,1,0.980392,25,1,0.0490985,-0.0471073,25,1,0.8125,1,1,0.101069,0.857143,0.96875,0.1,0.3,0,0.85,0.9,0.95,first_order
simgp24_full2r,random,4,405,0.0555024,0.96,1,0.979592,24,0.967742,0.0321709,-0.0190825,24,1,0.83871,0.967742,0.967742,0.0890394,0.714286,1,0.1,0.3,0,0.85,0.9,0.9,first_order
simgp24_full2r,random,5,405,0.0590664,0.958333,1,0.978723,23,1,0.0361774,-0.0315731,23,1,0.733333,0.966667,1,0.104563,0.714286,1,0.1,0.3,0,0.85,0.9,0.9,first_order
simgp24_full2r,random,6,405,0.0460393,1,1,1,22,1,0.0311322,-0.0213048,22,0,0.689655,1,1,0.0891526,0.714286,0.965517,-9,0.3,0,0.85,0.9,0.9,first_order
simgp24_full2r,random,7,405,0.0452724,1,0.952381,0.97561,21,1,0.030343,-4.85759e-05,20,0,0.892857,1,1,0.0832552,0.666667,0.964286,-6,0.3,0,0.85,0.9,0.9,first_order
simgp24_full2r,random,8,405,0.0708571,0.952381,1,0.97561,20,0.925926,0.038642,-0.0221648,20,1,0.703704,0.851852,0.962963,0.0883796,0.666667,0.925926,-15,0.3,0,0.85,0.9,0.9,first_order
simgp24_full2r,random,9,405,0.0724636,0.95,1,0.974359,19,0.923077,0.0400785,-0.0221302,19,1,0.730769,0.846154,0.961538,0.089852,0.6,0.923077,-9,0.3,0,0.85,0.9,0.9,first_order
simgp24_full2r,random,10,405,0.0504449,1,0.944444,0.971429,18,1,0.0325326,0.0116211,17,0,0.88,0.96,1,0.0886381,0.5,0.92,-6,0.3,0,0.85,0.9,0.9,first_order
simgp24_full2r,random,11,405,0.0511964,1,0.944444,0.971429,18,1,0.0325127,0.0112656,17,0,0.875,0.958333,1,0.0907729,0.5,0.916667,-6,0.3,0,0.85,0.9,0.9,first_order
simgp24_full2r,random,12,405,0.0534265,1,0.941176,0.969697,17,1,0.0348957,0.0171472,16,0,0.869565,1,1,0.0732111,0.666667,0.956522,-6,0.3,0,0.85,0.9,0.9,first_order
simgp24_full2r,random,13,405,0.0536454,1,0.941176,0.969697,17,0.954545,0.0351159,0.0168152,16,0,0.772727,0.954545,1,0.0758613,0.666667,0.954545,-6,0.3,0,0.85,0.9,0.9,first_order
simgp24_full2r,random,14,405,0.0660676,1,0.9375,0.967742,16,0.952381,0.0363286,0.00218857,15,0,0.666667,0.904762,0.952381,0.0841396,0.666667,0.952381,-9,0.3,0,0.85,0.9,0.9,first_order
simgp24_full2r,random,15,405,0.0643651,0.933333,0.933333,0.933333,15,0.95,0.0370584,0.000473217,14,1,0.8,0.9,0.95,0.093491,0.666667,0.95,-9,0.3,0,0.85,0.9,0.9,first_order
simgp24_full2r,uncertainty,3,405,0.0540919,0.961538,1,0.980392,25,1,0.0490985,-0.0471073,25,1,0.8125,1,1,0.101069,0.857143,0.96875,0.1,0.3,0,0.85,0.9,0.95,first_order
simgp24_full2r,uncertainty,4,405,0.047679,0.96,1,0.979592,24,0.967742,0.0287363,-0.00881758,24,1,0.967742,0.967742,0.967742,0.0970339,0.571429,0.967742,0.1,0.3,0,0.85,0.9,0.9,first_order
simgp24_full2r,uncertainty,5,405,0.0727963,0.958333,1,0.978723,23,0.933333,0.0402478,-0.00761824,23,1,0.766667,0.866667,0.966667,0.148376,0.666667,0.9,0.1,0.3,0,0.85,0.9,0.9,first_order
simgp24_full2r,uncertainty,6,405,0.0911882,0.954545,0.954545,0.954545,22,0.965517,0.04676,-0.0128446,21,1,0.827586,0.965517,0.965517,0.13505,0.6,0.965517,0.1,0.3,0,0.85,0.9,0.95,first_order
simgp24_full2r,uncertainty,7,405,0.119936,0.954545,1,0.976744,21,0.964286,0.0602925,-0.0591486,21,1,0.75,0.892857,0.964286,0.123783,0.8,0.964286,0.1,0.3,0,0.85,0.9,0.9,first_order
simgp24_full2r,uncertainty,8,405,0.128517,0.952381,1,0.97561,20,0.962963,0.0573586,-0.0479613,20,1,0.814815,0.851852,0.962963,0.152669,0.6,0.962963,-25,0.1,0,0.85,0.9,0.9,first_order
simgp24_full2r,uncertainty,9,405,0.136603,0.95,1,0.974359,19,0.961538,0.0659494,-0.0378294,19,1,0.730769,0.846154,0.961538,0.185601,0.2,0.961538,-24,0.1,0.5,0.85,0.9,0.9,first_order
simgp24_full2r,uncertainty,10,405,0.108107,1,0.833333,0.909091,18,0.88,0.0703134,0.004035,15,0,0.64,0.84,1,0.268994,0.4,0.88,-25,0.1,0,0.85,0.9,0.9,first_order
simgp24_full2r,uncertainty,11,405,0.102292,0.941176,0.941176,0.941176,17,0.916667,0.0610145,-0.00811835,16,1,0.625,0.916667,1,0.204068,0.25,0.916667,-25,0.1,0,0.85,0.9,0.9,first_order
simgp24_full2r,uncertainty,12,405,0.104304,0.9375,0.9375,0.9375,16,0.956522,0.0620729,-0.0111444,15,1,0.652174,0.913043,1,0.199613,0.25,0.913043,-25,0.1,0.5,0.85,0.9,0.9,first_order
simgp24_full2r,uncertainty,13,405,0.10586,0.933333,0.933333,0.933333,15,0.954545,0.0636293,-0.0124747,14,1,0.590909,0.909091,0.954545,0.205287,0.25,0.909091,-25,0.1,0.5,0.85,0.9,0.9,first_order
simgp24_full2r,uncertainty,14,405,0.110523,0.916667,0.785714,0.846154,14,0.904762,0.0703749,-0.00939339,11,1,0.619048,0.857143,1,0.282716,0.25,0.857143,-24,0.1,1,0.85,1.1,0.9,first_order
simgp24_full2r,uncertainty,15,405,0.107998,0.916667,0.846154,0.88,13,0.9,0.0690474,-0.0115064,11,1,0.55,0.85,0.95,0.279219,0.25,0.8,0.1,0.3,0,0.85,1.1,0.9,first_order
simgp24_full2r,straddle,3,405,0.0540919,0.961538,1,0.980392,25,1,0.0490985,-0.0471073,25,1,0.8125,1,1,0.101069,0.857143,0.96875,0.1,0.3,0,0.85,0.9,0.95,first_order
simgp24_full2r,straddle,4,405,0.04817,0.96,1,0.979592,24,0.967742,0.0290825,-0.00935883,24,1,0.967742,0.967742,1,0.0971009,0.571429,0.967742,0.1,0.3,0,0.85,0.9,0.9,first_order
simgp24_full2r,straddle,5,405,0.060813,0.958333,1,0.978723,23,0.733333,0.0557078,-0.0529298,23,1,0.166667,0.433333,0.833333,0.204091,0.666667,0.733333,-29,0.3,1,1.15,1,1.05,first_order
simgp24_full2r,straddle,6,405,0.063046,0.956522,1,0.977778,22,0.62069,0.0576276,-0.0558776,22,1,0.103448,0.275862,0.758621,0.200037,0.8,0.724138,-17,0.6,0.5,1.15,1,1.1,first_order
simgp24_full2r,straddle,7,405,0.0616414,0.954545,1,0.976744,21,0.5,0.0580291,-0.0515641,21,1,0.142857,0.285714,0.785714,0.211771,0.8,0.607143,-16,0.6,1,1.15,1,1.1,first_order
simgp24_full2r,straddle,8,405,0.120466,0.952381,1,0.97561,20,0.777778,0.0898399,-0.0898399,20,1,0.037037,0.592593,0.888889,0.095965,0.8,0.962963,0.1,0.3,0.5,0.85,0.9,0.9,first_order
simgp24_full2r,straddle,9,405,0.061253,0.95,1,0.974359,19,0.846154,0.0455411,-0.0409515,19,1,0.730769,0.769231,0.846154,0.15563,0.8,0.730769,0.1,0.3,0.5,0.85,0.9,0.9,first_order
simgp24_full2r,straddle,10,405,0.0661045,0.947368,1,0.972973,18,0.84,0.0504275,-0.046186,18,1,0.72,0.76,0.84,0.160977,0.75,0.72,0.1,0.3,0.5,0.85,0.9,0.9,first_order
simgp24_full2r,straddle,11,405,0.0680731,1,1,1,18,0.791667,0.050766,-0.0465111,18,0,0.666667,0.75,0.833333,0.164902,0.75,0.708333,0.1,0.3,0.5,0.85,0.9,0.9,first_order
simgp24_full2r,straddle,12,405,0.0637225,1,1,1,17,0.782609,0.0490439,-0.0396786,17,0,0.695652,0.73913,0.826087,0.166077,0.75,0.652174,0.1,0.3,0.5,0.85,0.9,0.9,first_order
simgp24_full2r,straddle,13,405,0.0719113,1,1,1,16,0.954545,0.0509681,-0.0415903,16,0,0.636364,0.909091,0.954545,0.138936,0.666667,0.909091,0.1,0.3,0.5,0.85,0.9,0.9,first_order
simgp24_full2r,straddle,14,405,0.0756246,1,1,1,15,0.809524,0.0553016,-0.0497236,15,0,0.666667,0.809524,0.857143,0.158908,1,0.761905,0.1,0.3,0.5,0.85,0.9,0.9,first_order
simgp24_full2r,straddle,15,405,0.0824132,1,1,1,14,0.8,0.0596978,-0.0556094,14,0,0.65,0.75,0.85,0.160961,1,0.7,0.1,0.3,1,0.85,0.9,0.95,first_order
simgp24_full2r,straddle_min,3,405,0.0540919,0.961538,1,0.980392,25,1,0.0490985,-0.0471073,25,1,0.8125,1,1,0.101069,0.857143,0.96875,0.1,0.3,0,0.85,0.9,0.95,first_order
simgp24_full2r,straddle_min,4,405,0.0480879,0.96,1,0.979592,24,0.967742,0.0283673,-0.0081427,24,1,0.967742,0.967742,0.967742,0.0968615,0.571429,0.967742,0.1,0.3,0,0.85,0.9,0.9,first_order
simgp24_full2r,straddle_min,5,405,0.0729642,0.958333,1,0.978723,23,0.933333,0.0388575,-0.0154713,23,1,0.8,0.866667,0.966667,0.12882,0.571429,0.933333,0.1,0.3,0,0.85,0.9,0.9,first_order
simgp24_full2r,straddle_min,6,405,0.063697,0.956522,1,0.977778,22,1,0.0397874,-0.0357374,22,1,0.758621,1,1,0.140406,0.714286,0.965517,0.1,0.3,0.5,0.85,0.9,0.95,first_order
simgp24_full2r,straddle_min,7,405,0.0904178,0.954545,1,0.976744,21,0.964286,0.0467608,-0.0354033,21,1,0.714286,0.964286,0.964286,0.155953,0.714286,0.928571,0.1,0.3,0,0.85,0.9,0.9,first_order
simgp24_full2r,straddle_min,8,405,0.0792812,0.952381,1,0.97561,20,0.962963,0.047424,-0.040208,20,1,0.592593,0.925926,1,0.157388,0.714286,0.962963,-17,0.1,1,0.85,0.9,0.9,first_order
simgp24_full2r,straddle_min,9,405,0.0502803,0.95,1,0.974359,19,1,0.0344795,-0.0214027,19,1,0.884615,1,1,0.127029,0.666667,0.961538,-10,0.3,0,0.85,0.9,0.9,first_order
simgp24_full2r,straddle_min,10,405,0.0510079,1,1,1,19,1,0.0324853,-0.0150284,19,0,0.92,1,1,0.133041,0.666667,0.96,-15,0.3,0,0.85,0.9,0.9,first_order
simgp24_full2r,straddle_min,11,405,0.117755,1,1,1,18,0.958333,0.0572278,-0.0555942,18,0,0.75,0.875,0.958333,0.109283,0.666667,0.875,-15,0.3,0,0.85,0.9,0.9,first_order
simgp24_full2r,straddle_min,12,405,0.0505986,1,1,1,17,1,0.0313445,-0.0078697,17,0,0.913043,1,1,0.12705,0.666667,0.869565,-24,0.3,0,0.85,0.9,0.9,first_order
simgp24_full2r,straddle_min,13,405,0.0520833,1,1,1,16,1,0.0321679,-0.00332514,16,0,0.909091,1,1,0.129543,0.6,0.863636,-24,0.3,0,0.85,0.9,0.9,first_order
simgp24_full2r,straddle_min,14,405,0.0510016,1,1,1,15,1,0.0325968,-0.00646288,15,0,0.904762,1,1,0.126922,0.6,0.857143,-24,0.3,0,0.85,0.9,0.9,first_order
simgp24_full2r,straddle_min,15,405,0.0536382,1,1,1,14,0.9,0.0330411,-0.0106417,14,0,0.6,0.9,0.95,0.103349,0.6,0.85,-8,0.3,0,0.85,0.9,0.9,first_order
simgp24_full2r,random,3,406,0.0536144,0.636364,1,0.777778,14,0.9375,0.0421719,-0.0404867,14,8,0.59375,0.8125,1,0.0644163,0.666667,1,-24,0.1,0.5,0.85,1,0.9,first_order
simgp24_full2r,random,4,406,0.051574,0.736842,1,0.848485,14,0.935484,0.0408532,-0.0369449,14,5,0.580645,0.870968,1,0.0802694,0.666667,1,-25,0.1,1,1.15,1.1,0.9,first_order
simgp24_full2r,random,5,406,0.0508887,0.736842,1,0.848485,14,0.966667,0.0396376,-0.0354724,14,5,0.533333,0.866667,1,0.0803762,0.666667,1,-16,0.3,0,1.15,1.1,1,first_order
simgp24_full2r,random,6,406,0.0455829,0.777778,1,0.875,14,0.931034,0.036259,-0.0235184,14,4,0.62069,0.896552,1,0.165606,0.333333,0.724138,-24,0.3,0.5,1.15,1.1,1.05,first_order
simgp24_full2r,random,7,406,0.0412818,0.928571,1,0.962963,13,1,0.0329443,-0.0187215,13,1,0.714286,0.892857,1,0.110702,0,1,-24,0.3,0.5,1.15,1.1,1.05,first_order
simgp24_full2r,random,8,406,0.041265,0.928571,1,0.962963,13,0.962963,0.0319088,-0.0184254,13,1,0.62963,0.888889,1,0.125248,0,1,-7,0.3,0.5,1.15,1.1,1,first_order
simgp24_full2r,random,9,406,0.0421488,0.866667,1,0.928571,13,0.961538,0.0322875,-0.0251359,13,2,0.615385,0.846154,1,0.0674606,0.5,1,-7,0.3,0.5,1.15,1.1,1,first_order
simgp24_full2r,random,10,406,0.0428596,0.857143,1,0.923077,12,0.96,0.0329228,-0.0253582,12,2,0.56,0.84,1,0.0618392,0.5,1,-7,0.3,0.5,1.15,1.1,1,first_order
simgp24_full2r,random,11,406,0.0410313,0.916667,1,0.956522,11,0.916667,0.0311598,-0.0205932,11,1,0.541667,0.875,1,0.127108,0.5,0.958333,-10,0.3,0,1.15,1.1,1,first_order
simgp24_full2r,random,12,406,0.0468386,0.769231,1,0.869565,10,0.869565,0.0350613,-0.0328765,10,3,0.521739,0.826087,0.913043,0.121571,0,0.956522,0.1,0.3,0.5,1,1,1.05,first_order
simgp24_full2r,random,13,406,0.0418802,0.833333,1,0.909091,10,0.909091,0.0309862,-0.027106,10,2,0.545455,0.863636,0.954545,0.0835414,0.5,1,0.1,0.3,0.5,1,1,1.05,first_order
simgp24_full2r,random,14,406,0.0426231,0.818182,1,0.9,9,0.904762,0.0318609,-0.0275955,9,2,0.52381,0.809524,1,0.0837544,0.5,1,-9,0.3,0,1,1,1,first_order
simgp24_full2r,random,15,406,0.0443699,0.818182,1,0.9,9,0.85,0.0347604,-0.0300863,9,2,0.5,0.8,0.9,0.0664231,0.5,1,-9,0.3,0,1,1,1,first_order
simgp24_full2r,uncertainty,3,406,0.0536144,0.636364,1,0.777778,14,0.9375,0.0421719,-0.0404867,14,8,0.59375,0.8125,1,0.0644163,0.666667,1,-24,0.1,0.5,0.85,1,0.9,first_order
simgp24_full2r,uncertainty,4,406,0.056993,0.619048,1,0.764706,13,0.935484,0.045029,-0.0408221,13,8,0.548387,0.870968,0.967742,0.0664223,1,1,-25,0.1,0.5,1,0.9,0.9,first_order
simgp24_full2r,uncertainty,5,406,0.05261,0.705882,1,0.827586,12,0.9,0.0416568,-0.0375988,12,5,0.5,0.833333,1,0.0623433,1,1,-25,0.1,0.5,1,0.9,0.9,first_order
simgp24_full2r,uncertainty,6,406,0.0504951,0.6875,1,0.814815,11,0.862069,0.0405444,-0.0334525,11,5,0.586207,0.827586,0.965517,0.0650607,0.5,1,0.1,0.3,0,1,1.1,0.9,first_order
simgp24_full2r,uncertainty,7,406,0.054368,0.692308,0.9,0.782609,10,0.928571,0.0397572,-0.0322039,9,4,0.535714,0.892857,0.964286,0.0697956,0.5,1,-25,0.1,0,1,0.9,0.9,first_order
simgp24_full2r,uncertainty,8,406,0.0495878,0.8,0.888889,0.842105,9,1,0.0358038,-0.0177365,8,2,0.62963,0.925926,1,0.0972106,1,1,-25,0.1,0,1,0.9,0.9,first_order
simgp24_full2r,uncertainty,9,406,0.0423849,0.875,0.875,0.875,8,1,0.035419,0.0051534,7,1,0.769231,1,1,0.0823524,1,1,-24,0.1,0.5,1,1.1,0.9,first_order
simgp24_full2r,uncertainty,10,406,0.0411947,0.875,0.875,0.875,8,1,0.0339088,0.00507409,7,1,0.76,1,1,0.0793291,1,1,-24,0.1,0.5,1,1.1,0.9,first_order
simgp24_full2r,uncertainty,11,406,0.0432113,0.875,0.875,0.875,8,1,0.0359498,0.0061483,7,1,0.708333,1,1,0.0773364,1,1,-24,0.1,0.5,1,1.1,0.9,first_order
simgp24_full2r,uncertainty,12,406,0.0390704,0.75,0.857143,0.8,7,1,0.0294345,-0.0127625,6,2,0.73913,0.913043,1,0.0718309,1,1,-24,0.1,1,1,1.1,0.95,first_order
simgp24_full2r,uncertainty,13,406,0.0534584,0.636364,1,0.777778,7,0.863636,0.0371465,-0.03509,7,4,0.681818,0.863636,0.909091,0.0713656,1,1,-24,0.1,1,1,1.1,0.95,first_order
simgp24_full2r,uncertainty,14,406,0.0445366,0.636364,1,0.777778,7,0.857143,0.0318816,-0.0292735,7,4,0.666667,0.857143,0.904762,0.0729785,1,1,-24,0.1,1,1,1.1,0.95,first_order
simgp24_full2r,uncertainty,15,406,0.0428337,0.75,0.857143,0.8,7,0.95,0.0360258,-0.00498251,6,2,0.5,0.95,1,0.0790402,0,1,-24,0.1,1,1,1.1,0.95,first_order
simgp24_full2r,straddle,3,406,0.0536144,0.636364,1,0.777778,14,0.9375,0.0421719,-0.0404867,14,8,0.59375,0.8125,1,0.0644163,0.666667,1,-24,0.1,0.5,0.85,1,0.9,first_order
simgp24_full2r,straddle,4,406,0.0497369,0.722222,1,0.83871,13,0.903226,0.0414352,-0.0241646,13,5,0.548387,0.83871,1,0.0690476,1,1,-25,0.1,0.5,1,0.9,0.9,first_order
simgp24_full2r,straddle,5,406,0.05729,0.8,1,0.888889,12,0.9,0.0461363,-0.0235557,12,3,0.566667,0.8,0.966667,0.0886831,1,1,-13,0.1,0,1,0.9,0.9,first_order
simgp24_full2r,straddle,6,406,0.0522412,0.916667,1,0.956522,11,0.965517,0.0425477,-0.00417723,11,1,0.655172,0.862069,1,0.13863,1,1,-7,0.1,1,1,0.9,0.9,first_order
simgp24_full2r,straddle,7,406,0.0575653,0.9,0.9,0.9,10,0.892857,0.045229,0.00511068,9,1,0.678571,0.857143,0.964286,0.127032,1,1,-8,0.1,1,1,0.9,1,first_order
simgp24_full2r,straddle,8,406,0.0584353,0.9,1,0.947368,9,0.888889,0.0454083,0.010219,9,1,0.703704,0.888889,0.925926,0.121534,1,1,-8,0.1,1,1,0.9,1,first_order
simgp24_full2r,straddle,9,406,0.0604995,0.8,1,0.888889,8,0.884615,0.047984,0.00537925,8,2,0.692308,0.769231,0.923077,0.112712,1,1,-8,0.1,1,1,0.9,0.95,first_order
simgp24_full2r,straddle,10,406,0.110169,0.583333,1,0.736842,7,0.96,0.0666878,-0.0641483,7,5,0.6,0.92,0.96,0.102739,1,1,0.25,0.1,0.5,1,0.9,0.95,first_order
simgp24_full2r,straddle,11,406,0.0745985,0.833333,0.833333,0.833333,6,0.916667,0.043255,-0.0263243,5,1,0.708333,0.875,0.958333,0.392833,0,1,0.25,0.1,0.5,1,0.9,0.95,first_order
simgp24_full2r,straddle,12,406,0.0725725,0.8,0.8,0.8,5,0.869565,0.0427207,-0.0247709,4,1,0.652174,0.869565,0.956522,0.425243,1,0.391304,-8,0.1,1,1,1.1,1,first_order
simgp24_full2r,straddle,13,406,0.0896724,0.571429,1,0.727273,4,0.863636,0.0564463,-0.0485911,4,3,0.727273,0.818182,0.909091,0.371507,1,0.545455,-10,0.1,1,1,1.1,1,first_order
simgp24_full2r,straddle,14,406,0.118319,0.5,1,0.666667,4,0.952381,0.0717912,-0.0658147,4,4,0.714286,0.952381,0.952381,0.0696332,1,1,-8,0.1,1,1,1.1,1,first_order
simgp24_full2r,straddle,15,406,0.0535835,0.5,0.666667,0.571429,3,0.95,0.0358497,-0.0104631,2,2,0.7,0.9,0.95,0.702556,1,0.2,-8,0.1,1,1,1.1,1,first_order
simgp24_full2r,straddle_min,3,406,0.0536144,0.636364,1,0.777778,14,0.9375,0.0421719,-0.0404867,14,8,0.59375,0.8125,1,0.0644163,0.666667,1,-24,0.1,0.5,0.85,1,0.9,first_order
simgp24_full2r,straddle_min,4,406,0.0537183,0.65,1,0.787879,13,0.935484,0.04415,-0.0356949,13,7,0.580645,0.870968,1,0.0740292,0.666667,1,-10,0.1,1,1,0.9,0.9,first_order
simgp24_full2r,straddle_min,5,406,0.0540557,0.75,1,0.857143,12,0.933333,0.0435133,-0.0354718,12,4,0.466667,0.8,1,0.0925923,1,1,-25,0.1,0.5,1,1.1,0.9,first_order
simgp24_full2r,straddle_min,6,406,0.0595763,0.769231,0.833333,0.8,12,1,0.0468096,-0.00543282,10,3,0.62069,0.931034,1,0.219489,1,0.965517,-25,0.1,0,1,1.1,0.9,first_order
simgp24_full2r,straddle_min,7,406,0.0794433,0.909091,0.909091,0.909091,11,0.892857,0.0613654,0.0194803,10,1,0.5,0.785714,0.928571,0.0618458,1,1,-25,0.1,0.5,1,1.1,0.9,first_order
simgp24_full2r,straddle_min,8,406,0.0503995,0.647059,1,0.785714,11,0.962963,0.0444014,-0.0217395,11,6,0.518519,0.925926,0.962963,0.216365,1,0.925926,-6,0.3,0,1,1.1,0.95,first_order
simgp24_full2r,straddle_min,9,406,0.0870605,0.909091,0.909091,0.909091,11,0.884615,0.0703461,0.00481569,10,1,0.5,0.769231,0.923077,0.0500355,1,1,-15,0.3,0,1,1.1,1,first_order
simgp24_full2r,straddle_min,10,406,0.0882664,1,0.909091,0.952381,11,0.84,0.070077,0.0119205,10,0,0.48,0.76,0.88,0.0529444,1,1,-6,0.3,0,1,1.1,0.95,first_order
simgp24_full2r,straddle_min,11,406,0.0743423,0.909091,1,0.952381,10,0.916667,0.057184,-0.046714,10,1,0.375,0.75,0.958333,0.0620634,1,1,-9,0.3,0,1,1.1,1,first_order
simgp24_full2r,straddle_min,12,406,0.0610543,1,0.9,0.947368,10,1,0.045461,-0.0290876,9,0,0.478261,0.913043,1,0.0704655,0.666667,1,-9,0.3,0,1,1.1,1,first_order
simgp24_full2r,straddle_min,13,406,0.0700606,0.9,1,0.947368,9,0.909091,0.0563305,-0.0392746,9,1,0.272727,0.863636,0.954545,0.079563,0.666667,1,-6,0.3,0.5,1,1,1.1,first_order
simgp24_full2r,straddle_min,14,406,0.0801382,0.666667,1,0.8,8,0.904762,0.0621575,-0.0605938,8,4,0.380952,0.809524,0.952381,0.0739175,1,1,-6,0.3,0.5,1,1.1,1.1,first_order
simgp24_full2r,straddle_min,15,406,0.0824395,0.666667,1,0.8,8,0.9,0.0646328,-0.0637002,8,4,0.35,0.75,0.95,0.0687535,1,1,-6,0.3,0.5,1,1.1,1.1,first_order
simgp24_full2r,random,3,407,0.0451425,0.818182,0.9,0.857143,20,1,0.0357383,-0.0153954,18,4,0.6875,1,1,0.130035,0.555556,0.90625,-8,0.3,0.5,1.15,0.9,1,first_order
simgp24_full2r,random,4,407,0.0457835,0.9,0.9,0.9,20,1,0.0342075,-0.000598003,18,2,0.709677,0.967742,1,0.134382,0.333333,0.903226,-6,0.3,0.5,1,0.9,1,first_order
simgp24_full2r,random,5,407,0.101715,0.782609,0.947368,0.857143,19,0.866667,0.062508,-0.0566928,18,5,0.666667,0.833333,0.9,0.174092,0.666667,0.833333,0.1,0.6,0.5,1.15,0.9,1.05,first_order
simgp24_full2r,random,6,407,0.0974938,0.818182,0.947368,0.878049,19,0.896552,0.0583222,-0.0499198,18,4,0.62069,0.862069,0.896552,0.174699,0.222222,0.724138,0.1,0.3,0,0.85,0.9,0.95,first_order
simgp24_full2r,random,7,407,0.053045,0.842105,0.888889,0.864865,18,0.964286,0.0388534,-0.00595409,16,3,0.642857,0.964286,1,0.142648,0.5,0.821429,0.1,0.3,0,0.85,1.1,0.95,first_order
simgp24_full2r,random,8,407,0.090066,1,0.882353,0.9375,17,0.814815,0.0513743,-0.0308198,15,0,0.62963,0.777778,0.888889,0.174296,0.428571,0.666667,0.1,0.3,0,0.85,1,0.9,first_order
simgp24_full2r,random,9,407,0.0909984,1,0.9375,0.967742,16,0.846154,0.0505828,-0.0359614,15,0,0.653846,0.807692,0.884615,0.176981,0.428571,0.653846,0.1,0.3,0,0.85,1,0.9,first_order
simgp24_full2r,random,10,407,0.0571553,1,0.866667,0.928571,15,0.96,0.0346249,-0.0114769,13,0,0.76,0.88,1,0.156093,0.571429,0.72,0.1,0.3,0,0.85,0.9,0.9,first_order
simgp24_full2r,random,11,407,0.0869282,1,0.928571,0.962963,14,0.833333,0.0520919,-0.0268892,13,0,0.708333,0.833333,0.875,0.182823,0.428571,0.583333,0.1,0.3,0,0.85,0.9,0.95,first_order
simgp24_full2r,random,12,407,0.0330142,1,0.857143,0.923077,14,1,0.0246911,0.00269805,12,0,0.826087,1,1,0.129835,0.428571,0.782609,0.1,0.3,0,0.85,0.9,0.95,first_order
simgp24_full2r,random,13,407,0.0313686,1,0.857143,0.923077,14,1,0.0231722,0.00705692,12,0,0.863636,1,1,0.135103,0.428571,0.681818,0.1,0.3,0,0.85,0.9,0.95,first_order
simgp24_full2r,random,14,407,0.0329146,1,0.928571,0.962963,14,1,0.0237425,0.00969471,13,0,0.857143,0.952381,1,0.138033,0.428571,0.619048,0.1,0.3,0,0.85,0.9,0.95,first_order
simgp24_full2r,random,15,407,0.0358817,0.923077,0.857143,0.888889,14,1,0.0291949,0.00495442,12,1,0.85,0.95,1,0.133867,0.571429,0.75,-6,0.3,0,0.85,0.9,1,first_order
simgp24_full2r,uncertainty,3,407,0.0451425,0.818182,0.9,0.857143,20,1,0.0357383,-0.0153954,18,4,0.6875,1,1,0.130035,0.555556,0.90625,-8,0.3,0.5,1.15,0.9,1,first_order
simgp24_full2r,uncertainty,4,407,0.0395305,0.833333,0.789474,0.810811,19,1,0.0309545,0.00516751,15,3,0.709677,1,1,0.173411,0.666667,0.870968,-15,0.1,1,0.85,0.9,0.95,first_order
simgp24_full2r,uncertainty,5,407,0.0555225,1,0.777778,0.875,18,0.966667,0.0368958,0.0229767,14,0,0.7,0.9,1,0.111676,0.555556,0.866667,-6,0.3,0.5,0.85,0.9,1.1,first_order
simgp24_full2r,uncertainty,6,407,0.0490323,1,0.705882,0.827586,17,0.965517,0.0372342,0.0168809,12,0,0.62069,0.827586,0.965517,0.153246,0.75,0.862069,0.25,0.1,1,0.85,0.9,1.05,first_order
simgp24_full2r,uncertainty,7,407,0.0635145,1,0.5,0.666667,16,0.964286,0.0511485,0.0163172,8,0,0.607143,0.857143,1,0.218825,0.428571,0.892857,0.1,0.3,0,0.85,1,1,first_order
simgp24_full2r,uncertainty,8,407,0.0482097,0.8125,0.866667,0.83871,15,0.962963,0.0362993,0.00113111,13,3,0.666667,0.925926,1,0.102724,1,0.925926,0.1,0.3,0,0.85,1,0.95,first_order
simgp24_full2r,uncertainty,9,407,0.0629055,0.8,0.857143,0.827586,14,0.923077,0.051085,-0.0262527,12,3,0.769231,0.884615,0.961538,0.107762,0.833333,0.923077,0.1,0.3,1,1,0.9,1.05,first_order
simgp24_full2r,uncertainty,10,407,0.157284,0.684211,1,0.8125,13,0.96,0.120527,-0.120527,13,6,0.16,0.68,0.96,0.0738599,0.666667,1,0.1,0.3,1,1,0.9,1,first_order
simgp24_full2r,uncertainty,11,407,0.154266,0.666667,1,0.8,12,0.958333,0.119371,-0.119371,12,6,0.208333,0.625,0.958333,0.0751743,0.6,1,0.1,0.3,1,1,1.1,1,first_order
simgp24_full2r,uncertainty,12,407,0.133891,0.647059,1,0.785714,11,0.869565,0.101978,-0.101978,11,6,0.26087,0.782609,0.956522,0.172461,0.75,1,0.1,0.3,1,1,0.9,1,first_order
simgp24_full2r,uncertainty,13,407,0.135495,0.647059,1,0.785714,11,0.954545,0.103309,-0.103309,11,6,0.227273,0.590909,1,0.0772631,0.5,1,0.1,0.3,1,1,0.9,1,first_order
simgp24_full2r,uncertainty,14,407,0.106316,0.625,1,0.769231,10,0.809524,0.0822547,-0.0822547,10,6,0.190476,0.714286,0.904762,0.189706,0.75,1,0.1,0.3,1,1,0.9,1,first_order
simgp24_full2r,uncertainty,15,407,0.13521,0.6,1,0.75,9,0.8,0.108404,-0.108404,9,6,0.05,0.5,0.95,0.125855,0.666667,1,0.1,0.3,1,1,0.9,1,first_order
simgp24_full2r,straddle,3,407,0.0451425,0.818182,0.9,0.857143,20,1,0.0357383,-0.0153954,18,4,0.6875,1,1,0.130035,0.555556,0.90625,-8,0.3,0.5,1.15,0.9,1,first_order
simgp24_full2r,straddle,4,407,0.0502281,1,0.736842,0.848485,19,1,0.0353327,0.0169283,14,0,0.709677,0.935484,1,0.13224,0.375,0.903226,-6,0.3,0,0.85,1.1,1,first_order
simgp24_full2r,straddle,5,407,0.0504503,0.928571,0.722222,0.8125,18,0.933333,0.037709,0.00717563,13,1,0.566667,0.866667,1,0.141323,0.428571,0.866667,-25,0.1,0.5,1,1.1,0.9,first_order
simgp24_full2r,straddle,6,407,0.052953,1,0.647059,0.785714,17,0.931034,0.0422481,0.0226228,11,0,0.758621,0.896552,1,0.242541,0.428571,0.827586,0.1,0.3,0,0.85,1.1,1,first_order
simgp24_full2r,straddle,7,407,0.0487552,1,0.5,0.666667,16,0.964286,0.0385037,0.03163,8,0,0.678571,0.892857,0.964286,0.299451,0.5,0.571429,0.1,0.3,0,0.85,1,0.95,first_order
simgp24_full2r,straddle,8,407,0.0586047,1,0.6,0.75,15,0.851852,0.042706,0.0379118,9,0,0.777778,0.814815,0.888889,0.139933,0.8,0.888889,0.1,0.3,0,0.85,0.9,0.95,first_order
simgp24_full2r,straddle,9,407,0.0473482,1,0.642857,0.782609,14,0.961538,0.0353468,0.0302546,9,0,0.692308,0.884615,1,0.637014,0.8,0.192308,-24,0.1,0.5,0.85,1.1,0.9,first_order
simgp24_full2r,straddle,10,407,0.0536697,1,0.615385,0.761905,13,0.84,0.0393225,0.0345779,8,0,0.76,0.8,0.88,0.14194,0.6,0.84,-24,0.1,1,0.85,0.9,0.95,first_order
simgp24_full2r,straddle,11,407,0.0792309,0.714286,0.833333,0.769231,12,1,0.0475294,-0.0399571,10,4,0.708333,1,1,0.181672,0.8,0.875,-24,0.1,1,0.85,0.9,0.95,first_order
simgp24_full2r,straddle,12,407,0.0492694,1,0.636364,0.777778,11,1,0.0362614,0.0169822,7,0,0.826087,0.913043,1,0.144714,0.8,0.913043,-24,0.1,1,0.85,0.9,0.95,first_order
simgp24_full2r,straddle,13,407,0.0500793,1,0.6,0.75,10,1,0.0366249,0.0119911,6,0,0.772727,0.909091,1,0.143622,0.75,0.909091,-24,0.1,1,0.85,0.9,0.9,first_order
simgp24_full2r,straddle,14,407,0.0442893,1,0.777778,0.875,9,1,0.0312338,0.0169315,7,0,0.904762,1,1,0.298375,0.666667,0.809524,-24,0.1,1,0.85,0.9,0.9,first_order
simgp24_full2r,straddle,15,407,0.0432395,1,0.75,0.857143,8,1,0.0294572,0.0165244,6,0,0.9,1,1,0.304576,0.666667,0.85,-24,0.1,1,0.85,0.9,0.9,first_order
simgp24_full2r,straddle_min,3,407,0.0451425,0.818182,0.9,0.857143,20,1,0.0357383,-0.0153954,18,4,0.6875,1,1,0.130035,0.555556,0.90625,-8,0.3,0.5,1.15,0.9,1,first_order
simgp24_full2r,straddle_min,4,407,0.046798,0.857143,0.9,0.878049,20,1,0.0367459,-0.00787022,18,3,0.612903,0.935484,1,0.14053,0.555556,0.903226,-24,0.3,0,1,1.1,0.95,first_order
simgp24_full2r,straddle_min,5,407,0.0482376,0.9375,0.789474,0.857143,19,0.966667,0.0337652,0.0155218,15,1,0.666667,0.9,1,0.161335,0.555556,0.833333,0.1,0.3,0.5,0.85,1.1,1.1,first_order
simgp24_full2r,straddle_min,6,407,0.04786,0.9375,0.833333,0.882353,18,1,0.0337959,0.00966662,15,1,0.62069,0.896552,1,0.150869,0.666667,0.896552,-10,0.1,1,1,1.1,0.9,first_order
simgp24_full2r,straddle_min,7,407,0.0475603,0.882353,0.882353,0.882353,17,1,0.0352915,0.000203403,15,2,0.5,0.857143,1,0.158083,0.666667,0.857143,-10,0.1,1,1,1.1,0.9,first_order
simgp24_full2r,straddle_min,8,407,0.0525868,0.823529,0.875,0.848485,16,1,0.0420682,-0.0130345,14,3,0.444444,0.851852,1,0.135275,0.666667,0.851852,0.1,0.3,0.5,1,1.1,0.95,first_order
simgp24_full2r,straddle_min,9,407,0.058184,0.875,0.875,0.875,16,1,0.0429873,-0.0290569,14,2,0.461538,0.961538,1,0.149474,0.666667,0.884615,-6,0.3,0,1,1.1,0.9,first_order
simgp24_full2r,straddle_min,10,407,0.052557,0.875,0.875,0.875,16,0.96,0.0418354,-0.00879538,14,2,0.6,0.96,1,0.159678,0.666667,0.88,-6,0.3,0,1,1.1,0.9,first_order
simgp24_full2r,straddle_min,11,407,0.138998,0.866667,0.866667,0.866667,15,0.791667,0.0880042,-0.0700787,13,2,0.375,0.708333,0.791667,0.188868,0.666667,0.875,-9,0.3,0,1,1.1,0.9,first_order
simgp24_full2r,straddle_min,12,407,0.107314,0.866667,0.928571,0.896552,14,0.956522,0.0717133,-0.0609192,13,2,0.391304,0.826087,1,0.185217,0.666667,0.73913,0.1,0.3,0.5,1,1.1,0.95,first_order
simgp24_full2r,straddle_min,13,407,0.108735,0.928571,0.928571,0.928571,14,0.954545,0.0734124,-0.0710984,13,1,0.363636,0.727273,1,0.140629,0.666667,0.818182,0.1,0.3,0.5,1,1.1,0.95,first_order
simgp24_full2r,straddle_min,14,407,0.119554,0.933333,1,0.965517,14,1,0.083252,-0.0820724,14,1,0.380952,0.857143,1,0.124853,0.666667,1,0.1,0.3,0.5,1,1.1,0.95,first_order
simgp24_full2r,straddle_min,15,407,0.133846,0.928571,1,0.962963,13,0.95,0.0929222,-0.0919565,13,1,0.25,0.8,1,0.113711,0.666667,1,0.1,0.3,0.5,1,1.1,0.95,first_order
simgp24_full2r,random,3,400,0.0623595,0.705882,1,0.827586,12,0.96875,0.0499623,-0.0446032,12,5,0.625,0.875,1,0.0706155,0.5,1,-6,0.3,0.5,1,0.9,1.1,2ra
simgp24_full2r,random,4,400,0.0722239,0.75,0.818182,0.782609,11,1,0.0536472,0.0138591,9,3,0.612903,0.903226,1,0.15611,0.5,0.741935,0.1,0.3,0,0.85,1.1,1.05,2ra
simgp24_full2r,random,5,400,0.0537238,0.833333,0.909091,0.869565,11,0.966667,0.0408266,-0.00727592,10,2,0.6,0.933333,1,0.0800307,0.5,1,0.1,0.3,0,0.85,1.1,1.05,2ra
simgp24_full2r,random,6,400,0.0532262,0.642857,0.9,0.75,10,0.931034,0.0429936,-0.0303488,9,5,0.655172,0.862069,1,0.069945,0.5,1,0.1,0.3,0.5,1,1,1,2ra
simgp24_full2r,random,7,400,0.0561046,0.9,1,0.947368,9,1,0.0405066,-0.0237918,9,1,0.607143,0.821429,1,0.0654333,0.5,1,0.1,0.3,0,1,1,0.9,2ra
simgp24_full2r,random,8,400,0.0493175,0.888889,1,0.941176,8,1,0.0386374,-0.0180602,8,1,0.62963,0.814815,1,0.0634459,0.5,1,0.1,0.3,0,1,1,0.9,2ra
simgp24_full2r,random,9,400,0.0633549,0.888889,1,0.941176,8,0.923077,0.0461904,-0.0282927,8,1,0.538462,0.730769,0.961538,0.0773298,0.5,1,0.1,0.3,0,1,1,0.9,2ra
simgp24_full2r,random,10,400,0.0589596,0.888889,1,0.941176,8,1,0.0454498,-0.0304856,8,1,0.6,0.8,1,0.075748,0.5,1,0.1,0.3,0.5,1,0.9,1,2ra
simgp24_full2r,random,11,400,0.0489711,0.888889,1,0.941176,8,1,0.0382574,-0.0131044,8,1,0.625,0.833333,1,0.0748172,0.5,1,0.1,0.3,0.5,1,0.9,1.05,2ra
simgp24_full2r,random,12,400,0.0436859,1,1,1,8,1,0.0325185,-0.00847107,8,0,0.782609,0.869565,1,0.0689202,0.5,1,0.1,0.1,1,0.85,0.9,0.9,2ra
simgp24_full2r,random,13,400,0.0469335,1,1,1,8,1,0.0334683,-0.0173014,8,0,0.681818,0.863636,1,0.0735457,0.5,1,0.1,0.1,1,0.85,1.1,0.9,2ra
simgp24_full2r,random,14,400,0.0481182,1,1,1,8,0.952381,0.0355674,-0.0192811,8,0,0.666667,0.857143,1,0.0746396,0.5,1,0.1,0.1,1,0.85,1.1,0.9,2ra
simgp24_full2r,random,15,400,0.0471181,1,1,1,7,0.95,0.0332978,-0.0146469,7,0,0.75,0.85,1,0.0672826,0.5,1,0.1,0.1,1,0.85,1.1,0.95,2ra
simgp24_full2r,uncertainty,3,400,0.0623595,0.705882,1,0.827586,12,0.96875,0.0499623,-0.0446032,12,5,0.625,0.875,1,0.0706155,0.5,1,-6,0.3,0.5,1,0.9,1.1,2ra
simgp24_full2r,uncertainty,4,400,0.0594559,0.733333,1,0.846154,11,0.967742,0.048694,-0.0275951,11,4,0.612903,0.903226,1,0.061193,0.5,1,0.1,0.3,0.5,1,1.1,1.1,2ra
simgp24_full2r,uncertainty,5,400,0.0787169,0.833333,0.909091,0.869565,11,0.933333,0.0576334,0.0157824,10,2,0.466667,0.866667,0.966667,0.166499,1,0.633333,-6,0.3,0.5,1,1.1,1.1,2ra
simgp24_full2r,uncertainty,6,400,0.0475246,1,1,1,10,1,0.0329935,-0.0117961,10,0,0.827586,1,1,0.0753888,0,1,0.1,0.1,1,1,0.9,0.9,2ra
simgp24_full2r,uncertainty,7,400,0.0635187,1,0.666667,0.8,9,1,0.0488313,-0.000169495,6,0,0.678571,0.964286,1,0.290969,0,1,0.1,0.1,1,1,0.9,0.9,2ra
simgp24_full2r,uncertainty,8,400,0.0503685,1,0.875,0.933333,8,1,0.037861,0.011589,7,0,0.740741,1,1,0.0651135,1,1,0.1,0.1,1,1,0.9,0.9,2ra
simgp24_full2r,uncertainty,9,400,0.0493667,0.857143,0.857143,0.857143,7,1,0.0383105,-0.00305987,6,1,0.692308,0.923077,1,0.0711274,1,1,0.1,0.3,0,1,0.9,1,2ra
simgp24_full2r,uncertainty,10,400,0.0493304,1,0.833333,0.909091,6,0.96,0.0368698,0.00263734,5,0,0.76,0.96,1,0.0777348,0,0.96,0.1,0.1,1,1,1,0.9,2ra
simgp24_full2r,uncertainty,11,400,0.0470732,0.8,0.8,0.8,5,1,0.0375679,0.000719197,4,1,0.708333,1,1,0.0553193,0,1,0.1,0.1,1,1,1,0.9,2ra
simgp24_full2r,uncertainty,12,400,0.0473661,0.833333,1,0.909091,5,0.956522,0.0365455,0.000223976,5,1,0.695652,0.956522,0.956522,0.0646784,0,0.956522,0.1,0.3,0,1,1,1.05,2ra
simgp24_full2r,uncertainty,13,400,0.0473025,1,0.8,0.888889,5,0.954545,0.0366212,0.00287303,4,0,0.681818,0.909091,1,0.0712072,0,0.954545,0.1,0.1,1,1,1,0.9,2ra
simgp24_full2r,uncertainty,14,400,0.0561116,1,0.8,0.888889,5,0.952381,0.0471275,0.0176785,4,0,0.619048,0.857143,1,0.0694404,0,0.952381,0.1,0.1,1,1,1,0.9,2ra
simgp24_full2r,uncertainty,15,400,0.0534499,1,0.6,0.75,5,0.95,0.0448075,0.0129124,3,0,0.65,0.9,0.95,0.0764053,0,0.95,0.1,0.1,1,1,1,0.9,2ra
simgp24_full2r,straddle,3,400,0.0623595,0.705882,1,0.827586,12,0.96875,0.0499623,-0.0446032,12,5,0.625,0.875,1,0.0706155,0.5,1,-6,0.3,0.5,1,0.9,1.1,2ra
simgp24_full2r,straddle,4,400,0.0435643,0.909091,0.909091,0.909091,11,1,0.0322889,-0.000812404,10,1,0.806452,0.967742,1,0.0413856,0.5,1,0.1,0.3,0,0.85,0.9,1.1,2ra
simgp24_full2r,straddle,5,400,0.0437756,0.818182,0.9,0.857143,10,1,0.0330034,-0.000493466,9,2,0.8,0.933333,1,0.0828046,1,0.966667,0.1,0.1,1,0.85,0.9,0.95,2ra
simgp24_full2r,straddle,6,400,0.0645156,0.642857,1,0.782609,9,0.931034,0.0496127,-0.0436573,9,5,0.517241,0.896552,1,0.0677687,1,1,0.1,0.3,0,1,1.1,0.9,2ra
simgp24_full2r,straddle,7,400,0.0491317,0.8,1,0.888889,8,0.928571,0.0395093,-0.0200398,8,2,0.5,0.857143,0.964286,0.0743314,1,1,-24,0.1,1,1,1.1,0.9,2ra
simgp24_full2r,straddle,8,400,0.0897154,0.8,1,0.888889,8,0.925926,0.0628318,-0.0563867,8,2,0.592593,0.888889,0.962963,0.0638379,1,1,0.1,0.3,0,1,1.1,0.95,2ra
simgp24_full2r,straddle,9,400,0.093909,0.583333,1,0.736842,7,0.923077,0.0701088,-0.0651825,7,5,0.423077,0.807692,0.961538,0.083471,1,1,0.1,0.3,0,1,0.9,0.9,2ra
simgp24_full2r,straddle,10,400,0.045719,0.75,1,0.857143,6,1,0.0362475,-0.0144537,6,2,0.72,0.88,1,0.0533841,0,0.96,0.1,0.3,0,1,1.1,0.95,2ra
simgp24_full2r,straddle,11,400,0.0438263,1,1,1,5,1,0.032897,-0.00377585,5,0,0.791667,1,1,0.0623188,0,1,0.1,0.3,0,1,1.1,1,2ra
simgp24_full2r,straddle,12,400,0.10655,0.571429,1,0.727273,4,1,0.0721851,-0.0632496,4,3,0.695652,0.869565,1,0.0722575,0,1,0.1,0.3,0,1,1.1,1,2ra
simgp24_full2r,straddle,13,400,0.132969,0.444444,1,0.615385,4,0.818182,0.0928174,-0.0912603,4,5,0.454545,0.772727,0.954545,0.0535417,1,1,0.1,0.3,0,1,1.1,1,2ra
simgp24_full2r,straddle,14,400,0.065091,0.428571,1,0.6,3,0.904762,0.0488645,-0.0234829,3,4,0.714286,0.857143,0.952381,0.0641527,0,0.952381,0.1,0.3,0,1,1.1,0.95,2ra
simgp24_full2r,straddle,15,400,0.0879557,0.6,1,0.75,3,0.9,0.0659419,-0.0464721,3,2,0.75,0.9,0.9,0.219752,1,0.95,0.1,0.3,0,1,1.1,0.95,2ra
simgp24_full2r,straddle_min,3,400,0.0623595,0.705882,1,0.827586,12,0.96875,0.0499623,-0.0446032,12,5,0.625,0.875,1,0.0706155,0.5,1,-6,0.3,0.5,1,0.9,1.1,2ra
simgp24_full2r,straddle_min,4,400,0.0518306,0.846154,1,0.916667,11,1,0.040129,-0.0268987,11,2,0.677419,0.935484,1,0.0551453,0.5,1,-6,0.3,0.5,1,1,1.1,2ra
simgp24_full2r,straddle_min,5,400,0.0761679,0.692308,0.9,0.782609,10,0.933333,0.0594451,0.00271854,9,4,0.5,0.8,1,0.14917,1,0.766667,-6,0.3,0.5,1,1,1.1,2ra
simgp24_full2r,straddle_min,6,400,0.0634414,0.642857,1,0.782609,9,0.862069,0.0532447,-0.0463453,9,5,0.37931,0.724138,0.965517,0.138315,1,0.793103,-6,0.3,0.5,1,1,1.1,2ra
simgp24_full2r,straddle_min,7,400,0.0671557,0.642857,1,0.782609,9,0.75,0.055241,-0.048843,9,5,0.357143,0.678571,0.928571,0.081997,1,0.964286,-6,0.3,0.5,1,1,1.1,2ra
simgp24_full2r,straddle_min,8,400,0.0606879,0.642857,1,0.782609,9,0.888889,0.0479206,-0.025347,9,5,0.555556,0.777778,0.962963,0.233393,1,0.851852,-6,0.3,0,1,1.1,1,2ra
simgp24_full2r,straddle_min,9,400,0.0755147,0.9,1,0.947368,9,0.884615,0.0550406,0.0157022,9,1,0.653846,0.846154,0.961538,0.0956561,1,1,0.1,0.3,0,1,1.1,1,2ra
simgp24_full2r,straddle_min,10,400,0.0683813,0.9,1,0.947368,9,0.96,0.050535,0.0190528,9,1,0.72,0.88,1,0.0850337,1,1,0.1,0.3,0,1,1.1,1.05,2ra
simgp24_full2r,straddle_min,11,400,0.0713092,0.888889,0.888889,0.888889,9,1,0.0478451,-0.0202546,8,1,0.791667,1,1,0.0857035,1,1,0.1,0.1,1,1,1,0.9,2ra
simgp24_full2r,straddle_min,12,400,0.0834683,0.888889,1,0.941176,8,0.869565,0.0601641,0.0237517,8,1,0.608696,0.826087,0.913043,0.107798,1,1,-6,0.3,0,1,1.1,1.1,2ra
simgp24_full2r,straddle_min,13,400,0.073214,0.875,1,0.933333,7,0.909091,0.0580432,0.0147739,7,1,0.727273,0.863636,0.909091,0.0880675,1,1,0.1,0.3,0,1,0.9,1,2ra
simgp24_full2r,straddle_min,14,400,0.0853572,1,1,1,7,1,0.0612466,-0.0225635,7,0,0.761905,0.857143,1,0.222036,1,0.952381,0.1,0.3,0,1,0.9,1,2ra
simgp24_full2r,straddle_min,15,400,0.101352,1,1,1,7,0.95,0.0716706,-0.0476463,7,0,0.65,0.9,1,0.210506,0.5,1,0.1,0.3,0,1,0.9,1,2ra
simgp24_full2r,random,3,401,0.0450903,0.65,0.866667,0.742857,15,1,0.0336659,-0.00902006,13,7,0.6875,0.9375,1,0.166835,0.333333,0.96875,-14,0.1,0.5,1.15,0.9,0.95,2ra
simgp24_full2r,random,4,401,0.0443613,0.666667,0.933333,0.777778,15,1,0.0327792,-0.00871231,14,7,0.709677,0.935484,1,0.164274,0.666667,1,0.4,0.1,0,1.15,1,0.9,2ra
simgp24_full2r,random,5,401,0.040906,0.714286,1,0.833333,15,1,0.0318429,-0.0125833,15,6,0.766667,0.9,1,0.15093,0.666667,1,0.1,0.3,1,1.15,0.9,1.05,2ra
simgp24_full2r,random,6,401,0.0393938,0.684211,0.928571,0.787879,14,0.965517,0.0291147,-0.00764895,13,6,0.689655,0.896552,1,0.155704,0.333333,0.965517,-6,0.3,0,1,0.9,0.9,2ra
simgp24_full2r,random,7,401,0.0375276,0.666667,1,0.8,14,0.928571,0.030433,-0.0178048,14,7,0.714286,0.892857,1,0.137902,0.333333,1,0.1,0.3,0.5,1,0.9,0.95,2ra
simgp24_full2r,random,8,401,0.0395103,0.65,1,0.787879,13,0.888889,0.0319311,-0.0294199,13,7,0.592593,0.888889,1,0.119744,0.333333,0.925926,0.1,0.3,0.5,1,0.9,0.95,2ra
simgp24_full2r,random,9,401,0.0404541,0.6,1,0.75,12,0.923077,0.0342517,-0.0313172,12,8,0.615385,0.846154,0.961538,0.109869,0.333333,0.923077,0.1,0.3,0.5,1,0.9,0.95,2ra
simgp24_full2r,random,10,401,0.0336106,0.705882,1,0.827586,12,0.88,0.0260275,-0.0231266,12,5,0.72,0.88,1,0.104396,0.333333,0.96,0.1,0.3,0.5,1,0.9,0.95,2ra
simgp24_full2r,random,11,401,0.0344083,0.647059,1,0.785714,11,0.875,0.0269857,-0.0224053,11,6,0.708333,0.875,0.958333,0.150927,0.666667,0.958333,0.1,0.3,0.5,1,0.9,0.95,2ra
simgp24_full2r,random,12,401,0.0314384,0.666667,1,0.8,10,0.956522,0.0232613,-0.0146447,10,5,0.73913,0.913043,1,0.139443,1,0.956522,0.1,0.3,0.5,1,0.9,0.95,2ra
simgp24_full2r,random,13,401,0.0306365,0.666667,1,0.8,10,0.954545,0.0219204,-0.0174079,10,5,0.727273,0.909091,1,0.140529,1,0.954545,0.1,0.3,0.5,1,0.9,0.95,2ra
simgp24_full2r,random,14,401,0.0309127,0.666667,1,0.8,10,0.952381,0.0223045,-0.0188959,10,5,0.761905,0.904762,1,0.140274,1,0.952381,0.1,0.3,0.5,1,0.9,0.95,2ra
simgp24_full2r,random,15,401,0.0417756,0.588235,1,0.740741,10,0.95,0.0357863,-0.0357863,10,7,0.55,0.9,0.95,0.127432,1,0.95,0.1,0.3,0.5,1,0.9,0.95,2ra
simgp24_full2r,uncertainty,3,401,0.0450903,0.65,0.866667,0.742857,15,1,0.0336659,-0.00902006,13,7,0.6875,0.9375,1,0.166835,0.333333,0.96875,-14,0.1,0.5,1.15,0.9,0.95,2ra
simgp24_full2r,uncertainty,4,401,0.0500489,0.764706,0.928571,0.83871,14,1,0.0329936,0.00490241,13,4,0.774194,0.870968,1,0.167662,0.666667,0.483871,-12,0.1,0.5,1,0.9,0.95,2ra
simgp24_full2r,uncertainty,5,401,0.0468187,0.631579,0.923077,0.75,13,1,0.033545,-0.00591889,12,7,0.633333,0.933333,1,0.162355,0.666667,1,-25,0.1,0.5,1,0.9,0.9,2ra
simgp24_full2r,uncertainty,6,401,0.0452977,0.625,0.833333,0.714286,12,1,0.0322792,-0.00235224,10,6,0.827586,1,1,0.145533,0.333333,1,0.1,0.1,0.5,0.85,1.1,0.9,2ra
simgp24_full2r,uncertainty,7,401,0.043502,0.727273,0.727273,0.727273,11,1,0.0280109,0.0133278,8,3,0.821429,1,1,0.159995,0.5,0.535714,0.1,0.3,0,1,0.9,0.9,2ra
simgp24_full2r,uncertainty,8,401,0.0715552,0.777778,0.7,0.736842,10,1,0.0500646,0.0433466,7,2,0.703704,0.888889,1,0.272511,1,0.555556,0.1,0.1,1,0.85,1.1,0.9,2ra
simgp24_full2r,uncertainty,9,401,0.0652384,0.714286,0.555556,0.625,9,1,0.0498587,0.0427608,5,2,0.653846,0.923077,1,0.21785,0,0.384615,-24,0.1,0,0.85,0.9,0.9,2ra
simgp24_full2r,uncertainty,10,401,0.0602181,0.833333,0.555556,0.666667,9,0.92,0.0464691,0.0442927,5,1,0.6,0.88,1,0.1805,0.5,0.28,0.1,0.1,1,0.85,0.9,0.9,2ra
simgp24_full2r,uncertainty,11,401,0.0788618,0.833333,0.625,0.714286,8,1,0.0582352,0.0521915,5,1,0.625,0.958333,1,0.396416,0,0.541667,0.1,0.1,1,0.85,0.9,0.9,2ra
simgp24_full2r,uncertainty,12,401,0.0770376,0.666667,0.571429,0.615385,7,1,0.0550562,0.046557,4,2,0.608696,0.956522,1,0.435311,0.5,0.434783,0.1,0.1,1,0.85,0.9,0.9,2ra
simgp24_full2r,uncertainty,13,401,0.0834125,0.833333,0.714286,0.769231,7,0.909091,0.0478032,0.0351001,5,1,0.727273,0.818182,1,0.18171,0.5,0.909091,0.1,0.1,1,0.85,0.9,0.9,2ra
simgp24_full2r,uncertainty,14,401,0.0527395,0.6,0.5,0.545455,6,1,0.0366595,0.0327246,3,2,1,1,1,0.167921,0,1,0.1,0.1,1,0.85,0.9,0.9,2ra
simgp24_full2r,uncertainty,15,401,0.0741739,0.555556,1,0.714286,5,1,0.0382954,-0.033217,5,4,0.85,0.95,1,0.174502,0,1,0.1,0.1,1,0.85,0.9,0.9,2ra
simgp24_full2r,straddle,3,401,0.0450903,0.65,0.866667,0.742857,15,1,0.0336659,-0.00902006,13,7,0.6875,0.9375,1,0.166835,0.333333,0.96875,-14,0.1,0.5,1.15,0.9,0.95,2ra
simgp24_full2r,straddle,4,401,0.050616,0.846154,0.785714,0.814815,14,1,0.0314927,0.0169781,11,2,0.83871,1,1,0.170178,0.333333,0.548387,-25,0.1,0,1,0.9,0.9,2ra
simgp24_full2r,straddle,5,401,0.0486219,0.769231,0.769231,0.769231,13,1,0.0315573,0.0138016,10,3,0.833333,0.9,1,0.187842,0.5,0.366667,-24,0.1,1,1,1.1,0.9,2ra
simgp24_full2r,straddle,6,401,0.0609226,0.777778,0.583333,0.666667,12,1,0.0445203,0.0360568,7,2,0.689655,0.931034,1,0.177213,1,0.344828,0.1,0.1,1,0.85,1.1,0.95,2ra
simgp24_full2r,straddle,7,401,0.0703127,0.75,0.545455,0.631579,11,1,0.0541019,0.0486046,6,2,0.642857,0.964286,1,0.179601,1,0.321429,0.1,0.1,1,0.85,1.1,0.95,2ra
simgp24_full2r,straddle,8,401,0.0399348,0.583333,0.7,0.636364,10,1,0.0301997,0.0106137,7,5,0.888889,1,1,0.150301,1,1,-6,0.1,0,0.85,0.9,0.9,2ra
simgp24_full2r,straddle,9,401,0.0885463,0.75,0.333333,0.461538,9,0.961538,0.072753,0.0705158,3,1,0.384615,0.730769,1,0.198165,1,0.269231,-15,0.1,0,0.85,0.9,0.9,2ra
simgp24_full2r,straddle,10,401,0.0566883,0.666667,0.5,0.571429,8,1,0.0434568,0.029123,4,2,0.68,1,1,0.199417,1,0.96,0.1,0.1,1,0.85,0.9,0.95,2ra
simgp24_full2r,straddle,11,401,0.0696686,0.6,0.428571,0.5,7,1,0.0515536,0.0473328,3,2,0.708333,1,1,0.19663,1,1,-24,0.1,0.5,0.85,0.9,0.95,2ra
simgp24_full2r,straddle,12,401,0.0528316,0.6,0.5,0.545455,6,1,0.039495,0.0152458,3,2,0.913043,1,1,0.212487,1,1,-24,0.1,0,0.85,0.9,0.9,2ra
simgp24_full2r,straddle,13,401,0.0660076,0.4,0.4,0.4,5,1,0.0513176,0.0359698,2,3,0.954545,1,1,0.250242,1,1,0.1,0.1,1,0.85,0.9,0.9,2ra
simgp24_full2r,straddle,14,401,0.0522784,0.4,0.4,0.4,5,1,0.0419573,0.0195662,2,3,1,1,1,0.294824,1,0.952381,0.1,0.1,1,0.85,0.9,0.95,2ra
simgp24_full2r,straddle,15,401,0.0540035,0.5,0.25,0.333333,4,1,0.043829,0.0176704,1,1,1,1,1,0.269982,1,1,-24,0.1,0,0.85,0.9,0.9,2ra
simgp24_full2r,straddle_min,3,401,0.0450903,0.65,0.866667,0.742857,15,1,0.0336659,-0.00902006,13,7,0.6875,0.9375,1,0.166835,0.333333,0.96875,-14,0.1,0.5,1.15,0.9,0.95,2ra
simgp24_full2r,straddle_min,4,401,0.0497492,0.705882,0.857143,0.774194,14,1,0.0335095,0.000621263,12,5,0.741935,0.903226,1,0.171103,0.666667,0.419355,0.25,0.1,0.5,1,0.9,0.9,2ra
simgp24_full2r,straddle_min,5,401,0.0472525,0.631579,0.923077,0.75,13,1,0.0343296,-0.00692878,12,7,0.7,0.933333,1,0.159231,0.666667,0.633333,-25,0.1,0.5,1,1.1,0.9,2ra
simgp24_full2r,straddle_min,6,401,0.0499623,0.6875,0.916667,0.785714,12,1,0.0340161,-0.00077242,11,5,0.689655,0.862069,1,0.173045,0.666667,0.37931,-25,0.1,0.5,1,1.1,0.9,2ra
simgp24_full2r,straddle_min,7,401,0.0478793,0.733333,0.916667,0.814815,12,0.964286,0.0323945,0.0029081,11,4,0.75,0.857143,1,0.17573,0.666667,0.392857,0.1,0.3,0,1,1.1,0.9,2ra
simgp24_full2r,straddle_min,8,401,0.0443294,0.666667,0.909091,0.769231,11,1,0.0328389,-0.00507682,10,5,0.62963,0.925926,1,0.128349,0.666667,0.925926,0.1,0.3,0.5,1,0.9,0.95,2ra
simgp24_full2r,straddle_min,9,401,0.0394942,0.833333,0.909091,0.869565,11,1,0.0297888,-0.0104297,10,2,0.807692,1,1,0.138769,0.666667,1,-6,0.1,1,0.85,0.9,0.9,2ra
simgp24_full2r,straddle_min,10,401,0.0491596,0.8,0.8,0.8,10,1,0.0338373,0.0121106,8,2,0.68,1,1,0.132099,0.666667,0.92,0.1,0.1,1,0.85,0.9,0.9,2ra
simgp24_full2r,straddle_min,11,401,0.0397485,0.818182,0.9,0.857143,10,1,0.0275355,-0.0127206,9,2,0.791667,1,1,0.132323,0.666667,1,0.1,0.1,1,0.85,0.9,0.9,2ra
simgp24_full2r,straddle_min,12,401,0.0390539,0.888889,0.888889,0.888889,9,1,0.0265604,0.0123701,8,1,0.73913,0.956522,1,0.127001,0,0.782609,0.1,0.1,1,0.85,0.9,0.9,2ra
simgp24_full2r,straddle_min,13,401,0.0496934,1,0.888889,0.941176,9,1,0.0337663,0.0249384,8,0,0.772727,1,1,0.135066,0.333333,0.863636,0.1,0.1,1,0.85,0.9,0.9,2ra
simgp24_full2r,straddle_min,14,401,0.0386458,0.777778,0.875,0.823529,8,1,0.0308902,0.0173179,7,2,0.809524,1,1,0.142368,0.333333,0.904762,0.1,0.3,0,1,0.9,0.9,2ra
simgp24_full2r,straddle_min,15,401,0.0598717,1,1,1,7,1,0.0484576,0.0400404,7,0,0.8,1,1,0.210914,0.333333,0.9,0.1,0.1,1,0.85,0.9,0.9,2ra
simgp24_full2r,random,3,402,0.0942986,0.571429,1,0.727273,12,0.90625,0.0705304,-0.0693057,12,9,0.375,0.6875,0.9375,0.111245,0,1,0.1,0.3,0.5,1.15,0.9,0.9,2ra
simgp24_full2r,random,4,402,0.0612309,0.647059,0.916667,0.758621,12,0.870968,0.0501495,-0.0315925,11,6,0.548387,0.83871,0.935484,0.13123,0,0.903226,0.1,0.3,0.5,1.15,0.9,0.95,2ra
simgp24_full2r,random,5,402,0.0579404,0.714286,0.833333,0.769231,12,0.933333,0.0460604,-0.0237713,10,4,0.533333,0.8,0.933333,0.129025,0,0.9,0.1,0.3,0,1,1.1,0.9,2ra
simgp24_full2r,random,6,402,0.0527482,0.75,0.818182,0.782609,11,0.931034,0.0436545,-0.0131845,9,3,0.62069,0.931034,0.965517,0.0784501,0,1,0.1,0.3,0,1,1.1,0.9,2ra
simgp24_full2r,random,7,402,0.0509392,0.75,0.818182,0.782609,11,0.928571,0.0419787,-0.00626772,9,3,0.535714,0.928571,0.964286,0.0828023,0,0.964286,0.1,0.3,0.5,1,1.1,1.05,2ra
simgp24_full2r,random,8,402,0.0522705,0.75,0.818182,0.782609,11,0.962963,0.044677,-0.0072567,9,3,0.444444,0.888889,0.962963,0.135932,0,0.925926,0.1,0.3,0,1,1.1,0.9,2ra
simgp24_full2r,random,9,402,0.053721,0.818182,0.818182,0.818182,11,0.961538,0.0412675,-0.00795258,9,2,0.538462,0.846154,0.961538,0.154037,0,0.846154,0.1,0.3,0.5,1.15,1,1,2ra
simgp24_full2r,random,10,402,0.0851001,0.588235,1,0.740741,10,0.88,0.0575009,-0.0550086,10,7,0.52,0.84,0.96,0.0924269,0.5,1,0.1,0.3,0,0.85,0.9,1,2ra
simgp24_full2r,random,11,402,0.0874771,0.714286,1,0.833333,10,0.791667,0.069206,-0.069206,10,4,0.5,0.666667,0.833333,0.0829022,1,0.958333,0.1,0.3,0,0.85,0.9,1,2ra
simgp24_full2r,random,12,402,0.0680656,0.8,0.8,0.8,10,0.913043,0.0451827,-0.030535,8,2,0.695652,0.869565,1,0.0802302,0,1,0.1,0.3,0,0.85,0.9,1,2ra
simgp24_full2r,random,13,402,0.07794,0.615385,0.888889,0.727273,9,0.863636,0.0536306,-0.0475299,8,5,0.545455,0.818182,0.909091,0.100708,0.5,1,0.1,0.3,0,0.85,0.9,1,2ra
simgp24_full2r,random,14,402,0.0817861,0.727273,0.888889,0.8,9,0.857143,0.0526558,-0.0472511,8,3,0.571429,0.714286,0.857143,0.0991316,0.5,1,0.1,0.3,0,0.85,0.9,1,2ra
simgp24_full2r,random,15,402,0.0824094,0.7,0.875,0.777778,8,0.85,0.0557349,-0.0507104,7,3,0.55,0.8,0.9,0.0990797,0.5,1,0.1,0.3,0.5,1,1.1,1.1,2ra
simgp24_full2r,uncertainty,3,402,0.0942986,0.571429,1,0.727273,12,0.90625,0.0705304,-0.0693057,12,9,0.375,0.6875,0.9375,0.111245,0,1,0.1,0.3,0.5,1.15,0.9,0.9,2ra
simgp24_full2r,uncertainty,4,402,0.0928588,0.545455,1,0.705882,12,0.903226,0.0755348,-0.0755348,12,10,0.322581,0.677419,0.967742,0.137952,0,0.935484,0.1,0.3,0.5,1.15,1.1,0.9,2ra
simgp24_full2r,uncertainty,5,402,0.082662,0.833333,0.909091,0.869565,11,0.966667,0.053498,-0.039274,10,2,0.6,0.933333,1,0.133336,0,1,0.1,0.1,1,0.85,1,0.9,2ra
simgp24_full2r,uncertainty,6,402,0.0902135,0.666667,0.8,0.727273,10,0.965517,0.0590239,-0.0444498,8,4,0.586207,0.931034,1,0.154304,1,0.965517,0.1,0.1,1,1,1,0.9,2ra
simgp24_full2r,uncertainty,7,402,0.0846697,0.7,0.777778,0.736842,9,0.964286,0.0551341,-0.0306512,7,3,0.571429,0.928571,1,0.154976,0.666667,0.964286,0.1,0.1,1,1,1.1,0.9,2ra
simgp24_full2r,uncertainty,8,402,0.0719132,0.714286,0.625,0.666667,8,0.925926,0.0556127,0.0134027,5,2,0.740741,0.851852,0.962963,0.204416,0.5,0.851852,0.1,0.1,1,1,1.1,0.9,2ra
simgp24_full2r,uncertainty,9,402,0.0606912,0.555556,0.625,0.588235,8,0.923077,0.0493766,-0.00361101,5,4,0.538462,0.923077,0.961538,0.166019,0,0.884615,-6,0.1,1,1,1,0.9,2ra
simgp24_full2r,uncertainty,10,402,0.0564522,0.5,0.571429,0.533333,7,0.96,0.0473096,-0.000494977,4,4,0.52,0.92,1,0.16304,0,0.96,-6,0.1,1,1,0.9,0.9,2ra
simgp24_full2r,uncertainty,11,402,0.0583039,0.5,0.571429,0.533333,7,0.916667,0.0494469,-0.000886747,4,4,0.5,0.916667,0.958333,0.168398,0,0.958333,0.1,0.3,0,1,1,0.95,2ra
simgp24_full2r,uncertainty,12,402,0.135509,0.461538,1,0.631579,6,0.913043,0.0892117,-0.088848,6,7,0.434783,0.869565,0.956522,0.0923409,1,1,0.1,0.3,0,1,1,0.9,2ra
simgp24_full2r,uncertainty,13,402,0.242744,0.375,1,0.545455,6,0.318182,0.171709,-0.171597,6,10,0.0454545,0.227273,0.318182,0.140843,0,1,0.1,0.1,1,0.85,1.1,0.9,2ra
simgp24_full2r,uncertainty,14,402,0.33,0.4,1,0.571429,6,0.238095,0.238015,-0.238015,6,9,0.047619,0.190476,0.333333,0.118862,1,1,0.1,0.3,0,1,1,0.9,2ra
simgp24_full2r,uncertainty,15,402,0.262717,0.4,1,0.571429,6,0.3,0.194055,-0.194055,6,9,0.05,0.2,0.45,0.128228,1,1,0.1,0.3,0,1,1,0.9,2ra
simgp24_full2r,straddle,3,402,0.0942986,0.571429,1,0.727273,12,0.90625,0.0705304,-0.0693057,12,9,0.375,0.6875,0.9375,0.111245,0,1,0.1,0.3,0.5,1.15,0.9,0.9,2ra
simgp24_full2r,straddle,4,402,0.0955445,0.733333,0.916667,0.814815,12,0.870968,0.0642368,-0.0529507,11,4,0.612903,0.83871,0.903226,0.136466,0,0.83871,0.1,0.1,1,0.85,1,0.9,2ra
simgp24_full2r,straddle,5,402,0.0605224,0.8,0.727273,0.761905,11,1,0.0477232,0.00222199,8,2,0.733333,1,1,0.157426,0,0.9,0.1,0.1,1,0.85,1,0.9,2ra
simgp24_full2r,straddle,6,402,0.0820624,0.692308,0.9,0.782609,10,0.965517,0.0564994,-0.0409455,9,4,0.551724,0.931034,1,0.152748,1,0.931034,-6,0.1,1,1,1.1,0.9,2ra
simgp24_full2r,straddle,7,402,0.0763045,0.7,0.777778,0.736842,9,0.964286,0.0550194,-0.0303299,7,3,0.5,0.892857,0.964286,0.15683,1,0.857143,-6,0.1,1,1,1,0.9,2ra
simgp24_full2r,straddle,8,402,0.0724917,0.666667,0.75,0.705882,8,1,0.0520699,-0.0255966,6,3,0.407407,0.925926,1,0.158442,1,0.851852,-9,0.1,1,1,1,0.9,2ra
simgp24_full2r,straddle,9,402,0.085201,0.75,0.75,0.75,8,1,0.0557921,-0.0370684,6,2,0.538462,0.923077,1,0.155116,1,0.923077,-9,0.1,1,1,1,0.9,2ra
simgp24_full2r,straddle,10,402,0.0722177,0.75,0.857143,0.8,7,1,0.0469055,-0.0194756,6,2,0.68,0.96,1,0.215454,0,0.96,-9,0.1,1,1,1.1,0.9,2ra
simgp24_full2r,straddle,11,402,0.0749687,0.625,0.833333,0.714286,6,1,0.0508537,-0.020643,5,3,0.5,0.916667,1,0.223829,0,0.708333,-15,0.1,1,1,1.1,0.9,2ra
simgp24_full2r,straddle,12,402,0.0762317,0.714286,0.833333,0.769231,6,1,0.0536191,0.019668,5,2,0.565217,0.826087,1,0.387979,0,0.304348,-9,0.1,1,1,1.1,0.9,2ra
simgp24_full2r,straddle,13,402,0.0821731,0.833333,0.833333,0.833333,6,1,0.0570049,0.0266193,5,1,0.545455,0.772727,1,0.393306,0,0.272727,-9,0.1,1,1,1.1,0.9,2ra
simgp24_full2r,straddle,14,402,0.080476,0.75,0.6,0.666667,5,1,0.0564649,0.0251729,3,1,0.571429,0.761905,1,0.396754,0,0.238095,-6,0.1,1,1,1,0.9,2ra
simgp24_full2r,straddle,15,402,0.0793542,0.75,0.75,0.75,4,0.95,0.057348,0.0222014,3,1,0.55,0.7,1,0.405884,0,0.2,-9,0.1,1,1,1.1,0.9,2ra
simgp24_full2r,straddle_min,3,402,0.0942986,0.571429,1,0.727273,12,0.90625,0.0705304,-0.0693057,12,9,0.375,0.6875,0.9375,0.111245,0,1,0.1,0.3,0.5,1.15,0.9,0.9,2ra
simgp24_full2r,straddle_min,4,402,0.0994583,0.545455,1,0.705882,12,0.709677,0.0738433,-0.0732371,12,10,0.322581,0.516129,0.774194,0.120868,0.666667,0.903226,-6,0.1,1,0.85,0.9,0.9,2ra
simgp24_full2r,straddle_min,5,402,0.0546816,0.75,0.818182,0.782609,11,0.933333,0.042737,-0.00689068,9,3,0.7,0.9,0.966667,0.131316,0,0.866667,-6,0.1,1,0.85,0.9,0.9,2ra
simgp24_full2r,straddle_min,6,402,0.0658354,0.769231,1,0.869565,10,0.896552,0.0502325,-0.0203406,10,3,0.655172,0.758621,0.931034,0.146607,0,0.793103,-9,0.1,1,0.85,0.9,0.9,2ra
simgp24_full2r,straddle_min,7,402,0.100357,0.666667,0.8,0.727273,10,0.892857,0.0763229,-0.0333703,8,4,0.357143,0.821429,0.928571,0.219653,0,0.714286,-6,0.1,1,0.85,0.9,0.9,2ra
simgp24_full2r,straddle_min,8,402,0.090113,0.75,1,0.857143,9,0.962963,0.0670582,-0.0459673,9,3,0.592593,0.925926,1,0.172639,0.5,1,-6,0.1,1,0.85,0.9,0.9,2ra
simgp24_full2r,straddle_min,9,402,0.0823188,0.727273,1,0.842105,8,0.961538,0.0634271,-0.0449007,8,3,0.653846,0.923077,1,0.162505,0.5,1,0.1,0.3,0,0.85,0.9,0.95,2ra
simgp24_full2r,straddle_min,10,402,0.0799746,0.777778,1,0.875,7,0.88,0.0642715,-0.0368404,7,2,0.6,0.8,0.92,0.220166,0.5,0.88,0.1,0.3,0,0.85,0.9,0.9,2ra
simgp24_full2r,straddle_min,11,402,0.0781133,0.75,1,0.857143,6,0.875,0.0630498,-0.0351201,6,2,0.541667,0.791667,0.916667,0.218955,0.5,0.875,0.1,0.3,0,0.85,0.9,0.95,2ra
simgp24_full2r,straddle_min,12,402,0.0806815,0.75,1,0.857143,6,0.869565,0.0657856,-0.0392798,6,2,0.478261,0.782609,0.913043,0.221297,0.5,0.826087,0.1,0.3,0,0.85,0.9,0.95,2ra
simgp24_full2r,straddle_min,13,402,0.0803268,0.666667,1,0.8,6,0.863636,0.0677026,-0.0346829,6,3,0.272727,0.727273,0.909091,0.233066,0.5,0.863636,0.1,0.3,0,0.85,0.9,0.95,2ra
simgp24_full2r,straddle_min,14,402,0.112246,0.666667,1,0.8,6,0.857143,0.0834734,-0.0792154,6,3,0.238095,0.619048,0.904762,0.162327,0.5,0.952381,0.1,0.3,0,0.85,0.9,0.95,2ra
simgp24_full2r,straddle_min,15,402,0.0901187,0.6,1,0.75,6,0.85,0.0770624,-0.0660201,6,4,0.35,0.7,0.85,0.176934,0.5,0.95,0.1,0.3,0,0.85,1.1,0.9,2ra
simgp24_full2r,random,3,403,0.0808185,0.807692,1,0.893617,21,0.6875,0.0718343,-0.0644676,21,5,0.25,0.46875,0.875,0.115068,0.857143,1,0.1,1,0,1,0.9,1.1,2ra
simgp24_full2r,random,4,403,0.0953275,0.8,1,0.888889,20,0.516129,0.0889426,-0.087979,20,5,0.193548,0.290323,0.612903,0.0771522,0.833333,1,0.1,1,0,1,0.9,1.1,2ra
simgp24_full2r,random,5,403,0.0794219,0.818182,0.947368,0.878049,19,0.933333,0.0613497,-0.0581912,18,4,0.533333,0.866667,1,0.137054,0.333333,0.866667,0.1,0.6,0,1,0.9,0.95,2ra
simgp24_full2r,random,6,403,0.0676879,0.772727,0.944444,0.85,18,0.827586,0.0584325,-0.0301243,17,5,0.37931,0.827586,0.931034,0.10652,0.5,0.931034,0.1,0.6,0,1,0.9,0.95,2ra
simgp24_full2r,random,7,403,0.0593904,0.772727,1,0.871795,17,0.857143,0.0526057,-0.0494692,17,5,0.357143,0.678571,0.928571,0.0751028,0.8,1,0.1,0.6,0,1,1,0.95,2ra
simgp24_full2r,random,8,403,0.0530033,0.761905,0.941176,0.842105,17,0.925926,0.0483011,-0.0419734,16,5,0.333333,0.740741,0.925926,0.0537031,0.8,0.962963,0.1,0.6,0,1,1,0.95,2ra
simgp24_full2r,random,9,403,0.0570183,0.761905,0.941176,0.842105,17,0.923077,0.051591,-0.0464685,16,5,0.269231,0.730769,0.923077,0.0590522,0.8,0.961538,0.1,0.6,0,1,1,0.95,2ra
simgp24_full2r,random,10,403,0.0602846,0.761905,1,0.864865,16,0.72,0.0548395,-0.0507245,16,5,0.2,0.48,0.92,0.0581873,0.75,1,0.1,0.6,0,1,1,0.9,2ra
simgp24_full2r,random,11,403,0.0597906,0.75,1,0.857143,15,0.75,0.0542641,-0.0502328,15,5,0.166667,0.458333,0.875,0.0646335,0.666667,1,0.1,0.6,0,1,1,0.95,2ra
simgp24_full2r,random,12,403,0.0639698,0.75,1,0.857143,15,0.73913,0.0564237,-0.0435857,15,5,0.26087,0.565217,0.869565,0.0757393,0.333333,0.913043,0.1,0.6,0,1,1,0.95,2ra
simgp24_full2r,random,13,403,0.0685589,0.736842,1,0.848485,14,0.727273,0.0608669,-0.0470355,14,5,0.272727,0.545455,0.909091,0.0863519,0.333333,0.909091,0.1,0.6,0.5,1,1,1.05,2ra
simgp24_full2r,random,14,403,0.0636856,0.705882,0.923077,0.8,13,0.619048,0.0574082,-0.0525939,12,5,0.190476,0.428571,0.714286,0.0781548,0.5,0.904762,0.1,0.6,0.5,1,1,1.05,2ra
simgp24_full2r,random,15,403,0.0638386,0.6875,0.916667,0.785714,12,0.6,0.0572693,-0.0520501,11,5,0.2,0.45,0.7,0.0800206,0.5,0.9,0.1,0.6,0.5,1,1,1.05,2ra
simgp24_full2r,uncertainty,3,403,0.0808185,0.807692,1,0.893617,21,0.6875,0.0718343,-0.0644676,21,5,0.25,0.46875,0.875,0.115068,0.857143,1,0.1,1,0,1,0.9,1.1,2ra
simgp24_full2r,uncertainty,4,403,0.0886994,0.8,1,0.888889,20,0.83871,0.0824047,-0.0804596,20,5,0.16129,0.612903,0.935484,0.0772374,0.857143,1,0.1,0.3,0.5,0.85,1.1,0.9,2ra
simgp24_full2r,uncertainty,5,403,0.0727479,0.791667,1,0.883721,19,0.933333,0.0681417,-0.0359977,19,5,0.166667,0.566667,0.966667,0.0884457,0.666667,0.966667,0.1,0.3,1,0.85,0.9,0.95,2ra
simgp24_full2r,uncertainty,6,403,0.0809592,0.772727,0.944444,0.85,18,0.862069,0.0681917,-0.0674586,17,5,0.344828,0.827586,0.965517,0.121245,0.666667,1,0.1,0.6,0,1,0.9,0.9,2ra
simgp24_full2r,uncertainty,7,403,0.107154,0.772727,1,0.871795,17,0.964286,0.0814357,-0.0814357,17,5,0.214286,0.928571,1,0.150694,0.666667,1,0.1,0.3,0.5,0.85,1.1,0.9,2ra
simgp24_full2r,uncertainty,8,403,0.0729515,0.789474,0.9375,0.857143,16,1,0.0475821,-0.0378258,15,4,0.740741,1,1,0.16836,0.666667,0.962963,0.1,0.3,0.5,1,0.9,0.9,2ra
simgp24_full2r,uncertainty,9,403,0.0553077,0.777778,0.933333,0.848485,15,1,0.0455901,-0.0241514,14,4,0.692308,0.961538,1,0.149328,0.666667,0.961538,0.1,0.6,0,1,0.9,0.9,2ra
simgp24_full2r,uncertainty,10,403,0.0549287,0.823529,0.933333,0.875,15,1,0.0454102,-0.039537,14,3,0.76,1,1,0.0650908,0.666667,1,0.1,0.6,0,1,0.9,0.95,2ra
simgp24_full2r,uncertainty,11,403,0.0853911,0.764706,0.928571,0.83871,14,1,0.0717419,-0.00422603,13,4,0.458333,0.958333,1,0.242142,0.6,0.916667,0.1,0.6,0,1,0.9,0.95,2ra
simgp24_full2r,uncertainty,12,403,0.0796289,0.75,0.923077,0.827586,13,0.956522,0.0681202,-0.00874368,12,4,0.391304,0.869565,1,0.242287,0.5,0.913043,0.1,0.6,0,1,0.9,0.95,2ra
simgp24_full2r,uncertainty,13,403,0.122589,0.833333,0.833333,0.833333,12,0.954545,0.0750642,-0.0723114,10,2,0.590909,0.863636,1,0.210484,0.5,1,0.1,0.6,0,1,0.9,0.95,2ra
simgp24_full2r,uncertainty,14,403,0.0414706,0.769231,0.833333,0.8,12,1,0.0370437,-0.02243,10,3,0.666667,0.904762,1,0.0565164,0.5,1,0.1,0.6,0,1,0.9,0.95,2ra
simgp24_full2r,uncertainty,15,403,0.0640196,0.833333,0.909091,0.869565,11,1,0.0476143,-0.0454491,10,2,0.7,0.95,1,0.156337,0.5,1,0.1,0.6,0,1,0.9,0.95,2ra
simgp24_full2r,straddle,3,403,0.0808185,0.807692,1,0.893617,21,0.6875,0.0718343,-0.0644676,21,5,0.25,0.46875,0.875,0.115068,0.857143,1,0.1,1,0,1,0.9,1.1,2ra
simgp24_full2r,straddle,4,403,0.0771994,0.8,1,0.888889,20,0.935484,0.0713019,-0.0592994,20,5,0.258065,0.806452,0.935484,0.0811111,0.857143,1,0.1,0.3,0.5,0.85,1.1,0.9,2ra
simgp24_full2r,straddle,5,403,0.0724163,0.791667,1,0.883721,19,0.866667,0.0618219,-0.0140918,19,5,0.2,0.7,0.866667,0.119531,0.571429,0.866667,0.1,0.3,0.5,0.85,1.1,0.95,2ra
simgp24_full2r,straddle,6,403,0.070924,0.782609,1,0.878049,18,0.758621,0.0623935,-0.0168248,18,5,0.137931,0.482759,0.862069,0.114988,0.571429,0.827586,0.1,0.3,0.5,0.85,1.1,0.9,2ra
simgp24_full2r,straddle,7,403,0.0727309,0.772727,1,0.871795,17,0.714286,0.0638501,-0.0155403,17,5,0.142857,0.357143,0.821429,0.117398,0.5,0.821429,0.1,0.3,0.5,0.85,1.1,0.95,2ra
simgp24_full2r,straddle,8,403,0.0717679,0.8,1,0.888889,16,0.740741,0.0585425,-0.00324288,16,4,0.222222,0.666667,0.777778,0.124585,0.5,0.740741,0.1,0.3,0.5,0.85,1.1,0.95,2ra
simgp24_full2r,straddle,9,403,0.0756638,0.789474,1,0.882353,15,0.730769,0.0564919,0.0079694,15,4,0.384615,0.730769,0.730769,0.133577,0.5,0.461538,0.1,0.3,0,0.85,1.1,0.9,2ra
simgp24_full2r,straddle,10,403,0.087011,0.8125,0.928571,0.866667,14,0.96,0.0614842,0.0163967,13,3,0.68,0.92,0.96,0.186546,0.6,0.88,0.1,0.3,0,0.85,1.1,0.9,2ra
simgp24_full2r,straddle,11,403,0.0878736,0.866667,0.928571,0.896552,14,0.958333,0.061705,0.0194381,13,2,0.666667,0.875,0.958333,0.189451,0.6,0.833333,0.1,0.3,0,0.85,1.1,0.9,2ra
simgp24_full2r,straddle,12,403,0.0933328,0.857143,0.923077,0.888889,13,0.956522,0.0632043,0.0279527,12,2,0.695652,0.869565,0.956522,0.196747,0.5,0.826087,0.1,0.3,0,0.85,0.9,0.9,2ra
simgp24_full2r,straddle,13,403,0.0695016,1,0.923077,0.96,13,1,0.0473246,0.0197828,12,0,0.772727,1,1,0.148007,0.25,0.909091,0.1,0.3,0,0.85,0.9,0.9,2ra
simgp24_full2r,straddle,14,403,0.0755577,1,0.916667,0.956522,12,1,0.0524124,0.0234094,11,0,0.761905,1,1,0.152767,0.25,0.904762,0.1,0.3,0,0.85,0.9,0.9,2ra
simgp24_full2r,straddle,15,403,0.0751179,1,0.909091,0.952381,11,1,0.0516208,0.0286439,10,0,0.8,1,1,0.152702,0.25,0.85,0.1,0.3,0,0.85,0.9,0.9,2ra
simgp24_full2r,straddle_min,3,403,0.0808185,0.807692,1,0.893617,21,0.6875,0.0718343,-0.0644676,21,5,0.25,0.46875,0.875,0.115068,0.857143,1,0.1,1,0,1,0.9,1.1,2ra
simgp24_full2r,straddle_min,4,403,0.0836613,0.8,1,0.888889,20,0.612903,0.0785135,-0.0780887,20,5,0.129032,0.322581,0.806452,0.114125,0.857143,0.967742,0.1,0.6,1,1,1.1,1.1,2ra
simgp24_full2r,straddle_min,5,403,0.0811144,0.826087,1,0.904762,19,0.833333,0.072472,-0.072472,19,4,0.166667,0.466667,0.933333,0.146698,1,0.8,0.1,1,0,1,1.1,1.1,2ra
simgp24_full2r,straddle_min,6,403,0.0816684,0.818182,1,0.9,18,0.827586,0.0739452,-0.0739452,18,4,0.172414,0.344828,0.931034,0.121612,0.714286,1,0.1,0.6,0.5,1,1.1,1.05,2ra
simgp24_full2r,straddle_min,7,403,0.0856367,0.818182,1,0.9,18,0.857143,0.0725459,-0.0725459,18,4,0.178571,0.571429,0.928571,0.136708,0.714286,1,0.1,0.6,0.5,1,1.1,1.1,2ra
simgp24_full2r,straddle_min,8,403,0.125278,0.809524,1,0.894737,17,0.555556,0.094472,-0.094472,17,4,0.037037,0.333333,0.703704,0.0562201,0.714286,1,0.1,0.6,0.5,1,1.1,1.1,2ra
simgp24_full2r,straddle_min,9,403,0.0968645,0.85,1,0.918919,17,0.5,0.0846432,-0.0846432,17,3,0,0.269231,0.692308,0.152189,0.714286,0.730769,0.1,0.6,0,1,1.1,0.9,2ra
simgp24_full2r,straddle_min,10,403,0.0713061,0.842105,1,0.914286,16,0.92,0.0619571,-0.0619571,16,3,0.2,0.72,1,0.127727,0.857143,0.88,0.1,0.3,0.5,0.85,1.1,0.9,2ra
simgp24_full2r,straddle_min,11,403,0.0558558,0.833333,1,0.909091,15,0.958333,0.0500241,-0.0294084,15,3,0.291667,0.791667,1,0.133531,0.571429,0.958333,0.1,0.3,0.5,0.85,1.1,0.9,2ra
simgp24_full2r,straddle_min,12,403,0.070965,0.823529,1,0.903226,14,0.913043,0.0597783,-0.0573928,14,3,0.217391,0.565217,0.956522,0.0996542,0.571429,0.956522,0.1,0.3,0.5,0.85,1.1,0.9,2ra
simgp24_full2r,straddle_min,13,403,0.0668191,0.875,1,0.933333,14,0.954545,0.0591648,-0.0129021,14,2,0.272727,0.863636,1,0.107436,0.571429,0.954545,0.1,0.3,0.5,0.85,1.1,0.9,2ra
simgp24_full2r,straddle_min,14,403,0.0649389,0.866667,1,0.928571,13,1,0.053964,-0.00550163,13,2,0.619048,0.904762,1,0.114716,0.571429,0.952381,0.1,0.3,0.5,0.85,1.1,0.95,2ra
simgp24_full2r,straddle_min,15,403,0.0735905,0.857143,1,0.923077,12,1,0.0556986,0.00375231,12,2,0.6,0.95,1,0.130511,0.571429,0.95,0.1,0.3,0.5,0.85,1.1,0.95,2ra
simgp24_full2r,random,3,404,0.0712348,0.583333,1,0.736842,14,0.96875,0.0608696,-0.0563716,14,10,0.40625,0.71875,0.96875,0.0899866,0,1,0.1,0.3,0.5,0.85,0.9,1,2ra
simgp24_full2r,random,4,404,0.06806,0.736842,1,0.848485,14,0.935484,0.04957,-0.0435054,14,5,0.483871,0.903226,0.935484,0.107675,0,1,0.1,0.3,0,0.85,1,0.9,2ra
simgp24_full2r,random,5,404,0.0626069,0.7,1,0.823529,14,0.933333,0.04823,-0.0401472,14,6,0.5,0.9,0.966667,0.10863,0,1,0.1,0.3,0,0.85,1,0.95,2ra
simgp24_full2r,random,6,404,0.0553019,0.8,0.857143,0.827586,14,0.965517,0.0429206,-0.0296192,12,3,0.448276,0.896552,1,0.0917164,0,1,0.1,0.3,0,0.85,1,0.95,2ra
simgp24_full2r,random,7,404,0.0555176,0.785714,0.846154,0.814815,13,0.964286,0.0451884,-0.0338951,11,3,0.428571,0.892857,0.964286,0.0743738,0,1,0.1,0.3,0,0.85,1,0.95,2ra
simgp24_full2r,random,8,404,0.067383,0.8125,1,0.896552,13,0.925926,0.0531892,-0.0450123,13,3,0.37037,0.888889,0.962963,0.0883977,0,1,0.1,0.3,0,0.85,1,0.95,2ra
simgp24_full2r,random,9,404,0.0650044,0.8125,1,0.896552,13,0.923077,0.0518658,-0.0427137,13,3,0.384615,0.884615,0.961538,0.085124,0,1,0.1,0.3,0,0.85,1,0.95,2ra
simgp24_full2r,random,10,404,0.0464068,0.923077,0.923077,0.923077,13,0.96,0.0369108,-0.0229773,12,1,0.56,0.96,0.96,0.0899822,0,1,0.1,0.3,0,0.85,1,0.95,2ra
simgp24_full2r,random,11,404,0.0502275,0.916667,0.916667,0.916667,12,1,0.038938,-0.0257491,11,1,0.458333,0.916667,1,0.116454,0,0.916667,0.1,0.3,0,0.85,1,0.95,2ra
simgp24_full2r,random,12,404,0.0426298,1,0.636364,0.777778,11,1,0.0339162,0.00554271,7,0,0.826087,1,1,0.135081,0,0.956522,0.1,0.3,0,0.85,1,0.95,2ra
simgp24_full2r,random,13,404,0.0408002,0.875,0.636364,0.736842,11,1,0.0339493,-0.00547237,7,1,0.818182,1,1,0.135966,0,0.954545,0.1,0.3,0,0.85,1,0.95,2ra
simgp24_full2r,random,14,404,0.0465149,0.857143,0.545455,0.666667,11,1,0.0377813,-0.00139916,6,1,0.809524,1,1,0.131351,0,0.952381,0.1,0.3,0,0.85,1,0.95,2ra
simgp24_full2r,random,15,404,0.050802,1,0.545455,0.705882,11,1,0.0398028,0.00458714,6,0,0.7,1,1,0.138405,0,0.9,0.1,0.3,0,0.85,1,1,2ra
simgp24_full2r,uncertainty,3,404,0.0712348,0.583333,1,0.736842,14,0.96875,0.0608696,-0.0563716,14,10,0.40625,0.71875,0.96875,0.0899866,0,1,0.1,0.3,0.5,0.85,0.9,1,2ra
simgp24_full2r,uncertainty,4,404,0.0844519,0.619048,1,0.764706,13,0.935484,0.0654062,-0.063084,13,8,0.419355,0.774194,0.967742,0.128623,0.5,1,0.1,0.1,1,0.85,1,0.9,2ra
simgp24_full2r,uncertainty,5,404,0.0554416,0.733333,0.916667,0.814815,12,0.966667,0.0454399,-0.0298802,11,4,0.566667,0.966667,1,0.0905561,0,1,0.1,0.1,1,0.85,1,0.9,2ra
simgp24_full2r,uncertainty,6,404,0.0609854,0.818182,0.818182,0.818182,11,1,0.0468395,0.00901871,9,2,0.931034,0.965517,1,0.166149,1,1,0.1,0.1,1,0.85,1,0.9,2ra
simgp24_full2r,uncertainty,7,404,0.066902,0.818182,0.9,0.857143,10,0.964286,0.0493652,0.0158385,9,2,0.857143,0.964286,1,0.18308,1,0.857143,0.1,0.1,1,0.85,1,0.9,2ra
simgp24_full2r,uncertainty,8,404,0.0737644,1,0.9,0.947368,10,0.962963,0.0517102,0.0361019,9,0,0.851852,0.962963,1,0.212742,1,0.777778,0.1,0.1,1,0.85,1,0.9,2ra
simgp24_full2r,uncertainty,9,404,0.0649918,0.888889,0.8,0.842105,10,1,0.0482564,0.0304717,8,1,0.807692,1,1,0.197969,1,0.846154,0.1,0.1,1,0.85,1,0.9,2ra
simgp24_full2r,uncertainty,10,404,0.0526365,0.888889,0.8,0.842105,10,1,0.0395089,0.0192638,8,1,0.68,0.96,1,0.204546,1,0.8,0.1,0.1,1,0.85,1,0.9,2ra
simgp24_full2r,uncertainty,11,404,0.0528216,0.888889,0.8,0.842105,10,1,0.038973,0.0255727,8,1,0.666667,0.958333,1,0.215085,1,0.791667,0.1,0.1,1,0.85,1,0.9,2ra
simgp24_full2r,uncertainty,12,404,0.0455739,1,0.8,0.888889,10,0.956522,0.0367047,0.0054734,8,0,0.695652,0.913043,0.956522,0.11792,1,0.956522,0.1,0.1,1,0.85,1,0.9,2ra
simgp24_full2r,uncertainty,13,404,0.0458673,1,0.777778,0.875,9,0.954545,0.0371087,0.00577842,7,0,0.636364,0.909091,0.954545,0.121297,1,0.954545,0.1,0.1,1,0.85,1,0.9,2ra
simgp24_full2r,uncertainty,14,404,0.0467243,1,0.75,0.857143,8,0.952381,0.036838,0.0163887,6,0,0.619048,0.857143,0.952381,0.118997,1,0.952381,0.1,0.1,1,0.85,1,0.9,2ra
simgp24_full2r,uncertainty,15,404,0.0450846,0.857143,0.857143,0.857143,7,0.95,0.0353446,0.00564935,6,1,0.6,0.85,0.95,0.101116,1,0.95,0.1,0.1,1,0.85,1.1,0.9,2ra
simgp24_full2r,straddle,3,404,0.0712348,0.583333,1,0.736842,14,0.96875,0.0608696,-0.0563716,14,10,0.40625,0.71875,0.96875,0.0899866,0,1,0.1,0.3,0.5,0.85,0.9,1,2ra
simgp24_full2r,straddle,4,404,0.0987981,0.590909,1,0.742857,13,0.935484,0.076257,-0.076257,13,9,0.290323,0.741935,0.967742,0.147528,0.5,1,-24,0.3,0,1.15,0.9,0.9,2ra
simgp24_full2r,straddle,5,404,0.0670722,0.631579,1,0.774194,12,0.966667,0.0526589,-0.0450208,12,7,0.5,0.9,1,0.299785,0,0.633333,-24,0.1,0.5,1,1,0.9,2ra
simgp24_full2r,straddle,6,404,0.0535097,0.888889,0.727273,0.8,11,1,0.037461,-0.00844264,8,1,0.724138,0.965517,1,0.135423,0,0.965517,0.1,0.1,1,1,1,0.9,2ra
simgp24_full2r,straddle,7,404,0.105312,0.615385,0.8,0.695652,10,0.892857,0.0696355,-0.0585851,8,5,0.285714,0.821429,0.928571,0.110063,1,1,0.1,0.3,0,1,1,0.9,2ra
simgp24_full2r,straddle,8,404,0.103013,0.875,0.777778,0.823529,9,0.925926,0.0562746,-0.0378187,7,1,0.703704,0.888889,0.962963,0.136058,1,1,0.1,0.1,1,1,1.1,0.9,2ra
simgp24_full2r,straddle,9,404,0.140389,0.777778,0.875,0.823529,8,0.884615,0.0835611,-0.0760603,7,2,0.576923,0.807692,0.884615,0.128812,1,1,0.1,0.3,0,1,1,0.95,2ra
simgp24_full2r,straddle,10,404,0.130387,0.6,0.857143,0.705882,7,0.88,0.0849308,-0.0786233,6,4,0.44,0.8,0.92,0.114094,1,1,0.1,0.3,0,1,1,0.9,2ra
simgp24_full2r,straddle,11,404,0.113451,0.384615,0.833333,0.526316,6,0.666667,0.086527,-0.0783536,5,8,0.208333,0.458333,0.833333,0.0758852,1,1,0.1,0.3,0,1,1,0.9,2ra
simgp24_full2r,straddle,12,404,0.148938,0.363636,0.8,0.5,5,0.826087,0.106362,-0.0959649,4,7,0.173913,0.521739,1,0.148419,1,1,0.1,0.3,0,1,1,0.9,2ra
simgp24_full2r,straddle,13,404,0.155038,0.25,0.25,0.25,4,0.909091,0.103284,-0.0878377,1,3,0.318182,0.681818,1,0.160734,1,1,0.1,0.3,0,1,1,0.9,2ra
simgp24_full2r,straddle,14,404,0.146991,0.5,0.25,0.333333,4,0.952381,0.091919,-0.0700314,1,1,0.47619,0.809524,1,0.163808,1,1,0.1,0.3,0,1,1,0.9,2ra
simgp24_full2r,straddle,15,404,0.157506,0.5,0.25,0.333333,4,0.9,0.0990029,-0.0841635,1,1,0.55,0.7,1,0.215179,1,1,0.1,0.3,0,1,1,0.9,2ra
simgp24_full2r,straddle_min,3,404,0.0712348,0.583333,1,0.736842,14,0.96875,0.0608696,-0.0563716,14,10,0.40625,0.71875,0.96875,0.0899866,0,1,0.1,0.3,0.5,0.85,0.9,1,2ra
simgp24_full2r,straddle_min,4,404,0.0654951,0.619048,1,0.764706,13,0.967742,0.0540987,-0.0459285,13,8,0.451613,0.903226,0.967742,0.0966149,0,1,0.1,0.1,1,0.85,1,0.9,2ra
simgp24_full2r,straddle_min,5,404,0.133457,0.6,1,0.75,12,0.8,0.0974133,-0.0973103,12,8,0.266667,0.8,0.9,0.0719201,0.5,1,0.1,0.1,1,0.85,1,0.9,2ra
simgp24_full2r,straddle_min,6,404,0.0870893,0.75,1,0.857143,12,0.931034,0.0597104,-0.0553582,12,4,0.517241,0.896552,0.965517,0.102425,0,1,0.1,0.1,1,0.85,1,0.9,2ra
simgp24_full2r,straddle_min,7,404,0.0882667,0.8,1,0.888889,12,0.892857,0.0608886,-0.055879,12,3,0.5,0.857143,0.928571,0.0954926,0,1,0.1,0.1,1,0.85,1,0.9,2ra
simgp24_full2r,straddle_min,8,404,0.0780386,0.705882,1,0.827586,12,0.888889,0.0581907,-0.0549326,12,5,0.333333,0.777778,1,0.141323,0,0.851852,0.1,0.1,1,0.85,1,0.9,2ra
simgp24_full2r,straddle_min,9,404,0.0491728,0.769231,0.909091,0.833333,11,0.961538,0.0415004,-0.0118787,10,3,0.576923,0.961538,1,0.122098,0,0.923077,0.1,0.1,1,0.85,1,0.9,2ra
simgp24_full2r,straddle_min,10,404,0.064107,1,0.909091,0.952381,11,1,0.0518703,0.00377911,10,0,0.64,0.84,1,0.166759,0,0.92,0.1,0.1,1,0.85,1,0.9,2ra
simgp24_full2r,straddle_min,11,404,0.0626879,0.909091,1,0.952381,10,0.958333,0.0522548,-0.00455497,10,1,0.583333,0.833333,0.958333,0.180447,0,0.916667,0.1,0.1,1,0.85,1,0.9,2ra
simgp24_full2r,straddle_min,12,404,0.0695016,0.9,1,0.947368,9,0.956522,0.0597116,-0.0174427,9,1,0.478261,0.695652,0.956522,0.2096,0,0.826087,0.1,0.3,0,0.85,1,0.95,2ra
simgp24_full2r,straddle_min,13,404,0.0636095,0.9,1,0.947368,9,0.954545,0.0547577,-0.0140451,9,1,0.590909,0.863636,0.954545,0.201811,0,0.909091,0.1,0.3,0,0.85,1.1,0.9,2ra
simgp24_full2r,straddle_min,14,404,0.0640418,1,1,1,9,0.952381,0.0547336,-0.0119583,9,0,0.571429,0.809524,0.952381,0.20146,0,0.904762,0.1,0.3,0,0.85,1.1,0.95,2ra
simgp24_full2r,straddle_min,15,404,0.0621731,1,1,1,8,0.95,0.0503134,0.00346802,8,0,0.65,0.85,0.95,0.20973,0,0.75,0.1,0.3,0,0.85,1.1,0.95,2ra
simgp24_full2r,random,3,405,0.0723758,0.884615,1,0.938776,23,1,0.0679826,-0.0656764,23,3,0.15625,0.84375,1,0.110708,0.857143,0.96875,0.7,0.3,1,1,0.9,1.05,2ra
simgp24_full2r,random,4,405,0.0801709,0.88,1,0.93617,22,0.967742,0.0554642,-0.0525726,22,3,0.387097,0.967742,0.967742,0.101579,0.857143,1,0.1,0.3,0,0.85,0.9,0.9,2ra
simgp24_full2r,random,5,405,0.078034,0.875,1,0.933333,21,1,0.059094,-0.05829,21,3,0.3,0.933333,1,0.152699,0.857143,0.9,0.1,0.3,0,0.85,0.9,0.9,2ra
simgp24_full2r,random,6,405,0.0556116,0.909091,1,0.952381,20,1,0.0452676,-0.0403148,20,2,0.482759,0.931034,1,0.111488,0.857143,0.862069,0.1,0.3,0,0.85,0.9,0.9,2ra
simgp24_full2r,random,7,405,0.0418639,0.95,1,0.974359,19,1,0.0289288,-0.00379793,19,1,0.964286,1,1,0.0795229,0.166667,0.964286,0.1,0.3,0,0.85,0.9,0.9,2ra
simgp24_full2r,random,8,405,0.0587473,0.947368,1,0.972973,18,1,0.0357282,-0.0163288,18,1,0.851852,0.962963,1,0.105285,0.5,0.962963,0.1,0.3,0,0.85,0.9,0.9,2ra
simgp24_full2r,random,9,405,0.0456952,0.944444,1,0.971429,17,1,0.0271115,0.0120597,17,1,0.923077,1,1,0.0879305,0.2,0.961538,0.1,0.3,0,0.85,0.9,0.9,2ra
simgp24_full2r,random,10,405,0.0500033,1,1,1,16,1,0.0295327,0.0139546,16,0,0.92,1,1,0.0919564,0.25,0.96,0.1,0.3,0,0.85,0.9,0.9,2ra
simgp24_full2r,random,11,405,0.050583,1,1,1,16,1,0.0306254,0.0172156,16,0,0.875,0.958333,1,0.0939591,0.25,0.958333,0.1,0.3,0,0.85,0.9,0.9,2ra
simgp24_full2r,random,12,405,0.0584135,1,0.933333,0.965517,15,1,0.0364762,0.0235359,14,0,0.913043,0.956522,1,0.0860178,0.333333,1,0.1,0.3,0,0.85,0.9,0.9,2ra
simgp24_full2r,random,13,405,0.0675944,1,1,1,15,0.954545,0.0392965,0.00651681,15,0,0.772727,0.909091,0.954545,0.0975248,0.666667,0.909091,0.1,0.3,0,0.85,0.9,0.9,2ra
simgp24_full2r,random,14,405,0.0573807,1,0.857143,0.923077,14,0.952381,0.0392805,0.0124631,12,0,0.761905,0.857143,1,0.0959109,0.666667,0.952381,0.1,0.3,0,0.85,0.9,0.9,2ra
simgp24_full2r,random,15,405,0.0632475,1,0.923077,0.96,13,0.95,0.0365374,0.000498505,12,0,0.7,0.85,0.95,0.0839773,0.666667,0.95,0.1,0.3,0,0.85,0.9,0.9,2ra
simgp24_full2r,uncertainty,3,405,0.0723758,0.884615,1,0.938776,23,1,0.0679826,-0.0656764,23,3,0.15625,0.84375,1,0.110708,0.857143,0.96875,0.7,0.3,1,1,0.9,1.05,2ra
simgp24_full2r,uncertainty,4,405,0.0775377,0.88,1,0.93617,22,1,0.0721773,-0.0721773,22,3,0.193548,1,1,0.100152,0.714286,0.967742,-24,0.1,0.5,0.85,0.9,0.9,2ra
simgp24_full2r,uncertainty,5,405,0.0709563,0.875,1,0.933333,21,0.966667,0.04637,-0.0267402,21,3,0.7,0.933333,0.966667,0.162512,0.666667,0.9,0.1,0.3,0,0.85,0.9,0.9,2ra
simgp24_full2r,uncertainty,6,405,0.0686986,0.944444,0.85,0.894737,20,0.965517,0.04292,-0.00426682,17,1,0.827586,0.965517,1,0.161002,0.166667,0.931034,-24,0.1,0,0.85,0.9,0.9,2ra
simgp24_full2r,uncertainty,7,405,0.0685534,0.904762,1,0.95,19,1,0.0505529,-0.0347328,19,2,0.464286,0.964286,1,0.129771,0.2,0.964286,0.1,0.6,0,1.15,1,0.95,2ra
simgp24_full2r,uncertainty,8,405,0.115945,0.857143,1,0.923077,18,0.814815,0.0709121,-0.0684037,18,3,0.407407,0.703704,0.925926,0.137343,0.2,0.925926,0.1,0.6,0,1.15,1,0.95,2ra
simgp24_full2r,uncertainty,9,405,0.0962167,0.85,1,0.918919,17,0.961538,0.0665383,-0.0665383,17,3,0.346154,0.846154,1,0.0965522,0.25,0.961538,0.1,0.6,0,1.15,1,0.9,2ra
simgp24_full2r,uncertainty,10,405,0.137329,0.842105,1,0.914286,16,0.92,0.092414,-0.092414,16,3,0.12,0.64,0.96,0.113314,0.666667,0.96,0.1,0.6,0,1.15,1,0.9,2ra
simgp24_full2r,uncertainty,11,405,0.116509,0.833333,1,0.909091,15,0.916667,0.0843826,-0.0843826,15,3,0.166667,0.708333,0.958333,0.115363,0.5,0.958333,0.1,0.6,0,1.15,1,0.9,2ra
simgp24_full2r,uncertainty,12,405,0.134154,0.823529,1,0.903226,14,0.782609,0.0934366,-0.0934366,14,3,0.130435,0.652174,1,0.12478,0.5,0.913043,0.1,0.6,0,1.15,1,0.9,2ra
simgp24_full2r,uncertainty,13,405,0.135895,0.8125,1,0.896552,13,0.954545,0.0920266,-0.0920266,13,3,0.136364,0.636364,1,0.128027,0.5,0.909091,0.1,0.6,0,1.15,1,0.9,2ra
simgp24_full2r,uncertainty,14,405,0.105271,0.857143,1,0.923077,12,0.761905,0.0739449,-0.0722392,12,2,0.428571,0.714286,0.904762,0.221224,0,0.952381,0.1,0.6,0,1.15,1,0.9,2ra
simgp24_full2r,uncertainty,15,405,0.0589433,0.857143,1,0.923077,12,0.95,0.0443272,-0.0411525,12,2,0.4,0.7,0.95,0.228548,0,0.85,0.1,0.6,0,1.15,1,0.9,2ra
simgp24_full2r,straddle,3,405,0.0723758,0.884615,1,0.938776,23,1,0.0679826,-0.0656764,23,3,0.15625,0.84375,1,0.110708,0.857143,0.96875,0.7,0.3,1,1,0.9,1.05,2ra
simgp24_full2r,straddle,4,405,0.0770024,0.88,1,0.93617,22,1,0.0717396,-0.0717396,22,3,0.193548,1,1,0.100295,0.714286,0.967742,-24,0.1,0.5,0.85,0.9,0.9,2ra
simgp24_full2r,straddle,5,405,0.0526836,0.913043,1,0.954545,21,0.966667,0.0341543,-0.0210927,21,2,0.833333,0.966667,1,0.10756,0.571429,0.933333,0.1,0.3,0,0.85,0.9,0.9,2ra
simgp24_full2r,straddle,6,405,0.0784255,0.869565,1,0.930233,20,0.965517,0.0590607,-0.0418234,20,3,0.586207,0.862069,1,0.180859,0.666667,0.896552,0.1,0.3,0,0.85,0.9,0.9,2ra
simgp24_full2r,straddle,7,405,0.0796925,0.863636,1,0.926829,19,0.964286,0.0561782,-0.0484209,19,3,0.571429,0.75,1,0.172604,0.666667,0.964286,0.1,0.3,0.5,0.85,0.9,0.9,2ra
simgp24_full2r,straddle,8,405,0.0785328,0.857143,1,0.923077,18,0.851852,0.0569391,-0.0497223,18,3,0.481481,0.740741,1,0.176834,0.666667,0.962963,-24,0.3,0,0.85,0.9,0.9,2ra
simgp24_full2r,straddle,9,405,0.0706546,0.894737,1,0.944444,17,0.884615,0.0488229,-0.0453301,17,2,0.576923,0.807692,0.961538,0.136132,0.8,0.961538,0.1,0.3,1,0.85,0.9,1,2ra
simgp24_full2r,straddle,10,405,0.0592546,0.888889,1,0.941176,16,0.88,0.0464973,-0.0302844,16,2,0.64,0.8,0.96,0.153036,0.75,0.96,0.1,0.3,0.5,0.85,0.9,0.9,2ra
simgp24_full2r,straddle,11,405,0.111515,0.833333,1,0.909091,15,0.916667,0.0719708,-0.0598881,15,3,0.5,0.875,0.958333,0.204952,0.5,0.916667,0.1,0.3,0.5,0.85,1.1,0.9,2ra
simgp24_full2r,straddle,12,405,0.128291,0.875,1,0.933333,14,0.869565,0.0783337,-0.0596037,14,2,0.478261,0.73913,0.956522,0.231265,0.333333,0.913043,0.1,0.3,0.5,0.85,1.1,0.95,2ra
simgp24_full2r,straddle,13,405,0.142894,0.923077,0.923077,0.923077,13,0.909091,0.0866689,-0.0668412,12,1,0.454545,0.727273,0.954545,0.245659,0.333333,0.818182,0.1,0.3,0,0.85,1.1,0.9,2ra
simgp24_full2r,straddle,14,405,0.156714,0.916667,0.916667,0.916667,12,0.809524,0.0943169,-0.0748694,11,1,0.47619,0.666667,0.952381,0.224209,0.5,0.857143,0.1,0.3,0,0.85,1.1,0.9,2ra
simgp24_full2r,straddle,15,405,0.146012,0.909091,0.909091,0.909091,11,0.85,0.0878208,-0.0718356,10,1,0.5,0.7,0.95,0.208128,0.5,0.85,0.1,0.3,0,0.85,1.1,0.9,2ra
simgp24_full2r,straddle_min,3,405,0.0723758,0.884615,1,0.938776,23,1,0.0679826,-0.0656764,23,3,0.15625,0.84375,1,0.110708,0.857143,0.96875,0.7,0.3,1,1,0.9,1.05,2ra
simgp24_full2r,straddle_min,4,405,0.0843473,0.92,1,0.958333,23,0.83871,0.0774281,-0.0772405,23,2,0.0645161,0.580645,1,0.0959713,0.857143,0.967742,0.7,0.3,1,1,0.9,1.1,2ra
simgp24_full2r,straddle_min,5,405,0.0700783,0.916667,1,0.956522,22,1,0.0659015,-0.0644234,22,2,0.233333,0.9,1,0.0984189,0.714286,0.966667,0.1,0.3,0,0.85,0.9,0.9,2ra
simgp24_full2r,straddle_min,6,405,0.0529101,0.956522,1,0.977778,22,0.965517,0.0358215,-0.0231989,22,1,0.724138,0.965517,1,0.108225,0.571429,0.965517,0.1,0.3,0,0.85,0.9,0.9,2ra
simgp24_full2r,straddle_min,7,405,0.0653606,0.954545,1,0.976744,21,0.928571,0.0437026,-0.0409876,21,1,0.75,0.892857,1,0.159,0.571429,0.964286,-6,0.3,0,0.85,0.9,0.9,2ra
simgp24_full2r,straddle_min,8,405,0.0634106,0.952381,1,0.97561,20,0.925926,0.0435072,-0.037638,20,1,0.740741,0.888889,0.962963,0.160858,0.666667,0.962963,0.1,0.3,0.5,0.85,0.9,0.95,2ra
simgp24_full2r,straddle_min,9,405,0.0589284,0.95,1,0.974359,19,0.923077,0.0422864,-0.0340888,19,1,0.807692,0.923077,0.961538,0.176262,0.666667,0.884615,0.1,0.3,0.5,0.85,0.9,0.9,2ra
simgp24_full2r,straddle_min,10,405,0.105438,0.944444,0.944444,0.944444,18,0.92,0.0688229,-0.0398901,17,1,0.64,0.88,0.96,0.247391,0.5,0.88,0.1,0.3,0.5,0.85,1,0.95,2ra
simgp24_full2r,straddle_min,11,405,0.130218,0.941176,0.941176,0.941176,17,0.958333,0.0778983,-0.0512729,16,1,0.583333,0.875,1,0.219578,0.5,0.958333,0.1,0.3,0.5,0.85,1,1,2ra
simgp24_full2r,straddle_min,12,405,0.094668,1,0.875,0.933333,16,1,0.0593728,-0.0355373,14,0,0.652174,0.869565,1,0.232076,0.6,0.956522,0.1,0.3,0,0.85,1.1,0.9,2ra
simgp24_full2r,straddle_min,13,405,0.0945551,1,0.866667,0.928571,15,0.954545,0.0626546,-0.0297993,13,0,0.590909,0.772727,1,0.231617,0.4,0.818182,0.1,0.3,0,0.85,1,0.9,2ra
simgp24_full2r,straddle_min,14,405,0.0565729,0.923077,0.857143,0.888889,14,0.904762,0.0452794,-0.00338969,12,1,0.809524,0.904762,0.904762,0.204684,0.5,0.857143,0.1,0.3,0,0.85,1,0.9,2ra
simgp24_full2r,straddle_min,15,405,0.0844513,0.923077,0.923077,0.923077,13,1,0.0585773,-0.0290469,12,1,0.5,0.95,1,0.189759,0.5,0.95,0.1,0.3,0,0.85,1,0.9,2ra
simgp24_full2r,random,3,406,0.0612375,0.470588,1,0.64,8,0.9375,0.0509332,-0.0401117,8,9,0.59375,0.75,0.96875,0.0833091,0,1,-6,0.1,0.5,0.85,1,0.9,2ra
simgp24_full2r,random,4,406,0.0544241,0.571429,1,0.727273,8,0.967742,0.0429328,-0.0368378,8,6,0.580645,0.870968,1,0.0659693,0,1,-15,0.3,0,1.15,1.1,0.95,2ra
simgp24_full2r,random,5,406,0.0649452,0.470588,1,0.64,8,0.9,0.0542808,-0.0451862,8,9,0.5,0.766667,0.933333,0.095486,0,1,-15,0.3,0,1.15,1.1,0.95,2ra
simgp24_full2r,random,6,406,0.0492594,0.636364,0.875,0.736842,8,0.931034,0.040691,-0.0203104,7,4,0.586207,0.931034,1,0.150971,0,0.965517,0.1,0.3,0.5,1.15,1.1,1,2ra
simgp24_full2r,random,7,406,0.0518267,0.545455,0.857143,0.666667,7,0.964286,0.0448156,-0.0155573,6,5,0.571429,0.892857,1,0.0907019,0,1,0.1,0.3,0.5,1.15,1.1,1,2ra
simgp24_full2r,random,8,406,0.0485128,0.545455,0.857143,0.666667,7,0.962963,0.0419804,-0.0137712,6,5,0.62963,0.925926,1,0.0913162,0,1,0.1,0.3,0.5,1.15,1.1,1,2ra
simgp24_full2r,random,9,406,0.0480313,0.583333,1,0.736842,7,0.961538,0.0402576,-0.0220102,7,5,0.653846,0.884615,0.961538,0.0848196,0,1,0.1,0.3,0.5,1.15,1.1,1,2ra
simgp24_full2r,random,10,406,0.0465894,0.666667,0.857143,0.75,7,0.92,0.0377033,-0.0214595,6,3,0.6,0.92,1,0.117755,0,0.92,0.1,0.3,0.5,1.15,1.1,1,2ra
simgp24_full2r,random,11,406,0.0460451,0.625,0.833333,0.714286,6,0.916667,0.0376315,-0.0200317,5,3,0.541667,0.916667,1,0.127428,0,0.875,0.1,0.3,0.5,1.15,1.1,1,2ra
simgp24_full2r,random,12,406,0.0516083,0.555556,1,0.714286,5,0.956522,0.0415167,-0.0364505,5,4,0.565217,0.869565,1,0.0621817,0,1,0.1,0.3,0,1,1,1,2ra
simgp24_full2r,random,13,406,0.0533776,0.555556,1,0.714286,5,0.909091,0.040677,-0.0339285,5,4,0.5,0.772727,0.909091,0.11084,0,0.954545,0.1,0.3,0,1,1,1,2ra
simgp24_full2r,random,14,406,0.0516504,0.428571,0.75,0.545455,4,0.904762,0.0396894,-0.0296735,3,4,0.428571,0.857143,0.952381,0.100888,0,1,0.1,0.3,0,1,1,1,2ra
simgp24_full2r,random,15,406,0.0556781,0.444444,1,0.615385,4,0.85,0.0445657,-0.0388474,4,5,0.45,0.7,0.9,0.10143,0,0.95,0.1,0.3,0,1,1,1,2ra
simgp24_full2r,uncertainty,3,406,0.0612375,0.470588,1,0.64,8,0.9375,0.0509332,-0.0401117,8,9,0.59375,0.75,0.96875,0.0833091,0,1,-6,0.1,0.5,0.85,1,0.9,2ra
simgp24_full2r,uncertainty,4,406,0.0631103,0.466667,1,0.636364,7,0.935484,0.0528053,-0.0346892,7,8,0.548387,0.870968,1,0.0974769,1,1,0.1,0.3,0,1,0.9,0.95,2ra
simgp24_full2r,uncertainty,5,406,0.0588571,0.461538,1,0.631579,6,0.966667,0.0472413,-0.0425988,6,7,0.533333,0.833333,0.966667,0.0580161,1,1,0.1,0.3,0,1,0.9,0.9,2ra
simgp24_full2r,uncertainty,6,406,0.0612512,0.384615,1,0.555556,5,0.931034,0.0474786,-0.0451639,5,8,0.482759,0.758621,0.931034,0.0611494,1,1,0.1,0.3,0,1,0.9,0.95,2ra
simgp24_full2r,uncertainty,7,406,0.0615335,0.333333,1,0.5,4,0.892857,0.0467559,-0.0412614,4,8,0.5,0.75,0.928571,0.0700408,1,0.964286,-24,0.1,0.5,1,1.1,0.9,2ra
simgp24_full2r,uncertainty,8,406,0.0535593,0.375,1,0.545455,3,1,0.045269,-0.0139717,3,5,0.666667,0.925926,1,0.111731,1,1,-25,0.1,0,1,0.9,0.9,2ra
simgp24_full2r,uncertainty,9,406,0.0496616,0.428571,1,0.6,3,1,0.0417952,-0.0016196,3,4,0.807692,1,1,0.100497,1,1,0.1,0.3,0,1,1.1,1.05,2ra
simgp24_full2r,uncertainty,10,406,0.0467836,0.428571,1,0.6,3,1,0.0390653,-0.00357421,3,4,0.8,0.96,1,0.0904861,1,1,0.1,0.1,1,1,1.1,0.9,2ra
simgp24_full2r,uncertainty,11,406,0.0498197,0.285714,1,0.444444,2,1,0.0403466,-0.0158033,2,5,0.791667,0.958333,1,0.0794057,1,1,0.1,0.3,0,1,1.1,1.05,2ra
simgp24_full2r,uncertainty,12,406,0.0488716,0.285714,1,0.444444,2,1,0.0384725,-0.0161601,2,5,0.73913,0.956522,1,0.0777653,1,1,0.1,0.3,0,1,1.1,1.05,2ra
simgp24_full2r,uncertainty,13,406,0.0453998,0.333333,1,0.5,2,1,0.038384,-0.00674811,2,4,0.681818,1,1,0.0964332,1,1,0.1,0.3,0,1,1.1,1.05,2ra
simgp24_full2r,uncertainty,14,406,0.0476194,0.4,1,0.571429,2,1,0.0393904,0.00766746,2,3,0.666667,0.952381,1,0.149505,1,0.952381,0.1,0.1,1,1,1.1,0.9,2ra
simgp24_full2r,uncertainty,15,406,0.0424237,0.4,1,0.571429,2,1,0.0352334,-0.00875085,2,3,0.65,1,1,0.0760509,1,1,0.1,0.1,1,1,1.1,0.9,2ra
simgp24_full2r,straddle,3,406,0.0612375,0.470588,1,0.64,8,0.9375,0.0509332,-0.0401117,8,9,0.59375,0.75,0.96875,0.0833091,0,1,-6,0.1,0.5,0.85,1,0.9,2ra
simgp24_full2r,straddle,4,406,0.0621108,0.538462,1,0.7,7,0.935484,0.0517872,-0.0180115,7,6,0.451613,0.806452,0.967742,0.0864243,0,1,-9,0.1,1,1,0.9,0.9,2ra
simgp24_full2r,straddle,5,406,0.0515093,0.545455,1,0.705882,6,0.9,0.0411491,-0.021848,6,5,0.5,0.833333,0.966667,0.0946785,1,1,0.1,0.3,0,1,1,1,2ra
simgp24_full2r,straddle,6,406,0.0677265,0.454545,1,0.625,5,0.827586,0.0499681,-0.0478482,5,6,0.482759,0.689655,0.896552,0.0936384,1,1,0.1,0.3,0,1,1,1,2ra
simgp24_full2r,straddle,7,406,0.073583,0.375,0.75,0.5,4,0.892857,0.0542029,-0.0285038,3,5,0.535714,0.785714,0.964286,0.18794,1,1,-24,0.1,0.5,1,1,0.9,2ra
simgp24_full2r,straddle,8,406,0.0801564,0.285714,0.666667,0.4,3,0.777778,0.0607351,-0.0363341,2,5,0.444444,0.666667,0.925926,0.175634,1,1,-24,0.1,0.5,1,1,0.9,2ra
simgp24_full2r,straddle,9,406,0.0585134,0.333333,0.333333,0.333333,3,1,0.0497437,0.0217847,1,2,0.692308,1,1,0.177218,1,0.961538,-9,0.1,0.5,1,0.9,0.9,2ra
simgp24_full2r,straddle,10,406,0.0612776,0.5,0.333333,0.4,3,1,0.0512682,0.0318672,1,1,0.68,1,1,0.168488,1,0.96,0.1,0.1,1,1,1.1,0.9,2ra
simgp24_full2r,straddle,11,406,0.0650498,0,0,0,2,1,0.0554133,0.0394478,0,1,0.625,0.916667,1,0.168108,1,0.958333,0.1,0.1,1,1,1.1,0.95,2ra
simgp24_full2r,straddle,12,406,0.0804813,1,0,0,2,0.956522,0.0521724,-0.0119555,0,0,0.652174,0.869565,1,0.0964147,1,1,0.1,0.1,1,1,1.1,0.95,2ra
simgp24_full2r,straddle,13,406,0.0868252,1,0,0,1,0.909091,0.0556862,-0.0319731,0,0,0.727273,0.863636,0.954545,0.0807842,1,1,0.1,0.3,0,1,1.1,1.1,2ra
simgp24_full2r,straddle,14,406,0.0853687,1,0,0,1,0.904762,0.0565392,-0.0225613,0,0,0.666667,0.857143,0.952381,0.0770922,1,1,0.1,0.3,0,1,1.1,1.1,2ra
simgp24_full2r,straddle,15,406,0.0929861,1,0,0,1,0.9,0.0589185,-0.0337396,0,0,0.75,0.9,0.95,0.0762347,1,1,0.1,0.3,0,1,1.1,1.1,2ra
simgp24_full2r,straddle_min,3,406,0.0612375,0.470588,1,0.64,8,0.9375,0.0509332,-0.0401117,8,9,0.59375,0.75,0.96875,0.0833091,0,1,-6,0.1,0.5,0.85,1,0.9,2ra
simgp24_full2r,straddle_min,4,406,0.0609777,0.466667,1,0.636364,7,0.935484,0.0510355,-0.0317167,7,8,0.548387,0.870968,0.967742,0.0973108,1,1,0.1,0.3,0,1,1.1,0.95,2ra
simgp24_full2r,straddle_min,5,406,0.0621996,0.538462,1,0.7,7,0.866667,0.0501187,-0.043027,7,6,0.466667,0.733333,0.966667,0.1308,1,1,-25,0.1,0,1,1.1,0.9,2ra
simgp24_full2r,straddle_min,6,406,0.0570797,0.538462,1,0.7,7,0.931034,0.0481126,-0.0278542,7,6,0.482759,0.793103,0.931034,0.113969,1,1,-16,0.1,0,1,1,0.9,2ra
simgp24_full2r,straddle_min,7,406,0.0588891,0.7,1,0.823529,7,0.928571,0.0474895,-0.0347704,7,3,0.428571,0.785714,0.964286,0.0846432,1,1,0.1,0.3,0,1,0.9,0.95,2ra
simgp24_full2r,straddle_min,8,406,0.0563606,0.7,1,0.823529,7,0.962963,0.046664,-0.0283502,7,3,0.407407,0.851852,1,0.0822327,1,1,0.1,0.3,0,1,0.9,0.95,2ra
simgp24_full2r,straddle_min,9,406,0.0637605,0.666667,1,0.8,6,0.846154,0.0524105,-0.0350253,6,3,0.346154,0.692308,0.961538,0.0535138,1,1,0.1,0.3,0,1,0.9,0.95,2ra
simgp24_full2r,straddle_min,10,406,0.0560835,0.75,1,0.857143,6,0.96,0.0431085,-0.029586,6,2,0.52,0.84,0.96,0.0480776,1,1,0.1,0.3,0,1,1,1,2ra
simgp24_full2r,straddle_min,11,406,0.0565658,0.666667,0.8,0.727273,5,0.958333,0.0434942,-0.0302659,4,2,0.625,0.791667,0.958333,0.0456771,0,1,0.1,0.3,0,1,1,0.95,2ra
simgp24_full2r,straddle_min,12,406,0.0594821,0.571429,1,0.727273,4,0.869565,0.0447498,-0.0379439,4,3,0.565217,0.782609,0.956522,0.0665829,0,1,0.1,0.3,0,1,1,0.95,2ra
simgp24_full2r,straddle_min,13,406,0.0568514,0.666667,1,0.8,4,1,0.0428185,-0.0345952,4,2,0.545455,0.863636,1,0.0659596,1,1,0.1,0.3,0,1,1,0.95,2ra
simgp24_full2r,straddle_min,14,406,0.0602947,0.666667,1,0.8,4,1,0.0493845,-0.0298634,4,2,0.52381,0.952381,1,0.0312624,1,1,0.1,0.3,0,1,1,0.95,2ra
simgp24_full2r,straddle_min,15,406,0.0546727,0.6,1,0.75,3,1,0.0472175,-0.0259799,3,2,0.5,0.85,1,0.121952,1,0.85,0.1,0.3,0,1,1,0.95,2ra
simgp24_full2r,random,3,407,0.0432446,0.882353,0.9375,0.909091,16,1,0.0362625,-0.0117354,15,2,0.75,1,1,0.146626,0,0.90625,0.1,0.3,1,1.15,1,1.05,2ra
simgp24_full2r,random,4,407,0.0507632,0.928571,0.8125,0.866667,16,1,0.0374111,0.00748947,13,1,0.645161,0.967742,1,0.131597,0,0.903226,0.1,0.3,1,1.15,1,1.05,2ra
simgp24_full2r,random,5,407,0.100975,0.842105,1,0.914286,16,0.866667,0.0669711,-0.0599911,16,3,0.666667,0.866667,0.9,0.180199,0,0.8,0.1,0.3,1,1.15,0.9,1,2ra
simgp24_full2r,random,6,407,0.0933249,0.875,0.875,0.875,16,0.896552,0.0585189,-0.0478674,14,2,0.655172,0.862069,0.896552,0.182072,0,0.724138,0.1,0.1,1,0.85,0.9,0.9,2ra
simgp24_full2r,random,7,407,0.0528864,1,0.8,0.888889,15,0.964286,0.0391813,-0.00183052,12,0,0.714286,0.964286,1,0.142932,0,0.821429,0.1,0.1,1,0.85,1.1,0.9,2ra
simgp24_full2r,random,8,407,0.0816844,0.923077,0.857143,0.888889,14,0.888889,0.0489302,-0.0309401,12,1,0.703704,0.851852,0.888889,0.181807,0.2,0.592593,0.1,0.3,0,0.85,1,0.95,2ra
simgp24_full2r,random,9,407,0.0845629,0.923077,0.857143,0.888889,14,0.884615,0.0491551,-0.0353805,12,1,0.653846,0.846154,0.884615,0.185956,0.2,0.576923,0.1,0.1,1,0.85,0.9,0.9,2ra
simgp24_full2r,random,10,407,0.0556813,0.916667,0.846154,0.88,13,0.96,0.0343418,-0.0140416,11,1,0.72,0.88,1,0.163656,0.2,0.76,0.1,0.1,1,0.85,0.9,0.9,2ra
simgp24_full2r,random,11,407,0.0820835,0.916667,0.916667,0.916667,12,0.875,0.0487973,-0.0290734,11,1,0.708333,0.833333,0.875,0.191678,0.2,0.625,0.1,0.1,1,0.85,0.9,0.9,2ra
simgp24_full2r,random,12,407,0.0332987,0.916667,0.916667,0.916667,12,1,0.0254056,0.00120582,11,1,0.826087,1,1,0.132336,0.2,0.782609,0.1,0.1,1,0.85,0.9,0.9,2ra
simgp24_full2r,random,13,407,0.0320132,0.909091,0.833333,0.869565,12,1,0.0240533,0.00483464,10,1,0.818182,1,1,0.136959,0.2,0.681818,0.1,0.1,1,0.85,0.9,0.9,2ra
simgp24_full2r,random,14,407,0.0353263,0.909091,0.833333,0.869565,12,0.952381,0.023483,0.00715241,10,1,0.809524,0.952381,0.952381,0.139833,0.2,0.714286,0.1,0.3,0,0.85,1,1,2ra
simgp24_full2r,random,15,407,0.0376158,0.909091,0.833333,0.869565,12,0.95,0.0286829,0.00235963,10,1,0.8,0.95,1,0.134361,0.2,0.7,0.1,0.3,0,0.85,1,1,2ra
simgp24_full2r,uncertainty,3,407,0.0432446,0.882353,0.9375,0.909091,16,1,0.0362625,-0.0117354,15,2,0.75,1,1,0.146626,0,0.90625,0.1,0.3,1,1.15,1,1.05,2ra
simgp24_full2r,uncertainty,4,407,0.042678,0.928571,0.866667,0.896552,15,1,0.0334451,0.0012878,13,1,0.806452,0.967742,1,0.229544,0,0.451613,0.1,0.1,1,0.85,0.9,0.9,2ra
simgp24_full2r,uncertainty,5,407,0.0630134,0.916667,0.785714,0.846154,14,0.933333,0.04377,0.028771,11,1,0.666667,0.866667,1,0.119846,0.166667,0.833333,0.1,0.3,0.5,0.85,0.9,1.1,2ra
simgp24_full2r,uncertainty,6,407,0.0510097,0.909091,0.769231,0.833333,13,0.931034,0.03978,0.0174347,10,1,0.655172,0.793103,0.965517,0.16529,0.166667,0.793103,-7,0.1,1,0.85,0.9,0.95,2ra
simgp24_full2r,uncertainty,7,407,0.0645501,1,0.583333,0.736842,12,0.964286,0.0533642,0.024993,7,0,0.571429,0.857143,1,0.202926,0.2,0.857143,0.1,0.3,0,0.85,1,1.05,2ra
simgp24_full2r,uncertainty,8,407,0.0542375,0.9,0.818182,0.857143,11,0.962963,0.0386272,0.00656552,9,1,0.666667,0.925926,0.962963,0.121513,0.75,0.925926,0.1,0.3,0,0.85,1,1,2ra
simgp24_full2r,uncertainty,9,407,0.0572776,0.818182,0.9,0.857143,10,0.923077,0.0422947,-0.00705207,9,2,0.846154,0.884615,1,0.155006,1,0.923077,0.1,0.3,1,1,0.9,1.1,2ra
simgp24_full2r,uncertainty,10,407,0.0491085,0.75,1,0.857143,9,1,0.0409928,-0.0114117,9,3,0.92,0.96,1,0.112692,1,1,0.1,0.3,0,1,0.9,0.9,2ra
simgp24_full2r,uncertainty,11,407,0.0610828,0.6,1,0.75,9,1,0.0520211,-0.0473358,9,6,0.5,0.75,1,0.268121,0.333333,0.75,0.1,0.1,1,0.85,0.9,0.9,2ra
simgp24_full2r,uncertainty,12,407,0.122794,0.470588,1,0.64,8,0.913043,0.0939699,-0.0939699,8,9,0.391304,0.652174,0.913043,0.121379,0.5,1,0.1,0.1,1,0.85,0.9,0.9,2ra
simgp24_full2r,uncertainty,13,407,0.111752,0.5,1,0.666667,8,0.681818,0.0901375,-0.0901375,8,8,0.181818,0.545455,0.909091,0.120804,1,0.954545,0.1,0.1,1,0.85,0.9,0.9,2ra
simgp24_full2r,uncertainty,14,407,0.146431,0.466667,1,0.636364,7,0.571429,0.119345,-0.119345,7,8,0.0952381,0.333333,0.666667,0.0998239,1,1,0.1,0.1,1,0.85,0.9,0.9,2ra
simgp24_full2r,uncertainty,15,407,0.147287,0.428571,1,0.6,6,0.6,0.120995,-0.120995,6,8,0.05,0.45,0.65,0.100823,1,1,0.1,0.3,0,0.85,1.1,0.95,2ra
simgp24_full2r,straddle,3,407,0.0432446,0.882353,0.9375,0.909091,16,1,0.0362625,-0.0117354,15,2,0.75,1,1,0.146626,0,0.90625,0.1,0.3,1,1.15,1,1.05,2ra
simgp24_full2r,straddle,4,407,0.0541921,0.923077,0.8,0.857143,15,1,0.0381161,0.0213849,12,1,0.709677,0.967742,1,0.13317,0,0.903226,0.1,0.1,1,0.85,0.9,0.9,2ra
simgp24_full2r,straddle,5,407,0.0460024,0.923077,0.857143,0.888889,14,0.966667,0.0352025,0.0128673,12,1,0.666667,0.933333,1,0.163626,0.5,0.9,-16,0.1,0,1,1.1,0.9,2ra
simgp24_full2r,straddle,6,407,0.0551309,0.9,0.692308,0.782609,13,1,0.04077,0.0235052,9,1,0.689655,0.965517,1,0.138067,0.25,0.896552,-7,0.1,0.5,1,1.1,0.9,2ra
simgp24_full2r,straddle,7,407,0.0785028,0.631579,1,0.774194,12,1,0.0608265,-0.0594885,12,7,0.464286,0.821429,1,0.125664,0.25,0.928571,0.1,0.3,0.5,0.85,0.9,1.05,2ra
simgp24_full2r,straddle,8,407,0.0525775,0.785714,1,0.88,11,0.925926,0.0397481,-0.0110815,11,3,0.851852,0.925926,0.962963,0.148356,0.25,0.888889,-24,0.1,1,0.85,0.9,0.95,2ra
simgp24_full2r,straddle,9,407,0.0962169,0.526316,1,0.689655,10,0.923077,0.0783668,-0.0783668,10,9,0.346154,0.692308,0.923077,0.110739,1,0.961538,-24,0.1,1,0.85,0.9,0.9,2ra
simgp24_full2r,straddle,10,407,0.0978139,0.5,1,0.666667,9,0.92,0.0790965,-0.0790965,9,9,0.4,0.76,0.92,0.211287,1,0.92,-24,0.1,1,0.85,0.9,0.9,2ra
simgp24_full2r,straddle,11,407,0.099358,0.5,1,0.666667,8,0.916667,0.0744491,-0.0744491,8,8,0.458333,0.791667,0.958333,0.157303,1,0.916667,-24,0.1,1,0.85,0.9,0.9,2ra
simgp24_full2r,straddle,12,407,0.064726,0.857143,0.857143,0.857143,7,0.913043,0.0445841,0.0216944,6,1,0.869565,0.913043,0.956522,0.287058,0.5,0.782609,-24,0.1,1,0.85,0.9,0.95,2ra
simgp24_full2r,straddle,13,407,0.0679837,1,0.857143,0.923077,7,0.909091,0.0458293,0.0264877,6,0,0.909091,0.909091,0.909091,0.298229,0.5,0.772727,-24,0.1,1,0.85,0.9,0.95,2ra
simgp24_full2r,straddle,14,407,0.068465,1,0.833333,0.909091,6,0.904762,0.0476282,0.0283901,5,0,0.809524,0.904762,0.904762,0.290236,0.5,0.809524,-24,0.1,1,0.85,0.9,0.95,2ra
simgp24_full2r,straddle,15,407,0.046783,1,0.833333,0.909091,6,0.95,0.0387884,0.0064288,5,0,0.8,0.9,0.95,0.595433,0.5,0.4,-24,0.1,1,0.85,0.9,0.95,2ra
simgp24_full2r,straddle_min,3,407,0.0432446,0.882353,0.9375,0.909091,16,1,0.0362625,-0.0117354,15,2,0.75,1,1,0.146626,0,0.90625,0.1,0.3,1,1.15,1,1.05,2ra
simgp24_full2r,straddle_min,4,407,0.0444468,0.823529,0.933333,0.875,15,1,0.0343612,-0.0037768,14,3,0.645161,0.935484,1,0.235075,0,0.419355,-15,0.1,1,1,1.1,0.9,2ra
simgp24_full2r,straddle_min,5,407,0.0487262,0.923077,0.857143,0.888889,14,0.966667,0.0358513,0.0201306,12,1,0.7,0.866667,1,0.135754,0.166667,0.833333,0.1,0.3,0,0.85,1.1,1,2ra
simgp24_full2r,straddle_min,6,407,0.0513582,0.923077,0.923077,0.923077,13,0.896552,0.036545,0.021311,12,1,0.724138,0.862069,0.965517,0.150114,0.166667,0.827586,0.1,0.3,0,0.85,0.9,1.05,2ra
simgp24_full2r,straddle_min,7,407,0.0648327,0.916667,0.916667,0.916667,12,0.964286,0.0440681,0.0314846,11,1,0.714286,0.892857,1,0.176006,0.166667,0.821429,0.1,0.1,1,0.85,0.9,0.9,2ra
simgp24_full2r,straddle_min,8,407,0.0610999,1,0.916667,0.956522,12,0.925926,0.041179,0.0310994,11,0,0.703704,0.888889,1,0.169798,0.166667,0.814815,0.1,0.1,1,0.85,0.9,0.9,2ra
simgp24_full2r,straddle_min,9,407,0.0547834,1,1,1,11,1,0.0359809,0.0158542,11,0,0.692308,0.961538,1,0.13016,0.4,0.846154,0.1,0.3,0,0.85,0.9,1,2ra
simgp24_full2r,straddle_min,10,407,0.0530336,1,1,1,11,1,0.0365839,0.0105897,11,0,0.6,1,1,0.12842,0.6,0.84,0.1,0.3,0,0.85,0.9,1,2ra
simgp24_full2r,straddle_min,11,407,0.0547908,1,1,1,10,1,0.0380153,0.0125062,10,0,0.625,1,1,0.130083,0.6,0.833333,0.1,0.3,0,0.85,0.9,1,2ra
simgp24_full2r,straddle_min,12,407,0.0428861,1,0.9,0.947368,10,1,0.0342079,0.00435159,9,0,0.652174,1,1,0.148963,0.4,0.782609,0.1,0.3,0,0.85,0.9,1,2ra
simgp24_full2r,straddle_min,13,407,0.0391413,1,0.888889,0.941176,9,1,0.0331069,-0.00452473,8,0,0.681818,1,1,0.133337,0.4,0.818182,-6,0.1,1,0.85,0.9,0.9,2ra
simgp24_full2r,straddle_min,14,407,0.0394247,1,0.875,0.933333,8,1,0.0338835,-0.00593904,7,0,0.666667,1,1,0.130588,0.4,0.857143,-6,0.1,1,0.85,0.9,0.9,2ra
simgp24_full2r,straddle_min,15,407,0.0403802,1,1,1,7,1,0.0311776,0.00397582,7,0,0.7,1,1,0.136163,0.25,0.85,-6,0.1,1,0.85,0.9,0.9,2ra
