truth,variant,test,seed,cls,model,n_true_low_all,r_all_n,r_all_sse,r_all_sae,r_all_low,r_all_tp,r_all_fp,r_all_in50,r_all_in80,r_all_in90,r_all_in95,r_seen_n,r_seen_in90,r_new_n,r_new_in90,d_n,d_sse,d_sae,d_se,d_in90,d_low,d_tp,d_fp,n_flag_all,d_n_a1,d_sse_a1,d_se_a1,d_n_a2,d_sse_a2,d_se_a2,d_n_a3,d_sse_a3,d_se_a3,n_months
O1,C,rolling,32,falling,B0,148,52,0.34873,2.76392,13,11,1,31,45,48,49,40,37,12,11,292,4.3887,23.9743,-21.5533,275,111,105,18,161,100,3.48868,-13.644,97,0.706602,-6.03364,95,0.193418,-1.8756,4
O1,C,rolling,32,falling,M_TOC,148,52,0.34873,2.76392,13,11,1,31,45,48,49,40,37,12,11,292,4.36124,23.886,-21.4305,274,111,105,18,161,100,3.46554,-13.5605,97,0.702443,-6.00456,95,0.193256,-1.86543,4
O1,C,rolling,32,falling,oracle,148,52,0.147195,2.15035,13,13,0,,,,,40,,12,,292,0.43651,8.14379,0.565882,,111,100,7,143,100,0.248882,0.697055,97,0.111248,0.633991,95,0.0763796,-0.765164,4
O1,C,rolling,32,steady,B0,110,39,0.177684,1.91781,10,9,1,20,32,34,35,30,25,9,9,219,1.91512,12.7207,-9.3395,177,85,85,12,124,76,1.27062,-3.57646,71,0.442248,-3.2392,72,0.202248,-2.52385,3
O1,C,rolling,32,steady,M_TOC,110,39,0.177684,1.91781,10,9,1,20,32,34,35,30,25,9,9,219,1.90269,12.6569,-9.31845,178,85,85,12,124,76,1.26639,-3.54812,71,0.43558,-3.24527,72,0.200717,-2.52506,3
O1,C,rolling,32,steady,oracle,110,39,0.564245,2.47255,10,8,1,,,,,30,,9,,219,0.567156,8.09561,3.14193,,85,74,2,99,76,0.29091,1.20075,71,0.0914206,0.813285,72,0.184826,1.1279,3
O1,C,rolling,32,first_storm,B0,46,13,0.0979247,0.929176,3,2,1,6,8,9,11,11,7,2,2,73,2.29173,6.31076,-5.57437,69,37,36,1,46,25,2.14366,-4.05449,24,0.0967725,-1.01839,24,0.0512962,-0.5015,1
O1,C,rolling,32,first_storm,M_TOC,46,13,0.0979247,0.929176,3,2,1,6,8,9,11,11,7,2,2,73,2.27296,6.29385,-5.56619,69,37,36,1,45,25,2.12301,-4.03379,24,0.0974116,-1.01966,24,0.0525414,-0.512747,1
O1,C,rolling,32,first_storm,oracle,46,13,0.0365862,0.538506,3,3,0,,,,,11,,2,,73,0.0763641,1.72098,1.25259,,37,33,0,41,25,0.0520826,0.784928,24,0.0161962,0.332852,24,0.00808524,0.134812,1
O1,C,rolling,32,after_storm,B0,43,13,0.270991,1.58301,1,1,5,3,3,6,10,10,6,3,0,74,0.403215,3.7542,-3.06919,65,33,32,0,41,28,0.323064,-2.14929,23,0.0720118,-0.759611,23,0.00813901,-0.160294,1
O1,C,rolling,32,after_storm,M_TOC,43,13,0.27099,1.583,1,1,5,3,3,6,10,10,6,3,0,74,0.406279,3.77504,-3.08443,62,33,32,0,41,28,0.325318,-2.14479,23,0.0725258,-0.766494,23,0.00843479,-0.173145,1
O1,C,rolling,32,after_storm,oracle,43,13,0.0326247,0.564335,1,1,2,,,,,10,,3,,74,0.0716382,1.51966,-0.304047,,33,31,1,41,28,0.0437879,0.199549,23,0.00832334,-0.0758971,23,0.019527,-0.427699,1
O1,C,rolling,33,falling,B0,152,52,1.23279,5.31049,10,8,7,24,39,43,47,41,33,11,10,292,7.17904,28.5268,-24.0407,210,118,113,21,171,110,5.54694,-11.9996,96,1.18537,-7.39802,86,0.446726,-4.64301,4
O1,C,rolling,33,falling,M_TOC,152,52,1.23279,5.31049,10,8,7,24,39,43,47,41,33,11,10,292,7.18963,28.5256,-24.0267,212,118,114,21,171,110,5.55873,-11.9791,96,1.18498,-7.39142,86,0.445917,-4.65625,4
O1,C,rolling,33,falling,oracle,152,52,0.274296,2.67454,10,9,2,,,,,41,,11,,292,1.95252,12.5384,3.7415,,118,103,1,135,110,1.57121,3.3061,96,0.248924,-1.07308,86,0.13238,1.50848,4
O1,C,rolling,33,steady,B0,106,39,0.585188,3.24428,9,5,1,18,27,30,33,32,26,7,4,223,0.659028,8.58691,-0.550388,201,82,75,8,109,80,0.373302,0.866927,73,0.156064,-1.22399,70,0.129662,-0.193321,3
O1,C,rolling,33,steady,M_TOC,106,39,0.585188,3.24428,9,5,1,18,27,30,33,32,26,7,4,223,0.664289,8.59188,-0.68357,203,82,75,9,110,80,0.37891,0.864855,73,0.158408,-1.26807,70,0.126971,-0.280352,3
O1,C,rolling,33,steady,oracle,106,39,0.480741,2.68784,9,8,2,,,,,32,,7,,223,0.662459,8.85416,5.62777,,82,74,3,98,80,0.32729,2.57246,73,0.112841,0.997802,70,0.222329,2.05751,3
O1,C,rolling,33,first_storm,B0,33,13,0.165922,1.18867,3,3,0,3,8,10,11,12,9,1,1,74,0.568627,5.32109,-5.02447,67,24,23,7,40,28,0.336342,-2.52139,25,0.201062,-1.97112,21,0.0312233,-0.531952,1
O1,C,rolling,33,first_storm,M_TOC,33,13,0.165922,1.18867,3,3,0,3,8,10,11,12,9,1,1,74,0.583807,5.40831,-5.12255,65,24,23,7,40,28,0.34769,-2.58458,25,0.204257,-1.99425,21,0.0318592,-0.543722,1
O1,C,rolling,33,first_storm,oracle,33,13,0.089448,0.640586,3,3,0,,,,,12,,1,,74,0.224925,3.07402,0.981027,,24,20,2,28,28,0.0924591,0.517382,25,0.0651112,-0.309859,21,0.0673549,0.773504,1
O1,C,rolling,33,after_storm,B0,32,13,0.193501,1.08387,5,5,0,6,9,10,11,11,8,2,2,75,0.652207,5.57884,-5.13557,52,24,23,7,39,28,0.367624,-2.48612,25,0.235674,-2.07241,22,0.0489088,-0.577042,1
O1,C,rolling,33,after_storm,M_TOC,32,13,0.193501,1.08387,5,5,0,6,9,10,11,11,8,2,2,75,0.649691,5.57331,-5.12324,53,24,23,7,39,28,0.365035,-2.46197,25,0.235289,-2.07097,22,0.0493672,-0.590302,1
O1,C,rolling,33,after_storm,oracle,32,13,0.1331,1.01553,5,3,0,,,,,11,,2,,75,0.225396,2.89403,1.36386,,24,19,1,26,28,0.122493,0.733512,25,0.0275748,-0.174511,22,0.0753282,0.804859,1
O1,C,rolling,34,falling,B0,145,52,0.148138,2.32492,7,7,0,26,46,49,51,40,37,12,12,293,1.2969,15.4442,-13.6557,219,120,119,29,174,90,0.63014,-5.80949,103,0.554033,-5.90498,100,0.112723,-1.94118,4
O1,C,rolling,34,falling,M_TOC,145,52,0.148138,2.32492,7,7,0,26,46,49,51,40,37,12,12,293,1.3006,15.5115,-13.6615,219,120,119,31,176,90,0.634388,-5.82547,103,0.555856,-5.94309,100,0.110352,-1.89295,4
O1,C,rolling,34,falling,oracle,145,52,0.128918,2.03283,7,6,0,,,,,40,,12,,293,0.525455,8.24151,-3.22388,,120,116,12,152,90,0.189306,-1.30213,103,0.224666,-1.52749,100,0.111483,-0.394249,4
O1,C,rolling,34,steady,B0,113,39,0.249921,2.08955,6,4,3,22,29,33,35,30,27,9,6,219,0.45819,7.35274,-5.44123,202,93,92,16,132,68,0.182753,-1.99073,73,0.225673,-2.60914,78,0.0497634,-0.841362,3
O1,C,rolling,34,steady,M_TOC,113,39,0.249921,2.08955,6,4,3,22,29,33,35,30,27,9,6,219,0.449232,7.32423,-5.36191,204,93,92,14,130,68,0.181586,-1.98824,73,0.218025,-2.57923,78,0.0496208,-0.794441,3
O1,C,rolling,34,steady,oracle,113,39,0.0856592,1.54417,6,6,1,,,,,30,,9,,219,0.229837,5.37447,-0.358288,,93,89,6,115,68,0.0708962,-0.0551524,73,0.0826199,-1.35152,78,0.0763213,1.04839,3
O1,C,rolling,34,first_storm,B0,33,13,0.139842,1.10806,0,0,2,5,7,9,10,11,8,2,1,73,0.894227,6.18073,-5.49454,51,28,28,5,39,20,0.232911,-1.73514,28,0.55523,-2.83536,25,0.106086,-0.924051,1
O1,C,rolling,34,first_storm,M_TOC,33,13,0.139842,1.10806,0,0,2,5,7,9,10,11,8,2,1,73,0.897231,6.20325,-5.54048,52,28,28,5,39,20,0.233141,-1.75329,28,0.559964,-2.86709,25,0.104126,-0.920098,1
O1,C,rolling,34,first_storm,oracle,33,13,0.0264126,0.472475,0,0,0,,,,,11,,2,,73,0.293036,3.59425,0.0580683,,28,27,0,32,20,0.0916319,-0.355476,28,0.0992085,-0.786911,25,0.102195,1.20046,1
O1,C,rolling,34,after_storm,B0,40,13,0.105911,0.937757,2,2,0,4,7,12,12,10,9,3,3,73,0.14707,2.69242,0.471923,62,33,32,2,41,21,0.0500512,0.877366,27,0.0348034,0.166483,25,0.0622158,-0.571926,1
O1,C,rolling,34,after_storm,M_TOC,40,13,0.105911,0.937757,2,2,0,4,7,12,12,10,9,3,3,73,0.141302,2.63967,0.411622,63,33,32,2,41,21,0.0476567,0.850248,27,0.0329376,0.13524,25,0.0607075,-0.573865,1
O1,C,rolling,34,after_storm,oracle,40,13,0.0212826,0.436366,2,1,0,,,,,10,,3,,73,0.0622491,1.67439,0.191772,,33,32,2,41,21,0.015185,0.129115,27,0.0250822,-0.226737,25,0.0219819,0.289394,1
O1,C,rolling,35,falling,B0,160,52,0.448879,3.43462,10,6,3,26,43,44,49,40,35,12,9,294,1.35912,15.6786,-6.07665,248,121,105,3,146,100,0.690875,-3.26671,103,0.380166,-1.8147,91,0.288075,-0.995238,4
O1,C,rolling,35,falling,M_TOC,160,52,0.448879,3.43462,10,6,3,26,43,44,49,40,35,12,9,294,1.35912,15.7124,-6.12559,247,121,105,3,146,100,0.696019,-3.33825,103,0.374447,-1.78006,91,0.288652,-1.00728,4
O1,C,rolling,35,falling,oracle,160,52,0.251806,2.75304,10,8,6,,,,,40,,12,,294,0.35706,7.42384,-0.450934,,121,116,7,164,100,0.162111,-0.108,103,0.0914245,-0.595404,91,0.103525,0.25247,4
O1,C,rolling,35,steady,B0,122,39,0.35793,2.66051,8,7,3,23,33,37,37,32,30,7,7,220,2.25085,16.9036,-15.6415,170,95,93,11,136,75,1.20496,-7.19,77,0.820016,-5.84801,68,0.225876,-2.60354,3
O1,C,rolling,35,steady,M_TOC,122,39,0.35793,2.66051,8,7,3,23,33,37,37,32,30,7,7,220,2.23234,16.847,-15.6156,171,95,93,11,136,75,1.19765,-7.19041,77,0.810882,-5.82654,68,0.223815,-2.59861,3
O1,C,rolling,35,steady,oracle,122,39,0.135176,1.5461,8,6,1,,,,,32,,7,,220,0.28151,5.4028,-0.838491,,95,91,6,126,75,0.133966,-0.170349,77,0.0605637,-0.603361,68,0.0869798,-0.0647807,3
O1,C,rolling,35,first_storm,B0,40,13,0.047484,0.592706,2,1,1,8,10,11,12,10,8,3,3,74,0.280452,3.97488,-3.82858,67,32,32,4,45,25,0.140111,-1.63387,26,0.0987141,-1.42009,23,0.0416272,-0.774615,1
O1,C,rolling,35,first_storm,M_TOC,40,13,0.047484,0.592706,2,1,1,8,10,11,12,10,8,3,3,74,0.283026,4.00088,-3.8706,68,32,32,4,45,25,0.141614,-1.65564,26,0.0995248,-1.43265,23,0.0418866,-0.782302,1
O1,C,rolling,35,first_storm,oracle,40,13,0.0220363,0.383088,2,2,1,,,,,10,,3,,74,0.0946637,1.83115,0.246018,,32,29,3,40,25,0.0469164,0.125372,26,0.0256708,-0.156841,23,0.0220764,0.277487,1
O1,C,rolling,35,after_storm,B0,41,13,0.115806,0.783579,1,1,1,7,10,11,12,10,9,3,2,74,0.221533,3.46989,-3.12686,68,33,33,3,45,26,0.112585,-1.25414,25,0.0687641,-1.11861,23,0.0401839,-0.754111,1
O1,C,rolling,35,after_storm,M_TOC,41,13,0.115806,0.783579,1,1,1,7,10,11,12,10,9,3,2,74,0.221173,3.47149,-3.11494,68,33,33,3,45,26,0.113687,-1.24884,25,0.068467,-1.11719,23,0.0390194,-0.74891,1
O1,C,rolling,35,after_storm,oracle,41,13,0.168484,0.88921,1,1,2,,,,,10,,3,,74,0.07412,1.41234,-0.357968,,33,32,4,44,26,0.0580863,-0.334945,25,0.00752197,-0.0704796,23,0.00851166,0.0474569,1
O1,C,rolling,36,falling,B0,159,52,0.126992,1.913,7,4,0,30,40,43,51,41,34,11,9,294,0.636429,9.6743,-8.2102,279,130,129,23,183,97,0.305683,-2.86306,88,0.222459,-3.23345,109,0.108286,-2.11369,4
O1,C,rolling,36,falling,M_TOC,159,52,0.126992,1.913,7,4,0,30,40,43,51,41,34,11,9,294,0.63839,9.73317,-8.22853,281,130,129,24,184,97,0.310517,-2.92192,88,0.222998,-3.27538,109,0.104875,-2.03124,4
O1,C,rolling,36,falling,oracle,159,52,0.0717499,1.52589,7,6,1,,,,,41,,11,,294,0.458195,7.64287,2.80634,,130,124,3,156,97,0.230043,1.32366,88,0.154069,0.682947,109,0.074084,0.799733,4
O1,C,rolling,36,steady,B0,115,39,0.173521,2.10978,5,4,0,16,30,34,35,30,25,9,9,219,1.56304,10.3519,-4.6657,199,94,91,9,122,75,1.3007,-2.60445,61,0.120905,-0.156314,83,0.141437,-1.90493,3
O1,C,rolling,36,steady,M_TOC,115,39,0.173521,2.10978,5,4,0,16,30,34,35,30,25,9,9,219,1.55835,10.3709,-4.64663,202,94,91,9,123,75,1.30026,-2.65326,61,0.121338,-0.146124,83,0.13675,-1.84725,3
O1,C,rolling,36,steady,oracle,115,39,0.055538,1.20924,5,4,1,,,,,30,,9,,219,0.354121,5.83883,0.714317,,94,92,3,115,75,0.217819,-0.18831,61,0.0474088,0.417605,83,0.0888934,0.485022,3
O1,C,rolling,36,first_storm,B0,40,13,0.10228,0.875954,0,0,2,5,8,11,13,11,9,2,2,73,0.643873,3.06711,-2.16635,68,33,32,2,42,25,0.594455,-1.36452,22,0.0180798,-0.171566,26,0.0313377,-0.63026,1
O1,C,rolling,36,first_storm,M_TOC,40,13,0.10228,0.875954,0,0,2,5,8,11,13,11,9,2,2,73,0.635397,3.04475,-2.10461,68,33,32,1,41,25,0.587438,-1.34003,22,0.017917,-0.14992,26,0.0300426,-0.61466,1
O1,C,rolling,36,first_storm,oracle,40,13,0.0259486,0.530999,0,0,2,,,,,11,,2,,73,0.0806692,1.93414,-0.339609,,33,33,0,41,25,0.0340816,0.281661,22,0.0320284,-0.18846,26,0.0145593,-0.43281,1
O1,C,rolling,36,after_storm,B0,47,13,0.128582,0.882192,3,2,0,8,9,10,11,10,7,3,3,73,0.277712,2.80993,0.982286,70,39,35,1,44,26,0.23092,0.876629,21,0.0168655,0.183158,26,0.0299264,-0.0775008,1
O1,C,rolling,36,after_storm,M_TOC,47,13,0.128582,0.882192,3,2,0,8,9,10,11,10,7,3,3,73,0.274988,2.83649,1.02931,71,39,35,1,44,26,0.22465,0.889627,21,0.0173678,0.19011,26,0.0329701,-0.0504255,1
O1,C,rolling,36,after_storm,oracle,47,13,0.0398799,0.594257,3,3,0,,,,,10,,3,,73,0.11069,2.4015,1.944,,39,32,1,41,26,0.0535729,0.997692,21,0.0430716,0.629202,26,0.0140459,0.317101,1
O1,C,rolling,37,falling,B0,133,52,0.473768,3.5928,5,3,4,27,34,42,45,41,34,11,8,293,3.00348,23.662,-20.2086,208,101,98,16,147,103,1.62412,-10.5323,93,1.11696,-6.82759,97,0.26241,-2.84876,4
O1,C,rolling,37,falling,M_TOC,133,52,0.473768,3.5928,5,3,4,27,34,42,45,41,34,11,8,293,2.97252,23.5028,-20.0615,207,101,98,16,147,103,1.60397,-10.4763,93,1.10491,-6.75677,97,0.263637,-2.82836,4
O1,C,rolling,37,falling,oracle,133,52,0.540505,3.62876,5,1,2,,,,,41,,11,,293,1.25937,14.0279,-0.280501,,101,87,4,120,103,0.388181,-2.22618,93,0.354875,-0.770976,97,0.516313,2.71665,4
O1,C,rolling,37,steady,B0,100,39,0.211021,2.40772,7,4,1,15,26,30,33,31,25,8,5,222,1.4076,13.2197,-9.9461,192,80,75,7,102,79,0.613984,-5.0101,68,0.628364,-3.05696,75,0.165256,-1.87903,3
O1,C,rolling,37,steady,M_TOC,100,39,0.211021,2.40772,7,4,1,15,26,30,33,31,25,8,5,222,1.44046,13.3824,-10.236,195,80,75,7,103,79,0.62846,-5.11286,68,0.641859,-3.14978,75,0.170144,-1.97332,3
O1,C,rolling,37,steady,oracle,100,39,0.233582,2.55891,7,4,0,,,,,31,,8,,222,0.742723,9.98121,-0.958199,,80,70,0,90,79,0.328833,-1.56531,68,0.321538,-0.946108,75,0.0923521,1.55322,3
O1,C,rolling,37,first_storm,B0,35,13,0.107789,1.05865,3,2,0,4,7,9,9,10,7,3,2,73,0.476816,4.86441,-4.0729,62,25,24,3,37,26,0.247451,-2.19561,23,0.18217,-1.60636,24,0.0471948,-0.270931,1
O1,C,rolling,37,first_storm,M_TOC,35,13,0.107789,1.05865,3,2,0,4,7,9,9,10,7,3,2,73,0.494754,4.9313,-4.18494,61,25,24,3,38,26,0.258225,-2.24251,23,0.192267,-1.65154,24,0.0442616,-0.290895,1
O1,C,rolling,37,first_storm,oracle,35,13,0.11066,1.07543,3,1,0,,,,,10,,3,,73,0.261807,3.56962,-1.749,,25,24,2,36,26,0.121703,-1.163,23,0.0925198,-1.07138,24,0.0475839,0.485379,1
O1,C,rolling,37,after_storm,B0,31,13,0.194558,1.24025,1,1,1,6,12,12,12,11,10,2,2,73,1.18869,6.95689,-6.45605,54,23,23,7,39,24,0.624624,-3.08985,24,0.492012,-2.52013,25,0.0720567,-0.846067,1
O1,C,rolling,37,after_storm,M_TOC,31,13,0.194558,1.24025,1,1,1,6,12,12,12,11,10,2,2,73,1.23504,7.10117,-6.62004,55,23,23,7,39,24,0.648442,-3.15879,24,0.512102,-2.58569,25,0.0744965,-0.875567,1
O1,C,rolling,37,after_storm,oracle,31,13,0.126436,1.1593,1,0,0,,,,,11,,2,,73,0.404598,4.45294,0.390934,,23,22,0,29,24,0.19363,-0.0786863,24,0.16025,-0.464945,25,0.0507188,0.934565,1
O1,C,rolling,38,falling,B0,146,52,0.650101,4.17401,4,2,3,24,44,48,48,40,36,12,12,292,4.57194,21.3355,-18.1476,248,123,122,24,175,96,3.56638,-9.65165,91,0.769339,-5.81058,105,0.236212,-2.68534,4
O1,C,rolling,38,falling,M_TOC,146,52,0.650101,4.17401,4,2,3,24,44,48,48,40,36,12,12,292,4.59969,21.4531,-18.279,246,123,121,25,175,96,3.58738,-9.67535,91,0.773564,-5.86225,105,0.238746,-2.74144,4
O1,C,rolling,38,falling,oracle,146,52,0.0945172,1.7539,4,4,2,,,,,40,,12,,292,0.602968,9.62298,-3.48711,,123,121,13,157,96,0.338754,0.138793,91,0.117032,-1.53946,105,0.147181,-2.08644,4
O1,C,rolling,38,steady,B0,108,39,0.177982,2.11656,5,4,0,21,26,30,33,30,23,9,7,219,0.858538,11.1689,-3.45738,193,89,83,7,110,73,0.411433,-1.08087,67,0.257209,-0.776215,79,0.189895,-1.60029,3
O1,C,rolling,38,steady,M_TOC,108,39,0.177982,2.11656,5,4,0,21,26,30,33,30,23,9,7,219,0.866484,11.2269,-3.47314,194,89,83,6,109,73,0.409476,-1.10443,67,0.263256,-0.757272,79,0.193751,-1.61143,3
O1,C,rolling,38,steady,oracle,108,39,0.091955,1.4625,5,5,0,,,,,30,,9,,219,0.451332,7.16507,0.574867,,89,84,1,103,73,0.232427,0.845697,67,0.0907621,-0.0535237,79,0.128142,-0.217306,3
O1,C,rolling,38,first_storm,B0,42,13,0.106971,0.947263,0,0,1,3,11,13,13,10,10,3,3,73,0.181531,2.49151,0.396598,67,35,31,0,38,24,0.141506,0.186979,23,0.0231257,-0.0562189,26,0.0168993,0.265838,1
O1,C,rolling,38,first_storm,M_TOC,42,13,0.106971,0.947263,0,0,1,3,11,13,13,10,10,3,3,73,0.178223,2.46978,0.254931,67,35,31,0,38,24,0.139618,0.133826,23,0.0235177,-0.100498,26,0.015088,0.221603,1
O1,C,rolling,38,first_storm,oracle,42,13,0.0239583,0.385384,0,0,0,,,,,10,,3,,73,0.156037,2.08281,0.496665,,35,33,1,42,24,0.131624,1.0255,23,0.0176356,-0.320706,26,0.00677737,-0.208125,1
O1,C,rolling,38,after_storm,B0,34,13,0.120947,1.00648,2,1,0,4,8,8,8,10,8,3,0,73,0.200994,3.11083,-2.32084,67,29,28,6,40,24,0.0877918,-0.98999,22,0.0891511,-1.05577,27,0.0240514,-0.275081,1
O1,C,rolling,38,after_storm,M_TOC,34,13,0.120947,1.00648,2,1,0,4,8,8,8,10,8,3,0,73,0.202428,3.12649,-2.42549,69,29,28,6,40,24,0.0876764,-1.01464,22,0.0904278,-1.08736,27,0.0243235,-0.323485,1
O1,C,rolling,38,after_storm,oracle,34,13,0.130861,0.850159,2,1,0,,,,,10,,3,,73,0.102636,2.01559,1.49545,,29,29,0,34,24,0.0526208,0.625124,22,0.0120801,0.145891,27,0.0379355,0.724436,1
O1,C,rolling,39,falling,B0,146,52,0.234884,2.6402,6,6,3,26,37,45,49,42,35,10,10,295,3.82716,20.9525,-18.2167,243,115,115,25,175,106,2.55854,-7.93852,90,0.743674,-5.31263,99,0.524955,-4.9655,4
O1,C,rolling,39,falling,M_TOC,146,52,0.234884,2.6402,6,6,3,26,37,45,49,42,35,10,10,295,3.79456,20.7618,-18.0687,242,115,115,26,176,106,2.54334,-7.85081,90,0.728874,-5.26529,99,0.522346,-4.95264,4
O1,C,rolling,39,falling,oracle,146,52,0.186837,2.11235,6,6,5,,,,,42,,10,,295,0.459839,8.10402,-0.0339082,,115,112,14,158,106,0.256091,1.23917,90,0.100414,-0.318472,99,0.103334,-0.954609,4
O1,C,rolling,39,steady,B0,115,39,0.105937,1.57295,8,7,0,19,31,34,36,31,27,8,7,220,0.48428,7.75139,-3.33196,202,94,89,5,115,75,0.188318,0.157928,71,0.104146,-0.874624,74,0.191815,-2.61526,3
O1,C,rolling,39,steady,M_TOC,115,39,0.105937,1.57295,8,7,0,19,31,34,36,31,27,8,7,220,0.483609,7.69529,-3.15523,201,94,89,6,116,75,0.193679,0.219287,71,0.101144,-0.798718,74,0.188786,-2.5758,3
O1,C,rolling,39,steady,oracle,115,39,0.0675746,1.22473,8,8,2,,,,,31,,8,,220,0.367544,6.35349,1.18412,,94,88,4,112,75,0.212901,1.15581,71,0.0775091,0.11171,74,0.0771343,-0.0833999,3
O1,C,rolling,39,first_storm,B0,39,13,0.0801267,0.795109,2,2,0,3,8,11,11,10,8,3,3,73,0.177554,2.65787,-2.01942,67,31,29,2,39,26,0.087644,-0.61486,23,0.0443311,-0.708905,24,0.0455792,-0.695653,1
O1,C,rolling,39,first_storm,M_TOC,39,13,0.0801267,0.795109,2,2,0,3,8,11,11,10,8,3,3,73,0.181035,2.69436,-2.07337,67,31,29,2,39,26,0.0880773,-0.620762,23,0.0461003,-0.724149,24,0.0468577,-0.728455,1
O1,C,rolling,39,first_storm,oracle,39,13,0.0347529,0.480899,2,1,0,,,,,10,,3,,73,0.125409,2.16297,1.06536,,31,29,0,36,26,0.0979286,0.774696,23,0.0239664,0.118777,24,0.00351393,0.171884,1
O1,C,rolling,39,after_storm,B0,41,13,0.0194906,0.430184,2,2,0,8,12,13,13,11,11,2,2,73,0.16692,2.41625,-1.13533,68,33,29,0,38,25,0.0696622,-0.217918,24,0.0320314,-0.0937979,24,0.0652265,-0.823615,1
O1,C,rolling,39,after_storm,M_TOC,41,13,0.0194906,0.430184,2,2,0,8,12,13,13,11,11,2,2,73,0.170511,2.449,-1.06218,68,33,29,0,37,25,0.0720344,-0.196937,24,0.0324258,-0.0474141,24,0.0660509,-0.817833,1
O1,C,rolling,39,after_storm,oracle,41,13,0.0214416,0.467008,2,2,0,,,,,11,,2,,73,0.11017,2.08604,-0.0733979,,33,29,0,38,25,0.0638436,0.32765,24,0.0238231,0.136204,24,0.0225036,-0.537252,1
O1,C,rolling,40,falling,B0,126,52,0.449218,3.63003,3,1,1,19,32,40,44,41,32,11,8,293,1.72314,15.7462,-8.70073,246,103,96,13,133,108,0.621546,-3.86588,86,0.500792,-3.02854,99,0.600807,-1.80631,4
O1,C,rolling,40,falling,M_TOC,126,52,0.449218,3.63003,3,1,1,19,32,40,44,41,32,11,8,293,1.69183,15.6604,-8.62729,243,103,98,13,135,108,0.607769,-3.79005,86,0.49284,-2.98176,99,0.591218,-1.85549,4
O1,C,rolling,40,falling,oracle,126,52,0.178273,2.07385,3,2,3,,,,,41,,11,,293,0.968535,11.9568,-6.66351,,103,100,19,144,108,0.342638,-1.55464,86,0.271763,-2.41587,99,0.354134,-2.693,4
O1,C,rolling,40,steady,B0,104,39,1.08469,3.92512,6,1,4,21,26,28,29,32,22,7,6,221,6.62391,25.8605,-21.625,163,82,76,24,132,83,4.43089,-11.956,67,1.51326,-6.27142,71,0.679756,-3.39759,3
O1,C,rolling,40,steady,M_TOC,104,39,1.08469,3.92512,6,1,4,21,26,28,29,32,22,7,6,221,6.63108,25.9485,-21.6864,161,82,76,25,133,83,4.41055,-11.9352,67,1.53878,-6.31432,71,0.681753,-3.4369,3
O1,C,rolling,40,steady,oracle,104,39,0.426058,2.2171,6,5,0,,,,,32,,7,,221,0.721226,9.59059,-4.73133,,82,78,10,114,83,0.28957,-2.00505,67,0.172374,-1.86735,71,0.259282,-0.858922,3
O1,C,rolling,40,first_storm,B0,32,13,0.0618469,0.714004,3,2,0,7,10,12,13,11,10,2,2,75,0.967948,6.57772,-6.43863,57,26,25,9,43,28,0.360277,-2.76237,21,0.139049,-1.44308,26,0.468622,-2.23319,1
O1,C,rolling,40,first_storm,M_TOC,32,13,0.0618469,0.714004,3,2,0,7,10,12,13,11,10,2,2,75,0.96108,6.5507,-6.40019,57,26,25,9,43,28,0.356542,-2.75128,21,0.136682,-1.42332,26,0.467856,-2.2256,1
O1,C,rolling,40,first_storm,oracle,32,13,0.323616,1.07853,3,2,0,,,,,11,,2,,75,0.643076,4.64852,-4.4013,,26,25,8,43,28,0.099361,-1.38274,21,0.0822839,-1.09563,26,0.461432,-1.92293,1
O1,C,rolling,40,after_storm,B0,29,13,0.119444,1.11397,2,2,2,3,7,9,10,11,7,2,2,74,0.903628,6.35389,-4.75347,46,23,23,6,37,27,0.427407,-2.60268,22,0.389302,-2.15693,25,0.0869197,0.00613454,1
O1,C,rolling,40,after_storm,M_TOC,29,13,0.119444,1.11397,2,2,2,3,7,9,10,11,7,2,2,74,0.917381,6.41874,-4.88785,47,23,23,6,37,27,0.435153,-2.64574,22,0.394275,-2.17076,25,0.0879537,-0.0713526,1
O1,C,rolling,40,after_storm,oracle,29,13,0.0524823,0.545088,2,2,0,,,,,11,,2,,74,0.258496,3.31904,-1.23787,,23,23,1,30,27,0.147034,-1.0284,22,0.0796001,-0.778203,25,0.0318624,0.568727,1
O1,C,rolling,41,falling,B0,136,52,1.10417,4.36356,8,8,1,13,27,35,43,40,26,12,9,293,1.83237,18.8755,-13.166,230,101,96,3,138,107,0.888795,-6.13826,89,0.573431,-5.1349,97,0.370143,-1.89281,4
O1,C,rolling,41,falling,M_TOC,136,52,1.10417,4.36356,8,8,1,13,27,35,43,40,26,12,9,293,1.84806,18.9456,-13.3517,229,101,95,3,137,107,0.896397,-6.18222,89,0.581248,-5.19094,97,0.370417,-1.97849,4
O1,C,rolling,41,falling,oracle,136,52,0.420539,3.47995,8,7,1,,,,,40,,12,,293,1.09058,14.0878,6.74,,101,77,2,111,107,0.439608,1.88027,89,0.210566,0.627569,97,0.44041,4.23216,4
O1,C,rolling,41,steady,B0,95,39,0.87742,3.55798,9,7,1,11,24,29,32,31,24,8,5,219,2.32332,18.8022,-17.5495,125,70,69,15,114,82,1.17995,-7.91191,60,0.799545,-5.85413,77,0.343825,-3.78344,3
O1,C,rolling,41,steady,M_TOC,95,39,0.87742,3.55798,9,7,1,11,24,29,32,31,24,8,5,219,2.35675,18.9563,-17.715,123,70,69,16,115,82,1.19165,-7.97423,60,0.8157,-5.90615,77,0.349402,-3.83465,3
O1,C,rolling,41,steady,oracle,95,39,0.480963,2.19063,9,5,0,,,,,31,,8,,219,0.575242,8.67872,2.95639,,70,60,1,84,82,0.298885,0.504969,60,0.119303,-0.0447037,77,0.157053,2.49613,3
O1,C,rolling,41,first_storm,B0,35,13,0.0855365,0.750592,3,2,0,6,13,13,13,11,11,2,2,74,1.09629,6.09088,-4.38089,64,26,23,0,30,27,0.9631,-3.98389,21,0.0963235,-0.956202,26,0.0368619,0.559202,1
O1,C,rolling,41,first_storm,M_TOC,35,13,0.0855365,0.750592,3,2,0,6,13,13,13,11,11,2,2,74,1.07949,6.06625,-4.29134,65,26,23,0,30,27,0.945676,-3.93619,21,0.0960137,-0.941788,26,0.0378047,0.586639,1
O1,C,rolling,41,first_storm,oracle,35,13,0.0254227,0.50702,3,2,0,,,,,11,,2,,74,0.0810248,2.02245,1.12217,,26,26,0,34,27,0.0408843,0.408544,21,0.0217942,0.212277,26,0.0183463,0.501345,1
O1,C,rolling,41,after_storm,B0,31,13,0.655235,1.29928,2,2,1,10,12,12,12,10,9,3,3,74,2.54471,10.2741,-10.0018,52,25,24,3,35,27,1.96961,-6.15382,21,0.465133,-2.70798,26,0.109968,-1.14001,1
O1,C,rolling,41,after_storm,M_TOC,31,13,0.655235,1.29928,2,2,1,10,12,12,12,10,9,3,3,74,2.53431,10.2655,-10.02,53,25,24,3,35,27,1.95373,-6.13297,21,0.469921,-2.72308,26,0.110655,-1.16396,1
O1,C,rolling,41,after_storm,oracle,31,13,0.0335,0.52929,2,2,0,,,,,10,,3,,74,0.148915,2.51876,-0.992042,,25,23,1,31,27,0.0552317,-0.479643,21,0.0492322,-0.71204,26,0.0444513,0.199641,1
O1,C,rolling,42,falling,B0,140,52,0.15902,2.19097,2,1,0,34,45,47,49,41,38,11,9,292,0.703658,10.687,-6.0621,279,121,120,4,146,95,0.236337,-2.47236,89,0.296141,-2.76548,108,0.17118,-0.82426,4
O1,C,rolling,42,falling,M_TOC,140,52,0.15902,2.19097,2,1,0,34,45,47,49,41,38,11,9,292,0.716372,10.7846,-6.45609,278,121,120,4,146,95,0.242459,-2.61394,89,0.306311,-2.8991,108,0.167602,-0.943055,4
O1,C,rolling,42,falling,oracle,140,52,0.124154,1.95687,2,2,0,,,,,41,,11,,292,0.44145,8.13947,-1.87433,,121,120,9,151,95,0.136221,-0.624129,89,0.206591,-2.15359,108,0.098639,0.903387,4
O1,C,rolling,42,steady,B0,98,39,0.285404,2.56837,1,1,0,15,30,35,38,31,29,8,6,219,1.36444,13.4439,-8.07396,181,84,81,11,109,72,0.632767,-3.42031,70,0.516427,-3.90743,77,0.215245,-0.74623,3
O1,C,rolling,42,steady,M_TOC,98,39,0.285404,2.56837,1,1,0,15,30,35,38,31,29,8,6,219,1.34699,13.3533,-8.17531,183,84,81,11,109,72,0.62908,-3.46859,70,0.50722,-3.91611,77,0.210692,-0.79061,3
O1,C,rolling,42,steady,oracle,98,39,0.174151,1.90955,1,1,0,,,,,31,,8,,219,0.629717,8.56355,0.941278,,84,79,5,99,72,0.23258,0.123995,70,0.147543,-1.32882,77,0.249594,2.1461,3
O1,C,rolling,42,first_storm,B0,33,13,0.0353296,0.539426,0,0,0,7,11,13,13,10,10,3,3,74,0.179413,2.67435,-2.53563,71,28,28,0,33,25,0.0288267,-0.559159,23,0.0702555,-1.08045,26,0.0803304,-0.896014,1
O1,C,rolling,42,first_storm,M_TOC,33,13,0.0353296,0.539426,0,0,0,7,11,13,13,10,10,3,3,74,0.181951,2.6911,-2.55422,68,28,28,0,33,25,0.0306495,-0.575739,23,0.070358,-1.07972,26,0.0809435,-0.898763,1
O1,C,rolling,42,first_storm,oracle,33,13,0.0876142,0.962045,0,0,0,,,,,10,,3,,74,0.158063,2.50251,-1.24188,,28,26,3,35,25,0.0709605,-0.417035,23,0.0622564,-0.916774,26,0.0248462,0.09193,1
O1,C,rolling,42,after_storm,B0,33,13,0.10628,0.730099,1,0,1,8,10,12,13,10,10,3,2,74,0.189394,2.80389,-2.74083,70,29,29,1,36,25,0.0575929,-0.93895,22,0.0806126,-1.04516,27,0.0511886,-0.756721,1
O1,C,rolling,42,after_storm,M_TOC,33,13,0.10628,0.730099,1,0,1,8,10,12,13,10,10,3,2,74,0.18619,2.74068,-2.67499,71,29,29,1,36,25,0.0569001,-0.915361,22,0.0763933,-1.00171,27,0.0528967,-0.757913,1
O1,C,rolling,42,after_storm,oracle,33,13,0.0478227,0.646481,1,1,1,,,,,10,,3,,74,0.176431,2.75378,-0.954249,,29,27,2,35,25,0.063707,-0.460207,22,0.0711949,-0.863602,27,0.0415296,0.36956,1
O1,C,rolling,43,falling,B0,127,52,0.587436,3.88085,2,1,3,23,39,46,49,42,38,10,8,295,9.56681,37.1611,-36.0317,240,100,100,34,169,104,6.67543,-21.0762,98,2.5152,-11.4939,93,0.376169,-3.46164,4
O1,C,rolling,43,falling,M_TOC,127,52,0.587436,3.88085,2,1,3,23,39,46,49,42,38,10,8,295,9.53202,36.9626,-35.7972,239,100,100,35,171,104,6.66041,-20.9839,98,2.50106,-11.4121,93,0.370551,-3.4012,4
O1,C,rolling,43,falling,oracle,127,52,0.374174,2.49908,2,1,1,,,,,42,,10,,295,0.728934,11.0146,-2.40863,,100,96,6,131,104,0.302449,-1.47848,98,0.228596,-1.38429,93,0.197888,0.454128,4
O1,C,rolling,43,steady,B0,101,39,0.104971,1.69396,0,0,0,19,35,38,39,31,31,8,7,220,0.661327,9.53031,-4.77119,213,82,77,7,103,74,0.35565,-2.49697,74,0.186112,-1.84266,72,0.119565,-0.431555,3
O1,C,rolling,43,steady,M_TOC,101,39,0.104971,1.69396,0,0,0,19,35,38,39,31,31,8,7,220,0.641863,9.37921,-4.34,213,82,77,7,103,74,0.346879,-2.38533,74,0.179226,-1.68843,72,0.115758,-0.266237,3
O1,C,rolling,43,steady,oracle,101,39,0.0379582,0.933304,0,0,0,,,,,31,,8,,220,0.369824,6.75815,-3.21855,,82,78,5,101,74,0.157282,-1.42025,74,0.119083,-1.88458,72,0.0934586,0.08627,3
O1,C,rolling,43,first_storm,B0,31,13,0.0440871,0.656693,2,1,0,6,10,11,11,11,10,2,1,73,0.371005,4.10558,-3.61163,60,25,25,6,37,23,0.108393,-1.23101,25,0.15157,-1.42519,25,0.111042,-0.95542,1
O1,C,rolling,43,first_storm,M_TOC,31,13,0.0440871,0.656693,2,1,0,6,10,11,11,11,10,2,1,73,0.370145,4.10729,-3.6094,59,25,25,6,37,23,0.112004,-1.25053,25,0.153751,-1.43741,25,0.104391,-0.921465,1
O1,C,rolling,43,first_storm,oracle,31,13,0.0393592,0.559723,2,1,0,,,,,11,,2,,73,0.343405,2.72428,-0.261706,,25,22,5,33,23,0.0215116,-0.182888,25,0.043295,-0.117922,25,0.278598,0.0391042,1
O1,C,rolling,43,after_storm,B0,31,13,0.0265337,0.445783,0,0,0,7,12,13,13,10,10,3,3,74,0.335686,4.13323,-3.69499,69,24,24,8,39,24,0.114118,-1.04901,27,0.0828546,-1.26386,23,0.138714,-1.38213,1
O1,C,rolling,43,after_storm,M_TOC,31,13,0.0265337,0.445783,0,0,0,7,12,13,13,10,10,3,3,74,0.321475,4.03405,-3.6036,70,24,24,7,38,24,0.11001,-1.03421,27,0.0795961,-1.23421,23,0.131869,-1.33518,1
O1,C,rolling,43,after_storm,oracle,31,13,0.0320699,0.475164,0,0,0,,,,,10,,3,,74,0.114971,2.10018,-1.14554,,24,24,0,31,24,0.0676662,-0.59889,27,0.0235341,-0.475869,23,0.0237706,-0.0707774,1
O1,C,rolling,44,falling,B0,152,52,0.92083,3.78798,9,7,1,24,39,46,50,41,36,11,10,293,0.753733,11.1426,-8.22302,276,133,128,11,159,87,0.40791,-3.41869,96,0.164432,-1.9885,110,0.181391,-2.81584,4
O1,C,rolling,44,falling,M_TOC,152,52,0.92083,3.78798,9,7,1,24,39,46,50,41,36,11,10,293,0.763152,11.156,-8.18089,276,133,127,11,158,87,0.410903,-3.35156,96,0.163845,-1.93818,110,0.188405,-2.89115,4
O1,C,rolling,44,falling,oracle,152,52,0.113985,1.85529,9,9,0,,,,,41,,11,,293,0.537378,8.27438,-5.52774,,133,132,8,161,87,0.320686,-2.2139,96,0.0877138,-0.949928,110,0.128978,-2.36391,4
O1,C,rolling,44,steady,B0,110,39,0.107176,1.69653,6,6,0,22,35,36,37,30,27,9,9,219,1.51679,14.679,-13.6887,156,88,87,18,129,75,0.768363,-5.93538,71,0.429938,-4.28037,73,0.318486,-3.47293,3
O1,C,rolling,44,steady,M_TOC,110,39,0.107176,1.69653,6,6,0,22,35,36,37,30,27,9,9,219,1.51762,14.726,-13.7254,158,88,87,18,129,75,0.765906,-5.92926,71,0.430206,-4.30143,73,0.321511,-3.4947,3
O1,C,rolling,44,steady,oracle,110,39,0.0864643,1.42919,6,6,0,,,,,30,,9,,219,0.356033,6.22073,-0.940322,,88,86,4,111,75,0.224942,-1.04235,71,0.0900024,0.0788298,73,0.0410887,0.0231974,3
O1,C,rolling,44,first_storm,B0,42,13,0.139759,1.06713,3,1,0,3,8,8,9,10,8,3,0,73,0.180604,2.41922,0.905415,70,37,35,0,40,26,0.0980117,0.729324,23,0.0706873,0.497234,24,0.0119054,-0.321143,1
O1,C,rolling,44,first_storm,M_TOC,42,13,0.139759,1.06713,3,1,0,3,8,8,9,10,8,3,0,73,0.180127,2.41134,0.947137,70,37,35,0,40,26,0.094836,0.750017,23,0.073107,0.526347,24,0.0121841,-0.329227,1
O1,C,rolling,44,first_storm,oracle,42,13,0.0251193,0.448705,3,2,0,,,,,10,,3,,73,0.0714741,1.66078,-0.758901,,37,36,1,44,26,0.0408829,-0.517969,23,0.0219967,-0.130755,24,0.00859453,-0.110178,1
O1,C,rolling,44,after_storm,B0,32,13,0.0630786,0.82357,2,2,0,3,9,11,12,10,8,3,3,73,0.38878,4.06979,-3.42641,52,26,26,4,36,25,0.197449,-1.74519,23,0.110523,-0.827946,25,0.0808077,-0.853271,1
O1,C,rolling,44,after_storm,M_TOC,32,13,0.0630786,0.82357,2,2,0,3,9,11,12,10,8,3,3,73,0.390448,4.08929,-3.40851,52,26,25,4,35,25,0.198683,-1.74119,23,0.10874,-0.810875,25,0.0830244,-0.856446,1
O1,C,rolling,44,after_storm,oracle,32,13,0.0344969,0.538627,2,2,0,,,,,10,,3,,73,0.267866,3.38462,-0.0266555,,26,23,4,31,25,0.128676,-0.454014,23,0.0389871,-0.620263,25,0.100203,1.04762,1
O1,C,rolling,45,falling,B0,122,52,0.497005,3.54514,6,4,3,24,37,41,43,41,32,11,9,299,2.70001,22.0086,-16.8051,244,96,95,14,137,109,1.5358,-6.89209,93,0.644487,-5.38565,97,0.519719,-4.5274,4
O1,C,rolling,45,falling,M_TOC,122,52,0.497005,3.54514,6,4,3,24,37,41,43,41,32,11,9,299,2.67425,21.8511,-16.6456,242,96,95,13,136,109,1.52166,-6.80437,93,0.624968,-5.27951,97,0.527627,-4.56172,4
O1,C,rolling,45,falling,oracle,122,52,0.0939456,1.76981,6,4,1,,,,,41,,11,,299,0.532799,8.0478,-0.67904,,96,91,5,121,109,0.181248,0.630498,93,0.148163,-1.88547,97,0.203387,0.575935,4
O1,C,rolling,45,steady,B0,93,39,0.83111,3.71479,3,1,5,18,29,33,35,32,26,7,7,220,12.676,42.935,-42.9091,98,76,76,61,177,81,8.02895,-23.0388,68,3.98211,-14.6196,71,0.664963,-5.25064,3
O1,C,rolling,45,steady,M_TOC,93,39,0.83111,3.71479,3,1,5,18,29,33,35,32,26,7,7,220,12.7054,43.0583,-43.0391,101,76,76,60,176,81,8.03826,-23.0922,68,3.99744,-14.6654,71,0.669722,-5.28141,3
O1,C,rolling,45,steady,oracle,93,39,0.583598,2.31295,3,2,1,,,,,32,,7,,220,0.377902,6.54046,0.494933,,76,72,5,94,81,0.10812,0.598821,68,0.0915677,-1.1635,71,0.178214,1.05961,3
O1,C,rolling,45,first_storm,B0,33,13,0.125867,0.840356,2,1,0,5,9,9,11,10,7,3,2,75,0.232398,3.50886,-0.120823,62,26,26,0,34,27,0.052024,0.652845,24,0.0893926,0.196722,24,0.0909815,-0.97039,1
O1,C,rolling,45,first_storm,M_TOC,33,13,0.125867,0.840356,2,1,0,5,9,9,11,10,7,3,2,75,0.236228,3.52002,-0.113358,62,26,26,0,34,27,0.0525215,0.661302,24,0.0909883,0.2049,24,0.0927186,-0.97956,1
O1,C,rolling,45,first_storm,oracle,33,13,0.00819265,0.241591,2,2,0,,,,,10,,3,,75,0.0988559,2.14944,0.315147,,26,26,0,34,27,0.0420016,0.364837,24,0.0283749,-0.245721,24,0.0284794,0.196031,1
O1,C,rolling,45,after_storm,B0,33,13,0.0881257,0.843074,1,0,0,4,8,11,12,10,8,3,3,74,0.447336,4.90301,-4.64834,60,24,24,1,34,26,0.224532,-2.10715,24,0.155671,-1.63919,24,0.0671327,-0.902004,1
O1,C,rolling,45,after_storm,M_TOC,33,13,0.0881257,0.843074,1,0,0,4,8,11,12,10,8,3,3,74,0.456183,4.94904,-4.70644,58,24,24,1,34,26,0.227977,-2.12384,24,0.160542,-1.66835,24,0.0676631,-0.914251,1
O1,C,rolling,45,after_storm,oracle,33,13,0.0145849,0.320436,1,1,0,,,,,10,,3,,74,0.0745102,1.5955,-0.162864,,24,23,1,33,26,0.0267592,0.394304,24,0.0289976,-0.455447,24,0.0187534,-0.101721,1
O1,C,rolling,46,falling,B0,158,52,0.425726,3.52331,10,10,1,21,37,44,49,42,34,10,10,292,0.956881,12.9039,-10.2877,236,127,119,1,151,101,0.472837,-4.83654,92,0.261934,-2.35378,99,0.222109,-3.09741,4
O1,C,rolling,46,falling,M_TOC,158,52,0.425725,3.52331,10,10,1,21,37,44,49,42,34,10,10,292,0.969368,13.0139,-10.338,235,127,118,1,150,101,0.48334,-4.87831,92,0.263085,-2.34995,99,0.222944,-3.10978,4
O1,C,rolling,46,falling,oracle,158,52,0.113491,1.96644,10,10,0,,,,,42,,10,,292,0.396363,7.31778,1.55312,,127,114,0,144,101,0.222605,0.483062,92,0.120903,1.27817,99,0.0528557,-0.208102,4
O1,C,rolling,46,steady,B0,107,39,0.933242,3.88382,5,4,1,15,23,29,31,30,21,9,8,220,2.31957,15.9119,-14.3655,161,89,84,10,115,72,1.32715,-7.11583,73,0.804149,-5.07485,75,0.188264,-2.17481,3
O1,C,rolling,46,steady,M_TOC,107,39,0.933242,3.88382,5,4,1,15,23,29,31,30,21,9,8,220,2.31206,15.8672,-14.3012,162,89,84,10,115,72,1.32137,-7.07897,73,0.80135,-5.03512,75,0.189335,-2.18708,3
O1,C,rolling,46,steady,oracle,107,39,0.469534,2.21154,5,4,1,,,,,30,,9,,220,0.574498,8.29225,-1.83001,,89,83,3,104,72,0.332816,-0.6888,73,0.153729,-0.844594,75,0.0879524,-0.296614,3
O1,C,rolling,46,first_storm,B0,41,13,0.155183,1.1283,2,1,0,9,11,11,11,10,9,3,2,73,0.209774,2.71473,1.35596,64,33,29,1,37,21,0.0735257,0.853462,24,0.0309288,0.308219,28,0.10532,0.19428,1
O1,C,rolling,46,first_storm,M_TOC,41,13,0.155183,1.1283,2,1,0,9,11,11,11,10,9,3,2,73,0.199995,2.6516,1.3134,64,33,29,1,37,21,0.0714429,0.85162,24,0.0289711,0.292608,28,0.0995805,0.169172,1
O1,C,rolling,46,first_storm,oracle,41,13,0.0312878,0.433162,2,2,0,,,,,10,,3,,73,0.112138,1.70893,-0.698908,,33,33,0,41,21,0.0718383,0.00439779,24,0.0124338,-0.110503,28,0.0278659,-0.592803,1
O1,C,rolling,46,after_storm,B0,39,13,0.221906,0.917145,2,2,2,11,12,12,12,10,9,3,3,73,0.471644,4.29788,-2.51505,56,32,31,4,41,21,0.0801615,-0.237401,25,0.293084,-2.00582,27,0.0983982,-0.271828,1
O1,C,rolling,46,after_storm,M_TOC,39,13,0.221906,0.917145,2,2,2,11,12,12,12,10,9,3,3,73,0.46397,4.25679,-2.43736,55,32,31,4,41,21,0.0800903,-0.209811,25,0.284651,-1.96234,27,0.0992291,-0.265205,1
O1,C,rolling,46,after_storm,oracle,39,13,0.0396338,0.5427,2,2,1,,,,,10,,3,,73,0.0589607,1.36391,-0.430322,,32,32,1,39,21,0.0231974,0.101389,25,0.0227342,-0.345394,27,0.0130291,-0.186316,1
O1,C,rolling,47,falling,B0,145,52,0.320772,3.11433,2,2,1,24,37,42,46,42,34,10,8,293,1.16621,13.2117,-9.66081,255,129,126,9,157,93,0.837859,-6.63322,91,0.142537,-1.30565,109,0.185812,-1.72194,4
O1,C,rolling,47,falling,M_TOC,145,52,0.320772,3.11433,2,2,1,24,37,42,46,42,34,10,8,293,1.1678,13.1853,-9.61273,257,129,126,9,157,93,0.841781,-6.66243,91,0.141909,-1.32624,109,0.184114,-1.62406,4
O1,C,rolling,47,falling,oracle,145,52,0.149352,2.15708,2,2,3,,,,,42,,10,,293,0.730451,10.7761,-0.422619,,129,122,6,148,93,0.323043,-1.18573,91,0.176748,-0.316332,109,0.23066,1.07944,4
O1,C,rolling,47,steady,B0,126,39,0.221987,2.46702,2,1,0,14,32,35,37,30,27,9,8,219,0.297147,5.95091,-0.378375,216,104,100,1,121,69,0.153462,-0.163874,75,0.0699417,0.296138,75,0.0737436,-0.510639,3
O1,C,rolling,47,steady,M_TOC,126,39,0.221987,2.46702,2,1,0,14,32,35,37,30,27,9,8,219,0.298364,5.93446,-0.54233,216,104,101,1,122,69,0.155761,-0.28666,75,0.0695947,0.22744,75,0.0730086,-0.48311,3
O1,C,rolling,47,steady,oracle,126,39,0.1231,1.6401,2,2,0,,,,,30,,9,,219,0.191268,4.9882,1.88676,,104,102,4,128,69,0.0913718,1.32416,75,0.0459601,0.219896,75,0.0539365,0.342701,3
O1,C,rolling,47,first_storm,B0,45,13,0.0546554,0.667638,2,2,0,5,9,11,11,11,10,2,1,73,0.125156,2.49547,1.84288,59,36,34,1,41,24,0.0669027,1.10871,23,0.0410392,0.599757,26,0.0172141,0.134406,1
O1,C,rolling,47,first_storm,M_TOC,45,13,0.0546554,0.667638,2,2,0,5,9,11,11,11,10,2,1,73,0.119796,2.44457,1.79862,58,36,34,1,41,24,0.0638383,1.0709,23,0.0390271,0.584021,26,0.0169308,0.143697,1
O1,C,rolling,47,first_storm,oracle,45,13,0.0212017,0.410254,2,2,0,,,,,11,,2,,73,0.0607618,1.54357,0.459699,,36,35,3,44,24,0.0261743,0.411856,23,0.0298065,0.13167,26,0.00478105,-0.0838266,1
O1,C,rolling,47,after_storm,B0,36,13,0.103325,0.770187,2,1,0,7,11,12,12,10,9,3,3,74,0.472039,4.98819,-4.98819,60,32,32,8,49,25,0.270118,-2.31687,23,0.149648,-1.74112,26,0.0522725,-0.930205,1
O1,C,rolling,47,after_storm,M_TOC,36,13,0.103325,0.770187,2,1,0,7,11,12,12,10,9,3,3,74,0.469322,4.94348,-4.94348,60,32,32,8,49,25,0.271972,-2.3197,23,0.147396,-1.72564,26,0.0499542,-0.898138,1
O1,C,rolling,47,after_storm,oracle,36,13,0.0129783,0.288781,2,2,0,,,,,10,,3,,74,0.0751746,1.86304,-0.419421,,32,29,0,33,25,0.0385098,-0.40785,23,0.0163306,-0.344794,26,0.0203342,0.333224,1
O1,C,jan_mar_to_jul_sep,32,all_months,B0,113,39,0.23448,2.16617,11,8,1,23,30,35,35,32,28,7,7,219,3.15843,18.3345,-16.0761,212,85,83,19,132,75,2.54052,-10.7548,72,0.533479,-5.22929,72,0.0844293,-0.0919318,3
O1,C,jan_mar_to_jul_sep,32,all_months,M_TOC,113,39,0.23448,2.16617,11,8,1,23,30,35,35,32,28,7,7,219,3.12451,18.299,-16.1321,212,85,83,19,132,75,2.50863,-10.7295,72,0.531683,-5.25085,72,0.0841901,-0.151698,3
O1,C,jan_mar_to_jul_sep,32,all_months,oracle,113,39,0.0745835,1.37994,11,10,0,,,,,32,,7,,219,0.47734,7.57778,1.94005,,85,75,3,105,75,0.225449,0.874517,72,0.104872,1.06403,72,0.147019,0.0015005,3
O1,C,jan_mar_to_jul_sep,33,all_months,B0,101,39,1.61849,5.08597,6,6,5,12,26,31,32,31,23,8,8,219,4.07676,20.3997,-18.5809,172,79,78,21,123,81,2.78731,-8.81236,72,0.892367,-5.77842,66,0.39708,-3.99014,3
O1,C,jan_mar_to_jul_sep,33,all_months,M_TOC,101,39,1.61849,5.08597,6,6,5,12,26,31,32,31,23,8,8,219,4.10659,20.5721,-18.7427,171,79,78,24,126,81,2.80519,-8.91902,72,0.899006,-5.79131,66,0.402398,-4.0324,3
O1,C,jan_mar_to_jul_sep,33,all_months,oracle,101,39,0.573656,3.32493,6,5,2,,,,,31,,8,,219,1.92471,10.9245,3.66939,,79,69,1,90,81,1.52641,2.441,72,0.224919,-0.225756,66,0.173372,1.45414,3
O1,C,jan_mar_to_jul_sep,34,all_months,B0,114,39,0.128369,1.90073,5,4,0,18,30,34,35,32,29,7,5,222,0.88083,10.6521,-10.1527,187,99,98,13,126,66,0.337646,-3.73684,78,0.414981,-4.44954,78,0.128204,-1.96629,3
O1,C,jan_mar_to_jul_sep,34,all_months,M_TOC,114,39,0.128369,1.90073,5,4,0,18,30,34,35,32,29,7,5,222,0.865452,10.6024,-10.0492,189,99,98,19,132,66,0.326141,-3.65757,78,0.418155,-4.46558,78,0.121157,-1.92605,3
O1,C,jan_mar_to_jul_sep,34,all_months,oracle,114,39,0.0748191,1.46467,5,5,0,,,,,32,,7,,222,0.310359,5.94281,-2.00725,,99,94,11,119,66,0.0658628,-0.662857,78,0.171481,-2.21615,78,0.0730153,0.87176,3
O1,C,jan_mar_to_jul_sep,35,all_months,B0,125,39,0.403621,2.83271,6,5,2,20,34,35,35,31,27,8,8,222,0.427536,7.30355,2.43139,214,95,72,0,99,72,0.145195,0.667829,81,0.10583,1.00137,69,0.176511,0.762196,3
O1,C,jan_mar_to_jul_sep,35,all_months,M_TOC,125,39,0.403621,2.83271,6,5,2,20,34,35,35,31,27,8,8,222,0.43302,7.37374,2.47909,218,95,72,0,99,72,0.148435,0.628982,81,0.108145,1.08559,69,0.176441,0.764511,3
O1,C,jan_mar_to_jul_sep,35,all_months,oracle,125,39,0.143998,1.62179,6,5,2,,,,,31,,8,,222,0.311095,5.84462,-0.730203,,95,92,9,131,72,0.137441,0.0301157,81,0.092107,-1.24309,69,0.0815467,0.482772,3
O1,C,jan_mar_to_jul_sep,36,all_months,B0,112,39,0.13447,1.88972,3,1,0,16,28,34,37,32,27,7,7,219,0.702373,9.86609,-7.90402,206,93,93,27,141,69,0.280183,-2.24153,66,0.232583,-2.96036,84,0.189606,-2.70213,3
O1,C,jan_mar_to_jul_sep,36,all_months,M_TOC,112,39,0.13447,1.88972,3,1,0,16,28,34,37,32,27,7,7,219,0.685327,9.76382,-7.68876,207,93,92,28,141,69,0.280356,-2.13952,66,0.226777,-2.92576,84,0.178195,-2.62347,3
O1,C,jan_mar_to_jul_sep,36,all_months,oracle,112,39,0.0674517,1.27823,3,3,1,,,,,32,,7,,219,0.533116,7.50595,3.0117,,93,89,5,112,69,0.270327,1.03964,66,0.114132,0.654276,84,0.148657,1.31778,3
O1,C,jan_mar_to_jul_sep,37,all_months,B0,101,39,0.319458,2.73474,5,2,1,24,34,36,36,32,29,7,7,222,3.19354,20.8204,-19.4944,197,76,75,15,120,78,1.93078,-10.6558,72,1.03804,-5.94105,72,0.224718,-2.89754,3
O1,C,jan_mar_to_jul_sep,37,all_months,M_TOC,101,39,0.319458,2.73474,5,2,1,24,34,36,36,32,29,7,7,222,3.14606,20.6368,-19.2059,200,76,75,15,120,78,1.90849,-10.5556,72,1.01921,-5.79032,72,0.218359,-2.86,3
O1,C,jan_mar_to_jul_sep,37,all_months,oracle,101,39,0.203077,2.26124,5,3,1,,,,,32,,7,,222,0.609646,8.94204,-1.08214,,76,66,3,94,78,0.29,-1.54937,72,0.24275,-0.661623,72,0.0768962,1.12885,3
O1,C,jan_mar_to_jul_sep,38,all_months,B0,106,39,0.270396,2.13434,5,4,0,26,35,36,38,31,28,8,8,219,3.53802,18.4975,-17.9287,206,93,93,15,126,69,2.68925,-9.09481,66,0.49623,-5.05145,84,0.352541,-3.78242,3
O1,C,jan_mar_to_jul_sep,38,all_months,M_TOC,106,39,0.270396,2.13434,5,4,0,26,35,36,38,31,28,8,8,219,3.47924,18.341,-17.7937,207,93,93,15,126,69,2.65084,-8.96753,66,0.480476,-5.01517,84,0.347924,-3.81099,3
O1,C,jan_mar_to_jul_sep,38,all_months,oracle,106,39,0.0773214,1.29369,5,5,0,,,,,31,,8,,219,0.407893,6.6145,-0.440781,,93,89,1,99,69,0.222814,0.419882,66,0.0935883,-0.0605476,84,0.0914902,-0.800115,3
O1,C,jan_mar_to_jul_sep,39,all_months,B0,114,39,0.171117,1.91046,7,7,5,24,37,38,39,30,29,9,9,222,1.23487,14.0276,-12.9614,209,86,86,28,144,78,0.456389,-4.60645,72,0.582251,-5.54659,72,0.19623,-2.80833,3
O1,C,jan_mar_to_jul_sep,39,all_months,M_TOC,114,39,0.171117,1.91046,7,7,5,24,37,38,39,30,29,9,9,222,1.18029,13.7004,-12.54,208,86,86,28,144,78,0.435734,-4.38668,72,0.554122,-5.40788,72,0.19043,-2.74546,3
O1,C,jan_mar_to_jul_sep,39,all_months,oracle,114,39,0.108342,1.40719,7,7,4,,,,,30,,9,,222,0.27297,5.40403,-0.661841,,86,82,9,118,78,0.144014,0.357146,72,0.0818567,-0.937267,72,0.0470997,-0.0817203,3
O1,C,jan_mar_to_jul_sep,40,all_months,B0,106,39,0.717204,3.40979,7,2,0,12,20,25,25,30,19,9,6,219,0.791189,7.57416,-1.91302,203,84,78,6,105,75,0.104918,0.0523184,69,0.147076,-0.737974,75,0.539195,-1.22737,3
O1,C,jan_mar_to_jul_sep,40,all_months,M_TOC,106,39,0.717204,3.40979,7,2,0,12,20,25,25,30,19,9,6,219,0.782951,7.54256,-1.64998,205,84,78,6,105,75,0.10549,0.205485,69,0.145775,-0.615232,75,0.531687,-1.24024,3
O1,C,jan_mar_to_jul_sep,40,all_months,oracle,106,39,0.440836,2.30067,7,5,1,,,,,30,,9,,219,1.03691,9.76889,-4.05244,,84,82,10,120,75,0.207344,-0.939906,69,0.182275,-1.84055,75,0.647292,-1.27199,3
O1,C,jan_mar_to_jul_sep,41,all_months,B0,102,39,0.282294,2.41342,8,7,0,10,20,26,29,32,20,7,6,222,0.97542,12.1789,-9.1013,188,70,67,5,108,87,0.452183,-4.18551,63,0.362222,-3.17366,72,0.161014,-1.74212,3
O1,C,jan_mar_to_jul_sep,41,all_months,M_TOC,102,39,0.282294,2.41342,8,7,0,10,20,26,29,32,20,7,6,222,0.979217,12.1634,-9.29816,187,70,67,5,108,87,0.456819,-4.24657,63,0.358725,-3.24058,72,0.163672,-1.81102,3
O1,C,jan_mar_to_jul_sep,41,all_months,oracle,102,39,0.128105,1.8155,8,6,0,,,,,32,,7,,222,0.341048,7.1051,1.71616,,70,60,1,90,87,0.168926,0.0246161,63,0.0750893,-0.356144,72,0.0970327,2.04769,3
O1,C,jan_mar_to_jul_sep,42,all_months,B0,94,39,0.460895,3.10642,2,1,0,12,20,28,35,30,23,9,5,219,1.16042,12.0887,-8.94079,177,77,77,13,111,75,0.348087,-2.52267,66,0.604217,-4.99726,78,0.208113,-1.42085,3
O1,C,jan_mar_to_jul_sep,42,all_months,M_TOC,94,39,0.460895,3.10642,2,1,0,12,20,28,35,30,23,9,5,219,1.2165,12.4251,-9.50022,176,77,77,16,114,75,0.371801,-2.82016,66,0.635363,-5.20165,78,0.20934,-1.47841,3
O1,C,jan_mar_to_jul_sep,42,all_months,oracle,94,39,0.16963,1.86386,2,2,0,,,,,30,,9,,219,0.736905,9.2776,-1.2865,,77,74,7,99,75,0.299874,-0.450344,66,0.209115,-2.31688,78,0.227916,1.48072,3
O1,C,jan_mar_to_jul_sep,43,all_months,B0,106,39,0.10543,1.6426,1,1,0,22,35,37,38,31,31,8,6,219,1.67249,13.2355,-9.87909,204,87,83,7,111,72,1.2429,-6.46999,78,0.323144,-2.54777,69,0.106445,-0.86133,3
O1,C,jan_mar_to_jul_sep,43,all_months,M_TOC,106,39,0.10543,1.6426,1,1,0,22,35,37,38,31,31,8,6,219,1.70938,13.353,-9.93396,204,87,83,7,111,72,1.27162,-6.51562,78,0.331054,-2.59,69,0.106702,-0.828336,3
O1,C,jan_mar_to_jul_sep,43,all_months,oracle,106,39,0.031543,0.877779,1,1,0,,,,,31,,8,,219,0.348831,6.20459,-3.33516,,87,84,8,112,72,0.155442,-1.07489,78,0.109387,-1.33389,69,0.0840016,-0.926377,3
O1,C,jan_mar_to_jul_sep,44,all_months,B0,111,39,0.582189,2.71273,8,5,0,15,29,32,33,31,25,8,7,219,0.538798,8.66455,-5.83727,205,96,95,13,123,69,0.26888,-2.65166,69,0.116356,-1.44147,81,0.153562,-1.74414,3
O1,C,jan_mar_to_jul_sep,44,all_months,M_TOC,111,39,0.582189,2.71273,8,5,0,15,29,32,33,31,25,8,7,219,0.538545,8.65076,-5.93134,207,96,95,13,123,69,0.263571,-2.64873,69,0.115934,-1.45554,81,0.15904,-1.82707,3
O1,C,jan_mar_to_jul_sep,44,all_months,oracle,111,39,0.0657682,1.31931,8,8,0,,,,,31,,8,,219,0.322781,5.9981,-3.59433,,96,94,7,117,69,0.18993,-1.92353,69,0.0710286,-0.831059,81,0.0618219,-0.839736,3
O1,C,jan_mar_to_jul_sep,45,all_months,B0,93,39,0.218083,2.38362,5,4,1,16,26,30,33,31,23,8,7,228,0.826219,11.0428,-8.15848,201,78,78,12,108,84,0.276671,-1.74749,69,0.279236,-3.41487,75,0.270312,-2.99611,3
O1,C,jan_mar_to_jul_sep,45,all_months,M_TOC,93,39,0.218083,2.38362,5,4,1,16,26,30,33,31,23,8,7,228,0.82379,11.0396,-8.17517,198,78,78,12,108,84,0.277429,-1.7707,69,0.270702,-3.3692,75,0.27566,-3.03527,3
O1,C,jan_mar_to_jul_sep,45,all_months,oracle,93,39,0.586475,2.39446,5,3,1,,,,,31,,8,,228,0.626589,7.64296,1.61915,,78,70,10,97,84,0.140997,0.932738,69,0.115038,-1.24492,75,0.370553,1.93132,3
O1,C,jan_mar_to_jul_sep,46,all_months,B0,115,39,1.00778,3.68213,5,4,4,21,36,37,38,31,29,8,8,219,1.55502,13.5118,-9.83704,178,85,77,4,108,75,0.963018,-5.27776,69,0.366066,-2.31297,75,0.225935,-2.2463,3
O1,C,jan_mar_to_jul_sep,46,all_months,M_TOC,115,39,1.00778,3.68213,5,4,4,21,36,37,38,31,29,8,8,219,1.5919,13.6699,-10.1163,175,85,77,4,108,75,0.98845,-5.43177,69,0.371719,-2.38179,75,0.231736,-2.30271,3
O1,C,jan_mar_to_jul_sep,46,all_months,oracle,115,39,0.121493,1.64042,5,5,1,,,,,31,,8,,219,0.494638,6.9903,-0.813609,,85,78,2,105,75,0.303468,0.110629,69,0.100474,0.220951,75,0.0906967,-1.14519,3
O1,C,jan_mar_to_jul_sep,47,all_months,B0,122,39,0.238736,2.41715,2,0,1,18,29,34,35,30,25,9,9,219,0.477363,7.57107,-6.49435,203,105,105,9,135,66,0.294335,-3.29901,69,0.0714693,-1.31847,84,0.111558,-1.87687,3
O1,C,jan_mar_to_jul_sep,47,all_months,M_TOC,122,39,0.238736,2.41715,2,0,1,18,29,34,35,30,25,9,9,219,0.476858,7.55911,-6.40793,205,105,105,9,135,66,0.295243,-3.28898,69,0.0715163,-1.3138,84,0.110099,-1.80515,3
O1,C,jan_mar_to_jul_sep,47,all_months,oracle,122,39,0.160897,2.02035,2,2,2,,,,,30,,9,,219,0.244266,5.50928,2.60177,,105,102,1,122,66,0.12801,1.26921,69,0.0529169,0.675168,84,0.0633386,0.657392,3
O1,S,rolling,32,falling,B0,136,52,0.382872,3.09396,13,11,2,33,41,47,49,40,36,12,11,292,5.57116,28.1174,-27.1984,250,99,98,33,170,100,4.10003,-15.1449,97,1.08009,-7.87325,95,0.391043,-4.1803,4
O1,S,rolling,32,falling,M_TOC,136,52,0.384291,3.07387,13,11,2,32,44,48,49,40,37,12,11,292,5.16934,26.8322,-25.3927,270,99,96,28,163,100,3.95576,-14.8628,97,0.894303,-7.07059,95,0.319273,-3.45933,4
O1,S,rolling,32,falling,M_TOC_h0half,136,52,0.387925,3.09453,13,11,2,32,44,47,49,40,36,12,11,292,5.27392,27.254,-26.0681,264,99,96,30,165,100,4.01097,-15.0324,97,0.921911,-7.30706,95,0.341036,-3.72869,4
O1,S,rolling,32,falling,M_TOC_linear,136,52,0.380298,3.04499,13,11,1,30,46,49,49,40,38,12,11,292,5.13055,26.7594,-25.2313,272,99,96,28,163,100,3.93008,-14.8648,97,0.897108,-7.06449,95,0.303368,-3.30203,4
O1,S,rolling,32,falling,network_mean,136,52,3.73774,11.4297,13,0,0,,,,,40,,12,,,,,,,,,,,,,,,,,,,,4
O1,S,rolling,32,falling,oracle,136,52,0.165806,2.28627,13,13,0,,,,,40,,12,,292,0.486428,8.79112,2.23935,,99,90,7,132,100,0.259183,1.10032,97,0.118155,1.1131,95,0.109091,0.0259337,4
O1,S,rolling,32,falling,persistence,136,52,1.22997,5.11615,13,10,1,,,,,40,,12,,,,,,,,,,,,,,,,,,,,4
O1,S,rolling,32,steady,B0,104,39,0.180092,1.90493,10,9,1,20,32,35,36,30,26,9,9,219,2.44623,14.7051,-12.1882,166,80,80,16,126,76,1.51681,-4.77488,71,0.63425,-4.16085,72,0.295169,-3.2525,3
O1,S,rolling,32,steady,M_TOC,104,39,0.177199,1.90229,10,9,1,22,31,36,36,30,27,9,9,219,2.2834,13.777,-10.8989,172,80,80,14,121,76,1.47146,-4.17095,71,0.545941,-3.7399,72,0.266005,-2.98805,3
O1,S,rolling,32,steady,M_TOC_h0half,104,39,0.178213,1.90125,10,9,1,22,31,35,36,30,26,9,9,219,2.35333,14.1918,-11.5683,170,80,80,16,123,76,1.49278,-4.51447,71,0.581248,-3.94594,72,0.279303,-3.1079,3
O1,S,rolling,32,steady,M_TOC_linear,104,39,0.176982,1.91221,10,9,1,21,31,36,36,30,27,9,9,219,2.18042,13.1399,-10.2996,174,80,80,13,119,76,1.45523,-3.89509,71,0.475789,-3.54951,72,0.249403,-2.85499,3
O1,S,rolling,32,steady,network_mean,104,39,2.2758,7.96692,10,0,0,,,,,30,,9,,,,,,,,,,,,,,,,,,,,3
O1,S,rolling,32,steady,oracle,104,39,0.537751,2.46665,10,8,1,,,,,30,,9,,219,0.534815,8.03688,3.34896,,80,71,2,96,76,0.27612,1.41638,71,0.0976616,0.93422,72,0.161033,0.998364,3
O1,S,rolling,32,steady,persistence,104,39,0.962892,4.53282,10,6,3,,,,,30,,9,,,,,,,,,,,,,,,,,,,,3
O1,S,rolling,32,first_storm,B0,47,13,0.0985881,0.937884,3,3,0,5,9,11,11,11,9,2,2,73,0.486276,4.83963,3.50488,59,38,29,0,36,25,0.313797,1.26315,24,0.114616,1.5291,24,0.057864,0.712628,1
O1,S,rolling,32,first_storm,M_TOC,47,13,0.0539302,0.639409,3,3,0,6,10,12,13,11,10,2,2,73,0.304855,3.48226,1.42142,67,38,32,0,40,25,0.21956,0.497639,24,0.0516223,0.82857,24,0.033673,0.0952105,1
O1,S,rolling,32,first_storm,M_TOC_h0half,47,13,0.0643789,0.712669,3,3,0,5,11,12,13,11,10,2,2,73,0.337755,3.75677,1.97183,67,38,31,0,39,25,0.237876,0.683203,24,0.0643383,1.02269,24,0.0355404,0.26594,1
O1,S,rolling,32,first_storm,M_TOC_linear,47,13,0.0462136,0.590678,3,3,0,7,10,12,13,11,10,2,2,73,0.281663,3.31978,1.00123,67,38,32,0,40,25,0.204179,0.321713,24,0.0435829,0.685708,24,0.0339004,-0.00618874,1
O1,S,rolling,32,first_storm,network_mean,47,13,0.407747,1.98872,3,0,0,,,,,11,,2,,,,,,,,,,,,,,,,,,,,1
O1,S,rolling,32,first_storm,oracle,47,13,0.028867,0.48983,3,3,0,,,,,11,,2,,73,0.097233,2.03221,1.77832,,38,33,0,41,25,0.0623449,0.960136,24,0.0237182,0.531273,24,0.0111699,0.286908,1
O1,S,rolling,32,first_storm,persistence,47,13,0.294931,1.61128,3,1,1,,,,,11,,2,,,,,,,,,,,,,,,,,,,,1
O1,S,rolling,32,after_storm,B0,43,13,0.235925,1.48381,2,2,4,3,3,6,6,10,6,3,0,74,0.155849,2.61369,-1.28711,69,33,32,0,41,28,0.108144,-1.11806,23,0.0407363,-0.370755,23,0.00696802,0.201699,1
O1,S,rolling,32,after_storm,M_TOC,43,13,0.247059,1.49158,2,2,4,3,4,8,10,10,8,3,0,74,0.385957,3.50721,-2.61987,65,33,32,0,41,28,0.318775,-2.0353,23,0.0634927,-0.627044,23,0.00368892,0.0424783,1
O1,S,rolling,32,after_storm,M_TOC_h0half,43,13,0.243193,1.49365,2,2,4,3,3,6,8,10,6,3,0,74,0.267063,3.11517,-2.09611,68,33,32,0,41,28,0.208491,-1.66716,23,0.0538997,-0.526507,23,0.0046716,0.0975587,1
O1,S,rolling,32,after_storm,M_TOC_linear,43,13,0.25024,1.46396,2,2,4,3,6,9,11,10,8,3,1,74,0.720635,4.52633,-3.81576,61,33,32,3,44,28,0.616336,-2.85815,23,0.0995623,-0.902926,23,0.00473699,-0.0546809,1
O1,S,rolling,32,after_storm,network_mean,43,13,0.860678,2.73718,2,0,0,,,,,10,,3,,,,,,,,,,,,,,,,,,,,1
O1,S,rolling,32,after_storm,oracle,43,13,0.0345306,0.581776,2,2,1,,,,,10,,3,,74,0.0707635,1.53444,-0.47116,,33,32,2,44,28,0.0430561,0.0674513,23,0.00899068,-0.141499,23,0.0187167,-0.397112,1
O1,S,rolling,32,after_storm,persistence,43,13,0.477491,1.72282,2,2,0,,,,,10,,3,,,,,,,,,,,,,,,,,,,,1
O1,S,rolling,33,falling,B0,143,52,1.24026,5.61153,9,8,8,22,38,41,45,41,31,11,10,292,8.34634,31.4499,-27.9408,199,110,107,22,167,110,6.4151,-13.9344,96,1.27889,-8.34286,86,0.652349,-5.6635,4
O1,S,rolling,33,falling,M_TOC,143,52,1.17687,5.32591,9,7,6,26,38,40,44,41,30,11,10,292,7.91504,29.3383,-25.2613,199,110,107,21,166,110,6.14616,-12.309,96,1.18564,-7.63543,86,0.583239,-5.31684,4
O1,S,rolling,33,falling,M_TOC_h0half,143,52,1.20278,5.45595,9,7,7,24,37,41,45,41,31,11,10,292,8.0235,30.4465,-26.5966,204,110,107,21,165,110,6.18787,-13.2327,96,1.23074,-7.90593,86,0.604885,-5.45793,4
O1,S,rolling,33,falling,M_TOC_linear,143,52,1.18034,5.36443,9,7,6,24,39,42,46,41,32,11,10,292,7.73114,29.6306,-25.8335,206,110,107,20,163,110,5.97885,-13.0789,96,1.19956,-7.57825,86,0.552732,-5.17638,4
O1,S,rolling,33,falling,network_mean,143,52,2.40863,9.32385,9,0,0,,,,,41,,11,,,,,,,,,,,,,,,,,,,,4
O1,S,rolling,33,falling,oracle,143,52,0.250941,2.63209,9,8,2,,,,,41,,11,,292,1.93834,12.4999,4.9428,,110,95,1,124,110,1.52605,3.13885,96,0.19805,-0.727278,86,0.21424,2.53123,4
O1,S,rolling,33,falling,persistence,143,52,2.26789,7.48795,9,4,6,,,,,41,,11,,,,,,,,,,,,,,,,,,,,4
O1,S,rolling,33,steady,B0,102,39,0.563156,3.16048,6,4,2,18,31,34,34,32,28,7,6,223,0.538462,7.99158,-2.66989,208,78,73,7,106,80,0.268552,0.232677,73,0.147255,-1.67398,70,0.122655,-1.22858,3
O1,S,rolling,33,steady,M_TOC,102,39,0.565552,3.14568,6,4,2,16,30,34,34,32,28,7,6,223,0.566828,8.0638,-2.10386,205,78,71,6,103,80,0.294759,0.45621,73,0.152972,-1.64408,70,0.119097,-0.915983,3
O1,S,rolling,33,steady,M_TOC_h0half,102,39,0.564822,3.15027,6,4,2,16,30,34,34,32,28,7,6,223,0.53421,7.98491,-2.37209,208,78,72,6,104,80,0.268615,0.317486,73,0.146846,-1.63983,70,0.118749,-1.04975,3
O1,S,rolling,33,steady,M_TOC_linear,102,39,0.569091,3.14931,6,4,2,15,30,34,34,32,28,7,6,223,0.555216,8.06637,-1.67926,207,78,70,6,102,80,0.286983,0.541348,73,0.150316,-1.51021,70,0.117917,-0.710401,3
O1,S,rolling,33,steady,network_mean,102,39,2.03207,7.52462,6,0,0,,,,,32,,7,,,,,,,,,,,,,,,,,,,,3
O1,S,rolling,33,steady,oracle,102,39,0.454431,2.66662,6,6,4,,,,,32,,7,,223,0.689813,9.05991,5.50872,,78,66,5,90,80,0.359273,2.74241,73,0.12065,0.893147,70,0.20989,1.87315,3
O1,S,rolling,33,steady,persistence,102,39,0.865241,4.02103,6,3,2,,,,,32,,7,,,,,,,,,,,,,,,,,,,,3
O1,S,rolling,33,first_storm,B0,33,13,0.239703,1.50233,3,2,0,1,6,7,9,12,6,1,1,74,0.370574,3.9122,-2.80208,71,24,23,7,40,28,0.222086,-1.59454,25,0.129492,-1.30756,21,0.0189966,0.100021,1
O1,S,rolling,33,first_storm,M_TOC,33,13,0.1996,1.34566,3,3,0,2,7,8,11,12,7,1,1,74,0.392037,4.17563,-3.47232,70,24,24,7,41,28,0.230061,-1.77734,25,0.146367,-1.52573,21,0.0156092,-0.169248,1
O1,S,rolling,33,first_storm,M_TOC_h0half,33,13,0.210517,1.3852,3,3,0,2,7,8,11,12,7,1,1,74,0.370972,4.01737,-3.19257,70,24,24,7,41,28,0.217937,-1.67822,25,0.138069,-1.44023,21,0.0149664,-0.074117,1
O1,S,rolling,33,first_storm,M_TOC_linear,33,13,0.190385,1.3109,3,3,0,2,7,8,11,12,7,1,1,74,0.399043,4.21695,-3.59405,70,24,24,7,41,28,0.232928,-1.82268,25,0.149994,-1.5593,21,0.0161217,-0.212075,1
O1,S,rolling,33,first_storm,network_mean,33,13,0.854152,2.60923,3,0,0,,,,,12,,1,,,,,,,,,,,,,,,,,,,,1
O1,S,rolling,33,first_storm,oracle,33,13,0.0838197,0.635221,3,3,0,,,,,12,,1,,74,0.214269,2.95689,0.917761,,24,22,3,34,28,0.1161,0.641715,25,0.0536272,-0.288689,21,0.0445415,0.564734,1
O1,S,rolling,33,first_storm,persistence,33,13,0.496646,1.62026,3,1,0,,,,,12,,1,,,,,,,,,,,,,,,,,,,,1
O1,S,rolling,33,after_storm,B0,33,13,0.178775,1.09131,5,5,0,3,10,10,10,11,8,2,2,75,0.494217,4.62984,-3.83946,60,25,23,6,38,28,0.289559,-1.94028,25,0.171671,-1.69024,22,0.0329868,-0.208943,1
O1,S,rolling,33,after_storm,M_TOC,33,13,0.18888,1.1059,5,5,0,4,10,10,10,11,8,2,2,75,0.499433,4.75681,-4.13675,58,25,25,6,40,28,0.281829,-1.9803,25,0.181403,-1.77747,22,0.0362017,-0.378971,1
O1,S,rolling,33,after_storm,M_TOC_h0half,33,13,0.186737,1.10277,5,5,0,4,10,10,10,11,8,2,2,75,0.501592,4.74721,-4.11297,58,25,25,6,40,28,0.285152,-1.98338,25,0.180932,-1.77051,22,0.0355085,-0.359078,1
O1,S,rolling,33,after_storm,M_TOC_linear,33,13,0.19044,1.10794,5,5,0,5,9,10,10,11,8,2,2,75,0.511063,4.82499,-4.24744,54,25,25,6,40,28,0.288404,-2.02112,25,0.184869,-1.80628,22,0.03779,-0.420033,1
O1,S,rolling,33,after_storm,network_mean,33,13,0.896465,2.97436,5,0,0,,,,,11,,2,,,,,,,,,,,,,,,,,,,,1
O1,S,rolling,33,after_storm,oracle,33,13,0.132257,1.05553,5,3,0,,,,,11,,2,,75,0.303736,3.39402,2.3085,,25,20,0,26,28,0.154323,1.0589,25,0.0292961,0.12154,22,0.120116,1.12805,1
O1,S,rolling,33,after_storm,persistence,33,13,0.414944,1.76436,5,3,0,,,,,11,,2,,,,,,,,,,,,,,,,,,,,1
O1,S,rolling,34,falling,B0,133,52,0.160816,2.41658,6,6,1,27,44,49,51,40,37,12,12,293,1.50376,17.163,-15.8011,204,111,110,37,173,90,0.712366,-6.34709,103,0.63465,-6.57976,100,0.156742,-2.87428,4
O1,S,rolling,34,falling,M_TOC,133,52,0.154013,2.37223,6,6,1,28,45,49,52,40,37,12,12,293,1.35953,16.108,-14.6748,209,111,110,32,168,90,0.65151,-5.94949,103,0.570235,-6.11682,100,0.137783,-2.60847,4
O1,S,rolling,34,falling,M_TOC_h0half,133,52,0.156526,2.39105,6,6,1,28,45,49,52,40,37,12,12,293,1.364,16.1568,-14.7087,218,111,110,31,167,90,0.648345,-5.93028,103,0.57678,-6.14683,100,0.138879,-2.63164,4
O1,S,rolling,34,falling,M_TOC_linear,133,52,0.151607,2.3496,6,6,1,27,45,49,52,40,37,12,12,293,1.32095,15.791,-14.1955,218,111,110,30,166,90,0.628893,-5.71267,103,0.554644,-5.90626,100,0.137415,-2.57656,4
O1,S,rolling,34,falling,network_mean,133,52,6.35958,15.2031,6,0,0,,,,,40,,12,,,,,,,,,,,,,,,,,,,,4
O1,S,rolling,34,falling,oracle,133,52,0.137119,2.07295,6,5,1,,,,,40,,12,,293,0.525416,8.32593,-2.8485,,111,106,16,146,90,0.184702,-1.10486,103,0.228008,-1.34883,100,0.112707,-0.394807,4
O1,S,rolling,34,falling,persistence,133,52,1.17826,5.51308,6,4,1,,,,,40,,12,,,,,,,,,,,,,,,,,,,,4
O1,S,rolling,34,steady,B0,109,39,0.22339,1.96744,6,4,2,23,28,31,35,30,26,9,5,219,0.498052,7.96172,-6.5751,201,90,90,16,130,68,0.193504,-2.20091,73,0.227853,-2.70053,78,0.0766957,-1.67366,3
O1,S,rolling,34,steady,M_TOC,109,39,0.230149,1.97791,6,4,2,23,28,30,35,30,25,9,5,219,0.47964,7.78215,-6.15192,199,90,89,16,129,68,0.19934,-2.28228,73,0.221881,-2.64937,78,0.0584189,-1.22027,3
O1,S,rolling,34,steady,M_TOC_h0half,109,39,0.227873,1.97462,6,4,2,23,28,31,35,30,26,9,5,219,0.484867,7.78718,-6.24699,202,90,89,15,128,68,0.196165,-2.2406,73,0.227311,-2.66175,78,0.0613907,-1.34464,3
O1,S,rolling,34,steady,M_TOC_linear,109,39,0.232632,1.98255,6,4,2,23,28,30,35,30,25,9,5,219,0.468165,7.68107,-5.92014,200,90,89,15,127,68,0.194394,-2.2246,73,0.217942,-2.58076,78,0.055829,-1.11478,3
O1,S,rolling,34,steady,network_mean,109,39,4.78714,11.261,6,0,0,,,,,30,,9,,,,,,,,,,,,,,,,,,,,3
O1,S,rolling,34,steady,oracle,109,39,0.0908683,1.55356,6,6,1,,,,,30,,9,,219,0.245603,5.56142,-0.430782,,90,87,6,112,68,0.0872092,0.0945589,73,0.0895316,-1.33636,78,0.0688618,0.811021,3
O1,S,rolling,34,steady,persistence,109,39,1.66594,4.71103,6,3,1,,,,,30,,9,,,,,,,,,,,,,,,,,,,,3
O1,S,rolling,34,first_storm,B0,35,13,0.0903584,0.978722,1,1,0,3,8,11,11,11,10,2,1,73,0.647855,5.33347,-4.29419,48,29,29,7,42,20,0.186684,-1.47731,28,0.409804,-2.40348,25,0.0513673,-0.413402,1
O1,S,rolling,34,first_storm,M_TOC,35,13,0.114074,1.07531,1,1,0,4,6,10,11,11,9,2,1,73,0.872925,6.31532,-5.5733,37,29,29,8,44,20,0.25375,-1.91487,28,0.544648,-3.0095,25,0.0745264,-0.648934,1
O1,S,rolling,34,first_storm,M_TOC_h0half,35,13,0.102558,1.03225,1,1,0,3,7,10,11,11,9,2,1,73,0.761749,5.8549,-4.97254,39,29,29,8,43,20,0.218029,-1.70643,28,0.481273,-2.74088,25,0.0624471,-0.525225,1
O1,S,rolling,34,first_storm,M_TOC_linear,35,13,0.155808,1.22599,1,1,1,4,7,9,10,11,8,2,1,73,1.11511,7.17091,-6.61822,29,29,29,11,47,20,0.419015,-2.53488,28,0.60528,-3.28886,25,0.090813,-0.794487,1
O1,S,rolling,34,first_storm,network_mean,35,13,1.89733,3.87462,1,0,0,,,,,11,,2,,,,,,,,,,,,,,,,,,,,1
O1,S,rolling,34,first_storm,oracle,35,13,0.026769,0.46987,1,1,0,,,,,11,,2,,73,0.253801,3.27418,-0.218743,,29,27,0,32,20,0.0887861,-0.277286,28,0.107665,-0.789514,25,0.0573503,0.848057,1
O1,S,rolling,34,first_storm,persistence,35,13,0.684925,1.88821,1,1,0,,,,,11,,2,,,,,,,,,,,,,,,,,,,,1
O1,S,rolling,34,after_storm,B0,42,13,0.0889637,0.917644,2,2,0,3,8,10,12,10,7,3,3,73,0.165821,2.84121,1.47073,64,34,31,1,39,21,0.0712737,1.11746,27,0.043481,0.518444,25,0.0510666,-0.165168,1
O1,S,rolling,34,after_storm,M_TOC,42,13,0.0989831,0.944316,2,2,0,3,8,11,12,10,8,3,3,73,0.145966,2.66215,1.11939,65,34,32,2,41,21,0.0595466,0.992912,27,0.0389944,0.362995,25,0.0474255,-0.236513,1
O1,S,rolling,34,after_storm,M_TOC_h0half,42,13,0.0933268,0.930558,2,2,0,3,8,11,12,10,8,3,3,73,0.155062,2.74894,1.29718,64,34,31,2,40,21,0.0662716,1.06515,27,0.0402742,0.442574,25,0.0485166,-0.210541,1
O1,S,rolling,34,after_storm,M_TOC_linear,42,13,0.114285,0.977276,2,2,0,4,7,12,12,10,9,3,3,73,0.13089,2.52535,0.679371,65,34,32,2,41,21,0.0491575,0.857739,27,0.0335396,0.162507,25,0.0481931,-0.340875,1
O1,S,rolling,34,after_storm,network_mean,42,13,1.40848,3.69949,2,0,0,,,,,10,,3,,,,,,,,,,,,,,,,,,,,1
O1,S,rolling,34,after_storm,oracle,42,13,0.0200484,0.436067,2,2,0,,,,,10,,3,,73,0.052054,1.38541,-0.253063,,34,33,4,44,21,0.0126931,0.040345,27,0.0273022,-0.344989,25,0.0120588,0.0515811,1
O1,S,rolling,34,after_storm,persistence,42,13,0.629617,2.21769,2,1,0,,,,,10,,3,,,,,,,,,,,,,,,,,,,,1
O1,S,rolling,35,falling,B0,153,52,0.422274,3.35926,9,7,4,32,40,44,47,40,34,12,10,294,1.12301,14.5157,-7.79372,232,118,101,5,142,100,0.521658,-3.60746,103,0.322003,-2.39719,91,0.279345,-1.78907,4
O1,S,rolling,35,falling,M_TOC,153,52,0.422951,3.42844,9,7,3,33,41,45,48,40,35,12,10,294,1.16116,14.552,-7.03994,243,118,101,5,140,100,0.578117,-3.61714,103,0.323046,-2.1707,91,0.259996,-1.25209,4
O1,S,rolling,35,falling,M_TOC_h0half,153,52,0.418261,3.40103,9,7,4,33,40,46,47,40,35,12,11,294,1.16271,14.5824,-7.30926,235,118,101,5,141,100,0.574614,-3.64892,103,0.322019,-2.2396,91,0.266081,-1.42074,4
O1,S,rolling,35,falling,M_TOC_linear,153,52,0.432694,3.45928,9,7,3,31,41,43,48,40,33,12,10,294,1.14354,14.3958,-6.00819,249,118,100,5,138,100,0.574511,-3.38144,103,0.317308,-1.90506,91,0.251717,-0.721696,4
O1,S,rolling,35,falling,network_mean,153,52,4.87264,12.3949,9,0,0,,,,,40,,12,,,,,,,,,,,,,,,,,,,,4
O1,S,rolling,35,falling,oracle,153,52,0.338047,3.03752,9,7,8,,,,,40,,12,,294,0.37093,7.47269,2.27452,,118,105,3,145,100,0.181083,0.984432,103,0.0953761,1.00323,91,0.0944704,0.286851,4
O1,S,rolling,35,falling,persistence,153,52,1.75539,6.4741,9,5,3,,,,,40,,12,,,,,,,,,,,,,,,,,,,,4
O1,S,rolling,35,steady,B0,118,39,0.341592,2.63315,7,7,2,22,34,35,37,32,28,7,7,220,2.17072,16.4156,-14.9261,164,92,90,10,129,75,1.1102,-6.65069,77,0.802821,-5.5729,68,0.257691,-2.70249,3
O1,S,rolling,35,steady,M_TOC,118,39,0.339563,2.62418,7,7,2,22,34,35,37,32,28,7,7,220,2.16753,16.4066,-14.8921,167,92,90,10,130,75,1.11292,-6.64745,77,0.79931,-5.56507,68,0.255301,-2.67953,3
O1,S,rolling,35,steady,M_TOC_h0half,118,39,0.340153,2.62679,7,7,2,22,34,35,37,32,28,7,7,220,2.21753,16.5662,-15.0586,164,92,90,10,130,75,1.14343,-6.72951,77,0.811967,-5.59585,68,0.262133,-2.73324,3
O1,S,rolling,35,steady,M_TOC_linear,118,39,0.339041,2.62185,7,7,2,22,34,35,37,32,28,7,7,220,2.19802,16.509,-14.9616,162,92,90,10,130,75,1.13019,-6.68311,77,0.815473,-5.61922,68,0.252353,-2.65925,3
O1,S,rolling,35,steady,network_mean,118,39,3.15937,8.54308,7,0,0,,,,,32,,7,,,,,,,,,,,,,,,,,,,,3
O1,S,rolling,35,steady,oracle,118,39,0.138534,1.57356,7,6,1,,,,,32,,7,,220,0.271741,5.34023,-0.830141,,92,81,8,117,75,0.125479,-0.17988,77,0.056954,-0.553133,68,0.0893087,-0.0971284,3
O1,S,rolling,35,steady,persistence,118,39,0.810426,4.09436,7,5,0,,,,,32,,7,,,,,,,,,,,,,,,,,,,,3
O1,S,rolling,35,first_storm,B0,41,13,0.0914871,0.725523,4,2,0,7,9,12,12,10,9,3,3,74,0.112586,2.06205,-1.12816,72,33,33,3,45,25,0.0760282,-0.589824,26,0.0246972,-0.603096,23,0.0118609,0.06476,1
O1,S,rolling,35,first_storm,M_TOC,41,13,0.0613061,0.57962,4,3,0,8,11,11,12,10,8,3,3,74,0.162852,2.82493,-2.4804,71,33,33,4,46,25,0.0929518,-1.06785,26,0.0547705,-1.02703,23,0.0151301,-0.385509,1
O1,S,rolling,35,first_storm,M_TOC_h0half,41,13,0.066676,0.602986,4,3,0,9,11,12,12,10,9,3,3,74,0.140499,2.58337,-2.07237,71,33,33,3,45,25,0.0842315,-0.920341,26,0.0444251,-0.903707,23,0.0118422,-0.248324,1
O1,S,rolling,35,first_storm,M_TOC_linear,41,13,0.0582811,0.587263,4,3,0,8,11,11,12,10,8,3,3,74,0.184338,3.07369,-2.83569,71,33,33,5,47,25,0.097768,-1.19681,26,0.0675847,-1.15455,23,0.0189848,-0.484327,1
O1,S,rolling,35,first_storm,network_mean,41,13,1.23565,3.13949,4,0,0,,,,,10,,3,,,,,,,,,,,,,,,,,,,,1
O1,S,rolling,35,first_storm,oracle,41,13,0.0183784,0.362588,4,4,0,,,,,10,,3,,74,0.0976035,1.8021,0.617979,,33,32,3,44,25,0.0520343,0.303889,26,0.0255894,0.00477204,23,0.0199798,0.309318,1
O1,S,rolling,35,first_storm,persistence,41,13,0.195891,1.15051,4,2,0,,,,,10,,3,,,,,,,,,,,,,,,,,,,,1
O1,S,rolling,35,after_storm,B0,44,13,0.166464,1.027,2,1,2,4,9,11,12,10,9,3,2,74,0.529102,4.83388,-4.70401,72,36,36,4,49,26,0.315086,-2.52642,25,0.175368,-1.6078,23,0.0386469,-0.569791,1
O1,S,rolling,35,after_storm,M_TOC,44,13,0.122981,0.790995,2,1,2,7,10,11,12,10,9,3,2,74,0.189207,3.09305,-2.66279,70,36,36,1,46,26,0.0960852,-1.00259,25,0.0597191,-0.999155,23,0.0334023,-0.661036,1
O1,S,rolling,35,after_storm,M_TOC_h0half,44,13,0.123115,0.792573,2,1,2,7,10,11,12,10,9,3,2,74,0.185918,3.03642,-2.58226,70,36,36,2,47,26,0.0960338,-0.956522,25,0.0575817,-0.978114,23,0.032303,-0.647621,1
O1,S,rolling,35,after_storm,M_TOC_linear,44,13,0.122913,0.79363,2,1,2,7,10,11,12,10,9,3,2,74,0.191598,3.12468,-2.71433,69,36,36,2,47,26,0.0973244,-1.03987,25,0.0603134,-1.00633,23,0.0339606,-0.668123,1
O1,S,rolling,35,after_storm,network_mean,44,13,1.23044,3.05846,2,0,0,,,,,10,,3,,,,,,,,,,,,,,,,,,,,1
O1,S,rolling,35,after_storm,oracle,44,13,0.167942,0.878972,2,1,2,,,,,10,,3,,74,0.0699561,1.48766,-0.850637,,36,35,1,44,26,0.0526684,-0.471245,25,0.00997825,-0.228061,23,0.00730941,-0.15133,1
O1,S,rolling,35,after_storm,persistence,44,13,0.182388,1.10846,2,2,2,,,,,10,,3,,,,,,,,,,,,,,,,,,,,1
O1,S,rolling,36,falling,B0,154,52,0.127303,1.91009,6,5,0,30,42,47,50,41,38,11,9,294,0.934803,12.9428,-11.9424,271,126,126,25,182,97,0.423413,-4.2851,88,0.319357,-4.30695,109,0.192033,-3.35031,4
O1,S,rolling,36,falling,M_TOC,154,52,0.134628,1.95238,6,4,0,31,41,44,49,41,35,11,9,294,0.741544,10.9544,-9.75136,279,126,126,20,177,97,0.35441,-3.52169,88,0.247459,-3.61309,109,0.139675,-2.61658,4
O1,S,rolling,36,falling,M_TOC_h0half,154,52,0.128264,1.91186,6,4,0,30,42,46,50,41,37,11,9,294,0.814529,11.7598,-10.6797,278,126,126,24,181,97,0.372435,-3.79554,88,0.275431,-3.87089,109,0.166663,-3.01329,4
O1,S,rolling,36,falling,M_TOC_linear,154,52,0.138155,2.00294,6,4,0,29,40,44,49,41,35,11,9,294,0.693833,10.3561,-9.08218,280,126,126,19,176,97,0.327756,-3.22816,88,0.231013,-3.36377,109,0.135064,-2.49025,4
O1,S,rolling,36,falling,network_mean,154,52,1.54299,7.31641,6,0,0,,,,,41,,11,,,,,,,,,,,,,,,,,,,,4
O1,S,rolling,36,falling,oracle,154,52,0.0777984,1.60072,6,6,1,,,,,41,,11,,294,0.48447,7.97443,3.04933,,126,122,5,156,97,0.244505,1.41735,88,0.1528,0.760997,109,0.0871645,0.870985,4
O1,S,rolling,36,falling,persistence,154,52,0.856696,4.59462,6,0,2,,,,,41,,11,,,,,,,,,,,,,,,,,,,,4
O1,S,rolling,36,steady,B0,112,39,0.173998,2.08314,5,4,0,17,29,33,35,30,24,9,9,219,1.94652,11.6689,-5.97085,191,92,89,9,117,75,1.55938,-2.91031,61,0.142234,-0.220808,83,0.244911,-2.83972,3
O1,S,rolling,36,steady,M_TOC,112,39,0.179059,2.11593,5,4,0,18,30,34,35,30,25,9,9,219,1.87121,11.0213,-6.31586,199,92,89,8,118,75,1.55858,-3.304,61,0.12076,-0.490199,83,0.191862,-2.52166,3
O1,S,rolling,36,steady,M_TOC_h0half,112,39,0.17657,2.1013,5,4,0,18,30,34,35,30,25,9,9,219,1.9395,11.3861,-6.34924,195,92,89,10,120,75,1.59181,-3.21073,61,0.13014,-0.432068,83,0.217552,-2.70645,3
O1,S,rolling,36,steady,M_TOC_linear,112,39,0.183296,2.13726,5,4,0,17,29,34,35,30,25,9,9,219,1.88017,10.7329,-6.35142,200,92,89,8,119,75,1.59689,-3.42894,61,0.113894,-0.583367,83,0.169389,-2.33912,3
O1,S,rolling,36,steady,network_mean,112,39,1.06288,5.26667,5,0,0,,,,,30,,9,,,,,,,,,,,,,,,,,,,,3
O1,S,rolling,36,steady,oracle,112,39,0.0597985,1.27117,5,4,1,,,,,30,,9,,219,0.334388,5.98581,0.599465,,92,91,4,115,75,0.211788,-0.220421,61,0.046089,0.434754,83,0.0765116,0.385132,3
O1,S,rolling,36,steady,persistence,112,39,0.684072,3.57,5,2,0,,,,,30,,9,,,,,,,,,,,,,,,,,,,,3
O1,S,rolling,36,first_storm,B0,43,13,0.141667,1.09365,0,0,1,4,7,8,9,11,6,2,2,73,0.62483,3.20661,-0.505228,71,35,33,0,40,25,0.584752,-0.754145,22,0.0254422,0.388132,26,0.0146358,-0.139215,1
O1,S,rolling,36,first_storm,M_TOC,43,13,0.105109,0.924014,0,0,2,5,8,11,13,11,9,2,2,73,0.677403,2.87993,-1.9022,70,35,35,1,44,25,0.646952,-1.42147,22,0.0145656,-0.109178,26,0.0158858,-0.371557,1
O1,S,rolling,36,first_storm,M_TOC_h0half,43,13,0.11916,0.985062,0,0,2,6,8,8,13,11,6,2,2,73,0.646828,2.96133,-1.23734,69,35,33,0,41,25,0.614454,-1.10213,22,0.0177531,0.135146,26,0.0146203,-0.270352,1
O1,S,rolling,36,first_storm,M_TOC_linear,43,13,0.0897017,0.850543,0,0,2,5,9,13,13,11,11,2,2,73,0.732313,3.0976,-2.71088,68,35,35,5,48,25,0.691446,-1.79794,22,0.0201851,-0.401433,26,0.0206821,-0.511504,1
O1,S,rolling,36,first_storm,network_mean,43,13,0.304708,1.73231,0,0,0,,,,,11,,2,,,,,,,,,,,,,,,,,,,,1
O1,S,rolling,36,first_storm,oracle,43,13,0.0252369,0.523604,0,0,3,,,,,11,,2,,73,0.0756452,1.847,0.00584798,,35,34,3,45,25,0.0348579,0.371053,22,0.0309928,-0.112298,26,0.00979449,-0.252908,1
O1,S,rolling,36,first_storm,persistence,43,13,0.165684,1.07846,0,0,1,,,,,11,,2,,,,,,,,,,,,,,,,,,,,1
O1,S,rolling,36,after_storm,B0,49,13,0.133869,0.931034,3,2,0,7,10,10,10,10,7,3,3,73,0.256536,3.3411,2.31034,69,41,34,0,42,26,0.190246,1.46805,21,0.0320996,0.579959,26,0.0341898,0.262329,1
O1,S,rolling,36,after_storm,M_TOC,49,13,0.10978,0.8375,3,2,0,8,9,9,10,10,7,3,2,73,0.396371,3.05408,1.43809,71,41,36,0,44,26,0.356981,0.970868,21,0.017847,0.322815,26,0.0215435,0.144406,1
O1,S,rolling,36,after_storm,M_TOC_h0half,49,13,0.113024,0.860282,3,2,0,8,9,10,10,10,7,3,3,73,0.303222,2.97794,1.57013,71,41,34,0,42,26,0.259977,1.03912,21,0.0204258,0.380393,26,0.0228185,0.150625,1
O1,S,rolling,36,after_storm,M_TOC_linear,49,13,0.1101,0.832738,3,2,0,8,9,9,9,10,7,3,2,73,0.499849,2.96718,1.1157,71,41,37,0,45,26,0.466647,0.836871,21,0.013051,0.184591,26,0.0201518,0.0942397,1
O1,S,rolling,36,after_storm,network_mean,49,13,0.5548,2.17692,3,0,0,,,,,10,,3,,,,,,,,,,,,,,,,,,,,1
O1,S,rolling,36,after_storm,oracle,49,13,0.0366381,0.578794,3,3,0,,,,,10,,3,,73,0.0936941,2.15176,1.61882,,41,35,0,44,26,0.0450456,0.878554,21,0.0397619,0.550272,26,0.00888665,0.189994,1
O1,S,rolling,36,after_storm,persistence,49,13,0.472162,1.67231,3,0,0,,,,,10,,3,,,,,,,,,,,,,,,,,,,,1
O1,S,rolling,37,falling,B0,131,52,0.540956,3.95979,4,3,6,23,38,44,46,41,35,11,9,293,3.82623,27.392,-25.0991,182,99,96,18,149,103,1.96045,-12.2921,93,1.3555,-8.1531,97,0.510286,-4.65383,4
O1,S,rolling,37,falling,M_TOC,131,52,0.520403,3.82174,4,3,4,26,37,44,48,41,35,11,9,293,3.54481,26.1374,-23.584,196,99,96,18,146,103,1.83458,-11.7581,93,1.30567,-7.84565,97,0.404566,-3.98033,4
O1,S,rolling,37,falling,M_TOC_h0half,131,52,0.525965,3.84747,4,3,4,26,37,45,48,41,36,11,9,293,3.58755,26.2941,-23.8181,194,99,96,16,145,103,1.85683,-11.8293,93,1.31703,-7.92217,97,0.413683,-4.06663,4
O1,S,rolling,37,falling,M_TOC_linear,131,52,0.511262,3.78709,4,2,4,25,37,43,47,41,34,11,9,293,3.42727,25.7192,-22.9729,194,99,96,14,142,103,1.8027,-11.6733,93,1.24737,-7.56774,97,0.377203,-3.73188,4
O1,S,rolling,37,falling,network_mean,131,52,3.81398,11.2815,4,0,0,,,,,41,,11,,,,,,,,,,,,,,,,,,,,4
O1,S,rolling,37,falling,oracle,131,52,0.542794,3.70115,4,1,1,,,,,41,,11,,293,1.26435,14.1642,1.18815,,99,83,0,111,103,0.373128,-1.47623,93,0.369534,-0.312306,97,0.521689,2.97669,4
O1,S,rolling,37,falling,persistence,131,52,0.943688,5.23154,4,1,3,,,,,41,,11,,,,,,,,,,,,,,,,,,,,4
O1,S,rolling,37,steady,B0,92,39,0.243882,2.55919,7,3,0,15,25,30,34,31,25,8,5,222,1.59388,14.2766,-11.4561,193,72,71,5,96,79,0.670758,-5.41004,68,0.671225,-3.28101,75,0.251896,-2.76504,3
O1,S,rolling,37,steady,M_TOC,92,39,0.244492,2.56,7,3,0,15,25,30,34,31,25,8,5,222,1.55274,14.0852,-11.1885,193,72,71,3,94,79,0.65727,-5.35583,68,0.655649,-3.2117,75,0.239824,-2.62098,3
O1,S,rolling,37,steady,M_TOC_h0half,92,39,0.244313,2.55982,7,3,0,15,25,30,34,31,25,8,5,222,1.58486,14.1916,-11.2865,191,72,71,3,94,79,0.669701,-5.39342,68,0.668811,-3.23678,75,0.246344,-2.65632,3
O1,S,rolling,37,steady,M_TOC_linear,92,39,0.244654,2.56012,7,3,0,15,25,30,34,31,25,8,5,222,1.53654,14.0027,-10.9555,187,72,71,3,94,79,0.659833,-5.29026,68,0.64042,-3.11263,75,0.236285,-2.55264,3
O1,S,rolling,37,steady,network_mean,92,39,3.42394,9.26103,7,0,0,,,,,31,,8,,,,,,,,,,,,,,,,,,,,3
O1,S,rolling,37,steady,oracle,92,39,0.257944,2.59271,7,2,0,,,,,31,,8,,222,0.858309,10.7774,-0.413704,,72,60,0,77,79,0.352312,-1.65877,68,0.346411,-0.778141,75,0.159586,2.02321,3
O1,S,rolling,37,steady,persistence,92,39,0.996989,4.58026,7,2,1,,,,,31,,8,,,,,,,,,,,,,,,,,,,,3
O1,S,rolling,37,first_storm,B0,36,13,0.11391,1.14214,3,2,0,2,7,8,8,10,6,3,2,73,0.309426,3.74533,-1.23555,65,26,25,1,35,26,0.158911,-1.16831,23,0.0875967,-0.830573,24,0.0629185,0.763338,1
O1,S,rolling,37,first_storm,M_TOC,36,13,0.114062,1.1054,3,2,0,3,7,9,11,10,7,3,2,73,0.552826,5.00691,-4.08638,58,26,25,3,39,26,0.313228,-2.36097,23,0.208595,-1.70791,24,0.0310028,-0.0174912,1
O1,S,rolling,37,first_storm,M_TOC_h0half,36,13,0.114061,1.12164,3,2,0,3,7,8,11,10,7,3,1,73,0.495674,4.75485,-3.52859,60,26,25,2,38,26,0.281674,-2.16083,23,0.181342,-1.54116,24,0.032658,0.173398,1
O1,S,rolling,37,first_storm,M_TOC_linear,36,13,0.114797,1.09155,3,2,0,3,7,10,11,10,8,3,2,73,0.604837,5.2338,-4.49857,55,26,25,3,40,26,0.338704,-2.50457,23,0.232977,-1.84459,24,0.0331555,-0.149406,1
O1,S,rolling,37,first_storm,network_mean,36,13,1.30727,3.49026,3,0,0,,,,,10,,3,,,,,,,,,,,,,,,,,,,,1
O1,S,rolling,37,first_storm,oracle,36,13,0.0990776,1.02196,3,2,0,,,,,10,,3,,73,0.231959,3.30585,-1.68653,,26,25,2,37,26,0.108727,-1.05181,23,0.0840869,-1.01653,24,0.0391443,0.381806,1
O1,S,rolling,37,first_storm,persistence,36,13,0.330005,1.68026,3,1,0,,,,,10,,3,,,,,,,,,,,,,,,,,,,,1
O1,S,rolling,37,after_storm,B0,35,13,0.233533,1.3698,1,1,1,6,11,12,12,11,10,2,2,73,1.06831,6.06069,-5.17827,53,27,27,2,38,24,0.59743,-2.80117,24,0.452754,-2.19079,25,0.0181274,-0.186308,1
O1,S,rolling,37,after_storm,M_TOC,35,13,0.235483,1.36421,1,1,1,5,10,12,12,11,10,2,2,73,1.27745,7.13323,-6.70105,54,27,27,4,40,24,0.65591,-3.1291,24,0.533546,-2.63314,25,0.0879955,-0.938813,1
O1,S,rolling,37,after_storm,M_TOC_h0half,35,13,0.230979,1.34854,1,1,1,5,11,12,12,11,10,2,2,73,1.17762,6.8232,-6.33958,54,27,27,3,39,24,0.611049,-2.99936,24,0.485663,-2.47332,25,0.0809111,-0.866911,1
O1,S,rolling,37,after_storm,M_TOC_linear,35,13,0.235751,1.36396,1,1,1,5,10,12,12,11,10,2,2,73,1.2876,7.20084,-6.79118,53,27,27,5,41,24,0.653096,-3.14803,24,0.542069,-2.67172,25,0.0924341,-0.971435,1
O1,S,rolling,37,after_storm,network_mean,35,13,1.24312,3.22897,1,0,0,,,,,11,,2,,,,,,,,,,,,,,,,,,,,1
O1,S,rolling,37,after_storm,oracle,35,13,0.126834,1.15306,1,0,0,,,,,11,,2,,73,0.394744,4.40143,0.515036,,27,22,0,30,24,0.195653,0.00725714,24,0.153045,-0.399995,25,0.0460464,0.907774,1
O1,S,rolling,37,after_storm,persistence,35,13,0.339824,1.59897,1,1,2,,,,,11,,2,,,,,,,,,,,,,,,,,,,,1
O1,S,rolling,38,falling,B0,142,52,0.685529,4.20154,4,2,4,23,42,46,47,40,35,12,11,292,5.51724,24.5394,-21.9614,248,120,118,33,181,96,4.02612,-10.9682,91,1.09301,-6.99906,105,0.398109,-3.99413,4
O1,S,rolling,38,falling,M_TOC,142,52,0.699899,4.34027,4,2,3,22,43,47,48,40,36,12,11,292,5.3845,23.4145,-20.4088,235,120,118,30,177,96,4.13053,-10.6527,91,0.948329,-6.42606,105,0.305648,-3.33002,4
O1,S,rolling,38,falling,M_TOC_h0half,142,52,0.691076,4.30901,4,2,3,21,44,47,48,40,36,12,11,292,5.40482,23.5545,-20.6812,236,120,118,29,177,96,4.11693,-10.7128,91,0.97277,-6.54324,105,0.315119,-3.42523,4
O1,S,rolling,38,falling,M_TOC_linear,142,52,0.710111,4.37478,4,2,3,21,43,47,48,40,36,12,11,292,5.30459,23.0727,-19.8543,245,120,118,26,171,96,4.10736,-10.4473,91,0.90608,-6.22922,105,0.291155,-3.17783,4
O1,S,rolling,38,falling,network_mean,142,52,1.9537,7.97026,4,0,0,,,,,40,,12,,,,,,,,,,,,,,,,,,,,4
O1,S,rolling,38,falling,oracle,142,52,0.0952336,1.7701,4,4,2,,,,,40,,12,,292,0.601767,9.73052,-2.63478,,120,119,11,153,96,0.327683,0.832353,91,0.116993,-1.22827,105,0.157092,-2.23886,4
O1,S,rolling,38,falling,persistence,142,52,1.23019,6.29846,4,0,3,,,,,40,,12,,,,,,,,,,,,,,,,,,,,4
O1,S,rolling,38,steady,B0,100,39,0.172712,2.13811,5,4,0,21,27,30,35,30,24,9,6,219,0.907658,11.6656,-4.11001,190,83,78,8,104,73,0.417676,-1.29138,67,0.262657,-1.06698,79,0.227325,-1.75165,3
O1,S,rolling,38,steady,M_TOC,100,39,0.172477,2.12338,5,4,0,20,27,30,35,30,24,9,6,219,0.900543,11.6149,-3.88304,190,83,78,9,105,73,0.408247,-1.15638,67,0.264746,-1.06616,79,0.22755,-1.66051,3
O1,S,rolling,38,steady,M_TOC_h0half,100,39,0.172466,2.12825,5,4,0,20,27,30,35,30,24,9,6,219,0.894633,11.609,-3.94317,189,83,77,8,102,73,0.405707,-1.21844,67,0.260703,-1.08019,79,0.228223,-1.64453,3
O1,S,rolling,38,steady,M_TOC_linear,100,39,0.172581,2.11856,5,4,0,20,27,31,35,30,24,9,7,219,0.885843,11.5601,-3.8571,192,83,78,10,105,73,0.395089,-1.1409,67,0.263199,-1.10572,79,0.227556,-1.61047,3
O1,S,rolling,38,steady,network_mean,100,39,1.62492,6.47026,5,0,0,,,,,30,,9,,,,,,,,,,,,,,,,,,,,3
O1,S,rolling,38,steady,oracle,100,39,0.105591,1.60419,5,5,0,,,,,30,,9,,219,0.423985,7.10511,0.0515392,,83,82,8,108,73,0.213117,0.67943,67,0.106796,-0.316186,79,0.104072,-0.311705,3
O1,S,rolling,38,steady,persistence,100,39,1.34744,5.36718,5,2,2,,,,,30,,9,,,,,,,,,,,,,,,,,,,,3
O1,S,rolling,38,first_storm,B0,44,13,0.0758748,0.69927,0,0,1,9,11,12,13,10,9,3,3,73,0.334442,3.69844,2.72103,53,37,30,0,36,24,0.198236,0.906476,23,0.0535433,0.723077,26,0.0826625,1.09148,1
O1,S,rolling,38,first_storm,M_TOC,44,13,0.0923115,0.809275,0,0,1,7,11,13,13,10,10,3,3,73,0.225067,2.80687,1.36157,63,37,31,0,38,24,0.167979,0.509671,23,0.0282123,0.320143,26,0.028876,0.531755,1
O1,S,rolling,38,first_storm,M_TOC_h0half,44,13,0.0871695,0.779092,0,0,1,8,11,12,13,10,9,3,3,73,0.255595,3.0624,1.85774,61,37,31,0,38,24,0.17541,0.657448,23,0.0358267,0.479514,26,0.0443583,0.720778,1
O1,S,rolling,38,first_storm,M_TOC_linear,44,13,0.0970704,0.838847,0,0,2,7,11,13,13,10,10,3,3,73,0.205618,2.66432,1.1003,62,37,32,0,39,24,0.15712,0.438535,23,0.0257707,0.252332,26,0.0227269,0.40943,1
O1,S,rolling,38,first_storm,network_mean,44,13,0.268416,1.52179,0,0,0,,,,,10,,3,,,,,,,,,,,,,,,,,,,,1
O1,S,rolling,38,first_storm,oracle,44,13,0.0181708,0.34361,0,0,0,,,,,10,,3,,73,0.194626,2.48479,-0.20617,,37,35,3,45,24,0.164495,0.461739,23,0.0189415,-0.317814,26,0.0111896,-0.350095,1
O1,S,rolling,38,first_storm,persistence,44,13,0.214613,1.06308,0,0,0,,,,,10,,3,,,,,,,,,,,,,,,,,,,,1
O1,S,rolling,38,after_storm,B0,35,13,0.125791,1.00168,3,1,0,3,8,8,10,10,8,3,0,73,0.307429,3.69147,-2.71061,73,30,29,6,41,24,0.173533,-1.55665,22,0.107562,-1.14773,27,0.0263342,-0.00622847,1
O1,S,rolling,38,after_storm,M_TOC,35,13,0.122586,0.951935,3,1,0,4,8,8,9,10,8,3,0,73,0.316484,3.70631,-3.06756,71,30,30,6,42,24,0.187692,-1.64425,22,0.106485,-1.17793,27,0.0223068,-0.245375,1
O1,S,rolling,38,after_storm,M_TOC_h0half,35,13,0.121161,0.985614,3,1,0,4,8,8,10,10,8,3,0,73,0.28664,3.60765,-2.77234,71,30,29,6,41,24,0.157813,-1.47622,22,0.105905,-1.16984,27,0.0229213,-0.126283,1
O1,S,rolling,38,after_storm,M_TOC_linear,35,13,0.121258,0.950518,3,1,0,4,8,8,9,10,8,3,0,73,0.318036,3.74174,-3.18075,70,30,30,6,42,24,0.186877,-1.6525,22,0.108186,-1.21042,27,0.0229719,-0.317829,1
O1,S,rolling,38,after_storm,network_mean,35,13,0.810315,2.57769,3,0,0,,,,,10,,3,,,,,,,,,,,,,,,,,,,,1
O1,S,rolling,38,after_storm,oracle,35,13,0.138839,0.85556,3,1,0,,,,,10,,3,,73,0.150987,2.53797,2.32473,,30,29,0,34,24,0.0720422,0.912614,22,0.0182134,0.384915,27,0.0607312,1.0272,1
O1,S,rolling,38,after_storm,persistence,35,13,0.610131,1.90308,3,0,0,,,,,10,,3,,,,,,,,,,,,,,,,,,,,1
O1,S,rolling,39,falling,B0,142,52,0.240475,2.63697,5,5,4,27,41,45,48,42,35,10,10,295,4.61042,23.9153,-22.2431,233,111,111,28,174,106,2.85955,-9.3212,90,0.913861,-6.3026,99,0.83701,-6.61933,4
O1,S,rolling,39,falling,M_TOC,142,52,0.224162,2.62394,5,5,3,26,42,45,48,42,35,10,10,295,4.01951,21.6343,-19.3745,241,111,111,26,170,106,2.55184,-8.17498,90,0.763416,-5.39294,99,0.704251,-5.80663,4
O1,S,rolling,39,falling,M_TOC_h0half,142,52,0.228499,2.63007,5,5,3,28,42,45,48,42,35,10,10,295,4.14191,22.2689,-20.2013,241,111,111,27,172,106,2.61128,-8.51233,90,0.791302,-5.62902,99,0.739335,-6.05994,4
O1,S,rolling,39,falling,M_TOC_linear,142,52,0.22036,2.61394,5,5,3,25,42,45,48,42,35,10,10,295,3.91194,21.0755,-18.3977,246,111,110,24,167,106,2.51659,-7.82632,90,0.726485,-5.05194,99,0.668863,-5.51949,4
O1,S,rolling,39,falling,network_mean,142,52,2.99872,10.0136,5,0,0,,,,,42,,10,,,,,,,,,,,,,,,,,,,,4
O1,S,rolling,39,falling,oracle,142,52,0.15393,2.02274,5,5,5,,,,,42,,10,,295,0.504658,8.65634,1.53261,,111,99,8,139,106,0.272226,1.70438,90,0.0971044,-0.0501498,99,0.135328,-0.121615,4
O1,S,rolling,39,falling,persistence,142,52,1.44185,6.14718,5,2,4,,,,,42,,10,,,,,,,,,,,,,,,,,,,,4
O1,S,rolling,39,steady,B0,112,39,0.120967,1.66997,7,7,0,20,31,34,34,31,27,8,7,220,0.604238,8.57407,-4.17988,200,92,89,3,113,75,0.197025,0.130405,71,0.103239,-0.869398,74,0.303974,-3.44088,3
O1,S,rolling,39,steady,M_TOC,112,39,0.104991,1.57152,7,7,0,21,31,34,35,31,27,8,7,220,0.542006,8.03234,-3.38944,200,92,87,2,110,75,0.191258,0.256544,71,0.100825,-0.717487,74,0.249923,-2.9285,3
O1,S,rolling,39,steady,M_TOC_h0half,112,39,0.111926,1.61589,7,7,0,20,31,34,34,31,27,8,7,220,0.558298,8.17778,-3.65399,199,92,88,2,111,75,0.192398,0.217731,71,0.100085,-0.761097,74,0.265815,-3.11062,3
O1,S,rolling,39,steady,M_TOC_linear,112,39,0.100759,1.54568,7,7,0,22,31,34,36,31,27,8,7,220,0.529991,7.89587,-3.30645,201,92,87,2,110,75,0.192803,0.196425,71,0.0992519,-0.702044,74,0.237936,-2.80083,3
O1,S,rolling,39,steady,network_mean,112,39,2.22447,7.43923,7,0,0,,,,,31,,8,,,,,,,,,,,,,,,,,,,,3
O1,S,rolling,39,steady,oracle,112,39,0.0725528,1.25319,7,7,2,,,,,31,,8,,220,0.371591,6.58336,0.900222,,92,85,4,109,75,0.214287,1.07435,71,0.0838878,0.0570919,74,0.073416,-0.231217,3
O1,S,rolling,39,steady,persistence,112,39,0.775028,3.58026,7,5,1,,,,,31,,8,,,,,,,,,,,,,,,,,,,,3
O1,S,rolling,39,first_storm,B0,44,13,0.0550575,0.566268,2,2,0,6,10,10,12,10,8,3,2,73,0.123887,1.92929,0.583477,69,35,29,0,37,26,0.0867857,0.218417,23,0.0261241,0.187138,24,0.0109768,0.177921,1
O1,S,rolling,39,first_storm,M_TOC,44,13,0.0769491,0.781525,2,2,1,4,10,11,11,10,8,3,3,73,0.142308,2.22843,-1.40662,67,35,30,3,42,26,0.0902331,-0.517585,23,0.0331558,-0.49266,24,0.0189188,-0.396376,1
O1,S,rolling,39,first_storm,M_TOC_h0half,44,13,0.068616,0.714712,2,2,1,5,11,11,12,10,8,3,3,73,0.119379,1.91073,-0.721805,70,35,30,3,41,26,0.0824099,-0.255322,23,0.0257551,-0.262668,24,0.0112143,-0.203815,1
O1,S,rolling,39,first_storm,M_TOC_linear,44,13,0.0856959,0.840816,2,2,2,3,7,11,11,10,8,3,3,73,0.177631,2.6459,-2.00163,67,35,31,3,43,26,0.105293,-0.782774,23,0.0465503,-0.701208,24,0.0257882,-0.51765,1
O1,S,rolling,39,first_storm,network_mean,44,13,0.716085,2.41462,2,0,0,,,,,10,,3,,,,,,,,,,,,,,,,,,,,1
O1,S,rolling,39,first_storm,oracle,44,13,0.0265274,0.419143,2,2,0,,,,,10,,3,,73,0.111045,2.03205,0.598647,,35,30,1,40,26,0.0792985,0.798523,23,0.0281302,-0.000279143,24,0.00361641,-0.199596,1
O1,S,rolling,39,first_storm,persistence,44,13,0.210033,1.33538,2,1,1,,,,,10,,3,,,,,,,,,,,,,,,,,,,,1
O1,S,rolling,39,after_storm,B0,42,13,0.0479969,0.59046,2,1,0,7,10,11,12,11,10,2,1,73,0.134894,2.17662,0.103476,73,33,29,0,37,25,0.0835715,-0.171539,24,0.0336687,0.390924,24,0.0176542,-0.115908,1
O1,S,rolling,39,after_storm,M_TOC,42,13,0.0156393,0.352703,2,2,0,10,13,13,13,11,11,2,2,73,0.190119,2.28817,-1.09378,71,33,30,0,38,25,0.130542,-0.572676,24,0.0335023,-0.134491,24,0.0260747,-0.386617,1
O1,S,rolling,39,after_storm,M_TOC_h0half,42,13,0.0401443,0.552491,2,1,0,8,10,11,13,11,10,2,1,73,0.128704,2.07712,-0.165767,73,33,29,0,37,25,0.0785287,-0.197237,24,0.0299667,0.273303,24,0.0202083,-0.241833,1
O1,S,rolling,39,after_storm,M_TOC_linear,42,13,0.0141749,0.346376,2,2,0,9,13,13,13,11,11,2,2,73,0.210591,2.49746,-1.66088,71,33,32,0,41,25,0.133965,-0.750535,24,0.038255,-0.321542,24,0.0383706,-0.588805,1
O1,S,rolling,39,after_storm,network_mean,42,13,0.34516,1.73308,2,0,0,,,,,11,,2,,,,,,,,,,,,,,,,,,,,1
O1,S,rolling,39,after_storm,oracle,42,13,0.0293359,0.567008,2,2,0,,,,,11,,2,,73,0.109188,2.15052,0.813136,,33,29,0,38,25,0.0759227,0.594,24,0.027366,0.419373,24,0.00589949,-0.200238,1
O1,S,rolling,39,after_storm,persistence,42,13,0.376806,1.27103,2,1,0,,,,,11,,2,,,,,,,,,,,,,,,,,,,,1
O1,S,rolling,40,falling,B0,122,52,0.51895,3.73635,2,1,1,21,33,37,44,41,29,11,8,293,2.0031,17.0052,-12.3163,235,100,95,16,135,108,0.718621,-5.07298,86,0.595114,-4.02179,99,0.689366,-3.22157,4
O1,S,rolling,40,falling,M_TOC,122,52,0.486767,3.69789,2,1,1,16,33,39,44,41,31,11,8,293,1.85369,16.2712,-10.8011,243,100,95,14,133,108,0.683544,-4.43631,86,0.5493,-3.60229,99,0.620847,-2.76247,4
O1,S,rolling,40,falling,M_TOC_h0half,122,52,0.49735,3.71523,2,1,1,16,33,39,45,41,30,11,9,293,1.89512,16.5536,-11.219,243,100,95,14,133,108,0.702596,-4.66257,86,0.562209,-3.70084,99,0.63031,-2.85558,4
O1,S,rolling,40,falling,M_TOC_linear,122,52,0.478033,3.67957,2,1,1,16,33,40,44,41,32,11,8,293,1.73482,15.6898,-9.75942,246,100,96,11,131,108,0.637569,-4.10747,86,0.502978,-3.29225,99,0.594275,-2.3597,4
O1,S,rolling,40,falling,network_mean,122,52,1.76662,7.84026,2,0,0,,,,,41,,11,,,,,,,,,,,,,,,,,,,,4
O1,S,rolling,40,falling,oracle,122,52,0.176355,2.10763,2,2,1,,,,,41,,11,,293,0.910844,11.4342,-4.89281,,100,96,14,134,108,0.326912,-0.863768,86,0.225401,-1.89232,99,0.358531,-2.13673,4
O1,S,rolling,40,falling,persistence,122,52,1.33925,5.92231,2,0,1,,,,,41,,11,,,,,,,,,,,,,,,,,,,,4
O1,S,rolling,40,steady,B0,91,39,1.18175,4.02991,6,1,3,21,26,27,29,32,21,7,6,221,6.99182,26.7184,-23.2964,164,71,67,33,131,83,4.61104,-12.5442,67,1.59017,-6.66359,71,0.790612,-4.08869,3
O1,S,rolling,40,steady,M_TOC,91,39,1.17485,4.0018,6,1,3,21,25,27,29,32,21,7,6,221,7.01592,26.7843,-23.0865,161,71,67,33,131,83,4.61673,-12.4675,67,1.63211,-6.69024,71,0.767078,-3.92874,3
O1,S,rolling,40,steady,M_TOC_h0half,91,39,1.17709,4.01149,6,1,3,21,26,27,29,32,21,7,6,221,7.04695,26.9092,-23.0687,162,71,66,33,130,83,4.64218,-12.4498,67,1.63012,-6.63809,71,0.774653,-3.98079,3
O1,S,rolling,40,steady,M_TOC_linear,91,39,1.17268,3.9919,6,1,3,21,25,27,29,32,21,7,6,221,6.99614,26.7402,-22.9832,162,71,67,32,130,83,4.61778,-12.5038,67,1.61564,-6.63803,71,0.76272,-3.84139,3
O1,S,rolling,40,steady,network_mean,91,39,1.87832,6.92205,6,0,0,,,,,32,,7,,,,,,,,,,,,,,,,,,,,3
O1,S,rolling,40,steady,oracle,91,39,0.455366,2.32697,6,5,0,,,,,32,,7,,221,0.739057,9.49796,-3.86044,,71,66,13,100,83,0.275351,-1.68975,67,0.176505,-1.65886,71,0.287201,-0.511832,3
O1,S,rolling,40,steady,persistence,91,39,1.47148,5.24,6,1,3,,,,,32,,7,,,,,,,,,,,,,,,,,,,,3
O1,S,rolling,40,first_storm,B0,36,13,0.100137,0.954614,3,2,0,5,8,11,11,11,9,2,2,75,0.619828,4.55497,-3.4742,64,30,27,7,43,28,0.209507,-1.71009,21,0.0581576,-0.57407,26,0.352163,-1.19004,1
O1,S,rolling,40,first_storm,M_TOC,36,13,0.0614935,0.741467,3,3,0,5,10,12,12,11,10,2,2,75,0.76096,5.43117,-4.95635,62,30,28,8,45,28,0.285384,-2.30374,21,0.0917804,-1.02846,26,0.383796,-1.62416,1
O1,S,rolling,40,first_storm,M_TOC_h0half,36,13,0.0716916,0.802865,3,2,0,5,9,11,12,11,9,2,2,75,0.719292,5.17261,-4.57428,63,30,27,8,44,28,0.262324,-2.13916,21,0.0788287,-0.895157,26,0.378139,-1.53996,1
O1,S,rolling,40,first_storm,M_TOC_linear,36,13,0.0533449,0.689311,3,3,0,7,11,12,13,11,10,2,2,75,0.824855,5.74048,-5.43208,61,30,28,8,45,28,0.317065,-2.49849,21,0.107568,-1.18798,26,0.400223,-1.74561,1
O1,S,rolling,40,first_storm,network_mean,36,13,1.06424,2.73615,3,0,0,,,,,11,,2,,,,,,,,,,,,,,,,,,,,1
O1,S,rolling,40,first_storm,oracle,36,13,0.227224,0.938797,3,2,0,,,,,11,,2,,75,0.391506,3.59778,-2.66904,,30,28,3,40,28,0.110839,-0.867337,21,0.0559033,-0.368123,26,0.224764,-1.43358,1
O1,S,rolling,40,first_storm,persistence,36,13,1.13026,2.63538,3,0,0,,,,,11,,2,,,,,,,,,,,,,,,,,,,,1
O1,S,rolling,40,after_storm,B0,34,13,0.0944529,0.994629,2,2,2,3,9,12,12,11,10,2,2,74,0.91513,6.12545,-4.63457,49,27,27,2,38,27,0.474977,-2.73606,22,0.361923,-1.99067,25,0.0782304,0.092163,1
O1,S,rolling,40,after_storm,M_TOC,34,13,0.20727,1.32475,2,2,2,2,7,9,11,11,8,2,1,74,0.966003,6.3385,-5.32124,48,27,27,2,38,27,0.455642,-2.72008,22,0.431324,-2.20749,25,0.0790373,-0.393666,1
O1,S,rolling,40,after_storm,M_TOC_h0half,34,13,0.184817,1.26619,2,2,2,3,7,8,11,11,7,2,1,74,0.910035,6.18255,-5.0857,48,27,27,2,38,27,0.433156,-2.6519,22,0.399346,-2.11472,25,0.0775325,-0.31908,1
O1,S,rolling,40,after_storm,M_TOC_linear,34,13,0.222218,1.36167,2,2,2,2,7,9,11,11,8,2,1,74,0.957511,6.31691,-5.29582,48,27,27,2,38,27,0.455324,-2.71085,22,0.422799,-2.1874,25,0.0793883,-0.397567,1
O1,S,rolling,40,after_storm,network_mean,34,13,0.535562,2.33462,2,0,0,,,,,11,,2,,,,,,,,,,,,,,,,,,,,1
O1,S,rolling,40,after_storm,oracle,34,13,0.042089,0.531149,2,2,0,,,,,11,,2,,74,0.257848,3.22849,-1.90972,,27,24,0,30,27,0.149905,-1.18935,22,0.0951571,-0.954333,25,0.0127866,0.233965,1
O1,S,rolling,40,after_storm,persistence,34,13,0.705892,2.44846,2,0,2,,,,,11,,2,,,,,,,,,,,,,,,,,,,,1
O1,S,rolling,41,falling,B0,125,52,1.11175,4.3013,8,8,2,12,28,39,42,40,29,12,10,293,2.56738,22.1669,-18.9796,197,92,89,10,138,107,1.13372,-8.23037,89,0.879849,-6.84934,97,0.553815,-3.89986,4
O1,S,rolling,41,falling,M_TOC,125,52,1.09055,4.27582,8,8,1,14,29,36,43,40,26,12,10,293,2.20618,20.5412,-16.3391,207,92,84,8,130,107,1.00217,-7.33148,89,0.736301,-6.05339,97,0.467711,-2.95419,4
O1,S,rolling,41,falling,M_TOC_h0half,125,52,1.10604,4.33233,8,8,1,13,30,37,42,40,27,12,10,293,2.26957,20.837,-16.7541,210,92,84,9,131,107,1.01421,-7.41885,89,0.775269,-6.24541,97,0.480088,-3.08987,4
O1,S,rolling,41,falling,M_TOC_linear,125,52,1.08593,4.28703,8,8,1,14,28,34,43,40,25,12,9,293,2.09225,20.021,-15.3227,217,92,84,6,128,107,0.967319,-6.98614,89,0.688185,-5.73897,97,0.436745,-2.59759,4
O1,S,rolling,41,falling,network_mean,125,52,3.90612,12.0556,8,0,0,,,,,40,,12,,,,,,,,,,,,,,,,,,,,4
O1,S,rolling,41,falling,oracle,125,52,0.401101,3.48955,8,6,0,,,,,40,,12,,293,1.11315,14.3745,6.78496,,92,69,2,102,107,0.441439,1.76588,89,0.218891,0.560543,97,0.452822,4.45854,4
O1,S,rolling,41,falling,persistence,125,52,2.82035,8.60538,8,6,0,,,,,40,,12,,,,,,,,,,,,,,,,,,,,4
O1,S,rolling,41,steady,B0,87,39,0.832127,3.60662,8,7,1,8,20,29,31,31,24,8,5,219,2.66211,20.5795,-19.8037,103,64,64,18,112,82,1.22667,-8.30773,60,0.915023,-6.43608,77,0.520417,-5.05993,3
O1,S,rolling,41,steady,M_TOC,87,39,0.827501,3.59156,8,7,1,8,20,29,31,31,24,8,5,219,2.54733,20.076,-19.0913,109,64,64,15,109,82,1.21523,-8.12978,60,0.872836,-6.27149,77,0.45926,-4.69001,3
O1,S,rolling,41,steady,M_TOC_h0half,87,39,0.828938,3.5968,8,7,1,8,20,29,31,31,24,8,5,219,2.55709,20.0685,-19.0031,104,64,64,16,110,82,1.2161,-8.06078,60,0.880716,-6.26712,77,0.460279,-4.67524,3
O1,S,rolling,41,steady,M_TOC_linear,87,39,0.826323,3.58692,8,7,1,8,20,29,31,31,24,8,5,219,2.54188,19.9849,-18.9693,110,64,63,16,109,82,1.20822,-8.06947,60,0.876658,-6.26664,77,0.457007,-4.63323,3
O1,S,rolling,41,steady,network_mean,87,39,2.41475,8.04179,8,0,0,,,,,31,,8,,,,,,,,,,,,,,,,,,,,3
O1,S,rolling,41,steady,oracle,87,39,0.455658,2.13595,8,5,0,,,,,31,,8,,219,0.537302,8.24946,1.15169,,64,57,1,79,82,0.293603,-0.0389916,60,0.126199,-0.592168,77,0.1175,1.78285,3
O1,S,rolling,41,steady,persistence,87,39,1.59468,5.17872,8,6,0,,,,,31,,8,,,,,,,,,,,,,,,,,,,,3
O1,S,rolling,41,first_storm,B0,38,13,0.139178,1.00467,3,2,0,7,9,11,12,11,9,2,2,74,0.633293,5.20753,-0.266736,61,29,23,0,30,27,0.443328,-2.06317,21,0.0277419,0.104242,26,0.162224,1.69219,1
O1,S,rolling,41,first_storm,M_TOC,38,13,0.104107,0.872602,3,2,0,7,9,12,13,11,10,2,2,74,0.568512,4.75741,-1.39426,68,29,26,0,33,27,0.457947,-2.28256,21,0.0338911,-0.185915,26,0.0766733,1.07421,1
O1,S,rolling,41,first_storm,M_TOC_h0half,38,13,0.112707,0.908142,3,2,0,7,9,12,12,11,10,2,2,74,0.581953,4.86901,-1.09214,68,29,23,0,30,27,0.45084,-2.21788,21,0.0315437,-0.132177,26,0.0995702,1.25791,1
O1,S,rolling,41,first_storm,M_TOC_linear,38,13,0.0973616,0.842804,3,2,0,6,10,12,13,11,10,2,2,74,0.574189,4.66911,-1.81846,67,29,26,0,33,27,0.479413,-2.41375,21,0.0368094,-0.291363,26,0.0579669,0.886647,1
O1,S,rolling,41,first_storm,network_mean,38,13,0.853552,2.90154,3,0,0,,,,,11,,2,,,,,,,,,,,,,,,,,,,,1
O1,S,rolling,41,first_storm,oracle,38,13,0.0227627,0.453275,3,3,0,,,,,11,,2,,74,0.0604272,1.68909,0.382542,,29,26,0,35,27,0.033445,0.15195,21,0.0182057,0.0795039,26,0.00877645,0.151088,1
O1,S,rolling,41,first_storm,persistence,38,13,0.431275,1.78846,3,3,0,,,,,11,,2,,,,,,,,,,,,,,,,,,,,1
O1,S,rolling,41,after_storm,B0,31,13,0.484779,1.30963,2,1,0,5,11,11,11,10,8,3,3,74,1.47818,7.41081,-6.486,57,25,24,7,38,27,1.234,-4.51751,21,0.156521,-1.44136,26,0.0876542,-0.527131,1
O1,S,rolling,41,after_storm,M_TOC,31,13,0.598105,1.32181,2,2,1,10,11,12,12,10,9,3,3,74,2.23128,9.89607,-9.71721,44,25,24,3,35,27,1.72123,-5.88054,21,0.398183,-2.58439,26,0.111861,-1.25228,1
O1,S,rolling,41,after_storm,M_TOC_h0half,31,13,0.595978,1.32928,2,2,1,10,11,12,12,10,9,3,3,74,2.23979,9.89687,-9.7112,44,25,24,3,35,27,1.72209,-5.87448,21,0.405563,-2.60035,26,0.11214,-1.23636,1
O1,S,rolling,41,after_storm,M_TOC_linear,31,13,0.59959,1.31723,2,2,1,10,11,12,12,10,9,3,3,74,2.22305,9.89624,-9.73415,45,25,25,3,36,27,1.70583,-5.84763,21,0.40427,-2.61617,26,0.112952,-1.27035,1
O1,S,rolling,41,after_storm,network_mean,31,13,0.785834,2.70615,2,0,0,,,,,10,,3,,,,,,,,,,,,,,,,,,,,1
O1,S,rolling,41,after_storm,oracle,31,13,0.0320803,0.528906,2,2,0,,,,,10,,3,,74,0.141895,2.4372,0.113154,,25,23,1,31,27,0.0503967,-0.122777,21,0.0301306,-0.412654,26,0.0613677,0.648585,1
O1,S,rolling,41,after_storm,persistence,31,13,0.816866,1.71872,2,1,2,,,,,10,,3,,,,,,,,,,,,,,,,,,,,1
O1,S,rolling,42,falling,B0,139,52,0.166426,2.22634,2,1,0,35,45,46,49,41,37,11,9,292,0.937136,12.4673,-10.1876,272,120,119,5,146,95,0.322884,-3.85169,89,0.387688,-3.93513,108,0.226564,-2.40076,4
O1,S,rolling,42,falling,M_TOC,139,52,0.16104,2.11309,2,1,0,35,45,47,49,41,38,11,9,292,0.797063,11.4719,-7.63978,275,120,118,2,141,95,0.298272,-3.33108,89,0.301723,-2.94745,108,0.197068,-1.36125,4
O1,S,rolling,42,falling,M_TOC_h0half,139,52,0.160067,2.10829,2,1,0,35,45,47,49,41,38,11,9,292,0.816544,11.7271,-8.31544,276,120,118,3,143,95,0.30592,-3.58013,89,0.309803,-3.15424,108,0.200821,-1.58107,4
O1,S,rolling,42,falling,M_TOC_linear,139,52,0.162301,2.11254,2,1,0,35,45,47,49,41,38,11,9,292,0.773992,11.3129,-6.70608,277,120,117,2,139,95,0.293646,-3.05867,89,0.283045,-2.65845,108,0.1973,-0.988971,4
O1,S,rolling,42,falling,network_mean,139,52,4.93892,12.4162,2,0,0,,,,,41,,11,,,,,,,,,,,,,,,,,,,,4
O1,S,rolling,42,falling,oracle,139,52,0.12788,1.96176,2,2,0,,,,,41,,11,,292,0.472173,8.45249,-1.07998,,120,110,9,139,95,0.146214,-0.46735,89,0.209546,-1.98804,108,0.116413,1.37541,4
O1,S,rolling,42,falling,persistence,139,52,1.19735,5.02026,2,0,0,,,,,41,,11,,,,,,,,,,,,,,,,,,,,4
O1,S,rolling,42,steady,B0,98,39,0.26915,2.54342,1,1,0,17,31,34,37,31,28,8,6,219,1.33085,13.516,-8.87787,186,84,81,9,107,72,0.59731,-3.08981,70,0.492007,-3.88063,77,0.241536,-1.90743,3
O1,S,rolling,42,steady,M_TOC,98,39,0.278845,2.57276,1,1,0,16,31,34,38,31,28,8,6,219,1.32069,13.3858,-8.28996,187,84,80,9,105,72,0.594375,-3.07612,70,0.497879,-3.82983,77,0.228437,-1.38401,3
O1,S,rolling,42,steady,M_TOC_h0half,98,39,0.275527,2.56417,1,1,0,16,31,34,37,31,28,8,6,219,1.32781,13.3786,-8.55422,188,84,81,8,105,72,0.591425,-3.13232,70,0.502914,-3.90555,77,0.233472,-1.51634,3
O1,S,rolling,42,steady,M_TOC_linear,98,39,0.278799,2.56918,1,1,0,16,31,34,38,31,28,8,6,219,1.33166,13.4455,-8.24573,187,84,81,8,105,72,0.599104,-3.2306,70,0.506055,-3.8784,77,0.226499,-1.13673,3
O1,S,rolling,42,steady,network_mean,98,39,3.8381,10.0951,1,0,0,,,,,31,,8,,,,,,,,,,,,,,,,,,,,3
O1,S,rolling,42,steady,oracle,98,39,0.178258,1.97112,1,1,0,,,,,31,,8,,219,0.701062,9.35446,2.02193,,84,71,4,89,72,0.241512,0.287914,70,0.144771,-1.1798,77,0.314779,2.91382,3
O1,S,rolling,42,steady,persistence,98,39,1.02896,4.49949,1,0,0,,,,,31,,8,,,,,,,,,,,,,,,,,,,,3
O1,S,rolling,42,first_storm,B0,33,13,0.026961,0.469543,0,0,0,8,12,12,12,10,9,3,3,74,0.116592,2.3292,0.841573,74,28,28,0,33,25,0.0462655,0.791644,23,0.016403,-0.0115727,26,0.0539231,0.0615018,1
O1,S,rolling,42,first_storm,M_TOC,33,13,0.035735,0.553874,0,0,0,8,12,12,13,10,9,3,3,74,0.114089,2.09196,-1.38948,73,28,28,2,35,25,0.0248206,-0.109734,23,0.0424314,-0.759562,26,0.0468374,-0.52018,1
O1,S,rolling,42,first_storm,M_TOC_h0half,33,13,0.0317046,0.520895,0,0,0,8,12,12,13,10,9,3,3,74,0.0956468,1.9796,-0.71184,73,28,28,1,34,25,0.0234402,0.169616,23,0.0288705,-0.529149,26,0.0433361,-0.352306,1
O1,S,rolling,42,first_storm,M_TOC_linear,33,13,0.0404654,0.584196,0,0,0,6,10,12,13,10,9,3,3,74,0.148383,2.37322,-2.09608,72,28,28,2,36,25,0.0339309,-0.395506,23,0.0634828,-1.01285,26,0.0509693,-0.687731,1
O1,S,rolling,42,first_storm,network_mean,33,13,1.10554,2.97385,0,0,0,,,,,10,,3,,,,,,,,,,,,,,,,,,,,1
O1,S,rolling,42,first_storm,oracle,33,13,0.0609165,0.804679,0,0,1,,,,,10,,3,,74,0.166175,2.63588,-0.617674,,28,26,4,36,25,0.0645729,-0.448161,23,0.0471086,-0.764651,26,0.0544932,0.595138,1
O1,S,rolling,42,first_storm,persistence,33,13,0.16239,1.00128,0,0,0,,,,,10,,3,,,,,,,,,,,,,,,,,,,,1
O1,S,rolling,42,after_storm,B0,34,13,0.136019,0.800714,2,1,0,7,9,11,13,10,10,3,1,74,0.118562,2.08784,-1.46537,73,29,29,0,35,25,0.0308819,-0.489829,22,0.055209,-0.746364,27,0.0324711,-0.229174,1
O1,S,rolling,42,after_storm,M_TOC,34,13,0.106866,0.723628,2,1,0,8,10,12,13,10,10,3,2,74,0.161716,2.55399,-2.35665,71,29,29,2,37,25,0.0522294,-0.851439,22,0.072921,-0.979687,27,0.0365655,-0.525524,1
O1,S,rolling,42,after_storm,M_TOC_h0half,34,13,0.115125,0.744094,2,1,0,8,10,12,13,10,10,3,2,74,0.146223,2.3909,-2.12674,71,29,29,2,37,25,0.0430588,-0.745129,22,0.0692453,-0.928713,27,0.0339186,-0.4529,1
O1,S,rolling,42,after_storm,M_TOC_linear,34,13,0.100187,0.708774,2,1,0,9,10,13,13,10,10,3,3,74,0.185419,2.78216,-2.69642,71,29,29,3,38,25,0.0596395,-0.961043,22,0.08639,-1.10592,27,0.0393892,-0.629459,1
O1,S,rolling,42,after_storm,network_mean,34,13,1.43799,3.44077,2,0,0,,,,,10,,3,,,,,,,,,,,,,,,,,,,,1
O1,S,rolling,42,after_storm,oracle,34,13,0.0459112,0.619286,2,2,0,,,,,10,,3,,74,0.167217,2.58408,-0.724021,,29,29,3,38,25,0.062504,-0.34841,22,0.0675449,-0.771495,27,0.037168,0.395884,1
O1,S,rolling,42,after_storm,persistence,34,13,0.531038,1.62462,2,0,0,,,,,10,,3,,,,,,,,,,,,,,,,,,,,1
O1,S,rolling,43,falling,B0,120,52,0.594015,3.73538,2,1,3,27,40,47,48,42,38,10,9,295,11.6295,42.0509,-41.3811,205,96,96,44,176,104,7.85014,-23.1404,98,3.10279,-13.1388,93,0.676549,-5.10196,4
O1,S,rolling,43,falling,M_TOC,120,52,0.57885,3.73706,2,1,3,25,41,47,49,42,38,10,9,295,10.1684,38.7974,-37.7801,227,96,96,38,168,104,6.97504,-21.5109,98,2.68804,-12.0647,93,0.505293,-4.20459,4
O1,S,rolling,43,falling,M_TOC_h0half,120,52,0.588243,3.78431,2,1,3,26,40,48,49,42,39,10,9,295,10.7753,40.1301,-39.2716,223,96,96,40,171,104,7.41058,-22.3519,98,2.7924,-12.3499,93,0.572295,-4.56974,4
O1,S,rolling,43,falling,M_TOC_linear,120,52,0.577445,3.79781,2,1,3,24,40,46,49,42,38,10,8,295,9.78677,37.9087,-36.8165,231,96,96,36,165,104,6.79158,-21.2002,98,2.54478,-11.7017,93,0.45041,-3.91454,4
O1,S,rolling,43,falling,network_mean,120,52,2.25926,8.4,2,0,0,,,,,42,,10,,,,,,,,,,,,,,,,,,,,4
O1,S,rolling,43,falling,oracle,120,52,0.352733,2.46802,2,1,1,,,,,42,,10,,295,0.71565,11.0084,-1.01397,,96,92,3,120,104,0.299059,-1.68073,98,0.22593,-1.03764,93,0.190661,1.70441,4
O1,S,rolling,43,falling,persistence,120,52,1.44129,5.68436,2,0,1,,,,,42,,10,,,,,,,,,,,,,,,,,,,,4
O1,S,rolling,43,steady,B0,94,39,0.111717,1.73169,0,0,0,18,33,37,38,31,31,8,6,220,0.708344,9.8761,-5.63532,213,78,76,5,100,74,0.356304,-2.52002,74,0.191194,-2.0563,72,0.160846,-1.059,3
O1,S,rolling,43,steady,M_TOC,94,39,0.111099,1.72605,0,0,0,18,33,37,38,31,31,8,6,220,0.640085,9.42161,-4.3166,214,78,75,3,96,74,0.33158,-2.22892,74,0.165281,-1.60183,72,0.143225,-0.485845,3
O1,S,rolling,43,steady,M_TOC_h0half,94,39,0.111285,1.72764,0,0,0,18,33,37,38,31,31,8,6,220,0.677806,9.69131,-5.08258,214,78,75,4,98,74,0.345863,-2.45898,74,0.179022,-1.8498,72,0.152921,-0.773805,3
O1,S,rolling,43,steady,M_TOC_linear,94,39,0.11093,1.7246,0,0,0,18,32,37,38,31,31,8,6,220,0.656759,9.54297,-4.69587,214,78,75,2,95,74,0.33677,-2.3561,74,0.177996,-1.7905,72,0.141992,-0.549266,3
O1,S,rolling,43,steady,network_mean,94,39,1.00689,5.13692,0,0,0,,,,,31,,8,,,,,,,,,,,,,,,,,,,,3
O1,S,rolling,43,steady,oracle,94,39,0.0369908,0.986545,0,0,0,,,,,31,,8,,220,0.403467,7.19758,-3.96739,,78,74,5,96,74,0.157492,-1.58051,74,0.124532,-2.14143,72,0.121444,-0.245457,3
O1,S,rolling,43,steady,persistence,94,39,0.447823,3.19051,0,0,0,,,,,31,,8,,,,,,,,,,,,,,,,,,,,3
O1,S,rolling,43,first_storm,B0,35,13,0.046734,0.631116,2,1,0,7,8,10,11,11,9,2,1,73,0.189639,2.85029,-1.52115,69,29,29,1,36,23,0.0671028,-0.555111,25,0.0796042,-0.660972,25,0.0429322,-0.305066,1
O1,S,rolling,43,first_storm,M_TOC,35,13,0.0410976,0.628366,2,2,0,7,10,11,11,11,10,2,1,73,0.334263,3.84581,-3.3081,61,29,29,4,39,23,0.112247,-1.24884,25,0.148549,-1.33172,25,0.0734669,-0.727546,1
O1,S,rolling,43,first_storm,M_TOC_h0half,35,13,0.0408626,0.601789,2,2,0,7,10,11,11,11,10,2,1,73,0.277412,3.495,-2.73579,64,29,29,3,38,23,0.0939176,-1.02594,25,0.120973,-1.1126,25,0.0625211,-0.597259,1
O1,S,rolling,43,first_storm,M_TOC_linear,35,13,0.0432828,0.669727,2,2,0,6,10,11,13,11,10,2,1,73,0.403683,4.25032,-3.87038,58,29,29,5,41,23,0.130677,-1.42977,25,0.175241,-1.5464,25,0.0977647,-0.894213,1
O1,S,rolling,43,first_storm,network_mean,35,13,0.524462,2.00154,2,0,0,,,,,11,,2,,,,,,,,,,,,,,,,,,,,1
O1,S,rolling,43,first_storm,oracle,35,13,0.0375224,0.538856,2,2,0,,,,,11,,2,,73,0.267682,2.53805,-0.160332,,29,27,2,36,23,0.0204011,-0.154443,25,0.0415991,-0.117962,25,0.205682,0.112074,1
O1,S,rolling,43,first_storm,persistence,35,13,0.345692,1.55154,2,0,0,,,,,11,,2,,,,,,,,,,,,,,,,,,,,1
O1,S,rolling,43,after_storm,B0,32,13,0.034027,0.537475,1,0,0,7,9,13,13,10,10,3,3,74,0.322553,4.13124,-3.98552,70,25,25,9,41,24,0.111718,-1.40434,27,0.0944899,-1.34324,23,0.116344,-1.23793,1
O1,S,rolling,43,after_storm,M_TOC,32,13,0.0261711,0.441677,1,0,0,7,11,13,13,10,10,3,3,74,0.364728,4.39737,-4.03405,67,25,25,9,41,24,0.133082,-1.24464,27,0.104536,-1.46307,23,0.12711,-1.32635,1
O1,S,rolling,43,after_storm,M_TOC_h0half,32,13,0.026044,0.438376,1,0,0,7,11,13,13,10,10,3,3,74,0.366984,4.40652,-4.13817,66,25,25,9,41,24,0.131315,-1.31559,27,0.108376,-1.49644,23,0.127293,-1.32614,1
O1,S,rolling,43,after_storm,M_TOC_linear,32,13,0.0266851,0.450773,1,0,0,8,11,13,13,10,10,3,3,74,0.374832,4.47676,-4.07921,66,25,25,9,41,24,0.136321,-1.23431,27,0.106512,-1.47986,23,0.131999,-1.36503,1
O1,S,rolling,43,after_storm,network_mean,32,13,0.28238,1.60846,1,0,0,,,,,10,,3,,,,,,,,,,,,,,,,,,,,1
O1,S,rolling,43,after_storm,oracle,32,13,0.0336071,0.487784,1,0,0,,,,,10,,3,,74,0.148771,2.4757,-2.01014,,25,25,5,37,24,0.0807786,-0.809377,27,0.0396042,-0.792253,23,0.0283881,-0.408512,1
O1,S,rolling,43,after_storm,persistence,32,13,0.114532,0.957179,1,1,0,,,,,10,,3,,,,,,,,,,,,,,,,,,,,1
O1,S,rolling,44,falling,B0,141,52,0.883354,3.694,9,7,1,24,38,47,50,41,36,11,11,293,1.13666,13.9276,-12.5349,257,123,121,18,159,87,0.567186,-4.64666,96,0.230608,-3.37007,110,0.338869,-4.51815,4
O1,S,rolling,44,falling,M_TOC,141,52,0.895118,3.78548,9,7,1,24,39,47,50,41,36,11,11,293,0.940252,12.4547,-9.94107,272,123,117,18,155,87,0.487417,-3.75451,96,0.187725,-2.39747,110,0.26511,-3.78909,4
O1,S,rolling,44,falling,M_TOC_h0half,141,52,0.890701,3.75575,9,7,1,24,39,47,50,41,36,11,11,293,1.03078,13.1301,-11.048,260,123,119,18,157,87,0.525698,-4.11809,96,0.208638,-2.82637,110,0.296447,-4.1035,4
O1,S,rolling,44,falling,M_TOC_linear,141,52,0.900326,3.81939,9,7,1,25,38,47,50,41,36,11,11,293,0.863261,11.8567,-9.04509,274,123,117,17,153,87,0.459518,-3.46792,96,0.172435,-2.11387,110,0.231309,-3.4633,4
O1,S,rolling,44,falling,network_mean,141,52,4.13769,10.9254,9,0,0,,,,,41,,11,,,,,,,,,,,,,,,,,,,,4
O1,S,rolling,44,falling,oracle,141,52,0.117305,1.90033,9,9,0,,,,,41,,11,,293,0.568962,8.54482,-5.85654,,123,122,13,154,87,0.322631,-2.13782,96,0.0858582,-0.97963,110,0.160473,-2.73909,4
O1,S,rolling,44,falling,persistence,141,52,1.97265,6.05,9,4,1,,,,,41,,11,,,,,,,,,,,,,,,,,,,,4
O1,S,rolling,44,steady,B0,96,39,0.162227,1.81761,6,5,1,25,36,36,36,30,28,9,8,219,1.78693,15.9817,-14.9147,176,75,75,30,130,75,0.78571,-6.00265,71,0.482352,-4.54768,73,0.518865,-4.36435,3
O1,S,rolling,44,steady,M_TOC,96,39,0.160597,1.8182,6,5,1,24,36,36,36,30,28,9,8,219,1.78498,16.1207,-15.0458,175,75,75,32,132,75,0.790684,-6.08322,71,0.489351,-4.6747,73,0.504942,-4.28788,3
O1,S,rolling,44,steady,M_TOC_h0half,96,39,0.161098,1.81804,6,5,1,25,36,36,36,30,28,9,8,219,1.79172,16.0659,-15.0122,174,75,75,31,131,75,0.785659,-6.01383,71,0.486749,-4.63775,73,0.519308,-4.36062,3
O1,S,rolling,44,steady,M_TOC_linear,96,39,0.114312,1.73618,6,5,0,23,35,35,36,30,26,9,9,219,1.65253,15.5378,-14.4663,166,75,75,29,128,75,0.811844,-6.11649,71,0.451183,-4.49765,73,0.389499,-3.85221,3
O1,S,rolling,44,steady,network_mean,96,39,2.94121,7.49564,6,0,0,,,,,30,,9,,,,,,,,,,,,,,,,,,,,3
O1,S,rolling,44,steady,oracle,96,39,0.0853065,1.41672,6,5,0,,,,,30,,9,,219,0.343802,6.12631,-0.698999,,75,73,7,101,75,0.21487,-0.911789,71,0.0838348,0.220677,73,0.0450976,-0.00788704,3
O1,S,rolling,44,steady,persistence,96,39,1.21989,4.16795,6,3,1,,,,,30,,9,,,,,,,,,,,,,,,,,,,,3
O1,S,rolling,44,first_storm,B0,44,13,0.190632,1.32348,3,1,0,1,7,7,8,10,7,3,0,73,0.303373,3.36084,3.17755,68,38,35,0,40,26,0.155028,1.54729,23,0.126316,1.18519,24,0.0220285,0.445066,1
O1,S,rolling,44,first_storm,M_TOC,44,13,0.118744,0.990017,3,1,0,5,8,9,10,10,9,3,0,73,0.148228,2.10316,1.18454,71,38,37,0,42,26,0.0843546,0.818826,23,0.058457,0.474522,24,0.00541611,-0.108812,1
O1,S,rolling,44,first_storm,M_TOC_h0half,44,13,0.138138,1.09047,3,1,0,3,8,8,9,10,8,3,0,73,0.183152,2.3597,1.85012,72,38,36,0,41,26,0.101934,1.08253,23,0.0751334,0.714173,24,0.00608427,0.053416,1
O1,S,rolling,44,first_storm,M_TOC_linear,44,13,0.102757,0.898898,3,1,0,5,8,9,11,10,9,3,0,73,0.127264,2.04499,0.614178,71,38,37,0,42,26,0.0703982,0.589627,23,0.04884,0.269261,24,0.00802604,-0.24471,1
O1,S,rolling,44,first_storm,network_mean,44,13,1.02426,2.62487,3,0,0,,,,,10,,3,,,,,,,,,,,,,,,,,,,,1
O1,S,rolling,44,first_storm,oracle,44,13,0.0198908,0.4191,3,2,0,,,,,10,,3,,73,0.0764589,1.78241,-1.04245,,38,38,1,46,26,0.0488552,-0.727712,23,0.0211541,-0.246231,24,0.00644953,-0.0685052,1
O1,S,rolling,44,first_storm,persistence,44,13,0.682031,2.19923,3,1,1,,,,,10,,3,,,,,,,,,,,,,,,,,,,,1
O1,S,rolling,44,after_storm,B0,35,13,0.049695,0.697309,2,2,0,4,9,11,11,10,8,3,3,73,0.229889,3.13003,-2.25029,62,29,29,1,36,25,0.141389,-1.31936,23,0.0709077,-0.684689,25,0.0175924,-0.246241,1
O1,S,rolling,44,after_storm,M_TOC,35,13,0.0671072,0.871611,2,2,0,2,7,9,12,10,8,3,1,73,0.390045,4.11188,-3.7697,51,29,29,2,37,25,0.207868,-1.90326,23,0.106797,-0.975748,25,0.075379,-0.890694,1
O1,S,rolling,44,after_storm,M_TOC_h0half,35,13,0.0592739,0.810164,2,2,0,3,8,12,12,10,9,3,3,73,0.402084,4.13762,-3.76927,54,29,29,2,37,25,0.212427,-1.91279,23,0.115415,-1.0059,25,0.0742416,-0.850575,1
O1,S,rolling,44,after_storm,M_TOC_linear,35,13,0.0556357,0.78928,2,2,0,3,9,12,12,10,9,3,3,73,0.384888,4.09473,-3.748,50,29,29,3,38,25,0.184264,-1.81271,23,0.118735,-1.01696,25,0.0818892,-0.918322,1
O1,S,rolling,44,after_storm,network_mean,35,13,1.043,2.7459,2,0,0,,,,,10,,3,,,,,,,,,,,,,,,,,,,,1
O1,S,rolling,44,after_storm,oracle,35,13,0.0330699,0.538457,2,2,0,,,,,10,,3,,73,0.280791,3.35788,0.425201,,29,24,4,32,25,0.129861,-0.292678,23,0.0347671,-0.485709,25,0.116162,1.20359,1
O1,S,rolling,44,after_storm,persistence,35,13,0.341742,1.66282,2,1,0,,,,,10,,3,,,,,,,,,,,,,,,,,,,,1
O1,S,rolling,45,falling,B0,115,52,0.510385,3.74436,5,3,4,23,38,42,44,41,33,11,9,299,3.55037,25.4712,-21.2776,201,90,89,20,137,109,1.85313,-8.34043,93,0.816546,-6.66452,97,0.880701,-6.27266,4
O1,S,rolling,45,falling,M_TOC,115,52,0.491558,3.58786,5,3,4,21,41,43,44,41,33,11,10,299,2.88803,22.9247,-17.6246,226,90,89,18,135,109,1.52328,-6.7557,93,0.64184,-5.4961,97,0.722909,-5.37278,4
O1,S,rolling,45,falling,M_TOC_h0half,115,52,0.496298,3.63871,5,3,4,19,39,42,44,41,33,11,9,299,3.04206,23.5865,-18.5854,216,90,89,19,136,109,1.59469,-7.18017,93,0.684558,-5.81496,97,0.762815,-5.59022,4
O1,S,rolling,45,falling,M_TOC_linear,115,52,0.487195,3.5329,5,3,4,22,40,43,44,41,33,11,10,299,2.76794,22.2598,-16.5838,236,90,88,18,134,109,1.49333,-6.39726,93,0.604678,-5.17064,97,0.66993,-5.01593,4
O1,S,rolling,45,falling,network_mean,115,52,2.48011,9.46795,5,0,0,,,,,41,,11,,,,,,,,,,,,,,,,,,,,4
O1,S,rolling,45,falling,oracle,115,52,0.0983899,1.83772,5,4,1,,,,,41,,11,,299,0.590421,8.24822,-0.630103,,90,86,3,114,109,0.18595,0.667866,93,0.14878,-1.8421,97,0.255692,0.544133,4
O1,S,rolling,45,falling,persistence,115,52,1.44459,6.4641,5,2,1,,,,,41,,11,,,,,,,,,,,,,,,,,,,,4
O1,S,rolling,45,steady,B0,84,39,0.717524,3.53549,2,0,3,16,29,34,35,32,27,7,7,220,11.2182,41.024,-41.0117,103,71,71,45,153,81,6.90396,-21.3178,68,3.55045,-13.8644,71,0.763794,-5.82956,3
O1,S,rolling,45,steady,M_TOC,84,39,0.736761,3.55956,2,0,3,16,29,34,35,32,27,7,7,220,11.268,41.103,-41.0899,99,71,71,45,153,81,6.96085,-21.4402,68,3.55155,-13.8711,71,0.755601,-5.77856,3
O1,S,rolling,45,steady,M_TOC_h0half,84,39,0.730127,3.5515,2,0,3,16,29,34,35,32,27,7,7,220,11.2693,41.1826,-41.1739,104,71,71,45,153,81,6.94863,-21.4435,68,3.56193,-13.9208,71,0.758747,-5.80959,3
O1,S,rolling,45,steady,M_TOC_linear,84,39,0.743659,3.56771,2,0,4,16,29,34,35,32,27,7,7,220,11.3485,41.2199,-41.2068,102,71,71,45,153,81,7.02735,-21.5342,68,3.56744,-13.9103,71,0.753697,-5.76224,3
O1,S,rolling,45,steady,network_mean,84,39,1.85425,6.74154,2,0,0,,,,,32,,7,,,,,,,,,,,,,,,,,,,,3
O1,S,rolling,45,steady,oracle,84,39,0.506163,2.16591,2,1,2,,,,,32,,7,,220,0.323082,5.89207,1.20455,,71,64,1,79,81,0.0995758,0.836802,68,0.0701211,-0.939545,71,0.153385,1.3073,3
O1,S,rolling,45,steady,persistence,84,39,1.44615,5.31282,2,0,2,,,,,32,,7,,,,,,,,,,,,,,,,,,,,3
O1,S,rolling,45,first_storm,B0,34,13,0.199438,1.26175,2,0,0,0,5,7,8,10,5,3,2,75,0.477314,4.45886,3.36783,66,27,25,0,33,27,0.187817,1.87533,24,0.201183,1.38235,24,0.0883147,0.110151,1
O1,S,rolling,45,first_storm,M_TOC,34,13,0.142091,0.971912,2,1,0,5,8,9,10,10,7,3,2,75,0.259049,3.52366,1.31792,73,27,26,2,36,27,0.0889935,1.11117,24,0.116987,0.632459,24,0.053068,-0.425709,1
O1,S,rolling,45,first_storm,M_TOC_h0half,34,13,0.155934,1.05073,2,1,0,5,8,9,9,10,7,3,2,75,0.306106,3.7258,1.9225,73,27,26,0,34,27,0.112749,1.32811,24,0.135869,0.8633,24,0.0574874,-0.268906,1
O1,S,rolling,45,first_storm,M_TOC_linear,34,13,0.131273,0.90523,2,1,0,5,9,9,10,10,7,3,2,75,0.231902,3.40079,0.847421,73,27,26,2,36,27,0.074748,0.94404,24,0.107361,0.465863,24,0.0497934,-0.562483,1
O1,S,rolling,45,first_storm,network_mean,34,13,0.508108,1.82154,2,0,0,,,,,10,,3,,,,,,,,,,,,,,,,,,,,1
O1,S,rolling,45,first_storm,oracle,34,13,0.00710501,0.234963,2,2,0,,,,,10,,3,,75,0.108902,2.22582,0.969837,,27,26,0,34,27,0.0530442,0.584096,24,0.024488,0.00223757,24,0.0313695,0.383503,1
O1,S,rolling,45,first_storm,persistence,34,13,0.267298,1.24615,2,1,0,,,,,10,,3,,,,,,,,,,,,,,,,,,,,1
O1,S,rolling,45,after_storm,B0,34,13,0.0892869,0.842976,1,1,0,5,9,10,12,10,8,3,2,74,0.488567,4.40645,-3.3782,70,25,25,0,33,26,0.346548,-2.06742,24,0.105231,-1.27281,24,0.036788,-0.037974,1
O1,S,rolling,45,after_storm,M_TOC,34,13,0.0844782,0.821743,1,1,0,4,9,11,12,10,8,3,3,74,0.367848,4.34747,-3.87214,68,25,25,0,34,26,0.198544,-1.89765,24,0.129242,-1.44839,24,0.0400625,-0.526102,1
O1,S,rolling,45,after_storm,M_TOC_h0half,34,13,0.0840901,0.82369,1,1,0,4,9,12,12,10,9,3,3,74,0.347647,4.20744,-3.62732,69,25,25,0,34,26,0.18856,-1.81186,24,0.12101,-1.37125,24,0.0380778,-0.444207,1
O1,S,rolling,45,after_storm,M_TOC_linear,34,13,0.0848074,0.820612,1,1,0,4,9,11,12,10,8,3,3,74,0.369338,4.36534,-3.90075,67,25,25,0,34,26,0.196133,-1.88836,24,0.131401,-1.46181,24,0.0418034,-0.550586,1
O1,S,rolling,45,after_storm,network_mean,34,13,0.3926,1.8,1,0,0,,,,,10,,3,,,,,,,,,,,,,,,,,,,,1
O1,S,rolling,45,after_storm,oracle,34,13,0.0160065,0.335715,1,1,0,,,,,10,,3,,74,0.0752397,1.62615,-0.29931,,25,24,0,33,26,0.0255434,0.329483,24,0.0320469,-0.514817,24,0.0176494,-0.113977,1
O1,S,rolling,45,after_storm,persistence,34,13,0.1173,0.97,1,1,0,,,,,10,,3,,,,,,,,,,,,,,,,,,,,1
O1,S,rolling,46,falling,B0,147,52,0.405449,3.37721,9,9,2,22,36,44,48,42,35,10,9,292,1.32687,15.844,-13.1386,223,119,112,9,154,101,0.566202,-5.60178,92,0.344671,-2.98601,99,0.416001,-4.55079,4
O1,S,rolling,46,falling,M_TOC,147,52,0.376565,3.39322,9,9,2,21,36,46,48,42,37,10,9,292,1.00919,13.7332,-10.7805,234,119,112,8,152,101,0.407403,-4.55399,92,0.274553,-2.3634,99,0.327231,-3.86308,4
O1,S,rolling,46,falling,M_TOC_h0half,147,52,0.388762,3.42559,9,9,2,21,37,46,48,42,36,10,10,292,1.13052,14.5756,-11.8496,233,119,112,8,152,101,0.470858,-5.09286,92,0.301619,-2.64246,99,0.358042,-4.11432,4
O1,S,rolling,46,falling,M_TOC_linear,147,52,0.378272,3.40185,9,9,2,22,36,46,48,42,37,10,9,292,0.871872,12.4951,-9.36967,240,119,112,7,150,101,0.350124,-3.90163,92,0.247298,-2.05211,99,0.27445,-3.41593,4
O1,S,rolling,46,falling,network_mean,147,52,4.23022,11.2846,9,0,0,,,,,42,,10,,,,,,,,,,,,,,,,,,,,4
O1,S,rolling,46,falling,oracle,147,52,0.11529,1.9331,9,8,1,,,,,42,,10,,292,0.41503,7.66759,2.27389,,119,108,3,138,101,0.22951,0.809302,92,0.131014,1.4908,99,0.0545059,-0.026217,4
O1,S,rolling,46,falling,persistence,147,52,2.06275,6.37949,9,6,3,,,,,42,,10,,,,,,,,,,,,,,,,,,,,4
O1,S,rolling,46,steady,B0,100,39,0.903542,3.84345,5,4,1,16,21,27,31,30,19,9,8,220,2.14352,15.6229,-13.9737,162,83,79,14,112,72,1.1888,-6.76803,73,0.748447,-4.81995,75,0.206269,-2.38569,3
O1,S,rolling,46,steady,M_TOC,100,39,0.90245,3.84352,5,4,1,16,21,27,31,30,19,9,8,220,2.131,15.5665,-13.8782,163,83,79,14,112,72,1.18613,-6.71994,73,0.737398,-4.75331,75,0.207473,-2.40498,3
O1,S,rolling,46,steady,M_TOC_h0half,100,39,0.903095,3.84707,5,4,1,16,21,27,31,30,19,9,8,220,2.12013,15.5755,-13.8406,162,83,79,14,112,72,1.1787,-6.72235,73,0.73541,-4.73532,75,0.206014,-2.3829,3
O1,S,rolling,46,steady,M_TOC_linear,100,39,0.902527,3.84704,5,4,1,16,21,27,31,30,19,9,8,220,2.12934,15.5924,-13.9533,163,83,79,14,112,72,1.18591,-6.78107,73,0.738227,-4.79401,75,0.205206,-2.3782,3
O1,S,rolling,46,steady,network_mean,100,39,3.16205,8.72615,5,0,0,,,,,30,,9,,,,,,,,,,,,,,,,,,,,3
O1,S,rolling,46,steady,oracle,100,39,0.45467,2.23185,5,4,1,,,,,30,,9,,220,0.572633,8.60951,-0.441669,,83,75,5,97,72,0.316211,-0.177097,73,0.152039,-0.401461,75,0.104382,0.136888,3
O1,S,rolling,46,steady,persistence,100,39,1.02745,4.30667,5,4,0,,,,,30,,9,,,,,,,,,,,,,,,,,,,,3
O1,S,rolling,46,first_storm,B0,44,13,0.215611,1.1979,2,1,0,6,8,10,11,10,8,3,2,73,0.422379,4.5603,3.72857,51,36,29,1,36,21,0.160164,1.54641,24,0.0827475,1.15005,28,0.179468,1.0321,1
O1,S,rolling,46,first_storm,M_TOC,44,13,0.169503,1.13496,2,1,0,8,11,11,11,10,9,3,2,73,0.236997,3.04944,1.96953,61,36,29,1,38,21,0.0910799,1.0139,24,0.0393837,0.58589,28,0.106534,0.369742,1
O1,S,rolling,46,first_storm,M_TOC_h0half,44,13,0.17704,1.1369,2,1,0,8,10,11,11,10,9,3,2,73,0.282099,3.48561,2.4782,60,36,29,1,38,21,0.108097,1.16494,24,0.0493874,0.746614,28,0.124615,0.566643,1
O1,S,rolling,46,first_storm,M_TOC_linear,44,13,0.165754,1.13484,2,1,1,9,11,11,11,10,9,3,2,73,0.212866,2.80497,1.56276,61,36,30,1,39,21,0.0820232,0.90798,24,0.0338818,0.460785,28,0.0969613,0.193992,1
O1,S,rolling,46,first_storm,network_mean,44,13,0.999814,2.66205,2,0,0,,,,,10,,3,,,,,,,,,,,,,,,,,,,,1
O1,S,rolling,46,first_storm,oracle,44,13,0.0325348,0.509091,2,2,0,,,,,10,,3,,73,0.0845225,1.62226,0.116345,,36,36,0,44,21,0.0578459,0.191852,24,0.0126607,0.165657,28,0.0140158,-0.241165,1
O1,S,rolling,46,first_storm,persistence,44,13,0.444543,1.82795,2,1,1,,,,,10,,3,,,,,,,,,,,,,,,,,,,,1
O1,S,rolling,46,after_storm,B0,39,13,0.202772,0.839333,3,3,1,11,11,11,12,10,8,3,3,73,1.12564,6.23459,-4.83178,53,32,31,15,55,21,0.201313,-0.915068,25,0.769893,-3.54346,27,0.154436,-0.37325,1
O1,S,rolling,46,after_storm,M_TOC,39,13,0.233732,0.899098,3,3,1,11,11,12,12,10,9,3,3,73,1.00298,5.89272,-4.56816,54,32,32,12,53,21,0.183712,-0.827805,25,0.675877,-3.26331,27,0.143396,-0.477038,1
O1,S,rolling,46,after_storm,M_TOC_h0half,39,13,0.228101,0.888702,3,3,1,11,11,12,12,10,9,3,3,73,1.01575,5.92907,-4.55905,54,32,32,12,53,21,0.184003,-0.80229,25,0.687807,-3.30306,27,0.143934,-0.453697,1
O1,S,rolling,46,after_storm,M_TOC_linear,39,13,0.237577,0.905747,3,3,1,11,11,12,12,10,9,3,3,73,0.984283,5.85722,-4.54184,54,32,32,10,51,21,0.182399,-0.824793,25,0.659991,-3.2248,27,0.141893,-0.492245,1
O1,S,rolling,46,after_storm,network_mean,39,13,1.56159,3.37026,3,0,0,,,,,10,,3,,,,,,,,,,,,,,,,,,,,1
O1,S,rolling,46,after_storm,oracle,39,13,0.0381939,0.532728,3,3,0,,,,,10,,3,,73,0.0547563,1.31497,-0.377154,,32,32,2,41,21,0.0211458,0.107483,25,0.0214607,-0.326563,27,0.0121499,-0.158073,1
O1,S,rolling,46,after_storm,persistence,39,13,0.857034,1.98974,3,1,0,,,,,10,,3,,,,,,,,,,,,,,,,,,,,1
O1,S,rolling,47,falling,B0,140,52,0.357878,3.2629,2,2,2,22,36,41,45,42,34,10,7,293,1.42691,15.0606,-13.125,251,126,123,16,162,93,0.996138,-7.66461,91,0.185995,-2.44038,109,0.244779,-3.01998,4
O1,S,rolling,47,falling,M_TOC,140,52,0.343343,3.20202,2,2,1,22,36,41,45,42,34,10,7,293,1.28077,14.0194,-11.5799,256,126,122,13,155,93,0.908775,-7.24651,91,0.157608,-1.96365,109,0.214387,-2.36969,4
O1,S,rolling,47,falling,M_TOC_h0half,140,52,0.347847,3.21914,2,2,1,22,36,41,45,42,34,10,7,293,1.30715,14.1955,-11.9545,257,126,123,14,158,93,0.924119,-7.29969,91,0.160315,-2.06284,109,0.222721,-2.59197,4
O1,S,rolling,47,falling,M_TOC_linear,140,52,0.339109,3.18555,2,2,1,21,37,42,45,42,34,10,8,293,1.24297,13.7973,-11.0745,258,126,122,11,153,93,0.8762,-7.0378,91,0.152182,-1.74224,109,0.214587,-2.29444,4
O1,S,rolling,47,falling,network_mean,140,52,5.58385,14.0746,2,0,0,,,,,42,,10,,,,,,,,,,,,,,,,,,,,4
O1,S,rolling,47,falling,oracle,140,52,0.145467,2.11806,2,2,3,,,,,42,,10,,293,0.680994,10.708,-1.51031,,126,120,7,147,93,0.310781,-1.46732,91,0.163385,-0.637053,109,0.206828,0.594063,4
O1,S,rolling,47,falling,persistence,140,52,1.69286,6.95513,2,0,0,,,,,42,,10,,,,,,,,,,,,,,,,,,,,4
O1,S,rolling,47,steady,B0,121,39,0.223346,2.44724,2,1,0,14,32,35,37,30,27,9,8,219,0.334332,6.04493,-1.90299,216,101,98,2,120,69,0.167145,-0.565408,75,0.0658419,-0.167181,75,0.101345,-1.1704,3
O1,S,rolling,47,steady,M_TOC,121,39,0.219238,2.43416,2,1,0,14,33,34,37,30,26,9,8,219,0.335787,6.12796,-1.41877,216,101,96,2,118,69,0.175391,-0.60173,75,0.0653859,0.0603826,75,0.0950103,-0.877424,3
O1,S,rolling,47,steady,M_TOC_h0half,121,39,0.219758,2.43527,2,1,0,14,32,34,37,30,26,9,8,219,0.335949,6.12723,-1.50404,216,101,96,2,118,69,0.174167,-0.556024,75,0.0650965,0.0388361,75,0.0966853,-0.986852,3
O1,S,rolling,47,steady,M_TOC_linear,121,39,0.218769,2.43324,2,1,0,14,33,34,37,30,26,9,8,219,0.338592,6.11397,-1.4004,216,101,96,2,118,69,0.178373,-0.616498,75,0.0669125,0.0711232,75,0.0933062,-0.855028,3
O1,S,rolling,47,steady,network_mean,121,39,4.2167,10.8777,2,0,0,,,,,30,,9,,,,,,,,,,,,,,,,,,,,3
O1,S,rolling,47,steady,oracle,121,39,0.123618,1.71119,2,1,0,,,,,30,,9,,219,0.165198,4.49896,0.738513,,101,96,3,118,69,0.0751594,0.738511,75,0.0408249,-0.173283,75,0.0492142,0.173286,3
O1,S,rolling,47,steady,persistence,121,39,0.966982,4.57538,2,0,0,,,,,30,,9,,,,,,,,,,,,,,,,,,,,3
O1,S,rolling,47,first_storm,B0,50,13,0.07934,0.847953,2,2,0,4,6,9,10,11,8,2,1,73,0.328278,4.04482,3.99282,35,41,35,0,41,24,0.183835,1.90566,23,0.0879905,1.22479,26,0.0564523,0.862368,1
O1,S,rolling,47,first_storm,M_TOC,50,13,0.0621307,0.708542,2,2,0,5,9,10,11,11,9,2,1,73,0.160973,2.82442,2.46397,54,41,35,0,42,24,0.0883548,1.28408,23,0.0512109,0.782541,26,0.0214071,0.397349,1
O1,S,rolling,47,first_storm,M_TOC_h0half,50,13,0.0646425,0.731028,2,2,0,5,9,9,11,11,8,2,1,73,0.207408,3.17826,2.94983,52,41,35,0,41,24,0.120845,1.52391,23,0.0583511,0.901825,26,0.0282115,0.524094,1
O1,S,rolling,47,first_storm,M_TOC_linear,50,13,0.0582842,0.680508,2,2,0,5,9,10,11,11,9,2,1,73,0.136712,2.62081,2.17342,57,41,35,0,42,24,0.0742614,1.1831,23,0.0462431,0.690621,26,0.0162076,0.299696,1
O1,S,rolling,47,first_storm,network_mean,50,13,1.72389,4.25154,2,0,0,,,,,11,,2,,,,,,,,,,,,,,,,,,,,1
O1,S,rolling,47,first_storm,oracle,50,13,0.0202832,0.403218,2,2,0,,,,,11,,2,,73,0.057348,1.44199,0.425884,,41,40,1,48,24,0.0250964,0.353799,23,0.0289336,0.0885375,26,0.00331799,-0.0164528,1
O1,S,rolling,47,first_storm,persistence,50,13,0.80055,2.18051,2,0,0,,,,,11,,2,,,,,,,,,,,,,,,,,,,,1
O1,S,rolling,47,after_storm,B0,37,13,0.120975,0.764641,2,1,0,9,10,11,13,10,8,3,3,74,0.501815,5.05046,-5.04142,58,32,32,8,48,25,0.318846,-2.49044,23,0.136839,-1.66925,26,0.0461311,-0.881733,1
O1,S,rolling,47,after_storm,M_TOC,37,13,0.11255,0.786165,2,1,0,8,11,11,12,10,8,3,3,74,0.54444,5.39997,-5.39997,58,32,32,9,50,25,0.307757,-2.49295,23,0.175435,-1.90322,26,0.0612472,-1.0038,1
O1,S,rolling,47,after_storm,M_TOC_h0half,37,13,0.113415,0.780979,2,1,0,8,11,11,12,10,8,3,3,74,0.528942,5.26442,-5.26442,57,32,32,9,50,25,0.302632,-2.43967,23,0.169427,-1.86783,26,0.0568832,-0.956926,1
O1,S,rolling,47,after_storm,M_TOC_linear,37,13,0.112257,0.790356,2,1,0,8,11,11,12,10,8,3,3,74,0.532903,5.34933,-5.34933,58,32,32,9,50,25,0.301747,-2.47099,23,0.170681,-1.8762,26,0.0604752,-1.00213,1
O1,S,rolling,47,after_storm,network_mean,37,13,1.4445,3.49308,2,0,0,,,,,10,,3,,,,,,,,,,,,,,,,,,,,1
O1,S,rolling,47,after_storm,oracle,37,13,0.0162557,0.352402,2,2,0,,,,,10,,3,,74,0.0900844,2.07128,0.333912,,32,29,0,33,25,0.0362235,-0.164435,23,0.0150485,-0.129331,26,0.0388124,0.627679,1
O1,S,rolling,47,after_storm,persistence,37,13,0.718664,2.36462,2,0,0,,,,,10,,3,,,,,,,,,,,,,,,,,,,,1
O1,S,jan_mar_to_jul_sep,32,all_months,B0,110,39,0.208913,2.14128,11,9,1,23,35,37,37,32,30,7,7,219,4.72389,24.52,-24.2593,186,83,83,28,144,75,3.28901,-13.3636,72,1.26664,-8.23006,72,0.168235,-2.66565,3
O1,S,jan_mar_to_jul_sep,32,all_months,M_TOC,110,39,0.228097,2.17319,11,7,1,24,35,37,37,32,30,7,7,219,4.52418,22.9058,-22.3433,205,83,83,25,141,75,3.50207,-13.437,72,0.912035,-7.14512,72,0.110074,-1.76119,3
O1,S,jan_mar_to_jul_sep,32,all_months,M_TOC_h0half,110,39,0.217751,2.14147,11,8,1,24,35,37,37,32,30,7,7,219,4.60503,23.3435,-22.9213,205,83,83,25,141,75,3.53771,-13.5571,72,0.9428,-7.30591,72,0.124519,-2.05822,3
O1,S,jan_mar_to_jul_sep,32,all_months,M_TOC_linear,110,39,0.241923,2.21174,11,6,1,24,34,35,37,32,28,7,7,219,4.45006,22.4412,-21.6915,208,83,83,25,141,75,3.47164,-13.2652,72,0.882038,-6.99087,72,0.0963842,-1.43537,3
O1,S,jan_mar_to_jul_sep,32,all_months,network_mean,110,39,2.91813,8.66872,11,0,0,,,,,32,,7,,,,,,,,,,,,,,,,,,,,3
O1,S,jan_mar_to_jul_sep,32,all_months,oracle,110,39,0.0871274,1.42954,11,10,0,,,,,32,,7,,219,0.472616,7.69331,2.99155,,83,74,1,102,75,0.215552,1.17337,72,0.117467,1.46752,72,0.139598,0.350661,3
O1,S,jan_mar_to_jul_sep,32,all_months,persistence,110,39,1.06358,4.07359,11,7,2,,,,,32,,7,,,,,,,,,,,,,,,,,,,,3
O1,S,jan_mar_to_jul_sep,33,all_months,B0,97,39,1.92493,5.74101,5,5,7,12,29,30,31,31,22,8,8,219,5.90728,26.6758,-25.2765,139,75,74,28,126,81,3.87226,-11.949,72,1.26543,-7.53476,66,0.769581,-5.79266,3
O1,S,jan_mar_to_jul_sep,33,all_months,M_TOC,97,39,1.66931,5.24348,5,5,6,12,28,31,33,31,23,8,8,219,5.25175,24.0094,-22.4406,163,75,74,25,123,81,3.61751,-10.8616,72,1.03927,-6.5388,66,0.59497,-5.04026,3
O1,S,jan_mar_to_jul_sep,33,all_months,M_TOC_h0half,97,39,1.75873,5.41992,5,5,6,13,30,31,31,31,23,8,8,219,5.55892,25.302,-23.8349,153,75,74,28,126,81,3.73828,-11.4322,72,1.14562,-7.01387,66,0.675023,-5.38879,3
O1,S,jan_mar_to_jul_sep,33,all_months,M_TOC_linear,97,39,1.57567,5.05212,5,5,5,11,27,31,33,31,23,8,8,219,5.11558,23.4826,-21.8685,168,75,74,25,123,81,3.57005,-10.7228,72,1.00337,-6.37719,66,0.542158,-4.76853,3
O1,S,jan_mar_to_jul_sep,33,all_months,network_mean,97,39,2.49423,8.50051,5,0,0,,,,,31,,8,,,,,,,,,,,,,,,,,,,,3
O1,S,jan_mar_to_jul_sep,33,all_months,oracle,97,39,0.532186,3.21921,5,5,2,,,,,31,,8,,219,1.96885,11.3531,5.51529,,75,63,2,82,81,1.57104,3.12418,72,0.185339,0.368124,66,0.212464,2.02298,3
O1,S,jan_mar_to_jul_sep,33,all_months,persistence,97,39,1.7555,6.27641,5,5,7,,,,,31,,8,,,,,,,,,,,,,,,,,,,,3
O1,S,jan_mar_to_jul_sep,34,all_months,B0,107,39,0.113407,1.73454,5,4,0,20,32,35,36,32,30,7,5,222,1.2056,13.3921,-13.1076,166,93,93,24,132,66,0.434982,-4.56107,78,0.54603,-5.45558,78,0.224586,-3.09091,3
O1,S,jan_mar_to_jul_sep,34,all_months,M_TOC,107,39,0.108741,1.74105,5,4,0,23,33,35,37,32,30,7,5,222,0.87358,10.8908,-10.4232,191,93,93,18,126,66,0.320849,-3.65907,78,0.39835,-4.38983,78,0.154382,-2.37425,3
O1,S,jan_mar_to_jul_sep,34,all_months,M_TOC_h0half,107,39,0.108884,1.73172,5,4,0,22,33,35,37,32,30,7,5,222,0.948573,11.5206,-11.0892,185,93,93,18,126,66,0.344254,-3.85744,78,0.43195,-4.65806,78,0.172368,-2.57371,3
O1,S,jan_mar_to_jul_sep,34,all_months,M_TOC_linear,107,39,0.109924,1.75102,5,4,0,22,32,35,37,32,29,7,6,222,0.793744,10.0955,-9.55149,194,93,93,18,126,66,0.28925,-3.33244,78,0.358675,-3.97615,78,0.14582,-2.2429,3
O1,S,jan_mar_to_jul_sep,34,all_months,network_mean,107,39,4.67515,11.0354,5,0,0,,,,,32,,7,,,,,,,,,,,,,,,,,,,,3
O1,S,jan_mar_to_jul_sep,34,all_months,oracle,107,39,0.0746975,1.44181,5,5,0,,,,,32,,7,,222,0.310849,6.1079,-2.3001,,93,90,12,113,66,0.0702415,-0.786229,78,0.165534,-2.30614,78,0.0750732,0.792263,3
O1,S,jan_mar_to_jul_sep,34,all_months,persistence,107,39,1.36079,4.25744,5,3,0,,,,,32,,7,,,,,,,,,,,,,,,,,,,,3
O1,S,jan_mar_to_jul_sep,35,all_months,B0,118,39,0.436386,2.77796,5,5,3,25,33,35,36,31,27,8,8,222,0.518569,8.31787,-2.67994,210,91,74,1,102,72,0.18795,-1.38665,81,0.151523,-0.849628,69,0.179097,-0.443663,3
O1,S,jan_mar_to_jul_sep,35,all_months,M_TOC,118,39,0.428907,2.75463,5,5,2,24,33,35,35,31,27,8,8,222,0.486014,8.01812,-1.56604,211,91,71,1,99,72,0.174298,-1.03464,81,0.132866,-0.500052,69,0.17885,-0.0313491,3
O1,S,jan_mar_to_jul_sep,35,all_months,M_TOC_h0half,118,39,0.431409,2.76443,5,5,2,24,33,35,36,31,27,8,8,222,0.496235,8.12414,-1.79559,211,91,74,1,102,72,0.177501,-1.08867,81,0.137232,-0.585052,69,0.181502,-0.121869,3
O1,S,jan_mar_to_jul_sep,35,all_months,M_TOC_linear,118,39,0.426709,2.74156,5,5,2,22,33,35,35,31,27,8,8,222,0.484099,8.03387,-0.933346,210,91,71,1,99,72,0.170369,-0.879119,81,0.131645,-0.299455,69,0.182085,0.245228,3
O1,S,jan_mar_to_jul_sep,35,all_months,network_mean,118,39,2.91245,8.41385,5,0,0,,,,,31,,8,,,,,,,,,,,,,,,,,,,,3
O1,S,jan_mar_to_jul_sep,35,all_months,oracle,118,39,0.257396,2.02198,5,5,3,,,,,31,,8,,222,0.284646,5.48083,1.3868,,91,76,7,110,72,0.11961,0.641046,81,0.0641958,-0.326932,69,0.10084,1.07269,3
O1,S,jan_mar_to_jul_sep,35,all_months,persistence,118,39,0.672835,4.08128,5,5,1,,,,,31,,8,,,,,,,,,,,,,,,,,,,,3
O1,S,jan_mar_to_jul_sep,36,all_months,B0,108,39,0.140277,1.83629,3,1,0,17,28,34,37,32,27,7,7,219,1.2045,13.5775,-12.3161,170,89,89,34,144,69,0.424195,-3.7366,66,0.387838,-4.27282,84,0.392462,-4.30668,3
O1,S,jan_mar_to_jul_sep,36,all_months,M_TOC,108,39,0.149477,2.00877,3,1,0,16,27,36,37,32,29,7,7,219,0.854571,11.1156,-9.57689,194,89,86,25,132,69,0.325547,-2.88043,66,0.2725,-3.38861,84,0.256524,-3.30785,3
O1,S,jan_mar_to_jul_sep,36,all_months,M_TOC_h0half,108,39,0.138817,1.87242,3,1,0,16,30,35,37,32,28,7,7,219,0.943813,11.7955,-10.376,198,89,87,24,132,69,0.333476,-3.04609,66,0.298467,-3.58165,84,0.31187,-3.74828,3
O1,S,jan_mar_to_jul_sep,36,all_months,M_TOC_linear,108,39,0.157567,2.06233,3,1,0,13,27,34,37,32,27,7,7,219,0.783808,10.4651,-8.77337,198,89,86,22,129,69,0.293571,-2.51601,66,0.243887,-3.07557,84,0.24635,-3.18179,3
O1,S,jan_mar_to_jul_sep,36,all_months,network_mean,108,39,0.960338,4.7359,3,0,0,,,,,32,,7,,,,,,,,,,,,,,,,,,,,3
O1,S,jan_mar_to_jul_sep,36,all_months,oracle,108,39,0.0725035,1.33272,3,3,1,,,,,32,,7,,219,0.524267,7.67739,3.01166,,89,86,8,112,69,0.274714,1.0169,66,0.113013,0.713144,84,0.13654,1.28162,3
O1,S,jan_mar_to_jul_sep,36,all_months,persistence,108,39,0.715013,3.79282,3,0,0,,,,,32,,7,,,,,,,,,,,,,,,,,,,,3
O1,S,jan_mar_to_jul_sep,37,all_months,B0,93,39,0.341037,2.73169,5,3,2,28,34,37,37,32,30,7,7,222,4.92732,27.2479,-26.5697,171,69,68,25,123,78,2.75253,-13.1912,72,1.5552,-8.07915,72,0.619596,-5.29939,3
O1,S,jan_mar_to_jul_sep,37,all_months,M_TOC,93,39,0.350003,2.81533,5,2,1,25,34,37,37,32,30,7,7,222,4.29151,25.0077,-24.0702,190,69,68,22,120,78,2.50894,-12.4737,72,1.34909,-7.26107,72,0.433478,-4.33546,3
O1,S,jan_mar_to_jul_sep,37,all_months,M_TOC_h0half,93,39,0.344713,2.78342,5,2,1,25,33,37,37,32,30,7,7,222,4.45235,25.5793,-24.7183,184,69,68,22,120,78,2.58857,-12.7109,72,1.38709,-7.41793,72,0.476698,-4.58949,3
O1,S,jan_mar_to_jul_sep,37,all_months,M_TOC_linear,93,39,0.359084,2.85264,5,2,1,24,34,36,37,32,29,7,7,222,4.11027,24.2239,-23.1904,194,69,68,19,114,78,2.44939,-12.273,72,1.29244,-6.99403,72,0.368438,-3.92336,3
O1,S,jan_mar_to_jul_sep,37,all_months,network_mean,93,39,3.35676,9.21282,5,0,0,,,,,32,,7,,,,,,,,,,,,,,,,,,,,3
O1,S,jan_mar_to_jul_sep,37,all_months,oracle,93,39,0.213382,2.26944,5,1,0,,,,,32,,7,,222,0.676709,9.5474,0.568589,,69,59,0,80,78,0.29199,-1.28504,72,0.241541,-0.22749,72,0.143178,2.08112,3
O1,S,jan_mar_to_jul_sep,37,all_months,persistence,93,39,2.42235,6.7341,5,2,4,,,,,32,,7,,,,,,,,,,,,,,,,,,,,3
O1,S,jan_mar_to_jul_sep,38,all_months,B0,100,39,0.240317,2.08166,5,4,0,26,35,38,38,31,30,8,8,219,4.38377,22.4127,-22.1161,185,88,88,20,126,69,3.15519,-10.6722,66,0.700804,-6.23271,84,0.527772,-5.21119,3
O1,S,jan_mar_to_jul_sep,38,all_months,M_TOC,100,39,0.294072,2.2182,5,4,0,25,34,37,38,31,29,8,8,219,4.21126,20.8632,-20.4502,200,88,88,17,123,69,3.15783,-10.1105,66,0.582144,-5.5765,84,0.471281,-4.76314,3
O1,S,jan_mar_to_jul_sep,38,all_months,M_TOC_h0half,100,39,0.271922,2.15833,5,4,0,26,36,38,38,31,30,8,8,219,4.29971,21.3077,-20.9373,199,88,88,17,123,69,3.19815,-10.3054,66,0.621269,-5.81383,84,0.480286,-4.81815,3
O1,S,jan_mar_to_jul_sep,38,all_months,M_TOC_linear,100,39,0.321028,2.30437,5,3,0,25,33,37,38,31,29,8,8,219,4.17297,20.1705,-19.692,199,88,88,17,123,69,3.19124,-9.80769,66,0.548866,-5.37921,84,0.432871,-4.50509,3
O1,S,jan_mar_to_jul_sep,38,all_months,network_mean,100,39,1.75375,6.4941,5,0,0,,,,,31,,8,,,,,,,,,,,,,,,,,,,,3
O1,S,jan_mar_to_jul_sep,38,all_months,oracle,100,39,0.0817602,1.38048,5,5,0,,,,,31,,8,,219,0.425773,6.90838,1.1965,,88,88,2,99,69,0.226605,0.951553,66,0.0990685,0.433837,84,0.1001,-0.188893,3
O1,S,jan_mar_to_jul_sep,38,all_months,persistence,100,39,1.39607,5.0459,5,4,2,,,,,31,,8,,,,,,,,,,,,,,,,,,,,3
O1,S,jan_mar_to_jul_sep,39,all_months,B0,112,39,0.32546,2.54118,6,6,6,23,34,37,38,30,29,9,8,222,2.30061,19.6215,-19.0498,159,84,84,27,141,78,0.894125,-7.05868,72,0.930947,-7.26448,72,0.475536,-4.72665,3
O1,S,jan_mar_to_jul_sep,39,all_months,M_TOC,112,39,0.274551,2.29318,6,6,6,24,35,37,39,30,28,9,9,222,1.69524,16.4604,-15.5663,191,84,83,13,123,78,0.685178,-5.75641,72,0.688628,-6.0747,72,0.321435,-3.73523,3
O1,S,jan_mar_to_jul_sep,39,all_months,M_TOC_h0half,112,39,0.290091,2.36987,6,6,6,21,35,38,39,30,29,9,9,222,1.8961,17.5678,-16.7998,184,84,84,27,138,78,0.757807,-6.21884,72,0.765415,-6.47998,72,0.372883,-4.10096,3
O1,S,jan_mar_to_jul_sep,39,all_months,M_TOC_linear,112,39,0.260889,2.24135,6,6,5,24,37,37,39,30,28,9,9,222,1.51863,15.363,-14.3446,197,84,83,13,123,78,0.627115,-5.31747,72,0.611172,-5.63744,72,0.280342,-3.38971,3
O1,S,jan_mar_to_jul_sep,39,all_months,network_mean,112,39,2.65712,8.19769,6,0,0,,,,,30,,9,,,,,,,,,,,,,,,,,,,,3
O1,S,jan_mar_to_jul_sep,39,all_months,oracle,112,39,0.0989154,1.38916,6,6,4,,,,,30,,9,,222,0.326603,6.1393,0.0665459,,84,71,9,107,78,0.156228,0.521243,72,0.092117,-0.807134,72,0.0782584,0.352437,3
O1,S,jan_mar_to_jul_sep,39,all_months,persistence,112,39,1.62234,5.07154,6,6,3,,,,,30,,9,,,,,,,,,,,,,,,,,,,,3
O1,S,jan_mar_to_jul_sep,40,all_months,B0,93,39,0.643159,2.97528,6,2,0,15,25,29,30,30,22,9,7,219,1.02463,9.73524,-7.19738,202,73,73,14,108,75,0.166216,-1.91583,69,0.217139,-2.36423,75,0.641271,-2.91732,3
O1,S,jan_mar_to_jul_sep,40,all_months,M_TOC,93,39,0.702104,3.21137,6,2,0,12,24,25,27,30,19,9,6,219,0.866458,8.20563,-3.77359,205,73,71,13,105,75,0.115712,-0.64264,69,0.171422,-1.35924,75,0.579324,-1.77171,3
O1,S,jan_mar_to_jul_sep,40,all_months,M_TOC_h0half,93,39,0.677175,3.09539,6,2,0,13,24,26,30,30,20,9,6,219,0.882141,8.49486,-4.60915,204,73,71,13,105,75,0.121428,-0.918581,69,0.176662,-1.58854,75,0.58405,-2.10203,3
O1,S,jan_mar_to_jul_sep,40,all_months,M_TOC_linear,93,39,0.733263,3.35111,6,2,0,12,22,25,26,30,19,9,6,219,0.840396,7.98291,-2.33534,201,73,68,10,99,75,0.107326,-0.229683,69,0.160938,-0.891703,75,0.572132,-1.21395,3
O1,S,jan_mar_to_jul_sep,40,all_months,network_mean,93,39,1.83746,6.60795,6,0,0,,,,,30,,9,,,,,,,,,,,,,,,,,,,,3
O1,S,jan_mar_to_jul_sep,40,all_months,oracle,93,39,0.471997,2.45918,6,5,0,,,,,30,,9,,219,1.08868,9.82926,-2.53548,,73,65,16,104,75,0.203441,-0.442883,69,0.184913,-1.43068,75,0.700323,-0.661923,3
O1,S,jan_mar_to_jul_sep,40,all_months,persistence,93,39,1.23674,4.63205,6,0,0,,,,,30,,9,,,,,,,,,,,,,,,,,,,,3
O1,S,jan_mar_to_jul_sep,41,all_months,B0,93,39,0.283679,2.49307,7,7,0,12,21,24,28,32,19,7,5,222,1.90798,17.1961,-16.1325,141,64,62,10,108,87,0.75754,-6.70337,63,0.683443,-5.14459,72,0.466993,-4.28458,3
O1,S,jan_mar_to_jul_sep,41,all_months,M_TOC,93,39,0.274762,2.46043,7,7,0,11,20,25,30,32,20,7,5,222,1.32756,14.2022,-12.1924,159,64,62,10,105,87,0.557987,-5.22845,63,0.488084,-4.07849,72,0.281489,-2.8855,3
O1,S,jan_mar_to_jul_sep,41,all_months,M_TOC_h0half,93,39,0.276173,2.46777,7,7,0,11,21,21,30,32,16,7,5,222,1.37792,14.4751,-12.6071,160,64,62,10,105,87,0.568173,-5.32732,63,0.499326,-4.12922,72,0.310418,-3.15059,3
O1,S,jan_mar_to_jul_sep,41,all_months,M_TOC_linear,93,39,0.27568,2.46167,7,7,0,10,20,25,28,32,20,7,5,222,1.08803,12.854,-10.0922,178,64,62,10,99,87,0.46601,-4.34516,63,0.399951,-3.46901,72,0.222071,-2.27803,3
O1,S,jan_mar_to_jul_sep,41,all_months,network_mean,93,39,3.41631,9.53923,7,0,0,,,,,32,,7,,,,,,,,,,,,,,,,,,,,3
O1,S,jan_mar_to_jul_sep,41,all_months,oracle,93,39,0.128839,1.80708,7,6,0,,,,,32,,7,,222,0.322893,6.9474,0.155047,,64,54,2,82,87,0.169732,-0.495542,63,0.0865767,-0.854511,72,0.0665835,1.5051,3
O1,S,jan_mar_to_jul_sep,41,all_months,persistence,93,39,2.14273,5.60179,7,3,0,,,,,32,,7,,,,,,,,,,,,,,,,,,,,3
O1,S,jan_mar_to_jul_sep,42,all_months,B0,93,39,0.522058,3.24937,2,1,0,13,22,29,33,30,22,9,7,219,1.67322,15.2001,-13.8162,165,76,76,17,114,75,0.503525,-4.33653,66,0.860409,-6.49149,78,0.309282,-2.98818,3
O1,S,jan_mar_to_jul_sep,42,all_months,M_TOC,93,39,0.370649,2.64494,2,1,0,16,27,33,37,30,26,9,7,219,1.15682,12.2595,-9.96667,184,76,76,8,105,75,0.405772,-3.61709,66,0.521612,-4.64844,78,0.229434,-1.70113,3
O1,S,jan_mar_to_jul_sep,42,all_months,M_TOC_h0half,93,39,0.390075,2.69215,2,1,0,16,26,34,37,30,26,9,8,219,1.2722,12.9641,-11.1857,180,76,76,8,105,75,0.449305,-4.11866,66,0.578874,-5.0194,78,0.244019,-2.04763,3
O1,S,jan_mar_to_jul_sep,42,all_months,M_TOC_linear,93,39,0.352005,2.59976,2,1,0,17,26,34,37,30,27,9,7,219,1.03653,11.4245,-8.60318,193,76,76,8,105,75,0.357686,-3.08605,66,0.461001,-4.21992,78,0.217841,-1.29721,3
O1,S,jan_mar_to_jul_sep,42,all_months,network_mean,93,39,4.01638,10.1392,2,0,0,,,,,30,,9,,,,,,,,,,,,,,,,,,,,3
O1,S,jan_mar_to_jul_sep,42,all_months,oracle,93,39,0.176908,1.94854,2,2,0,,,,,30,,9,,219,0.779704,10.0558,-0.241809,,76,67,6,89,75,0.319745,-0.283771,66,0.193542,-2.08333,78,0.266417,2.12529,3
O1,S,jan_mar_to_jul_sep,42,all_months,persistence,93,39,1.14671,5.02359,2,0,0,,,,,30,,9,,,,,,,,,,,,,,,,,,,,3
O1,S,jan_mar_to_jul_sep,43,all_months,B0,94,39,0.122124,1.58582,1,1,0,25,36,39,39,31,31,8,8,219,2.00753,15.9361,-14.2879,188,75,74,19,114,72,1.24685,-7.40925,78,0.517063,-4.47195,69,0.243618,-2.40667,3
O1,S,jan_mar_to_jul_sep,43,all_months,M_TOC,94,39,0.128327,1.6915,1,1,0,24,37,38,39,31,31,8,7,219,1.64064,13.9107,-11.214,207,75,73,11,105,72,1.10646,-6.47729,78,0.379878,-3.28648,69,0.154306,-1.45024,3
O1,S,jan_mar_to_jul_sep,43,all_months,M_TOC_h0half,94,39,0.123923,1.64293,1,1,0,26,37,39,39,31,31,8,8,219,1.8325,14.9423,-12.8614,201,75,74,16,111,72,1.19246,-7.06023,78,0.448813,-3.90882,69,0.191224,-1.89237,3
O1,S,jan_mar_to_jul_sep,43,all_months,M_TOC_linear,94,39,0.135545,1.74236,1,1,0,22,35,37,39,31,31,8,6,219,1.60283,13.5952,-10.7653,210,75,73,11,105,72,1.10699,-6.40687,78,0.350028,-3.04277,69,0.145812,-1.31563,3
O1,S,jan_mar_to_jul_sep,43,all_months,network_mean,94,39,1.65142,6.23385,1,0,0,,,,,31,,8,,,,,,,,,,,,,,,,,,,,3
O1,S,jan_mar_to_jul_sep,43,all_months,oracle,94,39,0.0346205,0.924028,1,1,0,,,,,31,,8,,219,0.357602,6.5298,-3.03855,,75,74,8,100,72,0.153759,-1.26181,78,0.114894,-1.33891,69,0.0889483,-0.437821,3
O1,S,jan_mar_to_jul_sep,43,all_months,persistence,94,39,1.40378,5.12846,1,0,0,,,,,31,,8,,,,,,,,,,,,,,,,,,,,3
O1,S,jan_mar_to_jul_sep,44,all_months,B0,96,39,0.470546,2.45243,8,5,0,15,29,33,35,31,26,8,7,219,1.10538,12.7365,-11.7653,160,87,87,21,123,69,0.489094,-4.52643,69,0.252823,-3.39059,81,0.363458,-3.84829,3
O1,S,jan_mar_to_jul_sep,44,all_months,M_TOC,96,39,0.524944,2.61985,8,5,0,15,31,33,35,31,26,8,7,219,0.701317,9.93598,-8.03569,201,87,87,18,120,69,0.323528,-3.29069,69,0.148352,-2.11079,81,0.229436,-2.63421,3
O1,S,jan_mar_to_jul_sep,44,all_months,M_TOC_h0half,96,39,0.502777,2.55716,8,5,0,14,31,33,36,31,26,8,7,219,0.859585,11.1119,-9.70429,187,87,87,21,123,69,0.387925,-3.81317,69,0.18988,-2.6981,81,0.28178,-3.19302,3
O1,S,jan_mar_to_jul_sep,44,all_months,M_TOC_linear,96,39,0.552406,2.68843,8,5,0,15,30,32,34,31,25,8,7,219,0.568632,9.00023,-6.10745,205,87,87,15,117,69,0.264282,-2.56349,69,0.12081,-1.51409,81,0.18354,-2.02988,3
O1,S,jan_mar_to_jul_sep,44,all_months,network_mean,96,39,3.30082,8.21462,8,0,0,,,,,31,,8,,,,,,,,,,,,,,,,,,,,3
O1,S,jan_mar_to_jul_sep,44,all_months,oracle,96,39,0.0687684,1.35577,8,7,0,,,,,31,,8,,219,0.304661,5.8874,-3.12792,,87,86,7,106,69,0.171636,-1.66632,69,0.0641261,-0.62585,81,0.0688986,-0.83575,3
O1,S,jan_mar_to_jul_sep,44,all_months,persistence,96,39,1.43231,4.4641,8,3,0,,,,,31,,8,,,,,,,,,,,,,,,,,,,,3
O1,S,jan_mar_to_jul_sep,45,all_months,B0,89,39,0.29441,2.65609,4,3,2,15,26,29,32,31,22,8,7,228,1.53173,15.7724,-13.7706,165,74,74,16,108,84,0.484838,-3.69763,69,0.479451,-5.11115,75,0.567441,-4.96187,3
O1,S,jan_mar_to_jul_sep,45,all_months,M_TOC,89,39,0.239923,2.48692,4,3,2,18,26,31,32,31,24,8,7,228,0.954428,11.9216,-9.16119,190,74,74,16,108,84,0.27356,-1.69403,69,0.289705,-3.6487,75,0.391163,-3.81846,3
O1,S,jan_mar_to_jul_sep,45,all_months,M_TOC_h0half,89,39,0.250574,2.53876,4,3,2,18,27,31,34,31,24,8,7,228,1.07502,12.8267,-10.4485,186,74,74,16,108,84,0.30607,-2.27177,69,0.331354,-4.02569,75,0.437599,-4.15099,3
O1,S,jan_mar_to_jul_sep,45,all_months,M_TOC_linear,89,39,0.237448,2.46452,4,1,2,16,27,31,32,31,24,8,7,228,0.834032,10.9264,-7.68651,194,74,74,13,105,84,0.255622,-1.17526,69,0.240506,-3.14675,75,0.337904,-3.3645,3
O1,S,jan_mar_to_jul_sep,45,all_months,network_mean,89,39,1.80533,6.62077,4,0,0,,,,,31,,8,,,,,,,,,,,,,,,,,,,,3
O1,S,jan_mar_to_jul_sep,45,all_months,oracle,89,39,0.514633,2.29625,4,2,2,,,,,31,,8,,228,0.616668,7.18909,2.16332,,74,64,4,83,84,0.133359,1.12932,69,0.0969462,-1.09145,75,0.386362,2.12545,3
O1,S,jan_mar_to_jul_sep,45,all_months,persistence,89,39,1.19288,4.65846,4,1,2,,,,,31,,8,,,,,,,,,,,,,,,,,,,,3
O1,S,jan_mar_to_jul_sep,46,all_months,B0,104,39,1.16909,4.02803,4,3,5,15,29,35,36,31,27,8,8,219,1.67937,14.9515,-13.0519,151,77,72,12,111,75,0.726786,-5.36289,69,0.434124,-3.33151,75,0.518459,-4.35746,3
O1,S,jan_mar_to_jul_sep,46,all_months,M_TOC,104,39,1.0395,3.78303,4,3,5,17,33,36,37,31,28,8,8,219,1.04755,11.7578,-8.26855,179,77,68,10,105,75,0.456938,-3.53204,69,0.289198,-1.87355,75,0.301412,-2.86296,3
O1,S,jan_mar_to_jul_sep,46,all_months,M_TOC_h0half,104,39,1.08464,3.86708,4,3,5,17,33,36,36,31,28,8,8,219,1.2487,12.8432,-9.96267,173,77,70,11,108,75,0.544403,-4.19838,69,0.322798,-2.31301,75,0.381498,-3.45128,3
O1,S,jan_mar_to_jul_sep,46,all_months,M_TOC_linear,104,39,0.993223,3.69933,4,3,5,19,33,36,37,31,28,8,8,219,0.895317,10.88,-6.67347,186,77,68,10,105,75,0.382217,-2.90221,69,0.25718,-1.40099,75,0.25592,-2.37026,3
O1,S,jan_mar_to_jul_sep,46,all_months,network_mean,104,39,3.08993,8.54231,4,0,0,,,,,31,,8,,,,,,,,,,,,,,,,,,,,3
O1,S,jan_mar_to_jul_sep,46,all_months,oracle,104,39,0.126976,1.67223,4,4,2,,,,,31,,8,,219,0.485813,7.28859,0.43934,,77,70,7,102,75,0.290649,0.655066,69,0.110372,0.654356,75,0.084792,-0.870082,3
O1,S,jan_mar_to_jul_sep,46,all_months,persistence,104,39,1.53365,5.45308,4,4,5,,,,,31,,8,,,,,,,,,,,,,,,,,,,,3
O1,S,jan_mar_to_jul_sep,47,all_months,B0,119,39,0.191528,2.13611,2,0,2,20,26,33,37,30,25,9,8,219,0.65277,9.68294,-8.96815,187,103,103,14,141,66,0.249957,-2.80916,69,0.136273,-2.52667,84,0.266539,-3.63232,3
O1,S,jan_mar_to_jul_sep,47,all_months,M_TOC,119,39,0.178918,2.05679,2,0,2,18,29,36,38,30,28,9,8,219,0.482631,8.06891,-6.67692,207,103,103,2,123,66,0.201936,-2.12353,69,0.0960112,-1.85407,84,0.184684,-2.69931,3
O1,S,jan_mar_to_jul_sep,47,all_months,M_TOC_h0half,119,39,0.182288,2.07859,2,0,2,18,29,35,38,30,27,9,8,219,0.517165,8.39866,-7.26696,195,103,103,2,126,66,0.209993,-2.24371,69,0.103525,-2.01559,84,0.203648,-3.00765,3
O1,S,jan_mar_to_jul_sep,47,all_months,M_TOC_linear,119,39,0.1767,2.06289,2,0,2,18,29,36,38,30,28,9,8,219,0.417156,7.39084,-5.49958,214,103,103,2,123,66,0.173571,-1.69712,69,0.0772686,-1.43829,84,0.166317,-2.36416,3
O1,S,jan_mar_to_jul_sep,47,all_months,network_mean,119,39,4.2227,10.69,2,0,0,,,,,30,,9,,,,,,,,,,,,,,,,,,,,3
O1,S,jan_mar_to_jul_sep,47,all_months,oracle,119,39,0.156372,1.98187,2,1,2,,,,,30,,9,,219,0.219128,5.25803,1.45492,,103,97,1,116,66,0.112547,0.945554,69,0.0444581,0.327831,84,0.0621234,0.181536,3
O1,S,jan_mar_to_jul_sep,47,all_months,persistence,119,39,0.9931,4.55,2,0,0,,,,,30,,9,,,,,,,,,,,,,,,,,,,,3
O2,C,rolling,32,falling,B0,124,52,0.336456,2.95904,11,9,1,30,47,49,51,40,38,12,11,292,4.58027,25.7199,-24.8056,273,89,88,19,145,100,3.45456,-13.8835,97,0.7008,-6.30465,95,0.42491,-4.61743,4
O2,C,rolling,32,falling,M_TOC,124,52,0.336456,2.95904,11,9,1,30,47,49,51,40,38,12,11,292,4.57995,25.8056,-24.8606,272,89,88,19,145,100,3.44348,-13.8887,97,0.704504,-6.33165,95,0.431962,-4.64029,4
O2,C,rolling,32,falling,oracle,124,52,0.18609,2.47376,11,11,2,,,,,40,,12,,292,0.499881,8.5566,1.46163,,89,86,5,127,100,0.271294,1.58574,97,0.129952,0.204944,95,0.098635,-0.329054,4
O2,C,rolling,32,steady,B0,96,39,0.181402,1.9259,9,8,1,20,33,36,36,30,27,9,9,219,2.0439,13.3789,-9.63772,176,74,74,18,119,76,1.24289,-3.4937,71,0.524488,-3.14755,72,0.276518,-2.99647,3
O2,C,rolling,32,steady,M_TOC,96,39,0.181402,1.9259,9,8,1,20,33,36,36,30,27,9,9,219,2.03919,13.3808,-9.53498,177,74,74,18,118,76,1.24453,-3.41414,71,0.515551,-3.11165,72,0.279112,-3.00919,3
O2,C,rolling,32,steady,oracle,96,39,0.4731,2.28288,9,8,2,,,,,30,,9,,219,0.446479,7.28482,1.38155,,74,66,7,95,76,0.24547,1.2088,71,0.0761707,-0.194912,72,0.124838,0.367661,3
O2,C,rolling,32,first_storm,B0,38,13,0.0686468,0.747016,2,2,1,5,10,10,10,11,8,2,2,73,0.37729,4.69352,3.23535,37,30,23,4,34,25,0.19664,2.0731,24,0.106218,1.34519,24,0.074432,-0.182938,1
O2,C,rolling,32,first_storm,M_TOC,38,13,0.0686468,0.747016,2,2,1,5,10,10,10,11,8,2,2,73,0.371529,4.64758,3.17745,39,30,23,4,34,25,0.1943,2.05638,24,0.103122,1.31851,24,0.0741068,-0.197437,1
O2,C,rolling,32,first_storm,oracle,38,13,0.0421654,0.561918,2,2,1,,,,,11,,2,,73,0.104569,1.88764,0.861499,,30,28,4,40,25,0.0745792,0.871256,24,0.0166113,0.223951,24,0.0133787,-0.233708,1
O2,C,rolling,32,after_storm,B0,35,13,0.245192,1.56193,1,1,5,2,3,5,6,10,5,3,0,74,0.251178,3.70295,-3.33535,57,26,25,3,37,28,0.139726,-1.52121,23,0.0695991,-1.02626,23,0.0418535,-0.787878,1
O2,C,rolling,32,after_storm,M_TOC,35,13,0.245192,1.56193,1,1,5,2,3,5,6,10,5,3,0,74,0.247506,3.65056,-3.26754,57,26,25,2,36,28,0.13511,-1.47188,23,0.0685595,-0.994654,23,0.0438364,-0.801009,1
O2,C,rolling,32,after_storm,oracle,35,13,0.030735,0.525832,1,1,1,,,,,10,,3,,74,0.142827,2.29767,-1.07744,,26,25,5,39,28,0.0368792,0.298734,23,0.0207607,-0.260959,23,0.0851869,-1.11521,1
O2,C,rolling,33,falling,B0,121,52,0.922099,4.69525,8,6,6,25,38,42,46,41,32,11,10,292,5.76825,26.0108,-21.8257,216,94,88,24,147,110,4.26317,-9.93857,96,0.939617,-6.56697,86,0.565463,-5.3202,4
O2,C,rolling,33,falling,M_TOC,121,52,0.9221,4.69525,8,6,6,25,38,42,46,41,32,11,10,292,5.79295,26.0938,-21.9868,216,94,88,24,147,110,4.27433,-10.0291,96,0.948213,-6.59382,86,0.570415,-5.36386,4
O2,C,rolling,33,falling,oracle,121,52,0.247009,2.6304,8,8,2,,,,,41,,11,,292,1.84467,11.3526,2.43908,,94,88,7,123,110,1.55038,3.60678,96,0.190605,-1.30773,86,0.103678,0.140024,4
O2,C,rolling,33,steady,B0,83,39,0.556167,3.05224,5,4,1,16,30,33,34,32,28,7,5,223,0.606023,8.36033,-4.58324,201,66,66,11,103,80,0.2517,0.176957,73,0.144148,-2.05198,70,0.210175,-2.70822,3
O2,C,rolling,33,steady,M_TOC,83,39,0.556167,3.05224,5,4,1,16,30,33,34,32,28,7,5,223,0.609522,8.45637,-4.83765,204,66,66,11,103,80,0.249444,0.0471471,73,0.145337,-2.10277,70,0.21474,-2.78203,3
O2,C,rolling,33,steady,oracle,83,39,0.452625,2.52052,5,4,4,,,,,32,,7,,223,0.637035,8.95563,5.06441,,66,61,5,83,80,0.410807,3.33656,73,0.100814,0.734134,70,0.125414,0.993717,3
O2,C,rolling,33,first_storm,B0,25,13,0.108214,1.08024,2,2,0,3,6,10,12,12,9,1,1,74,0.291119,3.33262,-1.6009,56,19,19,6,34,28,0.119679,0.241939,25,0.104395,-1.0259,21,0.0670455,-0.816938,1
O2,C,rolling,33,first_storm,M_TOC,25,13,0.108214,1.08024,2,2,0,3,6,10,12,12,9,1,1,74,0.302104,3.39773,-1.7073,57,19,19,7,36,28,0.122687,0.216484,25,0.110044,-1.07512,21,0.0693731,-0.848666,1
O2,C,rolling,33,first_storm,oracle,25,13,0.10601,0.802785,2,2,0,,,,,12,,1,,74,0.203821,2.7717,0.698079,,19,19,2,27,28,0.127964,0.952896,25,0.0528286,-0.420959,21,0.0230285,0.166142,1
O2,C,rolling,33,after_storm,B0,24,13,0.173399,1.01715,4,3,1,6,10,10,10,11,8,2,2,75,0.581375,5.50541,-5.18708,47,19,19,8,35,28,0.266758,-2.08669,25,0.228375,-2.05964,22,0.0862423,-1.04075,1
O2,C,rolling,33,after_storm,M_TOC,24,13,0.173399,1.01715,4,3,1,6,10,10,10,11,8,2,2,75,0.593092,5.58468,-5.2818,41,19,19,8,35,28,0.271821,-2.13744,25,0.236829,-2.10597,22,0.0844422,-1.03839,1
O2,C,rolling,33,after_storm,oracle,24,13,0.165026,1.15855,4,2,1,,,,,11,,2,,75,0.324467,3.57703,-2.15557,,19,19,5,31,28,0.173508,-0.492288,25,0.118725,-1.14338,22,0.0322337,-0.519906,1
O2,C,rolling,34,falling,B0,124,52,0.160483,2.25527,5,5,2,28,46,48,51,40,37,12,11,293,1.60318,17.8869,-16.8897,223,104,103,33,161,90,0.551747,-5.42221,103,0.579276,-5.98297,100,0.472156,-5.48451,4
O2,C,rolling,34,falling,M_TOC,124,52,0.160483,2.25527,5,5,2,28,46,48,51,40,37,12,11,293,1.61892,18.061,-16.9855,225,104,103,34,162,90,0.562832,-5.47549,103,0.587244,-6.05735,100,0.468846,-5.45269,4
O2,C,rolling,34,falling,oracle,124,52,0.0914817,1.89311,5,5,1,,,,,40,,12,,293,0.651424,10.3498,-5.82867,,104,97,22,139,90,0.251519,-2.177,103,0.274271,-3.21131,100,0.125634,-0.440362,4
O2,C,rolling,34,steady,B0,100,39,0.212346,2.03129,6,4,2,19,31,34,37,30,28,9,6,219,0.666448,9.80573,-9.33162,197,85,85,19,127,68,0.198282,-2.75107,73,0.245257,-3.0905,78,0.222909,-3.49004,3
O2,C,rolling,34,steady,M_TOC,100,39,0.212346,2.03129,6,4,2,19,31,34,37,30,28,9,6,219,0.678039,9.93094,-9.52839,198,85,85,20,128,68,0.207922,-2.86989,73,0.252783,-3.20342,78,0.217334,-3.45508,3
O2,C,rolling,34,steady,oracle,100,39,0.0831461,1.4804,6,6,1,,,,,30,,9,,219,0.233866,5.36496,-0.894129,,85,82,8,108,68,0.0798838,-0.00993219,73,0.081277,-1.32822,78,0.0727053,0.444027,3
O2,C,rolling,34,first_storm,B0,30,13,0.126234,1.08616,0,0,1,4,7,7,9,11,6,2,1,73,1.16261,7.65209,-7.29226,18,25,25,11,42,20,0.29538,-2.15549,28,0.627411,-3.45529,25,0.239819,-1.68147,1
O2,C,rolling,34,first_storm,M_TOC,30,13,0.126234,1.08616,0,0,1,4,7,7,9,11,6,2,1,73,1.13823,7.57565,-7.19712,24,25,25,11,42,20,0.290186,-2.12949,28,0.616162,-3.41419,25,0.231884,-1.65344,1
O2,C,rolling,34,first_storm,oracle,30,13,0.0302639,0.512475,0,0,0,,,,,11,,2,,73,0.243394,3.23042,-1.55742,,25,25,2,32,20,0.103106,-0.610801,28,0.120881,-1.21468,25,0.0194075,0.268065,1
O2,C,rolling,34,after_storm,B0,36,13,0.0737888,0.813598,2,1,0,4,9,13,13,10,10,3,3,73,0.181095,2.78799,-0.414604,63,30,29,2,38,21,0.0352209,0.694373,27,0.0334042,-0.00470998,25,0.11247,-1.10427,1
O2,C,rolling,34,after_storm,M_TOC,36,13,0.0737888,0.813598,2,1,0,4,9,13,13,10,10,3,3,73,0.185552,2.83487,-0.289351,63,30,28,2,37,21,0.0383026,0.736265,27,0.0340435,0.0520327,25,0.113206,-1.07765,1
O2,C,rolling,34,after_storm,oracle,36,13,0.0179773,0.398631,2,1,0,,,,,10,,3,,73,0.0675591,1.7199,0.0735603,,30,26,3,34,21,0.017648,0.116206,27,0.0261911,-0.240443,25,0.0237201,0.197798,1
O2,C,rolling,35,falling,B0,130,52,0.332582,2.99019,8,6,3,30,42,43,47,40,35,12,8,294,1.12208,14.3394,-6.89512,248,97,85,17,134,100,0.461114,-2.6514,103,0.295429,-1.60847,91,0.365535,-2.63525,4
O2,C,rolling,35,falling,M_TOC,130,52,0.332582,2.99019,8,6,3,30,42,43,47,40,35,12,8,294,1.13727,14.4986,-6.81464,247,97,85,16,133,100,0.467822,-2.61953,103,0.30116,-1.56519,91,0.368286,-2.62992,4
O2,C,rolling,35,falling,oracle,130,52,0.287223,2.87857,8,8,5,,,,,40,,12,,294,0.422223,8.23875,-1.47964,,97,95,15,147,100,0.20768,0.0717122,103,0.0870962,-0.959198,91,0.127447,-0.592158,4
O2,C,rolling,35,steady,B0,105,39,0.285424,2.51075,7,6,2,20,33,35,37,32,28,7,7,220,2.54476,18.1276,-16.0909,157,80,76,21,126,75,1.19815,-6.7937,77,0.919505,-5.75209,68,0.427111,-3.54507,3
O2,C,rolling,35,steady,M_TOC,105,39,0.285424,2.51075,7,6,2,20,33,35,37,32,28,7,7,220,2.5566,18.1711,-16.1642,156,80,76,21,126,75,1.20442,-6.83196,77,0.917306,-5.74333,68,0.434876,-3.58887,3
O2,C,rolling,35,steady,oracle,105,39,0.128803,1.49676,7,7,0,,,,,32,,7,,220,0.340871,5.56439,0.51798,,80,72,6,102,75,0.206029,0.473872,77,0.0566926,-0.427189,68,0.0781491,0.471296,3
O2,C,rolling,35,first_storm,B0,31,13,0.0391848,0.557973,2,1,1,6,11,11,12,10,8,3,3,74,0.316562,4.20985,-3.87246,60,25,25,11,44,25,0.13254,-1.2835,26,0.0944002,-1.41211,23,0.0896224,-1.17685,1
O2,C,rolling,35,first_storm,M_TOC,31,13,0.0391848,0.557973,2,1,1,6,11,11,12,10,8,3,3,74,0.325176,4.26207,-3.90577,55,25,25,11,44,25,0.134981,-1.27993,26,0.0968233,-1.43192,23,0.0933712,-1.19392,1
O2,C,rolling,35,first_storm,oracle,31,13,0.0208095,0.394776,2,2,1,,,,,10,,3,,74,0.128484,2.02863,0.464892,,25,25,1,31,25,0.075988,0.325569,26,0.0244484,-0.138241,23,0.0280471,0.277563,1
O2,C,rolling,35,after_storm,B0,31,13,0.0899171,0.727252,1,1,1,7,11,12,12,10,10,3,2,74,0.239093,3.52767,-3.14662,67,26,26,9,44,26,0.114891,-1.1626,25,0.053242,-0.957027,23,0.0709603,-1.027,1
O2,C,rolling,35,after_storm,M_TOC,31,13,0.0899171,0.727252,1,1,1,7,11,12,12,10,10,3,2,74,0.233385,3.47857,-3.09082,67,26,26,9,44,26,0.113518,-1.14652,25,0.0508961,-0.93323,23,0.0689705,-1.01107,1
O2,C,rolling,35,after_storm,oracle,31,13,0.131348,0.830306,1,1,2,,,,,10,,3,,74,0.093799,1.49917,-0.33611,,26,26,2,33,26,0.0777226,-0.214473,25,0.00721736,-0.0555433,23,0.00885913,-0.0660942,1
O2,C,rolling,36,falling,B0,143,52,0.127936,1.9708,5,4,0,31,40,46,50,41,36,11,10,294,0.966344,12.3557,-11.2968,262,115,115,21,167,97,0.317919,-2.97902,88,0.221872,-3.10969,109,0.426553,-5.20809,4
O2,C,rolling,36,falling,M_TOC,143,52,0.127936,1.9708,5,4,0,31,40,46,50,41,36,11,10,294,0.938307,12.0378,-10.8942,262,115,115,21,167,97,0.309226,-2.80609,88,0.213918,-2.97552,109,0.415163,-5.11263,4
O2,C,rolling,36,falling,oracle,143,52,0.0810188,1.60414,5,5,1,,,,,41,,11,,294,0.525566,8.55041,3.77221,,115,110,8,147,97,0.283546,2.30668,88,0.136722,1.13516,109,0.105297,0.330364,4
O2,C,rolling,36,steady,B0,109,39,0.174043,2.07305,5,4,0,18,26,30,35,30,22,9,8,219,1.50087,11.981,-7.04803,178,90,86,10,115,75,0.828918,-1.9292,61,0.167016,-0.549356,83,0.504938,-4.56947,3
O2,C,rolling,36,steady,M_TOC,109,39,0.174043,2.07305,5,4,0,18,26,30,35,30,22,9,8,219,1.45997,11.8229,-7.1307,182,90,87,11,117,75,0.801748,-1.98906,61,0.164963,-0.596676,83,0.493259,-4.54496,3
O2,C,rolling,36,steady,oracle,109,39,0.217371,1.82149,5,4,2,,,,,30,,9,,219,0.363917,6.2947,-0.218873,,90,89,6,117,75,0.241417,0.532488,61,0.060893,0.023862,83,0.0616066,-0.775223,3
O2,C,rolling,36,first_storm,B0,37,13,0.0705897,0.654628,0,0,2,5,9,11,13,11,9,2,2,73,0.213233,2.99273,-0.82932,62,31,29,2,37,25,0.0688837,0.32,22,0.0372073,0.0988232,26,0.107143,-1.24814,1
O2,C,rolling,36,first_storm,M_TOC,37,13,0.0705897,0.654628,0,0,2,5,9,11,13,11,9,2,2,73,0.204094,2.95309,-0.783999,64,31,29,2,37,25,0.062829,0.358489,22,0.036894,0.092194,26,0.104371,-1.23468,1
O2,C,rolling,36,first_storm,oracle,37,13,0.0296685,0.575345,0,0,2,,,,,11,,2,,73,0.0641092,1.75577,-0.315381,,31,31,2,41,25,0.0224209,0.209523,22,0.0261124,-0.200848,26,0.0155759,-0.324056,1
O2,C,rolling,36,after_storm,B0,45,13,0.0519529,0.583293,3,2,0,8,11,11,11,10,8,3,3,73,0.139982,2.36312,-0.485669,72,37,34,1,43,26,0.0339261,0.341097,21,0.0311365,0.0219222,26,0.0749198,-0.848689,1
O2,C,rolling,36,after_storm,M_TOC,45,13,0.0519529,0.583293,3,2,0,8,11,11,11,10,8,3,3,73,0.140454,2.39005,-0.493592,73,37,34,1,43,26,0.0366543,0.31207,21,0.0300241,0.0191245,26,0.0737761,-0.824786,1
O2,C,rolling,36,after_storm,oracle,45,13,0.0390847,0.599094,3,3,0,,,,,10,,3,,73,0.117773,2.43054,1.70331,,37,32,1,41,26,0.0631019,1.0676,21,0.0427859,0.592582,26,0.0118849,0.0431324,1
O2,C,rolling,37,falling,B0,117,52,0.334229,3.18434,4,2,1,27,38,46,48,41,36,11,10,293,2.99484,24.5018,-21.8117,188,89,86,17,133,103,1.40304,-9.80294,93,1.06206,-6.72432,97,0.529747,-5.28441,4
O2,C,rolling,37,falling,M_TOC,117,52,0.334229,3.18434,4,2,1,27,38,46,48,41,36,11,10,293,3.01823,24.6443,-21.941,186,89,86,17,133,103,1.41507,-9.83051,93,1.07501,-6.81499,97,0.528147,-5.29551,4
O2,C,rolling,37,falling,oracle,117,52,0.540748,3.59618,4,1,0,,,,,41,,11,,293,1.06937,13.1699,-1.90388,,89,77,3,107,103,0.389892,-1.61632,93,0.371091,-0.869984,97,0.308386,0.582422,4
O2,C,rolling,37,steady,B0,85,39,0.217204,2.43499,6,2,1,15,25,29,34,31,24,8,5,222,1.63517,14.9453,-12.2578,184,67,66,7,93,79,0.587716,-4.78325,68,0.626448,-3.32742,75,0.421005,-4.14715,3
O2,C,rolling,37,steady,M_TOC,85,39,0.217204,2.43499,6,2,1,15,25,29,34,31,24,8,5,222,1.64073,14.9191,-12.1678,183,67,66,5,91,79,0.592892,-4.75122,68,0.627468,-3.28334,75,0.420366,-4.13329,3
O2,C,rolling,37,steady,oracle,85,39,0.230397,2.46587,6,2,0,,,,,31,,8,,222,0.744414,9.96885,-1.85763,,67,61,1,80,79,0.346408,-1.22113,68,0.309047,-0.983573,75,0.0889585,0.347073,3
O2,C,rolling,37,first_storm,B0,29,13,0.117631,1.14212,3,2,0,2,5,7,8,10,6,3,1,73,0.560106,5.27825,-4.64983,51,20,20,5,34,26,0.26302,-2.14351,23,0.208115,-1.71964,24,0.0889705,-0.78669,1
O2,C,rolling,37,first_storm,M_TOC,29,13,0.117631,1.14212,3,2,0,2,5,7,8,10,6,3,1,73,0.565949,5.32034,-4.70441,51,20,20,5,34,26,0.264228,-2.14302,23,0.213381,-1.74806,24,0.0883395,-0.813323,1
O2,C,rolling,37,first_storm,oracle,29,13,0.106213,1.06133,3,1,0,,,,,10,,3,,73,0.230944,3.25769,-1.69399,,20,18,0,26,26,0.119582,-0.908607,23,0.0838451,-0.963297,24,0.0275163,0.177917,1
O2,C,rolling,37,after_storm,B0,30,13,0.180661,1.23378,1,1,1,5,11,12,12,11,10,2,2,73,1.22889,7.29255,-6.84576,50,22,22,6,35,24,0.598616,-2.94421,24,0.493741,-2.54683,25,0.136531,-1.35472,1
O2,C,rolling,37,after_storm,M_TOC,30,13,0.180661,1.23378,1,1,1,5,11,12,12,11,10,2,2,73,1.26198,7.38377,-6.97621,49,22,22,6,35,24,0.617771,-3.00807,24,0.50848,-2.60587,25,0.135731,-1.36227,1
O2,C,rolling,37,after_storm,oracle,30,13,0.124515,1.12114,1,0,0,,,,,11,,2,,73,0.416754,4.65978,1.22275,,22,18,0,25,24,0.209659,0.285797,24,0.132314,-0.186235,25,0.0747808,1.12319,1
O2,C,rolling,38,falling,B0,125,52,0.49061,3.84003,4,2,1,21,41,48,48,40,36,12,12,292,3.36912,21.7478,-19.1595,244,109,107,30,161,96,2.22542,-7.52708,91,0.604474,-5.7601,105,0.539224,-5.87233,4
O2,C,rolling,38,falling,M_TOC,125,52,0.49061,3.84003,4,2,1,21,41,48,48,40,36,12,12,292,3.38323,21.8752,-19.2591,243,109,107,30,161,96,2.22339,-7.46764,91,0.605099,-5.80818,105,0.554747,-5.98329,4
O2,C,rolling,38,falling,oracle,125,52,0.0980875,1.83605,4,4,1,,,,,40,,12,,292,0.639401,10.5106,-2.80003,,109,106,17,146,96,0.324358,1.09904,91,0.125843,-1.10215,105,0.1892,-2.79692,4
O2,C,rolling,38,steady,B0,93,39,0.174949,2.12129,5,4,0,20,26,29,33,30,23,9,6,219,0.76622,10.7585,-1.99968,199,78,74,6,96,73,0.335849,0.151974,67,0.223383,-0.553257,79,0.206988,-1.59839,3
O2,C,rolling,38,steady,M_TOC,93,39,0.174949,2.12129,5,4,0,20,26,29,33,30,23,9,6,219,0.769235,10.7619,-1.96136,194,78,74,7,97,73,0.336015,0.190987,67,0.222761,-0.5157,79,0.210459,-1.63664,3
O2,C,rolling,38,steady,oracle,93,39,0.103269,1.60442,5,5,0,,,,,30,,9,,219,0.495549,7.87692,-0.240021,,78,76,8,101,73,0.223516,1.38831,67,0.0898731,-0.122552,79,0.18216,-1.50578,3
O2,C,rolling,38,first_storm,B0,35,13,0.0974899,0.9294,0,0,1,4,10,12,13,10,9,3,3,73,0.201408,2.55564,-0.0086359,67,30,27,0,32,24,0.170666,0.299388,23,0.0181145,-0.18961,26,0.0126278,-0.118414,1
O2,C,rolling,38,first_storm,M_TOC,35,13,0.0974899,0.9294,0,0,1,4,10,12,13,10,9,3,3,73,0.199398,2.53954,0.019648,67,30,27,0,32,24,0.169508,0.31937,23,0.0176534,-0.179282,26,0.0122371,-0.12044,1
O2,C,rolling,38,first_storm,oracle,35,13,0.019598,0.357721,0,0,0,,,,,10,,3,,73,0.156107,2.21258,0.460251,,30,28,2,37,24,0.128415,0.959313,23,0.0184311,-0.311482,26,0.0092607,-0.187581,1
O2,C,rolling,38,after_storm,B0,32,13,0.122266,0.907814,2,1,0,5,8,8,11,10,8,3,0,73,0.330584,4.16086,-3.97689,66,27,27,6,39,24,0.15034,-1.52041,22,0.129612,-1.47998,27,0.0506316,-0.976498,1
O2,C,rolling,38,after_storm,M_TOC,32,13,0.122266,0.907814,2,1,0,5,8,8,11,10,8,3,0,73,0.333726,4.16572,-4.01034,69,27,27,8,41,24,0.149339,-1.52743,22,0.132565,-1.4899,27,0.0518221,-0.993004,1
O2,C,rolling,38,after_storm,oracle,32,13,0.123743,0.836029,2,1,0,,,,,10,,3,,73,0.131582,2.31107,1.91798,,27,25,0,29,24,0.0753876,0.946811,22,0.015367,0.273643,27,0.0408274,0.697531,1
O2,C,rolling,39,falling,B0,123,52,0.187052,2.31053,5,5,3,28,39,45,49,42,35,10,10,295,2.76404,19.7586,-15.1734,234,92,86,36,154,106,1.2015,-4.04062,90,0.422871,-3.08693,99,1.13968,-8.0459,4
O2,C,rolling,39,falling,M_TOC,123,52,0.187052,2.31053,5,5,3,28,39,45,49,42,35,10,10,295,2.75634,19.7209,-15.3138,233,92,86,36,154,106,1.19566,-4.10943,90,0.422738,-3.16316,99,1.13794,-8.04125,4
O2,C,rolling,39,falling,oracle,123,52,0.165575,2.16795,5,5,5,,,,,42,,10,,295,0.507516,8.75315,0.413635,,92,84,12,128,106,0.30228,1.97751,90,0.0918599,-0.149364,99,0.113375,-1.41451,4
O2,C,rolling,39,steady,B0,90,39,0.121497,1.69528,7,5,0,21,31,34,35,31,27,8,7,220,0.797828,9.54938,-5.00889,195,71,67,20,108,75,0.182672,0.541889,71,0.100361,-0.86798,74,0.514795,-4.6828,3
O2,C,rolling,39,steady,M_TOC,90,39,0.121497,1.69528,7,5,0,21,31,34,35,31,27,8,7,220,0.796742,9.52342,-4.95488,196,71,67,21,109,75,0.186994,0.50241,71,0.098787,-0.81883,74,0.510961,-4.63846,3
O2,C,rolling,39,steady,oracle,90,39,0.0755421,1.26108,7,7,2,,,,,31,,8,,220,0.453372,7.44861,-0.132083,,71,64,18,102,75,0.211665,1.30165,71,0.085026,-0.0990339,74,0.15668,-1.3347,3
O2,C,rolling,39,first_storm,B0,27,13,0.0851081,0.874495,2,2,0,3,8,11,11,10,8,3,3,73,0.299773,3.4696,-2.98998,65,21,21,7,35,26,0.115307,-0.830834,23,0.0437291,-0.814045,24,0.140737,-1.3451,1
O2,C,rolling,39,first_storm,M_TOC,27,13,0.0851081,0.874495,2,2,0,3,8,11,11,10,8,3,3,73,0.297051,3.47359,-2.99805,64,21,21,7,35,26,0.114587,-0.839423,23,0.0450538,-0.824976,24,0.13741,-1.33365,1
O2,C,rolling,39,first_storm,oracle,27,13,0.0356627,0.481341,2,1,0,,,,,10,,3,,73,0.132771,2.25571,0.365921,,21,21,3,31,26,0.0957777,0.796418,23,0.0202968,-0.0340868,24,0.0166963,-0.39641,1
O2,C,rolling,39,after_storm,B0,32,13,0.0284034,0.49986,1,1,0,8,10,13,13,11,11,2,2,73,0.189314,2.63842,-0.772316,70,25,22,5,34,25,0.0520455,0.055791,24,0.033643,0.177318,24,0.103625,-1.00543,1
O2,C,rolling,39,after_storm,M_TOC,32,13,0.0284034,0.49986,1,1,0,8,10,13,13,11,11,2,2,73,0.188243,2.62189,-0.789395,70,25,22,6,35,25,0.0514863,0.0650061,24,0.0320394,0.158998,24,0.104717,-1.0134,1
O2,C,rolling,39,after_storm,oracle,32,13,0.0414051,0.67581,1,1,0,,,,,11,,2,,73,0.150269,2.71536,1.18285,,25,22,2,31,25,0.0961719,0.918304,24,0.0377226,0.590753,24,0.0163747,-0.326203,1
O2,C,rolling,40,falling,B0,110,52,0.408174,3.43803,1,1,0,20,37,42,44,41,34,11,8,293,1.89077,17.1012,-12.8429,239,90,89,18,131,108,0.602122,-3.81561,86,0.482494,-3.84123,99,0.806156,-5.18606,4
O2,C,rolling,40,falling,M_TOC,110,52,0.408174,3.43803,1,1,0,20,37,42,44,41,34,11,8,293,1.90594,17.1585,-13.0389,241,90,89,19,132,108,0.581945,-3.82322,86,0.487359,-3.90851,99,0.836634,-5.30717,4
O2,C,rolling,40,falling,oracle,110,52,0.171538,2.09285,1,1,2,,,,,41,,11,,293,1.13546,13.186,-7.47261,,90,85,17,126,108,0.340703,-1.33437,86,0.290411,-3.05669,99,0.504343,-3.08155,4
O2,C,rolling,40,steady,B0,87,39,1.14183,3.92063,6,1,3,20,25,28,30,32,21,7,7,221,6.14997,25.3834,-22.8213,161,68,64,29,123,83,4.02838,-11.6371,67,1.37806,-6.48164,71,0.74353,-4.70252,3
O2,C,rolling,40,steady,M_TOC,87,39,1.14183,3.92063,6,1,3,20,25,28,30,32,21,7,7,221,6.15519,25.407,-22.8529,163,68,64,31,125,83,4.0196,-11.6215,67,1.39129,-6.519,71,0.744307,-4.71241,3
O2,C,rolling,40,steady,oracle,87,39,0.443551,2.25862,6,4,0,,,,,32,,7,,221,0.692355,9.07501,-3.00355,,68,61,10,92,83,0.290602,-1.06163,67,0.156476,-1.36743,71,0.245278,-0.574498,3
O2,C,rolling,40,first_storm,B0,29,13,0.069536,0.732531,3,2,0,6,11,12,12,11,10,2,2,75,0.77633,5.49931,-4.97572,60,23,21,9,37,28,0.225143,-1.85322,21,0.0802847,-1.06741,26,0.470902,-2.0551,1
O2,C,rolling,40,first_storm,M_TOC,29,13,0.069536,0.732531,3,2,0,6,11,12,12,11,10,2,2,75,0.769874,5.45768,-4.87482,60,23,20,9,36,28,0.22248,-1.78462,21,0.0777388,-1.04543,26,0.469654,-2.04477,1
O2,C,rolling,40,first_storm,oracle,29,13,0.32822,1.13033,3,2,0,,,,,11,,2,,75,0.64569,4.84417,-4.7381,,23,23,7,39,28,0.0702601,-1.13297,21,0.082661,-1.14279,26,0.492769,-2.46234,1
O2,C,rolling,40,after_storm,B0,29,13,0.109757,1.06686,2,2,2,3,8,12,12,11,10,2,2,74,0.995289,6.88997,-6.03635,43,23,23,4,34,27,0.474193,-2.90649,22,0.392287,-2.34364,25,0.128809,-0.786211,1
O2,C,rolling,40,after_storm,M_TOC,29,13,0.109757,1.06686,2,2,2,3,8,12,12,11,10,2,2,74,0.973089,6.80607,-5.9184,47,23,23,3,33,27,0.463215,-2.85053,22,0.38531,-2.30323,25,0.124564,-0.764639,1
O2,C,rolling,40,after_storm,oracle,29,13,0.0375435,0.481526,2,2,0,,,,,11,,2,,74,0.289552,3.6199,-2.93406,,23,23,1,30,27,0.166415,-1.34239,22,0.0997571,-1.13269,25,0.02338,-0.458988,1
O2,C,rolling,41,falling,B0,103,52,0.888479,4.09177,8,8,1,15,26,36,41,40,27,12,9,293,2.1097,20.3933,-16.1715,213,73,71,16,121,107,0.833359,-6.12514,89,0.625734,-5.41125,97,0.650609,-4.63515,4
O2,C,rolling,41,falling,M_TOC,103,52,0.888479,4.09177,8,8,1,15,26,36,41,40,27,12,9,293,2.16696,20.646,-16.5004,216,73,71,16,121,107,0.858088,-6.29204,89,0.646918,-5.53645,97,0.66195,-4.67189,4
O2,C,rolling,41,falling,oracle,103,52,0.311103,3.09779,8,5,0,,,,,40,,12,,293,0.890372,12.7994,4.28352,,73,64,2,95,107,0.451666,1.52326,89,0.180858,0.169784,97,0.257847,2.59047,4
O2,C,rolling,41,steady,B0,77,39,0.713649,3.37659,7,7,1,11,19,30,33,31,25,8,5,219,2.78074,21.5735,-21.0169,95,56,56,25,110,82,1.12695,-8.07006,60,0.866895,-6.3231,77,0.786897,-6.62373,3
O2,C,rolling,41,steady,M_TOC,77,39,0.713649,3.37659,7,7,1,11,19,30,33,31,25,8,5,219,2.778,21.6738,-21.1216,87,56,56,24,109,82,1.12917,-8.12978,60,0.857483,-6.31491,77,0.791347,-6.67696,3
O2,C,rolling,41,steady,oracle,77,39,0.401392,2.04239,7,5,0,,,,,31,,8,,219,0.594155,8.56221,1.81464,,56,52,2,75,82,0.321022,0.806094,60,0.109771,-0.384106,77,0.163362,1.39265,3
O2,C,rolling,41,first_storm,B0,27,13,0.0697501,0.67488,2,2,0,4,13,13,13,11,11,2,2,74,0.540298,4.62427,-3.25731,68,20,20,3,30,27,0.443825,-2.53149,21,0.0627212,-0.640403,26,0.0337522,-0.0854132,1
O2,C,rolling,41,first_storm,M_TOC,27,13,0.0697501,0.67488,2,2,0,4,13,13,13,11,11,2,2,74,0.546454,4.61752,-3.36729,67,20,20,3,30,27,0.451295,-2.5713,21,0.0620636,-0.654345,26,0.0330959,-0.141639,1
O2,C,rolling,41,first_storm,oracle,27,13,0.0263193,0.494358,2,1,0,,,,,11,,2,,74,0.0770042,1.87093,0.842891,,20,19,1,26,27,0.0454147,0.574693,21,0.0217729,0.189687,26,0.0098167,0.0785109,1
O2,C,rolling,41,after_storm,B0,22,13,0.461576,1.13313,1,0,1,11,11,12,12,10,9,3,3,74,1.9146,8.8353,-8.46794,50,17,17,6,30,27,1.46073,-5.19099,21,0.326748,-2.25209,26,0.127121,-1.02486,1
O2,C,rolling,41,after_storm,M_TOC,22,13,0.461576,1.13313,1,0,1,11,11,12,12,10,9,3,3,74,1.90447,8.80334,-8.47907,50,17,17,6,30,27,1.44827,-5.16082,21,0.32863,-2.26049,26,0.127572,-1.05776,1
O2,C,rolling,41,after_storm,oracle,22,13,0.0327036,0.54502,1,1,1,,,,,10,,3,,74,0.147168,2.58357,-0.47409,,17,17,2,25,27,0.0706784,-0.0491416,21,0.0348862,-0.5262,26,0.0416037,0.101251,1
O2,C,rolling,42,falling,B0,119,52,0.15752,2.18914,2,1,0,33,45,47,47,41,38,11,9,292,1.29024,14.401,-12.6762,258,102,101,21,143,95,0.269611,-3.07072,89,0.37313,-3.94493,108,0.647502,-5.66057,4
O2,C,rolling,42,falling,M_TOC,119,52,0.15752,2.18914,2,1,0,33,45,47,47,41,38,11,9,292,1.3049,14.5862,-12.9795,256,102,101,21,144,95,0.272014,-3.14523,89,0.376065,-4.04267,108,0.656822,-5.79161,4
O2,C,rolling,42,falling,oracle,119,52,0.115983,1.8696,2,1,0,,,,,41,,11,,292,0.484193,8.95009,-2.7564,,102,94,14,126,95,0.165863,0.0963529,89,0.187749,-2.20346,108,0.130582,-0.649293,4
O2,C,rolling,42,steady,B0,97,39,0.250328,2.40778,1,1,0,17,31,34,38,31,28,8,6,219,1.39336,14.4083,-11.1746,187,84,81,8,106,72,0.506565,-2.99613,70,0.484294,-4.21083,77,0.402504,-3.96766,3
O2,C,rolling,42,steady,M_TOC,97,39,0.250328,2.40778,1,1,0,17,31,34,38,31,28,8,6,219,1.41383,14.5327,-11.2323,186,84,81,8,106,72,0.506046,-2.98096,70,0.491699,-4.19449,77,0.416081,-4.05686,3
O2,C,rolling,42,steady,oracle,97,39,0.183003,1.98372,1,1,0,,,,,31,,8,,219,0.651656,8.72236,-1.01001,,84,74,5,93,72,0.262145,-0.432127,70,0.170078,-2.0856,77,0.219432,1.50772,3
O2,C,rolling,42,first_storm,B0,26,13,0.0366855,0.571528,0,0,0,6,10,12,13,10,9,3,3,74,0.279405,3.10806,-2.53863,66,23,23,5,33,25,0.0206518,-0.0495063,23,0.0619846,-0.905476,26,0.196769,-1.58365,1
O2,C,rolling,42,first_storm,M_TOC,26,13,0.0366855,0.571528,0,0,0,6,10,12,13,10,9,3,3,74,0.289141,3.19503,-2.59133,67,23,23,5,33,25,0.0230901,-0.0583725,23,0.0636368,-0.922955,26,0.202414,-1.61,1
O2,C,rolling,42,first_storm,oracle,26,13,0.0801397,0.936759,0,0,0,,,,,10,,3,,74,0.194479,3.04241,-2.06261,,23,23,2,29,25,0.0830597,-0.74093,23,0.0838281,-1.18732,26,0.0275909,-0.134355,1
O2,C,rolling,42,after_storm,B0,26,13,0.0758732,0.663734,0,0,1,8,11,12,13,10,10,3,2,74,0.300016,3.60156,-3.60156,64,24,24,5,34,25,0.0525718,-0.899943,22,0.0897794,-1.10846,27,0.157665,-1.59316,1
O2,C,rolling,42,after_storm,M_TOC,26,13,0.0758732,0.663734,0,0,1,8,11,12,13,10,10,3,2,74,0.303807,3.59413,-3.59375,64,24,24,5,34,25,0.0499841,-0.858864,22,0.0892728,-1.10388,27,0.16455,-1.63101,1
O2,C,rolling,42,after_storm,oracle,26,13,0.0461737,0.622892,0,0,1,,,,,10,,3,,74,0.183091,2.67367,-0.729755,,24,24,0,28,25,0.0776557,-0.214468,22,0.05874,-0.77049,27,0.0466948,0.255203,1
O2,C,rolling,43,falling,B0,119,52,0.489732,3.64217,2,1,1,24,43,45,48,42,37,10,8,295,6.38442,31.5071,-30.604,220,95,95,24,150,104,4.07897,-15.6928,98,1.68682,-9.44685,93,0.61863,-5.46435,4
O2,C,rolling,43,falling,M_TOC,119,52,0.489732,3.64217,2,1,1,24,43,45,48,42,37,10,8,295,6.33034,31.2515,-30.3574,223,95,95,22,148,104,4.05856,-15.6487,98,1.67386,-9.36926,93,0.597914,-5.33944,4
O2,C,rolling,43,falling,oracle,119,52,0.365002,2.62777,2,1,1,,,,,42,,10,,295,0.739507,11.0879,-0.399414,,95,89,3,115,104,0.277286,-0.656258,98,0.211205,-0.747717,93,0.251016,1.00456,4
O2,C,rolling,43,steady,B0,91,39,0.121562,1.81338,0,0,0,18,31,37,38,31,31,8,6,220,0.869748,10.6432,-7.04757,210,75,73,6,98,74,0.371029,-2.37652,74,0.199062,-2.26699,72,0.299657,-2.40405,3
O2,C,rolling,43,steady,M_TOC,91,39,0.121562,1.81338,0,0,0,18,31,37,38,31,31,8,6,220,0.831424,10.4422,-6.68843,210,75,73,6,97,74,0.366128,-2.3101,74,0.188894,-2.13478,72,0.276402,-2.24355,3
O2,C,rolling,43,steady,oracle,91,39,0.0349227,0.927036,0,0,0,,,,,31,,8,,220,0.424484,7.38249,-3.92476,,75,72,3,91,74,0.151968,-1.46237,74,0.112863,-1.92937,72,0.159653,-0.533023,3
O2,C,rolling,43,first_storm,B0,29,13,0.0501601,0.680765,2,1,0,7,10,11,11,11,10,2,1,73,0.520168,4.87019,-4.64926,51,24,24,6,36,23,0.110957,-1.23613,25,0.174737,-1.7017,25,0.234474,-1.71143,1
O2,C,rolling,43,first_storm,M_TOC,29,13,0.0501601,0.680765,2,1,0,7,10,11,11,11,10,2,1,73,0.498155,4.75431,-4.50954,52,24,24,6,36,23,0.106254,-1.18939,25,0.168218,-1.65016,25,0.223683,-1.66999,1
O2,C,rolling,43,first_storm,oracle,29,13,0.0382984,0.5549,2,1,0,,,,,11,,2,,73,0.426469,2.93139,0.0924344,,24,22,0,27,23,0.0308741,0.118348,25,0.0399013,0.0956591,25,0.355693,-0.121573,1
O2,C,rolling,43,after_storm,B0,27,13,0.0236935,0.447835,0,0,0,7,12,13,13,10,10,3,3,74,0.504635,4.92593,-4.56331,62,21,21,10,38,24,0.110299,-1.01635,27,0.105115,-1.42949,23,0.289221,-2.11747,1
O2,C,rolling,43,after_storm,M_TOC,27,13,0.0236935,0.447835,0,0,0,7,12,13,13,10,10,3,3,74,0.484923,4.81488,-4.51231,62,21,21,9,37,24,0.107324,-1.04875,27,0.100959,-1.40115,23,0.276639,-2.06241,1
O2,C,rolling,43,after_storm,oracle,27,13,0.0297341,0.457924,0,0,0,,,,,10,,3,,74,0.228163,3.12609,-2.93509,,21,21,3,31,24,0.0876052,-0.87353,27,0.0558326,-0.990741,23,0.0847256,-1.07082,1
O2,C,rolling,44,falling,B0,127,52,0.759757,3.53603,7,6,0,27,42,48,51,41,37,11,11,293,0.98758,12.8647,-9.76063,261,114,113,19,152,87,0.327735,-2.3025,96,0.142625,-1.49121,110,0.517219,-5.96692,4
O2,C,rolling,44,falling,M_TOC,127,52,0.759757,3.53603,7,6,0,27,42,48,51,41,37,11,11,293,1.04144,13.3326,-10.3004,259,114,113,19,151,87,0.350534,-2.51915,96,0.153498,-1.67651,110,0.537413,-6.1047,4
O2,C,rolling,44,falling,oracle,127,52,0.126226,1.9138,7,7,1,,,,,41,,11,,293,0.567153,8.73356,-4.54165,,114,108,13,134,87,0.203664,-1.21663,96,0.0943599,-0.716184,110,0.269128,-2.60883,4
O2,C,rolling,44,steady,B0,88,39,0.10848,1.74087,5,4,0,20,35,36,37,30,27,9,9,219,1.627,15.4805,-14.184,161,71,71,30,123,75,0.724467,-5.4275,71,0.387512,-4.07076,73,0.515021,-4.68572,3
O2,C,rolling,44,steady,M_TOC,88,39,0.10848,1.74087,5,4,0,20,35,36,37,30,27,9,9,219,1.6275,15.5022,-14.2366,158,71,71,30,123,75,0.713032,-5.42127,71,0.392894,-4.095,73,0.521571,-4.72034,3
O2,C,rolling,44,steady,oracle,88,39,0.101065,1.48195,5,4,0,,,,,30,,9,,219,0.43809,7.19321,-0.934574,,71,68,6,91,75,0.254709,-0.573611,71,0.105153,0.322026,73,0.0782282,-0.682988,3
O2,C,rolling,44,first_storm,B0,34,13,0.154463,1.09082,3,1,0,4,8,8,10,10,8,3,0,73,0.185384,2.6485,0.267964,71,29,27,8,40,26,0.0771054,0.560623,23,0.0758593,0.32527,24,0.0324196,-0.61793,1
O2,C,rolling,44,first_storm,M_TOC,34,13,0.154463,1.09082,3,1,0,4,8,8,10,10,8,3,0,73,0.185192,2.66453,0.215945,71,29,27,8,40,26,0.0767169,0.542506,23,0.0755359,0.307654,24,0.0329389,-0.634215,1
O2,C,rolling,44,first_storm,oracle,34,13,0.0112096,0.320249,3,2,0,,,,,10,,3,,73,0.155312,2.55407,-0.703483,,29,26,5,37,26,0.102831,-0.721946,23,0.0283904,-0.412912,24,0.0240907,0.431374,1
O2,C,rolling,44,after_storm,B0,29,13,0.0543031,0.773082,1,1,1,3,11,11,12,10,8,3,3,73,0.400229,4.22867,-3.66624,57,24,24,3,33,25,0.18917,-1.64757,23,0.105359,-0.873752,25,0.105699,-1.14492,1
O2,C,rolling,44,after_storm,M_TOC,29,13,0.0543031,0.773082,1,1,1,3,11,11,12,10,8,3,3,73,0.390048,4.18312,-3.63605,55,24,24,4,34,25,0.181782,-1.62223,23,0.101396,-0.857623,25,0.106869,-1.1562,1
O2,C,rolling,44,after_storm,oracle,29,13,0.0287217,0.48053,1,1,1,,,,,10,,3,,73,0.270149,3.6333,-2.80363,,24,23,5,33,25,0.159505,-1.30115,23,0.078031,-1.09107,25,0.0326136,-0.411409,1
O2,C,rolling,45,falling,B0,102,52,0.396932,3.33259,5,3,2,21,35,42,44,41,32,11,10,299,2.21965,19.9026,-13.7466,248,80,80,16,120,109,1.07783,-4.74666,93,0.46044,-4.22327,97,0.681378,-4.7767,4
O2,C,rolling,45,falling,M_TOC,102,52,0.396932,3.33259,5,3,2,21,35,42,44,41,32,11,10,299,2.17084,19.5906,-13.5239,254,80,80,16,120,109,1.04403,-4.56748,93,0.437999,-4.07637,97,0.688813,-4.88009,4
O2,C,rolling,45,falling,oracle,102,52,0.0891544,1.69866,5,4,1,,,,,41,,11,,299,0.703174,9.12527,-0.34511,,80,77,3,102,109,0.211417,1.39237,93,0.132945,-1.45774,97,0.358812,-0.279748,4
O2,C,rolling,45,steady,B0,73,39,0.433237,2.94225,1,0,3,15,31,34,36,32,28,7,6,220,3.61418,24.2888,-24.2861,137,63,63,24,107,81,1.8695,-10.7057,68,1.04127,-7.73084,71,0.703409,-5.84953,3
O2,C,rolling,45,steady,M_TOC,73,39,0.433237,2.94225,1,0,3,15,31,34,36,32,28,7,6,220,3.6489,24.5176,-24.5165,129,63,63,24,107,81,1.87796,-10.7858,68,1.05264,-7.81128,71,0.718307,-5.9195,3
O2,C,rolling,45,steady,oracle,73,39,0.452849,2.14998,1,0,2,,,,,32,,7,,220,0.28734,6.06725,-1.30354,,63,61,2,76,81,0.114147,0.481213,68,0.0738,-1.47294,71,0.099393,-0.311819,3
O2,C,rolling,45,first_storm,B0,25,13,0.0961385,0.741792,1,0,0,7,9,11,11,10,8,3,3,75,0.274253,3.83918,-0.0734112,64,21,21,3,30,27,0.0589556,0.865922,24,0.0853169,0.228142,24,0.12998,-1.16748,1
O2,C,rolling,45,first_storm,M_TOC,25,13,0.0961385,0.741792,1,0,0,7,9,11,11,10,8,3,3,75,0.268818,3.76913,-0.204906,64,21,21,3,30,27,0.0546304,0.795115,24,0.0829669,0.187918,24,0.131221,-1.18794,1
O2,C,rolling,45,first_storm,oracle,25,13,0.00730069,0.244812,1,1,0,,,,,10,,3,,75,0.11303,2.27817,0.342074,,21,21,2,28,27,0.0488155,0.62105,24,0.0324401,-0.240993,24,0.031774,-0.0379819,1
O2,C,rolling,45,after_storm,B0,22,13,0.173791,1.18745,0,0,0,3,7,8,9,10,6,3,2,74,1.21238,8.07569,-8.03419,61,18,18,5,30,26,0.715575,-3.8042,24,0.351338,-2.70955,24,0.145465,-1.52044,1
O2,C,rolling,45,after_storm,M_TOC,22,13,0.173791,1.18745,0,0,0,3,7,8,9,10,6,3,2,74,1.16512,7.8997,-7.85534,60,18,18,5,30,26,0.69146,-3.73005,24,0.3299,-2.62087,24,0.143762,-1.50442,1
O2,C,rolling,45,after_storm,oracle,22,13,0.0165712,0.344335,0,0,1,,,,,10,,3,,74,0.0678733,1.5754,-0.41427,,18,18,2,24,26,0.0248556,0.238534,24,0.0209319,-0.460004,24,0.0220859,-0.1928,1
O2,C,rolling,46,falling,B0,128,52,0.325454,3.23439,7,6,3,24,41,47,50,42,38,10,9,292,0.942827,13.0065,-9.71285,246,108,101,17,149,101,0.309787,-3.35861,92,0.235038,-1.91335,99,0.398002,-4.44088,4
O2,C,rolling,46,falling,M_TOC,128,52,0.325454,3.23439,7,6,3,24,41,47,50,42,38,10,9,292,0.927879,12.8603,-9.48807,245,108,101,17,148,101,0.301386,-3.25743,92,0.227064,-1.8032,99,0.39943,-4.42744,4
O2,C,rolling,46,falling,oracle,128,52,0.225231,2.34178,7,7,2,,,,,42,,10,,292,0.409255,8.29789,-1.50105,,108,101,14,143,101,0.151975,0.395264,92,0.0995917,0.472653,99,0.157688,-2.36897,4
O2,C,rolling,46,steady,B0,92,39,0.746636,3.51539,2,2,2,15,23,28,32,30,20,9,8,220,1.44357,13.0813,-11.337,175,78,76,6,99,72,0.7362,-5.06371,73,0.501651,-3.72671,75,0.205719,-2.5466,3
O2,C,rolling,46,steady,M_TOC,92,39,0.746636,3.51539,2,2,2,15,23,28,32,30,20,9,8,220,1.46289,13.1903,-11.3256,178,78,76,8,101,72,0.742536,-5.03342,73,0.51074,-3.71977,75,0.20961,-2.57238,3
O2,C,rolling,46,steady,oracle,92,39,0.352974,1.96726,2,2,2,,,,,30,,9,,220,0.531017,7.80922,-0.90161,,78,74,3,93,72,0.31747,0.280642,73,0.139303,-1.00852,75,0.0742447,-0.173735,3
O2,C,rolling,46,first_storm,B0,33,13,0.156124,1.03957,0,0,1,6,11,11,11,10,9,3,2,73,0.237382,3.1559,1.88371,67,27,25,2,31,21,0.12055,1.17247,24,0.035742,0.575447,28,0.0810898,0.135798,1
O2,C,rolling,46,first_storm,M_TOC,33,13,0.156124,1.03957,0,0,1,6,11,11,11,10,9,3,2,73,0.231855,3.09387,1.77044,66,27,25,2,31,21,0.116412,1.14561,24,0.0342138,0.547564,28,0.0812292,0.0772638,1
O2,C,rolling,46,first_storm,oracle,33,13,0.0475399,0.549198,0,0,1,,,,,10,,3,,73,0.154019,2.37465,-1.36127,,27,26,5,39,21,0.0570973,0.103713,24,0.0169832,-0.235174,28,0.0799386,-1.22981,1
O2,C,rolling,46,after_storm,B0,30,13,0.159461,0.686888,2,2,2,10,12,13,13,10,10,3,3,73,0.256651,3.47581,-1.02851,64,26,25,2,30,21,0.078781,0.286957,25,0.0941045,-0.866648,27,0.0837658,-0.44882,1
O2,C,rolling,46,after_storm,M_TOC,30,13,0.159461,0.686888,2,2,2,10,12,13,13,10,10,3,3,73,0.259298,3.47071,-1.13353,62,26,25,2,30,21,0.0794885,0.25394,25,0.0965419,-0.914721,27,0.0832678,-0.472744,1
O2,C,rolling,46,after_storm,oracle,30,13,0.0418429,0.557254,2,2,0,,,,,10,,3,,73,0.0738381,1.68847,-0.884943,,26,26,5,37,21,0.0194675,0.230879,25,0.0255818,-0.401818,27,0.0287889,-0.714003,1
O2,C,rolling,47,falling,B0,116,52,0.302054,2.96441,2,2,1,25,36,42,47,42,34,10,8,293,1.71899,17.6463,-16.5293,235,104,102,34,156,93,0.945384,-7.52322,91,0.21932,-3.08958,109,0.554285,-5.91648,4
O2,C,rolling,47,falling,M_TOC,116,52,0.302054,2.96441,2,2,1,25,36,42,47,42,34,10,8,293,1.70189,17.4947,-16.2481,238,104,102,33,154,93,0.945499,-7.47034,91,0.215325,-3.01318,109,0.541064,-5.76455,4
O2,C,rolling,47,falling,oracle,116,52,0.148591,2.10728,2,2,1,,,,,42,,10,,293,0.534495,9.76698,-1.91454,,104,99,13,131,93,0.288142,-0.488889,91,0.121345,-0.610936,109,0.125007,-0.814711,4
O2,C,rolling,47,steady,B0,105,39,0.225972,2.40457,0,0,0,16,31,35,37,30,27,9,8,219,0.502036,7.26901,-4.3264,209,90,87,11,118,69,0.183993,-0.97141,75,0.0721706,-0.652091,75,0.245872,-2.7029,3
O2,C,rolling,47,steady,M_TOC,105,39,0.225972,2.40457,0,0,0,16,31,35,37,30,27,9,8,219,0.50327,7.2976,-4.33707,209,90,87,11,119,69,0.189681,-1.01319,75,0.0719972,-0.654977,75,0.241591,-2.6689,3
O2,C,rolling,47,steady,oracle,105,39,0.0937232,1.48515,0,0,0,,,,,30,,9,,219,0.185351,4.6871,0.687924,,90,88,4,108,69,0.0917868,0.933958,75,0.0406702,-0.146387,75,0.0528944,-0.0996471,3
O2,C,rolling,47,first_storm,B0,41,13,0.060356,0.71716,2,2,0,5,8,10,12,11,9,2,1,73,0.143913,2.60725,1.72581,64,35,33,0,39,24,0.0795046,1.11042,23,0.0365383,0.630096,26,0.0278705,-0.0147096,1
O2,C,rolling,47,first_storm,M_TOC,41,13,0.060356,0.71716,2,2,0,5,8,10,12,11,9,2,1,73,0.137455,2.53788,1.63784,70,35,33,0,39,24,0.075888,1.07331,23,0.0340833,0.59708,26,0.0274837,-0.0325509,1
O2,C,rolling,47,first_storm,oracle,41,13,0.0281459,0.515058,2,2,0,,,,,11,,2,,73,0.050197,1.34553,0.152757,,35,34,1,41,24,0.0213724,0.220604,23,0.0218462,0.0568242,26,0.00697852,-0.124671,1
O2,C,rolling,47,after_storm,B0,29,13,0.0942946,0.764157,1,1,0,7,11,11,12,10,8,3,3,74,0.486401,5.33843,-5.26712,50,27,27,10,43,25,0.25503,-2.18228,23,0.140406,-1.69845,26,0.090964,-1.38639,1
O2,C,rolling,47,after_storm,M_TOC,29,13,0.0942946,0.764157,1,1,0,7,11,11,12,10,8,3,3,74,0.479794,5.3166,-5.23786,51,27,27,10,43,25,0.24994,-2.1589,23,0.141003,-1.6998,26,0.0888508,-1.37916,1
O2,C,rolling,47,after_storm,oracle,29,13,0.0110162,0.282466,1,1,0,,,,,10,,3,,74,0.0747604,1.76241,-0.22674,,27,26,1,29,25,0.0408924,-0.202203,23,0.0154293,-0.270307,26,0.0184388,0.245771,1
O2,C,jan_mar_to_jul_sep,32,all_months,B0,98,39,0.186706,1.97085,9,6,1,26,36,37,37,32,30,7,7,219,2.02968,14.1841,-13.4843,216,71,70,5,105,75,1.64143,-8.07618,72,0.301796,-3.94005,72,0.0864482,-1.46808,3
O2,C,jan_mar_to_jul_sep,32,all_months,M_TOC,98,39,0.186706,1.97085,9,6,1,26,36,37,37,32,30,7,7,219,2.03946,14.2586,-13.5928,217,71,70,5,105,75,1.64708,-8.13661,72,0.306518,-3.95797,72,0.0858646,-1.49817,3
O2,C,jan_mar_to_jul_sep,32,all_months,oracle,98,39,0.0828039,1.31868,9,9,2,,,,,32,,7,,219,0.455428,7.78875,2.77569,,71,62,10,100,75,0.182557,1.54783,72,0.114027,0.847708,72,0.158844,0.380154,3
O2,C,jan_mar_to_jul_sep,33,all_months,B0,80,39,1.2919,4.62864,4,4,4,12,25,30,31,31,22,8,8,219,3.09941,17.5814,-15.4264,182,64,63,21,108,81,2.08338,-6.79194,72,0.665875,-4.76089,66,0.350163,-3.87353,3
O2,C,jan_mar_to_jul_sep,33,all_months,M_TOC,80,39,1.2919,4.62864,4,4,4,12,25,30,31,31,22,8,8,219,3.10628,17.6528,-15.4573,179,64,63,21,108,81,2.08646,-6.76892,72,0.662999,-4.77435,66,0.356822,-3.91406,3
O2,C,jan_mar_to_jul_sep,33,all_months,oracle,80,39,0.531257,3.09185,4,3,2,,,,,31,,8,,219,1.87297,10.7049,4.358,,64,60,2,78,81,1.59721,3.42934,72,0.171747,0.104111,66,0.104008,0.82455,3
O2,C,jan_mar_to_jul_sep,34,all_months,B0,98,39,0.14109,1.99966,5,4,0,17,30,35,35,32,29,7,6,222,1.40178,14.2354,-14.1299,161,88,88,23,126,66,0.373715,-4.02479,78,0.525283,-5.13842,78,0.502786,-4.96669,3
O2,C,jan_mar_to_jul_sep,34,all_months,M_TOC,98,39,0.14109,1.99966,5,4,0,17,30,35,35,32,29,7,6,222,1.43705,14.5345,-14.4531,158,88,88,23,126,66,0.383198,-4.15067,78,0.542232,-5.27279,78,0.511623,-5.02961,3
O2,C,jan_mar_to_jul_sep,34,all_months,oracle,98,39,0.0713325,1.41129,5,5,0,,,,,32,,7,,222,0.289051,5.82735,-2.06683,,88,85,11,105,66,0.0812354,-0.364626,78,0.139458,-2.00823,78,0.0683571,0.306029,3
O2,C,jan_mar_to_jul_sep,35,all_months,B0,107,39,0.204157,2.19383,5,5,2,21,33,35,37,31,27,8,8,222,0.423958,6.77893,-0.715746,215,80,66,6,99,72,0.156607,0.287122,81,0.0842212,0.740781,69,0.18313,-1.74365,3
O2,C,jan_mar_to_jul_sep,35,all_months,M_TOC,107,39,0.204157,2.19383,5,5,2,21,33,35,37,31,27,8,8,222,0.431873,6.84106,-0.84518,216,80,66,6,99,72,0.160655,0.237953,81,0.0859729,0.703097,69,0.185245,-1.78623,3
O2,C,jan_mar_to_jul_sep,35,all_months,oracle,107,39,0.184987,1.76979,5,5,2,,,,,31,,8,,222,0.369045,6.32051,0.132032,,80,73,8,107,72,0.199933,0.470454,81,0.072089,-0.897535,69,0.097023,0.559113,3
O2,C,jan_mar_to_jul_sep,36,all_months,B0,104,39,0.124931,1.76034,3,1,0,16,28,37,37,32,30,7,7,219,1.14974,11.9606,-10.9621,187,85,82,20,123,69,0.319097,-2.88558,66,0.240841,-2.5881,84,0.589797,-5.48843,3
O2,C,jan_mar_to_jul_sep,36,all_months,M_TOC,104,39,0.124931,1.76034,3,1,0,16,28,37,37,32,30,7,7,219,1.10997,11.5964,-10.4884,188,85,82,20,123,69,0.307262,-2.71344,66,0.229027,-2.40607,84,0.573685,-5.36886,3
O2,C,jan_mar_to_jul_sep,36,all_months,oracle,104,39,0.0770127,1.36074,3,2,1,,,,,32,,7,,219,0.545101,7.67916,1.63691,,85,83,10,111,69,0.298637,1.59406,66,0.123645,0.619578,84,0.122819,-0.576728,3
O2,C,jan_mar_to_jul_sep,37,all_months,B0,87,39,0.236282,2.28571,5,1,0,26,34,36,36,32,29,7,7,222,2.50292,19.3437,-17.8504,195,65,64,20,108,78,1.27479,-8.36029,72,0.835739,-5.16002,72,0.392384,-4.33007,3
O2,C,jan_mar_to_jul_sep,37,all_months,M_TOC,87,39,0.236282,2.28571,5,1,0,26,34,36,36,32,29,7,7,222,2.52811,19.4412,-18.0188,192,65,64,20,108,78,1.28328,-8.38389,72,0.855243,-5.30155,72,0.389587,-4.33332,3
O2,C,jan_mar_to_jul_sep,37,all_months,oracle,87,39,0.197173,2.15778,5,2,0,,,,,32,,7,,222,0.651863,9.04755,-2.53502,,65,61,1,84,78,0.304733,-1.31952,72,0.259067,-0.903693,72,0.0880636,-0.311807,3
O2,C,jan_mar_to_jul_sep,38,all_months,B0,94,39,0.203972,1.96849,5,3,0,23,35,37,39,31,29,8,8,219,2.93253,19.687,-19.3686,183,83,83,25,126,69,1.62077,-7.25344,66,0.499803,-5.1511,84,0.811957,-6.96402,3
O2,C,jan_mar_to_jul_sep,38,all_months,M_TOC,94,39,0.203972,1.96849,5,3,0,23,35,37,39,31,29,8,8,219,2.95968,19.9049,-19.6018,183,83,83,25,126,69,1.60265,-7.23518,66,0.518185,-5.26985,84,0.838842,-7.09674,3
O2,C,jan_mar_to_jul_sep,38,all_months,oracle,94,39,0.0850572,1.43309,5,5,0,,,,,31,,8,,219,0.408479,7.27639,-0.178363,,83,83,7,98,69,0.208728,1.17847,66,0.0912476,0.242067,84,0.108503,-1.5989,3
O2,C,jan_mar_to_jul_sep,39,all_months,B0,89,39,0.0775221,1.4195,6,6,2,25,34,37,38,30,28,9,9,222,0.696185,8.63624,-5.17363,203,61,59,25,111,78,0.082774,0.43509,72,0.0779967,-0.848698,72,0.535414,-4.76002,3
O2,C,jan_mar_to_jul_sep,39,all_months,M_TOC,89,39,0.0775221,1.4195,6,6,2,25,34,37,38,30,28,9,9,222,0.695334,8.64707,-5.36421,204,61,59,25,111,78,0.0822869,0.328668,72,0.0820917,-0.961653,72,0.530955,-4.73123,3
O2,C,jan_mar_to_jul_sep,39,all_months,oracle,89,39,0.100671,1.38867,6,6,4,,,,,30,,9,,222,0.399894,6.55269,-1.42708,,61,56,17,100,78,0.187753,0.727369,72,0.0937205,-1.12565,72,0.11842,-1.02881,3
O2,C,jan_mar_to_jul_sep,40,all_months,B0,87,39,0.71649,3.32332,6,2,0,12,22,25,28,30,19,9,6,219,0.867972,8.28765,-4.6699,204,68,66,15,102,75,0.108246,0.147938,69,0.130825,-1.44371,75,0.628902,-3.37413,3
O2,C,jan_mar_to_jul_sep,40,all_months,M_TOC,87,39,0.71649,3.32332,6,2,0,12,22,25,28,30,19,9,6,219,0.889171,8.32891,-5.04181,204,68,67,17,105,75,0.102985,-0.00819134,69,0.134828,-1.53314,75,0.651357,-3.50048,3
O2,C,jan_mar_to_jul_sep,40,all_months,oracle,87,39,0.451648,2.35545,6,4,0,,,,,30,,9,,219,1.02116,9.93984,-3.66761,,68,59,15,97,75,0.198276,-0.243111,69,0.177223,-1.68342,75,0.645657,-1.74108,3
O2,C,jan_mar_to_jul_sep,41,all_months,B0,79,39,0.270838,2.38639,7,7,0,13,22,26,27,32,20,7,6,222,1.10429,12.9925,-10.1328,178,52,52,11,90,87,0.443909,-3.82575,63,0.352141,-3.30515,72,0.30824,-3.0019,3
O2,C,jan_mar_to_jul_sep,41,all_months,M_TOC,79,39,0.270838,2.38639,7,7,0,13,22,26,27,32,20,7,6,222,1.14377,13.2164,-10.389,178,52,52,11,90,87,0.462379,-3.99494,63,0.367338,-3.38899,72,0.314053,-3.00505,3
O2,C,jan_mar_to_jul_sep,41,all_months,oracle,79,39,0.116731,1.68373,7,6,0,,,,,32,,7,,222,0.344099,6.69126,0.753951,,52,49,1,74,87,0.199387,0.426601,63,0.0662372,-0.572934,72,0.0784748,0.900284,3
O2,C,jan_mar_to_jul_sep,42,all_months,B0,92,39,0.466549,3.11782,2,1,0,14,20,31,35,30,25,9,6,219,1.58594,15.1739,-13.3945,165,75,75,15,111,75,0.365177,-2.89195,66,0.749401,-5.96211,78,0.471358,-4.54042,3
O2,C,jan_mar_to_jul_sep,42,all_months,M_TOC,92,39,0.466549,3.11782,2,1,0,14,20,31,35,30,25,9,6,219,1.57384,15.0937,-13.3178,167,75,75,15,111,75,0.368524,-2.88993,66,0.744564,-5.96445,78,0.46075,-4.46342,3
O2,C,jan_mar_to_jul_sep,42,all_months,oracle,92,39,0.185274,1.97382,2,1,0,,,,,30,,9,,219,0.761406,9.70766,-1.06373,,75,63,6,85,75,0.332511,-0.531615,66,0.188932,-2.25789,78,0.239963,1.72577,3
O2,C,jan_mar_to_jul_sep,43,all_months,B0,93,39,0.112,1.71834,1,1,0,24,34,37,38,31,31,8,6,219,0.865333,10.6644,-7.81314,209,74,72,9,102,72,0.442934,-3.13525,78,0.185286,-2.2621,69,0.237113,-2.41578,3
O2,C,jan_mar_to_jul_sep,43,all_months,M_TOC,93,39,0.112,1.71834,1,1,0,24,34,37,38,31,31,8,6,219,0.858446,10.5895,-7.65238,209,74,72,9,102,72,0.457335,-3.1845,78,0.184316,-2.18383,69,0.216796,-2.28406,3
O2,C,jan_mar_to_jul_sep,43,all_months,oracle,93,39,0.0359477,0.933462,1,1,0,,,,,31,,8,,219,0.381156,6.92527,-3.97732,,74,73,5,96,72,0.152918,-1.21134,78,0.119765,-1.56765,69,0.108473,-1.19832,3
O2,C,jan_mar_to_jul_sep,44,all_months,B0,90,39,0.457347,2.51455,6,4,0,15,28,32,34,31,25,8,7,219,0.66898,9.19944,-6.54665,202,82,82,14,111,69,0.233639,-2.17687,69,0.0936614,-1.02203,81,0.34168,-3.34774,3
O2,C,jan_mar_to_jul_sep,44,all_months,M_TOC,90,39,0.457347,2.51455,6,4,0,15,28,32,34,31,25,8,7,219,0.703896,9.5015,-7.14343,200,82,82,14,108,69,0.251249,-2.42599,69,0.100556,-1.24895,81,0.352091,-3.46849,3
O2,C,jan_mar_to_jul_sep,44,all_months,oracle,90,39,0.0845653,1.39516,6,6,1,,,,,31,,8,,219,0.422037,7.21906,-4.92231,,82,80,8,100,69,0.190715,-1.7441,69,0.0800995,-0.885259,81,0.151222,-2.29295,3
O2,C,jan_mar_to_jul_sep,45,all_months,B0,79,39,0.225582,2.4612,4,1,2,13,27,33,33,31,26,8,7,228,0.659539,9.38245,-4.90073,205,66,66,9,90,84,0.226259,-0.350598,69,0.146934,-2.0945,75,0.286346,-2.45563,3
O2,C,jan_mar_to_jul_sep,45,all_months,M_TOC,79,39,0.225582,2.4612,4,1,2,13,27,33,33,31,26,8,7,228,0.651758,9.23203,-4.59932,208,66,66,9,90,84,0.222075,-0.192533,69,0.143263,-1.95743,75,0.28642,-2.44936,3
O2,C,jan_mar_to_jul_sep,45,all_months,oracle,79,39,0.460035,2.27704,4,2,2,,,,,31,,8,,228,0.574284,7.08862,-0.374109,,66,62,2,79,84,0.124962,0.730633,69,0.0984208,-1.55584,75,0.350901,0.451096,3
O2,C,jan_mar_to_jul_sep,46,all_months,B0,95,39,0.791442,3.45804,3,3,3,19,33,36,38,31,29,8,7,219,1.28881,12.9988,-9.1807,187,72,66,12,105,75,0.630703,-3.95568,69,0.307983,-1.88057,75,0.350122,-3.34444,3
O2,C,jan_mar_to_jul_sep,46,all_months,M_TOC,95,39,0.791442,3.45804,3,3,3,19,33,36,38,31,29,8,7,219,1.26925,12.8798,-8.92117,186,72,66,12,102,75,0.625422,-3.85167,69,0.295484,-1.74875,75,0.348349,-3.32075,3
O2,C,jan_mar_to_jul_sep,46,all_months,oracle,95,39,0.0885029,1.4811,3,3,2,,,,,31,,8,,219,0.489228,7.23658,0.0691156,,72,67,6,98,75,0.269297,1.01141,69,0.0976649,0.0995206,75,0.122266,-1.04181,3
O2,C,jan_mar_to_jul_sep,47,all_months,B0,99,39,0.214817,2.32431,0,0,1,20,33,34,37,30,26,9,8,219,0.867108,10.9952,-10.3315,185,84,84,27,132,66,0.251392,-2.80014,69,0.15053,-2.60965,84,0.465187,-4.92167,3
O2,C,jan_mar_to_jul_sep,47,all_months,M_TOC,99,39,0.214817,2.32432,0,0,1,20,33,34,37,30,26,9,8,219,0.827662,10.7356,-10.0327,184,84,84,24,126,66,0.248851,-2.75116,69,0.1442,-2.54645,84,0.434611,-4.7351,3
O2,C,jan_mar_to_jul_sep,47,all_months,oracle,99,39,0.125228,1.73985,0,0,1,,,,,30,,9,,219,0.259011,5.53392,0.422316,,84,83,7,108,66,0.134694,1.02438,69,0.0444708,0.0989127,84,0.0798466,-0.700974,3
O2,D,rolling,32,falling,B0,109,52,0.516331,3.61697,9,7,3,31,41,46,47,40,34,12,12,292,5.75755,29.1503,-27.5751,226,77,76,31,144,100,3.48467,-12.5093,97,1.21821,-7.73708,95,1.05467,-7.32873,4
O2,D,rolling,32,falling,M_TOC,109,52,0.357176,3.09891,9,6,2,34,44,49,50,40,38,12,11,292,5.36071,28.4035,-26.964,258,77,76,30,142,100,3.44991,-13.0812,97,1.00147,-7.04025,95,0.909336,-6.84255,4
O2,D,rolling,32,falling,M_TOC_nodose,109,52,0.603127,3.83991,9,7,3,31,40,45,46,40,34,12,11,292,7.44162,33.6409,-32.3194,225,77,76,35,149,100,4.91529,-16.0087,97,1.45916,-8.88847,95,1.06717,-7.42218,4
O2,D,rolling,32,falling,oracle,109,52,0.197439,2.49387,9,8,2,,,,,40,,12,,292,0.652849,10.4482,0.948635,,77,70,3,104,100,0.307046,1.6616,97,0.193446,0.946864,95,0.152356,-1.65983,4
O2,D,rolling,32,steady,B0,71,39,0.363078,2.71932,7,5,2,21,30,32,35,30,24,9,8,219,2.4475,16.9924,-14.9197,185,53,53,15,90,76,1.24387,-5.48021,71,0.536069,-4.30399,72,0.667559,-5.1355,3
O2,D,rolling,32,steady,M_TOC,71,39,0.240876,2.3227,7,5,1,22,34,36,36,30,27,9,9,219,1.73652,13.1175,-6.10935,203,53,52,14,88,76,0.948667,-0.599773,71,0.312693,-1.61845,72,0.475157,-3.89113,3
O2,D,rolling,32,steady,M_TOC_nodose,71,39,0.323489,2.65114,7,5,2,21,31,32,35,30,24,9,8,219,2.37938,16.9142,-12.2937,177,53,52,15,89,76,1.26334,-4.34947,71,0.521807,-3.32922,72,0.594235,-4.61503,3
O2,D,rolling,32,steady,oracle,71,39,0.645136,2.51161,7,6,1,,,,,30,,9,,219,0.749978,9.14384,1.97246,,53,49,3,70,76,0.49214,2.31397,71,0.133657,-0.115899,72,0.124181,-0.225604,3
O2,D,rolling,32,first_storm,B0,37,13,0.219372,1.5106,2,0,0,1,3,4,9,11,3,2,1,73,1.01278,4.70478,1.15008,71,30,23,0,30,25,0.885741,-0.53215,24,0.066693,0.933661,24,0.0603476,0.748569,1
O2,D,rolling,32,first_storm,M_TOC,37,13,0.120935,1.08918,2,2,1,3,7,9,11,11,8,2,1,73,0.867633,6.98064,5.9048,42,30,23,0,29,25,0.467415,2.28695,24,0.261306,2.38293,24,0.138911,1.23492,1
O2,D,rolling,32,first_storm,M_TOC_nodose,37,13,0.168233,1.31193,2,0,0,1,3,4,10,11,3,2,1,73,0.955125,4.32104,0.39136,73,30,24,1,32,25,0.853605,-0.745052,24,0.0548883,0.713512,24,0.0466312,0.422901,1
O2,D,rolling,32,first_storm,oracle,37,13,0.0505693,0.655286,2,2,1,,,,,11,,2,,73,0.155642,2.39723,2.02161,,30,24,1,32,25,0.0990512,1.0458,24,0.0290496,0.520903,24,0.0275412,0.454903,1
O2,D,rolling,32,after_storm,B0,27,13,0.282716,1.5457,1,1,1,3,4,9,9,10,8,3,1,74,1.56026,6.60986,-6.04431,49,20,20,3,31,28,1.34215,-3.88321,23,0.128132,-1.10375,23,0.0899808,-1.05735,1
O2,D,rolling,32,after_storm,M_TOC,27,13,0.260121,1.60597,1,1,2,2,5,6,7,10,6,3,0,74,0.367629,4.31967,-3.83472,65,20,20,5,33,28,0.250281,-2.01825,23,0.0926576,-1.20448,23,0.0246902,-0.611988,1
O2,D,rolling,32,after_storm,M_TOC_nodose,27,13,0.294073,1.58256,1,1,1,3,4,9,11,10,8,3,1,74,1.80002,7.20427,-6.68885,47,20,20,3,31,28,1.53374,-4.23307,23,0.156044,-1.26336,23,0.110238,-1.19242,1
O2,D,rolling,32,after_storm,oracle,27,13,0.0382394,0.566821,1,1,1,,,,,10,,3,,74,0.242026,3.01801,-1.73109,,20,19,8,36,28,0.0515537,0.233349,23,0.0373881,-0.464279,23,0.153084,-1.50016,1
O2,D,rolling,33,falling,B0,113,52,1.70732,6.26175,7,5,7,23,33,39,44,41,29,11,10,292,10.5299,39.5528,-36.8565,154,88,85,33,153,110,6.31494,-16.0028,96,2.54809,-11.1221,86,1.66685,-9.7316,4
O2,D,rolling,33,falling,M_TOC,113,52,1.09294,5.14418,7,5,6,22,38,45,47,41,34,11,11,292,8.65023,33.0956,-29.0209,188,88,84,29,147,110,5.88932,-11.8212,96,1.48685,-8.75061,86,1.27407,-8.44906,4
O2,D,rolling,33,falling,M_TOC_nodose,113,52,1.67344,6.22707,7,5,7,19,33,42,44,41,31,11,11,292,10.1594,38.1214,-35.1799,163,88,84,31,150,110,6.19701,-15.407,96,2.46518,-10.612,86,1.49724,-9.1609,4
O2,D,rolling,33,falling,oracle,113,52,0.297307,2.84898,7,6,1,,,,,41,,11,,292,2.77984,13.3564,1.80138,,88,84,3,112,110,2.35811,4.1539,96,0.305715,-1.64881,86,0.116019,-0.703717,4
O2,D,rolling,33,steady,B0,57,39,1.02596,3.68531,3,3,0,22,29,32,33,32,27,7,5,223,3.50115,21.6291,-20.8925,130,46,46,21,91,80,1.64863,-7.69511,73,0.746675,-6.04365,70,1.10584,-7.15375,3
O2,D,rolling,33,steady,M_TOC,57,39,0.700429,3.44681,3,3,0,21,28,33,35,32,28,7,5,223,1.81213,15.1397,-12.4612,186,46,46,23,93,80,0.364566,-1.70612,73,0.344958,-3.7807,70,1.1026,-6.97441,3
O2,D,rolling,33,steady,M_TOC_nodose,57,39,1.02511,3.68061,3,3,0,22,29,32,33,32,27,7,5,223,3.46837,21.4641,-20.6924,135,46,46,21,91,80,1.65589,-7.67541,73,0.737185,-5.98732,70,1.07529,-7.02966,3
O2,D,rolling,33,steady,oracle,57,39,0.670359,3.08296,3,3,0,,,,,32,,7,,223,0.861134,10.9435,3.23425,,46,38,9,60,80,0.491723,3.18674,73,0.167828,0.642153,70,0.201583,-0.59464,3
O2,D,rolling,33,first_storm,B0,25,13,0.178545,1.34295,1,1,0,3,4,7,10,12,6,1,1,74,1.17897,6.03563,-5.57132,69,18,18,6,34,28,0.930497,-3.01101,25,0.177963,-1.65746,21,0.070512,-0.902849,1
O2,D,rolling,33,first_storm,M_TOC,25,13,0.215716,1.51324,1,1,0,3,8,10,11,12,9,1,1,74,0.86826,6.43634,-6.19612,57,18,18,10,38,28,0.423765,-2.38989,25,0.279361,-2.26274,21,0.165134,-1.54349,1
O2,D,rolling,33,first_storm,M_TOC_nodose,25,13,0.132868,1.16368,1,1,0,4,7,11,12,12,10,1,1,74,1.48363,8.36918,-8.23706,62,18,18,12,40,28,0.934609,-3.83438,25,0.383726,-2.85244,21,0.165298,-1.55024,1
O2,D,rolling,33,first_storm,oracle,25,13,0.126145,0.798395,1,1,1,,,,,12,,1,,74,0.326155,3.44605,0.64608,,18,18,1,25,28,0.197505,0.802519,25,0.0837921,-0.559587,21,0.0448578,0.403148,1
O2,D,rolling,33,after_storm,B0,23,13,0.259732,1.36303,1,1,1,3,9,10,10,11,8,2,2,75,1.21999,7.37286,-7.01684,55,18,18,4,30,28,0.747516,-3.41998,25,0.273502,-2.03731,22,0.198971,-1.55955,1
O2,D,rolling,33,after_storm,M_TOC,23,13,0.241036,1.27858,1,1,1,4,10,10,11,11,8,2,2,75,0.721562,6.11005,-5.62042,61,18,18,4,30,28,0.340835,-2.36862,25,0.239429,-1.96362,22,0.141298,-1.28818,1
O2,D,rolling,33,after_storm,M_TOC_nodose,23,13,0.254599,1.34108,1,1,1,5,9,10,11,11,8,2,2,75,1.72511,8.97477,-8.80715,55,18,18,4,30,28,1.04579,-4.18129,25,0.426206,-2.77721,22,0.253114,-1.84865,1
O2,D,rolling,33,after_storm,oracle,23,13,0.169339,1.07441,1,1,0,,,,,11,,2,,75,0.289668,3.31635,0.398277,,18,18,1,24,28,0.201773,0.774629,25,0.0484308,-0.590768,22,0.0394637,0.214416,1
O2,D,rolling,34,falling,B0,111,52,0.71966,4.27083,4,4,3,24,35,39,40,40,29,12,10,293,4.19021,28.3352,-27.6708,143,96,95,37,156,90,1.62224,-9.39028,103,1.2894,-9.3003,100,1.27856,-8.98023,4
O2,D,rolling,34,falling,M_TOC,111,52,0.177884,2.40411,4,4,2,32,46,50,51,40,38,12,12,293,2.37973,21.967,-21.3193,204,96,95,35,153,90,0.675007,-6.32572,103,0.706698,-6.98185,100,0.998029,-8.01174,4
O2,D,rolling,34,falling,M_TOC_nodose,111,52,0.704197,4.16867,4,4,3,24,36,39,41,40,29,12,10,293,4.02589,27.3646,-26.7169,154,96,95,36,156,90,1.57699,-9.06008,103,1.24002,-8.95679,100,1.20888,-8.70005,4
O2,D,rolling,34,falling,oracle,111,52,0.109284,2.03665,4,4,1,,,,,40,,12,,293,0.74569,11.2746,-8.74962,,96,93,16,125,90,0.296024,-2.90448,103,0.331641,-4.06428,100,0.118026,-1.78086,4
O2,D,rolling,34,steady,B0,74,39,0.471674,3.28232,5,3,1,14,28,34,37,30,26,9,8,219,3.15111,22.3729,-22.3729,141,61,61,32,113,68,0.789877,-6.47534,73,0.689251,-6.25331,78,1.67198,-9.64427,3
O2,D,rolling,34,steady,M_TOC,74,39,0.23343,2.19834,5,2,1,23,33,36,38,30,28,9,8,219,1.78201,16.0411,-15.838,181,61,61,27,105,68,0.334439,-3.84668,73,0.415329,-4.39198,78,1.03224,-7.59932,3
O2,D,rolling,34,steady,M_TOC_nodose,74,39,0.46411,3.27604,5,3,1,14,26,33,37,30,25,9,8,219,2.78075,20.868,-20.8636,149,61,61,27,107,68,0.746373,-6.15003,73,0.612959,-5.84842,78,1.42141,-8.86513,3
O2,D,rolling,34,steady,oracle,74,39,0.118731,1.74935,5,2,1,,,,,30,,9,,219,0.410967,7.37427,-3.84565,,61,61,7,82,68,0.149068,-0.356337,73,0.160605,-2.07388,78,0.101295,-1.41543,3
O2,D,rolling,34,first_storm,B0,30,13,0.138618,1.18571,0,0,1,3,7,10,12,11,9,2,1,73,0.636027,5.25575,-2.8318,58,25,25,0,30,20,0.183472,-1.02103,28,0.393575,-1.93996,25,0.0589797,0.129187,1
O2,D,rolling,34,first_storm,M_TOC,30,13,0.145348,1.16008,0,0,1,4,6,9,11,11,8,2,1,73,1.20186,7.5553,-6.81541,33,25,25,5,36,20,0.337697,-2.20538,28,0.717375,-3.54251,25,0.146785,-1.06753,1
O2,D,rolling,34,first_storm,M_TOC_nodose,30,13,0.172508,1.3145,0,0,1,2,7,10,10,11,9,2,1,73,0.864387,6.14228,-4.44564,53,25,25,3,34,20,0.228451,-1.42142,28,0.537937,-2.53311,25,0.0979986,-0.491108,1
O2,D,rolling,34,first_storm,oracle,30,13,0.0374077,0.538008,0,0,0,,,,,11,,2,,73,0.36449,3.92184,0.0155727,,25,25,0,30,20,0.13206,-0.307184,28,0.124789,-0.865467,25,0.107641,1.18822,1
O2,D,rolling,34,after_storm,B0,28,13,0.105909,0.909444,1,0,0,5,8,8,9,10,5,3,3,73,0.410218,4.66769,3.27661,68,23,23,2,30,21,0.184357,1.83721,27,0.132299,1.44603,25,0.0935615,-0.00663336,1
O2,D,rolling,34,after_storm,M_TOC,28,13,0.131885,1.10348,1,1,0,2,9,11,12,10,8,3,3,73,0.23646,3.43133,1.20976,68,23,23,2,31,21,0.0819843,1.16035,27,0.0583209,0.496941,25,0.0961549,-0.447528,1
O2,D,rolling,34,after_storm,M_TOC_nodose,28,13,0.0936517,0.851833,1,0,0,5,8,8,11,10,5,3,3,73,0.343749,4.2619,2.63044,68,23,23,2,30,21,0.151983,1.64059,27,0.104455,1.18961,25,0.0873112,-0.199761,1
O2,D,rolling,34,after_storm,oracle,28,13,0.0273344,0.532105,1,1,0,,,,,10,,3,,73,0.113891,2.29229,0.499187,,23,21,3,29,21,0.0299271,0.276026,27,0.0408502,-0.151496,25,0.0431132,0.374658,1
O2,D,rolling,35,falling,B0,116,52,0.520382,3.88687,7,5,3,26,35,40,46,40,32,12,8,294,2.63931,21.762,-17.5233,188,88,78,20,130,100,1.03377,-6.61977,103,0.709832,-5.04271,91,0.895713,-5.8608,4
O2,D,rolling,35,falling,M_TOC,116,52,0.257794,2.73805,7,5,3,32,43,45,51,40,36,12,9,294,1.45502,16.1789,-10.6838,231,88,78,17,126,100,0.463278,-3.35446,103,0.332613,-2.76775,91,0.65913,-4.5616,4
O2,D,rolling,35,falling,M_TOC_nodose,116,52,0.517366,3.89075,7,5,3,25,36,39,46,40,31,12,8,294,2.53024,21.1372,-16.3968,190,88,78,17,127,100,1.01601,-6.35608,103,0.686759,-4.74303,91,0.827472,-5.29771,4
O2,D,rolling,35,falling,oracle,116,52,0.350645,3.19059,7,6,3,,,,,40,,12,,294,0.547539,8.95513,-1.98392,,88,82,9,121,100,0.290007,-0.0711398,103,0.106552,-1.16312,91,0.15098,-0.749652,4
O2,D,rolling,35,steady,B0,71,39,0.503931,3.59818,4,3,0,16,28,31,36,32,26,7,5,220,3.72578,22.031,-20.6253,140,55,54,20,98,75,1.46836,-8.31392,77,1.19219,-6.83594,68,1.06523,-5.47544,3
O2,D,rolling,35,steady,M_TOC,71,39,0.364133,2.95672,4,3,0,20,34,36,38,32,29,7,7,220,4.14353,22.888,-19.9231,152,55,54,22,100,75,1.69949,-7.60697,77,1.29845,-6.49845,68,1.14559,-5.81768,3
O2,D,rolling,35,steady,M_TOC_nodose,71,39,0.503781,3.59367,4,3,0,16,28,32,36,32,27,7,5,220,3.74448,22.0262,-20.6156,140,55,54,20,98,75,1.47374,-8.27261,77,1.19429,-6.84052,68,1.07646,-5.50246,3
O2,D,rolling,35,steady,oracle,71,39,0.154527,1.67579,4,4,2,,,,,32,,7,,220,0.613296,8.55348,-4.90182,,55,54,8,82,75,0.326476,-0.858391,77,0.1279,-2.05113,68,0.15892,-1.99229,3
O2,D,rolling,35,first_storm,B0,28,13,0.167308,1.1428,2,1,0,3,9,10,12,10,8,3,2,74,0.221767,2.47865,0.0399783,73,22,20,3,30,25,0.137773,-0.386515,26,0.0272752,0.535285,23,0.0567195,-0.108791,1
O2,D,rolling,35,first_storm,M_TOC,28,13,0.121137,0.83597,2,1,0,7,11,12,12,10,9,3,3,74,0.204255,2.6745,-1.88268,74,22,22,4,33,25,0.115999,-0.486344,26,0.0324306,-0.674961,23,0.055826,-0.721375,1
O2,D,rolling,35,first_storm,M_TOC_nodose,28,13,0.110387,0.885703,2,1,0,8,11,12,12,10,9,3,3,74,0.246735,2.63016,-1.72804,70,22,21,5,33,25,0.158129,-0.958036,26,0.018334,-0.0691232,23,0.0702719,-0.700883,1
O2,D,rolling,35,first_storm,oracle,28,13,0.0303806,0.433012,2,2,0,,,,,10,,3,,74,0.168366,2.241,0.269933,,22,22,1,29,25,0.111848,0.405863,26,0.0390457,-0.161391,23,0.017472,0.0254612,1
O2,D,rolling,35,after_storm,B0,28,13,0.196101,1.22537,1,1,0,4,9,12,12,10,10,3,2,74,1.17433,6.60833,-6.38421,60,23,23,5,35,26,0.730062,-3.45184,25,0.313894,-1.77242,23,0.130369,-1.15995,1
O2,D,rolling,35,after_storm,M_TOC,28,13,0.119675,0.868749,1,1,0,8,12,12,13,10,10,3,2,74,0.241436,2.87046,-2.04415,72,23,23,3,32,26,0.123146,-0.639461,25,0.0327515,-0.487833,23,0.0855394,-0.916854,1
O2,D,rolling,35,after_storm,M_TOC_nodose,28,13,0.156925,0.957293,1,1,0,5,11,12,12,10,10,3,2,74,0.215286,2.99945,-1.93995,72,23,23,5,35,26,0.0841038,-0.59996,25,0.0414903,-0.355465,23,0.0896919,-0.984524,1
O2,D,rolling,35,after_storm,oracle,28,13,0.180123,0.919013,1,1,1,,,,,10,,3,,74,0.167258,2.40224,-1.74047,,23,23,3,32,26,0.109306,-0.601128,25,0.0177253,-0.410593,23,0.0402269,-0.728749,1
O2,D,rolling,36,falling,B0,129,52,0.39096,2.9999,4,3,0,27,38,41,45,41,32,11,9,294,3.15738,24.1024,-23.8198,177,102,102,38,171,97,1.18522,-8.08052,88,0.806541,-6.57809,109,1.16562,-9.16114,4
O2,D,rolling,36,falling,M_TOC,129,52,0.152325,2.13636,4,3,0,31,41,46,50,41,36,11,10,294,1.65964,17.5143,-16.6112,235,102,102,30,160,97,0.44313,-4.28547,88,0.377061,-4.51212,109,0.839448,-7.81357,4
O2,D,rolling,36,falling,M_TOC_nodose,129,52,0.391119,3.04977,4,3,0,27,37,41,44,41,32,11,9,294,2.8401,22.1224,-21.7038,189,102,102,35,168,97,1.09339,-7.29844,88,0.725261,-5.93982,109,1.02146,-8.46551,4
O2,D,rolling,36,falling,oracle,129,52,0.106961,1.78397,4,4,1,,,,,41,,11,,294,0.740024,10.3397,5.93122,,102,91,0,115,97,0.415452,3.26238,88,0.162154,1.85706,109,0.162418,0.811783,4
O2,D,rolling,36,steady,B0,75,39,0.324862,2.70237,1,1,1,17,28,34,35,30,26,9,8,219,4.30987,20.9444,-18.417,142,63,61,24,101,75,2.34716,-7.02755,61,0.438589,-2.79768,83,1.52412,-8.59177,3
O2,D,rolling,36,steady,M_TOC,75,39,0.220129,2.26412,1,1,1,18,33,34,37,30,25,9,9,219,2.17661,15.1013,-11.3983,185,63,61,23,99,75,0.548508,-2.0565,61,0.281184,-1.3539,83,1.34691,-7.98785,3
O2,D,rolling,36,steady,M_TOC_nodose,75,39,0.302216,2.58916,1,1,1,18,28,34,35,30,26,9,8,219,4.25105,20.5581,-17.6671,143,63,61,25,102,75,2.44651,-6.99927,61,0.418725,-2.59406,83,1.38582,-8.07375,3
O2,D,rolling,36,steady,oracle,75,39,0.204131,1.93942,1,1,1,,,,,30,,9,,219,0.661099,8.79172,-2.2477,,63,62,7,84,75,0.390659,0.3322,61,0.0925626,-0.336399,83,0.177878,-2.2435,3
O2,D,rolling,36,first_storm,B0,34,13,0.0913594,0.874118,0,0,1,4,9,10,10,11,8,2,2,73,0.344354,4.21152,2.83112,58,28,25,0,31,25,0.216086,1.36106,22,0.0842113,1.13252,26,0.0440564,0.33754,1
O2,D,rolling,36,first_storm,M_TOC,34,13,0.090939,0.818518,0,0,1,5,9,11,12,11,9,2,2,73,0.158591,2.78526,0.849258,71,28,28,1,35,25,0.0714282,1.09011,22,0.0483861,0.361225,26,0.0387768,-0.602072,1
O2,D,rolling,36,first_storm,M_TOC_nodose,34,13,0.0822455,0.768371,0,0,1,4,10,12,12,11,10,2,2,73,0.230084,3.24468,0.736796,70,28,27,1,34,25,0.156868,0.631254,22,0.0383197,0.518664,26,0.0348963,-0.413122,1
O2,D,rolling,36,first_storm,oracle,34,13,0.0402237,0.672496,0,0,1,,,,,11,,2,,73,0.0984363,2.15758,-0.135772,,28,28,4,38,25,0.0380201,0.373189,22,0.0413671,-0.183218,26,0.0190491,-0.325743,1
O2,D,rolling,36,after_storm,B0,37,13,0.124821,0.940177,1,0,1,6,10,10,11,10,7,3,3,73,0.406389,4.32571,1.8749,73,29,23,1,31,26,0.281868,0.677495,21,0.0766248,0.998705,26,0.047896,0.198695,1
O2,D,rolling,36,after_storm,M_TOC,37,13,0.0835575,0.743258,1,0,1,8,10,10,10,10,7,3,3,73,0.262929,3.62828,2.44126,73,29,25,3,35,26,0.174719,1.82521,21,0.0550249,0.766721,26,0.0331859,-0.150669,1
O2,D,rolling,36,after_storm,M_TOC_nodose,37,13,0.0609939,0.686192,1,0,1,7,10,10,11,10,7,3,3,73,0.351301,4.11743,1.30805,73,29,23,3,33,26,0.228495,0.548053,21,0.0752548,0.961868,26,0.0475507,-0.201873,1
O2,D,rolling,36,after_storm,oracle,37,13,0.0541173,0.718286,1,1,1,,,,,10,,3,,73,0.189794,3.04284,2.13558,,29,27,4,38,26,0.10359,1.37951,21,0.0696679,0.745134,26,0.016536,0.0109332,1
O2,D,rolling,37,falling,B0,109,52,0.997045,5.55943,3,1,2,18,27,36,36,41,28,11,8,293,7.2767,37.3508,-35.4763,141,82,79,25,135,103,3.41365,-15.2723,93,2.32308,-10.5384,97,1.53997,-9.66561,4
O2,D,rolling,37,falling,M_TOC,109,52,0.4434,3.66228,3,1,1,26,37,47,47,41,37,11,10,293,4.31005,30.069,-27.7493,171,82,79,18,127,103,1.83058,-11.593,93,1.41638,-8.09517,97,1.06309,-8.06117,4
O2,D,rolling,37,falling,M_TOC_nodose,109,52,0.983012,5.44662,3,1,2,18,27,36,36,41,28,11,8,293,6.98816,36.2275,-34.2544,147,82,79,22,132,103,3.32862,-14.9569,93,2.26867,-10.2464,97,1.39086,-9.05108,4
O2,D,rolling,37,falling,oracle,109,52,0.566614,3.75164,3,0,1,,,,,41,,11,,293,1.17491,13.7643,-3.29116,,82,66,4,97,103,0.456268,-1.87747,93,0.433453,-1.19085,97,0.285189,-0.222832,4
O2,D,rolling,37,steady,B0,59,39,0.526881,3.59884,2,1,2,12,24,30,34,31,24,8,6,222,5.01881,27.3667,-25.7534,114,46,46,24,90,79,1.85553,-9.9637,68,1.65948,-6.97905,75,1.5038,-8.8106,3
O2,D,rolling,37,steady,M_TOC,59,39,0.285578,2.58879,2,1,2,19,28,30,36,31,25,8,5,222,3.4842,22.6894,-20.3014,158,46,46,22,86,79,0.898821,-6.62397,68,1.02639,-4.86796,75,1.55899,-8.80943,3
O2,D,rolling,37,steady,M_TOC_nodose,59,39,0.522709,3.59571,2,1,2,12,24,29,34,31,23,8,6,222,4.93729,27.0772,-25.4821,114,46,46,24,90,79,1.85519,-9.93803,68,1.65356,-6.96104,75,1.42854,-8.58306,3
O2,D,rolling,37,steady,oracle,59,39,0.335636,2.99007,2,1,0,,,,,31,,8,,222,1.27738,12.5814,-6.31181,,46,43,7,67,79,0.58949,-2.24088,68,0.546407,-2.09203,75,0.141478,-1.97891,3
O2,D,rolling,37,first_storm,B0,32,13,0.142709,1.14072,2,1,0,5,6,8,9,10,6,3,2,73,0.482623,4.75481,-1.6241,63,23,20,0,29,26,0.215792,-1.38067,23,0.171207,-1.14071,24,0.0956239,0.897279,1
O2,D,rolling,37,first_storm,M_TOC,32,13,0.137479,1.17138,2,1,0,3,6,8,8,10,6,3,2,73,0.407155,4.4364,-2.11508,69,23,21,0,30,26,0.198826,-0.963658,23,0.13773,-1.11694,24,0.0705987,-0.0344819,1
O2,D,rolling,37,first_storm,M_TOC_nodose,32,13,0.153493,1.18494,2,1,0,5,6,8,9,10,6,3,2,73,0.534932,5.14258,-3.04549,63,23,21,0,30,26,0.307235,-2.11179,23,0.165185,-1.22599,24,0.0625111,0.292293,1
O2,D,rolling,37,first_storm,oracle,32,13,0.133911,1.20679,2,0,0,,,,,10,,3,,73,0.314769,3.76139,-1.73763,,23,21,0,30,26,0.16324,-0.916164,23,0.106125,-1.06665,24,0.0454047,0.245179,1
O2,D,rolling,37,after_storm,B0,27,13,0.339848,1.61109,0,0,1,6,11,11,12,11,9,2,2,73,1.65744,7.72889,-6.77963,55,20,19,2,28,24,0.948834,-3.53032,24,0.642644,-2.55582,25,0.0659632,-0.693491,1
O2,D,rolling,37,after_storm,M_TOC,27,13,0.293311,1.51633,0,0,1,6,10,11,11,11,9,2,2,73,1.4628,7.9464,-7.22185,51,20,20,4,31,24,0.663329,-2.95717,24,0.592795,-2.63532,25,0.206673,-1.62936,1
O2,D,rolling,37,after_storm,M_TOC_nodose,27,13,0.315445,1.55766,0,0,1,6,11,11,11,11,9,2,2,73,1.90386,8.71336,-8.08303,55,20,20,2,29,24,1.02528,-3.81715,24,0.752616,-3.0047,25,0.125968,-1.26117,1
O2,D,rolling,37,after_storm,oracle,27,13,0.198423,1.44719,0,0,0,,,,,11,,2,,73,0.698187,5.72366,-0.0189833,,20,16,0,23,24,0.365227,-0.432339,24,0.251916,-0.733659,25,0.0810438,1.14702,1
O2,D,rolling,38,falling,B0,110,52,0.665109,4.80821,3,2,1,15,36,43,45,40,33,12,10,292,6.18014,32.0901,-30.407,182,98,98,42,163,96,3.69432,-12.3581,91,1.30168,-9.05876,105,1.18414,-8.99011,4
O2,D,rolling,38,falling,M_TOC,110,52,0.572737,4.18378,3,2,1,18,43,48,49,40,36,12,12,292,4.51407,26.1309,-23.467,223,98,98,36,156,96,2.76698,-8.82139,91,0.804976,-6.74698,105,0.942119,-7.89859,4
O2,D,rolling,38,falling,M_TOC_nodose,110,52,0.654228,4.77583,3,2,1,15,35,43,45,40,33,12,10,292,5.92238,31.0649,-28.9956,189,98,98,36,156,96,3.6396,-11.8489,91,1.19804,-8.57872,105,1.08473,-8.56801,4
O2,D,rolling,38,falling,oracle,110,52,0.176462,1.99642,3,3,1,,,,,40,,12,,292,0.700618,10.8445,-3.4414,,98,93,15,125,96,0.29191,1.27408,91,0.157976,-1.76481,105,0.250733,-2.95067,4
O2,D,rolling,38,steady,B0,61,39,0.402153,3.42176,2,1,1,10,21,24,29,30,19,9,5,219,2.44039,19.066,-10.307,141,50,49,26,89,73,1.39388,-3.94803,67,0.450381,-2.21609,79,0.59613,-4.1429,3
O2,D,rolling,38,steady,M_TOC,61,39,0.252058,2.54129,2,1,2,19,26,30,35,30,23,9,7,219,1.17915,13.4166,-3.25184,195,50,49,25,87,73,0.482194,0.783331,67,0.276176,-0.692193,79,0.420781,-3.34297,3
O2,D,rolling,38,steady,M_TOC_nodose,61,39,0.400639,3.39785,2,1,1,9,21,24,29,30,19,9,5,219,2.38545,18.8441,-10.3245,143,50,49,26,89,73,1.36269,-3.95119,67,0.439899,-2.20844,79,0.582862,-4.16487,3
O2,D,rolling,38,steady,oracle,61,39,0.166059,2.0617,2,2,1,,,,,30,,9,,219,0.956208,10.7703,-0.0107263,,50,48,17,77,73,0.371511,2.41864,67,0.147113,0.166157,79,0.437584,-2.59552,3
O2,D,rolling,38,first_storm,B0,32,13,0.0562999,0.625389,0,0,0,10,11,13,13,10,10,3,3,73,0.774658,5.3492,3.06841,62,27,24,0,29,24,0.559265,0.791586,23,0.0936037,0.978763,26,0.121789,1.29806,1
O2,D,rolling,38,first_storm,M_TOC,32,13,0.10007,0.841531,0,0,0,9,10,11,13,10,9,3,2,73,0.547499,4.50934,3.05787,69,27,25,0,30,24,0.414539,1.52899,23,0.0647207,0.768416,26,0.0682394,0.760465,1
O2,D,rolling,38,first_storm,M_TOC_nodose,32,13,0.067324,0.69774,0,0,0,9,10,12,13,10,10,3,2,73,0.665695,4.63617,2.14506,69,27,25,0,30,24,0.535492,0.627189,23,0.0631181,0.715894,26,0.0670851,0.801978,1
O2,D,rolling,38,first_storm,oracle,32,13,0.0315409,0.490809,0,0,0,,,,,10,,3,,73,0.351655,3.93514,-0.990362,,27,27,4,37,24,0.232429,0.756118,23,0.0486379,-0.61919,26,0.0705885,-1.12729,1
O2,D,rolling,38,after_storm,B0,30,13,0.239047,1.36644,2,1,0,3,7,8,9,10,8,3,0,73,0.423522,3.76915,-2.9057,70,26,26,0,30,24,0.307217,-1.65422,22,0.0815318,-0.950942,27,0.0347726,-0.300531,1
O2,D,rolling,38,after_storm,M_TOC,30,13,0.197884,1.20022,2,1,0,4,8,10,11,10,9,3,1,73,0.419347,4.38299,-3.87349,71,26,26,2,32,24,0.185786,-1.27795,22,0.170206,-1.584,27,0.063355,-1.01155,1
O2,D,rolling,38,after_storm,M_TOC_nodose,30,13,0.233005,1.34785,2,1,0,3,6,8,8,10,8,3,0,73,0.471067,4.04677,-3.59917,68,26,26,0,30,24,0.330486,-1.81529,22,0.0969745,-1.14626,27,0.0436066,-0.637625,1
O2,D,rolling,38,after_storm,oracle,30,13,0.189517,0.988134,2,1,0,,,,,10,,3,,73,0.235695,3.12563,2.72359,,26,21,0,25,24,0.138839,1.33306,22,0.026915,0.427392,27,0.0699411,0.963137,1
O2,D,rolling,39,falling,B0,105,52,0.408435,3.4083,3,3,5,23,39,44,46,42,37,10,7,295,6.25751,33.417,-32.5638,161,79,76,54,164,106,2.49055,-11.4666,90,1.2521,-8.58022,99,2.51486,-12.5169,4
O2,D,rolling,39,falling,M_TOC,105,52,0.188081,2.33282,3,3,4,29,44,47,51,42,37,10,10,295,4.27797,25.0573,-23.5182,215,79,76,46,152,106,1.52232,-6.77603,90,0.697469,-5.6772,99,2.05818,-11.065,4
O2,D,rolling,39,falling,M_TOC_nodose,105,52,0.384524,3.2024,3,3,5,24,38,44,48,42,37,10,7,295,5.40279,30.5193,-29.4643,171,79,76,49,156,106,2.15149,-10.2751,90,0.997316,-7.44688,99,2.25399,-11.7423,4
O2,D,rolling,39,falling,oracle,105,52,0.212512,2.33794,3,3,4,,,,,42,,10,,295,0.831531,11.6287,0.594324,,79,72,13,115,106,0.433714,3.40273,90,0.150674,0.265947,99,0.247143,-3.07436,4
O2,D,rolling,39,steady,B0,59,39,0.144545,1.81968,3,3,0,22,36,37,37,31,29,8,8,220,3.34966,18.485,-17.6395,148,46,46,31,95,75,1.2536,-5.19092,71,0.529278,-4.26486,74,1.56679,-8.18372,3
O2,D,rolling,39,steady,M_TOC,59,39,0.135993,1.81955,3,3,0,24,30,33,37,31,26,8,7,220,2.06134,14.4326,-9.49353,181,46,46,27,90,75,0.326804,0.0289557,71,0.1805,-1.30535,74,1.55404,-8.21714,3
O2,D,rolling,39,steady,M_TOC_nodose,59,39,0.149157,1.86533,3,3,0,21,34,37,37,31,29,8,8,220,3.1619,17.9515,-16.4015,149,46,46,29,93,75,1.13128,-4.24955,71,0.51776,-4.15399,74,1.51286,-7.99793,3
O2,D,rolling,39,steady,oracle,59,39,0.12475,1.57995,3,3,1,,,,,31,,8,,220,0.786279,10.3167,-1.0192,,46,44,13,73,75,0.351296,1.90292,71,0.149825,0.0228047,74,0.285158,-2.94493,3
O2,D,rolling,39,first_storm,B0,27,13,0.079257,0.641679,0,0,1,6,10,12,12,10,9,3,3,73,0.41746,3.01291,-0.364771,69,21,21,3,30,26,0.338972,-0.543916,23,0.0398594,0.0322455,24,0.0386286,0.1469,1
O2,D,rolling,39,first_storm,M_TOC,27,13,0.0901213,0.8149,0,0,1,6,11,11,11,10,8,3,3,73,0.217009,2.59506,-1.49832,72,21,21,6,33,26,0.117598,-0.287715,23,0.028691,-0.415266,24,0.0707195,-0.795335,1
O2,D,rolling,39,first_storm,M_TOC_nodose,27,13,0.0960588,0.778037,0,0,1,5,9,11,12,10,8,3,3,73,0.441054,3.15495,-2.06514,68,21,21,3,30,26,0.344662,-1.05228,23,0.0443779,-0.512552,24,0.0520143,-0.500316,1
O2,D,rolling,39,first_storm,oracle,27,13,0.0465357,0.561148,0,0,1,,,,,10,,3,,73,0.202736,2.82891,0.81987,,21,21,3,30,26,0.156457,1.09081,23,0.0344889,0.0660129,24,0.0117908,-0.336949,1
O2,D,rolling,39,after_storm,B0,26,13,0.0365603,0.563475,1,0,0,8,11,13,13,11,11,2,2,73,0.46663,3.45012,-0.650677,68,20,20,4,30,25,0.347501,-0.663062,24,0.0594938,0.324284,24,0.0596353,-0.3119,1
O2,D,rolling,39,after_storm,M_TOC,26,13,0.0300187,0.474608,1,1,0,10,12,13,13,11,11,2,2,73,0.373352,3.50443,-1.22118,71,20,20,4,30,25,0.214639,-0.436076,24,0.0571887,0.0353979,24,0.101524,-0.820503,1
O2,D,rolling,39,after_storm,M_TOC_nodose,26,13,0.0193131,0.420015,1,0,0,11,12,13,13,11,11,2,2,73,0.539764,3.69839,-1.4399,67,20,20,4,30,25,0.403918,-0.99788,24,0.0682799,0.0114542,24,0.0675666,-0.453471,1
O2,D,rolling,39,after_storm,oracle,26,13,0.0365697,0.625897,1,1,0,,,,,11,,2,,73,0.228738,3.32358,0.125323,,20,20,4,30,25,0.111173,0.773158,24,0.0458426,0.344549,24,0.0717225,-0.992384,1
O2,D,rolling,40,falling,B0,102,52,0.828868,4.89236,1,1,1,17,27,31,37,41,24,11,7,293,4.97508,28.7391,-26.2717,166,84,83,24,131,108,2.03575,-9.65397,86,1.2734,-7.36682,99,1.66594,-9.25091,4
O2,D,rolling,40,falling,M_TOC,102,52,0.510951,3.60337,1,1,0,23,35,42,45,41,33,11,9,293,2.7258,21.505,-18.1293,224,84,83,20,127,108,0.736721,-4.97377,86,0.668177,-5.17063,99,1.32091,-7.98492,4
O2,D,rolling,40,falling,M_TOC_nodose,102,52,0.787882,4.80691,1,1,0,15,26,33,38,41,26,11,7,293,4.63299,27.5461,-24.5883,175,84,83,21,128,108,1.92047,-9.01151,86,1.17199,-6.87511,99,1.54053,-8.70173,4
O2,D,rolling,40,falling,oracle,102,52,0.20024,2.28748,1,1,2,,,,,41,,11,,293,1.39729,14.3434,-6.30381,,84,76,13,110,108,0.423019,-0.421544,86,0.296841,-2.60799,99,0.677427,-3.27428,4
O2,D,rolling,40,steady,B0,62,39,1.46768,4.65933,3,0,2,18,27,30,31,32,24,7,6,221,12.1319,38.2761,-38.115,126,50,50,26,100,83,7.58317,-18.3288,67,2.84524,-11.1105,71,1.70345,-8.67568,3
O2,D,rolling,40,steady,M_TOC,62,39,1.88705,5.3096,3,0,2,16,23,27,30,32,21,7,6,221,9.15059,31.646,-30.1472,152,50,50,27,99,83,5.55615,-13.6807,67,2.08363,-8.51363,71,1.51082,-7.95287,3
O2,D,rolling,40,steady,M_TOC_nodose,62,39,1.46062,4.64108,3,0,2,18,27,30,31,32,24,7,6,221,11.9705,37.9211,-37.7424,131,50,50,26,100,83,7.50536,-18.2076,67,2.81803,-11.0413,71,1.64708,-8.4936,3
O2,D,rolling,40,steady,oracle,62,39,0.634804,2.5359,3,0,0,,,,,32,,7,,221,1.09341,11.9985,-7.37665,,50,49,13,77,83,0.417426,-1.78041,67,0.266668,-2.57016,71,0.409319,-3.02608,3
O2,D,rolling,40,first_storm,B0,30,13,0.311503,1.31434,3,1,0,6,9,9,10,11,7,2,2,75,1.28559,5.89054,-3.20419,64,24,21,4,30,28,0.663753,-2.20062,21,0.0664646,-0.410063,26,0.555375,-0.593504,1
O2,D,rolling,40,first_storm,M_TOC,30,13,0.256105,1.09254,3,1,0,7,10,11,12,11,9,2,2,75,1.09837,6.0451,-4.78435,66,24,21,4,30,28,0.442256,-2.19018,21,0.0873604,-0.928301,26,0.568754,-1.66587,1
O2,D,rolling,40,first_storm,M_TOC_nodose,30,13,0.273088,1.17874,3,1,0,6,9,10,11,11,8,2,2,75,1.34466,6.17379,-4.3223,66,24,21,4,30,28,0.685753,-2.52592,21,0.0826371,-0.662917,26,0.576267,-1.13346,1
O2,D,rolling,40,first_storm,oracle,30,13,0.487211,1.31774,3,1,0,,,,,11,,2,,75,0.992604,5.87207,-5.77378,,24,24,6,38,28,0.128541,-1.57371,21,0.125452,-1.39589,26,0.738611,-2.80419,1
O2,D,rolling,40,after_storm,B0,28,13,0.369648,1.63412,1,0,2,6,9,11,11,11,9,2,2,74,5.03935,14.0155,-13.3711,45,22,22,3,31,27,3.34383,-7.78701,22,1.51053,-4.50266,25,0.184995,-1.08146,1
O2,D,rolling,40,after_storm,M_TOC,28,13,0.266115,1.27106,1,1,0,7,11,13,13,11,11,2,2,74,2.14208,10.285,-10.0315,46,22,22,5,34,27,1.19937,-5.17544,22,0.628027,-2.98862,25,0.314678,-1.86748,1
O2,D,rolling,40,after_storm,M_TOC_nodose,28,13,0.371562,1.6466,1,1,2,6,10,11,11,11,9,2,2,74,4.82797,13.796,-13.2836,43,22,22,3,31,27,3.17408,-7.58729,22,1.4361,-4.38189,25,0.217792,-1.31445,1
O2,D,rolling,40,after_storm,oracle,28,13,0.0597416,0.59886,1,0,0,,,,,11,,2,,74,0.365454,3.96376,-2.66006,,22,22,0,28,27,0.228535,-1.29115,22,0.119195,-1.14715,25,0.017723,-0.221764,1
O2,D,rolling,41,falling,B0,94,52,1.33956,5.28562,7,7,1,15,26,34,38,40,26,12,8,293,5.53826,32.1705,-30.9945,148,67,66,23,123,107,2.13428,-12.0955,89,1.78302,-9.83054,97,1.62096,-9.06848,4
O2,D,rolling,41,falling,M_TOC,94,52,0.931517,4.20439,7,7,1,16,30,37,44,40,30,12,7,293,3.46452,25.9418,-22.4374,173,67,66,19,117,107,1.15721,-8.04363,89,1.0232,-7.05414,97,1.28411,-7.33961,4
O2,D,rolling,41,falling,M_TOC_nodose,94,52,1.31291,5.29905,7,7,1,15,27,33,38,40,26,12,7,293,5.13147,30.7069,-29.2759,155,67,66,20,118,107,2.02839,-11.6081,89,1.67588,-9.40354,97,1.42721,-8.26434,4
O2,D,rolling,41,falling,oracle,94,52,0.345486,3.28374,7,4,0,,,,,40,,12,,293,1.0099,13.9268,0.746414,,67,60,2,91,107,0.478669,0.984747,89,0.274353,-0.873994,97,0.256874,0.63566,4
O2,D,rolling,41,steady,B0,47,39,1.21593,4.97661,2,2,6,6,14,21,27,31,18,8,3,219,8.60972,39.0242,-38.824,44,29,29,37,91,82,3.74519,-15.9919,60,2.64244,-11.3707,77,2.22209,-11.4614,3
O2,D,rolling,41,steady,M_TOC,47,39,0.855105,3.81383,2,2,5,12,23,30,34,31,25,8,5,219,5.44121,30.4379,-29.7228,79,29,29,36,87,82,1.85492,-10.5138,60,1.41866,-8.1757,77,2.16762,-11.0333,3
O2,D,rolling,41,steady,M_TOC_nodose,47,39,1.21448,4.97451,2,2,6,6,14,21,27,31,18,8,3,219,8.64881,39.1243,-38.9247,44,29,29,37,91,82,3.78788,-16.0943,60,2.67632,-11.4479,77,2.18461,-11.3825,3
O2,D,rolling,41,steady,oracle,47,39,0.436062,2.30211,2,1,0,,,,,31,,8,,219,0.876899,10.0898,-1.00067,,29,23,5,44,82,0.485879,0.342926,60,0.200013,-1.09487,77,0.191008,-0.248727,3
O2,D,rolling,41,first_storm,B0,32,13,0.429867,1.16917,2,1,0,4,8,10,13,11,8,2,2,74,0.56639,4.80609,3.65772,63,24,16,0,21,27,0.228377,0.87099,21,0.034454,0.433941,26,0.303559,2.35279,1
O2,D,rolling,41,first_storm,M_TOC,32,13,0.205473,1.08228,2,1,0,6,11,13,13,11,11,2,2,74,1.08916,5.96009,-4.46276,66,24,23,0,30,27,0.88299,-3.43221,21,0.17286,-1.28694,26,0.0333137,0.256388,1
O2,D,rolling,41,first_storm,M_TOC_nodose,32,13,0.18729,1.08744,2,1,0,6,11,12,13,11,10,2,2,74,1.52596,6.85004,-5.4234,60,24,23,0,30,27,1.26686,-4.16436,21,0.226761,-1.54635,26,0.0323438,0.287311,1
O2,D,rolling,41,first_storm,oracle,32,13,0.0367693,0.578775,2,2,0,,,,,11,,2,,74,0.116824,2.15884,1.50364,,24,22,0,29,27,0.0689182,0.898363,21,0.0335778,0.407825,26,0.0143277,0.197448,1
O2,D,rolling,41,after_storm,B0,18,13,0.445599,1.1838,1,0,0,9,11,12,12,10,9,3,3,74,2.26687,10.1795,-8.63042,40,13,13,10,30,27,1.57831,-5.38814,21,0.443941,-2.43494,26,0.244618,-0.807336,1
O2,D,rolling,41,after_storm,M_TOC,18,13,0.476341,1.23701,1,0,0,9,11,12,12,10,9,3,3,74,2.28806,10.2828,-9.61838,40,13,13,10,30,27,1.57923,-5.55632,21,0.446678,-2.60769,26,0.262149,-1.45437,1
O2,D,rolling,41,after_storm,M_TOC_nodose,18,13,0.447119,1.17996,1,0,0,8,11,12,12,10,9,3,3,74,2.20204,10.0348,-8.77787,41,13,13,10,30,27,1.5366,-5.34845,21,0.424461,-2.44147,26,0.240981,-0.987951,1
O2,D,rolling,41,after_storm,oracle,18,13,0.0481551,0.65506,1,1,0,,,,,10,,3,,74,0.230007,3.15366,-0.140603,,13,13,2,18,27,0.117748,0.125921,21,0.0427,-0.524462,26,0.0695591,0.257938,1
O2,D,rolling,42,falling,B0,99,52,0.398107,3.23763,1,1,0,27,41,46,46,41,36,11,10,292,3.7437,25.4433,-24.7486,198,82,81,37,138,95,0.9971,-7.34241,89,0.988337,-7.17886,108,1.75827,-10.2273,4
O2,D,rolling,42,falling,M_TOC,99,52,0.180643,2.29729,1,1,0,33,45,47,49,41,38,11,9,292,2.20734,18.6394,-17.4962,251,82,81,33,132,95,0.36404,-4.14701,89,0.444662,-4.64259,108,1.39864,-8.70655,4
O2,D,rolling,42,falling,M_TOC_nodose,99,52,0.37809,3.10561,1,1,0,26,41,46,46,41,36,11,10,292,3.40012,23.8521,-22.8981,204,82,81,36,136,95,0.937618,-6.91608,89,0.89347,-6.6073,108,1.56903,-9.3747,4
O2,D,rolling,42,falling,oracle,99,52,0.14818,2.12351,1,1,0,,,,,41,,11,,292,0.555638,9.23865,-2.75673,,82,81,6,103,95,0.232946,0.529206,89,0.213773,-2.15136,108,0.108919,-1.13458,4
O2,D,rolling,42,steady,B0,57,39,0.993179,5.11247,0,0,1,6,17,21,24,31,16,8,5,219,4.47708,26.3415,-22.0223,109,47,46,34,92,72,1.49427,-6.27314,70,1.40504,-7.26008,77,1.57778,-8.48909,3
O2,D,rolling,42,steady,M_TOC,57,39,0.379559,3.05697,0,0,1,15,30,34,37,31,28,8,6,219,2.98571,21.2376,-17.1285,162,47,47,30,89,72,0.728601,-3.12292,70,0.790751,-5.47042,77,1.46635,-8.5352,3
O2,D,rolling,42,steady,M_TOC_nodose,57,39,0.989379,5.08588,0,0,1,6,16,21,24,31,16,8,5,219,4.23729,25.5554,-21.5761,116,47,47,33,93,72,1.4214,-6.19148,70,1.34493,-7.14742,77,1.47096,-8.23721,3
O2,D,rolling,42,steady,oracle,57,39,0.230097,2.32788,0,0,1,,,,,31,,8,,219,0.89747,10.3975,-2.12478,,47,43,8,61,72,0.415333,0.537232,70,0.262342,-2.51837,77,0.219795,-0.143645,3
O2,D,rolling,42,first_storm,B0,24,13,0.0199138,0.366428,0,0,0,8,11,13,13,10,10,3,3,74,0.211881,3.09029,0.516077,72,22,20,4,28,25,0.0411027,0.453035,23,0.0289502,0.128422,26,0.141828,-0.0653796,1
O2,D,rolling,42,first_storm,M_TOC,24,13,0.0359281,0.553541,0,0,0,9,12,13,13,10,10,3,3,74,0.284305,3.25285,-1.60482,68,22,22,6,33,25,0.046328,0.259297,23,0.0470351,-0.559102,26,0.190942,-1.30502,1
O2,D,rolling,42,first_storm,M_TOC_nodose,24,13,0.0248622,0.456697,0,0,0,8,12,13,13,10,10,3,3,74,0.218389,2.86701,-1.28776,69,22,22,4,30,25,0.0364797,-0.0446427,23,0.0361609,-0.431201,26,0.145749,-0.811917,1
O2,D,rolling,42,first_storm,oracle,24,13,0.086414,0.969168,0,0,0,,,,,10,,3,,74,0.269645,3.29997,-1.29571,,22,22,1,26,25,0.122417,-0.543418,23,0.087672,-1.09038,26,0.0595556,0.338088,1
O2,D,rolling,42,after_storm,B0,24,13,0.138926,0.853913,0,0,0,7,9,12,13,10,9,3,3,74,0.213838,2.87699,-1.84357,72,23,23,4,30,25,0.0405594,-0.39566,22,0.0620049,-0.677897,27,0.111274,-0.770015,1
O2,D,rolling,42,after_storm,M_TOC,24,13,0.13968,0.874241,0,0,0,7,10,13,13,10,10,3,3,74,0.442299,4.3312,-4.32725,67,23,23,6,33,25,0.0771792,-1.04101,22,0.151707,-1.438,27,0.213412,-1.84825,1
O2,D,rolling,42,after_storm,M_TOC_nodose,24,13,0.116754,0.784982,0,0,0,8,11,12,13,10,9,3,3,74,0.264425,3.15684,-2.77986,70,23,23,4,30,25,0.054122,-0.679277,22,0.0846166,-0.971318,27,0.125686,-1.12926,1
O2,D,rolling,42,after_storm,oracle,24,13,0.0622815,0.697425,0,0,0,,,,,10,,3,,74,0.289341,3.18898,-0.459602,,23,22,1,25,25,0.129694,-0.0685433,22,0.0830132,-0.813191,27,0.0766333,0.422132,1
O2,D,rolling,43,falling,B0,103,52,1.07208,5.28766,2,1,1,23,33,35,39,42,29,10,6,295,13.9337,48.2188,-48.0166,156,82,82,39,154,104,8.35222,-23.7048,98,3.70381,-14.5003,93,1.87765,-9.81152,4
O2,D,rolling,43,falling,M_TOC,103,52,0.628398,4.1126,2,1,1,23,43,46,49,42,38,10,8,295,8.54219,37.5419,-37.0873,200,82,82,30,140,104,5.07872,-18.0292,98,2.22446,-11.1612,93,1.23901,-7.8968,4
O2,D,rolling,43,falling,M_TOC_nodose,103,52,1.07589,5.61251,2,1,1,19,33,36,40,42,30,10,6,295,11.6382,42.7781,-42.347,177,82,82,34,146,104,7.09444,-21.0376,98,3.0888,-12.9099,93,1.45493,-8.39949,4
O2,D,rolling,43,falling,oracle,103,52,0.324881,2.61867,2,1,1,,,,,42,,10,,295,0.820571,11.6713,0.198624,,82,75,9,105,104,0.32378,-0.388452,98,0.204302,-0.511259,93,0.292489,1.09833,4
O2,D,rolling,43,steady,B0,75,39,0.118078,1.68761,0,0,0,26,36,38,39,31,30,8,8,220,4.39728,23.7969,-22.1861,140,62,60,12,88,74,1.85892,-8.7977,74,1.05499,-6.53986,72,1.48337,-6.84857,3
O2,D,rolling,43,steady,M_TOC,75,39,0.173444,2.18706,0,0,0,19,32,37,39,31,31,8,6,220,1.80522,14.972,-10.5537,202,62,60,11,87,74,0.584456,-2.78835,74,0.352347,-3.03457,72,0.868421,-4.73073,3
O2,D,rolling,43,steady,M_TOC_nodose,75,39,0.114016,1.67932,0,0,0,27,36,38,39,31,30,8,8,220,3.83754,22.1535,-20.1543,146,62,60,11,87,74,1.70331,-8.22857,74,0.932938,-5.9903,72,1.20129,-5.93543,3
O2,D,rolling,43,steady,oracle,75,39,0.0534424,1.1829,0,0,0,,,,,31,,8,,220,0.69496,9.73672,-6.39166,,62,57,5,75,74,0.280082,-2.04386,74,0.234345,-2.63597,72,0.180533,-1.71183,3
O2,D,rolling,43,first_storm,B0,29,13,0.0994706,0.929649,1,0,1,7,8,9,10,11,8,2,1,73,1.16494,6.27022,-5.14289,58,24,24,4,33,23,0.757328,-2.58132,25,0.268413,-1.62472,25,0.139199,-0.93685,1
O2,D,rolling,43,first_storm,M_TOC,29,13,0.0688156,0.766642,1,0,1,8,10,11,13,11,10,2,1,73,0.711531,5.72285,-5.43312,63,24,24,5,34,23,0.188615,-1.63918,25,0.268006,-2.07033,25,0.254909,-1.72361,1
O2,D,rolling,43,first_storm,M_TOC_nodose,29,13,0.0858837,0.900644,1,0,1,7,9,10,12,11,9,2,1,73,1.35728,7.27042,-6.7303,55,24,24,4,33,23,0.771628,-3.0535,25,0.378614,-2.2827,25,0.207034,-1.3941,1
O2,D,rolling,43,first_storm,oracle,29,13,0.0471006,0.618771,1,0,1,,,,,11,,2,,73,0.620658,3.35117,0.423058,,24,22,0,27,23,0.0857452,-0.19269,25,0.0593227,0.167648,25,0.47559,0.4481,1
O2,D,rolling,43,after_storm,B0,26,13,0.0274549,0.51223,0,0,0,9,13,13,13,10,10,3,3,74,0.990158,6.93019,-6.80703,70,20,20,6,33,24,0.449498,-2.67145,27,0.212914,-1.97246,23,0.327745,-2.16311,1
O2,D,rolling,43,after_storm,M_TOC,26,13,0.029396,0.487371,0,0,0,7,13,13,13,10,10,3,3,74,0.740672,6.03923,-5.92981,64,20,20,7,34,24,0.162645,-1.51899,27,0.175864,-1.9045,23,0.402162,-2.50631,1
O2,D,rolling,43,after_storm,M_TOC_nodose,26,13,0.0254436,0.452032,0,0,0,8,13,13,13,10,10,3,3,74,0.85837,6.62825,-6.55474,68,20,20,6,33,24,0.353201,-2.44681,27,0.199019,-1.98442,23,0.30615,-2.12351,1
O2,D,rolling,43,after_storm,oracle,26,13,0.0391535,0.532002,0,0,0,,,,,10,,3,,74,0.255987,3.16208,-2.78026,,20,20,0,27,24,0.113887,-0.847664,27,0.0592877,-0.961268,23,0.0828124,-0.971326,1
O2,D,rolling,44,falling,B0,112,52,0.911292,4.358,5,5,1,25,38,42,44,41,32,11,10,293,3.40955,24.0106,-22.3465,186,101,101,29,150,87,1.11193,-6.57883,96,0.713244,-5.40874,110,1.58438,-10.359,4
O2,D,rolling,44,falling,M_TOC,112,52,0.774867,3.68701,5,4,1,25,43,47,51,41,36,11,11,293,1.90526,17.5373,-15.2561,242,101,101,24,143,87,0.441305,-3.3843,96,0.261764,-2.91588,110,1.20219,-8.95592,4
O2,D,rolling,44,falling,M_TOC_nodose,112,52,0.902684,4.3417,5,5,1,22,39,42,45,41,32,11,10,293,3.1666,22.5755,-20.3665,193,101,101,28,148,87,1.06745,-5.9973,96,0.67424,-4.78693,110,1.42491,-9.58229,4
O2,D,rolling,44,falling,oracle,112,52,0.146495,1.98312,5,5,1,,,,,41,,11,,293,0.472583,8.21354,-3.61541,,101,98,5,114,87,0.161617,-0.758031,96,0.0815239,-0.471865,110,0.229442,-2.38552,4
O2,D,rolling,44,steady,B0,72,39,0.604585,3.56651,4,4,0,12,20,25,28,30,18,9,7,219,5.28187,27.0091,-24.6876,107,57,57,24,100,75,2.21533,-9.4011,71,1.30957,-6.94552,73,1.75696,-8.34094,3
O2,D,rolling,44,steady,M_TOC,72,39,0.19069,2.20892,4,4,0,17,34,36,37,30,27,9,9,219,3.41079,21.6086,-20.2234,148,57,57,20,97,75,1.16231,-6.94115,71,0.659541,-5.02213,73,1.58894,-8.26016,3
O2,D,rolling,44,steady,M_TOC_nodose,72,39,0.623957,3.59013,4,4,0,13,20,24,28,30,17,9,7,219,5.17348,26.6936,-24.4648,106,57,57,23,99,75,2.22276,-9.40541,71,1.28699,-6.92319,73,1.66374,-8.13623,3
O2,D,rolling,44,steady,oracle,72,39,0.130112,1.668,4,4,0,,,,,30,,9,,219,0.671925,9.02418,-1.86091,,57,52,2,69,75,0.367833,-0.682804,71,0.150066,0.500108,73,0.154027,-1.67822,3
O2,D,rolling,44,first_storm,B0,34,13,0.385854,1.74969,2,1,0,1,5,7,7,10,7,3,0,73,0.375305,3.43678,2.70826,69,29,27,0,32,26,0.159986,1.26921,23,0.177502,1.15177,24,0.0378176,0.287284,1
O2,D,rolling,44,first_storm,M_TOC,34,13,0.25768,1.40649,2,1,0,2,8,9,10,10,9,3,0,73,0.241404,2.93043,0.449862,70,29,28,4,37,26,0.0970441,0.509339,23,0.109305,0.462712,24,0.0350549,-0.522189,1
O2,D,rolling,44,first_storm,M_TOC_nodose,34,13,0.298344,1.50287,2,1,0,1,7,9,9,10,9,3,0,73,0.270026,2.95896,1.22351,69,29,28,4,37,26,0.117909,0.781765,23,0.127376,0.650085,24,0.0247414,-0.208336,1
O2,D,rolling,44,first_storm,oracle,34,13,0.0135589,0.374051,2,1,0,,,,,10,,3,,73,0.199962,2.80536,-0.839001,,29,28,1,35,26,0.139877,-0.768515,23,0.0385564,-0.458366,24,0.0215279,0.38788,1
O2,D,rolling,44,after_storm,B0,27,13,0.1171,1.00285,1,1,1,3,8,10,11,10,8,3,2,73,0.629172,5.22521,-4.68872,52,23,23,1,30,25,0.393111,-2.52413,23,0.146386,-1.17686,25,0.0896748,-0.987737,1
O2,D,rolling,44,after_storm,M_TOC,27,13,0.0938368,0.960896,1,1,1,4,9,12,13,10,9,3,3,73,1.00619,7.23394,-6.99485,53,23,23,5,34,25,0.488601,-3.0624,23,0.240916,-1.89422,25,0.276675,-2.03823,1
O2,D,rolling,44,after_storm,M_TOC_nodose,27,13,0.0980929,0.98451,1,1,1,3,9,11,12,10,9,3,2,73,0.869495,6.62403,-6.27879,52,23,23,4,33,25,0.430901,-2.82509,23,0.212255,-1.66109,25,0.22634,-1.7926,1
O2,D,rolling,44,after_storm,oracle,27,13,0.0314924,0.509781,1,1,1,,,,,10,,3,,73,0.368897,4.12342,-2.6523,,23,21,2,27,25,0.228874,-1.36379,23,0.0980272,-1.14105,25,0.0419963,-0.147463,1
O2,D,rolling,45,falling,B0,93,52,0.344452,2.83677,3,3,2,23,41,45,50,41,36,11,9,299,4.04252,27.5024,-25.8166,189,74,74,24,123,109,1.64729,-9.34299,93,0.866279,-7.6528,97,1.52896,-8.82084,4
O2,D,rolling,45,falling,M_TOC,93,52,0.490307,3.62129,3,2,2,24,34,43,45,41,33,11,10,299,3.3777,24.9592,-16.2153,216,74,74,22,119,109,1.44941,-4.68173,93,0.66548,-4.65195,97,1.26281,-6.88163,4
O2,D,rolling,45,falling,M_TOC_nodose,93,52,0.318076,2.74349,3,3,2,27,41,47,50,41,36,11,11,299,3.56194,25.7086,-23.7162,213,74,74,24,123,109,1.49127,-8.69268,93,0.780877,-7.15396,97,1.2898,-7.86956,4
O2,D,rolling,45,falling,oracle,93,52,0.105548,1.75621,3,1,1,,,,,41,,11,,299,0.984799,9.91195,-0.103285,,74,70,6,98,109,0.257768,1.67441,93,0.142929,-1.41171,97,0.584102,-0.365983,4
O2,D,rolling,45,steady,B0,41,39,0.815522,4.47473,0,0,1,7,22,25,28,32,20,7,5,220,5.55264,30.3288,-30.3061,86,36,36,37,87,81,2.34568,-11.843,68,1.49205,-9.29806,71,1.7149,-9.16509,3
O2,D,rolling,45,steady,M_TOC,41,39,0.477869,3.12507,0,0,1,16,30,34,34,32,28,7,6,220,3.2358,21.4499,-20.6354,132,36,36,38,90,81,0.748941,-5.51205,68,0.860991,-6.36775,71,1.62587,-8.75556,3
O2,D,rolling,45,steady,M_TOC_nodose,41,39,0.816988,4.49738,0,0,1,7,22,24,28,32,20,7,4,220,5.61819,30.5467,-30.5205,81,36,36,38,89,81,2.37364,-11.9555,68,1.52228,-9.37311,71,1.72227,-9.19189,3
O2,D,rolling,45,steady,oracle,41,39,0.536727,2.54894,0,0,1,,,,,32,,7,,220,0.337863,6.42538,-1.07227,,36,32,6,46,81,0.169958,1.13108,68,0.0874181,-1.23768,71,0.0804868,-0.965676,3
O2,D,rolling,45,first_storm,B0,25,13,0.297849,1.61314,1,0,0,0,5,5,7,10,3,3,2,75,0.919092,6.7908,6.28155,58,22,18,1,22,27,0.51321,3.33724,24,0.248446,2.03546,24,0.157436,0.90886,1
O2,D,rolling,45,first_storm,M_TOC,25,13,0.242955,1.38245,1,0,0,2,6,7,9,10,5,3,2,75,0.631969,5.27802,3.42432,69,22,22,2,30,27,0.24676,2.11103,24,0.249699,1.35251,24,0.135511,-0.0392157,1
O2,D,rolling,45,first_storm,M_TOC_nodose,25,13,0.232286,1.37722,1,0,0,0,5,7,9,10,5,3,2,75,0.60241,5.32599,4.26568,67,22,19,1,23,27,0.358124,2.69447,24,0.141988,1.40095,24,0.102299,0.170251,1
O2,D,rolling,45,first_storm,oracle,25,13,0.0104448,0.295141,1,1,1,,,,,10,,3,,75,0.170734,2.78813,0.499588,,22,22,2,29,27,0.087607,0.783491,24,0.0410624,-0.229306,24,0.0420649,-0.0545979,1
O2,D,rolling,45,after_storm,B0,20,13,0.118234,0.962,0,0,0,7,9,11,12,10,8,3,3,74,1.08532,6.68894,-6.16769,63,16,14,6,24,26,0.724485,-3.13297,24,0.271792,-2.17228,24,0.0890431,-0.862443,1
O2,D,rolling,45,after_storm,M_TOC,20,13,0.141308,1.06954,0,0,0,6,9,10,11,10,8,3,2,74,0.688549,5.95526,-5.64318,68,16,16,7,30,26,0.355422,-2.43886,24,0.222133,-2.00946,24,0.110994,-1.19487,1
O2,D,rolling,45,after_storm,M_TOC_nodose,20,13,0.113071,0.932113,0,0,0,7,9,11,12,10,8,3,3,74,1.12047,6.88173,-6.40113,60,16,14,6,24,26,0.710631,-3.00249,24,0.257063,-2.10816,24,0.152779,-1.29048,1
O2,D,rolling,45,after_storm,oracle,20,13,0.0151049,0.321749,0,0,0,,,,,10,,3,,74,0.128898,2.18297,-0.400316,,16,16,1,20,26,0.064305,0.299872,24,0.0390112,-0.74323,24,0.0255822,0.0430417,1
O2,D,rolling,46,falling,B0,109,52,0.859886,5.1708,6,6,4,17,34,38,41,42,29,10,9,292,3.26453,22.9413,-21.7333,193,91,91,26,149,101,1.2869,-8.2517,92,0.662272,-5.12935,99,1.31536,-8.35226,4
O2,D,rolling,46,falling,M_TOC,109,52,0.406869,3.50383,6,5,2,25,42,46,49,42,36,10,10,292,1.71065,17.2285,-13.6981,229,91,91,22,142,101,0.426153,-4.29736,92,0.329481,-2.51633,99,0.955013,-6.88436,4
O2,D,rolling,46,falling,M_TOC_nodose,109,52,0.788111,4.96574,6,5,2,19,34,38,41,42,29,10,9,292,2.86688,21.1113,-19.6136,200,91,91,25,145,101,1.16848,-7.53228,92,0.585897,-4.59741,99,1.11251,-7.48391,4
O2,D,rolling,46,falling,oracle,109,52,0.253309,2.48191,6,6,1,,,,,42,,10,,292,0.435245,8.69888,-0.284901,,91,89,6,115,101,0.176218,0.450573,92,0.130817,0.676146,99,0.12821,-1.41162,4
O2,D,rolling,46,steady,B0,64,39,1.25829,4.93572,0,0,0,11,21,25,30,30,17,9,8,220,2.9004,20.5934,-20.1286,116,57,57,16,87,72,1.2984,-8.17373,73,0.904458,-6.48167,75,0.697542,-5.47323,3
O2,D,rolling,46,steady,M_TOC,64,39,0.96233,4.20028,0,0,0,14,21,25,32,30,19,9,6,220,2.262,17.4322,-14.9436,164,57,55,17,85,72,0.896583,-5.4667,73,0.781645,-4.69851,75,0.583769,-4.77844,3
O2,D,rolling,46,steady,M_TOC_nodose,64,39,1.25707,4.93643,0,0,0,11,21,25,30,30,17,9,8,220,2.85055,20.395,-19.8967,119,57,57,17,88,72,1.28593,-8.1085,73,0.882744,-6.38493,75,0.681877,-5.40329,3
O2,D,rolling,46,steady,oracle,64,39,0.442875,2.52449,0,0,2,,,,,30,,9,,220,0.850785,9.8705,-3.32655,,57,56,7,73,72,0.484501,-0.378156,73,0.230486,-1.82218,75,0.135798,-1.12622,3
O2,D,rolling,46,first_storm,B0,30,13,0.286972,1.42508,1,0,0,6,7,10,12,10,8,3,2,73,0.615057,5.67454,4.36221,46,25,23,3,30,21,0.260171,1.64409,24,0.099315,1.1713,28,0.255571,1.54681,1
O2,D,rolling,46,first_storm,M_TOC,30,13,0.272939,1.34367,1,0,0,7,8,10,12,10,8,3,2,73,0.600187,5.55822,4.53513,62,25,23,3,30,21,0.275189,2.04683,24,0.129333,1.48955,28,0.195665,0.998756,1
O2,D,rolling,46,first_storm,M_TOC_nodose,30,13,0.248861,1.37611,1,0,0,5,10,11,12,10,9,3,2,73,0.455668,4.67732,3.10164,60,25,23,3,30,21,0.218722,1.32183,24,0.0702149,0.855579,28,0.166732,0.92423,1
O2,D,rolling,46,first_storm,oracle,30,13,0.0487459,0.559391,1,1,0,,,,,10,,3,,73,0.164497,2.5076,-0.903016,,25,25,4,37,21,0.0767197,0.241068,24,0.0214221,-0.0773211,28,0.0663551,-1.06676,1
O2,D,rolling,46,after_storm,B0,25,13,0.173673,0.95369,1,0,1,9,13,13,13,10,10,3,3,73,0.672137,5.03915,-4.0861,67,24,24,3,30,21,0.338493,-1.17756,25,0.256378,-2.07278,27,0.0772663,-0.83576,1
O2,D,rolling,46,after_storm,M_TOC,25,13,0.11577,0.80267,1,1,1,11,13,13,13,10,10,3,3,73,0.557839,5.13073,-4.20457,67,24,24,3,29,21,0.122456,-0.621359,25,0.28759,-2.23711,27,0.147792,-1.3461,1
O2,D,rolling,46,after_storm,M_TOC_nodose,25,13,0.200459,0.972136,1,1,1,10,13,13,13,10,10,3,3,73,0.595935,5.11979,-3.88214,66,24,24,3,30,21,0.199726,-0.679325,25,0.263481,-2.06185,27,0.132728,-1.14097,1
O2,D,rolling,46,after_storm,oracle,25,13,0.0631034,0.700297,1,1,1,,,,,10,,3,,73,0.114333,2.12836,-1.03305,,24,24,3,30,21,0.0305898,0.354255,25,0.0385388,-0.484595,27,0.0452044,-0.902705,1
O2,D,rolling,47,falling,B0,98,52,0.868541,4.7984,2,2,1,20,27,34,37,42,28,10,6,293,4.18164,28.6755,-28.5501,168,86,86,54,161,93,2.01901,-11.9902,91,0.582026,-6.19542,109,1.5806,-10.3645,4
O2,D,rolling,47,falling,M_TOC,98,52,0.336811,3.08418,2,2,0,28,37,41,46,42,33,10,8,293,2.64271,22.0005,-21.4493,217,86,86,45,151,93,1.18086,-8.81014,91,0.269849,-3.83795,109,1.192,-8.80118,4
O2,D,rolling,47,falling,M_TOC_nodose,98,52,0.846834,4.69014,2,2,0,21,29,33,37,42,27,10,6,293,3.73512,26.8436,-26.5691,185,86,86,47,153,93,1.8679,-11.4765,91,0.491617,-5.57202,109,1.3756,-9.52061,4
O2,D,rolling,47,falling,oracle,98,52,0.141177,2.12033,2,2,0,,,,,42,,10,,293,0.631008,11.0142,-4.69138,,86,86,19,121,93,0.297438,-1.00898,91,0.148995,-1.10258,109,0.184575,-2.57982,4
O2,D,rolling,47,steady,B0,73,39,0.499411,3.15438,0,0,0,19,27,32,35,30,24,9,8,219,3.3377,18.847,-18.3146,160,66,65,24,105,69,1.1365,-5.44012,75,0.468652,-4.1162,75,1.73255,-8.75825,3
O2,D,rolling,47,steady,M_TOC,73,39,0.273721,2.62146,0,0,0,18,34,35,37,30,27,9,8,219,1.71355,13.2618,-11.6066,184,66,65,19,96,69,0.317774,-2.32844,75,0.197489,-2.18523,75,1.19828,-7.09296,3
O2,D,rolling,47,steady,M_TOC_nodose,73,39,0.489237,3.07519,0,0,0,19,25,32,35,30,24,9,8,219,2.8747,17.1166,-16.0483,161,66,64,21,98,69,1.05105,-4.91792,75,0.385354,-3.40198,75,1.43829,-7.72842,3
O2,D,rolling,47,steady,oracle,73,39,0.230014,1.89897,0,0,0,,,,,30,,9,,219,0.412449,7.60094,-5.16467,,66,66,9,85,69,0.140359,-0.44438,75,0.109325,-1.9414,75,0.162765,-2.77889,3
O2,D,rolling,47,first_storm,B0,41,13,0.127525,1.05552,2,2,0,2,7,9,10,11,7,2,2,73,0.459807,4.93562,4.39301,64,35,28,0,30,24,0.280193,2.45253,23,0.122975,1.44725,26,0.0566395,0.493231,1
O2,D,rolling,47,first_storm,M_TOC,41,13,0.11577,0.994084,2,2,0,4,7,11,12,11,9,2,2,73,0.334584,3.89651,3.29513,72,35,30,0,32,24,0.203566,1.87621,23,0.0899766,1.07892,26,0.041042,0.339994,1
O2,D,rolling,47,first_storm,M_TOC_nodose,41,13,0.0960763,0.929385,2,2,0,5,9,10,12,11,8,2,2,73,0.291845,3.83131,2.90053,70,35,30,1,35,24,0.182174,1.88666,23,0.0739689,0.942037,26,0.0357025,0.0718298,1
O2,D,rolling,47,first_storm,oracle,41,13,0.0348024,0.566468,2,2,0,,,,,11,,2,,73,0.0854225,1.89032,0.76691,,35,33,1,40,24,0.0391994,0.512383,23,0.0396273,0.22565,26,0.00659583,0.0288765,1
O2,D,rolling,47,after_storm,B0,26,13,0.161009,0.894844,0,0,0,7,13,13,13,10,10,3,3,74,2.05017,10.9363,-10.9363,16,24,24,11,44,25,1.18085,-5.26296,23,0.661784,-3.69045,26,0.207536,-1.98287,1
O2,D,rolling,47,after_storm,M_TOC,26,13,0.191482,1.00959,0,0,1,6,10,12,12,10,9,3,3,74,1.78653,10.1897,-10.1897,19,24,24,13,45,25,1.03978,-4.85168,23,0.585323,-3.50525,26,0.161426,-1.83277,1
O2,D,rolling,47,after_storm,M_TOC_nodose,26,13,0.158441,0.931144,0,0,0,7,12,13,13,10,10,3,3,74,2.10313,11.1149,-11.1149,16,24,24,13,46,25,1.21107,-5.33107,23,0.682399,-3.74604,26,0.209668,-2.03774,1
O2,D,rolling,47,after_storm,oracle,26,13,0.0211153,0.413782,0,0,0,,,,,10,,3,,74,0.144467,2.46961,0.451642,,24,23,0,25,25,0.0702725,-0.00819908,23,0.0247498,-0.144727,26,0.0494446,0.604568,1
O2,D,jan_mar_to_jul_sep,32,all_months,B0,71,39,0.932142,4.90481,7,7,1,14,20,26,29,32,19,7,7,219,14.6393,47.5592,-47.5164,51,48,48,51,129,75,9.04807,-23.026,72,3.92305,-15.2219,72,1.66821,-9.26849,3
O2,D,jan_mar_to_jul_sep,32,all_months,M_TOC,71,39,0.202387,2.0094,7,4,1,29,37,37,38,32,30,7,7,219,6.17039,30.3508,-30.1675,201,48,48,24,99,75,3.98403,-14.6288,72,1.42924,-9.29438,72,0.757113,-6.24429,3
O2,D,jan_mar_to_jul_sep,32,all_months,M_TOC_nodose,71,39,0.892983,4.8543,7,6,1,14,23,27,29,32,20,7,7,219,13.2542,44.7667,-44.6937,87,48,48,39,117,75,8.69831,-22.3009,72,3.19101,-13.9473,72,1.36483,-8.44549,3
O2,D,jan_mar_to_jul_sep,32,all_months,oracle,71,39,0.116618,1.57898,7,5,0,,,,,32,,7,,219,0.70053,9.7432,3.69985,,48,40,2,65,75,0.335655,2.39713,72,0.196658,1.12865,72,0.168217,0.174063,3
O2,D,jan_mar_to_jul_sep,33,all_months,B0,63,39,4.01884,9.65656,3,3,7,3,9,15,18,31,9,8,6,219,15.9581,49.3707,-47.948,58,50,49,47,120,81,9.31163,-22.3408,72,3.94146,-14.3209,66,2.70501,-11.2863,3
O2,D,jan_mar_to_jul_sep,33,all_months,M_TOC,63,39,2.31753,6.33904,3,3,0,16,27,31,31,31,23,8,8,219,8.29634,33.3115,-31.3765,133,50,49,29,102,81,4.74565,-13.3528,72,1.78239,-9.01288,66,1.7683,-9.01085,3
O2,D,jan_mar_to_jul_sep,33,all_months,M_TOC_nodose,63,39,3.70443,9.19604,3,3,5,4,10,16,19,31,10,8,6,219,15.1165,47.6249,-46.1858,63,50,49,38,111,81,9.07042,-21.8872,72,3.67945,-13.7546,66,2.36661,-10.544,3
O2,D,jan_mar_to_jul_sep,33,all_months,oracle,63,39,0.788561,3.84605,3,3,0,,,,,31,,8,,219,2.82173,13.1655,2.31389,,50,42,6,59,81,2.30443,2.69128,72,0.310451,0.252332,66,0.206844,-0.629715,3
O2,D,jan_mar_to_jul_sep,34,all_months,B0,73,39,1.56001,6.63307,4,3,1,3,9,12,15,32,10,7,2,222,8.6587,39.0749,-39.0749,4,67,67,44,126,66,3.38173,-14.0539,78,2.71233,-13.198,78,2.56465,-11.823,3
O2,D,jan_mar_to_jul_sep,34,all_months,M_TOC,73,39,0.188937,2.25836,4,1,0,21,32,35,38,32,30,7,5,222,3.4933,23.4701,-23.4388,129,67,67,29,111,66,0.779487,-6.31755,78,1.0319,-7.63059,78,1.68192,-9.4907,3
O2,D,jan_mar_to_jul_sep,34,all_months,M_TOC_nodose,73,39,1.45337,6.27641,4,3,0,3,12,13,19,32,11,7,2,222,7.67449,36.4732,-36.4732,11,67,67,44,126,66,3.06577,-13.1847,78,2.35234,-12.1982,78,2.25638,-11.0903,3
O2,D,jan_mar_to_jul_sep,34,all_months,oracle,73,39,0.103934,1.71077,4,2,0,,,,,32,,7,,222,0.512783,8.32606,-6.24185,,67,67,5,78,66,0.15882,-1.16408,78,0.261202,-3.26019,78,0.0927605,-1.81759,3
O2,D,jan_mar_to_jul_sep,35,all_months,B0,72,39,0.887094,5.06215,3,3,4,13,25,33,37,31,27,8,6,222,5.24699,28.5853,-28.3438,116,54,54,24,105,72,2.35485,-11.1285,81,1.40485,-9.04846,69,1.48728,-8.16682,3
O2,D,jan_mar_to_jul_sep,35,all_months,M_TOC,72,39,0.216276,2.36501,3,2,2,26,35,37,37,31,29,8,8,222,1.36217,12.5902,-9.30773,208,54,50,16,90,72,0.30421,-1.99518,81,0.201912,-1.87727,69,0.856051,-5.43528,3
O2,D,jan_mar_to_jul_sep,35,all_months,M_TOC_nodose,72,39,0.787327,4.74234,3,3,4,13,28,34,37,31,28,8,6,222,4.78245,26.9403,-26.6441,128,54,54,18,99,72,2.23749,-10.6993,81,1.24721,-8.41935,69,1.29774,-7.52542,3
O2,D,jan_mar_to_jul_sep,35,all_months,oracle,72,39,0.202743,1.95542,3,3,2,,,,,31,,8,,222,0.619344,8.51771,-4.10036,,54,53,7,82,72,0.3426,-0.0723649,81,0.133807,-2.2088,69,0.142937,-1.8192,3
O2,D,jan_mar_to_jul_sep,36,all_months,B0,76,39,0.828003,5.09747,1,1,0,2,8,12,20,32,11,7,1,219,8.34026,37.6842,-37.6842,29,60,60,51,132,69,3.16807,-13.5671,66,1.98336,-10.4662,84,3.18883,-13.651,3
O2,D,jan_mar_to_jul_sep,36,all_months,M_TOC,76,39,0.174067,2.14928,1,0,0,16,33,37,38,32,30,7,7,219,3.27656,21.7356,-20.3061,145,60,60,36,114,69,0.543074,-4.14465,66,0.634876,-5.18052,84,2.09861,-10.9809,3
O2,D,jan_mar_to_jul_sep,36,all_months,M_TOC_nodose,76,39,0.638431,4.34054,1,1,0,5,15,19,26,32,15,7,4,219,7.18214,34.6209,-34.6209,33,60,60,45,126,69,2.81885,-12.4861,66,1.64963,-9.50065,84,2.71366,-12.6341,3
O2,D,jan_mar_to_jul_sep,36,all_months,oracle,76,39,0.116816,1.68837,1,1,0,,,,,32,,7,,219,0.936925,10.5485,0.124064,,60,57,7,78,69,0.485467,1.83929,66,0.171413,0.632652,84,0.280045,-2.34788,3
O2,D,jan_mar_to_jul_sep,37,all_months,B0,60,39,1.14078,5.57925,2,1,1,7,21,26,32,32,20,7,6,222,17.4093,53.7219,-53.6866,36,41,41,43,111,78,8.71435,-24.1056,72,5.1809,-15.9915,72,3.51408,-13.5895,3
O2,D,jan_mar_to_jul_sep,37,all_months,M_TOC,60,39,0.395531,3.04869,2,1,0,26,35,37,38,32,30,7,7,222,7.62179,35.1294,-34.2432,138,41,41,25,90,78,3.32175,-14.2793,72,2.19311,-9.50236,72,2.10693,-10.4615,3
O2,D,jan_mar_to_jul_sep,37,all_months,M_TOC_nodose,60,39,1.06667,5.31711,2,1,0,10,22,27,33,32,21,7,6,222,16.4077,51.8272,-51.7651,40,41,41,43,108,78,8.4461,-23.662,72,4.89142,-15.4067,72,3.07018,-12.6964,3
O2,D,jan_mar_to_jul_sep,37,all_months,oracle,60,39,0.270676,2.58309,2,1,0,,,,,32,,7,,222,0.973956,10.8678,-4.07907,,41,38,8,67,78,0.486898,-1.66579,72,0.406105,-1.19948,72,0.0809521,-1.2138,3
O2,D,jan_mar_to_jul_sep,38,all_months,B0,55,39,0.888319,5.43754,3,2,2,6,13,22,26,31,19,8,3,219,13.4382,46.4312,-46.4133,60,51,51,57,126,69,7.34631,-18.8726,66,2.77786,-12.8335,84,3.31399,-14.7071,3
O2,D,jan_mar_to_jul_sep,38,all_months,M_TOC,55,39,0.344934,2.61368,3,2,1,25,38,39,39,31,31,8,8,219,7.09808,31.6172,-31.5068,163,51,51,39,105,69,3.53833,-11.0325,66,1.11022,-7.85958,84,2.44952,-12.6147,3
O2,D,jan_mar_to_jul_sep,38,all_months,M_TOC_nodose,55,39,0.712332,4.83118,3,2,1,5,19,25,30,31,21,8,4,219,12.6521,44.3663,-44.3294,69,51,51,54,123,69,7.08976,-18.0693,66,2.47506,-12.0731,84,3.08726,-14.187,3
O2,D,jan_mar_to_jul_sep,38,all_months,oracle,55,39,0.119348,1.69226,3,3,0,,,,,31,,8,,219,0.618693,8.77042,-1.08314,,51,50,14,70,69,0.263659,1.48599,66,0.130163,-0.362299,84,0.224872,-2.20683,3
O2,D,jan_mar_to_jul_sep,39,all_months,B0,58,39,1.04178,5.78862,2,2,8,1,14,18,24,30,14,9,4,222,10.8622,45.0431,-45.0431,14,40,40,56,126,78,4.44246,-17.8699,72,3.27388,-14.1384,72,3.14584,-13.0348,3
O2,D,jan_mar_to_jul_sep,39,all_months,M_TOC,58,39,0.200596,2.20011,2,2,3,26,37,39,39,30,30,9,9,222,4.01349,25.6315,-25.1915,163,40,40,29,96,78,0.831637,-6.90091,72,1.07135,-7.90238,72,2.11051,-10.3882,3
O2,D,jan_mar_to_jul_sep,39,all_months,M_TOC_nodose,58,39,0.898278,5.33628,2,2,7,3,16,21,29,30,17,9,4,222,9.04782,40.8677,-40.8677,20,40,40,56,123,78,3.6953,-16.1677,72,2.63958,-12.6549,72,2.71293,-12.045,3
O2,D,jan_mar_to_jul_sep,39,all_months,oracle,58,39,0.178088,1.88518,2,2,2,,,,,30,,9,,222,0.786585,10.049,-2.4315,,40,40,11,76,78,0.353132,1.82677,72,0.165767,-0.985997,72,0.267686,-3.27227,3
O2,D,jan_mar_to_jul_sep,40,all_months,B0,65,39,1.17735,5.076,3,1,1,8,14,18,21,30,13,9,5,219,7.35239,34.9835,-34.9835,38,51,51,33,105,75,2.57058,-12.803,69,2.00795,-10.9153,75,2.77386,-11.2652,3
O2,D,jan_mar_to_jul_sep,40,all_months,M_TOC,65,39,1.02455,3.68096,3,0,1,18,26,29,30,30,22,9,7,219,2.23923,15.0765,-13.1388,191,51,51,21,90,75,0.193835,-1.37144,69,0.37302,-3.9169,75,1.67237,-7.85044,3
O2,D,jan_mar_to_jul_sep,40,all_months,M_TOC_nodose,65,39,1.06907,4.63997,3,1,1,10,18,19,22,30,14,9,5,219,6.26849,31.9692,-31.9538,57,51,51,21,93,75,2.24401,-11.878,69,1.72892,-10.0496,75,2.29557,-10.0263,3
O2,D,jan_mar_to_jul_sep,40,all_months,oracle,65,39,0.661585,2.74295,3,0,0,,,,,30,,9,,219,1.88652,13.8117,-5.82522,,51,48,12,76,75,0.337162,0.0571344,69,0.325111,-2.25589,75,1.22425,-3.62646,3
O2,D,jan_mar_to_jul_sep,41,all_months,B0,60,39,1.21783,5.13163,4,4,3,7,13,14,19,32,13,7,1,222,11.6984,44.9679,-44.9642,44,40,40,32,102,87,5.22785,-19.8365,63,3.52291,-13.031,72,2.94762,-12.0967,3
O2,D,jan_mar_to_jul_sep,41,all_months,M_TOC,60,39,0.328566,2.69025,4,2,1,12,22,29,31,32,24,7,5,222,3.50061,22.9,-21.2838,126,40,40,23,90,87,0.99354,-6.98623,63,0.981665,-6.19353,72,1.5254,-8.10405,3
O2,D,jan_mar_to_jul_sep,41,all_months,M_TOC_nodose,60,39,1.12692,4.87475,4,4,3,9,12,15,23,32,14,7,1,222,10.3998,42.035,-42.0159,44,40,40,23,90,87,4.84452,-18.9639,63,3.20968,-12.36,72,2.34564,-10.692,3
O2,D,jan_mar_to_jul_sep,41,all_months,oracle,60,39,0.150191,1.96555,4,2,0,,,,,32,,7,,222,0.628524,9.10544,-2.79253,,40,35,3,56,87,0.349178,-0.533358,63,0.180683,-1.85552,72,0.0986626,-0.403655,3
O2,D,jan_mar_to_jul_sep,42,all_months,B0,53,39,2.56366,8.34382,0,0,1,2,5,9,13,30,5,9,4,219,9.86028,42.1627,-42.1585,34,44,44,40,105,75,3.58662,-15.3587,66,3.5636,-14.2368,78,2.71006,-12.5629,3
O2,D,jan_mar_to_jul_sep,42,all_months,M_TOC,53,39,0.586759,3.32158,0,0,1,17,29,34,37,30,26,9,8,219,3.50733,23.0333,-22.2552,153,44,44,31,90,75,0.687737,-5.24878,66,1.19684,-7.77945,78,1.62276,-9.22699,3
O2,D,jan_mar_to_jul_sep,42,all_months,M_TOC_nodose,53,39,2.35041,7.90139,0,0,1,2,6,12,16,30,8,9,4,219,8.71008,39.3821,-39.3581,50,44,44,40,102,75,3.23274,-14.4597,66,3.16594,-13.36,78,2.3114,-11.5383,3
O2,D,jan_mar_to_jul_sep,42,all_months,oracle,53,39,0.247617,2.47278,0,0,1,,,,,30,,9,,219,1.10169,11.4566,-3.54299,,44,40,9,60,75,0.576923,0.438264,66,0.312569,-3.04962,78,0.212193,-0.931634,3
O2,D,jan_mar_to_jul_sep,43,all_months,B0,78,39,1.12532,5.65692,1,1,0,7,11,14,16,31,10,8,4,219,11.1433,40.7849,-40.6699,60,61,61,23,105,72,6.23941,-18.4835,78,3.03068,-13.1857,69,1.87325,-9.00065,3
O2,D,jan_mar_to_jul_sep,43,all_months,M_TOC,78,39,0.172217,2.17368,1,1,0,26,36,37,39,31,31,8,6,219,2.56429,18.6511,-16.7676,183,61,61,11,90,72,1.08108,-6.03928,78,0.579449,-4.92663,69,0.903761,-5.80168,3
O2,D,jan_mar_to_jul_sep,43,all_months,M_TOC_nodose,78,39,0.888444,4.92559,1,1,0,9,12,19,21,31,14,8,5,219,8.39297,35.2217,-34.883,75,61,61,17,96,72,4.68725,-15.8582,78,2.27906,-11.2862,69,1.42666,-7.73868,3
O2,D,jan_mar_to_jul_sep,43,all_months,oracle,78,39,0.058536,1.20415,1,1,0,,,,,31,,8,,219,0.634626,8.97197,-4.11358,,61,58,4,79,72,0.264943,-1.19163,78,0.199035,-1.57983,69,0.170648,-1.34213,3
O2,D,jan_mar_to_jul_sep,44,all_months,B0,72,39,1.13636,5.88199,4,4,1,5,6,12,14,31,8,8,4,219,7.54546,35.8541,-35.8342,34,65,65,34,114,69,3.31424,-14.4009,69,1.57807,-9.43994,81,2.65315,-11.9934,3
O2,D,jan_mar_to_jul_sep,44,all_months,M_TOC,72,39,0.483965,2.63202,4,3,1,17,31,35,37,31,27,8,8,219,2.43443,17.7954,-16.468,159,65,65,16,90,69,0.593086,-4.49942,69,0.275796,-3.27519,81,1.56555,-8.6934,3
O2,D,jan_mar_to_jul_sep,44,all_months,M_TOC_nodose,72,39,1.052,5.60119,4,3,1,5,9,13,16,31,9,8,4,219,6.41535,32.8326,-32.7877,44,65,65,31,108,69,2.91737,-13.4815,69,1.30612,-8.52109,81,2.19186,-10.7852,3
O2,D,jan_mar_to_jul_sep,44,all_months,oracle,72,39,0.131292,1.70413,4,4,1,,,,,31,,8,,219,0.569869,8.59856,-4.10736,,65,63,4,74,69,0.255173,-1.18448,69,0.0978989,-0.167524,81,0.216797,-2.75536,3
O2,D,jan_mar_to_jul_sep,45,all_months,B0,55,39,1.2224,5.98939,1,1,2,6,11,13,17,31,8,8,5,228,8.6383,39.6056,-39.581,31,48,48,33,99,84,3.46024,-15.4171,69,2.51712,-12.465,75,2.66094,-11.6988,3
O2,D,jan_mar_to_jul_sep,45,all_months,M_TOC,55,39,0.334042,2.7193,1,1,2,17,26,31,36,31,24,8,7,228,2.48373,18.9926,-16.3387,175,48,48,27,90,84,0.448904,-2.91735,69,0.548892,-5.31505,75,1.48593,-8.10629,3
O2,D,jan_mar_to_jul_sep,45,all_months,M_TOC_nodose,55,39,1.04036,5.50224,1,1,2,6,13,15,19,31,9,8,6,228,7.34838,36.2836,-36.1792,37,48,48,27,90,84,3.09417,-14.4325,69,2.15322,-11.5113,75,2.10099,-10.2355,3
O2,D,jan_mar_to_jul_sep,45,all_months,oracle,55,39,0.536277,2.53258,1,0,1,,,,,31,,8,,228,0.898681,7.96068,-0.179002,,48,42,8,61,84,0.195925,1.43828,69,0.121798,-1.57538,75,0.580958,-0.0418964,3
O2,D,jan_mar_to_jul_sep,46,all_months,B0,64,39,2.90309,8.6632,0,0,6,3,13,17,24,31,13,8,4,219,10.2176,38.9044,-38.7681,65,51,51,27,105,75,4.87422,-16.3498,69,2.51394,-10.7439,75,2.8294,-11.6744,3
O2,D,jan_mar_to_jul_sep,46,all_months,M_TOC,64,39,1.33332,4.46224,0,0,3,19,35,36,37,31,28,8,8,219,3.57462,21.948,-18.7282,156,51,48,21,90,75,1.32466,-6.64692,69,0.710094,-3.97704,75,1.53987,-8.10426,3
O2,D,jan_mar_to_jul_sep,46,all_months,M_TOC_nodose,64,39,2.60997,8.11215,0,0,6,5,16,19,25,31,15,8,4,219,9.08323,36.0443,-35.7916,75,51,51,27,102,75,4.58441,-15.5354,69,2.22882,-9.89359,75,2.27,-10.3626,3
O2,D,jan_mar_to_jul_sep,46,all_months,oracle,64,39,0.190445,2.01115,0,0,1,,,,,31,,8,,219,0.696937,8.7133,-1.78551,,51,48,10,72,75,0.391732,0.0455948,69,0.182768,-0.652939,75,0.122437,-1.17816,3
O2,D,jan_mar_to_jul_sep,47,all_months,B0,67,39,1.78703,7.28436,0,0,1,2,8,11,16,30,7,9,4,219,7.7278,36.5418,-36.5418,4,60,60,54,135,66,3.15714,-13.4553,69,1.62984,-9.89026,84,2.94082,-13.1963,3
O2,D,jan_mar_to_jul_sep,47,all_months,M_TOC,67,39,0.312248,2.67754,0,0,0,25,33,35,38,30,26,9,9,219,3.15984,21.1707,-21.1569,144,60,60,27,99,66,0.761623,-6.19032,69,0.421985,-4.6007,84,1.97623,-10.3659,3
O2,D,jan_mar_to_jul_sep,47,all_months,M_TOC_nodose,67,39,1.69418,6.96899,0,0,0,3,10,12,17,30,7,9,5,219,6.83665,34.1368,-34.1368,25,60,60,45,126,66,2.91494,-12.8174,69,1.39524,-9.15154,84,2.52646,-12.1679,3
O2,D,jan_mar_to_jul_sep,47,all_months,oracle,67,39,0.253397,2.15837,0,0,0,,,,,30,,9,,219,0.51919,8.64698,-4.45382,,60,60,12,83,66,0.177296,-0.0596429,69,0.128334,-1.07061,84,0.21356,-3.32357,3
O2,S,rolling,32,falling,B0,115,52,0.231058,2.66976,9,7,3,35,44,50,51,40,38,12,12,292,3.04067,21.7266,-20.0329,261,82,81,26,144,100,1.63911,-8.70123,97,0.68908,-5.35345,95,0.712478,-5.97825,4
O2,S,rolling,32,falling,M_TOC,115,52,0.321728,2.89231,9,7,3,34,43,49,50,40,38,12,11,292,4.72877,26.2184,-24.7772,259,82,81,30,149,100,3.07859,-12.2006,97,0.921885,-6.50484,95,0.728293,-6.07171,4
O2,S,rolling,32,falling,M_TOC_h0half,115,52,0.28518,2.70842,9,7,3,36,44,50,50,40,39,12,11,292,2.74597,20.6431,-18.7828,267,82,81,23,141,100,1.57026,-8.40459,97,0.554854,-4.85665,95,0.620862,-5.52161,4
O2,S,rolling,32,falling,M_TOC_linear,115,52,0.32098,2.88292,9,7,2,33,43,49,50,40,38,12,11,292,4.70244,26.1125,-24.623,262,82,81,26,145,100,3.09139,-12.2452,97,0.910652,-6.45425,95,0.700393,-5.92356,4
O2,S,rolling,32,falling,network_mean,115,52,3.34597,10.7726,9,0,0,,,,,40,,12,,,,,,,,,,,,,,,,,,,,4
O2,S,rolling,32,falling,oracle,115,52,0.180587,2.38008,9,9,3,,,,,40,,12,,292,0.536335,9.47736,-0.304962,,82,77,4,115,100,0.240874,1.08551,97,0.151555,0.533259,95,0.143906,-1.92373,4
O2,S,rolling,32,falling,persistence,115,52,1.08534,4.74051,9,5,4,,,,,40,,12,,,,,,,,,,,,,,,,,,,,4
O2,S,rolling,32,steady,B0,86,39,0.176562,1.93008,8,6,1,20,33,36,36,30,27,9,9,219,1.57824,12.0031,-7.96556,188,66,65,15,104,76,0.923294,-2.47404,71,0.394789,-2.6138,72,0.260155,-2.87772,3
O2,S,rolling,32,steady,M_TOC,86,39,0.176757,1.93126,8,6,1,21,33,36,36,30,27,9,9,219,1.58223,12.0614,-7.94934,188,66,65,15,104,76,0.921825,-2.41801,71,0.398239,-2.63809,72,0.262167,-2.89324,3
O2,S,rolling,32,steady,M_TOC_h0half,86,39,0.176697,1.93086,8,6,1,21,33,36,36,30,27,9,9,219,1.60691,12.1311,-8.22708,186,66,65,14,103,76,0.934675,-2.60453,71,0.408886,-2.72518,72,0.263344,-2.89738,3
O2,S,rolling,32,steady,M_TOC_linear,86,39,0.176812,1.93165,8,6,1,22,33,36,36,30,27,9,9,219,1.62625,12.2489,-8.07667,185,66,65,16,105,76,0.94617,-2.52854,71,0.419709,-2.7005,72,0.260373,-2.84762,3
O2,S,rolling,32,steady,network_mean,86,39,2.09021,7.69923,8,0,0,,,,,30,,9,,,,,,,,,,,,,,,,,,,,3
O2,S,rolling,32,steady,oracle,86,39,0.429854,2.26241,8,8,2,,,,,30,,9,,219,0.42367,7.06864,1.83528,,66,62,3,86,76,0.262639,1.47229,71,0.0813509,-0.0443701,72,0.0796792,0.40736,3
O2,S,rolling,32,steady,persistence,86,39,0.798137,4.19462,8,5,2,,,,,30,,9,,,,,,,,,,,,,,,,,,,,3
O2,S,rolling,32,first_storm,B0,46,13,0.088148,0.942494,3,3,0,1,6,7,10,11,5,2,2,73,0.80987,6.81654,6.79632,21,37,23,0,30,25,0.429675,3.10794,24,0.236213,2.25261,24,0.143982,1.43577,1
O2,S,rolling,32,first_storm,M_TOC,46,13,0.0805655,0.861233,3,3,0,5,8,9,11,11,8,2,1,73,0.475722,5.16353,4.37008,43,37,28,0,35,25,0.260969,1.81028,24,0.14458,1.75379,24,0.0701731,0.806014,1
O2,S,rolling,32,first_storm,M_TOC_h0half,46,13,0.0836303,0.892952,3,3,0,3,5,10,11,11,8,2,2,73,0.638109,5.97763,5.8601,29,37,25,0,32,25,0.356299,2.84161,24,0.189984,2.0019,24,0.0918255,1.01659,1
O2,S,rolling,32,first_storm,M_TOC_linear,46,13,0.0776616,0.837332,3,3,0,5,9,11,11,11,9,2,2,73,0.439547,4.93182,4.00406,45,37,28,0,35,25,0.246933,1.71536,24,0.130852,1.64461,24,0.0617626,0.644094,1
O2,S,rolling,32,first_storm,network_mean,46,13,0.403715,1.95769,3,0,0,,,,,11,,2,,,,,,,,,,,,,,,,,,,,1
O2,S,rolling,32,first_storm,oracle,46,13,0.0344895,0.520755,3,3,0,,,,,11,,2,,73,0.121043,2.24029,2.00743,,37,33,0,41,25,0.0688273,0.921868,24,0.0235368,0.528109,24,0.0286795,0.557451,1
O2,S,rolling,32,first_storm,persistence,46,13,0.266578,1.53231,3,1,1,,,,,11,,2,,,,,,,,,,,,,,,,,,,,1
O2,S,rolling,32,after_storm,B0,38,13,0.189004,1.35943,1,1,4,2,5,6,6,10,6,3,0,74,0.182816,3.00959,-2.46624,64,28,27,3,39,28,0.124478,-1.36962,23,0.0481651,-0.807837,23,0.0101725,-0.288788,1
O2,S,rolling,32,after_storm,M_TOC,38,13,0.198081,1.39668,1,1,4,2,5,5,6,10,5,3,0,74,0.172901,2.9125,-2.33066,65,28,27,3,39,28,0.11645,-1.20184,23,0.0426468,-0.76197,23,0.0138039,-0.366849,1
O2,S,rolling,32,after_storm,M_TOC_h0half,38,13,0.195589,1.38706,1,1,4,2,5,5,6,10,5,3,0,74,0.162276,2.82332,-2.19292,66,28,27,3,39,28,0.109706,-1.14657,23,0.0408037,-0.732961,23,0.0117662,-0.313384,1
O2,S,rolling,32,after_storm,M_TOC_linear,38,13,0.200816,1.40717,1,1,4,2,4,5,6,10,5,3,0,74,0.179267,2.96058,-2.38824,64,28,27,4,40,28,0.121277,-1.23766,23,0.0434392,-0.769521,23,0.014551,-0.38106,1
O2,S,rolling,32,after_storm,network_mean,38,13,0.809742,2.65128,1,0,0,,,,,10,,3,,,,,,,,,,,,,,,,,,,,1
O2,S,rolling,32,after_storm,oracle,38,13,0.0300147,0.509457,1,1,2,,,,,10,,3,,74,0.107335,1.99987,-0.786954,,28,26,5,40,28,0.035114,0.305356,23,0.0150684,-0.205319,23,0.0571525,-0.886991,1
O2,S,rolling,32,after_storm,persistence,38,13,0.460036,1.71872,1,1,1,,,,,10,,3,,,,,,,,,,,,,,,,,,,,1
O2,S,rolling,33,falling,B0,116,52,0.910863,4.79825,7,5,7,25,37,43,47,41,32,11,11,292,7.61469,32.0768,-28.818,184,89,86,32,153,110,5.11139,-12.1504,96,1.2227,-8.39764,86,1.2806,-8.26998,4
O2,S,rolling,33,falling,M_TOC,116,52,0.878904,4.75478,7,5,7,21,38,44,47,41,33,11,11,292,7.22839,30.5597,-27.1414,194,89,85,30,150,110,4.9779,-11.5545,96,1.13778,-7.88753,86,1.11272,-7.69928,4
O2,S,rolling,33,falling,M_TOC_h0half,116,52,0.892755,4.78783,7,5,7,22,38,43,47,41,32,11,11,292,7.38072,31.0137,-27.5882,194,89,86,30,151,110,5.07724,-11.7347,96,1.13883,-7.97188,86,1.16465,-7.8817,4
O2,S,rolling,33,falling,M_TOC_linear,116,52,0.863011,4.72566,7,5,7,20,38,44,47,41,33,11,11,292,7.16683,30.1309,-26.4459,195,89,85,30,150,110,5.00374,-11.2894,96,1.11722,-7.72153,86,1.04586,-7.43499,4
O2,S,rolling,33,falling,network_mean,116,52,2.22171,8.89359,7,0,0,,,,,41,,11,,,,,,,,,,,,,,,,,,,,4
O2,S,rolling,33,falling,oracle,116,52,0.249387,2.63356,7,6,1,,,,,41,,11,,292,1.96351,12.1901,2.48085,,89,86,2,114,110,1.64268,4.09114,96,0.216124,-1.26395,86,0.104712,-0.346342,4
O2,S,rolling,33,falling,persistence,116,52,1.79432,6.98179,7,2,5,,,,,41,,11,,,,,,,,,,,,,,,,,,,,4
O2,S,rolling,33,steady,B0,78,39,0.47365,2.9099,5,3,0,19,30,32,35,32,28,7,4,223,1.01247,11.5956,-9.61496,185,62,62,18,106,80,0.235426,-1.37931,73,0.221736,-3.17202,70,0.555311,-5.06363,3
O2,S,rolling,33,steady,M_TOC,78,39,0.480296,2.93161,5,3,0,17,30,33,35,32,28,7,5,223,0.8942,10.7902,-8.52925,191,62,62,15,103,80,0.228358,-1.06224,73,0.200103,-2.90351,70,0.465738,-4.56349,3
O2,S,rolling,33,steady,M_TOC_h0half,78,39,0.479379,2.93693,5,3,0,18,30,33,35,32,28,7,5,223,0.972745,11.3384,-9.25634,186,62,62,17,105,80,0.238294,-1.28153,73,0.217928,-3.11206,70,0.516523,-4.86275,3
O2,S,rolling,33,steady,M_TOC_linear,78,39,0.481066,2.9262,5,3,0,17,30,33,35,32,28,7,5,223,0.851841,10.5443,-8.22912,189,62,62,15,103,80,0.22281,-0.966054,73,0.196611,-2.86272,70,0.432421,-4.40035,3
O2,S,rolling,33,steady,network_mean,78,39,1.88558,7.1659,5,0,0,,,,,32,,7,,,,,,,,,,,,,,,,,,,,3
O2,S,rolling,33,steady,oracle,78,39,0.433842,2.47637,5,3,2,,,,,32,,7,,223,0.577218,9.23783,4.7174,,62,58,2,76,80,0.340894,2.93673,73,0.114179,1.17003,70,0.122145,0.610638,3
O2,S,rolling,33,steady,persistence,78,39,0.696837,3.67385,5,3,1,,,,,32,,7,,,,,,,,,,,,,,,,,,,,3
O2,S,rolling,33,first_storm,B0,33,13,0.140876,1.19581,3,1,0,4,6,7,10,12,6,1,1,74,0.658909,4.97875,-4.737,68,24,24,8,42,28,0.449973,-2.28571,25,0.159016,-1.64008,21,0.0499194,-0.811219,1
O2,S,rolling,33,first_storm,M_TOC,33,13,0.128978,1.15615,3,2,0,3,8,11,12,12,10,1,1,74,0.528666,5.14936,-4.93761,64,24,24,9,44,28,0.251414,-1.93005,25,0.204053,-1.97223,21,0.0731995,-1.03533,1
O2,S,rolling,33,first_storm,M_TOC_h0half,33,13,0.135891,1.19245,3,2,0,3,6,11,12,12,10,1,1,74,0.501868,4.91926,-4.69986,65,24,24,9,44,28,0.245512,-1.84364,25,0.188703,-1.86416,21,0.0676534,-0.992056,1
O2,S,rolling,33,first_storm,M_TOC_linear,33,13,0.140345,1.18986,3,2,0,2,6,8,9,12,7,1,1,74,0.354068,3.66908,-2.39513,58,24,24,9,43,28,0.143077,-0.175064,25,0.148723,-1.28277,21,0.0622684,-0.937304,1
O2,S,rolling,33,first_storm,network_mean,33,13,0.817303,2.57154,3,0,0,,,,,12,,1,,,,,,,,,,,,,,,,,,,,1
O2,S,rolling,33,first_storm,oracle,33,13,0.08689,0.666436,3,3,0,,,,,12,,1,,74,0.226759,2.9366,0.878754,,24,21,2,31,28,0.132241,0.725379,25,0.0550106,-0.332417,21,0.0395076,0.485792,1
O2,S,rolling,33,first_storm,persistence,33,13,0.48945,1.66949,3,1,0,,,,,12,,1,,,,,,,,,,,,,,,,,,,,1
O2,S,rolling,33,after_storm,B0,26,13,0.170864,1.10939,4,2,1,4,10,10,10,11,8,2,2,75,0.387971,4.45628,-3.85772,67,20,20,6,34,28,0.188924,-1.68045,25,0.142676,-1.50334,22,0.056372,-0.673932,1
O2,S,rolling,33,after_storm,M_TOC,26,13,0.168359,1.08,4,2,1,4,10,10,10,11,8,2,2,75,0.384611,4.45959,-3.86766,66,20,20,6,34,28,0.184365,-1.6332,25,0.146828,-1.54056,22,0.0534182,-0.693903,1
O2,S,rolling,33,after_storm,M_TOC_h0half,26,13,0.168742,1.08693,4,2,1,4,10,10,10,11,8,2,2,75,0.383466,4.44659,-3.87485,65,20,20,6,34,28,0.183565,-1.64215,25,0.144493,-1.52942,22,0.0554076,-0.70328,1
O2,S,rolling,33,after_storm,M_TOC_linear,26,13,0.168156,1.07472,4,2,1,5,10,10,10,11,8,2,2,75,0.374315,4.38824,-3.78367,65,20,20,6,34,28,0.179548,-1.59679,25,0.141755,-1.5013,22,0.0530118,-0.685578,1
O2,S,rolling,33,after_storm,network_mean,26,13,0.830278,2.87359,4,0,0,,,,,11,,2,,,,,,,,,,,,,,,,,,,,1
O2,S,rolling,33,after_storm,oracle,26,13,0.115796,0.91553,4,3,0,,,,,11,,2,,75,0.196412,2.65126,0.777786,,20,19,1,26,28,0.132491,0.714353,25,0.0271396,-0.337202,22,0.036782,0.400636,1
O2,S,rolling,33,after_storm,persistence,26,13,0.38371,1.68359,4,3,0,,,,,11,,2,,,,,,,,,,,,,,,,,,,,1
O2,S,rolling,34,falling,B0,116,52,0.175325,2.40671,5,5,2,32,45,50,50,40,38,12,12,293,2.11687,20.9545,-20.2901,195,99,98,34,156,90,0.647307,-6.16421,103,0.691495,-6.82271,100,0.778066,-7.30321,4
O2,S,rolling,34,falling,M_TOC,116,52,0.162071,2.30319,5,5,2,32,46,50,51,40,38,12,12,293,1.94463,19.9839,-19.3362,207,99,98,33,156,90,0.594099,-5.83401,103,0.628625,-6.4792,100,0.721909,-7.02303,4
O2,S,rolling,34,falling,M_TOC_h0half,116,52,0.165887,2.3361,5,5,2,32,46,50,51,40,38,12,12,293,1.97242,20.1863,-19.5381,207,99,98,32,155,90,0.60637,-5.91247,103,0.642394,-6.57463,100,0.723653,-7.05098,4
O2,S,rolling,34,falling,M_TOC_linear,116,52,0.158748,2.28498,5,5,2,31,46,49,51,40,37,12,12,293,1.88296,19.5923,-18.8632,213,99,98,33,156,90,0.569025,-5.64181,103,0.601789,-6.25745,100,0.712142,-6.96396,4
O2,S,rolling,34,falling,network_mean,116,52,6.14307,14.8782,5,0,0,,,,,40,,12,,,,,,,,,,,,,,,,,,,,4
O2,S,rolling,34,falling,oracle,116,52,0.0897412,1.86254,5,5,1,,,,,40,,12,,293,0.65732,10.3809,-7.55715,,99,95,18,130,90,0.271904,-2.67561,103,0.287221,-3.69262,100,0.0981955,-1.18892,4
O2,S,rolling,34,falling,persistence,116,52,1.09049,5.19821,5,4,0,,,,,40,,12,,,,,,,,,,,,,,,,,,,,4
O2,S,rolling,34,steady,B0,90,39,0.185255,1.89647,6,4,1,21,33,35,38,30,28,9,7,219,0.943099,11.5431,-11.2035,190,75,75,26,123,68,0.180285,-2.63505,73,0.253249,-3.24245,78,0.509565,-5.32603,3
O2,S,rolling,34,steady,M_TOC,90,39,0.187437,1.91912,6,4,1,19,32,35,38,30,28,9,7,219,0.818253,10.9009,-10.4941,197,75,75,26,122,68,0.178896,-2.6165,73,0.235202,-3.12389,78,0.404155,-4.75367,3
O2,S,rolling,34,steady,M_TOC_h0half,90,39,0.186683,1.91199,6,4,1,19,33,35,38,30,28,9,7,219,0.848123,11.0295,-10.626,195,75,75,24,120,68,0.17756,-2.57154,73,0.240354,-3.14509,78,0.430209,-4.9094,3
O2,S,rolling,34,steady,M_TOC_linear,90,39,0.188223,1.92572,6,4,1,19,32,35,37,30,28,9,7,219,0.808071,10.8333,-10.3574,195,75,75,25,121,68,0.181095,-2.59238,73,0.237205,-3.09406,78,0.389771,-4.67093,3
O2,S,rolling,34,steady,network_mean,90,39,4.54107,10.9482,6,0,0,,,,,30,,9,,,,,,,,,,,,,,,,,,,,3
O2,S,rolling,34,steady,oracle,90,39,0.0919077,1.54156,6,5,1,,,,,30,,9,,219,0.256852,5.80172,-1.8628,,75,73,8,97,68,0.098362,-0.27511,73,0.0978075,-1.5979,78,0.0606828,0.0102108,3
O2,S,rolling,34,steady,persistence,90,39,1.51288,4.50436,6,3,1,,,,,30,,9,,,,,,,,,,,,,,,,,,,,3
O2,S,rolling,34,first_storm,B0,32,13,0.0798133,0.871756,0,0,1,3,8,9,12,11,8,2,1,73,0.598283,5.251,-4.3375,45,27,27,7,40,20,0.169596,-1.47238,28,0.373961,-2.44793,25,0.0547261,-0.417183,1
O2,S,rolling,34,first_storm,M_TOC,32,13,0.108279,1.00105,0,0,1,4,6,8,10,11,7,2,1,73,0.855974,6.35372,-5.77639,31,27,27,9,42,20,0.237336,-1.87438,28,0.514299,-3.00686,25,0.104338,-0.895148,1
O2,S,rolling,34,first_storm,M_TOC_h0half,32,13,0.0990324,0.962755,0,0,1,4,6,9,11,11,8,2,1,73,0.788322,6.05426,-5.44036,32,27,27,9,42,20,0.22397,-1.79715,28,0.477803,-2.87719,25,0.0865495,-0.76602,1
O2,S,rolling,34,first_storm,M_TOC_linear,32,13,0.117187,1.04076,0,0,1,4,6,8,9,11,7,2,1,73,0.961776,6.76951,-6.25351,26,27,27,10,43,20,0.264174,-2.01637,28,0.569112,-3.18701,25,0.12849,-1.05013,1
O2,S,rolling,34,first_storm,network_mean,32,13,1.84742,3.82154,0,0,0,,,,,11,,2,,,,,,,,,,,,,,,,,,,,1
O2,S,rolling,34,first_storm,oracle,32,13,0.0279948,0.47642,0,0,1,,,,,11,,2,,73,0.233319,3.17042,-0.259829,,27,27,0,32,20,0.0867172,-0.294526,28,0.0925004,-0.787015,25,0.0541014,0.821712,1
O2,S,rolling,34,first_storm,persistence,32,13,0.659719,1.82718,0,0,1,,,,,11,,2,,,,,,,,,,,,,,,,,,,,1
O2,S,rolling,34,after_storm,B0,40,13,0.0846186,0.894477,2,1,0,2,7,9,13,10,6,3,3,73,0.154913,2.79614,1.22171,65,33,29,0,36,21,0.0592939,1.00692,27,0.0382668,0.459009,25,0.0573519,-0.244215,1
O2,S,rolling,34,after_storm,M_TOC,40,13,0.0822509,0.882874,2,1,0,2,8,11,13,10,8,3,3,73,0.140353,2.63086,0.843548,66,33,30,0,37,21,0.0491878,0.893733,27,0.0308085,0.304598,25,0.0603563,-0.354783,1
O2,S,rolling,34,after_storm,M_TOC_h0half,40,13,0.0829429,0.887498,2,1,0,2,7,9,13,10,6,3,3,73,0.142522,2.66778,0.942136,67,33,30,0,37,21,0.0514271,0.918238,27,0.0325801,0.345571,25,0.0585144,-0.321673,1
O2,S,rolling,34,after_storm,M_TOC_linear,40,13,0.081952,0.877371,2,2,0,3,8,11,13,10,8,3,3,73,0.145065,2.69839,0.862935,68,33,30,0,37,21,0.0489586,0.892604,27,0.0343675,0.342858,25,0.0617394,-0.372526,1
O2,S,rolling,34,after_storm,network_mean,40,13,1.36914,3.64333,2,0,0,,,,,10,,3,,,,,,,,,,,,,,,,,,,,1
O2,S,rolling,34,after_storm,oracle,40,13,0.0181787,0.416366,2,1,0,,,,,10,,3,,73,0.0563943,1.42939,-0.517765,,33,32,2,41,21,0.0138479,0.0126003,27,0.0300473,-0.397088,25,0.012499,-0.133277,1
O2,S,rolling,34,after_storm,persistence,40,13,0.603733,2.18,2,0,0,,,,,10,,3,,,,,,,,,,,,,,,,,,,,1
O2,S,rolling,35,falling,B0,127,52,0.239332,2.61164,8,6,2,31,42,46,51,40,37,12,9,294,1.28378,15.4079,-10.4589,230,94,81,17,130,100,0.452518,-3.33521,103,0.324747,-2.78356,91,0.50651,-4.34018,4
O2,S,rolling,35,falling,M_TOC,127,52,0.245132,2.6328,8,6,2,31,42,45,51,40,36,12,9,294,1.20341,14.8084,-9.33248,232,94,81,14,127,100,0.44347,-3.07152,103,0.303588,-2.48388,91,0.456354,-3.77709,4
O2,S,rolling,35,falling,M_TOC_h0half,127,52,0.242162,2.61714,8,6,2,30,42,46,51,40,37,12,9,294,1.25079,15.0821,-9.64523,233,94,81,16,129,100,0.453278,-3.15158,103,0.314371,-2.51216,91,0.483143,-3.98148,4
O2,S,rolling,35,falling,M_TOC_linear,127,52,0.249079,2.63922,8,5,2,31,42,44,47,40,36,12,8,294,1.13943,14.3664,-8.45875,237,94,82,14,128,100,0.429458,-2.83515,103,0.293564,-2.23106,91,0.416404,-3.39255,4
O2,S,rolling,35,falling,network_mean,127,52,4.57833,11.8572,8,0,0,,,,,40,,12,,,,,,,,,,,,,,,,,,,,4
O2,S,rolling,35,falling,oracle,127,52,0.3232,3.03725,8,7,4,,,,,40,,12,,294,0.438345,7.98898,-0.889999,,94,87,7,126,100,0.238219,0.158138,103,0.0820183,-0.837642,91,0.118108,-0.210496,4
O2,S,rolling,35,falling,persistence,127,52,1.45067,5.91103,8,5,2,,,,,40,,12,,,,,,,,,,,,,,,,,,,,4
O2,S,rolling,35,steady,B0,96,39,0.264258,2.5277,7,6,0,17,29,35,36,32,29,7,6,220,2.57706,18.1457,-16.775,156,72,72,19,119,75,1.13014,-6.89601,77,0.872594,-5.91344,68,0.574326,-3.96551,3
O2,S,rolling,35,steady,M_TOC,96,39,0.263899,2.52592,7,6,0,17,29,35,36,32,29,7,6,220,2.6164,18.4021,-17.1161,151,72,72,19,119,75,1.14463,-7.03736,77,0.887789,-6.06073,68,0.583983,-4.01803,3
O2,S,rolling,35,steady,M_TOC_h0half,96,39,0.264001,2.52644,7,6,0,17,29,35,36,32,29,7,6,220,2.61812,18.4408,-17.2353,155,72,72,19,119,75,1.14651,-7.06722,77,0.878291,-6.05217,68,0.593325,-4.11594,3
O2,S,rolling,35,steady,M_TOC_linear,96,39,0.263809,2.52545,7,6,0,17,29,35,36,32,29,7,6,220,2.58276,18.2565,-16.972,154,72,72,19,119,75,1.13226,-6.985,77,0.875921,-6.00594,68,0.574571,-3.98111,3
O2,S,rolling,35,steady,network_mean,96,39,2.9967,8.17795,7,0,0,,,,,32,,7,,,,,,,,,,,,,,,,,,,,3
O2,S,rolling,35,steady,oracle,96,39,0.111167,1.42308,7,7,0,,,,,32,,7,,220,0.334645,5.9224,-2.17897,,72,69,6,98,75,0.196498,-0.310362,77,0.0670652,-1.18258,68,0.071081,-0.686027,3
O2,S,rolling,35,steady,persistence,96,39,0.615382,3.71949,7,5,0,,,,,32,,7,,,,,,,,,,,,,,,,,,,,3
O2,S,rolling,35,first_storm,B0,40,13,0.105574,0.804174,3,2,0,6,8,12,12,10,9,3,3,74,0.113719,1.78948,-0.646047,73,32,30,1,39,25,0.0832112,-0.213202,26,0.0149149,-0.380342,23,0.0155926,-0.0525039,1
O2,S,rolling,35,first_storm,M_TOC,40,13,0.0754495,0.641118,3,2,0,8,11,12,12,10,9,3,3,74,0.144244,2.43669,-1.7986,74,32,32,4,45,25,0.0876042,-0.585166,26,0.0313746,-0.743281,23,0.0252657,-0.470149,1
O2,S,rolling,35,first_storm,M_TOC_h0half,40,13,0.0819661,0.677845,3,2,0,7,10,12,12,10,9,3,3,74,0.133142,2.24449,-1.47255,73,32,32,2,42,25,0.0854708,-0.47224,26,0.0260568,-0.645175,23,0.0216147,-0.35514,1
O2,S,rolling,35,first_storm,M_TOC_linear,40,13,0.070868,0.626942,3,3,0,8,11,11,12,10,8,3,3,74,0.15225,2.60139,-2.05543,73,32,32,4,45,25,0.087069,-0.681149,26,0.0380758,-0.833498,23,0.0271047,-0.540779,1
O2,S,rolling,35,first_storm,network_mean,40,13,1.17599,3.03846,3,0,0,,,,,10,,3,,,,,,,,,,,,,,,,,,,,1
O2,S,rolling,35,first_storm,oracle,40,13,0.0180747,0.368108,3,3,0,,,,,10,,3,,74,0.117271,1.88757,0.616904,,32,29,3,40,25,0.0737576,0.414514,26,0.0252975,-0.0176141,23,0.0182157,0.220004,1
O2,S,rolling,35,first_storm,persistence,40,13,0.23295,1.27949,3,2,0,,,,,10,,3,,,,,,,,,,,,,,,,,,,,1
O2,S,rolling,35,after_storm,B0,39,13,0.118503,0.921695,1,1,1,5,10,12,13,10,10,3,2,74,0.356667,4.04842,-3.86561,73,32,31,5,44,26,0.201695,-1.89225,25,0.105501,-1.21657,23,0.049471,-0.756788,1
O2,S,rolling,35,after_storm,M_TOC,39,13,0.0829388,0.711677,1,1,1,7,10,12,12,10,10,3,2,74,0.17264,2.77736,-2.23835,70,32,31,3,43,26,0.0874993,-0.692874,25,0.038031,-0.746,23,0.0471097,-0.799477,1
O2,S,rolling,35,after_storm,M_TOC_h0half,39,13,0.0845545,0.714676,1,1,1,8,10,12,13,10,10,3,2,74,0.163846,2.68868,-2.16356,71,32,31,2,42,26,0.0820434,-0.672585,25,0.0364799,-0.71743,23,0.0453227,-0.773542,1
O2,S,rolling,35,after_storm,M_TOC_linear,39,13,0.0817451,0.708696,1,1,1,7,11,12,12,10,10,3,2,74,0.169406,2.75001,-2.23577,70,32,31,2,42,26,0.085408,-0.716485,25,0.0374522,-0.726142,23,0.0465463,-0.793143,1
O2,S,rolling,35,after_storm,network_mean,39,13,1.17485,2.94231,1,0,0,,,,,10,,3,,,,,,,,,,,,,,,,,,,,1
O2,S,rolling,35,after_storm,oracle,39,13,0.137075,0.81921,1,1,2,,,,,10,,3,,74,0.0893872,1.62612,-0.947135,,32,31,5,44,26,0.0668075,-0.37681,25,0.00891764,-0.21177,23,0.0136621,-0.358554,1
O2,S,rolling,35,after_storm,persistence,39,13,0.187917,1.13231,1,1,2,,,,,10,,3,,,,,,,,,,,,,,,,,,,,1
O2,S,rolling,36,falling,B0,136,52,0.118776,1.89302,4,3,0,31,42,46,50,41,36,11,10,294,1.5839,17.6011,-16.9338,229,108,108,32,171,97,0.435867,-4.66033,88,0.368325,-4.69032,109,0.779707,-7.58319,4
O2,S,rolling,36,falling,M_TOC,136,52,0.125859,1.9622,4,3,0,31,41,46,49,41,36,11,10,294,1.33014,15.6714,-14.8179,242,108,108,29,168,97,0.374655,-3.87826,88,0.299221,-4.05204,109,0.656269,-6.88756,4
O2,S,rolling,36,falling,M_TOC_h0half,136,52,0.122984,1.92855,4,3,0,31,41,47,50,41,37,11,10,294,1.43149,16.3998,-15.6494,233,108,108,30,169,97,0.392074,-4.15152,88,0.322163,-4.26502,109,0.717253,-7.23287,4
O2,S,rolling,36,falling,M_TOC_linear,136,52,0.128919,1.99606,4,3,0,29,41,45,49,41,35,11,10,294,1.27097,15.1193,-14.2235,246,108,108,28,167,97,0.358975,-3.69136,88,0.278925,-3.82042,109,0.633071,-6.71171,4
O2,S,rolling,36,falling,network_mean,136,52,1.47185,7.25615,4,0,0,,,,,41,,11,,,,,,,,,,,,,,,,,,,,4
O2,S,rolling,36,falling,oracle,136,52,0.0783207,1.55648,4,4,1,,,,,41,,11,,294,0.559465,9.02483,4.57922,,108,98,3,129,97,0.307263,2.57166,88,0.121376,1.41251,109,0.130825,0.595049,4
O2,S,rolling,36,falling,persistence,136,52,0.787358,4.50077,4,0,0,,,,,41,,11,,,,,,,,,,,,,,,,,,,,4
O2,S,rolling,36,steady,B0,95,39,0.142936,1.90728,3,2,0,16,28,33,37,30,25,9,8,219,1.4363,12.0112,-8.17155,172,77,74,18,109,75,0.441044,-1.46693,61,0.193074,-0.707012,83,0.80218,-5.9976,3
O2,S,rolling,36,steady,M_TOC,95,39,0.145523,1.94047,3,2,0,16,28,33,37,30,25,9,8,219,1.36724,11.7657,-7.98773,182,77,74,19,110,75,0.464432,-1.56332,61,0.181523,-0.759772,83,0.721283,-5.66464,3
O2,S,rolling,36,steady,M_TOC_h0half,95,39,0.144488,1.928,3,2,0,16,28,33,37,30,25,9,8,219,1.42353,11.9314,-7.94274,176,77,74,18,109,75,0.476287,-1.50998,61,0.188795,-0.651967,83,0.758444,-5.7808,3
O2,S,rolling,36,steady,M_TOC_linear,95,39,0.147021,1.95695,3,2,0,16,28,34,37,30,25,9,9,219,1.38154,11.7381,-7.64091,183,77,73,19,109,75,0.508881,-1.51644,61,0.178662,-0.625671,83,0.693996,-5.4988,3
O2,S,rolling,36,steady,network_mean,95,39,0.9952,5.15231,3,0,0,,,,,30,,9,,,,,,,,,,,,,,,,,,,,3
O2,S,rolling,36,steady,oracle,95,39,0.187041,1.66641,3,3,2,,,,,30,,9,,219,0.345591,6.3248,-1.64337,,77,76,8,104,75,0.220599,0.152784,61,0.0522237,-0.265741,83,0.072768,-1.53041,3
O2,S,rolling,36,steady,persistence,95,39,0.600212,3.38769,3,0,0,,,,,30,,9,,,,,,,,,,,,,,,,,,,,3
O2,S,rolling,36,first_storm,B0,41,13,0.0771032,0.739721,0,0,2,6,8,9,10,11,7,2,2,73,0.174099,2.8898,1.84081,64,33,30,0,36,25,0.0971731,1.29532,22,0.0566646,0.747135,26,0.0202617,-0.201648,1
O2,S,rolling,36,first_storm,M_TOC,41,13,0.0655137,0.674644,0,0,3,5,9,12,13,11,10,2,2,73,0.103823,2.28994,0.0473583,72,33,32,1,41,25,0.0388503,0.557902,22,0.0276182,0.150564,26,0.0373544,-0.661108,1
O2,S,rolling,36,first_storm,M_TOC_h0half,41,13,0.0672279,0.691337,0,0,3,4,8,11,12,11,9,2,2,73,0.115282,2.40218,0.636145,71,33,32,1,40,25,0.0525133,0.812457,22,0.0333105,0.350928,26,0.0294577,-0.52724,1
O2,S,rolling,36,first_storm,M_TOC_linear,41,13,0.0655789,0.6834,0,0,3,5,7,11,13,11,10,2,1,73,0.111575,2.29513,-0.558187,70,33,32,1,41,25,0.0376266,0.277182,22,0.0266935,-0.0336102,26,0.0472545,-0.801759,1
O2,S,rolling,36,first_storm,network_mean,41,13,0.297034,1.69641,0,0,0,,,,,11,,2,,,,,,,,,,,,,,,,,,,,1
O2,S,rolling,36,first_storm,oracle,41,13,0.028877,0.567997,0,0,2,,,,,11,,2,,73,0.0646286,1.79315,0.201468,,33,33,0,41,25,0.026529,0.372483,22,0.0259925,-0.0729624,26,0.0121071,-0.0980526,1
O2,S,rolling,36,first_storm,persistence,41,13,0.1612,1.02128,0,0,1,,,,,11,,2,,,,,,,,,,,,,,,,,,,,1
O2,S,rolling,36,after_storm,B0,45,13,0.0663702,0.671165,3,2,0,6,10,11,11,10,8,3,3,73,0.0980677,2.3173,1.3769,73,37,32,1,41,26,0.056965,0.980162,21,0.0227802,0.388216,26,0.0183226,0.00852168,1
O2,S,rolling,36,after_storm,M_TOC,45,13,0.0544705,0.589622,3,2,0,8,10,11,11,10,8,3,3,73,0.0728122,1.93069,0.545062,73,37,34,2,44,26,0.032198,0.60796,21,0.0196074,0.196628,26,0.0210069,-0.259526,1
O2,S,rolling,36,after_storm,M_TOC_h0half,45,13,0.0581881,0.61954,3,2,0,8,10,11,11,10,8,3,3,73,0.0847634,2.13012,0.92606,73,37,32,1,41,26,0.0432632,0.802693,21,0.0216253,0.280342,26,0.0198749,-0.156975,1
O2,S,rolling,36,after_storm,M_TOC_linear,45,13,0.052126,0.567055,3,2,0,8,11,11,11,10,8,3,3,73,0.0690082,1.80491,0.28841,73,37,34,2,44,26,0.0267064,0.487571,21,0.0192848,0.145284,26,0.023017,-0.344444,1
O2,S,rolling,36,after_storm,network_mean,45,13,0.552129,2.19308,3,0,0,,,,,10,,3,,,,,,,,,,,,,,,,,,,,1
O2,S,rolling,36,after_storm,oracle,45,13,0.0365141,0.574257,3,3,0,,,,,10,,3,,73,0.100129,2.20465,1.38713,,37,32,1,41,26,0.0500474,0.946929,21,0.0408251,0.510525,26,0.00925608,-0.0703216,1
O2,S,rolling,36,after_storm,persistence,45,13,0.451565,1.64436,3,0,0,,,,,10,,3,,,,,,,,,,,,,,,,,,,,1
O2,S,rolling,37,falling,B0,112,52,0.429437,3.57558,3,1,2,25,37,47,47,41,37,11,10,293,3.92658,28.8804,-26.639,167,84,81,23,135,103,1.65968,-11.1064,93,1.26618,-7.72327,97,1.00072,-7.80932,4
O2,S,rolling,37,falling,M_TOC,112,52,0.415734,3.46565,3,1,2,25,37,47,47,41,37,11,10,293,3.65451,27.7329,-25.4171,178,84,81,20,132,103,1.58611,-10.791,93,1.20315,-7.43129,97,0.865243,-7.19479,4
O2,S,rolling,37,falling,M_TOC_h0half,112,52,0.426486,3.5466,3,1,2,25,37,48,48,41,38,11,10,293,3.81195,28.2436,-26.0649,178,84,81,20,132,103,1.62872,-10.8672,93,1.2896,-7.81235,97,0.893633,-7.38541,4
O2,S,rolling,37,falling,M_TOC_linear,112,52,0.412331,3.43517,3,1,2,25,37,47,48,41,37,11,10,293,3.57834,27.3191,-24.964,182,84,81,20,132,103,1.55975,-10.6802,93,1.18778,-7.30697,97,0.830806,-6.97682,4
O2,S,rolling,37,falling,network_mean,112,52,3.65935,11.0715,3,0,0,,,,,41,,11,,,,,,,,,,,,,,,,,,,,4
O2,S,rolling,37,falling,oracle,112,52,0.545089,3.62602,3,0,1,,,,,41,,11,,293,1.12525,13.5295,-4.1355,,84,70,4,101,103,0.411721,-2.10673,93,0.409742,-1.41606,97,0.303784,-0.61271,4
O2,S,rolling,37,falling,persistence,112,52,0.864289,5.08154,3,1,2,,,,,41,,11,,,,,,,,,,,,,,,,,,,,4
O2,S,rolling,37,steady,B0,76,39,0.213743,2.38976,4,1,2,15,26,30,34,31,25,8,5,222,2.09493,17.4061,-15.2671,165,59,58,13,91,79,0.648974,-5.5046,68,0.698916,-3.81712,75,0.747036,-5.94541,3
O2,S,rolling,37,steady,M_TOC,76,39,0.21478,2.39092,4,1,2,16,27,30,34,31,25,8,5,222,2.03415,17.112,-14.9519,166,59,58,13,91,79,0.627278,-5.38133,68,0.684395,-3.75612,75,0.722474,-5.81445,3
O2,S,rolling,37,steady,M_TOC_h0half,76,39,0.214436,2.39057,4,1,2,16,26,30,34,31,25,8,5,222,2.02895,17.1437,-14.924,166,59,58,13,91,79,0.632136,-5.38571,68,0.683682,-3.74852,75,0.713136,-5.7898,3
O2,S,rolling,37,steady,M_TOC_linear,76,39,0.215146,2.39131,4,1,2,16,27,30,34,31,25,8,5,222,2.01614,17.0865,-14.8976,167,59,58,13,91,79,0.628539,-5.39645,68,0.677981,-3.73796,75,0.709621,-5.76322,3
O2,S,rolling,37,steady,network_mean,76,39,3.2699,9.06154,4,0,0,,,,,31,,8,,,,,,,,,,,,,,,,,,,,3
O2,S,rolling,37,steady,oracle,76,39,0.241671,2.50361,4,1,0,,,,,31,,8,,222,0.732543,9.46279,-2.94562,,59,58,0,75,79,0.357113,-1.51523,68,0.323796,-1.23916,75,0.051634,-0.191233,3
O2,S,rolling,37,steady,persistence,76,39,0.990747,4.54821,4,0,2,,,,,31,,8,,,,,,,,,,,,,,,,,,,,3
O2,S,rolling,37,first_storm,B0,35,13,0.113177,1.10437,3,1,0,3,6,8,8,10,6,3,2,73,0.257419,3.34673,-0.31116,66,25,21,1,31,26,0.125754,-0.549798,23,0.0546116,-0.471237,24,0.0770529,0.709876,1
O2,S,rolling,37,first_storm,M_TOC,35,13,0.106374,1.0799,3,2,0,2,6,8,8,10,6,3,2,73,0.284508,3.7629,-2.02498,69,25,24,2,35,26,0.150465,-1.14242,23,0.0914062,-0.979491,24,0.0426365,0.0969294,1
O2,S,rolling,37,first_storm,M_TOC_h0half,35,13,0.107699,1.07918,3,2,0,2,6,8,8,10,6,3,2,73,0.268663,3.59693,-1.51477,68,25,23,2,34,26,0.141247,-0.974451,23,0.0789039,-0.842541,24,0.0485125,0.302223,1
O2,S,rolling,37,first_storm,M_TOC_linear,35,13,0.105583,1.08031,3,2,0,2,6,7,8,10,6,3,1,73,0.289994,3.79342,-2.30326,69,25,24,2,35,26,0.151766,-1.19434,23,0.0962213,-1.04167,24,0.0420064,-0.0672519,1
O2,S,rolling,37,first_storm,network_mean,35,13,1.26544,3.43974,3,0,0,,,,,10,,3,,,,,,,,,,,,,,,,,,,,1
O2,S,rolling,37,first_storm,oracle,35,13,0.0985616,1.02543,3,1,0,,,,,10,,3,,73,0.198061,3.03591,-0.959974,,25,24,2,36,26,0.0990902,-0.64123,23,0.0602772,-0.755337,24,0.0386937,0.436593,1
O2,S,rolling,37,first_storm,persistence,35,13,0.329195,1.67974,3,0,0,,,,,10,,3,,,,,,,,,,,,,,,,,,,,1
O2,S,rolling,37,after_storm,B0,30,13,0.204802,1.31129,1,1,1,6,11,12,12,11,10,2,2,73,1.09325,6.30165,-5.5489,55,22,22,3,32,24,0.605674,-2.76829,24,0.435424,-2.16308,25,0.0521489,-0.617536,1
O2,S,rolling,37,after_storm,M_TOC,30,13,0.203924,1.30065,1,1,1,5,11,12,12,11,10,2,2,73,1.19995,7.0312,-6.53354,55,22,22,7,38,24,0.605196,-2.89876,24,0.479856,-2.45382,25,0.114899,-1.18096,1
O2,S,rolling,37,after_storm,M_TOC_h0half,30,13,0.203922,1.30221,1,1,1,5,11,12,12,11,10,2,2,73,1.19024,6.94847,-6.41549,55,22,22,7,37,24,0.610314,-2.88723,24,0.477572,-2.42606,25,0.102354,-1.1022,1
O2,S,rolling,37,after_storm,M_TOC_linear,30,13,0.203946,1.29966,1,1,1,5,11,12,12,11,10,2,2,73,1.24057,7.17753,-6.71976,54,22,22,7,38,24,0.620256,-2.9554,24,0.493374,-2.50768,25,0.126945,-1.25668,1
O2,S,rolling,37,after_storm,network_mean,30,13,1.18894,3.14154,1,0,0,,,,,11,,2,,,,,,,,,,,,,,,,,,,,1
O2,S,rolling,37,after_storm,oracle,30,13,0.121021,1.1393,1,0,0,,,,,11,,2,,73,0.358248,3.9288,-0.202372,,22,22,0,29,24,0.19445,-0.023078,24,0.148274,-0.578068,25,0.0155234,0.398774,1
O2,S,rolling,37,after_storm,persistence,30,13,0.327899,1.57846,1,1,2,,,,,11,,2,,,,,,,,,,,,,,,,,,,,1
O2,S,rolling,38,falling,B0,117,52,0.547809,4.10477,4,2,1,18,43,48,48,40,36,12,12,292,4.47071,25.62,-23.3428,218,102,100,40,163,96,2.75941,-8.94361,91,0.845782,-6.84092,105,0.86551,-7.55831,4
O2,S,rolling,38,falling,M_TOC,117,52,0.542255,4.08365,4,2,1,18,42,48,48,40,36,12,12,292,4.22347,24.6142,-21.9315,225,102,100,34,156,96,2.7038,-8.43437,91,0.751445,-6.36088,105,0.768226,-7.13621,4
O2,S,rolling,38,falling,M_TOC_h0half,117,52,0.542783,4.08352,4,2,1,18,44,48,48,40,36,12,12,292,4.2856,24.9077,-22.4363,225,102,100,36,159,96,2.71277,-8.64634,91,0.785777,-6.56185,105,0.787051,-7.22811,4
O2,S,rolling,38,falling,M_TOC_linear,117,52,0.542753,4.08743,4,2,1,18,43,48,48,40,36,12,12,292,4.07439,23.9744,-21.1905,233,102,100,33,155,96,2.65417,-8.18634,91,0.70143,-6.10358,105,0.718789,-6.90054,4
O2,S,rolling,38,falling,network_mean,117,52,1.73654,7.58974,4,0,0,,,,,40,,12,,,,,,,,,,,,,,,,,,,,4
O2,S,rolling,38,falling,oracle,117,52,0.183611,2.12939,4,4,1,,,,,40,,12,,292,0.644658,10.83,-0.965196,,102,94,15,128,96,0.328175,1.87872,91,0.13746,-0.522053,105,0.179023,-2.32186,4
O2,S,rolling,38,falling,persistence,117,52,1.04392,5.82513,4,0,3,,,,,40,,12,,,,,,,,,,,,,,,,,,,,4
O2,S,rolling,38,steady,B0,89,39,0.168241,2.07675,4,3,1,19,26,30,35,30,24,9,6,219,0.755333,10.8095,-2.46009,196,76,73,6,94,73,0.328803,0.2428,67,0.192926,-0.518366,79,0.233604,-2.18452,3
O2,S,rolling,38,steady,M_TOC,89,39,0.168119,2.07759,4,3,1,19,26,30,35,30,24,9,6,219,0.747353,10.7585,-2.31227,199,76,73,6,94,73,0.323628,0.345865,67,0.194424,-0.519369,79,0.229302,-2.13877,3
O2,S,rolling,38,steady,M_TOC_h0half,89,39,0.168155,2.07737,4,3,1,19,26,30,35,30,24,9,6,219,0.739748,10.6848,-2.39097,197,76,73,6,94,73,0.320697,0.300581,67,0.189557,-0.541286,79,0.229493,-2.15026,3
O2,S,rolling,38,steady,M_TOC_linear,89,39,0.168086,2.07778,4,3,1,19,26,30,35,30,24,9,6,219,0.7294,10.5693,-2.43709,202,76,73,6,93,73,0.317168,0.265984,67,0.186259,-0.579413,79,0.225973,-2.12366,3
O2,S,rolling,38,steady,network_mean,89,39,1.41822,6.0541,4,0,0,,,,,30,,9,,,,,,,,,,,,,,,,,,,,3
O2,S,rolling,38,steady,oracle,89,39,0.115006,1.73404,4,4,1,,,,,30,,9,,219,0.595751,8.30172,1.48159,,76,73,7,94,73,0.254006,2.05005,67,0.103681,0.438506,79,0.238064,-1.00697,3
O2,S,rolling,38,steady,persistence,89,39,1.16583,4.99769,4,2,2,,,,,30,,9,,,,,,,,,,,,,,,,,,,,3
O2,S,rolling,38,first_storm,B0,42,13,0.0516827,0.584972,0,0,1,8,12,12,12,10,9,3,3,73,0.432055,4.41585,3.59443,63,35,25,0,30,24,0.267059,1.39764,23,0.0695274,0.978337,26,0.0954682,1.21845,1
O2,S,rolling,38,first_storm,M_TOC,42,13,0.0610367,0.661786,0,0,1,8,12,12,13,10,9,3,3,73,0.325552,3.52908,2.59074,68,35,27,0,32,24,0.23182,1.1464,23,0.0456299,0.696691,26,0.048103,0.74765,1
O2,S,rolling,38,first_storm,M_TOC_h0half,42,13,0.0581492,0.639092,0,0,1,8,12,12,13,10,9,3,3,73,0.364445,3.85594,3.01686,65,35,26,0,31,24,0.246412,1.27134,23,0.0542076,0.824749,26,0.0638253,0.920765,1
O2,S,rolling,38,first_storm,M_TOC_linear,42,13,0.0636699,0.680881,0,0,1,8,12,12,13,10,9,3,3,73,0.302204,3.3459,2.32407,68,35,27,0,32,24,0.222891,1.0332,23,0.0386913,0.619676,26,0.0406222,0.671196,1
O2,S,rolling,38,first_storm,network_mean,42,13,0.256654,1.50077,0,0,0,,,,,10,,3,,,,,,,,,,,,,,,,,,,,1
O2,S,rolling,38,first_storm,oracle,42,13,0.0120833,0.272726,0,0,0,,,,,10,,3,,73,0.255715,3.24859,-1.61393,,35,33,5,45,24,0.152527,0.16572,23,0.0455213,-0.795889,26,0.0576662,-0.983757,1
O2,S,rolling,38,first_storm,persistence,42,13,0.208198,1.05077,0,0,0,,,,,10,,3,,,,,,,,,,,,,,,,,,,,1
O2,S,rolling,38,after_storm,B0,34,13,0.142965,1.00051,2,1,0,4,8,9,10,10,8,3,1,73,0.256817,3.41169,-2.74933,71,29,28,7,41,24,0.120844,-1.10815,22,0.111215,-1.24552,27,0.0247576,-0.39566,1
O2,S,rolling,38,after_storm,M_TOC,34,13,0.152817,1.07551,2,1,0,4,8,8,9,10,8,3,0,73,0.317715,3.73698,-3.45409,72,29,29,7,42,24,0.172768,-1.56226,22,0.113726,-1.26254,27,0.0312205,-0.629294,1
O2,S,rolling,38,after_storm,M_TOC_h0half,34,13,0.154556,1.08171,2,1,0,4,8,8,9,10,8,3,0,73,0.308177,3.6621,-3.27634,72,29,28,6,40,24,0.168683,-1.50549,22,0.111291,-1.22382,27,0.0282035,-0.547025,1
O2,S,rolling,38,after_storm,M_TOC_linear,34,13,0.151292,1.0698,2,1,0,4,8,8,9,10,8,3,0,73,0.324296,3.78301,-3.5255,72,29,29,7,42,24,0.175802,-1.55896,22,0.11527,-1.28604,27,0.0332237,-0.680493,1
O2,S,rolling,38,after_storm,network_mean,34,13,0.790826,2.54436,2,0,0,,,,,10,,3,,,,,,,,,,,,,,,,,,,,1
O2,S,rolling,38,after_storm,oracle,34,13,0.136132,0.857861,2,1,0,,,,,10,,3,,73,0.185068,2.85592,2.61283,,29,25,0,29,24,0.0965367,1.14479,22,0.0220926,0.441987,27,0.0664386,1.02605,1
O2,S,rolling,38,after_storm,persistence,34,13,0.612172,1.90308,2,0,0,,,,,10,,3,,,,,,,,,,,,,,,,,,,,1
O2,S,rolling,39,falling,B0,113,52,0.205805,2.44548,4,4,4,27,45,47,49,42,37,10,10,295,4.70281,26.4039,-24.9899,209,85,82,48,164,106,1.84408,-7.78601,90,0.904796,-6.44968,99,1.95393,-10.7542,4
O2,S,rolling,39,falling,M_TOC,113,52,0.182813,2.26941,4,4,4,28,44,47,51,42,37,10,10,295,3.90086,23.5846,-21.8904,217,85,82,43,156,106,1.51729,-6.59446,90,0.663814,-5.31633,99,1.71976,-9.97961,4
O2,S,rolling,39,falling,M_TOC_h0half,113,52,0.1876,2.30264,4,4,4,29,44,47,51,42,37,10,10,295,4.10701,24.3896,-22.7308,212,85,82,46,159,106,1.6022,-6.91479,90,0.715655,-5.60302,99,1.78915,-10.213,4
O2,S,rolling,39,falling,M_TOC_linear,113,52,0.178906,2.24583,4,4,4,28,42,48,51,42,38,10,10,295,3.72577,22.7446,-20.801,224,85,82,41,154,106,1.45981,-6.16676,90,0.609423,-4.92838,99,1.65653,-9.70586,4
O2,S,rolling,39,falling,network_mean,113,52,2.85345,9.75538,4,0,0,,,,,42,,10,,,,,,,,,,,,,,,,,,,,4
O2,S,rolling,39,falling,oracle,113,52,0.174243,2.19481,4,4,6,,,,,42,,10,,295,0.720383,10.7852,1.50869,,85,78,11,120,106,0.387267,3.37397,90,0.127492,0.559197,99,0.205623,-2.42448,4
O2,S,rolling,39,falling,persistence,113,52,1.30117,5.76128,4,2,2,,,,,42,,10,,,,,,,,,,,,,,,,,,,,4
O2,S,rolling,39,steady,B0,81,39,0.115517,1.67294,5,3,2,22,31,33,35,31,26,8,7,220,1.13747,10.9362,-6.17458,191,62,62,21,102,75,0.194867,0.606631,71,0.105777,-0.806955,74,0.836825,-5.97425,3
O2,S,rolling,39,steady,M_TOC,81,39,0.105927,1.60649,5,3,2,21,31,33,35,31,26,8,7,220,1.04435,10.4639,-5.82865,193,62,62,19,99,75,0.187242,0.580457,71,0.102404,-0.793725,74,0.754707,-5.61538,3
O2,S,rolling,39,steady,M_TOC_h0half,81,39,0.108748,1.62732,5,3,2,21,31,33,35,31,26,8,7,220,1.06735,10.5846,-5.91754,193,62,62,20,101,75,0.189283,0.578372,71,0.103081,-0.794419,74,0.774988,-5.70149,3
O2,S,rolling,39,steady,M_TOC_linear,81,39,0.103382,1.58651,5,3,2,21,31,33,35,31,26,8,7,220,1.03724,10.4004,-5.6841,193,62,62,19,100,75,0.193921,0.585683,71,0.10042,-0.740974,74,0.742897,-5.52881,3
O2,S,rolling,39,steady,network_mean,81,39,2.02776,7.0659,5,0,0,,,,,31,,8,,,,,,,,,,,,,,,,,,,,3
O2,S,rolling,39,steady,oracle,81,39,0.0879666,1.31941,5,5,2,,,,,31,,8,,220,0.435289,7.711,1.16542,,62,61,6,87,75,0.239347,1.84934,71,0.0937921,0.471736,74,0.102151,-1.15565,3
O2,S,rolling,39,steady,persistence,81,39,0.685207,3.29795,5,3,2,,,,,31,,8,,,,,,,,,,,,,,,,,,,,3
O2,S,rolling,39,first_storm,B0,39,13,0.0531405,0.553352,2,2,0,6,10,10,12,10,8,3,2,73,0.132429,2.30845,1.16629,72,31,24,0,31,26,0.0893787,0.591623,23,0.0245451,0.363939,24,0.0185052,0.210732,1
O2,S,rolling,39,first_storm,M_TOC,39,13,0.0637791,0.677648,2,2,0,6,10,11,11,10,8,3,3,73,0.1162,1.88588,-0.379927,72,31,29,0,36,26,0.071701,0.100607,23,0.0161636,-0.111692,24,0.0283352,-0.368842,1
O2,S,rolling,39,first_storm,M_TOC_h0half,39,13,0.0599946,0.636013,2,2,0,5,10,11,12,10,8,3,3,73,0.113259,1.84801,0.044308,72,31,29,0,36,26,0.0748901,0.250257,23,0.0158042,0.0154777,24,0.0225648,-0.221426,1
O2,S,rolling,39,first_storm,M_TOC_linear,39,13,0.0675554,0.713703,2,2,0,4,10,11,11,10,8,3,3,73,0.125511,2.01358,-0.90138,72,31,29,0,37,26,0.0703307,-0.0694134,23,0.0193881,-0.295895,24,0.0357918,-0.536071,1
O2,S,rolling,39,first_storm,network_mean,39,13,0.685755,2.37256,2,0,0,,,,,10,,3,,,,,,,,,,,,,,,,,,,,1
O2,S,rolling,39,first_storm,oracle,39,13,0.0364696,0.504918,2,1,0,,,,,10,,3,,73,0.138336,2.33339,1.20464,,31,29,0,36,26,0.110775,0.988877,23,0.024842,0.203938,24,0.00271951,0.0118262,1
O2,S,rolling,39,first_storm,persistence,39,13,0.183604,1.19744,2,1,0,,,,,10,,3,,,,,,,,,,,,,,,,,,,,1
O2,S,rolling,39,after_storm,B0,35,13,0.0309512,0.539761,2,1,0,7,11,11,13,11,9,2,2,73,0.174623,2.46578,0.452263,72,28,23,1,31,25,0.0975524,0.200968,24,0.0412322,0.520019,24,0.0358385,-0.268724,1
O2,S,rolling,39,after_storm,M_TOC,35,13,0.0396849,0.581385,2,1,0,8,10,10,13,11,9,2,1,73,0.161073,2.4846,0.190919,72,28,24,3,34,25,0.0834148,0.133652,24,0.0370551,0.462636,24,0.0406033,-0.405369,1
O2,S,rolling,39,after_storm,M_TOC_h0half,35,13,0.0404292,0.587338,2,1,0,8,10,10,13,11,9,2,1,73,0.167282,2.51679,0.301506,72,28,24,2,33,25,0.088136,0.146494,24,0.039917,0.524093,24,0.0392292,-0.36908,1
O2,S,rolling,39,after_storm,M_TOC_linear,35,13,0.0380431,0.570564,2,1,0,8,10,10,13,11,9,2,1,73,0.161313,2.50617,0.0189292,71,28,24,4,35,25,0.0788286,0.106108,24,0.0359595,0.412923,24,0.0465245,-0.500102,1
O2,S,rolling,39,after_storm,network_mean,35,13,0.339646,1.67231,2,0,0,,,,,11,,2,,,,,,,,,,,,,,,,,,,,1
O2,S,rolling,39,after_storm,oracle,35,13,0.035046,0.612718,2,1,0,,,,,11,,2,,73,0.132951,2.54778,0.598247,,28,24,5,36,25,0.0786408,0.714541,24,0.0304938,0.408203,24,0.0238169,-0.524498,1
O2,S,rolling,39,after_storm,persistence,35,13,0.365033,1.28077,2,1,0,,,,,11,,2,,,,,,,,,,,,,,,,,,,,1
O2,S,rolling,40,falling,B0,106,52,0.475864,3.55077,1,1,1,23,35,40,45,41,31,11,9,293,2.64082,20.9213,-18.0682,218,87,86,21,131,108,0.742802,-5.22874,86,0.647827,-5.12707,99,1.25019,-7.71235,4
O2,S,rolling,40,falling,M_TOC,106,52,0.444572,3.48136,1,1,0,21,34,42,45,41,33,11,9,293,2.35409,19.749,-16.3848,229,87,86,18,128,108,0.673689,-4.58627,86,0.566984,-4.63536,99,1.11341,-7.16316,4
O2,S,rolling,40,falling,M_TOC_h0half,106,52,0.455904,3.51315,1,1,0,21,35,41,45,41,32,11,9,293,2.4363,20.0667,-16.929,227,87,86,18,128,108,0.689399,-4.76758,86,0.587504,-4.81431,99,1.1594,-7.34707,4
O2,S,rolling,40,falling,M_TOC_linear,106,52,0.435443,3.47487,1,1,0,21,36,43,44,41,34,11,9,293,2.20714,19.0966,-15.359,231,87,86,17,127,108,0.639892,-4.21675,86,0.532767,-4.36423,99,1.03448,-6.77807,4
O2,S,rolling,40,falling,network_mean,106,52,1.70179,7.77974,1,0,0,,,,,41,,11,,,,,,,,,,,,,,,,,,,,4
O2,S,rolling,40,falling,oracle,106,52,0.178944,2.15561,1,1,2,,,,,41,,11,,293,1.19383,13.2968,-6.58641,,87,80,12,113,108,0.362121,-0.876839,86,0.268156,-2.65461,99,0.563552,-3.05496,4
O2,S,rolling,40,falling,persistence,106,52,1.16103,5.6459,1,0,0,,,,,41,,11,,,,,,,,,,,,,,,,,,,,4
O2,S,rolling,40,steady,B0,80,39,1.14405,4.05617,6,1,2,18,26,29,29,32,22,7,7,221,5.39589,24.3607,-22.7467,155,62,62,22,111,83,3.34483,-10.7106,67,1.17458,-6.28391,71,0.876482,-5.75219,3
O2,S,rolling,40,steady,M_TOC,80,39,1.13895,4.04418,6,1,2,19,26,29,29,32,22,7,7,221,5.34404,24.1925,-22.3235,155,62,62,22,111,83,3.32888,-10.5583,67,1.17215,-6.212,71,0.843009,-5.55316,3
O2,S,rolling,40,steady,M_TOC_h0half,80,39,1.14031,4.04749,6,1,2,18,26,29,29,32,22,7,7,221,5.35935,24.2919,-22.4612,154,62,62,21,110,83,3.33659,-10.602,67,1.1658,-6.21487,71,0.856963,-5.64437,3
O2,S,rolling,40,steady,M_TOC_linear,80,39,1.13782,4.04134,6,1,2,19,26,29,29,32,22,7,7,221,5.32468,24.101,-22.245,156,62,62,22,110,83,3.33325,-10.5425,67,1.15946,-6.1961,71,0.831966,-5.50639,3
O2,S,rolling,40,steady,network_mean,80,39,1.73644,6.74179,6,0,0,,,,,32,,7,,,,,,,,,,,,,,,,,,,,3
O2,S,rolling,40,steady,oracle,80,39,0.397458,2.18432,6,4,0,,,,,32,,7,,221,0.735473,9.80558,-5.55499,,62,59,11,89,83,0.304501,-1.74011,67,0.194727,-2.09417,71,0.236245,-1.72071,3
O2,S,rolling,40,steady,persistence,80,39,1.33451,5.00436,6,1,3,,,,,32,,7,,,,,,,,,,,,,,,,,,,,3
O2,S,rolling,40,first_storm,B0,32,13,0.230863,0.998622,3,2,0,6,9,9,10,11,7,2,2,75,0.515909,3.55537,-1.48095,71,26,23,4,32,28,0.139054,-0.814958,21,0.0257461,-0.0987011,26,0.351109,-0.567291,1
O2,S,rolling,40,first_storm,M_TOC,32,13,0.185793,0.866495,3,2,0,7,9,10,11,11,8,2,2,75,0.539485,3.98558,-2.57496,71,26,26,4,35,28,0.134131,-1.10849,21,0.0344761,-0.39337,26,0.370877,-1.0731,1
O2,S,rolling,40,first_storm,M_TOC_h0half,32,13,0.19671,0.896578,3,2,0,7,9,10,11,11,8,2,2,75,0.531776,3.91855,-2.37506,72,26,24,4,33,28,0.13059,-1.07075,21,0.0322072,-0.366494,26,0.368979,-0.937818,1
O2,S,rolling,40,first_storm,M_TOC_linear,32,13,0.166881,0.830782,3,2,0,7,9,11,11,11,9,2,2,75,0.57316,4.19711,-2.91823,71,26,26,4,36,28,0.150991,-1.23493,21,0.0412333,-0.51089,26,0.380936,-1.17241,1
O2,S,rolling,40,first_storm,network_mean,32,13,1.04047,2.69308,3,0,0,,,,,11,,2,,,,,,,,,,,,,,,,,,,,1
O2,S,rolling,40,first_storm,oracle,32,13,0.280455,1.04458,3,1,0,,,,,11,,2,,75,0.365364,3.90115,-2.38607,,26,26,4,39,28,0.0769956,-0.427429,21,0.053448,-0.198679,26,0.23492,-1.75996,1
O2,S,rolling,40,first_storm,persistence,32,13,1.13983,2.64308,3,0,0,,,,,11,,2,,,,,,,,,,,,,,,,,,,,1
O2,S,rolling,40,after_storm,B0,29,13,0.140381,0.959914,2,2,0,8,11,13,13,11,11,2,2,74,1.15318,7.41193,-6.91171,53,23,23,8,40,27,0.676517,-3.78158,22,0.354406,-2.18244,25,0.122253,-0.947687,1
O2,S,rolling,40,after_storm,M_TOC,29,13,0.164814,1.07466,2,2,1,6,11,13,13,11,11,2,2,74,1.28013,7.79703,-7.47204,50,23,23,8,40,27,0.710116,-3.90773,22,0.404162,-2.34903,25,0.165848,-1.21527,1
O2,S,rolling,40,after_storm,M_TOC_h0half,29,13,0.159093,1.0401,2,2,1,8,11,13,13,11,11,2,2,74,1.26138,7.73068,-7.39147,52,23,23,8,40,27,0.711631,-3.91387,22,0.393652,-2.31119,25,0.156094,-1.16641,1
O2,S,rolling,40,after_storm,M_TOC_linear,29,13,0.169185,1.09984,2,2,1,6,11,13,13,11,11,2,2,74,1.28318,7.79766,-7.52295,49,23,23,7,39,27,0.705693,-3.91751,22,0.402644,-2.35601,25,0.17484,-1.24943,1
O2,S,rolling,40,after_storm,network_mean,29,13,0.508338,2.28308,2,0,0,,,,,11,,2,,,,,,,,,,,,,,,,,,,,1
O2,S,rolling,40,after_storm,oracle,29,13,0.0466452,0.526268,2,2,0,,,,,11,,2,,74,0.224999,3.07116,-1.68026,,23,23,1,30,27,0.142565,-0.953758,22,0.0712447,-0.82484,25,0.0111892,0.0983346,1
O2,S,rolling,40,after_storm,persistence,29,13,0.687054,2.37231,2,0,2,,,,,11,,2,,,,,,,,,,,,,,,,,,,,1
O2,S,rolling,41,falling,B0,97,52,0.933523,4.09187,7,7,1,14,29,36,43,40,28,12,8,293,3.4277,25.8356,-22.746,166,69,67,22,123,107,1.16806,-8.26015,89,0.996777,-7.06739,97,1.26286,-7.41851,4
O2,S,rolling,41,falling,M_TOC,97,52,0.909225,4.11007,7,7,1,14,29,35,43,40,28,12,7,293,3.07953,24.4052,-21.0274,175,69,67,19,118,107,1.08975,-7.77269,89,0.904155,-6.64038,97,1.08563,-6.61437,4
O2,S,rolling,41,falling,M_TOC_h0half,97,52,0.918247,4.10586,7,7,1,14,28,35,43,40,28,12,7,293,3.13236,24.6531,-21.2429,176,69,67,19,119,107,1.10659,-7.84361,89,0.931608,-6.7422,97,1.09417,-6.65706,4
O2,S,rolling,41,falling,M_TOC_linear,97,52,0.898977,4.11164,7,7,1,14,29,35,43,40,28,12,7,293,2.87405,23.5224,-19.9507,179,69,67,19,118,107,1.02839,-7.40234,89,0.847877,-6.33098,97,0.997782,-6.2174,4
O2,S,rolling,41,falling,network_mean,97,52,3.6791,11.6931,7,0,0,,,,,40,,12,,,,,,,,,,,,,,,,,,,,4
O2,S,rolling,41,falling,oracle,97,52,0.351846,3.36711,7,5,0,,,,,40,,12,,293,0.918227,13.4804,3.36888,,69,61,1,91,107,0.445266,1.30714,89,0.195548,-0.117254,97,0.277413,2.17899,4
O2,S,rolling,41,falling,persistence,97,52,2.41579,8.12462,7,6,0,,,,,40,,12,,,,,,,,,,,,,,,,,,,,4
O2,S,rolling,41,steady,B0,70,39,0.619737,3.23099,6,6,2,11,19,27,33,31,22,8,5,219,3.09268,22.7879,-22.2147,85,50,50,17,93,82,1.10263,-7.99969,60,0.847206,-6.2552,77,1.14284,-7.95978,3
O2,S,rolling,41,steady,M_TOC,70,39,0.617256,3.22789,6,6,2,11,20,29,33,31,24,8,5,219,3.08666,22.8029,-22.258,83,50,50,18,94,82,1.11814,-8.09189,60,0.849505,-6.27946,77,1.11901,-7.88665,3
O2,S,rolling,41,steady,M_TOC_h0half,70,39,0.618003,3.22954,6,6,2,11,19,29,33,31,24,8,5,219,3.05883,22.6333,-22.0791,82,50,50,18,93,82,1.10451,-8.00936,60,0.849041,-6.24745,77,1.10528,-7.82233,3
O2,S,rolling,41,steady,M_TOC_linear,70,39,0.616535,3.22302,6,6,2,11,20,29,33,31,24,8,5,219,3.06406,22.705,-22.1624,85,50,50,18,94,82,1.10694,-8.03762,60,0.846489,-6.26828,77,1.11063,-7.85648,3
O2,S,rolling,41,steady,network_mean,70,39,2.26336,7.76462,6,0,0,,,,,31,,8,,,,,,,,,,,,,,,,,,,,3
O2,S,rolling,41,steady,oracle,70,39,0.338981,2.02716,6,5,0,,,,,31,,8,,219,0.534053,8.07468,0.69463,,50,48,5,72,82,0.306935,0.499532,60,0.116177,-0.616774,77,0.11094,0.811872,3
O2,S,rolling,41,steady,persistence,70,39,1.43167,4.95641,6,6,0,,,,,31,,8,,,,,,,,,,,,,,,,,,,,3
O2,S,rolling,41,first_storm,B0,36,13,0.141015,0.943192,3,2,0,6,8,11,13,11,9,2,2,74,0.319866,3.73476,0.975715,68,27,23,0,30,27,0.169097,-0.774781,21,0.0211839,0.320573,26,0.129585,1.42992,1
O2,S,rolling,41,first_storm,M_TOC,36,13,0.109405,0.826519,3,2,0,6,10,13,13,11,11,2,2,74,0.258739,3.39451,-0.13955,73,27,23,0,30,27,0.174843,-1.00806,21,0.0201855,0.022243,26,0.0637102,0.846263,1
O2,S,rolling,41,first_storm,M_TOC_h0half,36,13,0.116985,0.854598,3,2,0,6,9,13,13,11,11,2,2,74,0.26306,3.38959,0.237238,73,27,23,0,30,27,0.165258,-0.911597,21,0.0193005,0.135536,26,0.0785015,1.0133,1
O2,S,rolling,41,first_storm,M_TOC_linear,36,13,0.103518,0.803543,3,2,0,6,10,13,13,11,11,2,2,74,0.249146,3.33901,-0.291271,73,27,23,0,30,27,0.175032,-1.04262,21,0.0202397,0.0295614,26,0.0538737,0.721789,1
O2,S,rolling,41,first_storm,network_mean,36,13,0.828083,2.88231,3,0,0,,,,,11,,2,,,,,,,,,,,,,,,,,,,,1
O2,S,rolling,41,first_storm,oracle,36,13,0.0218827,0.438774,3,3,0,,,,,11,,2,,74,0.0595928,1.7577,0.126572,,27,26,0,34,27,0.0289992,0.268116,21,0.0191514,0.0569872,26,0.0114422,-0.198531,1
O2,S,rolling,41,first_storm,persistence,36,13,0.441545,1.83769,3,2,0,,,,,11,,2,,,,,,,,,,,,,,,,,,,,1
O2,S,rolling,41,after_storm,B0,24,13,0.308637,1.08585,1,0,1,5,10,12,12,10,9,3,3,74,1.0456,6.77176,-5.80339,55,18,18,5,30,27,0.729455,-3.56049,21,0.169661,-1.48722,26,0.146489,-0.755678,1
O2,S,rolling,41,after_storm,M_TOC,24,13,0.305291,1.05565,1,0,1,6,10,12,12,10,9,3,3,74,1.11804,7.06465,-6.47157,55,18,18,5,30,27,0.775728,-3.77853,21,0.19784,-1.70644,26,0.144477,-0.986603,1
O2,S,rolling,41,after_storm,M_TOC_h0half,24,13,0.305375,1.06269,1,0,1,6,10,12,12,10,9,3,3,74,1.10385,6.99029,-6.22116,55,18,18,5,30,27,0.774336,-3.73517,21,0.186286,-1.61283,26,0.143226,-0.873169,1
O2,S,rolling,41,after_storm,M_TOC_linear,24,13,0.305786,1.0503,1,0,1,7,11,12,12,10,9,3,3,74,1.12655,7.09294,-6.55217,55,18,18,5,30,27,0.781649,-3.79541,21,0.199352,-1.72414,26,0.145554,-1.03262,1
O2,S,rolling,41,after_storm,network_mean,24,13,0.771178,2.74,1,0,0,,,,,10,,3,,,,,,,,,,,,,,,,,,,,1
O2,S,rolling,41,after_storm,oracle,24,13,0.0351253,0.552048,1,1,1,,,,,10,,3,,74,0.152357,2.50616,0.454146,,18,18,1,25,27,0.0734119,0.200621,21,0.0232808,-0.289023,26,0.0556646,0.542548,1
O2,S,rolling,41,after_storm,persistence,24,13,0.7476,1.72667,1,0,3,,,,,10,,3,,,,,,,,,,,,,,,,,,,,1
O2,S,rolling,42,falling,B0,105,52,0.180385,2.31119,2,1,0,33,45,47,48,41,38,11,9,292,2.02084,18.3193,-17.4981,251,88,87,31,138,95,0.351621,-4.27632,89,0.45421,-4.79319,108,1.21501,-8.4286,4
O2,S,rolling,42,falling,M_TOC,105,52,0.16693,2.22073,2,1,0,32,45,47,48,41,38,11,9,292,1.78488,16.8125,-15.6476,254,88,87,30,136,95,0.333087,-3.84999,89,0.392501,-4.22164,108,1.05929,-7.57598,4
O2,S,rolling,42,falling,M_TOC_h0half,105,52,0.169955,2.24874,2,1,0,34,45,47,48,41,38,11,9,292,1.88288,17.4964,-16.5269,250,88,87,31,137,95,0.358847,-4.15731,89,0.423843,-4.50689,108,1.10019,-7.86275,4
O2,S,rolling,42,falling,M_TOC_linear,105,52,0.165256,2.19664,2,1,0,32,47,47,48,41,38,11,9,292,1.66617,16.0755,-14.6172,255,88,87,29,135,95,0.316256,-3.55713,89,0.351649,-3.8877,108,0.998263,-7.17236,4
O2,S,rolling,42,falling,network_mean,105,52,4.80763,12.2697,2,0,0,,,,,41,,11,,,,,,,,,,,,,,,,,,,,4
O2,S,rolling,42,falling,oracle,105,52,0.128711,1.97888,2,1,0,,,,,41,,11,,292,0.460204,8.54155,-1.58935,,88,87,4,108,95,0.183858,0.717031,89,0.17267,-1.77359,108,0.103675,-0.532791,4
O2,S,rolling,42,falling,persistence,105,52,1.14994,4.97769,2,0,0,,,,,41,,11,,,,,,,,,,,,,,,,,,,,4
O2,S,rolling,42,steady,B0,79,39,0.2521,2.48977,0,0,1,15,30,33,35,31,27,8,6,219,1.81071,16.6418,-13.5671,172,67,66,22,103,72,0.513651,-2.9266,70,0.530581,-4.51039,77,0.766478,-6.13007,3
O2,S,rolling,42,steady,M_TOC,79,39,0.25382,2.48012,0,0,1,16,29,35,36,31,28,8,7,219,1.67851,15.9298,-12.7994,174,67,66,20,100,72,0.498388,-2.83561,70,0.507067,-4.3473,77,0.673055,-5.61647,3
O2,S,rolling,42,steady,M_TOC_h0half,79,39,0.252898,2.47821,0,0,1,16,30,34,36,31,28,8,6,219,1.71236,16.1159,-13.1303,172,67,66,20,100,72,0.498429,-2.94462,70,0.523073,-4.48255,77,0.690858,-5.70317,3
O2,S,rolling,42,steady,M_TOC_linear,79,39,0.254855,2.48663,0,0,1,16,29,35,36,31,28,8,7,219,1.62572,15.6778,-12.441,174,67,66,18,98,72,0.495912,-2.78944,70,0.500851,-4.3082,77,0.628952,-5.34339,3
O2,S,rolling,42,steady,network_mean,79,39,3.70024,9.88077,0,0,0,,,,,31,,8,,,,,,,,,,,,,,,,,,,,3
O2,S,rolling,42,steady,oracle,79,39,0.156558,1.86403,0,0,1,,,,,31,,8,,219,0.582008,8.16072,0.0238496,,67,63,3,78,72,0.265241,0.588659,70,0.147626,-1.62351,77,0.169141,1.0587,3
O2,S,rolling,42,steady,persistence,79,39,0.973248,4.38205,0,0,0,,,,,31,,8,,,,,,,,,,,,,,,,,,,,3
O2,S,rolling,42,first_storm,B0,33,13,0.02403,0.440675,0,0,0,8,11,12,12,10,9,3,3,74,0.181759,2.88747,0.995484,74,28,26,0,30,25,0.072023,1.10445,23,0.0186325,0.138111,26,0.0911038,-0.247073,1
O2,S,rolling,42,first_storm,M_TOC,33,13,0.0314628,0.543651,0,0,0,7,12,12,13,10,9,3,3,74,0.165485,2.5331,-1.20995,70,28,28,0,33,25,0.0313411,0.247027,23,0.0344431,-0.534687,26,0.0997004,-0.922289,1
O2,S,rolling,42,first_storm,M_TOC_h0half,33,13,0.0282141,0.51375,0,0,0,8,12,12,13,10,9,3,3,74,0.156381,2.54606,-0.526064,72,28,28,0,33,25,0.0370829,0.514295,23,0.0255961,-0.334448,26,0.0937018,-0.705911,1
O2,S,rolling,42,first_storm,M_TOC_linear,33,13,0.0350851,0.57013,0,0,0,7,10,12,13,10,9,3,3,74,0.183396,2.6432,-1.65792,69,28,28,1,34,25,0.0307455,0.0981445,23,0.0450479,-0.694117,26,0.107602,-1.06195,1
O2,S,rolling,42,first_storm,network_mean,33,13,1.08345,2.93974,0,0,0,,,,,10,,3,,,,,,,,,,,,,,,,,,,,1
O2,S,rolling,42,first_storm,oracle,33,13,0.0591029,0.797868,0,0,1,,,,,10,,3,,74,0.178592,2.63573,-0.626626,,28,23,2,29,25,0.0751337,-0.358586,23,0.049032,-0.770696,26,0.0544268,0.502656,1
O2,S,rolling,42,first_storm,persistence,33,13,0.159423,0.970256,0,0,0,,,,,10,,3,,,,,,,,,,,,,,,,,,,,1
O2,S,rolling,42,after_storm,B0,33,13,0.126341,0.823035,1,0,1,7,9,11,13,10,9,3,2,74,0.155245,2.27554,-1.86066,71,29,29,0,34,25,0.0253509,-0.334708,22,0.0544776,-0.721519,27,0.0754161,-0.804433,1
O2,S,rolling,42,after_storm,M_TOC,33,13,0.0990576,0.755937,1,0,1,7,11,12,13,10,10,3,2,74,0.22967,3.06847,-3.03417,70,29,29,1,36,25,0.042006,-0.744147,22,0.0886387,-1.09404,27,0.0990254,-1.19598,1
O2,S,rolling,42,after_storm,M_TOC_h0half,33,13,0.107148,0.777784,1,0,1,7,10,11,13,10,9,3,2,74,0.205412,2.80745,-2.73616,70,29,29,0,35,25,0.036858,-0.635656,22,0.0809781,-1.02586,27,0.0875762,-1.07465,1
O2,S,rolling,42,after_storm,M_TOC_linear,33,13,0.0903865,0.724551,1,0,1,8,11,12,13,10,10,3,2,74,0.251378,3.25267,-3.25267,70,29,29,1,36,25,0.0502517,-0.831024,22,0.0944691,-1.1425,27,0.106658,-1.27914,1
O2,S,rolling,42,after_storm,network_mean,33,13,1.36887,3.37256,1,0,0,,,,,10,,3,,,,,,,,,,,,,,,,,,,,1
O2,S,rolling,42,after_storm,oracle,33,13,0.0493925,0.655105,1,1,1,,,,,10,,3,,74,0.182254,2.60917,-1.65533,,29,27,2,35,25,0.0754622,-0.454502,22,0.0860066,-0.995227,27,0.0207855,-0.205597,1
O2,S,rolling,42,after_storm,persistence,33,13,0.476235,1.54538,1,0,0,,,,,10,,3,,,,,,,,,,,,,,,,,,,,1
O2,S,rolling,43,falling,B0,109,52,0.492049,3.43976,2,1,1,28,43,44,48,42,37,10,7,295,8.99082,39.6609,-39.4587,182,87,87,34,154,104,5.37035,-19.3753,98,2.34485,-11.8031,93,1.27562,-8.28028,4
O2,S,rolling,43,falling,M_TOC,109,52,0.512313,3.78146,2,1,1,23,43,46,49,42,38,10,8,295,7.14655,34.2606,-33.7891,206,87,87,29,146,104,4.3622,-16.7081,98,1.87122,-10.2128,93,0.913133,-6.86825,4
O2,S,rolling,43,falling,M_TOC_h0half,109,52,0.490481,3.54081,2,1,1,26,42,46,49,42,38,10,8,295,7.89605,36.1337,-35.7505,187,87,87,31,148,104,4.87209,-17.7857,98,1.99046,-10.5873,93,1.03349,-7.37749,4
O2,S,rolling,43,falling,M_TOC_linear,109,52,0.500176,3.73635,2,1,1,21,42,45,48,42,37,10,8,295,6.79926,33.2722,-32.6716,207,87,87,24,139,104,4.18754,-16.2402,98,1.77613,-9.87535,93,0.835592,-6.55606,4
O2,S,rolling,43,falling,network_mean,109,52,2.16003,8.25436,2,0,0,,,,,42,,10,,,,,,,,,,,,,,,,,,,,4
O2,S,rolling,43,falling,oracle,109,52,0.320381,2.58912,2,1,1,,,,,42,,10,,295,0.767537,11.3804,-0.626765,,87,80,7,108,104,0.281551,-0.66764,98,0.19876,-0.745895,93,0.287226,0.786769,4
O2,S,rolling,43,falling,persistence,109,52,1.33717,5.34718,2,0,1,,,,,42,,10,,,,,,,,,,,,,,,,,,,,4
O2,S,rolling,43,steady,B0,88,39,0.122989,1.73116,0,0,0,22,32,36,38,31,31,8,5,220,1.10828,11.9919,-8.65552,204,73,71,7,96,74,0.375188,-2.50548,74,0.235617,-2.64656,72,0.497472,-3.50349,3
O2,S,rolling,43,steady,M_TOC,88,39,0.122916,1.73603,0,0,0,22,32,36,38,31,31,8,5,220,0.983721,11.3542,-7.37437,206,73,70,4,90,74,0.361395,-2.21901,74,0.204264,-2.25402,72,0.418062,-2.90135,3
O2,S,rolling,43,steady,M_TOC_h0half,88,39,0.122946,1.73464,0,0,0,22,32,36,38,31,31,8,5,220,1.01891,11.524,-7.81314,207,73,71,4,92,74,0.360328,-2.30234,74,0.212676,-2.37764,72,0.445908,-3.13316,3
O2,S,rolling,43,steady,M_TOC_linear,88,39,0.122883,1.73727,0,0,0,22,32,36,38,31,31,8,5,220,0.972201,11.276,-7.45072,206,73,70,4,91,74,0.345676,-2.17733,74,0.203378,-2.30793,72,0.423147,-2.96546,3
O2,S,rolling,43,steady,network_mean,88,39,0.995034,5.08667,0,0,0,,,,,31,,8,,,,,,,,,,,,,,,,,,,,3
O2,S,rolling,43,steady,oracle,88,39,0.0409007,1.02756,0,0,0,,,,,31,,8,,220,0.432903,7.55801,-4.55353,,73,69,1,84,74,0.174689,-1.67358,74,0.139005,-2.06037,72,0.119209,-0.819586,3
O2,S,rolling,43,steady,persistence,88,39,0.444436,3.18974,0,0,0,,,,,31,,8,,,,,,,,,,,,,,,,,,,,3
O2,S,rolling,43,first_storm,B0,31,13,0.0514512,0.684617,2,1,0,7,8,10,10,11,9,2,1,73,0.218548,3.13403,-2.12063,71,25,25,5,36,23,0.0653864,-0.516562,25,0.078377,-0.867064,25,0.0747847,-0.737004,1
O2,S,rolling,43,first_storm,M_TOC,31,13,0.0465404,0.648925,2,2,0,7,10,11,11,11,10,2,1,73,0.381558,4.12392,-3.80749,66,25,25,7,38,23,0.0987435,-1.13222,25,0.148015,-1.47825,25,0.134799,-1.19701,1
O2,S,rolling,43,first_storm,M_TOC_h0half,31,13,0.0460693,0.622103,2,1,0,7,10,11,11,11,10,2,1,73,0.317907,3.78701,-3.2522,70,25,25,6,37,23,0.0825383,-0.930073,25,0.121962,-1.27544,25,0.113407,-1.04668,1
O2,S,rolling,43,first_storm,M_TOC_linear,31,13,0.048738,0.689344,2,2,0,6,10,11,12,11,10,2,1,73,0.482538,4.67938,-4.48361,60,25,25,9,40,23,0.125125,-1.37075,25,0.185525,-1.73234,25,0.171889,-1.38052,1
O2,S,rolling,43,first_storm,network_mean,31,13,0.50117,1.93205,2,0,0,,,,,11,,2,,,,,,,,,,,,,,,,,,,,1
O2,S,rolling,43,first_storm,oracle,31,13,0.0381105,0.557207,2,1,0,,,,,11,,2,,73,0.338242,2.65766,0.235029,,25,22,5,33,23,0.029584,0.116813,25,0.0388063,0.0851511,25,0.269852,0.0330648,1
O2,S,rolling,43,first_storm,persistence,31,13,0.332651,1.51205,2,0,0,,,,,11,,2,,,,,,,,,,,,,,,,,,,,1
O2,S,rolling,43,after_storm,B0,31,13,0.027307,0.50048,0,0,0,7,13,13,13,10,10,3,3,74,0.430892,4.63281,-4.57575,66,24,24,8,39,24,0.0996018,-1.25391,27,0.10586,-1.47306,23,0.22543,-1.84878,1
O2,S,rolling,43,after_storm,M_TOC,31,13,0.0233587,0.435351,0,0,0,7,11,13,13,10,10,3,3,74,0.452562,4.75924,-4.58417,66,24,24,9,40,24,0.115204,-1.2169,27,0.110136,-1.50876,23,0.227221,-1.85852,1
O2,S,rolling,43,after_storm,M_TOC_h0half,31,13,0.0238424,0.445768,0,0,0,7,13,13,13,10,10,3,3,74,0.460852,4.78025,-4.69064,67,24,24,9,40,24,0.113108,-1.27066,27,0.113373,-1.52594,23,0.23437,-1.89405,1
O2,S,rolling,43,after_storm,M_TOC_linear,31,13,0.0233438,0.432741,0,0,0,7,11,13,13,10,10,3,3,74,0.465615,4.85829,-4.61492,66,24,24,9,40,24,0.119538,-1.20488,27,0.113146,-1.5194,23,0.232931,-1.89064,1
O2,S,rolling,43,after_storm,network_mean,31,13,0.264193,1.52769,0,0,0,,,,,10,,3,,,,,,,,,,,,,,,,,,,,1
O2,S,rolling,43,after_storm,oracle,31,13,0.0300391,0.465164,0,0,0,,,,,10,,3,,74,0.134045,2.28616,-1.76923,,24,24,0,31,24,0.0681699,-0.607699,27,0.0299826,-0.638835,23,0.0358926,-0.522693,1
O2,S,rolling,43,after_storm,persistence,31,13,0.10563,0.937436,0,0,1,,,,,10,,3,,,,,,,,,,,,,,,,,,,,1
O2,S,rolling,44,falling,B0,117,52,0.745037,3.53104,6,6,0,28,42,46,50,41,35,11,11,293,1.61084,16.8748,-15.1201,238,106,106,24,150,87,0.449759,-3.68838,96,0.20777,-3.01306,110,0.95331,-8.41862,4
O2,S,rolling,44,falling,M_TOC,117,52,0.743689,3.53017,6,6,0,25,43,46,51,41,35,11,11,293,1.3922,15.4294,-13.14,245,106,106,23,148,87,0.406519,-3.10685,96,0.176588,-2.39125,110,0.80909,-7.64194,4
O2,S,rolling,44,falling,M_TOC_h0half,117,52,0.743477,3.52963,6,6,0,27,42,46,51,41,35,11,11,293,1.48395,15.9719,-13.897,245,106,106,23,149,87,0.430449,-3.35351,96,0.189614,-2.6278,110,0.863882,-7.91571,4
O2,S,rolling,44,falling,M_TOC_linear,117,52,0.744626,3.5372,6,6,0,26,42,46,51,41,35,11,11,293,1.2738,14.6594,-12.0406,252,106,105,21,145,87,0.38456,-2.841,96,0.162092,-2.0462,110,0.727151,-7.15341,4
O2,S,rolling,44,falling,network_mean,117,52,3.79933,10.509,6,0,0,,,,,41,,11,,,,,,,,,,,,,,,,,,,,4
O2,S,rolling,44,falling,oracle,117,52,0.129795,1.88646,6,6,1,,,,,41,,11,,293,0.353949,7.3261,-3.09089,,106,103,5,120,87,0.143467,-0.828783,96,0.0608156,-0.418635,110,0.149666,-1.84347,4
O2,S,rolling,44,falling,persistence,117,52,1.6178,5.64615,6,4,0,,,,,41,,11,,,,,,,,,,,,,,,,,,,,4
O2,S,rolling,44,steady,B0,84,39,0.123948,1.79374,4,4,0,19,33,36,36,30,27,9,9,219,1.59135,15.1486,-12.8882,151,69,68,23,113,75,0.526394,-4.00426,71,0.407591,-3.50466,73,0.657364,-5.37925,3
O2,S,rolling,44,steady,M_TOC,84,39,0.119618,1.77534,4,4,0,19,33,36,36,30,27,9,9,219,1.55642,15.0304,-12.7267,152,69,68,21,111,75,0.520672,-3.93068,71,0.404674,-3.51493,73,0.631069,-5.28108,3
O2,S,rolling,44,steady,M_TOC_h0half,84,39,0.120933,1.78106,4,4,0,19,33,36,36,30,27,9,9,219,1.5567,15.0494,-12.7956,152,69,68,23,113,75,0.517672,-3.99651,71,0.400607,-3.49029,73,0.638419,-5.30884,3
O2,S,rolling,44,steady,M_TOC_linear,84,39,0.118411,1.76999,4,4,0,19,33,36,36,30,27,9,9,219,1.51149,14.8791,-12.6122,152,69,68,19,109,75,0.521129,-3.95403,71,0.393113,-3.50574,73,0.59725,-5.15246,3
O2,S,rolling,44,steady,network_mean,84,39,2.73089,7.11513,4,0,0,,,,,30,,9,,,,,,,,,,,,,,,,,,,,3
O2,S,rolling,44,steady,oracle,84,39,0.0976578,1.45505,4,4,0,,,,,30,,9,,219,0.388076,6.74257,0.304142,,69,65,0,80,75,0.235953,-0.245493,71,0.0930763,0.826023,73,0.0590472,-0.276389,3
O2,S,rolling,44,steady,persistence,84,39,0.970271,3.88564,4,3,0,,,,,30,,9,,,,,,,,,,,,,,,,,,,,3
O2,S,rolling,44,first_storm,B0,42,13,0.266235,1.47393,3,1,0,1,6,7,8,10,7,3,0,73,0.28005,3.00882,2.59516,69,37,34,0,39,26,0.122157,1.23843,23,0.133898,1.05943,24,0.0239944,0.297303,1
O2,S,rolling,44,first_storm,M_TOC,42,13,0.203246,1.24888,3,1,0,2,8,8,9,10,8,3,0,73,0.183729,2.47277,1.22937,70,37,35,0,40,26,0.0854607,0.812547,23,0.0857505,0.576475,24,0.0125181,-0.159648,1
O2,S,rolling,44,first_storm,M_TOC_h0half,42,13,0.220741,1.31521,3,1,0,1,8,8,9,10,8,3,0,73,0.203995,2.55496,1.63482,69,37,35,0,40,26,0.0949812,0.969307,23,0.0970392,0.715552,24,0.0119742,-0.0500355,1
O2,S,rolling,44,first_storm,M_TOC_linear,42,13,0.188327,1.18943,3,1,0,2,8,9,9,10,9,3,0,73,0.176833,2.46689,1.03859,71,37,35,0,40,26,0.0793037,0.763627,23,0.0834257,0.520031,24,0.014104,-0.245065,1
O2,S,rolling,44,first_storm,network_mean,42,13,1.03662,2.69821,3,0,0,,,,,10,,3,,,,,,,,,,,,,,,,,,,,1
O2,S,rolling,44,first_storm,oracle,42,13,0.0118733,0.331241,3,3,0,,,,,10,,3,,73,0.130903,2.28444,-0.324011,,37,37,1,45,26,0.0855636,-0.546489,23,0.022548,-0.261906,24,0.0227913,0.484384,1
O2,S,rolling,44,first_storm,persistence,42,13,0.619087,2.13923,3,1,0,,,,,10,,3,,,,,,,,,,,,,,,,,,,,1
O2,S,rolling,44,after_storm,B0,32,13,0.0447285,0.684496,2,2,0,4,11,11,13,10,8,3,3,73,0.298993,3.77109,-3.17456,67,26,26,2,34,25,0.188966,-1.63248,23,0.0792366,-0.965972,25,0.0307899,-0.576111,1
O2,S,rolling,44,after_storm,M_TOC,32,13,0.0595546,0.816293,2,2,0,3,10,13,13,10,10,3,3,73,0.508797,4.98894,-4.74742,60,26,26,6,38,25,0.274826,-2.23089,23,0.122846,-1.28271,25,0.111125,-1.23382,1
O2,S,rolling,44,after_storm,M_TOC_h0half,32,13,0.057011,0.798027,2,2,0,3,10,13,13,10,10,3,3,73,0.497639,4.98652,-4.71435,59,26,26,6,38,25,0.267508,-2.19585,23,0.125238,-1.30687,25,0.104892,-1.21163,1
O2,S,rolling,44,after_storm,M_TOC_linear,32,13,0.0611972,0.827843,2,2,0,3,10,13,13,10,10,3,3,73,0.511322,4.99692,-4.77567,59,26,26,6,38,25,0.270873,-2.22209,23,0.124249,-1.28533,25,0.116201,-1.26825,1
O2,S,rolling,44,after_storm,network_mean,32,13,0.98588,2.64051,2,0,0,,,,,10,,3,,,,,,,,,,,,,,,,,,,,1
O2,S,rolling,44,after_storm,oracle,32,13,0.0327335,0.536878,2,2,0,,,,,10,,3,,73,0.23206,3.00998,-0.567802,,26,23,4,31,25,0.140485,-0.43151,23,0.0382841,-0.702433,25,0.0532913,0.566141,1
O2,S,rolling,44,after_storm,persistence,32,13,0.308379,1.6159,2,1,0,,,,,10,,3,,,,,,,,,,,,,,,,,,,,1
O2,S,rolling,45,falling,B0,98,52,0.459657,3.51473,5,3,2,20,33,40,44,41,32,11,8,299,3.60718,25.6061,-18.4906,194,77,77,21,123,109,1.41517,-5.76949,93,0.717727,-5.16633,97,1.47429,-7.55476,4
O2,S,rolling,45,falling,M_TOC,98,52,0.438644,3.44573,5,3,2,24,34,42,44,41,32,11,10,299,3.23282,24.3146,-16.3902,215,77,77,21,123,109,1.32377,-5.11918,93,0.657613,-4.66749,97,1.25143,-6.60348,4
O2,S,rolling,45,falling,M_TOC_h0half,98,52,0.443918,3.46976,5,3,2,24,34,43,44,41,33,11,10,299,3.33753,24.6475,-17.0245,205,77,77,21,123,109,1.34955,-5.32083,93,0.667416,-4.85238,97,1.32056,-6.85133,4
O2,S,rolling,45,falling,M_TOC_linear,98,52,0.429602,3.40363,5,3,2,23,34,40,44,41,31,11,9,299,3.03353,23.4338,-15.3928,219,77,77,20,121,109,1.25734,-4.75669,93,0.601347,-4.3718,97,1.17484,-6.26434,4
O2,S,rolling,45,falling,network_mean,98,52,2.25257,8.94333,5,0,0,,,,,41,,11,,,,,,,,,,,,,,,,,,,,4
O2,S,rolling,45,falling,oracle,98,52,0.0895895,1.66561,5,3,1,,,,,41,,11,,299,0.708088,9.15092,-1.00814,,77,74,4,100,109,0.216751,1.30008,93,0.136194,-1.60208,97,0.355143,-0.706134,4
O2,S,rolling,45,falling,persistence,98,52,1.28969,6.03333,5,2,1,,,,,41,,11,,,,,,,,,,,,,,,,,,,,4
O2,S,rolling,45,steady,B0,64,39,0.300539,2.54675,0,0,2,15,30,32,37,32,26,7,6,220,1.7433,15.4478,-14.6433,138,55,55,20,91,81,0.454492,-3.97297,68,0.49072,-4.59018,71,0.79809,-6.08012,3
O2,S,rolling,45,steady,M_TOC,64,39,0.300932,2.54943,0,0,2,15,30,32,37,32,26,7,6,220,1.73462,15.4804,-14.6511,141,55,55,20,91,81,0.445245,-3.93547,68,0.487607,-4.60945,71,0.801763,-6.10616,3
O2,S,rolling,45,steady,M_TOC_h0half,64,39,0.300811,2.54886,0,0,2,15,30,32,37,32,26,7,6,220,1.73366,15.4332,-14.6307,141,55,55,20,91,81,0.447324,-3.94397,68,0.487506,-4.60138,71,0.798835,-6.08534,3
O2,S,rolling,45,steady,M_TOC_linear,64,39,0.30104,2.54993,0,0,2,15,30,32,37,32,26,7,6,220,1.74294,15.4454,-14.5978,141,55,55,20,91,81,0.451021,-3.93529,68,0.49337,-4.59603,71,0.798544,-6.06648,3
O2,S,rolling,45,steady,network_mean,64,39,1.59428,6.17564,0,0,0,,,,,32,,7,,,,,,,,,,,,,,,,,,,,3
O2,S,rolling,45,steady,oracle,64,39,0.396478,2.1276,0,0,2,,,,,32,,7,,220,0.21174,4.89725,-0.707604,,55,52,2,65,81,0.106,0.370099,68,0.0596738,-1.07777,71,0.0460662,6.61941e-05,3
O2,S,rolling,45,steady,persistence,64,39,1.27063,5.03077,0,0,2,,,,,32,,7,,,,,,,,,,,,,,,,,,,,3
O2,S,rolling,45,first_storm,B0,33,13,0.198307,1.27794,2,0,0,0,5,7,7,10,5,3,2,75,0.518197,4.59384,3.72555,62,26,24,0,30,27,0.200491,1.95365,24,0.205115,1.42285,24,0.112591,0.349047,1
O2,S,rolling,45,first_storm,M_TOC,33,13,0.162363,1.11609,2,0,0,4,6,8,9,10,6,3,2,75,0.378724,4.08697,2.51493,71,26,24,0,30,27,0.1462,1.58705,24,0.151396,1.02797,24,0.0811282,-0.100084,1
O2,S,rolling,45,first_storm,M_TOC_h0half,33,13,0.171506,1.16084,2,0,0,3,6,7,9,10,5,3,2,75,0.418864,4.23495,2.93003,69,26,24,0,30,27,0.163233,1.72826,24,0.16668,1.15605,24,0.0889516,0.0457166,1
O2,S,rolling,45,first_storm,M_TOC_linear,33,13,0.154991,1.07784,2,0,0,4,6,8,9,10,6,3,2,75,0.346857,3.96286,2.21,70,26,24,0,30,27,0.133408,1.49142,24,0.137,0.906168,24,0.0764491,-0.187591,1
O2,S,rolling,45,first_storm,network_mean,33,13,0.487731,1.77308,2,0,0,,,,,10,,3,,,,,,,,,,,,,,,,,,,,1
O2,S,rolling,45,first_storm,oracle,33,13,0.00753004,0.232922,2,2,0,,,,,10,,3,,75,0.116995,2.29751,0.858657,,26,26,0,34,27,0.0609088,0.723657,24,0.0267741,-0.0408964,24,0.0293122,0.175897,1
O2,S,rolling,45,first_storm,persistence,33,13,0.283193,1.33231,2,0,0,,,,,10,,3,,,,,,,,,,,,,,,,,,,,1
O2,S,rolling,45,after_storm,B0,28,13,0.0917095,0.823977,1,1,0,5,9,11,11,10,8,3,3,74,0.675644,5.44229,-5.00111,64,22,22,1,30,26,0.45064,-2.62895,24,0.184769,-1.88037,24,0.0402347,-0.491786,1
O2,S,rolling,45,after_storm,M_TOC,28,13,0.107417,0.918,1,1,0,5,9,10,12,10,8,3,2,74,0.973891,6.70375,-6.53543,59,22,22,1,30,26,0.616408,-3.22123,24,0.28867,-2.41223,24,0.0688133,-0.901968,1
O2,S,rolling,45,after_storm,M_TOC_h0half,28,13,0.096601,0.896208,1,0,0,6,9,10,11,10,8,3,2,74,0.435876,4.60129,-4.26122,70,22,22,1,30,26,0.245556,-1.97122,24,0.134301,-1.55509,24,0.0560188,-0.734903,1
O2,S,rolling,45,after_storm,M_TOC_linear,28,13,0.10066,0.919005,1,0,0,6,8,10,11,10,8,3,2,74,0.47448,4.8283,-4.5493,69,22,22,1,30,26,0.265182,-2.06435,24,0.144509,-1.63242,24,0.0647888,-0.852533,1
O2,S,rolling,45,after_storm,network_mean,28,13,0.351039,1.73692,1,0,0,,,,,10,,3,,,,,,,,,,,,,,,,,,,,1
O2,S,rolling,45,after_storm,oracle,28,13,0.013022,0.284014,1,1,0,,,,,10,,3,,74,0.0826971,1.79903,-0.528655,,22,21,1,28,26,0.0359819,0.132272,24,0.0312332,-0.684069,24,0.0154821,0.023142,1
O2,S,rolling,45,after_storm,persistence,28,13,0.122134,1.02897,1,1,0,,,,,10,,3,,,,,,,,,,,,,,,,,,,,1
O2,S,rolling,46,falling,B0,119,52,0.391915,3.43955,6,6,4,24,42,46,49,42,36,10,10,292,1.65881,17.5193,-14.5779,223,100,95,22,149,101,0.448924,-4.75567,92,0.353825,-2.93939,99,0.856065,-6.88286,4
O2,S,rolling,46,falling,M_TOC,119,52,0.344633,3.31657,6,5,2,26,41,46,49,42,36,10,10,292,1.36271,15.766,-12.4582,230,100,94,22,145,101,0.383839,-4.03625,92,0.297369,-2.40745,99,0.681501,-6.01452,4
O2,S,rolling,46,falling,M_TOC_h0half,119,52,0.358541,3.36466,6,6,4,26,42,46,49,42,36,10,10,292,1.46098,16.3923,-13.2928,228,100,95,22,147,101,0.404623,-4.31467,92,0.316613,-2.64566,99,0.739742,-6.33249,4
O2,S,rolling,46,falling,M_TOC_linear,119,52,0.331161,3.27285,6,5,2,26,39,45,49,42,36,10,9,292,1.28046,15.1694,-11.7832,234,100,94,22,144,101,0.372639,-3.84119,92,0.282777,-2.29382,99,0.625041,-5.64814,4
O2,S,rolling,46,falling,network_mean,119,52,3.66042,10.3413,6,0,0,,,,,42,,10,,,,,,,,,,,,,,,,,,,,4
O2,S,rolling,46,falling,oracle,119,52,0.223869,2.42395,6,6,2,,,,,42,,10,,292,0.446667,8.85073,-0.457631,,100,95,5,120,101,0.166709,0.883941,92,0.115191,0.854186,99,0.164767,-2.19576,4
O2,S,rolling,46,falling,persistence,119,52,1.6457,5.70564,6,4,3,,,,,42,,10,,,,,,,,,,,,,,,,,,,,4
O2,S,rolling,46,steady,B0,86,39,0.6879,3.4914,2,2,1,14,20,25,29,30,19,9,6,220,1.46595,13.7514,-11.4313,168,73,70,6,92,72,0.651455,-4.69137,73,0.553307,-3.78145,75,0.261184,-2.95844,3
O2,S,rolling,46,steady,M_TOC,86,39,0.676986,3.44742,2,2,1,14,22,25,29,30,19,9,6,220,1.41133,13.5303,-11.275,171,73,70,6,92,72,0.619253,-4.56665,73,0.531539,-3.71838,75,0.26054,-2.98995,3
O2,S,rolling,46,steady,M_TOC_h0half,86,39,0.680107,3.46016,2,2,1,14,22,25,29,30,19,9,6,220,1.4318,13.6146,-11.3101,172,73,70,6,92,72,0.632507,-4.6073,73,0.538378,-3.71741,75,0.26091,-2.98542,3
O2,S,rolling,46,steady,M_TOC_linear,86,39,0.674249,3.43613,2,2,1,14,22,26,29,30,19,9,7,220,1.40971,13.4783,-11.1106,173,73,70,6,92,72,0.618173,-4.53319,73,0.535673,-3.66053,75,0.255865,-2.91688,3
O2,S,rolling,46,steady,network_mean,86,39,2.72899,8.15872,2,0,0,,,,,30,,9,,,,,,,,,,,,,,,,,,,,3
O2,S,rolling,46,steady,oracle,86,39,0.302628,1.97133,2,1,2,,,,,30,,9,,220,0.528594,7.90644,-1.38579,,73,68,4,83,72,0.303488,0.217934,73,0.127616,-1.0649,75,0.0974895,-0.538826,3
O2,S,rolling,46,steady,persistence,86,39,0.913214,4.2141,2,1,1,,,,,30,,9,,,,,,,,,,,,,,,,,,,,3
O2,S,rolling,46,first_storm,B0,41,13,0.24413,1.19077,2,1,0,5,7,9,11,10,7,3,2,73,0.615989,5.81325,5.18875,55,33,25,1,30,21,0.253563,2.04868,24,0.14383,1.66702,28,0.218596,1.47305,1
O2,S,rolling,46,first_storm,M_TOC,41,13,0.210627,1.12703,2,1,0,6,8,10,11,10,8,3,2,73,0.451449,4.87622,4.09816,59,33,25,1,30,21,0.202002,1.77569,24,0.100919,1.34699,28,0.148527,0.975473,1
O2,S,rolling,46,first_storm,M_TOC_h0half,41,13,0.217738,1.14275,2,1,0,5,8,10,11,10,8,3,2,73,0.490145,5.12673,4.38042,59,33,25,1,30,21,0.211183,1.83072,24,0.113621,1.45075,28,0.165341,1.09895,1
O2,S,rolling,46,first_storm,M_TOC_linear,41,13,0.205634,1.11594,2,1,0,6,8,10,11,10,8,3,2,73,0.437177,4.77498,3.95845,60,33,25,1,30,21,0.20013,1.74561,24,0.0989725,1.32846,28,0.138074,0.884379,1
O2,S,rolling,46,first_storm,network_mean,41,13,0.887654,2.52692,2,0,0,,,,,10,,3,,,,,,,,,,,,,,,,,,,,1
O2,S,rolling,46,first_storm,oracle,41,13,0.0345167,0.486843,2,2,0,,,,,10,,3,,73,0.0927772,1.87168,-0.336428,,33,33,0,41,21,0.0507563,0.252935,24,0.0134624,0.0539099,28,0.0285585,-0.643274,1
O2,S,rolling,46,first_storm,persistence,41,13,0.373921,1.73692,2,0,0,,,,,10,,3,,,,,,,,,,,,,,,,,,,,1
O2,S,rolling,46,after_storm,B0,36,13,0.0765191,0.618444,2,2,1,10,12,13,13,10,10,3,3,73,0.56294,4.62997,-3.81929,59,30,30,9,46,21,0.0881334,-0.445259,25,0.373841,-2.5304,27,0.100965,-0.843638,1
O2,S,rolling,46,after_storm,M_TOC,36,13,0.0934511,0.637768,2,2,1,11,13,13,13,10,10,3,3,73,0.492402,4.48844,-3.53538,60,30,30,7,44,21,0.0865555,-0.394233,25,0.303495,-2.2381,27,0.102351,-0.90305,1
O2,S,rolling,46,after_storm,M_TOC_h0half,36,13,0.0891531,0.631392,2,2,1,11,13,13,13,10,10,3,3,73,0.519335,4.54123,-3.64488,59,30,30,8,45,21,0.0868486,-0.398457,25,0.330416,-2.35403,27,0.10207,-0.892401,1
O2,S,rolling,46,after_storm,M_TOC_linear,36,13,0.0966598,0.641861,2,2,1,11,13,13,13,10,10,3,3,73,0.482698,4.47285,-3.5702,60,30,30,8,45,21,0.0869204,-0.42936,25,0.293468,-2.21631,27,0.102309,-0.924527,1
O2,S,rolling,46,after_storm,network_mean,36,13,1.4775,3.28077,2,0,0,,,,,10,,3,,,,,,,,,,,,,,,,,,,,1
O2,S,rolling,46,after_storm,oracle,36,13,0.0406458,0.546337,2,2,1,,,,,10,,3,,73,0.0771688,1.81454,-1.17361,,30,30,3,39,21,0.0171455,0.11539,25,0.0290017,-0.533883,27,0.0310215,-0.755113,1
O2,S,rolling,46,after_storm,persistence,36,13,0.829656,1.92923,2,1,0,,,,,10,,3,,,,,,,,,,,,,,,,,,,,1
O2,S,rolling,47,falling,B0,106,52,0.329062,3.06416,2,2,1,25,35,41,46,42,33,10,8,293,2.54063,21.8906,-21.5806,206,94,94,46,161,93,1.22127,-8.87864,91,0.308639,-4.16457,109,1.01072,-8.53736,4
O2,S,rolling,47,falling,M_TOC,106,52,0.312046,2.97514,2,2,0,26,36,41,46,42,33,10,8,293,2.22938,20.2689,-19.5995,226,94,93,40,153,93,1.11242,-8.36488,91,0.246989,-3.54118,109,0.869964,-7.69348,4
O2,S,rolling,47,falling,M_TOC_h0half,106,52,0.317209,3.00201,2,2,0,26,35,41,46,42,33,10,8,293,2.29578,20.671,-20.1526,223,94,93,44,157,93,1.12067,-8.45474,91,0.258797,-3.70761,109,0.916312,-7.99029,4
O2,S,rolling,47,falling,M_TOC_linear,106,52,0.307285,2.95216,2,2,0,26,36,42,46,42,34,10,8,293,2.14678,19.8343,-19.1229,228,94,93,40,152,93,1.05545,-8.14828,91,0.233943,-3.37849,109,0.857389,-7.59615,4
O2,S,rolling,47,falling,network_mean,106,52,5.359,13.7315,2,0,0,,,,,42,,10,,,,,,,,,,,,,,,,,,,,4
O2,S,rolling,47,falling,oracle,106,52,0.149154,2.10078,2,2,1,,,,,42,,10,,293,0.567221,10.2792,-4.94977,,94,94,17,129,93,0.266599,-1.08102,91,0.122921,-1.3589,109,0.1777,-2.50985,4
O2,S,rolling,47,falling,persistence,106,52,1.58369,6.76667,2,0,0,,,,,42,,10,,,,,,,,,,,,,,,,,,,,4
O2,S,rolling,47,steady,B0,96,39,0.21295,2.28076,0,0,0,15,32,36,37,30,28,9,8,219,0.941009,9.87757,-8.28675,188,83,83,16,120,69,0.20553,-1.68671,75,0.116346,-1.56291,75,0.619134,-5.03713,3
O2,S,rolling,47,steady,M_TOC,96,39,0.212698,2.29033,0,0,0,16,32,36,37,30,28,9,8,219,0.779567,9.06365,-7.15524,198,83,83,14,116,69,0.186878,-1.53957,75,0.0936404,-1.2587,75,0.499048,-4.35697,3
O2,S,rolling,47,steady,M_TOC_h0half,96,39,0.214886,2.29011,0,0,0,15,32,36,37,30,28,9,8,219,0.843585,9.46933,-7.73397,194,83,83,14,116,69,0.196152,-1.66062,75,0.105023,-1.44167,75,0.54241,-4.63169,3
O2,S,rolling,47,steady,M_TOC_linear,96,39,0.211416,2.29476,0,0,0,16,32,36,37,30,28,9,8,219,0.756802,8.92449,-6.82439,198,83,83,13,115,69,0.189188,-1.44628,75,0.0920368,-1.15624,75,0.475577,-4.22187,3
O2,S,rolling,47,steady,network_mean,96,39,3.90231,10.481,0,0,0,,,,,30,,9,,,,,,,,,,,,,,,,,,,,3
O2,S,rolling,47,steady,oracle,96,39,0.169608,1.62617,0,0,0,,,,,30,,9,,219,0.199108,5.23921,-2.40386,,83,83,5,101,69,0.0849642,0.0171083,75,0.0572911,-1.09845,75,0.056853,-1.32252,3
O2,S,rolling,47,steady,persistence,96,39,0.790385,4.28077,0,0,0,,,,,30,,9,,,,,,,,,,,,,,,,,,,,3
O2,S,rolling,47,first_storm,B0,46,13,0.0964676,0.901212,2,2,0,3,7,8,9,11,7,2,1,73,0.360369,4.09071,4.04544,60,37,32,0,37,24,0.201229,1.93786,23,0.0987102,1.29179,26,0.0604294,0.815786,1
O2,S,rolling,47,first_storm,M_TOC,46,13,0.0812975,0.812313,2,2,0,5,8,8,11,11,7,2,1,73,0.250266,3.39558,3.13866,69,37,34,1,41,24,0.147243,1.62465,23,0.0678275,1.01427,26,0.0351957,0.499735,1
O2,S,rolling,47,first_storm,M_TOC_h0half,46,13,0.0853614,0.830898,2,2,0,5,7,8,11,11,7,2,1,73,0.267215,3.48687,3.31218,68,37,34,1,41,24,0.153885,1.66345,23,0.0720962,1.06477,26,0.0412337,0.583965,1
O2,S,rolling,47,first_storm,M_TOC_linear,46,13,0.0778767,0.795695,2,2,0,5,8,8,11,11,7,2,1,73,0.220795,3.18336,2.85962,70,37,34,1,41,24,0.129938,1.50823,23,0.0601644,0.927905,26,0.0306924,0.423478,1
O2,S,rolling,47,first_storm,network_mean,46,13,1.69318,4.21692,2,0,0,,,,,11,,2,,,,,,,,,,,,,,,,,,,,1
O2,S,rolling,47,first_storm,oracle,46,13,0.0286412,0.512778,2,2,0,,,,,11,,2,,73,0.0553544,1.53518,0.773569,,37,35,3,44,24,0.0257478,0.439462,23,0.0254601,0.220841,26,0.00414657,0.113266,1
O2,S,rolling,47,first_storm,persistence,46,13,0.785006,2.13564,2,0,0,,,,,11,,2,,,,,,,,,,,,,,,,,,,,1
O2,S,rolling,47,after_storm,B0,34,13,0.141388,0.842115,1,1,0,7,10,10,12,10,8,3,2,74,1.12947,7.92601,-7.92601,21,31,31,13,54,25,0.677542,-3.91534,23,0.373799,-2.78787,26,0.0781317,-1.22281,1
O2,S,rolling,47,after_storm,M_TOC,34,13,0.137114,0.863375,1,1,0,7,10,11,12,10,8,3,3,74,1.19471,8.19281,-8.19281,20,31,31,13,54,25,0.715712,-4.04583,23,0.39533,-2.867,26,0.0836709,-1.27998,1
O2,S,rolling,47,after_storm,M_TOC_h0half,34,13,0.138194,0.857153,1,1,0,7,10,11,12,10,8,3,3,74,1.16581,8.09164,-8.09164,20,31,31,13,54,25,0.697153,-3.98555,23,0.385404,-2.83101,26,0.0832525,-1.27508,1
O2,S,rolling,47,after_storm,M_TOC_linear,34,13,0.136273,0.868935,1,1,0,7,10,11,12,10,8,3,3,74,1.20001,8.21242,-8.21242,20,31,31,13,54,25,0.720689,-4.06224,23,0.397045,-2.87199,26,0.082277,-1.27819,1
O2,S,rolling,47,after_storm,network_mean,34,13,1.39134,3.4459,1,0,0,,,,,10,,3,,,,,,,,,,,,,,,,,,,,1
O2,S,rolling,47,after_storm,oracle,34,13,0.0143888,0.339048,1,1,0,,,,,10,,3,,74,0.095538,2.05673,0.452444,,31,27,0,29,25,0.0430738,-0.0191998,23,0.0159357,-0.0974469,26,0.0365286,0.569091,1
O2,S,rolling,47,after_storm,persistence,34,13,0.684214,2.31718,1,0,0,,,,,10,,3,,,,,,,,,,,,,,,,,,,,1
O2,S,jan_mar_to_jul_sep,32,all_months,B0,88,39,0.164111,1.85781,8,7,1,26,37,37,38,32,30,7,7,219,4.1927,24.7694,-24.6416,193,61,61,38,129,75,2.6099,-11.9635,72,1.17014,-8.06595,72,0.412669,-4.61214,3
O2,S,jan_mar_to_jul_sep,32,all_months,M_TOC,88,39,0.158831,1.79515,8,6,1,27,36,38,38,32,31,7,7,219,3.48749,21.9914,-21.8189,210,61,61,26,117,75,2.43395,-11.2384,72,0.771397,-6.79133,72,0.282143,-3.78915,3
O2,S,jan_mar_to_jul_sep,32,all_months,M_TOC_h0half,88,39,0.156231,1.77327,8,6,1,28,36,37,38,32,30,7,7,219,3.62257,22.6041,-22.4574,204,61,61,26,117,75,2.49527,-11.4184,72,0.809397,-6.98536,72,0.317909,-4.05362,3
O2,S,jan_mar_to_jul_sep,32,all_months,M_TOC_linear,88,39,0.162669,1.82243,8,6,1,27,36,38,38,32,31,7,7,219,3.41162,21.5163,-21.3201,209,61,61,23,114,75,2.4182,-11.1296,72,0.736451,-6.61103,72,0.256966,-3.57953,3
O2,S,jan_mar_to_jul_sep,32,all_months,network_mean,88,39,2.63925,8.17487,8,0,0,,,,,32,,7,,,,,,,,,,,,,,,,,,,,3
O2,S,jan_mar_to_jul_sep,32,all_months,oracle,88,39,0.0900617,1.41806,8,8,2,,,,,32,,7,,219,0.428458,7.43837,3.30307,,61,55,5,88,75,0.202441,1.81939,72,0.112082,0.996019,72,0.113935,0.487665,3
O2,S,jan_mar_to_jul_sep,32,all_months,persistence,88,39,0.937452,3.63436,8,6,3,,,,,32,,7,,,,,,,,,,,,,,,,,,,,3
O2,S,jan_mar_to_jul_sep,33,all_months,B0,78,39,1.67868,5.44046,4,4,6,11,24,31,31,31,23,8,8,219,5.31038,26.679,-25.153,133,62,61,35,120,81,3.06713,-10.8112,72,1.17693,-7.34106,66,1.06632,-7.00072,3
O2,S,jan_mar_to_jul_sep,33,all_months,M_TOC,78,39,1.49585,5.10479,4,4,4,12,26,31,31,31,23,8,8,219,4.86115,24.9947,-23.3908,139,62,61,26,111,81,2.95659,-10.3576,72,1.04461,-6.7747,66,0.859948,-6.2585,3
O2,S,jan_mar_to_jul_sep,33,all_months,M_TOC_h0half,78,39,1.56534,5.23188,4,4,4,13,26,31,31,31,23,8,8,219,4.96468,25.4128,-23.8207,141,62,61,26,111,81,2.9768,-10.4328,72,1.06906,-6.88673,66,0.918829,-6.50113,3
O2,S,jan_mar_to_jul_sep,33,all_months,M_TOC_linear,78,39,1.41535,4.95347,4,4,4,12,23,31,31,31,23,8,8,219,4.59277,23.9351,-22.272,148,62,61,26,111,81,2.85488,-9.92621,72,0.976816,-6.46024,66,0.761077,-5.88557,3
O2,S,jan_mar_to_jul_sep,33,all_months,network_mean,78,39,2.35342,8.14667,4,0,0,,,,,31,,8,,,,,,,,,,,,,,,,,,,,3
O2,S,jan_mar_to_jul_sep,33,all_months,oracle,78,39,0.520583,3.13084,4,3,1,,,,,31,,8,,219,1.80698,10.8271,3.56151,,62,58,0,72,81,1.48979,2.47763,72,0.202054,0.637468,66,0.115131,0.446412,3
O2,S,jan_mar_to_jul_sep,33,all_months,persistence,78,39,1.61026,6.04897,4,3,6,,,,,31,,8,,,,,,,,,,,,,,,,,,,,3
O2,S,jan_mar_to_jul_sep,34,all_months,B0,87,39,0.136448,1.92783,5,4,0,18,32,35,38,32,30,7,5,222,2.28481,19.3536,-19.3399,117,80,80,31,126,66,0.576899,-5.55553,78,0.766762,-6.67367,78,0.94115,-7.11073,3
O2,S,jan_mar_to_jul_sep,34,all_months,M_TOC,87,39,0.131735,1.92469,5,3,0,20,32,35,38,32,29,7,6,222,1.80263,16.7746,-16.7382,149,80,80,31,126,66,0.447839,-4.68634,78,0.590519,-5.67383,78,0.764269,-6.37801,3
O2,S,jan_mar_to_jul_sep,34,all_months,M_TOC_h0half,87,39,0.131802,1.9223,5,4,0,18,32,34,38,32,29,7,5,222,1.90022,17.4237,-17.3994,146,80,80,31,126,66,0.482008,-4.93511,78,0.636087,-5.9862,78,0.782122,-6.47804,3
O2,S,jan_mar_to_jul_sep,34,all_months,M_TOC_linear,87,39,0.133047,1.9386,5,3,0,19,32,35,36,32,29,7,6,222,1.63154,15.6398,-15.5834,155,80,80,31,126,66,0.392834,-4.24302,78,0.522621,-5.21327,78,0.716084,-6.12709,3
O2,S,jan_mar_to_jul_sep,34,all_months,network_mean,87,39,4.55389,10.8608,5,0,0,,,,,32,,7,,,,,,,,,,,,,,,,,,,,3
O2,S,jan_mar_to_jul_sep,34,all_months,oracle,87,39,0.0725146,1.43443,5,4,0,,,,,32,,7,,222,0.298655,6.26312,-3.9055,,80,78,11,95,66,0.0981349,-0.956252,78,0.152699,-2.54258,78,0.0478205,-0.406674,3
O2,S,jan_mar_to_jul_sep,34,all_months,persistence,87,39,1.30598,4.14821,5,3,0,,,,,32,,7,,,,,,,,,,,,,,,,,,,,3
O2,S,jan_mar_to_jul_sep,35,all_months,B0,99,39,0.1631,2.0594,5,5,2,27,35,37,37,31,29,8,8,222,0.788555,9.71227,-7.28942,210,73,64,14,105,72,0.195708,-1.66909,81,0.135854,-1.64005,69,0.456993,-3.98027,3
O2,S,jan_mar_to_jul_sep,35,all_months,M_TOC,99,39,0.156717,1.9602,5,5,2,24,34,37,37,31,29,8,8,222,0.657183,8.72087,-5.58971,212,73,64,8,99,72,0.180843,-1.23991,81,0.106839,-1.01094,69,0.369501,-3.33886,3
O2,S,jan_mar_to_jul_sep,35,all_months,M_TOC_h0half,99,39,0.157584,1.99085,5,5,2,24,34,37,37,31,29,8,8,222,0.708939,9.05976,-6.20145,211,73,64,8,99,72,0.191114,-1.44759,81,0.113666,-1.15951,69,0.404159,-3.59435,3
O2,S,jan_mar_to_jul_sep,35,all_months,M_TOC_linear,99,39,0.162614,1.96196,5,5,2,24,34,37,37,31,29,8,8,222,0.58504,8.16192,-4.34431,212,73,64,8,96,72,0.174197,-0.882674,81,0.090903,-0.539617,69,0.31994,-2.92202,3
O2,S,jan_mar_to_jul_sep,35,all_months,network_mean,99,39,2.7667,8.05,5,0,0,,,,,31,,8,,,,,,,,,,,,,,,,,,,,3
O2,S,jan_mar_to_jul_sep,35,all_months,oracle,99,39,0.161361,1.71326,5,5,2,,,,,31,,8,,222,0.35651,6.09086,-1.42382,,73,69,6,99,72,0.210613,0.298339,81,0.0701569,-1.27617,69,0.0757398,-0.445992,3
O2,S,jan_mar_to_jul_sep,35,all_months,persistence,99,39,0.6056,3.88,5,5,1,,,,,31,,8,,,,,,,,,,,,,,,,,,,,3
O2,S,jan_mar_to_jul_sep,36,all_months,B0,97,39,0.118235,1.73335,1,1,0,19,30,35,38,32,28,7,7,219,2.18251,18.1089,-17.1958,142,78,76,35,132,69,0.42386,-4.06389,66,0.491296,-4.70436,84,1.26735,-8.42759,3
O2,S,jan_mar_to_jul_sep,36,all_months,M_TOC,97,39,0.126028,1.82375,1,1,0,16,29,37,37,32,30,7,7,219,1.64159,15.3503,-14.1325,160,78,76,29,126,69,0.314049,-2.98291,66,0.348297,-3.73883,84,0.979242,-7.41074,3
O2,S,jan_mar_to_jul_sep,36,all_months,M_TOC_h0half,97,39,0.120081,1.79773,1,1,0,17,31,36,38,32,29,7,7,219,1.84659,16.3701,-15.3346,152,78,76,29,126,69,0.356063,-3.46023,66,0.394265,-4.04268,84,1.09626,-7.83171,3
O2,S,jan_mar_to_jul_sep,36,all_months,M_TOC_linear,97,39,0.133565,1.89376,1,1,0,14,29,37,37,32,30,7,7,219,1.54574,14.615,-13.2739,162,78,76,26,123,69,0.28591,-2.65464,66,0.31456,-3.40384,84,0.945275,-7.21546,3
O2,S,jan_mar_to_jul_sep,36,all_months,network_mean,97,39,0.920015,4.70769,1,0,0,,,,,32,,7,,,,,,,,,,,,,,,,,,,,3
O2,S,jan_mar_to_jul_sep,36,all_months,oracle,97,39,0.069746,1.29306,1,1,2,,,,,32,,7,,219,0.540428,7.53776,0.448811,,78,76,8,102,69,0.284814,1.36112,66,0.107505,0.486653,84,0.148109,-1.39897,3
O2,S,jan_mar_to_jul_sep,36,all_months,persistence,97,39,0.652238,3.68462,1,0,0,,,,,32,,7,,,,,,,,,,,,,,,,,,,,3
O2,S,jan_mar_to_jul_sep,37,all_months,B0,76,39,0.281588,2.48123,4,2,0,24,34,37,37,32,30,7,7,222,4.83439,27.9856,-27.2832,135,55,54,30,111,78,2.16554,-11.5691,72,1.43099,-7.73767,72,1.23787,-7.9764,3
O2,S,jan_mar_to_jul_sep,37,all_months,M_TOC,76,39,0.288068,2.54835,4,1,0,26,34,36,37,32,29,7,7,222,4.30681,26.1737,-25.3617,156,55,54,30,108,78,2.03661,-11.1256,72,1.28978,-7.15284,72,0.980428,-7.08327,3
O2,S,jan_mar_to_jul_sep,37,all_months,M_TOC_h0half,76,39,0.284537,2.52275,4,1,0,26,33,36,37,32,29,7,7,222,4.39181,26.4806,-25.7019,153,55,54,30,108,78,2.04197,-11.1437,72,1.31683,-7.27316,72,1.03302,-7.285,3
O2,S,jan_mar_to_jul_sep,37,all_months,M_TOC_linear,76,39,0.293824,2.57807,4,1,0,26,33,36,37,32,29,7,7,222,4.0387,25.1566,-24.241,163,55,54,30,108,78,1.95354,-10.8132,72,1.22583,-6.83547,72,0.859332,-6.5924,3
O2,S,jan_mar_to_jul_sep,37,all_months,network_mean,76,39,3.20718,8.9959,4,0,0,,,,,32,,7,,,,,,,,,,,,,,,,,,,,3
O2,S,jan_mar_to_jul_sep,37,all_months,oracle,76,39,0.207557,2.23737,4,1,0,,,,,32,,7,,222,0.636889,8.82715,-2.93204,,55,54,1,76,78,0.309144,-1.45623,72,0.256671,-0.954234,72,0.0710742,-0.521575,3
O2,S,jan_mar_to_jul_sep,37,all_months,persistence,76,39,2.15155,6.51949,4,1,2,,,,,32,,7,,,,,,,,,,,,,,,,,,,,3
O2,S,jan_mar_to_jul_sep,38,all_months,B0,87,39,0.204359,2.06983,5,4,0,26,38,39,39,31,31,8,8,219,4.39742,25.2557,-25.1382,160,77,77,31,126,69,2.30425,-9.31316,66,0.760944,-6.5817,84,1.33223,-9.24337,3
O2,S,jan_mar_to_jul_sep,38,all_months,M_TOC,87,39,0.23612,2.13346,5,3,0,23,36,38,39,31,30,8,8,219,4.02573,23.2177,-23.0544,168,77,77,28,123,69,2.21501,-8.50982,66,0.615576,-5.82128,84,1.19515,-8.72326,3
O2,S,jan_mar_to_jul_sep,38,all_months,M_TOC_h0half,87,39,0.222893,2.10387,5,3,0,24,37,39,39,31,31,8,8,219,4.12939,23.9143,-23.7823,168,77,77,28,123,69,2.23558,-8.78482,66,0.671789,-6.13917,84,1.22203,-8.85827,3
O2,S,jan_mar_to_jul_sep,38,all_months,M_TOC_linear,87,39,0.251204,2.18228,5,3,0,21,33,38,39,31,30,8,8,219,3.92884,22.726,-22.5149,170,77,77,22,117,69,2.20427,-8.35361,66,0.575794,-5.6137,84,1.14878,-8.54762,3
O2,S,jan_mar_to_jul_sep,38,all_months,network_mean,87,39,1.51625,6.11385,5,0,0,,,,,31,,8,,,,,,,,,,,,,,,,,,,,3
O2,S,jan_mar_to_jul_sep,38,all_months,oracle,87,39,0.0992532,1.59906,5,5,0,,,,,31,,8,,219,0.445108,7.48711,2.11561,,77,75,5,86,69,0.237321,1.8593,66,0.100304,0.882703,84,0.107483,-0.626392,3
O2,S,jan_mar_to_jul_sep,38,all_months,persistence,87,39,1.25308,4.80615,5,4,2,,,,,31,,8,,,,,,,,,,,,,,,,,,,,3
O2,S,jan_mar_to_jul_sep,39,all_months,B0,79,39,0.179933,2.07953,5,5,5,22,34,37,39,30,29,9,8,222,2.84574,22.1756,-21.9087,138,53,53,43,126,78,0.753411,-6.76944,72,0.881897,-7.23154,72,1.21043,-7.90775,3
O2,S,jan_mar_to_jul_sep,39,all_months,M_TOC,79,39,0.128698,1.75709,5,5,4,26,35,38,39,30,29,9,9,222,1.99526,18.1048,-17.7333,175,53,53,43,123,78,0.458282,-5.06722,72,0.576711,-5.74811,72,0.960266,-6.91799,3
O2,S,jan_mar_to_jul_sep,39,all_months,M_TOC_h0half,79,39,0.145022,1.87237,5,5,5,24,35,38,39,30,29,9,9,222,2.30227,19.6709,-19.3143,163,53,53,43,123,78,0.560257,-5.69799,72,0.684224,-6.30402,72,1.05779,-7.31227,3
O2,S,jan_mar_to_jul_sep,39,all_months,M_TOC_linear,79,39,0.113552,1.6346,5,5,4,27,36,38,39,30,29,9,9,222,1.70333,16.3941,-15.9705,177,53,53,40,120,78,0.362731,-4.36468,72,0.46843,-5.08925,72,0.872166,-6.51656,3
O2,S,jan_mar_to_jul_sep,39,all_months,network_mean,79,39,2.51155,7.95256,5,0,0,,,,,30,,9,,,,,,,,,,,,,,,,,,,,3
O2,S,jan_mar_to_jul_sep,39,all_months,oracle,79,39,0.122522,1.58015,5,5,4,,,,,30,,9,,222,0.430395,7.45149,0.474654,,53,52,9,88,78,0.245735,1.91492,72,0.100602,-0.215012,72,0.0840577,-1.22525,3
O2,S,jan_mar_to_jul_sep,39,all_months,persistence,79,39,1.5352,4.89051,5,4,2,,,,,30,,9,,,,,,,,,,,,,,,,,,,,3
O2,S,jan_mar_to_jul_sep,40,all_months,B0,80,39,0.634427,2.92577,6,2,0,17,26,30,31,30,22,9,8,219,1.51223,12.675,-11.5513,191,61,61,23,105,75,0.156324,-1.76769,69,0.273056,-3.48135,75,1.08285,-6.30225,3
O2,S,jan_mar_to_jul_sep,40,all_months,M_TOC,80,39,0.668135,3.14212,6,2,0,12,24,28,31,30,21,9,7,219,1.15302,10.4181,-8.52157,197,61,60,12,93,75,0.115744,-0.842648,69,0.193428,-2.61564,75,0.843852,-5.06329,3
O2,S,jan_mar_to_jul_sep,40,all_months,M_TOC_h0half,80,39,0.65362,3.06258,6,2,0,13,26,28,31,30,21,9,7,219,1.28077,11.2928,-9.81244,195,61,60,18,99,75,0.135098,-1.32103,69,0.229004,-3.03239,75,0.916667,-5.45902,3
O2,S,jan_mar_to_jul_sep,40,all_months,M_TOC_linear,80,39,0.687329,3.25354,6,2,0,12,23,27,29,30,20,9,7,219,1.05005,9.52426,-7.07413,199,61,60,12,93,75,0.109235,-0.385986,69,0.161658,-2.10558,75,0.779158,-4.58256,3
O2,S,jan_mar_to_jul_sep,40,all_months,network_mean,80,39,1.6853,6.53744,6,0,0,,,,,30,,9,,,,,,,,,,,,,,,,,,,,3
O2,S,jan_mar_to_jul_sep,40,all_months,oracle,80,39,0.412649,2.33334,6,4,0,,,,,30,,9,,219,1.19769,11.1794,-4.53479,,61,56,13,89,75,0.238532,-0.347065,69,0.225649,-1.95485,75,0.733513,-2.23288,3
O2,S,jan_mar_to_jul_sep,40,all_months,persistence,80,39,1.06115,4.34256,6,0,0,,,,,30,,9,,,,,,,,,,,,,,,,,,,,3
O2,S,jan_mar_to_jul_sep,41,all_months,B0,74,39,0.252494,2.36645,6,6,1,11,20,25,30,32,20,7,5,222,2.38118,19.0284,-18.0168,132,49,49,23,102,87,0.69594,-6.13516,63,0.68258,-5.23141,72,1.00266,-6.65019,3
O2,S,jan_mar_to_jul_sep,41,all_months,M_TOC,74,39,0.243529,2.32594,6,6,1,12,20,24,30,32,19,7,5,222,1.82893,16.6321,-15.0685,139,49,49,14,90,87,0.58704,-5.26257,63,0.556683,-4.56042,72,0.685209,-5.24553,3
O2,S,jan_mar_to_jul_sep,41,all_months,M_TOC_h0half,74,39,0.246039,2.33755,6,6,1,13,20,24,31,32,19,7,5,222,1.93458,17.1338,-15.6187,139,49,49,14,90,87,0.61276,-5.44503,63,0.595932,-4.74107,72,0.725883,-5.43264,3
O2,S,jan_mar_to_jul_sep,41,all_months,M_TOC_linear,74,39,0.241891,2.32724,6,6,1,13,20,25,29,32,20,7,5,222,1.53649,15.2326,-13.0159,147,49,49,14,90,87,0.50242,-4.46154,63,0.475352,-4.02345,72,0.558715,-4.53087,3
O2,S,jan_mar_to_jul_sep,41,all_months,network_mean,74,39,3.26926,9.31385,6,0,0,,,,,32,,7,,,,,,,,,,,,,,,,,,,,3
O2,S,jan_mar_to_jul_sep,41,all_months,oracle,74,39,0.134283,1.87694,6,6,0,,,,,32,,7,,222,0.376029,7.33782,0.695502,,49,47,0,71,87,0.208094,-0.0372073,63,0.0800314,-0.792965,72,0.0879033,1.52567,3
O2,S,jan_mar_to_jul_sep,41,all_months,persistence,74,39,1.9786,5.49769,6,3,0,,,,,32,,7,,,,,,,,,,,,,,,,,,,,3
O2,S,jan_mar_to_jul_sep,42,all_months,B0,75,39,0.444595,2.86418,1,0,1,18,26,30,34,30,23,9,7,219,2.28378,18.8564,-18.4227,152,60,60,24,105,75,0.505237,-4.80334,66,0.852705,-6.60565,78,0.925833,-7.01367,3
O2,S,jan_mar_to_jul_sep,42,all_months,M_TOC,75,39,0.379604,2.72126,1,0,1,15,26,34,37,30,26,9,8,219,1.80957,16.4757,-15.6222,162,60,60,24,102,75,0.4087,-3.90435,66,0.6737,-5.72878,78,0.727171,-5.98911,3
O2,S,jan_mar_to_jul_sep,42,all_months,M_TOC_h0half,75,39,0.400832,2.77175,1,0,1,16,25,33,36,30,25,9,8,219,1.98257,17.4154,-16.7304,159,60,60,24,105,75,0.457098,-4.32262,66,0.748291,-6.11189,78,0.777181,-6.29588,3
O2,S,jan_mar_to_jul_sep,42,all_months,M_TOC_linear,75,39,0.359081,2.668,1,0,1,15,25,35,37,30,27,9,8,219,1.59464,15.234,-14.1997,168,60,60,21,99,75,0.362736,-3.46901,66,0.588896,-5.2621,78,0.643003,-5.46863,3
O2,S,jan_mar_to_jul_sep,42,all_months,network_mean,75,39,3.90955,10.0649,1,0,0,,,,,30,,9,,,,,,,,,,,,,,,,,,,,3
O2,S,jan_mar_to_jul_sep,42,all_months,oracle,75,39,0.163222,1.9193,1,0,1,,,,,30,,9,,219,0.698938,8.94799,-0.652457,,60,59,5,80,75,0.367274,0.645284,66,0.171919,-1.94491,78,0.159744,0.647173,3
O2,S,jan_mar_to_jul_sep,42,all_months,persistence,75,39,1.10608,4.98103,1,0,0,,,,,30,,9,,,,,,,,,,,,,,,,,,,,3
O2,S,jan_mar_to_jul_sep,43,all_months,B0,90,39,0.100387,1.56248,1,1,0,24,36,38,39,31,31,8,7,219,2.4647,18.4303,-17.5195,162,71,70,14,105,72,1.21885,-7.2344,78,0.60204,-5.34439,69,0.643817,-4.94067,3
O2,S,jan_mar_to_jul_sep,43,all_months,M_TOC,90,39,0.114926,1.72494,1,1,0,24,37,37,38,31,31,8,6,219,1.38996,13.5979,-11.7326,196,71,69,9,96,72,0.665751,-4.60903,78,0.313569,-3.44487,69,0.410643,-3.6787,3
O2,S,jan_mar_to_jul_sep,43,all_months,M_TOC_h0half,90,39,0.107385,1.65862,1,1,0,25,37,38,38,31,31,8,7,219,1.53895,14.4362,-12.9699,192,71,70,14,105,72,0.695145,-4.95721,78,0.360242,-3.87072,69,0.483564,-4.14192,3
O2,S,jan_mar_to_jul_sep,43,all_months,M_TOC_linear,90,39,0.125503,1.80404,1,1,0,23,34,37,38,31,31,8,6,219,1.26625,12.8301,-10.6596,199,71,69,6,93,72,0.615446,-4.16101,78,0.266094,-3.01746,69,0.38471,-3.48109,3
O2,S,jan_mar_to_jul_sep,43,all_months,network_mean,90,39,1.60892,6.16692,1,0,0,,,,,31,,8,,,,,,,,,,,,,,,,,,,,3
O2,S,jan_mar_to_jul_sep,43,all_months,oracle,90,39,0.0451434,1.06473,1,1,0,,,,,31,,8,,219,0.417688,7.23133,-4.33073,,71,68,1,86,72,0.167278,-1.34831,78,0.137185,-1.67377,69,0.113225,-1.30866,3
O2,S,jan_mar_to_jul_sep,43,all_months,persistence,90,39,1.32465,5.01923,1,0,0,,,,,31,,8,,,,,,,,,,,,,,,,,,,,3
O2,S,jan_mar_to_jul_sep,44,all_months,B0,84,39,0.344414,2.24042,5,5,0,16,29,34,37,31,26,8,8,219,1.61238,14.9123,-14.1833,152,77,77,22,114,69,0.434829,-4.21194,69,0.223217,-3.14086,81,0.95433,-6.83048,3
O2,S,jan_mar_to_jul_sep,44,all_months,M_TOC,84,39,0.367325,2.34615,5,4,0,16,30,32,37,31,25,8,7,219,1.19882,12.4712,-11.1368,172,77,77,19,108,69,0.342659,-3.29251,69,0.14823,-2.22201,81,0.707933,-5.62229,3
O2,S,jan_mar_to_jul_sep,44,all_months,M_TOC_h0half,84,39,0.357392,2.3006,5,4,0,15,29,32,37,31,25,8,7,219,1.332,13.2524,-12.299,167,77,77,19,111,69,0.374797,-3.71054,69,0.173286,-2.5626,81,0.783919,-6.02588,3
O2,S,jan_mar_to_jul_sep,44,all_months,M_TOC_linear,84,39,0.380675,2.39828,5,4,0,15,30,32,36,31,25,8,7,219,1.00125,11.2001,-9.43613,175,77,77,16,105,69,0.287246,-2.80403,69,0.116839,-1.66563,81,0.597164,-4.96647,3
O2,S,jan_mar_to_jul_sep,44,all_months,network_mean,84,39,2.95613,7.74667,5,0,0,,,,,31,,8,,,,,,,,,,,,,,,,,,,,3
O2,S,jan_mar_to_jul_sep,44,all_months,oracle,84,39,0.0890333,1.42295,5,5,1,,,,,31,,8,,219,0.327241,6.41436,-1.93046,,77,75,4,87,69,0.162201,-0.816934,69,0.0658725,0.0937475,81,0.0991682,-1.20727,3
O2,S,jan_mar_to_jul_sep,44,all_months,persistence,84,39,1.12,4.05333,5,3,0,,,,,31,,8,,,,,,,,,,,,,,,,,,,,3
O2,S,jan_mar_to_jul_sep,45,all_months,B0,75,39,0.252471,2.3927,3,1,2,16,27,28,33,31,21,8,7,228,1.72365,16.0995,-14.4603,175,63,63,18,99,84,0.333324,-2.99856,69,0.419077,-4.74567,75,0.971251,-6.71605,3
O2,S,jan_mar_to_jul_sep,45,all_months,M_TOC,75,39,0.216858,2.30953,3,1,2,16,26,28,34,31,21,8,7,228,1.23234,13.4959,-11.0585,185,63,63,12,90,84,0.267327,-2.01388,69,0.292406,-3.79189,75,0.672604,-5.25272,3
O2,S,jan_mar_to_jul_sep,45,all_months,M_TOC_h0half,75,39,0.227173,2.33704,3,1,2,17,27,27,36,31,20,8,7,228,1.36275,14.1081,-11.8974,182,63,63,15,93,84,0.276655,-2.15774,69,0.314099,-3.99466,75,0.771996,-5.74496,3
O2,S,jan_mar_to_jul_sep,45,all_months,M_TOC_linear,75,39,0.210279,2.33225,3,1,2,15,26,29,33,31,22,8,7,228,1.03978,12.1555,-9.20728,194,63,63,12,90,84,0.243194,-1.42608,69,0.231371,-3.23726,75,0.565213,-4.54394,3
O2,S,jan_mar_to_jul_sep,45,all_months,network_mean,75,39,1.58023,6.07179,3,0,0,,,,,31,,8,,,,,,,,,,,,,,,,,,,,3
O2,S,jan_mar_to_jul_sep,45,all_months,oracle,75,39,0.399136,2.18293,3,2,1,,,,,31,,8,,228,0.532244,6.32447,-0.0036015,,63,59,2,75,84,0.1142,1.01753,69,0.0853776,-1.33358,75,0.332666,0.312449,3
O2,S,jan_mar_to_jul_sep,45,all_months,persistence,75,39,1.07129,4.33128,3,1,2,,,,,31,,8,,,,,,,,,,,,,,,,,,,,3
O2,S,jan_mar_to_jul_sep,46,all_months,B0,88,39,0.966889,3.79808,2,2,4,18,33,35,36,31,27,8,8,219,2.40842,18.0639,-16.0136,149,68,62,16,105,75,0.900197,-5.80274,69,0.498106,-3.61048,75,1.01012,-6.6004,3
O2,S,jan_mar_to_jul_sep,46,all_months,M_TOC,88,39,0.832623,3.56779,2,2,4,17,34,36,38,31,28,8,8,219,1.91696,16.0166,-13.0372,169,68,62,16,102,75,0.813383,-4.98828,69,0.404769,-2.76022,75,0.698812,-5.28866,3
O2,S,jan_mar_to_jul_sep,46,all_months,M_TOC_h0half,88,39,0.880944,3.64848,2,2,4,19,34,36,38,31,28,8,8,219,2.09108,16.7762,-14.3711,161,68,62,16,105,75,0.84881,-5.38782,69,0.438806,-3.19722,75,0.80346,-5.78605,3
O2,S,jan_mar_to_jul_sep,46,all_months,M_TOC_linear,88,39,0.7813,3.46987,2,2,3,19,34,36,38,31,28,8,8,219,1.74551,15.1702,-11.8214,168,68,62,16,99,75,0.790535,-4.7094,69,0.378167,-2.44638,75,0.576812,-4.66558,3
O2,S,jan_mar_to_jul_sep,46,all_months,network_mean,88,39,2.68945,7.86538,2,0,0,,,,,31,,8,,,,,,,,,,,,,,,,,,,,3
O2,S,jan_mar_to_jul_sep,46,all_months,oracle,88,39,0.109199,1.61335,2,1,2,,,,,31,,8,,219,0.499184,7.55618,-0.914309,,68,62,3,84,75,0.263373,0.897883,69,0.111971,-0.0443258,75,0.123841,-1.76787,3
O2,S,jan_mar_to_jul_sep,46,all_months,persistence,88,39,1.37107,5.32769,2,2,7,,,,,31,,8,,,,,,,,,,,,,,,,,,,,3
O2,S,jan_mar_to_jul_sep,47,all_months,B0,92,39,0.23016,2.31196,0,0,1,23,28,35,36,30,26,9,9,219,1.89621,16.8331,-16.8331,131,77,77,37,135,66,0.520291,-5.16351,69,0.276884,-3.81852,84,1.09903,-7.85111,3
O2,S,jan_mar_to_jul_sep,47,all_months,M_TOC,92,39,0.216055,2.27351,0,0,0,23,31,35,37,30,26,9,9,219,1.49318,14.5,-14.4281,156,77,77,28,126,66,0.430573,-4.5256,69,0.196076,-3.0798,84,0.866529,-6.82267,3
O2,S,jan_mar_to_jul_sep,47,all_months,M_TOC_h0half,92,39,0.22027,2.2844,0,0,0,24,28,35,37,30,26,9,9,219,1.64229,15.3756,-15.3632,142,77,77,31,129,66,0.456167,-4.72891,69,0.228566,-3.39755,84,0.95756,-7.23672,3
O2,S,jan_mar_to_jul_sep,47,all_months,M_TOC_linear,92,39,0.212292,2.25967,0,0,0,24,31,35,37,30,26,9,9,219,1.40459,13.8765,-13.7211,162,77,77,28,126,66,0.385447,-4.181,69,0.180514,-2.88846,84,0.838626,-6.65165,3
O2,S,jan_mar_to_jul_sep,47,all_months,network_mean,92,39,3.92888,10.2518,0,0,0,,,,,30,,9,,,,,,,,,,,,,,,,,,,,3
O2,S,jan_mar_to_jul_sep,47,all_months,oracle,92,39,0.2029,1.87751,0,0,1,,,,,30,,9,,219,0.327329,6.51878,-3.00055,,77,77,8,102,66,0.118315,0.139199,69,0.065249,-0.87638,84,0.143766,-2.26337,3
O2,S,jan_mar_to_jul_sep,47,all_months,persistence,92,39,0.836419,4.29128,0,0,0,,,,,30,,9,,,,,,,,,,,,,,,,,,,,3
O3,C,rolling,32,falling,B0,113,52,0.249437,2.71344,8,4,3,33,47,51,51,40,40,12,11,292,3.93115,24.1967,-23.3008,258,80,79,17,131,100,2.51866,-11.2263,97,0.513612,-5.17746,95,0.898875,-6.89701,4
O3,C,rolling,32,falling,M_TOC,113,52,0.249437,2.71344,8,4,3,33,47,51,51,40,40,12,11,292,3.95538,24.3377,-23.4872,255,80,80,17,133,100,2.51379,-11.2294,97,0.522191,-5.26505,95,0.919407,-6.99274,4
O3,C,rolling,32,falling,oracle,113,52,0.213852,2.63158,8,6,4,,,,,40,,12,,292,0.737065,11.2422,-0.745043,,80,78,6,119,100,0.328143,1.46405,97,0.181344,-0.00151396,95,0.227578,-2.20758,4
O3,C,rolling,32,steady,B0,82,39,0.16044,1.87112,8,7,1,20,33,36,36,30,27,9,9,219,1.06186,10.4436,-4.781,202,63,63,16,103,76,0.555933,-0.340347,71,0.233457,-1.50894,72,0.272474,-2.93171,3
O3,C,rolling,32,steady,M_TOC,82,39,0.16044,1.87112,8,7,1,20,33,36,36,30,27,9,9,219,1.06591,10.4398,-4.75537,200,63,63,16,103,76,0.556795,-0.341357,71,0.233078,-1.47149,72,0.276032,-2.94253,3
O3,C,rolling,32,steady,oracle,82,39,0.424744,2.10826,8,8,2,,,,,30,,9,,219,0.527175,7.5859,1.4629,,63,61,5,87,76,0.352097,2.06688,71,0.0898415,-0.0854418,72,0.0852366,-0.518544,3
O3,C,rolling,32,first_storm,B0,33,13,0.0914239,0.902355,2,0,0,3,8,10,11,11,8,2,2,73,0.860368,4.49242,-2.99114,67,26,23,6,36,25,0.663779,-1.5105,24,0.0541968,-0.318908,24,0.142392,-1.16174,1
O3,C,rolling,32,first_storm,M_TOC,33,13,0.0914239,0.902355,2,0,0,3,8,10,11,11,8,2,2,73,0.863404,4.507,-3.04044,67,26,23,6,37,25,0.667021,-1.52406,24,0.0543448,-0.342859,24,0.142038,-1.17352,1
O3,C,rolling,32,first_storm,oracle,33,13,0.0400669,0.550657,2,2,1,,,,,11,,2,,73,0.158999,2.30963,1.05671,,26,25,0,32,25,0.117719,1.09121,24,0.020475,0.300329,24,0.0208044,-0.33483,1
O3,C,rolling,32,after_storm,B0,29,13,0.222091,1.49097,1,1,3,2,4,5,6,10,5,3,0,74,0.445059,5.05777,-4.85015,39,21,20,8,37,28,0.217726,-2.04348,23,0.10506,-1.37819,23,0.122272,-1.42849,1
O3,C,rolling,32,after_storm,M_TOC,29,13,0.222091,1.49097,1,1,3,2,4,5,6,10,5,3,0,74,0.450138,5.07601,-4.87144,39,21,20,8,37,28,0.218386,-2.04313,23,0.106122,-1.38219,23,0.12563,-1.44612,1
O3,C,rolling,32,after_storm,oracle,29,13,0.0322638,0.522268,1,1,0,,,,,10,,3,,74,0.0920642,1.80408,0.107102,,21,19,1,27,28,0.0633557,0.44019,23,0.00613074,0.15912,23,0.0225777,-0.492207,1
O3,C,rolling,33,falling,B0,110,52,0.735964,4.24729,6,5,4,25,39,45,49,41,34,11,11,292,4.50481,23.8719,-18.4018,212,85,78,18,130,110,2.49817,-4.99462,96,0.871161,-5.9073,86,1.13548,-7.49991,4
O3,C,rolling,33,falling,M_TOC,110,52,0.735964,4.24729,6,5,4,25,39,45,49,41,34,11,11,292,4.49219,23.8627,-18.3207,210,85,78,17,129,110,2.49468,-4.93497,96,0.860188,-5.87157,86,1.13732,-7.51416,4
O3,C,rolling,33,falling,oracle,110,52,0.217136,2.47244,6,6,1,,,,,41,,11,,292,2.17519,14.122,-1.79634,,85,82,6,115,110,1.63868,3.13145,96,0.261936,-2.04552,86,0.274579,-2.88227,4
O3,C,rolling,33,steady,B0,70,39,0.412769,2.74681,5,3,0,19,28,31,34,32,27,7,4,223,1.2271,12.5359,-10.4257,182,56,56,23,105,80,0.231087,-1.27087,73,0.23659,-3.24726,70,0.75942,-5.90755,3
O3,C,rolling,33,steady,M_TOC,70,39,0.412769,2.74681,5,3,0,19,28,31,34,32,27,7,4,223,1.25004,12.6088,-10.4403,180,56,56,23,105,80,0.237427,-1.21799,73,0.238297,-3.25066,70,0.774317,-5.97166,3
O3,C,rolling,33,steady,oracle,70,39,0.461862,2.62105,5,3,3,,,,,32,,7,,223,0.577392,8.96613,2.57858,,56,54,10,81,80,0.336743,2.86629,73,0.103942,0.556303,70,0.136707,-0.84401,3
O3,C,rolling,33,first_storm,B0,24,13,0.0781384,0.90674,2,1,0,5,10,11,11,12,10,1,1,74,1.1108,7.58862,-7.49439,53,19,19,12,41,28,0.487016,-2.82703,25,0.284737,-2.46211,21,0.339048,-2.20526,1
O3,C,rolling,33,first_storm,M_TOC,24,13,0.0781384,0.90674,2,1,0,5,10,11,11,12,10,1,1,74,1.10157,7.5536,-7.47533,51,19,19,12,41,28,0.47971,-2.8074,25,0.284258,-2.46119,21,0.337605,-2.20674,1
O3,C,rolling,33,first_storm,oracle,24,13,0.107278,0.827733,2,2,0,,,,,12,,1,,74,0.214172,2.80483,-0.70945,,19,19,2,27,28,0.114902,0.691942,25,0.0596921,-0.869065,21,0.039578,-0.532326,1
O3,C,rolling,33,after_storm,B0,22,13,0.159035,0.99903,3,1,1,5,9,10,11,11,8,2,2,75,1.12143,7.89234,-7.67732,49,18,18,10,37,28,0.466949,-3.20829,25,0.288793,-2.30103,22,0.365684,-2.16799,1
O3,C,rolling,33,after_storm,M_TOC,22,13,0.159035,0.99903,3,1,1,5,9,10,11,11,8,2,2,75,1.12705,7.90315,-7.6818,48,18,18,10,37,28,0.464498,-3.18556,25,0.293024,-2.31845,22,0.369528,-2.17779,1
O3,C,rolling,33,after_storm,oracle,22,13,0.175645,1.38822,3,1,0,,,,,11,,2,,75,0.224636,2.80575,-0.579457,,18,18,1,25,28,0.145955,0.14454,25,0.0403501,-0.187023,22,0.0383307,-0.536974,1
O3,C,rolling,34,falling,B0,108,52,0.176564,2.33092,5,5,2,31,47,49,52,40,37,12,12,293,2.58857,22.3169,-20.6096,174,93,92,37,154,90,0.610569,-5.20342,103,0.67028,-6.16468,100,1.30772,-9.24153,4
O3,C,rolling,34,falling,M_TOC,108,52,0.176564,2.33092,5,5,2,31,47,49,52,40,37,12,12,293,2.58806,22.461,-20.7802,175,93,92,36,152,90,0.617952,-5.29151,103,0.674217,-6.27139,100,1.29589,-9.21729,4
O3,C,rolling,34,falling,oracle,108,52,0.0890427,1.81764,5,5,1,,,,,40,,12,,293,0.86566,12.5776,-10.5439,,93,93,19,129,90,0.32111,-2.87768,103,0.312772,-3.81419,100,0.231778,-3.85208,4
O3,C,rolling,34,steady,B0,89,39,0.186159,2.00644,6,4,2,19,32,35,37,30,28,9,7,219,1.32877,14.0058,-13.9232,170,74,74,28,125,68,0.262949,-3.5689,73,0.30388,-3.80548,78,0.761935,-6.54884,3
O3,C,rolling,34,steady,M_TOC,89,39,0.186159,2.00644,6,4,2,19,32,35,37,30,28,9,7,219,1.30169,13.9215,-13.8211,169,74,74,28,125,68,0.258402,-3.5459,73,0.302442,-3.8057,78,0.740848,-6.4695,3
O3,C,rolling,34,steady,oracle,89,39,0.092469,1.54746,6,5,1,,,,,30,,9,,219,0.302057,6.45821,-4.30265,,74,74,8,98,68,0.108152,-0.617302,73,0.113867,-1.99103,78,0.0800377,-1.69432,3
O3,C,rolling,34,first_storm,B0,30,13,0.114278,1.04197,0,0,1,4,6,7,9,11,6,2,1,73,1.14604,7.86536,-7.60556,19,25,25,9,40,20,0.286193,-2.10246,28,0.553888,-3.36589,25,0.305958,-2.13721,1
O3,C,rolling,34,first_storm,M_TOC,30,13,0.114278,1.04197,0,0,1,4,6,7,9,11,6,2,1,73,1.13742,7.85056,-7.59249,19,25,25,8,39,20,0.286525,-2.11138,28,0.552836,-3.36901,25,0.298062,-2.11211,1
O3,C,rolling,34,first_storm,oracle,30,13,0.0508474,0.647763,0,0,0,,,,,11,,2,,73,0.210113,2.96691,-2.10256,,25,25,1,31,20,0.0972369,-0.384544,28,0.0955306,-1.16081,25,0.0173451,-0.557203,1
O3,C,rolling,34,after_storm,B0,30,13,0.0795137,0.868609,2,1,0,3,8,12,13,10,9,3,3,73,0.23275,2.90858,-1.19839,59,25,24,5,36,21,0.0267807,0.503356,27,0.0313217,-0.173205,25,0.174647,-1.52854,1
O3,C,rolling,34,after_storm,M_TOC,30,13,0.0795137,0.868609,2,1,0,3,8,12,13,10,9,3,3,73,0.229912,2.80985,-1.31705,59,25,24,5,36,21,0.0234699,0.449239,27,0.029766,-0.228752,25,0.176676,-1.53753,1
O3,C,rolling,34,after_storm,oracle,30,13,0.0162486,0.358631,2,1,0,,,,,10,,3,,73,0.0946904,1.94681,-1.71392,,25,24,5,34,21,0.0184332,-0.248183,27,0.0410588,-0.700932,25,0.0351984,-0.764809,1
O3,C,rolling,35,falling,B0,122,52,0.239262,2.62763,6,4,4,28,41,46,48,40,36,12,10,294,1.43193,15.8929,-10.1399,239,89,77,18,126,100,0.439329,-2.93223,103,0.302699,-1.94669,91,0.6899,-5.26094,4
O3,C,rolling,35,falling,M_TOC,122,52,0.239232,2.62742,6,4,4,28,41,46,48,40,36,12,10,294,1.44124,15.9325,-10.087,245,89,77,18,126,100,0.440904,-2.89652,103,0.303809,-1.93723,91,0.696529,-5.25323,4
O3,C,rolling,35,falling,oracle,122,52,0.314944,3.1006,6,5,6,,,,,40,,12,,294,0.518742,8.9021,-3.28826,,89,83,10,126,100,0.259271,0.0720263,103,0.0876378,-1.12093,91,0.171833,-2.23935,4
O3,C,rolling,35,steady,B0,96,39,0.249508,2.48549,7,6,0,19,29,34,36,32,28,7,6,220,2.73277,18.6511,-17.4366,149,72,72,18,118,75,1.13089,-6.82329,77,0.842039,-5.86425,68,0.759846,-4.74904,3
O3,C,rolling,35,steady,M_TOC,96,39,0.249508,2.48549,7,6,0,19,29,34,36,32,28,7,6,220,2.74813,18.6989,-17.5095,149,72,72,18,118,75,1.13364,-6.84886,77,0.850248,-5.90261,68,0.764244,-4.75806,3
O3,C,rolling,35,steady,oracle,96,39,0.111128,1.40082,7,7,0,,,,,32,,7,,220,0.427146,7.10486,-4.05553,,72,70,8,102,75,0.225016,-0.5018,77,0.0813647,-1.62162,68,0.120765,-1.93211,3
O3,C,rolling,35,first_storm,B0,28,13,0.0389252,0.56851,2,1,1,8,11,12,13,10,9,3,3,74,0.454553,4.86499,-4.53535,56,23,23,9,40,25,0.127291,-1.24462,26,0.0925292,-1.40309,23,0.234733,-1.88763,1
O3,C,rolling,35,first_storm,M_TOC,28,13,0.0389252,0.56851,2,1,1,8,11,12,13,10,9,3,3,74,0.460951,4.90556,-4.55103,56,23,23,8,39,25,0.12976,-1.23275,26,0.095407,-1.42544,23,0.235783,-1.89284,1
O3,C,rolling,35,first_storm,oracle,28,13,0.0369764,0.519297,2,1,1,,,,,10,,3,,74,0.166326,2.66587,-2.21414,,23,23,4,33,25,0.0799483,-0.508572,26,0.0267335,-0.668385,23,0.0596446,-1.03718,1
O3,C,rolling,35,after_storm,B0,29,13,0.0634044,0.66298,1,1,1,8,11,11,12,10,9,3,2,74,0.375371,3.97894,-3.53754,67,25,25,5,36,26,0.1313,-1.16646,25,0.0454653,-0.793688,23,0.198605,-1.57739,1
O3,C,rolling,35,after_storm,M_TOC,29,13,0.0634044,0.66298,1,1,1,8,11,11,12,10,9,3,2,74,0.368057,3.89229,-3.44983,66,25,25,5,36,26,0.125942,-1.13424,25,0.042242,-0.746369,23,0.199873,-1.56922,1
O3,C,rolling,35,after_storm,oracle,29,13,0.077921,0.730306,1,1,2,,,,,10,,3,,74,0.159799,2.44493,-1.88622,,25,25,3,33,26,0.0878967,-0.550713,25,0.0153936,-0.447551,23,0.0565091,-0.887955,1
O3,C,rolling,36,falling,B0,129,52,0.121936,1.99304,4,2,0,29,41,47,50,41,37,11,10,294,1.81597,17.2313,-15.854,231,101,101,35,167,97,0.340164,-3.09956,88,0.279338,-3.55896,109,1.19647,-9.19549,4
O3,C,rolling,36,falling,M_TOC,129,52,0.121936,1.99304,4,2,0,29,41,47,50,41,37,11,10,294,1.79875,17.1161,-15.9017,237,101,101,35,167,97,0.33769,-3.11933,88,0.277639,-3.61322,109,1.18342,-9.16912,4
O3,C,rolling,36,falling,oracle,129,52,0.0880928,1.66116,4,4,1,,,,,41,,11,,294,0.600083,9.13667,2.98829,,101,96,0,123,97,0.353607,2.74654,88,0.121222,1.25252,109,0.125254,-1.01077,4
O3,C,rolling,36,steady,B0,89,39,0.168158,2.01426,3,2,0,18,32,33,36,30,25,9,8,219,1.43021,12.4127,-9.61186,182,72,69,25,112,75,0.333938,-1.66036,61,0.190623,-1.26782,83,0.90565,-6.68369,3
O3,C,rolling,36,steady,M_TOC,89,39,0.168158,2.01426,3,2,0,18,32,33,36,30,25,9,8,219,1.41824,12.4522,-9.64773,180,72,69,25,112,75,0.322336,-1.65991,61,0.19118,-1.3029,83,0.904723,-6.68491,3
O3,C,rolling,36,steady,oracle,89,39,0.154638,1.71041,3,3,2,,,,,30,,9,,219,0.479011,7.32411,-1.92942,,72,72,8,100,75,0.284912,0.498494,61,0.0618333,-0.264658,83,0.132266,-2.16325,3
O3,C,rolling,36,first_storm,B0,33,13,0.0638808,0.709152,0,0,2,4,8,11,12,11,9,2,2,73,0.184614,2.75312,-0.850409,67,27,26,6,38,25,0.0252604,0.603181,22,0.032735,0.00544523,26,0.126619,-1.45904,1
O3,C,rolling,36,first_storm,M_TOC,33,13,0.0638808,0.709152,0,0,2,4,8,11,12,11,9,2,2,73,0.181531,2.71904,-0.8919,68,27,26,6,38,25,0.0237301,0.599705,22,0.0307599,-0.0347953,26,0.127041,-1.45681,1
O3,C,rolling,36,first_storm,oracle,33,13,0.0305278,0.589278,0,0,2,,,,,11,,2,,73,0.0867741,2.01603,0.12542,,27,24,1,32,25,0.0413428,0.43404,22,0.0254311,-0.0750985,26,0.0200003,-0.233521,1
O3,C,rolling,36,after_storm,B0,33,13,0.0498439,0.557128,3,2,0,9,10,11,12,10,8,3,3,73,0.172305,2.37385,-1.09474,68,26,26,7,41,26,0.0202693,0.241043,21,0.0182083,-0.0319242,26,0.133828,-1.30385,1
O3,C,rolling,36,after_storm,M_TOC,33,13,0.0498439,0.557128,3,2,0,9,10,11,12,10,8,3,3,73,0.172557,2.36964,-1.14915,68,26,26,7,41,26,0.0199902,0.205931,21,0.0186075,-0.050452,26,0.13396,-1.30463,1
O3,C,rolling,36,after_storm,oracle,33,13,0.0420993,0.63074,3,2,0,,,,,10,,3,,73,0.149957,2.66916,1.94788,,26,25,0,32,26,0.0948695,1.24584,21,0.0406321,0.705393,26,0.0144556,-0.0033539,1
O3,C,rolling,37,falling,B0,105,52,0.286613,2.9952,3,1,2,27,40,46,47,41,36,11,10,293,3.40734,26.5433,-24.0752,176,78,75,20,125,103,1.32884,-9.60124,93,1.07368,-6.5556,97,1.00482,-7.91834,4
O3,C,rolling,37,falling,M_TOC,105,52,0.286614,2.9952,3,1,2,27,40,46,47,41,36,11,10,293,3.35172,26.3057,-23.7576,183,78,75,19,124,103,1.30458,-9.46032,93,1.05819,-6.46108,97,0.988946,-7.83616,4
O3,C,rolling,37,falling,oracle,105,52,0.433768,3.3036,3,0,1,,,,,41,,11,,293,1.13899,14.0859,-4.29121,,78,70,3,99,103,0.421216,-1.30157,93,0.421316,-1.29246,97,0.296453,-1.69717,4
O3,C,rolling,37,steady,B0,74,39,0.190356,2.1632,4,1,2,18,28,31,35,31,26,8,5,222,2.18969,17.8451,-15.8511,160,57,56,15,91,79,0.590931,-5.27133,68,0.666602,-3.82275,75,0.932151,-6.75706,3
O3,C,rolling,37,steady,M_TOC,74,39,0.190356,2.1632,4,1,2,18,28,31,35,31,26,8,5,222,2.09235,17.402,-15.2659,157,57,56,15,91,79,0.557572,-5.04388,68,0.632766,-3.60624,75,0.902007,-6.61575,3
O3,C,rolling,37,steady,oracle,74,39,0.220058,2.43155,4,1,0,,,,,31,,8,,222,0.780948,9.96888,-4.62188,,57,56,2,75,79,0.359647,-1.31809,68,0.321998,-1.47792,75,0.0993033,-1.82587,3
O3,C,rolling,37,first_storm,B0,25,13,0.109692,1.11561,2,0,1,2,6,7,8,10,6,3,1,73,0.698631,5.95046,-5.37564,47,17,17,5,31,26,0.243004,-1.91851,23,0.213473,-1.74291,24,0.242154,-1.71422,1
O3,C,rolling,37,first_storm,M_TOC,25,13,0.109692,1.11561,2,0,1,2,6,7,8,10,6,3,1,73,0.669761,5.8087,-5.21429,48,17,17,5,31,26,0.228621,-1.84058,23,0.200982,-1.67996,24,0.240159,-1.69374,1
O3,C,rolling,37,first_storm,oracle,25,13,0.100095,1.03604,2,0,0,,,,,10,,3,,73,0.212854,3.09429,-0.846625,,17,17,0,25,26,0.123941,-0.477746,23,0.0649691,-0.676533,24,0.0239438,0.307653,1
O3,C,rolling,37,after_storm,B0,26,13,0.172682,1.2147,1,1,1,5,11,12,12,11,10,2,2,73,1.43966,8.11678,-7.77901,41,19,19,5,31,24,0.626181,-3.01819,24,0.535545,-2.69636,25,0.277937,-2.06445,1
O3,C,rolling,37,after_storm,M_TOC,26,13,0.172682,1.2147,1,1,1,5,11,12,12,11,10,2,2,73,1.41343,8.05155,-7.67912,43,19,19,5,31,24,0.606634,-2.96131,24,0.523258,-2.65636,25,0.283542,-2.06145,1
O3,C,rolling,37,after_storm,oracle,26,13,0.12404,1.15114,1,0,0,,,,,11,,2,,73,0.363744,3.9787,-0.458071,,19,18,0,25,24,0.207252,0.0615727,24,0.145792,-0.596103,25,0.0106996,0.0764594,1
O3,C,rolling,38,falling,B0,111,52,0.413714,3.59457,4,2,2,21,37,44,45,40,32,12,12,292,3.21263,24.2993,-21.3629,191,98,96,35,154,96,1.34716,-5.96424,91,0.658664,-6.08526,105,1.2068,-9.3134,4
O3,C,rolling,38,falling,M_TOC,111,52,0.413714,3.59457,4,2,2,21,37,44,45,40,32,12,12,292,3.24977,24.4866,-21.5044,189,98,96,34,153,96,1.35092,-5.97021,91,0.673063,-6.15295,105,1.22578,-9.38126,4
O3,C,rolling,38,falling,oracle,111,52,0.202877,2.33039,4,4,0,,,,,40,,12,,292,0.813222,11.0613,0.234516,,98,94,6,116,96,0.440056,3.21289,91,0.109394,-0.520899,105,0.263772,-2.45748,4
O3,C,rolling,38,steady,B0,84,39,0.167361,2.08086,4,3,1,18,26,29,34,30,22,9,7,219,0.762666,10.6544,-2.532,197,71,68,10,92,73,0.3366,0.581021,67,0.164196,-0.465682,79,0.261869,-2.64734,3
O3,C,rolling,38,steady,M_TOC,84,39,0.167361,2.08086,4,3,1,18,26,29,34,30,22,9,7,219,0.756914,10.6534,-2.64738,196,71,68,10,92,73,0.328165,0.540544,67,0.164496,-0.488292,79,0.264253,-2.69963,3
O3,C,rolling,38,steady,oracle,84,39,0.123087,1.80358,4,4,1,,,,,30,,9,,219,0.629077,8.83273,0.279687,,71,69,11,94,73,0.260821,2.25836,67,0.0926507,0.276117,79,0.275605,-2.25479,3
O3,C,rolling,38,first_storm,B0,29,13,0.0539884,0.763786,0,0,0,3,13,13,13,10,10,3,3,73,0.215337,2.96741,-0.475311,71,24,21,4,30,24,0.133832,0.47209,23,0.0187788,-0.218027,26,0.0627262,-0.729374,1
O3,C,rolling,38,first_storm,M_TOC,29,13,0.0539884,0.763786,0,0,0,3,13,13,13,10,10,3,3,73,0.218239,2.99796,-0.481097,71,24,21,4,30,24,0.136236,0.476144,23,0.0191662,-0.219819,26,0.0628377,-0.737423,1
O3,C,rolling,38,first_storm,oracle,29,13,0.015642,0.292623,0,0,0,,,,,10,,3,,73,0.210354,3.15615,-1.28648,,24,22,8,37,24,0.102996,0.670966,23,0.0430064,-0.803041,26,0.064351,-1.15441,1
O3,C,rolling,38,after_storm,B0,26,13,0.108554,0.925202,2,1,0,5,8,10,11,10,8,3,2,73,0.42525,4.83473,-4.51974,65,22,22,10,37,24,0.139061,-1.21758,22,0.134449,-1.52647,27,0.15174,-1.77569,1
O3,C,rolling,38,after_storm,M_TOC,26,13,0.108554,0.925202,2,1,0,5,8,10,11,10,8,3,2,73,0.418711,4.7605,-4.44306,66,22,22,9,37,24,0.133465,-1.17015,22,0.129056,-1.4887,27,0.15619,-1.78421,1
O3,C,rolling,38,after_storm,oracle,26,13,0.0947983,0.769362,2,1,0,,,,,10,,3,,73,0.100363,1.87684,0.332242,,22,22,3,29,24,0.059189,0.701864,22,0.0142059,-0.0490919,27,0.0269683,-0.32053,1
O3,C,rolling,39,falling,B0,105,52,0.162069,2.22709,4,4,4,27,40,46,51,42,36,10,10,295,3.7683,23.3468,-19.7108,220,79,74,43,148,106,1.1727,-4.34375,90,0.469073,-3.83607,99,2.12653,-11.531,4
O3,C,rolling,39,falling,M_TOC,105,52,0.162069,2.22709,4,4,4,27,40,46,51,42,36,10,10,295,3.7804,23.4348,-19.6765,217,79,74,43,148,106,1.1954,-4.38178,90,0.467761,-3.79103,99,2.11724,-11.5037,4
O3,C,rolling,39,falling,oracle,105,52,0.190682,2.30541,4,4,5,,,,,42,,10,,295,0.903339,12.3141,-0.20091,,79,73,16,119,106,0.407832,3.50023,90,0.144891,0.199018,99,0.350616,-3.90016,4
O3,C,rolling,39,steady,B0,81,39,0.115009,1.70622,5,3,2,21,31,33,35,31,26,8,7,220,1.35766,11.8486,-7.12558,179,62,62,20,100,75,0.193798,0.661582,71,0.113387,-0.934335,74,1.05047,-6.85283,3
O3,C,rolling,39,steady,M_TOC,81,39,0.115009,1.70622,5,3,2,21,31,33,35,31,26,8,7,220,1.35843,11.8293,-7.10942,180,62,62,19,99,75,0.193733,0.669706,71,0.112732,-0.933546,74,1.05196,-6.84558,3
O3,C,rolling,39,steady,oracle,81,39,0.0969921,1.41572,5,5,3,,,,,31,,8,,220,0.570351,8.70502,-1.12215,,62,61,9,90,75,0.233181,1.6844,71,0.0985844,-0.00884863,74,0.238585,-2.79771,3
O3,C,rolling,39,first_storm,B0,25,13,0.0784407,0.800361,1,1,1,4,8,10,11,10,7,3,3,73,0.567186,4.78277,-4.30414,62,20,20,5,32,26,0.101948,-0.843677,23,0.0772118,-1.07022,24,0.388025,-2.39025,1
O3,C,rolling,39,first_storm,M_TOC,25,13,0.0784407,0.800361,1,1,1,4,8,10,11,10,7,3,3,73,0.559215,4.74061,-4.24253,61,20,20,5,32,26,0.102116,-0.814695,23,0.0738963,-1.04964,24,0.383203,-2.3782,1
O3,C,rolling,39,first_storm,oracle,25,13,0.0358457,0.496086,1,0,1,,,,,10,,3,,73,0.167181,2.60741,0.58154,,20,20,0,25,26,0.114846,1.02208,23,0.0209776,0.0781532,24,0.0313574,-0.518698,1
O3,C,rolling,39,after_storm,B0,29,13,0.0225892,0.443889,1,1,0,9,11,13,13,11,11,2,2,73,0.363224,3.62465,-1.72956,68,22,20,4,31,25,0.0853863,-0.0186825,24,0.0445352,-0.0267092,24,0.233302,-1.68417,1
O3,C,rolling,39,after_storm,M_TOC,29,13,0.0225892,0.443889,1,1,0,9,11,13,13,11,11,2,2,73,0.365286,3.63986,-1.6334,68,22,20,4,31,25,0.0880672,0.0153572,24,0.0439868,0.0159806,24,0.233232,-1.66474,1
O3,C,rolling,39,after_storm,oracle,29,13,0.0322694,0.58581,1,1,0,,,,,11,,2,,73,0.221386,3.14548,-0.574991,,22,21,3,31,25,0.0699154,0.597931,24,0.0342492,0.146213,24,0.117222,-1.31914,1
O3,C,rolling,40,falling,B0,99,52,0.384448,3.26158,1,1,0,24,39,41,44,41,33,11,8,293,2.59581,20.9425,-17.653,220,82,82,17,123,108,0.6184,-4.10656,86,0.553608,-4.80097,99,1.4238,-8.74549,4
O3,C,rolling,40,falling,M_TOC,99,52,0.384448,3.26158,1,1,0,24,39,41,44,41,33,11,8,293,2.62099,20.9883,-17.766,224,82,82,21,127,108,0.604724,-4.0999,86,0.548389,-4.79007,99,1.46788,-8.87605,4
O3,C,rolling,40,falling,oracle,99,52,0.150738,2.05723,1,1,2,,,,,41,,11,,293,1.0972,12.0599,-6.9648,,82,80,11,112,108,0.331935,-0.913759,86,0.246042,-2.81235,99,0.519227,-3.2387,4
O3,C,rolling,40,steady,B0,80,39,1.10959,3.96258,5,0,3,18,27,29,30,32,22,7,7,221,5.55204,25.0797,-23.9569,154,62,62,25,114,83,3.3991,-10.9781,67,1.20592,-6.57411,71,0.947018,-6.40466,3
O3,C,rolling,40,steady,M_TOC,80,39,1.10959,3.96258,5,0,3,18,27,29,30,32,22,7,7,221,5.55295,25.039,-23.8761,151,62,62,24,114,83,3.39848,-10.9326,67,1.20536,-6.54724,71,0.949109,-6.39634,3
O3,C,rolling,40,steady,oracle,80,39,0.395962,2.20907,5,3,1,,,,,32,,7,,221,0.817576,10.3612,-7.05053,,62,60,11,92,83,0.312668,-1.68619,67,0.206421,-2.44309,71,0.298486,-2.92125,3
O3,C,rolling,40,first_storm,B0,24,13,0.171837,0.751144,3,2,0,7,11,12,12,11,10,2,2,75,0.817901,5.82525,-5.66607,59,19,19,8,32,28,0.238317,-1.93776,21,0.0778915,-1.17514,26,0.501692,-2.55317,1
O3,C,rolling,40,first_storm,M_TOC,24,13,0.171837,0.751144,3,2,0,7,11,12,12,11,10,2,2,75,0.83621,5.99506,-5.88398,60,19,19,8,32,28,0.23682,-2.01018,21,0.0904052,-1.27251,26,0.508985,-2.60129,1
O3,C,rolling,40,first_storm,oracle,24,13,0.321213,1.15515,3,2,0,,,,,11,,2,,75,0.432249,3.83683,-3.70392,,19,19,5,29,28,0.063104,-0.9283,21,0.0730711,-0.954304,26,0.296074,-1.82131,1
O3,C,rolling,40,after_storm,B0,28,13,0.173285,1.21703,2,2,1,5,9,11,12,11,9,2,2,74,1.78516,9.17771,-9.03527,42,23,23,6,35,27,0.928002,-4.19661,22,0.540704,-2.82762,25,0.316452,-2.01103,1
O3,C,rolling,40,after_storm,M_TOC,28,13,0.173285,1.21703,2,2,1,5,9,11,12,11,9,2,2,74,1.78645,9.17666,-9.03457,42,23,23,6,36,27,0.932614,-4.21448,22,0.535249,-2.81279,25,0.318584,-2.0073,1
O3,C,rolling,40,after_storm,oracle,28,13,0.0441117,0.506709,2,0,0,,,,,11,,2,,74,0.235068,3.26032,-2.16821,,23,23,0,29,27,0.150115,-0.957847,22,0.0649816,-0.85651,25,0.0199713,-0.353857,1
O3,C,rolling,41,falling,B0,91,52,0.767201,4.0335,7,6,0,14,28,34,41,40,27,12,7,293,3.06462,24.5132,-20.3297,172,65,63,23,118,107,0.962001,-6.59023,89,0.800546,-6.10569,97,1.30207,-7.63379,4
O3,C,rolling,41,falling,M_TOC,91,52,0.767201,4.0335,7,6,0,14,28,34,41,40,27,12,7,293,3.10489,24.6285,-20.4773,170,65,63,23,118,107,0.968558,-6.59519,89,0.810729,-6.16864,97,1.3256,-7.71345,4
O3,C,rolling,41,falling,oracle,91,52,0.288501,3.13791,7,6,0,,,,,40,,12,,293,0.869312,12.1104,-1.54315,,65,60,6,95,107,0.439611,0.967968,89,0.186262,-1.09111,97,0.243438,-1.42,4
O3,C,rolling,41,steady,B0,67,39,0.570063,3.22153,6,6,2,10,21,28,31,31,23,8,5,219,3.3304,23.4842,-22.8276,81,47,47,21,93,82,1.153,-8.10998,60,0.874611,-6.32329,77,1.30279,-8.3943,3
O3,C,rolling,41,steady,M_TOC,67,39,0.570063,3.22153,6,6,2,10,21,28,31,31,23,8,5,219,3.40989,23.8089,-23.1854,78,47,47,21,93,82,1.19916,-8.30943,60,0.907107,-6.43915,77,1.30362,-8.43687,3
O3,C,rolling,41,steady,oracle,67,39,0.305824,1.99962,6,5,0,,,,,31,,8,,219,0.572454,7.98743,-0.775621,,47,45,8,74,82,0.323524,0.563223,60,0.118601,-0.745772,77,0.130328,-0.593073,3
O3,C,rolling,41,first_storm,B0,25,13,0.0630676,0.688813,1,1,1,9,13,13,13,11,11,2,2,74,1.28824,7.50038,-7.30024,48,19,19,4,30,27,0.841628,-3.75531,21,0.265962,-1.85991,26,0.180653,-1.68502,1
O3,C,rolling,41,first_storm,M_TOC,25,13,0.0630676,0.688813,1,1,1,9,13,13,13,11,11,2,2,74,1.27016,7.46633,-7.28356,48,19,19,4,30,27,0.827487,-3.74168,21,0.260007,-1.83766,26,0.182666,-1.70421,1
O3,C,rolling,41,first_storm,oracle,25,13,0.0268648,0.490206,1,1,0,,,,,11,,2,,74,0.110954,2.03519,1.42007,,19,17,0,23,27,0.0731645,0.926712,21,0.024295,0.349967,26,0.0134941,0.143391,1
O3,C,rolling,41,after_storm,B0,18,13,0.329981,0.988181,1,0,1,9,11,12,12,10,9,3,3,74,1.87536,9.48556,-9.33274,38,13,13,10,31,27,1.18441,-4.75219,21,0.411609,-2.64461,26,0.27934,-1.93594,1
O3,C,rolling,41,after_storm,M_TOC,18,13,0.329981,0.988181,1,0,1,9,11,12,12,10,9,3,3,74,1.85968,9.43506,-9.30188,36,13,13,10,31,27,1.17924,-4.73027,21,0.403116,-2.6248,26,0.277328,-1.94681,1
O3,C,rolling,41,after_storm,oracle,18,13,0.0328168,0.533599,1,1,1,,,,,10,,3,,74,0.267428,3.60206,-2.33472,,13,13,6,25,27,0.0880299,-0.347082,21,0.0728643,-0.95691,26,0.106533,-1.03073,1
O3,C,rolling,42,falling,B0,99,52,0.162351,2.1964,2,1,0,28,47,47,49,41,38,11,9,292,2.52836,19.6211,-18.5701,248,85,84,34,136,95,0.30204,-3.58221,89,0.414569,-4.52996,108,1.81176,-10.4579,4
O3,C,rolling,42,falling,M_TOC,99,52,0.162351,2.1964,2,1,0,28,47,47,49,41,38,11,9,292,2.56193,19.8257,-18.8221,245,85,84,33,135,95,0.306143,-3.68804,89,0.417905,-4.56148,108,1.83788,-10.5726,4
O3,C,rolling,42,falling,oracle,99,52,0.168574,2.34319,2,1,0,,,,,41,,11,,292,0.546604,9.36092,-3.26622,,85,84,6,107,95,0.219533,0.759132,89,0.186881,-2.01758,108,0.14019,-2.00777,4
O3,C,rolling,42,steady,B0,76,39,0.251676,2.46511,0,0,1,15,30,34,37,31,28,8,6,219,2.12245,18.0258,-15.0826,155,64,63,25,104,72,0.525654,-2.94896,70,0.567314,-4.81476,77,1.02949,-7.3189,3
O3,C,rolling,42,steady,M_TOC,76,39,0.251676,2.46511,0,0,1,15,30,34,37,31,28,8,6,219,2.12718,18.0097,-15.0758,156,64,63,25,103,72,0.520779,-2.91304,70,0.563054,-4.77879,77,1.04335,-7.38395,3
O3,C,rolling,42,steady,oracle,76,39,0.147747,1.8292,0,0,1,,,,,31,,8,,219,0.582288,8.24811,-1.58834,,64,62,6,80,72,0.290421,0.763134,70,0.154777,-1.85641,77,0.13709,-0.495067,3
O3,C,rolling,42,first_storm,B0,23,13,0.0388573,0.61248,0,0,0,5,11,12,13,10,9,3,3,74,0.501115,4.16003,-3.09659,61,20,20,6,30,25,0.0300932,0.23067,23,0.0843486,-0.996977,26,0.386673,-2.33028,1
O3,C,rolling,42,first_storm,M_TOC,23,13,0.0388573,0.61248,0,0,0,5,11,12,13,10,9,3,3,74,0.49519,4.13611,-3.04655,62,20,20,6,30,25,0.0302908,0.23229,23,0.0783393,-0.951109,26,0.38656,-2.32773,1
O3,C,rolling,42,first_storm,oracle,23,13,0.0547897,0.720081,0,0,0,,,,,10,,3,,74,0.0773955,1.73328,-0.438869,,20,20,2,24,25,0.0344712,-0.000256508,23,0.0332379,-0.227349,26,0.00968644,-0.211264,1
O3,C,rolling,42,after_storm,B0,24,13,0.0564631,0.633782,0,0,1,8,11,11,13,10,9,3,2,74,0.542091,4.85109,-4.83751,59,22,22,7,33,25,0.0551818,-0.923248,22,0.120621,-1.38115,27,0.366288,-2.53312,1
O3,C,rolling,42,after_storm,M_TOC,24,13,0.0564631,0.633782,0,0,1,8,11,11,13,10,9,3,2,74,0.539023,4.84948,-4.84575,59,22,22,7,33,25,0.0543156,-0.927941,22,0.121769,-1.39021,27,0.362939,-2.5276,1
O3,C,rolling,42,after_storm,oracle,24,13,0.0526898,0.704738,0,0,1,,,,,10,,3,,74,0.219401,3.1983,-2.50073,,22,22,2,28,25,0.09145,-0.474263,22,0.0904273,-1.15693,27,0.0375239,-0.86954,1
O3,C,rolling,43,falling,B0,101,52,0.388612,3.46018,1,1,1,23,42,50,50,42,40,10,10,295,4.63993,28.3559,-27.2517,198,82,82,23,132,104,2.4302,-11.8173,98,1.18693,-7.79419,93,1.0228,-7.6402,4
O3,C,rolling,43,falling,M_TOC,101,52,0.388612,3.46018,1,1,1,23,42,50,50,42,40,10,10,295,4.57977,28.0851,-27.0484,200,82,82,20,129,104,2.41528,-11.823,98,1.18372,-7.76227,93,0.98077,-7.46312,4
O3,C,rolling,43,falling,oracle,101,52,0.27082,2.26907,1,1,1,,,,,42,,10,,295,0.767374,11.7671,-4.65382,,82,79,11,113,104,0.278347,-1.08877,98,0.208111,-1.77796,93,0.280916,-1.78709,4
O3,C,rolling,43,steady,B0,86,39,0.129063,1.79912,0,0,0,20,31,36,38,31,31,8,5,220,1.29782,12.9304,-10.402,198,71,69,9,96,74,0.37936,-2.93629,74,0.267389,-3.00825,72,0.651073,-4.45744,3
O3,C,rolling,43,steady,M_TOC,86,39,0.129063,1.79912,0,0,0,20,31,36,38,31,31,8,5,220,1.26315,12.7602,-10.1945,197,71,69,7,94,74,0.376727,-2.92534,74,0.258773,-2.92304,72,0.627646,-4.34613,3
O3,C,rolling,43,steady,oracle,86,39,0.0487548,1.12972,0,0,0,,,,,31,,8,,220,0.468241,8.00473,-5.77905,,71,69,2,85,74,0.201861,-2.12314,74,0.171369,-2.37506,72,0.0950106,-1.28085,3
O3,C,rolling,43,first_storm,B0,29,13,0.0613939,0.727103,1,0,1,6,10,11,11,11,10,2,1,73,0.708155,5.66716,-5.48882,46,24,24,6,36,23,0.110825,-1.21143,25,0.207922,-1.89718,25,0.389409,-2.38021,1
O3,C,rolling,43,first_storm,M_TOC,29,13,0.0613939,0.727103,1,0,1,6,10,11,11,11,10,2,1,73,0.689817,5.61701,-5.43733,46,24,24,6,36,23,0.109677,-1.20936,25,0.205353,-1.88908,25,0.374786,-2.33889,1
O3,C,rolling,43,first_storm,oracle,29,13,0.0381547,0.553419,1,0,1,,,,,11,,2,,73,0.480194,3.14244,-0.368203,,24,22,0,27,23,0.0522841,-0.269648,25,0.0362635,-0.0435042,25,0.391646,-0.0550513,1
O3,C,rolling,43,after_storm,B0,25,13,0.0238263,0.443531,0,0,0,8,12,13,13,10,10,3,3,74,0.719239,5.77371,-5.37397,59,19,19,10,36,24,0.118365,-1.03652,27,0.131154,-1.56869,23,0.46972,-2.76877,1
O3,C,rolling,43,after_storm,M_TOC,25,13,0.0238263,0.443531,0,0,0,8,12,13,13,10,10,3,3,74,0.696965,5.65176,-5.26999,58,19,19,10,36,24,0.111293,-1.00463,27,0.123687,-1.52278,23,0.461985,-2.74258,1
O3,C,rolling,43,after_storm,oracle,25,13,0.0313554,0.475839,0,0,0,,,,,10,,3,,74,0.172173,2.49777,-2.16315,,19,19,0,25,24,0.0732471,-0.595598,27,0.0336336,-0.661657,23,0.0652921,-0.905894,1
O3,C,rolling,44,falling,B0,112,52,0.553951,3.2754,6,6,0,27,41,45,49,41,34,11,11,293,1.57375,15.6744,-12.3707,240,101,99,23,139,87,0.335825,-2.23344,96,0.153074,-1.44137,110,1.08485,-8.69593,4
O3,C,rolling,44,falling,M_TOC,112,52,0.553951,3.2754,6,6,0,27,41,45,49,41,34,11,11,293,1.60216,15.726,-12.4772,242,101,99,23,139,87,0.33045,-2.20566,96,0.152315,-1.45049,110,1.1194,-8.82101,4
O3,C,rolling,44,falling,oracle,112,52,0.134471,1.91598,6,6,0,,,,,41,,11,,293,0.403033,7.82104,-2.88932,,101,97,5,113,87,0.1873,-0.707666,96,0.0619001,-0.165487,110,0.153833,-2.01617,4
O3,C,rolling,44,steady,B0,82,39,0.139771,1.80325,4,4,0,19,35,37,37,30,28,9,9,219,2.54144,18.1009,-15.4787,145,67,65,30,119,75,0.877674,-4.79634,71,0.613502,-4.14136,73,1.05026,-6.54095,3
O3,C,rolling,44,steady,M_TOC,82,39,0.139771,1.80325,4,4,0,19,35,37,37,30,28,9,9,219,2.58159,18.2529,-15.6379,146,67,65,30,119,75,0.880968,-4.78982,71,0.620973,-4.20067,73,1.07965,-6.64745,3
O3,C,rolling,44,steady,oracle,82,39,0.0994855,1.47315,4,4,0,,,,,30,,9,,219,0.48026,7.74714,-1.38421,,67,65,3,84,75,0.245304,-0.251027,71,0.108177,0.430324,73,0.126779,-1.56351,3
O3,C,rolling,44,first_storm,B0,30,13,0.206489,1.15683,3,1,0,6,8,9,9,10,9,3,0,73,0.294193,3.6684,-1.47827,68,27,25,9,39,26,0.0712899,-0.0467054,23,0.0937243,-0.00812318,24,0.129179,-1.42344,1
O3,C,rolling,44,first_storm,M_TOC,30,13,0.206489,1.15683,3,1,0,6,8,9,9,10,9,3,0,73,0.297939,3.68216,-1.48377,67,27,25,9,39,26,0.0717454,-0.0203735,23,0.0930997,-0.0199055,24,0.133094,-1.44349,1
O3,C,rolling,44,first_storm,oracle,30,13,0.0125455,0.336889,3,2,0,,,,,10,,3,,73,0.182448,2.92256,-2.16171,,27,26,5,37,26,0.12311,-0.957541,23,0.0450552,-0.769744,24,0.0142829,-0.434428,1
O3,C,rolling,44,after_storm,B0,25,13,0.0714939,0.863069,1,1,1,3,9,11,13,10,9,3,2,73,0.629069,5.42315,-5.11418,47,21,21,4,31,25,0.288116,-2.21096,23,0.121442,-1.09041,25,0.21951,-1.81281,1
O3,C,rolling,44,after_storm,M_TOC,25,13,0.0714939,0.863069,1,1,1,3,9,11,13,10,9,3,2,73,0.647263,5.51638,-5.20228,44,21,21,4,31,25,0.290025,-2.21823,23,0.128299,-1.13063,25,0.22894,-1.85342,1
O3,C,rolling,44,after_storm,oracle,25,13,0.0413028,0.591934,1,1,1,,,,,10,,3,,73,0.227936,3.35975,-2.56426,,21,21,2,27,25,0.098541,-1.01847,23,0.0577118,-0.636001,25,0.0716833,-0.909788,1
O3,C,rolling,45,falling,B0,92,52,0.359532,3.10971,4,1,0,25,35,39,42,41,30,11,9,299,2.16701,20.1022,-11.2493,234,71,71,25,120,109,0.768874,-2.12486,93,0.382243,-3.20826,97,1.01589,-5.91622,4
O3,C,rolling,45,falling,M_TOC,92,52,0.359532,3.10971,4,1,0,25,35,39,42,41,30,11,9,299,2.15322,19.9939,-10.8232,234,71,71,25,120,109,0.769832,-1.99372,93,0.373182,-3.02003,97,1.01021,-5.80945,4
O3,C,rolling,45,falling,oracle,92,52,0.090637,1.70017,4,1,0,,,,,41,,11,,299,0.814667,9.99227,-0.665616,,71,68,6,96,109,0.258767,1.96634,93,0.120207,-1.40768,97,0.435694,-1.22427,4
O3,C,rolling,45,steady,B0,61,39,0.289763,2.49833,0,0,2,18,30,32,37,32,26,7,6,220,1.88866,15.9675,-15.0955,134,52,52,23,91,81,0.439569,-3.74554,68,0.488725,-4.64453,71,0.96037,-6.70544,3
O3,C,rolling,45,steady,M_TOC,61,39,0.289763,2.49833,0,0,2,18,30,32,37,32,26,7,6,220,1.91251,16.0504,-15.1248,128,52,52,23,91,81,0.44758,-3.74204,68,0.490777,-4.62009,71,0.974152,-6.7627,3
O3,C,rolling,45,steady,oracle,61,39,0.378693,2.15655,0,0,2,,,,,32,,7,,220,0.270579,5.72809,-2.61422,,52,52,8,72,81,0.119698,0.296758,68,0.070844,-1.49052,71,0.0800371,-1.42046,3
O3,C,rolling,45,first_storm,B0,21,13,0.0751321,0.707602,0,0,0,6,8,11,11,10,8,3,3,75,0.324082,4.12486,-0.548897,64,18,18,6,30,27,0.0562908,0.891268,24,0.0740714,0.122478,24,0.19372,-1.56264,1
O3,C,rolling,45,first_storm,M_TOC,21,13,0.0751321,0.707602,0,0,0,6,8,11,11,10,8,3,3,75,0.324837,4.15508,-0.506898,64,18,18,6,30,27,0.0568458,0.893128,24,0.0751915,0.155208,24,0.1928,-1.55523,1
O3,C,rolling,45,first_storm,oracle,21,13,0.011725,0.310614,0,0,1,,,,,10,,3,,75,0.198907,3.01345,-0.211979,,18,18,4,26,27,0.0906079,1.0385,24,0.0328326,-0.334496,24,0.0754664,-0.915981,1
O3,C,rolling,45,after_storm,B0,18,13,0.136396,1.08261,0,0,0,2,9,9,10,10,7,3,2,74,1.16386,8.46141,-8.46141,47,15,15,8,30,26,0.48328,-3.27986,24,0.348217,-2.73398,24,0.332361,-2.44757,1
O3,C,rolling,45,after_storm,M_TOC,18,13,0.136396,1.08261,0,0,0,2,9,9,10,10,7,3,2,74,1.13131,8.29259,-8.29259,48,15,15,8,30,26,0.473758,-3.2231,24,0.333153,-2.66651,24,0.324394,-2.40298,1
O3,C,rolling,45,after_storm,oracle,18,13,0.0112298,0.289062,0,0,0,,,,,10,,3,,74,0.101904,2.03455,-0.831856,,15,15,1,20,26,0.0444797,0.159157,24,0.0241917,-0.672728,24,0.0332327,-0.318285,1
O3,C,rolling,46,falling,B0,113,52,0.296382,3.15796,4,4,2,25,39,48,50,42,38,10,10,292,1.19315,14.9089,-11.4241,245,96,91,14,132,101,0.381113,-3.39536,92,0.264618,-2.47101,99,0.547414,-5.55774,4
O3,C,rolling,46,falling,M_TOC,113,52,0.296382,3.15796,4,4,2,25,39,48,50,42,38,10,10,292,1.19851,14.9593,-11.5237,242,96,91,14,131,101,0.380635,-3.40522,92,0.262727,-2.49632,99,0.555153,-5.62218,4
O3,C,rolling,46,falling,oracle,113,52,0.2224,2.34804,4,4,1,,,,,42,,10,,292,0.424084,8.42913,0.194528,,96,89,4,111,101,0.149707,1.22231,92,0.115077,0.962678,99,0.159299,-1.99046,4
O3,C,rolling,46,steady,B0,79,39,0.630447,3.46991,1,1,1,13,21,25,29,30,19,9,6,220,1.35698,13.3139,-10.9088,173,68,65,11,92,72,0.592282,-4.2535,73,0.44231,-3.18475,75,0.322383,-3.47056,3
O3,C,rolling,46,steady,M_TOC,79,39,0.630447,3.46991,1,1,1,13,21,25,29,30,19,9,6,220,1.35595,13.2713,-11.039,172,68,65,11,92,72,0.592831,-4.30467,73,0.436411,-3.23064,75,0.326709,-3.50369,3
O3,C,rolling,46,steady,oracle,79,39,0.295485,2.0899,1,1,2,,,,,30,,9,,220,0.565347,7.88214,-2.6173,,68,65,7,83,72,0.333259,-0.0292553,73,0.136878,-1.3626,75,0.0952094,-1.22544,3
O3,C,rolling,46,first_storm,B0,30,13,0.119456,0.983958,0,0,1,5,10,11,12,10,9,3,2,73,0.18507,2.70664,1.04544,66,25,25,2,31,21,0.10036,1.08193,24,0.0231671,0.343579,28,0.0615436,-0.380075,1
O3,C,rolling,46,first_storm,M_TOC,30,13,0.119456,0.983958,0,0,1,5,10,11,12,10,9,3,2,73,0.177619,2.64121,0.951243,66,25,25,2,31,21,0.0938365,1.07213,24,0.0213518,0.293033,28,0.0624304,-0.41392,1
O3,C,rolling,46,first_storm,oracle,30,13,0.0682175,0.665137,0,0,1,,,,,10,,3,,73,0.202444,2.8671,-1.60373,,25,25,3,36,21,0.0505551,0.274609,24,0.0196308,-0.233679,28,0.132258,-1.64465,1
O3,C,rolling,46,after_storm,B0,25,13,0.0900144,0.793387,0,0,3,9,13,13,13,10,10,3,3,73,0.385956,4.24114,-3.58305,62,24,24,4,32,21,0.0755668,-0.54706,25,0.104221,-1.22693,27,0.206168,-1.80906,1
O3,C,rolling,46,after_storm,M_TOC,25,13,0.0900144,0.793387,0,0,3,9,13,13,13,10,10,3,3,73,0.385946,4.22009,-3.52254,63,24,24,4,31,21,0.0762694,-0.531448,25,0.10102,-1.19554,27,0.208656,-1.79555,1
O3,C,rolling,46,after_storm,oracle,25,13,0.0462902,0.614765,0,0,1,,,,,10,,3,,73,0.0988241,2.0403,-0.694387,,24,24,2,27,21,0.0282017,0.47187,25,0.0255073,-0.253816,27,0.0451152,-0.912442,1
O3,C,rolling,47,falling,B0,100,52,0.297605,2.92215,2,2,0,29,37,40,46,42,33,10,7,293,3.3026,25.5369,-25.342,193,88,88,53,165,93,1.2796,-9.50384,91,0.43084,-5.13253,109,1.59216,-10.7057,4
O3,C,rolling,47,falling,M_TOC,100,52,0.297605,2.92215,2,2,0,29,37,40,46,42,33,10,7,293,3.26144,25.381,-25.1752,195,88,88,52,163,93,1.28778,-9.52826,91,0.423831,-5.07889,109,1.54983,-10.5681,4
O3,C,rolling,47,falling,oracle,100,52,0.145809,2.10547,2,2,1,,,,,42,,10,,293,0.747598,11.9594,-8.20927,,88,88,22,127,93,0.319747,-1.84418,91,0.182073,-2.39422,109,0.245777,-3.97086,4
O3,C,rolling,47,steady,B0,96,39,0.212362,2.31489,0,0,0,17,30,36,36,30,28,9,8,219,1.3777,12.0738,-10.9459,171,83,83,19,123,69,0.246031,-2.20421,75,0.172874,-2.19944,75,0.958791,-6.5422,3
O3,C,rolling,47,steady,M_TOC,96,39,0.212362,2.31489,0,0,0,17,30,36,36,30,28,9,8,219,1.34101,11.9144,-10.7678,175,83,83,19,123,69,0.243059,-2.16553,75,0.167657,-2.15728,75,0.930294,-6.44497,3
O3,C,rolling,47,steady,oracle,96,39,0.16533,1.66668,0,0,1,,,,,30,,9,,219,0.30594,6.47716,-4.29015,,83,83,8,104,69,0.104044,-0.182617,75,0.0723207,-1.54734,75,0.129576,-2.5602,3
O3,C,rolling,47,first_storm,B0,34,13,0.0708024,0.769988,2,2,0,4,9,10,12,11,8,2,2,73,0.171578,2.49779,0.433103,69,32,30,2,37,24,0.0633548,0.873673,23,0.0236761,0.355998,26,0.0845466,-0.796568,1
O3,C,rolling,47,first_storm,M_TOC,34,13,0.0708031,0.769981,2,2,0,4,9,10,12,11,8,2,2,73,0.167698,2.4825,0.437486,67,32,30,2,37,24,0.062214,0.864463,23,0.0234668,0.352977,26,0.0820174,-0.779953,1
O3,C,rolling,47,first_storm,oracle,34,13,0.0286805,0.508394,2,2,0,,,,,11,,2,,73,0.0561053,1.51227,0.310795,,32,31,0,34,24,0.0311813,0.321121,23,0.0149104,0.145315,26,0.0100136,-0.155642,1
O3,C,rolling,47,after_storm,B0,27,13,0.0827212,0.733026,1,1,0,8,10,12,12,10,9,3,3,74,1.3037,9.0284,-9.0284,10,25,25,14,49,25,0.691904,-3.97743,23,0.401291,-2.91657,26,0.210502,-2.13441,1
O3,C,rolling,47,after_storm,M_TOC,27,13,0.0827213,0.733026,1,1,0,8,10,12,12,10,9,3,3,74,1.29728,9.01095,-9.01095,9,25,25,14,49,25,0.693698,-3.99012,23,0.399314,-2.91119,26,0.204272,-2.10964,1
O3,C,rolling,47,after_storm,oracle,27,13,0.0138805,0.280911,1,1,0,,,,,10,,3,,74,0.105007,2.22177,-1.82719,,25,25,2,29,25,0.0493851,-0.49703,23,0.0260284,-0.637464,26,0.0295938,-0.692699,1
O3,C,jan_mar_to_jul_sep,32,all_months,B0,84,39,0.142034,1.7138,8,5,0,27,36,37,38,32,30,7,7,219,1.7013,12.8172,-11.7803,215,57,57,12,96,75,1.25646,-6.11686,72,0.202411,-2.81218,72,0.242438,-2.85126,3
O3,C,jan_mar_to_jul_sep,32,all_months,M_TOC,84,39,0.142034,1.7138,8,5,0,27,36,37,38,32,30,7,7,219,1.73122,12.9938,-11.9468,215,57,57,12,96,75,1.27164,-6.15633,72,0.210024,-2.89995,72,0.249554,-2.89053,3
O3,C,jan_mar_to_jul_sep,32,all_months,oracle,84,39,0.0798573,1.33921,8,7,2,,,,,32,,7,,219,0.503547,8.34502,3.27099,,57,53,5,85,75,0.25164,2.275,72,0.136556,1.03949,72,0.115351,-0.0434988,3
O3,C,jan_mar_to_jul_sep,33,all_months,B0,72,39,1.02586,4.21579,4,3,1,13,27,29,34,31,21,8,8,219,2.835,16.8528,-14.0749,169,58,57,18,96,81,1.6857,-4.61267,72,0.584311,-4.45902,66,0.564991,-5.00321,3
O3,C,jan_mar_to_jul_sep,33,all_months,M_TOC,72,39,1.02586,4.21579,4,3,1,13,27,29,34,31,21,8,8,219,2.80606,16.6463,-13.7182,172,58,57,18,96,81,1.6803,-4.4415,72,0.563058,-4.29518,66,0.5627,-4.98152,3
O3,C,jan_mar_to_jul_sep,33,all_months,oracle,72,39,0.530647,3.18665,4,3,1,,,,,31,,8,,219,1.81218,10.6228,1.65599,,58,56,6,77,81,1.47544,2.39943,72,0.195486,0.149498,66,0.141254,-0.892938,3
O3,C,jan_mar_to_jul_sep,34,all_months,B0,85,39,0.148589,2.03699,5,3,0,17,29,34,35,32,28,7,6,222,2.38405,18.8542,-18.8103,129,79,79,35,129,66,0.462492,-4.72979,78,0.672847,-6.00747,78,1.24871,-8.07303,3
O3,C,jan_mar_to_jul_sep,34,all_months,M_TOC,85,39,0.148589,2.03699,5,3,0,17,29,34,35,32,28,7,6,222,2.34834,18.751,-18.712,128,79,79,32,126,66,0.463605,-4.737,78,0.664898,-5.97993,78,1.21984,-7.99509,3
O3,C,jan_mar_to_jul_sep,34,all_months,oracle,85,39,0.0643552,1.32375,5,4,0,,,,,32,,7,,222,0.463128,8.18551,-7.11798,,79,79,12,97,66,0.152771,-1.66675,78,0.194537,-3.04878,78,0.11582,-2.40245,3
O3,C,jan_mar_to_jul_sep,35,all_months,B0,98,39,0.186981,2.2054,4,4,3,20,29,35,37,31,27,8,8,222,0.736215,9.01236,-3.17117,208,72,63,9,96,72,0.182401,0.0998295,81,0.0923721,0.525026,69,0.461442,-3.79602,3
O3,C,jan_mar_to_jul_sep,35,all_months,M_TOC,98,39,0.186981,2.2054,4,4,3,20,29,35,37,31,27,8,8,222,0.749356,9.04318,-3.18463,209,72,63,9,96,72,0.18455,0.0941228,81,0.0935644,0.51313,69,0.471242,-3.79188,3
O3,C,jan_mar_to_jul_sep,35,all_months,oracle,98,39,0.150839,1.6616,4,4,3,,,,,31,,8,,222,0.431343,7.0459,-3.40109,,72,70,9,105,72,0.241291,0.141078,81,0.0858118,-1.7329,69,0.10424,-1.80926,3
O3,C,jan_mar_to_jul_sep,36,all_months,B0,94,39,0.116404,1.70783,1,1,0,16,30,37,38,32,30,7,7,219,1.95077,15.1325,-14.0785,166,75,73,29,123,69,0.301395,-2.67322,66,0.287778,-2.74308,84,1.36159,-8.66223,3
O3,C,jan_mar_to_jul_sep,36,all_months,M_TOC,94,39,0.116404,1.70783,1,1,0,16,30,37,38,32,30,7,7,219,1.93233,15.1461,-14.1551,167,75,73,29,123,69,0.300384,-2.69468,66,0.29707,-2.84879,84,1.33488,-8.61164,3
O3,C,jan_mar_to_jul_sep,36,all_months,oracle,94,39,0.0852637,1.46666,1,1,2,,,,,32,,7,,219,0.654015,8.82304,0.277267,,75,71,7,96,69,0.340528,1.75301,66,0.117509,0.577032,84,0.195978,-2.05277,3
O3,C,jan_mar_to_jul_sep,37,all_months,B0,75,39,0.20868,2.15521,4,1,0,25,33,36,36,32,29,7,7,222,2.55521,19.9537,-18.4663,171,54,53,16,93,78,1.02572,-7.2212,72,0.768509,-5.00468,72,0.76098,-6.2404,3
O3,C,jan_mar_to_jul_sep,37,all_months,M_TOC,75,39,0.20868,2.15521,4,1,0,25,33,36,36,32,29,7,7,222,2.52632,19.8042,-18.2453,177,54,53,16,93,78,1.00637,-7.12084,72,0.766379,-4.92801,72,0.75357,-6.19648,3
O3,C,jan_mar_to_jul_sep,37,all_months,oracle,75,39,0.19319,2.20106,4,1,0,,,,,32,,7,,222,0.586822,8.52612,-2.40166,,54,53,1,75,78,0.298763,-0.748529,72,0.237567,-0.664119,72,0.0504924,-0.989014,3
O3,C,jan_mar_to_jul_sep,38,all_months,B0,82,39,0.144232,1.8148,5,3,0,22,35,38,39,31,31,8,7,219,2.79056,20.563,-20.3003,150,72,72,30,120,69,0.703578,-5.10469,66,0.555417,-5.20914,84,1.53157,-9.98652,3
O3,C,jan_mar_to_jul_sep,38,all_months,M_TOC,82,39,0.144232,1.8148,5,3,0,22,35,38,39,31,31,8,7,219,2.795,20.4889,-20.2366,149,72,72,27,117,69,0.68848,-5.01951,66,0.555185,-5.19646,84,1.55133,-10.0206,3
O3,C,jan_mar_to_jul_sep,38,all_months,oracle,82,39,0.107873,1.69112,5,5,0,,,,,31,,8,,219,0.376955,6.97231,0.0180431,,72,72,7,88,69,0.187436,1.82518,66,0.0739256,-0.13449,84,0.115594,-1.67265,3
O3,C,jan_mar_to_jul_sep,39,all_months,B0,79,39,0.105268,1.59103,5,4,1,19,34,37,38,30,28,9,9,222,1.68871,12.9633,-10.7266,186,53,53,31,111,78,0.10504,-0.420002,72,0.160893,-1.96415,72,1.42277,-8.34242,3
O3,C,jan_mar_to_jul_sep,39,all_months,M_TOC,79,39,0.105268,1.59103,5,4,1,19,34,37,38,30,28,9,9,222,1.67152,12.9056,-10.4619,183,53,53,31,111,78,0.108964,-0.325793,72,0.152388,-1.8311,72,1.41017,-8.30498,3
O3,C,jan_mar_to_jul_sep,39,all_months,oracle,79,39,0.132504,1.66115,5,5,5,,,,,30,,9,,222,0.585236,8.50119,-2.21233,,53,52,13,92,78,0.252773,1.67584,72,0.104721,-0.807752,72,0.227743,-3.08043,3
O3,C,jan_mar_to_jul_sep,40,all_months,B0,80,39,0.720938,3.36302,5,1,1,10,24,28,29,30,21,9,7,219,1.27877,10.9575,-8.13151,193,61,60,12,93,75,0.114893,0.139832,69,0.171599,-2.30148,75,0.992275,-5.96986,3
O3,C,jan_mar_to_jul_sep,40,all_months,M_TOC,80,39,0.720938,3.36302,5,1,1,10,24,28,29,30,21,9,7,219,1.32067,11.0921,-8.59183,195,61,60,18,99,75,0.108539,-0.0550432,69,0.176616,-2.37363,75,1.03551,-6.16316,3
O3,C,jan_mar_to_jul_sep,40,all_months,oracle,80,39,0.414545,2.33596,5,3,1,,,,,30,,9,,219,1.25224,10.6958,-6.32974,,61,58,13,92,75,0.220198,-0.806439,69,0.232761,-2.53791,75,0.799277,-2.98539,3
O3,C,jan_mar_to_jul_sep,41,all_months,B0,73,39,0.261656,2.38763,6,6,1,14,21,26,27,32,20,7,6,222,1.49371,14.7528,-12.2747,161,49,49,14,90,87,0.439982,-3.54639,63,0.390293,-3.7143,72,0.663438,-5.01404,3
O3,C,jan_mar_to_jul_sep,41,all_months,M_TOC,73,39,0.261656,2.38763,6,6,1,14,21,26,27,32,20,7,6,222,1.53684,15.0119,-12.6426,149,49,49,14,90,87,0.453794,-3.72109,63,0.410175,-3.84327,72,0.672874,-5.07822,3
O3,C,jan_mar_to_jul_sep,41,all_months,oracle,73,39,0.12948,1.83575,6,6,0,,,,,32,,7,,222,0.362849,6.80685,-0.375874,,49,47,1,72,87,0.228545,0.19729,63,0.0795966,-0.855364,72,0.054707,0.2822,3
O3,C,jan_mar_to_jul_sep,42,all_months,B0,73,39,0.364784,2.63528,1,0,1,14,26,33,38,30,25,9,8,219,2.03298,17.1443,-16.2399,160,58,58,26,102,75,0.357414,-3.38724,66,0.643984,-5.54034,78,1.03158,-7.31232,3
O3,C,jan_mar_to_jul_sep,42,all_months,M_TOC,73,39,0.364784,2.63528,1,0,1,14,26,33,38,30,25,9,8,219,2.06633,17.2892,-16.3773,160,58,58,26,102,75,0.361109,-3.40142,66,0.644491,-5.54683,78,1.06073,-7.42906,3
O3,C,jan_mar_to_jul_sep,42,all_months,oracle,73,39,0.153901,1.87297,1,0,1,,,,,30,,9,,219,0.729211,9.09161,-2.66295,,58,57,9,82,75,0.402037,0.661155,66,0.185435,-2.28926,78,0.141739,-1.03484,3
O3,C,jan_mar_to_jul_sep,43,all_months,B0,88,39,0.0959621,1.60972,1,1,0,24,35,39,39,31,31,8,8,219,1.04478,11.3448,-8.62272,194,70,66,12,96,72,0.321055,-2.08602,78,0.20688,-2.31939,69,0.516841,-4.2173,3
O3,C,jan_mar_to_jul_sep,43,all_months,M_TOC,88,39,0.0959621,1.60972,1,1,0,24,35,39,39,31,31,8,8,219,1.02517,11.3241,-8.64181,196,70,66,9,93,72,0.329067,-2.20475,78,0.205508,-2.32105,69,0.490593,-4.11601,3
O3,C,jan_mar_to_jul_sep,43,all_months,oracle,88,39,0.0505889,1.14663,1,1,0,,,,,31,,8,,219,0.513283,8.27171,-5.75184,,70,68,4,90,72,0.19381,-1.78982,78,0.169784,-2.10421,69,0.149689,-1.85782,3
O3,C,jan_mar_to_jul_sep,44,all_months,B0,82,39,0.353582,2.35309,5,4,0,18,26,32,34,31,25,8,7,219,0.989479,10.3855,-7.58467,176,75,74,10,93,69,0.23104,-2.04246,69,0.0821836,-0.470685,81,0.676256,-5.07153,3
O3,C,jan_mar_to_jul_sep,44,all_months,M_TOC,82,39,0.353582,2.35309,5,4,0,18,26,32,34,31,25,8,7,219,1.00342,10.3748,-7.47594,176,75,74,10,93,69,0.222033,-1.95478,69,0.0815338,-0.357616,81,0.699856,-5.16354,3
O3,C,jan_mar_to_jul_sep,44,all_months,oracle,82,39,0.0997145,1.5281,5,5,0,,,,,31,,8,,219,0.383654,7.21089,-2.67748,,75,74,4,86,69,0.172147,-0.536683,69,0.0703494,0.0305282,81,0.141158,-2.17133,3
O3,C,jan_mar_to_jul_sep,45,all_months,B0,74,39,0.221832,2.41836,3,0,0,14,26,32,33,31,25,8,7,228,0.800769,10.0258,-4.29648,199,62,62,13,90,84,0.255827,0.556921,69,0.137267,-1.92812,75,0.407675,-2.92528,3
O3,C,jan_mar_to_jul_sep,45,all_months,M_TOC,74,39,0.221832,2.41836,3,0,0,14,26,32,33,31,25,8,7,228,0.794735,10.0095,-4.06993,198,62,62,13,90,84,0.255421,0.672726,69,0.136809,-1.84789,75,0.402505,-2.89476,3
O3,C,jan_mar_to_jul_sep,45,all_months,oracle,74,39,0.372186,2.19095,3,1,1,,,,,31,,8,,228,0.565317,6.55355,-0.65348,,62,60,3,77,84,0.130447,1.14875,69,0.0788883,-1.44387,75,0.355982,-0.358365,3
O3,C,jan_mar_to_jul_sep,46,all_months,B0,83,39,0.592164,3.13196,1,1,2,21,33,35,37,31,27,8,8,219,1.89028,15.6985,-13.2971,169,65,59,10,93,75,0.938978,-5.65255,69,0.407421,-2.92168,75,0.543882,-4.72284,3
O3,C,jan_mar_to_jul_sep,46,all_months,M_TOC,83,39,0.592164,3.13196,1,1,2,21,33,35,37,31,27,8,8,219,1.90015,15.8346,-13.6073,171,65,59,10,93,75,0.939086,-5.76908,69,0.414005,-3.04225,75,0.547055,-4.79599,3
O3,C,jan_mar_to_jul_sep,46,all_months,oracle,83,39,0.134008,1.70484,1,1,1,,,,,31,,8,,219,0.45497,6.94406,-1.58287,,65,59,4,83,75,0.250912,0.233559,69,0.113287,-0.498277,75,0.0907709,-1.31815,3
O3,C,jan_mar_to_jul_sep,47,all_months,B0,89,39,0.174735,2.11392,0,0,1,17,32,32,37,30,24,9,8,219,2.39433,19.0134,-19.0064,135,74,74,43,144,66,0.659649,-5.88047,69,0.370195,-4.42301,84,1.36449,-8.70291,3
O3,C,jan_mar_to_jul_sep,47,all_months,M_TOC,89,39,0.174735,2.11392,0,0,1,17,32,32,37,30,24,9,8,219,2.38077,19.0047,-18.9995,138,74,74,43,144,66,0.668068,-5.91425,69,0.372737,-4.46,84,1.33996,-8.62524,3
O3,C,jan_mar_to_jul_sep,47,all_months,oracle,89,39,0.187222,1.90928,0,0,2,,,,,30,,9,,219,0.467599,8.09067,-5.18408,,74,74,12,104,66,0.16566,-0.404842,69,0.118801,-1.52922,84,0.183139,-3.25002,3
O3,S,rolling,32,falling,B0,109,52,0.305157,2.97957,7,4,3,33,47,51,51,40,40,12,11,292,4.60332,27.5438,-26.622,239,77,77,19,131,100,2.61898,-12.0268,97,0.74301,-6.36385,95,1.24134,-8.23136,4
O3,S,rolling,32,falling,M_TOC,109,52,0.307592,3.02773,7,4,3,32,46,50,51,40,39,12,11,292,5.23554,28.9587,-28.3918,236,77,77,20,133,100,3.2191,-13.4145,97,0.821779,-6.91983,95,1.19466,-8.05752,4
O3,S,rolling,32,falling,M_TOC_h0half,109,52,0.304727,2.95902,7,4,3,31,47,51,51,40,40,12,11,292,4.53121,27.0765,-26.1269,232,77,77,19,131,100,2.66554,-12.0106,97,0.727613,-6.2961,95,1.13805,-7.82025,4
O3,S,rolling,32,falling,M_TOC_linear,109,52,0.303142,2.9977,7,4,3,32,47,50,51,40,39,12,11,292,5.13277,28.4225,-27.8426,240,77,77,20,131,100,3.21782,-13.3109,97,0.786297,-6.73026,95,1.12865,-7.8015,4
O3,S,rolling,32,falling,network_mean,109,52,3.21411,10.5097,7,0,0,,,,,40,,12,,,,,,,,,,,,,,,,,,,,4
O3,S,rolling,32,falling,oracle,109,52,0.181618,2.47066,7,5,4,,,,,40,,12,,292,0.726219,11.0218,3.40655,,77,73,0,105,100,0.320964,2.19165,97,0.180853,2.22054,95,0.224402,-1.00564,4
O3,S,rolling,32,falling,persistence,109,52,1.04985,4.63872,7,4,3,,,,,40,,12,,,,,,,,,,,,,,,,,,,,4
O3,S,rolling,32,steady,B0,80,39,0.165544,1.94429,8,6,1,16,35,35,35,30,26,9,9,219,0.986448,10.4394,-5.34689,193,61,61,12,95,76,0.337361,-0.0588593,71,0.199753,-1.35799,72,0.449334,-3.93004,3
O3,S,rolling,32,steady,M_TOC,80,39,0.162488,1.92397,8,6,1,16,35,35,35,30,26,9,9,219,0.943567,10.2332,-5.03661,195,61,60,12,94,76,0.327666,-0.0802964,71,0.190525,-1.20306,72,0.425375,-3.75325,3
O3,S,rolling,32,steady,M_TOC_h0half,80,39,0.1632,1.9288,8,6,1,16,35,35,35,30,26,9,9,219,0.966948,10.3708,-5.17812,193,61,60,13,95,76,0.339135,-0.0930843,71,0.195406,-1.29146,72,0.432407,-3.79357,3
O3,S,rolling,32,steady,M_TOC_linear,80,39,0.161939,1.92273,8,6,1,16,35,35,35,30,26,9,9,219,0.945529,10.2585,-5.15439,195,61,60,12,94,76,0.335857,-0.168,71,0.191747,-1.25762,72,0.417924,-3.72877,3
O3,S,rolling,32,steady,network_mean,80,39,1.97656,7.51538,8,0,0,,,,,30,,9,,,,,,,,,,,,,,,,,,,,3
O3,S,rolling,32,steady,oracle,80,39,0.411124,2.16549,8,8,2,,,,,30,,9,,219,0.48728,7.1091,0.729253,,61,60,3,82,76,0.292104,1.79048,71,0.079425,-0.176953,72,0.115751,-0.884273,3
O3,S,rolling,32,steady,persistence,80,39,0.719301,4.00051,8,5,2,,,,,30,,9,,,,,,,,,,,,,,,,,,,,3
O3,S,rolling,32,first_storm,B0,46,13,0.1588,1.28729,3,0,0,1,3,6,9,11,4,2,2,73,0.678857,3.75159,0.448611,73,37,28,0,35,25,0.606317,-0.465976,24,0.0401476,0.65082,24,0.0323922,0.263768,1
O3,S,rolling,32,first_storm,M_TOC,46,13,0.0896835,0.925422,3,3,0,4,7,9,11,11,8,2,1,73,0.513038,5.38469,4.29475,50,37,24,0,31,25,0.294065,1.88957,24,0.15096,1.79332,24,0.0680134,0.611863,1
O3,S,rolling,32,first_storm,M_TOC_h0half,46,13,0.12784,1.14697,3,0,0,1,4,7,10,11,5,2,2,73,0.644359,3.62688,0.0203834,73,37,30,0,37,25,0.575327,-0.561382,24,0.0366975,0.516706,24,0.0323352,0.0650599,1
O3,S,rolling,32,first_storm,M_TOC_linear,46,13,0.087089,0.911208,3,3,0,4,7,9,11,11,8,2,1,73,0.499426,5.30918,4.21353,55,37,24,0,31,25,0.286431,1.88832,24,0.147414,1.76461,24,0.0655802,0.560604,1
O3,S,rolling,32,first_storm,network_mean,46,13,0.4026,1.94,3,0,0,,,,,11,,2,,,,,,,,,,,,,,,,,,,,1
O3,S,rolling,32,first_storm,oracle,46,13,0.0331291,0.515928,3,3,0,,,,,11,,2,,73,0.141519,2.25583,1.98402,,37,28,0,36,25,0.091971,1.01277,24,0.0231984,0.501263,24,0.0263494,0.469982,1
O3,S,rolling,32,first_storm,persistence,46,13,0.2452,1.48,3,1,1,,,,,11,,2,,,,,,,,,,,,,,,,,,,,1
O3,S,rolling,32,after_storm,B0,31,13,0.186445,1.3408,1,1,3,2,4,5,7,10,5,3,0,74,0.252316,3.7689,-3.44049,63,23,22,7,38,28,0.149797,-1.52645,23,0.0598496,-1.03137,23,0.0426703,-0.882664,1
O3,S,rolling,32,after_storm,M_TOC,31,13,0.193389,1.36721,1,1,3,2,4,5,8,10,5,3,0,74,0.290109,4.04369,-3.75022,59,23,22,7,38,28,0.166832,-1.64446,23,0.0651095,-1.08131,23,0.0581671,-1.02445,1
O3,S,rolling,32,after_storm,M_TOC_h0half,31,13,0.190995,1.35818,1,1,3,2,4,5,7,10,5,3,0,74,0.285434,4.02323,-3.7211,59,23,22,7,38,28,0.166052,-1.64306,23,0.0659595,-1.09324,23,0.0534223,-0.984792,1
O3,S,rolling,32,after_storm,M_TOC_linear,31,13,0.195868,1.37649,1,1,3,2,4,5,8,10,5,3,0,74,0.311369,4.19702,-3.92073,59,23,22,7,38,28,0.17834,-1.73034,23,0.0703965,-1.1273,23,0.062633,-1.06309,1
O3,S,rolling,32,after_storm,network_mean,31,13,0.803668,2.62128,1,0,0,,,,,10,,3,,,,,,,,,,,,,,,,,,,,1
O3,S,rolling,32,after_storm,oracle,31,13,0.0368752,0.570971,1,1,1,,,,,10,,3,,74,0.124474,2.21087,-0.988383,,23,22,3,34,28,0.049741,0.157163,23,0.0129992,-0.174183,23,0.0617338,-0.971363,1
O3,S,rolling,32,after_storm,persistence,31,13,0.465236,1.75872,1,1,1,,,,,10,,3,,,,,,,,,,,,,,,,,,,,1
O3,S,rolling,33,falling,B0,102,52,0.727799,4.36576,6,5,4,23,40,43,46,41,32,11,11,292,5.5189,27.499,-23.8337,186,81,77,21,132,110,2.69345,-7.16896,96,1.11111,-7.31012,86,1.71434,-9.35459,4
O3,S,rolling,33,falling,M_TOC,102,52,0.699311,4.27691,6,5,4,23,42,44,47,41,33,11,11,292,5.20344,26.4659,-22.6412,199,81,76,19,129,110,2.61078,-6.90468,96,1.0672,-7.03323,86,1.52546,-8.70331,4
O3,S,rolling,33,falling,M_TOC_h0half,102,52,0.71031,4.30602,6,5,4,23,42,44,46,41,33,11,11,292,5.26912,26.7661,-22.9237,194,81,76,19,129,110,2.59629,-6.91239,96,1.06968,-7.05369,86,1.60315,-8.95759,4
O3,S,rolling,33,falling,M_TOC_linear,102,52,0.686367,4.24132,6,5,4,24,42,44,47,41,33,11,11,292,5.07405,25.9027,-21.9577,201,81,76,19,129,110,2.573,-6.68627,96,1.04608,-6.85058,86,1.45497,-8.42083,4
O3,S,rolling,33,falling,network_mean,102,52,2.1144,8.57692,6,0,0,,,,,41,,11,,,,,,,,,,,,,,,,,,,,4
O3,S,rolling,33,falling,oracle,102,52,0.19377,2.48235,6,6,1,,,,,41,,11,,292,2.30194,14.9569,-5.11431,,81,79,6,113,110,1.56032,1.6191,96,0.290936,-2.68977,86,0.450686,-4.04364,4
O3,S,rolling,33,falling,persistence,102,52,1.51122,6.63487,6,1,4,,,,,41,,11,,,,,,,,,,,,,,,,,,,,4
O3,S,rolling,33,steady,B0,63,39,0.351859,2.67007,5,3,0,20,27,31,32,32,28,7,3,223,1.70706,14.5229,-12.9131,176,52,52,27,105,80,0.278644,-2.07406,73,0.310962,-3.7406,70,1.11746,-7.09844,3
O3,S,rolling,33,steady,M_TOC,63,39,0.355411,2.66797,5,3,0,20,27,31,34,32,28,7,3,223,1.58905,14.0452,-12.3097,177,52,52,26,104,80,0.269112,-1.92488,73,0.288858,-3.59139,70,1.03108,-6.79346,3
O3,S,rolling,33,steady,M_TOC_h0half,63,39,0.354387,2.66884,5,3,0,20,27,31,33,32,28,7,3,223,1.65693,14.3295,-12.6177,176,52,52,27,105,80,0.272854,-1.96612,73,0.302521,-3.67189,70,1.08155,-6.97974,3
O3,S,rolling,33,steady,M_TOC_linear,63,39,0.356308,2.66698,5,3,0,20,27,31,34,32,28,7,3,223,1.55305,13.9113,-12.1484,181,52,52,25,102,80,0.263046,-1.88092,73,0.286024,-3.56887,70,1.00398,-6.69856,3
O3,S,rolling,33,steady,network_mean,63,39,1.83707,6.99718,5,0,0,,,,,32,,7,,,,,,,,,,,,,,,,,,,,3
O3,S,rolling,33,steady,oracle,63,39,0.476271,2.75637,5,3,2,,,,,32,,7,,223,0.588307,9.04201,0.488244,,52,50,10,76,80,0.289094,2.06514,73,0.119459,-0.185819,70,0.179754,-1.39108,3
O3,S,rolling,33,steady,persistence,63,39,0.626485,3.47718,5,3,1,,,,,32,,7,,,,,,,,,,,,,,,,,,,,3
O3,S,rolling,33,first_storm,B0,27,13,0.155758,1.27634,2,1,0,4,5,8,10,12,7,1,1,74,0.396939,4.07911,-3.50833,68,20,20,11,41,28,0.173891,-1.06032,25,0.121312,-1.27846,21,0.101737,-1.16955,1
O3,S,rolling,33,first_storm,M_TOC,27,13,0.140692,1.21274,2,2,0,2,8,8,11,12,7,1,1,74,0.399439,4.16848,-3.18047,55,20,20,11,41,28,0.101182,-0.381905,25,0.150807,-1.34906,21,0.14745,-1.44951,1
O3,S,rolling,33,first_storm,M_TOC_h0half,27,13,0.153515,1.2736,2,2,0,2,7,8,10,12,7,1,1,74,0.358229,3.98691,-2.67253,57,20,20,11,41,28,0.0939664,-0.18825,25,0.134757,-1.13951,21,0.129506,-1.34477,1
O3,S,rolling,33,first_storm,M_TOC_linear,27,13,0.129999,1.1559,2,2,0,2,7,8,11,12,7,1,1,74,0.429714,4.37302,-3.5925,52,20,20,11,41,28,0.100283,-0.563069,25,0.164779,-1.48537,21,0.164651,-1.54407,1
O3,S,rolling,33,first_storm,network_mean,27,13,0.787647,2.5341,2,0,0,,,,,12,,1,,,,,,,,,,,,,,,,,,,,1
O3,S,rolling,33,first_storm,oracle,27,13,0.0889517,0.67432,2,2,1,,,,,12,,1,,74,0.219995,2.76134,0.48416,,20,19,3,28,28,0.137214,0.69203,25,0.0552564,-0.473399,21,0.0275245,0.265528,1
O3,S,rolling,33,first_storm,persistence,27,13,0.482055,1.68282,2,1,0,,,,,12,,1,,,,,,,,,,,,,,,,,,,,1
O3,S,rolling,33,after_storm,B0,24,13,0.167486,1.08766,3,1,1,5,10,10,10,11,8,2,2,75,0.744576,6.31845,-6.12965,52,19,19,8,36,28,0.31373,-2.44445,25,0.217024,-1.93613,22,0.213822,-1.74907,1
O3,S,rolling,33,after_storm,M_TOC,24,13,0.167094,1.06571,3,1,1,6,10,10,10,11,8,2,2,75,0.804568,6.64709,-6.49002,50,19,19,8,36,28,0.342877,-2.61627,25,0.239149,-2.06361,22,0.222542,-1.81014,1
O3,S,rolling,33,after_storm,M_TOC_h0half,24,13,0.167131,1.07148,3,1,1,6,10,10,10,11,8,2,2,75,0.777953,6.50375,-6.31456,51,19,19,8,36,28,0.335477,-2.55836,25,0.225851,-1.98464,22,0.216625,-1.77156,1
O3,S,rolling,33,after_storm,M_TOC_linear,24,13,0.167099,1.06061,3,1,1,6,10,10,10,11,8,2,2,75,0.806724,6.68143,-6.49724,52,19,19,9,37,28,0.352476,-2.64305,25,0.24249,-2.08106,22,0.211758,-1.77313,1
O3,S,rolling,33,after_storm,network_mean,24,13,0.796219,2.8359,3,0,0,,,,,11,,2,,,,,,,,,,,,,,,,,,,,1
O3,S,rolling,33,after_storm,oracle,24,13,0.152525,1.12855,3,2,1,,,,,11,,2,,75,0.341065,3.70857,-2.30823,,19,19,5,31,28,0.180519,-0.408941,25,0.119455,-1.1712,22,0.0410908,-0.728091,1
O3,S,rolling,33,after_storm,persistence,24,13,0.359604,1.5759,3,2,0,,,,,11,,2,,,,,,,,,,,,,,,,,,,,1
O3,S,rolling,34,falling,B0,108,52,0.191679,2.46383,4,4,3,31,48,50,50,40,38,12,12,293,3.07434,24.4912,-24.0632,166,93,92,36,153,90,0.723146,-6.62644,103,0.800038,-7.33503,100,1.55116,-10.1017,4
O3,S,rolling,34,falling,M_TOC,108,52,0.176979,2.33172,4,3,3,31,46,49,52,40,37,12,12,293,2.76669,23.0583,-21.7599,176,93,92,35,152,90,0.63122,-5.53342,103,0.695388,-6.47661,100,1.44008,-9.74989,4
O3,S,rolling,34,falling,M_TOC_h0half,108,52,0.181131,2.35757,4,4,3,31,48,49,52,40,37,12,12,293,2.82052,23.3361,-22.0815,170,93,92,36,153,90,0.645057,-5.62791,103,0.713439,-6.60344,100,1.46203,-9.85018,4
O3,S,rolling,34,falling,M_TOC_linear,108,52,0.173341,2.31104,4,3,3,31,47,49,52,40,37,12,12,293,2.71003,22.7139,-21.3936,178,93,92,36,153,90,0.612067,-5.38378,103,0.668987,-6.31195,100,1.42898,-9.69788,4
O3,S,rolling,34,falling,network_mean,108,52,5.99903,14.6479,4,0,0,,,,,40,,12,,,,,,,,,,,,,,,,,,,,4
O3,S,rolling,34,falling,oracle,108,52,0.103394,1.90448,4,4,1,,,,,40,,12,,293,0.884517,12.4093,-9.58575,,93,93,16,126,90,0.329424,-2.30692,103,0.301342,-3.39825,100,0.253751,-3.88058,4
O3,S,rolling,34,falling,persistence,108,52,1.05183,5.03795,4,3,1,,,,,40,,12,,,,,,,,,,,,,,,,,,,,4
O3,S,rolling,34,steady,B0,84,39,0.184767,2.0244,5,4,1,22,31,34,38,30,28,9,6,219,1.82413,16.3495,-16.312,159,69,69,33,125,68,0.31686,-4.00789,73,0.368107,-4.44758,78,1.13916,-7.85652,3
O3,S,rolling,34,steady,M_TOC,84,39,0.181497,1.9835,5,4,2,23,32,34,37,30,28,9,6,219,1.55239,15.1476,-15.0895,167,69,69,31,123,68,0.29923,-3.90016,73,0.325946,-4.06495,78,0.92721,-7.12436,3
O3,S,rolling,34,steady,M_TOC_h0half,84,39,0.182134,1.98083,5,4,1,23,32,34,37,30,28,9,6,219,1.60074,15.3043,-15.2639,169,69,69,31,123,68,0.301619,-3.91014,73,0.327359,-4.0726,78,0.971766,-7.28119,3
O3,S,rolling,34,steady,M_TOC_linear,84,39,0.180951,1.98579,5,4,2,21,32,34,37,30,28,9,6,219,1.53218,15.0601,-15.0049,167,69,69,33,125,68,0.304495,-3.92813,73,0.326338,-4.04913,78,0.901351,-7.02766,3
O3,S,rolling,34,steady,network_mean,84,39,4.43121,10.7705,5,0,0,,,,,30,,9,,,,,,,,,,,,,,,,,,,,3
O3,S,rolling,34,steady,oracle,84,39,0.0935852,1.54917,5,4,2,,,,,30,,9,,219,0.326055,6.6774,-4.82526,,69,67,13,96,68,0.104563,-0.694462,73,0.12206,-2.08444,78,0.0994317,-2.04635,3
O3,S,rolling,34,steady,persistence,84,39,1.44429,4.37821,5,2,1,,,,,30,,9,,,,,,,,,,,,,,,,,,,,3
O3,S,rolling,34,first_storm,B0,30,13,0.0782757,0.877485,0,0,1,3,8,9,12,11,8,2,1,73,0.582675,5.28349,-4.66127,39,25,25,6,37,20,0.164413,-1.45763,28,0.346598,-2.45627,25,0.071664,-0.747381,1
O3,S,rolling,34,first_storm,M_TOC,30,13,0.101714,0.96567,0,0,1,4,6,8,9,11,7,2,1,73,0.863949,6.57845,-6.14482,31,25,25,10,41,20,0.233794,-1.85914,28,0.488223,-3.01462,25,0.141932,-1.27105,1
O3,S,rolling,34,first_storm,M_TOC_h0half,30,13,0.0944884,0.929486,0,0,1,3,6,8,10,11,7,2,1,73,0.768768,6.18228,-5.69877,34,25,25,9,40,20,0.211689,-1.74179,28,0.441231,-2.84997,25,0.115848,-1.10701,1
O3,S,rolling,34,first_storm,M_TOC_linear,30,13,0.108409,0.998207,0,0,1,4,6,8,9,11,7,2,1,73,0.972593,6.99916,-6.60597,24,25,25,11,42,20,0.255547,-1.97268,28,0.54317,-3.20133,25,0.173876,-1.43196,1
O3,S,rolling,34,first_storm,network_mean,30,13,1.80613,3.76231,0,0,0,,,,,11,,2,,,,,,,,,,,,,,,,,,,,1
O3,S,rolling,34,first_storm,oracle,30,13,0.0285944,0.482475,0,0,0,,,,,11,,2,,73,0.203435,2.90923,-0.765785,,25,25,2,32,20,0.0876409,-0.36491,28,0.0870234,-0.898545,25,0.0287703,0.49767,1
O3,S,rolling,34,first_storm,persistence,30,13,0.639679,1.78077,0,0,1,,,,,11,,2,,,,,,,,,,,,,,,,,,,,1
O3,S,rolling,34,after_storm,B0,33,13,0.0932203,0.909355,2,1,0,2,7,9,12,10,6,3,3,73,0.162468,2.78831,0.336707,65,28,26,2,35,21,0.045014,0.818712,27,0.0360625,0.245762,25,0.0813911,-0.727766,1
O3,S,rolling,34,after_storm,M_TOC,33,13,0.0868017,0.881454,2,1,0,3,7,11,12,10,8,3,3,73,0.157278,2.70578,0.065893,63,28,26,3,36,21,0.0387826,0.743708,27,0.0312658,0.148512,25,0.0872293,-0.826328,1
O3,S,rolling,34,after_storm,M_TOC_h0half,33,13,0.0888798,0.891373,2,1,0,3,7,11,12,10,8,3,3,73,0.156269,2.71024,0.138541,63,28,26,2,35,21,0.0400484,0.760925,27,0.032468,0.166653,25,0.0837526,-0.789037,1
O3,S,rolling,34,after_storm,M_TOC_linear,33,13,0.0850797,0.871667,2,1,0,3,8,11,13,10,8,3,3,73,0.164279,2.76038,0.0136686,63,28,26,3,36,21,0.0382699,0.732874,27,0.0327711,0.159908,25,0.0932384,-0.879113,1
O3,S,rolling,34,after_storm,network_mean,33,13,1.33578,3.60154,2,0,0,,,,,10,,3,,,,,,,,,,,,,,,,,,,,1
O3,S,rolling,34,after_storm,oracle,33,13,0.0190918,0.427426,2,1,0,,,,,10,,3,,73,0.0630492,1.60441,-0.249337,,28,25,4,34,21,0.0171619,0.0873576,27,0.0279799,-0.289262,25,0.0179074,-0.0474319,1
O3,S,rolling,34,after_storm,persistence,33,13,0.583021,2.15923,2,0,0,,,,,10,,3,,,,,,,,,,,,,,,,,,,,1
O3,S,rolling,35,falling,B0,113,52,0.177058,2.26307,5,4,3,31,42,50,50,40,39,12,11,294,1.64718,16.8927,-11.7611,227,84,75,18,125,100,0.455493,-3.50118,103,0.334938,-2.38445,91,0.856745,-5.87544,4
O3,S,rolling,35,falling,M_TOC,113,52,0.18293,2.33026,5,4,3,30,42,50,50,40,39,12,11,294,1.51946,16.1879,-10.5043,233,84,75,18,124,100,0.423099,-3.13001,103,0.318216,-2.01599,91,0.778145,-5.35833,4
O3,S,rolling,35,falling,M_TOC_h0half,113,52,0.180018,2.29872,5,4,3,31,42,50,50,40,39,12,11,294,1.53475,16.1876,-10.607,234,84,75,18,124,100,0.422648,-3.08444,103,0.31279,-2.03713,91,0.799311,-5.48541,4
O3,S,rolling,35,falling,M_TOC_linear,113,52,0.187497,2.36802,5,4,3,30,41,50,50,40,39,12,11,294,1.41557,15.6053,-9.77172,237,84,75,18,124,100,0.399147,-2.92371,103,0.302388,-1.8324,91,0.714035,-5.01561,4
O3,S,rolling,35,falling,network_mean,113,52,4.41965,11.4995,5,0,0,,,,,40,,12,,,,,,,,,,,,,,,,,,,,4
O3,S,rolling,35,falling,oracle,113,52,0.289306,3.04455,5,4,6,,,,,40,,12,,294,0.528665,9.19745,-2.2863,,84,79,12,122,100,0.244673,0.543646,103,0.097154,-0.652749,91,0.186838,-2.1772,4
O3,S,rolling,35,falling,persistence,113,52,1.31222,5.60513,5,3,3,,,,,40,,12,,,,,,,,,,,,,,,,,,,,4
O3,S,rolling,35,steady,B0,90,39,0.235763,2.43625,7,5,0,19,29,33,36,32,27,7,6,220,2.93541,19.1312,-18.1116,148,69,69,18,115,75,1.15314,-6.89229,77,0.901378,-6.12968,68,0.880892,-5.08964,3
O3,S,rolling,35,steady,M_TOC,90,39,0.23569,2.43586,7,5,0,19,29,33,36,32,27,7,6,220,2.8912,18.9585,-17.8678,148,69,69,18,115,75,1.12898,-6.79352,77,0.892824,-6.06124,68,0.8694,-5.01302,3
O3,S,rolling,35,steady,M_TOC_h0half,90,39,0.235715,2.43602,7,5,0,19,29,33,36,32,27,7,6,220,2.91446,19.0967,-18.1039,149,69,69,18,115,75,1.1359,-6.86783,77,0.894443,-6.12507,68,0.884115,-5.11104,3
O3,S,rolling,35,steady,M_TOC_linear,90,39,0.235666,2.43573,7,5,0,19,29,33,36,32,27,7,6,220,2.86156,18.8266,-17.737,149,69,69,18,115,75,1.1265,-6.79052,77,0.889172,-6.05279,68,0.845887,-4.89367,3
O3,S,rolling,35,steady,network_mean,90,39,2.95225,7.97462,7,0,0,,,,,32,,7,,,,,,,,,,,,,,,,,,,,3
O3,S,rolling,35,steady,oracle,90,39,0.125078,1.54706,7,6,0,,,,,32,,7,,220,0.371784,6.73596,-3.80043,,69,65,6,93,75,0.166929,-0.782275,77,0.0794448,-1.17388,68,0.125411,-1.84427,3
O3,S,rolling,35,steady,persistence,90,39,0.539824,3.50872,7,4,0,,,,,32,,7,,,,,,,,,,,,,,,,,,,,3
O3,S,rolling,35,first_storm,B0,33,13,0.0942537,0.775564,2,1,1,5,11,12,12,10,9,3,3,74,0.142243,2.06605,-1.33508,72,27,25,5,38,25,0.0849518,-0.287749,26,0.0164517,-0.443525,23,0.0408399,-0.603807,1
O3,S,rolling,35,first_storm,M_TOC,33,13,0.0694338,0.644631,2,1,1,8,10,12,12,10,9,3,3,74,0.188604,2.76064,-2.25978,70,27,27,6,41,25,0.087192,-0.568032,26,0.0301149,-0.730108,23,0.0712968,-0.96164,1
O3,S,rolling,35,first_storm,M_TOC_h0half,33,13,0.074462,0.648066,2,1,1,7,10,12,12,10,9,3,3,74,0.168843,2.49275,-1.94727,70,27,27,6,41,25,0.0822029,-0.466795,26,0.0242105,-0.620731,23,0.0624293,-0.859744,1
O3,S,rolling,35,first_storm,M_TOC_linear,33,13,0.0660803,0.651674,2,1,1,8,11,12,12,10,9,3,3,74,0.200962,2.98432,-2.49457,71,27,27,6,42,25,0.08903,-0.648573,26,0.0358931,-0.825412,23,0.0760388,-1.02059,1
O3,S,rolling,35,first_storm,network_mean,33,13,1.11848,2.91923,2,0,0,,,,,10,,3,,,,,,,,,,,,,,,,,,,,1
O3,S,rolling,35,first_storm,oracle,33,13,0.0196565,0.386747,2,2,1,,,,,10,,3,,74,0.143382,2.02011,0.698789,,27,25,2,33,25,0.0984475,0.537491,26,0.0247006,-0.0136513,23,0.0202336,0.174949,1
O3,S,rolling,35,first_storm,persistence,33,13,0.234436,1.29308,2,1,1,,,,,10,,3,,,,,,,,,,,,,,,,,,,,1
O3,S,rolling,35,after_storm,B0,31,13,0.0777003,0.699899,1,1,1,8,11,12,12,10,10,3,2,74,0.20885,2.61813,-1.98585,71,26,26,4,36,26,0.0988158,-0.525564,25,0.0241801,-0.493667,23,0.0858543,-0.966618,1
O3,S,rolling,35,after_storm,M_TOC,31,13,0.0652813,0.682233,1,1,1,8,11,12,12,10,10,3,2,74,0.224765,2.89771,-2.35356,71,26,26,5,38,26,0.0957353,-0.704859,25,0.0260492,-0.533471,23,0.10298,-1.11523,1
O3,S,rolling,35,after_storm,M_TOC_h0half,31,13,0.0675667,0.685603,1,1,1,8,11,12,12,10,10,3,2,74,0.212231,2.75676,-2.19086,70,26,26,5,37,26,0.0902875,-0.622283,25,0.0233233,-0.488274,23,0.09862,-1.0803,1
O3,S,rolling,35,after_storm,M_TOC_linear,31,13,0.063732,0.679681,1,1,1,8,11,12,12,10,10,3,2,74,0.22708,2.98097,-2.46297,71,26,26,6,39,26,0.0949082,-0.761947,25,0.027046,-0.562433,23,0.105126,-1.13859,1
O3,S,rolling,35,after_storm,network_mean,31,13,1.13449,2.84538,1,0,0,,,,,10,,3,,,,,,,,,,,,,,,,,,,,1
O3,S,rolling,35,after_storm,oracle,31,13,0.112346,0.777884,1,1,2,,,,,10,,3,,74,0.111603,1.73238,-0.879075,,26,26,5,36,26,0.0840882,-0.241665,25,0.00843302,-0.175871,23,0.0190815,-0.461539,1
O3,S,rolling,35,after_storm,persistence,31,13,0.19982,1.14538,1,1,1,,,,,10,,3,,,,,,,,,,,,,,,,,,,,1
O3,S,rolling,36,falling,B0,127,52,0.121372,1.98747,3,1,1,30,42,48,50,41,38,11,10,294,2.42202,20.7307,-20.3902,203,100,100,36,167,97,0.468845,-4.91961,88,0.396042,-4.82224,109,1.55713,-10.6483,4
O3,S,rolling,36,falling,M_TOC,127,52,0.123681,1.99541,3,1,1,29,41,47,50,41,37,11,10,294,1.98963,18.1059,-17.2776,217,100,100,34,165,97,0.382902,-3.73999,88,0.297786,-3.90117,109,1.30894,-9.63639,4
O3,S,rolling,36,falling,M_TOC_h0half,127,52,0.121897,1.99013,3,1,1,33,41,48,50,41,38,11,10,294,2.20771,19.464,-18.8806,211,100,100,36,167,97,0.422249,-4.32092,88,0.342678,-4.36216,109,1.44279,-10.1976,4
O3,S,rolling,36,falling,M_TOC_linear,127,52,0.12855,2.01537,3,1,1,28,41,46,49,41,36,11,10,294,1.8936,17.3546,-16.2991,226,100,100,32,163,97,0.336775,-3.24911,88,0.276288,-3.58134,109,1.28053,-9.46863,4
O3,S,rolling,36,falling,network_mean,127,52,1.44803,7.23897,3,0,0,,,,,41,,11,,,,,,,,,,,,,,,,,,,,4
O3,S,rolling,36,falling,oracle,127,52,0.0824057,1.62955,3,3,2,,,,,41,,11,,294,0.560541,8.80622,1.81925,,100,92,1,120,97,0.318553,2.24564,88,0.105599,0.950178,109,0.136389,-1.37657,4
O3,S,rolling,36,falling,persistence,127,52,0.754139,4.40718,3,0,0,,,,,41,,11,,,,,,,,,,,,,,,,,,,,4
O3,S,rolling,36,steady,B0,84,39,0.138334,1.85183,2,2,0,17,31,36,37,30,27,9,9,219,1.71113,13.1603,-10.352,173,70,66,25,108,75,0.304359,-1.72706,61,0.216206,-1.11924,83,1.19057,-7.50571,3
O3,S,rolling,36,steady,M_TOC,84,39,0.139427,1.84893,2,2,0,19,30,34,37,30,25,9,9,219,1.62055,12.8763,-9.83706,178,70,67,25,109,75,0.345557,-1.6745,61,0.195903,-1.0693,83,1.07909,-7.09326,3
O3,S,rolling,36,steady,M_TOC_h0half,84,39,0.140439,1.84915,2,2,0,19,30,35,37,30,26,9,9,219,1.68817,13.0946,-10.0921,175,70,67,25,109,75,0.349622,-1.72369,61,0.203393,-1.07909,83,1.13515,-7.28931,3
O3,S,rolling,36,steady,M_TOC_linear,84,39,0.138546,1.84982,2,2,0,20,29,34,37,30,25,9,9,219,1.63026,12.9017,-9.61802,174,70,67,24,108,75,0.366566,-1.61704,61,0.193945,-0.97837,83,1.06975,-7.02261,3
O3,S,rolling,36,steady,network_mean,84,39,0.954454,5.03256,2,0,0,,,,,30,,9,,,,,,,,,,,,,,,,,,,,3
O3,S,rolling,36,steady,oracle,84,39,0.138086,1.59814,2,2,3,,,,,30,,9,,219,0.460761,7.52137,-3.3727,,70,70,9,99,75,0.246286,-0.112296,61,0.0604894,-0.629091,83,0.153986,-2.63131,3
O3,S,rolling,36,steady,persistence,84,39,0.548169,3.23154,2,0,0,,,,,30,,9,,,,,,,,,,,,,,,,,,,,3
O3,S,rolling,36,first_storm,B0,39,13,0.0756313,0.761608,0,0,2,5,9,9,9,11,7,2,2,73,0.178664,2.93026,1.86761,64,32,29,1,36,25,0.0988963,1.40396,22,0.0560183,0.721718,26,0.0237491,-0.258067,1
O3,S,rolling,36,first_storm,M_TOC,39,13,0.0649611,0.718067,0,0,3,4,9,11,12,11,9,2,2,73,0.11464,2.42521,0.309561,71,32,31,1,39,25,0.0424011,0.839605,22,0.030715,0.221346,26,0.0415239,-0.75139,1
O3,S,rolling,36,first_storm,M_TOC_h0half,39,13,0.0669995,0.726675,0,0,2,5,9,11,12,11,9,2,2,73,0.13237,2.56369,0.831854,71,32,31,1,38,25,0.0597531,1.04187,22,0.0387406,0.403619,26,0.033876,-0.613636,1
O3,S,rolling,36,first_storm,M_TOC_linear,39,13,0.0638759,0.712938,0,0,3,4,8,11,12,11,9,2,2,73,0.118235,2.41956,-0.0605185,72,32,31,1,40,25,0.0341275,0.705524,22,0.0317443,0.127021,26,0.0523633,-0.893063,1
O3,S,rolling,36,first_storm,network_mean,39,13,0.304992,1.72385,0,0,0,,,,,11,,2,,,,,,,,,,,,,,,,,,,,1
O3,S,rolling,36,first_storm,oracle,39,13,0.0314534,0.605345,0,0,2,,,,,11,,2,,73,0.0833481,1.96964,0.39929,,32,32,1,41,25,0.0410167,0.519997,22,0.0269492,-0.0143004,26,0.0153821,-0.106407,1
O3,S,rolling,36,first_storm,persistence,39,13,0.174694,1.06077,0,0,0,,,,,11,,2,,,,,,,,,,,,,,,,,,,,1
O3,S,rolling,36,after_storm,B0,41,13,0.0674351,0.674202,3,2,0,7,10,10,12,10,7,3,3,73,0.114702,2.43779,0.780761,73,33,29,4,41,26,0.0528647,0.872159,21,0.0236147,0.366912,26,0.0382223,-0.45831,1
O3,S,rolling,36,after_storm,M_TOC,41,13,0.0614214,0.616895,3,2,0,8,10,10,10,10,7,3,3,73,0.160614,2.83465,1.08698,73,33,29,4,41,26,0.0765505,1.18491,21,0.0342842,0.525189,26,0.0497795,-0.623123,1
O3,S,rolling,36,after_storm,M_TOC_h0half,41,13,0.0595261,0.619099,3,2,0,7,10,10,11,10,7,3,3,73,0.115309,2.30593,0.253148,72,33,29,4,41,26,0.040958,0.734395,21,0.0215547,0.21164,26,0.0527961,-0.692888,1
O3,S,rolling,36,after_storm,M_TOC_linear,41,13,0.0584155,0.613487,3,2,0,8,10,10,10,10,7,3,3,73,0.149098,2.71202,0.882031,72,33,29,4,41,26,0.0624381,1.06782,21,0.0341004,0.510453,26,0.0525599,-0.696245,1
O3,S,rolling,36,after_storm,network_mean,41,13,0.554677,2.20154,3,0,0,,,,,10,,3,,,,,,,,,,,,,,,,,,,,1
O3,S,rolling,36,after_storm,oracle,41,13,0.0409172,0.619094,3,3,0,,,,,10,,3,,73,0.128171,2.46777,1.43227,,33,29,4,41,26,0.0710292,1.09416,21,0.0415971,0.556648,26,0.0155452,-0.218535,1
O3,S,rolling,36,after_storm,persistence,41,13,0.453898,1.65385,3,0,0,,,,,10,,3,,,,,,,,,,,,,,,,,,,,1
O3,S,rolling,37,falling,B0,97,52,0.350631,3.32716,3,1,2,27,38,47,48,41,37,11,10,293,4.46092,30.599,-28.4394,164,72,71,27,128,103,1.58761,-10.9331,93,1.3077,-7.60532,97,1.56561,-9.90096,4
O3,S,rolling,37,falling,M_TOC,97,52,0.338892,3.2411,3,1,2,28,37,47,48,41,37,11,10,293,4.08684,29.0965,-26.8069,173,72,71,24,125,103,1.48361,-10.438,93,1.23474,-7.20749,97,1.36848,-9.16137,4
O3,S,rolling,37,falling,M_TOC_h0half,97,52,0.342374,3.2612,3,1,2,28,37,47,48,41,37,11,10,293,4.19866,29.6092,-27.4128,172,72,71,25,126,103,1.52067,-10.6645,93,1.25886,-7.3781,97,1.41912,-9.37021,4
O3,S,rolling,37,falling,M_TOC_linear,97,52,0.335782,3.2218,3,1,2,28,37,46,48,41,36,11,10,293,4.04116,28.9492,-26.6816,174,72,71,24,125,103,1.4866,-10.4796,93,1.22264,-7.18181,97,1.33193,-9.02021,4
O3,S,rolling,37,falling,network_mean,97,52,3.53427,10.8438,3,0,0,,,,,41,,11,,,,,,,,,,,,,,,,,,,,4
O3,S,rolling,37,falling,oracle,97,52,0.445251,3.51851,3,0,1,,,,,41,,11,,293,1.1937,14.163,-4.87885,,72,64,5,95,103,0.409472,-1.72032,93,0.424078,-1.27409,97,0.360147,-1.88444,4
O3,S,rolling,37,falling,persistence,97,52,0.792863,4.93385,3,1,2,,,,,41,,11,,,,,,,,,,,,,,,,,,,,4
O3,S,rolling,37,steady,B0,69,39,0.20288,2.20338,3,1,2,18,28,31,35,31,26,8,5,222,2.73203,19.776,-17.8596,148,53,52,18,90,79,0.646698,-5.74269,68,0.70267,-3.96043,75,1.38266,-8.15651,3
O3,S,rolling,37,steady,M_TOC,69,39,0.203152,2.21147,3,1,2,19,28,31,35,31,26,8,5,222,2.68208,19.6269,-17.7134,150,53,52,18,90,79,0.633571,-5.66084,68,0.704702,-4.01751,75,1.34381,-8.03507,3
O3,S,rolling,37,steady,M_TOC_h0half,69,39,0.203093,2.2094,3,1,2,19,28,31,35,31,26,8,5,222,2.67324,19.6381,-17.7052,149,53,52,18,90,79,0.634348,-5.65747,68,0.704532,-4.01495,75,1.33436,-8.03275,3
O3,S,rolling,37,steady,M_TOC_linear,69,39,0.203195,2.21316,3,1,2,19,28,31,35,31,26,8,5,222,2.6801,19.6447,-17.7378,149,53,52,18,90,79,0.642445,-5.71188,68,0.707969,-4.02985,75,1.32969,-7.9961,3
O3,S,rolling,37,steady,network_mean,69,39,3.19658,8.97692,3,0,0,,,,,31,,8,,,,,,,,,,,,,,,,,,,,3
O3,S,rolling,37,steady,oracle,69,39,0.238747,2.53843,3,1,0,,,,,31,,8,,222,1.03662,11.7915,-7.48164,,53,52,6,75,79,0.409444,-2.22436,68,0.39606,-2.18607,75,0.231116,-3.07121,3
O3,S,rolling,37,steady,persistence,69,39,0.98895,4.53667,3,0,2,,,,,31,,8,,,,,,,,,,,,,,,,,,,,3
O3,S,rolling,37,first_storm,B0,32,13,0.10382,0.978001,3,1,0,4,7,8,8,10,6,3,2,73,0.247765,3.32404,-0.81014,70,23,21,1,31,26,0.123197,-0.30301,23,0.0705107,-0.619556,24,0.0540579,0.112426,1
O3,S,rolling,37,first_storm,M_TOC,32,13,0.0960493,0.98693,3,2,0,4,7,8,8,10,6,3,2,73,0.3086,3.87309,-2.38868,69,23,23,2,34,26,0.134459,-0.837017,23,0.111379,-1.07791,24,0.0627623,-0.473751,1
O3,S,rolling,37,first_storm,M_TOC_h0half,32,13,0.097713,0.984793,3,1,0,4,7,8,8,10,6,3,2,73,0.276742,3.62067,-1.87724,70,23,21,2,32,26,0.125819,-0.678725,23,0.0933673,-0.920336,24,0.0575558,-0.278183,1
O3,S,rolling,37,first_storm,M_TOC_linear,32,13,0.0949168,0.988557,3,2,0,5,7,8,8,10,6,3,2,73,0.333536,4.15531,-2.78063,65,23,23,3,35,26,0.142186,-0.961186,23,0.123369,-1.19968,24,0.0679806,-0.619769,1
O3,S,rolling,37,first_storm,network_mean,32,13,1.23069,3.40154,3,0,0,,,,,10,,3,,,,,,,,,,,,,,,,,,,,1
O3,S,rolling,37,first_storm,oracle,32,13,0.0934767,0.984205,3,1,0,,,,,10,,3,,73,0.217496,3.07616,-1.97634,,23,23,3,36,26,0.113648,-0.806553,23,0.0782371,-0.964994,24,0.0256106,-0.204794,1
O3,S,rolling,37,first_storm,persistence,32,13,0.311176,1.62154,3,0,0,,,,,10,,3,,,,,,,,,,,,,,,,,,,,1
O3,S,rolling,37,after_storm,B0,27,13,0.188439,1.28682,1,1,1,5,11,12,12,11,10,2,2,73,1.21606,7.10844,-6.59512,49,20,20,4,31,24,0.607083,-2.82748,24,0.466817,-2.38667,25,0.142163,-1.38096,1
O3,S,rolling,37,after_storm,M_TOC,27,13,0.192681,1.28969,1,1,1,5,11,12,12,11,10,2,2,73,1.35354,7.76197,-7.39443,45,20,20,7,34,24,0.620172,-2.94785,24,0.514428,-2.63405,25,0.218935,-1.81252,1
O3,S,rolling,37,after_storm,M_TOC_h0half,27,13,0.191843,1.28922,1,1,1,5,11,12,12,11,10,2,2,73,1.31301,7.59142,-7.1959,45,20,20,7,34,24,0.612277,-2.90016,24,0.500988,-2.57179,25,0.199747,-1.72395,1
O3,S,rolling,37,after_storm,M_TOC_linear,27,13,0.193269,1.28998,1,1,1,5,11,12,12,11,10,2,2,73,1.3413,7.76334,-7.38095,45,20,20,7,34,24,0.60092,-2.89323,24,0.51186,-2.62754,25,0.228524,-1.86018,1
O3,S,rolling,37,after_storm,network_mean,27,13,1.17187,3.12846,1,0,0,,,,,11,,2,,,,,,,,,,,,,,,,,,,,1
O3,S,rolling,37,after_storm,oracle,27,13,0.128915,1.16908,1,0,0,,,,,11,,2,,73,0.423789,4.26078,-0.550915,,20,18,0,25,24,0.236417,-0.373494,24,0.161911,-0.71833,25,0.0254614,0.540908,1
O3,S,rolling,37,after_storm,persistence,27,13,0.330984,1.57154,1,1,2,,,,,11,,2,,,,,,,,,,,,,,,,,,,,1
O3,S,rolling,38,falling,B0,105,52,0.465967,3.80994,4,2,2,18,42,47,49,40,35,12,12,292,4.20193,27.3665,-25.3411,181,95,94,39,156,96,1.81215,-7.70597,91,0.878759,-7.35324,105,1.51103,-10.2819,4
O3,S,rolling,38,falling,M_TOC,105,52,0.442737,3.77252,4,2,1,20,40,48,49,40,36,12,12,292,3.84923,25.9514,-23.5707,195,95,94,38,155,96,1.72877,-7.01034,91,0.753344,-6.73159,105,1.36712,-9.82878,4
O3,S,rolling,38,falling,M_TOC_h0half,105,52,0.451344,3.76684,4,2,1,19,43,48,49,40,36,12,12,292,3.94938,26.4746,-24.2101,191,95,94,38,155,96,1.75683,-7.28085,91,0.794535,-6.9852,105,1.39801,-9.94401,4
O3,S,rolling,38,falling,M_TOC_linear,105,52,0.438919,3.76448,4,2,1,20,38,48,49,40,36,12,12,292,3.67045,25.2715,-22.7973,201,95,94,38,155,96,1.67378,-6.75412,91,0.697203,-6.45403,105,1.29947,-9.58911,4
O3,S,rolling,38,falling,network_mean,105,52,1.61043,7.33359,4,0,0,,,,,40,,12,,,,,,,,,,,,,,,,,,,,4
O3,S,rolling,38,falling,oracle,105,52,0.177089,2.11541,4,3,0,,,,,40,,12,,292,0.786337,11.0634,-0.769174,,95,94,3,109,96,0.378075,2.43876,91,0.121909,-0.750241,105,0.286353,-2.45769,4
O3,S,rolling,38,falling,persistence,105,52,0.943041,5.46744,4,0,2,,,,,40,,12,,,,,,,,,,,,,,,,,,,,4
O3,S,rolling,38,steady,B0,81,39,0.187522,2.20453,3,2,2,17,27,30,34,30,24,9,6,219,0.857499,10.9411,-4.15707,200,68,65,11,90,73,0.40847,-0.321213,67,0.14763,-0.657615,79,0.3014,-3.17824,3
O3,S,rolling,38,steady,M_TOC,81,39,0.186323,2.20008,3,2,2,17,27,30,34,30,24,9,6,219,0.83756,10.829,-4.1955,199,68,65,11,90,73,0.397947,-0.315156,67,0.14459,-0.742105,79,0.295024,-3.13824,3
O3,S,rolling,38,steady,M_TOC_h0half,81,39,0.186683,2.20163,3,2,2,17,27,30,34,30,24,9,6,219,0.84904,10.8741,-4.00767,199,68,65,11,90,73,0.40785,-0.295248,67,0.146232,-0.604206,79,0.294958,-3.10822,3
O3,S,rolling,38,steady,M_TOC_linear,81,39,0.185987,2.19849,3,2,2,17,27,30,34,30,24,9,6,219,0.839219,10.8357,-3.98401,199,68,65,11,90,73,0.405718,-0.284372,67,0.146906,-0.668292,79,0.286594,-3.03134,3
O3,S,rolling,38,steady,network_mean,81,39,1.33167,5.8241,3,0,0,,,,,30,,9,,,,,,,,,,,,,,,,,,,,3
O3,S,rolling,38,steady,oracle,81,39,0.119064,1.71477,3,3,2,,,,,30,,9,,219,0.61249,8.52967,-0.724578,,68,66,11,91,73,0.237254,1.86545,67,0.0791827,-0.00616871,79,0.296053,-2.58386,3
O3,S,rolling,38,steady,persistence,81,39,1.06775,4.71026,3,0,3,,,,,30,,9,,,,,,,,,,,,,,,,,,,,3
O3,S,rolling,38,first_storm,B0,38,13,0.0336191,0.518404,0,0,0,8,11,12,13,10,9,3,3,73,0.237801,2.95591,1.66361,72,32,26,0,31,24,0.155263,0.80886,23,0.0324698,0.48097,26,0.0500684,0.373783,1
O3,S,rolling,38,first_storm,M_TOC,38,13,0.037851,0.592799,0,0,0,8,11,13,13,10,10,3,3,73,0.188426,2.52862,0.818261,73,32,27,0,32,24,0.136373,0.665208,23,0.0193839,0.179431,26,0.0326689,-0.0263786,1
O3,S,rolling,38,first_storm,M_TOC_h0half,38,13,0.0372802,0.577732,0,0,0,7,11,13,13,10,10,3,3,73,0.204647,2.64422,1.05412,73,32,26,0,31,24,0.144762,0.656342,23,0.0225935,0.30645,26,0.0372919,0.0913276,1
O3,S,rolling,38,first_storm,M_TOC_linear,38,13,0.0395597,0.610643,0,0,0,8,11,13,13,10,10,3,3,73,0.183107,2.50174,0.575447,73,32,27,0,32,24,0.132685,0.588425,23,0.0184012,0.104319,26,0.0320206,-0.117296,1
O3,S,rolling,38,first_storm,network_mean,38,13,0.250447,1.47923,0,0,0,,,,,10,,3,,,,,,,,,,,,,,,,,,,,1
O3,S,rolling,38,first_storm,oracle,38,13,0.0169058,0.324149,0,0,0,,,,,10,,3,,73,0.161657,2.44632,-0.397575,,32,30,3,41,24,0.112306,0.807862,23,0.0252839,-0.537636,26,0.0240672,-0.667802,1
O3,S,rolling,38,first_storm,persistence,38,13,0.200275,1.02923,0,0,0,,,,,10,,3,,,,,,,,,,,,,,,,,,,,1
O3,S,rolling,38,after_storm,B0,30,13,0.122537,0.969692,2,1,0,5,8,10,11,10,8,3,2,73,0.305293,3.85541,-3.3702,71,26,26,5,36,24,0.138813,-1.08886,22,0.10289,-1.26808,27,0.063591,-1.01326,1
O3,S,rolling,38,after_storm,M_TOC,30,13,0.121136,0.96968,2,1,0,5,8,10,11,10,8,3,2,73,0.349339,4.21934,-3.82638,68,26,26,8,40,24,0.145571,-1.14494,22,0.120449,-1.41308,27,0.0833189,-1.26835,1
O3,S,rolling,38,after_storm,M_TOC_h0half,30,13,0.12153,0.969932,2,1,0,5,8,10,11,10,8,3,2,73,0.331617,4.09101,-3.66622,71,26,26,8,40,24,0.140222,-1.114,22,0.116981,-1.3833,27,0.0744142,-1.16893,1
O3,S,rolling,38,after_storm,M_TOC_linear,30,13,0.120747,0.969078,2,1,0,5,8,10,11,10,8,3,2,73,0.356709,4.32247,-3.97009,69,26,26,9,41,24,0.143819,-1.18959,22,0.124834,-1.45795,27,0.0880559,-1.32255,1
O3,S,rolling,38,after_storm,network_mean,30,13,0.743303,2.47513,2,0,0,,,,,10,,3,,,,,,,,,,,,,,,,,,,,1
O3,S,rolling,38,after_storm,oracle,30,13,0.11196,0.793023,2,1,0,,,,,10,,3,,73,0.128086,2.17407,1.69157,,26,25,0,29,24,0.0876363,1.03445,22,0.0144017,0.248135,27,0.0260483,0.408985,1
O3,S,rolling,38,after_storm,persistence,30,13,0.589061,1.86538,2,0,0,,,,,10,,3,,,,,,,,,,,,,,,,,,,,1
O3,S,rolling,39,falling,B0,97,52,0.180147,2.30565,4,4,4,26,43,47,50,42,37,10,10,295,5.62044,28.1407,-25.2559,202,72,67,50,147,106,1.71772,-6.25683,90,0.759103,-5.20787,99,3.14362,-13.7912,4
O3,S,rolling,39,falling,M_TOC,97,52,0.167937,2.24943,4,4,4,28,42,45,51,42,35,10,10,295,4.84081,25.8577,-22.3901,211,72,67,42,139,106,1.46565,-5.21438,90,0.583795,-4.2888,99,2.79137,-12.8869,4
O3,S,rolling,39,falling,M_TOC_h0half,97,52,0.170507,2.25655,4,4,4,27,43,46,51,42,36,10,10,295,5.01873,26.3979,-23.212,214,72,67,44,141,106,1.51055,-5.46964,90,0.620596,-4.58191,99,2.88758,-13.1605,4
O3,S,rolling,39,falling,M_TOC_linear,97,52,0.166187,2.24402,4,4,4,27,41,45,51,42,35,10,10,295,4.67652,25.3667,-21.752,214,72,67,42,139,106,1.40419,-4.9642,90,0.543483,-4.055,99,2.72884,-12.7328,4
O3,S,rolling,39,falling,network_mean,97,52,2.75687,9.55897,4,0,0,,,,,42,,10,,,,,,,,,,,,,,,,,,,,4
O3,S,rolling,39,falling,oracle,97,52,0.142765,2.20222,4,4,3,,,,,42,,10,,295,1.31529,12.5587,-4.96446,,72,68,20,116,106,0.304281,0.863532,90,0.135137,-0.651985,99,0.87587,-5.17601,4
O3,S,rolling,39,falling,persistence,97,52,1.21119,5.46077,4,2,2,,,,,42,,10,,,,,,,,,,,,,,,,,,,,4
O3,S,rolling,39,steady,B0,70,39,0.115154,1.69057,3,3,2,19,31,34,37,31,27,8,7,220,1.90199,13.6335,-9.51165,175,55,55,22,95,75,0.21737,0.0251455,71,0.144981,-1.37082,74,1.53964,-8.16597,3
O3,S,rolling,39,steady,M_TOC,70,39,0.107554,1.62277,3,3,1,20,31,32,37,31,25,8,7,220,1.80758,13.2574,-9.04771,176,55,55,19,92,75,0.214897,0.0870452,71,0.138046,-1.26281,74,1.45464,-7.87195,3
O3,S,rolling,39,steady,M_TOC_h0half,70,39,0.10977,1.64177,3,3,1,20,31,32,37,31,25,8,7,220,1.80928,13.3098,-9.00768,176,55,55,20,93,75,0.218703,0.108384,71,0.137149,-1.2509,74,1.45343,-7.86516,3
O3,S,rolling,39,steady,M_TOC_linear,70,39,0.10562,1.61307,3,3,1,21,31,33,37,31,26,8,7,220,1.74957,12.9753,-8.67343,176,55,55,19,92,75,0.212093,0.174063,71,0.12991,-1.14688,74,1.40756,-7.70062,3
O3,S,rolling,39,steady,network_mean,70,39,1.92584,6.90103,3,0,0,,,,,31,,8,,,,,,,,,,,,,,,,,,,,3
O3,S,rolling,39,steady,oracle,70,39,0.105642,1.50774,3,3,3,,,,,31,,8,,220,0.562798,8.57276,-0.638181,,55,55,10,83,75,0.2488,1.94391,71,0.101708,0.109194,74,0.21229,-2.69129,3
O3,S,rolling,39,steady,persistence,70,39,0.629207,3.15385,3,3,0,,,,,31,,8,,,,,,,,,,,,,,,,,,,,3
O3,S,rolling,39,first_storm,B0,29,13,0.0567268,0.632313,2,2,0,4,10,12,12,10,9,3,3,73,0.173316,2.29316,-1.33024,70,22,22,4,33,26,0.0694122,-0.243812,23,0.0210058,-0.224916,24,0.0828979,-0.861511,1
O3,S,rolling,39,first_storm,M_TOC,29,13,0.0661628,0.71639,2,2,0,5,9,11,12,10,8,3,3,73,0.255417,3.19694,-2.77759,68,22,22,8,38,26,0.0762046,-0.689328,23,0.0371724,-0.701946,24,0.14204,-1.38632,1
O3,S,rolling,39,first_storm,M_TOC_h0half,29,13,0.0627623,0.692147,2,2,0,5,9,12,12,10,9,3,3,73,0.22711,2.90882,-2.41274,69,22,22,6,36,26,0.0718967,-0.567957,23,0.0311402,-0.589925,24,0.124074,-1.25486,1
O3,S,rolling,39,first_storm,M_TOC_linear,29,13,0.069587,0.737511,2,2,0,4,8,11,12,10,8,3,3,73,0.297063,3.59147,-3.24352,67,22,22,8,38,26,0.0788026,-0.81028,23,0.0502277,-0.87733,24,0.168033,-1.55591,1
O3,S,rolling,39,first_storm,network_mean,29,13,0.66407,2.35282,2,0,0,,,,,10,,3,,,,,,,,,,,,,,,,,,,,1
O3,S,rolling,39,first_storm,oracle,29,13,0.0340327,0.475937,2,1,0,,,,,10,,3,,73,0.151193,2.55965,-0.220576,,22,22,7,36,26,0.0883542,0.727489,23,0.0228391,-0.161105,24,0.0399999,-0.786961,1
O3,S,rolling,39,first_storm,persistence,29,13,0.166801,1.07282,2,1,0,,,,,10,,3,,,,,,,,,,,,,,,,,,,,1
O3,S,rolling,39,after_storm,B0,31,13,0.0247408,0.395471,1,1,0,10,11,12,13,11,10,2,2,73,0.400619,3.53292,-2.7708,67,24,22,7,37,25,0.175781,-0.904992,24,0.0514573,-0.473933,24,0.173381,-1.39188,1
O3,S,rolling,39,after_storm,M_TOC,31,13,0.022815,0.414666,1,1,0,10,12,12,13,11,10,2,2,73,0.42648,3.64697,-2.63316,66,24,21,7,36,25,0.213674,-0.891546,24,0.0504295,-0.387535,24,0.162376,-1.35408,1
O3,S,rolling,39,after_storm,M_TOC_h0half,31,13,0.0251458,0.401433,1,1,0,10,11,12,13,11,10,2,2,73,0.413336,3.60157,-2.91106,68,24,22,7,37,25,0.181212,-0.954891,24,0.0542237,-0.51864,24,0.177901,-1.43753,1
O3,S,rolling,39,after_storm,M_TOC_linear,31,13,0.0218702,0.408805,1,1,0,10,12,12,13,11,10,2,2,73,0.427212,3.66895,-2.60242,66,24,21,7,35,25,0.214072,-0.869378,24,0.0521669,-0.378317,24,0.160973,-1.35472,1
O3,S,rolling,39,after_storm,network_mean,31,13,0.340698,1.64641,1,0,0,,,,,11,,2,,,,,,,,,,,,,,,,,,,,1
O3,S,rolling,39,after_storm,oracle,31,13,0.0358881,0.611089,1,1,0,,,,,11,,2,,73,0.175748,2.96241,0.0807834,,24,21,4,32,25,0.0778487,0.726555,24,0.0326526,0.314913,24,0.0652467,-0.960685,1
O3,S,rolling,39,after_storm,persistence,31,13,0.362695,1.27641,1,1,0,,,,,11,,2,,,,,,,,,,,,,,,,,,,,1
O3,S,rolling,40,falling,B0,97,52,0.460188,3.36944,1,1,0,23,36,41,44,41,32,11,9,293,3.34136,23.7057,-21.2851,206,80,80,26,130,108,0.774311,-5.42875,86,0.689961,-5.7059,99,1.87708,-10.1504,4
O3,S,rolling,40,falling,M_TOC,97,52,0.438965,3.35414,1,1,0,24,36,43,44,41,34,11,9,293,3.03357,22.6027,-19.8097,211,80,80,21,125,108,0.711717,-4.976,86,0.624749,-5.27093,99,1.6971,-9.5628,4
O3,S,rolling,40,falling,M_TOC_h0half,97,52,0.448841,3.37476,1,1,0,24,36,43,44,41,34,11,9,293,3.08268,22.7155,-19.8959,214,80,80,21,125,108,0.720866,-4.97622,86,0.636268,-5.27788,99,1.72554,-9.64179,4
O3,S,rolling,40,falling,M_TOC_linear,97,52,0.427426,3.32782,1,1,0,24,38,43,44,41,34,11,9,293,2.856,21.9339,-18.9451,213,80,80,19,123,108,0.691026,-4.80194,86,0.585695,-5.0222,99,1.57928,-9.12097,4
O3,S,rolling,40,falling,network_mean,97,52,1.67622,7.72026,1,0,0,,,,,41,,11,,,,,,,,,,,,,,,,,,,,4
O3,S,rolling,40,falling,oracle,97,52,0.155667,2.05417,1,1,2,,,,,41,,11,,293,1.21965,13.0833,-8.12452,,80,79,12,112,108,0.351623,-1.32154,86,0.273028,-3.01106,99,0.595001,-3.79192,4
O3,S,rolling,40,falling,persistence,97,52,1.04265,5.41256,1,0,0,,,,,41,,11,,,,,,,,,,,,,,,,,,,,4
O3,S,rolling,40,steady,B0,79,39,1.23699,4.33007,4,0,3,16,24,28,30,32,21,7,7,221,6.32921,26.6383,-25.8464,148,61,61,22,108,83,3.68663,-11.5066,67,1.41534,-7.18756,71,1.22724,-7.15232,3
O3,S,rolling,40,steady,M_TOC,79,39,1.19666,4.31546,4,0,3,16,24,29,31,32,22,7,7,221,6.23036,26.2761,-24.7083,151,61,61,20,105,83,3.6324,-10.7015,67,1.39104,-6.94715,71,1.20692,-7.05956,3
O3,S,rolling,40,steady,M_TOC_h0half,79,39,1.197,4.31822,4,0,3,15,24,29,31,32,22,7,7,221,6.27059,26.4417,-24.9133,148,61,61,21,107,83,3.65415,-10.7828,67,1.39442,-6.99343,71,1.22201,-7.13699,3
O3,S,rolling,40,steady,M_TOC_linear,79,39,1.19638,4.31309,4,0,3,16,24,29,31,32,22,7,7,221,6.20813,26.1961,-24.6826,150,61,61,22,108,83,3.63105,-10.7043,67,1.39189,-6.98986,71,1.18519,-6.98854,3
O3,S,rolling,40,steady,network_mean,79,39,1.71882,6.75256,4,0,0,,,,,32,,7,,,,,,,,,,,,,,,,,,,,3
O3,S,rolling,40,steady,oracle,79,39,0.479355,2.33829,4,0,1,,,,,32,,7,,221,0.585887,8.49193,-4.531,,61,57,7,79,83,0.177058,-0.779532,67,0.108869,-1.38012,71,0.299961,-2.37135,3
O3,S,rolling,40,steady,persistence,79,39,1.34218,4.97128,4,1,2,,,,,32,,7,,,,,,,,,,,,,,,,,,,,3
O3,S,rolling,40,first_storm,B0,30,13,0.18616,1.00789,3,2,0,6,9,9,10,11,7,2,2,75,0.622724,4.14766,-2.81752,68,24,21,5,31,28,0.261887,-1.3153,21,0.0294695,-0.442459,26,0.331368,-1.05977,1
O3,S,rolling,40,first_storm,M_TOC,30,13,0.152648,0.867158,3,2,0,7,10,10,12,11,8,2,2,75,0.70091,4.68832,-3.91164,68,24,23,6,34,28,0.274826,-1.64598,21,0.0437865,-0.697163,26,0.382298,-1.5685,1
O3,S,rolling,40,first_storm,M_TOC_h0half,30,13,0.161097,0.904516,3,2,0,6,9,10,11,11,8,2,2,75,0.673744,4.49332,-3.55882,68,24,21,6,32,28,0.274634,-1.55553,21,0.0375512,-0.585359,26,0.361559,-1.41793,1
O3,S,rolling,40,first_storm,M_TOC_linear,30,13,0.145909,0.839788,3,2,0,7,10,10,12,11,8,2,2,75,0.725222,4.76662,-4.0669,66,24,24,6,35,28,0.287624,-1.69943,21,0.0447892,-0.706054,26,0.392809,-1.66142,1
O3,S,rolling,40,first_storm,network_mean,30,13,1.02509,2.71256,3,0,0,,,,,11,,2,,,,,,,,,,,,,,,,,,,,1
O3,S,rolling,40,first_storm,oracle,30,13,0.265508,0.878795,3,2,0,,,,,11,,2,,75,0.576832,5.13715,-3.78144,,24,20,9,36,28,0.162459,-1.31472,21,0.114033,-1.40082,26,0.30034,-1.0659,1
O3,S,rolling,40,first_storm,persistence,30,13,1.13032,2.62256,3,0,0,,,,,11,,2,,,,,,,,,,,,,,,,,,,,1
O3,S,rolling,40,after_storm,B0,29,13,0.193557,1.19213,2,2,1,6,11,11,12,11,9,2,2,74,2.69397,10.8328,-10.6138,41,23,23,7,39,27,1.62697,-5.48392,22,0.832045,-3.46198,25,0.234951,-1.66794,1
O3,S,rolling,40,after_storm,M_TOC,29,13,0.166835,1.19039,2,2,2,5,11,11,12,11,9,2,2,74,1.85126,9.28218,-9.17513,39,23,23,6,38,27,0.989138,-4.31799,22,0.572488,-2.92336,25,0.289638,-1.93378,1
O3,S,rolling,40,after_storm,M_TOC_h0half,29,13,0.202827,1.2658,2,2,1,6,11,11,11,11,9,2,2,74,2.59437,10.773,-10.6537,40,23,23,6,39,27,1.5169,-5.32724,22,0.790718,-3.40555,25,0.286756,-1.92089,1
O3,S,rolling,40,after_storm,M_TOC_linear,29,13,0.207904,1.31076,2,2,2,5,11,11,11,11,9,2,2,74,2.5397,10.7275,-10.6166,41,23,23,7,40,27,1.44995,-5.22435,22,0.769665,-3.36704,25,0.32009,-2.02522,1
O3,S,rolling,40,after_storm,network_mean,29,13,0.47297,2.22692,2,0,0,,,,,11,,2,,,,,,,,,,,,,,,,,,,,1
O3,S,rolling,40,after_storm,oracle,29,13,0.0536879,0.578461,2,0,0,,,,,11,,2,,74,0.204733,2.94822,-1.26254,,23,23,0,29,27,0.140367,-0.677955,22,0.050138,-0.649793,25,0.0142279,0.0652088,1
O3,S,rolling,40,after_storm,persistence,29,13,0.639303,2.31103,2,0,2,,,,,11,,2,,,,,,,,,,,,,,,,,,,,1
O3,S,rolling,41,falling,B0,87,52,0.775202,3.96086,6,6,2,13,28,38,43,40,30,12,8,293,4.45684,29.0293,-25.9281,153,63,62,24,119,107,1.20904,-8.23318,89,1.14285,-7.63702,97,2.10495,-10.0579,4
O3,S,rolling,41,falling,M_TOC,87,52,0.759459,3.95701,6,5,2,14,29,37,42,40,29,12,8,293,4.02024,27.4381,-23.9959,156,63,61,24,116,107,1.10045,-7.63938,89,1.01991,-7.09669,97,1.89988,-9.25987,4
O3,S,rolling,41,falling,M_TOC_h0half,87,52,0.765183,3.95206,6,5,2,14,29,37,43,40,29,12,8,293,4.13968,27.902,-24.5775,158,63,61,24,116,107,1.14245,-7.86498,89,1.05861,-7.28664,97,1.93862,-9.42589,4
O3,S,rolling,41,falling,M_TOC_linear,87,52,0.753077,3.96115,6,5,2,14,28,35,42,40,27,12,8,293,3.87463,26.9823,-23.4226,163,63,61,24,116,107,1.09818,-7.54763,89,0.992252,-6.96388,97,1.7842,-8.91106,4
O3,S,rolling,41,falling,network_mean,87,52,3.60145,11.5949,6,0,0,,,,,40,,12,,,,,,,,,,,,,,,,,,,,4
O3,S,rolling,41,falling,oracle,87,52,0.234669,2.71064,6,5,1,,,,,40,,12,,293,1.18169,14.3691,-5.85772,,63,58,4,92,107,0.47813,-0.753565,89,0.371633,-2.58075,97,0.331923,-2.52341,4
O3,S,rolling,41,falling,persistence,87,52,2.19656,7.80231,6,4,1,,,,,40,,12,,,,,,,,,,,,,,,,,,,,4
O3,S,rolling,41,steady,B0,61,39,0.531501,3.08645,5,5,2,9,20,27,31,31,22,8,5,219,4.8816,28.986,-28.4395,72,41,41,29,95,82,1.66074,-10.1681,60,1.24232,-7.81905,77,1.97855,-10.4523,3
O3,S,rolling,41,steady,M_TOC,61,39,0.529117,3.0798,5,5,2,10,20,27,31,31,22,8,5,219,4.79542,28.7115,-28.1895,72,41,41,28,94,82,1.63205,-10.0937,60,1.2289,-7.7716,77,1.93448,-10.3242,3
O3,S,rolling,41,steady,M_TOC_h0half,61,39,0.529923,3.08189,5,5,2,9,20,27,31,31,22,8,5,219,4.79188,28.6956,-28.1761,73,41,41,27,93,82,1.63274,-10.0788,60,1.22198,-7.76119,77,1.93715,-10.3361,3
O3,S,rolling,41,steady,M_TOC_linear,61,39,0.53499,3.15664,5,5,3,9,18,27,31,31,22,8,5,219,3.83784,24.8007,-24.0574,77,41,41,25,90,82,1.13086,-8.04599,60,0.924708,-6.50547,77,1.78228,-9.50596,3
O3,S,rolling,41,steady,network_mean,61,39,2.20635,7.60795,5,0,0,,,,,31,,8,,,,,,,,,,,,,,,,,,,,3
O3,S,rolling,41,steady,oracle,61,39,0.296653,1.97712,5,4,1,,,,,31,,8,,219,0.653346,8.9056,-3.17124,,41,40,12,71,82,0.316641,-0.180992,60,0.155811,-1.3585,77,0.180895,-1.63176,3
O3,S,rolling,41,steady,persistence,61,39,1.34113,4.86718,5,4,1,,,,,31,,8,,,,,,,,,,,,,,,,,,,,3
O3,S,rolling,41,first_storm,B0,32,13,0.155235,0.986542,3,2,0,6,11,12,13,11,10,2,2,74,0.661647,4.63934,-3.57004,67,24,23,0,30,27,0.537113,-2.65941,21,0.102844,-1.00851,26,0.0216905,0.0978894,1
O3,S,rolling,41,first_storm,M_TOC,32,13,0.119868,0.86382,3,2,0,6,11,12,13,11,10,2,2,74,0.671859,4.7463,-4.22173,64,24,23,0,30,27,0.527021,-2.71282,21,0.115731,-1.1396,26,0.0291074,-0.369317,1
O3,S,rolling,41,first_storm,M_TOC_h0half,32,13,0.128256,0.893464,3,2,0,6,11,12,13,11,10,2,2,74,0.646624,4.60402,-3.90691,67,24,23,0,30,27,0.517826,-2.64543,21,0.10596,-1.05642,26,0.0228376,-0.205059,1
O3,S,rolling,41,first_storm,M_TOC_linear,32,13,0.113385,0.845746,3,2,0,6,11,13,13,11,11,2,2,74,0.653769,4.67735,-4.21307,67,24,23,0,30,27,0.51038,-2.6549,21,0.112672,-1.12966,26,0.0307173,-0.428507,1
O3,S,rolling,41,first_storm,network_mean,32,13,0.778214,2.79385,3,0,0,,,,,11,,2,,,,,,,,,,,,,,,,,,,,1
O3,S,rolling,41,first_storm,oracle,32,13,0.0246784,0.468383,3,2,0,,,,,11,,2,,74,0.0777516,1.89309,0.484022,,24,24,2,34,27,0.0410972,0.606257,21,0.0197925,0.189868,26,0.0168618,-0.312103,1
O3,S,rolling,41,first_storm,persistence,32,13,0.421951,1.78615,3,2,0,,,,,11,,2,,,,,,,,,,,,,,,,,,,,1
O3,S,rolling,41,after_storm,B0,21,13,0.284108,1.01651,1,0,1,8,11,11,12,10,8,3,3,74,1.30983,7.86271,-7.2798,42,16,16,7,30,27,0.822797,-3.96276,21,0.270588,-2.01851,26,0.216445,-1.29854,1
O3,S,rolling,41,after_storm,M_TOC,21,13,0.294636,1.01492,1,0,1,9,11,11,12,10,8,3,3,74,1.43607,8.29664,-7.94199,41,16,16,7,30,27,0.904328,-4.22299,21,0.302112,-2.19058,26,0.229626,-1.52842,1
O3,S,rolling,41,after_storm,M_TOC_h0half,21,13,0.291158,1.01514,1,0,1,9,11,11,12,10,8,3,3,74,1.39435,8.14671,-7.70961,41,16,16,7,30,27,0.878527,-4.13904,21,0.290321,-2.12983,26,0.225501,-1.44074,1
O3,S,rolling,41,after_storm,M_TOC_linear,21,13,0.29793,1.01474,1,0,1,11,11,12,12,10,9,3,3,74,1.44486,8.34058,-8.00023,40,16,16,7,30,27,0.910134,-4.23062,21,0.302384,-2.19568,26,0.232345,-1.57394,1
O3,S,rolling,41,after_storm,network_mean,21,13,0.777692,2.79538,1,0,0,,,,,10,,3,,,,,,,,,,,,,,,,,,,,1
O3,S,rolling,41,after_storm,oracle,21,13,0.0340921,0.56502,1,1,1,,,,,10,,3,,74,0.165408,2.71032,-0.710181,,16,16,3,25,27,0.0852349,0.0599751,21,0.0332323,-0.539282,26,0.046941,-0.230874,1
O3,S,rolling,41,after_storm,persistence,21,13,0.682938,1.70846,1,0,3,,,,,10,,3,,,,,,,,,,,,,,,,,,,,1
O3,S,rolling,42,falling,B0,88,52,0.187392,2.38889,2,1,0,29,44,47,48,41,38,11,9,292,3.72011,24.3689,-23.8649,211,75,75,44,139,95,0.423444,-4.90808,89,0.689829,-6.22621,108,2.60684,-12.7306,4
O3,S,rolling,42,falling,M_TOC,88,52,0.176114,2.3266,2,1,0,30,45,47,48,41,38,11,9,292,3.31666,22.4837,-21.6357,225,75,75,42,135,95,0.374436,-4.25211,89,0.588741,-5.56196,108,2.35348,-11.8216,4
O3,S,rolling,42,falling,M_TOC_h0half,88,52,0.178797,2.34568,2,1,0,29,44,47,48,41,38,11,9,292,3.42641,23.2132,-22.5185,219,75,75,44,137,95,0.393732,-4.55025,89,0.626525,-5.86091,108,2.40615,-12.1074,4
O3,S,rolling,42,falling,M_TOC_linear,88,52,0.174585,2.31664,2,1,0,29,46,47,48,41,38,11,9,292,3.20405,22.1076,-21.178,223,75,75,42,135,95,0.366141,-4.18696,89,0.561621,-5.43728,108,2.27629,-11.5538,4
O3,S,rolling,42,falling,network_mean,88,52,4.74662,12.1913,2,0,0,,,,,41,,11,,,,,,,,,,,,,,,,,,,,4
O3,S,rolling,42,falling,oracle,88,52,0.141306,2.18654,2,1,0,,,,,41,,11,,292,0.685096,10.9235,-4.98986,,75,74,14,105,95,0.216476,0.46101,89,0.220229,-2.42518,108,0.248391,-3.02569,4
O3,S,rolling,42,falling,persistence,88,52,1.13124,4.91256,2,0,0,,,,,41,,11,,,,,,,,,,,,,,,,,,,,4
O3,S,rolling,42,steady,B0,66,39,0.239698,2.49574,0,0,1,15,29,34,35,31,28,8,6,219,2.43049,18.986,-16.2376,151,55,55,30,99,72,0.507035,-2.91933,70,0.597788,-5.00838,77,1.32567,-8.30987,3
O3,S,rolling,42,steady,M_TOC,66,39,0.239681,2.4734,0,0,1,15,29,35,35,31,28,8,7,219,2.23834,18.2216,-15.3112,152,55,55,28,97,72,0.485937,-2.70216,70,0.567587,-4.81899,77,1.18481,-7.79,3
O3,S,rolling,42,steady,M_TOC_h0half,66,39,0.239557,2.48095,0,0,1,15,29,34,35,31,28,8,6,219,2.27778,18.3437,-15.5918,155,55,55,29,98,72,0.497078,-2.86072,70,0.574778,-4.88199,77,1.20593,-7.84908,3
O3,S,rolling,42,steady,M_TOC_linear,66,39,0.310407,2.48665,0,0,1,19,29,37,37,31,29,8,8,219,2.52965,19.4799,-16.6023,155,55,55,26,95,72,0.612538,-3.38989,70,0.708001,-5.32598,77,1.20911,-7.88645,3
O3,S,rolling,42,steady,network_mean,66,39,3.64287,9.79103,0,0,0,,,,,31,,8,,,,,,,,,,,,,,,,,,,,3
O3,S,rolling,42,steady,oracle,66,39,0.17846,2.02688,0,0,1,,,,,31,,8,,219,0.435851,7.33868,-1.06244,,55,54,8,74,72,0.175905,0.601429,70,0.107934,-1.37922,77,0.152011,-0.284653,3
O3,S,rolling,42,steady,persistence,66,39,0.941727,4.30615,0,0,0,,,,,31,,8,,,,,,,,,,,,,,,,,,,,3
O3,S,rolling,42,first_storm,B0,26,13,0.0238042,0.4351,0,0,0,8,11,12,12,10,9,3,3,74,0.243782,3.24547,0.506223,70,23,23,3,30,25,0.0834446,1.16582,23,0.0235385,0.0723823,26,0.136799,-0.731984,1
O3,S,rolling,42,first_storm,M_TOC,26,13,0.0309546,0.532079,0,0,0,9,12,12,13,10,9,3,3,74,0.264514,3.24439,-1.50903,67,23,23,5,33,25,0.0419908,0.453336,23,0.0417513,-0.545404,26,0.180772,-1.41696,1
O3,S,rolling,42,first_storm,M_TOC_h0half,26,13,0.0280015,0.504345,0,0,0,9,12,12,13,10,9,3,3,74,0.238207,3.05076,-0.833412,68,23,23,5,33,25,0.0481441,0.686736,23,0.0316412,-0.336013,26,0.158422,-1.18413,1
O3,S,rolling,42,first_storm,M_TOC_linear,26,13,0.034139,0.556358,0,0,0,6,11,12,13,10,9,3,3,74,0.282671,3.32523,-2.09789,67,23,23,5,33,25,0.034616,0.23861,23,0.0547061,-0.751951,26,0.193349,-1.58455,1
O3,S,rolling,42,first_storm,network_mean,26,13,1.06531,2.92,0,0,0,,,,,10,,3,,,,,,,,,,,,,,,,,,,,1
O3,S,rolling,42,first_storm,oracle,26,13,0.0612155,0.816759,0,0,0,,,,,10,,3,,74,0.180353,2.62607,-1.06112,,23,23,2,29,25,0.0850686,-0.37098,23,0.0570003,-0.870319,26,0.0382839,0.180178,1
O3,S,rolling,42,first_storm,persistence,26,13,0.1639,0.983333,0,0,0,,,,,10,,3,,,,,,,,,,,,,,,,,,,,1
O3,S,rolling,42,after_storm,B0,26,13,0.109097,0.80201,0,0,1,7,10,12,13,10,10,3,2,74,0.27989,3.11553,-3.03294,63,24,24,3,30,25,0.0317986,-0.500011,22,0.0732465,-0.904276,27,0.174845,-1.62865,1
O3,S,rolling,42,after_storm,M_TOC,26,13,0.0823203,0.716755,0,0,1,7,11,12,13,10,10,3,2,74,0.375294,3.93458,-3.90548,63,24,24,5,35,25,0.0426133,-0.720002,22,0.099536,-1.17072,27,0.233144,-2.01476,1
O3,S,rolling,42,after_storm,M_TOC_h0half,26,13,0.0895498,0.738028,0,0,1,7,10,12,13,10,10,3,2,74,0.353006,3.80021,-3.78112,63,24,24,5,35,25,0.0439657,-0.740494,22,0.0951305,-1.13449,27,0.21391,-1.90613,1
O3,S,rolling,42,after_storm,M_TOC_linear,26,13,0.0761743,0.698937,0,0,1,7,11,12,13,10,10,3,2,74,0.404958,4.21856,-4.21358,63,24,24,5,35,25,0.0506689,-0.857236,22,0.110653,-1.26224,27,0.243636,-2.0941,1
O3,S,rolling,42,after_storm,network_mean,26,13,1.30446,3.29231,0,0,0,,,,,10,,3,,,,,,,,,,,,,,,,,,,,1
O3,S,rolling,42,after_storm,oracle,26,13,0.0455689,0.602892,0,0,1,,,,,10,,3,,74,0.179664,2.51341,-0.99901,,24,24,0,28,25,0.0904771,-0.112113,22,0.0592693,-0.774368,27,0.0299175,-0.11253,1
O3,S,rolling,42,after_storm,persistence,26,13,0.421122,1.46538,0,0,0,,,,,10,,3,,,,,,,,,,,,,,,,,,,,1
O3,S,rolling,43,falling,B0,99,52,0.396081,3.4435,1,1,1,25,43,47,48,42,38,10,9,295,6.17281,32.9335,-32.1583,193,81,81,27,137,104,3.09203,-13.7696,98,1.56705,-9.23062,93,1.51373,-9.15812,4
O3,S,rolling,43,falling,M_TOC,99,52,0.388337,3.4282,1,1,1,25,43,48,49,42,39,10,9,295,4.92507,29.013,-28.0698,204,81,81,21,128,104,2.587,-12.4055,98,1.22521,-7.97395,93,1.11286,-7.69037,4
O3,S,rolling,43,falling,M_TOC_h0half,99,52,0.389328,3.44752,1,1,1,23,43,48,49,42,39,10,9,295,5.3984,30.5534,-29.6483,201,81,81,23,132,104,2.77653,-12.9135,98,1.34661,-8.41341,93,1.27526,-8.32146,4
O3,S,rolling,43,falling,M_TOC_linear,99,52,0.387605,3.47994,1,1,1,23,43,48,49,42,39,10,9,295,4.69967,28.2745,-27.1081,205,81,81,21,129,104,2.48663,-12.0332,98,1.15868,-7.60403,93,1.05436,-7.47079,4
O3,S,rolling,43,falling,network_mean,99,52,2.03562,8.07205,1,0,0,,,,,42,,10,,,,,,,,,,,,,,,,,,,,4
O3,S,rolling,43,falling,oracle,99,52,0.275627,2.29374,1,1,0,,,,,42,,10,,295,0.631571,10.2936,-2.26953,,81,76,5,100,104,0.267744,-0.778251,98,0.185174,-1.04886,93,0.178653,-0.442427,4
O3,S,rolling,43,falling,persistence,99,52,1.25546,5.18564,1,0,0,,,,,42,,10,,,,,,,,,,,,,,,,,,,,4
O3,S,rolling,43,steady,B0,83,39,0.133229,1.84195,0,0,0,22,30,36,38,31,30,8,6,220,1.50898,13.9458,-11.5508,197,69,68,8,94,74,0.402978,-3.25087,74,0.323343,-3.352,72,0.782655,-4.94796,3
O3,S,rolling,43,steady,M_TOC,83,39,0.133029,1.85081,0,0,0,20,30,35,38,31,30,8,5,220,1.3354,13.1119,-10.2614,202,69,67,7,90,74,0.372008,-2.94282,74,0.279262,-2.95974,72,0.684129,-4.35881,3
O3,S,rolling,43,steady,M_TOC_h0half,83,39,0.133093,1.84819,0,0,0,21,30,35,38,31,30,8,5,220,1.37596,13.2846,-10.5514,200,69,67,7,90,74,0.372464,-2.93252,74,0.28598,-3.03317,72,0.717513,-4.58575,3
O3,S,rolling,43,steady,M_TOC_linear,83,39,0.132968,1.85311,0,0,0,20,30,35,38,31,30,8,5,220,1.28933,12.8434,-9.89638,203,69,67,7,90,74,0.355612,-2.78125,74,0.265574,-2.83785,72,0.668143,-4.27729,3
O3,S,rolling,43,steady,network_mean,83,39,1.00283,5.10949,0,0,0,,,,,31,,8,,,,,,,,,,,,,,,,,,,,3
O3,S,rolling,43,steady,oracle,83,39,0.033374,0.908781,0,0,0,,,,,31,,8,,220,0.412946,7.39137,-4.02027,,69,67,3,83,74,0.161185,-0.852588,74,0.107083,-1.61461,72,0.144678,-1.55307,3
O3,S,rolling,43,steady,persistence,83,39,0.437937,3.18231,0,0,0,,,,,31,,8,,,,,,,,,,,,,,,,,,,,3
O3,S,rolling,43,first_storm,B0,30,13,0.0595326,0.761744,2,1,0,5,9,9,11,11,8,2,1,73,0.279936,3.54127,-2.70448,71,24,24,6,36,23,0.0712054,-0.547612,25,0.0820846,-0.994382,25,0.126646,-1.16248,1
O3,S,rolling,43,first_storm,M_TOC,30,13,0.0553784,0.680089,2,2,0,6,9,11,11,11,10,2,1,73,0.508755,4.88626,-4.67324,64,24,24,7,37,23,0.114622,-1.25409,25,0.175991,-1.72117,25,0.218141,-1.69798,1
O3,S,rolling,43,first_storm,M_TOC_h0half,30,13,0.0537068,0.671984,2,1,0,7,9,11,11,11,10,2,1,73,0.424253,4.42166,-4.07849,66,24,24,7,37,23,0.0958907,-1.03375,25,0.140348,-1.49249,25,0.188015,-1.55225,1
O3,S,rolling,43,first_storm,M_TOC_linear,30,13,0.0588262,0.714932,2,2,0,6,10,11,12,11,10,2,1,73,0.59978,5.28207,-5.17934,54,24,24,8,38,23,0.12993,-1.40111,25,0.206831,-1.90598,25,0.263019,-1.87225,1
O3,S,rolling,43,first_storm,network_mean,30,13,0.481919,1.89974,2,0,0,,,,,11,,2,,,,,,,,,,,,,,,,,,,,1
O3,S,rolling,43,first_storm,oracle,30,13,0.0369531,0.543627,2,1,0,,,,,11,,2,,73,0.400804,3.01723,-0.322367,,24,22,0,28,23,0.0536628,-0.238754,25,0.0370583,-0.0552816,25,0.310083,-0.0283316,1
O3,S,rolling,43,first_storm,persistence,30,13,0.309613,1.46974,2,0,0,,,,,11,,2,,,,,,,,,,,,,,,,,,,,1
O3,S,rolling,43,after_storm,B0,26,13,0.027087,0.495541,0,0,0,7,12,13,13,10,10,3,3,74,0.540962,5.04206,-4.93385,59,20,20,11,38,24,0.0856396,-1.06405,27,0.112841,-1.5097,23,0.342482,-2.3601,1
O3,S,rolling,43,after_storm,M_TOC,26,13,0.0238158,0.455122,0,0,0,7,12,13,13,10,10,3,3,74,0.551333,5.11825,-4.84782,61,20,20,11,38,24,0.0992387,-1.03171,27,0.109385,-1.46355,23,0.34271,-2.35256,1
O3,S,rolling,43,after_storm,M_TOC_h0half,26,13,0.0243846,0.464902,0,0,0,7,13,13,13,10,10,3,3,74,0.566914,5.18934,-4.98092,61,20,20,11,38,24,0.0969313,-1.06838,27,0.117161,-1.52552,23,0.352822,-2.38701,1
O3,S,rolling,43,after_storm,M_TOC_linear,26,13,0.0236472,0.446655,0,0,0,7,12,13,13,10,10,3,3,74,0.599019,5.42102,-5.09921,61,20,20,11,38,24,0.113417,-1.09706,27,0.1265,-1.58805,23,0.359102,-2.4141,1
O3,S,rolling,43,after_storm,network_mean,26,13,0.264601,1.54231,0,0,0,,,,,10,,3,,,,,,,,,,,,,,,,,,,,1
O3,S,rolling,43,after_storm,oracle,26,13,0.030568,0.465164,0,0,0,,,,,10,,3,,74,0.251928,3.33622,-3.13401,,20,20,4,31,24,0.083713,-0.816017,27,0.0587584,-1.02459,23,0.109457,-1.2934,1
O3,S,rolling,43,after_storm,persistence,26,13,0.103961,0.925897,0,0,1,,,,,10,,3,,,,,,,,,,,,,,,,,,,,1
O3,S,rolling,44,falling,B0,108,52,0.548018,3.26639,6,6,0,28,41,47,50,41,36,11,11,293,2.24782,19.1149,-17.1615,225,97,96,28,142,87,0.445411,-3.58342,96,0.236095,-3.06085,110,1.56631,-10.5173,4
O3,S,rolling,44,falling,M_TOC,108,52,0.54654,3.26634,6,6,0,25,42,47,49,41,36,11,11,293,2.01108,17.6883,-15.17,234,97,95,26,139,87,0.405427,-3.08148,96,0.197748,-2.3274,110,1.4079,-9.76107,4
O3,S,rolling,44,falling,M_TOC_h0half,108,52,0.546855,3.26643,6,6,0,26,42,46,49,41,35,11,11,293,2.12158,18.3474,-16.1732,233,97,95,27,140,87,0.425265,-3.3334,96,0.214922,-2.69937,110,1.48139,-10.1404,4
O3,S,rolling,44,falling,M_TOC_linear,108,52,0.546585,3.26627,6,6,0,25,42,46,49,41,35,11,11,293,1.87651,17.0547,-14.2846,235,97,94,22,134,87,0.383295,-2.88111,96,0.188077,-2.06563,110,1.30514,-9.33786,4
O3,S,rolling,44,falling,network_mean,108,52,3.55596,10.0938,6,0,0,,,,,41,,11,,,,,,,,,,,,,,,,,,,,4
O3,S,rolling,44,falling,oracle,108,52,0.137551,1.91826,6,6,0,,,,,41,,11,,293,0.460163,8.39031,-4.35625,,97,93,6,109,87,0.191197,-1.15032,96,0.0627078,-0.601875,110,0.206258,-2.60406,4
O3,S,rolling,44,falling,persistence,108,52,1.32882,5.26974,6,4,0,,,,,41,,11,,,,,,,,,,,,,,,,,,,,4
O3,S,rolling,44,steady,B0,77,39,0.115682,1.72123,4,4,0,20,33,37,38,30,28,9,9,219,4.16109,22.4936,-19.8513,155,62,61,32,115,75,1.75943,-7.10828,71,0.87805,-5.05082,73,1.52361,-7.69221,3
O3,S,rolling,44,steady,M_TOC,77,39,0.111565,1.69514,4,4,0,20,32,37,38,30,28,9,9,219,4.2672,22.7466,-20.1542,156,62,61,33,116,75,1.8311,-7.30656,71,0.940462,-5.2259,73,1.49563,-7.62178,3
O3,S,rolling,44,steady,M_TOC_h0half,77,39,0.113451,1.70963,4,4,0,21,32,37,38,30,28,9,9,219,4.18548,22.4723,-19.8269,157,62,61,32,115,75,1.77962,-7.12102,71,0.896797,-5.06772,73,1.50906,-7.63821,3
O3,S,rolling,44,steady,M_TOC_linear,77,39,0.111393,1.69279,4,4,0,20,32,37,38,30,28,9,9,219,4.22542,22.6288,-19.9612,156,62,61,33,116,75,1.84308,-7.32299,71,0.932576,-5.14026,73,1.44977,-7.49795,3
O3,S,rolling,44,steady,network_mean,77,39,2.62768,6.89897,4,0,0,,,,,30,,9,,,,,,,,,,,,,,,,,,,,3
O3,S,rolling,44,steady,oracle,77,39,0.102167,1.4966,4,4,0,,,,,30,,9,,219,0.439199,6.96865,-1.42759,,62,60,4,79,75,0.22684,-0.571578,71,0.0826096,0.491644,73,0.12975,-1.34766,3
O3,S,rolling,44,steady,persistence,77,39,0.825671,3.68308,4,3,0,,,,,30,,9,,,,,,,,,,,,,,,,,,,,3
O3,S,rolling,44,first_storm,B0,38,13,0.296685,1.504,3,1,0,0,6,8,8,10,8,3,0,73,0.211472,2.69277,0.887469,69,33,31,3,39,26,0.0787525,0.618818,23,0.102686,0.617409,24,0.0300331,-0.348758,1
O3,S,rolling,44,first_storm,M_TOC,38,13,0.225088,1.26058,3,1,0,3,7,9,9,10,9,3,0,73,0.189308,2.86284,-0.699551,71,33,31,4,40,26,0.0614084,0.0441315,23,0.0769222,0.0663988,24,0.0509778,-0.810081,1
O3,S,rolling,44,first_storm,M_TOC_h0half,38,13,0.244813,1.33189,3,1,0,1,7,8,9,10,8,3,0,73,0.18933,2.74446,-0.122904,70,33,31,4,40,26,0.0642829,0.280872,23,0.0826352,0.265044,24,0.0424122,-0.66882,1
O3,S,rolling,44,first_storm,M_TOC_linear,38,13,0.208367,1.19697,3,1,0,4,8,9,10,10,9,3,0,73,0.192502,2.87296,-0.797059,71,33,31,4,40,26,0.0586347,0.0457205,23,0.0758086,0.0390673,24,0.0580584,-0.881847,1
O3,S,rolling,44,first_storm,network_mean,38,13,1.03458,2.69641,3,0,0,,,,,10,,3,,,,,,,,,,,,,,,,,,,,1
O3,S,rolling,44,first_storm,oracle,38,13,0.0110218,0.332297,3,3,0,,,,,10,,3,,73,0.1378,2.38947,-1.38678,,33,33,5,45,26,0.0983376,-0.744658,23,0.0329035,-0.57486,24,0.00655885,-0.0672582,1
O3,S,rolling,44,first_storm,persistence,38,13,0.568865,2.04846,3,1,0,,,,,10,,3,,,,,,,,,,,,,,,,,,,,1
O3,S,rolling,44,after_storm,B0,28,13,0.0608137,0.792821,1,1,1,4,10,13,13,10,10,3,3,73,0.654345,5.96318,-5.72994,51,24,24,9,39,25,0.312457,-2.43129,23,0.150579,-1.52726,25,0.191309,-1.77139,1
O3,S,rolling,44,after_storm,M_TOC,28,13,0.0822672,0.905966,1,1,1,4,9,11,13,10,9,3,2,73,0.929427,7.0857,-6.98445,41,24,24,11,41,25,0.401589,-2.85829,23,0.212785,-1.85063,25,0.315053,-2.27552,1
O3,S,rolling,44,after_storm,M_TOC_h0half,28,13,0.0787836,0.889467,1,1,1,4,9,11,13,10,9,3,2,73,0.901823,6.96222,-6.85455,42,24,24,11,41,25,0.393236,-2.8231,23,0.201125,-1.79123,25,0.307463,-2.24023,1
O3,S,rolling,44,after_storm,M_TOC_linear,28,13,0.0844699,0.916076,1,1,1,4,9,10,12,10,9,3,1,73,1.00124,7.38768,-7.29619,37,24,24,11,41,25,0.42345,-2.96384,23,0.234239,-1.95332,25,0.343549,-2.37903,1
O3,S,rolling,44,after_storm,network_mean,28,13,0.927262,2.54308,1,0,0,,,,,10,,3,,,,,,,,,,,,,,,,,,,,1
O3,S,rolling,44,after_storm,oracle,28,13,0.0291345,0.485975,1,1,1,,,,,10,,3,,73,0.281046,3.71451,-2.9633,,24,23,5,33,25,0.160023,-1.21468,23,0.0776457,-1.08176,25,0.0433773,-0.666856,1
O3,S,rolling,44,after_storm,persistence,28,13,0.279518,1.56538,1,1,0,,,,,10,,3,,,,,,,,,,,,,,,,,,,,1
O3,S,rolling,45,falling,B0,90,52,0.378535,3.15914,3,1,2,24,37,41,44,41,32,11,9,299,3.40437,24.4991,-19.6426,203,69,69,26,119,109,0.994347,-5.48129,93,0.567331,-5.27878,97,1.8427,-8.88248,4
O3,S,rolling,45,falling,M_TOC,90,52,0.360377,3.04301,3,0,2,24,37,41,43,41,32,11,9,299,3.08703,23.2894,-18.2397,218,69,69,26,119,109,0.963961,-5.23652,93,0.506321,-4.95339,97,1.61674,-8.04975,4
O3,S,rolling,45,falling,M_TOC_h0half,90,52,0.366179,3.08289,3,0,2,25,37,41,43,41,32,11,9,299,3.18205,23.6455,-18.6827,212,69,69,26,119,109,0.967328,-5.29046,93,0.521251,-5.07334,97,1.69347,-8.31892,4
O3,S,rolling,45,falling,M_TOC_linear,90,52,0.353772,3.00167,3,0,2,24,37,42,43,41,32,11,10,299,2.95377,22.7893,-17.6161,224,69,69,26,119,109,0.956262,-5.10186,93,0.483332,-4.76479,97,1.51417,-7.74941,4
O3,S,rolling,45,falling,network_mean,90,52,2.16311,8.8259,3,0,0,,,,,41,,11,,,,,,,,,,,,,,,,,,,,4
O3,S,rolling,45,falling,oracle,90,52,0.102078,1.74931,3,0,0,,,,,41,,11,,299,0.961496,11.0168,-2.51235,,69,66,6,94,109,0.235133,1.43369,93,0.151247,-1.8613,97,0.575116,-2.08474,4
O3,S,rolling,45,falling,persistence,90,52,1.23923,5.81205,3,0,2,,,,,41,,11,,,,,,,,,,,,,,,,,,,,4
O3,S,rolling,45,steady,B0,56,39,0.437377,2.91879,0,0,1,16,30,33,37,32,27,7,6,220,3.84007,25.2153,-25.1993,123,47,47,29,92,81,1.3702,-9.2027,68,0.980488,-7.56103,71,1.48939,-8.43558,3
O3,S,rolling,45,steady,M_TOC,56,39,0.348522,2.52346,0,0,1,16,31,33,36,32,27,7,6,220,2.76421,19.9224,-19.2323,120,47,47,27,90,81,0.731005,-5.56055,68,0.676747,-5.76131,71,1.35646,-7.91048,3
O3,S,rolling,45,steady,M_TOC_h0half,56,39,0.349679,2.52819,0,0,1,16,31,33,36,32,27,7,6,220,2.76687,19.8789,-19.1853,120,47,47,27,90,81,0.7317,-5.5433,68,0.674378,-5.73971,71,1.3608,-7.90231,3
O3,S,rolling,45,steady,M_TOC_linear,56,39,0.348948,2.52961,0,0,1,16,31,33,36,32,27,7,6,220,2.72389,19.6588,-18.8926,122,47,47,27,90,81,0.729626,-5.45818,68,0.654863,-5.61815,71,1.3394,-7.81629,3
O3,S,rolling,45,steady,network_mean,56,39,1.46333,5.8441,0,0,0,,,,,32,,7,,,,,,,,,,,,,,,,,,,,3
O3,S,rolling,45,steady,oracle,56,39,0.382414,2.16265,0,0,2,,,,,32,,7,,220,0.335739,6.4677,-1.97552,,47,46,6,62,81,0.130054,1.19858,68,0.0774094,-1.27476,71,0.128276,-1.89935,3
O3,S,rolling,45,steady,persistence,56,39,1.16404,4.7841,0,0,1,,,,,32,,7,,,,,,,,,,,,,,,,,,,,3
O3,S,rolling,45,first_storm,B0,28,13,0.174139,1.20712,2,0,0,2,5,7,7,10,5,3,2,75,0.549613,4.8178,3.80025,63,24,23,1,30,27,0.221742,2.10111,24,0.209039,1.45001,24,0.118831,0.249121,1
O3,S,rolling,45,first_storm,M_TOC,28,13,0.144133,1.06926,2,0,0,3,6,7,10,10,5,3,2,75,0.43456,4.51556,2.76359,67,24,23,1,30,27,0.178335,1.84568,24,0.161472,1.12923,24,0.094753,-0.211318,1
O3,S,rolling,45,first_storm,M_TOC_h0half,28,13,0.15101,1.10372,2,0,0,3,6,7,7,10,5,3,2,75,0.457806,4.56116,3.05162,69,24,23,1,30,27,0.191093,1.92865,24,0.169783,1.21882,24,0.0969301,-0.0958484,1
O3,S,rolling,45,first_storm,M_TOC_linear,28,13,0.138908,1.0417,2,0,0,3,7,7,10,10,5,3,2,75,0.39765,4.36442,2.39562,67,24,23,1,30,27,0.163413,1.7284,24,0.142668,0.991135,24,0.091568,-0.32391,1
O3,S,rolling,45,first_storm,network_mean,28,13,0.463223,1.71154,2,0,0,,,,,10,,3,,,,,,,,,,,,,,,,,,,,1
O3,S,rolling,45,first_storm,oracle,28,13,0.0068003,0.222679,2,2,0,,,,,10,,3,,75,0.133552,2.42381,0.838369,,24,22,1,29,27,0.0727805,0.878654,24,0.029259,-0.0420196,24,0.0315126,0.00173483,1
O3,S,rolling,45,first_storm,persistence,28,13,0.276647,1.33769,2,0,0,,,,,10,,3,,,,,,,,,,,,,,,,,,,,1
O3,S,rolling,45,after_storm,B0,21,13,0.0810174,0.794086,0,0,0,4,10,11,11,10,8,3,3,74,0.499344,5.20571,-5.1171,64,17,17,6,30,26,0.227013,-2.01883,24,0.162676,-1.76757,24,0.109655,-1.3307,1
O3,S,rolling,45,after_storm,M_TOC,21,13,0.0834066,0.790988,0,0,0,4,9,11,11,10,8,3,3,74,0.545548,5.47604,-5.42513,60,17,17,6,30,26,0.223148,-1.99587,24,0.171803,-1.83242,24,0.150597,-1.59685,1
O3,S,rolling,45,after_storm,M_TOC_h0half,21,13,0.092095,0.847813,0,0,0,3,9,10,11,10,8,3,2,74,0.581383,5.76871,-5.67787,62,17,17,6,30,26,0.250879,-2.18786,24,0.18219,-1.89604,24,0.148313,-1.59397,1
O3,S,rolling,45,after_storm,M_TOC_linear,21,13,0.0837198,0.78876,0,0,0,4,9,11,11,10,8,3,3,74,0.578054,5.66612,-5.62289,60,17,17,6,30,26,0.235928,-2.07934,24,0.183337,-1.89672,24,0.158789,-1.64683,1
O3,S,rolling,45,after_storm,network_mean,21,13,0.314998,1.67538,0,0,0,,,,,10,,3,,,,,,,,,,,,,,,,,,,,1
O3,S,rolling,45,after_storm,oracle,21,13,0.0105412,0.288147,0,0,0,,,,,10,,3,,74,0.0947313,1.74445,0.509595,,17,17,0,21,26,0.061985,0.553653,24,0.0105363,-0.319681,24,0.02221,0.275623,1
O3,S,rolling,45,after_storm,persistence,21,13,0.12442,1.07513,0,0,1,,,,,10,,3,,,,,,,,,,,,,,,,,,,,1
O3,S,rolling,46,falling,B0,107,52,0.389006,3.39699,4,4,2,26,38,46,48,42,36,10,10,292,1.84237,18.5366,-15.4073,212,90,86,20,133,101,0.478201,-4.78183,92,0.412391,-3.28816,99,0.95178,-7.33733,4
O3,S,rolling,46,falling,M_TOC,107,52,0.314249,3.21263,4,4,2,26,39,46,48,42,36,10,10,292,1.46975,16.5106,-12.8686,220,90,86,19,130,101,0.359845,-3.65655,92,0.329096,-2.68634,99,0.780812,-6.52574,4
O3,S,rolling,46,falling,M_TOC_h0half,107,52,0.357634,3.32627,4,4,2,26,39,46,48,42,36,10,10,292,1.63986,17.4783,-14.2911,218,90,86,19,131,101,0.428649,-4.39799,92,0.369798,-3.03678,99,0.841409,-6.85632,4
O3,S,rolling,46,falling,M_TOC_linear,107,52,0.306619,3.20947,4,4,2,27,39,46,48,42,36,10,10,292,1.42622,16.2958,-12.629,225,90,86,18,130,101,0.361092,-3.6179,92,0.329377,-2.71031,99,0.735754,-6.30079,4
O3,S,rolling,46,falling,network_mean,107,52,3.28197,9.61821,4,0,0,,,,,42,,10,,,,,,,,,,,,,,,,,,,,4
O3,S,rolling,46,falling,oracle,107,52,0.204706,2.37583,4,3,1,,,,,42,,10,,292,0.41213,8.71367,0.789265,,90,84,4,104,101,0.168523,1.16408,92,0.121943,1.0067,99,0.121664,-1.38151,4
O3,S,rolling,46,falling,persistence,107,52,1.35363,5.13333,4,2,1,,,,,42,,10,,,,,,,,,,,,,,,,,,,,4
O3,S,rolling,46,steady,B0,76,39,0.612246,3.44865,0,0,1,11,20,22,29,30,17,9,5,220,1.49145,14.1672,-11.8993,157,66,64,11,90,72,0.570219,-4.29955,73,0.461581,-3.49287,75,0.459652,-4.10693,3
O3,S,rolling,46,steady,M_TOC,76,39,0.597396,3.40213,0,0,1,13,20,23,29,30,18,9,5,220,1.42312,13.8366,-11.5173,161,66,64,11,90,72,0.532574,-4.07914,73,0.456549,-3.49122,75,0.433997,-3.94694,3
O3,S,rolling,46,steady,M_TOC_h0half,76,39,0.601038,3.412,0,0,2,11,20,23,29,30,18,9,5,220,1.41569,13.8089,-11.4788,158,66,64,11,90,72,0.531549,-4.08348,73,0.45057,-3.45557,75,0.433572,-3.9398,3
O3,S,rolling,46,steady,M_TOC_linear,76,39,0.594567,3.39431,0,0,1,13,20,23,29,30,18,9,5,220,1.42433,13.8523,-11.5083,164,66,64,11,90,72,0.536146,-4.11094,73,0.464947,-3.53261,75,0.423238,-3.86479,3
O3,S,rolling,46,steady,network_mean,76,39,2.52434,7.83744,0,0,0,,,,,30,,9,,,,,,,,,,,,,,,,,,,,3
O3,S,rolling,46,steady,oracle,76,39,0.330971,2.25603,0,0,3,,,,,30,,9,,220,0.535598,8.19777,0.406104,,66,64,5,80,72,0.286569,0.827361,73,0.14344,0.0242533,75,0.105589,-0.44551,3
O3,S,rolling,46,steady,persistence,76,39,0.867951,4.20872,0,0,0,,,,,30,,9,,,,,,,,,,,,,,,,,,,,3
O3,S,rolling,46,first_storm,B0,35,13,0.173356,1.07416,1,0,0,6,9,11,11,10,9,3,2,73,0.40723,4.65861,3.9434,61,28,25,2,31,21,0.188388,1.77202,24,0.095015,1.29374,28,0.123828,0.877637,1
O3,S,rolling,46,first_storm,M_TOC,35,13,0.148925,1.01885,1,1,0,7,8,10,12,10,8,3,2,73,0.307129,3.86124,2.94696,66,28,25,2,32,21,0.158713,1.56179,24,0.0626596,0.995533,28,0.0857566,0.389639,1
O3,S,rolling,46,first_storm,M_TOC_h0half,35,13,0.153594,1.02651,1,1,0,7,8,10,12,10,8,3,2,73,0.335451,4.10897,3.26736,64,28,25,2,31,21,0.167579,1.62029,24,0.0740947,1.11407,28,0.0937776,0.533001,1
O3,S,rolling,46,first_storm,M_TOC_linear,35,13,0.145881,1.02061,1,1,0,7,8,10,11,10,8,3,2,73,0.302585,3.83957,2.86107,65,28,25,2,31,21,0.159556,1.54334,24,0.0625177,1.00512,28,0.0805109,0.312603,1
O3,S,rolling,46,first_storm,network_mean,35,13,0.779355,2.36795,1,0,0,,,,,10,,3,,,,,,,,,,,,,,,,,,,,1
O3,S,rolling,46,first_storm,oracle,35,13,0.0430359,0.542426,1,1,0,,,,,10,,3,,73,0.124425,2.30027,-0.825961,,28,28,4,40,21,0.0467181,0.306766,24,0.0156625,-0.0424339,28,0.0620448,-1.09029,1
O3,S,rolling,46,first_storm,persistence,35,13,0.314913,1.60795,1,0,0,,,,,10,,3,,,,,,,,,,,,,,,,,,,,1
O3,S,rolling,46,after_storm,B0,27,13,0.0625812,0.655463,2,2,1,12,13,13,13,10,10,3,3,73,0.309655,3.85323,-3.37132,68,25,25,4,33,21,0.0669265,-0.609341,25,0.128422,-1.43255,27,0.114306,-1.32943,1
O3,S,rolling,46,after_storm,M_TOC,27,13,0.0642282,0.641964,2,2,0,11,13,13,13,10,10,3,3,73,0.384786,4.39325,-3.73854,65,25,25,9,39,21,0.0851185,-0.578495,25,0.155582,-1.64119,27,0.144085,-1.51886,1
O3,S,rolling,46,after_storm,M_TOC_h0half,27,13,0.073043,0.696967,2,2,1,12,13,13,13,10,10,3,3,73,0.336495,4.04545,-3.57065,66,25,25,5,35,21,0.0789706,-0.682605,25,0.125141,-1.43108,27,0.132383,-1.45696,1
O3,S,rolling,46,after_storm,M_TOC_linear,27,13,0.0660983,0.653141,2,2,1,11,13,13,13,10,10,3,3,73,0.380829,4.34424,-3.64271,65,25,25,9,39,21,0.0859327,-0.537566,25,0.144905,-1.56489,27,0.149991,-1.54026,1
O3,S,rolling,46,after_storm,network_mean,27,13,1.3939,3.18231,2,0,0,,,,,10,,3,,,,,,,,,,,,,,,,,,,,1
O3,S,rolling,46,after_storm,oracle,27,13,0.0468145,0.617254,2,2,0,,,,,10,,3,,73,0.107275,2.13056,-1.26389,,25,25,6,37,21,0.0202055,0.318025,25,0.0270553,-0.45348,27,0.0600144,-1.12843,1
O3,S,rolling,46,after_storm,persistence,27,13,0.804354,1.88231,2,1,0,,,,,10,,3,,,,,,,,,,,,,,,,,,,,1
O3,S,rolling,47,falling,B0,100,52,0.324894,3.08981,2,2,0,26,36,41,44,42,34,10,7,293,4.02216,28.4026,-28.3044,176,88,88,54,166,93,1.44369,-10.2035,91,0.546834,-5.93983,109,2.03163,-12.1611,4
O3,S,rolling,47,falling,M_TOC,100,52,0.303983,2.96268,2,2,0,27,37,40,47,42,33,10,7,293,3.61445,26.6201,-26.4014,193,88,88,51,160,93,1.32579,-9.70026,91,0.467773,-5.3543,109,1.82089,-11.3468,4
O3,S,rolling,47,falling,M_TOC_h0half,100,52,0.312156,3.01617,2,2,0,28,37,40,46,42,33,10,7,293,3.725,27.1232,-26.9433,187,88,88,51,162,93,1.34669,-9.79793,91,0.485934,-5.50664,109,1.89237,-11.6387,4
O3,S,rolling,47,falling,M_TOC_linear,100,52,0.302012,2.95155,2,2,0,27,37,40,47,42,33,10,7,293,3.4824,26.0149,-25.7913,193,88,88,51,159,93,1.26764,-9.50812,91,0.432186,-5.10122,109,1.78258,-11.1819,4
O3,S,rolling,47,falling,network_mean,100,52,5.21194,13.4592,2,0,0,,,,,42,,10,,,,,,,,,,,,,,,,,,,,4
O3,S,rolling,47,falling,oracle,100,52,0.151966,2.13182,2,2,1,,,,,42,,10,,293,0.717252,11.7562,-8.3933,,88,88,16,121,93,0.299,-2.23101,91,0.182658,-2.35522,109,0.235594,-3.80706,4
O3,S,rolling,47,falling,persistence,100,52,1.50899,6.57846,2,0,0,,,,,42,,10,,,,,,,,,,,,,,,,,,,,4
O3,S,rolling,47,steady,B0,88,39,0.235313,2.43194,0,0,0,16,31,36,36,30,28,9,8,219,2.11814,15.3721,-14.6663,160,77,77,26,124,69,0.359981,-3.29627,75,0.272644,-3.12807,75,1.48552,-8.24196,3
O3,S,rolling,47,steady,M_TOC,88,39,0.223056,2.37457,0,0,0,16,31,36,36,30,28,9,8,219,1.67524,13.3401,-12.4104,172,77,77,22,119,69,0.286009,-2.71185,75,0.196378,-2.44446,75,1.19286,-7.25404,3
O3,S,rolling,47,steady,M_TOC_h0half,88,39,0.226995,2.39564,0,0,0,16,31,36,36,30,28,9,8,219,1.83914,14.1831,-13.4688,172,77,77,25,122,69,0.310871,-2.99987,75,0.226339,-2.80083,75,1.30193,-7.66814,3
O3,S,rolling,47,steady,M_TOC_linear,88,39,0.219322,2.35193,0,0,0,16,31,36,36,30,28,9,8,219,1.62799,13.2353,-12.3114,171,77,77,23,120,69,0.276448,-2.69963,75,0.19093,-2.46834,75,1.16062,-7.14338,3
O3,S,rolling,47,steady,network_mean,88,39,3.71644,10.2308,0,0,0,,,,,30,,9,,,,,,,,,,,,,,,,,,,,3
O3,S,rolling,47,steady,oracle,88,39,0.161799,1.73408,0,0,0,,,,,30,,9,,219,0.355787,7.0464,-4.04263,,77,77,7,97,69,0.121302,0.197077,75,0.0768239,-1.3956,75,0.157661,-2.84411,3
O3,S,rolling,47,steady,persistence,88,39,0.685101,4.06667,0,0,0,,,,,30,,9,,,,,,,,,,,,,,,,,,,,3
O3,S,rolling,47,first_storm,B0,42,13,0.100975,0.922964,2,2,0,4,7,10,11,11,8,2,2,73,0.259536,3.41595,2.7436,68,35,34,0,40,24,0.162354,1.7232,23,0.0699362,0.947484,26,0.0272458,0.0729127,1
O3,S,rolling,47,first_storm,M_TOC,42,13,0.0840662,0.847147,2,2,0,4,9,11,12,11,9,2,2,73,0.180767,2.75072,1.71287,72,35,34,1,41,24,0.111536,1.3345,23,0.0427883,0.585067,26,0.0264426,-0.206694,1
O3,S,rolling,47,first_storm,M_TOC_h0half,42,13,0.0885975,0.86964,2,2,0,5,7,11,11,11,9,2,2,73,0.192939,2.89622,1.98161,72,35,34,1,41,24,0.119118,1.42486,23,0.0480713,0.682371,26,0.0257502,-0.12563,1
O3,S,rolling,47,first_storm,M_TOC_linear,42,13,0.0803147,0.826976,2,2,0,3,9,11,12,11,9,2,2,73,0.170195,2.66951,1.59075,70,35,34,1,41,24,0.104381,1.2843,23,0.0391058,0.54566,26,0.0267081,-0.239214,1
O3,S,rolling,47,first_storm,network_mean,42,13,1.65937,4.17077,2,0,0,,,,,11,,2,,,,,,,,,,,,,,,,,,,,1
O3,S,rolling,47,first_storm,oracle,42,13,0.0278489,0.505058,2,2,0,,,,,11,,2,,73,0.0673893,1.71657,0.938138,,35,34,1,41,24,0.0362101,0.5562,23,0.0256455,0.281356,26,0.00553367,0.100582,1
O3,S,rolling,47,first_storm,persistence,42,13,0.770352,2.12846,2,0,0,,,,,11,,2,,,,,,,,,,,,,,,,,,,,1
O3,S,rolling,47,after_storm,B0,27,13,0.0798839,0.672992,1,1,0,8,11,12,13,10,9,3,3,74,0.55446,5.78202,-5.59872,42,25,25,11,42,25,0.264841,-2.10877,23,0.150553,-1.75776,26,0.139066,-1.73219,1
O3,S,rolling,47,after_storm,M_TOC,27,13,0.110218,0.786189,1,1,0,7,11,12,12,10,9,3,3,74,1.52821,9.64349,-9.64349,10,25,25,20,55,25,0.848167,-4.42287,23,0.5025,-3.25528,26,0.177543,-1.96533,1
O3,S,rolling,47,after_storm,M_TOC_h0half,27,13,0.110369,0.781393,1,1,0,7,11,12,12,10,9,3,3,74,1.50134,9.54739,-9.54739,10,25,25,19,54,25,0.832139,-4.37112,23,0.494862,-3.23143,26,0.174337,-1.94484,1
O3,S,rolling,47,after_storm,M_TOC_linear,27,13,0.110186,0.790803,1,1,0,6,11,12,12,10,9,3,3,74,1.55105,9.71777,-9.71777,9,25,25,20,55,25,0.861429,-4.4613,23,0.51066,-3.28206,26,0.178957,-1.97441,1
O3,S,rolling,47,after_storm,network_mean,27,13,1.31201,3.3359,1,0,0,,,,,10,,3,,,,,,,,,,,,,,,,,,,,1
O3,S,rolling,47,after_storm,oracle,27,13,0.0108997,0.278582,1,1,0,,,,,10,,3,,74,0.0730347,1.68523,-0.578815,,25,25,2,29,25,0.0458147,-0.177853,23,0.0154111,-0.33092,26,0.0118089,-0.070043,1
O3,S,rolling,47,after_storm,persistence,27,13,0.631252,2.24718,1,0,0,,,,,10,,3,,,,,,,,,,,,,,,,,,,,1
O3,S,jan_mar_to_jul_sep,32,all_months,B0,81,39,0.131346,1.73565,8,5,1,28,37,38,38,32,31,7,7,219,2.98513,20.6371,-20.4044,203,55,55,17,102,75,1.81944,-9.53513,72,0.599971,-5.7865,72,0.565725,-5.08282,3
O3,S,jan_mar_to_jul_sep,32,all_months,M_TOC,81,39,0.134343,1.74969,8,5,1,30,37,38,38,32,31,7,7,219,2.77948,19.2535,-18.9488,208,55,55,17,102,75,1.78988,-9.12395,72,0.536865,-5.38115,72,0.452731,-4.44366,3
O3,S,jan_mar_to_jul_sep,32,all_months,M_TOC_h0half,81,39,0.132602,1.74396,8,5,1,29,37,38,38,32,31,7,7,219,2.87024,19.6681,-19.3776,207,55,55,17,99,75,1.82953,-9.24179,72,0.552296,-5.5033,72,0.488407,-4.63256,3
O3,S,jan_mar_to_jul_sep,32,all_months,M_TOC_linear,81,39,0.136837,1.76258,8,5,1,29,37,38,38,32,31,7,7,219,2.64571,18.0711,-17.6428,213,55,55,17,99,75,1.79058,-8.74365,72,0.466387,-4.90789,72,0.388742,-3.99125,3
O3,S,jan_mar_to_jul_sep,32,all_months,network_mean,81,39,2.50856,7.9341,8,0,0,,,,,32,,7,,,,,,,,,,,,,,,,,,,,3
O3,S,jan_mar_to_jul_sep,32,all_months,oracle,81,39,0.0930013,1.41121,8,7,2,,,,,32,,7,,219,0.446605,7.44664,2.51885,,55,53,1,80,75,0.196343,1.98425,72,0.112462,0.907994,72,0.1378,-0.373395,3
O3,S,jan_mar_to_jul_sep,32,all_months,persistence,81,39,0.890413,3.50051,8,6,3,,,,,32,,7,,,,,,,,,,,,,,,,,,,,3
O3,S,jan_mar_to_jul_sep,33,all_months,B0,68,39,1.35152,4.98041,4,4,1,10,25,30,31,31,22,8,8,219,4.42677,23.7858,-22.0709,136,55,54,27,102,81,2.45779,-8.91782,72,0.977481,-6.51452,66,0.991498,-6.63857,3
O3,S,jan_mar_to_jul_sep,33,all_months,M_TOC,68,39,1.22912,4.74365,4,3,1,12,26,30,31,31,22,8,8,219,4.07698,22.4593,-20.6894,139,55,54,21,96,81,2.36148,-8.52766,72,0.882561,-6.10865,66,0.832941,-6.05313,3
O3,S,jan_mar_to_jul_sep,33,all_months,M_TOC_h0half,68,39,1.27359,4.83051,4,3,1,11,25,30,31,31,22,8,8,219,4.14002,22.6178,-20.8329,141,55,54,21,96,81,2.35473,-8.43524,72,0.899884,-6.15491,66,0.8854,-6.24278,3
O3,S,jan_mar_to_jul_sep,33,all_months,M_TOC_linear,68,39,1.18031,4.64864,4,3,1,11,26,30,31,31,22,8,8,219,3.99132,22.0031,-20.1767,140,55,54,21,96,81,2.35893,-8.45519,72,0.854941,-5.90897,66,0.777446,-5.81257,3
O3,S,jan_mar_to_jul_sep,33,all_months,network_mean,68,39,2.24985,7.92,4,0,0,,,,,31,,8,,,,,,,,,,,,,,,,,,,,3
O3,S,jan_mar_to_jul_sep,33,all_months,oracle,68,39,0.543421,3.29084,4,3,1,,,,,31,,8,,219,1.85021,10.6153,0.169808,,55,53,5,72,81,1.46051,1.72855,72,0.206555,-0.242346,66,0.183151,-1.3164,3
O3,S,jan_mar_to_jul_sep,33,all_months,persistence,68,39,1.44509,5.76923,4,0,6,,,,,31,,8,,,,,,,,,,,,,,,,,,,,3
O3,S,jan_mar_to_jul_sep,34,all_months,B0,83,39,0.144123,1.98662,4,3,1,18,32,33,38,32,28,7,5,222,3.05664,21.8352,-21.8224,91,77,77,34,126,66,0.612527,-5.75061,78,0.848635,-6.9943,78,1.59548,-9.07749,3
O3,S,jan_mar_to_jul_sep,34,all_months,M_TOC,83,39,0.14141,1.99141,4,3,0,21,30,34,36,32,28,7,6,222,2.39829,18.8315,-18.7881,139,77,77,34,126,66,0.464157,-4.76641,78,0.63142,-5.84813,78,1.30272,-8.17353,3
O3,S,jan_mar_to_jul_sep,34,all_months,M_TOC_h0half,83,39,0.140657,1.98867,4,3,0,19,31,35,36,32,29,7,6,222,2.5708,19.6687,-19.6373,132,77,77,34,126,66,0.494004,-5.00518,78,0.685407,-6.16363,78,1.39139,-8.46854,3
O3,S,jan_mar_to_jul_sep,34,all_months,M_TOC_linear,83,39,0.143598,1.9979,4,2,0,18,29,34,36,32,28,7,6,222,2.26214,18.0007,-17.9216,145,77,77,34,126,66,0.414091,-4.41642,78,0.578898,-5.48399,78,1.26915,-8.02121,3
O3,S,jan_mar_to_jul_sep,34,all_months,network_mean,83,39,4.49168,10.7669,4,0,0,,,,,32,,7,,,,,,,,,,,,,,,,,,,,3
O3,S,jan_mar_to_jul_sep,34,all_months,oracle,83,39,0.0662983,1.30878,4,3,1,,,,,32,,7,,222,0.504474,8.50114,-7.46886,,77,75,14,95,66,0.153246,-1.73577,78,0.204099,-3.09128,78,0.147129,-2.64181,3
O3,S,jan_mar_to_jul_sep,34,all_months,persistence,83,39,1.28807,4.15385,4,2,1,,,,,32,,7,,,,,,,,,,,,,,,,,,,,3
O3,S,jan_mar_to_jul_sep,35,all_months,B0,89,39,0.138738,1.94223,4,4,3,25,34,35,37,31,28,8,7,222,1.19837,11.5349,-9.06372,197,66,61,11,99,72,0.229973,-1.91879,81,0.144365,-1.70853,69,0.824034,-5.43641,3
O3,S,jan_mar_to_jul_sep,35,all_months,M_TOC,89,39,0.139239,1.93553,4,4,3,24,34,34,37,31,27,8,7,222,1.03226,10.6512,-7.56007,205,66,61,11,96,72,0.216045,-1.56953,81,0.120493,-1.20517,69,0.695726,-4.78538,3
O3,S,jan_mar_to_jul_sep,35,all_months,M_TOC_h0half,89,39,0.137755,1.93626,4,4,3,26,34,34,37,31,27,8,7,222,1.08034,10.8168,-7.85203,204,66,61,11,96,72,0.210072,-1.57416,81,0.123374,-1.28377,69,0.746894,-4.99411,3
O3,S,jan_mar_to_jul_sep,35,all_months,M_TOC_linear,89,39,0.143042,1.9348,4,4,3,23,34,34,37,31,27,8,7,222,0.900963,9.85817,-6.2609,208,66,61,11,96,72,0.200545,-1.22124,81,0.0993209,-0.746506,69,0.601097,-4.29316,3
O3,S,jan_mar_to_jul_sep,35,all_months,network_mean,89,39,2.70577,7.95231,4,0,0,,,,,31,,8,,,,,,,,,,,,,,,,,,,,3
O3,S,jan_mar_to_jul_sep,35,all_months,oracle,89,39,0.146743,1.69372,4,4,3,,,,,31,,8,,222,0.467619,7.53371,-4.20631,,66,64,10,98,72,0.225392,-0.168043,81,0.0955304,-1.82833,69,0.146696,-2.20994,3
O3,S,jan_mar_to_jul_sep,35,all_months,persistence,89,39,0.574121,3.7759,4,4,2,,,,,31,,8,,,,,,,,,,,,,,,,,,,,3
O3,S,jan_mar_to_jul_sep,36,all_months,B0,90,39,0.110892,1.6715,1,1,0,21,29,36,38,32,29,7,7,219,2.64024,18.6232,-18.083,140,71,69,33,123,69,0.441139,-4.20831,66,0.414364,-3.9679,84,1.78474,-9.90675,3
O3,S,jan_mar_to_jul_sep,36,all_months,M_TOC,90,39,0.111898,1.66666,1,0,0,18,30,37,38,32,30,7,7,219,1.93955,15.0319,-13.9441,162,71,69,30,117,69,0.293836,-2.69257,66,0.264886,-2.63827,84,1.38083,-8.61325,3
O3,S,jan_mar_to_jul_sep,36,all_months,M_TOC_h0half,90,39,0.10835,1.66222,1,0,0,21,32,38,38,32,31,7,7,219,2.26873,16.7909,-16.0427,159,71,69,33,123,69,0.360965,-3.42823,66,0.330361,-3.32329,84,1.5774,-9.29114,3
O3,S,jan_mar_to_jul_sep,36,all_months,M_TOC_linear,90,39,0.120413,1.78542,1,0,0,17,30,35,38,32,28,7,7,219,1.80899,13.9709,-12.4348,164,71,69,30,117,69,0.240118,-1.95258,66,0.237218,-2.07147,84,1.33165,-8.41072,3
O3,S,jan_mar_to_jul_sep,36,all_months,network_mean,90,39,0.894567,4.66333,1,0,0,,,,,32,,7,,,,,,,,,,,,,,,,,,,,3
O3,S,jan_mar_to_jul_sep,36,all_months,oracle,90,39,0.0805089,1.4188,1,1,2,,,,,32,,7,,219,0.647563,9.00925,-0.730063,,71,66,9,93,69,0.312177,1.30714,66,0.110618,0.332294,84,0.224767,-2.3695,3
O3,S,jan_mar_to_jul_sep,36,all_months,persistence,90,39,0.590467,3.51333,1,0,0,,,,,32,,7,,,,,,,,,,,,,,,,,,,,3
O3,S,jan_mar_to_jul_sep,37,all_months,B0,70,39,0.221698,2.05144,3,1,0,27,33,37,38,32,30,7,7,222,4.76959,27.6301,-26.8659,131,51,50,34,108,78,1.72719,-10.1892,72,1.32878,-7.38457,72,1.71363,-9.29207,3
O3,S,jan_mar_to_jul_sep,37,all_months,M_TOC,70,39,0.221776,2.08999,3,1,0,26,34,37,37,32,30,7,7,222,4.03857,25.2558,-24.2899,143,51,50,22,96,78,1.54211,-9.46117,72,1.13226,-6.57497,72,1.36421,-8.25375,3
O3,S,jan_mar_to_jul_sep,37,all_months,M_TOC_h0half,70,39,0.221022,2.07457,3,1,0,26,33,37,37,32,30,7,7,222,4.3568,26.3182,-25.4452,134,51,50,22,96,78,1.65545,-9.87922,72,1.22783,-6.96162,72,1.47352,-8.60437,3
O3,S,jan_mar_to_jul_sep,37,all_months,M_TOC_linear,70,39,0.223781,2.11394,3,1,0,27,34,36,37,32,29,7,7,222,3.90186,24.7978,-23.7892,142,51,50,22,96,78,1.53424,-9.41697,72,1.10825,-6.45015,72,1.25936,-7.92208,3
O3,S,jan_mar_to_jul_sep,37,all_months,network_mean,70,39,3.1216,8.88615,3,0,0,,,,,32,,7,,,,,,,,,,,,,,,,,,,,3
O3,S,jan_mar_to_jul_sep,37,all_months,oracle,70,39,0.19453,2.22837,3,1,0,,,,,32,,7,,222,0.765662,10.0119,-4.99622,,51,50,3,74,78,0.333443,-1.62816,72,0.286254,-1.3067,72,0.145964,-2.06136,3
O3,S,jan_mar_to_jul_sep,37,all_months,persistence,70,39,1.90397,6.32692,3,1,2,,,,,32,,7,,,,,,,,,,,,,,,,,,,,3
O3,S,jan_mar_to_jul_sep,38,all_months,B0,75,39,0.16048,1.85146,4,2,1,25,38,39,39,31,31,8,8,219,4.49029,26.8833,-26.8397,133,68,68,40,126,69,1.43926,-8.13429,66,0.900953,-7.02057,84,2.15008,-11.6849,3
O3,S,jan_mar_to_jul_sep,38,all_months,M_TOC,75,39,0.163501,1.85994,4,2,1,27,38,39,39,31,31,8,8,219,3.82381,24.05,-23.9661,151,68,68,31,117,69,1.23381,-7.01684,66,0.692177,-6.01837,84,1.89782,-10.9309,3
O3,S,jan_mar_to_jul_sep,38,all_months,M_TOC_h0half,75,39,0.15946,1.83497,4,2,1,25,37,39,39,31,31,8,8,219,4.04108,24.9908,-24.9186,142,68,68,31,117,69,1.30186,-7.32756,66,0.76661,-6.41708,84,1.97261,-11.1739,3
O3,S,jan_mar_to_jul_sep,38,all_months,M_TOC_linear,75,39,0.16971,1.9055,4,2,1,27,35,39,39,31,31,8,8,219,3.6773,23.332,-23.1991,152,68,68,31,117,69,1.21125,-6.77236,66,0.632657,-5.69819,84,1.83339,-10.7285,3
O3,S,jan_mar_to_jul_sep,38,all_months,network_mean,75,39,1.39434,5.8741,4,0,0,,,,,31,,8,,,,,,,,,,,,,,,,,,,,3
O3,S,jan_mar_to_jul_sep,38,all_months,oracle,75,39,0.0812707,1.4055,4,3,1,,,,,31,,8,,219,0.356894,6.74575,-1.24976,,68,68,7,82,69,0.159466,1.14746,66,0.0661116,-0.437551,84,0.131316,-1.95966,3
O3,S,jan_mar_to_jul_sep,38,all_months,persistence,75,39,1.14762,4.4859,4,2,1,,,,,31,,8,,,,,,,,,,,,,,,,,,,,3
O3,S,jan_mar_to_jul_sep,39,all_months,B0,70,39,0.0694146,1.38904,3,3,3,26,35,38,39,30,29,9,9,222,2.74071,17.1803,-16.6087,166,47,47,37,111,78,0.139653,-2.25921,72,0.326751,-3.75307,72,2.27431,-10.5965,3
O3,S,jan_mar_to_jul_sep,39,all_months,M_TOC,70,39,0.0659445,1.29397,3,3,2,25,36,38,38,30,29,9,9,222,2.16905,14.3564,-13.076,174,47,47,31,105,78,0.0854333,-1.00281,72,0.203935,-2.61097,72,1.87968,-9.46225,3
O3,S,jan_mar_to_jul_sep,39,all_months,M_TOC_h0half,70,39,0.0651995,1.31273,3,3,3,26,35,38,38,30,29,9,9,222,2.38696,15.5371,-14.59,172,47,47,34,108,78,0.100319,-1.5009,72,0.25066,-3.14852,72,2.03598,-9.94059,3
O3,S,jan_mar_to_jul_sep,39,all_months,M_TOC_linear,70,39,0.0689914,1.28662,3,3,1,25,35,38,38,30,29,9,9,222,2.09194,13.8067,-12.1418,178,47,47,31,105,78,0.0804118,-0.617682,72,0.17974,-2.25864,72,1.83179,-9.26547,3
O3,S,jan_mar_to_jul_sep,39,all_months,network_mean,70,39,2.43568,7.79385,3,0,0,,,,,30,,9,,,,,,,,,,,,,,,,,,,,3
O3,S,jan_mar_to_jul_sep,39,all_months,oracle,70,39,0.0982749,1.51866,3,3,2,,,,,30,,9,,222,0.508162,7.89634,-0.929264,,47,47,9,81,78,0.243561,1.7498,72,0.104493,-0.270377,72,0.160108,-2.40869,3
O3,S,jan_mar_to_jul_sep,39,all_months,persistence,70,39,1.45333,4.74077,3,3,3,,,,,30,,9,,,,,,,,,,,,,,,,,,,,3
O3,S,jan_mar_to_jul_sep,40,all_months,B0,79,39,0.668782,2.95373,4,1,1,20,27,30,31,30,22,9,8,219,2.12779,14.8899,-13.864,171,60,60,24,105,75,0.16146,-1.84576,69,0.344001,-4.01364,75,1.62233,-8.00464,3
O3,S,jan_mar_to_jul_sep,40,all_months,M_TOC,79,39,0.690631,3.1046,4,1,1,14,26,29,31,30,22,9,7,219,1.68041,12.5688,-10.8881,189,60,59,13,93,75,0.120515,-0.930949,69,0.240086,-3.06913,75,1.31981,-6.88803,3
O3,S,jan_mar_to_jul_sep,40,all_months,M_TOC_h0half,79,39,0.680718,3.04767,4,1,1,16,27,30,31,30,23,9,7,219,1.71467,12.7971,-11.249,190,60,59,13,93,75,0.121263,-1.09477,69,0.249724,-3.16967,75,1.34368,-6.98462,3
O3,S,jan_mar_to_jul_sep,40,all_months,M_TOC_linear,79,39,0.704437,3.18386,4,1,1,11,25,27,31,30,20,9,7,219,1.49898,11.5567,-9.52548,192,60,59,13,93,75,0.108445,-0.57905,69,0.207408,-2.67515,75,1.18313,-6.27128,3
O3,S,jan_mar_to_jul_sep,40,all_months,network_mean,79,39,1.66852,6.57949,4,0,0,,,,,30,,9,,,,,,,,,,,,,,,,,,,,3
O3,S,jan_mar_to_jul_sep,40,all_months,oracle,79,39,0.499556,2.49101,4,0,1,,,,,30,,9,,219,1.1105,9.21654,-3.14481,,60,53,9,79,75,0.113728,0.245353,69,0.127794,-1.218,75,0.868977,-2.17217,3
O3,S,jan_mar_to_jul_sep,40,all_months,persistence,79,39,1.02955,4.27051,4,0,0,,,,,30,,9,,,,,,,,,,,,,,,,,,,,3
O3,S,jan_mar_to_jul_sep,41,all_months,B0,66,39,0.255106,2.3622,5,5,2,14,21,24,30,32,19,7,5,222,3.00793,20.6842,-19.8297,114,44,44,19,90,87,0.719054,-6.03593,63,0.746266,-5.62173,72,1.54261,-8.17206,3
O3,S,jan_mar_to_jul_sep,41,all_months,M_TOC,66,39,0.247733,2.34502,5,5,2,12,20,25,31,32,20,7,5,222,2.38312,18.2927,-16.743,130,44,44,19,90,87,0.586879,-4.98024,63,0.588368,-4.82347,72,1.20788,-6.93929,3
O3,S,jan_mar_to_jul_sep,41,all_months,M_TOC_h0half,66,39,0.249993,2.34904,5,5,2,12,20,24,31,32,19,7,5,222,2.52213,18.8991,-17.6365,126,44,44,19,90,87,0.633091,-5.39304,63,0.630235,-5.08147,72,1.2588,-7.16202,3
O3,S,jan_mar_to_jul_sep,41,all_months,M_TOC_linear,66,39,0.245895,2.34733,5,5,2,13,20,25,31,32,20,7,5,222,2.18776,17.616,-15.8978,134,44,44,19,90,87,0.567005,-4.77985,63,0.558185,-4.66627,72,1.06257,-6.45168,3
O3,S,jan_mar_to_jul_sep,41,all_months,network_mean,66,39,3.2007,9.23641,5,0,0,,,,,32,,7,,,,,,,,,,,,,,,,,,,,3
O3,S,jan_mar_to_jul_sep,41,all_months,oracle,66,39,0.125439,1.74908,5,5,1,,,,,32,,7,,222,0.535582,8.51259,-4.4004,,44,43,3,71,87,0.237856,-0.826492,63,0.151393,-1.93704,72,0.146334,-1.63687,3
O3,S,jan_mar_to_jul_sep,41,all_months,persistence,66,39,1.85566,5.38513,5,3,0,,,,,32,,7,,,,,,,,,,,,,,,,,,,,3
O3,S,jan_mar_to_jul_sep,42,all_months,B0,63,39,0.54605,3.36102,1,0,1,13,22,26,32,30,21,9,5,219,3.62377,23.8145,-23.2983,104,53,53,37,111,75,0.570446,-5.0887,66,1.2902,-8.38914,78,1.76312,-9.82049,3
O3,S,jan_mar_to_jul_sep,42,all_months,M_TOC,63,39,0.479548,3.18951,1,0,1,13,20,29,35,30,24,9,5,219,2.86413,20.7918,-19.7554,128,53,53,31,105,75,0.435471,-3.79131,66,1.02147,-7.34966,78,1.40718,-8.61441,3
O3,S,jan_mar_to_jul_sep,42,all_months,M_TOC_h0half,63,39,0.501657,3.25001,1,0,1,13,21,27,34,30,22,9,5,219,3.1425,21.9949,-21.2361,112,53,53,31,105,75,0.487204,-4.35231,66,1.13088,-7.81786,78,1.52441,-9.06597,3
O3,S,jan_mar_to_jul_sep,42,all_months,M_TOC_linear,63,39,0.457716,3.14952,1,0,1,13,20,27,34,30,24,9,3,219,2.72467,20.3656,-19.3112,128,53,53,31,105,75,0.432356,-3.78413,66,0.990007,-7.23642,78,1.3023,-8.2906,3
O3,S,jan_mar_to_jul_sep,42,all_months,network_mean,63,39,3.87767,10.0728,1,0,0,,,,,30,,9,,,,,,,,,,,,,,,,,,,,3
O3,S,jan_mar_to_jul_sep,42,all_months,oracle,63,39,0.191703,2.1448,1,0,1,,,,,30,,9,,219,0.619389,8.7553,-2.8354,,53,52,10,77,75,0.277224,0.285196,66,0.160901,-1.99813,78,0.181264,-1.12247,3
O3,S,jan_mar_to_jul_sep,42,all_months,persistence,63,39,1.07513,4.91744,1,0,0,,,,,30,,9,,,,,,,,,,,,,,,,,,,,3
O3,S,jan_mar_to_jul_sep,43,all_months,B0,86,39,0.08525,1.46409,1,1,0,25,35,39,39,31,31,8,8,219,1.59683,14.3459,-12.7036,178,68,67,14,102,72,0.422244,-3.48822,78,0.372512,-3.80711,69,0.80207,-5.40829,3
O3,S,jan_mar_to_jul_sep,43,all_months,M_TOC,86,39,0.0807093,1.45541,1,1,0,25,35,39,39,31,31,8,8,219,1.13536,12.0402,-9.63746,194,68,67,8,93,72,0.37105,-2.78213,78,0.246843,-2.82291,69,0.51747,-4.03241,3
O3,S,jan_mar_to_jul_sep,43,all_months,M_TOC_h0half,86,39,0.0848362,1.47665,1,1,0,25,35,39,39,31,31,8,8,219,1.30159,12.8812,-10.778,187,68,67,8,93,72,0.383473,-3.01706,78,0.286812,-3.08467,69,0.631306,-4.67632,3
O3,S,jan_mar_to_jul_sep,43,all_months,M_TOC_linear,86,39,0.0924099,1.57605,1,1,0,26,36,39,39,31,31,8,8,219,1.0728,11.4462,-8.55507,197,68,66,6,90,72,0.338373,-2.27436,78,0.214035,-2.26997,69,0.520395,-4.01074,3
O3,S,jan_mar_to_jul_sep,43,all_months,network_mean,86,39,1.583,6.11308,1,0,0,,,,,31,,8,,,,,,,,,,,,,,,,,,,,3
O3,S,jan_mar_to_jul_sep,43,all_months,oracle,86,39,0.0361642,0.930502,1,1,0,,,,,31,,8,,219,0.411229,7.23023,-3.68185,,68,66,1,84,72,0.147997,-0.868471,78,0.112749,-1.33034,69,0.150482,-1.48304,3
O3,S,jan_mar_to_jul_sep,43,all_months,persistence,86,39,1.25723,4.88744,1,0,0,,,,,31,,8,,,,,,,,,,,,,,,,,,,,3
O3,S,jan_mar_to_jul_sep,44,all_months,B0,78,39,0.277105,2.17019,5,4,0,15,29,34,36,31,26,8,8,219,1.87648,15.0482,-14.3752,157,71,71,22,105,69,0.380598,-3.97284,69,0.179423,-2.62232,81,1.31646,-7.78009,3
O3,S,jan_mar_to_jul_sep,44,all_months,M_TOC,78,39,0.283436,2.16032,5,4,0,18,31,33,36,31,25,8,8,219,1.4714,12.7256,-11.2441,167,71,71,13,93,69,0.312568,-3.14596,69,0.109633,-1.49213,81,1.0492,-6.60599,3
O3,S,jan_mar_to_jul_sep,44,all_months,M_TOC_h0half,78,39,0.279907,2.15776,5,4,0,17,30,34,36,31,26,8,8,219,1.65008,13.814,-12.6606,166,71,71,16,99,69,0.363761,-3.55813,69,0.134825,-1.97421,81,1.15149,-7.1283,3
O3,S,jan_mar_to_jul_sep,44,all_months,M_TOC_linear,78,39,0.28868,2.16625,5,4,0,18,29,33,35,31,25,8,8,219,1.31498,11.9043,-10.0354,169,71,71,13,93,69,0.293451,-2.83395,69,0.0954289,-1.15064,81,0.926095,-6.05086,3
O3,S,jan_mar_to_jul_sep,44,all_months,network_mean,78,39,2.74267,7.33615,5,0,0,,,,,31,,8,,,,,,,,,,,,,,,,,,,,3
O3,S,jan_mar_to_jul_sep,44,all_months,oracle,78,39,0.106333,1.56788,5,5,0,,,,,31,,8,,219,0.355602,6.48892,-2.58965,,71,70,4,81,69,0.153314,-0.729496,69,0.0545194,0.0961152,81,0.147768,-1.95627,3
O3,S,jan_mar_to_jul_sep,44,all_months,persistence,78,39,0.928548,3.71103,5,3,0,,,,,31,,8,,,,,,,,,,,,,,,,,,,,3
O3,S,jan_mar_to_jul_sep,45,all_months,B0,71,39,0.244094,2.36815,2,1,2,16,25,27,34,31,20,8,7,228,1.6257,14.8846,-12.2236,178,59,59,16,90,84,0.27092,-1.99384,69,0.324499,-3.97078,75,1.03028,-6.25899,3
O3,S,jan_mar_to_jul_sep,45,all_months,M_TOC,71,39,0.222429,2.32611,2,1,2,15,26,29,34,31,22,8,7,228,1.30755,13.2298,-9.90871,184,59,59,16,90,84,0.249966,-1.43564,69,0.24891,-3.35947,75,0.808678,-5.1136,3
O3,S,jan_mar_to_jul_sep,45,all_months,M_TOC_h0half,71,39,0.229076,2.33083,2,1,2,15,26,29,34,31,22,8,7,228,1.40211,13.7754,-10.6163,181,59,59,16,90,84,0.258139,-1.60473,69,0.268056,-3.54233,75,0.875913,-5.46923,3
O3,S,jan_mar_to_jul_sep,45,all_months,M_TOC_linear,71,39,0.217183,2.32337,2,1,1,15,26,30,34,31,23,8,7,228,1.15702,12.3387,-8.47148,185,59,59,16,90,84,0.236553,-0.980383,69,0.212711,-2.96444,75,0.70776,-4.52666,3
O3,S,jan_mar_to_jul_sep,45,all_months,network_mean,71,39,1.47533,5.83487,2,0,0,,,,,31,,8,,,,,,,,,,,,,,,,,,,,3
O3,S,jan_mar_to_jul_sep,45,all_months,oracle,71,39,0.375644,2.09288,2,0,1,,,,,31,,8,,228,0.681827,7.53293,-0.427556,,59,56,3,72,84,0.153086,1.67896,69,0.091102,-1.2783,75,0.437639,-0.82822,3
O3,S,jan_mar_to_jul_sep,45,all_months,persistence,71,39,0.98927,4.20205,2,1,2,,,,,31,,8,,,,,,,,,,,,,,,,,,,,3
O3,S,jan_mar_to_jul_sep,46,all_months,B0,79,39,0.783152,3.5551,0,0,5,18,33,35,36,31,27,8,8,219,2.24263,17.5486,-15.6508,159,63,59,13,96,75,0.67481,-5.15945,69,0.4447,-3.45129,75,1.12312,-7.04003,3
O3,S,jan_mar_to_jul_sep,46,all_months,M_TOC,79,39,0.693103,3.39049,0,0,3,17,34,35,36,31,27,8,8,219,1.82421,15.7664,-13.3182,172,63,59,10,90,75,0.613126,-4.54131,69,0.377676,-2.85999,75,0.833409,-5.91686,3
O3,S,jan_mar_to_jul_sep,46,all_months,M_TOC_h0half,79,39,0.72478,3.45379,0,0,3,16,33,35,36,31,27,8,8,219,2.00868,16.6237,-14.5835,165,63,59,10,93,75,0.649981,-4.94601,69,0.414472,-3.23701,75,0.944225,-6.40047,3
O3,S,jan_mar_to_jul_sep,46,all_months,M_TOC_linear,79,39,0.660279,3.31588,0,0,3,19,34,36,36,31,28,8,8,219,1.68888,15.1897,-12.6371,174,63,59,10,90,75,0.608089,-4.46705,69,0.365483,-2.76262,75,0.715312,-5.40748,3
O3,S,jan_mar_to_jul_sep,46,all_months,network_mean,79,39,2.47845,7.44128,0,0,0,,,,,31,,8,,,,,,,,,,,,,,,,,,,,3
O3,S,jan_mar_to_jul_sep,46,all_months,oracle,79,39,0.148055,1.76189,0,0,2,,,,,31,,8,,219,0.412253,7.54319,0.111983,,63,59,4,80,75,0.188223,0.578072,69,0.121924,0.390521,75,0.102106,-0.856611,3
O3,S,jan_mar_to_jul_sep,46,all_months,persistence,79,39,1.166,5.00231,0,0,3,,,,,31,,8,,,,,,,,,,,,,,,,,,,,3
O3,S,jan_mar_to_jul_sep,47,all_months,B0,84,39,0.199487,2.21358,0,0,1,18,29,33,36,30,25,9,8,219,3.17462,22.1862,-22.1215,101,70,70,47,141,66,0.746621,-6.41054,69,0.516662,-5.36007,84,1.91134,-10.3509,3
O3,S,jan_mar_to_jul_sep,47,all_months,M_TOC,84,39,0.180668,2.09478,0,0,1,18,31,32,37,30,24,9,8,219,2.83764,20.7362,-20.7105,122,70,70,47,141,66,0.69463,-6.12971,69,0.441884,-4.91313,84,1.70113,-9.66771,3
O3,S,jan_mar_to_jul_sep,47,all_months,M_TOC_h0half,84,39,0.186981,2.13939,0,0,1,18,31,32,37,30,24,9,8,219,2.89708,21.0279,-20.9393,117,70,70,44,138,66,0.68002,-6.07544,69,0.459794,-5.00668,84,1.75727,-9.85719,3
O3,S,jan_mar_to_jul_sep,47,all_months,M_TOC_linear,84,39,0.175336,2.0892,0,0,1,19,31,32,37,30,24,9,8,219,2.54815,19.3169,-19.234,142,70,70,38,126,66,0.598078,-5.61695,69,0.36972,-4.40457,84,1.58035,-9.21245,3
O3,S,jan_mar_to_jul_sep,47,all_months,network_mean,84,39,3.76235,9.97026,0,0,0,,,,,30,,9,,,,,,,,,,,,,,,,,,,,3
O3,S,jan_mar_to_jul_sep,47,all_months,oracle,84,39,0.190376,2.05923,0,0,1,,,,,30,,9,,219,0.567023,9.03318,-6.25463,,70,70,10,98,66,0.173768,-0.585437,69,0.140454,-1.80394,84,0.252801,-3.86526,3
O3,S,jan_mar_to_jul_sep,47,all_months,persistence,84,39,0.746295,4.0959,0,0,0,,,,,30,,9,,,,,,,,,,,,,,,,,,,,3
