world,variant,test,temp_error,seed,season,model,n_true_low_all,r_all_n,r_all_sse,r_all_sae,r_all_low,r_all_tp,r_all_fp,r_all_in50,r_all_in80,r_all_in90,r_all_in95,r_seen_n,r_seen_in90,r_new_n,r_new_in90,d_n,d_sse,d_sae,d_in90,d_low,d_tp,d_fp,n_flag_all,n_months,E_true_K,theta_w
W1,V1,rolling,none,8,warming,B0,77,65,1.61757,7.24004,15,2,3,31,45,46,47,55,39,10,7,80,0.923097,6.72778,57,31,18,11,79,5,11540,1.04668
W1,V1,rolling,none,8,warming,M,77,65,1.28275,7.56649,15,4,6,21,34,40,46,55,36,10,4,80,1.37477,8.60898,41,31,20,22,107,5,11540,1.04668
W1,V1,rolling,none,8,warming,M1b,77,65,1.41353,7.01532,15,4,5,30,43,46,49,55,39,10,7,80,1.08957,7.78839,51,31,20,18,98,5,11540,1.04668
W1,V1,rolling,none,8,warming,M2,77,65,1.28572,7.44685,15,4,7,24,34,43,46,55,39,10,4,80,1.29317,8.42144,42,31,20,22,104,5,11540,1.04668
W1,V1,rolling,none,8,warming,oracle,77,65,1.2342,5.86795,15,5,6,,,,,55,,10,,80,0.270719,3.51126,,31,26,8,90,5,11540,1.04668
W1,V1,rolling,none,8,cooling,B0,23,52,1.24728,6.26369,4,0,10,19,31,39,44,42,30,10,9,67,1.42181,8.74875,21,9,9,24,96,4,11540,1.04668
W1,V1,rolling,none,8,cooling,M,23,52,1.44217,6.80446,4,0,7,16,37,41,45,42,32,10,9,67,0.735161,5.76171,50,9,9,12,64,4,11540,1.04668
W1,V1,rolling,none,8,cooling,M1b,23,52,1.25319,6.24204,4,0,7,18,33,41,45,42,32,10,9,67,1.12082,7.76065,30,9,9,17,82,4,11540,1.04668
W1,V1,rolling,none,8,cooling,M2,23,52,1.36928,6.57535,4,0,7,17,36,41,46,42,32,10,9,67,0.830257,6.29681,43,9,9,14,70,4,11540,1.04668
W1,V1,rolling,none,8,cooling,oracle,23,52,0.611572,3.69377,4,1,5,,,,,42,,10,,67,0.121686,2.38446,,9,8,2,35,4,11540,1.04668
W1,V1,rolling,none,9,warming,B0,47,65,1.26721,7.08962,2,0,0,22,43,48,53,54,41,11,7,87,0.432381,4.72928,73,18,10,2,23,5,7263.8,1.02706
W1,V1,rolling,none,9,warming,M,47,65,1.11568,6.23667,2,1,3,30,47,52,57,54,42,11,10,87,0.435068,4.94857,76,18,17,14,70,5,7263.8,1.02706
W1,V1,rolling,none,9,warming,M1b,47,65,1.1139,6.22565,2,0,1,32,47,54,58,54,46,11,8,87,0.275012,3.6054,82,18,13,4,45,5,7263.8,1.02706
W1,V1,rolling,none,9,warming,M2,47,65,1.08257,6.08464,2,0,3,35,48,53,57,54,44,11,9,87,0.35298,4.30751,81,18,17,11,64,5,7263.8,1.02706
W1,V1,rolling,none,9,warming,oracle,47,65,0.498724,3.68129,2,2,0,,,,,54,,11,,87,0.136127,2.44799,,18,14,3,42,5,7263.8,1.02706
W1,V1,rolling,none,9,cooling,B0,17,52,0.925216,5.36251,1,0,1,21,39,45,47,45,39,7,6,70,0.504277,4.85638,48,9,8,12,43,4,7263.8,1.02706
W1,V1,rolling,none,9,cooling,M,17,52,1.12412,5.967,1,0,0,22,39,45,48,45,39,7,6,70,0.416301,4.30681,61,9,5,9,27,4,7263.8,1.02706
W1,V1,rolling,none,9,cooling,M1b,17,52,0.980643,5.45884,1,0,1,23,38,46,47,45,40,7,6,70,0.368269,3.95876,61,9,9,10,35,4,7263.8,1.02706
W1,V1,rolling,none,9,cooling,M2,17,52,1.07474,5.80079,1,0,0,20,38,44,48,45,38,7,6,70,0.381793,4.09309,64,9,7,10,30,4,7263.8,1.02706
W1,V1,rolling,none,9,cooling,oracle,17,52,0.436313,3.21161,1,0,0,,,,,45,,7,,70,0.0986572,2.06639,,9,8,3,16,4,7263.8,1.02706
W1,V1,rolling,none,10,warming,B0,60,65,1.04746,6.83202,7,0,1,26,37,48,55,54,38,11,10,86,0.46982,5.1213,70,27,12,1,33,5,9762.3,1.00611
W1,V1,rolling,none,10,warming,M,60,65,0.796146,5.65297,7,3,3,35,49,55,58,54,45,11,10,86,0.377989,4.78956,69,27,24,17,92,5,9762.3,1.00611
W1,V1,rolling,none,10,warming,M1b,60,65,0.754325,5.59456,7,0,3,26,45,54,60,54,44,11,10,86,0.276385,3.91888,80,27,17,3,49,5,9762.3,1.00611
W1,V1,rolling,none,10,warming,M2,60,65,0.720038,5.39478,7,2,3,34,52,54,61,54,44,11,10,86,0.264701,3.94214,78,27,20,10,74,5,9762.3,1.00611
W1,V1,rolling,none,10,warming,oracle,60,65,0.424298,3.88785,7,2,1,,,,,54,,11,,86,0.116825,2.31559,,27,13,6,53,5,9762.3,1.00611
W1,V1,rolling,none,10,cooling,B0,19,52,0.853154,5.36792,2,2,4,14,30,34,41,45,28,7,6,68,0.399241,4.65336,35,9,9,22,67,4,9762.3,1.00611
W1,V1,rolling,none,10,cooling,M,19,52,0.717425,4.56683,2,2,2,21,35,42,45,45,38,7,4,68,0.285131,3.63447,49,9,9,12,43,4,9762.3,1.00611
W1,V1,rolling,none,10,cooling,M1b,19,52,0.779999,4.99727,2,2,4,14,33,41,46,45,35,7,6,68,0.28795,3.85337,46,9,9,18,57,4,9762.3,1.00611
W1,V1,rolling,none,10,cooling,M2,19,52,0.703609,4.56808,2,2,2,20,35,44,46,45,39,7,5,68,0.266223,3.59226,49,9,9,12,44,4,9762.3,1.00611
W1,V1,rolling,none,10,cooling,oracle,19,52,0.38349,3.02633,2,0,0,,,,,45,,7,,68,0.0959208,2.09799,,9,4,2,11,4,9762.3,1.00611
W1,V1,rolling,none,11,warming,B0,81,65,1.61536,6.54047,11,3,2,24,49,55,56,55,45,10,10,86,0.279911,3.87233,79,37,24,4,62,5,5318.44,1.01955
W1,V1,rolling,none,11,warming,M,81,65,0.874108,5.0671,11,6,2,37,53,59,62,55,49,10,10,86,0.465643,5.16918,61,37,37,26,123,5,5318.44,1.01955
W1,V1,rolling,none,11,warming,M1b,81,65,0.807259,4.75431,11,4,2,36,60,61,62,55,51,10,10,86,0.218272,3.29343,77,37,36,14,99,5,5318.44,1.01955
W1,V1,rolling,none,11,warming,M2,81,65,0.790039,4.80384,11,5,2,38,58,62,62,55,52,10,10,86,0.378794,4.55593,67,37,36,23,116,5,5318.44,1.01955
W1,V1,rolling,none,11,warming,oracle,81,65,0.578113,3.60775,11,6,0,,,,,55,,10,,86,0.0707895,1.93073,,37,33,1,75,5,5318.44,1.01955
W1,V1,rolling,none,11,cooling,B0,46,52,0.396831,3.45197,0,0,3,30,42,47,49,46,41,6,6,69,0.464399,5.06,47,17,17,36,96,4,5318.44,1.01955
W1,V1,rolling,none,11,cooling,M,46,52,0.377975,3.42716,0,0,4,34,44,48,49,46,42,6,6,69,0.198849,2.94258,67,17,16,20,71,4,5318.44,1.01955
W1,V1,rolling,none,11,cooling,M1b,46,52,0.282761,3.00475,0,0,3,35,47,50,51,46,44,6,6,69,0.289536,3.82819,64,17,16,28,81,4,5318.44,1.01955
W1,V1,rolling,none,11,cooling,M2,46,52,0.347667,3.30494,0,0,4,33,45,48,51,46,42,6,6,69,0.222171,3.14613,65,17,16,22,74,4,5318.44,1.01955
W1,V1,rolling,none,11,cooling,oracle,46,52,0.13418,2.14884,0,0,1,,,,,46,,6,,69,0.0841405,1.76242,,17,16,10,51,4,5318.44,1.01955
W1,V1,rolling,none,12,warming,B0,59,65,1.16729,6.65358,4,2,2,30,49,54,57,54,46,11,8,86,0.652255,5.07639,73,29,24,11,78,5,4889.83,1.02407
W1,V1,rolling,none,12,warming,M,59,65,1.27814,6.71012,4,3,9,30,48,53,59,54,46,11,7,86,1.05106,7.64759,50,29,28,31,119,5,4889.83,1.02407
W1,V1,rolling,none,12,warming,M1b,59,65,1.20509,6.56259,4,3,5,31,51,56,58,54,47,11,9,86,0.666494,5.87932,69,29,27,23,103,5,4889.83,1.02407
W1,V1,rolling,none,12,warming,M2,59,65,1.22436,6.46607,4,3,7,32,49,56,60,54,47,11,9,86,0.960268,7.25207,54,29,28,28,113,5,4889.83,1.02407
W1,V1,rolling,none,12,warming,oracle,59,65,0.693436,4.15766,4,3,1,,,,,54,,11,,86,0.279176,2.67465,,29,21,2,52,5,4889.83,1.02407
W1,V1,rolling,none,12,cooling,B0,54,52,0.874882,5.33713,5,1,2,24,37,44,47,44,36,8,8,71,0.336798,3.82052,60,28,25,9,66,4,4889.83,1.02407
W1,V1,rolling,none,12,cooling,M,54,52,0.900761,5.35187,5,1,2,25,38,45,49,44,37,8,8,71,0.249482,3.45005,67,28,24,7,54,4,4889.83,1.02407
W1,V1,rolling,none,12,cooling,M1b,54,52,0.848907,5.21447,5,1,2,25,38,44,49,44,36,8,8,71,0.253739,3.51293,66,28,25,7,55,4,4889.83,1.02407
W1,V1,rolling,none,12,cooling,M2,54,52,0.879101,5.29122,5,1,2,26,40,45,49,44,37,8,8,71,0.249171,3.45734,67,28,24,6,52,4,4889.83,1.02407
W1,V1,rolling,none,12,cooling,oracle,54,52,0.534527,3.55305,5,1,5,,,,,44,,8,,71,0.0886162,1.88191,,28,24,3,49,4,4889.83,1.02407
W1,V1,rolling,none,13,warming,B0,84,65,1.02725,6.99916,5,1,0,16,29,38,40,55,32,10,6,85,0.791659,6.50815,51,47,29,1,54,5,10654.4,1.05576
W1,V1,rolling,none,13,warming,M,84,65,0.773174,5.94356,5,1,4,19,41,53,58,55,45,10,8,85,0.794088,6.36588,55,47,40,13,105,5,10654.4,1.05576
W1,V1,rolling,none,13,warming,M1b,84,65,0.768872,6.01477,5,1,2,19,38,47,53,55,40,10,7,85,0.59407,5.60015,64,47,33,7,74,5,10654.4,1.05576
W1,V1,rolling,none,13,warming,M2,84,65,0.724926,5.88478,5,1,3,19,42,54,57,55,46,10,8,85,0.76406,6.15115,58,47,40,10,96,5,10654.4,1.05576
W1,V1,rolling,none,13,warming,oracle,84,65,0.326005,3.27751,5,4,2,,,,,55,,10,,85,0.108003,2.30303,,47,42,3,84,5,10654.4,1.05576
W1,V1,rolling,none,13,cooling,B0,53,52,0.880046,5.20166,2,2,6,17,35,41,45,42,34,10,7,69,0.552891,5.15598,37,30,29,21,97,4,10654.4,1.05576
W1,V1,rolling,none,13,cooling,M,53,52,0.459967,3.71797,2,2,3,27,41,46,48,42,39,10,7,69,0.320966,3.46659,57,30,26,9,65,4,10654.4,1.05576
W1,V1,rolling,none,13,cooling,M1b,53,52,0.667903,4.33057,2,2,2,24,41,44,46,42,36,10,8,69,0.395635,4.06573,52,30,29,13,84,4,10654.4,1.05576
W1,V1,rolling,none,13,cooling,M2,53,52,0.485629,3.71208,2,2,2,29,42,46,48,42,38,10,8,69,0.318722,3.33356,57,30,27,9,67,4,10654.4,1.05576
W1,V1,rolling,none,13,cooling,oracle,53,52,0.372723,2.45292,2,1,5,,,,,42,,10,,69,0.118301,1.88129,,30,25,0,47,4,10654.4,1.05576
W1,V1,rolling,none,14,warming,B0,67,65,0.798378,5.77721,8,0,2,25,39,45,52,54,37,11,8,86,0.394723,4.14253,67,34,22,7,62,5,10778.7,1.0279
W1,V1,rolling,none,14,warming,M,67,65,0.50474,4.37684,8,6,6,41,54,59,63,54,49,11,10,86,0.874738,7.12253,56,34,34,34,129,5,10778.7,1.0279
W1,V1,rolling,none,14,warming,M1b,67,65,0.550512,4.66384,8,2,4,24,50,56,60,54,46,11,10,86,0.385193,4.1248,77,34,31,13,90,5,10778.7,1.0279
W1,V1,rolling,none,14,warming,M2,67,65,0.469647,4.16588,8,6,7,42,55,60,62,54,50,11,10,86,0.591563,5.57772,68,34,34,23,113,5,10778.7,1.0279
W1,V1,rolling,none,14,warming,oracle,67,65,0.294449,3.17137,8,6,4,,,,,54,,11,,86,0.0551509,1.6707,,34,31,7,72,5,10778.7,1.0279
W1,V1,rolling,none,14,cooling,B0,57,52,0.74113,4.71026,6,3,4,19,32,36,41,46,34,6,2,67,0.570923,4.96085,40,28,27,27,100,4,10778.7,1.0279
W1,V1,rolling,none,14,cooling,M,57,52,0.5746,4.37648,6,2,2,19,40,42,46,46,37,6,5,67,0.362854,4.1045,55,28,22,20,81,4,10778.7,1.0279
W1,V1,rolling,none,14,cooling,M1b,57,52,0.587529,4.244,6,3,4,17,36,42,45,46,38,6,4,67,0.415229,4.21066,46,28,27,22,91,4,10778.7,1.0279
W1,V1,rolling,none,14,cooling,M2,57,52,0.569391,4.30162,6,2,2,18,37,44,46,46,39,6,5,67,0.374661,4.19184,53,28,25,21,87,4,10778.7,1.0279
W1,V1,rolling,none,14,cooling,oracle,57,52,0.409961,2.97059,6,4,2,,,,,46,,6,,67,0.0668115,1.6686,,28,27,5,62,4,10778.7,1.0279
W1,V1,rolling,none,15,warming,B0,71,65,1.2873,6.64144,4,1,2,25,40,42,50,57,38,8,4,86,0.595807,5.6121,66,39,18,2,35,5,9173.74,1.05799
W1,V1,rolling,none,15,warming,M,71,65,1.02771,6.00812,4,3,6,29,48,55,61,57,49,8,6,86,0.308991,4.08839,74,39,37,12,93,5,9173.74,1.05799
W1,V1,rolling,none,15,warming,M1b,71,65,1.10689,6.15302,4,2,3,23,47,52,56,57,46,8,6,86,0.257742,3.70371,81,39,29,3,57,5,9173.74,1.05799
W1,V1,rolling,none,15,warming,M2,71,65,1.05517,6.08024,4,3,6,26,47,56,60,57,50,8,6,86,0.263028,3.79302,78,39,36,11,84,5,9173.74,1.05799
W1,V1,rolling,none,15,warming,oracle,71,65,0.407978,3.58935,4,1,1,,,,,57,,8,,86,0.109744,2.39233,,39,34,5,70,5,9173.74,1.05799
W1,V1,rolling,none,15,cooling,B0,50,52,0.644087,4.63293,1,0,2,21,37,43,44,46,38,6,5,70,0.899484,7.04841,29,29,28,19,90,4,9173.74,1.05799
W1,V1,rolling,none,15,cooling,M,50,52,0.543857,4.2134,1,0,1,22,36,44,48,46,39,6,5,70,0.48894,4.99676,50,29,26,13,69,4,9173.74,1.05799
W1,V1,rolling,none,15,cooling,M1b,50,52,0.581486,4.42074,1,0,1,21,38,42,45,46,38,6,4,70,0.721831,6.24959,32,29,27,15,80,4,9173.74,1.05799
W1,V1,rolling,none,15,cooling,M2,50,52,0.564462,4.35681,1,0,1,25,39,46,48,46,41,6,5,70,0.642414,5.85751,43,29,25,14,72,4,9173.74,1.05799
W1,V1,rolling,none,15,cooling,oracle,50,52,0.312275,2.99002,1,1,2,,,,,46,,6,,70,0.165671,2.11827,,29,28,3,51,4,9173.74,1.05799
W1,V1,jan_mar_to_jul_sep,+2C_every_month,8,warming,M2,43,26,0.264683,1.81055,9,5,2,18,24,25,25,22,21,4,4,32,0.168293,1.77577,30,16,14,5,50,2,11540,1.04668
W1,V1,jan_mar_to_jul_sep,+2C_every_month,8,cooling,M2,19,13,0.252132,1.5173,3,0,3,5,11,13,13,11,11,2,2,16,0.0555899,0.755943,16,7,7,2,24,1,11540,1.04668
W1,V1,jan_mar_to_jul_sep,+2C_every_month,9,warming,M2,25,26,0.358707,2.54879,1,1,8,13,25,25,25,22,21,4,4,36,0.438021,3.71313,32,10,10,17,55,2,7263.8,1.02706
W1,V1,jan_mar_to_jul_sep,+2C_every_month,9,cooling,M2,10,13,0.371348,1.92689,1,1,1,4,11,13,13,10,10,3,3,18,0.280663,2.18161,15,5,5,8,27,1,7263.8,1.02706
W1,V1,jan_mar_to_jul_sep,+2C_every_month,10,warming,M2,42,26,0.303831,2.18333,5,2,1,16,24,25,26,23,22,3,3,34,0.138337,1.75438,34,19,17,7,55,2,9762.3,1.00611
W1,V1,jan_mar_to_jul_sep,+2C_every_month,10,cooling,M2,11,13,0.585363,2.25484,2,2,2,3,7,11,12,11,9,2,2,17,0.335998,2.19352,13,6,6,6,27,1,9762.3,1.00611
W1,V1,jan_mar_to_jul_sep,+2C_every_month,11,warming,M2,43,26,0.519266,2.51921,5,5,2,16,21,25,25,22,22,4,3,34,0.193209,2.33661,33,19,19,11,58,2,5318.44,1.01955
W1,V1,jan_mar_to_jul_sep,+2C_every_month,11,cooling,M2,15,13,0.107644,1.04047,0,0,2,5,12,12,13,12,11,1,1,17,0.17386,1.55808,13,5,5,10,29,1,5318.44,1.01955
W1,V1,jan_mar_to_jul_sep,+2C_every_month,12,warming,M2,24,26,1.60846,5.10629,2,2,10,7,20,22,24,21,18,5,4,34,0.798388,4.9383,28,11,11,19,58,2,4889.83,1.02407
W1,V1,jan_mar_to_jul_sep,+2C_every_month,12,cooling,M2,17,13,0.414998,1.54405,0,0,4,9,13,13,13,11,11,2,2,17,0.138293,1.40316,17,9,9,6,29,1,4889.83,1.02407
W1,V1,jan_mar_to_jul_sep,+2C_every_month,13,warming,M2,53,26,0.153606,1.51325,5,4,2,18,22,25,25,23,22,3,3,34,0.130356,1.69136,33,28,26,0,53,2,10654.4,1.05576
W1,V1,jan_mar_to_jul_sep,+2C_every_month,13,cooling,M2,20,13,0.0416312,0.614553,2,2,4,10,13,13,13,12,12,1,1,17,0.0471105,0.721266,17,11,11,2,26,1,10654.4,1.05576
W1,V1,jan_mar_to_jul_sep,+2C_every_month,14,warming,M2,49,26,0.308749,2.25042,7,5,6,16,22,24,25,23,21,3,3,36,0.258992,2.55445,34,25,25,5,58,2,10778.7,1.0279
W1,V1,jan_mar_to_jul_sep,+2C_every_month,14,cooling,M2,16,13,0.11774,1.10436,3,1,2,7,12,13,13,12,12,1,1,18,0.249753,1.9949,14,7,7,8,29,1,10778.7,1.0279
W1,V1,jan_mar_to_jul_sep,+2C_every_month,15,warming,M2,40,26,0.376968,2.15674,3,2,1,17,24,24,25,21,19,5,5,32,0.119909,1.65967,32,20,20,4,56,2,9173.74,1.05799
W1,V1,jan_mar_to_jul_sep,+2C_every_month,15,cooling,M2,19,13,0.190398,1.34665,1,1,1,4,11,12,13,10,9,3,3,16,0.083569,0.989244,16,9,8,4,28,1,9173.74,1.05799
W1,V1,jan_mar_to_jul_sep,+2C_forecast_month,8,warming,M2,43,26,0.358451,2.41551,9,7,5,13,23,25,25,22,21,4,4,32,0.293484,2.56042,29,16,16,7,55,2,11540,1.04668
W1,V1,jan_mar_to_jul_sep,+2C_forecast_month,8,cooling,M2,19,13,0.339068,1.62394,3,2,4,6,9,12,13,11,10,2,2,16,0.127832,1.30567,16,7,7,4,27,1,11540,1.04668
W1,V1,jan_mar_to_jul_sep,+2C_forecast_month,9,warming,M2,25,26,0.668694,3.72418,1,1,9,8,20,25,25,22,21,4,4,36,0.820998,5.23386,26,10,10,20,58,2,7263.8,1.02706
W1,V1,jan_mar_to_jul_sep,+2C_forecast_month,9,cooling,M2,10,13,0.656635,2.65423,1,1,4,2,9,12,13,10,10,3,2,18,0.513583,2.95324,13,5,5,10,29,1,7263.8,1.02706
W1,V1,jan_mar_to_jul_sep,+2C_forecast_month,10,warming,M2,42,26,0.491967,3.00386,5,3,3,9,24,24,26,23,21,3,3,34,0.242067,2.50632,32,19,19,7,58,2,9762.3,1.00611
W1,V1,jan_mar_to_jul_sep,+2C_forecast_month,10,cooling,M2,11,13,0.851046,2.85441,2,2,5,1,7,7,12,11,6,2,1,17,0.489721,2.69607,9,6,6,7,29,1,9762.3,1.00611
W1,V1,jan_mar_to_jul_sep,+2C_forecast_month,11,warming,M2,43,26,0.770341,3.4224,5,5,7,9,20,23,25,22,20,4,3,34,0.351958,3.30518,32,19,19,11,58,2,5318.44,1.01955
W1,V1,jan_mar_to_jul_sep,+2C_forecast_month,11,cooling,M2,15,13,0.19363,1.36313,0,0,6,4,10,12,13,12,11,1,1,17,0.271864,2.02201,10,5,5,10,29,1,5318.44,1.01955
W1,V1,jan_mar_to_jul_sep,+2C_forecast_month,12,warming,M2,24,26,1.9538,5.90674,2,2,12,7,17,22,24,21,18,5,4,34,1.04138,5.68276,28,11,11,19,58,2,4889.83,1.02407
W1,V1,jan_mar_to_jul_sep,+2C_forecast_month,12,cooling,M2,17,13,0.518263,1.83419,0,0,6,9,13,13,13,11,11,2,2,17,0.209665,1.78054,17,9,9,6,29,1,4889.83,1.02407
W1,V1,jan_mar_to_jul_sep,+2C_forecast_month,13,warming,M2,53,26,0.138525,1.44233,5,5,4,15,24,26,26,23,23,3,3,34,0.110397,1.52381,34,28,28,0,58,2,10654.4,1.05576
W1,V1,jan_mar_to_jul_sep,+2C_forecast_month,13,cooling,M2,20,13,0.133512,1.1712,2,2,4,6,13,13,13,12,12,1,1,17,0.10304,1.22399,17,11,11,3,29,1,10654.4,1.05576
W1,V1,jan_mar_to_jul_sep,+2C_forecast_month,14,warming,M2,49,26,0.414605,2.71525,7,5,7,13,20,24,25,23,21,3,3,36,0.407574,3.45338,30,25,25,5,58,2,10778.7,1.0279
W1,V1,jan_mar_to_jul_sep,+2C_forecast_month,14,cooling,M2,16,13,0.204625,1.46524,3,2,4,3,9,13,13,12,12,1,1,18,0.361905,2.44983,11,7,7,8,29,1,10778.7,1.0279
W1,V1,jan_mar_to_jul_sep,+2C_forecast_month,15,warming,M2,40,26,0.598828,3.23785,3,2,6,10,23,24,25,21,19,5,5,32,0.298904,2.85095,32,20,20,6,58,2,9173.74,1.05799
W1,V1,jan_mar_to_jul_sep,+2C_forecast_month,15,cooling,M2,19,13,0.255495,1.72848,1,1,2,3,11,12,12,10,9,3,3,16,0.185838,1.52476,16,9,9,4,29,1,9173.74,1.05799
W1,V1,jan_mar_to_jul_sep,-2C_every_month,8,warming,M2,43,26,0.276394,1.91456,9,6,2,15,24,25,25,22,21,4,4,32,0.161185,1.80669,30,16,14,6,52,2,11540,1.04668
W1,V1,jan_mar_to_jul_sep,-2C_every_month,8,cooling,M2,19,13,0.253019,1.49009,3,0,3,5,10,13,13,11,11,2,2,16,0.0544759,0.79404,16,7,7,3,26,1,11540,1.04668
W1,V1,jan_mar_to_jul_sep,-2C_every_month,9,warming,M2,25,26,0.424607,2.84295,1,1,7,11,22,25,25,22,21,4,4,36,0.562638,4.28911,24,10,10,20,58,2,7263.8,1.02706
W1,V1,jan_mar_to_jul_sep,-2C_every_month,9,cooling,M2,10,13,0.471369,2.12517,1,1,3,3,10,12,13,10,10,3,2,18,0.362115,2.47294,10,5,5,10,29,1,7263.8,1.02706
W1,V1,jan_mar_to_jul_sep,-2C_every_month,10,warming,M2,42,26,0.320949,2.29757,5,2,1,16,24,24,25,23,21,3,3,34,0.128319,1.65984,34,19,17,7,55,2,9762.3,1.00611
W1,V1,jan_mar_to_jul_sep,-2C_every_month,10,cooling,M2,11,13,0.638085,2.35541,2,2,2,3,7,7,12,11,6,2,1,17,0.321239,2.13396,11,6,6,6,27,1,9762.3,1.00611
W1,V1,jan_mar_to_jul_sep,-2C_every_month,11,warming,M2,43,26,0.558251,2.66006,5,5,5,14,21,23,25,22,20,4,3,34,0.204579,2.40821,32,19,19,11,58,2,5318.44,1.01955
W1,V1,jan_mar_to_jul_sep,-2C_every_month,11,cooling,M2,15,13,0.118331,1.07399,0,0,2,3,11,12,13,12,11,1,1,17,0.182765,1.60589,9,5,5,10,29,1,5318.44,1.01955
W1,V1,jan_mar_to_jul_sep,-2C_every_month,12,warming,M2,24,26,1.58139,5.03048,2,2,10,7,20,22,22,21,18,5,4,34,0.738416,4.71803,28,11,11,19,58,2,4889.83,1.02407
W1,V1,jan_mar_to_jul_sep,-2C_every_month,12,cooling,M2,17,13,0.420596,1.5273,0,0,4,9,13,13,13,11,11,2,2,17,0.123917,1.29064,17,9,9,6,29,1,4889.83,1.02407
W1,V1,jan_mar_to_jul_sep,-2C_every_month,13,warming,M2,53,26,0.134502,1.37998,5,4,2,18,21,25,25,23,22,3,3,34,0.11995,1.64085,31,28,26,0,54,2,10654.4,1.05576
W1,V1,jan_mar_to_jul_sep,-2C_every_month,13,cooling,M2,20,13,0.0561819,0.733915,2,2,4,9,13,13,13,12,12,1,1,17,0.0505004,0.807225,17,11,11,2,27,1,10654.4,1.05576
W1,V1,jan_mar_to_jul_sep,-2C_every_month,14,warming,M2,49,26,0.312169,2.25212,7,5,6,15,20,24,25,23,21,3,3,36,0.280383,2.66257,30,25,25,5,58,2,10778.7,1.0279
W1,V1,jan_mar_to_jul_sep,-2C_every_month,14,cooling,M2,16,13,0.119711,1.11418,3,1,2,6,12,13,13,12,12,1,1,18,0.265198,2.04841,13,7,7,8,29,1,10778.7,1.0279
W1,V1,jan_mar_to_jul_sep,-2C_every_month,15,warming,M2,40,26,0.415563,2.36618,3,2,3,16,23,24,24,21,19,5,5,32,0.148193,1.88838,32,20,20,4,56,2,9173.74,1.05799
W1,V1,jan_mar_to_jul_sep,-2C_every_month,15,cooling,M2,19,13,0.196273,1.41907,1,1,2,3,11,12,13,10,9,3,3,16,0.101287,1.09315,16,9,8,4,28,1,9173.74,1.05799
W1,V1,jan_mar_to_jul_sep,-2C_forecast_month,8,warming,M2,43,26,0.288611,1.85865,9,1,0,16,21,24,25,22,21,4,3,32,0.119584,1.52917,30,16,12,2,39,2,11540,1.04668
W1,V1,jan_mar_to_jul_sep,-2C_forecast_month,8,cooling,M2,19,13,0.218687,1.47918,3,0,1,4,11,12,13,11,10,2,2,16,0.0245594,0.491484,16,7,7,0,17,1,11540,1.04668
W1,V1,jan_mar_to_jul_sep,-2C_forecast_month,9,warming,M2,25,26,0.242152,2.04743,1,1,5,15,24,25,25,22,21,4,4,36,0.317076,3.10192,31,10,10,16,52,2,7263.8,1.02706
W1,V1,jan_mar_to_jul_sep,-2C_forecast_month,9,cooling,M2,10,13,0.311935,1.65157,1,1,1,5,10,13,13,10,10,3,3,18,0.21211,1.87362,15,5,5,8,26,1,7263.8,1.02706
W1,V1,jan_mar_to_jul_sep,-2C_forecast_month,10,warming,M2,42,26,0.246406,1.90757,5,2,1,18,22,24,25,23,21,3,3,34,0.0876412,1.31294,33,19,16,6,50,2,9762.3,1.00611
W1,V1,jan_mar_to_jul_sep,-2C_forecast_month,10,cooling,M2,11,13,0.451933,1.91274,2,1,1,6,7,10,12,11,9,2,1,17,0.207345,1.64549,14,6,6,5,25,1,9762.3,1.00611
W1,V1,jan_mar_to_jul_sep,-2C_forecast_month,11,warming,M2,43,26,0.407763,2.05798,5,4,2,15,22,24,25,22,21,4,3,34,0.101297,1.62109,32,19,18,9,54,2,5318.44,1.01955
W1,V1,jan_mar_to_jul_sep,-2C_forecast_month,11,cooling,M2,15,13,0.0748475,0.858673,0,0,1,5,12,12,13,12,11,1,1,17,0.111275,1.24888,14,5,5,8,26,1,5318.44,1.01955
W1,V1,jan_mar_to_jul_sep,-2C_forecast_month,12,warming,M2,24,26,1.29971,4.36993,2,2,5,10,21,22,22,21,18,5,4,34,0.57007,4.09552,30,11,11,19,58,2,4889.83,1.02407
W1,V1,jan_mar_to_jul_sep,-2C_forecast_month,12,cooling,M2,17,13,0.338485,1.30283,0,0,1,9,13,13,13,11,11,2,2,17,0.0802125,0.987632,17,9,9,6,29,1,4889.83,1.02407
W1,V1,jan_mar_to_jul_sep,-2C_forecast_month,13,warming,M2,53,26,0.235596,1.98886,5,1,2,11,19,22,22,23,21,3,1,34,0.214553,2.13869,27,28,26,0,48,2,10654.4,1.05576
W1,V1,jan_mar_to_jul_sep,-2C_forecast_month,13,cooling,M2,20,13,0.0168802,0.404636,2,2,1,11,13,13,13,12,12,1,1,17,0.0299667,0.553415,17,11,11,2,23,1,10654.4,1.05576
W1,V1,jan_mar_to_jul_sep,-2C_forecast_month,14,warming,M2,49,26,0.290213,2.10874,7,5,4,14,22,24,25,23,21,3,3,36,0.170923,1.82406,33,25,25,5,58,2,10778.7,1.0279
W1,V1,jan_mar_to_jul_sep,-2C_forecast_month,14,cooling,M2,16,13,0.0864957,0.875856,3,1,2,6,13,13,13,12,12,1,1,18,0.174882,1.59759,14,7,7,8,29,1,10778.7,1.0279
W1,V1,jan_mar_to_jul_sep,-2C_forecast_month,15,warming,M2,40,26,0.309589,1.8361,3,1,0,17,24,24,25,21,19,5,5,32,0.0529369,0.961036,32,20,20,3,53,2,9173.74,1.05799
W1,V1,jan_mar_to_jul_sep,-2C_forecast_month,15,cooling,M2,19,13,0.186525,1.16783,1,1,1,8,10,11,12,10,8,3,3,16,0.0431992,0.659431,16,9,8,3,26,1,9173.74,1.05799
W1,V1,jan_mar_to_jul_sep,none,8,warming,B0,43,26,1.2454,4.80481,9,0,0,6,6,6,6,22,5,4,1,32,0.699937,4.23841,10,16,2,0,4,2,11540,1.04668
W1,V1,jan_mar_to_jul_sep,none,8,warming,M,43,26,0.418762,2.67084,9,7,5,10,16,21,23,22,17,4,4,32,0.353831,2.8336,24,16,16,8,58,2,11540,1.04668
W1,V1,jan_mar_to_jul_sep,none,8,warming,M1b,43,26,0.542532,2.74009,9,0,0,8,12,18,19,22,16,4,2,32,0.238028,2.38238,24,16,7,1,22,2,11540,1.04668
W1,V1,jan_mar_to_jul_sep,none,8,warming,M2,43,26,0.265016,1.85697,9,5,2,17,24,25,25,22,21,4,4,32,0.166036,1.8275,30,16,14,6,52,2,11540,1.04668
W1,V1,jan_mar_to_jul_sep,none,8,warming,oracle,43,26,0.234981,1.45377,9,5,3,,,,,22,,4,,32,0.180317,1.51077,,16,16,3,47,2,11540,1.04668
W1,V1,jan_mar_to_jul_sep,none,8,cooling,B0,19,13,0.524137,2.10159,3,0,0,4,4,6,6,11,5,2,1,16,0.270935,1.96803,4,7,1,0,2,1,11540,1.04668
W1,V1,jan_mar_to_jul_sep,none,8,cooling,M,19,13,0.350287,1.65974,3,2,5,6,6,10,11,11,8,2,2,16,0.157617,1.45276,14,7,7,5,29,1,11540,1.04668
W1,V1,jan_mar_to_jul_sep,none,8,cooling,M1b,19,13,0.292098,1.70539,3,0,0,3,8,9,10,11,7,2,2,16,0.0652364,0.892346,14,7,4,0,11,1,11540,1.04668
W1,V1,jan_mar_to_jul_sep,none,8,cooling,M2,19,13,0.251,1.4942,3,0,3,5,10,13,13,11,11,2,2,16,0.0573778,0.805143,16,7,7,3,26,1,11540,1.04668
W1,V1,jan_mar_to_jul_sep,none,8,cooling,oracle,19,13,0.267618,1.5412,3,1,3,,,,,11,,2,,16,0.0251074,0.532016,,7,7,2,24,1,11540,1.04668
W1,V1,jan_mar_to_jul_sep,none,9,warming,B0,25,26,0.461555,2.98753,1,0,0,5,15,20,22,22,18,4,2,36,0.158836,2.08601,28,10,4,0,10,2,7263.8,1.02706
W1,V1,jan_mar_to_jul_sep,none,9,warming,M,25,26,0.735016,3.93864,1,1,8,7,14,23,25,22,20,4,3,36,0.860834,5.34609,20,10,10,20,58,2,7263.8,1.02706
W1,V1,jan_mar_to_jul_sep,none,9,warming,M1b,25,26,0.229615,1.74202,1,1,3,17,22,25,26,22,21,4,4,36,0.135004,1.89023,33,10,10,10,38,2,7263.8,1.02706
W1,V1,jan_mar_to_jul_sep,none,9,warming,M2,25,26,0.415016,2.80209,1,1,7,12,23,25,25,22,21,4,4,36,0.547092,4.21854,28,10,10,20,58,2,7263.8,1.02706
W1,V1,jan_mar_to_jul_sep,none,9,warming,oracle,25,26,0.134314,1.26704,1,1,0,,,,,22,,4,,36,0.0758575,1.1167,,10,9,3,24,2,7263.8,1.02706
W1,V1,jan_mar_to_jul_sep,none,9,cooling,B0,10,13,0.202243,1.22457,1,0,0,5,10,11,12,10,8,3,3,18,0.0362706,0.666279,18,5,2,0,5,1,7263.8,1.02706
W1,V1,jan_mar_to_jul_sep,none,9,cooling,M,10,13,0.709733,2.76327,1,1,3,1,5,11,11,10,10,3,1,18,0.532334,2.99712,6,5,5,10,29,1,7263.8,1.02706
W1,V1,jan_mar_to_jul_sep,none,9,cooling,M1b,10,13,0.185318,1.11552,1,1,0,10,13,13,13,10,10,3,3,18,0.0940897,1.19888,15,5,5,5,19,1,7263.8,1.02706
W1,V1,jan_mar_to_jul_sep,none,9,cooling,M2,10,13,0.463293,2.10863,1,1,3,3,10,12,13,10,10,3,2,18,0.350649,2.43442,15,5,5,10,29,1,7263.8,1.02706
W1,V1,jan_mar_to_jul_sep,none,9,cooling,oracle,10,13,0.183997,1.05228,1,0,0,,,,,10,,3,,18,0.0123071,0.40746,,5,3,0,5,1,7263.8,1.02706
W1,V1,jan_mar_to_jul_sep,none,10,warming,B0,42,26,0.875833,4.11059,5,0,0,5,9,11,12,23,10,3,1,34,0.613183,4.23377,8,19,2,0,4,2,9762.3,1.00611
W1,V1,jan_mar_to_jul_sep,none,10,warming,M,42,26,0.582115,3.25538,5,3,4,5,19,22,24,23,19,3,3,34,0.283592,2.72369,23,19,19,7,58,2,9762.3,1.00611
W1,V1,jan_mar_to_jul_sep,none,10,warming,M1b,42,26,0.357206,2.52602,5,0,0,8,17,20,22,23,17,3,3,34,0.161492,1.84179,29,19,14,0,28,2,9762.3,1.00611
W1,V1,jan_mar_to_jul_sep,none,10,warming,M2,42,26,0.324228,2.29521,5,2,1,16,24,24,25,23,21,3,3,34,0.132268,1.69925,34,19,17,7,55,2,9762.3,1.00611
W1,V1,jan_mar_to_jul_sep,none,10,warming,oracle,42,26,0.103857,1.2972,5,2,1,,,,,23,,3,,34,0.169375,1.51655,,19,14,6,42,2,9762.3,1.00611
W1,V1,jan_mar_to_jul_sep,none,10,cooling,B0,11,13,0.196997,1.31519,2,0,0,7,7,7,8,11,6,2,1,17,0.0704033,0.909236,15,6,1,0,2,1,9762.3,1.00611
W1,V1,jan_mar_to_jul_sep,none,10,cooling,M,11,13,0.967335,3.02878,2,2,5,1,3,7,7,11,6,2,1,17,0.528427,2.78872,3,6,6,7,29,1,9762.3,1.00611
W1,V1,jan_mar_to_jul_sep,none,10,cooling,M1b,11,13,0.182879,1.20397,2,0,0,4,12,12,12,11,10,2,2,17,0.0804452,0.875525,14,6,6,1,14,1,9762.3,1.00611
W1,V1,jan_mar_to_jul_sep,none,10,cooling,M2,11,13,0.630629,2.3484,2,2,2,3,7,9,12,11,8,2,1,17,0.334812,2.18687,12,6,6,6,27,1,9762.3,1.00611
W1,V1,jan_mar_to_jul_sep,none,10,cooling,oracle,11,13,0.140891,1.0351,2,0,0,,,,,11,,2,,17,0.043804,0.645546,,6,5,0,8,1,9762.3,1.00611
W1,V1,jan_mar_to_jul_sep,none,11,warming,B0,43,26,0.686035,3.36369,5,0,0,5,10,14,15,22,13,4,1,34,0.261897,2.58956,16,19,4,0,12,2,5318.44,1.01955
W1,V1,jan_mar_to_jul_sep,none,11,warming,M,43,26,0.81536,3.54671,5,5,7,7,16,20,24,22,17,4,3,34,0.383107,3.45951,26,19,19,11,58,2,5318.44,1.01955
W1,V1,jan_mar_to_jul_sep,none,11,warming,M1b,43,26,0.395018,2.12388,5,4,2,15,22,24,25,22,21,4,3,34,0.051352,1.03371,33,19,16,6,42,2,5318.44,1.01955
W1,V1,jan_mar_to_jul_sep,none,11,warming,M2,43,26,0.555724,2.64893,5,5,5,14,21,24,25,22,21,4,3,34,0.206513,2.43095,32,19,19,11,58,2,5318.44,1.01955
W1,V1,jan_mar_to_jul_sep,none,11,warming,oracle,43,26,0.257379,1.54777,5,3,0,,,,,22,,4,,34,0.0337211,0.901204,,19,15,0,37,2,5318.44,1.01955
W1,V1,jan_mar_to_jul_sep,none,11,cooling,B0,15,13,0.197189,1.18557,0,0,0,6,6,9,11,12,9,1,0,17,0.0944287,0.934792,11,5,2,0,6,1,5318.44,1.01955
W1,V1,jan_mar_to_jul_sep,none,11,cooling,M,15,13,0.207176,1.42922,0,0,6,4,6,11,12,12,10,1,1,17,0.287033,2.08835,8,5,5,10,29,1,5318.44,1.01955
W1,V1,jan_mar_to_jul_sep,none,11,cooling,M1b,15,13,0.0844281,0.789057,0,0,1,10,10,12,12,12,12,1,0,17,0.0612315,0.877169,14,5,5,6,21,1,5318.44,1.01955
W1,V1,jan_mar_to_jul_sep,none,11,cooling,M2,15,13,0.118995,1.08501,0,0,2,5,12,12,13,12,11,1,1,17,0.182653,1.60341,11,5,5,10,29,1,5318.44,1.01955
W1,V1,jan_mar_to_jul_sep,none,11,cooling,oracle,15,13,0.0340875,0.564952,0,0,1,,,,,12,,1,,17,0.00987125,0.321968,,5,5,3,20,1,5318.44,1.01955
W1,V1,jan_mar_to_jul_sep,none,12,warming,B0,24,26,0.594752,2.92549,2,0,2,12,21,22,25,21,18,5,4,34,0.0807003,1.26709,34,11,10,4,24,2,4889.83,1.02407
W1,V1,jan_mar_to_jul_sep,none,12,warming,M,24,26,1.9682,5.94211,2,2,12,5,16,22,22,21,18,5,4,34,0.995813,5.53862,28,11,11,19,58,2,4889.83,1.02407
W1,V1,jan_mar_to_jul_sep,none,12,warming,M1b,24,26,1.05232,3.90303,2,2,4,12,22,22,23,21,18,5,4,34,0.423217,3.44753,31,11,11,17,52,2,4889.83,1.02407
W1,V1,jan_mar_to_jul_sep,none,12,warming,M2,24,26,1.60818,5.12649,2,2,10,7,20,22,22,21,18,5,4,34,0.795595,4.92084,28,11,11,19,58,2,4889.83,1.02407
W1,V1,jan_mar_to_jul_sep,none,12,warming,oracle,24,26,0.570193,2.56944,2,1,1,,,,,21,,5,,34,0.0415446,0.832962,,11,8,1,19,2,4889.83,1.02407
W1,V1,jan_mar_to_jul_sep,none,12,cooling,B0,17,13,0.255273,1.6041,0,0,0,5,10,10,11,11,8,2,2,17,0.0646972,0.846203,17,9,7,0,12,1,4889.83,1.02407
W1,V1,jan_mar_to_jul_sep,none,12,cooling,M,17,13,0.515311,1.79449,0,0,6,9,13,13,13,11,11,2,2,17,0.195157,1.69889,17,9,9,6,29,1,4889.83,1.02407
W1,V1,jan_mar_to_jul_sep,none,12,cooling,M1b,17,13,0.286626,1.39929,0,0,1,9,12,12,13,11,10,2,2,17,0.0520408,0.764318,17,9,9,5,26,1,4889.83,1.02407
W1,V1,jan_mar_to_jul_sep,none,12,cooling,M2,17,13,0.416106,1.54154,0,0,4,9,13,13,13,11,11,2,2,17,0.137471,1.3893,17,9,9,6,29,1,4889.83,1.02407
W1,V1,jan_mar_to_jul_sep,none,12,cooling,oracle,17,13,0.185574,1.10716,0,0,2,,,,,11,,2,,17,0.0474409,0.813728,,9,8,0,15,1,4889.83,1.02407
W1,V1,jan_mar_to_jul_sep,none,13,warming,B0,53,26,1.5289,5.96772,5,0,0,1,1,1,2,23,1,3,0,34,1.38439,6.3662,4,28,2,0,4,2,10654.4,1.05576
W1,V1,jan_mar_to_jul_sep,none,13,warming,M,53,26,0.132409,1.51622,5,5,4,13,24,24,26,23,21,3,3,34,0.114158,1.56772,33,28,28,0,58,2,10654.4,1.05576
W1,V1,jan_mar_to_jul_sep,none,13,warming,M1b,53,26,0.731033,3.81528,5,0,2,2,7,11,12,23,10,3,1,34,0.520286,3.6129,19,28,10,0,26,2,10654.4,1.05576
W1,V1,jan_mar_to_jul_sep,none,13,warming,M2,53,26,0.138666,1.40369,5,4,2,18,21,25,25,23,22,3,3,34,0.12434,1.66193,32,28,26,0,53,2,10654.4,1.05576
W1,V1,jan_mar_to_jul_sep,none,13,warming,oracle,53,26,0.0836814,1.04505,5,4,2,,,,,23,,3,,34,0.0393584,0.748332,,28,26,0,52,2,10654.4,1.05576
W1,V1,jan_mar_to_jul_sep,none,13,cooling,B0,20,13,0.307689,1.95702,2,0,0,0,1,3,6,12,3,1,0,17,0.35397,2.29369,3,11,1,0,2,1,10654.4,1.05576
W1,V1,jan_mar_to_jul_sep,none,13,cooling,M,20,13,0.14335,1.21225,2,2,4,4,9,12,13,12,11,1,1,17,0.11517,1.31727,13,11,11,3,29,1,10654.4,1.05576
W1,V1,jan_mar_to_jul_sep,none,13,cooling,M1b,20,13,0.0699949,0.781449,2,0,0,6,10,10,11,12,9,1,1,17,0.0859154,0.994371,15,11,5,0,13,1,10654.4,1.05576
W1,V1,jan_mar_to_jul_sep,none,13,cooling,M2,20,13,0.0534009,0.711073,2,2,4,9,13,13,13,12,12,1,1,17,0.0500121,0.780447,17,11,11,2,26,1,10654.4,1.05576
W1,V1,jan_mar_to_jul_sep,none,13,cooling,oracle,20,13,0.0190121,0.412082,2,1,1,,,,,12,,1,,17,0.0284313,0.517615,,11,9,0,18,1,10654.4,1.05576
W1,V1,jan_mar_to_jul_sep,none,14,warming,B0,49,26,0.948323,4.26046,7,0,1,4,10,14,18,23,13,3,1,36,0.361371,3.21981,20,25,8,0,20,2,10778.7,1.0279
W1,V1,jan_mar_to_jul_sep,none,14,warming,M,49,26,0.438309,2.83625,7,5,7,9,20,21,23,23,18,3,3,36,0.444169,3.63025,27,25,25,5,58,2,10778.7,1.0279
W1,V1,jan_mar_to_jul_sep,none,14,warming,M1b,49,26,0.512748,3.00032,7,4,3,9,18,20,22,23,18,3,2,36,0.113404,1.28803,35,25,24,4,52,2,10778.7,1.0279
W1,V1,jan_mar_to_jul_sep,none,14,warming,M2,49,26,0.31495,2.27866,7,5,6,17,21,24,25,23,21,3,3,36,0.273043,2.65875,33,25,25,5,58,2,10778.7,1.0279
W1,V1,jan_mar_to_jul_sep,none,14,warming,oracle,49,26,0.0847517,1.13426,7,6,2,,,,,23,,3,,36,0.0158416,0.585282,,25,24,0,48,2,10778.7,1.0279
W1,V1,jan_mar_to_jul_sep,none,14,cooling,B0,16,13,0.34122,1.58604,3,0,0,5,6,9,9,12,8,1,1,18,0.100255,0.909036,16,7,4,0,10,1,10778.7,1.0279
W1,V1,jan_mar_to_jul_sep,none,14,cooling,M,16,13,0.226281,1.52857,3,2,4,3,7,11,12,12,10,1,1,18,0.384977,2.53128,5,7,7,8,29,1,10778.7,1.0279
W1,V1,jan_mar_to_jul_sep,none,14,cooling,M1b,16,13,0.0762999,0.757598,3,1,1,9,13,13,13,12,12,1,1,18,0.0992923,1.01474,16,7,7,7,26,1,10778.7,1.0279
W1,V1,jan_mar_to_jul_sep,none,14,cooling,M2,16,13,0.125452,1.14028,3,2,2,7,12,13,13,12,12,1,1,18,0.261779,2.04569,14,7,7,8,29,1,10778.7,1.0279
W1,V1,jan_mar_to_jul_sep,none,14,cooling,oracle,16,13,0.0451791,0.572362,3,1,1,,,,,12,,1,,18,0.0120316,0.393862,,7,7,3,20,1,10778.7,1.0279
W1,V1,jan_mar_to_jul_sep,none,15,warming,B0,40,26,0.92929,4.22118,3,0,0,5,9,9,11,21,8,5,1,32,0.660033,4.32826,3,20,4,0,6,2,9173.74,1.05799
W1,V1,jan_mar_to_jul_sep,none,15,warming,M,40,26,0.622986,3.35174,3,2,5,9,19,22,24,21,17,5,5,32,0.339423,3.0078,32,20,20,6,58,2,9173.74,1.05799
W1,V1,jan_mar_to_jul_sep,none,15,warming,M1b,40,26,0.408382,2.36898,3,0,0,12,20,22,24,21,17,5,5,32,0.0638468,1.20451,32,20,17,0,32,2,9173.74,1.05799
W1,V1,jan_mar_to_jul_sep,none,15,warming,M2,40,26,0.404669,2.30408,3,2,2,16,24,24,25,21,19,5,5,32,0.143631,1.87313,32,20,20,4,56,2,9173.74,1.05799
W1,V1,jan_mar_to_jul_sep,none,15,warming,oracle,40,26,0.159489,1.3091,3,1,0,,,,,21,,5,,32,0.0452735,0.980806,,20,18,0,36,2,9173.74,1.05799
W1,V1,jan_mar_to_jul_sep,none,15,cooling,B0,19,13,0.525263,1.95563,1,0,0,3,4,6,7,10,4,3,2,16,0.292109,2.00536,4,9,2,0,3,1,9173.74,1.05799
W1,V1,jan_mar_to_jul_sep,none,15,cooling,M,19,13,0.268144,1.78737,1,1,2,2,9,12,12,10,9,3,3,16,0.206218,1.59014,15,9,9,4,29,1,9173.74,1.05799
W1,V1,jan_mar_to_jul_sep,none,15,cooling,M1b,19,13,0.307279,1.33701,1,1,0,7,7,9,10,10,7,3,2,16,0.0306303,0.54526,16,9,7,1,15,1,9173.74,1.05799
W1,V1,jan_mar_to_jul_sep,none,15,cooling,M2,19,13,0.195387,1.39508,1,1,2,3,11,12,13,10,9,3,3,16,0.0978788,1.07856,16,9,8,4,28,1,9173.74,1.05799
W1,V1,jan_mar_to_jul_sep,none,15,cooling,oracle,19,13,0.0482383,0.667079,1,1,1,,,,,10,,3,,16,0.0330521,0.584017,,9,8,3,20,1,9173.74,1.05799
W1,V1,jul_sep_to_dec,+2C_every_month,8,cooling,M2,0,13,0.322799,1.64817,0,0,0,6,12,13,13,11,11,2,2,17,0.30162,2.18728,14,0,0,4,16,1,11540,1.04668
W1,V1,jul_sep_to_dec,+2C_every_month,9,cooling,M2,0,13,0.292722,1.00406,0,0,0,11,12,12,12,11,10,2,2,18,0.0883001,1.15571,18,0,0,0,2,1,7263.8,1.02706
W1,V1,jul_sep_to_dec,+2C_every_month,10,cooling,M2,1,13,0.0628594,0.673504,0,0,1,11,12,13,13,10,10,3,3,18,0.040572,0.684658,18,0,0,2,4,1,9762.3,1.00611
W1,V1,jul_sep_to_dec,+2C_every_month,11,cooling,M2,5,13,0.0271153,0.525015,0,0,0,13,13,13,13,11,11,2,2,17,0.0928601,1.04596,17,2,2,4,13,1,5318.44,1.01955
W1,V1,jul_sep_to_dec,+2C_every_month,12,cooling,M2,9,13,0.0935879,0.927744,0,0,0,7,13,13,13,10,10,3,3,19,0.0769717,0.792192,19,4,1,1,6,1,4889.83,1.02407
W1,V1,jul_sep_to_dec,+2C_every_month,13,cooling,M2,1,13,0.242795,1.50311,0,0,0,5,12,12,12,11,10,2,2,18,0.321795,2.1688,13,0,0,9,17,1,10654.4,1.05576
W1,V1,jul_sep_to_dec,+2C_every_month,14,cooling,M2,2,13,0.134907,1.11555,0,0,0,8,13,13,13,11,11,2,2,17,0.06028,0.925681,17,0,0,3,11,1,10778.7,1.0279
W1,V1,jul_sep_to_dec,+2C_every_month,15,cooling,M2,0,13,0.206905,1.15586,0,0,0,10,12,12,12,12,11,1,1,18,0.469956,2.68069,10,0,0,9,15,1,9173.74,1.05799
W1,V1,jul_sep_to_dec,+2C_forecast_month,8,cooling,M2,0,13,0.320219,1.67522,0,0,0,6,12,13,13,11,11,2,2,17,0.348476,2.3547,7,0,0,6,19,1,11540,1.04668
W1,V1,jul_sep_to_dec,+2C_forecast_month,9,cooling,M2,0,13,0.257695,1.01866,0,0,0,11,11,12,12,11,10,2,2,18,0.136508,1.46416,17,0,0,3,6,1,7263.8,1.02706
W1,V1,jul_sep_to_dec,+2C_forecast_month,10,cooling,M2,1,13,0.0816506,0.766965,0,0,1,10,11,12,12,10,9,3,3,18,0.0627529,0.917429,17,0,0,5,8,1,9762.3,1.00611
W1,V1,jul_sep_to_dec,+2C_forecast_month,11,cooling,M2,5,13,0.0347259,0.602131,0,0,0,12,13,13,13,11,11,2,2,17,0.117249,1.20954,15,2,2,5,16,1,5318.44,1.01955
W1,V1,jul_sep_to_dec,+2C_forecast_month,12,cooling,M2,9,13,0.0922268,0.908099,0,0,0,7,13,13,13,10,10,3,3,19,0.0789873,0.773062,19,4,1,2,7,1,4889.83,1.02407
W1,V1,jul_sep_to_dec,+2C_forecast_month,13,cooling,M2,1,13,0.245008,1.52003,0,0,0,3,11,12,12,11,10,2,2,18,0.304569,2.10629,9,0,0,9,17,1,10654.4,1.05576
W1,V1,jul_sep_to_dec,+2C_forecast_month,14,cooling,M2,2,13,0.14191,1.14258,0,0,0,8,13,13,13,11,11,2,2,17,0.0789569,1.063,15,0,0,4,12,1,10778.7,1.0279
W1,V1,jul_sep_to_dec,+2C_forecast_month,15,cooling,M2,0,13,0.238435,1.20983,0,0,0,8,12,12,12,12,11,1,1,18,0.685982,3.36273,5,0,0,12,21,1,9173.74,1.05799
W1,V1,jul_sep_to_dec,-2C_every_month,8,cooling,M2,0,13,0.339498,1.66074,0,0,0,7,12,13,13,11,11,2,2,17,0.24454,1.92358,15,0,0,2,12,1,11540,1.04668
W1,V1,jul_sep_to_dec,-2C_every_month,9,cooling,M2,0,13,0.324638,1.11135,0,0,0,11,12,12,12,11,10,2,2,18,0.057961,0.868683,18,0,0,0,1,1,7263.8,1.02706
W1,V1,jul_sep_to_dec,-2C_every_month,10,cooling,M2,1,13,0.0528067,0.571837,0,0,0,10,12,13,13,10,10,3,3,18,0.0228812,0.575059,18,0,0,2,2,1,9762.3,1.00611
W1,V1,jul_sep_to_dec,-2C_every_month,11,cooling,M2,5,13,0.0490422,0.601819,0,0,0,11,13,13,13,11,11,2,2,17,0.0598787,0.760178,17,2,2,3,12,1,5318.44,1.01955
W1,V1,jul_sep_to_dec,-2C_every_month,12,cooling,M2,9,13,0.100038,0.96262,0,0,0,9,11,13,13,10,10,3,3,19,0.0797981,0.948544,19,4,0,1,3,1,4889.83,1.02407
W1,V1,jul_sep_to_dec,-2C_every_month,13,cooling,M2,1,13,0.163657,1.16184,0,0,0,7,12,12,13,11,10,2,2,18,0.201717,1.60025,15,0,0,6,11,1,10654.4,1.05576
W1,V1,jul_sep_to_dec,-2C_every_month,14,cooling,M2,2,13,0.119944,0.988789,0,0,0,9,12,13,13,11,11,2,2,17,0.0284539,0.553269,17,0,0,1,6,1,10778.7,1.0279
W1,V1,jul_sep_to_dec,-2C_every_month,15,cooling,M2,0,13,0.235211,1.17413,0,0,0,11,12,12,12,12,11,1,1,18,0.596412,3.07941,8,0,0,11,19,1,9173.74,1.05799
W1,V1,jul_sep_to_dec,-2C_forecast_month,8,cooling,M2,0,13,0.345015,1.66874,0,0,0,7,13,13,13,11,11,2,2,17,0.191053,1.66482,16,0,0,2,12,1,11540,1.04668
W1,V1,jul_sep_to_dec,-2C_forecast_month,9,cooling,M2,0,13,0.355016,1.15861,0,0,0,11,12,12,12,11,10,2,2,18,0.0498268,0.754631,18,0,0,0,1,1,7263.8,1.02706
W1,V1,jul_sep_to_dec,-2C_forecast_month,10,cooling,M2,1,13,0.0541272,0.629017,0,0,0,10,13,13,13,10,10,3,3,18,0.0258076,0.582728,18,0,0,2,2,1,9762.3,1.00611
W1,V1,jul_sep_to_dec,-2C_forecast_month,11,cooling,M2,5,13,0.0482826,0.627733,0,0,0,12,13,13,13,11,11,2,2,17,0.0426546,0.60592,17,2,1,1,7,1,5318.44,1.01955
W1,V1,jul_sep_to_dec,-2C_forecast_month,12,cooling,M2,9,13,0.104194,0.993272,0,0,0,10,13,13,13,10,10,3,3,19,0.0881153,1.04962,19,4,0,0,1,1,4889.83,1.02407
W1,V1,jul_sep_to_dec,-2C_forecast_month,13,cooling,M2,1,13,0.138531,1.06798,0,0,0,8,12,13,13,11,11,2,2,18,0.170018,1.41717,17,0,0,4,9,1,10654.4,1.05576
W1,V1,jul_sep_to_dec,-2C_forecast_month,14,cooling,M2,2,13,0.120698,0.917886,0,0,0,9,12,13,13,11,11,2,2,17,0.0234806,0.447693,17,0,0,0,3,1,10778.7,1.0279
W1,V1,jul_sep_to_dec,-2C_forecast_month,15,cooling,M2,0,13,0.243733,1.26771,0,0,0,11,12,12,12,12,11,1,1,18,0.549912,2.92279,11,0,0,11,19,1,9173.74,1.05799
W1,V1,jul_sep_to_dec,none,8,cooling,B0,0,13,0.402995,1.9193,0,0,2,5,7,11,12,11,9,2,2,17,0.652783,3.27998,3,0,0,11,27,1,11540,1.04668
W1,V1,jul_sep_to_dec,none,8,cooling,M,0,13,0.354783,1.70029,0,0,0,6,13,13,13,11,11,2,2,17,0.179756,1.60185,16,0,0,1,10,1,11540,1.04668
W1,V1,jul_sep_to_dec,none,8,cooling,M1b,0,13,0.329714,1.72624,0,0,0,5,10,13,13,11,11,2,2,17,0.443037,2.68235,5,0,0,8,23,1,11540,1.04668
W1,V1,jul_sep_to_dec,none,8,cooling,M2,0,13,0.322357,1.62209,0,0,0,7,12,13,13,11,11,2,2,17,0.262416,2.00816,15,0,0,3,13,1,11540,1.04668
W1,V1,jul_sep_to_dec,none,8,cooling,oracle,0,13,0.02469,0.477217,0,0,0,,,,,11,,2,,17,0.0339566,0.618178,,0,0,0,0,1,11540,1.04668
W1,V1,jul_sep_to_dec,none,9,cooling,B0,0,13,0.223441,1.34849,0,0,2,6,9,11,11,11,9,2,2,18,0.399885,2.57664,4,0,0,8,16,1,7263.8,1.02706
W1,V1,jul_sep_to_dec,none,9,cooling,M,0,13,0.362799,1.21757,0,0,0,9,12,12,12,11,10,2,2,18,0.0392326,0.64388,18,0,0,0,1,1,7263.8,1.02706
W1,V1,jul_sep_to_dec,none,9,cooling,M1b,0,13,0.243402,1.06588,0,0,0,9,11,11,11,11,9,2,2,18,0.202456,1.78036,15,0,0,4,9,1,7263.8,1.02706
W1,V1,jul_sep_to_dec,none,9,cooling,M2,0,13,0.299781,1.03085,0,0,0,11,12,12,12,11,10,2,2,18,0.082492,1.09814,18,0,0,0,2,1,7263.8,1.02706
W1,V1,jul_sep_to_dec,none,9,cooling,oracle,0,13,0.031034,0.445852,0,0,0,,,,,11,,2,,18,0.0219556,0.489776,,0,0,0,0,1,7263.8,1.02706
W1,V1,jul_sep_to_dec,none,10,cooling,B0,1,13,0.270352,1.66698,0,0,2,2,4,7,8,10,5,3,2,18,0.282547,2.14819,2,0,0,8,20,1,9762.3,1.00611
W1,V1,jul_sep_to_dec,none,10,cooling,M,1,13,0.0567178,0.654538,0,0,0,9,13,13,13,10,10,3,3,18,0.0342752,0.675016,18,0,0,2,2,1,9762.3,1.00611
W1,V1,jul_sep_to_dec,none,10,cooling,M1b,1,13,0.132255,1.01548,0,0,1,6,10,10,12,10,8,3,2,18,0.120375,1.35989,11,0,0,7,13,1,9762.3,1.00611
W1,V1,jul_sep_to_dec,none,10,cooling,M2,1,13,0.0575128,0.612516,0,0,0,11,12,13,13,10,10,3,3,18,0.0289437,0.57641,18,0,0,2,4,1,9762.3,1.00611
W1,V1,jul_sep_to_dec,none,10,cooling,oracle,1,13,0.0508556,0.584949,0,0,0,,,,,10,,3,,18,0.0194686,0.469034,,0,0,0,0,1,9762.3,1.00611
W1,V1,jul_sep_to_dec,none,11,cooling,B0,5,13,0.13934,1.1789,0,0,1,6,9,11,11,11,9,2,2,17,0.327479,2.22406,3,2,2,12,26,1,5318.44,1.01955
W1,V1,jul_sep_to_dec,none,11,cooling,M,5,13,0.0637943,0.695009,0,0,0,10,13,13,13,11,11,2,2,17,0.0420928,0.615536,17,2,1,1,7,1,5318.44,1.01955
W1,V1,jul_sep_to_dec,none,11,cooling,M1b,5,13,0.0472579,0.67085,0,0,0,8,12,13,13,11,11,2,2,17,0.117388,1.20546,15,2,2,6,16,1,5318.44,1.01955
W1,V1,jul_sep_to_dec,none,11,cooling,M2,5,13,0.0333903,0.555931,0,0,0,13,13,13,13,11,11,2,2,17,0.0702119,0.856704,17,2,2,3,12,1,5318.44,1.01955
W1,V1,jul_sep_to_dec,none,11,cooling,oracle,5,13,0.0373705,0.543909,0,0,0,,,,,11,,2,,17,0.0345793,0.601138,,2,1,0,3,1,5318.44,1.01955
W1,V1,jul_sep_to_dec,none,12,cooling,B0,9,13,0.143443,1.07697,0,0,0,8,12,13,13,10,10,3,3,19,0.155356,1.29565,15,4,4,5,15,1,4889.83,1.02407
W1,V1,jul_sep_to_dec,none,12,cooling,M,9,13,0.0982673,0.978693,0,0,0,10,13,13,13,10,10,3,3,19,0.0830028,1.00938,19,4,0,1,3,1,4889.83,1.02407
W1,V1,jul_sep_to_dec,none,12,cooling,M1b,9,13,0.108307,0.947446,0,0,0,7,13,13,13,10,10,3,3,19,0.0872283,0.7521,17,4,2,2,8,1,4889.83,1.02407
W1,V1,jul_sep_to_dec,none,12,cooling,M2,9,13,0.0941047,0.93459,0,0,0,8,13,13,13,10,10,3,3,19,0.0776434,0.858783,19,4,0,1,4,1,4889.83,1.02407
W1,V1,jul_sep_to_dec,none,12,cooling,oracle,9,13,0.112393,0.850353,0,0,0,,,,,10,,3,,19,0.0183955,0.399235,,4,2,1,6,1,4889.83,1.02407
W1,V1,jul_sep_to_dec,none,13,cooling,B0,1,13,0.516042,2.40216,0,0,1,0,3,6,8,11,4,2,2,18,0.576041,3.09834,1,0,0,14,26,1,10654.4,1.05576
W1,V1,jul_sep_to_dec,none,13,cooling,M,1,13,0.131585,1.04517,0,0,0,9,12,13,13,11,11,2,2,18,0.168205,1.3654,17,0,0,3,8,1,10654.4,1.05576
W1,V1,jul_sep_to_dec,none,13,cooling,M1b,1,13,0.342232,1.90595,0,0,0,1,5,9,12,11,7,2,2,18,0.390789,2.46529,2,0,0,12,22,1,10654.4,1.05576
W1,V1,jul_sep_to_dec,none,13,cooling,M2,1,13,0.182625,1.24419,0,0,0,7,12,12,13,11,10,2,2,18,0.22906,1.74943,15,0,0,7,13,1,10654.4,1.05576
W1,V1,jul_sep_to_dec,none,13,cooling,oracle,1,13,0.106675,0.715489,0,0,0,,,,,11,,2,,18,0.0603584,0.686301,,0,0,0,0,1,10654.4,1.05576
W1,V1,jul_sep_to_dec,none,14,cooling,B0,2,13,0.303224,1.70111,0,0,2,3,7,8,11,11,6,2,2,17,0.298327,2.18621,2,0,0,14,26,1,10778.7,1.0279
W1,V1,jul_sep_to_dec,none,14,cooling,M,2,13,0.128463,0.954268,0,0,0,9,12,13,13,11,11,2,2,17,0.0235967,0.457633,17,0,0,0,3,1,10778.7,1.0279
W1,V1,jul_sep_to_dec,none,14,cooling,M1b,2,13,0.18624,1.31159,0,0,0,3,10,13,13,11,11,2,2,17,0.163469,1.56681,8,0,0,9,18,1,10778.7,1.0279
W1,V1,jul_sep_to_dec,none,14,cooling,M2,2,13,0.122995,1.03398,0,0,0,9,13,13,13,11,11,2,2,17,0.0401765,0.703271,17,0,0,2,8,1,10778.7,1.0279
W1,V1,jul_sep_to_dec,none,14,cooling,oracle,2,13,0.111747,0.771006,0,0,0,,,,,11,,2,,17,0.00326167,0.193732,,0,0,1,5,1,10778.7,1.0279
W1,V1,jul_sep_to_dec,none,15,cooling,B0,0,13,0.371447,1.67612,0,0,0,5,7,8,10,12,7,1,1,18,0.944983,4.00877,1,0,0,13,27,1,9173.74,1.05799
W1,V1,jul_sep_to_dec,none,15,cooling,M,0,13,0.241021,1.27675,0,0,0,10,12,12,12,12,11,1,1,18,0.542289,2.8789,10,0,0,9,17,1,9173.74,1.05799
W1,V1,jul_sep_to_dec,none,15,cooling,M1b,0,13,0.286952,1.34889,0,0,0,7,11,11,12,12,10,1,1,18,0.773377,3.60013,1,0,0,12,23,1,9173.74,1.05799
W1,V1,jul_sep_to_dec,none,15,cooling,M2,0,13,0.233096,1.18435,0,0,0,12,12,12,12,12,11,1,1,18,0.614082,3.14335,10,0,0,11,19,1,9173.74,1.05799
W1,V1,jul_sep_to_dec,none,15,cooling,oracle,0,13,0.14071,0.985228,0,0,0,,,,,12,,1,,18,0.0147845,0.404926,,0,0,0,0,1,9173.74,1.05799
W1,V2,rolling,none,8,warming,B0,52,65,1.32889,7.12981,12,0,4,27,40,47,49,55,40,10,7,80,1.31239,8.65391,41,20,11,24,90,5,11540,1.04668
W1,V2,rolling,none,8,warming,M,52,65,1.38325,7.27547,12,1,5,27,41,45,50,55,38,10,7,80,1.2225,8.3975,40,20,10,24,90,5,11540,1.04668
W1,V2,rolling,none,8,warming,M1b,52,65,1.39491,7.30546,12,1,5,27,41,47,50,55,40,10,7,80,1.23051,8.43232,40,20,10,24,91,5,11540,1.04668
W1,V2,rolling,none,8,warming,M2,52,65,1.38533,7.28025,12,1,5,27,41,46,50,55,39,10,7,80,1.22288,8.39659,39,20,11,24,91,5,11540,1.04668
W1,V2,rolling,none,8,warming,oracle,52,65,1.26248,5.87624,12,3,1,,,,,55,,10,,80,0.29785,3.62024,,20,15,7,60,5,11540,1.04668
W1,V2,rolling,none,8,cooling,B0,14,52,1.33407,6.27837,1,0,2,23,36,44,46,42,35,10,9,67,0.801619,6.31579,40,5,5,9,58,4,11540,1.04668
W1,V2,rolling,none,8,cooling,M,14,52,1.28302,6.24743,1,0,2,22,36,43,46,42,34,10,9,67,0.748041,6.20039,41,5,5,10,57,4,11540,1.04668
W1,V2,rolling,none,8,cooling,M1b,14,52,1.28097,6.24995,1,0,2,22,36,42,46,42,33,10,9,67,0.742615,6.22459,40,5,5,10,57,4,11540,1.04668
W1,V2,rolling,none,8,cooling,M2,14,52,1.2832,6.25082,1,0,2,22,36,43,46,42,34,10,9,67,0.75267,6.25785,40,5,5,10,57,4,11540,1.04668
W1,V2,rolling,none,8,cooling,oracle,14,52,0.634821,3.7686,1,0,0,,,,,42,,10,,67,0.111977,2.3244,,5,3,0,16,4,11540,1.04668
W1,V2,rolling,none,9,warming,B0,24,65,1.15202,6.33335,2,0,1,30,46,54,59,54,46,11,8,87,0.316393,3.93713,80,11,11,9,37,5,7263.8,1.02706
W1,V2,rolling,none,9,warming,M,24,65,1.05267,6.00579,2,0,1,34,48,55,58,54,46,11,9,87,0.280274,3.77394,80,11,11,9,38,5,7263.8,1.02706
W1,V2,rolling,none,9,warming,M1b,24,65,1.06451,6.04544,2,0,1,34,46,54,59,54,45,11,9,87,0.298262,3.85992,81,11,10,9,37,5,7263.8,1.02706
W1,V2,rolling,none,9,warming,M2,24,65,1.05755,6.02102,2,0,1,34,46,55,58,54,46,11,9,87,0.289515,3.79063,80,11,11,9,38,5,7263.8,1.02706
W1,V2,rolling,none,9,warming,oracle,24,65,0.523055,3.6895,2,1,0,,,,,54,,11,,87,0.157803,2.59057,,11,8,4,25,5,7263.8,1.02706
W1,V2,rolling,none,9,cooling,B0,7,52,0.983325,5.66158,0,0,1,21,37,44,49,45,39,7,5,70,0.343462,3.84391,58,4,3,8,21,4,7263.8,1.02706
W1,V2,rolling,none,9,cooling,M,7,52,1.02754,5.72335,0,0,1,23,36,43,49,45,39,7,4,70,0.309208,3.64725,63,4,3,8,19,4,7263.8,1.02706
W1,V2,rolling,none,9,cooling,M1b,7,52,1.02826,5.76726,0,0,1,23,36,43,49,45,39,7,4,70,0.305157,3.60651,63,4,3,8,20,4,7263.8,1.02706
W1,V2,rolling,none,9,cooling,M2,7,52,1.02612,5.72979,0,0,1,23,36,43,49,45,39,7,4,70,0.304272,3.60864,65,4,3,8,19,4,7263.8,1.02706
W1,V2,rolling,none,9,cooling,oracle,7,52,0.470583,3.31817,0,0,0,,,,,45,,7,,70,0.0957119,2.0567,,4,4,2,11,4,7263.8,1.02706
W1,V2,rolling,none,10,warming,B0,43,65,0.883336,6.05074,3,0,1,25,46,52,57,54,42,11,10,86,0.320335,4.27121,81,18,9,6,36,5,9762.3,1.00611
W1,V2,rolling,none,10,warming,M,43,65,0.789603,5.82408,3,0,0,25,46,53,59,54,43,11,10,86,0.250757,3.62521,80,18,11,5,38,5,9762.3,1.00611
W1,V2,rolling,none,10,warming,M1b,43,65,0.798439,5.76967,3,0,0,27,46,53,59,54,43,11,10,86,0.282289,3.95645,80,18,10,5,38,5,9762.3,1.00611
W1,V2,rolling,none,10,warming,M2,43,65,0.790611,5.83083,3,0,0,25,46,53,59,54,43,11,10,86,0.252713,3.62592,80,18,11,5,38,5,9762.3,1.00611
W1,V2,rolling,none,10,warming,oracle,43,65,0.429087,3.9184,3,0,0,,,,,54,,11,,86,0.124324,2.43789,,18,10,2,39,5,9762.3,1.00611
W1,V2,rolling,none,10,cooling,B0,10,52,0.665719,4.67875,0,0,2,15,36,40,46,45,35,7,5,68,0.304038,3.90994,45,6,5,18,47,4,9762.3,1.00611
W1,V2,rolling,none,10,cooling,M,10,52,0.767825,4.90155,0,0,2,20,30,44,46,45,38,7,6,68,0.362759,4.24606,44,6,5,20,48,4,9762.3,1.00611
W1,V2,rolling,none,10,cooling,M1b,10,52,0.778817,4.93969,0,0,2,20,30,44,46,45,38,7,6,68,0.37278,4.26615,46,6,5,19,47,4,9762.3,1.00611
W1,V2,rolling,none,10,cooling,M2,10,52,0.776201,4.92561,0,0,2,20,31,42,46,45,36,7,6,68,0.369117,4.31073,45,6,5,20,48,4,9762.3,1.00611
W1,V2,rolling,none,10,cooling,oracle,10,52,0.377841,3.01422,0,0,0,,,,,45,,7,,68,0.105294,2.21636,,6,1,2,3,4,9762.3,1.00611
W1,V2,rolling,none,11,warming,B0,70,65,0.904721,5.04694,8,2,2,32,56,59,61,55,49,10,10,86,0.220384,3.26796,78,29,27,11,79,5,5318.44,1.01955
W1,V2,rolling,none,11,warming,M,70,65,0.829298,4.83273,8,2,2,36,58,60,62,55,50,10,10,86,0.263459,3.69586,74,29,27,18,90,5,5318.44,1.01955
W1,V2,rolling,none,11,warming,M1b,70,65,0.865055,4.97573,8,2,2,35,57,60,61,55,50,10,10,86,0.225444,3.36858,78,29,27,14,85,5,5318.44,1.01955
W1,V2,rolling,none,11,warming,M2,70,65,0.863999,4.9671,8,2,2,35,57,59,61,55,49,10,10,86,0.219057,3.34199,79,29,27,14,84,5,5318.44,1.01955
W1,V2,rolling,none,11,warming,oracle,70,65,0.564336,3.59512,8,3,1,,,,,55,,10,,86,0.0656877,1.77851,,29,25,1,63,5,5318.44,1.01955
W1,V2,rolling,none,11,cooling,B0,45,52,0.274777,2.91634,0,0,3,34,47,50,51,46,44,6,6,69,0.284983,3.77474,65,19,19,20,74,4,5318.44,1.01955
W1,V2,rolling,none,11,cooling,M,45,52,0.312011,3.04148,0,0,3,33,45,49,51,46,43,6,6,69,0.281626,3.74212,65,19,19,21,76,4,5318.44,1.01955
W1,V2,rolling,none,11,cooling,M1b,45,52,0.280345,2.9434,0,0,3,33,47,50,51,46,44,6,6,69,0.298409,3.86377,65,19,18,21,75,4,5318.44,1.01955
W1,V2,rolling,none,11,cooling,M2,45,52,0.311996,3.04069,0,0,3,33,45,49,51,46,43,6,6,69,0.285956,3.77256,65,19,18,21,75,4,5318.44,1.01955
W1,V2,rolling,none,11,cooling,oracle,45,52,0.135564,2.11609,0,0,1,,,,,46,,6,,69,0.0886345,1.83692,,19,15,4,40,4,5318.44,1.01955
W1,V2,rolling,none,12,warming,B0,47,65,1.321,6.8251,1,0,6,29,52,56,58,54,47,11,9,86,0.875231,6.42469,68,22,21,18,85,5,4889.83,1.02407
W1,V2,rolling,none,12,warming,M,47,65,1.36348,6.90127,1,0,5,29,50,58,58,54,49,11,9,86,0.911903,6.39615,68,22,21,19,85,5,4889.83,1.02407
W1,V2,rolling,none,12,warming,M1b,47,65,1.35528,6.88527,1,0,5,29,50,58,59,54,49,11,9,86,0.906875,6.37895,67,22,21,18,85,5,4889.83,1.02407
W1,V2,rolling,none,12,warming,M2,47,65,1.36086,6.89635,1,0,5,30,50,58,58,54,49,11,9,86,0.916477,6.39963,67,22,21,18,85,5,4889.83,1.02407
W1,V2,rolling,none,12,warming,oracle,47,65,0.582095,4.08404,1,1,3,,,,,54,,11,,86,0.302048,3.0174,,22,16,4,44,5,4889.83,1.02407
W1,V2,rolling,none,12,cooling,B0,54,52,0.843503,5.1292,4,0,0,27,37,42,47,44,35,8,7,71,0.239159,3.38298,67,31,20,4,44,4,4889.83,1.02407
W1,V2,rolling,none,12,cooling,M,54,52,0.814285,5.01617,4,0,0,26,37,41,45,44,34,8,7,71,0.231105,3.37281,63,31,16,4,40,4,4889.83,1.02407
W1,V2,rolling,none,12,cooling,M1b,54,52,0.801765,4.97532,4,0,0,26,37,41,45,44,34,8,7,71,0.235039,3.40327,64,31,16,4,40,4,4889.83,1.02407
W1,V2,rolling,none,12,cooling,M2,54,52,0.81099,5.00369,4,0,0,26,37,41,45,44,34,8,7,71,0.227175,3.32527,64,31,17,4,40,4,4889.83,1.02407
W1,V2,rolling,none,12,cooling,oracle,54,52,0.398413,3.17266,4,1,4,,,,,44,,8,,71,0.0980448,2.17157,,31,22,3,44,4,4889.83,1.02407
W1,V2,rolling,none,13,warming,B0,72,65,0.654211,5.34332,3,0,0,21,45,52,59,55,45,10,7,85,0.749816,5.63905,64,39,30,16,79,5,10654.4,1.05576
W1,V2,rolling,none,13,warming,M,72,65,0.669967,5.49674,3,0,0,19,41,52,58,55,45,10,7,85,0.480451,4.82433,64,39,29,14,75,5,10654.4,1.05576
W1,V2,rolling,none,13,warming,M1b,72,65,0.673709,5.50631,3,0,0,19,42,51,58,55,44,10,7,85,0.493545,4.84395,64,39,29,14,75,5,10654.4,1.05576
W1,V2,rolling,none,13,warming,M2,72,65,0.670448,5.49572,3,0,0,19,41,52,58,55,45,10,7,85,0.476329,4.78665,64,39,29,14,75,5,10654.4,1.05576
W1,V2,rolling,none,13,warming,oracle,72,65,0.344638,3.31654,3,2,0,,,,,55,,10,,85,0.129633,2.50636,,39,35,7,73,5,10654.4,1.05576
W1,V2,rolling,none,13,cooling,B0,32,52,0.558979,4.01389,0,0,2,23,44,46,48,42,39,10,7,69,0.492299,4.04397,54,17,16,18,66,4,10654.4,1.05576
W1,V2,rolling,none,13,cooling,M,32,52,0.512922,3.78157,0,0,2,25,42,46,48,42,39,10,7,69,0.379521,3.74475,56,17,16,16,60,4,10654.4,1.05576
W1,V2,rolling,none,13,cooling,M1b,32,52,0.516048,3.79688,0,0,2,26,42,47,48,42,39,10,8,69,0.383299,3.7579,56,17,16,17,62,4,10654.4,1.05576
W1,V2,rolling,none,13,cooling,M2,32,52,0.512948,3.78076,0,0,2,26,42,47,48,42,39,10,8,69,0.378417,3.73103,57,17,16,17,62,4,10654.4,1.05576
W1,V2,rolling,none,13,cooling,oracle,32,52,0.369302,2.44002,0,0,1,,,,,42,,10,,69,0.112026,1.97964,,17,10,2,28,4,10654.4,1.05576
W1,V2,rolling,none,14,warming,B0,55,65,0.572125,4.65217,4,1,2,31,52,57,60,54,47,11,10,86,0.47767,4.72742,73,27,23,19,84,5,10778.7,1.0279
W1,V2,rolling,none,14,warming,M,55,65,0.569983,4.61488,4,1,1,33,53,57,60,54,47,11,10,86,0.612684,5.59068,63,27,23,27,94,5,10778.7,1.0279
W1,V2,rolling,none,14,warming,M1b,55,65,0.547282,4.34676,4,1,1,34,53,57,60,54,47,11,10,86,0.438527,4.54186,72,27,23,18,82,5,10778.7,1.0279
W1,V2,rolling,none,14,warming,M2,55,65,0.570694,4.62416,4,1,1,33,53,57,61,54,47,11,10,86,0.606121,5.55053,62,27,23,27,94,5,10778.7,1.0279
W1,V2,rolling,none,14,warming,oracle,55,65,0.307723,3.16914,4,3,3,,,,,54,,11,,86,0.0661523,1.77711,,27,23,6,59,5,10778.7,1.0279
W1,V2,rolling,none,14,cooling,B0,51,52,0.582458,4.31679,2,0,2,18,35,41,46,46,37,6,4,67,0.407124,4.08943,53,23,12,19,64,4,10778.7,1.0279
W1,V2,rolling,none,14,cooling,M,51,52,0.550036,4.17417,2,0,2,16,32,40,44,46,36,6,4,67,0.321518,3.77596,49,23,12,17,61,4,10778.7,1.0279
W1,V2,rolling,none,14,cooling,M1b,51,52,0.55002,4.18071,2,0,2,17,32,40,44,46,36,6,4,67,0.323892,3.79585,48,23,12,18,62,4,10778.7,1.0279
W1,V2,rolling,none,14,cooling,M2,51,52,0.540567,4.09141,2,0,2,17,32,41,44,46,37,6,4,67,0.319753,3.75108,51,23,12,17,61,4,10778.7,1.0279
W1,V2,rolling,none,14,cooling,oracle,51,52,0.424336,3.08173,2,2,2,,,,,46,,6,,67,0.0677645,1.62194,,23,19,3,50,4,10778.7,1.0279
W1,V2,rolling,none,15,warming,B0,40,65,1.12077,6.14932,2,0,1,25,43,53,57,57,48,8,5,86,0.252307,3.65657,75,24,19,12,54,5,9173.74,1.05799
W1,V2,rolling,none,15,warming,M,40,65,1.14549,6.27653,2,0,1,21,42,52,58,57,47,8,5,86,0.226444,3.44895,78,24,19,12,54,5,9173.74,1.05799
W1,V2,rolling,none,15,warming,M1b,40,65,1.14314,6.2656,2,0,1,21,41,53,58,57,48,8,5,86,0.224225,3.45253,78,24,18,12,53,5,9173.74,1.05799
W1,V2,rolling,none,15,warming,M2,40,65,1.14637,6.27724,2,0,1,21,42,53,58,57,48,8,5,86,0.224275,3.4376,78,24,18,13,55,5,9173.74,1.05799
W1,V2,rolling,none,15,warming,oracle,40,65,0.421833,3.61132,2,0,1,,,,,57,,8,,86,0.129064,2.55063,,24,15,5,33,5,9173.74,1.05799
W1,V2,rolling,none,15,cooling,B0,37,52,0.503523,4.02298,0,0,0,25,37,45,47,46,40,6,5,70,0.351101,3.9833,56,24,21,11,53,4,9173.74,1.05799
W1,V2,rolling,none,15,cooling,M,37,52,0.407088,3.70033,0,0,0,23,38,44,48,46,40,6,4,70,0.275106,3.62896,56,24,21,10,52,4,9173.74,1.05799
W1,V2,rolling,none,15,cooling,M1b,37,52,0.435345,3.86445,0,0,0,27,41,45,47,46,40,6,5,70,0.312681,3.79112,58,24,21,10,51,4,9173.74,1.05799
W1,V2,rolling,none,15,cooling,M2,37,52,0.408824,3.7057,0,0,0,24,37,44,48,46,40,6,4,70,0.281596,3.65049,57,24,21,10,52,4,9173.74,1.05799
W1,V2,rolling,none,15,cooling,oracle,37,52,0.293967,2.87801,0,0,1,,,,,46,,6,,70,0.168565,2.21507,,24,14,2,30,4,9173.74,1.05799
W1,V2,jan_mar_to_jul_sep,none,8,warming,B0,18,26,0.402266,2.22265,3,0,0,11,17,22,23,22,19,4,3,32,0.225048,1.95409,26,8,3,1,14,2,11540,1.04668
W1,V2,jan_mar_to_jul_sep,none,8,warming,M,18,26,0.380478,2.14424,3,0,0,9,18,20,22,22,17,4,3,32,0.188782,1.84655,25,8,1,1,12,2,11540,1.04668
W1,V2,jan_mar_to_jul_sep,none,8,warming,M1b,18,26,0.384125,2.16916,3,0,0,9,18,19,22,22,17,4,2,32,0.183697,1.8279,26,8,1,1,12,2,11540,1.04668
W1,V2,jan_mar_to_jul_sep,none,8,warming,M2,18,26,0.381399,2.15002,3,0,0,9,18,20,22,22,17,4,3,32,0.188292,1.84944,25,8,2,2,14,2,11540,1.04668
W1,V2,jan_mar_to_jul_sep,none,8,warming,oracle,18,26,0.281386,1.53222,3,1,0,,,,,22,,4,,32,0.18038,1.56325,,8,7,2,23,2,11540,1.04668
W1,V2,jan_mar_to_jul_sep,none,8,cooling,B0,7,13,0.22408,1.52975,0,0,0,3,9,11,11,11,9,2,2,16,0.0683188,0.627276,16,3,2,0,7,1,11540,1.04668
W1,V2,jan_mar_to_jul_sep,none,8,cooling,M,7,13,0.232284,1.52312,0,0,0,2,7,10,12,11,8,2,2,16,0.0473724,0.601071,16,3,1,0,6,1,11540,1.04668
W1,V2,jan_mar_to_jul_sep,none,8,cooling,M1b,7,13,0.229339,1.52415,0,0,0,2,8,10,12,11,8,2,2,16,0.0453451,0.590327,16,3,1,0,6,1,11540,1.04668
W1,V2,jan_mar_to_jul_sep,none,8,cooling,M2,7,13,0.231538,1.52372,0,0,0,2,7,10,12,11,8,2,2,16,0.0462946,0.598814,16,3,1,1,7,1,11540,1.04668
W1,V2,jan_mar_to_jul_sep,none,8,cooling,oracle,7,13,0.298155,1.64625,0,0,0,,,,,11,,2,,16,0.0233452,0.511855,,3,3,0,9,1,11540,1.04668
W1,V2,jan_mar_to_jul_sep,none,9,warming,B0,5,26,0.187811,1.48544,1,0,1,15,22,24,25,22,20,4,4,36,0.225568,2.42304,25,2,2,10,24,2,7263.8,1.02706
W1,V2,jan_mar_to_jul_sep,none,9,warming,M,5,26,0.177955,1.48307,1,0,1,16,23,25,25,22,21,4,4,36,0.234936,2.5394,25,2,2,10,24,2,7263.8,1.02706
W1,V2,jan_mar_to_jul_sep,none,9,warming,M1b,5,26,0.178421,1.47007,1,0,1,16,23,25,25,22,21,4,4,36,0.236961,2.55214,24,2,2,10,24,2,7263.8,1.02706
W1,V2,jan_mar_to_jul_sep,none,9,warming,M2,5,26,0.177884,1.48026,1,0,1,16,23,25,25,22,21,4,4,36,0.233303,2.51301,25,2,2,10,24,2,7263.8,1.02706
W1,V2,jan_mar_to_jul_sep,none,9,warming,oracle,5,26,0.146061,1.28171,1,0,0,,,,,22,,4,,36,0.0997949,1.33623,,2,2,2,9,2,7263.8,1.02706
W1,V2,jan_mar_to_jul_sep,none,9,cooling,B0,1,13,0.25956,1.39127,0,0,0,3,10,12,13,10,10,3,2,18,0.15459,1.52743,13,1,1,5,12,1,7263.8,1.02706
W1,V2,jan_mar_to_jul_sep,none,9,cooling,M,1,13,0.26548,1.4189,0,0,0,3,10,12,13,10,10,3,2,18,0.16225,1.59305,13,1,1,5,12,1,7263.8,1.02706
W1,V2,jan_mar_to_jul_sep,none,9,cooling,M1b,1,13,0.260676,1.40296,0,0,0,3,10,12,13,10,10,3,2,18,0.163771,1.5995,10,1,1,5,12,1,7263.8,1.02706
W1,V2,jan_mar_to_jul_sep,none,9,cooling,M2,1,13,0.264243,1.41527,0,0,0,3,10,12,13,10,10,3,2,18,0.161016,1.57734,11,1,1,5,12,1,7263.8,1.02706
W1,V2,jan_mar_to_jul_sep,none,9,cooling,oracle,1,13,0.207317,1.12588,0,0,0,,,,,10,,3,,18,0.0100685,0.365989,,1,0,0,0,1,7263.8,1.02706
W1,V2,jan_mar_to_jul_sep,none,10,warming,B0,29,26,0.405044,2.7241,2,0,0,8,15,16,20,23,13,3,3,34,0.159084,1.87965,26,14,6,0,8,2,9762.3,1.00611
W1,V2,jan_mar_to_jul_sep,none,10,warming,M,29,26,0.339472,2.45596,2,0,0,10,15,17,21,23,14,3,3,34,0.173152,1.95117,23,14,4,0,10,2,9762.3,1.00611
W1,V2,jan_mar_to_jul_sep,none,10,warming,M1b,29,26,0.341954,2.45743,2,0,0,10,15,17,21,23,14,3,3,34,0.170613,1.92271,24,14,4,0,10,2,9762.3,1.00611
W1,V2,jan_mar_to_jul_sep,none,10,warming,M2,29,26,0.341713,2.46239,2,0,0,10,15,17,21,23,14,3,3,34,0.175102,1.96097,23,14,4,0,10,2,9762.3,1.00611
W1,V2,jan_mar_to_jul_sep,none,10,warming,oracle,29,26,0.109814,1.32147,2,0,0,,,,,23,,3,,34,0.164581,1.62418,,14,14,1,33,2,9762.3,1.00611
W1,V2,jan_mar_to_jul_sep,none,10,cooling,B0,1,13,0.203993,1.25301,0,0,0,6,11,11,12,11,9,2,2,17,0.106134,1.0476,14,0,0,3,4,1,9762.3,1.00611
W1,V2,jan_mar_to_jul_sep,none,10,cooling,M,1,13,0.227374,1.34424,0,0,0,5,9,12,12,11,10,2,2,17,0.108143,1.0379,14,0,0,2,5,1,9762.3,1.00611
W1,V2,jan_mar_to_jul_sep,none,10,cooling,M1b,1,13,0.223718,1.33363,0,0,0,5,9,12,12,11,10,2,2,17,0.10796,1.04082,14,0,0,2,5,1,9762.3,1.00611
W1,V2,jan_mar_to_jul_sep,none,10,cooling,M2,1,13,0.225965,1.34113,0,0,0,5,9,12,12,11,10,2,2,17,0.106574,1.0307,14,0,0,2,5,1,9762.3,1.00611
W1,V2,jan_mar_to_jul_sep,none,10,cooling,oracle,1,13,0.138856,1.01583,0,0,0,,,,,11,,2,,17,0.0393957,0.615184,,0,0,1,1,1,9762.3,1.00611
W1,V2,jan_mar_to_jul_sep,none,11,warming,B0,28,26,0.390581,2.18043,3,1,0,10,21,22,23,22,19,4,3,34,0.053713,1.10486,30,10,9,3,28,2,5318.44,1.01955
W1,V2,jan_mar_to_jul_sep,none,11,warming,M,28,26,0.370077,2.10903,3,1,0,11,21,22,23,22,19,4,3,34,0.053093,1.0646,30,10,10,4,30,2,5318.44,1.01955
W1,V2,jan_mar_to_jul_sep,none,11,warming,M1b,28,26,0.375023,2.13019,3,1,0,11,21,22,23,22,19,4,3,34,0.0538352,1.07744,30,10,9,3,28,2,5318.44,1.01955
W1,V2,jan_mar_to_jul_sep,none,11,warming,M2,28,26,0.37127,2.11352,3,1,0,11,21,22,23,22,19,4,3,34,0.0548235,1.08837,30,10,9,3,28,2,5318.44,1.01955
W1,V2,jan_mar_to_jul_sep,none,11,warming,oracle,28,26,0.231229,1.44202,3,2,0,,,,,22,,4,,34,0.0204858,0.669964,,10,8,1,26,2,5318.44,1.01955
W1,V2,jan_mar_to_jul_sep,none,11,cooling,B0,11,13,0.0749315,0.631366,0,0,0,8,10,10,12,12,10,1,0,17,0.0562286,0.876778,12,4,4,2,14,1,5318.44,1.01955
W1,V2,jan_mar_to_jul_sep,none,11,cooling,M,11,13,0.0794427,0.659486,0,0,0,9,10,10,12,12,10,1,0,17,0.0601871,0.876666,12,4,4,3,15,1,5318.44,1.01955
W1,V2,jan_mar_to_jul_sep,none,11,cooling,M1b,11,13,0.0782851,0.65207,0,0,0,9,10,10,12,12,10,1,0,17,0.0604298,0.883501,13,4,4,2,14,1,5318.44,1.01955
W1,V2,jan_mar_to_jul_sep,none,11,cooling,M2,11,13,0.0792697,0.658972,0,0,0,9,10,10,12,12,10,1,0,17,0.059867,0.888007,14,4,4,2,14,1,5318.44,1.01955
W1,V2,jan_mar_to_jul_sep,none,11,cooling,oracle,11,13,0.0366073,0.57386,0,0,1,,,,,12,,1,,17,0.00811212,0.27444,,4,4,1,12,1,5318.44,1.01955
W1,V2,jan_mar_to_jul_sep,none,12,warming,B0,9,26,1.03532,3.84497,0,0,4,12,20,22,23,21,18,5,4,34,0.528176,3.82548,25,2,2,16,38,2,4889.83,1.02407
W1,V2,jan_mar_to_jul_sep,none,12,warming,M,9,26,1.04268,3.83964,0,0,3,12,21,22,23,21,18,5,4,34,0.513719,3.77429,24,2,2,18,40,2,4889.83,1.02407
W1,V2,jan_mar_to_jul_sep,none,12,warming,M1b,9,26,1.03686,3.83257,0,0,3,12,21,22,23,21,18,5,4,34,0.507581,3.75227,24,2,2,16,38,2,4889.83,1.02407
W1,V2,jan_mar_to_jul_sep,none,12,warming,M2,9,26,1.04205,3.83852,0,0,3,12,21,22,23,21,18,5,4,34,0.509443,3.75226,26,2,2,16,38,2,4889.83,1.02407
W1,V2,jan_mar_to_jul_sep,none,12,warming,oracle,9,26,0.452011,2.40008,0,0,2,,,,,21,,5,,34,0.0630743,1.1524,,2,1,2,7,2,4889.83,1.02407
W1,V2,jan_mar_to_jul_sep,none,12,cooling,B0,15,13,0.272589,1.39548,0,0,0,8,12,13,13,11,11,2,2,17,0.0524074,0.779003,16,8,8,1,19,1,4889.83,1.02407
W1,V2,jan_mar_to_jul_sep,none,12,cooling,M,15,13,0.283817,1.42597,0,0,0,8,12,13,13,11,11,2,2,17,0.0525573,0.748343,15,8,8,2,20,1,4889.83,1.02407
W1,V2,jan_mar_to_jul_sep,none,12,cooling,M1b,15,13,0.279965,1.41787,0,0,0,8,12,13,13,11,11,2,2,17,0.0504536,0.737923,17,8,8,1,19,1,4889.83,1.02407
W1,V2,jan_mar_to_jul_sep,none,12,cooling,M2,15,13,0.283353,1.42501,0,0,0,8,12,13,13,11,11,2,2,17,0.0512559,0.733684,16,8,8,1,19,1,4889.83,1.02407
W1,V2,jan_mar_to_jul_sep,none,12,cooling,oracle,15,13,0.174167,1.11307,0,0,2,,,,,11,,2,,17,0.0424119,0.743987,,8,3,0,7,1,4889.83,1.02407
W1,V2,jan_mar_to_jul_sep,none,13,warming,B0,40,26,0.274565,2.143,3,0,0,6,13,16,18,23,15,3,1,34,0.261839,2.48921,16,18,6,2,20,2,10654.4,1.05576
W1,V2,jan_mar_to_jul_sep,none,13,warming,M,40,26,0.236046,1.96267,3,0,0,7,14,16,18,23,15,3,1,34,0.241689,2.38033,18,18,7,3,26,2,10654.4,1.05576
W1,V2,jan_mar_to_jul_sep,none,13,warming,M1b,40,26,0.236677,1.96795,3,0,0,7,14,16,18,23,15,3,1,34,0.246842,2.40685,16,18,7,3,26,2,10654.4,1.05576
W1,V2,jan_mar_to_jul_sep,none,13,warming,M2,40,26,0.235775,1.96102,3,0,0,7,14,16,18,23,15,3,1,34,0.235999,2.353,17,18,7,3,26,2,10654.4,1.05576
W1,V2,jan_mar_to_jul_sep,none,13,warming,oracle,40,26,0.0804601,1.08241,3,2,0,,,,,23,,3,,34,0.0492365,0.968969,,18,17,4,41,2,10654.4,1.05576
W1,V2,jan_mar_to_jul_sep,none,13,cooling,B0,5,13,0.0216692,0.423514,0,0,0,9,12,13,13,12,12,1,1,17,0.0471286,0.655036,13,1,1,3,10,1,10654.4,1.05576
W1,V2,jan_mar_to_jul_sep,none,13,cooling,M,5,13,0.0198255,0.405073,0,0,0,8,12,13,13,12,12,1,1,17,0.0363903,0.625627,13,1,1,4,13,1,10654.4,1.05576
W1,V2,jan_mar_to_jul_sep,none,13,cooling,M1b,5,13,0.0193479,0.398575,0,0,0,8,12,13,13,12,12,1,1,17,0.0381097,0.635941,13,1,1,4,13,1,10654.4,1.05576
W1,V2,jan_mar_to_jul_sep,none,13,cooling,M2,5,13,0.0198928,0.405639,0,0,0,8,12,13,13,12,12,1,1,17,0.039051,0.643754,13,1,1,4,13,1,10654.4,1.05576
W1,V2,jan_mar_to_jul_sep,none,13,cooling,oracle,5,13,0.0169538,0.400884,0,0,0,,,,,12,,1,,17,0.0305681,0.587933,,1,0,0,2,1,10654.4,1.05576
W1,V2,jan_mar_to_jul_sep,none,14,warming,B0,36,26,0.465847,2.73395,3,0,2,11,18,20,22,23,17,3,3,36,0.185149,1.70371,30,16,16,8,46,2,10778.7,1.0279
W1,V2,jan_mar_to_jul_sep,none,14,warming,M,36,26,0.464092,2.73611,3,0,2,11,19,20,21,23,17,3,3,36,0.187575,1.77189,29,16,16,8,46,2,10778.7,1.0279
W1,V2,jan_mar_to_jul_sep,none,14,warming,M1b,36,26,0.465866,2.73843,3,0,2,10,19,20,21,23,17,3,3,36,0.184357,1.7579,30,16,15,7,44,2,10778.7,1.0279
W1,V2,jan_mar_to_jul_sep,none,14,warming,M2,36,26,0.464626,2.73634,3,0,2,10,19,20,21,23,17,3,3,36,0.182224,1.76801,29,16,16,8,46,2,10778.7,1.0279
W1,V2,jan_mar_to_jul_sep,none,14,warming,oracle,36,26,0.0912153,1.09764,3,2,2,,,,,23,,3,,36,0.0122593,0.485324,,16,15,3,35,2,10778.7,1.0279
W1,V2,jan_mar_to_jul_sep,none,14,cooling,B0,6,13,0.139795,0.962742,0,0,0,6,11,12,13,12,11,1,1,18,0.179527,1.56264,12,2,2,10,23,1,10778.7,1.0279
W1,V2,jan_mar_to_jul_sep,none,14,cooling,M,6,13,0.135073,0.900873,0,0,0,8,11,12,13,12,11,1,1,18,0.181349,1.58065,12,2,2,10,23,1,10778.7,1.0279
W1,V2,jan_mar_to_jul_sep,none,14,cooling,M1b,6,13,0.136276,0.900213,0,0,0,8,11,12,13,12,11,1,1,18,0.179455,1.57342,11,2,2,9,22,1,10778.7,1.0279
W1,V2,jan_mar_to_jul_sep,none,14,cooling,M2,6,13,0.135584,0.90163,0,0,0,8,11,12,13,12,11,1,1,18,0.180414,1.59038,11,2,2,10,23,1,10778.7,1.0279
W1,V2,jan_mar_to_jul_sep,none,14,cooling,oracle,6,13,0.0519458,0.648662,0,0,0,,,,,12,,1,,18,0.0108116,0.334362,,2,1,2,8,1,10778.7,1.0279
W1,V2,jan_mar_to_jul_sep,none,15,warming,B0,13,26,0.361906,2.14102,1,0,0,14,19,20,21,21,15,5,5,32,0.0634156,1.04635,30,8,5,7,22,2,9173.74,1.05799
W1,V2,jan_mar_to_jul_sep,none,15,warming,M,13,26,0.350407,2.05152,1,0,0,14,20,21,22,21,16,5,5,32,0.0684315,1.11964,29,8,5,7,22,2,9173.74,1.05799
W1,V2,jan_mar_to_jul_sep,none,15,warming,M1b,13,26,0.348732,2.04272,1,0,0,14,20,21,22,21,16,5,5,32,0.0657857,1.09828,29,8,5,7,22,2,9173.74,1.05799
W1,V2,jan_mar_to_jul_sep,none,15,warming,M2,13,26,0.349899,2.049,1,0,0,14,20,21,22,21,16,5,5,32,0.0679521,1.10363,29,8,7,7,24,2,9173.74,1.05799
W1,V2,jan_mar_to_jul_sep,none,15,warming,oracle,13,26,0.163303,1.31507,1,0,0,,,,,21,,5,,32,0.0639798,1.1679,,8,2,3,5,2,9173.74,1.05799
W1,V2,jan_mar_to_jul_sep,none,15,cooling,B0,7,13,0.189446,1.18284,0,0,0,5,9,10,11,10,7,3,3,16,0.054685,0.668399,12,5,5,1,11,1,9173.74,1.05799
W1,V2,jan_mar_to_jul_sep,none,15,cooling,M,7,13,0.18851,1.15426,0,0,0,6,9,9,12,10,6,3,3,16,0.0586518,0.757254,12,5,5,1,11,1,9173.74,1.05799
W1,V2,jan_mar_to_jul_sep,none,15,cooling,M1b,7,13,0.189295,1.15823,0,0,0,6,9,9,12,10,6,3,3,16,0.0556715,0.730995,12,5,5,1,11,1,9173.74,1.05799
W1,V2,jan_mar_to_jul_sep,none,15,cooling,M2,7,13,0.188656,1.15481,0,0,0,6,9,9,12,10,6,3,3,16,0.0582274,0.750044,13,5,5,2,12,1,9173.74,1.05799
W1,V2,jan_mar_to_jul_sep,none,15,cooling,oracle,7,13,0.0469366,0.639257,0,0,0,,,,,10,,3,,16,0.0417693,0.64843,,5,3,0,4,1,9173.74,1.05799
W1,V2,jul_sep_to_dec,none,8,cooling,B0,5,13,0.236448,1.40415,0,0,0,6,13,13,13,11,11,2,2,17,0.177598,1.63166,8,1,1,3,16,1,11540,1.04668
W1,V2,jul_sep_to_dec,none,8,cooling,M,5,13,0.244731,1.39685,0,0,0,6,11,13,13,11,11,2,2,17,0.177936,1.61962,7,1,1,3,17,1,11540,1.04668
W1,V2,jul_sep_to_dec,none,8,cooling,M1b,5,13,0.243526,1.3942,0,0,0,6,12,13,13,11,11,2,2,17,0.171646,1.60756,8,1,1,3,17,1,11540,1.04668
W1,V2,jul_sep_to_dec,none,8,cooling,M2,5,13,0.244388,1.39553,0,0,0,6,11,13,13,11,11,2,2,17,0.175406,1.61225,7,1,1,3,17,1,11540,1.04668
W1,V2,jul_sep_to_dec,none,8,cooling,oracle,5,13,0.019533,0.389596,0,0,0,,,,,11,,2,,17,0.0312734,0.599648,,1,0,0,3,1,11540,1.04668
W1,V2,jul_sep_to_dec,none,9,cooling,B0,0,13,0.216688,0.860624,0,0,0,10,12,12,12,11,10,2,2,18,0.0840093,1.11974,15,0,0,3,7,1,7263.8,1.02706
W1,V2,jul_sep_to_dec,none,9,cooling,M,0,13,0.213576,0.882254,0,0,0,10,12,12,12,11,10,2,2,18,0.0759842,1.04955,15,0,0,3,6,1,7263.8,1.02706
W1,V2,jul_sep_to_dec,none,9,cooling,M1b,0,13,0.214961,0.877563,0,0,0,10,12,12,12,11,10,2,2,18,0.0737023,1.02939,16,0,0,3,6,1,7263.8,1.02706
W1,V2,jul_sep_to_dec,none,9,cooling,M2,0,13,0.213589,0.88183,0,0,0,10,12,12,12,11,10,2,2,18,0.075121,1.04407,15,0,0,3,6,1,7263.8,1.02706
W1,V2,jul_sep_to_dec,none,9,cooling,oracle,0,13,0.033136,0.464905,0,0,0,,,,,11,,2,,18,0.0231547,0.540024,,0,0,1,1,1,7263.8,1.02706
W1,V2,jul_sep_to_dec,none,10,cooling,B0,5,13,0.0839429,0.80839,0,0,1,8,10,10,11,10,8,3,2,18,0.0786845,1.04098,11,3,3,4,14,1,9762.3,1.00611
W1,V2,jul_sep_to_dec,none,10,cooling,M,5,13,0.0779178,0.772133,0,0,1,8,10,11,12,10,8,3,3,18,0.0780396,1.06347,13,3,3,4,13,1,9762.3,1.00611
W1,V2,jul_sep_to_dec,none,10,cooling,M1b,5,13,0.078021,0.774132,0,0,1,8,11,11,12,10,8,3,3,18,0.0763661,1.04979,13,3,3,4,13,1,9762.3,1.00611
W1,V2,jul_sep_to_dec,none,10,cooling,M2,5,13,0.0782659,0.774063,0,0,1,8,10,11,12,10,8,3,3,18,0.0796808,1.07602,13,3,3,5,14,1,9762.3,1.00611
W1,V2,jul_sep_to_dec,none,10,cooling,oracle,5,13,0.0432231,0.54988,0,0,0,,,,,10,,3,,18,0.020414,0.511711,,3,1,0,1,1,9762.3,1.00611
W1,V2,jul_sep_to_dec,none,11,cooling,B0,10,13,0.0263028,0.514396,0,0,0,10,13,13,13,11,11,2,2,17,0.104795,1.12456,13,5,5,5,20,1,5318.44,1.01955
W1,V2,jul_sep_to_dec,none,11,cooling,M,10,13,0.024821,0.491139,0,0,0,10,13,13,13,11,11,2,2,17,0.108383,1.12619,14,5,5,5,20,1,5318.44,1.01955
W1,V2,jul_sep_to_dec,none,11,cooling,M1b,10,13,0.0248646,0.491107,0,0,0,10,13,13,13,11,11,2,2,17,0.111455,1.14196,12,5,5,5,20,1,5318.44,1.01955
W1,V2,jul_sep_to_dec,none,11,cooling,M2,10,13,0.0248731,0.491649,0,0,0,10,13,13,13,11,11,2,2,17,0.109913,1.13202,12,5,5,5,20,1,5318.44,1.01955
W1,V2,jul_sep_to_dec,none,11,cooling,oracle,10,13,0.0361286,0.537312,0,0,0,,,,,11,,2,,17,0.0355649,0.653974,,5,1,0,4,1,5318.44,1.01955
W1,V2,jul_sep_to_dec,none,12,cooling,B0,12,13,0.0918393,0.955806,0,0,0,7,11,13,13,10,10,3,3,19,0.0653691,0.844946,19,7,4,1,9,1,4889.83,1.02407
W1,V2,jul_sep_to_dec,none,12,cooling,M,12,13,0.0881955,0.933688,0,0,0,7,11,13,13,10,10,3,3,19,0.0607269,0.835405,19,7,3,1,8,1,4889.83,1.02407
W1,V2,jul_sep_to_dec,none,12,cooling,M1b,12,13,0.0874721,0.928642,0,0,0,7,11,13,13,10,10,3,3,19,0.0600386,0.830992,19,7,3,1,8,1,4889.83,1.02407
W1,V2,jul_sep_to_dec,none,12,cooling,M2,12,13,0.087819,0.931437,0,0,0,7,11,13,13,10,10,3,3,19,0.0606959,0.831256,19,7,3,1,8,1,4889.83,1.02407
W1,V2,jul_sep_to_dec,none,12,cooling,oracle,12,13,0.101124,0.779427,0,0,1,,,,,10,,3,,19,0.020831,0.527437,,7,7,2,15,1,4889.83,1.02407
W1,V2,jul_sep_to_dec,none,13,cooling,B0,3,13,0.152957,1.15411,0,0,0,7,11,12,12,11,10,2,2,18,0.178512,1.49694,10,2,2,7,17,1,10654.4,1.05576
W1,V2,jul_sep_to_dec,none,13,cooling,M,3,13,0.139655,1.07289,0,0,0,6,12,12,12,11,10,2,2,18,0.154202,1.38658,10,2,2,7,17,1,10654.4,1.05576
W1,V2,jul_sep_to_dec,none,13,cooling,M1b,3,13,0.13763,1.06424,0,0,0,7,12,12,12,11,10,2,2,18,0.148082,1.37444,11,2,2,7,17,1,10654.4,1.05576
W1,V2,jul_sep_to_dec,none,13,cooling,M2,3,13,0.139092,1.07068,0,0,0,6,12,12,12,11,10,2,2,18,0.150886,1.36962,10,2,2,7,17,1,10654.4,1.05576
W1,V2,jul_sep_to_dec,none,13,cooling,oracle,3,13,0.105095,0.707274,0,0,0,,,,,11,,2,,18,0.0529099,0.691733,,2,1,2,5,1,10654.4,1.05576
W1,V2,jul_sep_to_dec,none,14,cooling,B0,6,13,0.146597,1.14204,0,0,0,4,12,13,13,11,11,2,2,17,0.0561978,0.793002,14,2,2,2,12,1,10778.7,1.0279
W1,V2,jul_sep_to_dec,none,14,cooling,M,6,13,0.112317,0.975163,0,0,0,9,12,13,13,11,11,2,2,17,0.0444013,0.741494,15,2,2,2,12,1,10778.7,1.0279
W1,V2,jul_sep_to_dec,none,14,cooling,M1b,6,13,0.112364,0.979375,0,0,0,8,12,13,13,11,11,2,2,17,0.0448607,0.750799,15,2,2,2,12,1,10778.7,1.0279
W1,V2,jul_sep_to_dec,none,14,cooling,M2,6,13,0.112354,0.976628,0,0,0,9,12,13,13,11,11,2,2,17,0.0443556,0.74647,14,2,2,2,12,1,10778.7,1.0279
W1,V2,jul_sep_to_dec,none,14,cooling,oracle,6,13,0.101408,0.690153,0,0,0,,,,,11,,2,,17,0.00351401,0.203743,,2,1,0,7,1,10778.7,1.0279
W1,V2,jul_sep_to_dec,none,15,cooling,B0,5,13,0.158654,0.963072,0,0,0,9,10,12,12,12,11,1,1,18,0.185687,1.51382,12,3,3,6,14,1,9173.74,1.05799
W1,V2,jul_sep_to_dec,none,15,cooling,M,5,13,0.153888,1.06095,0,0,0,8,10,10,12,12,9,1,1,18,0.151762,1.48035,11,3,3,6,15,1,9173.74,1.05799
W1,V2,jul_sep_to_dec,none,15,cooling,M1b,5,13,0.165386,0.978898,0,0,0,9,10,12,12,12,11,1,1,18,0.17416,1.48089,13,3,3,6,14,1,9173.74,1.05799
W1,V2,jul_sep_to_dec,none,15,cooling,M2,5,13,0.153243,1.05861,0,0,0,8,10,10,12,12,9,1,1,18,0.15197,1.48186,11,3,3,6,15,1,9173.74,1.05799
W1,V2,jul_sep_to_dec,none,15,cooling,oracle,5,13,0.145752,0.979046,0,0,0,,,,,12,,1,,18,0.0138022,0.40759,,3,1,1,3,1,9173.74,1.05799
W1,V3,rolling,none,8,warming,B0,84,65,1.66251,7.29324,16,3,3,28,44,46,48,55,40,10,6,80,0.864866,6.36217,58,34,21,11,83,5,11540,1.04668
W1,V3,rolling,none,8,warming,M,84,65,1.23259,7.21452,16,5,8,22,37,44,47,55,40,10,4,80,1.25031,8.12184,44,34,23,21,111,5,11540,1.04668
W1,V3,rolling,none,8,warming,M1b,84,65,1.41154,6.95574,16,4,5,31,43,47,49,55,40,10,7,80,1.00436,7.36482,51,34,23,17,102,5,11540,1.04668
W1,V3,rolling,none,8,warming,M2,84,65,1.24487,7.13324,16,5,6,24,39,45,48,55,41,10,4,80,1.1985,8.0291,45,34,23,21,110,5,11540,1.04668
W1,V3,rolling,none,8,warming,oracle,84,65,1.26306,5.86351,16,6,6,,,,,55,,10,,80,0.256529,3.29968,,34,27,7,94,5,11540,1.04668
W1,V3,rolling,none,8,cooling,B0,29,52,1.14688,6.06771,7,4,8,17,30,38,43,42,31,10,7,67,1.4847,8.83639,19,10,9,26,101,4,11540,1.04668
W1,V3,rolling,none,8,cooling,M,29,52,1.254,6.31563,7,4,4,16,36,42,45,42,34,10,8,67,0.726698,5.72245,51,10,9,15,72,4,11540,1.04668
W1,V3,rolling,none,8,cooling,M1b,29,52,1.11452,5.8601,7,4,4,20,34,39,41,42,31,10,8,67,1.15134,7.75596,27,10,9,22,91,4,11540,1.04668
W1,V3,rolling,none,8,cooling,M2,29,52,1.19285,6.13664,7,4,4,20,35,42,44,42,34,10,8,67,0.824558,6.26981,45,10,9,16,77,4,11540,1.04668
W1,V3,rolling,none,8,cooling,oracle,29,52,0.623776,3.65062,7,4,2,,,,,42,,10,,67,0.102202,2.15352,,10,8,2,37,4,11540,1.04668
W1,V3,rolling,none,9,warming,B0,55,65,1.33486,7.38172,2,0,0,22,40,49,51,54,41,11,8,87,0.443772,4.94556,70,22,10,2,27,5,7263.8,1.02706
W1,V3,rolling,none,9,warming,M,55,65,1.05915,6.09845,2,1,4,32,48,53,57,54,43,11,10,87,0.388898,4.59952,78,22,19,15,79,5,7263.8,1.02706
W1,V3,rolling,none,9,warming,M1b,55,65,1.08412,6.18105,2,0,1,33,47,55,58,54,47,11,8,87,0.271753,3.51612,82,22,15,6,52,5,7263.8,1.02706
W1,V3,rolling,none,9,warming,M2,55,65,1.03261,5.95964,2,1,3,36,48,53,58,54,44,11,9,87,0.312348,3.97037,81,22,19,11,68,5,7263.8,1.02706
W1,V3,rolling,none,9,warming,oracle,55,65,0.471934,3.6607,2,2,2,,,,,54,,11,,87,0.135953,2.44893,,22,18,8,58,5,7263.8,1.02706
W1,V3,rolling,none,9,cooling,B0,19,52,0.97432,5.48835,1,0,1,23,39,44,47,45,38,7,6,70,0.550168,5.13415,50,10,9,15,53,4,7263.8,1.02706
W1,V3,rolling,none,9,cooling,M,19,52,1.19949,6.06821,1,0,0,21,38,44,47,45,38,7,6,70,0.387597,4.15028,65,10,8,10,36,4,7263.8,1.02706
W1,V3,rolling,none,9,cooling,M1b,19,52,0.988398,5.47999,1,0,1,24,37,45,46,45,39,7,6,70,0.41062,4.16983,55,10,10,11,45,4,7263.8,1.02706
W1,V3,rolling,none,9,cooling,M2,19,52,1.13484,5.8709,1,0,1,22,40,45,48,45,39,7,6,70,0.382861,4.05275,62,10,9,10,39,4,7263.8,1.02706
W1,V3,rolling,none,9,cooling,oracle,19,52,0.430935,3.17403,1,0,0,,,,,45,,7,,70,0.101289,2.1456,,10,8,3,21,4,7263.8,1.02706
W1,V3,rolling,none,10,warming,B0,65,65,1.04229,6.78816,7,0,1,28,40,51,55,54,41,11,10,86,0.457762,5.0592,71,30,14,1,41,5,9762.3,1.00611
W1,V3,rolling,none,10,warming,M,65,65,0.768153,5.52875,7,3,3,34,51,55,58,54,45,11,10,86,0.34646,4.54888,70,30,28,16,95,5,9762.3,1.00611
W1,V3,rolling,none,10,warming,M1b,65,65,0.756143,5.55903,7,0,3,28,46,54,59,54,43,11,11,86,0.283924,3.98145,79,30,20,2,53,5,9762.3,1.00611
W1,V3,rolling,none,10,warming,M2,65,65,0.702052,5.3002,7,3,3,35,53,56,59,54,45,11,11,86,0.239751,3.72083,77,30,26,7,79,5,9762.3,1.00611
W1,V3,rolling,none,10,warming,oracle,65,65,0.429579,4.03249,7,2,2,,,,,54,,11,,86,0.127966,2.44666,,30,20,5,65,5,9762.3,1.00611
W1,V3,rolling,none,10,cooling,B0,26,52,0.888447,5.46656,3,3,4,14,27,34,40,45,28,7,6,68,0.410924,4.7156,32,13,13,22,78,4,9762.3,1.00611
W1,V3,rolling,none,10,cooling,M,26,52,0.798547,4.8869,3,3,3,20,35,43,45,45,38,7,5,68,0.316218,3.60265,49,13,13,9,47,4,9762.3,1.00611
W1,V3,rolling,none,10,cooling,M1b,26,52,0.806348,5.08918,3,3,3,13,32,42,44,45,36,7,6,68,0.29491,3.92087,46,13,13,15,62,4,9762.3,1.00611
W1,V3,rolling,none,10,cooling,M2,26,52,0.749619,4.68229,3,3,2,21,36,41,45,45,36,7,5,68,0.258662,3.57638,50,13,12,11,53,4,9762.3,1.00611
W1,V3,rolling,none,10,cooling,oracle,26,52,0.373795,3.02284,3,0,0,,,,,45,,7,,68,0.103629,2.16023,,13,6,1,14,4,9762.3,1.00611
W1,V3,rolling,none,11,warming,B0,87,65,1.53872,6.43276,11,3,2,26,48,51,56,55,41,10,10,86,0.249144,3.72022,79,40,25,4,62,5,5318.44,1.01955
W1,V3,rolling,none,11,warming,M,87,65,0.862097,5.04931,11,6,3,40,55,58,62,55,48,10,10,86,0.4176,4.86328,66,40,40,23,124,5,5318.44,1.01955
W1,V3,rolling,none,11,warming,M1b,87,65,0.850405,4.9219,11,4,2,34,56,60,61,55,50,10,10,86,0.205282,3.21248,80,40,38,13,103,5,5318.44,1.01955
W1,V3,rolling,none,11,warming,M2,87,65,0.810348,4.88757,11,5,2,38,58,61,62,55,51,10,10,86,0.334879,4.25877,68,40,39,20,118,5,5318.44,1.01955
W1,V3,rolling,none,11,warming,oracle,87,65,0.552731,3.48993,11,7,1,,,,,55,,10,,86,0.058427,1.61017,,40,39,1,88,5,5318.44,1.01955
W1,V3,rolling,none,11,cooling,B0,48,52,0.37189,3.29892,1,1,2,25,38,45,49,46,40,6,5,69,0.426726,4.81546,39,19,19,34,97,4,5318.44,1.01955
W1,V3,rolling,none,11,cooling,M,48,52,0.365373,3.36803,1,1,4,35,45,48,49,46,42,6,6,69,0.191446,2.8743,67,19,18,21,75,4,5318.44,1.01955
W1,V3,rolling,none,11,cooling,M1b,48,52,0.294714,2.97882,1,1,3,31,45,48,51,46,42,6,6,69,0.274826,3.71015,61,19,18,31,90,4,5318.44,1.01955
W1,V3,rolling,none,11,cooling,M2,48,52,0.303832,3.11929,1,1,4,36,46,48,50,46,42,6,6,69,0.203817,2.99763,66,19,18,23,77,4,5318.44,1.01955
W1,V3,rolling,none,11,cooling,oracle,48,52,0.133584,2.1238,1,1,0,,,,,46,,6,,69,0.0842627,1.79522,,19,18,10,55,4,5318.44,1.01955
W1,V3,rolling,none,12,warming,B0,66,65,1.13921,6.58715,5,2,3,30,45,53,57,54,45,11,8,86,0.734923,5.08726,72,33,26,10,80,5,4889.83,1.02407
W1,V3,rolling,none,12,warming,M,66,65,1.17982,6.44814,5,4,8,28,47,53,59,54,46,11,7,86,0.985726,7.20333,53,33,31,28,118,5,4889.83,1.02407
W1,V3,rolling,none,12,warming,M1b,66,65,1.14867,6.43422,5,4,6,33,52,56,59,54,47,11,9,86,0.692898,5.60835,71,33,31,20,106,5,4889.83,1.02407
W1,V3,rolling,none,12,warming,M2,66,65,1.13179,6.25096,5,4,7,32,50,56,60,54,47,11,9,86,0.895631,6.86512,59,33,31,27,115,5,4889.83,1.02407
W1,V3,rolling,none,12,warming,oracle,66,65,0.707614,4.12821,5,3,2,,,,,54,,11,,86,0.290585,2.72105,,33,28,2,63,5,4889.83,1.02407
W1,V3,rolling,none,12,cooling,B0,60,52,0.897201,5.44981,5,1,2,25,36,43,47,44,35,8,8,71,0.325266,3.7239,60,33,29,7,70,4,4889.83,1.02407
W1,V3,rolling,none,12,cooling,M,60,52,0.901048,5.4015,5,1,2,24,40,44,50,44,36,8,8,71,0.241498,3.33305,66,33,26,5,56,4,4889.83,1.02407
W1,V3,rolling,none,12,cooling,M1b,60,52,0.862297,5.27122,5,1,2,25,38,42,49,44,34,8,8,71,0.254993,3.51152,65,33,26,6,59,4,4889.83,1.02407
W1,V3,rolling,none,12,cooling,M2,60,52,0.884104,5.35575,5,1,2,22,39,44,49,44,36,8,8,71,0.245232,3.41733,66,33,26,5,56,4,4889.83,1.02407
W1,V3,rolling,none,12,cooling,oracle,60,52,0.526883,3.58779,5,1,5,,,,,44,,8,,71,0.105588,2.08196,,33,25,2,50,4,4889.83,1.02407
W1,V3,rolling,none,13,warming,B0,95,65,1.10501,7.31456,6,1,0,14,27,36,39,55,32,10,4,85,0.837475,6.68289,49,51,30,2,56,5,10654.4,1.05576
W1,V3,rolling,none,13,warming,M,95,65,0.751098,5.91425,6,1,4,20,37,51,57,55,43,10,8,85,0.560497,5.47379,60,51,44,9,109,5,10654.4,1.05576
W1,V3,rolling,none,13,warming,M1b,95,65,0.79814,6.0823,6,1,1,19,34,44,53,55,37,10,7,85,0.622079,5.63649,63,51,38,6,83,5,10654.4,1.05576
W1,V3,rolling,none,13,warming,M2,95,65,0.733067,5.94359,6,1,4,16,39,50,58,55,42,10,8,85,0.511484,5.22238,65,51,44,7,99,5,10654.4,1.05576
W1,V3,rolling,none,13,warming,oracle,95,65,0.301688,3.14652,6,5,2,,,,,55,,10,,85,0.10426,2.2277,,51,47,2,96,5,10654.4,1.05576
W1,V3,rolling,none,13,cooling,B0,59,52,0.934738,5.41071,5,3,8,14,32,36,43,42,30,10,6,69,0.56025,5.23119,31,34,33,18,103,4,10654.4,1.05576
W1,V3,rolling,none,13,cooling,M,59,52,0.450786,3.58508,5,3,3,28,42,46,47,42,38,10,8,69,0.292757,3.22503,57,34,31,7,71,4,10654.4,1.05576
W1,V3,rolling,none,13,cooling,M1b,59,52,0.704037,4.50126,5,3,5,22,38,41,45,42,34,10,7,69,0.396817,4.16828,45,34,33,15,93,4,10654.4,1.05576
W1,V3,rolling,none,13,cooling,M2,59,52,0.489182,3.59439,5,3,3,27,42,45,47,42,37,10,8,69,0.284683,3.19066,56,34,31,7,73,4,10654.4,1.05576
W1,V3,rolling,none,13,cooling,oracle,59,52,0.384974,2.46963,5,4,4,,,,,42,,10,,69,0.0959783,1.74157,,34,30,2,61,4,10654.4,1.05576
W1,V3,rolling,none,14,warming,B0,82,65,0.848519,6.00643,8,1,2,24,37,45,50,54,37,11,8,86,0.394029,4.25309,66,42,27,5,66,5,10778.7,1.0279
W1,V3,rolling,none,14,warming,M,82,65,0.4897,4.2701,8,7,7,42,55,60,63,54,50,11,10,86,0.745261,6.4562,59,42,42,26,133,5,10778.7,1.0279
W1,V3,rolling,none,14,warming,M1b,82,65,0.563125,4.73097,8,3,4,24,49,54,60,54,44,11,10,86,0.35413,3.86201,75,42,40,8,99,5,10778.7,1.0279
W1,V3,rolling,none,14,warming,M2,82,65,0.453923,4.08338,8,6,7,42,56,60,62,54,50,11,10,86,0.520684,5.17301,70,42,42,19,119,5,10778.7,1.0279
W1,V3,rolling,none,14,warming,oracle,82,65,0.206723,2.66815,8,6,3,,,,,54,,11,,86,0.0331442,1.27556,,42,40,2,82,5,10778.7,1.0279
W1,V3,rolling,none,14,cooling,B0,62,52,0.757035,4.75722,7,5,5,18,29,33,36,46,32,6,1,67,0.504216,4.76104,36,31,30,26,105,4,10778.7,1.0279
W1,V3,rolling,none,14,cooling,M,62,52,0.578644,4.27981,7,3,4,17,32,42,44,46,37,6,5,67,0.298131,3.70249,54,31,28,17,85,4,10778.7,1.0279
W1,V3,rolling,none,14,cooling,M1b,62,52,0.601874,4.20136,7,4,4,16,30,40,41,46,37,6,3,67,0.348217,3.96874,42,31,30,22,97,4,10778.7,1.0279
W1,V3,rolling,none,14,cooling,M2,62,52,0.576317,4.21888,7,3,4,18,33,42,43,46,37,6,5,67,0.309886,3.77347,52,31,29,18,89,4,10778.7,1.0279
W1,V3,rolling,none,14,cooling,oracle,62,52,0.393513,2.94169,7,5,3,,,,,46,,6,,67,0.0598975,1.5329,,31,31,2,65,4,10778.7,1.0279
W1,V3,rolling,none,15,warming,B0,81,65,1.33786,6.78243,6,2,2,27,39,42,46,57,38,8,4,86,0.645187,5.87164,64,42,19,2,38,5,9173.74,1.05799
W1,V3,rolling,none,15,warming,M,81,65,1.0215,6.00566,6,5,5,26,46,56,59,57,50,8,6,86,0.267365,3.77611,75,42,40,12,99,5,9173.74,1.05799
W1,V3,rolling,none,15,warming,M1b,81,65,1.12862,6.2154,6,2,3,24,46,51,55,57,44,8,7,86,0.269386,3.74304,77,42,31,7,69,5,9173.74,1.05799
W1,V3,rolling,none,15,warming,M2,81,65,1.05644,6.09005,6,5,4,26,46,56,59,57,50,8,6,86,0.233353,3.53385,80,42,39,9,89,5,9173.74,1.05799
W1,V3,rolling,none,15,warming,oracle,81,65,0.379048,3.38871,6,3,1,,,,,57,,8,,86,0.108333,2.3624,,42,38,3,78,5,9173.74,1.05799
W1,V3,rolling,none,15,cooling,B0,58,52,0.604864,4.5358,1,0,1,19,35,45,45,46,41,6,4,70,0.830023,6.7578,30,33,32,17,97,4,9173.74,1.05799
W1,V3,rolling,none,15,cooling,M,58,52,0.478287,4.16498,1,0,1,25,41,46,49,46,42,6,4,70,0.52867,5.23189,44,33,31,11,76,4,9173.74,1.05799
W1,V3,rolling,none,15,cooling,M1b,58,52,0.510891,4.27482,1,0,1,22,38,43,46,46,40,6,3,70,0.65391,5.89582,31,33,32,15,89,4,9173.74,1.05799
W1,V3,rolling,none,15,cooling,M2,58,52,0.478046,4.18444,1,0,1,26,39,47,48,46,43,6,4,70,0.565294,5.4296,38,33,32,11,81,4,9173.74,1.05799
W1,V3,rolling,none,15,cooling,oracle,58,52,0.29596,2.88515,1,1,2,,,,,46,,6,,70,0.159223,1.99198,,33,32,1,59,4,9173.74,1.05799
W1,V3,jan_mar_to_jul_sep,none,8,warming,B0,47,26,1.42006,5.19131,9,0,0,5,6,6,6,22,5,4,1,32,0.808452,4.61096,10,18,2,0,4,2,11540,1.04668
W1,V3,jan_mar_to_jul_sep,none,8,warming,M,47,26,0.363297,2.38455,9,8,5,10,18,21,23,22,17,4,4,32,0.291768,2.48811,26,18,18,6,58,2,11540,1.04668
W1,V3,jan_mar_to_jul_sep,none,8,warming,M1b,47,26,0.641388,3.11008,9,0,0,6,9,14,16,22,12,4,2,32,0.299494,2.71165,21,18,8,0,22,2,11540,1.04668
W1,V3,jan_mar_to_jul_sep,none,8,warming,M2,47,26,0.260737,1.82371,9,6,2,17,24,25,25,22,21,4,4,32,0.145481,1.64958,31,18,16,4,52,2,11540,1.04668
W1,V3,jan_mar_to_jul_sep,none,8,warming,oracle,47,26,0.237528,1.43758,9,6,3,,,,,22,,4,,32,0.169657,1.2768,,18,18,1,47,2,11540,1.04668
W1,V3,jan_mar_to_jul_sep,none,8,cooling,B0,20,13,0.606656,2.33277,4,0,0,3,4,5,6,11,4,2,1,16,0.325642,2.1693,3,7,1,0,2,1,11540,1.04668
W1,V3,jan_mar_to_jul_sep,none,8,cooling,M,20,13,0.281974,1.47354,4,3,4,5,8,11,11,11,9,2,2,16,0.125252,1.24374,14,7,7,5,29,1,11540,1.04668
W1,V3,jan_mar_to_jul_sep,none,8,cooling,M1b,20,13,0.314596,1.71062,4,0,0,3,7,8,9,11,7,2,1,16,0.0957343,1.1147,14,7,4,0,11,1,11540,1.04668
W1,V3,jan_mar_to_jul_sep,none,8,cooling,M2,20,13,0.212677,1.41775,4,1,2,4,12,13,13,11,11,2,2,16,0.0442549,0.646573,16,7,7,3,26,1,11540,1.04668
W1,V3,jan_mar_to_jul_sep,none,8,cooling,oracle,20,13,0.256423,1.50154,4,2,2,,,,,11,,2,,16,0.0181108,0.441842,,7,7,3,25,1,11540,1.04668
W1,V3,jan_mar_to_jul_sep,none,9,warming,B0,29,26,0.602904,3.59648,1,0,0,2,4,9,13,22,8,4,1,36,0.374779,3.1747,9,12,4,0,8,2,7263.8,1.02706
W1,V3,jan_mar_to_jul_sep,none,9,warming,M,29,26,0.612383,3.58972,1,1,9,7,17,24,25,22,21,4,3,36,0.702174,4.79709,26,12,12,18,58,2,7263.8,1.02706
W1,V3,jan_mar_to_jul_sep,none,9,warming,M1b,29,26,0.222383,1.74231,1,1,3,19,22,23,26,22,19,4,4,36,0.085785,1.44354,35,12,12,8,38,2,7263.8,1.02706
W1,V3,jan_mar_to_jul_sep,none,9,warming,M2,29,26,0.32946,2.48119,1,1,7,14,24,25,25,22,21,4,4,36,0.419454,3.66396,32,12,12,18,58,2,7263.8,1.02706
W1,V3,jan_mar_to_jul_sep,none,9,warming,oracle,29,26,0.125326,1.32326,1,1,1,,,,,22,,4,,36,0.0784355,1.25862,,12,12,8,36,2,7263.8,1.02706
W1,V3,jan_mar_to_jul_sep,none,9,cooling,B0,11,13,0.160242,1.26736,1,0,0,6,8,9,9,10,6,3,3,18,0.0985242,1.21997,8,6,2,0,4,1,7263.8,1.02706
W1,V3,jan_mar_to_jul_sep,none,9,cooling,M,11,13,0.633518,2.56685,1,1,3,3,5,11,12,10,10,3,1,18,0.454448,2.7515,11,6,6,9,29,1,7263.8,1.02706
W1,V3,jan_mar_to_jul_sep,none,9,cooling,M1b,11,13,0.165393,1.0831,1,1,0,9,13,13,13,10,10,3,3,18,0.063894,0.940832,17,6,6,4,19,1,7263.8,1.02706
W1,V3,jan_mar_to_jul_sep,none,9,cooling,M2,11,13,0.405704,1.93627,1,1,3,3,10,13,13,10,10,3,3,18,0.287875,2.19064,15,6,6,9,29,1,7263.8,1.02706
W1,V3,jan_mar_to_jul_sep,none,9,cooling,oracle,11,13,0.182796,1.0659,1,0,0,,,,,10,,3,,18,0.0151763,0.46723,,6,5,0,10,1,7263.8,1.02706
W1,V3,jan_mar_to_jul_sep,none,10,warming,B0,44,26,0.974631,4.33208,5,0,0,4,9,10,11,23,9,3,1,34,0.719462,4.63717,6,21,2,0,4,2,9762.3,1.00611
W1,V3,jan_mar_to_jul_sep,none,10,warming,M,44,26,0.522432,3.03647,5,3,4,5,19,23,24,23,20,3,3,34,0.229112,2.37069,29,21,21,5,58,2,9762.3,1.00611
W1,V3,jan_mar_to_jul_sep,none,10,warming,M1b,44,26,0.40011,2.75003,5,0,0,7,15,19,21,23,16,3,3,34,0.202551,2.14981,27,21,14,0,28,2,9762.3,1.00611
W1,V3,jan_mar_to_jul_sep,none,10,warming,M2,44,26,0.307842,2.20233,5,2,1,17,23,24,25,23,21,3,3,34,0.114255,1.514,34,21,19,5,55,2,9762.3,1.00611
W1,V3,jan_mar_to_jul_sep,none,10,warming,oracle,44,26,0.105151,1.3954,5,2,2,,,,,23,,3,,34,0.175638,1.57916,,21,17,5,50,2,9762.3,1.00611
W1,V3,jan_mar_to_jul_sep,none,10,cooling,B0,13,13,0.21982,1.39635,3,0,0,7,7,7,8,11,6,2,1,17,0.0911437,1.09692,12,7,1,0,2,1,9762.3,1.00611
W1,V3,jan_mar_to_jul_sep,none,10,cooling,M,13,13,0.918774,2.8781,3,3,4,1,3,7,7,11,6,2,1,17,0.446454,2.53256,6,7,7,6,29,1,9762.3,1.00611
W1,V3,jan_mar_to_jul_sep,none,10,cooling,M1b,13,13,0.179246,1.22642,3,0,0,3,11,12,12,11,10,2,2,17,0.0615135,0.727582,15,7,7,0,14,1,9762.3,1.00611
W1,V3,jan_mar_to_jul_sep,none,10,cooling,M2,13,13,0.585355,2.19926,3,3,1,5,7,10,11,11,9,2,1,17,0.264201,1.8861,13,7,7,5,27,1,9762.3,1.00611
W1,V3,jan_mar_to_jul_sep,none,10,cooling,oracle,13,13,0.148063,1.08462,3,0,0,,,,,11,,2,,17,0.0430671,0.68222,,7,5,0,9,1,9762.3,1.00611
W1,V3,jan_mar_to_jul_sep,none,11,warming,B0,46,26,0.747554,3.56234,5,0,0,5,9,11,15,22,10,4,1,34,0.312657,2.89847,13,22,4,0,12,2,5318.44,1.01955
W1,V3,jan_mar_to_jul_sep,none,11,warming,M,46,26,0.749014,3.31235,5,5,7,7,16,21,24,22,18,4,3,34,0.313275,3.09872,25,22,22,8,58,2,5318.44,1.01955
W1,V3,jan_mar_to_jul_sep,none,11,warming,M1b,46,26,0.404736,2.23159,5,4,2,13,22,22,25,22,20,4,2,34,0.0521116,1.02802,33,22,18,4,43,2,5318.44,1.01955
W1,V3,jan_mar_to_jul_sep,none,11,warming,M2,46,26,0.512633,2.44909,5,5,5,14,21,24,25,22,21,4,3,34,0.161833,2.1068,33,22,22,8,58,2,5318.44,1.01955
W1,V3,jan_mar_to_jul_sep,none,11,warming,oracle,46,26,0.238558,1.38541,5,4,1,,,,,22,,4,,34,0.0158533,0.497424,,22,21,0,47,2,5318.44,1.01955
W1,V3,jan_mar_to_jul_sep,none,11,cooling,B0,17,13,0.215192,1.25772,1,0,0,5,6,7,10,12,7,1,0,17,0.111574,1.02962,11,7,2,0,6,1,5318.44,1.01955
W1,V3,jan_mar_to_jul_sep,none,11,cooling,M,17,13,0.187793,1.36734,1,1,5,4,6,11,12,12,10,1,1,17,0.245006,1.90988,8,7,7,8,29,1,5318.44,1.01955
W1,V3,jan_mar_to_jul_sep,none,11,cooling,M1b,17,13,0.0827121,0.757637,1,1,0,8,11,12,12,12,12,1,0,17,0.0532928,0.825267,14,7,6,5,21,1,5318.44,1.01955
W1,V3,jan_mar_to_jul_sep,none,11,cooling,M2,17,13,0.104898,1.02711,1,1,2,4,12,12,13,12,11,1,1,17,0.152643,1.45224,14,7,7,8,29,1,5318.44,1.01955
W1,V3,jan_mar_to_jul_sep,none,11,cooling,oracle,17,13,0.0323955,0.553286,1,1,0,,,,,12,,1,,17,0.00838283,0.292035,,7,7,1,21,1,5318.44,1.01955
W1,V3,jan_mar_to_jul_sep,none,12,warming,B0,28,26,0.552349,2.90694,2,0,2,12,21,22,26,21,18,5,4,34,0.0724051,1.14634,34,14,12,0,22,2,4889.83,1.02407
W1,V3,jan_mar_to_jul_sep,none,12,warming,M,28,26,1.8186,5.64123,2,2,12,6,18,22,22,21,18,5,4,34,0.79076,4.90619,31,14,14,16,58,2,4889.83,1.02407
W1,V3,jan_mar_to_jul_sep,none,12,warming,M1b,28,26,0.961919,3.67857,2,2,4,11,22,22,23,21,18,5,4,34,0.31029,2.97766,31,14,14,14,52,2,4889.83,1.02407
W1,V3,jan_mar_to_jul_sep,none,12,warming,M2,28,26,1.47709,4.83475,2,2,10,8,20,22,24,21,18,5,4,34,0.628587,4.33387,31,14,14,16,58,2,4889.83,1.02407
W1,V3,jan_mar_to_jul_sep,none,12,warming,oracle,28,26,0.581579,2.47244,2,1,1,,,,,21,,5,,34,0.039982,0.777871,,14,12,1,24,2,4889.83,1.02407
W1,V3,jan_mar_to_jul_sep,none,12,cooling,B0,19,13,0.268538,1.653,0,0,0,5,10,10,10,11,8,2,2,17,0.0903593,1.03435,15,11,6,0,11,1,4889.83,1.02407
W1,V3,jan_mar_to_jul_sep,none,12,cooling,M,19,13,0.481442,1.7079,0,0,6,9,12,13,13,11,11,2,2,17,0.155922,1.4812,17,11,11,4,29,1,4889.83,1.02407
W1,V3,jan_mar_to_jul_sep,none,12,cooling,M1b,19,13,0.280729,1.43769,0,0,1,10,12,12,12,11,10,2,2,17,0.0406192,0.672013,17,11,10,4,26,1,4889.83,1.02407
W1,V3,jan_mar_to_jul_sep,none,12,cooling,M2,19,13,0.391432,1.46562,0,0,4,9,13,13,13,11,11,2,2,17,0.1097,1.19653,17,11,11,4,29,1,4889.83,1.02407
W1,V3,jan_mar_to_jul_sep,none,12,cooling,oracle,19,13,0.178934,1.1226,0,0,2,,,,,11,,2,,17,0.0619182,0.943779,,11,8,0,15,1,4889.83,1.02407
W1,V3,jan_mar_to_jul_sep,none,13,warming,B0,56,26,1.73142,6.39632,6,0,0,1,1,1,1,23,1,3,0,34,1.5355,6.7602,3,28,2,0,4,2,10654.4,1.05576
W1,V3,jan_mar_to_jul_sep,none,13,warming,M,56,26,0.100141,1.28206,6,6,3,15,24,26,26,23,23,3,3,34,0.092212,1.38121,32,28,28,0,58,2,10654.4,1.05576
W1,V3,jan_mar_to_jul_sep,none,13,warming,M1b,56,26,0.845385,4.1692,6,1,1,1,4,9,11,23,8,3,1,34,0.600553,3.9685,13,28,10,0,26,2,10654.4,1.05576
W1,V3,jan_mar_to_jul_sep,none,13,warming,M2,56,26,0.148801,1.48294,6,5,1,17,22,23,25,23,22,3,1,34,0.133692,1.67001,31,28,26,0,54,2,10654.4,1.05576
W1,V3,jan_mar_to_jul_sep,none,13,warming,oracle,56,26,0.0706642,1.01466,6,5,1,,,,,23,,3,,34,0.0326633,0.745604,,28,28,0,58,2,10654.4,1.05576
W1,V3,jan_mar_to_jul_sep,none,13,cooling,B0,22,13,0.391652,2.20958,4,0,0,0,0,1,3,12,1,1,0,17,0.428266,2.56212,2,11,1,0,2,1,10654.4,1.05576
W1,V3,jan_mar_to_jul_sep,none,13,cooling,M,22,13,0.0968069,0.951358,4,4,2,7,11,13,13,12,12,1,1,17,0.0755651,1.03751,17,11,11,3,29,1,10654.4,1.05576
W1,V3,jan_mar_to_jul_sep,none,13,cooling,M1b,22,13,0.105172,1.01922,4,1,0,3,8,10,11,12,9,1,1,17,0.113114,1.18937,13,11,5,0,13,1,10654.4,1.05576
W1,V3,jan_mar_to_jul_sep,none,13,cooling,M2,22,13,0.03112,0.524245,4,4,2,10,13,13,13,12,12,1,1,17,0.031471,0.56987,17,11,11,2,27,1,10654.4,1.05576
W1,V3,jan_mar_to_jul_sep,none,13,cooling,oracle,22,13,0.0244527,0.431731,4,3,1,,,,,12,,1,,17,0.0219189,0.407739,,11,11,0,22,1,10654.4,1.05576
W1,V3,jan_mar_to_jul_sep,none,14,warming,B0,53,26,1.05215,4.52853,7,0,1,2,7,12,17,23,11,3,1,36,0.448842,3.69087,15,29,8,0,20,2,10778.7,1.0279
W1,V3,jan_mar_to_jul_sep,none,14,warming,M,53,26,0.361647,2.5918,7,5,7,10,21,21,24,23,18,3,3,36,0.35779,3.15487,29,29,29,1,58,2,10778.7,1.0279
W1,V3,jan_mar_to_jul_sep,none,14,warming,M1b,53,26,0.537679,3.04237,7,4,3,8,17,20,22,23,18,3,2,36,0.110318,1.31547,35,29,28,0,52,2,10778.7,1.0279
W1,V3,jan_mar_to_jul_sep,none,14,warming,M2,53,26,0.270089,2.07424,7,5,6,16,22,24,25,23,21,3,3,36,0.215852,2.22366,33,29,29,1,58,2,10778.7,1.0279
W1,V3,jan_mar_to_jul_sep,none,14,warming,oracle,53,26,0.0792076,1.01807,7,6,2,,,,,23,,3,,36,0.0151184,0.472904,,29,29,0,53,2,10778.7,1.0279
W1,V3,jan_mar_to_jul_sep,none,14,cooling,B0,20,13,0.399577,1.7545,3,0,0,4,5,7,9,12,6,1,1,18,0.12479,1.14983,15,10,4,0,10,1,10778.7,1.0279
W1,V3,jan_mar_to_jul_sep,none,14,cooling,M,20,13,0.187888,1.39573,3,2,4,3,9,11,12,12,10,1,1,18,0.319478,2.27847,10,10,10,5,29,1,10778.7,1.0279
W1,V3,jan_mar_to_jul_sep,none,14,cooling,M1b,20,13,0.087594,0.78186,3,1,1,10,12,13,13,12,12,1,1,18,0.0775844,0.783889,17,10,10,4,26,1,10778.7,1.0279
W1,V3,jan_mar_to_jul_sep,none,14,cooling,M2,20,13,0.103436,1.02936,3,2,2,7,12,13,13,12,12,1,1,18,0.213578,1.81448,14,10,10,5,29,1,10778.7,1.0279
W1,V3,jan_mar_to_jul_sep,none,14,cooling,oracle,20,13,0.0485262,0.595603,3,2,1,,,,,12,,1,,18,0.00904269,0.320698,,10,10,1,21,1,10778.7,1.0279
W1,V3,jan_mar_to_jul_sep,none,15,warming,B0,47,26,1.08561,4.57206,4,0,0,5,8,9,10,21,8,5,1,32,0.806961,4.83592,2,24,4,0,6,2,9173.74,1.05799
W1,V3,jan_mar_to_jul_sep,none,15,warming,M,47,26,0.548746,2.97404,4,3,5,10,20,22,23,21,17,5,5,32,0.238719,2.42677,32,24,24,2,58,2,9173.74,1.05799
W1,V3,jan_mar_to_jul_sep,none,15,warming,M1b,47,26,0.44606,2.68905,4,0,0,10,18,22,22,21,17,5,5,32,0.0995675,1.45626,32,24,18,0,37,2,9173.74,1.05799
W1,V3,jan_mar_to_jul_sep,none,15,warming,M2,47,26,0.372122,2.14633,4,3,3,18,23,24,25,21,19,5,5,32,0.0913424,1.39033,32,24,23,1,56,2,9173.74,1.05799
W1,V3,jan_mar_to_jul_sep,none,15,warming,oracle,47,26,0.141129,1.20486,4,2,0,,,,,21,,5,,32,0.0488732,1.04372,,24,20,0,41,2,9173.74,1.05799
W1,V3,jan_mar_to_jul_sep,none,15,cooling,B0,22,13,0.593589,2.11696,1,0,0,3,3,4,6,10,2,3,2,16,0.354784,2.24111,2,11,2,0,3,1,9173.74,1.05799
W1,V3,jan_mar_to_jul_sep,none,15,cooling,M,22,13,0.245284,1.64834,1,1,2,2,8,11,12,10,8,3,3,16,0.155269,1.33102,16,11,11,2,29,1,9173.74,1.05799
W1,V3,jan_mar_to_jul_sep,none,15,cooling,M1b,22,13,0.33919,1.41149,1,1,0,5,7,8,9,10,6,3,2,16,0.0415375,0.656937,15,11,9,0,18,1,9173.74,1.05799
W1,V3,jan_mar_to_jul_sep,none,15,cooling,M2,22,13,0.192149,1.3198,1,1,2,5,11,11,13,10,8,3,3,16,0.0696122,0.886164,16,11,10,2,28,1,9173.74,1.05799
W1,V3,jan_mar_to_jul_sep,none,15,cooling,oracle,22,13,0.045885,0.63179,1,1,1,,,,,10,,3,,16,0.0316487,0.550556,,11,10,1,23,1,9173.74,1.05799
W1,V3,jul_sep_to_dec,none,8,cooling,B0,0,13,0.473067,2.03926,0,0,2,4,7,8,11,11,7,2,1,17,0.651241,3.25881,3,0,0,11,27,1,11540,1.04668
W1,V3,jul_sep_to_dec,none,8,cooling,M,0,13,0.323661,1.68168,0,0,0,7,12,12,13,11,10,2,2,17,0.124708,1.3564,16,0,0,1,9,1,11540,1.04668
W1,V3,jul_sep_to_dec,none,8,cooling,M1b,0,13,0.359652,1.85816,0,0,0,4,10,11,12,11,9,2,2,17,0.406536,2.55335,5,0,0,10,26,1,11540,1.04668
W1,V3,jul_sep_to_dec,none,8,cooling,M2,0,13,0.312762,1.67929,0,0,0,5,11,12,12,11,10,2,2,17,0.207247,1.77537,15,0,0,3,15,1,11540,1.04668
W1,V3,jul_sep_to_dec,none,8,cooling,oracle,0,13,0.0201025,0.397217,0,0,0,,,,,11,,2,,17,0.0304317,0.585199,,0,0,0,0,1,11540,1.04668
W1,V3,jul_sep_to_dec,none,9,cooling,B0,0,13,0.239373,1.46916,0,0,2,6,8,10,12,11,9,2,1,18,0.466499,2.81234,4,0,0,9,21,1,7263.8,1.02706
W1,V3,jul_sep_to_dec,none,9,cooling,M,0,13,0.35179,1.2541,0,0,0,8,12,12,12,11,10,2,2,18,0.0517071,0.783909,18,0,0,0,1,1,7263.8,1.02706
W1,V3,jul_sep_to_dec,none,9,cooling,M1b,0,13,0.240342,1.15673,0,0,2,8,11,11,11,11,9,2,2,18,0.278223,2.10515,10,0,0,8,14,1,7263.8,1.02706
W1,V3,jul_sep_to_dec,none,9,cooling,M2,0,13,0.285965,1.1124,0,0,0,10,11,12,12,11,10,2,2,18,0.12943,1.37125,17,0,0,2,5,1,7263.8,1.02706
W1,V3,jul_sep_to_dec,none,9,cooling,oracle,0,13,0.0259752,0.43431,0,0,0,,,,,11,,2,,18,0.0251683,0.561269,,0,0,0,0,1,7263.8,1.02706
W1,V3,jul_sep_to_dec,none,10,cooling,B0,1,13,0.315486,1.84113,0,0,2,2,4,5,8,10,4,3,1,18,0.341666,2.37281,1,0,0,11,25,1,9762.3,1.00611
W1,V3,jul_sep_to_dec,none,10,cooling,M,1,13,0.0522946,0.601961,0,0,0,10,13,13,13,10,10,3,3,18,0.0273064,0.614539,18,0,0,2,2,1,9762.3,1.00611
W1,V3,jul_sep_to_dec,none,10,cooling,M1b,1,13,0.155027,1.16203,0,0,1,5,9,10,12,10,8,3,2,18,0.144762,1.50101,10,0,0,8,15,1,9762.3,1.00611
W1,V3,jul_sep_to_dec,none,10,cooling,M2,1,13,0.0622719,0.658464,0,0,1,11,12,13,13,10,10,3,3,18,0.0338632,0.600045,18,0,0,4,7,1,9762.3,1.00611
W1,V3,jul_sep_to_dec,none,10,cooling,oracle,1,13,0.0481036,0.584949,0,0,0,,,,,10,,3,,18,0.0200781,0.487744,,0,0,0,0,1,9762.3,1.00611
W1,V3,jul_sep_to_dec,none,11,cooling,B0,5,13,0.139709,1.18212,0,0,1,5,8,11,11,11,9,2,2,17,0.288023,2.08069,2,2,2,12,26,1,5318.44,1.01955
W1,V3,jul_sep_to_dec,none,11,cooling,M,5,13,0.0622104,0.669841,0,0,0,11,13,13,13,11,11,2,2,17,0.0424888,0.626695,17,2,2,3,10,1,5318.44,1.01955
W1,V3,jul_sep_to_dec,none,11,cooling,M1b,5,13,0.0479013,0.683156,0,0,0,9,12,13,13,11,11,2,2,17,0.12357,1.23394,12,2,2,6,17,1,5318.44,1.01955
W1,V3,jul_sep_to_dec,none,11,cooling,M2,5,13,0.0231991,0.466602,0,0,0,13,13,13,13,11,11,2,2,17,0.0470019,0.659655,17,2,2,3,12,1,5318.44,1.01955
W1,V3,jul_sep_to_dec,none,11,cooling,oracle,5,13,0.0377781,0.563909,0,0,0,,,,,11,,2,,17,0.0355653,0.63567,,2,1,0,3,1,5318.44,1.01955
W1,V3,jul_sep_to_dec,none,12,cooling,B0,10,13,0.16811,1.17824,0,0,0,7,10,13,13,10,10,3,3,19,0.16978,1.40453,14,5,5,4,16,1,4889.83,1.02407
W1,V3,jul_sep_to_dec,none,12,cooling,M,10,13,0.0878931,0.92297,0,0,0,9,13,13,13,10,10,3,3,19,0.0763645,0.905985,19,5,0,1,4,1,4889.83,1.02407
W1,V3,jul_sep_to_dec,none,12,cooling,M1b,10,13,0.11636,0.989943,0,0,0,8,13,13,13,10,10,3,3,19,0.0892876,0.764193,17,5,3,2,9,1,4889.83,1.02407
W1,V3,jul_sep_to_dec,none,12,cooling,M2,10,13,0.0904223,0.911971,0,0,0,7,13,13,13,10,10,3,3,19,0.074583,0.799557,19,5,1,1,5,1,4889.83,1.02407
W1,V3,jul_sep_to_dec,none,12,cooling,oracle,10,13,0.112393,0.850353,0,0,0,,,,,10,,3,,19,0.0179594,0.38229,,5,2,1,6,1,4889.83,1.02407
W1,V3,jul_sep_to_dec,none,13,cooling,B0,1,13,0.597605,2.61517,0,0,2,0,2,5,7,11,3,2,2,18,0.627941,3.24673,1,0,0,14,28,1,10654.4,1.05576
W1,V3,jul_sep_to_dec,none,13,cooling,M,1,13,0.159946,1.15793,0,0,0,7,12,12,13,11,10,2,2,18,0.198099,1.5421,15,0,0,6,12,1,10654.4,1.05576
W1,V3,jul_sep_to_dec,none,13,cooling,M1b,1,13,0.408421,2.12396,0,0,0,0,5,8,10,11,6,2,2,18,0.436435,2.63745,2,0,0,14,26,1,10654.4,1.05576
W1,V3,jul_sep_to_dec,none,13,cooling,M2,1,13,0.22423,1.44091,0,0,0,5,12,12,12,11,10,2,2,18,0.274214,1.9561,13,0,0,9,17,1,10654.4,1.05576
W1,V3,jul_sep_to_dec,none,13,cooling,oracle,1,13,0.106617,0.719721,0,0,0,,,,,11,,2,,18,0.0540354,0.709338,,0,0,0,2,1,10654.4,1.05576
W1,V3,jul_sep_to_dec,none,14,cooling,B0,2,13,0.34203,1.83374,0,0,3,3,5,5,7,11,4,2,1,17,0.302823,2.13947,2,0,0,14,26,1,10778.7,1.0279
W1,V3,jul_sep_to_dec,none,14,cooling,M,2,13,0.138366,1.02431,0,0,0,8,13,13,13,11,11,2,2,17,0.0403626,0.570547,17,0,0,0,5,1,10778.7,1.0279
W1,V3,jul_sep_to_dec,none,14,cooling,M1b,2,13,0.215566,1.42608,0,0,2,4,7,9,12,11,8,2,1,17,0.159964,1.56196,7,0,0,10,19,1,10778.7,1.0279
W1,V3,jul_sep_to_dec,none,14,cooling,M2,2,13,0.140527,1.10554,0,0,0,8,13,13,13,11,11,2,2,17,0.0595416,0.892074,17,0,0,3,10,1,10778.7,1.0279
W1,V3,jul_sep_to_dec,none,14,cooling,oracle,2,13,0.106341,0.772874,0,0,0,,,,,11,,2,,17,0.0027848,0.173984,,0,0,1,5,1,10778.7,1.0279
W1,V3,jul_sep_to_dec,none,15,cooling,B0,0,13,0.369231,1.63269,0,0,0,6,7,11,11,12,10,1,1,18,0.786166,3.68733,1,0,0,13,26,1,9173.74,1.05799
W1,V3,jul_sep_to_dec,none,15,cooling,M,0,13,0.23345,1.23826,0,0,0,8,12,12,12,12,11,1,1,18,0.443896,2.50076,10,0,0,8,13,1,9173.74,1.05799
W1,V3,jul_sep_to_dec,none,15,cooling,M1b,0,13,0.276467,1.28385,0,0,0,6,11,12,12,12,11,1,1,18,0.630622,3.25769,2,0,0,12,22,1,9173.74,1.05799
W1,V3,jul_sep_to_dec,none,15,cooling,M2,0,13,0.226315,1.187,0,0,0,10,12,12,12,12,11,1,1,18,0.507626,2.80763,10,0,0,10,16,1,9173.74,1.05799
W1,V3,jul_sep_to_dec,none,15,cooling,oracle,0,13,0.136351,0.959544,0,0,0,,,,,12,,1,,18,0.0138211,0.389909,,0,0,0,0,1,9173.74,1.05799
W2,V1,rolling,none,8,warming,B0,49,65,2.28951,8.96007,8,0,0,24,39,43,47,55,37,10,6,80,0.907368,6.42845,62,20,10,3,45,5,11540,1.04668
W2,V1,rolling,none,8,warming,M,49,65,1.47029,7.71322,8,1,4,24,39,46,51,55,42,10,4,80,1.34654,8.56096,45,20,13,18,81,5,11540,1.04668
W2,V1,rolling,none,8,warming,M1b,49,65,1.87736,7.93683,8,0,3,28,42,45,50,55,39,10,6,80,1.06817,7.55235,55,20,13,12,67,5,11540,1.04668
W2,V1,rolling,none,8,warming,M2,49,65,1.55393,7.72907,8,0,4,24,38,47,49,55,41,10,6,80,1.26596,8.30562,46,20,13,17,78,5,11540,1.04668
W2,V1,rolling,none,8,warming,oracle,49,65,1.48998,6.40037,8,5,4,,,,,55,,10,,80,0.240757,3.49627,,20,19,4,64,5,11540,1.04668
W2,V1,rolling,none,8,cooling,B0,18,52,1.54588,7.29207,2,0,8,13,26,37,40,42,28,10,9,67,1.92722,10.1515,20,6,6,19,80,4,11540,1.04668
W2,V1,rolling,none,8,cooling,M,18,52,1.43473,6.7044,2,0,7,19,33,40,45,42,31,10,9,67,1.12246,7.73148,38,6,6,15,57,4,11540,1.04668
W2,V1,rolling,none,8,cooling,M1b,18,52,1.3741,6.65452,2,0,6,17,32,37,42,42,29,10,8,67,1.74047,9.7707,23,6,6,17,74,4,11540,1.04668
W2,V1,rolling,none,8,cooling,M2,18,52,1.33063,6.45388,2,0,6,20,34,40,43,42,32,10,8,67,1.16797,7.9551,35,6,6,15,58,4,11540,1.04668
W2,V1,rolling,none,8,cooling,oracle,18,52,0.736943,4.21456,2,1,4,,,,,42,,10,,67,0.108108,2.18024,,6,6,4,27,4,11540,1.04668
W2,V1,rolling,none,9,warming,B0,37,65,1.71176,8.53321,2,0,0,17,36,45,50,54,38,11,7,87,0.620904,6.17805,61,13,4,0,4,5,7263.8,1.02706
W2,V1,rolling,none,9,warming,M,37,65,1.15614,6.22979,2,0,0,36,47,54,59,54,45,11,9,87,0.351532,4.31431,82,13,12,6,45,5,7263.8,1.02706
W2,V1,rolling,none,9,warming,M1b,37,65,1.4386,7.46957,2,0,0,24,41,52,55,54,44,11,8,87,0.355474,4.35163,79,13,8,2,16,5,7263.8,1.02706
W2,V1,rolling,none,9,warming,M2,37,65,1.23821,6.54364,2,0,0,30,47,54,59,54,46,11,8,87,0.244084,3.52409,83,13,11,4,37,5,7263.8,1.02706
W2,V1,rolling,none,9,warming,oracle,37,65,0.527882,3.70829,2,2,0,,,,,54,,11,,87,0.136667,2.49223,,13,12,1,34,5,7263.8,1.02706
W2,V1,rolling,none,9,cooling,B0,10,52,1.07198,6.00314,1,0,1,21,35,43,49,45,37,7,6,70,0.816487,6.6154,39,4,3,17,42,4,7263.8,1.02706
W2,V1,rolling,none,9,cooling,M,10,52,1.09217,5.82364,1,0,0,22,40,46,49,45,40,7,6,70,0.411706,4.2245,61,4,4,8,24,4,7263.8,1.02706
W2,V1,rolling,none,9,cooling,M1b,10,52,1.02204,5.71877,1,0,1,23,37,46,48,45,40,7,6,70,0.562494,5.10694,51,4,3,12,28,4,7263.8,1.02706
W2,V1,rolling,none,9,cooling,M2,10,52,1.06301,5.68837,1,0,0,23,39,46,49,45,40,7,6,70,0.446557,4.35213,58,4,4,10,27,4,7263.8,1.02706
W2,V1,rolling,none,9,cooling,oracle,10,52,0.449466,3.24183,1,0,0,,,,,45,,7,,70,0.103695,2.1141,,4,3,1,5,4,7263.8,1.02706
W2,V1,rolling,none,10,warming,B0,44,65,2.13759,9.81578,5,0,1,16,30,41,47,54,32,11,9,86,0.93722,7.56444,53,17,6,0,18,5,9762.3,1.00611
W2,V1,rolling,none,10,warming,M,44,65,0.782704,5.67293,5,1,2,33,50,56,60,54,46,11,10,86,0.307638,4.17688,80,17,11,5,42,5,9762.3,1.00611
W2,V1,rolling,none,10,warming,M1b,44,65,1.3592,7.75765,5,0,1,21,36,48,50,54,39,11,9,86,0.698083,6.50776,62,17,7,1,23,5,9762.3,1.00611
W2,V1,rolling,none,10,warming,M2,44,65,0.851847,6.0031,5,0,1,28,49,52,59,54,42,11,10,86,0.35103,4.61742,79,17,11,5,41,5,9762.3,1.00611
W2,V1,rolling,none,10,warming,oracle,44,65,0.522463,4.18393,5,2,1,,,,,54,,11,,86,0.12258,2.40883,,17,13,5,44,5,9762.3,1.00611
W2,V1,rolling,none,10,cooling,B0,13,52,1.38688,7.1943,2,1,4,8,20,27,33,45,23,7,4,68,0.89219,7.12552,21,7,7,18,56,4,9762.3,1.00611
W2,V1,rolling,none,10,cooling,M,13,52,0.889047,5.38571,2,2,2,13,36,42,46,45,36,7,6,68,0.338553,4.16646,47,7,7,13,41,4,9762.3,1.00611
W2,V1,rolling,none,10,cooling,M1b,13,52,1.12794,6.18137,2,2,3,14,25,31,39,45,26,7,5,68,0.603947,5.85133,34,7,7,16,49,4,9762.3,1.00611
W2,V1,rolling,none,10,cooling,M2,13,52,0.925202,5.55918,2,2,2,13,31,40,46,45,34,7,6,68,0.377849,4.48853,45,7,7,14,41,4,9762.3,1.00611
W2,V1,rolling,none,10,cooling,oracle,13,52,0.411097,3.21629,2,0,0,,,,,45,,7,,68,0.0867134,2.05787,,7,4,0,8,4,9762.3,1.00611
W2,V1,rolling,none,11,warming,B0,73,65,1.75315,7.16589,8,2,2,26,44,52,55,55,43,10,9,86,0.327025,4.42625,78,33,14,4,43,5,5318.44,1.01955
W2,V1,rolling,none,11,warming,M,73,65,0.92956,5.14952,8,4,3,37,57,62,62,55,52,10,10,86,0.375175,4.50719,69,33,32,16,98,5,5318.44,1.01955
W2,V1,rolling,none,11,warming,M1b,73,65,1.17316,5.50313,8,2,3,33,57,60,60,55,50,10,10,86,0.211547,3.2787,80,33,26,6,70,5,5318.44,1.01955
W2,V1,rolling,none,11,warming,M2,73,65,0.959113,5.19051,8,4,3,33,58,61,61,55,51,10,10,86,0.314154,4.08078,74,33,31,14,92,5,5318.44,1.01955
W2,V1,rolling,none,11,warming,oracle,73,65,0.614539,3.73005,8,4,1,,,,,55,,10,,86,0.0699875,1.93831,,33,27,2,64,5,5318.44,1.01955
W2,V1,rolling,none,11,cooling,B0,35,52,0.524695,4.07258,0,0,3,26,38,42,47,46,37,6,5,69,0.685663,6.24474,32,13,13,36,90,4,5318.44,1.01955
W2,V1,rolling,none,11,cooling,M,35,52,0.34007,3.33016,0,0,3,31,48,49,51,46,43,6,6,69,0.25863,3.5048,65,13,12,20,62,4,5318.44,1.01955
W2,V1,rolling,none,11,cooling,M1b,35,52,0.374629,3.46089,0,0,3,30,45,48,48,46,42,6,6,69,0.462192,5.01096,55,13,13,28,78,4,5318.44,1.01955
W2,V1,rolling,none,11,cooling,M2,35,52,0.335207,3.30116,0,0,3,30,46,50,51,46,44,6,6,69,0.314082,3.98586,65,13,12,22,66,4,5318.44,1.01955
W2,V1,rolling,none,11,cooling,oracle,35,52,0.145872,2.29626,0,0,1,,,,,46,,6,,69,0.117445,2.1817,,13,12,7,41,4,5318.44,1.01955
W2,V1,rolling,none,12,warming,B0,47,65,1.21214,6.86882,3,2,2,30,43,51,56,54,44,11,7,86,0.671968,5.18181,74,22,15,9,52,5,4889.83,1.02407
W2,V1,rolling,none,12,warming,M,47,65,1.20465,6.48578,3,3,6,32,49,55,60,54,46,11,9,86,0.970994,7.4368,56,22,22,29,103,5,4889.83,1.02407
W2,V1,rolling,none,12,warming,M1b,47,65,1.21304,6.73332,3,3,5,31,51,58,60,54,49,11,9,86,0.648226,5.44303,71,22,21,16,83,5,4889.83,1.02407
W2,V1,rolling,none,12,warming,M2,47,65,1.14662,6.31402,3,3,5,34,52,59,60,54,49,11,10,86,0.885784,6.9453,63,22,22,28,102,5,4889.83,1.02407
W2,V1,rolling,none,12,warming,oracle,47,65,0.700148,4.16378,3,2,2,,,,,54,,11,,86,0.26691,2.68759,,22,16,4,44,5,4889.83,1.02407
W2,V1,rolling,none,12,cooling,B0,43,52,0.947721,5.70326,3,0,3,23,36,42,46,44,34,8,8,71,0.442176,4.35887,55,21,20,14,62,4,4889.83,1.02407
W2,V1,rolling,none,12,cooling,M,43,52,0.902882,5.41806,3,0,3,26,41,44,49,44,36,8,8,71,0.272189,3.54443,66,21,18,8,46,4,4889.83,1.02407
W2,V1,rolling,none,12,cooling,M1b,43,52,0.892678,5.40118,3,0,3,26,39,41,48,44,33,8,8,71,0.305847,3.71235,64,21,20,11,53,4,4889.83,1.02407
W2,V1,rolling,none,12,cooling,M2,43,52,0.895074,5.39674,3,0,3,25,40,43,49,44,35,8,8,71,0.2815,3.59529,65,21,19,10,49,4,4889.83,1.02407
W2,V1,rolling,none,12,cooling,oracle,43,52,0.443295,3.25046,3,2,3,,,,,44,,8,,71,0.107132,2.18452,,21,18,1,37,4,4889.83,1.02407
W2,V1,rolling,none,13,warming,B0,63,65,1.77568,9.3379,5,0,0,12,23,28,30,55,25,10,3,85,1.35492,8.92043,36,37,14,0,23,5,10654.4,1.05576
W2,V1,rolling,none,13,warming,M,63,65,0.864013,6.4467,5,1,0,21,40,48,57,55,40,10,8,85,0.729375,6.29328,63,37,28,9,69,5,10654.4,1.05576
W2,V1,rolling,none,13,warming,M1b,63,65,1.33426,8.03967,5,1,0,14,27,32,37,55,29,10,3,85,1.00157,7.4298,55,37,20,2,44,5,10654.4,1.05576
W2,V1,rolling,none,13,warming,M2,63,65,0.943581,6.67264,5,1,0,21,35,46,51,55,38,10,8,85,0.795518,6.5964,65,37,27,8,60,5,10654.4,1.05576
W2,V1,rolling,none,13,warming,oracle,63,65,0.370885,3.39351,5,4,2,,,,,55,,10,,85,0.123651,2.40424,,37,30,1,57,5,10654.4,1.05576
W2,V1,rolling,none,13,cooling,B0,37,52,1.49321,7.03627,2,2,6,11,23,34,38,42,28,10,6,69,1.01594,7.20814,21,20,20,27,91,4,10654.4,1.05576
W2,V1,rolling,none,13,cooling,M,37,52,0.656932,4.219,2,2,2,27,40,45,47,42,37,10,8,69,0.354955,3.62182,54,20,19,9,57,4,10654.4,1.05576
W2,V1,rolling,none,13,cooling,M1b,37,52,1.15637,6.08229,2,2,2,14,32,38,43,42,32,10,6,69,0.709328,5.96451,34,20,20,18,75,4,10654.4,1.05576
W2,V1,rolling,none,13,cooling,M2,37,52,0.739569,4.48453,2,2,2,25,40,45,47,42,37,10,8,69,0.398555,4.0371,53,20,20,13,63,4,10654.4,1.05576
W2,V1,rolling,none,13,cooling,oracle,37,52,0.452159,2.64841,2,1,1,,,,,42,,10,,69,0.109033,1.88174,,20,19,3,37,4,10654.4,1.05576
W2,V1,rolling,none,14,warming,B0,55,65,1.65168,8.38885,7,0,0,18,30,35,40,54,29,11,6,86,0.92364,7.79194,50,27,8,1,22,5,10778.7,1.0279
W2,V1,rolling,none,14,warming,M,55,65,0.554869,4.75209,7,2,3,31,51,58,62,54,49,11,9,86,0.696426,6.10952,64,27,26,14,77,5,10778.7,1.0279
W2,V1,rolling,none,14,warming,M1b,55,65,1.18523,7.20049,7,0,1,20,30,41,48,54,34,11,7,86,0.502376,5.59222,65,27,13,2,32,5,10778.7,1.0279
W2,V1,rolling,none,14,warming,M2,55,65,0.6328,5.11788,7,2,3,26,53,58,62,54,48,11,10,86,0.378868,4.08159,80,27,23,6,57,5,10778.7,1.0279
W2,V1,rolling,none,14,warming,oracle,55,65,0.34883,3.29222,7,6,3,,,,,54,,11,,86,0.0519898,1.57816,,27,26,3,60,5,10778.7,1.0279
W2,V1,rolling,none,14,cooling,B0,46,52,1.23624,6.01454,5,2,5,17,29,37,39,46,35,6,2,67,1.35671,7.46675,31,24,23,28,93,4,10778.7,1.0279
W2,V1,rolling,none,14,cooling,M,46,52,0.765563,4.67546,5,1,2,21,38,39,45,46,37,6,2,67,0.614093,5.30548,51,24,17,11,61,4,10778.7,1.0279
W2,V1,rolling,none,14,cooling,M1b,46,52,0.945159,5.27308,5,2,3,18,29,38,43,46,36,6,2,67,0.943139,6.31857,33,24,22,19,78,4,10778.7,1.0279
W2,V1,rolling,none,14,cooling,M2,46,52,0.763429,4.63388,5,1,4,19,34,42,47,46,39,6,3,67,0.679402,5.5091,41,24,19,13,66,4,10778.7,1.0279
W2,V1,rolling,none,14,cooling,oracle,46,52,0.498826,3.14076,5,3,1,,,,,46,,6,,67,0.0714765,1.74845,,24,21,0,42,4,10778.7,1.0279
W2,V1,rolling,none,15,warming,B0,61,65,1.62006,7.40493,3,1,1,27,37,40,45,57,37,8,3,86,0.828199,6.74062,58,34,11,0,20,5,9173.74,1.05799
W2,V1,rolling,none,15,warming,M,61,65,1.09218,6.17789,3,3,4,27,47,55,60,57,49,8,6,86,0.26251,3.74848,78,34,31,5,69,5,9173.74,1.05799
W2,V1,rolling,none,15,warming,M1b,61,65,1.30963,6.57522,3,1,2,24,42,48,53,57,42,8,6,86,0.393415,4.55556,73,34,19,0,35,5,9173.74,1.05799
W2,V1,rolling,none,15,warming,M2,61,65,1.14418,6.27024,3,2,4,28,48,56,61,57,49,8,7,86,0.247221,3.60474,80,34,30,4,63,5,9173.74,1.05799
W2,V1,rolling,none,15,warming,oracle,61,65,0.424446,3.61701,3,1,1,,,,,57,,8,,86,0.103992,2.31782,,34,29,2,57,5,9173.74,1.05799
W2,V1,rolling,none,15,cooling,B0,38,52,0.862673,5.26176,1,0,2,19,33,40,43,46,35,6,5,70,1.27032,8.45361,28,26,25,20,87,4,9173.74,1.05799
W2,V1,rolling,none,15,cooling,M,38,52,0.576763,4.37922,1,0,1,24,41,46,47,46,41,6,5,70,0.715462,6.24379,44,26,23,10,58,4,9173.74,1.05799
W2,V1,rolling,none,15,cooling,M1b,38,52,0.721901,4.88897,1,0,1,19,35,42,46,46,37,6,5,70,0.983789,7.40753,29,26,24,16,76,4,9173.74,1.05799
W2,V1,rolling,none,15,cooling,M2,38,52,0.604676,4.51377,1,0,1,23,39,46,47,46,41,6,5,70,0.789062,6.60567,37,26,23,11,63,4,9173.74,1.05799
W2,V1,rolling,none,15,cooling,oracle,38,52,0.308501,3.08345,1,1,1,,,,,46,,6,,70,0.152264,2.05212,,26,25,3,43,4,9173.74,1.05799
W2,V1,jan_mar_to_jul_sep,+2C_every_month,8,warming,M2,41,26,0.550401,2.83879,8,0,0,9,19,21,22,22,19,4,2,32,0.290637,2.62568,29,16,6,1,19,2,11540,1.04668
W2,V1,jan_mar_to_jul_sep,+2C_every_month,8,cooling,M2,16,13,0.288066,1.68482,2,0,0,5,8,10,12,11,8,2,2,16,0.0773261,0.988022,16,6,3,0,7,1,11540,1.04668
W2,V1,jan_mar_to_jul_sep,+2C_every_month,9,warming,M2,25,26,0.19213,1.59832,1,1,2,21,25,25,26,22,21,4,4,36,0.126741,1.87016,36,10,10,10,37,2,7263.8,1.02706
W2,V1,jan_mar_to_jul_sep,+2C_every_month,9,cooling,M2,9,13,0.141912,0.978906,1,1,0,10,13,13,13,10,10,3,3,18,0.0794444,1.09878,18,5,5,5,17,1,7263.8,1.02706
W2,V1,jan_mar_to_jul_sep,+2C_every_month,10,warming,M2,41,26,0.642627,3.39197,5,0,0,7,18,20,21,23,17,3,3,34,0.347416,3.07316,30,18,7,0,14,2,9762.3,1.00611
W2,V1,jan_mar_to_jul_sep,+2C_every_month,10,cooling,M2,11,13,0.113131,1.08188,2,0,0,7,12,13,13,11,11,2,2,17,0.0480235,0.69932,17,6,3,0,6,1,9762.3,1.00611
W2,V1,jan_mar_to_jul_sep,+2C_every_month,11,warming,M2,43,26,0.371446,1.89429,5,4,2,18,25,25,25,22,22,4,3,34,0.0679028,1.26323,34,19,17,7,49,2,5318.44,1.01955
W2,V1,jan_mar_to_jul_sep,+2C_every_month,11,cooling,M2,15,13,0.0699727,0.769003,0,0,1,9,13,13,13,12,12,1,1,17,0.0840351,1.06918,17,5,5,7,24,1,5318.44,1.01955
W2,V1,jan_mar_to_jul_sep,+2C_every_month,12,warming,M2,24,26,1.25351,4.35361,2,2,7,11,22,22,25,21,18,5,4,34,0.580675,4.15286,32,11,11,19,57,2,4889.83,1.02407
W2,V1,jan_mar_to_jul_sep,+2C_every_month,12,cooling,M2,17,13,0.314307,1.33031,0,0,2,10,13,13,13,11,11,2,2,17,0.0856978,1.0133,17,9,9,6,28,1,4889.83,1.02407
W2,V1,jan_mar_to_jul_sep,+2C_every_month,13,warming,M2,53,26,0.813448,4.08876,5,0,0,2,10,11,13,23,10,3,1,34,0.647047,4.0908,20,28,9,0,23,2,10654.4,1.05576
W2,V1,jan_mar_to_jul_sep,+2C_every_month,13,cooling,M2,20,13,0.0900132,0.924301,2,0,0,7,11,12,13,12,11,1,1,17,0.115195,1.15411,17,11,4,0,10,1,10654.4,1.05576
W2,V1,jan_mar_to_jul_sep,+2C_every_month,14,warming,M2,49,26,0.638913,3.38652,7,0,1,8,19,20,23,23,18,3,2,36,0.16394,2.02765,36,25,11,0,29,2,10778.7,1.0279
W2,V1,jan_mar_to_jul_sep,+2C_every_month,14,cooling,M2,16,13,0.0933216,0.79813,2,0,0,10,13,13,13,12,12,1,1,18,0.0473919,0.55525,17,7,5,0,14,1,10778.7,1.0279
W2,V1,jan_mar_to_jul_sep,+2C_every_month,15,warming,M2,39,26,0.344546,2.08712,3,0,0,19,24,25,25,21,20,5,5,32,0.0489953,1.01146,32,19,18,0,42,2,9173.74,1.05799
W2,V1,jan_mar_to_jul_sep,+2C_every_month,15,cooling,M2,18,13,0.250169,1.2353,1,1,0,9,10,11,11,10,8,3,3,16,0.0280727,0.475262,16,8,8,1,20,1,9173.74,1.05799
W2,V1,jan_mar_to_jul_sep,+2C_forecast_month,8,warming,M2,41,26,0.32711,1.79043,8,0,0,18,23,24,25,22,21,4,3,32,0.160193,1.77558,31,16,8,1,28,2,11540,1.04668
W2,V1,jan_mar_to_jul_sep,+2C_forecast_month,8,cooling,M2,16,13,0.241609,1.54462,2,0,0,5,12,13,13,11,11,2,2,16,0.0251679,0.517015,16,6,4,0,13,1,11540,1.04668
W2,V1,jan_mar_to_jul_sep,+2C_forecast_month,9,warming,M2,25,26,0.297861,2.21096,1,1,7,16,25,25,26,22,21,4,4,36,0.365935,3.35676,35,10,10,16,53,2,7263.8,1.02706
W2,V1,jan_mar_to_jul_sep,+2C_forecast_month,9,cooling,M2,9,13,0.291906,1.63128,1,1,0,7,13,13,13,10,10,3,3,18,0.241889,2.03174,17,5,5,8,26,1,7263.8,1.02706
W2,V1,jan_mar_to_jul_sep,+2C_forecast_month,10,warming,M2,41,26,0.408834,2.45776,5,0,1,16,21,23,25,23,20,3,3,34,0.156161,1.73462,33,18,13,0,28,2,9762.3,1.00611
W2,V1,jan_mar_to_jul_sep,+2C_forecast_month,10,cooling,M2,11,13,0.158484,1.10379,2,0,0,8,13,13,13,11,11,2,2,17,0.0849681,0.923726,17,6,6,0,13,1,9762.3,1.00611
W2,V1,jan_mar_to_jul_sep,+2C_forecast_month,11,warming,M2,43,26,0.479221,2.34738,5,5,2,16,24,25,25,22,22,4,3,34,0.172706,2.16569,34,19,19,11,58,2,5318.44,1.01955
W2,V1,jan_mar_to_jul_sep,+2C_forecast_month,11,cooling,M2,15,13,0.101342,1.01792,0,0,2,7,12,13,13,12,12,1,1,17,0.165007,1.53676,17,5,5,10,29,1,5318.44,1.01955
W2,V1,jan_mar_to_jul_sep,+2C_forecast_month,12,warming,M2,24,26,1.59021,5.16184,2,2,11,8,20,22,25,21,18,5,4,34,0.859972,5.14396,31,11,11,19,58,2,4889.83,1.02407
W2,V1,jan_mar_to_jul_sep,+2C_forecast_month,12,cooling,M2,17,13,0.406953,1.58054,0,0,4,9,13,13,13,11,11,2,2,17,0.159204,1.51686,17,9,9,6,29,1,4889.83,1.02407
W2,V1,jan_mar_to_jul_sep,+2C_forecast_month,13,warming,M2,53,26,0.455684,2.85305,5,0,2,9,19,22,23,23,21,3,1,34,0.325092,2.66971,28,28,17,0,37,2,10654.4,1.05576
W2,V1,jan_mar_to_jul_sep,+2C_forecast_month,13,cooling,M2,20,13,0.0327635,0.550838,2,0,1,11,13,13,13,12,12,1,1,17,0.0484323,0.767109,17,11,7,1,18,1,10654.4,1.05576
W2,V1,jan_mar_to_jul_sep,+2C_forecast_month,14,warming,M2,49,26,0.408861,2.70082,7,4,3,14,23,24,26,23,21,3,3,36,0.0798946,1.22113,36,25,24,4,52,2,10778.7,1.0279
W2,V1,jan_mar_to_jul_sep,+2C_forecast_month,14,cooling,M2,16,13,0.0432518,0.610567,2,0,3,12,13,13,13,12,12,1,1,18,0.0811818,0.996772,17,7,7,7,26,1,10778.7,1.0279
W2,V1,jan_mar_to_jul_sep,+2C_forecast_month,15,warming,M2,39,26,0.358844,2.05485,3,1,1,19,24,25,25,21,20,5,5,32,0.0873349,1.402,32,19,19,5,55,2,9173.74,1.05799
W2,V1,jan_mar_to_jul_sep,+2C_forecast_month,15,cooling,M2,18,13,0.200302,1.29301,1,1,1,7,10,12,13,10,9,3,3,16,0.0609911,0.840356,16,8,8,4,27,1,9173.74,1.05799
W2,V1,jan_mar_to_jul_sep,-2C_every_month,8,warming,M2,41,26,0.506005,2.62513,8,0,0,12,20,22,24,22,19,4,3,32,0.251738,2.39455,29,16,6,1,21,2,11540,1.04668
W2,V1,jan_mar_to_jul_sep,-2C_every_month,8,cooling,M2,16,13,0.265551,1.62464,2,0,0,5,8,12,12,11,10,2,2,16,0.058555,0.853079,16,6,3,0,9,1,11540,1.04668
W2,V1,jan_mar_to_jul_sep,-2C_every_month,9,warming,M2,25,26,0.198099,1.7218,1,1,4,19,25,25,26,22,21,4,4,36,0.187613,2.39983,36,10,10,15,49,2,7263.8,1.02706
W2,V1,jan_mar_to_jul_sep,-2C_every_month,9,cooling,M2,9,13,0.19165,1.2102,1,1,0,8,13,13,13,10,10,3,3,18,0.128643,1.44661,18,5,5,7,24,1,7263.8,1.02706
W2,V1,jan_mar_to_jul_sep,-2C_every_month,10,warming,M2,41,26,0.551114,3.11179,5,0,0,7,19,20,22,23,17,3,3,34,0.290484,2.66802,33,18,10,0,19,2,9762.3,1.00611
W2,V1,jan_mar_to_jul_sep,-2C_every_month,10,cooling,M2,11,13,0.127539,1.13078,2,0,0,7,13,13,13,11,11,2,2,17,0.0502163,0.661355,17,6,4,0,8,1,9762.3,1.00611
W2,V1,jan_mar_to_jul_sep,-2C_every_month,11,warming,M2,43,26,0.38049,1.8911,5,4,2,17,25,25,25,22,22,4,3,34,0.0929854,1.53012,34,19,18,8,52,2,5318.44,1.01955
W2,V1,jan_mar_to_jul_sep,-2C_every_month,11,cooling,M2,15,13,0.0731328,0.821053,0,0,1,7,12,13,13,12,12,1,1,17,0.107784,1.24071,17,5,5,8,26,1,5318.44,1.01955
W2,V1,jan_mar_to_jul_sep,-2C_every_month,12,warming,M2,24,26,1.28113,4.36101,2,2,6,11,22,22,24,21,18,5,4,34,0.601629,4.2129,31,11,11,19,58,2,4889.83,1.02407
W2,V1,jan_mar_to_jul_sep,-2C_every_month,12,cooling,M2,17,13,0.33624,1.33298,0,0,1,8,13,13,13,11,11,2,2,17,0.0913041,1.0584,17,9,9,6,29,1,4889.83,1.02407
W2,V1,jan_mar_to_jul_sep,-2C_every_month,13,warming,M2,53,26,0.666709,3.66642,5,0,1,3,11,14,19,23,13,3,1,34,0.50057,3.49364,22,28,10,0,26,2,10654.4,1.05576
W2,V1,jan_mar_to_jul_sep,-2C_every_month,13,cooling,M2,20,13,0.0624349,0.748331,2,0,0,7,11,12,13,12,11,1,1,17,0.0781398,0.940138,16,11,5,0,13,1,10654.4,1.05576
W2,V1,jan_mar_to_jul_sep,-2C_every_month,14,warming,M2,49,26,0.525494,3.05602,7,0,1,8,20,22,23,23,19,3,3,36,0.0955803,1.45808,36,25,19,3,45,2,10778.7,1.0279
W2,V1,jan_mar_to_jul_sep,-2C_every_month,14,cooling,M2,16,13,0.0703182,0.665902,2,0,0,10,13,13,13,12,12,1,1,18,0.0509617,0.624478,17,7,7,3,21,1,10778.7,1.0279
W2,V1,jan_mar_to_jul_sep,-2C_every_month,15,warming,M2,39,26,0.317634,1.9316,3,0,0,20,24,25,25,21,20,5,5,32,0.0425878,0.901647,32,19,18,2,46,2,9173.74,1.05799
W2,V1,jan_mar_to_jul_sep,-2C_every_month,15,cooling,M2,18,13,0.215253,1.20319,1,1,1,8,10,11,12,10,8,3,3,16,0.0305348,0.504847,16,8,8,1,22,1,9173.74,1.05799
W2,V1,jan_mar_to_jul_sep,-2C_forecast_month,8,warming,M2,41,26,0.861239,3.89711,8,0,0,3,9,16,18,22,15,4,1,32,0.526026,3.65252,21,16,2,0,4,2,11540,1.04668
W2,V1,jan_mar_to_jul_sep,-2C_forecast_month,8,cooling,M2,16,13,0.378244,1.83948,2,0,0,5,6,8,9,11,7,2,1,16,0.180049,1.60744,13,6,1,0,2,1,11540,1.04668
W2,V1,jan_mar_to_jul_sep,-2C_forecast_month,9,warming,M2,25,26,0.196935,1.62446,1,0,1,19,23,25,26,22,21,4,4,36,0.0760932,1.30454,36,10,10,4,28,2,7263.8,1.02706
W2,V1,jan_mar_to_jul_sep,-2C_forecast_month,9,cooling,M2,9,13,0.100528,0.860952,1,0,0,9,13,13,13,10,10,3,3,18,0.0346491,0.631933,18,5,5,2,14,1,7263.8,1.02706
W2,V1,jan_mar_to_jul_sep,-2C_forecast_month,10,warming,M2,41,26,0.888301,4.1148,5,0,0,4,7,14,17,23,12,3,2,34,0.622514,4.28255,20,18,2,0,5,2,9762.3,1.00611
W2,V1,jan_mar_to_jul_sep,-2C_forecast_month,10,cooling,M2,11,13,0.138527,1.20232,2,0,0,6,10,12,12,11,10,2,2,17,0.0603348,0.919123,17,6,1,0,2,1,9762.3,1.00611
W2,V1,jan_mar_to_jul_sep,-2C_forecast_month,11,warming,M2,43,26,0.354825,2.04989,5,3,0,16,23,24,25,22,21,4,3,34,0.0528207,1.05567,34,19,16,6,43,2,5318.44,1.01955
W2,V1,jan_mar_to_jul_sep,-2C_forecast_month,11,cooling,M2,15,13,0.0802275,0.702305,0,0,1,10,11,12,13,12,11,1,1,17,0.0583852,0.85027,17,5,5,6,21,1,5318.44,1.01955
W2,V1,jan_mar_to_jul_sep,-2C_forecast_month,12,warming,M2,24,26,1.00145,3.79668,2,2,4,13,22,22,24,21,18,5,4,34,0.406158,3.37361,31,11,11,17,52,2,4889.83,1.02407
W2,V1,jan_mar_to_jul_sep,-2C_forecast_month,12,cooling,M2,17,13,0.266172,1.33509,0,0,0,11,12,13,13,11,11,2,2,17,0.0502613,0.749214,17,9,9,5,26,1,4889.83,1.02407
W2,V1,jan_mar_to_jul_sep,-2C_forecast_month,13,warming,M2,53,26,1.11908,4.96458,5,0,0,2,3,5,9,23,5,3,0,34,0.989838,5.24776,10,28,3,0,11,2,10654.4,1.05576
W2,V1,jan_mar_to_jul_sep,-2C_forecast_month,13,cooling,M2,20,13,0.175273,1.42612,2,0,0,3,7,9,11,12,8,1,1,17,0.21927,1.71581,12,11,1,0,5,1,10654.4,1.05576
W2,V1,jan_mar_to_jul_sep,-2C_forecast_month,14,warming,M2,49,26,0.843043,3.95627,7,0,1,6,13,18,20,23,17,3,1,36,0.258711,2.72731,32,25,9,0,25,2,10778.7,1.0279
W2,V1,jan_mar_to_jul_sep,-2C_forecast_month,14,cooling,M2,16,13,0.176979,1.16849,2,0,0,6,10,11,13,12,10,1,1,18,0.0600598,0.752141,18,7,4,0,12,1,10778.7,1.0279
W2,V1,jan_mar_to_jul_sep,-2C_forecast_month,15,warming,M2,39,26,0.425268,2.48924,3,0,0,13,21,24,25,21,19,5,5,32,0.102248,1.47375,32,19,16,0,27,2,9173.74,1.05799
W2,V1,jan_mar_to_jul_sep,-2C_forecast_month,15,cooling,M2,18,13,0.317545,1.30576,1,1,0,7,9,11,11,10,8,3,3,16,0.0461378,0.687427,15,8,7,1,13,1,9173.74,1.05799
W2,V1,jan_mar_to_jul_sep,none,8,warming,B0,41,26,2.73294,7.73972,8,0,0,1,3,4,4,22,3,4,1,32,1.8293,7.09371,5,16,0,0,0,2,11540,1.04668
W2,V1,jan_mar_to_jul_sep,none,8,warming,M,41,26,0.282255,1.70502,8,1,0,18,22,24,24,22,21,4,3,32,0.13034,1.52303,30,16,12,1,34,2,11540,1.04668
W2,V1,jan_mar_to_jul_sep,none,8,warming,M1b,41,26,1.48567,5.50376,8,0,0,2,3,4,6,22,3,4,1,32,0.929179,4.96399,9,16,0,0,2,2,11540,1.04668
W2,V1,jan_mar_to_jul_sep,none,8,warming,M2,41,26,0.520299,2.71748,8,0,0,10,19,21,24,22,19,4,2,32,0.292247,2.62699,29,16,6,1,19,2,11540,1.04668
W2,V1,jan_mar_to_jul_sep,none,8,warming,oracle,41,26,0.235707,1.47744,8,5,3,,,,,22,,4,,32,0.183344,1.54265,,16,16,3,47,2,11540,1.04668
W2,V1,jan_mar_to_jul_sep,none,8,cooling,B0,16,13,1.14617,3.50043,2,0,0,2,4,4,4,11,3,2,1,16,0.756339,3.35942,3,6,0,0,0,1,11540,1.04668
W2,V1,jan_mar_to_jul_sep,none,8,cooling,M,16,13,0.217953,1.47797,2,0,0,4,11,12,13,11,10,2,2,16,0.0159676,0.423392,16,6,5,1,16,1,11540,1.04668
W2,V1,jan_mar_to_jul_sep,none,8,cooling,M1b,16,13,0.624347,2.29878,2,0,0,4,4,5,5,11,4,2,1,16,0.355707,2.28482,2,6,0,0,1,1,11540,1.04668
W2,V1,jan_mar_to_jul_sep,none,8,cooling,M2,16,13,0.27129,1.64248,2,0,0,5,8,10,12,11,8,2,2,16,0.0771725,0.999447,16,6,3,0,7,1,11540,1.04668
W2,V1,jan_mar_to_jul_sep,none,8,cooling,oracle,16,13,0.269369,1.55209,2,1,3,,,,,11,,2,,16,0.0256753,0.538722,,6,6,3,23,1,11540,1.04668
W2,V1,jan_mar_to_jul_sep,none,9,warming,B0,25,26,1.17226,5.11942,1,0,0,2,3,3,3,22,3,4,0,36,0.859313,5.09138,6,10,0,0,0,2,7263.8,1.02706
W2,V1,jan_mar_to_jul_sep,none,9,warming,M,25,26,0.318864,2.42718,1,1,7,14,24,25,25,22,21,4,4,36,0.443566,3.75436,31,10,10,16,54,2,7263.8,1.02706
W2,V1,jan_mar_to_jul_sep,none,9,warming,M1b,25,26,0.475422,2.82076,1,0,0,9,14,16,19,22,13,4,3,36,0.139196,1.76299,33,10,6,0,15,2,7263.8,1.02706
W2,V1,jan_mar_to_jul_sep,none,9,warming,M2,25,26,0.194452,1.66761,1,1,3,20,25,25,26,22,21,4,4,36,0.168462,2.24268,36,10,10,13,46,2,7263.8,1.02706
W2,V1,jan_mar_to_jul_sep,none,9,warming,oracle,25,26,0.13328,1.26078,1,1,0,,,,,22,,4,,36,0.0760803,1.11009,,10,9,3,24,2,7263.8,1.02706
W2,V1,jan_mar_to_jul_sep,none,9,cooling,B0,9,13,0.290023,1.7901,1,0,0,2,6,7,9,10,4,3,3,18,0.285147,2.11026,3,5,0,0,0,1,7263.8,1.02706
W2,V1,jan_mar_to_jul_sep,none,9,cooling,M,9,13,0.379263,1.84198,1,1,2,3,10,13,13,10,10,3,3,18,0.294033,2.22257,15,5,5,8,27,1,7263.8,1.02706
W2,V1,jan_mar_to_jul_sep,none,9,cooling,M1b,9,13,0.107544,0.934143,1,0,0,9,10,11,12,10,8,3,3,18,0.0248425,0.579387,18,5,3,0,7,1,7263.8,1.02706
W2,V1,jan_mar_to_jul_sep,none,9,cooling,M2,9,13,0.167538,1.09055,1,1,0,10,13,13,13,10,10,3,3,18,0.111154,1.33283,18,5,5,6,22,1,7263.8,1.02706
W2,V1,jan_mar_to_jul_sep,none,9,cooling,oracle,9,13,0.191514,1.08014,1,0,0,,,,,10,,3,,18,0.0116537,0.390304,,5,3,0,5,1,7263.8,1.02706
W2,V1,jan_mar_to_jul_sep,none,10,warming,B0,41,26,3.01837,8.04597,5,0,0,3,4,4,4,23,3,3,1,34,2.13919,8.22178,3,18,0,0,0,2,9762.3,1.00611
W2,V1,jan_mar_to_jul_sep,none,10,warming,M,41,26,0.359042,2.24494,5,0,1,16,20,23,23,23,20,3,3,34,0.129894,1.53615,33,18,14,0,31,2,9762.3,1.00611
W2,V1,jan_mar_to_jul_sep,none,10,warming,M1b,41,26,1.56701,5.55097,5,0,0,4,5,5,7,23,4,3,1,34,1.09798,5.80909,8,18,0,0,2,2,9762.3,1.00611
W2,V1,jan_mar_to_jul_sep,none,10,warming,M2,41,26,0.599659,3.26645,5,0,0,6,18,20,22,23,17,3,3,34,0.33669,2.96408,31,18,9,0,16,2,9762.3,1.00611
W2,V1,jan_mar_to_jul_sep,none,10,warming,oracle,41,26,0.103477,1.29308,5,2,1,,,,,23,,3,,34,0.166966,1.52023,,18,14,6,42,2,9762.3,1.00611
W2,V1,jan_mar_to_jul_sep,none,10,cooling,B0,11,13,0.643745,2.39899,2,0,0,3,5,6,6,11,5,2,1,17,0.407194,2.50457,5,6,0,0,0,1,9762.3,1.00611
W2,V1,jan_mar_to_jul_sep,none,10,cooling,M,11,13,0.196221,1.20813,2,0,0,7,11,11,13,11,10,2,1,17,0.103353,1.01935,16,6,6,1,14,1,9762.3,1.00611
W2,V1,jan_mar_to_jul_sep,none,10,cooling,M1b,11,13,0.230535,1.44671,2,0,0,5,8,9,9,11,8,2,1,17,0.145571,1.4093,14,6,0,0,1,1,9762.3,1.00611
W2,V1,jan_mar_to_jul_sep,none,10,cooling,M2,11,13,0.119243,1.10577,2,0,0,7,13,13,13,11,11,2,2,17,0.0429997,0.641206,17,6,4,0,7,1,9762.3,1.00611
W2,V1,jan_mar_to_jul_sep,none,10,cooling,oracle,11,13,0.133774,1.0451,2,0,0,,,,,11,,2,,17,0.0485291,0.664792,,6,5,0,8,1,9762.3,1.00611
W2,V1,jan_mar_to_jul_sep,none,11,warming,B0,43,26,1.19689,4.63678,5,0,0,4,6,8,11,22,8,4,0,34,0.588938,4.11768,9,19,4,0,10,2,5318.44,1.01955
W2,V1,jan_mar_to_jul_sep,none,11,warming,M,43,26,0.502141,2.44105,5,5,2,15,21,24,25,22,21,4,3,34,0.196922,2.36633,34,19,19,11,58,2,5318.44,1.01955
W2,V1,jan_mar_to_jul_sep,none,11,warming,M1b,43,26,0.569028,2.83206,5,2,0,10,18,20,21,22,18,4,2,34,0.144646,1.71349,31,19,12,0,28,2,5318.44,1.01955
W2,V1,jan_mar_to_jul_sep,none,11,warming,M2,43,26,0.375219,1.84226,5,4,2,17,25,25,25,22,22,4,3,34,0.0820796,1.43658,34,19,18,7,51,2,5318.44,1.01955
W2,V1,jan_mar_to_jul_sep,none,11,warming,oracle,43,26,0.255678,1.52777,5,3,0,,,,,22,,4,,34,0.0319593,0.862931,,19,15,0,37,2,5318.44,1.01955
W2,V1,jan_mar_to_jul_sep,none,11,cooling,B0,15,13,0.371307,1.79779,0,0,0,1,5,7,7,12,7,1,0,17,0.216794,1.61289,10,5,2,0,5,1,5318.44,1.01955
W2,V1,jan_mar_to_jul_sep,none,11,cooling,M,15,13,0.107395,1.04586,0,0,2,4,12,12,13,12,11,1,1,17,0.176731,1.57888,16,5,5,10,29,1,5318.44,1.01955
W2,V1,jan_mar_to_jul_sep,none,11,cooling,M1b,15,13,0.154865,1.01298,0,0,0,7,10,11,12,12,11,1,0,17,0.0707162,0.815987,15,5,5,1,14,1,5318.44,1.01955
W2,V1,jan_mar_to_jul_sep,none,11,cooling,M2,15,13,0.071712,0.800512,0,0,1,8,13,13,13,12,12,1,1,17,0.0978495,1.16977,17,5,5,7,25,1,5318.44,1.01955
W2,V1,jan_mar_to_jul_sep,none,11,cooling,oracle,15,13,0.0324938,0.554952,0,0,1,,,,,12,,1,,17,0.0113219,0.352445,,5,5,3,20,1,5318.44,1.01955
W2,V1,jan_mar_to_jul_sep,none,12,warming,B0,24,26,0.537276,3.12924,2,0,1,9,18,23,25,21,18,5,5,34,0.0894631,1.32455,34,11,8,2,18,2,4889.83,1.02407
W2,V1,jan_mar_to_jul_sep,none,12,warming,M,24,26,1.60869,5.20643,2,2,11,7,20,22,23,21,18,5,4,34,0.834333,5.03733,30,11,11,19,58,2,4889.83,1.02407
W2,V1,jan_mar_to_jul_sep,none,12,warming,M1b,24,26,0.836155,3.54615,2,2,3,12,22,22,24,21,18,5,4,34,0.276462,2.77649,32,11,11,14,45,2,4889.83,1.02407
W2,V1,jan_mar_to_jul_sep,none,12,warming,M2,24,26,1.2706,4.36905,2,2,7,10,22,22,24,21,18,5,4,34,0.615115,4.27353,31,11,11,19,58,2,4889.83,1.02407
W2,V1,jan_mar_to_jul_sep,none,12,warming,oracle,24,26,0.570495,2.54564,2,1,1,,,,,21,,5,,34,0.0416427,0.835246,,11,8,1,19,2,4889.83,1.02407
W2,V1,jan_mar_to_jul_sep,none,12,cooling,B0,17,13,0.31021,1.78277,0,0,0,5,9,10,10,11,8,2,2,17,0.137325,1.32775,15,9,5,0,9,1,4889.83,1.02407
W2,V1,jan_mar_to_jul_sep,none,12,cooling,M,17,13,0.406948,1.54469,0,0,4,9,13,13,13,11,11,2,2,17,0.14948,1.44869,17,9,9,6,29,1,4889.83,1.02407
W2,V1,jan_mar_to_jul_sep,none,12,cooling,M1b,17,13,0.244546,1.46929,0,0,0,9,12,12,12,11,10,2,2,17,0.0367384,0.633941,17,9,9,3,22,1,4889.83,1.02407
W2,V1,jan_mar_to_jul_sep,none,12,cooling,M2,17,13,0.320672,1.31742,0,0,2,9,13,13,13,11,11,2,2,17,0.0945346,1.08536,17,9,9,6,29,1,4889.83,1.02407
W2,V1,jan_mar_to_jul_sep,none,12,cooling,oracle,17,13,0.194336,1.13716,0,0,2,,,,,11,,2,,17,0.0451802,0.790901,,9,8,0,15,1,4889.83,1.02407
W2,V1,jan_mar_to_jul_sep,none,13,warming,B0,53,26,3.22098,8.85045,5,0,0,0,1,1,1,23,1,3,0,34,2.84485,9.31418,2,28,0,0,0,2,10654.4,1.05576
W2,V1,jan_mar_to_jul_sep,none,13,warming,M,53,26,0.383548,2.63265,5,0,2,9,14,22,22,23,21,3,1,34,0.242429,2.27079,26,28,23,0,45,2,10654.4,1.05576
W2,V1,jan_mar_to_jul_sep,none,13,warming,M1b,53,26,1.94826,6.56267,5,0,0,2,2,3,3,23,3,3,0,34,1.62238,6.91191,6,28,2,0,4,2,10654.4,1.05576
W2,V1,jan_mar_to_jul_sep,none,13,warming,M2,53,26,0.734766,3.8623,5,0,1,2,11,13,17,23,12,3,1,34,0.594125,3.872,21,28,9,0,25,2,10654.4,1.05576
W2,V1,jan_mar_to_jul_sep,none,13,warming,oracle,53,26,0.0803973,1.01459,5,4,2,,,,,23,,3,,34,0.040076,0.74681,,28,26,0,52,2,10654.4,1.05576
W2,V1,jan_mar_to_jul_sep,none,13,cooling,B0,20,13,0.946508,3.46577,2,0,0,0,0,0,1,12,0,1,0,17,0.884817,3.63949,1,11,0,0,0,1,10654.4,1.05576
W2,V1,jan_mar_to_jul_sep,none,13,cooling,M,20,13,0.0251929,0.494066,2,0,1,11,12,13,13,12,12,1,1,17,0.0350503,0.617537,17,11,9,1,20,1,10654.4,1.05576
W2,V1,jan_mar_to_jul_sep,none,13,cooling,M1b,20,13,0.397042,2.16214,2,0,0,0,3,3,5,12,3,1,0,17,0.429845,2.49632,7,11,1,0,2,1,10654.4,1.05576
W2,V1,jan_mar_to_jul_sep,none,13,cooling,M2,20,13,0.0748876,0.828092,2,0,0,7,11,12,13,12,11,1,1,17,0.1029,1.07839,17,11,4,0,12,1,10654.4,1.05576
W2,V1,jan_mar_to_jul_sep,none,13,cooling,oracle,20,13,0.0195241,0.420177,2,1,1,,,,,12,,1,,17,0.0260901,0.494743,,11,9,0,18,1,10654.4,1.05576
W2,V1,jan_mar_to_jul_sep,none,14,warming,B0,49,26,2.63906,7.51919,7,0,0,1,3,6,6,23,6,3,0,36,1.63469,7.31715,2,25,2,0,4,2,10778.7,1.0279
W2,V1,jan_mar_to_jul_sep,none,14,warming,M,49,26,0.34381,2.44597,7,5,2,14,22,24,25,23,21,3,3,36,0.0810791,1.1544,36,25,24,4,52,2,10778.7,1.0279
W2,V1,jan_mar_to_jul_sep,none,14,warming,M1b,49,26,1.54015,5.38942,7,0,0,6,8,12,12,23,11,3,1,36,0.635891,4.49971,17,25,2,0,8,2,10778.7,1.0279
W2,V1,jan_mar_to_jul_sep,none,14,warming,M2,49,26,0.574944,3.21003,7,0,1,7,20,21,23,23,18,3,3,36,0.118367,1.68795,36,25,17,1,39,2,10778.7,1.0279
W2,V1,jan_mar_to_jul_sep,none,14,warming,oracle,49,26,0.0889702,1.15426,7,6,2,,,,,23,,3,,36,0.01437,0.539708,,25,24,0,48,2,10778.7,1.0279
W2,V1,jan_mar_to_jul_sep,none,14,cooling,B0,16,13,0.992395,3.18596,2,0,0,0,1,2,4,12,1,1,1,18,0.50739,2.90951,2,7,1,0,2,1,10778.7,1.0279
W2,V1,jan_mar_to_jul_sep,none,14,cooling,M,16,13,0.0461336,0.605359,2,0,3,12,13,13,13,12,12,1,1,18,0.0916556,1.09037,17,7,7,7,26,1,10778.7,1.0279
W2,V1,jan_mar_to_jul_sep,none,14,cooling,M1b,16,13,0.354724,1.84765,2,0,0,3,5,9,11,12,8,1,1,18,0.16021,1.54848,16,7,1,0,4,1,10778.7,1.0279
W2,V1,jan_mar_to_jul_sep,none,14,cooling,M2,16,13,0.0809714,0.729893,2,0,0,10,13,13,13,12,12,1,1,18,0.0459807,0.557676,18,7,7,1,18,1,10778.7,1.0279
W2,V1,jan_mar_to_jul_sep,none,14,cooling,oracle,16,13,0.051471,0.618512,2,0,0,,,,,12,,1,,18,0.00807673,0.316371,,7,5,0,14,1,10778.7,1.0279
W2,V1,jan_mar_to_jul_sep,none,15,warming,B0,39,26,1.73928,5.82391,3,0,0,4,7,8,8,21,7,5,1,32,1.27791,6.14757,0,19,0,0,0,2,9173.74,1.05799
W2,V1,jan_mar_to_jul_sep,none,15,warming,M,39,26,0.348825,2.04508,3,1,1,17,24,24,25,21,19,5,5,32,0.109046,1.57563,32,19,19,5,56,2,9173.74,1.05799
W2,V1,jan_mar_to_jul_sep,none,15,warming,M1b,39,26,0.781897,3.64631,3,0,0,8,14,18,20,21,14,5,4,32,0.272567,2.51773,27,19,9,0,13,2,9173.74,1.05799
W2,V1,jan_mar_to_jul_sep,none,15,warming,M2,39,26,0.330559,1.98633,3,0,0,20,24,25,25,21,20,5,5,32,0.0443366,0.940828,32,19,18,0,43,2,9173.74,1.05799
W2,V1,jan_mar_to_jul_sep,none,15,warming,oracle,39,26,0.157279,1.30504,3,1,0,,,,,21,,5,,32,0.0455038,0.983208,,19,18,0,34,2,9173.74,1.05799
W2,V1,jan_mar_to_jul_sep,none,15,cooling,B0,18,13,0.990767,2.84284,1,0,0,2,2,4,4,10,2,3,2,16,0.568071,2.88655,1,8,0,0,0,1,9173.74,1.05799
W2,V1,jan_mar_to_jul_sep,none,15,cooling,M,18,13,0.189078,1.2798,1,1,1,5,10,11,13,10,8,3,3,16,0.0761288,0.947792,16,8,8,4,28,1,9173.74,1.05799
W2,V1,jan_mar_to_jul_sep,none,15,cooling,M1b,18,13,0.56389,1.89878,1,1,0,5,6,7,7,10,5,3,2,16,0.110151,1.10782,13,8,4,0,6,1,9173.74,1.05799
W2,V1,jan_mar_to_jul_sep,none,15,cooling,M2,18,13,0.231382,1.22404,1,1,0,9,10,11,12,10,8,3,3,16,0.0276479,0.474836,16,8,8,1,21,1,9173.74,1.05799
W2,V1,jan_mar_to_jul_sep,none,15,cooling,oracle,18,13,0.0474296,0.677079,1,1,1,,,,,10,,3,,16,0.0351048,0.612488,,8,8,3,20,1,9173.74,1.05799
W2,V1,jul_sep_to_dec,+2C_every_month,8,cooling,M2,0,13,0.543738,2.26793,0,0,0,5,10,11,12,11,9,2,2,17,0.708833,3.37633,5,0,0,2,14,1,11540,1.04668
W2,V1,jul_sep_to_dec,+2C_every_month,9,cooling,M2,0,13,0.317544,1.26818,0,0,0,9,11,11,12,11,9,2,2,18,0.319083,2.29315,16,0,0,2,4,1,7263.8,1.02706
W2,V1,jul_sep_to_dec,+2C_every_month,10,cooling,M2,0,13,0.340991,1.86408,0,0,0,3,10,11,12,10,9,3,2,18,0.297108,2.23305,10,0,0,2,3,1,9762.3,1.00611
W2,V1,jul_sep_to_dec,+2C_every_month,11,cooling,M2,1,13,0.0653884,0.787849,0,0,0,9,13,13,13,11,11,2,2,17,0.202126,1.67772,15,1,1,5,13,1,5318.44,1.01955
W2,V1,jul_sep_to_dec,+2C_every_month,12,cooling,M2,1,13,0.12538,1.06321,0,0,0,9,13,13,13,10,10,3,3,19,0.108904,0.866422,17,0,0,2,5,1,4889.83,1.02407
W2,V1,jul_sep_to_dec,+2C_every_month,13,cooling,M2,0,13,0.646979,2.68803,0,0,0,0,5,7,12,11,5,2,2,18,0.779929,3.66351,2,0,0,9,17,1,10654.4,1.05576
W2,V1,jul_sep_to_dec,+2C_every_month,14,cooling,M2,0,13,0.433032,2.07157,0,0,0,3,6,13,13,11,11,2,2,17,0.50539,2.80677,7,0,0,3,11,1,10778.7,1.0279
W2,V1,jul_sep_to_dec,+2C_every_month,15,cooling,M2,0,13,0.334022,1.40452,0,0,0,8,12,12,12,12,11,1,1,18,1.02079,4.18548,3,0,0,11,19,1,9173.74,1.05799
W2,V1,jul_sep_to_dec,+2C_forecast_month,8,cooling,M2,0,13,0.582979,2.32126,0,0,0,4,10,10,11,11,8,2,2,17,0.770071,3.52934,4,0,0,3,15,1,11540,1.04668
W2,V1,jul_sep_to_dec,+2C_forecast_month,9,cooling,M2,0,13,0.302795,1.41921,0,0,0,6,11,11,11,11,9,2,2,18,0.432979,2.69292,12,0,0,2,5,1,7263.8,1.02706
W2,V1,jul_sep_to_dec,+2C_forecast_month,10,cooling,M2,0,13,0.425979,2.13431,0,0,1,1,8,9,10,10,7,3,2,18,0.40589,2.62003,3,0,0,5,8,1,9762.3,1.00611
W2,V1,jul_sep_to_dec,+2C_forecast_month,11,cooling,M2,1,13,0.088382,0.93767,0,0,0,8,13,13,13,11,11,2,2,17,0.245956,1.87785,13,1,1,6,15,1,5318.44,1.01955
W2,V1,jul_sep_to_dec,+2C_forecast_month,12,cooling,M2,1,13,0.134934,1.11357,0,0,0,8,13,13,13,10,10,3,3,19,0.121459,1.00233,17,0,0,2,6,1,4889.83,1.02407
W2,V1,jul_sep_to_dec,+2C_forecast_month,13,cooling,M2,0,13,0.653393,2.70466,0,0,0,0,5,7,10,11,5,2,2,18,0.768959,3.63925,1,0,0,9,17,1,10654.4,1.05576
W2,V1,jul_sep_to_dec,+2C_forecast_month,14,cooling,M2,0,13,0.459101,2.14262,0,0,0,3,6,10,12,11,8,2,2,17,0.61308,3.15806,2,0,0,3,11,1,10778.7,1.0279
W2,V1,jul_sep_to_dec,+2C_forecast_month,15,cooling,M2,0,13,0.368538,1.52527,0,0,0,7,11,12,12,12,11,1,1,18,1.06249,4.27984,1,0,0,12,20,1,9173.74,1.05799
W2,V1,jul_sep_to_dec,-2C_every_month,8,cooling,M2,0,13,0.487682,2.14707,0,0,0,5,10,11,12,11,9,2,2,17,0.55746,2.99212,5,0,0,1,9,1,11540,1.04668
W2,V1,jul_sep_to_dec,-2C_every_month,9,cooling,M2,0,13,0.308918,1.16987,0,0,0,9,11,11,12,11,9,2,2,18,0.228146,1.9215,17,0,0,0,1,1,7263.8,1.02706
W2,V1,jul_sep_to_dec,-2C_every_month,10,cooling,M2,0,13,0.268887,1.60623,0,0,0,4,10,12,12,10,9,3,3,18,0.214779,1.89191,14,0,0,2,2,1,9762.3,1.00611
W2,V1,jul_sep_to_dec,-2C_every_month,11,cooling,M2,1,13,0.0524209,0.732853,0,0,0,10,13,13,13,11,11,2,2,17,0.13756,1.33616,15,1,1,4,12,1,5318.44,1.01955
W2,V1,jul_sep_to_dec,-2C_every_month,12,cooling,M2,1,13,0.110085,0.961909,0,0,0,7,13,13,13,10,10,3,3,19,0.0882026,0.764765,18,0,0,0,2,1,4889.83,1.02407
W2,V1,jul_sep_to_dec,-2C_every_month,13,cooling,M2,0,13,0.49839,2.31806,0,0,0,1,7,12,12,11,10,2,2,18,0.551341,3.03165,3,0,0,6,11,1,10654.4,1.05576
W2,V1,jul_sep_to_dec,-2C_every_month,14,cooling,M2,0,13,0.311358,1.72008,0,0,0,4,11,13,13,11,11,2,2,17,0.425718,2.63608,6,0,0,1,6,1,10778.7,1.0279
W2,V1,jul_sep_to_dec,-2C_every_month,15,cooling,M2,0,13,0.310554,1.31728,0,0,0,9,12,12,12,12,11,1,1,18,0.925395,3.96567,4,0,0,11,19,1,9173.74,1.05799
W2,V1,jul_sep_to_dec,-2C_forecast_month,8,cooling,M2,0,13,0.44527,2.04996,0,0,0,6,11,12,12,11,10,2,2,17,0.454013,2.69524,13,0,0,1,5,1,11540,1.04668
W2,V1,jul_sep_to_dec,-2C_forecast_month,9,cooling,M2,0,13,0.321423,1.17021,0,0,0,11,11,12,12,11,10,2,2,18,0.225543,1.87804,17,0,0,0,0,1,7263.8,1.02706
W2,V1,jul_sep_to_dec,-2C_forecast_month,10,cooling,M2,0,13,0.220709,1.402,0,0,0,8,12,12,13,10,9,3,3,18,0.147731,1.55036,18,0,0,1,1,1,9762.3,1.00611
W2,V1,jul_sep_to_dec,-2C_forecast_month,11,cooling,M2,1,13,0.0373526,0.617022,0,0,0,13,13,13,13,11,11,2,2,17,0.0984581,1.08585,17,1,1,1,6,1,5318.44,1.01955
W2,V1,jul_sep_to_dec,-2C_forecast_month,12,cooling,M2,1,13,0.110259,0.953742,0,0,0,7,13,13,13,10,10,3,3,19,0.0867875,0.774411,18,0,0,0,1,1,4889.83,1.02407
W2,V1,jul_sep_to_dec,-2C_forecast_month,13,cooling,M2,0,13,0.424729,2.1068,0,0,0,3,9,12,12,11,10,2,2,18,0.473678,2.782,12,0,0,3,7,1,10654.4,1.05576
W2,V1,jul_sep_to_dec,-2C_forecast_month,14,cooling,M2,0,13,0.26723,1.5521,0,0,0,5,13,13,13,11,11,2,2,17,0.327737,2.28565,14,0,0,0,3,1,10778.7,1.0279
W2,V1,jul_sep_to_dec,-2C_forecast_month,15,cooling,M2,0,13,0.285936,1.26426,0,0,0,11,12,12,12,12,11,1,1,18,0.872247,3.82457,9,0,0,10,16,1,9173.74,1.05799
W2,V1,jul_sep_to_dec,none,8,cooling,B0,0,13,0.905168,2.84798,0,0,2,4,4,5,9,11,5,2,0,17,1.30761,4.61023,2,0,0,10,26,1,11540,1.04668
W2,V1,jul_sep_to_dec,none,8,cooling,M,0,13,0.413873,1.92432,0,0,0,7,12,13,13,11,11,2,2,17,0.595747,3.13778,6,0,0,1,9,1,11540,1.04668
W2,V1,jul_sep_to_dec,none,8,cooling,M1b,0,13,0.680832,2.46957,0,0,0,4,4,10,11,11,8,2,2,17,0.95205,3.92668,3,0,0,5,17,1,11540,1.04668
W2,V1,jul_sep_to_dec,none,8,cooling,M2,0,13,0.499006,2.178,0,0,0,3,10,11,12,11,9,2,2,17,0.601491,3.11281,5,0,0,1,9,1,11540,1.04668
W2,V1,jul_sep_to_dec,none,8,cooling,oracle,0,13,0.0920046,0.761745,0,0,0,,,,,11,,2,,17,0.0347691,0.603897,,0,0,0,0,1,11540,1.04668
W2,V1,jul_sep_to_dec,none,9,cooling,B0,0,13,0.385677,2.02704,0,0,2,1,6,8,11,11,7,2,1,18,0.812234,3.74382,4,0,0,9,17,1,7263.8,1.02706
W2,V1,jul_sep_to_dec,none,9,cooling,M,0,13,0.327362,1.13834,0,0,0,11,11,12,12,11,10,2,2,18,0.161141,1.60902,18,0,0,1,2,1,7263.8,1.02706
W2,V1,jul_sep_to_dec,none,9,cooling,M1b,0,13,0.341266,1.64899,0,0,0,3,8,11,11,11,9,2,2,18,0.515513,2.96816,4,0,0,3,7,1,7263.8,1.02706
W2,V1,jul_sep_to_dec,none,9,cooling,M2,0,13,0.304167,1.24815,0,0,0,9,11,11,12,11,9,2,2,18,0.316367,2.2763,16,0,0,1,3,1,7263.8,1.02706
W2,V1,jul_sep_to_dec,none,9,cooling,oracle,0,13,0.024469,0.417894,0,0,0,,,,,11,,2,,18,0.0277672,0.618334,,0,0,0,0,1,7263.8,1.02706
W2,V1,jul_sep_to_dec,none,10,cooling,B0,0,13,0.874194,3.19639,0,0,2,0,3,3,3,10,3,3,0,18,0.910204,3.94477,1,0,0,8,20,1,9762.3,1.00611
W2,V1,jul_sep_to_dec,none,10,cooling,M,0,13,0.212173,1.36162,0,0,0,8,10,12,12,10,9,3,3,18,0.149016,1.54044,18,0,0,2,2,1,9762.3,1.00611
W2,V1,jul_sep_to_dec,none,10,cooling,M1b,0,13,0.577697,2.53734,0,0,1,0,3,4,7,10,3,3,1,18,0.558103,3.0752,1,0,0,6,11,1,9762.3,1.00611
W2,V1,jul_sep_to_dec,none,10,cooling,M2,0,13,0.309904,1.75438,0,0,0,3,10,12,12,10,9,3,3,18,0.262775,2.09491,12,0,0,2,2,1,9762.3,1.00611
W2,V1,jul_sep_to_dec,none,10,cooling,oracle,0,13,0.0572124,0.59613,0,0,0,,,,,10,,3,,18,0.0186491,0.513672,,0,0,0,0,1,9762.3,1.00611
W2,V1,jul_sep_to_dec,none,11,cooling,B0,1,13,0.295293,1.78881,0,0,1,6,8,8,10,11,6,2,2,17,0.552742,2.94878,0,1,1,13,26,1,5318.44,1.01955
W2,V1,jul_sep_to_dec,none,11,cooling,M,1,13,0.044961,0.664506,0,0,0,13,13,13,13,11,11,2,2,17,0.0990133,1.10943,17,1,1,1,7,1,5318.44,1.01955
W2,V1,jul_sep_to_dec,none,11,cooling,M1b,1,13,0.150876,1.24929,0,0,0,7,9,12,13,11,10,2,2,17,0.323474,2.18925,8,1,1,8,18,1,5318.44,1.01955
W2,V1,jul_sep_to_dec,none,11,cooling,M2,1,13,0.0541809,0.736384,0,0,0,10,13,13,13,11,11,2,2,17,0.162391,1.45969,15,1,1,4,12,1,5318.44,1.01955
W2,V1,jul_sep_to_dec,none,11,cooling,oracle,1,13,0.0480254,0.684292,0,0,0,,,,,11,,2,,17,0.0497819,0.859024,,1,0,0,0,1,5318.44,1.01955
W2,V1,jul_sep_to_dec,none,12,cooling,B0,1,13,0.244164,1.46379,0,0,0,6,9,12,13,10,9,3,3,19,0.264899,1.9195,13,0,0,9,14,1,4889.83,1.02407
W2,V1,jul_sep_to_dec,none,12,cooling,M,1,13,0.101969,0.91779,0,0,0,7,13,13,13,10,10,3,3,19,0.0855875,0.775642,18,0,0,1,3,1,4889.83,1.02407
W2,V1,jul_sep_to_dec,none,12,cooling,M1b,1,13,0.168548,1.25921,0,0,0,8,11,13,13,10,10,3,3,19,0.139914,1.11306,17,0,0,4,8,1,4889.83,1.02407
W2,V1,jul_sep_to_dec,none,12,cooling,M2,1,13,0.117687,1.01505,0,0,0,8,13,13,13,10,10,3,3,19,0.0986203,0.785574,17,0,0,1,4,1,4889.83,1.02407
W2,V1,jul_sep_to_dec,none,12,cooling,oracle,1,13,0.12334,0.820251,0,0,0,,,,,10,,3,,19,0.0174878,0.409104,,0,0,2,3,1,4889.83,1.02407
W2,V1,jul_sep_to_dec,none,13,cooling,B0,0,13,1.10787,3.5968,0,0,1,0,1,2,3,11,1,2,1,18,1.2371,4.66669,0,0,0,14,26,1,10654.4,1.05576
W2,V1,jul_sep_to_dec,none,13,cooling,M,0,13,0.406298,2.04018,0,0,0,3,9,12,12,11,10,2,2,18,0.445003,2.66597,7,0,0,2,6,1,10654.4,1.05576
W2,V1,jul_sep_to_dec,none,13,cooling,M1b,0,13,0.828895,3.09953,0,0,0,0,1,3,6,11,2,2,1,18,0.927966,4.01929,0,0,0,11,21,1,10654.4,1.05576
W2,V1,jul_sep_to_dec,none,13,cooling,M2,0,13,0.528032,2.39629,0,0,0,1,7,11,12,11,9,2,2,18,0.61307,3.21896,3,0,0,6,12,1,10654.4,1.05576
W2,V1,jul_sep_to_dec,none,13,cooling,oracle,0,13,0.142002,0.80661,0,0,0,,,,,11,,2,,18,0.0542653,0.654864,,0,0,0,0,1,10654.4,1.05576
W2,V1,jul_sep_to_dec,none,14,cooling,B0,0,13,0.86437,3.15658,0,0,2,0,4,4,5,11,3,2,1,17,1.12056,4.30852,1,0,0,14,26,1,10778.7,1.0279
W2,V1,jul_sep_to_dec,none,14,cooling,M,0,13,0.260624,1.50987,0,0,0,5,13,13,13,11,11,2,2,17,0.289516,2.13543,13,0,0,0,3,1,10778.7,1.0279
W2,V1,jul_sep_to_dec,none,14,cooling,M1b,0,13,0.608506,2.57483,0,0,0,1,4,5,8,11,4,2,1,17,0.816258,3.66383,1,0,0,8,17,1,10778.7,1.0279
W2,V1,jul_sep_to_dec,none,14,cooling,M2,0,13,0.351628,1.83202,0,0,0,4,10,13,13,11,11,2,2,17,0.460628,2.7281,7,0,0,2,8,1,10778.7,1.0279
W2,V1,jul_sep_to_dec,none,14,cooling,oracle,0,13,0.136546,0.780593,0,0,0,,,,,11,,2,,17,0.00746926,0.272613,,0,0,0,0,1,10778.7,1.0279
W2,V1,jul_sep_to_dec,none,15,cooling,B0,0,13,0.626923,2.32855,0,0,0,4,5,6,8,12,5,1,1,18,1.37601,4.90472,1,0,0,13,26,1,9173.74,1.05799
W2,V1,jul_sep_to_dec,none,15,cooling,M,0,13,0.273765,1.227,0,0,0,11,12,12,12,12,11,1,1,18,0.858018,3.77865,5,0,0,9,16,1,9173.74,1.05799
W2,V1,jul_sep_to_dec,none,15,cooling,M1b,0,13,0.469083,1.82223,0,0,0,5,7,9,11,12,8,1,1,18,1.16668,4.50465,1,0,0,12,22,1,9173.74,1.05799
W2,V1,jul_sep_to_dec,none,15,cooling,M2,0,13,0.317542,1.35139,0,0,0,8,12,12,12,12,11,1,1,18,0.965186,4.05588,4,0,0,11,19,1,9173.74,1.05799
W2,V1,jul_sep_to_dec,none,15,cooling,oracle,0,13,0.130201,0.973131,0,0,0,,,,,12,,1,,18,0.0160439,0.419012,,0,0,0,0,1,9173.74,1.05799
W2,V2,rolling,none,8,warming,B0,17,65,1.48398,7.76489,2,0,0,25,41,48,51,55,41,10,7,80,1.50788,9.41423,42,7,3,10,50,5,11540,1.04668
W2,V2,rolling,none,8,warming,M,17,65,1.55245,7.88475,2,0,1,24,42,46,51,55,40,10,6,80,1.50388,9.47719,37,7,3,12,52,5,11540,1.04668
W2,V2,rolling,none,8,warming,M1b,17,65,1.5583,7.91187,2,0,1,24,41,46,51,55,40,10,6,80,1.51497,9.50179,40,7,3,12,51,5,11540,1.04668
W2,V2,rolling,none,8,warming,M2,17,65,1.55564,7.89671,2,0,1,24,41,46,51,55,40,10,6,80,1.50238,9.45351,37,7,3,12,53,5,11540,1.04668
W2,V2,rolling,none,8,warming,oracle,17,65,1.53165,6.55826,2,0,1,,,,,55,,10,,80,0.277773,3.57671,,7,5,2,21,5,11540,1.04668
W2,V2,rolling,none,8,cooling,B0,0,52,1.61764,6.64067,0,0,2,24,38,44,47,42,34,10,10,67,0.868256,6.67777,39,0,0,7,28,4,11540,1.04668
W2,V2,rolling,none,8,cooling,M,0,52,1.43559,6.51806,0,0,1,22,37,42,47,42,33,10,9,67,0.854535,6.78989,42,0,0,6,25,4,11540,1.04668
W2,V2,rolling,none,8,cooling,M1b,0,52,1.43783,6.4994,0,0,1,23,38,42,47,42,33,10,9,67,0.858169,6.75481,43,0,0,6,24,4,11540,1.04668
W2,V2,rolling,none,8,cooling,M2,0,52,1.43638,6.51477,0,0,1,22,37,42,47,42,33,10,9,67,0.848195,6.75601,42,0,0,6,25,4,11540,1.04668
W2,V2,rolling,none,8,cooling,oracle,0,52,0.76186,4.20271,0,0,0,,,,,42,,10,,67,0.119627,2.36979,,0,0,2,2,4,11540,1.04668
W2,V2,rolling,none,9,warming,B0,7,65,1.2371,6.54736,0,0,0,31,46,55,59,54,46,11,9,87,0.306371,3.9179,79,3,3,8,19,5,7263.8,1.02706
W2,V2,rolling,none,9,warming,M,7,65,1.17761,6.32628,0,0,0,33,48,55,59,54,46,11,9,87,0.331032,4.20089,80,3,3,7,20,5,7263.8,1.02706
W2,V2,rolling,none,9,warming,M1b,7,65,1.18933,6.33322,0,0,0,33,48,56,59,54,47,11,9,87,0.300378,3.93718,80,3,3,6,18,5,7263.8,1.02706
W2,V2,rolling,none,9,warming,M2,7,65,1.1794,6.32668,0,0,0,33,48,55,59,54,46,11,9,87,0.332217,4.21554,81,3,3,6,18,5,7263.8,1.02706
W2,V2,rolling,none,9,warming,oracle,7,65,0.585265,3.93155,0,0,1,,,,,54,,11,,87,0.150226,2.58533,,3,1,2,5,5,7263.8,1.02706
W2,V2,rolling,none,9,cooling,B0,0,52,0.976801,5.57671,0,0,0,23,39,45,49,45,39,7,6,70,0.363347,4.02675,59,0,0,6,8,4,7263.8,1.02706
W2,V2,rolling,none,9,cooling,M,0,52,1.03409,5.69228,0,0,0,20,39,45,49,45,39,7,6,70,0.332959,3.85397,61,0,0,6,8,4,7263.8,1.02706
W2,V2,rolling,none,9,cooling,M1b,0,52,1.03734,5.72639,0,0,0,20,38,45,49,45,39,7,6,70,0.325359,3.76497,62,0,0,6,8,4,7263.8,1.02706
W2,V2,rolling,none,9,cooling,M2,0,52,1.03524,5.70684,0,0,0,20,38,45,49,45,39,7,6,70,0.331277,3.81097,62,0,0,6,8,4,7263.8,1.02706
W2,V2,rolling,none,9,cooling,oracle,0,52,0.481171,3.31546,0,0,0,,,,,45,,7,,70,0.0994807,2.09785,,0,0,0,0,4,7263.8,1.02706
W2,V2,rolling,none,10,warming,B0,6,65,1.14107,6.70609,0,0,0,20,44,53,57,54,43,11,10,86,0.340111,4.48677,78,2,0,5,15,5,9762.3,1.00611
W2,V2,rolling,none,10,warming,M,6,65,0.980368,6.23703,0,0,0,25,46,56,58,54,46,11,10,86,0.340039,4.5,80,2,0,5,14,5,9762.3,1.00611
W2,V2,rolling,none,10,warming,M1b,6,65,0.988078,6.29002,0,0,0,24,46,54,58,54,44,11,10,86,0.326871,4.38404,80,2,0,5,14,5,9762.3,1.00611
W2,V2,rolling,none,10,warming,M2,6,65,0.984072,6.24742,0,0,0,25,46,55,58,54,45,11,10,86,0.336639,4.48672,81,2,0,5,14,5,9762.3,1.00611
W2,V2,rolling,none,10,warming,oracle,6,65,0.555818,4.33011,0,0,0,,,,,54,,11,,86,0.129277,2.54938,,2,0,1,5,5,9762.3,1.00611
W2,V2,rolling,none,10,cooling,B0,0,52,0.786561,5.20319,0,0,0,14,36,40,48,45,35,7,5,68,0.608345,5.52375,40,0,0,11,18,4,9762.3,1.00611
W2,V2,rolling,none,10,cooling,M,0,52,0.780179,4.97493,0,0,0,19,38,43,46,45,37,7,6,68,0.396614,4.47093,48,0,0,11,16,4,9762.3,1.00611
W2,V2,rolling,none,10,cooling,M1b,0,52,0.758864,4.91672,0,0,0,19,38,43,46,45,37,7,6,68,0.3718,4.29584,49,0,0,9,14,4,9762.3,1.00611
W2,V2,rolling,none,10,cooling,M2,0,52,0.774782,4.9604,0,0,0,19,38,43,46,45,37,7,6,68,0.389517,4.41807,47,0,0,11,16,4,9762.3,1.00611
W2,V2,rolling,none,10,cooling,oracle,0,52,0.418104,3.24064,0,0,0,,,,,45,,7,,68,0.0815495,1.94995,,0,0,0,0,4,9762.3,1.00611
W2,V2,rolling,none,11,warming,B0,49,65,0.959966,5.15912,4,2,2,36,58,59,61,55,49,10,10,86,0.227804,3.37741,75,19,14,5,51,5,5318.44,1.01955
W2,V2,rolling,none,11,warming,M,49,65,0.923245,5.05985,4,2,2,36,58,60,61,55,50,10,10,86,0.228351,3.43561,78,19,15,5,55,5,5318.44,1.01955
W2,V2,rolling,none,11,warming,M1b,49,65,0.901719,4.96298,4,2,2,37,59,60,61,55,50,10,10,86,0.264934,3.70185,74,19,15,6,57,5,5318.44,1.01955
W2,V2,rolling,none,11,warming,M2,49,65,0.923787,5.06223,4,2,2,36,58,60,61,55,50,10,10,86,0.230548,3.44025,79,19,15,5,56,5,5318.44,1.01955
W2,V2,rolling,none,11,warming,oracle,49,65,0.629115,3.7768,4,1,0,,,,,55,,10,,86,0.0715592,1.92523,,19,12,1,34,5,5318.44,1.01955
W2,V2,rolling,none,11,cooling,B0,24,52,0.315773,2.98527,0,0,1,34,42,47,51,46,42,6,5,69,0.271531,3.65477,58,11,10,14,54,4,5318.44,1.01955
W2,V2,rolling,none,11,cooling,M,24,52,0.337272,3.18079,0,0,0,35,46,49,51,46,43,6,6,69,0.323049,4.02711,65,11,10,16,57,4,5318.44,1.01955
W2,V2,rolling,none,11,cooling,M1b,24,52,0.290303,3.04952,0,0,0,34,47,50,51,46,44,6,6,69,0.359468,4.10981,61,11,10,19,60,4,5318.44,1.01955
W2,V2,rolling,none,11,cooling,M2,24,52,0.327445,3.09587,0,0,0,35,46,49,51,46,43,6,6,69,0.321858,3.99719,65,11,10,16,57,4,5318.44,1.01955
W2,V2,rolling,none,11,cooling,oracle,24,52,0.138153,2.20938,0,0,1,,,,,46,,6,,69,0.0940491,1.85726,,11,8,1,23,4,5318.44,1.01955
W2,V2,rolling,none,12,warming,B0,29,65,1.35704,6.94864,1,0,4,30,50,56,59,54,47,11,9,86,0.84051,6.27135,67,11,10,22,66,5,4889.83,1.02407
W2,V2,rolling,none,12,warming,M,29,65,1.41685,7.03035,1,0,3,32,51,57,58,54,48,11,9,86,0.941579,6.65326,67,11,10,22,66,5,4889.83,1.02407
W2,V2,rolling,none,12,warming,M1b,29,65,1.38437,6.94428,1,0,3,32,52,57,58,54,48,11,9,86,0.882356,6.59325,68,11,10,22,66,5,4889.83,1.02407
W2,V2,rolling,none,12,warming,M2,29,65,1.3821,6.92475,1,0,3,32,52,57,58,54,48,11,9,86,0.876204,6.58186,68,11,10,21,65,5,4889.83,1.02407
W2,V2,rolling,none,12,warming,oracle,29,65,0.605392,4.14512,1,0,0,,,,,54,,11,,86,0.271125,2.8902,,11,4,4,23,5,4889.83,1.02407
W2,V2,rolling,none,12,cooling,B0,41,52,0.864161,5.19557,0,0,0,28,37,42,47,44,34,8,8,71,0.252416,3.50264,67,24,8,3,27,4,4889.83,1.02407
W2,V2,rolling,none,12,cooling,M,41,52,0.903643,5.30784,0,0,0,28,37,42,47,44,35,8,7,71,0.264607,3.67204,67,24,7,5,27,4,4889.83,1.02407
W2,V2,rolling,none,12,cooling,M1b,41,52,0.880543,5.24541,0,0,0,27,38,43,47,44,35,8,8,71,0.271158,3.70685,67,24,6,5,26,4,4889.83,1.02407
W2,V2,rolling,none,12,cooling,M2,41,52,0.896817,5.28606,0,0,0,27,37,42,47,44,35,8,7,71,0.261152,3.63835,66,24,7,5,27,4,4889.83,1.02407
W2,V2,rolling,none,12,cooling,oracle,41,52,0.428715,3.26069,0,0,3,,,,,44,,8,,71,0.108795,2.20214,,24,5,0,20,4,4889.83,1.02407
W2,V2,rolling,none,13,warming,B0,35,65,0.784786,5.90618,1,0,0,19,45,51,59,55,43,10,8,85,0.708904,6.05148,62,20,7,10,34,5,10654.4,1.05576
W2,V2,rolling,none,13,warming,M,35,65,0.796062,6.09705,1,0,0,14,41,50,56,55,42,10,8,85,0.605252,5.92028,61,20,6,11,32,5,10654.4,1.05576
W2,V2,rolling,none,13,warming,M1b,35,65,0.804442,6.12431,1,0,0,15,43,49,57,55,42,10,7,85,0.661339,6.11201,61,20,6,9,29,5,10654.4,1.05576
W2,V2,rolling,none,13,warming,M2,35,65,0.803919,6.11842,1,0,0,15,43,50,57,55,42,10,8,85,0.645886,6.07375,63,20,6,10,32,5,10654.4,1.05576
W2,V2,rolling,none,13,warming,oracle,35,65,0.391495,3.59438,1,0,0,,,,,55,,10,,85,0.156561,2.80937,,20,12,2,29,5,10654.4,1.05576
W2,V2,rolling,none,13,cooling,B0,6,52,0.75006,4.56272,0,0,1,25,42,45,46,42,38,10,7,69,0.627752,4.63533,54,3,3,16,37,4,10654.4,1.05576
W2,V2,rolling,none,13,cooling,M,6,52,0.611812,4.1226,0,0,1,25,43,47,48,42,39,10,8,69,0.443683,4.13043,56,3,3,11,29,4,10654.4,1.05576
W2,V2,rolling,none,13,cooling,M1b,6,52,0.618381,4.13902,0,0,1,24,43,46,48,42,38,10,8,69,0.450773,4.19009,58,3,2,11,28,4,10654.4,1.05576
W2,V2,rolling,none,13,cooling,M2,6,52,0.614356,4.13325,0,0,1,24,43,47,48,42,39,10,8,69,0.449426,4.1989,56,3,2,12,29,4,10654.4,1.05576
W2,V2,rolling,none,13,cooling,oracle,6,52,0.435941,2.6257,0,0,0,,,,,42,,10,,69,0.106168,1.97233,,3,2,0,4,4,10654.4,1.05576
W2,V2,rolling,none,14,warming,B0,12,65,0.696271,5.23211,2,0,0,25,50,58,61,54,48,11,10,86,0.844414,6.88505,59,5,2,12,33,5,10778.7,1.0279
W2,V2,rolling,none,14,warming,M,12,65,0.657417,5.01276,2,0,0,28,52,58,61,54,49,11,9,86,0.847869,6.82473,60,5,2,15,35,5,10778.7,1.0279
W2,V2,rolling,none,14,warming,M1b,12,65,0.65435,5.02539,2,0,0,29,52,59,61,54,50,11,9,86,0.852043,6.84686,59,5,2,15,34,5,10778.7,1.0279
W2,V2,rolling,none,14,warming,M2,12,65,0.657486,5.0139,2,0,0,28,52,58,61,54,49,11,9,86,0.854314,6.86114,59,5,2,15,35,5,10778.7,1.0279
W2,V2,rolling,none,14,warming,oracle,12,65,0.377277,3.32938,2,1,2,,,,,54,,11,,86,0.058303,1.65731,,5,4,1,13,5,10778.7,1.0279
W2,V2,rolling,none,14,cooling,B0,20,52,0.697207,4.69637,1,0,0,16,36,44,46,46,39,6,5,67,0.466672,4.56861,54,9,2,4,29,4,10778.7,1.0279
W2,V2,rolling,none,14,cooling,M,20,52,0.694071,4.66593,1,0,0,16,37,42,44,46,38,6,4,67,0.424911,4.51961,54,9,1,5,25,4,10778.7,1.0279
W2,V2,rolling,none,14,cooling,M1b,20,52,0.691621,4.65833,1,0,0,18,36,43,44,46,39,6,4,67,0.442064,4.54053,55,9,1,4,26,4,10778.7,1.0279
W2,V2,rolling,none,14,cooling,M2,20,52,0.693562,4.66657,1,0,0,17,37,42,44,46,38,6,4,67,0.427941,4.52653,54,9,1,4,25,4,10778.7,1.0279
W2,V2,rolling,none,14,cooling,oracle,20,52,0.523913,3.31192,1,1,1,,,,,46,,6,,67,0.0734931,1.7439,,9,6,4,20,4,10778.7,1.0279
W2,V2,rolling,none,15,warming,B0,19,65,1.08195,6.12056,1,0,1,23,44,54,59,57,48,8,6,86,0.293034,4.00582,76,11,6,11,24,5,9173.74,1.05799
W2,V2,rolling,none,15,warming,M,19,65,1.10957,6.18536,1,0,1,23,45,56,59,57,50,8,6,86,0.284811,3.90682,78,11,6,12,25,5,9173.74,1.05799
W2,V2,rolling,none,15,warming,M1b,19,65,1.09065,6.13722,1,0,1,24,45,55,59,57,49,8,6,86,0.276209,3.85501,78,11,6,12,25,5,9173.74,1.05799
W2,V2,rolling,none,15,warming,M2,19,65,1.105,6.17581,1,0,1,23,45,55,59,57,49,8,6,86,0.290234,3.93038,77,11,6,12,25,5,9173.74,1.05799
W2,V2,rolling,none,15,warming,oracle,19,65,0.461321,3.72533,1,0,0,,,,,57,,8,,86,0.13243,2.56669,,11,7,4,14,5,9173.74,1.05799
W2,V2,rolling,none,15,cooling,B0,17,52,0.536538,4.14086,0,0,0,26,37,44,47,46,39,6,5,70,0.357832,4.07832,56,13,11,17,38,4,9173.74,1.05799
W2,V2,rolling,none,15,cooling,M,17,52,0.419728,3.82658,0,0,0,23,40,44,47,46,39,6,5,70,0.290245,3.79055,58,13,10,14,33,4,9173.74,1.05799
W2,V2,rolling,none,15,cooling,M1b,17,52,0.471252,3.94016,0,0,0,25,42,44,47,46,39,6,5,70,0.320714,3.87809,59,13,11,15,35,4,9173.74,1.05799
W2,V2,rolling,none,15,cooling,M2,17,52,0.460586,3.91779,0,0,0,26,42,44,47,46,39,6,5,70,0.317333,3.87549,59,13,11,15,35,4,9173.74,1.05799
W2,V2,rolling,none,15,cooling,oracle,17,52,0.29753,2.97218,0,0,0,,,,,46,,6,,70,0.164678,2.25431,,13,8,2,17,4,9173.74,1.05799
W2,V2,jan_mar_to_jul_sep,none,8,warming,B0,4,26,0.442721,2.38719,1,0,0,10,18,21,22,22,19,4,2,32,0.217502,2.03682,26,1,0,2,4,2,11540,1.04668
W2,V2,jan_mar_to_jul_sep,none,8,warming,M,4,26,0.430162,2.34925,1,0,0,9,18,21,22,22,19,4,2,32,0.19592,1.9225,26,1,0,2,4,2,11540,1.04668
W2,V2,jan_mar_to_jul_sep,none,8,warming,M1b,4,26,0.43239,2.3714,1,0,0,8,18,20,22,22,18,4,2,32,0.198739,1.93794,26,1,0,2,4,2,11540,1.04668
W2,V2,jan_mar_to_jul_sep,none,8,warming,M2,4,26,0.431958,2.36307,1,0,0,9,18,21,22,22,19,4,2,32,0.193319,1.90898,26,1,0,2,4,2,11540,1.04668
W2,V2,jan_mar_to_jul_sep,none,8,warming,oracle,4,26,0.346374,1.79279,1,0,0,,,,,22,,4,,32,0.162491,1.52212,,1,0,1,4,2,11540,1.04668
W2,V2,jan_mar_to_jul_sep,none,8,cooling,B0,0,13,0.245084,1.61148,0,0,0,2,9,9,12,11,7,2,2,16,0.0516572,0.609998,16,0,0,1,2,1,11540,1.04668
W2,V2,jan_mar_to_jul_sep,none,8,cooling,M,0,13,0.252368,1.61064,0,0,0,2,9,10,12,11,8,2,2,16,0.0370844,0.565205,16,0,0,1,2,1,11540,1.04668
W2,V2,jan_mar_to_jul_sep,none,8,cooling,M1b,0,13,0.248772,1.6009,0,0,0,2,9,10,11,11,8,2,2,16,0.0394466,0.577792,16,0,0,1,2,1,11540,1.04668
W2,V2,jan_mar_to_jul_sep,none,8,cooling,M2,0,13,0.25033,1.60737,0,0,0,2,9,10,12,11,8,2,2,16,0.0357355,0.561645,16,0,0,1,2,1,11540,1.04668
W2,V2,jan_mar_to_jul_sep,none,8,cooling,oracle,0,13,0.356531,1.81224,0,0,0,,,,,11,,2,,16,0.0340205,0.651367,,0,0,1,2,1,11540,1.04668
W2,V2,jan_mar_to_jul_sep,none,9,warming,B0,0,26,0.207882,1.53177,0,0,0,16,23,24,25,22,20,4,4,36,0.24185,2.5375,25,0,0,6,14,2,7263.8,1.02706
W2,V2,jan_mar_to_jul_sep,none,9,warming,M,0,26,0.194898,1.55821,0,0,0,18,24,24,25,22,20,4,4,36,0.262438,2.71622,25,0,0,6,14,2,7263.8,1.02706
W2,V2,jan_mar_to_jul_sep,none,9,warming,M1b,0,26,0.198349,1.54601,0,0,0,17,24,24,25,22,20,4,4,36,0.244491,2.60018,25,0,0,6,14,2,7263.8,1.02706
W2,V2,jan_mar_to_jul_sep,none,9,warming,M2,0,26,0.195895,1.55403,0,0,0,17,24,24,25,22,20,4,4,36,0.252669,2.64837,25,0,0,6,14,2,7263.8,1.02706
W2,V2,jan_mar_to_jul_sep,none,9,warming,oracle,0,26,0.167153,1.3968,0,0,0,,,,,22,,4,,36,0.0945531,1.34039,,0,0,0,1,2,7263.8,1.02706
W2,V2,jan_mar_to_jul_sep,none,9,cooling,B0,0,13,0.268282,1.39108,0,0,0,4,10,12,13,10,10,3,2,18,0.172831,1.64542,12,0,0,3,7,1,7263.8,1.02706
W2,V2,jan_mar_to_jul_sep,none,9,cooling,M,0,13,0.271197,1.41282,0,0,0,4,10,12,13,10,10,3,2,18,0.188184,1.74373,10,0,0,3,7,1,7263.8,1.02706
W2,V2,jan_mar_to_jul_sep,none,9,cooling,M1b,0,13,0.269945,1.40282,0,0,0,4,10,12,13,10,10,3,2,18,0.176338,1.68193,10,0,0,3,7,1,7263.8,1.02706
W2,V2,jan_mar_to_jul_sep,none,9,cooling,M2,0,13,0.270437,1.40861,0,0,0,4,10,12,13,10,10,3,2,18,0.182001,1.70682,10,0,0,3,7,1,7263.8,1.02706
W2,V2,jan_mar_to_jul_sep,none,9,cooling,oracle,0,13,0.21872,1.13309,0,0,0,,,,,10,,3,,18,0.0130985,0.434767,,0,0,0,0,1,7263.8,1.02706
W2,V2,jan_mar_to_jul_sep,none,10,warming,B0,6,26,0.542588,3.01988,0,0,0,8,14,17,18,23,14,3,3,34,0.15989,1.92821,29,3,0,0,2,2,9762.3,1.00611
W2,V2,jan_mar_to_jul_sep,none,10,warming,M,6,26,0.457273,2.74861,0,0,0,9,14,17,20,23,14,3,3,34,0.170522,2.00374,26,3,0,0,2,2,9762.3,1.00611
W2,V2,jan_mar_to_jul_sep,none,10,warming,M1b,6,26,0.451122,2.73093,0,0,0,9,14,17,20,23,14,3,3,34,0.178434,2.0678,26,3,0,0,2,2,9762.3,1.00611
W2,V2,jan_mar_to_jul_sep,none,10,warming,M2,6,26,0.455314,2.74218,0,0,0,9,14,17,20,23,14,3,3,34,0.183725,2.1038,26,3,0,0,2,2,9762.3,1.00611
W2,V2,jan_mar_to_jul_sep,none,10,warming,oracle,6,26,0.137731,1.42577,0,0,0,,,,,23,,3,,34,0.141563,1.61624,,3,1,1,5,2,9762.3,1.00611
W2,V2,jan_mar_to_jul_sep,none,10,cooling,B0,0,13,0.19533,1.28817,0,0,0,4,10,12,12,11,10,2,2,17,0.0985438,1.05005,14,0,0,0,1,1,9762.3,1.00611
W2,V2,jan_mar_to_jul_sep,none,10,cooling,M,0,13,0.217525,1.38358,0,0,0,4,10,11,12,11,10,2,1,17,0.107787,1.06226,14,0,0,0,1,1,9762.3,1.00611
W2,V2,jan_mar_to_jul_sep,none,10,cooling,M1b,0,13,0.21513,1.37398,0,0,0,4,9,12,12,11,10,2,2,17,0.104808,1.04902,14,0,0,0,1,1,9762.3,1.00611
W2,V2,jan_mar_to_jul_sep,none,10,cooling,M2,0,13,0.215612,1.37688,0,0,0,4,9,11,12,11,10,2,1,17,0.0997102,1.00336,15,0,0,0,1,1,9762.3,1.00611
W2,V2,jan_mar_to_jul_sep,none,10,cooling,oracle,0,13,0.146146,1.06303,0,0,0,,,,,11,,2,,17,0.036459,0.6396,,0,0,0,0,1,9762.3,1.00611
W2,V2,jan_mar_to_jul_sep,none,11,warming,B0,22,26,0.417766,2.19573,2,1,0,12,21,22,23,22,19,4,3,34,0.0625574,1.20333,30,7,4,2,16,2,5318.44,1.01955
W2,V2,jan_mar_to_jul_sep,none,11,warming,M,22,26,0.397955,2.11896,2,1,0,11,21,22,23,22,19,4,3,34,0.061808,1.15943,30,7,4,2,20,2,5318.44,1.01955
W2,V2,jan_mar_to_jul_sep,none,11,warming,M1b,22,26,0.40425,2.14674,2,1,0,10,21,22,23,22,19,4,3,34,0.06288,1.18678,30,7,4,2,20,2,5318.44,1.01955
W2,V2,jan_mar_to_jul_sep,none,11,warming,M2,22,26,0.400513,2.12851,2,1,0,11,21,22,23,22,19,4,3,34,0.0631689,1.17658,30,7,4,2,20,2,5318.44,1.01955
W2,V2,jan_mar_to_jul_sep,none,11,warming,oracle,22,26,0.249531,1.48293,2,1,0,,,,,22,,4,,34,0.0315633,0.864557,,7,4,0,13,2,5318.44,1.01955
W2,V2,jan_mar_to_jul_sep,none,11,cooling,B0,6,13,0.0847018,0.662424,0,0,0,8,10,10,12,12,10,1,0,17,0.0660023,0.926022,11,2,1,2,8,1,5318.44,1.01955
W2,V2,jan_mar_to_jul_sep,none,11,cooling,M,6,13,0.0879035,0.689976,0,0,0,9,10,10,12,12,10,1,0,17,0.069168,0.935126,12,2,1,2,10,1,5318.44,1.01955
W2,V2,jan_mar_to_jul_sep,none,11,cooling,M1b,6,13,0.0863975,0.678611,0,0,0,9,10,10,12,12,10,1,0,17,0.0693943,0.942401,14,2,1,2,10,1,5318.44,1.01955
W2,V2,jan_mar_to_jul_sep,none,11,cooling,M2,6,13,0.0874278,0.687093,0,0,0,9,10,10,12,12,10,1,0,17,0.0710428,0.943888,11,2,1,2,10,1,5318.44,1.01955
W2,V2,jan_mar_to_jul_sep,none,11,cooling,oracle,6,13,0.0409601,0.622789,0,0,1,,,,,12,,1,,17,0.00884498,0.294721,,2,1,0,7,1,5318.44,1.01955
W2,V2,jan_mar_to_jul_sep,none,12,warming,B0,5,26,1.06103,3.8948,0,0,2,12,21,22,22,21,18,5,4,34,0.519927,3.80855,25,1,1,15,30,2,4889.83,1.02407
W2,V2,jan_mar_to_jul_sep,none,12,warming,M,5,26,1.08205,3.9002,0,0,2,12,21,22,23,21,18,5,4,34,0.567717,4.02126,22,1,1,15,30,2,4889.83,1.02407
W2,V2,jan_mar_to_jul_sep,none,12,warming,M1b,5,26,1.0645,3.88069,0,0,2,12,21,22,23,21,18,5,4,34,0.52867,3.85762,24,1,1,15,30,2,4889.83,1.02407
W2,V2,jan_mar_to_jul_sep,none,12,warming,M2,5,26,1.07795,3.89504,0,0,2,12,21,22,23,21,18,5,4,34,0.544064,3.92398,24,1,1,15,30,2,4889.83,1.02407
W2,V2,jan_mar_to_jul_sep,none,12,warming,oracle,5,26,0.46538,2.40026,0,0,0,,,,,21,,5,,34,0.0493429,0.933344,,1,0,0,2,2,4889.83,1.02407
W2,V2,jan_mar_to_jul_sep,none,12,cooling,B0,11,13,0.282378,1.43317,0,0,0,7,12,12,13,11,10,2,2,17,0.0463709,0.735371,16,7,7,1,15,1,4889.83,1.02407
W2,V2,jan_mar_to_jul_sep,none,12,cooling,M,11,13,0.300758,1.47953,0,0,0,7,12,12,13,11,10,2,2,17,0.0554988,0.792561,17,7,7,1,15,1,4889.83,1.02407
W2,V2,jan_mar_to_jul_sep,none,12,cooling,M1b,11,13,0.289595,1.45514,0,0,0,8,12,12,13,11,10,2,2,17,0.0493173,0.741877,17,7,7,1,15,1,4889.83,1.02407
W2,V2,jan_mar_to_jul_sep,none,12,cooling,M2,11,13,0.2982,1.47405,0,0,0,8,12,12,13,11,10,2,2,17,0.050411,0.756799,17,7,7,1,15,1,4889.83,1.02407
W2,V2,jan_mar_to_jul_sep,none,12,cooling,oracle,11,13,0.178533,1.11382,0,0,1,,,,,11,,2,,17,0.0428785,0.747232,,7,0,0,3,1,4889.83,1.02407
W2,V2,jan_mar_to_jul_sep,none,13,warming,B0,24,26,0.352922,2.42567,1,0,0,6,12,14,17,23,13,3,1,34,0.345282,2.92519,16,11,2,0,4,2,10654.4,1.05576
W2,V2,jan_mar_to_jul_sep,none,13,warming,M,24,26,0.310659,2.24619,1,0,0,7,13,16,18,23,15,3,1,34,0.311372,2.74626,18,11,2,0,4,2,10654.4,1.05576
W2,V2,jan_mar_to_jul_sep,none,13,warming,M1b,24,26,0.318097,2.27596,1,0,0,6,13,16,18,23,15,3,1,34,0.325496,2.81992,17,11,2,0,4,2,10654.4,1.05576
W2,V2,jan_mar_to_jul_sep,none,13,warming,M2,24,26,0.313934,2.26027,1,0,0,6,13,16,18,23,15,3,1,34,0.31816,2.78379,18,11,2,0,4,2,10654.4,1.05576
W2,V2,jan_mar_to_jul_sep,none,13,warming,oracle,24,26,0.0913235,1.19642,1,0,0,,,,,23,,3,,34,0.0525341,0.98231,,11,9,2,23,2,10654.4,1.05576
W2,V2,jan_mar_to_jul_sep,none,13,cooling,B0,0,13,0.0255432,0.433273,0,0,0,9,12,13,13,12,12,1,1,17,0.0559189,0.680012,14,0,0,1,2,1,10654.4,1.05576
W2,V2,jan_mar_to_jul_sep,none,13,cooling,M,0,13,0.0233299,0.431734,0,0,0,9,12,13,13,12,12,1,1,17,0.0414574,0.651783,13,0,0,1,2,1,10654.4,1.05576
W2,V2,jan_mar_to_jul_sep,none,13,cooling,M1b,0,13,0.0225882,0.422407,0,0,0,9,12,13,13,12,12,1,1,17,0.0419716,0.645174,13,0,0,1,2,1,10654.4,1.05576
W2,V2,jan_mar_to_jul_sep,none,13,cooling,M2,0,13,0.0231997,0.428005,0,0,0,9,12,13,13,12,12,1,1,17,0.0402579,0.638927,13,0,0,1,2,1,10654.4,1.05576
W2,V2,jan_mar_to_jul_sep,none,13,cooling,oracle,0,13,0.0185094,0.423578,0,0,0,,,,,12,,1,,17,0.0231616,0.522411,,0,0,0,0,1,10654.4,1.05576
W2,V2,jan_mar_to_jul_sep,none,14,warming,B0,12,26,0.514123,2.87524,2,0,1,10,19,20,24,23,17,3,3,36,0.183892,1.81559,30,5,4,2,16,2,10778.7,1.0279
W2,V2,jan_mar_to_jul_sep,none,14,warming,M,12,26,0.511557,2.86661,2,0,1,11,19,20,24,23,17,3,3,36,0.184056,1.86149,30,5,4,2,16,2,10778.7,1.0279
W2,V2,jan_mar_to_jul_sep,none,14,warming,M1b,12,26,0.508551,2.86673,2,0,1,11,19,20,24,23,17,3,3,36,0.186551,1.85964,30,5,4,2,16,2,10778.7,1.0279
W2,V2,jan_mar_to_jul_sep,none,14,warming,M2,12,26,0.510531,2.86677,2,0,1,11,19,20,24,23,17,3,3,36,0.185372,1.86761,30,5,4,2,16,2,10778.7,1.0279
W2,V2,jan_mar_to_jul_sep,none,14,warming,oracle,12,26,0.111091,1.18821,2,1,1,,,,,23,,3,,36,0.0134238,0.505806,,5,3,0,11,2,10778.7,1.0279
W2,V2,jan_mar_to_jul_sep,none,14,cooling,B0,0,13,0.141456,0.964345,0,0,0,6,11,12,13,12,11,1,1,18,0.209023,1.76851,12,0,0,3,8,1,10778.7,1.0279
W2,V2,jan_mar_to_jul_sep,none,14,cooling,M,0,13,0.143488,0.911331,0,0,0,7,11,12,13,12,11,1,1,18,0.215554,1.82695,12,0,0,3,8,1,10778.7,1.0279
W2,V2,jan_mar_to_jul_sep,none,14,cooling,M1b,0,13,0.139837,0.910687,0,0,0,7,11,12,13,12,11,1,1,18,0.217594,1.82973,12,0,0,3,8,1,10778.7,1.0279
W2,V2,jan_mar_to_jul_sep,none,14,cooling,M2,0,13,0.142279,0.910648,0,0,0,7,11,12,13,12,11,1,1,18,0.217947,1.83738,12,0,0,3,8,1,10778.7,1.0279
W2,V2,jan_mar_to_jul_sep,none,14,cooling,oracle,0,13,0.0535993,0.639234,0,0,0,,,,,12,,1,,18,0.00838434,0.327356,,0,0,0,0,1,10778.7,1.0279
W2,V2,jan_mar_to_jul_sep,none,15,warming,B0,4,26,0.370441,2.1388,1,0,0,14,20,20,21,21,15,5,5,32,0.0645523,1.0975,30,3,2,2,6,2,9173.74,1.05799
W2,V2,jan_mar_to_jul_sep,none,15,warming,M,4,26,0.36542,2.06084,1,0,0,14,20,21,24,21,16,5,5,32,0.0710894,1.15768,29,3,2,4,8,2,9173.74,1.05799
W2,V2,jan_mar_to_jul_sep,none,15,warming,M1b,4,26,0.369317,2.0845,1,0,0,15,20,21,23,21,16,5,5,32,0.0664886,1.13814,29,3,2,4,8,2,9173.74,1.05799
W2,V2,jan_mar_to_jul_sep,none,15,warming,M2,4,26,0.365831,2.0661,1,0,0,14,20,21,23,21,16,5,5,32,0.0667591,1.13817,29,3,2,4,8,2,9173.74,1.05799
W2,V2,jan_mar_to_jul_sep,none,15,warming,oracle,4,26,0.175623,1.34232,1,0,0,,,,,21,,5,,32,0.0622428,1.14167,,3,0,0,0,2,9173.74,1.05799
W2,V2,jan_mar_to_jul_sep,none,15,cooling,B0,3,13,0.195268,1.19519,0,0,0,6,8,10,10,10,7,3,3,16,0.0524499,0.653412,12,2,1,1,3,1,9173.74,1.05799
W2,V2,jan_mar_to_jul_sep,none,15,cooling,M,3,13,0.197854,1.18007,0,0,0,6,9,9,11,10,6,3,3,16,0.0587158,0.760156,13,2,2,1,4,1,9173.74,1.05799
W2,V2,jan_mar_to_jul_sep,none,15,cooling,M1b,3,13,0.197929,1.18952,0,0,0,6,9,9,11,10,6,3,3,16,0.0536034,0.709593,13,2,2,1,4,1,9173.74,1.05799
W2,V2,jan_mar_to_jul_sep,none,15,cooling,M2,3,13,0.197372,1.18239,0,0,0,6,9,9,11,10,6,3,3,16,0.0542743,0.723474,13,2,2,1,4,1,9173.74,1.05799
W2,V2,jan_mar_to_jul_sep,none,15,cooling,oracle,3,13,0.0533366,0.694868,0,0,0,,,,,10,,3,,16,0.0488876,0.740877,,2,0,2,2,1,9173.74,1.05799
W2,V2,jul_sep_to_dec,none,8,cooling,B0,0,13,0.386352,1.84628,0,0,0,5,11,11,12,11,9,2,2,17,0.212657,1.77228,8,0,0,1,11,1,11540,1.04668
W2,V2,jul_sep_to_dec,none,8,cooling,M,0,13,0.308137,1.51097,0,0,0,6,11,13,13,11,11,2,2,17,0.231248,1.8835,8,0,0,1,9,1,11540,1.04668
W2,V2,jul_sep_to_dec,none,8,cooling,M1b,0,13,0.310185,1.52181,0,0,0,6,11,13,13,11,11,2,2,17,0.234802,1.89322,8,0,0,1,9,1,11540,1.04668
W2,V2,jul_sep_to_dec,none,8,cooling,M2,0,13,0.308437,1.5138,0,0,0,6,11,13,13,11,11,2,2,17,0.225318,1.85564,7,0,0,1,9,1,11540,1.04668
W2,V2,jul_sep_to_dec,none,8,cooling,oracle,0,13,0.0254682,0.426111,0,0,0,,,,,11,,2,,17,0.031953,0.61961,,0,0,0,0,1,11540,1.04668
W2,V2,jul_sep_to_dec,none,9,cooling,B0,0,13,0.216816,0.836653,0,0,0,11,12,12,12,11,10,2,2,18,0.0777703,1.06037,15,0,0,2,3,1,7263.8,1.02706
W2,V2,jul_sep_to_dec,none,9,cooling,M,0,13,0.213061,0.852794,0,0,0,10,12,12,12,11,10,2,2,18,0.0736402,1.01815,15,0,0,2,3,1,7263.8,1.02706
W2,V2,jul_sep_to_dec,none,9,cooling,M1b,0,13,0.215829,0.847737,0,0,0,11,12,12,12,11,10,2,2,18,0.0700634,0.983681,16,0,0,2,3,1,7263.8,1.02706
W2,V2,jul_sep_to_dec,none,9,cooling,M2,0,13,0.214127,0.85141,0,0,0,11,12,12,12,11,10,2,2,18,0.0729145,1.01412,15,0,0,2,3,1,7263.8,1.02706
W2,V2,jul_sep_to_dec,none,9,cooling,oracle,0,13,0.0293765,0.45186,0,0,0,,,,,11,,2,,18,0.0233764,0.565635,,0,0,0,0,1,7263.8,1.02706
W2,V2,jul_sep_to_dec,none,10,cooling,B0,0,13,0.213124,1.19153,0,0,0,6,9,11,11,10,8,3,3,18,0.321871,2.13101,8,0,0,5,8,1,9762.3,1.00611
W2,V2,jul_sep_to_dec,none,10,cooling,M,0,13,0.0827524,0.754909,0,0,0,9,11,11,12,10,8,3,3,18,0.0859886,1.12763,13,0,0,3,4,1,9762.3,1.00611
W2,V2,jul_sep_to_dec,none,10,cooling,M1b,0,13,0.0806928,0.744583,0,0,0,9,11,11,12,10,8,3,3,18,0.0783393,1.06562,13,0,0,2,3,1,9762.3,1.00611
W2,V2,jul_sep_to_dec,none,10,cooling,M2,0,13,0.081936,0.750665,0,0,0,9,11,11,12,10,8,3,3,18,0.0855815,1.12002,13,0,0,3,4,1,9762.3,1.00611
W2,V2,jul_sep_to_dec,none,10,cooling,oracle,0,13,0.0499465,0.56904,0,0,0,,,,,10,,3,,18,0.0141669,0.405387,,0,0,0,0,1,9762.3,1.00611
W2,V2,jul_sep_to_dec,none,11,cooling,B0,5,13,0.0243721,0.484398,0,0,0,10,13,13,13,11,11,2,2,17,0.108155,1.14816,14,2,2,5,15,1,5318.44,1.01955
W2,V2,jul_sep_to_dec,none,11,cooling,M,5,13,0.0265801,0.506072,0,0,0,10,13,13,13,11,11,2,2,17,0.120145,1.20963,14,2,2,5,15,1,5318.44,1.01955
W2,V2,jul_sep_to_dec,none,11,cooling,M1b,5,13,0.0199383,0.421192,0,0,0,10,13,13,13,11,11,2,2,17,0.0886717,1.039,13,2,2,5,15,1,5318.44,1.01955
W2,V2,jul_sep_to_dec,none,11,cooling,M2,5,13,0.0221087,0.451762,0,0,0,10,13,13,13,11,11,2,2,17,0.11615,1.17178,13,2,2,5,15,1,5318.44,1.01955
W2,V2,jul_sep_to_dec,none,11,cooling,oracle,5,13,0.029307,0.512917,0,0,0,,,,,11,,2,,17,0.0342623,0.598827,,2,1,0,3,1,5318.44,1.01955
W2,V2,jul_sep_to_dec,none,12,cooling,B0,10,13,0.0942594,0.964864,0,0,0,7,11,13,13,10,10,3,3,19,0.0676174,0.853466,18,5,0,1,4,1,4889.83,1.02407
W2,V2,jul_sep_to_dec,none,12,cooling,M,10,13,0.0894407,0.934362,0,0,0,8,11,13,13,10,10,3,3,19,0.0595685,0.819,19,5,1,1,5,1,4889.83,1.02407
W2,V2,jul_sep_to_dec,none,12,cooling,M1b,10,13,0.0904889,0.938258,0,0,0,8,11,13,13,10,10,3,3,19,0.0607023,0.837873,19,5,0,1,4,1,4889.83,1.02407
W2,V2,jul_sep_to_dec,none,12,cooling,M2,10,13,0.0896284,0.934696,0,0,0,8,11,13,13,10,10,3,3,19,0.0609388,0.840584,19,5,1,1,5,1,4889.83,1.02407
W2,V2,jul_sep_to_dec,none,12,cooling,oracle,10,13,0.116419,0.827683,0,0,0,,,,,10,,3,,19,0.0180251,0.386026,,5,2,1,7,1,4889.83,1.02407
W2,V2,jul_sep_to_dec,none,13,cooling,B0,0,13,0.185115,1.24897,0,0,0,6,10,12,12,11,10,2,2,18,0.208706,1.63955,11,0,0,5,11,1,10654.4,1.05576
W2,V2,jul_sep_to_dec,none,13,cooling,M,0,13,0.167609,1.17023,0,0,0,7,11,12,12,11,10,2,2,18,0.173391,1.5147,11,0,0,4,10,1,10654.4,1.05576
W2,V2,jul_sep_to_dec,none,13,cooling,M1b,0,13,0.168916,1.17562,0,0,0,6,11,12,12,11,10,2,2,18,0.17814,1.52734,11,0,0,4,10,1,10654.4,1.05576
W2,V2,jul_sep_to_dec,none,13,cooling,M2,0,13,0.16769,1.17078,0,0,0,7,11,12,12,11,10,2,2,18,0.178532,1.54337,10,0,0,5,11,1,10654.4,1.05576
W2,V2,jul_sep_to_dec,none,13,cooling,oracle,0,13,0.126001,0.776607,0,0,0,,,,,11,,2,,18,0.0538448,0.713647,,0,0,0,0,1,10654.4,1.05576
W2,V2,jul_sep_to_dec,none,14,cooling,B0,0,13,0.160923,1.17074,0,0,0,6,13,13,13,11,11,2,2,17,0.0966847,1.11682,15,0,0,1,6,1,10778.7,1.0279
W2,V2,jul_sep_to_dec,none,14,cooling,M,0,13,0.142716,1.11215,0,0,0,5,12,13,13,11,11,2,2,17,0.0753709,0.99812,13,0,0,0,5,1,10778.7,1.0279
W2,V2,jul_sep_to_dec,none,14,cooling,M1b,0,13,0.148828,1.1401,0,0,0,5,12,13,13,11,11,2,2,17,0.0720661,0.964926,14,0,0,0,5,1,10778.7,1.0279
W2,V2,jul_sep_to_dec,none,14,cooling,M2,0,13,0.145094,1.12452,0,0,0,5,12,13,13,11,11,2,2,17,0.0766495,1.02212,14,0,0,0,5,1,10778.7,1.0279
W2,V2,jul_sep_to_dec,none,14,cooling,oracle,0,13,0.123481,0.772303,0,0,0,,,,,11,,2,,17,0.00430775,0.221876,,0,0,0,1,1,10778.7,1.0279
W2,V2,jul_sep_to_dec,none,15,cooling,B0,0,13,0.165489,0.995363,0,0,0,9,10,12,12,12,11,1,1,18,0.173984,1.49242,12,0,0,8,11,1,9173.74,1.05799
W2,V2,jul_sep_to_dec,none,15,cooling,M,0,13,0.172946,1.00508,0,0,0,9,10,12,12,12,11,1,1,18,0.15476,1.43689,13,0,0,7,10,1,9173.74,1.05799
W2,V2,jul_sep_to_dec,none,15,cooling,M1b,0,13,0.172531,1.01479,0,0,0,9,10,12,12,12,11,1,1,18,0.155723,1.42131,13,0,0,7,10,1,9173.74,1.05799
W2,V2,jul_sep_to_dec,none,15,cooling,M2,0,13,0.172719,1.00791,0,0,0,9,10,12,12,12,11,1,1,18,0.155121,1.42671,13,0,0,7,10,1,9173.74,1.05799
W2,V2,jul_sep_to_dec,none,15,cooling,oracle,0,13,0.142348,0.984959,0,0,0,,,,,12,,1,,18,0.0145161,0.41306,,0,0,0,0,1,9173.74,1.05799
W2,V3,rolling,none,8,warming,B0,63,65,2.50013,9.45023,14,1,1,22,36,40,47,55,34,10,6,80,0.915826,6.40107,59,24,14,4,57,5,11540,1.04668
W2,V3,rolling,none,8,warming,M,63,65,1.40712,7.2098,14,3,6,23,38,49,52,55,44,10,5,80,1.23399,8.16767,45,24,19,17,93,5,11540,1.04668
W2,V3,rolling,none,8,warming,M1b,63,65,1.93702,7.98645,14,3,3,27,42,45,47,55,39,10,6,80,0.97505,6.97919,55,24,18,12,79,5,11540,1.04668
W2,V3,rolling,none,8,warming,M2,63,65,1.50911,7.30212,14,3,6,27,42,48,51,55,42,10,6,80,1.16544,7.92544,47,24,19,17,90,5,11540,1.04668
W2,V3,rolling,none,8,warming,oracle,63,65,1.42183,6.1977,14,9,4,,,,,55,,10,,80,0.245858,3.46485,,24,21,8,75,5,11540,1.04668
W2,V3,rolling,none,8,cooling,B0,26,52,1.61775,7.56095,5,3,9,14,25,32,38,42,24,10,8,67,2.18403,10.757,20,10,9,25,95,4,11540,1.04668
W2,V3,rolling,none,8,cooling,M,26,52,1.27876,6.32758,5,4,5,19,35,40,44,42,32,10,8,67,1.207,7.9697,36,10,9,15,69,4,11540,1.04668
W2,V3,rolling,none,8,cooling,M1b,26,52,1.39094,6.68579,5,4,5,17,29,36,42,42,28,10,8,67,1.90541,10.0882,22,10,9,22,91,4,11540,1.04668
W2,V3,rolling,none,8,cooling,M2,26,52,1.26759,6.25386,5,4,5,20,34,40,43,42,32,10,8,67,1.36375,8.52356,31,10,9,16,74,4,11540,1.04668
W2,V3,rolling,none,8,cooling,oracle,26,52,0.662634,3.93338,5,3,3,,,,,42,,10,,67,0.140668,2.47222,,10,10,2,35,4,11540,1.04668
W2,V3,rolling,none,9,warming,B0,50,65,1.76379,8.78903,3,0,0,20,31,42,47,54,36,11,6,87,0.744658,6.89515,55,21,6,0,9,5,7263.8,1.02706
W2,V3,rolling,none,9,warming,M,50,65,1.12888,6.23451,3,1,2,33,48,55,58,54,46,11,9,87,0.24107,3.46869,82,21,17,5,53,5,7263.8,1.02706
W2,V3,rolling,none,9,warming,M1b,50,65,1.44074,7.60196,3,0,0,23,40,50,54,54,43,11,7,87,0.389796,4.64352,78,21,10,2,28,5,7263.8,1.02706
W2,V3,rolling,none,9,warming,M2,50,65,1.15802,6.37644,3,1,0,30,48,54,58,54,46,11,8,87,0.224437,3.34979,82,21,13,3,41,5,7263.8,1.02706
W2,V3,rolling,none,9,warming,oracle,50,65,0.489038,3.63832,3,2,1,,,,,54,,11,,87,0.133506,2.49905,,21,18,3,53,5,7263.8,1.02706
W2,V3,rolling,none,9,cooling,B0,15,52,1.10026,6.16973,1,0,1,19,34,45,47,45,39,7,6,70,0.916765,7.03673,30,8,7,19,54,4,7263.8,1.02706
W2,V3,rolling,none,9,cooling,M,15,52,1.16297,5.94769,1,0,0,24,38,46,50,45,39,7,7,70,0.398075,4.08924,60,8,6,11,35,4,7263.8,1.02706
W2,V3,rolling,none,9,cooling,M1b,15,52,1.05165,5.79553,1,0,1,22,39,45,48,45,39,7,6,70,0.638902,5.55637,44,8,7,12,45,4,7263.8,1.02706
W2,V3,rolling,none,9,cooling,M2,15,52,1.05961,5.68886,1,0,1,23,38,47,50,45,40,7,7,70,0.444877,4.31814,58,8,7,11,35,4,7263.8,1.02706
W2,V3,rolling,none,9,cooling,oracle,15,52,0.439198,3.2569,1,0,0,,,,,45,,7,,70,0.107385,2.18511,,8,5,2,13,4,7263.8,1.02706
W2,V3,rolling,none,10,warming,B0,62,65,2.27717,10.1723,6,1,0,19,28,39,43,54,31,11,8,86,1.11054,8.37026,51,27,7,0,22,5,9762.3,1.00611
W2,V3,rolling,none,10,warming,M,62,65,0.787032,5.68695,6,2,2,31,48,54,59,54,44,11,10,86,0.312698,4.18632,79,27,19,1,53,5,9762.3,1.00611
W2,V3,rolling,none,10,warming,M1b,62,65,1.44603,8.10574,6,2,0,21,36,46,50,54,37,11,9,86,0.790485,6.95504,55,27,13,0,37,5,9762.3,1.00611
W2,V3,rolling,none,10,warming,M2,62,65,0.865603,6.03111,6,2,1,30,47,52,57,54,42,11,10,86,0.37635,4.70819,80,27,19,0,50,5,9762.3,1.00611
W2,V3,rolling,none,10,warming,oracle,62,65,0.511829,4.19108,6,3,1,,,,,54,,11,,86,0.120666,2.40605,,27,19,2,54,5,9762.3,1.00611
W2,V3,rolling,none,10,cooling,B0,20,52,1.55454,7.70035,3,3,3,8,18,23,30,45,19,7,4,68,1.00959,7.60003,19,9,9,25,77,4,9762.3,1.00611
W2,V3,rolling,none,10,cooling,M,20,52,0.98955,5.65636,3,3,3,15,34,40,45,45,35,7,5,68,0.419588,4.72952,44,9,9,12,47,4,9762.3,1.00611
W2,V3,rolling,none,10,cooling,M1b,20,52,1.21985,6.49931,3,3,3,13,22,30,37,45,26,7,4,68,0.651336,6.10243,32,9,9,20,63,4,9762.3,1.00611
W2,V3,rolling,none,10,cooling,M2,20,52,0.948978,5.63498,3,3,3,18,32,42,43,45,36,7,6,68,0.367528,4.4396,40,9,9,13,50,4,9762.3,1.00611
W2,V3,rolling,none,10,cooling,oracle,20,52,0.395883,2.8599,3,0,0,,,,,45,,7,,68,0.0708249,1.80457,,9,6,1,14,4,9762.3,1.00611
W2,V3,rolling,none,11,warming,B0,81,65,1.82629,7.5459,12,4,0,25,40,48,53,55,42,10,6,86,0.373885,4.74785,71,37,18,4,53,5,5318.44,1.01955
W2,V3,rolling,none,11,warming,M,81,65,0.928102,5.12659,12,6,1,36,56,61,62,55,51,10,10,86,0.32357,4.14273,70,37,36,14,100,5,5318.44,1.01955
W2,V3,rolling,none,11,warming,M1b,81,65,1.21675,5.75333,12,5,1,31,54,59,60,55,49,10,10,86,0.209294,3.29637,80,37,28,6,73,5,5318.44,1.01955
W2,V3,rolling,none,11,warming,M2,81,65,0.970448,5.23118,12,6,1,33,57,61,61,55,51,10,10,86,0.274699,3.7589,75,37,36,13,98,5,5318.44,1.01955
W2,V3,rolling,none,11,warming,oracle,81,65,0.605658,3.5976,12,8,0,,,,,55,,10,,86,0.0575385,1.60276,,37,35,2,80,5,5318.44,1.01955
W2,V3,rolling,none,11,cooling,B0,39,52,0.566558,4.28197,1,1,2,23,35,41,47,46,37,6,4,69,0.718929,6.3643,27,16,16,39,99,4,5318.44,1.01955
W2,V3,rolling,none,11,cooling,M,39,52,0.369774,3.42258,1,1,4,33,45,48,51,46,42,6,6,69,0.247601,3.46687,65,16,15,19,69,4,5318.44,1.01955
W2,V3,rolling,none,11,cooling,M1b,39,52,0.404828,3.62003,1,1,2,29,44,47,48,46,41,6,6,69,0.482585,5.11653,51,16,16,33,90,4,5318.44,1.01955
W2,V3,rolling,none,11,cooling,M2,39,52,0.348956,3.37723,1,1,2,32,45,51,51,46,45,6,6,69,0.319608,4.06367,63,16,16,23,76,4,5318.44,1.01955
W2,V3,rolling,none,11,cooling,oracle,39,52,0.127706,2.11248,1,1,1,,,,,46,,6,,69,0.0913404,1.95438,,16,15,8,47,4,5318.44,1.01955
W2,V3,rolling,none,12,warming,B0,58,65,1.21443,6.91389,5,2,2,30,43,52,54,54,44,11,8,86,0.67825,5.19635,73,28,17,9,61,5,4889.83,1.02407
W2,V3,rolling,none,12,warming,M,58,65,1.12998,6.30721,5,4,8,31,49,55,61,54,46,11,9,86,0.892766,6.969,59,28,28,28,110,5,4889.83,1.02407
W2,V3,rolling,none,12,warming,M1b,58,65,1.17821,6.68458,5,4,3,27,49,58,60,54,49,11,9,86,0.578649,5.03685,73,28,26,16,92,5,4889.83,1.02407
W2,V3,rolling,none,12,warming,M2,58,65,1.06423,6.16066,5,4,7,35,53,58,62,54,49,11,9,86,0.787277,6.36927,65,28,27,25,104,5,4889.83,1.02407
W2,V3,rolling,none,12,warming,oracle,58,65,0.691143,4.12224,5,3,2,,,,,54,,11,,86,0.316862,2.83448,,28,26,1,57,5,4889.83,1.02407
W2,V3,rolling,none,12,cooling,B0,47,52,0.932756,5.68867,4,0,3,23,35,41,47,44,34,8,7,71,0.465089,4.44295,52,25,21,15,70,4,4889.83,1.02407
W2,V3,rolling,none,12,cooling,M,47,52,0.869876,5.35793,4,0,3,24,39,43,49,44,35,8,8,71,0.271995,3.53704,65,25,20,11,55,4,4889.83,1.02407
W2,V3,rolling,none,12,cooling,M1b,47,52,0.869696,5.36485,4,0,3,25,36,42,48,44,34,8,8,71,0.316327,3.77495,64,25,20,12,59,4,4889.83,1.02407
W2,V3,rolling,none,12,cooling,M2,47,52,0.864999,5.33496,4,0,3,25,38,43,49,44,35,8,8,71,0.280028,3.5983,64,25,20,11,56,4,4889.83,1.02407
W2,V3,rolling,none,12,cooling,oracle,47,52,0.540491,3.49365,4,1,5,,,,,44,,8,,71,0.10753,2.11777,,25,22,3,48,4,4889.83,1.02407
W2,V3,rolling,none,13,warming,B0,74,65,1.93889,9.82068,6,0,0,10,20,25,28,55,22,10,3,85,1.48458,9.62522,32,39,15,0,25,5,10654.4,1.05576
W2,V3,rolling,none,13,warming,M,74,65,0.816373,6.33722,6,1,2,20,33,45,56,55,37,10,8,85,0.678342,6.06618,67,39,33,8,75,5,10654.4,1.05576
W2,V3,rolling,none,13,warming,M1b,74,65,1.42744,8.42182,6,1,0,14,25,31,34,55,28,10,3,85,1.02921,7.5572,48,39,26,1,49,5,10654.4,1.05576
W2,V3,rolling,none,13,warming,M2,74,65,0.926019,6.69129,6,1,1,20,31,40,49,55,33,10,7,85,0.779686,6.51301,59,39,31,6,67,5,10654.4,1.05576
W2,V3,rolling,none,13,warming,oracle,74,65,0.332065,3.35044,6,5,1,,,,,55,,10,,85,0.110204,2.30396,,39,37,3,73,5,10654.4,1.05576
W2,V3,rolling,none,13,cooling,B0,52,52,1.62318,7.31926,4,2,9,11,21,27,36,42,21,10,6,69,1.09528,7.41051,20,29,29,22,102,4,10654.4,1.05576
W2,V3,rolling,none,13,cooling,M,52,52,0.692525,4.26194,4,3,3,26,41,42,46,42,34,10,8,69,0.339577,3.69391,52,29,27,9,68,4,10654.4,1.05576
W2,V3,rolling,none,13,cooling,M1b,52,52,1.25777,6.37232,4,2,7,11,28,34,39,42,28,10,6,69,0.771338,6.17181,28,29,28,19,92,4,10654.4,1.05576
W2,V3,rolling,none,13,cooling,M2,52,52,0.771899,4.58022,4,3,4,24,39,42,45,42,34,10,8,69,0.389009,4.06968,51,29,28,10,71,4,10654.4,1.05576
W2,V3,rolling,none,13,cooling,oracle,52,52,0.430291,2.54255,4,3,4,,,,,42,,10,,69,0.108504,1.73092,,29,24,1,47,4,10654.4,1.05576
W2,V3,rolling,none,14,warming,B0,67,65,1.88482,9.09812,7,0,0,16,31,35,39,54,29,11,6,86,0.994268,8.12598,43,34,12,1,28,5,10778.7,1.0279
W2,V3,rolling,none,14,warming,M,67,65,0.564746,4.8794,7,6,6,24,51,59,63,54,49,11,10,86,0.564729,5.40796,70,34,34,8,82,5,10778.7,1.0279
W2,V3,rolling,none,14,warming,M1b,67,65,1.2605,7.50577,7,1,1,20,32,38,45,54,32,11,6,86,0.488991,5.5456,60,34,19,2,43,5,10778.7,1.0279
W2,V3,rolling,none,14,warming,M2,67,65,0.66718,5.2792,7,5,5,24,52,58,61,54,48,11,10,86,0.335021,3.81842,78,34,33,2,70,5,10778.7,1.0279
W2,V3,rolling,none,14,warming,oracle,67,65,0.219966,2.81447,7,6,2,,,,,54,,11,,86,0.0456468,1.61302,,34,33,3,70,5,10778.7,1.0279
W2,V3,rolling,none,14,cooling,B0,54,52,1.36692,6.55046,6,5,7,12,26,32,35,46,30,6,2,67,1.32063,7.33216,31,26,25,29,103,4,10778.7,1.0279
W2,V3,rolling,none,14,cooling,M,54,52,0.749166,4.64134,6,3,3,15,37,40,46,46,37,6,3,67,0.58273,5.16106,42,26,24,14,75,4,10778.7,1.0279
W2,V3,rolling,none,14,cooling,M1b,54,52,1.02682,5.66807,6,4,4,12,26,32,37,46,31,6,1,67,0.905889,6.18652,31,26,25,22,92,4,10778.7,1.0279
W2,V3,rolling,none,14,cooling,M2,54,52,0.847109,4.98194,6,3,3,17,31,39,43,46,37,6,2,67,0.672107,5.4852,40,26,25,19,82,4,10778.7,1.0279
W2,V3,rolling,none,14,cooling,oracle,54,52,0.464077,3.13604,6,5,2,,,,,46,,6,,67,0.0645474,1.63672,,26,25,1,49,4,10778.7,1.0279
W2,V3,rolling,none,15,warming,B0,78,65,1.72641,7.58552,5,1,1,25,35,40,43,57,37,8,3,86,1.03334,7.72649,46,40,13,0,22,5,9173.74,1.05799
W2,V3,rolling,none,15,warming,M,78,65,1.07928,6.12296,5,4,5,25,47,56,61,57,49,8,7,86,0.242267,3.49149,77,40,33,4,75,5,9173.74,1.05799
W2,V3,rolling,none,15,warming,M1b,78,65,1.38541,6.71391,5,2,3,25,41,48,52,57,43,8,5,86,0.475371,5.01006,68,40,24,2,47,5,9173.74,1.05799
W2,V3,rolling,none,15,warming,M2,78,65,1.15167,6.25434,5,4,3,23,45,54,59,57,47,8,7,86,0.243021,3.51035,82,40,33,4,72,5,9173.74,1.05799
W2,V3,rolling,none,15,warming,oracle,78,65,0.388379,3.35958,5,3,1,,,,,57,,8,,86,0.101232,2.20425,,40,35,6,77,5,9173.74,1.05799
W2,V3,rolling,none,15,cooling,B0,52,52,0.954475,5.46771,1,0,2,22,33,34,42,46,29,6,5,70,1.3839,8.7144,23,30,30,20,100,4,9173.74,1.05799
W2,V3,rolling,none,15,cooling,M,52,52,0.616402,4.50853,1,0,1,24,37,45,48,46,40,6,5,70,0.906707,6.8747,43,30,30,11,79,4,9173.74,1.05799
W2,V3,rolling,none,15,cooling,M1b,52,52,0.713328,4.90088,1,0,1,20,32,42,46,46,38,6,4,70,0.972236,7.25118,29,30,30,17,89,4,9173.74,1.05799
W2,V3,rolling,none,15,cooling,M2,52,52,0.545136,4.41591,1,0,1,22,39,47,49,46,43,6,4,70,0.711487,6.16613,34,30,29,12,75,4,9173.74,1.05799
W2,V3,rolling,none,15,cooling,oracle,52,52,0.284031,2.78136,1,1,1,,,,,46,,6,,70,0.147085,1.98764,,30,29,1,52,4,9173.74,1.05799
W2,V3,jan_mar_to_jul_sep,none,8,warming,B0,49,26,3.25847,8.53006,11,0,0,1,2,3,4,22,2,4,1,32,2.18569,7.81606,5,19,0,0,0,2,11540,1.04668
W2,V3,jan_mar_to_jul_sep,none,8,warming,M,49,26,0.354885,2.05223,11,1,0,13,20,21,24,22,19,4,2,32,0.157678,1.7747,29,19,14,0,38,2,11540,1.04668
W2,V3,jan_mar_to_jul_sep,none,8,warming,M1b,49,26,1.8606,6.29285,11,0,0,0,3,3,4,22,2,4,1,32,1.18273,5.68841,8,19,0,0,2,2,11540,1.04668
W2,V3,jan_mar_to_jul_sep,none,8,warming,M2,49,26,0.699589,3.43942,11,0,0,5,14,18,20,22,16,4,2,32,0.421112,3.23197,25,19,7,0,22,2,11540,1.04668
W2,V3,jan_mar_to_jul_sep,none,8,warming,oracle,49,26,0.194753,1.36884,11,9,2,,,,,22,,4,,32,0.235921,1.64955,,19,19,3,51,2,11540,1.04668
W2,V3,jan_mar_to_jul_sep,none,8,cooling,B0,21,13,1.4027,3.97516,4,0,0,0,2,3,4,11,2,2,1,16,0.932106,3.73271,3,7,0,0,0,1,11540,1.04668
W2,V3,jan_mar_to_jul_sep,none,8,cooling,M,21,13,0.208804,1.42623,4,0,1,5,8,11,12,11,9,2,2,16,0.0268642,0.570185,16,7,7,0,17,1,11540,1.04668
W2,V3,jan_mar_to_jul_sep,none,8,cooling,M1b,21,13,0.772011,2.58423,4,0,0,4,4,4,4,11,3,2,1,16,0.479283,2.66778,2,7,0,0,1,1,11540,1.04668
W2,V3,jan_mar_to_jul_sep,none,8,cooling,M2,21,13,0.317686,1.68049,4,0,0,5,7,8,11,11,7,2,1,16,0.138775,1.38916,16,7,3,0,10,1,11540,1.04668
W2,V3,jan_mar_to_jul_sep,none,8,cooling,oracle,21,13,0.231592,1.43948,4,2,2,,,,,11,,2,,16,0.033593,0.583918,,7,7,3,27,1,11540,1.04668
W2,V3,jan_mar_to_jul_sep,none,9,warming,B0,34,26,1.45062,5.7574,2,0,0,0,3,3,3,22,3,4,0,36,1.13752,5.97432,2,17,0,0,0,2,7263.8,1.02706
W2,V3,jan_mar_to_jul_sep,none,9,warming,M,34,26,0.20505,1.84565,2,1,5,17,25,25,26,22,21,4,4,36,0.228925,2.63094,36,17,16,10,53,2,7263.8,1.02706
W2,V3,jan_mar_to_jul_sep,none,9,warming,M1b,34,26,0.606431,3.32039,2,0,0,8,14,15,16,22,12,4,3,36,0.229374,2.38092,31,17,6,1,15,2,7263.8,1.02706
W2,V3,jan_mar_to_jul_sep,none,9,warming,M2,34,26,0.168626,1.53308,2,1,3,20,25,26,26,22,22,4,4,36,0.091848,1.5375,36,17,16,7,46,2,7263.8,1.02706
W2,V3,jan_mar_to_jul_sep,none,9,warming,oracle,34,26,0.111854,1.17365,2,1,1,,,,,22,,4,,36,0.0692425,1.13517,,17,16,5,38,2,7263.8,1.02706
W2,V3,jan_mar_to_jul_sep,none,9,cooling,B0,12,13,0.382098,2.04146,1,0,0,2,4,6,7,10,4,3,2,18,0.397153,2.52472,1,6,0,0,0,1,7263.8,1.02706
W2,V3,jan_mar_to_jul_sep,none,9,cooling,M,12,13,0.238071,1.45586,1,1,0,7,12,13,13,10,10,3,3,18,0.163564,1.6343,17,6,6,7,26,1,7263.8,1.02706
W2,V3,jan_mar_to_jul_sep,none,9,cooling,M1b,12,13,0.127846,1.10867,1,0,0,7,10,10,10,10,7,3,3,18,0.0489163,0.827113,18,6,3,0,7,1,7263.8,1.02706
W2,V3,jan_mar_to_jul_sep,none,9,cooling,M2,12,13,0.118122,0.927236,1,1,0,9,13,13,13,10,10,3,3,18,0.0596374,0.912902,18,6,6,5,22,1,7263.8,1.02706
W2,V3,jan_mar_to_jul_sep,none,9,cooling,oracle,12,13,0.180916,1.0559,1,0,0,,,,,10,,3,,18,0.020521,0.566014,,6,5,0,10,1,7263.8,1.02706
W2,V3,jan_mar_to_jul_sep,none,10,warming,B0,51,26,3.5261,8.74946,6,0,0,3,3,4,4,23,3,3,1,34,2.42949,8.80491,3,24,0,0,0,2,9762.3,1.00611
W2,V3,jan_mar_to_jul_sep,none,10,warming,M,51,26,0.44464,2.71298,6,1,0,11,20,22,22,23,19,3,3,34,0.186007,2.06183,30,24,14,0,34,2,9762.3,1.00611
W2,V3,jan_mar_to_jul_sep,none,10,warming,M1b,51,26,1.90214,6.18208,6,0,0,3,4,4,5,23,3,3,1,34,1.35531,6.51107,4,24,0,0,2,2,9762.3,1.00611
W2,V3,jan_mar_to_jul_sep,none,10,warming,M2,51,26,0.771944,3.79697,6,0,0,5,13,18,20,23,15,3,3,34,0.447332,3.53504,27,24,11,0,20,2,9762.3,1.00611
W2,V3,jan_mar_to_jul_sep,none,10,warming,oracle,51,26,0.0957907,1.2661,6,3,1,,,,,23,,3,,34,0.177631,1.56679,,24,20,2,50,2,9762.3,1.00611
W2,V3,jan_mar_to_jul_sep,none,10,cooling,B0,14,13,0.762682,2.63968,3,0,0,3,5,5,6,11,4,2,1,17,0.539571,2.89612,5,7,0,0,0,1,9762.3,1.00611
W2,V3,jan_mar_to_jul_sep,none,10,cooling,M,14,13,0.162636,1.22953,3,0,0,7,11,12,13,11,11,2,1,17,0.0652198,0.784082,17,7,7,0,15,1,9762.3,1.00611
W2,V3,jan_mar_to_jul_sep,none,10,cooling,M1b,14,13,0.320405,1.69622,3,0,0,4,5,8,9,11,7,2,1,17,0.224841,1.80722,11,7,0,0,1,1,9762.3,1.00611
W2,V3,jan_mar_to_jul_sep,none,10,cooling,M2,14,13,0.126346,1.13783,3,0,0,6,12,12,13,11,10,2,2,17,0.0476346,0.752503,17,7,5,0,9,1,9762.3,1.00611
W2,V3,jan_mar_to_jul_sep,none,10,cooling,oracle,14,13,0.129884,0.80881,3,0,0,,,,,11,,2,,17,0.0328218,0.508878,,7,6,0,11,1,9762.3,1.00611
W2,V3,jan_mar_to_jul_sep,none,11,warming,B0,46,26,1.38283,5.0449,6,0,0,4,4,5,9,22,5,4,0,34,0.733311,4.67311,2,22,4,0,12,2,5318.44,1.01955
W2,V3,jan_mar_to_jul_sep,none,11,warming,M,46,26,0.433461,2.13265,6,6,1,16,22,25,25,22,22,4,3,34,0.122874,1.79505,34,22,22,8,58,2,5318.44,1.01955
W2,V3,jan_mar_to_jul_sep,none,11,warming,M1b,46,26,0.657084,3.09585,6,2,0,8,16,19,21,22,17,4,2,34,0.204283,2.13123,29,22,12,0,28,2,5318.44,1.01955
W2,V3,jan_mar_to_jul_sep,none,11,warming,M2,46,26,0.356939,1.89382,6,5,1,18,25,25,25,22,22,4,3,34,0.0570242,1.1067,34,22,21,5,52,2,5318.44,1.01955
W2,V3,jan_mar_to_jul_sep,none,11,warming,oracle,46,26,0.233411,1.39487,6,5,0,,,,,22,,4,,34,0.0168943,0.538174,,22,21,0,48,2,5318.44,1.01955
W2,V3,jan_mar_to_jul_sep,none,11,cooling,B0,17,13,0.44009,1.9932,1,0,0,1,3,5,7,12,5,1,0,17,0.27282,1.89432,6,7,2,0,6,1,5318.44,1.01955
W2,V3,jan_mar_to_jul_sep,none,11,cooling,M,17,13,0.0882564,0.974125,1,1,1,5,12,13,13,12,12,1,1,17,0.124721,1.30772,17,7,7,8,29,1,5318.44,1.01955
W2,V3,jan_mar_to_jul_sep,none,11,cooling,M1b,17,13,0.186938,1.13213,1,0,0,5,10,10,11,12,10,1,0,17,0.0846041,0.847185,15,7,6,0,14,1,5318.44,1.01955
W2,V3,jan_mar_to_jul_sep,none,11,cooling,M2,17,13,0.0694506,0.763944,1,1,0,10,12,13,13,12,12,1,1,17,0.0714597,0.976846,17,7,7,6,26,1,5318.44,1.01955
W2,V3,jan_mar_to_jul_sep,none,11,cooling,oracle,17,13,0.0317255,0.550165,1,1,1,,,,,12,,1,,17,0.00757512,0.270461,,7,7,1,21,1,5318.44,1.01955
W2,V3,jan_mar_to_jul_sep,none,12,warming,B0,29,26,0.516967,3.19907,2,0,1,9,16,24,25,21,19,5,5,34,0.126245,1.60194,33,15,10,0,18,2,4889.83,1.02407
W2,V3,jan_mar_to_jul_sep,none,12,warming,M,29,26,1.39306,4.75479,2,2,11,7,21,22,24,21,18,5,4,34,0.634228,4.34594,32,15,15,15,58,2,4889.83,1.02407
W2,V3,jan_mar_to_jul_sep,none,12,warming,M1b,29,26,0.733935,3.31534,2,2,4,14,21,22,25,21,18,5,4,34,0.195644,2.29533,33,15,15,11,46,2,4889.83,1.02407
W2,V3,jan_mar_to_jul_sep,none,12,warming,M2,29,26,1.09726,3.99877,2,2,8,12,22,22,25,21,18,5,4,34,0.46574,3.66485,33,15,15,15,58,2,4889.83,1.02407
W2,V3,jan_mar_to_jul_sep,none,12,warming,oracle,29,26,0.553319,2.44244,2,1,1,,,,,21,,5,,34,0.0434542,0.826459,,15,13,0,24,2,4889.83,1.02407
W2,V3,jan_mar_to_jul_sep,none,12,cooling,B0,19,13,0.326984,1.80595,0,0,0,5,8,10,10,11,8,2,2,17,0.172727,1.5228,15,11,5,0,9,1,4889.83,1.02407
W2,V3,jan_mar_to_jul_sep,none,12,cooling,M,19,13,0.350455,1.41828,0,0,4,9,13,13,13,11,11,2,2,17,0.113722,1.23355,17,11,11,4,29,1,4889.83,1.02407
W2,V3,jan_mar_to_jul_sep,none,12,cooling,M1b,19,13,0.230333,1.45545,0,0,0,7,12,12,12,11,10,2,2,17,0.0327099,0.579016,17,11,9,4,23,1,4889.83,1.02407
W2,V3,jan_mar_to_jul_sep,none,12,cooling,M2,19,13,0.279208,1.23744,0,0,3,11,13,13,13,11,11,2,2,17,0.0724398,0.915641,17,11,11,4,29,1,4889.83,1.02407
W2,V3,jan_mar_to_jul_sep,none,12,cooling,oracle,19,13,0.173495,1.1126,0,0,2,,,,,11,,2,,17,0.0656305,0.981209,,11,8,0,15,1,4889.83,1.02407
W2,V3,jan_mar_to_jul_sep,none,13,warming,B0,56,26,3.7295,9.55559,6,0,0,0,0,1,1,23,1,3,0,34,3.24643,10.0013,2,28,0,0,0,2,10654.4,1.05576
W2,V3,jan_mar_to_jul_sep,none,13,warming,M,56,26,0.508264,3.14641,6,2,1,4,11,15,21,23,14,3,1,34,0.310207,2.67095,23,28,26,0,49,2,10654.4,1.05576
W2,V3,jan_mar_to_jul_sep,none,13,warming,M1b,56,26,2.30654,7.16319,6,0,0,1,2,2,2,23,2,3,0,34,1.88048,7.51953,5,28,2,0,4,2,10654.4,1.05576
W2,V3,jan_mar_to_jul_sep,none,13,warming,M2,56,26,0.933319,4.43304,6,1,0,2,6,10,11,23,9,3,1,34,0.726796,4.4138,15,28,9,0,25,2,10654.4,1.05576
W2,V3,jan_mar_to_jul_sep,none,13,warming,oracle,56,26,0.0668687,0.993582,6,5,1,,,,,23,,3,,34,0.0305976,0.661557,,28,28,0,58,2,10654.4,1.05576
W2,V3,jan_mar_to_jul_sep,none,13,cooling,B0,22,13,1.17623,3.86287,4,0,0,0,0,0,0,12,0,1,0,17,1.09804,4.09007,1,11,0,0,0,1,10654.4,1.05576
W2,V3,jan_mar_to_jul_sep,none,13,cooling,M,22,13,0.0432918,0.608654,4,3,0,7,12,13,13,12,12,1,1,17,0.0417295,0.718965,17,11,11,2,24,1,10654.4,1.05576
W2,V3,jan_mar_to_jul_sep,none,13,cooling,M1b,22,13,0.549007,2.56256,4,0,0,0,2,3,3,12,3,1,0,17,0.562163,2.907,4,11,1,0,2,1,10654.4,1.05576
W2,V3,jan_mar_to_jul_sep,none,13,cooling,M2,22,13,0.135664,1.20947,4,0,0,4,8,12,13,12,11,1,1,17,0.155771,1.41294,15,11,4,0,12,1,10654.4,1.05576
W2,V3,jan_mar_to_jul_sep,none,13,cooling,oracle,22,13,0.0202839,0.403875,4,3,1,,,,,12,,1,,17,0.020658,0.408541,,11,11,1,23,1,10654.4,1.05576
W2,V3,jan_mar_to_jul_sep,none,14,warming,B0,55,26,3.0582,8.24231,7,0,0,1,2,3,5,23,3,3,0,36,2.03423,8.18654,2,29,2,0,4,2,10778.7,1.0279
W2,V3,jan_mar_to_jul_sep,none,14,warming,M,55,26,0.389196,2.607,7,5,3,11,21,23,24,23,20,3,3,36,0.0795035,1.23523,36,29,28,0,53,2,10778.7,1.0279
W2,V3,jan_mar_to_jul_sep,none,14,warming,M1b,55,26,1.81448,5.94692,7,0,0,5,7,8,12,23,8,3,0,36,0.882366,5.33868,10,29,2,0,8,2,10778.7,1.0279
W2,V3,jan_mar_to_jul_sep,none,14,warming,M2,55,26,0.692283,3.51407,7,0,1,7,18,20,21,23,18,3,2,36,0.19734,2.30198,35,29,19,0,40,2,10778.7,1.0279
W2,V3,jan_mar_to_jul_sep,none,14,warming,oracle,55,26,0.0968572,1.17707,7,6,2,,,,,23,,3,,36,0.0101695,0.45027,,29,29,0,54,2,10778.7,1.0279
W2,V3,jan_mar_to_jul_sep,none,14,cooling,B0,21,13,1.16303,3.5053,3,0,0,0,1,2,3,12,1,1,1,18,0.692019,3.41183,1,11,1,0,2,1,10778.7,1.0279
W2,V3,jan_mar_to_jul_sep,none,14,cooling,M,21,13,0.0515333,0.612313,3,1,2,10,13,13,13,12,12,1,1,18,0.0520707,0.648957,18,11,11,3,26,1,10778.7,1.0279
W2,V3,jan_mar_to_jul_sep,none,14,cooling,M1b,21,13,0.452441,2.16045,3,0,0,0,4,6,8,12,5,1,1,18,0.258235,2.03473,12,11,1,0,4,1,10778.7,1.0279
W2,V3,jan_mar_to_jul_sep,none,14,cooling,M2,21,13,0.117172,0.905534,3,0,0,8,11,13,13,12,12,1,1,18,0.0523933,0.628776,18,11,7,2,19,1,10778.7,1.0279
W2,V3,jan_mar_to_jul_sep,none,14,cooling,oracle,21,13,0.0489001,0.609182,3,2,1,,,,,12,,1,,18,0.00756095,0.28948,,11,10,1,21,1,10778.7,1.0279
W2,V3,jan_mar_to_jul_sep,none,15,warming,B0,49,26,2.09786,6.4989,4,0,0,3,5,8,8,21,7,5,1,32,1.60897,6.93172,0,24,0,0,0,2,9173.74,1.05799
W2,V3,jan_mar_to_jul_sep,none,15,warming,M,49,26,0.291083,1.78817,4,2,0,21,24,25,25,21,20,5,5,32,0.0538642,0.930482,32,24,23,1,56,2,9173.74,1.05799
W2,V3,jan_mar_to_jul_sep,none,15,warming,M1b,49,26,0.975506,4.23022,4,0,0,6,10,14,15,21,12,5,2,32,0.424158,3.28,22,24,11,0,15,2,9173.74,1.05799
W2,V3,jan_mar_to_jul_sep,none,15,warming,M2,49,26,0.352386,2.1617,4,0,0,19,24,25,25,21,20,5,5,32,0.0655328,1.21822,32,24,18,0,44,2,9173.74,1.05799
W2,V3,jan_mar_to_jul_sep,none,15,warming,oracle,49,26,0.139345,1.09287,4,3,0,,,,,21,,5,,32,0.0374098,0.891216,,24,22,0,47,2,9173.74,1.05799
W2,V3,jan_mar_to_jul_sep,none,15,cooling,B0,24,13,1.16124,3.17119,1,0,0,2,2,2,3,10,1,3,1,16,0.71482,3.25638,1,12,0,0,0,1,9173.74,1.05799
W2,V3,jan_mar_to_jul_sep,none,15,cooling,M,24,13,0.191921,1.1696,1,1,1,8,10,10,13,10,7,3,3,16,0.0458048,0.667173,16,12,11,1,28,1,9173.74,1.05799
W2,V3,jan_mar_to_jul_sep,none,15,cooling,M1b,24,13,0.68506,2.21654,1,1,0,4,6,6,6,10,4,3,2,16,0.174447,1.48358,12,12,5,0,7,1,9173.74,1.05799
W2,V3,jan_mar_to_jul_sep,none,15,cooling,M2,24,13,0.27195,1.22496,1,1,0,8,10,11,11,10,8,3,3,16,0.0318739,0.545478,16,12,9,0,22,1,9173.74,1.05799
W2,V3,jan_mar_to_jul_sep,none,15,cooling,oracle,24,13,0.0440995,0.60179,1,1,1,,,,,10,,3,,16,0.0316554,0.524753,,12,11,0,23,1,9173.74,1.05799
W2,V3,jul_sep_to_dec,none,8,cooling,B0,0,13,1.05351,3.15025,0,0,2,4,4,5,6,11,5,2,0,17,1.55332,5.04527,2,0,0,12,28,1,11540,1.04668
W2,V3,jul_sep_to_dec,none,8,cooling,M,0,13,0.47981,2.14953,0,0,0,6,11,11,12,11,9,2,2,17,0.570492,3.04479,5,0,0,1,10,1,11540,1.04668
W2,V3,jul_sep_to_dec,none,8,cooling,M1b,0,13,0.770902,2.62643,0,0,0,4,4,8,10,11,8,2,0,17,1.12877,4.29089,3,0,0,10,26,1,11540,1.04668
W2,V3,jul_sep_to_dec,none,8,cooling,M2,0,13,0.555918,2.29091,0,0,0,5,10,11,12,11,9,2,2,17,0.768972,3.53792,5,0,0,3,15,1,11540,1.04668
W2,V3,jul_sep_to_dec,none,8,cooling,oracle,0,13,0.0825421,0.719137,0,0,0,,,,,11,,2,,17,0.0551795,0.837193,,0,0,0,0,1,11540,1.04668
W2,V3,jul_sep_to_dec,none,9,cooling,B0,0,13,0.444246,2.21494,0,0,3,1,5,7,9,11,6,2,1,18,1.00187,4.15198,1,0,0,10,22,1,7263.8,1.02706
W2,V3,jul_sep_to_dec,none,9,cooling,M,0,13,0.293107,1.19168,0,0,0,10,11,12,12,11,10,2,2,18,0.227307,1.92689,17,0,0,0,2,1,7263.8,1.02706
W2,V3,jul_sep_to_dec,none,9,cooling,M1b,0,13,0.359405,1.86476,0,0,2,2,8,9,12,11,8,2,1,18,0.679308,3.39298,4,0,0,8,16,1,7263.8,1.02706
W2,V3,jul_sep_to_dec,none,9,cooling,M2,0,13,0.291746,1.36583,0,0,0,8,11,11,12,11,9,2,2,18,0.402168,2.58509,14,0,0,2,5,1,7263.8,1.02706
W2,V3,jul_sep_to_dec,none,9,cooling,oracle,0,13,0.0284159,0.437894,0,0,0,,,,,11,,2,,18,0.0225474,0.553204,,0,0,0,0,1,7263.8,1.02706
W2,V3,jul_sep_to_dec,none,10,cooling,B0,0,13,1.05373,3.53938,0,0,2,0,1,3,3,10,3,3,0,18,1.0913,4.29277,1,0,0,11,26,1,9762.3,1.00611
W2,V3,jul_sep_to_dec,none,10,cooling,M,0,13,0.281219,1.65778,0,0,0,6,10,12,12,10,9,3,3,18,0.214514,1.87072,15,0,0,2,2,1,9762.3,1.00611
W2,V3,jul_sep_to_dec,none,10,cooling,M1b,0,13,0.709449,2.85147,0,0,2,0,3,4,4,10,3,3,1,18,0.690894,3.40525,1,0,0,8,17,1,9762.3,1.00611
W2,V3,jul_sep_to_dec,none,10,cooling,M2,0,13,0.399115,2.05619,0,0,1,2,9,10,12,10,8,3,2,18,0.350446,2.41613,9,0,0,5,8,1,9762.3,1.00611
W2,V3,jul_sep_to_dec,none,10,cooling,oracle,0,13,0.0565513,0.60507,0,0,0,,,,,10,,3,,18,0.0165429,0.458658,,0,0,0,0,1,9762.3,1.00611
W2,V3,jul_sep_to_dec,none,11,cooling,B0,1,13,0.352724,1.93612,0,0,1,3,7,8,10,11,6,2,2,17,0.592469,3.0597,0,1,1,13,26,1,5318.44,1.01955
W2,V3,jul_sep_to_dec,none,11,cooling,M,1,13,0.0549347,0.741907,0,0,0,13,13,13,13,11,11,2,2,17,0.124445,1.27188,16,1,1,4,12,1,5318.44,1.01955
W2,V3,jul_sep_to_dec,none,11,cooling,M1b,1,13,0.1914,1.41215,0,0,0,7,9,11,13,11,9,2,2,17,0.355059,2.3088,6,1,1,10,21,1,5318.44,1.01955
W2,V3,jul_sep_to_dec,none,11,cooling,M2,1,13,0.0768706,0.867723,0,0,0,9,13,13,13,11,11,2,2,17,0.196948,1.64499,15,1,1,6,14,1,5318.44,1.01955
W2,V3,jul_sep_to_dec,none,11,cooling,oracle,1,13,0.0335525,0.543808,0,0,0,,,,,11,,2,,17,0.0355976,0.702765,,1,0,0,0,1,5318.44,1.01955
W2,V3,jul_sep_to_dec,none,12,cooling,B0,1,13,0.274607,1.56767,0,0,0,5,9,11,13,10,8,3,3,19,0.302525,2.09361,12,0,0,9,16,1,4889.83,1.02407
W2,V3,jul_sep_to_dec,none,12,cooling,M,1,13,0.1031,0.938532,0,0,0,8,13,13,13,10,10,3,3,19,0.0960416,0.77834,19,0,0,1,4,1,4889.83,1.02407
W2,V3,jul_sep_to_dec,none,12,cooling,M1b,1,13,0.184657,1.30758,0,0,0,8,11,12,13,10,9,3,3,19,0.159589,1.26499,17,0,0,6,10,1,4889.83,1.02407
W2,V3,jul_sep_to_dec,none,12,cooling,M2,1,13,0.124123,1.05823,0,0,0,8,13,13,13,10,10,3,3,19,0.109972,0.873801,17,0,0,2,6,1,4889.83,1.02407
W2,V3,jul_sep_to_dec,none,12,cooling,oracle,1,13,0.118519,0.761426,0,0,0,,,,,10,,3,,19,0.0198833,0.508446,,0,0,3,6,1,4889.83,1.02407
W2,V3,jul_sep_to_dec,none,13,cooling,B0,0,13,1.2541,3.85847,0,0,2,0,1,1,3,11,0,2,1,18,1.38785,4.939,0,0,0,15,29,1,10654.4,1.05576
W2,V3,jul_sep_to_dec,none,13,cooling,M,0,13,0.483746,2.28609,0,0,0,1,10,12,12,11,10,2,2,18,0.579462,3.08229,3,0,0,6,12,1,10654.4,1.05576
W2,V3,jul_sep_to_dec,none,13,cooling,M1b,0,13,0.955359,3.36072,0,0,1,0,1,2,6,11,1,2,1,18,1.07807,4.32875,0,0,0,14,26,1,10654.4,1.05576
W2,V3,jul_sep_to_dec,none,13,cooling,M2,0,13,0.622251,2.64822,0,0,0,0,5,11,12,11,9,2,2,18,0.75654,3.58072,1,0,0,9,17,1,10654.4,1.05576
W2,V3,jul_sep_to_dec,none,13,cooling,oracle,0,13,0.130903,0.797206,0,0,0,,,,,11,,2,,18,0.0553049,0.643944,,0,0,0,0,1,10654.4,1.05576
W2,V3,jul_sep_to_dec,none,14,cooling,B0,0,13,1.01432,3.49787,0,0,3,0,2,2,2,11,1,2,1,17,1.14346,4.26454,1,0,0,14,26,1,10778.7,1.0279
W2,V3,jul_sep_to_dec,none,14,cooling,M,0,13,0.341757,1.79636,0,0,0,4,10,13,13,11,11,2,2,17,0.314394,2.17557,10,0,0,1,6,1,10778.7,1.0279
W2,V3,jul_sep_to_dec,none,14,cooling,M1b,0,13,0.729614,2.89385,0,0,2,1,2,3,4,11,2,2,1,17,0.830823,3.63577,1,0,0,13,22,1,10778.7,1.0279
W2,V3,jul_sep_to_dec,none,14,cooling,M2,0,13,0.447093,2.11836,0,0,0,2,7,10,12,11,8,2,2,17,0.510805,2.82609,5,0,0,5,13,1,10778.7,1.0279
W2,V3,jul_sep_to_dec,none,14,cooling,oracle,0,13,0.125361,0.795596,0,0,0,,,,,11,,2,,17,0.00407582,0.204697,,0,0,0,0,1,10778.7,1.0279
W2,V3,jul_sep_to_dec,none,15,cooling,B0,0,13,0.760038,2.65101,0,0,1,4,5,5,6,12,4,1,1,18,1.53292,5.1665,1,0,0,14,29,1,9173.74,1.05799
W2,V3,jul_sep_to_dec,none,15,cooling,M,0,13,0.338475,1.39649,0,0,0,9,12,12,12,12,11,1,1,18,1.03294,4.18552,4,0,0,11,19,1,9173.74,1.05799
W2,V3,jul_sep_to_dec,none,15,cooling,M1b,0,13,0.504477,1.83574,0,0,0,6,8,10,10,12,9,1,1,18,1.04243,4.2619,2,0,0,13,23,1,9173.74,1.05799
W2,V3,jul_sep_to_dec,none,15,cooling,M2,0,13,0.354829,1.41417,0,0,0,8,12,12,12,12,11,1,1,18,0.868782,3.83432,6,0,0,10,18,1,9173.74,1.05799
W2,V3,jul_sep_to_dec,none,15,cooling,oracle,0,13,0.137706,0.963131,0,0,0,,,,,12,,1,,18,0.0137821,0.3937,,0,0,0,0,1,9173.74,1.05799
