world,variant,seed,month,plant_temp_C,E_true_K,theta_w,B0_map_kb,B0_post_kb,B0_post_kw,M_post_kb,M_post_kw,M_P_H0,M_E_post_mean_K,M1b_post_kb,M1b_post_kw,M1b_P_H0,M2_post_kb,M2_post_kw,M2_P_H0,M2_E_post_mean_K,M2_E_wall_post_mean_K,M2_P_W0,M2_P_W2500,M2_P_W5000,M2_P_W8000,M2_P_W12000,M2_P_B5000,M2_P_B8000,M2_P_B12000,M2_kwtop_W0,M2_kwtop_W2500,M2_kwtop_W5000,M2_kwtop_W8000,M2_kwtop_W12000,wall_E_eff_K
W1,V1,16,4,12.5,7937.1,1.00264,0.25,0.306263,0.597898,0.461979,1.36255,0.488825,5937.31,0.4745,0.689433,0.488278,0.470319,1.1448,0.46348,7898.22,3824.67,0.0971465,0.166305,0.183267,0.0894259,0.000375813,0.208351,0.185558,0.142611,9.79888e-07,0.0177518,0.700368,0.989298,0.999593,218.543
W1,V1,16,5,15,7937.1,1.00264,0.4,0.282052,0.588172,0.493154,1.22512,0.592251,6000.99,0.503529,0.629027,0.448892,0.479925,0.99425,0.537969,7688.29,3313.92,0.132094,0.140261,0.114871,0.0728843,0.00192111,0.196132,0.154805,0.111094,2.70377e-08,0.0018511,0.302054,0.94166,0.998721,218.543
W1,V1,16,6,17.5,7937.1,1.00264,0.25,0.239776,0.594152,0.381563,0.990083,0.950048,5461.35,0.413438,0.609119,0.491588,0.403822,0.68754,0.771999,7965.39,1037.57,0.159684,0.0468382,0.0178049,0.00341029,0.000263729,0.0877859,0.0763486,0.0638664,1.12654e-09,4.90147e-05,0.0168634,0.288645,0.807368,218.543
W1,V1,16,7,19.5,7937.1,1.00264,0.4,0.322979,0.56848,0.407233,0.811029,0.568007,6114.33,0.43293,0.599419,0.191342,0.433034,0.66301,0.350786,8292.78,2233.74,0.296501,0.200155,0.101138,0.0432352,0.00818471,0.21972,0.217185,0.212309,7.70198e-13,1.07546e-08,2.09948e-05,0.00548918,0.14361,218.543
W1,V1,16,8,20,7937.1,1.00264,0.4,0.299531,0.58523,0.492692,0.644411,0.236661,6146.82,0.432642,0.598616,0.108015,0.471827,0.617425,0.157778,8373.32,3063.77,0.260584,0.284938,0.193937,0.0837039,0.0190596,0.273664,0.284706,0.283853,2.72225e-13,6.9211e-11,1.28847e-08,2.54536e-06,0.000295483,218.543
W1,V1,16,9,19.5,7937.1,1.00264,0.55,0.513056,0.603539,0.559834,0.623701,0.145005,7830.27,0.556979,0.604834,0.154248,0.560963,0.616819,0.142021,8347.15,5313.94,0.155743,0.185422,0.196176,0.183213,0.137426,0.282329,0.289441,0.286209,2.52408e-10,1.25807e-09,6.04291e-09,3.60541e-08,3.04449e-07,218.543
W1,V1,16,10,17.5,7937.1,1.00264,0.7,0.528006,0.60498,0.544225,0.613508,0.204544,8502.18,0.537308,0.605826,0.234779,0.542293,0.610937,0.213385,8379.66,5841.58,0.139098,0.148503,0.157102,0.166159,0.175753,0.257215,0.261828,0.267573,4.87857e-11,9.2757e-11,1.75841e-10,3.76635e-10,1.02981e-09,218.543
W1,V1,16,11,15,7937.1,1.00264,0.55,0.497439,0.601985,0.550224,0.622267,0.355799,6729.75,0.542369,0.602855,0.215716,0.54867,0.612492,0.287898,8139.89,3693.17,0.209343,0.198504,0.158859,0.101348,0.0440478,0.255683,0.239752,0.216667,2.78067e-11,2.02688e-10,1.39697e-09,1.22562e-08,1.54765e-07,218.543
W1,V1,16,12,12.5,7937.1,1.00264,0.55,0.50107,0.591845,0.596913,0.629131,0.543616,5399.71,0.552304,0.601,0.278184,0.570089,0.613683,0.429135,7198.97,2373.76,0.222699,0.203299,0.109005,0.0321302,0.00373178,0.289843,0.177961,0.103062,1.0646e-11,1.02127e-09,7.76365e-08,6.44389e-06,0.000400237,218.543
W1,V1,17,4,12.5,8103.05,1.04776,0.25,0.201563,0.307096,0.390182,1.11602,0.0896962,8200.34,0.384446,0.465714,0.144135,0.390026,0.915682,0.0939785,8622.71,5810.17,0.111608,0.20158,0.197941,0.242056,0.152837,0.255414,0.318,0.332608,2.96431e-15,2.38979e-08,0.00132543,0.268293,0.945515,3872.46
W1,V1,17,5,15,8103.05,1.04776,0.1,0.176492,0.300903,0.344394,0.900786,0.146005,7729.16,0.409322,0.340151,0.139988,0.362505,0.701226,0.133721,8674.53,4865.97,0.164302,0.204778,0.230442,0.162489,0.104269,0.241513,0.297549,0.327217,8.36012e-18,5.3634e-11,4.25079e-06,0.0139652,0.623526,3872.46
W1,V1,17,6,17.5,8103.05,1.04776,0.25,0.256609,0.307688,0.358383,0.961513,0.00985246,8708.03,0.399501,0.461055,0.076312,0.364455,0.871147,0.0129604,8641.37,7302.89,0.0313748,0.151776,0.229604,0.302657,0.271627,0.282388,0.334597,0.370055,2.58761e-17,5.73715e-12,4.42363e-07,0.0039925,0.40475,3872.46
W1,V1,17,7,19.5,8103.05,1.04776,0.25,0.220194,0.463334,0.247742,0.840692,0.0283415,7217.99,0.285784,0.572203,0.0489727,0.269584,0.747603,0.0276414,8708.71,5076.71,0.107357,0.253398,0.308109,0.2199,0.0835951,0.274197,0.320233,0.377928,3.43856e-13,3.21602e-09,9.65034e-06,0.00835008,0.257492,3872.46
W1,V1,17,8,20,8103.05,1.04776,0.25,0.302294,0.605841,0.330553,0.794812,0.614275,6172.89,0.39108,0.620415,0.21768,0.373239,0.682628,0.388554,8591.12,2267.2,0.279285,0.180238,0.103525,0.04068,0.00771727,0.181844,0.202858,0.226743,5.04619e-10,8.2717e-08,4.94357e-06,0.000175674,0.00289382,3872.46
W1,V1,17,9,19.5,8103.05,1.04776,0.4,0.364381,0.611679,0.443688,0.657145,0.109111,8264.52,0.437857,0.612193,0.121674,0.443756,0.641163,0.10748,8690.37,5487.23,0.155174,0.185705,0.200785,0.195247,0.155609,0.253551,0.294763,0.344205,1.41524e-10,8.23794e-10,4.32828e-09,2.66114e-08,2.13187e-07,3872.46
W1,V1,17,10,17.5,8103.05,1.04776,0.4,0.471896,0.709872,0.469039,0.773372,0.280133,8198.2,0.483809,0.716037,0.258794,0.474362,0.752828,0.272358,8313.15,5272.41,0.156011,0.151094,0.146372,0.140788,0.133377,0.244431,0.242921,0.240289,4.9216e-08,8.25803e-08,1.36516e-07,2.4469e-07,5.15981e-07,3872.46
W1,V1,17,11,15,8103.05,1.04776,0.25,0.408193,0.705134,0.387641,0.947487,0.129156,7877.99,0.425473,0.767208,0.159128,0.39634,0.900522,0.132323,8442.84,5503.6,0.139845,0.175944,0.207732,0.208262,0.135894,0.275359,0.289738,0.30258,3.3897e-08,1.97864e-07,1.02097e-06,6.59321e-06,6.61225e-05,3872.46
W1,V1,17,12,12.5,8103.05,1.04776,0.4,0.394584,0.607774,0.433456,0.964691,0.0834521,7256.38,0.495696,0.648553,0.127137,0.450368,0.895204,0.0893592,8326.86,5438.57,0.1227,0.17378,0.259059,0.259597,0.0955052,0.301958,0.307801,0.300882,9.65831e-09,1.22801e-06,5.15703e-05,0.00153424,0.0311517,3872.46
W1,V1,18,4,12.5,7586.95,1.03136,0.1,0.348653,0.385881,0.36667,1.16592,0.0987566,7490.33,0.349687,0.569361,0.107376,0.368568,0.941615,0.0947077,8569.95,5025.89,0.157462,0.201068,0.217609,0.247663,0.0814895,0.271178,0.301737,0.332377,2.72181e-15,5.3075e-08,0.00509078,0.538694,0.981443,2563.29
W1,V1,18,5,15,7586.95,1.03136,0.1,0.269248,0.516102,0.361499,1.19718,0.0483032,7611.04,0.357616,0.597085,0.0624454,0.371304,1.0083,0.0505558,8580.58,5445.04,0.151809,0.160707,0.251813,0.278112,0.107003,0.282394,0.317446,0.349604,2.18417e-15,6.93808e-08,0.00491604,0.555984,0.989252,2563.29
W1,V1,18,6,17.5,7586.95,1.03136,0.1,0.189026,0.531035,0.233259,0.950608,0.232936,6379.09,0.254107,0.592593,0.0761998,0.255525,0.71762,0.127914,8747.53,2810.92,0.310151,0.279595,0.187535,0.080738,0.0140669,0.242505,0.284724,0.344856,2.60785e-17,2.94836e-10,8.10654e-05,0.143558,0.781283,2563.29
W1,V1,18,7,19.5,7586.95,1.03136,0.1,0.153088,0.59791,0.20868,0.926492,0.262788,6001.91,0.234524,0.600392,0.074536,0.231393,0.72494,0.139743,8734.44,2528.23,0.347019,0.25099,0.192623,0.0627884,0.00683585,0.240933,0.280672,0.338652,2.48799e-15,4.88155e-10,7.54348e-06,0.012279,0.298185,2563.29
W1,V1,18,8,20,7586.95,1.03136,0.4,0.26578,0.599503,0.272079,0.767858,0.102179,7471.83,0.326323,0.601362,0.0924927,0.292323,0.697164,0.0903492,8758.03,4698.11,0.177295,0.21661,0.238858,0.196206,0.0806814,0.251445,0.297237,0.360969,2.01816e-13,8.1547e-11,1.83383e-08,4.52149e-06,0.000832158,2563.29
W1,V1,18,9,19.5,7586.95,1.03136,0.1,0.266899,0.599687,0.307382,0.602823,0.698215,6314.43,0.277156,0.599971,0.286506,0.287486,0.60086,0.48716,8271.57,2255.1,0.242638,0.146568,0.079494,0.0342659,0.00987379,0.17524,0.171353,0.166247,3.28668e-15,5.45936e-14,8.27283e-13,1.7167e-11,5.56458e-10,2563.29
W1,V1,18,10,17.5,7586.95,1.03136,0.55,0.566391,0.594527,0.581072,0.595868,0.382367,7720.43,0.575625,0.595083,0.300468,0.579143,0.595584,0.351748,8109.05,4702.99,0.163784,0.146717,0.130952,0.113605,0.0931942,0.235996,0.217585,0.19467,5.05428e-14,9.51354e-14,1.78302e-13,3.7657e-13,1.00871e-12,2563.29
W1,V1,18,11,15,7586.95,1.03136,0.4,0.429726,0.598334,0.531746,0.599853,0.396995,6912.28,0.508377,0.59816,0.19583,0.525905,0.599018,0.288333,8505.62,3335.13,0.236807,0.202755,0.149639,0.0877938,0.0346728,0.218778,0.238846,0.254043,5.37367e-14,3.811e-13,2.76952e-12,2.87361e-11,5.18672e-10,2563.29
W1,V1,18,12,12.5,7586.95,1.03136,0.25,0.309138,0.599962,0.478942,0.787154,0.0217211,8741.98,0.507938,0.600331,0.0103412,0.512798,0.658054,0.012083,10198.2,4092.35,0.231269,0.296868,0.233697,0.145185,0.0808976,0.113247,0.246824,0.627846,6.92929e-12,1.21358e-09,1.75003e-07,2.36518e-05,0.00139822,2563.29
W1,V1,19,4,12.5,5462.01,1.02641,0.1,0.187309,0.57885,0.328143,1.32676,0.11864,6713.62,0.370171,0.603323,0.0841968,0.364361,1.06485,0.099766,8854.66,4110.71,0.21703,0.185254,0.249919,0.247125,0.000905582,0.230942,0.303738,0.365554,1.1088e-10,0.000262295,0.24621,0.988535,0.999925,2164.12
W1,V1,19,5,15,5462.01,1.02641,0.7,0.328177,0.525622,0.370803,1.16324,0.327282,6061.2,0.373385,0.60078,0.130512,0.380341,0.865177,0.233103,8288.99,2871.74,0.310591,0.164139,0.187249,0.100822,0.00409689,0.261845,0.253261,0.251791,4.10888e-12,1.82544e-05,0.047777,0.866765,0.999791,2164.12
W1,V1,19,6,17.5,5462.01,1.02641,0.1,0.322946,0.585844,0.359226,1.05336,0.584507,5674.1,0.409085,0.602842,0.192069,0.392273,0.787837,0.367024,8398.39,2103.47,0.308774,0.161837,0.127548,0.0321755,0.0026423,0.20972,0.202925,0.220332,2.23708e-11,6.34287e-06,0.0114057,0.529591,0.985702,2164.12
W1,V1,19,7,19.5,5462.01,1.02641,0.1,0.35767,0.596229,0.430454,0.834853,0.561883,5653.23,0.419071,0.600636,0.16769,0.430096,0.668733,0.33341,8090.73,1924.36,0.330969,0.202575,0.0989499,0.0318981,0.00219872,0.248238,0.217053,0.201299,1.63761e-13,4.99506e-09,1.60175e-05,0.00483145,0.123667,2164.12
W1,V1,19,8,20,5462.01,1.02641,0.1,0.390393,0.5998,0.474514,0.644783,0.930491,5272.63,0.397825,0.601223,0.440372,0.411261,0.608455,0.721628,7568.42,1094.3,0.18341,0.0722535,0.0194671,0.00305877,0.000181998,0.124516,0.090503,0.0633523,4.33702e-14,2.44991e-11,7.75912e-09,1.78721e-06,0.000146859,2164.12
W1,V1,19,9,19.5,5462.01,1.02641,0.1,0.353129,0.600681,0.403937,0.623473,0.336371,6865.69,0.383758,0.601765,0.196024,0.395158,0.611824,0.263519,8332.06,3660.6,0.21616,0.207428,0.165913,0.103983,0.0429971,0.245511,0.245698,0.245272,4.64997e-14,7.08967e-13,1.05982e-11,2.37103e-10,9.65445e-09,2164.12
W1,V1,19,10,17.5,5462.01,1.02641,0.25,0.30385,0.601382,0.310602,0.604635,0.286855,8064.73,0.31035,0.60176,0.246455,0.310634,0.603484,0.271093,8331.81,5028.63,0.165775,0.158066,0.149035,0.136828,0.119204,0.243054,0.243098,0.242755,1.55824e-12,3.17666e-12,6.50037e-12,1.54003e-11,4.88954e-11,2164.12
W1,V1,19,11,15,5462.01,1.02641,0.4,0.332873,0.600259,0.354637,0.600572,0.157163,7312.75,0.354303,0.600239,0.122353,0.355501,0.600414,0.134794,8490.24,4430.71,0.193378,0.222922,0.211121,0.158211,0.0795734,0.269445,0.287636,0.308124,6.13196e-12,4.23303e-11,2.79049e-10,2.24235e-09,2.20224e-08,2164.12
W1,V1,19,12,12.5,5462.01,1.02641,0.25,0.311482,0.60009,0.388292,0.619265,0.23655,5752.99,0.386823,0.600158,0.0573772,0.391796,0.605489,0.11224,8462.54,2243,0.368788,0.311143,0.157833,0.043932,0.00606429,0.27612,0.301895,0.309745,2.77557e-11,3.36761e-09,2.03332e-07,7.48169e-06,9.13403e-05,2164.12
W1,V1,20,4,12.5,7427.93,1.03886,0.1,0.118088,0.35111,0.300379,1.1744,0.0601956,8737.65,0.306005,0.466361,0.0986504,0.314308,0.925736,0.0643635,9143.06,5886.3,0.117615,0.191369,0.207939,0.258811,0.159903,0.211708,0.297776,0.426152,1.21046e-14,2.49033e-08,0.00108432,0.323928,0.892938,3164.4
W1,V1,20,5,15,7427.93,1.03886,0.1,0.109368,0.312873,0.223478,0.962074,0.150223,8303.83,0.23701,0.378617,0.148089,0.241676,0.726691,0.135915,9015.52,4993.32,0.156375,0.216982,0.203428,0.173137,0.114163,0.211964,0.273775,0.378346,8.46724e-17,1.68956e-10,1.70295e-05,0.0391825,0.614141,3164.4
W1,V1,20,6,17.5,7427.93,1.03886,0.1,0.109509,0.325609,0.199946,0.71435,0.401167,6718.3,0.216145,0.407358,0.190162,0.223579,0.566409,0.271428,8699.48,3168.16,0.231185,0.234315,0.161422,0.0761158,0.0255337,0.206953,0.238999,0.282619,1.80045e-16,2.38713e-11,4.88265e-07,0.00168264,0.156627,3164.4
W1,V1,20,7,19.5,7427.93,1.03886,0.1,0.200552,0.349502,0.228802,0.635271,0.0456351,7448.21,0.283982,0.434998,0.0991311,0.244515,0.599313,0.047847,8838.7,5461.05,0.0869633,0.208085,0.317684,0.245482,0.0939392,0.253366,0.309118,0.389668,1.05146e-18,6.65936e-15,2.70291e-11,1.88572e-07,0.000556508,3164.4
W1,V1,20,8,20,7427.93,1.03886,0.25,0.212183,0.495336,0.229779,0.597684,0.103145,7171.59,0.242879,0.538725,0.149709,0.234109,0.586064,0.106099,8336.11,5135.28,0.12052,0.211872,0.261865,0.211075,0.0885692,0.296618,0.299709,0.297575,3.00309e-17,2.80222e-15,2.49558e-13,4.48074e-11,2.00109e-08,3164.4
W1,V1,20,9,19.5,7427.93,1.03886,0.25,0.231993,0.55324,0.275935,0.593721,0.191689,7648.22,0.25905,0.571254,0.184745,0.270761,0.587384,0.181957,8379.9,4968.12,0.160591,0.188753,0.194144,0.16828,0.106275,0.267129,0.272873,0.27804,3.23951e-16,2.0669e-15,1.4308e-14,1.59033e-13,4.23682e-12,3164.4
W1,V1,20,10,17.5,7427.93,1.03886,0.4,0.306405,0.58604,0.32875,0.590115,0.240869,8340.2,0.322348,0.58611,0.237859,0.326628,0.588762,0.239401,8389.61,5443.71,0.153416,0.153989,0.153603,0.1519,0.147691,0.247743,0.252966,0.259891,1.26891e-13,2.34179e-13,4.31841e-13,8.97885e-13,2.37433e-12,3164.4
W1,V1,20,11,15,7427.93,1.03886,0.4,0.344074,0.596058,0.397299,0.600177,0.476994,6911.9,0.39381,0.595798,0.2489,0.398648,0.597829,0.366895,8238.53,3339.27,0.221434,0.173182,0.124602,0.0771246,0.0367621,0.218063,0.21374,0.201302,9.98468e-13,7.32094e-12,5.0769e-11,4.55995e-10,6.21401e-09,3164.4
W1,V1,20,12,12.5,7427.93,1.03886,0.4,0.300283,0.585238,0.391236,0.620083,0.0208413,7830.58,0.404522,0.592079,0.0316599,0.404088,0.609498,0.0198594,8996.65,5329.63,0.121483,0.231538,0.280538,0.229182,0.1174,0.236224,0.322535,0.421382,6.09562e-15,5.03927e-13,4.32672e-11,6.82622e-09,1.94639e-06,3164.4
W1,V1,21,4,12.5,6247.9,1.02203,0.1,0.231212,0.519476,0.357552,1.23197,0.0737902,7259.6,0.367527,0.592538,0.0683219,0.375219,0.989568,0.0678515,8718.87,4712.34,0.185053,0.196811,0.233639,0.266844,0.0498021,0.25816,0.312846,0.361143,2.5662e-10,5.44881e-05,0.0605723,0.723223,0.990184,1808.91
W1,V1,21,5,15,6247.9,1.02203,0.1,0.315221,0.424678,0.405886,1.01648,0.365137,6607.29,0.392745,0.576156,0.189966,0.406243,0.77968,0.276157,8141.03,3351.17,0.235512,0.207953,0.150276,0.101693,0.0284099,0.259586,0.244047,0.22021,1.80298e-12,1.41977e-06,0.00851687,0.35729,0.923691,1808.91
W1,V1,21,6,17.5,6247.9,1.02203,0.25,0.23545,0.551272,0.310476,1.0262,0.0878054,7874.73,0.382189,0.590398,0.072757,0.353184,0.811522,0.0715632,9046.09,4623.16,0.182406,0.250929,0.209847,0.201826,0.0834289,0.221442,0.298107,0.408889,2.72039e-13,2.61375e-08,0.000228621,0.0615071,0.700342,1808.91
W1,V1,21,7,19.5,6247.9,1.02203,0.25,0.239675,0.553465,0.410604,0.745644,0.324257,6342.99,0.430472,0.587279,0.114165,0.43944,0.64062,0.189673,8481.09,2728.96,0.294346,0.278723,0.149043,0.0723146,0.0159007,0.248959,0.277188,0.284179,2.90516e-14,2.88913e-10,1.04718e-06,0.000880628,0.0748257,1808.91
W1,V1,21,8,20,6247.9,1.02203,0.25,0.262687,0.596181,0.372622,0.624605,0.738198,5627.5,0.368178,0.597633,0.361314,0.373743,0.606471,0.571758,7376.61,2085.71,0.202137,0.134004,0.065323,0.0224469,0.00433237,0.200643,0.143858,0.0837413,2.17377e-12,2.56402e-10,2.29017e-08,2.14439e-06,0.000134731,1808.91
W1,V1,21,9,19.5,6247.9,1.02203,0.4,0.317604,0.590155,0.35981,0.599612,0.0980102,8524.08,0.356696,0.591907,0.120622,0.359554,0.59717,0.101033,8762.06,5681.65,0.147314,0.180397,0.19955,0.2004,0.171306,0.248685,0.292501,0.357781,6.00119e-13,3.89623e-12,2.47611e-11,2.10768e-10,2.92479e-09,1808.91
W1,V1,21,10,17.5,6247.9,1.02203,0.4,0.388379,0.596827,0.410971,0.598452,0.305319,8040.81,0.401503,0.59734,0.264928,0.407636,0.598058,0.290134,8278.53,5054.49,0.161002,0.153056,0.144418,0.133352,0.118039,0.241907,0.2371,0.230859,2.23031e-13,4.17162e-13,7.81302e-13,1.66003e-12,4.53664e-12,1808.91
W1,V1,21,11,15,6247.9,1.02203,0.4,0.339829,0.56348,0.400963,0.592313,0.303537,6942.15,0.383503,0.576451,0.24864,0.396158,0.587358,0.279344,7862.17,4472.18,0.168829,0.179324,0.167433,0.130855,0.0742151,0.287105,0.243054,0.190497,1.63029e-15,1.15157e-14,8.40061e-14,9.14891e-13,2.0078e-11,1808.91
W1,V1,21,12,12.5,6247.9,1.02203,0.25,0.269593,0.60022,0.360034,0.643894,0.890731,5947.8,0.335704,0.60096,0.364127,0.347686,0.60878,0.635733,8343.54,1426.05,0.222036,0.0943029,0.0356914,0.0103975,0.00183904,0.121719,0.119974,0.122574,1.54552e-11,1.86823e-09,1.02071e-07,3.70039e-06,6.72012e-05,1808.91
W1,V1,22,4,12.5,8112.27,1.05373,0.1,0.40262,0.385569,0.289022,1.18916,0.139021,8218.22,0.287836,0.529048,0.183196,0.290898,0.955528,0.141122,8929.32,5519.55,0.125842,0.179468,0.198284,0.240718,0.114566,0.221486,0.271734,0.365658,6.43255e-09,0.000117849,0.032128,0.452242,0.941093,4344.5
W1,V1,22,5,15,8112.27,1.05373,0.1,0.190683,0.382692,0.276438,1.12177,0.0685979,8726.65,0.290867,0.504384,0.100539,0.283705,0.886028,0.0707317,9118.32,5727.2,0.126558,0.202181,0.210795,0.228534,0.1612,0.215081,0.293072,0.421115,2.14176e-10,3.74539e-06,0.00437939,0.185416,0.82411,4344.5
W1,V1,22,6,17.5,8112.27,1.05373,0.1,0.141646,0.572911,0.271274,1.02624,0.0798378,7708.97,0.296426,0.592843,0.0531723,0.30168,0.804226,0.0599155,9086.34,4284.68,0.213381,0.259582,0.213622,0.182775,0.0707246,0.220479,0.298934,0.420671,3.6293e-11,8.74737e-07,0.00150872,0.0973752,0.679534,4344.5
W1,V1,22,7,19.5,8112.27,1.05373,0.25,0.260973,0.589448,0.419862,0.853968,0.0549291,7267.06,0.450295,0.598809,0.0417993,0.450251,0.728521,0.0427867,8751.39,4324.86,0.196167,0.281545,0.232142,0.173268,0.0740911,0.258931,0.324273,0.374009,1.09484e-10,9.29779e-08,2.97074e-05,0.00410871,0.112091,4344.5
W1,V1,22,8,20,8112.27,1.05373,0.25,0.377538,0.603106,0.483998,0.89057,0.0184213,8619.94,0.514162,0.60777,0.0389701,0.49605,0.810793,0.0204531,8858.21,6456.15,0.100878,0.169523,0.219366,0.268475,0.221305,0.253808,0.325218,0.40052,1.66327e-08,5.86515e-07,1.38662e-05,0.000274051,0.00462234,4344.5
W1,V1,22,9,19.5,8112.27,1.05373,0.4,0.406873,0.656278,0.424071,0.845302,0.130989,8253.72,0.453573,0.674515,0.164555,0.433962,0.795364,0.136585,8334.79,5902.32,0.138689,0.163235,0.181856,0.194212,0.185424,0.285615,0.291322,0.286478,5.84052e-07,2.07424e-06,6.72588e-06,2.38463e-05,0.000100312,4344.5
W1,V1,22,10,17.5,8112.27,1.05373,0.55,0.468604,0.756758,0.459941,0.845212,0.290269,8127.3,0.477301,0.76984,0.268481,0.466121,0.818991,0.282703,8223.6,5283.51,0.154054,0.148419,0.143573,0.138521,0.13273,0.249728,0.240176,0.227393,1.48283e-06,2.42795e-06,3.90297e-06,6.73584e-06,1.3422e-05,4344.5
W1,V1,22,11,15,8112.27,1.05373,0.25,0.325741,0.641762,0.352062,0.755265,0.115193,8352.04,0.3586,0.654847,0.159543,0.354089,0.725908,0.123105,8493,5953.02,0.129701,0.165737,0.192903,0.205333,0.183221,0.272283,0.292324,0.312288,3.6296e-07,1.32642e-06,4.52791e-06,1.76226e-05,8.59121e-05,4344.5
W1,V1,22,12,12.5,8112.27,1.05373,0.4,0.388764,0.602319,0.387652,0.811142,0.127777,7230.93,0.442059,0.611655,0.0951589,0.413879,0.723059,0.102302,8818.73,4268.02,0.194553,0.242809,0.233944,0.165515,0.0608773,0.241571,0.291206,0.364921,4.90361e-09,3.65854e-07,1.61843e-05,0.000572756,0.0107113,4344.5
W1,V1,23,4,12.5,10546.7,1.05609,0.1,0.149658,0.448353,0.305807,1.18888,0.0824539,8119.86,0.309454,0.533243,0.0902988,0.313357,0.945418,0.078985,9006.42,5249.78,0.159144,0.19103,0.214812,0.247214,0.108815,0.221966,0.300843,0.398206,1.16595e-10,3.61007e-05,0.0429053,0.492622,0.92012,4529.55
W1,V1,23,5,15,10546.7,1.05609,0.1,0.172517,0.356819,0.320581,1.09633,0.0606784,8440.67,0.332446,0.483098,0.0870285,0.327708,0.877889,0.0621599,8914.39,5692.9,0.130418,0.199822,0.2183,0.230908,0.158393,0.23821,0.306585,0.393045,1.59687e-11,2.28778e-06,0.00400436,0.194734,0.82878,4529.55
W1,V1,23,6,17.5,10546.7,1.05609,0.4,0.417989,0.354105,0.436127,0.909745,0.092433,7660.12,0.47855,0.518759,0.127026,0.454705,0.776245,0.092309,8505.53,5260.97,0.126877,0.221998,0.244548,0.193405,0.120863,0.274669,0.312305,0.320717,2.62056e-11,4.05557e-07,0.00049153,0.0534132,0.448671,4529.55
W1,V1,23,7,19.5,10546.7,1.05609,0.55,0.372844,0.515793,0.512372,0.946812,0.00554717,9169.1,0.51809,0.595359,0.0309299,0.509743,0.874159,0.00745493,8743.07,7600.78,0.0467143,0.132359,0.204597,0.279066,0.329809,0.265551,0.343448,0.383546,4.74845e-09,2.07128e-06,0.000308664,0.0150447,0.168586,4529.55
W1,V1,23,8,20,10546.7,1.05609,0.4,0.463751,0.626594,0.506089,1.04818,0.00372843,9330.49,0.547006,0.715498,0.0630071,0.500171,1.03464,0.00505581,8021.67,9228.03,0.0150372,0.0424656,0.125575,0.323764,0.488102,0.369629,0.342703,0.282612,4.5221e-05,0.000680722,0.00527594,0.0339009,0.18378,4529.55
W1,V1,23,9,19.5,10546.7,1.05609,0.4,0.38336,0.934574,0.446485,0.997613,0.143327,7777.87,0.434213,0.958973,0.156746,0.443733,0.986669,0.142231,8304.93,5316.71,0.153033,0.184715,0.199133,0.186899,0.133988,0.287698,0.288906,0.281164,0.00172607,0.00356624,0.00690788,0.013985,0.0305611,4529.55
W1,V1,23,10,17.5,10546.7,1.05609,0.4,0.388951,0.978259,0.414174,0.987794,0.275533,8197.18,0.407915,0.978466,0.251365,0.412123,0.984426,0.266452,8350.81,5218.75,0.158714,0.154049,0.148668,0.141415,0.130701,0.242746,0.244406,0.246395,0.0040243,0.00514545,0.00652413,0.00857649,0.012122,4529.55
W1,V1,23,11,15,10546.7,1.05609,0.25,0.330996,0.84729,0.39256,0.934872,0.225816,7685.06,0.391469,0.855019,0.194059,0.394558,0.906773,0.208298,8358.94,4830.4,0.173015,0.183283,0.178042,0.153128,0.104233,0.260094,0.265495,0.266113,0.000181681,0.000450702,0.00101794,0.00238204,0.00592605,4529.55
W1,V1,23,12,12.5,10546.7,1.05609,0.1,0.233895,0.649813,0.280579,0.987055,0.190621,6794.97,0.312421,0.732377,0.114282,0.301719,0.887393,0.143364,8649.9,3760.34,0.222221,0.243458,0.22115,0.132711,0.0370968,0.247985,0.28348,0.325171,1.57002e-05,0.000452063,0.00595686,0.0507588,0.225745,4529.55
W1,V1,24,4,12.5,4803.52,1.06231,0.4,0.422491,0.327869,0.477453,1.10158,0.162497,7096.76,0.439218,0.558169,0.226796,0.470165,0.962585,0.172558,7742.66,5484.91,0.117658,0.178033,0.189317,0.240609,0.101826,0.34335,0.279814,0.204278,2.75853e-13,5.98121e-07,0.00723701,0.470183,0.981983,5017.12
W1,V1,24,5,15,4803.52,1.06231,0.25,0.287857,0.368212,0.36741,1.03921,0.210658,7257.88,0.381377,0.528266,0.153957,0.378029,0.814646,0.178217,8451.86,4268.85,0.195872,0.21352,0.191891,0.157796,0.0627037,0.257334,0.278616,0.285832,3.22747e-12,1.81488e-06,0.00734034,0.323945,0.871942,5017.12
W1,V1,24,6,17.5,4803.52,1.06231,0.25,0.257644,0.418421,0.347383,0.746472,0.324755,6190.65,0.351607,0.530681,0.136325,0.351667,0.630749,0.208527,8393.14,2900.67,0.26422,0.265135,0.177961,0.0666809,0.0174763,0.254853,0.267689,0.268931,1.09586e-13,1.96732e-08,0.000122231,0.027215,0.232625,5017.12
W1,V1,24,7,19.5,4803.52,1.06231,0.1,0.197755,0.562823,0.352264,0.92558,0.00336324,9313.6,0.325412,0.590844,0.0355649,0.349257,0.872385,0.0048233,8668.63,8169.59,0.0261593,0.0965126,0.19756,0.299558,0.375387,0.282955,0.333654,0.378568,3.08101e-12,1.37416e-08,1.66489e-05,0.00544362,0.127513,5017.12
W1,V1,24,8,20,4803.52,1.06231,0.1,0.254174,0.598468,0.336257,0.783988,0.0247077,7707.29,0.33092,0.606528,0.0681603,0.341643,0.736762,0.0283466,8506.62,6042.89,0.0775071,0.188648,0.278946,0.278344,0.148208,0.300062,0.323481,0.34811,6.26599e-10,6.67917e-08,5.18502e-06,0.000379467,0.0138874,5017.12
W1,V1,24,9,19.5,4803.52,1.06231,0.25,0.302964,0.717971,0.32398,0.821204,0.312566,7237.96,0.323188,0.737098,0.21135,0.32506,0.785534,0.263011,8330.49,4107,0.196285,0.191431,0.165802,0.120607,0.062864,0.245825,0.245903,0.24526,3.76327e-06,1.68185e-05,6.48307e-05,0.000258002,0.0010502,5017.12
W1,V1,24,10,17.5,4803.52,1.06231,0.1,0.26727,0.756593,0.265872,0.811639,0.200541,8533.52,0.271473,0.765038,0.23237,0.267501,0.79725,0.210269,8379.82,5873.03,0.138924,0.147995,0.156846,0.166924,0.179042,0.25829,0.262735,0.268705,6.10736e-07,1.07999e-06,1.88534e-06,3.61349e-06,8.34929e-06,5017.12
W1,V1,24,11,15,4803.52,1.06231,0.4,0.295252,0.710901,0.327762,0.838576,0.126425,8157.97,0.336484,0.724432,0.151097,0.330881,0.803116,0.12876,8532.69,5569.59,0.144681,0.178311,0.198199,0.19623,0.15382,0.266512,0.288819,0.315909,5.12021e-07,2.49481e-06,1.06604e-05,4.92506e-05,0.000252662,5017.12
W1,V1,24,12,12.5,4803.52,1.06231,0.25,0.29207,0.603444,0.388251,0.882028,0.10994,6970.77,0.441817,0.615641,0.110051,0.416235,0.787783,0.103,8366.46,4662.12,0.166587,0.217289,0.244584,0.201673,0.0668658,0.291114,0.305371,0.300515,2.14995e-10,3.65992e-08,3.05946e-06,0.000188138,0.00610393,5017.12
W1,V1,25,4,12.5,8137.32,1.00852,0.1,0.125378,0.567946,0.218813,1.29511,0.0221884,6796.17,0.245463,0.609081,0.0118929,0.253243,1.00738,0.015662,9229.2,3968.5,0.260252,0.198936,0.274907,0.242111,0.00813182,0.213516,0.308197,0.462625,2.3933e-07,0.00303559,0.17812,0.923346,0.998777,704.075
W1,V1,25,5,15,8137.32,1.00852,0.1,0.123995,0.594135,0.217915,1.28795,0.0296158,6675.44,0.241624,0.614971,0.0149346,0.246159,1.00813,0.0207947,9177.15,3843.49,0.274318,0.191572,0.282287,0.224783,0.00624422,0.218347,0.30893,0.451928,2.95332e-06,0.00653277,0.174102,0.942253,0.999015,704.075
W1,V1,25,6,17.5,8137.32,1.00852,0.1,0.124585,0.602478,0.196177,1.28987,0.0267905,6784.19,0.225259,0.673992,0.0264297,0.215469,1.09632,0.0221238,9078.18,4456.77,0.162992,0.231689,0.32496,0.236171,0.0220648,0.230421,0.311056,0.436399,2.26933e-05,0.0171624,0.279295,0.864704,0.996059,704.075
W1,V1,25,7,19.5,8137.32,1.00852,0.1,0.142402,0.777767,0.185401,1.19822,0.0736306,6775.43,0.184619,0.906806,0.0428648,0.19073,1.05756,0.0480725,8998.38,3703.7,0.214684,0.309305,0.266943,0.128566,0.0324289,0.234378,0.304169,0.41338,0.000450985,0.0190908,0.172296,0.620142,0.941072,704.075
W1,V1,25,8,20,8137.32,1.00852,0.1,0.200257,0.970367,0.263756,1.204,0.0685967,7165.79,0.255678,0.991856,0.074839,0.266303,1.12165,0.0619489,8633.38,4697.91,0.153163,0.246688,0.269355,0.195691,0.0731554,0.274839,0.308546,0.354666,0.0155252,0.0776485,0.228153,0.488832,0.785696,704.075
W1,V1,25,9,19.5,8137.32,1.00852,0.4,0.31257,0.910293,0.316456,0.996034,0.15337,8037.4,0.341606,0.930196,0.140595,0.326674,0.972694,0.142208,8695.15,4977.63,0.173853,0.195919,0.197611,0.173249,0.11716,0.244867,0.280201,0.332724,0.00204569,0.00534553,0.0124664,0.0293392,0.0695738,704.075
W1,V1,25,10,17.5,8137.32,1.00852,0.4,0.397668,0.936164,0.429876,0.962168,0.233797,8375.84,0.418019,0.9401,0.229499,0.425756,0.954636,0.231799,8434.58,5428.85,0.155644,0.155904,0.155223,0.153147,0.148283,0.245592,0.254954,0.267655,0.00123215,0.00163548,0.00215368,0.00296466,0.00446246,704.075
W1,V1,25,11,15,8137.32,1.00852,0.4,0.434147,0.896464,0.439514,0.950158,0.593545,6734.98,0.439986,0.915567,0.299081,0.439766,0.932488,0.452831,8230.62,2982.86,0.212248,0.152308,0.101537,0.0573064,0.0237681,0.190206,0.182761,0.174202,0.00152906,0.00302416,0.00540122,0.00948178,0.016239,704.075
W1,V1,25,12,12.5,8137.32,1.00852,0.4,0.380673,0.896413,0.327634,1.05702,0.592239,6076.43,0.351021,0.961275,0.319816,0.337481,1.00566,0.453466,8162.77,2818.4,0.192886,0.176399,0.118348,0.0498017,0.0091002,0.195415,0.182319,0.1688,0.00635239,0.0271063,0.0828783,0.211263,0.429522,704.075
W1,V1,26,4,12.5,7108.91,1.04127,0.25,0.357322,0.300077,0.408959,1.03047,0.223165,8035.05,0.437476,0.362448,0.351972,0.404153,0.859306,0.229694,8285.29,5812.69,0.0845795,0.19871,0.157752,0.189791,0.139474,0.261413,0.257892,0.251001,1.13756e-24,4.57167e-15,7.14528e-07,0.0877311,0.940435,3356.89
W1,V1,26,5,15,7108.91,1.04127,0.25,0.344704,0.300119,0.380319,0.915352,0.271763,7438.64,0.419691,0.363819,0.315575,0.374559,0.73066,0.244426,8418.63,4725.15,0.106023,0.257263,0.168378,0.150441,0.0734691,0.242709,0.251756,0.261109,1.06538e-25,1.47169e-16,2.4707e-08,0.0146971,0.818566,3356.89
W1,V1,26,6,17.5,7108.91,1.04127,0.4,0.453272,0.306133,0.382119,1.18851,0.000391452,10403.1,0.401464,0.494377,0.0578948,0.376156,1.12923,0.000673998,8730.33,9947.68,0.00219356,0.0310689,0.0713043,0.307582,0.587178,0.275993,0.33388,0.389454,3.16441e-21,6.27263e-15,1.05199e-08,0.00116788,0.604614,3356.89
W1,V1,26,7,19.5,7108.91,1.04127,0.1,0.293935,0.483757,0.362936,0.681162,0.219807,5871.22,0.27382,0.589486,0.0854825,0.321095,0.622006,0.1219,8403.39,2721.97,0.260824,0.373584,0.175069,0.060656,0.00796714,0.283728,0.293021,0.301351,9.06569e-20,5.85121e-15,3.50093e-10,1.34897e-05,0.0343571,3356.89
W1,V1,26,8,20,7108.91,1.04127,0.1,0.244452,0.598405,0.344685,0.673083,0.701829,5766.85,0.307931,0.600139,0.220417,0.321714,0.616436,0.421669,8337.14,1796.96,0.298277,0.179174,0.0756433,0.0224407,0.00279655,0.192698,0.192366,0.193267,7.25894e-16,4.18761e-13,1.75264e-10,8.169e-08,2.82996e-05,3356.89
W1,V1,26,9,19.5,7108.91,1.04127,0.1,0.278106,0.599989,0.35134,0.619081,0.126201,8016.36,0.330281,0.60014,0.177591,0.348569,0.612177,0.133895,8381.25,5773.82,0.124012,0.173731,0.205003,0.204729,0.15863,0.282682,0.28886,0.294563,3.89878e-18,4.51554e-17,5.77687e-16,1.30803e-14,7.75119e-13,3356.89
W1,V1,26,10,17.5,7108.91,1.04127,0.25,0.357952,0.607929,0.369754,0.633582,0.337445,7934.61,0.363585,0.610749,0.264518,0.367814,0.623829,0.308971,8303.02,4759.2,0.171816,0.155271,0.13965,0.122295,0.101996,0.233159,0.23065,0.227219,7.32015e-15,1.97429e-14,5.27388e-14,1.68764e-13,7.71407e-13,3356.89
W1,V1,26,11,15,7108.91,1.04127,0.4,0.379922,0.600192,0.460533,0.61655,0.254098,7227.35,0.435883,0.600617,0.204221,0.453697,0.609315,0.226839,8238.46,4475.64,0.176783,0.195214,0.182772,0.140551,0.077841,0.267067,0.259702,0.246392,2.57844e-16,2.93074e-15,3.53093e-14,6.91791e-13,3.00435e-11,3356.89
W1,V1,26,12,12.5,7108.91,1.04127,0.25,0.318867,0.599935,0.428994,0.700974,0.405817,6063.24,0.44615,0.600183,0.121961,0.450385,0.629007,0.225356,8487.12,2365.26,0.324482,0.255958,0.132673,0.0523469,0.00918336,0.239938,0.260416,0.27429,2.13688e-16,3.01322e-13,2.79272e-10,2.27499e-07,9.04451e-05,3356.89
W1,V1,27,4,12.5,8080,1.03597,0.1,0.148167,0.4522,0.296007,1.22419,0.0752157,7614.07,0.299123,0.58057,0.0699024,0.315495,0.968674,0.0676121,9027.13,4848.36,0.179925,0.192306,0.231946,0.26462,0.0635919,0.221535,0.30528,0.405573,9.47691e-11,2.05346e-05,0.0300489,0.656424,0.97815,2933.5
W1,V1,27,5,15,8080,1.03597,0.1,0.163016,0.450465,0.289316,1.15091,0.0984465,7455.29,0.293137,0.581793,0.0678936,0.307378,0.88235,0.0785884,8915.6,4309.72,0.215787,0.226154,0.221551,0.199288,0.0586318,0.232782,0.303132,0.385498,1.32961e-11,3.53938e-06,0.0110228,0.490936,0.961973,2933.5
W1,V1,27,6,17.5,8080,1.03597,0.1,0.1917,0.512726,0.336179,1.05312,0.0565366,7563.25,0.348547,0.586396,0.0549119,0.353984,0.861304,0.0505186,8731.53,4800.53,0.173895,0.233582,0.241106,0.210564,0.0903352,0.261096,0.31892,0.369466,1.24106e-10,3.64867e-06,0.00430909,0.203602,0.777085,2933.5
W1,V1,27,7,19.5,8080,1.03597,0.1,0.202403,0.59267,0.304073,0.926501,0.100066,7472.04,0.323011,0.603811,0.0933657,0.318997,0.79692,0.0893567,8671.28,4711.93,0.173541,0.225418,0.234861,0.192211,0.0846119,0.260011,0.302801,0.347832,6.20952e-09,4.53267e-06,0.000711478,0.0307405,0.263103,2933.5
W1,V1,27,8,20,8080,1.03597,0.25,0.294818,0.606675,0.362971,0.811461,0.191218,7177.08,0.384234,0.621682,0.139102,0.376955,0.730707,0.160217,8493.24,4258.91,0.198315,0.219482,0.20474,0.1507,0.0665461,0.259864,0.281466,0.298453,1.29895e-07,5.08088e-06,0.000110179,0.00179589,0.0181436,2933.5
W1,V1,27,9,19.5,8080,1.03597,0.25,0.298635,0.634245,0.311621,0.729419,0.21332,7880.61,0.327727,0.643102,0.194433,0.318841,0.696725,0.200896,8436.63,5002.79,0.166469,0.180009,0.1783,0.158921,0.115405,0.254636,0.266262,0.278206,1.74535e-07,7.61429e-07,3.01839e-06,1.33622e-05,7.04309e-05,2933.5
W1,V1,27,10,17.5,8080,1.03597,0.4,0.32817,0.681959,0.345084,0.704148,0.281577,8123.68,0.338588,0.684369,0.250599,0.342815,0.696865,0.26992,8314.09,5146.42,0.161436,0.155074,0.148117,0.139104,0.12635,0.245208,0.243638,0.241234,3.08596e-06,4.79491e-06,7.36078e-06,1.2108e-05,2.28536e-05,2933.5
W1,V1,27,11,15,8080,1.03597,0.25,0.285751,0.646089,0.31684,0.691859,0.0870067,8765.98,0.320362,0.6477,0.168632,0.317193,0.682106,0.102699,8468.67,6715.25,0.101263,0.141912,0.183239,0.224002,0.246884,0.282002,0.298664,0.316635,2.65656e-07,8.20427e-07,2.3801e-06,7.72255e-06,3.03821e-05,2933.5
W1,V1,27,12,12.5,8080,1.03597,0.25,0.263588,0.597413,0.336767,0.748651,0.0389433,8098.93,0.362337,0.604427,0.0844877,0.345606,0.710112,0.0438541,8592.64,6175.14,0.0950409,0.175933,0.24383,0.262689,0.178653,0.283629,0.318133,0.354385,2.11842e-08,6.53349e-07,1.42665e-05,0.000298628,0.00484178,2933.5
W1,V1,28,4,12.5,6003.28,1.04625,0.25,0.251941,0.336009,0.427317,1.11646,0.0764197,7075.27,0.406332,0.570796,0.072522,0.444337,0.896209,0.067991,8263.53,4602.68,0.173906,0.2517,0.216817,0.224658,0.0649284,0.296103,0.352425,0.28348,1.1624e-14,1.24921e-07,0.00551909,0.506442,0.984402,3752.68
W1,V1,28,5,15,6003.28,1.04625,0.25,0.243944,0.307697,0.402007,0.954217,0.115938,7373.7,0.401404,0.501794,0.17042,0.416391,0.790431,0.107149,8378.47,4930.63,0.104317,0.295703,0.212583,0.19071,0.0895391,0.276975,0.323666,0.292211,1.46956e-15,2.52251e-09,0.000172249,0.0682815,0.913066,3752.68
W1,V1,28,6,17.5,6003.28,1.04625,0.25,0.225692,0.362523,0.358819,1.27509,0.000133424,10199.9,0.361451,0.594446,0.00710983,0.342714,1.19024,0.000219986,9012.91,9312.59,0.00614423,0.06174,0.0724425,0.379866,0.479588,0.240829,0.325159,0.433792,4.08511e-15,3.48723e-10,1.27814e-05,0.0163316,0.956291,3752.68
W1,V1,28,7,19.5,6003.28,1.04625,0.25,0.239005,0.594742,0.319087,0.921707,0.00546288,7483.37,0.384194,0.599918,0.0070256,0.364766,0.766083,0.00447006,8804.96,4797.52,0.126357,0.342917,0.182559,0.279593,0.0641033,0.263246,0.334509,0.397775,1.33542e-12,1.56752e-09,2.79619e-06,0.00115739,0.263407,3752.68
W1,V1,28,8,20,6003.28,1.04625,0.25,0.260926,0.600005,0.37281,0.607404,0.916715,5324.25,0.349646,0.6001,0.298543,0.357984,0.600844,0.593707,8103.99,976.529,0.278995,0.100156,0.0238364,0.0031221,0.000184023,0.145236,0.141567,0.11949,1.19496e-12,9.8284e-11,5.75803e-09,3.65519e-07,1.87555e-05,3752.68
W1,V1,28,9,19.5,6003.28,1.04625,0.25,0.273023,0.601802,0.323742,0.615401,0.504494,6355.25,0.306574,0.603593,0.314651,0.318657,0.609814,0.427008,7639.85,3419,0.186016,0.162046,0.121737,0.0732638,0.0299291,0.246777,0.192724,0.133492,2.30162e-11,1.05247e-10,4.94251e-10,3.08124e-09,2.9935e-08,3752.68
W1,V1,28,10,17.5,6003.28,1.04625,0.25,0.304812,0.647209,0.305606,0.700458,0.188467,8521.16,0.313788,0.655406,0.22481,0.308383,0.686438,0.199087,8346.14,5941.6,0.137299,0.148254,0.158892,0.171001,0.185467,0.265508,0.266966,0.268438,1.29085e-10,2.54171e-10,5.00507e-10,1.12603e-09,3.3081e-09,3752.68
W1,V1,28,11,15,6003.28,1.04625,0.55,0.458008,0.6092,0.417284,0.691566,0.507644,6693.34,0.445724,0.621468,0.334572,0.430256,0.659267,0.439662,7724.56,3682.72,0.174888,0.150881,0.116862,0.0776047,0.0401009,0.236091,0.185763,0.138484,2.151e-08,8.49395e-08,3.33748e-07,1.59882e-06,1.01573e-05,3752.68
W1,V1,28,12,12.5,6003.28,1.04625,0.4,0.431316,0.597132,0.626584,0.615689,0.0981466,5599.52,0.592095,0.600136,0.038457,0.614499,0.606864,0.061902,8085.73,2678.63,0.309548,0.346874,0.21191,0.0627763,0.00698925,0.330653,0.339351,0.268094,3.41168e-12,5.27212e-10,5.51948e-08,5.96288e-06,0.000529996,3752.68
W1,V1,29,4,12.5,5730.14,1.00736,0.1,0.17358,0.603081,0.376051,1.40598,0.116931,6033.68,0.38901,0.764947,0.0748628,0.381133,1.15001,0.080724,8642.07,3413.09,0.199514,0.317656,0.291161,0.110929,1.65668e-05,0.25825,0.319778,0.341248,0.000399553,0.0830274,0.801722,0.999337,0.999988,609.012
W1,V1,29,5,15,5730.14,1.00736,0.1,0.202549,0.611045,0.372224,1.38976,0.123805,6056.34,0.418169,0.792204,0.0734336,0.410083,1.13955,0.0843154,8650.56,3362.64,0.212774,0.312351,0.275583,0.114849,0.000128115,0.255114,0.320308,0.340263,0.000786809,0.102055,0.722891,0.997286,0.999948,609.012
W1,V1,29,6,17.5,5730.14,1.00736,0.4,0.325443,0.685231,0.413431,1.35275,0.241226,5796.74,0.443843,0.948156,0.0875694,0.446898,1.11387,0.135002,8409.56,2650.52,0.281331,0.328902,0.190499,0.0633142,0.000952409,0.271475,0.301349,0.292174,0.00179822,0.113823,0.661872,0.984353,0.999764,609.012
W1,V1,29,7,19.5,5730.14,1.00736,0.25,0.24596,0.92215,0.434054,1.26703,0.0465312,6451.72,0.399602,0.986684,0.0519208,0.441986,1.15349,0.0403339,8409.65,4240.24,0.1473,0.303161,0.30012,0.174577,0.0345086,0.301614,0.333558,0.324494,0.00760642,0.074515,0.325764,0.826143,0.99361,609.012
W1,V1,29,8,20,5730.14,1.00736,0.25,0.267621,0.997393,0.325814,1.16364,0.153879,6250.45,0.332331,1.00419,0.0860618,0.335861,1.07606,0.10764,8349.5,3347.51,0.228619,0.317046,0.225848,0.0962097,0.0246373,0.293615,0.300562,0.298182,0.00901223,0.043889,0.180102,0.584979,0.932955,609.012
W1,V1,29,9,19.5,5730.14,1.00736,0.25,0.261235,1.01208,0.253254,1.09914,0.266036,7254.94,0.277365,1.02223,0.164823,0.26626,1.06125,0.211166,8550.52,3948.62,0.214001,0.212721,0.180839,0.12412,0.0571538,0.240107,0.26008,0.288647,0.0449398,0.0789498,0.130138,0.214731,0.353459,609.012
W1,V1,29,10,17.5,5730.14,1.00736,0.4,0.359079,1.00275,0.390936,1.01054,0.205246,8438.83,0.379387,1.00371,0.224198,0.387119,1.00825,0.210764,8390.55,5692.15,0.145863,0.153316,0.159269,0.164163,0.166626,0.256979,0.262463,0.269794,0.00994041,0.0125632,0.0157993,0.0206568,0.029209,609.012
W1,V1,29,11,15,5730.14,1.00736,0.25,0.29741,0.976008,0.382765,1.02066,0.0458845,8630.7,0.352042,0.989066,0.111577,0.376304,1.01302,0.0552138,8677.3,6629.41,0.0879271,0.152483,0.218088,0.260933,0.225355,0.271756,0.309237,0.363793,0.00331475,0.00706908,0.0144624,0.0316173,0.0755023,609.012
W1,V1,29,12,12.5,5730.14,1.00736,0.25,0.271727,0.830946,0.308505,1.04538,0.0174528,7712.76,0.322803,0.917933,0.0494963,0.315119,1.01869,0.0190714,8950.97,5851.13,0.0732476,0.188468,0.310212,0.297675,0.111325,0.248212,0.31335,0.419367,0.00023635,0.0024926,0.0153387,0.0733535,0.270392,609.012
W1,V1,30,4,12.5,7344.28,1.03898,0.1,0.111832,0.307028,0.2546,1.13764,0.0561105,9083.42,0.255786,0.398762,0.0885586,0.253644,0.869448,0.0598754,9266.8,5934.02,0.123247,0.199116,0.197091,0.238144,0.182527,0.200641,0.291265,0.448219,2.15323e-15,5.45542e-09,0.000304766,0.186069,0.816486,3174.07
W1,V1,30,5,15,7344.28,1.03898,0.1,0.109143,0.502025,0.214968,1.2282,0.0386645,8462.35,0.215028,0.568522,0.0556615,0.222641,1.00316,0.04119,9211.54,5782.47,0.139764,0.153869,0.237911,0.289283,0.137984,0.21132,0.29859,0.448899,2.68584e-13,4.67281e-07,0.0055007,0.530305,0.898784,3174.07
W1,V1,30,6,17.5,7344.28,1.03898,0.1,0.12564,0.598592,0.301229,1.24683,0.041991,8498.46,0.354702,0.601643,0.0879542,0.321056,1.07957,0.0470909,9319.99,6153.17,0.0976623,0.131854,0.29463,0.271133,0.15763,0.196251,0.295013,0.461645,7.47004e-12,1.7801e-06,0.00495957,0.484146,0.943726,3174.07
W1,V1,30,7,19.5,7344.28,1.03898,0.25,0.195804,0.599613,0.26852,0.988959,0.362963,6671.56,0.350338,0.604196,0.184923,0.313878,0.802983,0.272614,8779.82,3413.49,0.240318,0.168382,0.192484,0.103718,0.0224843,0.197552,0.239862,0.289972,1.95996e-11,2.20171e-07,0.000166728,0.0297909,0.486345,3174.07
W1,V1,30,8,20,7344.28,1.03898,0.25,0.249472,0.599197,0.325274,0.630496,0.818879,5679.55,0.318382,0.599907,0.33136,0.323952,0.606566,0.576366,7949.69,1648.84,0.232606,0.125307,0.0497278,0.0138297,0.00216346,0.163029,0.143661,0.116943,2.23818e-12,5.65895e-10,8.335e-08,8.81256e-06,0.000390528,3174.07
W1,V1,30,9,19.5,7344.28,1.03898,0.25,0.250641,0.599021,0.267001,0.604165,0.149984,8055.78,0.26899,0.599507,0.170714,0.268214,0.602553,0.150843,8451.59,5469.44,0.146551,0.17822,0.192999,0.185694,0.145693,0.268162,0.284006,0.296989,1.29212e-10,6.40191e-10,3.0969e-09,1.90432e-08,1.74524e-07,3174.07
W1,V1,30,10,17.5,7344.28,1.03898,0.25,0.260085,0.596058,0.268197,0.598466,0.162091,8734.75,0.26573,0.596667,0.222324,0.267384,0.597999,0.178798,8413.51,6272.32,0.125085,0.142331,0.160227,0.182211,0.211349,0.264824,0.272867,0.283512,1.05891e-13,1.92431e-13,3.51243e-13,7.25767e-13,1.92388e-12,3174.07
W1,V1,30,11,15,7344.28,1.03898,0.25,0.274443,0.598786,0.298124,0.605485,0.308831,7566.07,0.302692,0.598908,0.233881,0.301344,0.602656,0.273497,8336.22,4500.41,0.179178,0.176258,0.158948,0.127815,0.0843044,0.240587,0.244409,0.241507,3.464e-11,1.57965e-10,7.17102e-10,4.21175e-09,3.79167e-08,3174.07
W1,V1,30,12,12.5,7344.28,1.03898,0.25,0.23116,0.588957,0.342857,0.609362,0.542949,6021.39,0.307087,0.592778,0.248492,0.32809,0.599551,0.386792,8049.39,2632.15,0.233953,0.201526,0.118924,0.0475084,0.0112956,0.227669,0.207216,0.178323,7.80146e-14,7.45186e-12,5.72773e-10,5.80774e-08,7.34338e-06,3174.07
W1,V1,31,4,12.5,10429.7,1.04782,0.1,0.301086,0.460297,0.329845,1.20403,0.091039,7257.24,0.322751,0.591518,0.076366,0.340786,0.946662,0.0782567,8765.82,4541.01,0.1893,0.216593,0.226006,0.240999,0.0488447,0.252177,0.303963,0.365604,6.46809e-13,3.11581e-06,0.029475,0.659135,0.994912,3877.44
W1,V1,31,5,15,10429.7,1.04782,0.7,0.372075,0.482396,0.382288,1.15035,0.107264,7002.8,0.357756,0.598616,0.0831345,0.384418,0.916558,0.091665,8406.32,4386.48,0.202189,0.219684,0.22472,0.207331,0.0544109,0.293644,0.302189,0.312502,7.61322e-13,2.04178e-06,0.0136467,0.541303,0.996615,3877.44
W1,V1,31,6,17.5,10429.7,1.04782,0.1,0.283651,0.578712,0.375604,1.18745,0.013476,8045.48,0.390555,0.601138,0.0460058,0.384405,1.08606,0.0171484,8431.58,6722.47,0.0711191,0.121033,0.257573,0.345193,0.187933,0.313764,0.327719,0.341369,2.1148e-11,3.95917e-06,0.00731417,0.345702,0.98584,3877.44
W1,V1,31,7,19.5,10429.7,1.04782,0.25,0.352661,0.59908,0.357541,0.926178,0.504513,6054.89,0.438142,0.603318,0.136449,0.421011,0.700947,0.278278,8296.3,2089.39,0.352229,0.206753,0.10904,0.0496299,0.00406938,0.243857,0.241511,0.236354,1.08824e-10,7.66086e-07,0.000488909,0.0273298,0.363665,3877.44
W1,V1,31,8,20,10429.7,1.04782,0.1,0.305014,0.613882,0.308627,0.905726,0.41867,6261.19,0.366806,0.643161,0.170978,0.344943,0.762158,0.282352,8333.87,2785.4,0.273809,0.211966,0.146444,0.0720852,0.0133429,0.238816,0.239819,0.239012,7.11422e-08,5.79502e-06,0.000172301,0.00268115,0.0204001,3877.44
W1,V1,31,9,19.5,10429.7,1.04782,0.55,0.469469,0.648192,0.453623,0.787177,0.0555458,8640.07,0.504849,0.653433,0.120229,0.467186,0.753552,0.0656303,8470.52,6736.55,0.0960491,0.147981,0.198834,0.241939,0.249566,0.293067,0.311593,0.32971,4.6743e-07,2.22187e-06,1.00154e-05,5.30383e-05,0.000340623,3877.44
W1,V1,31,10,17.5,10429.7,1.04782,0.55,0.501092,0.668714,0.490084,0.7106,0.229694,8339.43,0.503767,0.674354,0.23186,0.495166,0.697807,0.229742,8372,5501.86,0.152225,0.154524,0.155606,0.155334,0.15257,0.252674,0.256444,0.26114,1.04359e-06,1.92867e-06,3.51764e-06,7.09214e-06,1.74307e-05,3877.44
W1,V1,31,11,15,10429.7,1.04782,0.55,0.528337,0.664249,0.435347,0.825224,0.197203,7692.68,0.520703,0.689879,0.193471,0.465028,0.779123,0.189729,8341.33,5050.4,0.158186,0.182899,0.188765,0.168484,0.111938,0.268924,0.270513,0.270835,8.70997e-08,4.84186e-07,2.41343e-06,1.37502e-05,9.55824e-05,3877.44
W1,V1,31,12,12.5,10429.7,1.04782,0.4,0.442585,0.616974,0.360972,0.896731,0.560089,5880.38,0.447451,0.66167,0.225893,0.408633,0.7661,0.375193,8210.02,2400.5,0.257148,0.20021,0.11997,0.0425664,0.00491162,0.219004,0.208744,0.197058,7.88939e-09,1.09711e-06,5.74302e-05,0.00149953,0.0149685,3877.44
W1,V2,16,4,15,7937.1,1.00264,0.7,0.471075,0.603169,0.511393,1.19795,0.402672,8044.96,0.523915,0.683962,0.542973,0.507201,1.1033,0.436536,7983.55,6309.86,0.0734875,0.0943168,0.138992,0.113845,0.142822,0.213659,0.191878,0.157927,2.54299e-07,0.000191091,0.0129637,0.338323,0.947683,218.543
W1,V2,16,5,15,7937.1,1.00264,0.7,0.474553,0.600465,0.514373,1.16067,0.498333,8044.91,0.555238,0.632803,0.586232,0.517448,1.05081,0.529927,7818.99,6247.92,0.0748055,0.0680478,0.107537,0.101754,0.117928,0.190974,0.157141,0.121958,1.11868e-08,2.95315e-05,0.00432758,0.182249,0.88896,218.543
W1,V2,16,6,15,7937.1,1.00264,0.55,0.353501,0.599026,0.422569,1.14835,0.312103,8560.91,0.467596,0.611584,0.350306,0.431209,0.990686,0.335205,8273.2,6082.74,0.124337,0.0942377,0.135366,0.149725,0.16113,0.226406,0.223179,0.21521,8.94799e-10,3.96641e-06,0.00127468,0.090166,0.778915,218.543
W1,V2,16,7,15,7937.1,1.00264,0.25,0.292376,0.583296,0.437695,1.00546,0.185021,8614.95,0.433209,0.599555,0.182384,0.441584,0.851417,0.187863,8291.68,5756.12,0.168436,0.148736,0.133425,0.175671,0.185869,0.272168,0.276622,0.263348,1.01213e-12,1.33699e-08,2.90215e-05,0.00963062,0.376078,218.543
W1,V2,16,8,15,7937.1,1.00264,0.25,0.274538,0.575496,0.428032,0.974614,0.16804,8640.7,0.410837,0.598308,0.165413,0.429698,0.827485,0.169213,8337.33,5719.78,0.170752,0.159953,0.134056,0.17764,0.188387,0.273342,0.282375,0.275069,5.3674e-13,6.1062e-09,1.27491e-05,0.00491919,0.297286,218.543
W1,V2,16,9,15,7937.1,1.00264,0.55,0.416629,0.596207,0.491564,1.07787,0.355655,8299.14,0.518263,0.606549,0.359355,0.500109,0.929302,0.365565,7966.7,5874.16,0.130343,0.100196,0.112971,0.144915,0.146009,0.241678,0.216779,0.175977,6.09817e-10,3.07034e-06,0.00105229,0.0554648,0.616919,218.543
W1,V2,16,10,15,7937.1,1.00264,0.7,0.391993,0.597736,0.460498,1.1245,0.376299,8333.65,0.512587,0.608776,0.398712,0.475414,0.974145,0.395814,8026.84,5998.73,0.119384,0.0859788,0.116894,0.139556,0.142374,0.226731,0.203352,0.174102,1.92869e-10,1.97e-06,0.000937429,0.0742566,0.749718,218.543
W1,V2,16,11,15,7937.1,1.00264,0.25,0.328131,0.598015,0.450005,1.12948,0.308432,8479.62,0.521661,0.604692,0.318803,0.470964,0.964393,0.328401,8085.31,5989.63,0.140341,0.086947,0.126335,0.160533,0.157444,0.245719,0.227267,0.198613,1.6132e-10,1.48161e-06,0.000582849,0.042716,0.746331,218.543
W1,V2,16,12,15,7937.1,1.00264,0.7,0.481064,0.552734,0.55193,0.974479,0.314279,7717.67,0.565113,0.601259,0.287695,0.563045,0.859619,0.304772,7356.8,5667.16,0.150917,0.129946,0.107497,0.151197,0.15567,0.334469,0.2217,0.139059,3.09046e-11,1.64411e-07,0.000149223,0.0181178,0.399901,218.543
W1,V2,17,4,15,8103.05,1.04776,0.25,0.227083,0.571996,0.396005,0.938869,0.0968437,8965.88,0.358753,0.595725,0.111181,0.386032,0.798567,0.0999537,8639.82,5837.07,0.159813,0.189326,0.161895,0.174329,0.214684,0.259986,0.301104,0.338956,3.98796e-12,1.89073e-08,1.97721e-05,0.0051612,0.197613,3872.46
W1,V2,17,5,15,8103.05,1.04776,0.25,0.278225,0.394307,0.358861,0.804729,0.0439446,8813.38,0.309774,0.551461,0.0956882,0.346076,0.719033,0.0505812,8716.79,6317.43,0.0956047,0.197983,0.236742,0.177461,0.241627,0.266261,0.313329,0.369829,2.32158e-15,1.26282e-11,2.57981e-08,5.391e-05,0.0206303,3872.46
W1,V2,17,6,15,8103.05,1.04776,0.25,0.27511,0.423363,0.388341,0.819816,0.0472238,8853.85,0.319575,0.566342,0.0905463,0.371627,0.728248,0.0529645,8684.1,6214.74,0.106396,0.207227,0.222523,0.168946,0.241944,0.268769,0.314723,0.363544,1.4042e-16,1.31113e-12,7.5978e-09,4.70987e-05,0.0265099,3872.46
W1,V2,17,7,15,8103.05,1.04776,0.1,0.171406,0.533046,0.289688,0.892932,0.0664269,9002.17,0.253697,0.579794,0.102153,0.280612,0.77297,0.0733333,8799.98,6115.11,0.128909,0.186971,0.202915,0.177449,0.230423,0.25161,0.30102,0.374037,1.00247e-13,1.44193e-09,4.26018e-06,0.00380857,0.15435,3872.46
W1,V2,17,8,15,8103.05,1.04776,0.25,0.213874,0.593929,0.359293,1.0744,0.189135,8996.36,0.373251,0.598852,0.210836,0.360415,0.901407,0.203407,8722.2,5977.01,0.152272,0.128179,0.151509,0.173088,0.191545,0.222955,0.262596,0.311041,1.36524e-11,1.2961e-07,0.000126079,0.0273565,0.536161,3872.46
W1,V2,17,9,15,8103.05,1.04776,0.25,0.222437,0.579959,0.4164,0.963385,0.127597,8984.15,0.402025,0.593969,0.132726,0.413038,0.810318,0.130954,8681.01,5769.22,0.171139,0.167954,0.145825,0.186205,0.197922,0.246495,0.289723,0.332828,4.21042e-14,6.58916e-10,2.42502e-06,0.0021433,0.250891,3872.46
W1,V2,17,10,15,8103.05,1.04776,0.25,0.302761,0.597881,0.474083,1.08831,0.212946,8761.08,0.491133,0.600252,0.215167,0.475629,0.913901,0.225952,8418.57,5899.17,0.164835,0.11218,0.136541,0.180704,0.179788,0.243042,0.267726,0.26328,5.62014e-12,4.85189e-08,5.03371e-05,0.0148118,0.597211,3872.46
W1,V2,17,11,15,8103.05,1.04776,0.25,0.289085,0.59944,0.421146,1.14833,0.188957,8783.72,0.450183,0.602621,0.216597,0.423733,0.978519,0.209719,8494.58,6138.76,0.151705,0.101003,0.163516,0.176854,0.197202,0.242137,0.268827,0.279317,4.96162e-12,8.89791e-08,0.000106206,0.0379118,0.766816,3872.46
W1,V2,17,12,15,8103.05,1.04776,0.4,0.324401,0.59977,0.456889,1.14224,0.241358,8610.44,0.486116,0.606367,0.266045,0.461074,0.979343,0.260441,8333.39,6047.49,0.143699,0.103089,0.146926,0.167505,0.178341,0.241561,0.255186,0.242812,5.87704e-11,7.07554e-07,0.000474738,0.06419,0.764495,3872.46
W1,V2,18,4,15,7586.95,1.03136,0.1,0.267062,0.591741,0.341656,1.01724,0.163364,8910.38,0.332662,0.598962,0.161356,0.34194,0.849158,0.167043,8557.62,5758.93,0.17364,0.151546,0.13662,0.179711,0.191441,0.251896,0.276021,0.30504,1.5721e-14,5.01506e-10,3.32326e-06,0.00443697,0.373745,2563.29
W1,V2,18,5,15,7586.95,1.03136,0.1,0.239449,0.598161,0.338952,1.09202,0.177277,8871.75,0.352045,0.600496,0.167709,0.347203,0.904979,0.183904,8557.11,5779.21,0.182533,0.124486,0.133382,0.192519,0.183176,0.246529,0.271006,0.298561,2.08641e-14,1.84441e-09,1.4581e-05,0.0134492,0.574588,2563.29
W1,V2,18,6,15,7586.95,1.03136,0.1,0.164492,0.594644,0.255636,1.04547,0.0968737,9133.84,0.245915,0.599066,0.101892,0.254133,0.864788,0.102174,8790.44,5856.12,0.180119,0.157532,0.158313,0.187492,0.21437,0.244679,0.292219,0.360928,1.53055e-16,2.92568e-11,8.18137e-07,0.00414579,0.423538,2563.29
W1,V2,18,7,15,7586.95,1.03136,0.1,0.158195,0.598966,0.235524,1.12937,0.0965475,9115.72,0.237117,0.60057,0.10597,0.235466,0.937052,0.10544,8828.57,5984.79,0.177911,0.133975,0.172607,0.191257,0.218811,0.239619,0.289926,0.365015,2.38216e-15,5.14141e-10,8.26893e-06,0.0207266,0.648094,2563.29
W1,V2,18,8,15,7586.95,1.03136,0.1,0.197931,0.593123,0.273199,1.04078,0.127809,9087.3,0.276348,0.597331,0.141219,0.27179,0.867486,0.136945,8768.63,5935.13,0.166558,0.146167,0.159117,0.183303,0.20791,0.237221,0.282076,0.343758,1.69424e-14,5.94588e-10,3.51548e-06,0.00573654,0.436525,2563.29
W1,V2,18,9,15,7586.95,1.03136,0.1,0.237357,0.571552,0.346241,0.918155,0.13002,8983.53,0.296493,0.594665,0.137275,0.334232,0.779004,0.129118,8588.26,5712.61,0.162292,0.199872,0.139486,0.16322,0.206011,0.259724,0.288289,0.322869,1.53039e-16,5.41147e-12,8.72042e-08,0.00037027,0.126915,2563.29
W1,V2,18,10,15,7586.95,1.03136,0.4,0.408045,0.50757,0.549819,0.807393,0.14925,8103.38,0.524497,0.566588,0.197648,0.543068,0.740108,0.156272,7925.14,5994.27,0.126877,0.179265,0.169755,0.163346,0.204486,0.319622,0.30018,0.223926,3.38564e-15,1.92782e-11,6.21144e-08,0.000140694,0.0615597,2563.29
W1,V2,18,11,15,7586.95,1.03136,0.25,0.329154,0.54046,0.526505,0.840268,0.101131,8679.08,0.481013,0.581049,0.153232,0.512142,0.748274,0.106124,8358.07,6064.68,0.117289,0.214463,0.184011,0.143125,0.234988,0.286156,0.313086,0.294634,6.90285e-15,3.61224e-11,1.30311e-07,0.000290293,0.0531019,2563.29
W1,V2,18,12,15,7586.95,1.03136,0.25,0.243285,0.59817,0.442966,0.999659,0.177895,9130.33,0.424759,0.599729,0.147218,0.436683,0.816044,0.170368,8746.27,5423.05,0.197376,0.16894,0.105099,0.186827,0.171389,0.229432,0.273345,0.326855,2.89627e-12,1.87839e-08,3.32493e-05,0.00571184,0.254731,2563.29
W1,V2,19,4,15,5462.01,1.02641,0.25,0.260206,0.60104,0.362602,1.23897,0.145942,8833.53,0.399541,0.636889,0.240106,0.360053,1.09655,0.172356,8717.82,6476.72,0.109095,0.114301,0.215023,0.167787,0.221438,0.232854,0.271624,0.323165,3.76677e-09,1.45523e-05,0.00270296,0.211801,0.973238,2164.12
W1,V2,19,5,15,5462.01,1.02641,0.1,0.358521,0.599956,0.382806,1.16851,0.230806,8624.09,0.447171,0.607174,0.252698,0.403074,0.997082,0.248736,8316.36,6060.27,0.147117,0.0991171,0.15053,0.175395,0.179105,0.253329,0.248521,0.249414,4.24702e-11,7.31478e-07,0.000517294,0.0714402,0.826534,2164.12
W1,V2,19,6,15,5462.01,1.02641,0.1,0.414231,0.599929,0.378095,1.19727,0.259603,8594.53,0.454992,0.615658,0.341563,0.393854,1.0473,0.287172,8302.68,6298.22,0.110717,0.102468,0.166423,0.149344,0.183877,0.244905,0.230306,0.237618,1.80994e-10,1.41178e-06,0.000743797,0.137535,0.890441,2164.12
W1,V2,19,7,15,5462.01,1.02641,0.1,0.368389,0.594979,0.414878,1.07432,0.233288,8463.54,0.429273,0.600772,0.217258,0.429192,0.906519,0.237931,8129.47,5772.95,0.171445,0.116537,0.124169,0.177955,0.171963,0.278611,0.249834,0.233624,1.84282e-13,9.10867e-09,3.36369e-05,0.0141944,0.57803,2164.12
W1,V2,19,8,15,5462.01,1.02641,0.1,0.351333,0.586146,0.411603,1.03147,0.200967,8581.26,0.405841,0.600153,0.179674,0.417401,0.865086,0.199674,8217.83,5655.35,0.182328,0.140251,0.118439,0.182101,0.177208,0.282156,0.262969,0.2552,8.87025e-15,6.85202e-10,6.61492e-06,0.00581599,0.434151,2164.12
W1,V2,19,9,15,5462.01,1.02641,0.1,0.262152,0.585727,0.362057,1.0042,0.128726,8828.94,0.334846,0.599943,0.117387,0.360779,0.836782,0.12706,8458.5,5630.53,0.191067,0.170696,0.12895,0.185773,0.196454,0.276045,0.289801,0.307094,2.6962e-15,1.76718e-10,2.34863e-06,0.00361636,0.322213,2164.12
W1,V2,19,10,15,5462.01,1.02641,0.1,0.170248,0.599205,0.338362,0.996358,0.110329,9295.02,0.319302,0.600049,0.0965426,0.329964,0.812005,0.106019,8774.23,5511.68,0.198427,0.197152,0.117547,0.180884,0.19997,0.245559,0.291217,0.357206,1.36875e-13,1.65774e-09,7.6536e-06,0.00396147,0.21979,2164.12
W1,V2,19,11,15,5462.01,1.02641,0.25,0.195501,0.597926,0.408518,0.941097,0.0552651,9387.62,0.367881,0.59992,0.0470059,0.39221,0.771924,0.0507659,8774.19,5412.85,0.205845,0.238683,0.11706,0.173926,0.213721,0.260485,0.309664,0.379086,4.89087e-13,4.07102e-09,1.07758e-05,0.00114144,0.0678893,2164.12
W1,V2,19,12,15,5462.01,1.02641,0.25,0.222285,0.599431,0.4202,1.01067,0.0620811,9201.02,0.404062,0.600084,0.046545,0.414666,0.815594,0.057743,8733.18,5345.88,0.236568,0.19399,0.102011,0.218521,0.191166,0.262172,0.310744,0.369341,1.02367e-11,4.90418e-08,3.8834e-05,0.00149901,0.246418,2164.12
W1,V2,20,4,15,7427.93,1.03886,0.25,0.185,0.582108,0.313788,0.946097,0.144352,9140.48,0.318825,0.589441,0.151559,0.312507,0.793088,0.147787,8812.77,5755.17,0.165465,0.170744,0.141669,0.18065,0.193686,0.230647,0.275417,0.346149,4.48966e-13,2.09678e-09,3.27687e-06,0.00165583,0.199605,3164.4
W1,V2,20,5,15,7427.93,1.03886,0.1,0.126835,0.493917,0.243315,0.82739,0.0973729,9018.37,0.246702,0.544981,0.151375,0.242395,0.723191,0.106959,8810.99,6127.68,0.119924,0.185103,0.192214,0.175289,0.220511,0.242702,0.28725,0.363089,4.05227e-15,2.05133e-11,5.13898e-08,0.000104195,0.041954,3164.4
W1,V2,20,6,15,7427.93,1.03886,0.1,0.131461,0.460066,0.249904,0.799228,0.086953,8998.63,0.232825,0.512452,0.14472,0.244987,0.702147,0.0971869,8819.13,6207.09,0.114873,0.181796,0.199317,0.18229,0.224537,0.243892,0.291121,0.367799,2.01812e-15,7.85812e-12,1.62862e-08,3.51494e-05,0.0225598,3164.4
W1,V2,20,7,15,7427.93,1.03886,0.1,0.179029,0.339785,0.244353,0.750546,0.0758674,8847.4,0.256844,0.432504,0.163779,0.24121,0.669725,0.09024,8808.57,6481.67,0.0921491,0.159131,0.227349,0.202845,0.228285,0.246447,0.294577,0.368736,6.11644e-19,5.85669e-15,3.19393e-11,3.95267e-07,0.00283204,3164.4
W1,V2,20,8,15,7427.93,1.03886,0.1,0.190951,0.327648,0.294304,0.739315,0.075084,8843.32,0.307405,0.406328,0.156371,0.291537,0.65754,0.0894944,8791.11,6485.94,0.0965656,0.154157,0.226184,0.203506,0.230094,0.248158,0.296153,0.366195,2.4266e-18,2.21469e-14,9.16506e-11,7.24832e-07,0.00278797,3164.4
W1,V2,20,9,15,7427.93,1.03886,0.25,0.216368,0.341399,0.325099,0.745568,0.0736051,8842.28,0.330743,0.426692,0.142097,0.320372,0.66163,0.086321,8758.73,6406.33,0.104232,0.160246,0.219043,0.201101,0.229058,0.251993,0.299383,0.362303,6.18211e-18,5.63778e-14,2.39479e-10,1.70488e-06,0.00516856,3164.4
W1,V2,20,10,15,7427.93,1.03886,0.1,0.184624,0.422946,0.329701,0.775101,0.0947789,8999.89,0.311959,0.473736,0.134844,0.322841,0.674773,0.103929,8759.32,6114.29,0.133361,0.174653,0.181098,0.186695,0.220263,0.247167,0.293428,0.355476,5.41049e-16,3.39972e-12,1.00869e-08,2.64252e-05,0.0226658,3164.4
W1,V2,20,11,15,7427.93,1.03886,0.25,0.217279,0.518179,0.390346,0.854216,0.0984591,8982.17,0.36501,0.556751,0.121975,0.382767,0.737705,0.103488,8716.39,5915.13,0.14899,0.185867,0.166797,0.183488,0.211369,0.251273,0.296222,0.349017,2.06916e-14,9.95575e-11,2.17042e-07,0.000258364,0.0779643,3164.4
W1,V2,20,12,15,7427.93,1.03886,0.25,0.218327,0.469629,0.39848,0.826297,0.0661596,9078.18,0.36154,0.550509,0.104896,0.386815,0.721065,0.0716986,8795.5,6093.71,0.122364,0.208082,0.194403,0.169211,0.23424,0.252715,0.301434,0.374152,6.57296e-16,3.21878e-12,1.03606e-08,2.92502e-05,0.0223639,3164.4
W1,V2,21,4,15,6247.9,1.02203,0.25,0.240936,0.596005,0.370428,1.06574,0.152968,8950,0.366686,0.601345,0.158308,0.367952,0.889631,0.160231,8624.57,5852.64,0.170383,0.144219,0.146101,0.181246,0.19782,0.246622,0.277056,0.316091,1.89188e-10,4.64148e-07,0.000196544,0.0234808,0.492984,1808.91
W1,V2,21,5,15,6247.9,1.02203,0.25,0.277748,0.571757,0.441837,0.969483,0.171117,8593,0.425197,0.596308,0.184393,0.440514,0.832886,0.176053,8304.3,5843.64,0.155744,0.157588,0.146474,0.170292,0.193848,0.274928,0.28014,0.268878,2.77678e-12,1.96727e-08,3.02447e-05,0.0100252,0.317906,1808.91
W1,V2,21,6,15,6247.9,1.02203,0.1,0.199172,0.593526,0.351231,0.976297,0.20656,9123.17,0.334217,0.597465,0.197735,0.342995,0.809272,0.205933,8738.44,5630.17,0.167106,0.162082,0.120188,0.167926,0.176765,0.221624,0.259632,0.312811,2.74547e-13,1.86118e-09,4.58296e-06,0.002518,0.234855,1808.91
W1,V2,21,7,15,6247.9,1.02203,0.25,0.232604,0.575002,0.447742,0.925468,0.164524,8840.53,0.427962,0.589769,0.172054,0.443635,0.788493,0.166471,8543.63,5751.51,0.160216,0.169975,0.138887,0.174683,0.189768,0.249173,0.284194,0.300162,3.81129e-14,3.8214e-10,1.3092e-06,0.00124558,0.182463,1808.91
W1,V2,21,8,15,6247.9,1.02203,0.25,0.232503,0.584546,0.434225,0.951262,0.131563,9036.16,0.422215,0.592342,0.134134,0.429681,0.798719,0.133852,8729.77,5724.69,0.17281,0.170759,0.141633,0.186998,0.193949,0.241025,0.286333,0.33879,8.71159e-13,3.15658e-09,3.89784e-06,0.00166883,0.214552,1808.91
W1,V2,21,9,15,6247.9,1.02203,0.25,0.218509,0.523637,0.402821,0.86213,0.109362,8930.65,0.374047,0.560896,0.135345,0.394303,0.74546,0.114873,8659.84,5923.54,0.146774,0.183405,0.16476,0.18037,0.209817,0.254018,0.294585,0.336524,2.05088e-13,8.29627e-10,1.22733e-06,0.000720299,0.0949606,1808.91
W1,V2,21,10,15,6247.9,1.02203,0.25,0.283721,0.521315,0.438823,0.859832,0.138821,8830.64,0.413884,0.572523,0.172272,0.432306,0.749255,0.144117,8558.68,5914.35,0.13849,0.184599,0.160813,0.166835,0.205146,0.256543,0.287392,0.311948,1.21896e-13,2.69025e-10,3.5609e-07,0.000314487,0.0801783,1808.91
W1,V2,21,11,15,6247.9,1.02203,0.25,0.282834,0.409462,0.503366,0.775876,0.0709634,8739.34,0.458778,0.483977,0.168017,0.491341,0.698378,0.0841872,8637.45,6474.99,0.0833751,0.178647,0.239154,0.172038,0.242599,0.262968,0.309673,0.343172,1.5868e-15,4.70106e-12,9.47709e-09,3.11158e-05,0.0150012,1808.91
W1,V2,21,12,15,6247.9,1.02203,0.1,0.173021,0.598326,0.354771,1.09653,0.190363,9067.89,0.355152,0.599938,0.192817,0.353885,0.907311,0.202033,8773.65,5884.66,0.169153,0.120742,0.138673,0.183061,0.186338,0.219992,0.258644,0.31933,2.01598e-11,8.64943e-08,5.7416e-05,0.0138628,0.57249,1808.91
W1,V2,22,4,15,8112.27,1.05373,0.1,0.227386,0.599551,0.24495,1.07658,0.172193,9037.9,0.241758,0.611261,0.183151,0.243742,0.899141,0.179144,8722.79,5838.4,0.159796,0.150963,0.1441,0.174349,0.191649,0.232039,0.266461,0.322356,4.49245e-07,8.70214e-05,0.00437833,0.0726452,0.488146,4344.5
W1,V2,22,5,15,8112.27,1.05373,0.1,0.14567,0.591887,0.275368,0.985825,0.128409,9146.2,0.258702,0.59891,0.146419,0.26844,0.827179,0.133854,8810.67,5857.38,0.156066,0.175094,0.157029,0.171254,0.206703,0.234479,0.280269,0.351398,6.3941e-09,3.41648e-06,0.00054912,0.0239563,0.280499,4344.5
W1,V2,22,6,15,8112.27,1.05373,0.1,0.153106,0.598641,0.292661,1.08843,0.136814,9112.32,0.290031,0.603028,0.135145,0.290066,0.897181,0.142317,8816.15,5768.24,0.18215,0.146358,0.142287,0.193164,0.193723,0.231678,0.277245,0.348759,5.94238e-10,1.44191e-06,0.000523493,0.0361633,0.525613,4344.5
W1,V2,22,7,15,8112.27,1.05373,0.25,0.254548,0.592314,0.453518,0.982518,0.113501,9044.69,0.429831,0.598835,0.118692,0.444003,0.822162,0.115687,8661,5768.14,0.171801,0.180577,0.147283,0.17571,0.208941,0.252709,0.29594,0.335664,6.26401e-11,7.59622e-08,3.40624e-05,0.00616542,0.265043,4344.5
W1,V2,22,8,15,8112.27,1.05373,0.25,0.279061,0.597686,0.480656,1.02174,0.132605,9018.38,0.460727,0.600492,0.128473,0.471269,0.846635,0.133235,8599.93,5708.98,0.180765,0.171709,0.134062,0.178498,0.201732,0.253087,0.293862,0.319816,3.88481e-10,3.95873e-07,0.00011958,0.0113743,0.344078,4344.5
W1,V2,22,9,15,8112.27,1.05373,0.25,0.244591,0.598973,0.434404,1.05023,0.124226,9115.1,0.413289,0.601477,0.114494,0.425864,0.860685,0.124014,8707.2,5644.64,0.191828,0.169686,0.128697,0.188092,0.197682,0.246125,0.290391,0.339469,8.02382e-10,8.84809e-07,0.000285791,0.0194265,0.396936,4344.5
W1,V2,22,10,15,8112.27,1.05373,0.25,0.269888,0.599226,0.452205,1.07936,0.146566,8976.55,0.444796,0.602466,0.138961,0.447696,0.891102,0.149286,8632.95,5720.78,0.185004,0.150189,0.133816,0.189566,0.192139,0.245626,0.286252,0.318835,5.36617e-10,1.07076e-06,0.000397531,0.0297856,0.504786,4344.5
W1,V2,22,11,15,8112.27,1.05373,0.25,0.210053,0.584508,0.355062,0.985406,0.108587,9052.09,0.346704,0.595237,0.129093,0.34881,0.83285,0.11517,8762.77,5924.96,0.155395,0.170688,0.167666,0.178858,0.212222,0.243923,0.289236,0.351672,3.83707e-10,5.94823e-07,0.000207093,0.0208123,0.313578,4344.5
W1,V2,22,12,15,8112.27,1.05373,0.25,0.244783,0.592439,0.380032,1.01209,0.143481,8981.43,0.368753,0.598931,0.156295,0.374082,0.851186,0.14946,8665.21,5850.13,0.161362,0.160733,0.152114,0.17565,0.20068,0.244221,0.281706,0.324612,1.26173e-10,3.10166e-07,0.00016673,0.0216021,0.367385,4344.5
W1,V2,23,4,15,10546.7,1.05609,0.1,0.176726,0.606214,0.289501,1.15291,0.15355,8941.5,0.283945,0.641376,0.17849,0.286969,0.978495,0.163249,8757.66,5908.12,0.150272,0.151289,0.16051,0.183326,0.191354,0.231475,0.273177,0.332099,3.70515e-07,0.000185239,0.0131481,0.197666,0.675462,4529.55
W1,V2,23,5,15,10546.7,1.05609,0.1,0.19044,0.584304,0.332401,1.01153,0.105592,9105.45,0.306145,0.601864,0.117225,0.323509,0.846515,0.10947,8741.34,5837.08,0.164876,0.180629,0.156572,0.174444,0.214009,0.248099,0.29131,0.351121,9.8302e-09,6.22498e-06,0.000897029,0.0336164,0.330811,4529.55
W1,V2,23,6,15,10546.7,1.05609,0.25,0.31983,0.547135,0.47279,0.924157,0.0944266,8625.98,0.437053,0.595051,0.12037,0.462225,0.806832,0.0995776,8365.84,5960.72,0.145537,0.187876,0.176659,0.167505,0.222845,0.290933,0.308935,0.300553,6.77476e-10,6.0388e-07,0.000160333,0.0148466,0.221016,4529.55
W1,V2,23,7,15,10546.7,1.05609,0.25,0.292902,0.554696,0.49565,0.931375,0.0849035,8665.18,0.450203,0.596852,0.10394,0.483638,0.809108,0.0886966,8400.04,5909.54,0.15293,0.191405,0.172804,0.17178,0.222384,0.287831,0.316459,0.307013,1.99672e-09,1.47833e-06,0.000302282,0.0180471,0.224286,4529.55
W1,V2,23,8,15,10546.7,1.05609,0.25,0.299822,0.600196,0.493047,1.13643,0.135585,8677.43,0.507839,0.617383,0.136916,0.497051,0.959385,0.141923,8462.92,5829.17,0.17893,0.134711,0.150698,0.203308,0.190428,0.263325,0.297953,0.296798,1.73675e-07,8.89962e-05,0.00590486,0.102113,0.700044,4529.55
W1,V2,23,9,15,10546.7,1.05609,0.25,0.27862,0.605425,0.439892,1.18754,0.142188,8727.78,0.456558,0.646148,0.161574,0.442752,1.01788,0.153253,8593.97,5941.94,0.159049,0.133115,0.166016,0.198585,0.189981,0.248679,0.285823,0.312244,1.63235e-06,0.000488138,0.0179512,0.201012,0.815997,4529.55
W1,V2,23,10,15,10546.7,1.05609,0.25,0.25321,0.61358,0.400685,1.18943,0.145152,8801.24,0.39713,0.665766,0.17631,0.397481,1.02316,0.155094,8680.15,5932.39,0.144914,0.153416,0.168872,0.187007,0.190696,0.240316,0.280689,0.323902,1.76268e-06,0.000475412,0.022154,0.274223,0.773364,4529.55
W1,V2,23,11,15,10546.7,1.05609,0.25,0.219485,0.600552,0.370818,1.1051,0.12803,8977.55,0.36008,0.619344,0.147356,0.364892,0.932816,0.135822,8719.43,5914.96,0.157181,0.158617,0.162689,0.181673,0.204017,0.242307,0.284712,0.337159,1.6023e-07,6.77408e-05,0.00544709,0.120018,0.568688,4529.55
W1,V2,23,12,15,10546.7,1.05609,0.1,0.15201,0.608343,0.263808,1.1775,0.129562,8987.2,0.260453,0.646469,0.15394,0.260539,0.998997,0.139267,8815.98,5938.94,0.153084,0.151747,0.168454,0.189794,0.197654,0.232545,0.278194,0.349994,3.82467e-07,0.000205634,0.0142456,0.214247,0.73084,4529.55
W1,V2,24,4,15,4803.52,1.06231,0.4,0.391848,0.597641,0.48688,1.06851,0.245151,8303.77,0.504994,0.604513,0.241481,0.494949,0.916454,0.247843,7936.78,5838.16,0.155701,0.127096,0.128206,0.165352,0.175803,0.288169,0.259748,0.20424,6.54283e-10,1.97443e-06,0.000656704,0.0438015,0.570915,5017.12
W1,V2,24,5,15,4803.52,1.06231,0.1,0.264092,0.593295,0.375043,1.07674,0.148306,8805.06,0.371734,0.61114,0.171698,0.373528,0.917289,0.157541,8546.04,5949.42,0.152001,0.151192,0.161723,0.176242,0.201301,0.254215,0.282579,0.305665,7.0966e-09,1.10772e-05,0.00213794,0.0873045,0.538997,5017.12
W1,V2,24,6,15,4803.52,1.06231,0.1,0.242265,0.549905,0.374175,0.917988,0.0883986,8813.81,0.333129,0.588914,0.122153,0.364066,0.797718,0.0959124,8607.33,6034.44,0.137854,0.179442,0.189318,0.177304,0.22017,0.265638,0.301951,0.336499,1.22457e-11,6.67059e-08,6.45904e-05,0.0140734,0.21547,5017.12
W1,V2,24,7,15,4803.52,1.06231,0.1,0.231375,0.544277,0.333496,0.900308,0.0758881,8894.69,0.301062,0.587602,0.108155,0.324432,0.780849,0.0823916,8678.83,6041.05,0.135879,0.187074,0.194224,0.175163,0.225268,0.262133,0.303149,0.352326,3.28091e-13,3.89315e-09,8.98855e-06,0.00520843,0.164252,5017.12
W1,V2,24,8,15,4803.52,1.06231,0.1,0.286433,0.537684,0.340183,0.907463,0.0909648,8853.57,0.29744,0.591185,0.125257,0.328141,0.78785,0.0979716,8609.82,6013.32,0.136838,0.185923,0.187298,0.170186,0.221783,0.266609,0.297943,0.337476,5.31476e-13,8.1116e-09,1.94229e-05,0.00829151,0.174531,5017.12
W1,V2,24,9,15,4803.52,1.06231,0.1,0.255095,0.585764,0.340442,1.02125,0.122573,8934.11,0.310066,0.604536,0.141171,0.331743,0.864992,0.128265,8601.53,5894.62,0.156063,0.173669,0.16002,0.169882,0.212102,0.258484,0.288294,0.324957,1.7117e-10,9.00092e-07,0.000599443,0.048902,0.377357,5017.12
W1,V2,24,10,15,4803.52,1.06231,0.1,0.226012,0.580565,0.311368,1.00969,0.128029,8953.46,0.29032,0.598746,0.150734,0.306545,0.85486,0.13616,8653.46,5944.57,0.15343,0.162399,0.165581,0.171976,0.210454,0.250554,0.284249,0.329037,5.22473e-12,5.94628e-08,8.43024e-05,0.022062,0.373426,5017.12
W1,V2,24,11,15,4803.52,1.06231,0.25,0.212211,0.593615,0.352308,1.02746,0.151994,8967.54,0.338025,0.600993,0.157767,0.350849,0.860109,0.156789,8657.77,5795.7,0.167403,0.15763,0.144386,0.178627,0.195164,0.242742,0.279752,0.320716,1.6463e-11,1.8816e-07,0.00022239,0.0267476,0.39251,5017.12
W1,V2,24,12,15,4803.52,1.06231,0.25,0.267022,0.597188,0.430445,1.06443,0.168474,8863.47,0.436685,0.600474,0.170193,0.431469,0.888747,0.175924,8513.78,5844.24,0.17155,0.137199,0.140841,0.181233,0.193253,0.250308,0.280188,0.29358,4.17807e-13,1.1861e-08,3.40558e-05,0.0140641,0.497441,5017.12
W1,V2,25,4,15,8137.32,1.00852,0.1,0.12841,0.60097,0.206977,1.15449,0.0783702,9077.75,0.208652,0.617433,0.0781023,0.207532,0.954588,0.0828006,8854.42,5794.29,0.195471,0.145047,0.156699,0.217844,0.202138,0.243237,0.295616,0.378347,2.86229e-07,0.000128787,0.00721217,0.0976938,0.690172,704.075
W1,V2,25,5,15,8137.32,1.00852,0.1,0.129053,0.602637,0.194187,1.18602,0.0859836,9023.75,0.200921,0.622237,0.0864717,0.197735,0.9868,0.0930223,8891.91,5846.96,0.196546,0.121547,0.163757,0.230281,0.194847,0.23594,0.291847,0.379191,2.95402e-06,0.000642282,0.0125021,0.108745,0.811671,704.075
W1,V2,25,6,15,8137.32,1.00852,0.1,0.137157,0.619139,0.19157,1.24936,0.0668358,8914.57,0.193292,0.699649,0.0818559,0.189779,1.0737,0.0729784,8915.5,5922.29,0.163714,0.150531,0.196143,0.216641,0.199993,0.238412,0.297628,0.390981,1.97771e-05,0.00332944,0.0558574,0.328832,0.913445,704.075
W1,V2,25,7,15,8137.32,1.00852,0.1,0.143684,0.763,0.191505,1.32868,0.0591342,8563.16,0.180373,0.885349,0.0687891,0.185858,1.16456,0.0588816,8935.34,5476.19,0.159418,0.201677,0.209449,0.211148,0.159427,0.239682,0.301609,0.399828,0.000412524,0.0244612,0.240568,0.719041,0.95187,704.075
W1,V2,25,8,15,8137.32,1.00852,0.1,0.193737,0.90083,0.271119,1.38568,0.0988772,7829.5,0.255474,0.973738,0.0888067,0.270754,1.22357,0.0892353,8744.6,4842.81,0.183118,0.213963,0.206602,0.210559,0.0965224,0.253527,0.297552,0.359685,0.0100649,0.13567,0.509471,0.897002,0.989901,704.075
W1,V2,25,9,15,8137.32,1.00852,0.1,0.207905,0.779824,0.329562,1.32035,0.105863,8353.63,0.328548,0.879016,0.119764,0.328594,1.16731,0.107306,8737.2,5475.23,0.157735,0.178564,0.202933,0.203732,0.149732,0.248452,0.293379,0.350863,0.00122296,0.0433074,0.266319,0.684288,0.966281,704.075
W1,V2,25,10,15,8137.32,1.00852,0.25,0.237367,0.772835,0.388709,1.32471,0.12842,8253.32,0.379359,0.891045,0.135971,0.392043,1.16899,0.12729,8703.19,5351.22,0.161773,0.179497,0.191164,0.204452,0.135824,0.245879,0.289002,0.337829,0.00101831,0.0391283,0.293845,0.71708,0.958267,704.075
W1,V2,25,11,15,8137.32,1.00852,0.25,0.252081,0.75656,0.387867,1.31299,0.129243,8210.86,0.37876,0.878871,0.138824,0.389345,1.16213,0.128875,8634.5,5384.43,0.159893,0.178314,0.191953,0.201653,0.139311,0.25267,0.290769,0.327685,0.00154574,0.0449254,0.286363,0.69099,0.944862,704.075
W1,V2,25,12,15,8137.32,1.00852,0.7,0.389949,0.75317,0.380388,1.33976,0.255848,7808.98,0.350419,0.939981,0.258298,0.37431,1.19992,0.247377,8475.76,5144.15,0.142068,0.165037,0.170294,0.173783,0.10144,0.236898,0.248535,0.26719,0.00481049,0.0793819,0.388583,0.81711,0.983945,704.075
W1,V2,26,4,15,7108.91,1.04127,0.1,0.317536,0.493259,0.408604,0.84497,0.0989145,8659.65,0.326669,0.591656,0.125594,0.390885,0.747216,0.100491,8402.79,5848.51,0.139926,0.217469,0.16785,0.153326,0.220938,0.29041,0.300714,0.308386,1.94608e-22,7.4562e-17,1.74231e-11,2.94346e-06,0.0315232,3356.89
W1,V2,26,5,15,7108.91,1.04127,0.1,0.309869,0.475719,0.383144,0.835075,0.0809484,8787.15,0.293763,0.585828,0.115379,0.362739,0.738251,0.0838455,8502.98,5944.91,0.12857,0.225825,0.180528,0.14888,0.232351,0.283457,0.304903,0.327795,1.3082e-23,5.13063e-18,1.68231e-12,6.15158e-07,0.0162488,3356.89
W1,V2,26,6,15,7108.91,1.04127,0.1,0.360969,0.434914,0.3958,0.830446,0.0800315,8773.58,0.274154,0.583399,0.118646,0.367127,0.735819,0.0841055,8512.12,5978.7,0.124954,0.222809,0.185371,0.150285,0.232475,0.281758,0.305557,0.32858,3.2108e-21,3.11727e-16,2.24898e-11,1.66589e-06,0.0153389,3356.89
W1,V2,26,7,15,7108.91,1.04127,0.1,0.279769,0.498901,0.371983,0.86117,0.0974285,8860.95,0.278845,0.589394,0.118037,0.349024,0.749136,0.0988092,8552.85,5806.82,0.147659,0.215046,0.160989,0.159869,0.217628,0.272798,0.299238,0.329155,5.02769e-20,4.27637e-15,2.45219e-10,9.44961e-06,0.0403747,3356.89
W1,V2,26,8,15,7108.91,1.04127,0.1,0.197946,0.577008,0.329014,0.963408,0.148775,8940.62,0.296067,0.597493,0.142623,0.324973,0.806604,0.148599,8609.58,5649.98,0.17866,0.170897,0.129409,0.183278,0.189157,0.251603,0.281346,0.318452,3.72642e-18,5.37761e-13,2.62864e-08,0.000311489,0.226056,3356.89
W1,V2,26,9,15,7108.91,1.04127,0.1,0.169982,0.578216,0.321909,0.919776,0.111999,9007.88,0.2716,0.59754,0.0994301,0.313233,0.77207,0.106512,8652.2,5478.04,0.192943,0.202044,0.121356,0.185766,0.191379,0.258956,0.294632,0.339899,2.71851e-22,1.56085e-16,5.3132e-11,6.21563e-06,0.0868163,3356.89
W1,V2,26,10,15,7108.91,1.04127,0.1,0.187426,0.593562,0.317019,1.00866,0.154412,8982.04,0.311015,0.599297,0.131743,0.321648,0.828839,0.151931,8627.15,5536.96,0.200261,0.156103,0.113043,0.200925,0.177738,0.248511,0.280209,0.31935,8.87111e-20,5.23778e-14,7.67219e-09,0.000194423,0.3097,3356.89
W1,V2,26,11,15,7108.91,1.04127,0.1,0.205858,0.577086,0.376606,0.931261,0.137018,8825.3,0.335191,0.598025,0.121182,0.372412,0.784856,0.130657,8490.94,5504.26,0.189506,0.190448,0.118742,0.183124,0.187522,0.269871,0.290371,0.309101,4.82038e-20,1.41896e-14,1.79642e-09,5.09719e-05,0.136237,3356.89
W1,V2,26,12,15,7108.91,1.04127,0.25,0.199001,0.595444,0.368084,1.00822,0.177303,8853.56,0.365421,0.599767,0.140111,0.377901,0.826538,0.169072,8505.48,5418.05,0.207526,0.155091,0.100217,0.200981,0.167113,0.255786,0.278298,0.296843,1.57126e-18,6.08666e-13,4.87185e-08,0.0003859,0.303733,3356.89
W1,V2,27,4,15,8080,1.03597,0.1,0.171308,0.598038,0.292075,1.09661,0.180512,9074.21,0.29862,0.603488,0.192199,0.292443,0.912135,0.191824,8788.77,5902.51,0.161245,0.132624,0.146118,0.177537,0.190651,0.220522,0.262895,0.324759,2.27369e-09,3.01292e-06,0.00062038,0.0403335,0.560315,2933.5
W1,V2,27,5,15,8080,1.03597,0.1,0.169879,0.596692,0.29252,1.06647,0.15816,9089.87,0.289606,0.601111,0.163662,0.291305,0.884252,0.165791,8775.04,5837.97,0.169443,0.144365,0.144295,0.181392,0.194714,0.22887,0.27205,0.33329,2.21262e-10,5.52055e-07,0.000231961,0.0245475,0.477639,2933.5
W1,V2,27,6,15,8080,1.03597,0.25,0.211287,0.591772,0.354705,1.03542,0.135046,9000.73,0.345997,0.600613,0.145566,0.351641,0.867675,0.141329,8697.01,5852.91,0.165914,0.157106,0.152536,0.181776,0.201339,0.242726,0.284274,0.331671,7.4622e-10,1.35763e-06,0.000440456,0.0315814,0.417495,2933.5
W1,V2,27,7,15,8080,1.03597,0.1,0.202916,0.593406,0.318886,1.04495,0.137635,9017,0.310755,0.60252,0.152177,0.314587,0.877574,0.145054,8730.4,5881.76,0.161627,0.155579,0.155659,0.180906,0.201175,0.238827,0.280886,0.335233,4.0588e-09,4.46437e-06,0.000910118,0.0453246,0.441921,2933.5
W1,V2,27,8,15,8080,1.03597,0.25,0.244595,0.591234,0.379441,1.04393,0.14559,8901.42,0.370693,0.604406,0.165714,0.375358,0.885107,0.154114,8635.03,5921.17,0.155177,0.153294,0.158621,0.178309,0.200485,0.245117,0.282641,0.318128,1.43257e-08,1.19445e-05,0.00165741,0.0587851,0.459137,2933.5
W1,V2,27,9,15,8080,1.03597,0.1,0.202445,0.591535,0.330248,1.03422,0.148763,9010.52,0.323119,0.600283,0.164126,0.326887,0.868937,0.15683,8728.24,5884.51,0.159743,0.15232,0.153493,0.179498,0.198116,0.235579,0.2774,0.330191,1.40319e-09,2.34988e-06,0.000619244,0.0360438,0.42258,2933.5
W1,V2,27,10,15,8080,1.03597,0.25,0.217484,0.589124,0.353582,1.03246,0.111256,8992.3,0.33721,0.606222,0.129215,0.346944,0.872915,0.117424,8708.6,5903.52,0.158265,0.168986,0.164887,0.180463,0.209975,0.248381,0.291563,0.342633,7.43886e-09,9.23958e-06,0.00176718,0.0637127,0.408786,2933.5
W1,V2,27,11,15,8080,1.03597,0.25,0.20964,0.572299,0.330783,0.980141,0.112704,8996.89,0.317435,0.593076,0.138966,0.324087,0.834147,0.120496,8735.06,5965.02,0.149319,0.168435,0.171473,0.17888,0.211397,0.245022,0.289092,0.345389,6.73501e-10,1.29841e-06,0.000429735,0.0316506,0.318924,2933.5
W1,V2,27,12,15,8080,1.03597,0.25,0.232046,0.549379,0.348391,0.928406,0.102209,8933.33,0.338312,0.582367,0.134218,0.34212,0.799034,0.110156,8696.92,6012.23,0.142113,0.173304,0.179367,0.180217,0.214843,0.251643,0.29443,0.34377,5.63289e-10,7.58354e-07,0.000210765,0.0169556,0.230056,2933.5
W1,V2,28,4,15,6003.28,1.04625,0.25,0.250282,0.599382,0.442682,1.09422,0.142875,8902.39,0.456534,0.601753,0.128316,0.449876,0.899534,0.145328,8625.29,5684.68,0.197451,0.136011,0.130762,0.205171,0.185278,0.246817,0.289137,0.318718,2.54631e-11,2.58953e-07,0.000216482,0.0226161,0.559938,3752.68
W1,V2,28,5,15,6003.28,1.04625,0.25,0.214659,0.593204,0.433792,0.921737,0.0583585,9242.18,0.38209,0.599528,0.0791389,0.415663,0.782234,0.0603252,8727.62,5954.62,0.140389,0.229682,0.181119,0.136552,0.251932,0.261934,0.310358,0.367383,7.80901e-13,3.48688e-09,5.94951e-06,0.00348744,0.109155,3752.68
W1,V2,28,6,15,6003.28,1.04625,0.1,0.14739,0.599506,0.346919,0.960231,0.0877821,9616.64,0.293379,0.599981,0.0764538,0.324011,0.77745,0.0803471,8807.86,5447.03,0.194115,0.248126,0.101981,0.156502,0.218928,0.249725,0.296896,0.373032,1.39103e-14,1.02419e-10,4.48436e-07,0.000241545,0.0796886,3752.68
W1,V2,28,7,15,6003.28,1.04625,0.25,0.202289,0.599445,0.39832,0.973824,0.0777973,9627.53,0.34234,0.59999,0.0648906,0.3724,0.782777,0.0706339,8812.71,5397,0.203575,0.245402,0.100252,0.165157,0.214981,0.25223,0.299137,0.377999,7.82794e-13,1.18396e-09,1.70087e-06,0.000513607,0.105545,3752.68
W1,V2,28,8,15,6003.28,1.04625,0.25,0.231971,0.593267,0.443432,0.926047,0.0544397,9456.21,0.388186,0.599548,0.0612234,0.419406,0.770417,0.0531951,8796.64,5729.73,0.163135,0.24767,0.150541,0.143114,0.242345,0.257015,0.308463,0.381327,1.26159e-13,3.35959e-10,6.36061e-07,0.000459978,0.0687289,3752.68
W1,V2,28,9,15,6003.28,1.04625,0.1,0.17322,0.594773,0.379656,0.939708,0.0554082,9376.49,0.332006,0.599592,0.060884,0.362092,0.781689,0.0548089,8797.04,5731.45,0.169082,0.233221,0.152208,0.153735,0.236945,0.257601,0.306051,0.381539,4.84008e-15,8.79845e-11,6.88728e-07,0.00102108,0.108182,3752.68
W1,V2,28,10,15,6003.28,1.04625,0.1,0.131727,0.589995,0.357012,0.951659,0.0680406,9180.82,0.251271,0.599017,0.0823472,0.331676,0.802499,0.0706639,8734.82,5876.21,0.157491,0.209882,0.168102,0.157641,0.236219,0.258733,0.30583,0.364774,3.88059e-15,1.31927e-10,1.53046e-06,0.00359572,0.183826,3752.68
W1,V2,28,11,15,6003.28,1.04625,0.7,0.308453,0.514366,0.438905,0.9209,0.0740607,8684.55,0.358407,0.598042,0.085127,0.421247,0.796818,0.075579,8401.47,5814.01,0.162452,0.205581,0.163081,0.168613,0.224694,0.296028,0.313591,0.314802,9.54901e-12,3.12936e-08,3.3837e-05,0.00713804,0.178507,3752.68
W1,V2,28,12,15,6003.28,1.04625,0.7,0.526659,0.431622,0.607652,0.823565,0.077912,7489.07,0.564313,0.599333,0.0921202,0.597292,0.77222,0.0753419,7503.47,5841.73,0.148505,0.228837,0.167352,0.141706,0.238259,0.400409,0.338723,0.185527,3.15781e-13,1.05272e-09,1.46294e-06,0.00078434,0.0822061,3752.68
W1,V2,29,4,15,5730.14,1.00736,0.25,0.280363,0.641459,0.349069,1.28742,0.0792307,8645.66,0.358901,0.809979,0.134477,0.338421,1.15664,0.0897001,8691.58,6153.73,0.115465,0.165828,0.231589,0.184947,0.212471,0.258552,0.300449,0.351299,0.000347998,0.0111942,0.0808681,0.552961,0.991305,609.012
W1,V2,29,5,15,5730.14,1.00736,0.25,0.267923,0.668316,0.385589,1.2937,0.0918836,8573.12,0.386308,0.825025,0.138328,0.379585,1.15695,0.101139,8702.25,5976.87,0.126003,0.168306,0.219474,0.191674,0.193403,0.253882,0.296762,0.348217,0.000757563,0.0197557,0.1185,0.578169,0.988481,609.012
W1,V2,29,6,15,5730.14,1.00736,0.25,0.313659,0.834092,0.451963,1.35574,0.109134,7851.59,0.430368,0.968304,0.116277,0.452004,1.209,0.104704,8479.03,5162.37,0.159153,0.210803,0.19736,0.20693,0.12105,0.275528,0.305903,0.313865,0.00181684,0.0467316,0.353625,0.891788,0.997967,609.012
W1,V2,29,7,15,5730.14,1.00736,0.25,0.307134,0.861432,0.418187,1.37476,0.113071,7804.21,0.383807,0.98525,0.112581,0.414095,1.21982,0.10528,8551.57,5003.26,0.165973,0.217975,0.194619,0.208837,0.107316,0.269048,0.300511,0.325161,0.00622898,0.075271,0.412745,0.931162,0.999424,609.012
W1,V2,29,8,15,5730.14,1.00736,0.1,0.210098,0.982482,0.364994,1.4505,0.108116,7319.62,0.352301,1.00281,0.0700662,0.380261,1.24334,0.0872947,8689.9,4232.66,0.231719,0.221083,0.17378,0.247978,0.0381453,0.259011,0.302017,0.351677,0.0075639,0.126251,0.749575,0.994353,0.999957,609.012
W1,V2,29,9,15,5730.14,1.00736,0.1,0.182359,0.98654,0.283756,1.4554,0.140903,7076.43,0.29349,1.01591,0.0894273,0.298377,1.26947,0.113629,8728.88,4077.72,0.231401,0.204135,0.214034,0.201936,0.034865,0.248732,0.289575,0.348063,0.0341029,0.295145,0.817217,0.992014,0.999939,609.012
W1,V2,29,10,15,5730.14,1.00736,0.25,0.266989,0.956271,0.410849,1.41939,0.104239,7567.86,0.42693,0.999231,0.0824264,0.428007,1.23833,0.0914881,8606.04,4558.38,0.20369,0.217283,0.194756,0.222261,0.0705222,0.265837,0.305649,0.337026,0.0103247,0.133192,0.606305,0.971412,0.999729,609.012
W1,V2,29,11,15,5730.14,1.00736,0.25,0.292436,0.835404,0.389667,1.36153,0.108855,7930.01,0.360332,0.973032,0.116599,0.386249,1.21179,0.103868,8569.88,5158.42,0.15739,0.214035,0.198011,0.205718,0.120979,0.267913,0.299613,0.328606,0.00317851,0.0560105,0.35477,0.901682,0.998649,609.012
W1,V2,29,12,15,5730.14,1.00736,0.25,0.258896,0.709141,0.334374,1.31773,0.100541,8434.72,0.309013,0.892658,0.138586,0.324996,1.17686,0.105196,8691.24,5727.08,0.130774,0.190288,0.207324,0.196186,0.170232,0.254421,0.294937,0.345446,0.000235712,0.0138644,0.161784,0.724888,0.992868,609.012
W1,V2,30,4,15,7344.28,1.03898,0.1,0.126308,0.518457,0.214672,0.871307,0.0879537,9149.67,0.196254,0.565091,0.108735,0.208181,0.744411,0.0923644,8853.07,5894.05,0.151416,0.192535,0.166559,0.182499,0.214627,0.241126,0.292097,0.374412,3.4758e-14,1.9208e-10,4.06116e-07,0.000368238,0.0821991,3174.07
W1,V2,30,5,15,7344.28,1.03898,0.1,0.121752,0.594634,0.18993,1.09082,0.164401,9125.14,0.195321,0.597521,0.177365,0.190201,0.905793,0.177474,8861.34,5952.79,0.164627,0.12586,0.152509,0.183808,0.195723,0.217698,0.264436,0.340393,6.19652e-12,5.72207e-08,6.30544e-05,0.0194876,0.564114,3174.07
W1,V2,30,6,15,7344.28,1.03898,0.25,0.171435,0.600053,0.274882,1.21378,0.199089,8990.63,0.285252,0.614944,0.290188,0.268229,1.05099,0.2292,8811.78,6381.2,0.112127,0.11054,0.189588,0.15205,0.206495,0.208584,0.249348,0.312868,7.0384e-11,7.08174e-07,0.000546628,0.137422,0.883852,3174.07
W1,V2,30,7,15,7344.28,1.03898,0.25,0.190245,0.599589,0.301929,1.17179,0.215617,8992.58,0.338536,0.604766,0.258729,0.305534,0.993482,0.241604,8775.71,6187.8,0.138441,0.0985045,0.163083,0.167321,0.191046,0.207858,0.247572,0.302967,2.37087e-11,2.93284e-07,0.000234674,0.057908,0.794319,3174.07
W1,V2,30,8,15,7344.28,1.03898,0.1,0.208751,0.582856,0.380009,0.950124,0.142427,9070.66,0.355258,0.595088,0.142178,0.370782,0.795459,0.142318,8691,5669.24,0.171734,0.181381,0.134617,0.175881,0.194068,0.243495,0.283401,0.330786,4.99218e-13,3.18569e-09,6.42905e-06,0.00257095,0.190419,3174.07
W1,V2,30,9,15,7344.28,1.03898,0.25,0.180413,0.475248,0.306999,0.832272,0.0605959,8977.36,0.288074,0.556559,0.102509,0.30002,0.729989,0.0673841,8813.02,6162.44,0.117993,0.193357,0.208835,0.182387,0.230044,0.252024,0.302017,0.378576,5.21462e-12,6.70973e-09,3.03286e-06,0.000771877,0.0508158,3174.07
W1,V2,30,10,15,7344.28,1.03898,0.25,0.215826,0.350522,0.318993,0.766094,0.0663336,8892.11,0.313112,0.462011,0.144005,0.312673,0.682573,0.0779894,8808.08,6438.75,0.0927166,0.173344,0.228321,0.192479,0.23515,0.250004,0.298238,0.373769,3.22209e-15,7.95119e-12,7.93141e-09,7.94569e-06,0.00534337,3174.07
W1,V2,30,11,15,7344.28,1.03898,0.25,0.185828,0.528465,0.338059,0.870341,0.0891746,9050.26,0.318413,0.570436,0.118512,0.33085,0.750261,0.0952206,8804.95,5971.84,0.141649,0.187604,0.177618,0.182201,0.215707,0.245633,0.292846,0.3663,1.18663e-12,2.02783e-09,1.4852e-06,0.000688229,0.0934785,3174.07
W1,V2,30,12,15,7344.28,1.03898,0.1,0.226848,0.520189,0.367657,0.865633,0.134949,9013.56,0.322022,0.57007,0.156209,0.355092,0.743094,0.137747,8676.68,5815.65,0.148813,0.192097,0.150295,0.167433,0.203615,0.247361,0.283505,0.331387,1.03779e-14,4.87488e-11,1.1497e-07,0.000145254,0.0644446,3174.07
W1,V2,31,4,15,10429.7,1.04782,0.1,0.244597,0.600569,0.321425,1.1585,0.156971,8874.48,0.338329,0.614515,0.172743,0.324473,0.978371,0.168982,8643.54,5958.59,0.161849,0.127957,0.156606,0.191628,0.192979,0.242021,0.273783,0.315215,6.12373e-10,4.1959e-06,0.00184476,0.105503,0.742846,3877.44
W1,V2,31,5,15,10429.7,1.04782,0.1,0.347685,0.600341,0.368264,1.15595,0.200125,8653.94,0.404207,0.610656,0.204241,0.381446,0.978714,0.212546,8399.71,5911.1,0.165623,0.108504,0.14401,0.192097,0.17722,0.255286,0.262016,0.270152,5.73377e-10,4.44521e-06,0.00159422,0.0802336,0.787654,3877.44
W1,V2,31,6,15,10429.7,1.04782,0.1,0.329926,0.600305,0.362569,1.1574,0.183928,8671.71,0.403462,0.609939,0.185078,0.378198,0.976801,0.195286,8414.55,5897.46,0.171973,0.108825,0.145736,0.198284,0.179896,0.259158,0.267788,0.277767,6.0475e-10,4.68438e-06,0.00158195,0.074773,0.790286,3877.44
W1,V2,31,7,15,10429.7,1.04782,0.25,0.276186,0.599853,0.375668,1.12665,0.15084,8784.12,0.399245,0.605184,0.142101,0.385802,0.937517,0.156765,8503.22,5773.96,0.189286,0.124773,0.138524,0.205893,0.184759,0.259735,0.282615,0.300885,1.60174e-10,1.37527e-06,0.00074086,0.0475675,0.676963,3877.44
W1,V2,31,8,15,10429.7,1.04782,0.25,0.249831,0.598323,0.347357,1.10895,0.129476,8898.88,0.352075,0.606597,0.131815,0.350085,0.925051,0.13546,8595.63,5840.36,0.178439,0.144565,0.148462,0.192846,0.200228,0.256327,0.287231,0.320981,2.32463e-10,1.69109e-06,0.000929235,0.0567691,0.595088,3877.44
W1,V2,31,9,15,10429.7,1.04782,0.25,0.222564,0.590271,0.390785,1.02248,0.112018,8922.66,0.372361,0.601632,0.118474,0.387291,0.858708,0.115615,8601.35,5808.58,0.172049,0.170461,0.15228,0.18142,0.208176,0.259761,0.296847,0.327777,3.79983e-12,7.10831e-08,0.000151542,0.0279604,0.376993,3877.44
W1,V2,31,10,15,10429.7,1.04782,0.1,0.214798,0.595687,0.37447,1.04267,0.126214,8952.81,0.355896,0.602294,0.125732,0.372073,0.86789,0.128506,8603.68,5750.33,0.17871,0.166515,0.141255,0.182837,0.202176,0.256087,0.291815,0.323592,5.21677e-12,9.40721e-08,0.00019157,0.028992,0.408211,3877.44
W1,V2,31,11,15,10429.7,1.04782,0.1,0.230171,0.598408,0.384006,1.07139,0.155761,8872.67,0.387552,0.601624,0.143608,0.390912,0.885483,0.156994,8537.51,5691,0.187243,0.147761,0.129289,0.190713,0.188,0.254821,0.28379,0.304396,2.49962e-12,5.389e-08,0.000118057,0.0233671,0.490546,3877.44
W1,V2,31,12,15,10429.7,1.04782,0.1,0.339097,0.59961,0.386605,1.11891,0.212829,8667.75,0.405952,0.605597,0.20945,0.396123,0.941022,0.220809,8363.22,5833.31,0.166685,0.120239,0.133105,0.182701,0.176461,0.256139,0.260192,0.262859,3.00224e-11,5.37846e-07,0.000560774,0.0543623,0.665663,3877.44
W1,V3,16,4,12.5,7937.1,1.00264,0.25,0.315435,0.597718,0.469953,1.35907,0.488128,5929.49,0.481488,0.687818,0.49071,0.477518,1.14378,0.467035,7829.8,3834.73,0.0969438,0.164043,0.181241,0.0903449,0.000392062,0.21233,0.184066,0.13657,1.07194e-06,0.0180604,0.693239,0.988997,0.999584,218.543
W1,V3,16,5,15,7937.1,1.00264,0.4,0.284803,0.58765,0.497095,1.22153,0.590115,5994.75,0.506935,0.627948,0.447038,0.483597,0.991803,0.538079,7653.85,3313.05,0.133115,0.138866,0.114763,0.073185,0.0019925,0.198385,0.154721,0.108816,2.73731e-08,0.00182972,0.293516,0.939788,0.998696,218.543
W1,V3,16,6,17.5,7937.1,1.00264,0.25,0.247044,0.595201,0.39128,0.999068,0.944087,5460.28,0.430064,0.611133,0.496066,0.416689,0.699304,0.770463,7908.81,1114.64,0.156537,0.0491177,0.0197383,0.00384096,0.000303005,0.090182,0.0769508,0.0624037,1.73865e-09,6.49052e-05,0.019499,0.316447,0.83567,218.543
W1,V3,16,7,19.5,7937.1,1.00264,0.55,0.350357,0.57101,0.434442,0.829886,0.527045,6137.32,0.467632,0.600119,0.188033,0.46357,0.676924,0.336889,8197.1,2377.07,0.290952,0.201504,0.110352,0.0507252,0.0095782,0.232985,0.222713,0.207413,2.03951e-12,2.52183e-08,3.9849e-05,0.00801954,0.177754,218.543
W1,V3,16,8,20,7937.1,1.00264,0.4,0.327215,0.586218,0.513999,0.647843,0.291946,5983.81,0.457609,0.5993,0.117786,0.491048,0.618181,0.188117,8251.93,2782.26,0.281797,0.277209,0.171117,0.067715,0.0140455,0.277046,0.275918,0.258919,6.57985e-13,1.70339e-10,3.08712e-08,5.42592e-06,0.000519539,218.543
W1,V3,16,9,19.5,7937.1,1.00264,0.7,0.541573,0.604345,0.578428,0.631519,0.158141,7737.26,0.578632,0.606436,0.162114,0.580264,0.622316,0.153613,8278.67,5232.1,0.158789,0.18544,0.192973,0.177576,0.131609,0.286492,0.286059,0.273836,1.2703e-09,6.13412e-09,2.84261e-08,1.60908e-07,1.24322e-06,218.543
W1,V3,16,10,17.5,7937.1,1.00264,0.7,0.55834,0.607311,0.569862,0.620249,0.200747,8522.8,0.566904,0.60866,0.233726,0.569251,0.61638,0.210377,8381.06,5880.64,0.137944,0.147963,0.157308,0.167463,0.178944,0.258036,0.262837,0.268751,2.70654e-10,5.03325e-10,9.34767e-10,1.9568e-09,5.1989e-09,218.543
W1,V3,16,11,15,7937.1,1.00264,0.7,0.561827,0.602931,0.575694,0.639112,0.423751,6666.2,0.591611,0.604999,0.250949,0.584806,0.621796,0.344301,8030.32,3548.24,0.205539,0.183321,0.140444,0.0876701,0.0387244,0.245751,0.220665,0.189283,1.6286e-10,1.14142e-09,7.51605e-09,6.14105e-08,6.86162e-07,218.543
W1,V3,16,12,12.5,7937.1,1.00264,0.55,0.535674,0.597777,0.61608,0.637738,0.609389,5352.81,0.593758,0.601469,0.307857,0.601588,0.616881,0.482649,6994.42,2205.62,0.217024,0.182511,0.0897834,0.0251275,0.0029052,0.28066,0.156255,0.080436,3.05689e-11,2.68647e-09,1.86754e-07,1.35378e-05,0.000668495,218.543
W1,V3,17,4,12.5,8103.05,1.04776,0.25,0.205868,0.307311,0.394486,1.11496,0.0886806,8171.49,0.388365,0.468262,0.143217,0.394335,0.91787,0.0931144,8594.63,5816.03,0.11141,0.20111,0.198289,0.243167,0.15291,0.258669,0.319398,0.328818,3.7416e-15,2.79522e-08,0.00142658,0.272381,0.947083,3872.46
W1,V3,17,5,15,8103.05,1.04776,0.1,0.180029,0.301048,0.348339,0.906135,0.139609,7732.81,0.413362,0.343761,0.138199,0.365987,0.708457,0.128839,8658.24,4910.73,0.160686,0.206911,0.231406,0.165545,0.106614,0.244469,0.299981,0.326711,1.33218e-17,7.71239e-11,5.57115e-06,0.0157026,0.638786,3872.46
W1,V3,17,6,17.5,8103.05,1.04776,0.25,0.271307,0.311944,0.377038,1.01186,0.00592002,8962.55,0.401114,0.490588,0.0607937,0.379635,0.924639,0.00812645,8620.16,7723.97,0.0251092,0.131881,0.200134,0.321541,0.313208,0.285538,0.338402,0.367933,1.01049e-16,1.84099e-11,1.26425e-06,0.00656688,0.482937,3872.46
W1,V3,17,7,19.5,8103.05,1.04776,0.25,0.229186,0.489421,0.275448,0.874713,0.0190077,7436.38,0.312505,0.581519,0.0384458,0.29834,0.777747,0.0193344,8716.31,5364.73,0.0967133,0.240083,0.300531,0.24048,0.102859,0.275012,0.32378,0.381873,2.69797e-12,1.65835e-08,3.20316e-05,0.0153215,0.302717,3872.46
W1,V3,17,8,20,8103.05,1.04776,0.4,0.339394,0.619593,0.354881,0.86014,0.547278,6182.35,0.427266,0.649007,0.204758,0.400588,0.737514,0.351177,8587.05,2470.88,0.272782,0.195686,0.121976,0.0491219,0.00925777,0.193107,0.215663,0.240053,6.94459e-09,7.08725e-07,2.6444e-05,0.000597268,0.00655089,3872.46
W1,V3,17,9,19.5,8103.05,1.04776,0.4,0.416109,0.643382,0.483049,0.739286,0.0700893,8591.07,0.498594,0.639647,0.100216,0.488383,0.70853,0.0744108,8753.24,6024.96,0.133619,0.172086,0.202393,0.218857,0.198634,0.255277,0.304556,0.365756,4.47917e-09,2.14966e-08,9.17018e-08,4.36603e-07,2.53838e-06,3872.46
W1,V3,17,10,17.5,8103.05,1.04776,0.55,0.518174,0.828595,0.525433,0.88656,0.259017,8271.12,0.529617,0.836132,0.26256,0.526626,0.870172,0.259809,8278.45,5526.51,0.145942,0.147536,0.148738,0.149387,0.148587,0.252109,0.247473,0.240609,1.0029e-06,1.49166e-06,2.1938e-06,3.43727e-06,6.1268e-06,3872.46
W1,V3,17,11,15,8103.05,1.04776,0.4,0.415405,0.831143,0.465123,0.984745,0.075334,7886.69,0.444175,0.901151,0.124003,0.460192,0.968355,0.0812521,8487.7,5820.35,0.114799,0.179255,0.233972,0.239807,0.150916,0.285803,0.306575,0.32637,9.70888e-07,3.96598e-06,1.5817e-05,8.08821e-05,0.000615688,3872.46
W1,V3,17,12,12.5,8103.05,1.04776,0.55,0.434333,0.615887,0.488668,0.991906,0.0451279,7373.97,0.517988,0.697549,0.112659,0.496131,0.949786,0.0526333,8322.83,5984.98,0.0829115,0.159678,0.283469,0.300568,0.120741,0.314084,0.32126,0.312023,1.20451e-07,9.40495e-06,0.000273796,0.00619192,0.0949474,3872.46
W1,V3,18,4,12.5,7586.95,1.03136,0.1,0.342564,0.396178,0.365973,1.1711,0.0971582,7449.07,0.349171,0.573109,0.103095,0.368095,0.945081,0.0928102,8573.92,4983.07,0.161487,0.199305,0.219612,0.24929,0.0774959,0.27124,0.302356,0.333594,3.90461e-15,7.52104e-08,0.00616387,0.559931,0.983004,2563.29
W1,V3,18,5,15,7586.95,1.03136,0.1,0.262394,0.525004,0.360866,1.20494,0.0465875,7584.98,0.359557,0.597589,0.0616155,0.371272,1.0193,0.0492356,8584.84,5474.72,0.149969,0.155348,0.255397,0.285199,0.104852,0.282188,0.317925,0.350652,3.87962e-15,1.13683e-07,0.00623517,0.585493,0.990697,2563.29
W1,V3,18,6,17.5,7586.95,1.03136,0.1,0.190724,0.54149,0.23841,0.970168,0.213232,6428.38,0.258189,0.594563,0.0743193,0.260509,0.733383,0.121357,8740.57,2917.77,0.302312,0.277483,0.194408,0.0888367,0.0156032,0.24503,0.287166,0.346447,8.56917e-17,8.37931e-10,0.000164342,0.179023,0.803369,2563.29
W1,V3,18,7,19.5,7586.95,1.03136,0.1,0.155868,0.598651,0.214484,0.954569,0.207757,6075.52,0.242952,0.601715,0.0721181,0.235868,0.764332,0.120943,8736.28,2831.12,0.311215,0.259504,0.221095,0.078108,0.00913443,0.245944,0.286846,0.346267,2.32914e-14,3.28332e-09,3.22426e-05,0.0282961,0.384687,2563.29
W1,V3,18,8,20,7586.95,1.03136,0.1,0.290157,0.60057,0.273489,0.838488,0.069462,7654.51,0.336919,0.607185,0.0857093,0.293432,0.759815,0.0676953,8746.69,5196.69,0.144426,0.201559,0.256674,0.224529,0.105116,0.259061,0.304911,0.368332,3.26733e-12,1.00534e-09,1.61127e-07,2.77299e-05,0.0027695,2563.29
W1,V3,18,9,19.5,7586.95,1.03136,0.1,0.29221,0.60082,0.331596,0.612805,0.718131,6277.76,0.303452,0.601794,0.293668,0.312908,0.605254,0.502167,8255.7,2180.15,0.241563,0.141156,0.0746805,0.0315332,0.00889936,0.171187,0.166433,0.160213,1.05726e-13,1.66503e-12,2.29938e-11,4.06904e-10,1.00986e-08,2563.29
W1,V3,18,10,17.5,7586.95,1.03136,0.55,0.600355,0.5984,0.612864,0.599355,0.397464,7656.88,0.607633,0.598732,0.310029,0.610987,0.599115,0.364956,8064.49,4659.84,0.162442,0.144565,0.128192,0.110327,0.0895179,0.23515,0.213292,0.186602,5.36126e-13,1.00223e-12,1.8629e-12,3.88892e-12,1.0227e-11,2563.29
W1,V3,18,11,15,7586.95,1.03136,0.4,0.470932,0.599558,0.565841,0.601391,0.440642,6735.24,0.548089,0.599611,0.209415,0.562329,0.6004,0.318065,8393.94,3159.68,0.240152,0.196407,0.13864,0.0775878,0.0291478,0.21901,0.231507,0.231418,3.41889e-13,2.39776e-12,1.70429e-11,1.68706e-10,2.7627e-09,2563.29
W1,V3,18,12,12.5,7586.95,1.03136,0.4,0.347348,0.600296,0.50303,0.830694,0.02275,8789.77,0.544334,0.600922,0.0100674,0.540421,0.677939,0.0129158,10137.6,4044.54,0.254004,0.286177,0.21426,0.146541,0.0861027,0.117823,0.253393,0.615868,3.5112e-11,6.20536e-09,7.85495e-07,7.2805e-05,0.00277421,2563.29
W1,V3,19,4,12.5,5462.01,1.02641,0.1,0.186229,0.580272,0.328464,1.32923,0.121376,6708.02,0.370814,0.60374,0.0867245,0.364718,1.06782,0.101838,8854.48,4107.22,0.214486,0.188163,0.249623,0.245064,0.000826311,0.230459,0.302994,0.364709,1.51015e-10,0.000302866,0.260932,0.989379,0.999927,2164.12
W1,V3,19,5,15,5462.01,1.02641,0.7,0.316578,0.537938,0.374582,1.17127,0.321108,6072.09,0.379165,0.601089,0.134301,0.382569,0.879279,0.233716,8279.83,2940.59,0.301305,0.165716,0.190074,0.105403,0.00378711,0.262685,0.252977,0.250622,7.02762e-12,2.70035e-05,0.0582814,0.884864,0.999832,2164.12
W1,V3,19,6,17.5,5462.01,1.02641,0.1,0.334678,0.590321,0.36722,1.06002,0.602637,5655.38,0.42104,0.604218,0.211112,0.398769,0.799693,0.387939,8377.65,2140.8,0.289932,0.164143,0.124491,0.0311116,0.00238269,0.204674,0.196095,0.211292,4.59406e-11,1.0528e-05,0.0156285,0.573331,0.988611,2164.12
W1,V3,19,7,19.5,5462.01,1.02641,0.1,0.375761,0.598408,0.41193,0.879897,0.506557,5738.79,0.441243,0.601341,0.171793,0.437679,0.700113,0.322666,8069.89,2193.84,0.311113,0.198614,0.121119,0.0435044,0.00298317,0.254375,0.220342,0.202617,7.72817e-13,1.96186e-08,3.9815e-05,0.00808899,0.170177,2164.12
W1,V3,19,8,20,5462.01,1.02641,0.1,0.410656,0.600158,0.474739,0.68591,0.921741,5313.54,0.420136,0.603317,0.44027,0.431147,0.618823,0.717595,7540.47,1161.93,0.182461,0.0740081,0.0217931,0.00389309,0.0002505,0.127584,0.0915769,0.0632445,4.4199e-13,2.12425e-10,5.17185e-08,8.16816e-06,0.000448935,2164.12
W1,V3,19,9,19.5,5462.01,1.02641,0.25,0.388987,0.602935,0.415994,0.658924,0.354951,6889.02,0.415936,0.606842,0.202765,0.417514,0.631572,0.277631,8314.3,3618.98,0.218319,0.202285,0.158891,0.100103,0.0427699,0.242555,0.241136,0.238677,9.49148e-13,1.38417e-11,1.89675e-10,3.5969e-09,1.09309e-07,2164.12
W1,V3,19,10,17.5,5462.01,1.02641,0.25,0.342176,0.603104,0.348961,0.609274,0.294606,8035.25,0.349304,0.603862,0.247296,0.34924,0.607081,0.276069,8334.23,4961.01,0.168057,0.15857,0.147973,0.134208,0.115123,0.24115,0.241429,0.241353,1.71279e-11,3.49859e-11,7.16443e-11,1.69593e-10,5.35933e-10,2164.12
W1,V3,19,11,15,5462.01,1.02641,0.4,0.372863,0.600347,0.398963,0.601092,0.162276,7281.43,0.395773,0.6003,0.119622,0.398708,0.600691,0.136184,8509.23,4336.23,0.200454,0.225202,0.208799,0.153407,0.0759537,0.266708,0.287106,0.310001,5.22042e-11,3.38695e-10,2.01935e-09,1.37158e-08,1.01948e-07,2164.12
W1,V3,19,12,12.5,5462.01,1.02641,0.4,0.336005,0.600198,0.420222,0.638642,0.242347,5821.08,0.424211,0.600268,0.0519815,0.428994,0.610185,0.107122,8548.86,2151.97,0.39073,0.306195,0.146596,0.0423263,0.0070308,0.266245,0.304432,0.3222,1.57658e-10,1.71572e-08,8.32627e-07,1.9736e-05,0.000147323,2164.12
W1,V3,20,4,12.5,7427.93,1.03886,0.1,0.11808,0.351369,0.303375,1.17362,0.0607208,8752.49,0.310616,0.463749,0.100161,0.316992,0.925486,0.0652173,9137.29,5906.39,0.117181,0.190283,0.206772,0.258733,0.161813,0.212,0.298002,0.42478,1.53487e-14,2.92561e-08,0.00116174,0.319102,0.891378,3164.4
W1,V3,20,5,15,7427.93,1.03886,0.1,0.109466,0.313333,0.22886,0.967488,0.144203,8353.28,0.243443,0.37735,0.148806,0.246746,0.733957,0.132875,9018.08,5089.52,0.152013,0.213081,0.204919,0.177348,0.119764,0.212433,0.274665,0.380027,1.13999e-16,2.05905e-10,1.85842e-05,0.0391003,0.618129,3164.4
W1,V3,20,6,17.5,7427.93,1.03886,0.1,0.110479,0.334818,0.207795,0.726767,0.373196,6749.82,0.222281,0.423422,0.181703,0.231901,0.580503,0.252653,8696.64,3240.72,0.227563,0.244558,0.167205,0.0804345,0.0275872,0.212399,0.245492,0.289457,3.54498e-16,4.09305e-11,7.59985e-07,0.0022333,0.177991,3164.4
W1,V3,20,7,19.5,7427.93,1.03886,0.1,0.200151,0.392519,0.2453,0.654976,0.0324877,7516.02,0.275946,0.484616,0.0817624,0.259234,0.619716,0.0342193,8858.38,5548.42,0.0768603,0.216699,0.32433,0.244886,0.103006,0.254462,0.313222,0.398097,4.73854e-18,2.44378e-14,9.3438e-11,5.73282e-07,0.00117543,3164.4
W1,V3,20,8,20,7427.93,1.03886,0.25,0.224604,0.540044,0.263889,0.601636,0.102582,7065.7,0.268365,0.566652,0.139432,0.267538,0.594018,0.102691,8338.8,4968.67,0.126761,0.223897,0.264889,0.201725,0.0800373,0.297098,0.301387,0.298824,1.87894e-16,1.68893e-14,1.50329e-12,2.64693e-10,1.06914e-07,3164.4
W1,V3,20,9,19.5,7427.93,1.03886,0.25,0.257553,0.576046,0.32054,0.597675,0.204182,7528.86,0.2965,0.585821,0.180809,0.313374,0.594044,0.187628,8385,4761.61,0.170017,0.194776,0.193075,0.15954,0.0949638,0.264578,0.271169,0.276625,3.59957e-15,2.32084e-14,1.63283e-13,1.83925e-12,4.85568e-11,3164.4
W1,V3,20,10,17.5,7427.93,1.03886,0.4,0.363442,0.591796,0.386798,0.594789,0.244146,8326.38,0.381462,0.591881,0.23778,0.385082,0.593783,0.241482,8393.23,5406.58,0.154817,0.15452,0.153286,0.150619,0.145276,0.246679,0.252262,0.259577,1.30688e-12,2.35353e-12,4.233e-12,8.53637e-12,2.16487e-11,3164.4
W1,V3,20,11,15,7427.93,1.03886,0.4,0.403249,0.598143,0.458151,0.605355,0.482162,6867.75,0.458288,0.598232,0.247051,0.461632,0.601407,0.368516,8217.13,3288.17,0.224628,0.173023,0.122982,0.0753116,0.0355389,0.218947,0.214048,0.198489,7.15483e-12,4.91486e-11,3.17672e-10,2.60289e-09,3.10329e-08,3164.4
W1,V3,20,12,12.5,7427.93,1.03886,0.4,0.352403,0.59091,0.447812,0.635567,0.017118,7985.48,0.469507,0.595442,0.0239284,0.464838,0.61774,0.0157405,9138.37,5294.57,0.128415,0.235052,0.276091,0.223319,0.121383,0.219525,0.319979,0.444756,2.66116e-14,2.10506e-12,1.70709e-10,2.44452e-08,5.72951e-06,3164.4
W1,V3,21,4,12.5,6247.9,1.02203,0.1,0.229461,0.523113,0.357352,1.23412,0.0749724,7235.51,0.367637,0.593205,0.06878,0.375204,0.991339,0.0687594,8717.41,4691.4,0.186188,0.196405,0.234277,0.266504,0.0478655,0.258175,0.312413,0.360652,2.88914e-10,6.04398e-05,0.0640458,0.731927,0.990666,1808.91
W1,V3,21,5,15,6247.9,1.02203,0.1,0.310484,0.432445,0.404583,1.02419,0.354854,6610.02,0.391944,0.578641,0.183559,0.405425,0.785178,0.268006,8149.38,3359.15,0.23841,0.208337,0.152732,0.103953,0.0285628,0.261567,0.246916,0.223511,2.19203e-12,1.71085e-06,0.00953278,0.371957,0.92931,1808.91
W1,V3,21,6,17.5,6247.9,1.02203,0.25,0.248456,0.555242,0.355672,1.03475,0.071542,8005.96,0.424137,0.590534,0.0636571,0.397381,0.819834,0.0595569,9099.59,4766.07,0.175206,0.248852,0.212475,0.212301,0.0916083,0.215456,0.30487,0.420117,3.17983e-13,2.84602e-08,0.000231643,0.0595163,0.69562,1808.91
W1,V3,21,7,19.5,6247.9,1.02203,0.25,0.264494,0.554858,0.448589,0.751914,0.287001,6346.49,0.468001,0.589208,0.105288,0.475086,0.646755,0.172857,8356.63,2810,0.29378,0.282256,0.154156,0.078891,0.0180608,0.263911,0.291553,0.271679,5.15483e-14,4.79166e-10,1.56168e-06,0.00108713,0.0802139,1808.91
W1,V3,21,8,20,6247.9,1.02203,0.25,0.3057,0.596405,0.420453,0.628639,0.741987,5592.37,0.416969,0.59802,0.385209,0.422101,0.608614,0.592543,7207.78,2136.93,0.189139,0.127855,0.063518,0.0224642,0.00448038,0.201749,0.135094,0.0706131,4.35273e-12,4.75958e-10,3.92245e-08,3.31692e-06,0.000187133,1808.91
W1,V3,21,9,19.5,6247.9,1.02203,0.4,0.378801,0.592293,0.419726,0.601806,0.0907326,8592.29,0.419145,0.59413,0.110968,0.420421,0.599212,0.0931521,8834.7,5675.99,0.14926,0.182143,0.200981,0.201643,0.172821,0.242523,0.293197,0.371128,2.32951e-12,1.45629e-11,8.84034e-11,7.04106e-10,8.7761e-09,1808.91
W1,V3,21,10,17.5,6247.9,1.02203,0.55,0.454598,0.598212,0.474041,0.599363,0.30655,8032.19,0.467412,0.59858,0.263166,0.47174,0.599077,0.29011,8286.25,5023.89,0.162455,0.153785,0.144463,0.132655,0.116533,0.241139,0.237096,0.231656,4.50981e-13,8.4146e-13,1.57223e-12,3.33121e-12,9.06884e-12,1808.91
W1,V3,21,11,15,6247.9,1.02203,0.4,0.419919,0.566494,0.514457,0.59202,0.287798,7220.25,0.48074,0.574785,0.253934,0.505794,0.587084,0.270512,7981.21,4754.73,0.158955,0.172733,0.167841,0.140508,0.0894513,0.278135,0.246178,0.205175,2.26125e-15,1.50625e-14,1.0398e-13,1.07013e-12,2.20973e-11,1808.91
W1,V3,21,12,12.5,6247.9,1.02203,0.4,0.373147,0.600148,0.465083,0.646328,0.867098,5914.67,0.450466,0.601023,0.329435,0.459308,0.609411,0.596146,8345.82,1461.01,0.242691,0.106435,0.0407579,0.0118704,0.00209936,0.134248,0.134005,0.135601,1.20813e-11,1.41878e-09,8.29234e-08,3.68074e-06,9.15043e-05,1808.91
W1,V3,22,4,12.5,8112.27,1.05373,0.1,0.398206,0.396209,0.288262,1.19568,0.137987,8163.4,0.287647,0.538078,0.178995,0.290741,0.961409,0.139043,8933.34,5469.74,0.127551,0.180795,0.200307,0.242989,0.109314,0.221467,0.2725,0.366991,1.0221e-08,0.00015691,0.0370848,0.475471,0.947617,4344.5
W1,V3,22,5,15,8112.27,1.05373,0.1,0.187553,0.396903,0.285668,1.1363,0.0618155,8763.14,0.298082,0.515591,0.0941762,0.292441,0.901107,0.0645118,9128.38,5792.7,0.1241,0.200479,0.210508,0.234889,0.165513,0.215067,0.295225,0.425197,3.06991e-10,4.98167e-06,0.00534195,0.20198,0.840845,4344.5
W1,V3,22,6,17.5,8112.27,1.05373,0.1,0.147626,0.581958,0.296535,1.06581,0.0654651,7870.84,0.324659,0.595722,0.0494463,0.327327,0.842206,0.052342,9142.17,4553.41,0.201244,0.239906,0.222673,0.201022,0.0828143,0.215431,0.300057,0.43217,9.3579e-11,2.14629e-06,0.00261766,0.129949,0.745347,4344.5
W1,V3,22,7,19.5,8112.27,1.05373,0.25,0.290581,0.593134,0.462284,0.898625,0.0399819,7438.38,0.498022,0.600085,0.0362193,0.49126,0.768581,0.0339813,8704.2,4693.73,0.180846,0.257446,0.231472,0.205453,0.0908025,0.264132,0.33372,0.368166,3.19473e-10,2.3434e-07,6.52213e-05,0.00692668,0.155975,4344.5
W1,V3,22,8,20,8112.27,1.05373,0.4,0.436967,0.607128,0.534489,0.945653,0.0102544,8894.21,0.573816,0.618109,0.032749,0.541267,0.883315,0.0126091,8825.09,7159.38,0.0744827,0.129676,0.203258,0.307765,0.272209,0.257867,0.332453,0.397072,7.17382e-08,2.2373e-06,4.11093e-05,0.000631489,0.00897226,4344.5
W1,V3,22,9,19.5,8112.27,1.05373,0.55,0.451442,0.74324,0.454983,0.941553,0.0799915,8534.86,0.494341,0.774092,0.148121,0.462532,0.906772,0.0919974,8297.39,6679.44,0.10582,0.142773,0.184369,0.228579,0.246461,0.304632,0.307389,0.295982,4.46167e-06,1.34149e-05,3.61842e-05,0.000104646,0.000355486,4344.5
W1,V3,22,10,17.5,8112.27,1.05373,0.4,0.48673,0.889071,0.485564,0.948689,0.259619,8223.93,0.494697,0.901394,0.26688,0.488298,0.934069,0.261702,8205.03,5572.56,0.143779,0.145863,0.147877,0.149797,0.150983,0.258916,0.247352,0.23203,1.15044e-05,1.73151e-05,2.56911e-05,4.05487e-05,7.26652e-05,4344.5
W1,V3,22,11,15,8112.27,1.05373,0.25,0.361285,0.692281,0.39207,0.846127,0.0985982,8438.68,0.395681,0.717426,0.151977,0.393012,0.812499,0.108359,8489.92,6170.17,0.120928,0.160476,0.194266,0.215648,0.200323,0.277035,0.297622,0.316984,3.73699e-06,1.21952e-05,3.67864e-05,0.000122597,0.000485273,4344.5
W1,V3,22,12,12.5,8112.27,1.05373,0.4,0.425277,0.608133,0.414675,0.880101,0.0998634,7384.69,0.473168,0.629308,0.0910057,0.440254,0.786943,0.0862836,8823.11,4632.29,0.172366,0.228902,0.245303,0.192979,0.0741668,0.245214,0.29657,0.371932,4.56609e-08,2.72647e-06,8.7644e-05,0.00204271,0.0241404,4344.5
W1,V3,23,4,12.5,10546.7,1.05609,0.1,0.149018,0.460144,0.305227,1.19449,0.0830568,8067.6,0.308638,0.540242,0.0895451,0.313184,0.951134,0.0788805,9007.67,5203.64,0.160404,0.192824,0.215865,0.248132,0.103894,0.221849,0.300838,0.398433,1.62128e-10,4.6763e-05,0.0498185,0.5126,0.926007,4529.55
W1,V3,23,5,15,10546.7,1.05609,0.1,0.17546,0.371075,0.325447,1.11278,0.0544113,8454.63,0.333314,0.500834,0.0810549,0.331744,0.89545,0.0561499,8921.54,5734.76,0.127318,0.201549,0.21686,0.238227,0.159897,0.238522,0.308988,0.39634,2.65046e-11,3.38513e-06,0.00532744,0.217505,0.853723,4529.55
W1,V3,23,6,17.5,10546.7,1.05609,0.4,0.439523,0.362849,0.45019,0.934903,0.0887915,7629.14,0.486444,0.538669,0.12572,0.466299,0.800354,0.0898283,8444.47,5299.8,0.124936,0.223613,0.238882,0.200648,0.122092,0.282093,0.315374,0.312705,7.84416e-11,9.60458e-07,0.000929577,0.0724234,0.516607,4529.55
W1,V3,23,7,19.5,10546.7,1.05609,0.7,0.383611,0.541519,0.532932,1.0023,0.0040754,9292.24,0.549072,0.602,0.0270522,0.529111,0.934364,0.00564603,8667.02,7990.29,0.0406125,0.111935,0.178295,0.297068,0.366444,0.273659,0.349636,0.371059,2.5137e-08,8.69994e-06,0.000943195,0.0282872,0.248141,4529.55
W1,V3,23,8,20,10546.7,1.05609,0.55,0.522606,0.642433,0.557698,1.09468,0.00218518,9421.34,0.585281,0.772507,0.0528776,0.552447,1.07881,0.00294666,8002.99,9425.44,0.0105559,0.0357965,0.118094,0.318395,0.514212,0.371099,0.346883,0.279071,0.000179408,0.00197177,0.0119777,0.0640277,0.292971,4529.55
W1,V3,23,9,19.5,10546.7,1.05609,0.4,0.42342,0.976775,0.502717,1.01528,0.138862,7709.87,0.482798,0.989827,0.147736,0.498223,1.00715,0.135851,8319.99,5227.63,0.15674,0.190169,0.202932,0.18608,0.128228,0.287627,0.291673,0.284849,0.0053825,0.0101367,0.0181352,0.0337696,0.067095,4529.55
W1,V3,23,10,17.5,10546.7,1.05609,0.4,0.453818,0.996026,0.478447,1.00554,0.278982,8179.84,0.47305,0.996867,0.253715,0.476729,1.00235,0.269507,8337.78,5209.39,0.158547,0.153623,0.148027,0.140582,0.129715,0.242986,0.243581,0.243926,0.0120518,0.0148125,0.0180736,0.0227213,0.0303267,4529.55
W1,V3,23,11,15,10546.7,1.05609,0.4,0.372357,0.92222,0.442551,0.977768,0.210033,7657.99,0.437118,0.928903,0.191635,0.443154,0.96172,0.197482,8308.8,4943.55,0.166606,0.183595,0.182856,0.159879,0.109583,0.268694,0.270349,0.263475,0.000776579,0.00169352,0.00341223,0.00707252,0.0152998,4529.55
W1,V3,23,12,12.5,10546.7,1.05609,0.25,0.275038,0.682228,0.328357,1.01988,0.138609,6825.61,0.363655,0.793318,0.0947569,0.351643,0.93871,0.107423,8696.37,3961.68,0.205249,0.254198,0.243396,0.148294,0.0414396,0.252617,0.295106,0.344854,6.94851e-05,0.00143618,0.0143561,0.0937254,0.325367,4529.55
W1,V3,24,4,12.5,4803.52,1.06231,0.4,0.430145,0.330637,0.474196,1.10922,0.164781,7071.3,0.433789,0.563204,0.224192,0.466335,0.965724,0.174107,7763.11,5433.16,0.120498,0.176767,0.190385,0.241386,0.096857,0.341868,0.276536,0.20749,3.83463e-13,7.65205e-07,0.00851609,0.492605,0.983328,5017.12
W1,V3,24,5,15,4803.52,1.06231,0.25,0.293606,0.377385,0.370435,1.05243,0.207422,7221.53,0.381237,0.539414,0.151647,0.380053,0.827564,0.175794,8441.38,4261.53,0.196688,0.2132,0.192621,0.161023,0.0606744,0.259503,0.279129,0.285574,6.00072e-12,2.85043e-06,0.00955841,0.35771,0.889152,5017.12
W1,V3,24,6,17.5,4803.52,1.06231,0.25,0.254692,0.451758,0.35386,0.77384,0.303454,6201.32,0.344941,0.55452,0.126386,0.354082,0.651578,0.192782,8391.87,2912.61,0.266513,0.274993,0.17831,0.0691887,0.0182141,0.260194,0.272799,0.274226,4.96908e-13,6.73119e-08,0.000297802,0.0411167,0.286009,5017.12
W1,V3,24,7,19.5,4803.52,1.06231,0.1,0.188073,0.582936,0.356583,0.987374,0.00230651,9669.02,0.334879,0.598162,0.0330743,0.351166,0.938103,0.00346047,8668.54,8685.93,0.0202333,0.076239,0.162818,0.29895,0.438299,0.28323,0.33433,0.378979,3.19946e-11,1.06109e-07,8.54286e-05,0.0140833,0.187606,5017.12
W1,V3,24,8,20,4803.52,1.06231,0.1,0.273761,0.603577,0.335114,0.855338,0.0198573,8016.51,0.367819,0.613002,0.0639003,0.351267,0.799506,0.0238645,8507.28,6449.37,0.0699199,0.16685,0.256565,0.299524,0.183277,0.301238,0.325176,0.349721,1.08506e-08,9.03659e-07,4.82541e-05,0.00187528,0.0318771,5017.12
W1,V3,24,9,19.5,4803.52,1.06231,0.4,0.312512,0.803944,0.29975,0.911256,0.28067,7310.58,0.329688,0.825594,0.205905,0.312694,0.878015,0.24358,8327.79,4299.16,0.187878,0.19209,0.174019,0.131886,0.0705474,0.25258,0.252419,0.251421,6.59516e-05,0.00023102,0.000684962,0.00198453,0.0054732,5017.12
W1,V3,24,10,17.5,4803.52,1.06231,0.1,0.248939,0.871797,0.247932,0.912309,0.191632,8572.75,0.25375,0.877858,0.230528,0.249624,0.902081,0.203247,8381.84,5963.94,0.135683,0.146803,0.15779,0.170475,0.186002,0.260368,0.265051,0.271334,1.63882e-05,2.66719e-05,4.28361e-05,7.42617e-05,0.000150023,5017.12
W1,V3,24,11,15,4803.52,1.06231,0.4,0.291344,0.816908,0.329867,0.919521,0.101992,8216.91,0.336073,0.823183,0.141659,0.331779,0.893147,0.108144,8519.39,5825.27,0.131052,0.173771,0.204892,0.212319,0.169823,0.274396,0.295859,0.321602,1.31831e-05,4.97546e-05,0.000163238,0.000551171,0.00192064,5017.12
W1,V3,24,12,12.5,4803.52,1.06231,0.25,0.329062,0.614756,0.410388,0.954794,0.0598834,7063.95,0.4674,0.654154,0.10133,0.429096,0.888738,0.0649587,8302.23,5360.79,0.11522,0.189748,0.283489,0.259568,0.087017,0.311163,0.319856,0.304023,8.74495e-09,8.76537e-07,3.76723e-05,0.00122547,0.0212744,5017.12
W1,V3,25,4,12.5,8137.32,1.00852,0.1,0.126345,0.571995,0.222663,1.29775,0.0229829,6767.4,0.249981,0.610367,0.0122816,0.257474,1.0112,0.0162542,9212.76,3952.06,0.261441,0.198312,0.276126,0.240748,0.0071189,0.215157,0.308959,0.45963,3.20775e-07,0.00366958,0.189195,0.93143,0.998888,704.075
W1,V3,25,5,15,8137.32,1.00852,0.1,0.125547,0.594292,0.221395,1.28638,0.0292063,6659.88,0.244719,0.61513,0.0146821,0.249987,1.00724,0.0205867,9157.92,3832.36,0.276314,0.190267,0.28309,0.223638,0.00610353,0.220579,0.309879,0.448955,3.44327e-06,0.00696717,0.172994,0.94326,0.999058,704.075
W1,V3,25,6,17.5,8137.32,1.00852,0.1,0.129116,0.603554,0.204787,1.29424,0.0230454,6788.58,0.23303,0.681219,0.0252119,0.223867,1.11116,0.0197078,9056.66,4563.87,0.152396,0.225301,0.334964,0.243929,0.0237015,0.233442,0.312809,0.434041,3.90583e-05,0.0219434,0.284841,0.873393,0.996972,704.075
W1,V3,25,7,19.5,8137.32,1.00852,0.1,0.143997,0.800338,0.192024,1.21987,0.0828208,6714.73,0.189804,0.913186,0.0440064,0.197677,1.06776,0.0525622,8969.65,3584.97,0.228372,0.309765,0.255397,0.125426,0.0284778,0.236682,0.303575,0.407181,0.000850726,0.0304647,0.228842,0.675471,0.947666,704.075
W1,V3,25,8,20,8137.32,1.00852,0.1,0.202895,0.97829,0.266006,1.22081,0.0904917,6967.18,0.261333,0.998986,0.0803697,0.269028,1.12862,0.0764721,8613.78,4347.91,0.175006,0.258426,0.260234,0.17254,0.0573214,0.272968,0.304123,0.346437,0.0229508,0.103801,0.2767,0.5469,0.822351,704.075
W1,V3,25,9,19.5,8137.32,1.00852,0.4,0.336848,0.922315,0.348523,1.00623,0.148189,8057.4,0.370472,0.941868,0.137743,0.357747,0.98301,0.137903,8705.41,5008.53,0.172651,0.196108,0.198815,0.175195,0.119328,0.24495,0.281402,0.335745,0.00332397,0.00825626,0.0183511,0.0408994,0.0908664,704.075
W1,V3,25,10,17.5,8137.32,1.00852,0.4,0.453835,0.955704,0.491809,0.976064,0.234396,8371.98,0.476985,0.959331,0.230295,0.486743,0.970383,0.232399,8433.59,5429.1,0.155348,0.155831,0.155244,0.153139,0.148039,0.245485,0.254797,0.267319,0.00196029,0.00257062,0.00334605,0.00454588,0.00673493,704.075
W1,V3,25,11,15,8137.32,1.00852,0.55,0.483513,0.928484,0.495564,0.970928,0.587766,6734.9,0.493182,0.943011,0.30129,0.494466,0.95665,0.451753,8214.71,3028.19,0.209529,0.15259,0.102877,0.0586711,0.0245805,0.191766,0.183227,0.173254,0.00282701,0.00531336,0.00909262,0.0153099,0.0251674,704.075
W1,V3,25,12,12.5,8137.32,1.00852,0.4,0.413115,0.92695,0.362226,1.07614,0.557876,6125.34,0.398153,0.97638,0.308976,0.379386,1.02273,0.430871,8156.77,2933.5,0.192728,0.182588,0.126918,0.0560658,0.0108298,0.203908,0.189985,0.175236,0.00989465,0.0384743,0.109148,0.258125,0.486006,704.075
W1,V3,26,4,12.5,7108.91,1.04127,0.25,0.362662,0.300108,0.409542,1.03399,0.220947,8011.29,0.434026,0.372759,0.353056,0.40481,0.864218,0.226858,8281.12,5804.47,0.0831395,0.201598,0.158562,0.191809,0.138033,0.262855,0.258811,0.251477,1.8132e-24,7.04398e-15,1.02072e-06,0.100089,0.945057,3356.89
W1,V3,26,5,15,7108.91,1.04127,0.25,0.356608,0.300184,0.387623,0.925563,0.265203,7456.6,0.416464,0.38044,0.324362,0.379886,0.744415,0.240132,8391.05,4789.53,0.100038,0.262724,0.165993,0.155183,0.0759312,0.246926,0.253462,0.25948,1.8808e-25,2.47359e-16,4.13549e-08,0.0191182,0.840501,3356.89
W1,V3,26,6,17.5,7108.91,1.04127,0.55,0.46496,0.310001,0.3868,1.22228,0.00030412,10466.6,0.384571,0.524863,0.0491762,0.379037,1.16456,0.00052807,8718.53,10054.4,0.00204205,0.0279527,0.0619317,0.30526,0.602286,0.277428,0.334436,0.387609,1.0274e-20,1.98062e-14,2.9588e-08,0.00208613,0.676593,3356.89
W1,V3,26,7,19.5,7108.91,1.04127,0.1,0.271713,0.511479,0.371566,0.704264,0.216012,5953.63,0.28607,0.593308,0.0827136,0.33336,0.631311,0.121578,8372.08,2736.91,0.269658,0.362335,0.169522,0.0680398,0.00886636,0.287344,0.293859,0.297219,5.83242e-19,3.61067e-14,1.82639e-09,4.32137e-05,0.0606767,3356.89
W1,V3,26,8,20,7108.91,1.04127,0.1,0.26987,0.599192,0.332718,0.734745,0.674385,5859.95,0.329864,0.601548,0.224108,0.33474,0.63724,0.419671,8299.23,1931.4,0.290592,0.175175,0.0826986,0.0282378,0.00362609,0.196382,0.193248,0.190699,2.27625e-14,1.13947e-11,3.43616e-09,9.67628e-07,0.000182519,3356.89
W1,V3,26,9,19.5,7108.91,1.04127,0.25,0.335485,0.601071,0.336282,0.709664,0.111257,8514.08,0.384188,0.602969,0.184497,0.353996,0.676989,0.125608,8362.09,6391.07,0.111041,0.152862,0.1844,0.20723,0.218859,0.287693,0.291778,0.294922,7.74506e-16,8.59312e-15,9.91888e-14,1.75913e-12,6.14023e-11,3356.89
W1,V3,26,10,17.5,7108.91,1.04127,0.1,0.361677,0.675547,0.311511,0.774213,0.290258,8175.66,0.355271,0.692531,0.260765,0.327894,0.744098,0.279876,8309.49,5197.43,0.158682,0.151022,0.144371,0.137297,0.12875,0.242355,0.240285,0.237484,1.5731e-12,3.81581e-12,9.0588e-12,2.48447e-11,9.12502e-11,3356.89
W1,V3,26,11,15,7108.91,1.04127,0.55,0.44665,0.603342,0.445382,0.690333,0.244365,7478.97,0.489697,0.607083,0.212428,0.465906,0.656127,0.227092,8199.88,4771.55,0.168388,0.183908,0.175853,0.147044,0.0977152,0.271156,0.259763,0.241988,4.1354e-14,4.38819e-13,4.65527e-12,7.13303e-11,1.97406e-09,3356.89
W1,V3,26,12,12.5,7108.91,1.04127,0.4,0.377233,0.60008,0.389354,0.807291,0.348115,6361.44,0.493449,0.601231,0.125124,0.46116,0.676484,0.218349,8448.22,2755.67,0.305342,0.232504,0.146953,0.0810734,0.0157801,0.246034,0.263505,0.272112,1.00775e-14,1.25872e-11,7.44295e-09,2.8193e-06,0.000496467,3356.89
W1,V3,27,4,12.5,8080,1.03597,0.1,0.148085,0.465083,0.299954,1.22733,0.078662,7561.49,0.304297,0.582593,0.0719781,0.319936,0.972262,0.0705792,9010,4814.1,0.181997,0.190642,0.232255,0.264468,0.0600587,0.222445,0.305464,0.401512,1.30973e-10,2.58612e-05,0.0342878,0.672901,0.979282,2933.5
W1,V3,27,5,15,8080,1.03597,0.1,0.16542,0.458069,0.294398,1.15244,0.101975,7415.3,0.298649,0.583197,0.0695577,0.312593,0.884325,0.0813289,8894.75,4283.46,0.21758,0.224921,0.221081,0.198422,0.0566674,0.234229,0.303276,0.381167,1.78192e-11,4.50946e-06,0.0126215,0.503312,0.963607,2933.5
W1,V3,27,6,17.5,8080,1.03597,0.1,0.197477,0.522933,0.351071,1.0693,0.0526546,7566.46,0.364107,0.589224,0.0544822,0.368476,0.881652,0.0484347,8694.57,4910.76,0.168113,0.225498,0.244301,0.219047,0.0946067,0.265404,0.321877,0.364284,2.45689e-10,6.33338e-06,0.006014,0.234165,0.80194,2933.5
W1,V3,27,7,19.5,8080,1.03597,0.1,0.21511,0.595218,0.322637,0.963139,0.0767345,7636.38,0.344498,0.608484,0.0884495,0.337686,0.83818,0.0738416,8664.91,5101.74,0.152201,0.209921,0.242132,0.218325,0.10358,0.264739,0.308912,0.352508,2.30893e-08,1.3017e-05,0.00149734,0.0472249,0.32496,2933.5
W1,V3,27,8,20,8080,1.03597,0.25,0.330842,0.612909,0.405561,0.849748,0.162578,7238.97,0.430511,0.634764,0.128054,0.421082,0.765034,0.140044,8506.24,4431.79,0.190717,0.21786,0.213482,0.163918,0.0739779,0.263983,0.289149,0.306824,5.30721e-07,1.69974e-05,0.000293769,0.00374059,0.0299619,2933.5
W1,V3,27,9,19.5,8080,1.03597,0.4,0.345631,0.65982,0.354982,0.78287,0.195864,7949.87,0.377581,0.672189,0.187743,0.364439,0.743036,0.187712,8443.28,5139.41,0.162425,0.178247,0.180728,0.166311,0.124578,0.257958,0.270845,0.283486,1.2246e-06,4.68817e-06,1.60506e-05,5.91004e-05,0.000247419,2933.5
W1,V3,27,10,17.5,8080,1.03597,0.4,0.3925,0.719852,0.409884,0.747911,0.289841,8088.96,0.40425,0.722926,0.255376,0.408021,0.738672,0.276906,8293.48,5115.25,0.16148,0.15431,0.146664,0.136992,0.123648,0.244864,0.24153,0.236701,2.14617e-05,3.15844e-05,4.58786e-05,7.05528e-05,0.000121549,2933.5
W1,V3,27,11,15,8080,1.03597,0.4,0.33352,0.680728,0.372081,0.74244,0.0747134,8845.72,0.373856,0.680968,0.15775,0.371954,0.72956,0.0897719,8486.38,6870.02,0.0958608,0.138259,0.183334,0.230582,0.262193,0.28368,0.30311,0.323438,2.67678e-06,7.35584e-06,1.89777e-05,5.35556e-05,0.000175999,2933.5
W1,V3,27,12,12.5,8080,1.03597,0.25,0.294595,0.602532,0.38834,0.799083,0.0253211,8401.7,0.407451,0.612344,0.0708508,0.39501,0.755845,0.0300476,8638.27,6643.84,0.0788099,0.155771,0.234343,0.282318,0.21871,0.281312,0.322884,0.365757,1.37078e-07,3.46597e-06,6.04386e-05,0.000951454,0.0111795,2933.5
W1,V3,28,4,12.5,6003.28,1.04625,0.25,0.255921,0.337896,0.434807,1.11547,0.0773315,7056.61,0.415665,0.569617,0.074403,0.451931,0.898441,0.0697953,8200.38,4623.97,0.173655,0.247632,0.217533,0.225532,0.0658533,0.302141,0.35486,0.273204,1.70729e-14,1.6915e-07,0.00618074,0.508317,0.984201,3752.68
W1,V3,28,5,15,6003.28,1.04625,0.25,0.245412,0.30791,0.405061,0.959405,0.109559,7407.44,0.397511,0.507753,0.168844,0.417359,0.79683,0.102019,8364.55,4985.71,0.10044,0.298981,0.209699,0.196303,0.0925587,0.28009,0.325985,0.291906,2.00243e-15,2.91062e-09,0.000185342,0.0673393,0.923113,3752.68
W1,V3,28,6,17.5,6003.28,1.04625,0.25,0.224926,0.376215,0.38494,1.30639,8.51821e-05,10423.6,0.381821,0.595977,0.00566731,0.36021,1.22792,0.00014623,9050.77,9617.3,0.00513124,0.0491093,0.0624509,0.35427,0.528892,0.235723,0.324683,0.439447,1.36041e-14,8.52811e-10,2.25019e-05,0.0231462,0.969575,3752.68
W1,V3,28,7,19.5,6003.28,1.04625,0.25,0.250796,0.597151,0.347961,0.973488,0.00267824,7902.37,0.42877,0.599997,0.00517886,0.392714,0.830429,0.00260435,8930.68,5597.02,0.100055,0.266834,0.167403,0.369724,0.0933794,0.247731,0.331803,0.417861,6.0006e-12,5.75293e-09,7.83987e-06,0.00200149,0.360126,3752.68
W1,V3,28,8,20,6003.28,1.04625,0.25,0.292152,0.600042,0.411454,0.621428,0.903346,5312.88,0.401539,0.60037,0.253057,0.407423,0.60248,0.541405,8211.2,937.969,0.319611,0.110443,0.0250752,0.00323262,0.000233648,0.15479,0.163498,0.140307,1.55623e-11,1.0219e-09,5.08532e-08,2.63539e-06,8.59775e-05,3752.68
W1,V3,28,9,19.5,6003.28,1.04625,0.25,0.314181,0.610046,0.378674,0.653663,0.457619,6477.23,0.370242,0.615588,0.291359,0.377882,0.636105,0.38824,7721.56,3619.84,0.188855,0.167951,0.132023,0.0851716,0.0377592,0.254592,0.208807,0.14836,2.0169e-09,8.27166e-09,3.35029e-08,1.68526e-07,1.19635e-06,3752.68
W1,V3,28,10,17.5,6003.28,1.04625,0.4,0.359688,0.690295,0.344936,0.750324,0.18247,8536.14,0.368282,0.698278,0.221226,0.352199,0.734456,0.193653,8346.2,5980.06,0.136342,0.148187,0.159754,0.172999,0.189064,0.267279,0.268819,0.270249,1.09354e-08,2.08893e-08,3.98092e-08,8.58074e-08,2.36367e-07,3752.68
W1,V3,28,11,15,6003.28,1.04625,0.7,0.515823,0.611659,0.444935,0.727892,0.559407,6674.32,0.499929,0.631951,0.376219,0.469253,0.684763,0.492178,7602.34,3650.12,0.163209,0.135208,0.102963,0.0691318,0.0373104,0.223764,0.166722,0.117337,3.89229e-07,1.49483e-06,5.50942e-06,2.32538e-05,0.000117259,3752.68
W1,V3,28,12,12.5,6003.28,1.04625,0.4,0.477062,0.599478,0.648327,0.629249,0.0972615,5537.59,0.627063,0.600356,0.0359556,0.641061,0.613005,0.0610616,7926.75,2568.84,0.327437,0.34807,0.199005,0.0565828,0.00784292,0.348535,0.346198,0.244206,2.44911e-11,3.25085e-09,2.87442e-07,2.65061e-05,0.00162126,3752.68
W1,V3,29,4,12.5,5730.14,1.00736,0.1,0.174014,0.603249,0.373504,1.40963,0.117721,6006.16,0.386799,0.772437,0.0752858,0.379807,1.15353,0.0804892,8650.55,3399.18,0.197725,0.32149,0.29352,0.106761,1.41517e-05,0.257466,0.3194,0.342645,0.000439898,0.0858444,0.814197,0.999406,0.999989,609.012
W1,V3,29,5,15,5730.14,1.00736,0.1,0.207894,0.611395,0.379481,1.39338,0.113588,6063.91,0.42332,0.797466,0.0708766,0.41617,1.14802,0.0787504,8634.7,3411.86,0.206468,0.314569,0.28181,0.118281,0.000121054,0.257891,0.32376,0.339598,0.000912049,0.104899,0.733965,0.997561,0.999953,609.012
W1,V3,29,6,17.5,5730.14,1.00736,0.4,0.328446,0.699769,0.417938,1.36748,0.214697,5793.67,0.447143,0.958364,0.0796887,0.451008,1.12806,0.12155,8384.78,2687.45,0.280751,0.332642,0.198225,0.0659807,0.000851323,0.278308,0.306908,0.293234,0.00250818,0.131834,0.700857,0.987954,0.999828,609.012
W1,V3,29,7,19.5,5730.14,1.00736,0.25,0.239593,0.94492,0.438221,1.29379,0.0464144,6465.4,0.402377,0.994773,0.0513313,0.446145,1.17267,0.0405635,8382.51,4255.11,0.149933,0.299383,0.294797,0.180953,0.0343698,0.304769,0.334341,0.320326,0.0108196,0.0931258,0.383713,0.872312,0.996243,609.012
W1,V3,29,8,20,5730.14,1.00736,0.25,0.287148,0.998764,0.342359,1.19485,0.152721,6315.18,0.360886,1.00606,0.0806434,0.359941,1.09015,0.104417,8390.99,3321.06,0.238078,0.315117,0.218494,0.0981763,0.0257173,0.289122,0.30208,0.304381,0.0124746,0.0582585,0.229482,0.667496,0.955393,609.012
W1,V3,29,9,19.5,5730.14,1.00736,0.25,0.284463,1.01775,0.269269,1.12258,0.255302,7312.05,0.300035,1.03092,0.161763,0.284887,1.07834,0.204543,8566.35,4016.76,0.211983,0.212111,0.182758,0.12804,0.0605643,0.240477,0.261996,0.292984,0.0621241,0.104865,0.166327,0.26352,0.415752,609.012
W1,V3,29,10,17.5,5730.14,1.00736,0.4,0.391116,1.00412,0.423214,1.01314,0.202774,8449.86,0.412353,1.00523,0.223812,0.419619,1.01049,0.208909,8389.32,5719.89,0.144901,0.152901,0.15946,0.165137,0.168692,0.257702,0.263115,0.270274,0.0125122,0.0156831,0.0195717,0.0253734,0.0355145,609.012
W1,V3,29,11,15,5730.14,1.00736,0.25,0.31894,0.981221,0.40976,1.0265,0.0461192,8594.06,0.377482,0.992862,0.108943,0.403257,1.01768,0.0549687,8682.94,6568.61,0.0899188,0.155206,0.220037,0.259773,0.220097,0.271085,0.309282,0.364664,0.00451702,0.00939676,0.0188413,0.0403411,0.0939935,609.012
W1,V3,29,12,12.5,5730.14,1.00736,0.25,0.281615,0.851312,0.331512,1.05109,0.0191504,7592.58,0.337737,0.934286,0.0480523,0.33813,1.02306,0.0201693,8963.47,5656.74,0.0799132,0.201364,0.315308,0.284063,0.0991823,0.246338,0.312731,0.420762,0.000359644,0.00343552,0.01967,0.0879339,0.306416,609.012
W1,V3,30,4,12.5,7344.28,1.03898,0.1,0.11259,0.308472,0.257688,1.14183,0.0560727,9040.14,0.258433,0.407746,0.088138,0.257334,0.874761,0.0595199,9259.86,5907.42,0.123157,0.200246,0.198778,0.239571,0.178728,0.201369,0.291867,0.447244,2.92159e-15,7.06783e-09,0.00036691,0.201907,0.825451,3174.07
W1,V3,30,5,15,7344.28,1.03898,0.1,0.109222,0.5076,0.217848,1.2315,0.0398496,8431.43,0.219101,0.570205,0.0575053,0.226285,1.00813,0.0424871,9202.5,5779.78,0.13927,0.152568,0.238202,0.291972,0.1355,0.212019,0.298627,0.446868,3.93551e-13,6.22305e-07,0.00638928,0.54456,0.903083,3174.07
W1,V3,30,6,17.5,7344.28,1.03898,0.1,0.128752,0.59883,0.312802,1.26531,0.0352651,8547.18,0.366451,0.603195,0.0868115,0.331363,1.10541,0.0404363,9325.56,6296.6,0.0850716,0.132685,0.292101,0.286677,0.163029,0.196445,0.297794,0.465325,1.87399e-11,3.31331e-06,0.00748593,0.543188,0.953014,3174.07
W1,V3,30,7,19.5,7344.28,1.03898,0.25,0.218176,0.599981,0.29854,1.011,0.272478,6738.51,0.38937,0.609801,0.171419,0.339413,0.850058,0.21812,8793.91,3828.41,0.210863,0.180967,0.233817,0.125737,0.0304967,0.210447,0.258411,0.313022,1.1341e-10,8.41123e-07,0.00041194,0.0507762,0.571813,3174.07
W1,V3,30,8,20,7344.28,1.03898,0.25,0.275641,0.599735,0.360895,0.653101,0.835212,5681,0.358323,0.600777,0.347771,0.363016,0.612039,0.599868,7892.71,1603.11,0.225005,0.115032,0.0450564,0.0129662,0.00207205,0.156951,0.1362,0.106981,1.13548e-11,2.66415e-09,3.35826e-07,2.72041e-05,0.000900875,3174.07
W1,V3,30,9,19.5,7344.28,1.03898,0.25,0.292096,0.600044,0.317704,0.608412,0.163555,7980.44,0.320867,0.600552,0.168566,0.319731,0.605415,0.158973,8485.19,5257.88,0.156824,0.183314,0.191339,0.176892,0.132659,0.261781,0.280896,0.29835,5.46066e-10,2.70835e-09,1.30268e-08,7.86278e-08,6.86285e-07,3174.07
W1,V3,30,10,17.5,7344.28,1.03898,0.4,0.31129,0.598025,0.323435,0.599276,0.163475,8731,0.31998,0.598359,0.2181,0.322318,0.59903,0.17892,8443.82,6199.77,0.128288,0.144483,0.160995,0.18086,0.206453,0.26147,0.272403,0.287206,4.71209e-13,8.61284e-13,1.58e-12,3.28101e-12,8.73717e-12,3174.07
W1,V3,30,11,15,7344.28,1.03898,0.4,0.3291,0.599563,0.358849,0.609527,0.285693,7658.05,0.364801,0.599895,0.21946,0.362864,0.605391,0.253637,8395.35,4575.68,0.180419,0.178907,0.163222,0.133506,0.0903079,0.240918,0.250988,0.254457,1.07697e-10,4.85335e-10,2.18363e-09,1.25858e-08,1.07852e-07,3174.07
W1,V3,30,12,12.5,7344.28,1.03898,0.25,0.256995,0.593087,0.374292,0.618314,0.508099,6064.11,0.345878,0.595872,0.238629,0.365642,0.604825,0.36563,8041.44,2741.73,0.233316,0.207681,0.126815,0.0531754,0.0133825,0.2359,0.214972,0.183498,3.11159e-13,2.60945e-11,1.81662e-09,1.71122e-07,1.88725e-05,3174.07
W1,V3,31,4,12.5,10429.7,1.04782,0.1,0.283984,0.476565,0.33122,1.20945,0.0901792,7210.7,0.326923,0.592726,0.0740595,0.343542,0.951099,0.0774426,8761.77,4502.79,0.193648,0.213169,0.228769,0.241584,0.0453868,0.252452,0.305071,0.365034,9.10004e-13,4.29904e-06,0.0342215,0.681524,0.995236,3877.44
W1,V3,31,5,15,10429.7,1.04782,0.7,0.360829,0.493852,0.380816,1.15847,0.103117,6970.76,0.358695,0.59898,0.0808258,0.384055,0.9262,0.0890508,8409.14,4404.93,0.202542,0.213357,0.230563,0.211847,0.0526403,0.294157,0.302998,0.313795,1.10679e-12,2.8107e-06,0.0158714,0.57234,0.997124,3877.44
W1,V3,31,6,17.5,10429.7,1.04782,0.1,0.282326,0.586265,0.378599,1.21556,0.010549,8119.75,0.399445,0.60202,0.0460239,0.386807,1.13064,0.013923,8427.05,7016.8,0.0577189,0.101002,0.260886,0.358868,0.207603,0.315379,0.328888,0.341809,7.0634e-11,9.91097e-06,0.0113109,0.425905,0.991477,3877.44
W1,V3,31,7,19.5,10429.7,1.04782,0.4,0.397815,0.599816,0.37789,0.962358,0.431399,6088.62,0.478362,0.60682,0.14295,0.444935,0.744739,0.267567,8244.95,2451.26,0.320837,0.199468,0.140701,0.0659769,0.0054496,0.252561,0.245599,0.234272,6.83178e-10,3.35001e-06,0.00113461,0.0440925,0.48969,3877.44
W1,V3,31,8,20,10429.7,1.04782,0.25,0.348159,0.628501,0.316427,0.954863,0.315035,6323.01,0.403668,0.681717,0.162904,0.357234,0.83536,0.234271,8324.5,3260.16,0.240764,0.22084,0.186967,0.0991063,0.0180509,0.255741,0.256062,0.253926,1.21713e-06,6.11791e-05,0.00105519,0.0102483,0.0550518,3877.44
W1,V3,31,9,19.5,10429.7,1.04782,0.7,0.54182,0.672367,0.503271,0.884566,0.0328258,9149.9,0.569705,0.690055,0.106765,0.513993,0.847646,0.042666,8507.34,7546.9,0.0713921,0.119125,0.178526,0.256257,0.332034,0.295345,0.319056,0.342933,1.2049e-05,4.67774e-05,0.000165132,0.000618123,0.00240463,3877.44
W1,V3,31,10,17.5,10429.7,1.04782,0.7,0.55863,0.722377,0.525352,0.793446,0.22107,8397.28,0.556776,0.734237,0.231075,0.53632,0.773138,0.223935,8369.99,5606.04,0.149033,0.152739,0.155675,0.158245,0.160372,0.254783,0.25841,0.262872,3.15404e-05,5.30938e-05,8.76899e-05,0.000155776,0.000319189,3877.44
W1,V3,31,11,15,10429.7,1.04782,0.7,0.548183,0.759626,0.484869,0.933104,0.117984,8023.79,0.540622,0.807646,0.16794,0.499635,0.902115,0.126119,8384.93,5799.32,0.124972,0.171591,0.205956,0.211798,0.159564,0.284904,0.291201,0.297775,2.21617e-06,9.53993e-06,3.67972e-05,0.000155945,0.000751784,3877.44
W1,V3,31,12,12.5,10429.7,1.04782,0.4,0.457829,0.653653,0.345462,0.96109,0.411643,5914.15,0.437019,0.748626,0.200556,0.383348,0.869425,0.29056,8248.73,2866.74,0.231642,0.236915,0.170838,0.0633088,0.00673585,0.244891,0.236766,0.227783,1.7988e-07,1.3701e-05,0.000390332,0.00574957,0.0377725,3877.44
W2,V1,16,4,12.5,7937.1,1.00264,0.1,0.274189,0.297661,0.423032,0.998372,0.185702,8745.76,0.440857,0.303368,0.272561,0.423207,0.830689,0.215783,8291.51,6742.12,0.115181,0.0949216,0.158313,0.1828,0.233001,0.261861,0.268809,0.253547,6.80505e-22,9.73771e-14,2.12017e-07,0.0116153,0.686424,7937.1
W2,V1,16,5,15,7937.1,1.00264,0.4,0.276712,0.294426,0.428417,0.841216,0.20816,7948.99,0.477232,0.302348,0.235981,0.444311,0.690769,0.220492,8057.58,5891.06,0.142774,0.10878,0.19009,0.171158,0.166705,0.285712,0.268291,0.225505,1.20584e-22,9.18084e-15,1.2071e-08,0.00122478,0.390433,7937.1
W2,V1,16,6,17.5,7937.1,1.00264,0.25,0.308976,0.300406,0.372058,0.636141,0.406524,6493.17,0.470938,0.318204,0.266854,0.402512,0.51806,0.343683,8146.3,3703.57,0.188845,0.160292,0.184236,0.0916296,0.0313139,0.234078,0.222676,0.199563,2.11523e-22,8.4496e-16,2.26882e-10,1.76622e-05,0.0264231,7937.1
W2,V1,16,7,19.5,7937.1,1.00264,0.4,0.435109,0.301818,0.434385,0.622361,0.0789252,7883.06,0.556506,0.314892,0.150731,0.456846,0.563361,0.0913225,8307.11,6234.61,0.102908,0.129748,0.238003,0.276337,0.16168,0.305279,0.304674,0.298725,4.48792e-22,2.53017e-17,4.22791e-13,1.17566e-08,0.000183124,7937.1
W2,V1,16,8,20,7937.1,1.00264,0.4,0.424993,0.367635,0.459893,0.601895,0.019817,8386.73,0.460744,0.43299,0.10465,0.45703,0.588542,0.0256251,8509.21,7319.4,0.0438478,0.107332,0.234629,0.343108,0.245458,0.299083,0.326937,0.348354,1.08145e-17,2.18822e-15,3.50074e-13,1.32249e-10,1.50271e-07,7937.1
W2,V1,16,9,19.5,7937.1,1.00264,0.4,0.475052,0.599305,0.555075,0.609979,0.0403359,8968.5,0.535214,0.600168,0.113937,0.551727,0.607667,0.0506064,8534.05,7236,0.0787109,0.130147,0.189397,0.254053,0.297086,0.288703,0.317406,0.343284,1.41964e-11,6.1598e-11,2.71005e-10,1.57516e-09,1.48008e-08,7937.1
W2,V1,16,10,17.5,7937.1,1.00264,0.7,0.522317,0.602986,0.543618,0.6086,0.19028,8579.36,0.533065,0.60351,0.230963,0.540583,0.60695,0.202049,8393.21,5981.7,0.134552,0.146668,0.158343,0.171483,0.186905,0.25947,0.265438,0.273043,1.57019e-11,2.96345e-11,5.58458e-11,1.18998e-10,3.24365e-10,7937.1
W2,V1,16,11,15,7937.1,1.00264,0.55,0.452898,0.600149,0.551098,0.608005,0.083951,7908.57,0.515862,0.600579,0.133976,0.545384,0.605551,0.0899314,8346.88,5938.54,0.116264,0.176024,0.219877,0.227452,0.170452,0.300604,0.305089,0.304375,6.62388e-13,4.24636e-12,2.7863e-11,2.59765e-10,4.35403e-09,7937.1
W2,V1,16,12,12.5,7937.1,1.00264,0.7,0.503365,0.44189,0.56929,0.605874,0.0297889,6885.87,0.514394,0.560335,0.141079,0.569468,0.602897,0.0374037,7391.15,6679.69,0.0455445,0.136549,0.275717,0.336887,0.1679,0.456018,0.311083,0.195495,1.60651e-15,1.3744e-13,9.41917e-12,1.24865e-09,4.27978e-07,7937.1
W2,V1,17,4,12.5,8103.05,1.04776,0.1,0.157385,0.29209,0.39686,0.861941,0.0579984,9113.33,0.37767,0.299405,0.0705872,0.390606,0.655665,0.0643874,8632.86,6238.68,0.169556,0.146414,0.164455,0.203393,0.251794,0.262261,0.328627,0.344724,2.36766e-24,3.01231e-16,1.75176e-09,0.000453314,0.303153,8103.05
W2,V1,17,5,15,8103.05,1.04776,0.1,0.152491,0.288032,0.367891,0.671316,0.0509069,8682.13,0.33487,0.299004,0.0473242,0.364447,0.499734,0.0481105,8724,5344.51,0.193701,0.218841,0.156031,0.209919,0.173398,0.25908,0.326207,0.366602,3.3118e-26,1.48327e-18,8.74195e-12,2.99679e-06,0.0276327,8103.05
W2,V1,17,6,17.5,8103.05,1.04776,0.25,0.195998,0.299275,0.38595,0.782919,0.00641808,9867.26,0.443763,0.300251,0.0475622,0.376563,0.719376,0.00998997,8717.34,8816.84,0.04001,0.0529655,0.130532,0.313586,0.452917,0.272113,0.33627,0.381627,2.84234e-24,6.4016e-18,1.68576e-12,3.37232e-07,0.0105097,8103.05
W2,V1,17,7,19.5,8103.05,1.04776,0.25,0.212486,0.309069,0.27412,0.729447,0.0161736,8782.3,0.385564,0.34218,0.0722745,0.289555,0.668967,0.0218088,8777.07,7361.95,0.0559882,0.0984618,0.21928,0.348672,0.255789,0.266744,0.321358,0.390089,2.55744e-18,7.79305e-14,6.50622e-10,5.92988e-06,0.0150292,8103.05
W2,V1,17,8,20,8103.05,1.04776,0.25,0.277503,0.596673,0.364963,0.69041,0.271956,6990.86,0.396502,0.598246,0.135072,0.391098,0.637167,0.18989,8761.57,3522.9,0.24319,0.236233,0.180605,0.110163,0.0399192,0.22319,0.26529,0.321631,4.48904e-13,1.23656e-10,1.91788e-08,2.46748e-06,0.000186582,8103.05
W2,V1,17,9,19.5,8103.05,1.04776,0.25,0.357,0.604774,0.448308,0.636671,0.051196,8942,0.43558,0.604821,0.0991829,0.444537,0.627923,0.0594295,8812.13,6576.55,0.107952,0.15474,0.198868,0.2359,0.24311,0.25285,0.307117,0.380603,1.72441e-11,9.94946e-11,5.41672e-10,3.66238e-09,3.55406e-08,8103.05
W2,V1,17,10,17.5,8103.05,1.04776,0.4,0.481118,0.690803,0.477911,0.751431,0.279699,8203.72,0.493137,0.696498,0.258456,0.483443,0.73164,0.271965,8316.35,5274.68,0.156061,0.151112,0.146376,0.140836,0.13365,0.244244,0.24303,0.240761,2.96767e-08,5.02602e-08,8.38894e-08,1.52123e-07,3.2568e-07,8103.05
W2,V1,17,11,15,8103.05,1.04776,0.55,0.426372,0.640131,0.395234,0.901846,0.0814537,8661.99,0.465975,0.668576,0.141353,0.410957,0.844894,0.0935053,8511.8,6503.6,0.113599,0.146512,0.185977,0.23139,0.229016,0.279284,0.301761,0.325449,4.57307e-09,2.94768e-08,1.67281e-07,1.13666e-06,1.20841e-05,8103.05
W2,V1,17,12,12.5,8103.05,1.04776,0.4,0.363517,0.599099,0.45096,0.903203,0.017913,8927.64,0.491415,0.602612,0.0692206,0.457793,0.85193,0.0231174,8443.32,7586.04,0.0621699,0.117678,0.178309,0.299945,0.318781,0.307967,0.329671,0.339244,2.26988e-11,4.53193e-09,5.68559e-07,5.11182e-05,0.0031641,8103.05
W2,V1,18,4,12.5,7586.95,1.03136,0.1,0.286991,0.280296,0.376772,0.856406,0.118828,8919.03,0.368578,0.298669,0.141483,0.376676,0.659841,0.130348,8514.21,6189.86,0.15819,0.133631,0.162354,0.187137,0.22834,0.267129,0.290381,0.312142,1.7304e-25,2.27353e-17,2.99058e-10,0.000381367,0.341409,7586.95
W2,V1,18,5,15,7586.95,1.03136,0.1,0.278025,0.297994,0.372842,0.911186,0.0682712,9155.78,0.41522,0.300926,0.155498,0.378999,0.776195,0.0891739,8539.57,7345.34,0.0968596,0.0873947,0.192214,0.22538,0.308978,0.275909,0.305123,0.329794,4.28917e-26,8.77131e-18,1.00515e-10,0.000221694,0.317144,7586.95
W2,V1,18,6,17.5,7586.95,1.03136,0.1,0.197495,0.298916,0.266537,0.67918,0.153236,7786.66,0.340458,0.302152,0.132168,0.298766,0.537584,0.145107,8666.41,4899.84,0.190558,0.158579,0.214354,0.19405,0.0973517,0.246054,0.281869,0.326969,1.48735e-27,4.47641e-20,2.45519e-13,9.69806e-07,0.0393014,7586.95
W2,V1,18,7,19.5,7586.95,1.03136,0.1,0.196711,0.33309,0.231437,0.720546,0.0167158,7763.23,0.27175,0.465288,0.0651671,0.240577,0.669969,0.0195797,8770.7,6112.44,0.0561747,0.181014,0.321018,0.282859,0.139355,0.269854,0.319274,0.391292,2.08028e-22,1.80693e-17,1.32523e-12,2.03675e-07,0.0043294,7586.95
W2,V1,18,8,20,7586.95,1.03136,0.1,0.211185,0.589518,0.296383,0.682783,0.0134254,9024.99,0.341955,0.594127,0.0502942,0.305212,0.656856,0.0173208,8857.59,7157.97,0.0654138,0.140073,0.214686,0.284924,0.277582,0.259285,0.318245,0.405148,6.57176e-17,2.05398e-14,6.4745e-12,3.83994e-09,4.19284e-06,7586.95
W2,V1,18,9,19.5,7586.95,1.03136,0.1,0.250653,0.598786,0.291251,0.600539,0.52766,6666.14,0.263999,0.599181,0.251424,0.275997,0.599752,0.386195,8320.52,2985,0.229966,0.17712,0.119249,0.0641174,0.0233522,0.205586,0.204847,0.203373,7.31516e-17,1.09304e-15,1.64323e-14,3.88464e-13,1.86348e-11,7586.95
W2,V1,18,10,17.5,7586.95,1.03136,0.55,0.553952,0.593754,0.566059,0.594771,0.374844,7753.41,0.562316,0.594049,0.296159,0.564779,0.594505,0.345393,8129.9,4728.64,0.16417,0.147646,0.132287,0.115299,0.0952048,0.236414,0.219625,0.198568,1.95147e-14,3.70708e-14,7.01751e-14,1.50119e-13,4.09531e-13,7586.95
W2,V1,18,11,15,7586.95,1.03136,0.4,0.406436,0.593426,0.499218,0.597856,0.238834,7412.64,0.478466,0.592118,0.183662,0.494732,0.59581,0.20817,8440.64,4433.97,0.185054,0.199214,0.186272,0.143481,0.0778089,0.250483,0.266258,0.275089,3.48367e-15,2.10517e-14,1.34459e-13,1.28791e-12,2.47585e-11,7586.95
W2,V1,18,12,12.5,7586.95,1.03136,0.25,0.279172,0.579232,0.489142,0.651205,0.00120741,9540.09,0.45288,0.58673,0.00728244,0.490045,0.62436,0.00137263,10115.3,6813.88,0.0374225,0.148552,0.291196,0.320078,0.201379,0.122,0.25703,0.619598,1.38266e-14,1.0955e-12,1.22732e-10,3.36053e-08,1.67362e-05,7586.95
W2,V1,19,4,12.5,5462.01,1.02641,0.1,0.329694,0.303953,0.355175,1.16783,0.0720469,8629.3,0.335643,0.493284,0.173008,0.353672,0.955591,0.0790669,8893.82,6178.77,0.075589,0.217858,0.186414,0.269836,0.171236,0.232928,0.307521,0.380484,1.44661e-18,7.29246e-11,0.000117643,0.245788,0.985536,5462.01
W2,V1,19,5,15,5462.01,1.02641,0.4,0.486279,0.301019,0.392877,0.945962,0.344819,7370.35,0.417912,0.441084,0.453196,0.38352,0.794239,0.340983,8258.73,5102.42,0.0822827,0.196753,0.158155,0.145499,0.0763275,0.22859,0.216357,0.21407,1.65649e-19,4.26849e-12,6.4553e-06,0.0568685,0.895947,5462.01
W2,V1,19,6,17.5,5462.01,1.02641,0.7,0.585316,0.322496,0.403939,0.852998,0.312995,6633.12,0.357083,0.582815,0.248406,0.38655,0.716411,0.248155,8509.39,3840.54,0.150167,0.280631,0.168361,0.122028,0.0306565,0.237537,0.240411,0.273897,1.15662e-17,1.21994e-11,2.02879e-06,0.012251,0.565733,5462.01
W2,V1,19,7,19.5,5462.01,1.02641,0.7,0.455995,0.440955,0.453701,0.683209,0.0956001,6174.69,0.36421,0.594278,0.106196,0.419839,0.645161,0.0834457,8231.94,4015.15,0.140465,0.32962,0.281673,0.132468,0.0323283,0.322666,0.298742,0.295147,5.93467e-18,1.43659e-13,2.28438e-09,2.01656e-05,0.0106363,5462.01
W2,V1,19,8,20,5462.01,1.02641,0.1,0.313855,0.593689,0.435502,0.611419,0.557709,5554.91,0.35061,0.599735,0.244412,0.381218,0.603789,0.392129,7792.36,2320.58,0.242449,0.215511,0.114026,0.0322279,0.00365716,0.2504,0.201227,0.156245,9.3277e-17,3.73216e-14,1.39204e-11,8.46075e-09,4.52967e-06,5462.01
W2,V1,19,9,19.5,5462.01,1.02641,0.1,0.331989,0.600156,0.396529,0.61349,0.172497,7453.16,0.373227,0.600595,0.163084,0.390186,0.607827,0.160084,8399.95,4814.57,0.164304,0.203389,0.207515,0.169677,0.0950309,0.2722,0.279583,0.288132,4.90886e-15,6.46562e-14,8.82764e-13,1.94107e-11,9.11212e-10,5462.01
W2,V1,19,10,17.5,5462.01,1.02641,0.25,0.294578,0.601198,0.301245,0.604171,0.273753,8122.36,0.301101,0.601527,0.242413,0.301312,0.603129,0.261493,8346.38,5118.93,0.163443,0.157951,0.150937,0.140828,0.125348,0.244802,0.246153,0.247553,1.00145e-12,2.01684e-12,4.07912e-12,9.53585e-12,2.97843e-11,5462.01
W2,V1,19,11,15,5462.01,1.02641,0.4,0.320022,0.600216,0.34532,0.600458,0.058466,8072.77,0.34509,0.600211,0.0928281,0.346199,0.600376,0.0623893,8579.51,5824.86,0.121941,0.186846,0.231406,0.232926,0.164492,0.280972,0.310071,0.346568,9.47427e-13,5.84297e-12,3.74397e-11,3.28528e-10,4.36702e-09,5462.01
W2,V1,19,12,12.5,5462.01,1.02641,0.25,0.279974,0.599561,0.366786,0.607215,0.0302637,6501.56,0.367425,0.599907,0.0271849,0.374583,0.603728,0.0242049,8650.65,4091.42,0.173235,0.30342,0.301048,0.162126,0.0359659,0.279599,0.327771,0.368425,1.24819e-13,1.93753e-11,2.20309e-09,2.45665e-07,1.38208e-05,5462.01
W2,V1,20,4,12.5,7427.93,1.03886,0.1,0.118792,0.285774,0.325101,0.87668,0.0664378,9653.5,0.318029,0.291153,0.102606,0.312189,0.658,0.0801001,9143.15,6562.56,0.140112,0.13869,0.168805,0.205342,0.266951,0.208215,0.292627,0.419057,2.90249e-21,2.70403e-14,1.59585e-08,0.000959241,0.305423,7427.93
W2,V1,20,5,15,7427.93,1.03886,0.1,0.108493,0.290144,0.242273,0.692238,0.104976,9142.27,0.253978,0.294005,0.111523,0.244424,0.514425,0.10688,9049.72,5664.39,0.170297,0.177873,0.163373,0.195373,0.186204,0.215449,0.281701,0.395969,3.06056e-23,1.67361e-16,1.24642e-10,1.85309e-05,0.0542167,7427.93
W2,V1,20,6,17.5,7427.93,1.03886,0.1,0.10614,0.297569,0.219371,0.565866,0.280874,7943.59,0.223012,0.2984,0.1638,0.227192,0.423138,0.223875,8775.23,4143.9,0.228576,0.186139,0.153058,0.128671,0.0796818,0.21291,0.253114,0.310101,1.80704e-21,4.36615e-16,2.57588e-11,8.50218e-07,0.00416815,7427.93
W2,V1,20,7,19.5,7427.93,1.03886,0.1,0.183626,0.300483,0.253544,0.590438,0.0275006,9356.42,0.329416,0.303646,0.0992604,0.260813,0.541642,0.038069,8902.43,7629.81,0.0690915,0.095065,0.171656,0.317503,0.308615,0.248148,0.310654,0.403129,2.45146e-22,2.75086e-18,1.30857e-14,1.07105e-10,1.87353e-06,7427.93
W2,V1,20,8,20,7427.93,1.03886,0.25,0.248996,0.345929,0.228117,0.580415,0.0644961,8344.98,0.294234,0.384891,0.168411,0.238084,0.551578,0.0799741,8359.37,6845.33,0.0789799,0.126671,0.209305,0.28154,0.22353,0.302283,0.308373,0.30937,3.88783e-19,4.28936e-17,3.32972e-15,4.91832e-13,2.36644e-10,7427.93
W2,V1,20,9,19.5,7427.93,1.03886,0.25,0.245687,0.483551,0.262112,0.584336,0.120162,8282.39,0.265193,0.518665,0.178535,0.261815,0.570006,0.131543,8418.53,6034.67,0.121049,0.159784,0.194621,0.211939,0.181065,0.27909,0.289182,0.300186,4.36415e-17,2.51134e-16,1.50693e-15,1.4057e-14,3.11193e-13,7427.93
W2,V1,20,10,17.5,7427.93,1.03886,0.4,0.300409,0.582889,0.322568,0.587911,0.233976,8373.56,0.316156,0.582978,0.236556,0.32044,0.586275,0.234443,8392.71,5508,0.151325,0.153305,0.154341,0.154329,0.152258,0.249043,0.254572,0.261942,7.02484e-14,1.29062e-13,2.36971e-13,4.90274e-13,1.28863e-12,7427.93
W2,V1,20,11,15,7427.93,1.03886,0.4,0.337827,0.591647,0.397651,0.596534,0.341095,7283.6,0.390709,0.591323,0.221187,0.397683,0.594312,0.28401,8312.33,4053.71,0.200004,0.184908,0.154774,0.112344,0.0639603,0.239397,0.241139,0.235453,1.38259e-13,9.21961e-13,6.04243e-12,5.36717e-11,7.97605e-10,7427.93
W2,V1,20,12,12.5,7427.93,1.03886,0.25,0.302824,0.514196,0.410543,0.604411,0.00301363,9161.19,0.40508,0.546699,0.0230132,0.410078,0.59891,0.00410899,9116.1,7555.73,0.034888,0.110389,0.232275,0.333185,0.285154,0.225651,0.323124,0.447116,1.71474e-16,9.73782e-15,6.06106e-13,8.4405e-11,3.5031e-08,7427.93
W2,V1,21,4,12.5,6247.9,1.02203,0.1,0.219642,0.298068,0.375935,1.01305,0.0788341,9128.65,0.373801,0.311312,0.118335,0.370887,0.79593,0.091376,8771.12,6440.44,0.136162,0.14131,0.174176,0.213983,0.242994,0.245264,0.304247,0.359113,2.62868e-17,8.3424e-11,8.79694e-06,0.0318861,0.617627,6247.9
W2,V1,21,5,15,6247.9,1.02203,0.25,0.279532,0.293701,0.41456,0.748725,0.390322,7408.64,0.445478,0.30608,0.287152,0.425899,0.571219,0.358151,7974.92,4472.28,0.17782,0.133994,0.138763,0.113383,0.0778891,0.246203,0.215019,0.180627,5.73244e-20,3.98227e-13,1.47503e-07,0.00303009,0.301676,6247.9
W2,V1,21,6,17.5,6247.9,1.02203,0.25,0.286903,0.30123,0.385324,0.809602,0.0357179,9152.91,0.45728,0.314371,0.108312,0.39838,0.698773,0.045644,9150.1,7017.02,0.075154,0.114277,0.250873,0.252985,0.261067,0.213348,0.306596,0.434412,3.31655e-19,7.47872e-14,2.80946e-09,7.9706e-05,0.0684979,6247.9
W2,V1,21,7,19.5,6247.9,1.02203,0.4,0.321639,0.310098,0.44725,0.631898,0.0929067,7217.21,0.504496,0.355023,0.129773,0.468777,0.570056,0.0941572,8468.48,5141.85,0.126279,0.198197,0.285695,0.203578,0.0920928,0.276321,0.316189,0.313333,8.51132e-19,8.32213e-15,3.95387e-11,3.59612e-07,0.00117409,6247.9
W2,V1,21,8,20,6247.9,1.02203,0.25,0.274877,0.532505,0.387759,0.599594,0.306676,6066.73,0.377045,0.560729,0.265728,0.38885,0.588666,0.291076,7391.13,3917.21,0.160863,0.214235,0.189866,0.108859,0.0351012,0.330447,0.238552,0.139924,1.10422e-14,8.45669e-13,6.73896e-11,9.75202e-09,2.21642e-06,6247.9
W2,V1,21,9,19.5,6247.9,1.02203,0.4,0.318679,0.578748,0.36353,0.595332,0.0570253,8977.49,0.359417,0.582446,0.108982,0.362222,0.592415,0.067094,8808.14,6537.18,0.10971,0.155043,0.197156,0.231694,0.239303,0.252637,0.30231,0.377958,9.11187e-14,5.4199e-13,3.24254e-12,2.68212e-11,3.88347e-10,6247.9
W2,V1,21,10,17.5,6247.9,1.02203,0.4,0.387275,0.594344,0.408972,0.597005,0.289397,8106.29,0.399928,0.595231,0.262281,0.405836,0.596407,0.27925,8282.86,5185.26,0.15709,0.152311,0.146541,0.138477,0.126332,0.245189,0.240701,0.23486,6.88673e-14,1.26984e-13,2.34646e-13,4.91057e-13,1.31783e-12,6247.9
W2,V1,21,11,15,6247.9,1.02203,0.4,0.353305,0.488607,0.39833,0.577282,0.206284,7525.84,0.394366,0.523812,0.22859,0.397235,0.564084,0.207258,7979.66,5422.19,0.139884,0.165592,0.180559,0.174715,0.131992,0.30232,0.267713,0.222709,1.55411e-16,1.02274e-15,6.80858e-15,6.70278e-14,1.37103e-12,6247.9
W2,V1,21,12,12.5,6247.9,1.02203,0.25,0.25274,0.59931,0.340794,0.607894,0.66648,6232.88,0.319607,0.597696,0.263616,0.332577,0.600548,0.447456,8367.24,2266.37,0.249985,0.169639,0.0897359,0.0346801,0.00850436,0.182142,0.183066,0.187335,1.05096e-14,2.18203e-12,2.79745e-10,3.44561e-08,2.95343e-06,6247.9
W2,V1,22,4,12.5,8112.27,1.05373,0.1,0.338593,0.296483,0.293414,0.975853,0.118577,9337.66,0.289082,0.311974,0.176409,0.291139,0.754511,0.138059,8933.2,6476.4,0.12891,0.133659,0.162861,0.201078,0.235434,0.221711,0.272855,0.367375,1.10545e-14,8.18016e-09,9.71828e-05,0.0370702,0.50339,8112.27
W2,V1,22,5,15,8112.27,1.05373,0.1,0.155686,0.298711,0.297743,0.866787,0.065355,9519.29,0.29571,0.305377,0.104725,0.29217,0.672008,0.0780451,9164.11,6529.58,0.133439,0.139688,0.17617,0.220499,0.25216,0.20807,0.28952,0.424366,7.91879e-16,1.83418e-10,2.2729e-06,0.00419568,0.238193,8112.27
W2,V1,22,6,17.5,8112.27,1.05373,0.1,0.178832,0.318882,0.304942,0.833864,0.0364641,8814.21,0.335762,0.383057,0.0789424,0.313034,0.708497,0.0414363,9136.36,6302.64,0.0966912,0.166836,0.249433,0.242505,0.203099,0.218878,0.303209,0.436477,6.1966e-16,3.56194e-11,4.39529e-07,0.00147801,0.137172,8112.27
W2,V1,22,7,19.5,8112.27,1.05373,0.4,0.319522,0.389932,0.441544,0.724967,0.010538,8287.71,0.46644,0.490594,0.0438302,0.451394,0.680574,0.01256,8790.86,6665.95,0.0548,0.158858,0.277564,0.289341,0.206877,0.261841,0.333986,0.391613,5.84605e-14,7.73831e-11,4.34561e-08,2.56791e-05,0.00816112,8112.27
W2,V1,22,8,20,8112.27,1.05373,0.25,0.358551,0.598494,0.502503,0.800514,0.00296289,9698.65,0.498655,0.600616,0.0253288,0.498271,0.755053,0.00419482,9055.79,8177.34,0.0322839,0.0967274,0.189338,0.293735,0.383721,0.234175,0.32316,0.43847,4.32393e-10,1.37603e-08,3.88815e-07,1.34603e-05,0.000494871,8112.27
W2,V1,22,9,19.5,8112.27,1.05373,0.4,0.397308,0.627364,0.437008,0.771929,0.080874,8689.22,0.447944,0.635622,0.140826,0.439992,0.73638,0.0918687,8466.64,6555.22,0.112098,0.150236,0.185282,0.218797,0.241718,0.284373,0.304536,0.319222,1.27982e-07,4.53788e-07,1.53576e-06,5.99461e-06,2.95611e-05,8112.27
W2,V1,22,10,17.5,8112.27,1.05373,0.55,0.478481,0.71283,0.472052,0.798211,0.295067,8109.83,0.488226,0.724481,0.268019,0.478043,0.77187,0.285567,8229.57,5230.42,0.155981,0.149114,0.143047,0.136682,0.12961,0.24814,0.239185,0.227108,6.54282e-07,1.0983e-06,1.81215e-06,3.22823e-06,6.70243e-06,8112.27
W2,V1,22,11,15,8112.27,1.05373,0.25,0.323326,0.624905,0.35159,0.718608,0.0679153,8850.86,0.359126,0.632752,0.141354,0.352491,0.697702,0.0809893,8568.27,6785.58,0.0983933,0.142864,0.188583,0.233527,0.255644,0.2763,0.304925,0.337786,1.01275e-07,3.66253e-07,1.2627e-06,5.10229e-06,2.71725e-05,8112.27
W2,V1,22,12,12.5,8112.27,1.05373,0.4,0.38673,0.587541,0.407205,0.734199,0.0238736,8478.93,0.456292,0.596556,0.0653088,0.421423,0.691787,0.0276854,8896.21,6432.48,0.079246,0.16909,0.248938,0.278376,0.196664,0.252168,0.313172,0.406975,5.25085e-11,3.7539e-09,2.2057e-07,1.57559e-05,0.00101996,8112.27
W2,V1,23,4,12.5,10546.7,1.05609,0.1,0.16099,0.242745,0.33052,0.795769,0.0686481,9397.27,0.325479,0.269967,0.110623,0.32333,0.607674,0.0815065,8972.37,6538.25,0.131057,0.143652,0.179382,0.205879,0.258522,0.22485,0.301728,0.391916,1.49887e-21,3.56722e-14,3.21469e-08,0.00149825,0.254092,10546.7
W2,V1,23,5,15,10546.7,1.05609,0.1,0.207419,0.20673,0.3328,0.657423,0.0437892,9421.36,0.323287,0.26463,0.0964006,0.323985,0.525428,0.0541336,8969.52,6843.56,0.101483,0.15281,0.190113,0.219257,0.282204,0.234208,0.306742,0.404916,3.63631e-22,2.28229e-15,1.2511e-09,7.55668e-05,0.0557154,10546.7
W2,V1,23,6,17.5,10546.7,1.05609,0.25,0.370402,0.250751,0.485101,0.617875,0.0348155,9142.61,0.503175,0.295987,0.099932,0.484039,0.539566,0.0450859,8498.09,7317.99,0.0812161,0.13661,0.177439,0.239115,0.320534,0.286793,0.334118,0.334003,2.53604e-19,4.07926e-14,1.30376e-09,1.3953e-05,0.0128126,10546.7
W2,V1,23,7,19.5,10546.7,1.05609,0.4,0.427553,0.312161,0.545478,0.738507,0.00179609,10546.9,0.596143,0.339536,0.0404902,0.526888,0.702599,0.00310374,8946.44,9782.93,0.0147101,0.0329735,0.0912939,0.27034,0.587579,0.239746,0.341464,0.415686,4.63705e-14,1.02554e-10,6.36802e-08,2.68041e-05,0.00581073,10546.7
W2,V1,23,8,20,10546.7,1.05609,0.4,0.436262,0.595666,0.517109,0.965673,0.0005799,10876.4,0.54167,0.611325,0.0346266,0.499709,0.951584,0.000924645,8396.91,10640.6,0.00515573,0.0189811,0.0548355,0.183026,0.737077,0.3178,0.343788,0.337487,4.10154e-07,8.01482e-06,0.000133398,0.00210378,0.0261055,10546.7
W2,V1,23,9,19.5,10546.7,1.05609,0.4,0.399551,0.826612,0.446885,0.972588,0.0664969,8655.45,0.451944,0.871142,0.133387,0.446455,0.952527,0.0783793,8412.97,6719.88,0.101845,0.144196,0.190238,0.235648,0.249694,0.295598,0.309173,0.31685,0.00039187,0.000902421,0.0019184,0.00431406,0.0109427,10546.7
W2,V1,23,10,17.5,10546.7,1.05609,0.4,0.385555,0.967867,0.411017,0.979101,0.264795,8244.48,0.404612,0.967941,0.249282,0.408901,0.975181,0.258918,8355.19,5309.55,0.155947,0.153374,0.149991,0.144952,0.136817,0.244805,0.246866,0.24941,0.0025154,0.00324221,0.0041451,0.00550528,0.00789302,10546.7
W2,V1,23,11,15,10546.7,1.05609,0.25,0.310136,0.761652,0.37508,0.8865,0.121188,8412.28,0.372257,0.771482,0.169517,0.374427,0.855237,0.130831,8467.97,6025.63,0.12819,0.160875,0.187572,0.203286,0.189246,0.273107,0.289546,0.306517,3.51372e-05,9.55199e-05,0.000238457,0.000635677,0.00191599,10546.7
W2,V1,23,12,12.5,10546.7,1.05609,0.25,0.225466,0.594155,0.29289,0.838461,0.0300503,8512.44,0.315878,0.60497,0.0702346,0.300779,0.773345,0.0349481,8755.85,6424.89,0.0925286,0.167502,0.230558,0.266188,0.208275,0.266346,0.316588,0.382118,1.86208e-08,8.78289e-07,2.92058e-05,0.000905397,0.0203512,10546.7
W2,V1,24,4,12.5,4803.52,1.06231,0.4,0.42719,0.338726,0.471089,1.11873,0.160125,7036.34,0.430304,0.570063,0.209181,0.462872,0.966991,0.167596,7791.45,5333.49,0.126721,0.179496,0.193011,0.243073,0.0901032,0.340978,0.279091,0.212335,7.47578e-13,1.27302e-06,0.0111435,0.518789,0.98598,4803.52
W2,V1,24,5,15,4803.52,1.06231,0.25,0.288432,0.39217,0.367502,1.06087,0.211299,7176.89,0.376953,0.548416,0.146879,0.377,0.830324,0.175562,8460.69,4161.11,0.203945,0.215172,0.191221,0.158166,0.0559343,0.257479,0.278896,0.288062,1.10026e-11,4.55203e-06,0.0122448,0.381549,0.90041,4803.52
W2,V1,24,6,17.5,4803.52,1.06231,0.25,0.257032,0.435818,0.349066,0.753319,0.360856,6096.41,0.344261,0.545009,0.137742,0.349333,0.634361,0.221857,8387.29,2711.57,0.277763,0.265076,0.163624,0.0577426,0.0139359,0.251572,0.262549,0.264021,3.12527e-13,4.60522e-08,0.000220082,0.0347558,0.259051,4803.52
W2,V1,24,7,19.5,4803.52,1.06231,0.1,0.196514,0.567904,0.35272,0.926331,0.00394264,9210.22,0.326086,0.592772,0.0362507,0.350448,0.870903,0.00555491,8654.07,8012.32,0.0295362,0.104078,0.203909,0.298748,0.358174,0.284622,0.333747,0.376076,4.98791e-12,2.12436e-08,2.34117e-05,0.00652739,0.133414,4803.52
W2,V1,24,8,20,4803.52,1.06231,0.1,0.253547,0.599109,0.335101,0.78803,0.0260788,7680.62,0.330071,0.607121,0.0687017,0.3406,0.739053,0.0296535,8507.58,5980.73,0.0803946,0.192062,0.278957,0.274687,0.144245,0.299547,0.323007,0.347793,7.92545e-10,8.35391e-08,6.34257e-06,0.000442703,0.0150605,4803.52
W2,V1,24,9,19.5,4803.52,1.06231,0.25,0.302664,0.720377,0.323105,0.823833,0.315683,7227.38,0.322794,0.739589,0.211673,0.32438,0.78796,0.264788,8330.56,4084.58,0.197229,0.191465,0.165115,0.11951,0.0618929,0.245226,0.24531,0.244676,4.12085e-06,1.82446e-05,6.9664e-05,0.000274225,0.00110183,4803.52
W2,V1,24,10,17.5,4803.52,1.06231,0.1,0.26134,0.775231,0.259193,0.829463,0.201202,8528.72,0.26516,0.783765,0.232554,0.260933,0.815381,0.210776,8380,5865.02,0.139116,0.148142,0.156887,0.166733,0.178347,0.258105,0.262565,0.268554,8.6142e-07,1.51306e-06,2.62364e-06,4.9886e-06,1.14067e-05,4803.52
W2,V1,24,11,15,4803.52,1.06231,0.4,0.300554,0.715683,0.331689,0.844053,0.126009,8150.08,0.341022,0.729376,0.150841,0.334935,0.808579,0.128375,8526.94,5571.06,0.144537,0.178334,0.198412,0.196531,0.153811,0.267248,0.289118,0.315259,6.49834e-07,3.10301e-06,1.29878e-05,5.85661e-05,0.000291927,4803.52
W2,V1,24,12,12.5,4803.52,1.06231,0.25,0.296362,0.604491,0.390143,0.900704,0.0927405,7052.09,0.446553,0.619674,0.105673,0.416605,0.810478,0.0905063,8373.21,4886.88,0.153193,0.208746,0.252661,0.219826,0.0750671,0.29434,0.309541,0.305613,3.82565e-10,6.05909e-08,4.5299e-06,0.000249873,0.00737047,4803.52
W2,V1,25,4,12.5,8137.32,1.00852,0.1,0.166322,0.245151,0.286165,0.817512,0.0202376,9570.52,0.247316,0.296648,0.0309387,0.27597,0.596901,0.023074,9142.39,6272.28,0.144545,0.195032,0.160415,0.221329,0.255606,0.221323,0.310601,0.445001,1.29099e-20,4.11822e-14,1.73864e-08,0.000437727,0.169997,8137.32
W2,V1,25,5,15,8137.32,1.00852,0.1,0.145772,0.282762,0.276091,0.834168,0.0219426,9518.99,0.2448,0.300154,0.0302251,0.270166,0.618759,0.0250207,9098.23,6263.27,0.160558,0.173139,0.155201,0.233815,0.252266,0.226084,0.311643,0.437252,1.52104e-18,2.39018e-12,2.44755e-07,0.00104221,0.170652,8137.32
W2,V1,25,6,17.5,8137.32,1.00852,0.1,0.140093,0.301174,0.247153,0.92713,0.0055306,10043.6,0.28785,0.317944,0.0407067,0.242769,0.827828,0.00888648,9101.49,8576.4,0.0418837,0.0620493,0.159506,0.296141,0.431534,0.229946,0.315784,0.445384,3.99623e-16,1.09201e-10,1.63211e-06,0.00375805,0.207462,8137.32
W2,V1,25,7,19.5,8137.32,1.00852,0.1,0.166015,0.484647,0.212391,0.918915,0.0117463,9197.14,0.222098,0.552241,0.0498477,0.211774,0.835271,0.0158571,8941.13,7297.94,0.0604509,0.130432,0.21606,0.287642,0.289558,0.249412,0.31612,0.418611,1.36589e-10,1.71067e-07,5.71636e-05,0.00733786,0.147222,8137.32
W2,V1,25,8,20,8137.32,1.00852,0.1,0.231872,0.667947,0.255429,1.0387,0.0058735,9637.58,0.288835,0.723471,0.0597609,0.255315,1.0094,0.00888505,8709.88,8588,0.0279583,0.0705276,0.158954,0.315874,0.417801,0.280537,0.324282,0.386296,2.8389e-05,0.000617554,0.00659042,0.0465415,0.194997,8137.32
W2,V1,25,9,19.5,8137.32,1.00852,0.4,0.362971,0.764589,0.355759,0.935168,0.0544439,9081.43,0.397021,0.793919,0.115001,0.365037,0.902785,0.0661708,8792.99,6762.68,0.101845,0.144888,0.19142,0.238061,0.257615,0.254937,0.302562,0.376331,0.000133645,0.000432665,0.00126466,0.00397799,0.0142279,8137.32
W2,V1,25,10,17.5,8137.32,1.00852,0.4,0.378869,0.910428,0.411238,0.944224,0.222922,8433.59,0.399539,0.915143,0.226617,0.407184,0.934471,0.223768,8444.51,5525.09,0.152732,0.154922,0.156312,0.156824,0.155441,0.247151,0.257458,0.271623,0.000615096,0.000837101,0.00112925,0.00159868,0.00249472,8137.32
W2,V1,25,11,15,8137.32,1.00852,0.4,0.421264,0.811721,0.424354,0.90656,0.384213,7351.3,0.42916,0.839677,0.254871,0.42672,0.879079,0.324541,8323.7,4076.2,0.189762,0.171994,0.144729,0.107001,0.0619724,0.226093,0.225134,0.224232,0.000253779,0.000594951,0.00126782,0.00275979,0.00623775,8137.32
W2,V1,25,12,12.5,8137.32,1.00852,0.55,0.433701,0.680613,0.330073,0.97333,0.113606,7688.83,0.402032,0.78672,0.210729,0.345647,0.936669,0.128164,8249.26,5928.47,0.0960053,0.167912,0.229299,0.235264,0.143356,0.300837,0.291045,0.279955,5.30063e-05,0.000609144,0.00424663,0.0239467,0.103241,8137.32
W2,V1,26,4,12.5,7108.91,1.04127,0.1,0.289403,0.248631,0.3996,0.789581,0.111082,8735.11,0.372652,0.299443,0.109996,0.399294,0.598342,0.11304,8341.46,5829.57,0.182927,0.155852,0.151895,0.183484,0.212801,0.293251,0.298055,0.295654,1.17182e-34,1.42523e-24,3.74384e-15,1.87924e-06,0.21208,7108.91
W2,V1,26,5,15,7108.91,1.04127,0.1,0.229686,0.27461,0.38047,0.697184,0.138902,8257.12,0.364459,0.299685,0.101902,0.384655,0.521587,0.127253,8409.11,5028.96,0.224305,0.161711,0.16367,0.177586,0.145475,0.280355,0.292864,0.299528,2.7246e-35,1.15271e-25,1.22181e-16,7.33954e-08,0.0655776,7108.91
W2,V1,26,6,17.5,7108.91,1.04127,0.25,0.305029,0.297914,0.429347,0.923135,0.00032504,11129.1,0.529923,0.300256,0.0458405,0.407534,0.893484,0.000607603,8755.7,10853.9,0.00252942,0.00583158,0.0528059,0.172494,0.765732,0.270355,0.33746,0.391577,3.78918e-28,6.54973e-21,1.05134e-14,6.14957e-08,0.0155045,7108.91
W2,V1,26,7,19.5,7108.91,1.04127,0.25,0.392447,0.303549,0.330166,0.620641,0.0822329,6665.17,0.463944,0.352023,0.186986,0.341379,0.583684,0.090846,8351.16,5205.6,0.0789994,0.192706,0.360847,0.218131,0.0584699,0.300041,0.304267,0.304846,1.34793e-24,8.067e-20,2.97673e-15,5.78714e-10,0.000110701,7108.91
W2,V1,26,8,20,7108.91,1.04127,0.1,0.215069,0.583734,0.329819,0.61856,0.2215,6215.01,0.274131,0.595865,0.127904,0.306414,0.606291,0.158785,8430.9,3372.78,0.216531,0.287934,0.21978,0.0962859,0.0206846,0.269583,0.278826,0.292807,7.86582e-19,3.39511e-16,1.55124e-13,1.62252e-10,3.0281e-07,7108.91
W2,V1,26,9,19.5,7108.91,1.04127,0.1,0.258303,0.599816,0.347095,0.606937,0.0592078,8633.83,0.315318,0.599919,0.155015,0.343415,0.60501,0.0728795,8430.04,6945.45,0.0794532,0.137825,0.200848,0.254365,0.254629,0.296478,0.308611,0.322032,4.22764e-19,3.97652e-18,4.23877e-17,8.14474e-16,4.48238e-14,7108.91
W2,V1,26,10,17.5,7108.91,1.04127,0.1,0.352697,0.60461,0.370298,0.621512,0.328742,7958.6,0.359331,0.606324,0.26255,0.366372,0.615057,0.302951,8307.81,4813.79,0.170185,0.155579,0.141315,0.124927,0.105042,0.234736,0.232622,0.229692,2.4123e-15,6.48666e-15,1.73192e-14,5.5585e-14,2.56739e-13,7108.91
W2,V1,26,11,15,7108.91,1.04127,0.4,0.345629,0.599857,0.450935,0.608193,0.124404,7843.97,0.412523,0.600096,0.168893,0.443449,0.6053,0.12981,8324.63,5662.46,0.127757,0.17859,0.209188,0.205217,0.149439,0.290235,0.291656,0.288299,2.89127e-17,2.70311e-16,2.81105e-15,4.99738e-14,2.21357e-12,7108.91
W2,V1,26,12,12.5,7108.91,1.04127,0.25,0.254402,0.598423,0.442157,0.636193,0.0709037,6691.74,0.395577,0.599669,0.0688154,0.437673,0.618147,0.0586709,8608.28,4251.6,0.158783,0.291698,0.283244,0.15864,0.0489642,0.276998,0.313434,0.350897,3.63776e-19,2.94804e-16,2.76085e-13,5.70231e-10,1.40163e-06,7108.91
W2,V1,27,4,12.5,8080,1.03597,0.1,0.134204,0.298022,0.32885,0.967883,0.0902672,9373.68,0.326346,0.300655,0.117246,0.323031,0.724643,0.103966,8994.78,6311.66,0.156553,0.128016,0.172411,0.198824,0.240231,0.215877,0.29541,0.384747,5.41118e-19,3.50742e-12,4.96943e-07,0.0049753,0.491029,8080
W2,V1,27,5,15,8080,1.03597,0.1,0.145693,0.298333,0.319381,0.846989,0.117168,8828.56,0.325082,0.300741,0.114627,0.323265,0.626669,0.11993,8870.12,5593.19,0.185267,0.146508,0.181692,0.187894,0.17871,0.226346,0.292524,0.3612,5.40687e-20,2.03441e-13,3.78219e-08,0.000992577,0.303594,8080
W2,V1,27,6,17.5,8080,1.03597,0.1,0.188584,0.299711,0.366602,0.795126,0.0359737,9010.77,0.390651,0.309161,0.0867267,0.368929,0.681303,0.0453844,8765.17,7004.05,0.0955838,0.119658,0.204342,0.263766,0.271266,0.257088,0.322102,0.375426,1.25302e-17,2.5656e-12,5.84359e-08,0.000404501,0.112928,8080
W2,V1,27,7,19.5,8080,1.03597,0.1,0.219087,0.382624,0.322721,0.74943,0.0170909,8859.17,0.348532,0.464256,0.0806574,0.325181,0.699608,0.0226277,8740.34,7282.97,0.0515827,0.12812,0.228781,0.293173,0.275715,0.270099,0.323802,0.383471,2.13944e-13,2.90873e-10,1.87172e-07,0.000101156,0.0168571,8080
W2,V1,27,8,20,8080,1.03597,0.4,0.290181,0.575758,0.378653,0.70045,0.0451302,8321.47,0.394083,0.585714,0.0958244,0.384992,0.668708,0.0512799,8608.59,6306.12,0.0967729,0.171055,0.229905,0.251567,0.199421,0.278989,0.316143,0.353588,4.64003e-10,2.13787e-08,7.561e-07,2.9922e-05,0.00110051,8080
W2,V1,27,9,19.5,8080,1.03597,0.25,0.302524,0.612352,0.323691,0.677416,0.119269,8424.96,0.336995,0.616849,0.17011,0.328159,0.659115,0.129177,8498.68,6019.88,0.126039,0.162858,0.190326,0.203932,0.187669,0.270271,0.289284,0.311268,1.57575e-08,7.01489e-08,2.98919e-07,1.53478e-06,1.05866e-05,8080
W2,V1,27,10,17.5,8080,1.03597,0.4,0.326142,0.669311,0.34037,0.69093,0.265416,8192.05,0.335734,0.671966,0.246501,0.33876,0.684162,0.258286,8322.21,5271.87,0.157905,0.154431,0.150212,0.144227,0.134939,0.248301,0.247439,0.245973,1.06061e-06,1.67918e-06,2.62914e-06,4.43376e-06,8.67114e-06,8080
W2,V1,27,11,15,8080,1.03597,0.4,0.288058,0.629587,0.314199,0.675657,0.0528391,9228.46,0.324916,0.631209,0.154975,0.31452,0.668274,0.0686941,8519.22,7515.72,0.074913,0.117445,0.170627,0.24179,0.32653,0.286469,0.309096,0.33574,4.66605e-08,1.48039e-07,4.48611e-07,1.56739e-06,7.03888e-06,8080
W2,V1,27,12,12.5,8080,1.03597,0.1,0.279036,0.543147,0.345342,0.680207,0.00608083,9543.15,0.393576,0.556439,0.0586982,0.345691,0.666369,0.0089284,8706.75,8435.5,0.0286357,0.0803629,0.172035,0.305338,0.4047,0.279229,0.327312,0.384531,2.03448e-10,6.64028e-09,1.79053e-07,6.1941e-06,0.00025848,8080
W2,V1,28,4,12.5,6003.28,1.04625,0.25,0.212596,0.300046,0.449084,0.986307,0.166539,8099.49,0.478728,0.322088,0.200406,0.453232,0.803132,0.175396,8239.29,5776.37,0.139961,0.151458,0.181076,0.186527,0.165582,0.262525,0.315854,0.246225,1.29754e-20,1.89236e-12,3.99599e-06,0.0474664,0.822277,6003.28
W2,V1,28,5,15,6003.28,1.04625,0.1,0.186923,0.300028,0.413384,0.814301,0.147709,7908.22,0.462478,0.30503,0.121862,0.431005,0.646477,0.14767,8421.54,5223.08,0.212822,0.105297,0.224537,0.162557,0.147117,0.257146,0.312502,0.282683,1.89667e-21,1.16745e-13,6.7133e-08,0.00312538,0.299427,6003.28
W2,V1,28,6,17.5,6003.28,1.04625,0.1,0.200379,0.300469,0.398266,1.08273,0.000481645,10685,0.47631,0.334152,0.049074,0.360637,1.02627,0.000853968,9072.56,9895.82,0.00330953,0.0258108,0.126102,0.233689,0.610235,0.232563,0.324249,0.442333,3.43621e-19,1.30015e-13,9.59851e-09,0.000336871,0.339238,6003.28
W2,V1,28,7,19.5,6003.28,1.04625,0.4,0.302612,0.418071,0.339524,0.797858,0.000628504,8105.18,0.379357,0.584762,0.00652875,0.361407,0.741637,0.000693601,8796.92,6645.52,0.0211089,0.188123,0.362798,0.192675,0.234601,0.266417,0.333984,0.398905,8.72454e-15,7.28536e-12,8.81433e-09,3.11477e-05,0.0177227,6003.28
W2,V1,28,8,20,6003.28,1.04625,0.25,0.250412,0.599932,0.347309,0.601848,0.629219,5491.29,0.33393,0.599983,0.148465,0.344668,0.60034,0.313499,8317.2,1635.66,0.359621,0.226622,0.0834405,0.0156714,0.00114581,0.225489,0.237455,0.223557,1.94596e-14,1.83906e-12,1.40148e-10,1.40424e-08,1.58573e-06,6003.28
W2,V1,28,9,19.5,6003.28,1.04625,0.25,0.267809,0.601053,0.316509,0.609693,0.363738,6625.77,0.300078,0.601994,0.267243,0.312704,0.606582,0.324687,7721.18,4043.85,0.178053,0.18002,0.155752,0.10895,0.0525376,0.28252,0.227976,0.164817,5.4551e-12,2.36445e-11,1.07132e-10,6.6384e-10,6.85318e-09,6003.28
W2,V1,28,10,17.5,6003.28,1.04625,0.25,0.300497,0.642838,0.301728,0.697172,0.182117,8563.97,0.309582,0.651177,0.22361,0.304346,0.683096,0.19417,8349.83,6018.62,0.134834,0.146894,0.158996,0.173376,0.19173,0.26674,0.268558,0.270532,7.84552e-11,1.53777e-10,3.0135e-10,6.7381e-10,1.96309e-09,6003.28
W2,V1,28,11,15,6003.28,1.04625,0.55,0.454429,0.608075,0.424631,0.679777,0.398172,6896.31,0.446543,0.617811,0.298636,0.434092,0.654118,0.359648,7775.2,4189.47,0.168931,0.164535,0.141794,0.104669,0.0604228,0.264856,0.212841,0.162655,1.20244e-08,4.51516e-08,1.72889e-07,8.34069e-07,5.65395e-06,6003.28
W2,V1,28,12,12.5,6003.28,1.04625,0.4,0.427713,0.56022,0.614471,0.609454,0.0149489,6186.16,0.574763,0.599759,0.017946,0.610378,0.606046,0.0135728,8306.29,4210.65,0.148548,0.306808,0.328366,0.171953,0.0307515,0.320201,0.350544,0.315683,1.20809e-13,1.40925e-11,1.77473e-09,3.11827e-07,6.0382e-05,6003.28
W2,V1,29,4,12.5,5730.14,1.00736,0.1,0.198659,0.304078,0.375845,1.10729,0.0680305,8659.71,0.406045,0.37645,0.119423,0.375004,0.905161,0.0775286,8703.14,6324.12,0.114332,0.157181,0.203065,0.237293,0.2106,0.252834,0.317857,0.351781,3.76836e-14,6.83973e-08,0.000809076,0.147081,0.904753,5730.14
W2,V1,29,5,15,5730.14,1.00736,0.25,0.23598,0.318328,0.41491,1.09199,0.0423283,8538.37,0.437844,0.429549,0.0943896,0.418519,0.919213,0.0492085,8673.29,6430.35,0.094425,0.16966,0.217062,0.257818,0.211826,0.26162,0.332918,0.356254,6.61484e-13,2.599e-07,0.00140002,0.154783,0.848601,5730.14
W2,V1,29,6,17.5,5730.14,1.00736,0.25,0.300955,0.527165,0.46208,1.05717,0.0301024,7840.9,0.474625,0.593106,0.0553252,0.473326,0.920528,0.0329961,8381.85,5841.59,0.112681,0.201413,0.229294,0.271137,0.152478,0.304148,0.342432,0.320424,1.13135e-10,2.13258e-06,0.00236267,0.137773,0.768027,5730.14
W2,V1,29,7,19.5,5730.14,1.00736,0.1,0.238638,0.609124,0.452863,1.12234,0.00517928,8999.82,0.442771,0.647607,0.0608289,0.446714,1.08809,0.00749221,8482.45,8349.29,0.0231353,0.0638322,0.17581,0.377166,0.352565,0.30162,0.344963,0.345924,2.1636e-06,0.000399975,0.0112621,0.105161,0.53222,5730.14
W2,V1,29,8,20,5730.14,1.00736,0.25,0.311717,0.870464,0.32607,1.05398,0.00481087,8039.61,0.339163,0.959481,0.0511918,0.32923,1.04399,0.00667112,8392.21,7272.1,0.024729,0.103067,0.266205,0.389261,0.210068,0.321162,0.333898,0.338269,0.000401256,0.00243282,0.0115031,0.0572144,0.311976,5730.14
W2,V1,29,9,19.5,5730.14,1.00736,0.25,0.245191,0.999955,0.252886,1.04944,0.0883924,8189.97,0.26524,1.00543,0.130461,0.258135,1.03452,0.0944861,8593.85,5780.58,0.125953,0.180652,0.217803,0.219883,0.161224,0.270482,0.297736,0.337296,0.0145561,0.0267088,0.0470471,0.0867517,0.170592,5730.14
W2,V1,29,10,17.5,5730.14,1.00736,0.25,0.342366,0.999782,0.374633,1.00644,0.188549,8531.24,0.362244,1.00069,0.221292,0.370566,1.00463,0.198221,8395.84,5876.52,0.139505,0.150486,0.16047,0.170679,0.180639,0.260508,0.266546,0.274725,0.00654529,0.00831064,0.0104978,0.0137954,0.0196326,5730.14
W2,V1,29,11,15,5730.14,1.00736,0.4,0.324491,0.883346,0.382523,1.00374,0.0122649,9794.64,0.366589,0.926384,0.0972022,0.374855,0.997155,0.018596,8745.1,8564.81,0.0345434,0.0779372,0.154668,0.283428,0.430828,0.273818,0.31941,0.388176,0.00081381,0.00184901,0.0039471,0.00921714,0.0253044,5730.14
W2,V1,29,12,12.5,5730.14,1.00736,0.25,0.305114,0.63336,0.334383,0.99999,0.00209006,10117,0.412523,0.664138,0.0409325,0.331166,0.977473,0.0034517,9019.93,9094.65,0.016175,0.0484384,0.133312,0.32697,0.471653,0.243522,0.316281,0.436745,1.03154e-06,3.30352e-05,0.000508537,0.00572707,0.0477342,5730.14
W2,V1,30,4,12.5,7344.28,1.03898,0.1,0.111694,0.269066,0.270742,0.865148,0.048952,9641.19,0.25843,0.288103,0.0676004,0.26276,0.633351,0.0574901,9242.55,6328.59,0.15859,0.143016,0.181214,0.203784,0.255907,0.203535,0.293546,0.445429,9.47178e-22,1.54483e-14,1.14337e-08,0.000741481,0.294887,7344.28
W2,V1,30,5,15,7344.28,1.03898,0.1,0.115315,0.295515,0.238132,1.04536,0.0381657,9722.83,0.241164,0.315831,0.102491,0.229415,0.839708,0.0506348,9190.97,7171.86,0.088681,0.136305,0.17935,0.242287,0.302742,0.211449,0.296664,0.441253,1.85138e-19,1.14372e-12,4.65895e-07,0.00929051,0.576802,7344.28
W2,V1,30,6,17.5,7344.28,1.03898,0.1,0.128086,0.460146,0.327983,1.08368,0.00508841,9810.45,0.286419,0.558771,0.0308474,0.320499,0.940266,0.00717244,9345.25,7656.93,0.0450683,0.143328,0.158915,0.32427,0.321246,0.201787,0.3058,0.48524,1.13103e-17,4.27937e-12,5.5189e-07,0.00415206,0.501878,7344.28
W2,V1,30,7,19.5,7344.28,1.03898,0.1,0.152513,0.577289,0.303725,0.836777,0.0845374,8012.92,0.296604,0.589949,0.0884139,0.320544,0.719169,0.0741461,8875.46,4950.6,0.152896,0.257767,0.206944,0.198644,0.109604,0.240447,0.302434,0.382973,4.65219e-16,5.64135e-12,4.2649e-08,0.000120886,0.0467993,7344.28
W2,V1,30,8,20,7344.28,1.03898,0.25,0.236983,0.577793,0.324092,0.605653,0.253273,6072.73,0.308325,0.592529,0.149995,0.323153,0.600039,0.191311,8080.89,3286.21,0.216828,0.280343,0.204654,0.0872453,0.0196196,0.295916,0.274483,0.23829,4.33524e-15,6.683e-13,1.1447e-10,3.42724e-08,1.07669e-05,7344.28
W2,V1,30,9,19.5,7344.28,1.03898,0.25,0.254302,0.596449,0.271874,0.601863,0.089965,8493.79,0.273507,0.597401,0.154041,0.272466,0.600758,0.101668,8474.08,6330.75,0.111667,0.157217,0.196131,0.221596,0.211721,0.280975,0.300157,0.3172,2.56236e-11,1.19522e-10,5.57929e-10,3.40907e-09,3.30581e-08,7344.28
W2,V1,30,10,17.5,7344.28,1.03898,0.25,0.26039,0.594286,0.268444,0.597783,0.154898,8778.88,0.265983,0.595157,0.220573,0.267613,0.597118,0.172763,8417.16,6360.68,0.122097,0.140701,0.160389,0.185127,0.218922,0.266368,0.274821,0.286048,5.26263e-14,9.49327e-14,1.72109e-13,3.53023e-13,9.28181e-13,7344.28
W2,V1,30,11,15,7344.28,1.03898,0.25,0.27176,0.596528,0.302211,0.601747,0.205397,7963.22,0.304149,0.59651,0.209873,0.304029,0.599977,0.201198,8383.85,5278.94,0.151494,0.172573,0.178167,0.166065,0.130503,0.259349,0.268286,0.271167,8.6922e-12,3.57055e-11,1.48522e-10,8.11538e-10,7.19841e-09,7344.28
W2,V1,30,12,12.5,7344.28,1.03898,0.25,0.219635,0.552228,0.328487,0.597146,0.204404,6586.43,0.285621,0.570564,0.186634,0.31906,0.58953,0.183889,8132.56,4211.53,0.16028,0.239257,0.228878,0.139453,0.0482441,0.293365,0.275677,0.247069,1.05605e-15,8.51194e-14,6.34447e-12,8.00844e-10,1.83631e-07,7344.28
W2,V1,31,4,12.5,10429.7,1.04782,0.1,0.269179,0.240358,0.350476,0.75497,0.0769819,9143.87,0.329547,0.289745,0.115593,0.344477,0.578618,0.086672,8759.31,6312.98,0.132627,0.170898,0.168284,0.200269,0.241251,0.250217,0.302074,0.361037,5.5107e-27,9.79235e-19,2.04416e-11,4.39424e-05,0.158756,10429.7
W2,V1,31,5,15,10429.7,1.04782,0.1,0.335094,0.256305,0.387645,0.716058,0.0855382,8822.17,0.364158,0.298153,0.134544,0.386285,0.579671,0.0963923,8420.36,6457,0.124009,0.162997,0.156954,0.218361,0.241287,0.290056,0.301049,0.312503,6.6975e-27,6.48235e-19,8.7069e-12,1.10381e-05,0.0766366,10429.7
W2,V1,31,6,17.5,10429.7,1.04782,0.1,0.331614,0.298505,0.382114,0.866278,0.00602538,10234.8,0.437725,0.302411,0.102948,0.382896,0.820299,0.00983739,8541.96,9659.17,0.017144,0.0310816,0.103385,0.273275,0.565276,0.300282,0.33051,0.35937,6.5117e-23,2.09891e-16,7.35636e-11,1.19267e-05,0.054478,10429.7
W2,V1,31,7,19.5,10429.7,1.04782,0.4,0.500467,0.312183,0.412897,0.661544,0.0410564,7727.29,0.514751,0.387341,0.17626,0.42519,0.630199,0.0528652,8395.91,6620.71,0.0494124,0.122499,0.288451,0.329767,0.157006,0.306682,0.316696,0.323756,8.83395e-19,1.37772e-14,7.37919e-11,5.85004e-07,0.00179728,10429.7
W2,V1,31,8,20,10429.7,1.04782,0.1,0.25327,0.587975,0.348325,0.709379,0.0261389,7959.38,0.331637,0.598867,0.0832728,0.351506,0.679935,0.0311467,8488.07,6394.7,0.0685771,0.170734,0.266499,0.280079,0.182964,0.302149,0.321876,0.344828,3.43654e-12,3.95068e-10,3.65501e-08,4.30993e-06,0.000427418,10429.7
W2,V1,31,9,19.5,10429.7,1.04782,0.55,0.469301,0.617929,0.493902,0.692852,0.0118522,9778.95,0.51636,0.618152,0.0873839,0.494574,0.682853,0.0174405,8647.77,8605.57,0.0364289,0.079709,0.151012,0.27094,0.44447,0.285324,0.324125,0.373111,2.32826e-08,9.9566e-08,4.32887e-07,2.46773e-06,2.18925e-05,10429.7
W2,V1,31,10,17.5,10429.7,1.04782,0.55,0.510426,0.64599,0.51052,0.674523,0.213135,8414.91,0.515254,0.649406,0.227395,0.512366,0.665917,0.217076,8386.47,5644.47,0.147509,0.15327,0.157758,0.161354,0.163033,0.255303,0.260501,0.267121,2.52605e-07,4.73602e-07,8.79074e-07,1.81761e-06,4.65609e-06,10429.7
W2,V1,31,11,15,10429.7,1.04782,0.55,0.554404,0.621394,0.487735,0.745693,0.0685299,8695.83,0.56116,0.630445,0.152676,0.505682,0.717854,0.0822922,8442.2,6842.5,0.0913415,0.140427,0.19169,0.240273,0.253976,0.291893,0.305443,0.320371,3.25679e-09,1.81817e-08,9.81918e-08,6.72651e-07,6.7813e-06,10429.7
W2,V1,31,12,12.5,10429.7,1.04782,0.4,0.373639,0.599394,0.425418,0.725335,0.0278963,7743.42,0.447695,0.600876,0.0888073,0.436217,0.69407,0.0333642,8373.11,6294.79,0.0684655,0.173553,0.270596,0.287587,0.166435,0.316464,0.322659,0.327513,2.51757e-13,3.57772e-11,4.77233e-09,9.25316e-07,0.000167428,10429.7
W2,V2,16,4,15,7937.1,1.00264,0.4,0.404177,0.460298,0.483928,0.827325,0.180173,8386.28,0.429582,0.580257,0.241877,0.471258,0.746445,0.18709,8167.21,5981.63,0.11728,0.188048,0.16151,0.142001,0.20407,0.287755,0.275357,0.249799,1.34803e-15,1.58762e-11,8.27457e-08,0.000201568,0.053034,7937.1
W2,V2,16,5,15,7937.1,1.00264,0.7,0.501363,0.348814,0.484063,0.773592,0.207235,8315.15,0.399467,0.528208,0.366861,0.462634,0.71104,0.23218,8199.48,6316.97,0.0801406,0.16207,0.186436,0.139286,0.199888,0.268433,0.259772,0.239615,2.15012e-17,2.99657e-13,1.94846e-09,1.4112e-05,0.0145902,7937.1
W2,V2,16,6,15,7937.1,1.00264,0.7,0.452836,0.334898,0.415716,0.760197,0.160282,8527.38,0.385058,0.473924,0.309411,0.401799,0.687999,0.184431,8413.93,6418.62,0.0823278,0.156055,0.203574,0.164132,0.209481,0.261887,0.27287,0.280813,7.54118e-19,1.9964e-14,2.17607e-10,2.89447e-06,0.00725446,7937.1
W2,V2,16,7,15,7937.1,1.00264,0.4,0.416217,0.303199,0.440414,0.66381,0.205535,8481.6,0.517018,0.324631,0.273425,0.452892,0.576864,0.228205,8204.26,6331.92,0.121282,0.109546,0.158323,0.192566,0.190078,0.268367,0.262742,0.240686,3.2514e-22,2.31518e-17,4.59607e-13,1.61709e-08,0.000436835,7937.1
W2,V2,16,8,15,7937.1,1.00264,0.4,0.404037,0.30168,0.430801,0.654836,0.205254,8496.23,0.513189,0.317271,0.270581,0.445403,0.567178,0.228432,8235.82,6323.52,0.123159,0.10651,0.157891,0.1962,0.187808,0.26489,0.262522,0.244156,8.25169e-23,7.11761e-18,1.67619e-13,7.03197e-09,0.000235201,7937.1
W2,V2,16,9,15,7937.1,1.00264,0.4,0.484482,0.314191,0.484485,0.709524,0.231703,8198.11,0.499098,0.393128,0.380467,0.480367,0.644986,0.264377,8079.93,6447.87,0.0860995,0.118682,0.176689,0.171696,0.182457,0.268554,0.250955,0.216115,7.18082e-20,2.36967e-15,3.15607e-11,7.3663e-07,0.00403509,7937.1
W2,V2,16,10,15,7937.1,1.00264,0.55,0.513778,0.325364,0.456572,0.7517,0.2233,8300.75,0.422242,0.479721,0.405686,0.442559,0.689659,0.253384,8193.87,6413.89,0.0742394,0.144765,0.18691,0.149042,0.19166,0.262836,0.250467,0.233313,7.14339e-21,3.50624e-16,1.17303e-11,6.95415e-07,0.0058187,7937.1
W2,V2,16,11,15,7937.1,1.00264,0.55,0.494978,0.321682,0.445068,0.747408,0.196823,8361.91,0.450044,0.452917,0.38126,0.435219,0.681493,0.226835,8236.73,6483.5,0.0736254,0.142163,0.198291,0.160768,0.198318,0.267527,0.259234,0.246404,7.59498e-20,2.86539e-15,4.33927e-11,1.10401e-06,0.00513953,7937.1
W2,V2,16,12,15,7937.1,1.00264,0.55,0.575411,0.303665,0.549502,0.672653,0.432412,7686.65,0.59376,0.352934,0.560325,0.556609,0.613724,0.463836,7394.19,6443.93,0.0727924,0.075563,0.117891,0.140593,0.129325,0.255064,0.171006,0.110094,2.54288e-20,1.4293e-15,1.62528e-11,2.43059e-07,0.00191098,7937.1
W2,V2,17,4,15,8103.05,1.04776,0.25,0.291191,0.3367,0.390115,0.74629,0.0995856,8694.61,0.404075,0.43702,0.186555,0.386426,0.668402,0.116484,8632.02,6419.17,0.101582,0.149635,0.210668,0.203891,0.21774,0.256072,0.29579,0.331655,1.83784e-17,3.76356e-13,2.13447e-09,1.0328e-05,0.0106275,8103.05
W2,V2,17,5,15,8103.05,1.04776,0.25,0.242777,0.300994,0.35701,0.65095,0.150396,8906.5,0.421361,0.310422,0.19034,0.36719,0.557889,0.172735,8678.98,6355.16,0.146955,0.0961901,0.151049,0.233794,0.199277,0.235314,0.275041,0.31691,9.92447e-21,5.47289e-16,3.89984e-12,2.47964e-08,0.000206877,8103.05
W2,V2,17,6,15,8103.05,1.04776,0.25,0.272575,0.301093,0.378104,0.664953,0.147713,8747.05,0.453681,0.315171,0.212454,0.388425,0.578945,0.172999,8636.58,6454.64,0.128258,0.0955662,0.169741,0.237714,0.195722,0.239021,0.277101,0.310879,6.01918e-22,3.35969e-17,2.93388e-13,5.10898e-09,0.000182045,8103.05
W2,V2,17,7,15,8103.05,1.04776,0.25,0.20034,0.329638,0.297399,0.704,0.11452,8944.21,0.337764,0.370704,0.16197,0.299833,0.61228,0.13179,8778.85,6319.85,0.136376,0.124226,0.173515,0.225073,0.209019,0.237651,0.283269,0.347289,2.30437e-19,1.6888e-14,2.30716e-10,2.49194e-06,0.00800466,8103.05
W2,V2,17,8,15,8103.05,1.04776,0.25,0.208952,0.483928,0.376948,0.82886,0.129117,8968.42,0.341081,0.534592,0.1657,0.36735,0.719368,0.13722,8712.34,5982.1,0.13818,0.175918,0.164292,0.178175,0.206216,0.242386,0.284956,0.335438,1.71407e-16,3.67853e-12,2.82742e-08,0.000102472,0.057339,8103.05
W2,V2,17,9,15,8103.05,1.04776,0.25,0.283091,0.340086,0.429566,0.747162,0.0991337,8830.63,0.417532,0.431411,0.174123,0.420866,0.661628,0.113728,8666.76,6348.02,0.107884,0.162717,0.202123,0.18848,0.22507,0.252827,0.296092,0.337353,6.12057e-19,1.25943e-14,1.17873e-10,1.46097e-06,0.00551041,8103.05
W2,V2,17,10,15,8103.05,1.04776,0.25,0.304659,0.460733,0.487006,0.810607,0.0940226,8638.96,0.437663,0.559361,0.139013,0.47582,0.725868,0.0991102,8417.61,6043.01,0.122769,0.206506,0.184436,0.160127,0.227053,0.283432,0.310829,0.306629,4.95047e-17,4.20321e-13,2.71466e-09,1.74146e-05,0.0232575,8103.05
W2,V2,17,11,15,8103.05,1.04776,0.25,0.256681,0.521414,0.441149,0.85321,0.0872101,8760.36,0.390204,0.585091,0.105772,0.430685,0.747391,0.0880456,8478.76,5828.3,0.148872,0.212688,0.165175,0.16627,0.218949,0.280963,0.311117,0.319874,8.40845e-18,1.82889e-13,2.77188e-09,2.84495e-05,0.046239,8103.05
W2,V2,17,12,15,8103.05,1.04776,0.25,0.283162,0.551002,0.467196,0.876401,0.123712,8650.7,0.42405,0.592722,0.142202,0.457361,0.765836,0.124791,8368.09,5801.74,0.150554,0.197457,0.155147,0.164064,0.207987,0.28167,0.301749,0.291791,9.66182e-17,2.85041e-12,3.73305e-08,0.000183088,0.0910505,8103.05
W2,V2,18,4,15,7586.95,1.03136,0.1,0.371865,0.344445,0.3501,0.747091,0.111165,8641.81,0.357142,0.445515,0.203776,0.347126,0.670758,0.127972,8536.01,6381.88,0.100006,0.158093,0.206076,0.188667,0.219186,0.26632,0.289114,0.316594,1.37174e-20,4.66374e-16,9.17351e-12,3.5409e-07,0.00450641,7586.95
W2,V2,18,5,15,7586.95,1.03136,0.1,0.362185,0.388965,0.357205,0.78946,0.0838953,8697.34,0.321396,0.529349,0.163043,0.345225,0.70932,0.0950445,8557.82,6293.96,0.0975797,0.190087,0.215483,0.169637,0.232168,0.273482,0.300163,0.331311,2.29835e-21,1.76909e-16,9.67445e-12,8.78789e-07,0.0100584,7586.95
W2,V2,18,6,15,7586.95,1.03136,0.1,0.233368,0.330797,0.267737,0.743109,0.072987,8846.67,0.293815,0.426972,0.132272,0.267721,0.658087,0.0850434,8760.75,6374.55,0.11158,0.155916,0.212514,0.209822,0.225125,0.252699,0.298721,0.363537,3.15561e-24,7.02913e-19,8.00876e-14,2.22037e-08,0.0023109,7586.95
W2,V2,18,7,15,7586.95,1.03136,0.1,0.196546,0.417945,0.246029,0.802016,0.0506554,8932.27,0.232933,0.532182,0.0867097,0.241165,0.707277,0.0568745,8815.5,6179.94,0.119809,0.188335,0.213494,0.191922,0.229564,0.254133,0.306114,0.382878,3.15006e-23,7.19278e-18,1.03299e-12,2.62812e-07,0.0111171,7586.95
W2,V2,18,8,15,7586.95,1.03136,0.1,0.219681,0.357592,0.28487,0.747978,0.0774346,8923.9,0.287685,0.43523,0.127362,0.282969,0.657726,0.0878573,8745.21,6276.91,0.120393,0.168097,0.198864,0.196647,0.228142,0.253332,0.298877,0.359934,4.92649e-21,2.10082e-16,5.22091e-12,2.31668e-07,0.00414221,7586.95
W2,V2,18,9,15,7586.95,1.03136,0.55,0.379828,0.307179,0.33559,0.694962,0.139854,8549.25,0.394823,0.344138,0.257129,0.341476,0.61936,0.166762,8553.22,6529.2,0.0963581,0.11499,0.20608,0.216804,0.199006,0.252626,0.275901,0.304711,8.11574e-23,4.43232e-18,9.15873e-14,6.18147e-09,0.000389665,7586.95
W2,V2,18,10,15,7586.95,1.03136,0.4,0.445595,0.30135,0.543467,0.616819,0.238788,8209.02,0.567949,0.310315,0.280035,0.547184,0.536844,0.257205,7893.67,6204.02,0.132253,0.10649,0.138404,0.184426,0.181222,0.283981,0.265574,0.193241,1.11182e-20,1.40317e-16,7.39e-13,7.41338e-09,0.000130105,7586.95
W2,V2,18,11,15,7586.95,1.03136,0.4,0.369618,0.303314,0.505269,0.64307,0.181556,8464.79,0.537416,0.314485,0.246835,0.510366,0.563052,0.20852,8351.08,6376.3,0.127251,0.0940226,0.157775,0.231597,0.180833,0.254121,0.2773,0.260058,1.95907e-20,3.5352e-16,1.7575e-12,1.69055e-08,0.00027968,7586.95
W2,V2,18,12,15,7586.95,1.03136,0.25,0.280868,0.352421,0.432112,0.754541,0.0664481,8722.1,0.437773,0.436544,0.17505,0.42855,0.67999,0.0810742,8753.14,6582.36,0.0764152,0.157523,0.255762,0.193656,0.23557,0.253599,0.302109,0.363218,2.21074e-17,1.54069e-13,5.56335e-10,3.92034e-06,0.00568954,7586.95
W2,V2,19,4,15,5462.01,1.02641,0.25,0.201633,0.597262,0.347173,1.05727,0.166284,9121.34,0.342878,0.600108,0.136556,0.346779,0.855148,0.163331,8729.75,5501.17,0.206547,0.149598,0.104693,0.201191,0.174639,0.234378,0.273868,0.328423,1.98617e-14,8.0371e-10,5.53244e-06,0.00336694,0.409126,5462.01
W2,V2,19,5,15,5462.01,1.02641,0.1,0.303341,0.551808,0.411096,0.939634,0.15437,8661.25,0.348373,0.599606,0.151591,0.397526,0.802274,0.152614,8349.6,5658.11,0.170827,0.184164,0.130098,0.165964,0.196333,0.281292,0.281064,0.28503,4.57138e-16,2.10125e-11,2.98387e-07,0.000766195,0.192809,5462.01
W2,V2,19,6,15,5462.01,1.02641,0.1,0.336668,0.542442,0.400412,0.976963,0.202324,8568.5,0.356417,0.59964,0.186109,0.393779,0.82786,0.201153,8306.82,5621.68,0.175936,0.153842,0.116605,0.176583,0.175881,0.273228,0.259421,0.266197,1.94036e-15,6.51946e-11,5.47735e-07,0.000984829,0.30002,5462.01
W2,V2,19,7,15,5462.01,1.02641,0.7,0.489064,0.416192,0.436361,0.843991,0.173597,8426.06,0.349735,0.593155,0.218971,0.414942,0.755782,0.179286,8212.93,5888.8,0.127897,0.189695,0.155908,0.146833,0.200382,0.290081,0.269384,0.261249,2.70196e-18,1.68366e-13,4.90602e-09,6.09184e-05,0.0583021,5462.01
W2,V2,19,8,15,5462.01,1.02641,0.7,0.521639,0.372853,0.421872,0.810535,0.153608,8441.41,0.351793,0.578208,0.237366,0.40399,0.734383,0.165276,8284.78,6083.07,0.106203,0.189658,0.182722,0.145942,0.2102,0.286295,0.274281,0.274149,1.01463e-19,7.65135e-15,3.29931e-10,1.138e-05,0.0254393,5462.01
W2,V2,19,9,15,5462.01,1.02641,0.55,0.451299,0.380656,0.359375,0.806534,0.0887637,8640.67,0.301076,0.564527,0.162852,0.343588,0.725259,0.0991561,8506.13,6209.74,0.101944,0.19602,0.210886,0.163603,0.228392,0.279415,0.297882,0.323547,4.87457e-20,3.04748e-15,1.15998e-10,5.16023e-06,0.019461,5462.01
W2,V2,19,10,15,5462.01,1.02641,0.25,0.220791,0.446196,0.360358,0.803381,0.0398728,8840.9,0.327324,0.558615,0.105562,0.352551,0.72042,0.0466802,8762.8,6420.96,0.0791052,0.202169,0.254647,0.166554,0.250845,0.262852,0.311531,0.378936,1.30319e-17,1.26966e-13,9.6242e-10,1.25856e-05,0.0147189,5462.01
W2,V2,19,11,15,5462.01,1.02641,0.25,0.283426,0.33538,0.408971,0.775453,0.0216394,8742.94,0.371573,0.497442,0.10676,0.400903,0.705373,0.0271545,8776.1,6716.89,0.0454391,0.191288,0.298046,0.172706,0.265367,0.266598,0.317542,0.388705,8.06426e-17,5.01447e-13,2.38792e-09,1.37815e-05,0.00209776,5462.01
W2,V2,19,12,15,5462.01,1.02641,0.25,0.247723,0.460643,0.419914,0.822625,0.0127706,9018.93,0.344172,0.581733,0.0326952,0.403103,0.728552,0.0144521,8762.4,6315.11,0.0855144,0.239974,0.249164,0.138163,0.272732,0.271419,0.32272,0.391409,1.05747e-15,6.78811e-12,2.49376e-08,4.80415e-05,0.00598008,5462.01
W2,V2,20,4,15,7427.93,1.03886,0.1,0.162699,0.355409,0.307337,0.737131,0.0952034,8956.18,0.285734,0.409174,0.166195,0.302198,0.646933,0.109919,8814.67,6353.34,0.110294,0.158184,0.204136,0.19269,0.224777,0.240819,0.287368,0.361894,6.31936e-17,3.66451e-13,9.11351e-10,3.15888e-06,0.00509952,7427.93
W2,V2,20,5,15,7427.93,1.03886,0.1,0.127389,0.307117,0.239696,0.658002,0.153024,9005.3,0.227416,0.319877,0.203005,0.23539,0.560744,0.174144,8809.61,6274.18,0.136737,0.118073,0.162305,0.207508,0.201233,0.224614,0.265627,0.335615,2.6068e-19,3.35612e-15,1.21981e-11,6.72481e-08,0.000465285,7427.93
W2,V2,20,6,15,7427.93,1.03886,0.1,0.140033,0.304213,0.246822,0.640002,0.149371,9079.54,0.24699,0.312755,0.184831,0.243574,0.537667,0.166778,8818.62,6171.06,0.14711,0.125314,0.158674,0.197569,0.204554,0.225103,0.268768,0.339351,3.61948e-19,3.43184e-15,1.00959e-11,4.36238e-08,0.000262535,7427.93
W2,V2,20,7,15,7427.93,1.03886,0.1,0.157575,0.300108,0.257926,0.59788,0.179727,9273.78,0.267663,0.301462,0.178298,0.259016,0.487157,0.191068,8794.75,5952.02,0.176111,0.123516,0.123139,0.185928,0.20024,0.220338,0.262615,0.325979,3.88718e-23,9.296e-19,9.16609e-15,1.33952e-10,6.5655e-06,7427.93
W2,V2,20,8,15,7427.93,1.03886,0.1,0.175353,0.299952,0.30722,0.584283,0.161326,9228.03,0.316386,0.301234,0.159899,0.307132,0.476559,0.170676,8778.72,5915.87,0.179345,0.130453,0.127448,0.190532,0.201545,0.227111,0.270427,0.331786,1.3837e-22,3.1449e-18,2.80502e-14,3.12415e-10,9.06644e-06,7427.93
W2,V2,20,9,15,7427.93,1.03886,0.25,0.194301,0.299914,0.331612,0.587582,0.152726,9167.15,0.347642,0.301949,0.155985,0.333464,0.481856,0.162465,8747.42,5947.24,0.175815,0.13188,0.134158,0.191912,0.20377,0.23199,0.275055,0.330491,2.32131e-22,5.15276e-18,4.48429e-14,5.33627e-10,1.54564e-05,7427.93
W2,V2,20,10,15,7427.93,1.03886,0.25,0.195457,0.30209,0.327132,0.609126,0.129009,9006.52,0.335244,0.310375,0.157945,0.326299,0.509625,0.141195,8754.04,6064.35,0.150551,0.1434,0.167476,0.189079,0.208298,0.237406,0.281451,0.339948,4.91473e-20,5.71058e-16,2.63816e-12,1.95974e-08,0.000179523,7427.93
W2,V2,20,11,15,7427.93,1.03886,0.25,0.249291,0.313031,0.386627,0.680249,0.112582,8903.44,0.396322,0.342979,0.168807,0.383502,0.586561,0.128322,8715.29,6285.4,0.126369,0.14366,0.188695,0.194806,0.218148,0.244453,0.28801,0.339215,3.2974e-18,2.5478e-14,7.47239e-11,3.49499e-07,0.00124426,7427.93
W2,V2,20,12,15,7427.93,1.03886,0.25,0.242401,0.302881,0.391188,0.664955,0.123672,8882.01,0.406703,0.316534,0.185066,0.390976,0.572884,0.14434,8791.17,6365.37,0.12712,0.117595,0.187423,0.216696,0.206827,0.233295,0.278151,0.344215,6.73633e-20,8.09516e-16,2.8092e-12,2.01316e-08,0.000201305,7427.93
W2,V2,21,4,15,6247.9,1.02203,0.25,0.276253,0.463969,0.363582,0.814339,0.0946017,8827.75,0.347144,0.539123,0.143496,0.358067,0.718771,0.10368,8656.22,6116.68,0.12377,0.180939,0.189822,0.185106,0.216684,0.259873,0.294498,0.341949,1.35526e-14,5.04072e-11,8.80914e-08,0.00011349,0.0421564,6247.9
W2,V2,21,5,15,6247.9,1.02203,0.4,0.395621,0.354318,0.445842,0.746076,0.154682,8432.38,0.442926,0.453779,0.242217,0.440894,0.671466,0.172927,8279.43,6285.61,0.108202,0.149218,0.183776,0.180948,0.204928,0.279199,0.280697,0.267176,5.51929e-17,6.09661e-13,2.91022e-09,1.44934e-05,0.016558,6247.9
W2,V2,21,6,15,6247.9,1.02203,0.25,0.255361,0.359355,0.36925,0.748142,0.0981095,8763.86,0.379108,0.431467,0.207171,0.368027,0.670768,0.115897,8719.29,6480.25,0.0887059,0.156792,0.225001,0.187758,0.225847,0.248072,0.290996,0.345036,1.01118e-17,6.13009e-14,2.187e-10,1.63019e-06,0.00444902,6247.9
W2,V2,21,7,15,6247.9,1.02203,0.4,0.322882,0.324223,0.47044,0.714736,0.128003,8574.46,0.473655,0.384987,0.226458,0.464575,0.638052,0.1487,8447.2,6416.37,0.101587,0.14412,0.20181,0.188125,0.215659,0.263408,0.29516,0.292732,7.69011e-19,9.34073e-15,5.25377e-11,5.49426e-07,0.00252252,6247.9
W2,V2,21,8,15,6247.9,1.02203,0.25,0.288877,0.338372,0.469138,0.730529,0.0920001,8813.59,0.464348,0.400452,0.16447,0.46193,0.645574,0.106527,8649.62,6380.35,0.108235,0.159659,0.20681,0.18944,0.229329,0.255327,0.301545,0.336601,6.83892e-17,2.9627e-13,6.23619e-10,2.02129e-06,0.00355033,6247.9
W2,V2,21,9,15,6247.9,1.02203,0.25,0.264015,0.317034,0.404608,0.681208,0.121785,8802.73,0.422141,0.347696,0.183008,0.403538,0.590562,0.138536,8628.29,6287.51,0.123691,0.141402,0.188289,0.193867,0.214215,0.250415,0.287926,0.323123,1.55344e-17,1.20671e-13,3.23702e-10,1.12816e-06,0.00208492,6247.9
W2,V2,21,10,15,6247.9,1.02203,0.25,0.356679,0.309925,0.436293,0.680417,0.161505,8690.12,0.445011,0.341274,0.248155,0.433607,0.596578,0.186037,8560.89,6370.07,0.112729,0.124135,0.180937,0.195992,0.20017,0.244073,0.272699,0.297191,1.56088e-17,6.0483e-14,9.48726e-11,2.9083e-07,0.00103188,6247.9
W2,V2,21,11,15,6247.9,1.02203,0.25,0.277303,0.301929,0.479978,0.611527,0.191842,8989.28,0.506844,0.305587,0.20938,0.48123,0.512611,0.20966,8673.23,6133.69,0.158336,0.104178,0.125973,0.216211,0.185642,0.224076,0.265186,0.301077,4.47867e-20,4.99737e-16,1.95002e-12,9.89221e-09,0.000123499,6247.9
W2,V2,21,12,15,6247.9,1.02203,0.1,0.150277,0.529056,0.340905,0.835696,0.116866,9046.16,0.307355,0.556952,0.164526,0.329248,0.725651,0.124826,8793.25,6006.41,0.126774,0.191245,0.177042,0.167006,0.213107,0.238367,0.284473,0.352334,5.52159e-16,3.56976e-12,1.40005e-08,4.30356e-05,0.0336018,6247.9
W2,V2,22,4,15,8112.27,1.05373,0.1,0.249511,0.497907,0.240723,0.858204,0.11173,8908.73,0.234184,0.554975,0.1617,0.238001,0.748836,0.122708,8736.04,6100.27,0.127231,0.17099,0.185219,0.18202,0.211833,0.246504,0.28448,0.346308,5.25558e-10,2.91166e-07,4.71868e-05,0.00424038,0.119272,8112.27
W2,V2,22,5,15,8112.27,1.05373,0.1,0.169817,0.421912,0.263182,0.781855,0.0869308,8916.16,0.268819,0.476558,0.146023,0.260628,0.689465,0.0996557,8810.49,6291.41,0.116562,0.159557,0.201914,0.20294,0.219371,0.24394,0.291019,0.365385,4.39519e-12,4.09668e-09,1.66445e-06,0.000523344,0.0427467,8112.27
W2,V2,22,6,15,8112.27,1.05373,0.1,0.154285,0.525333,0.291487,0.857189,0.0747722,9043.18,0.273151,0.564824,0.112204,0.28479,0.743727,0.0816129,8817.77,6079.32,0.12915,0.191326,0.194933,0.176388,0.22659,0.247849,0.296893,0.373645,9.75685e-14,3.50055e-10,5.72213e-07,0.000554241,0.0777515,8112.27
W2,V2,22,7,15,8112.27,1.05373,0.25,0.299083,0.391549,0.44056,0.774075,0.0759709,8750.02,0.429692,0.490898,0.140498,0.434898,0.691852,0.0872516,8670.71,6320.98,0.106753,0.169867,0.21286,0.199679,0.223589,0.260093,0.304539,0.348116,1.66908e-14,4.22908e-11,3.74749e-08,3.64395e-05,0.0182017,8112.27
W2,V2,22,8,15,8112.27,1.05373,0.25,0.307332,0.452199,0.466878,0.799191,0.0694172,8706.39,0.448865,0.541332,0.127107,0.461105,0.716126,0.078489,8627.36,6243.41,0.107803,0.183471,0.216089,0.188882,0.225267,0.266519,0.310573,0.344419,1.35164e-13,2.47482e-10,1.75219e-07,0.000112948,0.030482,8112.27
W2,V2,22,9,15,8112.27,1.05373,0.25,0.269863,0.468478,0.419867,0.812617,0.0574136,8799.89,0.403291,0.550311,0.109791,0.413844,0.723437,0.0654788,8724.46,6261.43,0.106183,0.185515,0.22573,0.186528,0.230564,0.261058,0.308413,0.36505,3.03572e-13,4.73523e-10,3.27981e-07,0.00023285,0.0415084,8112.27
W2,V2,22,10,15,8112.27,1.05373,0.25,0.279651,0.499649,0.447439,0.829813,0.0709138,8791.13,0.429458,0.5619,0.11661,0.441055,0.734935,0.0786435,8648.96,6148.39,0.119154,0.188101,0.207458,0.1806,0.226044,0.264542,0.308927,0.347887,1.02211e-13,2.9422e-10,3.58223e-07,0.000331526,0.0595576,8112.27
W2,V2,22,11,15,8112.27,1.05373,0.1,0.221745,0.397009,0.354861,0.769479,0.0946197,8925.1,0.357279,0.458414,0.141395,0.352689,0.674218,0.106634,8757.83,6219.26,0.129505,0.156521,0.187407,0.202862,0.21707,0.246762,0.292278,0.354325,5.0903e-14,2.13705e-10,2.48449e-07,0.000185852,0.0385658,8112.27
W2,V2,22,12,15,8112.27,1.05373,0.25,0.265481,0.439424,0.380123,0.793351,0.101663,8814.96,0.381417,0.501962,0.156958,0.377646,0.701613,0.113466,8656.15,6197.18,0.121888,0.166294,0.191063,0.191125,0.216164,0.255456,0.294061,0.337016,1.30016e-14,6.68576e-11,1.20398e-07,0.000159265,0.0454976,8112.27
W2,V2,23,4,15,10546.7,1.05609,0.1,0.19939,0.46833,0.306749,0.824136,0.125721,8949.79,0.307487,0.510418,0.163883,0.304947,0.713553,0.136655,8735.14,6057.45,0.139441,0.15918,0.169128,0.19027,0.205326,0.241077,0.282791,0.339477,3.1855e-13,1.52624e-09,1.7561e-06,0.000874025,0.0955187,10546.7
W2,V2,23,5,15,10546.7,1.05609,0.25,0.21791,0.324124,0.322723,0.692251,0.129794,8997.42,0.344759,0.360767,0.168858,0.323779,0.595016,0.145646,8722.68,6225.68,0.143378,0.132425,0.16204,0.205117,0.211395,0.240131,0.27977,0.334453,4.39391e-15,3.05786e-11,4.11672e-08,3.10666e-05,0.00975657,10546.7
W2,V2,23,6,15,10546.7,1.05609,0.25,0.352101,0.307436,0.46708,0.642975,0.173563,8725.35,0.492996,0.330431,0.191369,0.471674,0.547045,0.184144,8293.69,6085.44,0.155621,0.131002,0.140105,0.18318,0.205948,0.271303,0.281174,0.263379,4.07047e-16,2.57464e-12,4.41322e-09,5.12341e-06,0.00337284,10546.7
W2,V2,23,7,15,10546.7,1.05609,0.25,0.355924,0.306929,0.495689,0.649132,0.164537,8685.83,0.532428,0.331355,0.183198,0.501185,0.553503,0.175283,8274.84,6126.59,0.156302,0.126791,0.14194,0.192544,0.207139,0.273038,0.290233,0.261446,1.37536e-15,7.80267e-12,1.11837e-08,9.97837e-06,0.00446209,10546.7
W2,V2,23,8,15,10546.7,1.05609,0.4,0.359529,0.38184,0.49832,0.780745,0.0774145,8552.04,0.488199,0.507159,0.141509,0.492801,0.703206,0.0888204,8481.88,6303.6,0.107769,0.167924,0.215793,0.197844,0.221849,0.277983,0.31494,0.318257,4.47918e-13,7.24751e-10,4.50374e-07,0.000244077,0.0377185,10546.7
W2,V2,23,9,15,10546.7,1.05609,0.4,0.303032,0.457121,0.448472,0.826895,0.0822883,8739.74,0.432928,0.546267,0.130838,0.441946,0.732321,0.0915934,8601.37,6166.26,0.121692,0.176706,0.201129,0.188123,0.220756,0.266117,0.30613,0.33616,3.83816e-12,5.19389e-09,2.68195e-06,0.000944634,0.0778,10546.7
W2,V2,23,10,15,10546.7,1.05609,0.25,0.243256,0.488419,0.396759,0.839867,0.115283,8911.16,0.390174,0.529966,0.149283,0.392995,0.728586,0.124453,8694.03,6026.99,0.141843,0.165602,0.170667,0.189913,0.207523,0.24769,0.290176,0.337681,3.98513e-12,6.80804e-09,3.96484e-06,0.00120562,0.106034,10546.7
W2,V2,23,11,15,10546.7,1.05609,0.25,0.237827,0.39227,0.373219,0.753336,0.115307,8956.05,0.373843,0.439379,0.152768,0.369838,0.651992,0.126626,8712.28,6115.95,0.14045,0.15614,0.170829,0.193609,0.212345,0.245556,0.288131,0.339688,4.87333e-13,1.03884e-09,7.12917e-07,0.000289151,0.0406248,10546.7
W2,V2,23,12,15,10546.7,1.05609,0.1,0.154738,0.468106,0.262952,0.829898,0.0978492,9015.65,0.259664,0.520255,0.135502,0.259958,0.719522,0.107503,8816.62,6090.54,0.137174,0.167414,0.180027,0.194367,0.213515,0.241047,0.288457,0.362992,5.13285e-13,1.66719e-09,1.65416e-06,0.000816979,0.0876963,10546.7
W2,V2,24,4,15,4803.52,1.06231,0.4,0.393603,0.599075,0.471123,1.10338,0.256001,8314.62,0.500082,0.608984,0.263023,0.480449,0.951063,0.26352,7989.39,5909,0.147674,0.118063,0.133511,0.164408,0.172823,0.277188,0.253355,0.205937,2.16072e-09,5.56398e-06,0.00137856,0.0731952,0.669861,4803.52
W2,V2,24,5,15,4803.52,1.06231,0.1,0.263787,0.596631,0.370746,1.10262,0.153424,8797.23,0.371951,0.617483,0.178334,0.369954,0.940184,0.163213,8552.48,5955.47,0.150399,0.148961,0.16161,0.176701,0.199117,0.251892,0.280398,0.304497,1.69252e-08,2.239e-05,0.00350052,0.115159,0.595182,4803.52
W2,V2,24,6,15,4803.52,1.06231,0.1,0.236872,0.561713,0.375562,0.935499,0.0917569,8841.97,0.334937,0.593558,0.121853,0.365305,0.808911,0.0986223,8607.01,5996.94,0.142147,0.180974,0.184037,0.174438,0.219783,0.26486,0.301085,0.335433,3.2091e-11,1.52231e-07,0.000121502,0.0194427,0.237306,4803.52
W2,V2,24,7,15,4803.52,1.06231,0.1,0.222252,0.558894,0.332589,0.920862,0.0785178,8934.57,0.299089,0.592142,0.106305,0.323161,0.793409,0.0843837,8682.58,5998.66,0.141881,0.187993,0.18795,0.172692,0.2251,0.261146,0.302364,0.352106,9.33728e-13,9.96684e-09,1.93782e-05,0.00815401,0.191516,4803.52
W2,V2,24,8,15,4803.52,1.06231,0.1,0.279694,0.547084,0.345407,0.921387,0.0927836,8879.12,0.297338,0.594528,0.122762,0.332085,0.796332,0.0990523,8605.49,5976.56,0.141563,0.187773,0.1815,0.168426,0.221686,0.266691,0.297862,0.336396,1.64982e-12,2.07264e-08,3.85816e-05,0.0112343,0.190767,4803.52
W2,V2,24,9,15,4803.52,1.06231,0.1,0.253055,0.589134,0.343917,1.03744,0.123857,8928.76,0.313135,0.607205,0.138944,0.33565,0.876305,0.128905,8595.16,5868.62,0.159769,0.172861,0.156091,0.172243,0.210131,0.258919,0.288376,0.3238,5.14561e-10,2.1943e-06,0.00109739,0.0608971,0.406988,4803.52
W2,V2,24,10,15,4803.52,1.06231,0.1,0.22765,0.581846,0.315653,1.01604,0.127968,8952.27,0.292147,0.600008,0.149649,0.310183,0.859798,0.135722,8648.05,5934,0.154243,0.163673,0.164315,0.171675,0.210372,0.251217,0.284624,0.328437,1.2192e-11,1.16634e-07,0.000137245,0.0276208,0.383302,4803.52
W2,V2,24,11,15,4803.52,1.06231,0.25,0.214096,0.594347,0.353048,1.03358,0.152393,8964.55,0.340081,0.601616,0.157998,0.351825,0.864962,0.157312,8655.37,5797.82,0.16767,0.156647,0.144329,0.179005,0.195037,0.242831,0.279667,0.32019,2.55468e-11,2.67382e-07,0.000281131,0.0299152,0.4064,4803.52
W2,V2,24,12,15,4803.52,1.06231,0.25,0.268388,0.597328,0.432288,1.06606,0.16668,8861.03,0.437794,0.6006,0.168711,0.433013,0.890294,0.174024,8509.36,5847.05,0.171494,0.137966,0.141385,0.180973,0.194158,0.251304,0.281014,0.293657,5.70922e-13,1.50425e-08,3.9985e-05,0.0152131,0.50086,4803.52
W2,V2,25,4,15,8137.32,1.00852,0.1,0.165667,0.319962,0.219249,0.731561,0.0751801,8810.54,0.262803,0.405062,0.143247,0.222067,0.650385,0.0901925,8837.73,6473.6,0.107887,0.133919,0.215234,0.238611,0.214156,0.243044,0.293938,0.372826,9.91313e-15,3.47541e-11,3.10333e-08,2.80514e-05,0.0118028,8137.32
W2,V2,25,5,15,8137.32,1.00852,0.1,0.18108,0.336623,0.207652,0.756739,0.0554034,8777.16,0.251309,0.451802,0.125415,0.209949,0.676563,0.0671438,8874.56,6497.68,0.0936459,0.147024,0.239769,0.233504,0.218913,0.244589,0.300865,0.387402,3.22527e-13,6.83061e-10,3.50843e-07,0.000144931,0.0196748,8137.32
W2,V2,25,6,15,8137.32,1.00852,0.1,0.163299,0.41547,0.206501,0.814269,0.0465597,8912.02,0.207765,0.529222,0.0902658,0.204146,0.718613,0.0542091,8889.6,6314.5,0.109268,0.17179,0.227256,0.210819,0.226657,0.246251,0.304507,0.395032,3.49416e-13,1.40027e-09,1.43208e-06,0.000800038,0.0647318,8137.32
W2,V2,25,7,15,8137.32,1.00852,0.1,0.156182,0.50669,0.210607,0.89915,0.0614755,9109.37,0.20303,0.551827,0.0856234,0.206983,0.768658,0.0678896,8888.9,6086.57,0.144999,0.174797,0.1897,0.195875,0.226738,0.242732,0.30019,0.389188,2.06964e-11,5.68174e-08,3.50227e-05,0.00740836,0.189884,8137.32
W2,V2,25,8,15,8137.32,1.00852,0.1,0.187988,0.582532,0.273021,1.02756,0.0928498,9026.33,0.26615,0.601296,0.10657,0.271576,0.86532,0.0979254,8743.72,5890.67,0.164192,0.172195,0.165757,0.186156,0.213775,0.251148,0.294842,0.356085,6.84143e-09,6.5849e-06,0.00127869,0.0537551,0.397453,8137.32
W2,V2,25,9,15,8137.32,1.00852,0.1,0.19607,0.551518,0.312241,0.95226,0.0930358,8988.52,0.299817,0.581048,0.121675,0.306759,0.814226,0.101238,8760.39,6034.85,0.146159,0.167494,0.182026,0.185493,0.21759,0.247991,0.293926,0.356845,1.65215e-10,3.66363e-07,0.000155634,0.0188252,0.28351,8137.32
W2,V2,25,10,15,8137.32,1.00852,0.25,0.224479,0.562786,0.37985,0.966225,0.114382,8976.55,0.376711,0.58681,0.137843,0.376717,0.821979,0.122416,8727.08,5959.94,0.153134,0.162901,0.168341,0.184278,0.20893,0.245074,0.289186,0.343324,1.78253e-10,3.8355e-07,0.000144469,0.0154024,0.301665,8137.32
W2,V2,25,11,15,8137.32,1.00852,0.25,0.244228,0.5549,0.389574,0.962958,0.119155,8892.16,0.382928,0.585297,0.144338,0.385572,0.823432,0.127347,8641.55,5966.92,0.150986,0.162819,0.167944,0.182642,0.208262,0.252442,0.290917,0.329294,3.09182e-09,2.20644e-06,0.000369626,0.0220211,0.305869,8137.32
W2,V2,25,12,15,8137.32,1.00852,0.1,0.250691,0.569022,0.359835,1.03549,0.176381,8857.36,0.348559,0.602986,0.200303,0.356659,0.878964,0.18643,8594.05,5922.07,0.148862,0.148298,0.15247,0.170589,0.193352,0.242118,0.269037,0.302415,3.01125e-08,1.52884e-05,0.00155603,0.0523846,0.443352,8137.32
W2,V2,26,4,15,7108.91,1.04127,0.4,0.46042,0.301861,0.390804,0.70344,0.176723,8395.02,0.473568,0.340234,0.34553,0.394812,0.63445,0.211765,8367.54,6634.25,0.0802211,0.109021,0.203827,0.201081,0.194084,0.258772,0.262957,0.266506,4.0701e-28,2.35181e-22,5.10528e-17,5.43274e-11,6.75713e-05,7108.91
W2,V2,26,5,15,7108.91,1.04127,0.25,0.410715,0.300988,0.360597,0.694433,0.156592,8459.52,0.458158,0.323676,0.302306,0.369004,0.621293,0.189126,8462.91,6627.2,0.087297,0.103659,0.209596,0.214291,0.196031,0.255606,0.269724,0.285544,2.72336e-29,1.78647e-23,4.14874e-18,6.62075e-12,2.08182e-05,7108.91
W2,V2,26,6,15,7108.91,1.04127,0.4,0.402074,0.30086,0.365424,0.696205,0.154929,8473.32,0.500053,0.322989,0.291896,0.379508,0.61993,0.185226,8429.26,6621.44,0.089867,0.104783,0.207176,0.214562,0.198387,0.260317,0.271783,0.282674,1.12261e-26,2.97883e-21,2.16617e-16,7.00848e-11,3.63332e-05,7108.91
W2,V2,26,7,15,7108.91,1.04127,0.25,0.400485,0.303453,0.347455,0.718026,0.13181,8542.75,0.447411,0.355362,0.283515,0.352314,0.644129,0.15873,8514.26,6619.98,0.0802273,0.126902,0.222221,0.200552,0.211367,0.259422,0.279124,0.302724,3.19575e-25,4.15522e-20,2.36878e-15,5.94097e-10,0.000153394,7108.91
W2,V2,26,8,15,7108.91,1.04127,0.1,0.381654,0.340506,0.335947,0.770448,0.0937967,8723.09,0.320632,0.4858,0.189437,0.325514,0.690245,0.107789,8598.48,6374.76,0.0922412,0.177725,0.217061,0.176047,0.229137,0.26514,0.294723,0.332348,1.16219e-23,1.49818e-18,1.42199e-13,3.71451e-08,0.002745,7108.91
W2,V2,26,9,15,7108.91,1.04127,0.25,0.366817,0.312133,0.317633,0.760852,0.0686906,8762.62,0.320483,0.437033,0.194281,0.306465,0.684541,0.0828814,8664.49,6590.69,0.0687446,0.179808,0.247594,0.173676,0.247296,0.264577,0.301754,0.350787,1.37068e-27,3.35959e-22,9.8143e-17,1.78419e-10,0.000188291,7108.91
W2,V2,26,10,15,7108.91,1.04127,0.1,0.348667,0.37533,0.334199,0.795552,0.0627217,8824.51,0.266495,0.538111,0.125998,0.317233,0.710505,0.0703535,8636.15,6262.75,0.0976033,0.209803,0.218618,0.159731,0.243892,0.27143,0.306796,0.351421,2.26607e-25,6.77145e-20,2.02798e-14,1.66624e-08,0.00268501,7108.91
W2,V2,26,11,15,7108.91,1.04127,0.55,0.421045,0.324525,0.368568,0.761296,0.0866063,8641.92,0.340624,0.465203,0.21317,0.353887,0.688724,0.102624,8541.52,6507.49,0.0757593,0.178375,0.234879,0.170254,0.238109,0.272965,0.2982,0.32621,3.21051e-25,5.28732e-20,8.18237e-15,4.75108e-09,0.000847838,7108.91
W2,V2,26,12,15,7108.91,1.04127,0.1,0.361981,0.394283,0.382183,0.803949,0.0634181,8786.47,0.274705,0.559786,0.134547,0.357328,0.721303,0.0711568,8569.97,6274.66,0.0915408,0.219741,0.221759,0.1449,0.250901,0.278325,0.309421,0.341097,7.6402e-24,1.61444e-18,3.27307e-13,1.27335e-07,0.00449537,7108.91
W2,V2,27,4,15,8080,1.03597,0.1,0.189197,0.441502,0.302582,0.812387,0.0871083,8983.53,0.272596,0.529009,0.140447,0.293005,0.712715,0.0965153,8788.48,6166.46,0.118137,0.185169,0.196269,0.179971,0.223939,0.246573,0.293886,0.363026,4.55656e-14,1.16678e-10,1.3194e-07,0.000118259,0.0330072,8080
W2,V2,27,5,15,8080,1.03597,0.1,0.212618,0.386516,0.303803,0.781513,0.0831526,8903.3,0.29298,0.490282,0.148965,0.297219,0.691812,0.0947569,8769.35,6293.29,0.108269,0.174328,0.207734,0.189119,0.225793,0.248929,0.295506,0.360808,1.2641e-15,5.67142e-12,1.17874e-08,2.55755e-05,0.0170351,8080
W2,V2,27,6,15,8080,1.03597,0.25,0.253787,0.362576,0.358978,0.753747,0.0990471,8831.55,0.364578,0.443217,0.162107,0.355207,0.665823,0.112964,8689.07,6298.59,0.116777,0.156756,0.196513,0.197813,0.219176,0.251548,0.294019,0.341468,3.98158e-15,1.85588e-11,3.07698e-08,4.48853e-05,0.0189593,8080
W2,V2,27,7,15,8080,1.03597,0.1,0.216379,0.384244,0.321541,0.761286,0.100809,8896.01,0.327085,0.450271,0.156462,0.319733,0.66896,0.113878,8726.28,6250.52,0.122791,0.15825,0.19049,0.196111,0.21848,0.24791,0.291386,0.346826,2.70796e-14,9.13204e-11,1.10053e-07,0.000104524,0.0276256,8080
W2,V2,27,8,15,8080,1.03597,0.25,0.262162,0.401209,0.383161,0.770565,0.113441,8825.28,0.387343,0.46399,0.164977,0.380627,0.677173,0.126091,8627.47,6189.38,0.12764,0.158609,0.181863,0.191614,0.214184,0.253941,0.292424,0.327544,1.80006e-13,5.6746e-10,5.42679e-07,0.000304174,0.0424481,8080
W2,V2,27,9,15,8080,1.03597,0.25,0.223108,0.385384,0.335266,0.76342,0.105107,8909.27,0.337244,0.452819,0.162305,0.331897,0.670047,0.118233,8722.5,6239.39,0.122046,0.160711,0.18899,0.191318,0.218701,0.246916,0.290395,0.344456,9.35403e-15,4.895e-11,8.34102e-08,9.79253e-05,0.0266123,8080
W2,V2,27,10,15,8080,1.03597,0.25,0.239901,0.380828,0.354727,0.76548,0.103774,8855.3,0.370001,0.452169,0.156881,0.353717,0.672968,0.117379,8697.32,6251.07,0.126165,0.151301,0.187038,0.203378,0.214739,0.249458,0.292201,0.340962,3.9337e-14,2.25348e-10,3.22924e-07,0.00025919,0.0422543,8080
W2,V2,27,11,15,8080,1.03597,0.25,0.214069,0.349584,0.330898,0.727763,0.120953,8937.53,0.346332,0.403262,0.170203,0.331182,0.632669,0.136,8728.35,6231.29,0.13261,0.143638,0.175522,0.199911,0.21232,0.241313,0.284379,0.338308,3.32263e-15,2.53427e-11,5.0101e-08,6.39039e-05,0.02109,8080
W2,V2,27,12,15,8080,1.03597,0.25,0.22486,0.330703,0.348413,0.699547,0.133002,8946.22,0.364039,0.37193,0.175936,0.349625,0.60324,0.148499,8693.2,6206.89,0.13911,0.137551,0.166377,0.198038,0.210426,0.241112,0.28199,0.328399,4.49992e-15,2.82305e-11,4.34435e-08,4.24067e-05,0.0134266,8080
W2,V2,28,4,15,6003.28,1.04625,0.25,0.234769,0.584275,0.468866,0.940509,0.0867177,9064.34,0.418998,0.597095,0.0898659,0.453127,0.791343,0.0861768,8640.13,5703.09,0.174554,0.206562,0.144142,0.17207,0.216495,0.262494,0.308216,0.343113,1.52727e-14,2.733e-10,1.49449e-06,0.00140396,0.159859,6003.28
W2,V2,28,5,15,6003.28,1.04625,0.25,0.270216,0.441939,0.422458,0.788335,0.0427628,8596.2,0.389106,0.556873,0.106849,0.418192,0.715697,0.0510581,8720.39,6402.06,0.0853589,0.174814,0.257726,0.205749,0.225294,0.265155,0.314019,0.369768,7.28366e-16,6.11601e-12,1.95091e-08,6.50048e-05,0.030432,6003.28
W2,V2,28,6,15,6003.28,1.04625,0.1,0.173774,0.497624,0.32794,0.830708,0.0176549,9066.56,0.262617,0.59402,0.0538167,0.314637,0.733968,0.0203366,8815.3,6399.05,0.07151,0.239236,0.273677,0.110111,0.285129,0.264832,0.316527,0.398304,1.44212e-17,1.19989e-13,7.37443e-10,7.64989e-06,0.0050224,6003.28
W2,V2,28,7,15,6003.28,1.04625,0.1,0.203854,0.513362,0.375093,0.842183,0.0146814,9159.28,0.317668,0.59564,0.0397178,0.360747,0.739652,0.0165765,8798.73,6351.9,0.0801562,0.248281,0.258278,0.106493,0.290214,0.269938,0.31466,0.398826,3.33136e-15,4.90498e-12,6.55864e-09,1.94182e-05,0.00802494,6003.28
W2,V2,28,8,15,6003.28,1.04625,0.25,0.272908,0.410599,0.421539,0.808616,0.0222877,8886.88,0.375603,0.575427,0.0692663,0.412436,0.723919,0.0262807,8794.27,6450.93,0.070627,0.214277,0.275604,0.147714,0.265497,0.265138,0.316378,0.392203,3.84723e-16,1.17529e-12,2.70378e-09,1.16962e-05,0.00755946,6003.28
W2,V2,28,9,15,6003.28,1.04625,0.25,0.223699,0.44923,0.37827,0.819929,0.0301183,8910.36,0.327503,0.579497,0.0732658,0.367318,0.729165,0.0347027,8794.44,6328.37,0.0877905,0.21284,0.253215,0.156711,0.254741,0.262896,0.313511,0.38889,1.17937e-17,2.01238e-13,2.15145e-09,2.61133e-05,0.018258,6003.28
W2,V2,28,10,15,6003.28,1.04625,0.4,0.299458,0.416081,0.387155,0.785772,0.0475026,8569.54,0.293796,0.539595,0.11597,0.367752,0.712425,0.0574651,8646.17,6421.7,0.0876103,0.166843,0.254912,0.209256,0.223914,0.271945,0.314372,0.356218,4.28804e-18,1.51199e-13,2.23571e-09,3.77875e-05,0.0354871,6003.28
W2,V2,28,11,15,6003.28,1.04625,0.55,0.472231,0.350376,0.4496,0.776903,0.0800096,8410.12,0.398386,0.519098,0.171693,0.435765,0.708527,0.0941231,8385.09,6398.8,0.0908162,0.167802,0.231742,0.191971,0.223544,0.293642,0.304792,0.307443,3.31017e-14,1.2631e-10,1.91306e-07,0.000226576,0.0312169,6003.28
W2,V2,28,12,15,6003.28,1.04625,0.55,0.590057,0.312022,0.583832,0.740211,0.144383,7836.66,0.518306,0.544831,0.3488,0.567981,0.710346,0.174228,7871.4,6468.81,0.0650558,0.159715,0.230796,0.163492,0.206714,0.322352,0.288204,0.215216,1.21048e-15,3.7586e-12,7.76283e-09,1.95614e-05,0.0110545,6003.28
W2,V2,29,4,15,5730.14,1.00736,0.1,0.175937,0.59388,0.342788,1.00229,0.0890039,9160.68,0.292654,0.601734,0.0912911,0.329403,0.831481,0.0894464,8713.9,5727.13,0.178069,0.196904,0.144292,0.173581,0.217708,0.25623,0.299641,0.354683,1.35963e-09,1.72627e-06,0.000471028,0.0204076,0.277004,5730.14
W2,V2,29,5,15,5730.14,1.00736,0.25,0.21664,0.596361,0.38964,1.01472,0.10208,9101.26,0.361944,0.603556,0.10859,0.380303,0.846415,0.104289,8700.4,5787.14,0.17122,0.184995,0.15055,0.174747,0.2142,0.253212,0.29575,0.346749,6.57516e-09,5.5838e-06,0.000982915,0.0333121,0.322619,5730.14
W2,V2,29,6,15,5730.14,1.00736,0.25,0.313902,0.599821,0.467933,1.10646,0.169099,8719.36,0.472781,0.608995,0.170147,0.468097,0.931482,0.175211,8426.79,5824.53,0.170911,0.137389,0.141958,0.185905,0.188626,0.258713,0.284038,0.282038,1.63904e-08,1.58204e-05,0.00211722,0.0678237,0.614773,5730.14
W2,V2,29,7,15,5730.14,1.00736,0.25,0.296196,0.602694,0.424619,1.14657,0.169807,8738.55,0.436509,0.621172,0.174292,0.428377,0.968179,0.178572,8511.64,5851.37,0.169197,0.129004,0.145949,0.193277,0.184001,0.250853,0.277365,0.29321,3.98105e-07,0.000171734,0.00847194,0.113461,0.715996,5730.14
W2,V2,29,8,15,5730.14,1.00736,0.25,0.268618,0.604137,0.388622,1.21442,0.132692,8767.34,0.434437,0.638946,0.169291,0.394765,1.05496,0.151551,8658.6,6194.9,0.148732,0.106867,0.188577,0.201317,0.202956,0.243716,0.282249,0.322485,6.15409e-07,0.000311783,0.0105099,0.175023,0.931861,5730.14
W2,V2,29,9,15,5730.14,1.00736,0.1,0.23036,0.619891,0.309594,1.24908,0.107082,8761.64,0.31829,0.705114,0.150492,0.30747,1.09532,0.120122,8716.79,6115.59,0.135615,0.142853,0.203439,0.19225,0.20572,0.248131,0.287976,0.34377,9.69827e-06,0.00198889,0.0402404,0.350416,0.940776,5730.14
W2,V2,29,10,15,5730.14,1.00736,0.25,0.287874,0.606431,0.437412,1.19645,0.12933,8746.33,0.438148,0.642817,0.154993,0.43374,1.03242,0.143335,8601.19,6047.53,0.15629,0.124772,0.177233,0.199457,0.198913,0.250879,0.288872,0.316914,9.99036e-07,0.000408295,0.0147554,0.188479,0.862093,5730.14
W2,V2,29,11,15,5730.14,1.00736,0.25,0.279913,0.60168,0.392045,1.1365,0.165988,8806.46,0.40406,0.616183,0.168896,0.395373,0.954457,0.173709,8549.43,5835.55,0.170957,0.133145,0.144466,0.191502,0.186222,0.249091,0.276884,0.300316,8.05018e-08,6.33902e-05,0.00529785,0.0970254,0.678839,5730.14
W2,V2,29,12,15,5730.14,1.00736,0.25,0.212107,0.598537,0.33993,1.07103,0.14616,9023.68,0.332729,0.603786,0.147383,0.338405,0.888245,0.150632,8671.27,5789.03,0.174282,0.154886,0.140951,0.181485,0.197764,0.243425,0.280836,0.325107,8.91495e-10,1.98493e-06,0.000651245,0.0377547,0.475192,5730.14
W2,V2,30,4,15,7344.28,1.03898,0.1,0.146066,0.320045,0.223244,0.708541,0.0949037,8990.41,0.238104,0.364826,0.158209,0.222619,0.614226,0.109834,8843.71,6346.86,0.116881,0.150289,0.202837,0.195513,0.224645,0.237507,0.286768,0.36589,7.55573e-18,7.08756e-14,2.33254e-10,1.03943e-06,0.00229844,7344.28
W2,V2,30,5,15,7344.28,1.03898,0.1,0.119127,0.5258,0.202521,0.865954,0.10744,9164.36,0.185873,0.561559,0.13094,0.197152,0.739035,0.112408,8857.15,5880.97,0.149212,0.18921,0.162076,0.177158,0.209936,0.235378,0.285479,0.366735,7.28567e-16,8.59903e-12,4.64181e-08,0.000130948,0.0720097,7344.28
W2,V2,30,6,15,7344.28,1.03898,0.1,0.147466,0.590796,0.275861,0.977885,0.181967,9172.07,0.274315,0.596154,0.164984,0.275525,0.805629,0.180021,8809.68,5565.5,0.182224,0.162525,0.115439,0.184352,0.17544,0.222074,0.26537,0.332536,7.48829e-16,2.00587e-11,1.99266e-07,0.000487278,0.228164,7344.28
W2,V2,30,7,15,7344.28,1.03898,0.1,0.148781,0.575642,0.303544,0.923994,0.140549,9165.78,0.264401,0.590795,0.141896,0.294245,0.774494,0.140014,8788.3,5660.41,0.169344,0.187777,0.133561,0.175255,0.194049,0.234518,0.280098,0.34537,2.74963e-16,5.55359e-12,5.65785e-08,0.000200538,0.123927,7344.28
W2,V2,30,8,15,7344.28,1.03898,0.25,0.257004,0.339241,0.366071,0.751188,0.0862971,8771.34,0.373972,0.432881,0.186693,0.362904,0.672448,0.102092,8710.11,6482.66,0.0889502,0.161212,0.229563,0.187051,0.231132,0.253038,0.295689,0.349182,2.53102e-17,1.86374e-13,6.75236e-10,3.89227e-06,0.00546508,7344.28
W2,V2,30,9,15,7344.28,1.03898,0.1,0.192902,0.30705,0.313225,0.67178,0.120153,9027.49,0.33468,0.327376,0.162807,0.313685,0.575247,0.138136,8806.25,6313.25,0.142066,0.120395,0.169373,0.216762,0.213267,0.233682,0.279201,0.348982,6.86778e-16,4.19324e-12,4.56222e-09,3.80983e-06,0.00202899,7344.28
W2,V2,30,10,15,7344.28,1.03898,0.25,0.203903,0.300412,0.333357,0.618233,0.152987,9133.98,0.353739,0.303422,0.169365,0.334813,0.513131,0.168766,8800.62,6105.92,0.16554,0.115754,0.140267,0.207838,0.201836,0.226028,0.269308,0.335897,2.29508e-19,2.64397e-15,6.74788e-12,1.43747e-08,4.6429e-05,7344.28
W2,V2,30,11,15,7344.28,1.03898,0.25,0.219579,0.318961,0.350562,0.702106,0.11013,8975.47,0.362029,0.358804,0.169299,0.347963,0.60882,0.126897,8797.72,6336.93,0.124529,0.139395,0.187946,0.202554,0.218678,0.237656,0.283083,0.352364,5.00515e-16,2.03263e-12,2.25592e-09,2.84028e-06,0.00292768,7344.28
W2,V2,30,12,15,7344.28,1.03898,0.25,0.30309,0.314597,0.365803,0.708302,0.125194,8753.53,0.389777,0.363584,0.228867,0.364154,0.623797,0.146105,8654.18,6429.75,0.0984556,0.144197,0.209239,0.185099,0.216904,0.247277,0.28151,0.325108,2.63686e-18,1.99139e-14,5.61572e-11,2.88942e-07,0.00107554,7344.28
W2,V2,31,4,15,10429.7,1.04782,0.1,0.305156,0.387336,0.324873,0.770022,0.0919241,8709.69,0.324888,0.487579,0.168485,0.321655,0.689822,0.105868,8650.12,6329.48,0.104497,0.162623,0.211628,0.197477,0.217906,0.259692,0.294347,0.340093,1.43866e-18,4.35089e-14,5.2401e-10,6.92056e-06,0.0163799,10429.7
W2,V2,31,5,15,10429.7,1.04782,0.7,0.480823,0.337684,0.377051,0.749428,0.128491,8398.55,0.389995,0.474887,0.267096,0.373502,0.685549,0.151204,8422.78,6466.5,0.0829799,0.146447,0.217459,0.196898,0.205012,0.272718,0.281825,0.294253,5.84075e-19,1.94182e-14,2.23538e-10,3.15455e-06,0.00928805,10429.7
W2,V2,31,6,15,10429.7,1.04782,0.4,0.483544,0.335146,0.374116,0.751534,0.12052,8406.97,0.3848,0.479156,0.260512,0.369464,0.687548,0.142512,8439.7,6479.56,0.0809067,0.148731,0.222724,0.197705,0.207422,0.273476,0.284646,0.299367,4.04299e-19,1.45784e-14,1.86261e-10,2.95244e-06,0.00891683,10429.7
W2,V2,31,7,15,10429.7,1.04782,0.4,0.388263,0.324203,0.371892,0.72601,0.101948,8506.46,0.416399,0.409909,0.206474,0.373357,0.656977,0.121908,8528.97,6519.18,0.0937038,0.13337,0.217803,0.224144,0.209071,0.267888,0.293166,0.317038,1.02449e-19,4.55826e-15,5.48892e-11,8.84775e-07,0.00458833,10429.7
W2,V2,31,8,15,10429.7,1.04782,0.25,0.329557,0.331485,0.340585,0.731738,0.10068,8716.69,0.382569,0.407317,0.174327,0.342167,0.649949,0.116715,8599.89,6405.29,0.110561,0.144525,0.200702,0.209275,0.218223,0.261751,0.292751,0.328782,1.81861e-19,8.88328e-15,1.26948e-10,1.89248e-06,0.00657233,10429.7
W2,V2,31,9,15,10429.7,1.04782,0.25,0.299695,0.315016,0.378209,0.690868,0.121123,8813.82,0.432173,0.353516,0.171256,0.382982,0.599218,0.137255,8586.31,6303.24,0.132841,0.132323,0.17682,0.20649,0.214272,0.25534,0.28944,0.317964,1.15632e-21,1.28378e-16,4.09421e-12,1.70452e-07,0.00245106,10429.7
W2,V2,31,10,15,10429.7,1.04782,0.25,0.311158,0.317195,0.363121,0.703556,0.11781,8740.09,0.427124,0.364765,0.182927,0.368978,0.617745,0.135862,8588.27,6390.19,0.12137,0.128728,0.186528,0.215649,0.211862,0.255826,0.289357,0.318955,1.20008e-21,1.35807e-16,4.1887e-12,1.8019e-07,0.00274489,10429.7
W2,V2,31,11,15,10429.7,1.04782,0.25,0.357324,0.319189,0.380494,0.714112,0.118014,8582.99,0.441878,0.381219,0.210745,0.38422,0.638143,0.139017,8533.94,6489.2,0.104126,0.125564,0.20111,0.223641,0.206541,0.261054,0.28921,0.310719,1.19797e-21,1.25107e-16,3.53119e-12,1.49647e-07,0.00253604,10429.7
W2,V2,31,12,15,10429.7,1.04782,0.25,0.472579,0.32733,0.390519,0.734947,0.154258,8404.8,0.423018,0.435622,0.288898,0.390448,0.668447,0.179436,8373.23,6466.81,0.0883336,0.135534,0.201494,0.195577,0.199626,0.268947,0.273343,0.278274,1.04362e-20,6.70733e-16,1.64544e-11,6.16442e-07,0.00549033,10429.7
W2,V3,16,4,12.5,7937.1,1.00264,0.1,0.285601,0.298151,0.428752,1.00506,0.197551,8696.87,0.448757,0.304671,0.298919,0.428646,0.845768,0.229727,8250.9,6788.71,0.10776,0.0952231,0.155094,0.18268,0.229516,0.261339,0.264613,0.24432,1.3835e-21,1.79727e-13,3.6079e-07,0.0150276,0.715841,7937.1
W2,V3,16,5,15,7937.1,1.00264,0.4,0.280304,0.295451,0.428361,0.859085,0.202697,7986.42,0.480831,0.303207,0.247012,0.442917,0.711659,0.21863,8071.32,6017.25,0.133294,0.109107,0.191109,0.175236,0.172625,0.284926,0.268818,0.227626,2.09291e-22,1.48704e-14,1.85962e-08,0.00162078,0.427598,7937.1
W2,V3,16,6,17.5,7937.1,1.00264,0.4,0.33031,0.301559,0.37839,0.660601,0.332501,6530.84,0.469276,0.337632,0.26971,0.395362,0.561745,0.292394,8199.89,4047.04,0.158342,0.189962,0.214767,0.104862,0.0396729,0.24721,0.239628,0.220768,1.24769e-21,3.56495e-15,8.99047e-10,5.45183e-05,0.0469074,7937.1
W2,V3,16,7,19.5,7937.1,1.00264,0.55,0.47176,0.306403,0.452937,0.677298,0.039249,8160,0.556787,0.343968,0.145816,0.464349,0.631532,0.0498088,8358.71,6936.98,0.0583555,0.115609,0.258246,0.301142,0.216839,0.312074,0.318852,0.319266,1.82767e-20,6.2684e-16,7.64151e-12,1.55333e-07,0.00103091,7937.1
W2,V3,16,8,20,7937.1,1.00264,0.1,0.357896,0.457846,0.475267,0.624327,0.018002,8141.22,0.39738,0.531018,0.0942925,0.470019,0.612593,0.0226413,8476.01,7032.59,0.0434953,0.127809,0.257987,0.328226,0.219841,0.304122,0.328837,0.3444,5.18656e-16,7.8638e-14,1.16227e-11,3.83277e-09,2.74067e-06,7937.1
W2,V3,16,9,19.5,7937.1,1.00264,0.55,0.529613,0.607572,0.579131,0.661597,0.0392562,9060.57,0.583447,0.609355,0.11011,0.580921,0.648843,0.049535,8546.83,7291.38,0.0800664,0.128917,0.18475,0.249155,0.307577,0.287253,0.317836,0.345376,6.07589e-09,2.46626e-08,9.93409e-08,4.98638e-07,3.55556e-06,7937.1
W2,V3,16,10,17.5,7937.1,1.00264,0.7,0.585314,0.621821,0.579425,0.655915,0.179695,8666.14,0.590975,0.625591,0.22795,0.583209,0.646325,0.193717,8403.78,6110.05,0.131221,0.14432,0.157824,0.174628,0.19829,0.261026,0.268098,0.27716,8.85831e-09,1.5977e-08,2.86666e-08,5.72499e-08,1.41305e-07,7937.1
W2,V3,16,11,15,7937.1,1.00264,0.7,0.555047,0.604678,0.570466,0.674581,0.0850301,8073.27,0.606095,0.605939,0.132065,0.585077,0.652369,0.0918942,8298.29,6047.97,0.120786,0.172108,0.207152,0.217637,0.190423,0.305835,0.305174,0.297097,4.54494e-10,2.66714e-09,1.52447e-08,1.10356e-07,1.11596e-06,7937.1
W2,V3,16,12,12.5,7937.1,1.00264,0.55,0.499278,0.524835,0.600024,0.620727,0.0268018,6612.87,0.548767,0.594501,0.119403,0.596714,0.619444,0.0346774,7266.15,6316.77,0.0511493,0.161172,0.299065,0.311941,0.141995,0.478821,0.304486,0.182016,1.55814e-13,7.91618e-12,4.15697e-10,4.43004e-08,9.19888e-06,7937.1
W2,V3,17,4,12.5,8103.05,1.04776,0.1,0.159227,0.294619,0.398274,0.884305,0.0646785,9097.78,0.385285,0.299698,0.0785137,0.393357,0.675462,0.0722662,8616.94,6271.66,0.169632,0.137092,0.167279,0.201366,0.252365,0.261782,0.326526,0.339425,5.83813e-24,7.86809e-16,3.80085e-09,0.00076373,0.350084,8103.05
W2,V3,17,5,15,8103.05,1.04776,0.1,0.15062,0.292396,0.370126,0.69408,0.0552014,8728.56,0.344661,0.299381,0.0507731,0.368205,0.517193,0.0531492,8717.22,5412.91,0.19873,0.201376,0.155541,0.212593,0.178611,0.258157,0.3253,0.363394,6.90212e-26,3.41701e-18,1.72125e-11,4.99798e-06,0.0377604,8103.05
W2,V3,17,6,17.5,8103.05,1.04776,0.25,0.209726,0.299612,0.403174,0.826867,0.00472138,10046.2,0.466031,0.30076,0.0498189,0.387542,0.772586,0.00761225,8710.73,9182.11,0.0290372,0.0387057,0.132917,0.287467,0.504261,0.272831,0.338604,0.380953,2.87709e-23,5.49682e-17,8.55324e-12,1.54916e-06,0.02248,8103.05
W2,V3,17,7,19.5,8103.05,1.04776,0.25,0.247017,0.315601,0.306525,0.784499,0.00643241,9078.09,0.427332,0.371414,0.0582741,0.314741,0.733762,0.00934138,8804.28,7962.93,0.0301919,0.0757546,0.21175,0.358785,0.314177,0.266269,0.325497,0.398893,1.86141e-16,2.81776e-12,1.19069e-08,5.15539e-05,0.0420845,8103.05
W2,V3,17,8,20,8103.05,1.04776,0.4,0.337475,0.600312,0.389914,0.794899,0.235527,7091.67,0.465076,0.605179,0.128847,0.434351,0.697013,0.174251,8750.34,3771.13,0.235627,0.223418,0.188928,0.130622,0.0471543,0.228092,0.271692,0.325966,3.88264e-11,7.71144e-09,6.84929e-07,4.11737e-05,0.00139898,8103.05
W2,V3,17,9,19.5,8103.05,1.04776,0.4,0.413386,0.651996,0.475261,0.777019,0.0301083,9279.49,0.500747,0.645754,0.0806759,0.477965,0.748103,0.0377844,8819.84,7221.53,0.0861127,0.132072,0.186191,0.251636,0.306204,0.257565,0.314261,0.390389,7.42237e-09,3.31552e-08,1.33926e-07,6.10287e-07,3.47366e-06,8103.05
W2,V3,17,10,17.5,8103.05,1.04776,0.55,0.505513,0.894394,0.521156,0.935402,0.239443,8346.72,0.518514,0.900154,0.257294,0.520095,0.924498,0.244684,8292.72,5678.14,0.141261,0.146772,0.151585,0.15611,0.159587,0.255818,0.252359,0.247138,3.30851e-06,4.75595e-06,6.78115e-06,1.02749e-05,1.76145e-05,8103.05
W2,V3,17,11,15,8103.05,1.04776,0.4,0.417262,0.805813,0.470856,0.985422,0.0235828,8967.04,0.4537,0.874057,0.0975308,0.465859,0.972729,0.0312476,8598.32,7508.14,0.0578278,0.114655,0.198592,0.294551,0.303127,0.287237,0.321182,0.360333,1.15595e-06,4.16207e-06,1.45524e-05,6.52964e-05,0.000460291,8103.05
W2,V3,17,12,12.5,8103.05,1.04776,0.4,0.402536,0.601488,0.491945,0.968153,0.00971111,9111.18,0.525886,0.61415,0.0685596,0.493018,0.93613,0.0134837,8433.02,8272.02,0.0366375,0.0744514,0.162222,0.348806,0.3644,0.311867,0.333954,0.340695,1.87917e-09,2.6727e-07,1.61521e-05,0.00067409,0.0222004,8103.05
W2,V3,18,4,12.5,7586.95,1.03136,0.1,0.285799,0.283318,0.376443,0.86961,0.120685,8921.26,0.370181,0.298998,0.1436,0.376695,0.670699,0.132826,8514.95,6204.23,0.158429,0.130158,0.162902,0.186996,0.22869,0.26626,0.289581,0.311334,2.45235e-25,3.40353e-17,4.30877e-10,0.000497739,0.366091,7586.95
W2,V3,18,5,15,7586.95,1.03136,0.1,0.288871,0.298618,0.374599,0.943364,0.0635517,9208.89,0.422339,0.301664,0.166677,0.379705,0.813133,0.0850326,8540.33,7536.94,0.0850264,0.0848221,0.191431,0.229352,0.324336,0.277045,0.306543,0.33138,1.15699e-25,2.198e-17,2.34536e-10,0.000404456,0.377353,7586.95
W2,V3,18,6,17.5,7586.95,1.03136,0.1,0.212751,0.299594,0.26703,0.718393,0.122397,7856.78,0.365994,0.30572,0.141842,0.298793,0.591142,0.126623,8670.48,5369.71,0.153216,0.147804,0.240761,0.215671,0.115925,0.250896,0.287913,0.334568,1.37679e-26,3.75403e-19,1.60374e-12,4.57364e-06,0.0753726,7586.95
W2,V3,18,7,19.5,7586.95,1.03136,0.1,0.199474,0.383231,0.236322,0.807119,0.00766608,8290.14,0.258488,0.531664,0.0447621,0.243362,0.746209,0.00965123,8780.5,6730.03,0.0411921,0.161755,0.274879,0.315996,0.196528,0.271318,0.322301,0.396729,1.45621e-20,9.79734e-16,6.17522e-11,4.41563e-06,0.0247996,7586.95
W2,V3,18,8,20,7586.95,1.03136,0.1,0.243892,0.597171,0.295552,0.796887,0.00999318,9394.75,0.388554,0.598702,0.0483634,0.306838,0.752703,0.0138561,8851.54,7762.21,0.0545287,0.110475,0.180437,0.303038,0.337665,0.260866,0.319693,0.405584,9.65555e-15,2.90495e-12,7.18845e-10,2.36823e-07,0.000111107,7586.95
W2,V3,18,9,19.5,7586.95,1.03136,0.1,0.289708,0.600567,0.335825,0.614658,0.580103,6576.21,0.308014,0.601371,0.261634,0.320157,0.606304,0.417185,8303.42,2766.57,0.23547,0.167913,0.106238,0.054227,0.0189675,0.196529,0.194679,0.191607,4.11903e-14,6.02191e-13,8.29402e-12,1.60195e-10,5.05297e-09,7586.95
W2,V3,18,10,17.5,7586.95,1.03136,0.7,0.621914,0.599696,0.634769,0.60073,0.395148,7643.2,0.629173,0.599975,0.314903,0.632829,0.600435,0.365679,8028.86,4721.15,0.159113,0.14333,0.128451,0.111746,0.0916816,0.238034,0.213184,0.183103,1.62954e-12,2.9766e-12,5.41308e-12,1.1026e-11,2.81397e-11,7586.95
W2,V3,18,11,15,7586.95,1.03136,0.4,0.477481,0.599394,0.591718,0.601339,0.210878,7442.84,0.565695,0.59958,0.147503,0.586612,0.600557,0.172904,8657.43,4275.28,0.19986,0.215264,0.195946,0.143534,0.0724923,0.236964,0.27647,0.313663,2.09933e-13,1.20751e-12,7.41984e-12,6.71138e-11,1.13288e-09,7586.95
W2,V3,18,12,12.5,7586.95,1.03136,0.4,0.320693,0.595514,0.560096,0.765601,0.000510947,10493.8,0.550349,0.598314,0.00310316,0.571206,0.676199,0.000636834,10520,7179.86,0.0409169,0.146792,0.259487,0.278783,0.273384,0.0844605,0.221957,0.692946,2.98215e-13,2.46658e-11,2.77678e-09,6.46496e-07,0.000150234,7586.95
W2,V3,19,4,12.5,5462.01,1.02641,0.1,0.335172,0.304632,0.359638,1.16803,0.0705537,8581.03,0.337274,0.501584,0.167758,0.358507,0.957766,0.077119,8874.84,6151.47,0.0765167,0.218839,0.187599,0.271782,0.168144,0.235035,0.309726,0.37812,2.01109e-18,9.74064e-11,0.000140942,0.259241,0.986578,5462.01
W2,V3,19,5,15,5462.01,1.02641,0.4,0.499121,0.301539,0.395052,0.969037,0.31389,7459.88,0.397575,0.471664,0.439057,0.383141,0.818965,0.313778,8271.13,5230.01,0.0801771,0.20329,0.159543,0.158882,0.0843293,0.23677,0.22536,0.224092,3.70942e-19,8.68784e-12,1.17882e-05,0.0737353,0.918286,5462.01
W2,V3,19,6,17.5,5462.01,1.02641,0.7,0.57546,0.340874,0.395415,0.919984,0.231558,6886.27,0.380216,0.593604,0.17569,0.398455,0.754907,0.182676,8618.94,3992.6,0.171417,0.276314,0.179466,0.151597,0.0385301,0.245448,0.26132,0.310556,4.14953e-17,4.78203e-11,6.26984e-06,0.0239289,0.70861,5462.01
W2,V3,19,7,19.5,5462.01,1.02641,0.7,0.386573,0.515413,0.446001,0.753929,0.0731899,6505.34,0.399457,0.59891,0.0790144,0.432705,0.687005,0.0647093,8258.32,4229.43,0.150849,0.3158,0.25625,0.165924,0.0464663,0.326007,0.304377,0.304907,1.07813e-16,2.58732e-12,3.31702e-08,0.000122769,0.0277855,5462.01
W2,V3,19,8,20,5462.01,1.02641,0.1,0.347473,0.599226,0.460093,0.64744,0.612632,5593.09,0.388789,0.600463,0.265115,0.414861,0.616026,0.434269,7735.39,2216.99,0.240754,0.194448,0.0971571,0.0295408,0.00383228,0.23794,0.18676,0.141031,7.58308e-15,2.94004e-12,9.28042e-10,3.39856e-07,7.12114e-05,5462.01
W2,V3,19,9,19.5,5462.01,1.02641,0.25,0.388633,0.603427,0.419451,0.67553,0.171126,7580.21,0.429112,0.607412,0.163365,0.426891,0.647397,0.160692,8391.15,4910.91,0.164589,0.198555,0.201299,0.169872,0.104993,0.272923,0.279618,0.286766,1.08033e-12,1.33442e-11,1.61996e-10,2.83451e-09,8.56153e-08,5462.01
W2,V3,19,10,17.5,5462.01,1.02641,0.25,0.337537,0.608169,0.342904,0.62225,0.296385,8035.76,0.344741,0.609976,0.246865,0.3438,0.617281,0.276992,8339.94,4942.08,0.169009,0.158745,0.147584,0.133418,0.114253,0.24029,0.241057,0.241662,1.34222e-10,2.73954e-10,5.59588e-10,1.3173e-09,4.11133e-09,5462.01
W2,V3,19,11,15,5462.01,1.02641,0.4,0.370036,0.60077,0.399729,0.602021,0.0708639,7895.02,0.396177,0.600608,0.0922403,0.399585,0.601426,0.0712046,8603.83,5457.21,0.140148,0.2004,0.232219,0.21645,0.139578,0.275213,0.306963,0.346619,6.78965e-11,4.109e-10,2.45988e-09,1.84876e-08,1.76631e-07,5462.01
W2,V3,19,12,12.5,5462.01,1.02641,0.4,0.326034,0.599991,0.418766,0.627936,0.0289747,6631.07,0.425992,0.600076,0.0226061,0.430438,0.613654,0.0217462,8770.94,4017.58,0.188043,0.307976,0.289077,0.15075,0.0424078,0.264006,0.327699,0.386549,3.05053e-12,4.15094e-10,3.62739e-08,2.52125e-06,5.72702e-05,5462.01
W2,V3,20,4,12.5,7427.93,1.03886,0.1,0.121685,0.286867,0.333636,0.883673,0.067068,9637.64,0.326129,0.291899,0.103675,0.320449,0.665073,0.0809538,9125.5,6574.21,0.139978,0.137013,0.169107,0.205361,0.267587,0.209335,0.294113,0.415598,4.15683e-21,3.82196e-14,2.06958e-08,0.00111964,0.319341,7427.93
W2,V3,20,5,15,7427.93,1.03886,0.1,0.110443,0.291542,0.25194,0.706367,0.103161,9170.41,0.263798,0.294928,0.112135,0.253602,0.526672,0.106659,9048.22,5740.2,0.168902,0.171456,0.163946,0.197215,0.191822,0.215424,0.282244,0.395672,5.62559e-23,2.98935e-16,1.96723e-10,2.55975e-05,0.0627784,7427.93
W2,V3,20,6,17.5,7427.93,1.03886,0.1,0.10705,0.298422,0.226583,0.588985,0.276834,7949.77,0.229956,0.299447,0.167198,0.234398,0.440675,0.22578,8765.8,4234.32,0.224919,0.177889,0.155591,0.133557,0.0822633,0.213192,0.252909,0.308119,4.5962e-21,1.1577e-15,6.03177e-11,1.68109e-06,0.00637835,7427.93
W2,V3,20,7,19.5,7427.93,1.03886,0.25,0.202288,0.302823,0.272536,0.621142,0.0127157,9401.88,0.359741,0.313796,0.090611,0.272303,0.590655,0.0190539,8935.82,8115.24,0.0382458,0.069132,0.182677,0.354074,0.336817,0.248874,0.315919,0.416153,4.71714e-21,4.00184e-17,1.24324e-13,8.63648e-10,1.16621e-05,7427.93
W2,V3,20,8,20,7427.93,1.03886,0.25,0.255688,0.443192,0.2704,0.596931,0.0328634,8205.95,0.298602,0.494145,0.128613,0.273754,0.586453,0.0422141,8389.93,6930.66,0.0572025,0.132383,0.240003,0.307814,0.220384,0.310308,0.32138,0.326098,1.86277e-17,1.39213e-15,9.47236e-14,1.35743e-11,6.04589e-09,7427.93
W2,V3,20,9,19.5,7427.93,1.03886,0.25,0.256752,0.564112,0.319541,0.596873,0.121901,8059.22,0.295794,0.57788,0.163808,0.313398,0.592473,0.128025,8434.08,5712.13,0.130706,0.174938,0.204366,0.205481,0.156485,0.278239,0.290429,0.303307,3.58965e-15,1.99376e-14,1.20945e-13,1.15966e-12,2.59671e-11,7427.93
W2,V3,20,10,17.5,7427.93,1.03886,0.4,0.365641,0.594086,0.387115,0.597281,0.241509,8342.3,0.383784,0.594212,0.236445,0.386101,0.596204,0.239332,8399.74,5422.98,0.154576,0.154501,0.153561,0.151333,0.146698,0.246718,0.252895,0.261055,4.87489e-12,8.68361e-12,1.54376e-11,3.06757e-11,7.61834e-11,7427.93
W2,V3,20,11,15,7427.93,1.03886,0.4,0.402194,0.597147,0.462748,0.606485,0.344929,7269.76,0.463135,0.597221,0.209619,0.466474,0.601929,0.279252,8360.89,3927.85,0.210588,0.188009,0.153008,0.108447,0.0606959,0.235765,0.243132,0.241851,6.04998e-12,3.84526e-11,2.36702e-10,1.9064e-09,2.38414e-08,7427.93
W2,V3,20,12,12.5,7427.93,1.03886,0.4,0.344661,0.561495,0.466478,0.625876,0.00245527,9265.88,0.465864,0.579578,0.0154617,0.469896,0.615097,0.00322704,9298.55,7361.07,0.0410971,0.124785,0.239972,0.316382,0.274536,0.203751,0.316618,0.476404,3.59266e-15,1.94007e-13,1.19042e-11,1.56387e-09,5.16529e-07,7427.93
W2,V3,21,4,12.5,6247.9,1.02203,0.1,0.219867,0.29827,0.377657,1.01595,0.07746,9125.92,0.37552,0.311909,0.117287,0.372536,0.799335,0.0899047,8770.77,6448.06,0.135326,0.141758,0.174706,0.214808,0.243496,0.245205,0.305617,0.359273,3.07037e-17,9.07835e-11,9.21625e-06,0.0332655,0.624198,6247.9
W2,V3,21,5,15,6247.9,1.02203,0.25,0.288725,0.294638,0.420613,0.764235,0.383395,7434.23,0.453503,0.307665,0.301466,0.431085,0.591825,0.359925,7943.63,4640.07,0.166798,0.132239,0.140559,0.117287,0.0831921,0.248469,0.214275,0.177331,9.05331e-20,5.87507e-13,2.05479e-07,0.0038333,0.33215,6247.9
W2,V3,21,6,17.5,6247.9,1.02203,0.25,0.30945,0.30213,0.400967,0.841604,0.0278955,9272.04,0.471004,0.322818,0.109736,0.409681,0.734866,0.0369694,9131.39,7279.76,0.0599852,0.112703,0.246326,0.257738,0.286279,0.21663,0.311538,0.434863,1.09157e-18,1.91231e-13,6.67744e-09,0.000156425,0.0971855,6247.9
W2,V3,21,7,19.5,6247.9,1.02203,0.4,0.340267,0.321636,0.466446,0.656262,0.0662438,7255.76,0.505412,0.398087,0.115865,0.483444,0.604436,0.0690919,8433.12,5334.76,0.105444,0.21323,0.296726,0.209157,0.106351,0.287542,0.32691,0.316455,9.01147e-18,6.23455e-14,2.66026e-10,1.83547e-06,0.00309957,6247.9
W2,V3,21,8,20,6247.9,1.02203,0.25,0.279772,0.571544,0.414225,0.610329,0.282241,6086.46,0.405119,0.583995,0.234804,0.417835,0.602935,0.26283,7416.78,3886.45,0.171305,0.224215,0.193258,0.11064,0.0377523,0.339034,0.251345,0.146792,1.50924e-13,1.06428e-11,7.66675e-10,9.09845e-08,1.39352e-05,6247.9
W2,V3,21,9,19.5,6247.9,1.02203,0.4,0.379558,0.591695,0.422924,0.602864,0.0551346,9006.82,0.421999,0.593712,0.09924,0.422873,0.600282,0.0637847,8890.46,6423.86,0.115789,0.160084,0.199175,0.228993,0.232174,0.243852,0.30106,0.391304,2.62135e-12,1.49625e-11,8.46601e-11,6.3929e-10,7.84294e-09,6247.9
W2,V3,21,10,17.5,6247.9,1.02203,0.4,0.454053,0.599091,0.473775,0.600251,0.308044,8027.63,0.46735,0.599358,0.263087,0.471559,0.599907,0.290995,8287.96,5008.99,0.163016,0.153924,0.144249,0.13211,0.115705,0.24068,0.236774,0.231551,1.56051e-12,2.90882e-12,5.42696e-12,1.14703e-11,3.10842e-11,6247.9
W2,V3,21,11,15,6247.9,1.02203,0.4,0.421826,0.560023,0.518181,0.592333,0.189417,7677.74,0.482655,0.57062,0.225056,0.509366,0.58736,0.193906,8069.84,5562.11,0.133536,0.165587,0.184187,0.18118,0.141603,0.297274,0.271791,0.237029,1.95532e-15,1.15917e-14,7.2117e-14,6.72819e-13,1.29914e-11,6247.9
W2,V3,21,12,12.5,6247.9,1.02203,0.4,0.359221,0.59971,0.465955,0.621607,0.624822,6223.3,0.449664,0.59946,0.232374,0.460376,0.605698,0.405261,8395.37,2284.37,0.267748,0.182425,0.0971294,0.0380846,0.00935123,0.192646,0.198823,0.20327,1.21899e-13,1.91238e-11,1.8656e-09,1.81486e-07,1.38334e-05,6247.9
W2,V3,22,4,12.5,8112.27,1.05373,0.1,0.335003,0.296756,0.289553,0.976501,0.114576,9361.27,0.284789,0.311958,0.171294,0.287074,0.753752,0.133739,8953.71,6481.76,0.129404,0.134204,0.163416,0.202136,0.237101,0.220622,0.273632,0.372006,1.30319e-14,9.14074e-09,0.00010222,0.0370489,0.500214,8112.27
W2,V3,22,5,15,8112.27,1.05373,0.1,0.1546,0.299297,0.299469,0.889973,0.0598991,9587.57,0.297881,0.307045,0.104844,0.292634,0.696975,0.073603,9174.2,6699.76,0.125684,0.133475,0.1764,0.224776,0.266062,0.207992,0.290468,0.427937,1.32285e-15,2.81369e-10,3.14687e-06,0.00525574,0.264752,8112.27
W2,V3,22,6,17.5,8112.27,1.05373,0.1,0.194709,0.335332,0.326772,0.892247,0.0219488,9106,0.347201,0.421128,0.0656189,0.328604,0.765112,0.026593,9189.41,6720,0.0757343,0.159496,0.241327,0.256567,0.240282,0.215885,0.306163,0.451359,2.73646e-15,1.27066e-10,1.44338e-06,0.00334017,0.200602,8112.27
W2,V3,22,7,19.5,8112.27,1.05373,0.4,0.324786,0.460821,0.479683,0.801096,0.00515211,8750.59,0.486525,0.554557,0.0278628,0.483927,0.743975,0.00638736,8853.08,7128.16,0.0445712,0.147494,0.25106,0.286812,0.263675,0.253845,0.337477,0.402291,5.9322e-13,5.52197e-10,2.58643e-07,0.000119782,0.0211276,8112.27
W2,V3,22,8,20,8112.27,1.05373,0.4,0.41251,0.602016,0.542725,0.928243,0.00129853,10361.3,0.558519,0.604673,0.0199726,0.532257,0.885504,0.00207974,9051.32,9208.33,0.02041,0.0594132,0.125582,0.274362,0.518153,0.233548,0.326929,0.437444,7.40031e-09,2.10545e-07,4.80075e-06,0.000104484,0.00232688,8112.27
W2,V3,22,9,19.5,8112.27,1.05373,0.55,0.449286,0.754133,0.458692,0.955047,0.0304606,9340.09,0.494837,0.782424,0.114644,0.459982,0.931425,0.0405305,8450.45,7948.66,0.0626007,0.102984,0.162288,0.255391,0.376206,0.302129,0.322696,0.334645,5.50754e-06,1.53381e-05,3.89068e-05,0.000106851,0.000352913,8112.27
W2,V3,22,10,17.5,8112.27,1.05373,0.4,0.483771,0.94181,0.491496,0.976141,0.239169,8296.31,0.49412,0.949541,0.260281,0.49212,0.968332,0.245347,8222.52,5718.07,0.139455,0.145537,0.151107,0.156715,0.161839,0.262826,0.252726,0.239101,2.65603e-05,3.87269e-05,5.58956e-05,8.57417e-05,0.000148866,8112.27
W2,V3,22,11,15,8112.27,1.05373,0.25,0.374889,0.698073,0.411333,0.86733,0.0444982,9115.73,0.412247,0.724629,0.125303,0.40967,0.840578,0.0565905,8584.9,7324.05,0.0790077,0.125284,0.181685,0.250313,0.30712,0.281268,0.31324,0.348901,4.61719e-06,1.42236e-05,4.11147e-05,0.000133039,0.000525655,8112.27
W2,V3,22,12,12.5,8112.27,1.05373,0.4,0.434288,0.598568,0.442915,0.849735,0.0161236,8944.2,0.500086,0.605688,0.0606115,0.454798,0.792888,0.020474,8900,7116.56,0.0634635,0.135491,0.219553,0.299463,0.261555,0.253256,0.315934,0.410336,1.89995e-09,1.16994e-07,5.06299e-06,0.000211382,0.00638534,8112.27
W2,V3,23,4,12.5,10546.7,1.05609,0.1,0.160606,0.246489,0.330343,0.80654,0.0682997,9401.13,0.324809,0.272572,0.110449,0.322985,0.616147,0.0811756,8974.8,6544.41,0.130756,0.143625,0.179117,0.206351,0.258976,0.22465,0.30177,0.392405,2.2055e-21,5.06988e-14,4.29122e-08,0.00179308,0.267134,10546.7
W2,V3,23,5,15,10546.7,1.05609,0.1,0.200273,0.221631,0.336253,0.684365,0.0405556,9481.35,0.323595,0.272783,0.0916508,0.326418,0.547339,0.0507271,8984.38,6915.33,0.100551,0.150371,0.1866,0.22135,0.290401,0.232935,0.308026,0.408312,7.57119e-22,4.57467e-15,2.31804e-09,0.000118311,0.069549,10546.7
W2,V3,23,6,17.5,10546.7,1.05609,0.7,0.389259,0.260271,0.497141,0.657751,0.0332124,9155.21,0.520556,0.299522,0.103365,0.49635,0.579589,0.0437294,8409.61,7536.92,0.0758658,0.124895,0.168462,0.247948,0.3391,0.298023,0.336806,0.321441,1.4147e-18,2.07835e-13,5.29003e-09,3.82566e-05,0.0227603,10546.7
W2,V3,23,7,19.5,10546.7,1.05609,0.4,0.480018,0.323245,0.566345,0.837788,0.00082261,10694.1,0.602359,0.391759,0.0435273,0.54925,0.794742,0.00145989,8887.1,10169.7,0.00641594,0.0210658,0.0779897,0.251157,0.641912,0.244995,0.348347,0.405198,1.96945e-12,2.39934e-09,8.28079e-07,0.000205978,0.0218466,10546.7
W2,V3,23,8,20,10546.7,1.05609,0.55,0.501823,0.607736,0.574392,1.03074,0.000299517,11063.5,0.603459,0.636029,0.0322417,0.55492,1.0187,0.000478762,8384.03,10939.7,0.00287408,0.01057,0.036821,0.16678,0.782476,0.317246,0.348379,0.333896,7.44645e-06,0.000121179,0.00135875,0.0120735,0.0912154,10546.7
W2,V3,23,9,19.5,10546.7,1.05609,0.4,0.423098,0.967138,0.504966,1.01654,0.0553782,8533.32,0.483716,0.984168,0.119568,0.49973,1.00975,0.0654718,8392.41,6705.44,0.0964191,0.147951,0.200679,0.24515,0.24433,0.301876,0.314565,0.318087,0.00505264,0.00928104,0.0164029,0.0306372,0.0627815,10546.7
W2,V3,23,10,17.5,10546.7,1.05609,0.4,0.447225,1.00692,0.471721,1.01961,0.266197,8238.29,0.466586,1.00805,0.2506,0.470071,1.01542,0.260299,8347.71,5310.73,0.155681,0.153038,0.149633,0.144649,0.136701,0.245064,0.246539,0.248098,0.0252925,0.0302665,0.0359877,0.0439107,0.0564206,10546.7
W2,V3,23,11,15,10546.7,1.05609,0.25,0.35196,0.915483,0.42995,0.982188,0.0872204,8530.66,0.420313,0.922722,0.156189,0.427187,0.969172,0.0999196,8432.39,6461.67,0.107963,0.151642,0.192752,0.22488,0.222843,0.286619,0.301202,0.31226,0.000752062,0.00161592,0.00326258,0.00692657,0.0159507,10546.7
W2,V3,23,12,12.5,10546.7,1.05609,0.25,0.273925,0.605693,0.353968,0.93335,0.0184058,8890.85,0.382444,0.623546,0.0592251,0.360476,0.868373,0.0231326,8808.48,7043.79,0.0734912,0.136794,0.212674,0.292851,0.261057,0.262483,0.320077,0.394308,3.80369e-07,1.37571e-05,0.000308448,0.00557038,0.0673688,10546.7
W2,V3,24,4,12.5,4803.52,1.06231,0.4,0.424641,0.348965,0.471091,1.13077,0.154267,6972.72,0.431395,0.576647,0.194032,0.462966,0.971821,0.161161,7790.46,5237.19,0.133886,0.178764,0.197449,0.246466,0.082273,0.343564,0.281543,0.213731,1.06821e-12,1.86166e-06,0.0140554,0.557412,0.988066,4803.52
W2,V3,24,5,15,4803.52,1.06231,0.25,0.289068,0.397162,0.370195,1.06777,0.20356,7184.2,0.37897,0.551825,0.145903,0.379455,0.839959,0.171224,8450.89,4218.87,0.200465,0.214492,0.193331,0.163063,0.0574255,0.259782,0.280735,0.288258,1.41346e-11,5.58413e-06,0.0139102,0.394468,0.906008,4803.52
W2,V3,24,6,17.5,4803.52,1.06231,0.25,0.252629,0.462219,0.35535,0.777401,0.314592,6155.66,0.342575,0.560884,0.125109,0.354038,0.653355,0.195334,8391,2828.36,0.273195,0.277018,0.17267,0.0653528,0.0164306,0.259472,0.271934,0.27326,8.13798e-13,1.00589e-07,0.000389417,0.045154,0.299582,4803.52
W2,V3,24,7,19.5,4803.52,1.06231,0.1,0.186562,0.585552,0.356004,0.990464,0.00278521,9558.28,0.334968,0.599306,0.0341075,0.351506,0.938222,0.00410722,8659.99,8517.69,0.0232626,0.0831627,0.169652,0.30281,0.417005,0.284195,0.334231,0.377467,4.87468e-11,1.59279e-07,0.0001198,0.0169488,0.200122,4803.52
W2,V3,24,8,20,4803.52,1.06231,0.1,0.274138,0.60394,0.333836,0.858924,0.0206155,7988.7,0.367946,0.613859,0.0645096,0.350352,0.802206,0.0246683,8504.57,6407.85,0.0715459,0.168459,0.257218,0.298691,0.179418,0.301348,0.32494,0.349043,1.30439e-08,1.0775e-06,5.61921e-05,0.00209573,0.0340137,4803.52
W2,V3,24,9,19.5,4803.52,1.06231,0.4,0.310358,0.809808,0.297992,0.91403,0.288517,7281.24,0.327029,0.831221,0.207145,0.310608,0.881562,0.248349,8326.88,4241.58,0.190113,0.192395,0.172404,0.12892,0.0678182,0.251084,0.250829,0.249738,7.27118e-05,0.000253385,0.000745338,0.00213322,0.00577551,4803.52
W2,V3,24,10,17.5,4803.52,1.06231,0.1,0.248939,0.871797,0.247932,0.912309,0.191632,8572.75,0.25375,0.877858,0.230528,0.249624,0.902081,0.203247,8381.84,5963.94,0.135683,0.146803,0.15779,0.170475,0.186002,0.260368,0.265051,0.271334,1.63882e-05,2.66719e-05,4.28361e-05,7.42617e-05,0.000150023,4803.52
W2,V3,24,11,15,4803.52,1.06231,0.4,0.288331,0.822817,0.328,0.921671,0.109634,8148.33,0.332689,0.828907,0.143408,0.329624,0.895447,0.114184,8517.02,5696.5,0.136407,0.17737,0.204862,0.206951,0.160226,0.272821,0.293882,0.319112,1.52937e-05,5.72444e-05,0.000185614,0.000615678,0.00208771,4803.52
W2,V3,24,12,12.5,4803.52,1.06231,0.25,0.32821,0.616941,0.40738,0.95872,0.0614189,7004.71,0.46357,0.66105,0.101817,0.425871,0.893528,0.0661322,8305.44,5282.07,0.116678,0.193967,0.287733,0.254179,0.0813119,0.310448,0.319275,0.304145,1.19813e-08,1.15029e-06,4.75014e-05,0.00148984,0.0243975,4803.52
W2,V3,25,4,12.5,8137.32,1.00852,0.1,0.158954,0.256978,0.287562,0.837238,0.0212934,9581.47,0.249919,0.297766,0.0309791,0.277426,0.609862,0.0242506,9137.83,6254.64,0.151711,0.188635,0.158546,0.220911,0.255946,0.221515,0.310538,0.443696,2.17625e-20,7.56976e-14,2.97775e-08,0.000636581,0.195563,8137.32
W2,V3,25,5,15,8137.32,1.00852,0.1,0.140585,0.287646,0.277428,0.857668,0.0225302,9556.71,0.249457,0.300717,0.0314273,0.271727,0.640545,0.0261972,9096.35,6356.78,0.161477,0.159892,0.157512,0.234024,0.260897,0.225964,0.31146,0.43638,3.45876e-18,5.55587e-12,4.4995e-07,0.00154598,0.199932,8137.32
W2,V3,25,6,17.5,8137.32,1.00852,0.1,0.144612,0.302557,0.249638,0.973368,0.00418192,10161.2,0.298163,0.329473,0.0419667,0.243053,0.880313,0.00692547,9102.55,8832.05,0.0316195,0.0550465,0.158464,0.283597,0.464347,0.230261,0.316389,0.446425,2.82268e-15,5.36269e-10,5.21721e-06,0.00776651,0.261117,8137.32
W2,V3,25,7,19.5,8137.32,1.00852,0.1,0.160596,0.532432,0.213917,0.996698,0.00786748,9404.76,0.220338,0.582811,0.0441711,0.21134,0.914357,0.0111992,8949.01,7693.67,0.0484683,0.113035,0.20102,0.29888,0.327398,0.249621,0.31737,0.42181,2.24858e-09,1.89728e-06,0.000393309,0.0258411,0.263985,8137.32
W2,V3,25,8,20,8137.32,1.00852,0.1,0.235161,0.752156,0.257166,1.11346,0.00298769,9754.91,0.285655,0.824552,0.0484179,0.256434,1.08901,0.0046645,8727.81,8865.55,0.0183348,0.0579556,0.150845,0.323329,0.444871,0.279435,0.32522,0.390681,0.000331337,0.00417411,0.0273756,0.122773,0.363535,8137.32
W2,V3,25,9,19.5,8137.32,1.00852,0.55,0.359859,0.872957,0.358304,0.995024,0.0471012,9085.25,0.395257,0.89842,0.109357,0.365657,0.974097,0.0582294,8786.81,6865.08,0.0948481,0.142686,0.194522,0.245143,0.264572,0.257863,0.305261,0.378646,0.00147766,0.00384185,0.00911717,0.0226123,0.0598461,8137.32
W2,V3,25,10,17.5,8137.32,1.00852,0.4,0.445637,0.969201,0.483199,0.986366,0.227626,8403.43,0.469066,0.971969,0.228058,0.478408,0.98149,0.227221,8440.3,5481.73,0.153822,0.155498,0.15609,0.155365,0.152004,0.246458,0.256414,0.269907,0.00418186,0.00538713,0.00689017,0.00916809,0.0132153,8137.32
W2,V3,25,11,15,8137.32,1.00852,0.55,0.483849,0.90902,0.498328,0.968413,0.381681,7310.96,0.497927,0.928356,0.255081,0.498795,0.952031,0.323012,8304.92,4079.71,0.18866,0.1732,0.14609,0.1075,0.0615387,0.228298,0.225861,0.222829,0.00182224,0.00365143,0.00674407,0.0125734,0.0237748,8137.32
W2,V3,25,12,12.5,8137.32,1.00852,0.4,0.459542,0.772873,0.392148,1.02453,0.0855794,7728.94,0.442751,0.888875,0.183833,0.404322,0.998114,0.0989571,8247.55,6093.76,0.0878683,0.168414,0.238046,0.250276,0.156439,0.310984,0.301056,0.289002,0.000469661,0.00336789,0.016345,0.0666082,0.211724,8137.32
W2,V3,26,4,12.5,7108.91,1.04127,0.1,0.281014,0.253859,0.399161,0.800195,0.112404,8740.7,0.375145,0.299551,0.110696,0.399779,0.606041,0.114805,8339.6,5842.57,0.184462,0.150827,0.153323,0.182715,0.213868,0.292846,0.297561,0.294788,1.74394e-34,2.27279e-24,5.68565e-15,2.61687e-06,0.23064,7108.91
W2,V3,26,5,15,7108.91,1.04127,0.1,0.225498,0.27915,0.381821,0.716456,0.133903,8302.43,0.373275,0.299777,0.10548,0.38878,0.542528,0.126959,8390.17,5223,0.215335,0.148329,0.171213,0.18124,0.156923,0.282628,0.293285,0.297129,5.49414e-35,2.5483e-25,2.39681e-16,1.3569e-07,0.0845703,7108.91
W2,V3,26,6,17.5,7108.91,1.04127,0.4,0.329844,0.298816,0.444237,0.959084,0.000196132,11284.3,0.542418,0.300793,0.0501469,0.421698,0.935761,0.000365704,8730.78,11071.1,0.00138539,0.00403362,0.0443134,0.140846,0.809056,0.272261,0.340549,0.386824,7.42375e-27,7.95612e-20,8.18859e-14,3.40787e-07,0.0371038,7108.91
W2,V3,26,7,19.5,7108.91,1.04127,0.4,0.431082,0.313926,0.349117,0.645161,0.0462511,6733,0.410022,0.430726,0.153425,0.347159,0.616948,0.0517899,8365.32,5327.4,0.0571535,0.225959,0.376809,0.214226,0.0740623,0.310806,0.317699,0.319705,8.32401e-23,2.49603e-18,8.15406e-14,1.14032e-08,0.000722333,7108.91
W2,V3,26,8,20,7108.91,1.04127,0.1,0.238304,0.595195,0.342018,0.680897,0.228836,6446.22,0.311995,0.599333,0.129093,0.333408,0.634809,0.166931,8400.57,3450.85,0.225235,0.272249,0.201616,0.105384,0.0285851,0.270315,0.276592,0.286162,2.57311e-16,1.00637e-13,3.72815e-11,2.13082e-08,1.35218e-05,7108.91
W2,V3,26,9,19.5,7108.91,1.04127,0.25,0.341096,0.601566,0.321781,0.749064,0.0444272,9344.42,0.400143,0.60391,0.15406,0.340223,0.71952,0.0589284,8423.68,7857.99,0.0647146,0.109104,0.162124,0.2375,0.367629,0.301732,0.313363,0.325977,1.61949e-15,1.503e-14,1.47322e-13,2.18629e-12,6.23486e-11,7108.91
W2,V3,26,10,17.5,7108.91,1.04127,0.1,0.33174,0.736673,0.269124,0.845632,0.253479,8316.92,0.320505,0.759333,0.253548,0.286314,0.816803,0.25354,8322.74,5497.26,0.149286,0.149187,0.149489,0.149725,0.148772,0.249879,0.248943,0.247638,8.08904e-12,1.85532e-11,4.16953e-11,1.07481e-10,3.66995e-10,7108.91
W2,V3,26,11,15,7108.91,1.04127,0.4,0.425239,0.604314,0.419032,0.720134,0.108534,8259.24,0.48184,0.608411,0.167745,0.441491,0.686184,0.119275,8306.14,6159.32,0.118354,0.161496,0.192736,0.210105,0.198034,0.29596,0.29539,0.289375,6.00391e-14,5.38979e-13,4.99214e-12,6.78008e-11,1.71263e-09,7108.91
W2,V3,26,12,12.5,7108.91,1.04127,0.25,0.312727,0.599757,0.42143,0.739193,0.0694755,7277.29,0.459723,0.600027,0.0677835,0.449966,0.675185,0.0603195,8596.57,4642.5,0.165913,0.26309,0.242702,0.181121,0.0868554,0.277714,0.313535,0.348432,8.72736e-17,7.36859e-14,5.81879e-11,5.81333e-08,3.9729e-05,7108.91
W2,V3,27,4,12.5,8080,1.03597,0.1,0.135689,0.298247,0.332343,0.975907,0.0911274,9363.28,0.330563,0.30105,0.120037,0.326328,0.733549,0.105273,8983.81,6335.77,0.154346,0.127294,0.172499,0.199752,0.240836,0.216527,0.295743,0.382457,9.35432e-19,5.47447e-12,6.75973e-07,0.00593511,0.509268,8080
W2,V3,27,5,15,8080,1.03597,0.1,0.146814,0.29867,0.319996,0.865758,0.113241,8860.27,0.327171,0.301277,0.116698,0.32352,0.645852,0.118147,8870.21,5702.67,0.178853,0.142757,0.183676,0.19129,0.185277,0.22678,0.29314,0.361934,1.06358e-19,3.8165e-13,6.2609e-08,0.00138605,0.335313,8080
W2,V3,27,6,17.5,8080,1.03597,0.1,0.195008,0.300655,0.3746,0.841378,0.0272296,9161.52,0.401745,0.315622,0.0850343,0.374281,0.733927,0.0360472,8766.03,7368.64,0.0775734,0.108913,0.201926,0.271346,0.304195,0.259085,0.32595,0.378918,7.37364e-17,1.19672e-11,2.03746e-07,0.000951536,0.161634,8080
W2,V3,27,7,19.5,8080,1.03597,0.25,0.228343,0.441648,0.34176,0.824463,0.00926803,9212.49,0.360474,0.520444,0.0624533,0.340743,0.770934,0.0129322,8766.6,7779.02,0.0388275,0.112324,0.206513,0.296948,0.332456,0.269067,0.327028,0.390973,4.40979e-12,4.10303e-09,1.90444e-06,0.000590317,0.045783,8080
W2,V3,27,8,20,8080,1.03597,0.25,0.317954,0.593644,0.41948,0.782885,0.0352567,8580.65,0.437104,0.600858,0.0848087,0.426002,0.735455,0.0413808,8650.43,6636.77,0.0893101,0.157194,0.218197,0.262212,0.231706,0.276029,0.319691,0.362899,1.24893e-08,4.62587e-07,1.21566e-05,0.000305157,0.00611795,8080
W2,V3,27,9,19.5,8080,1.03597,0.4,0.347601,0.652557,0.35954,0.791742,0.102356,8586.18,0.384431,0.6649,0.163004,0.366874,0.757177,0.11459,8497.29,6305.65,0.11768,0.154575,0.187056,0.212955,0.213144,0.274813,0.29441,0.316186,1.14362e-06,4.2763e-06,1.4702e-05,5.58582e-05,0.000249772,8080
W2,V3,27,10,17.5,8080,1.03597,0.4,0.386539,0.761827,0.40222,0.794436,0.278154,8141.54,0.398099,0.765583,0.252853,0.400951,0.784007,0.268701,8300.2,5209.34,0.158795,0.153766,0.148135,0.140686,0.129917,0.246977,0.244204,0.240118,6.741e-05,9.67295e-05,0.00013697,0.000204227,0.000337515,8080
W2,V3,27,11,15,8080,1.03597,0.4,0.330571,0.695486,0.37156,0.773992,0.0410671,9352.68,0.374146,0.696078,0.14203,0.370007,0.762536,0.0548819,8534.6,7770.44,0.0663059,0.109484,0.166811,0.248495,0.354022,0.288574,0.313798,0.342747,4.56373e-06,1.19096e-05,2.95451e-05,8.093e-05,0.000262875,8080
W2,V3,27,12,12.5,8080,1.03597,0.25,0.295669,0.58097,0.405442,0.758732,0.00322036,9897.41,0.424242,0.58901,0.0459548,0.400097,0.739936,0.00493786,8782.15,8898.62,0.0205025,0.0642389,0.148989,0.296711,0.464621,0.269985,0.328015,0.397062,9.49555e-09,2.28809e-07,4.57215e-06,0.000104801,0.00241795,8080
W2,V3,28,4,12.5,6003.28,1.04625,0.25,0.217748,0.300048,0.455154,0.979056,0.168682,8048.51,0.484001,0.321224,0.200833,0.459376,0.801505,0.177859,8184.94,5775.92,0.141549,0.148426,0.18109,0.185202,0.165874,0.266568,0.317636,0.237937,1.59231e-20,2.29014e-12,4.30576e-06,0.0467601,0.817963,6003.28
W2,V3,28,5,15,6003.28,1.04625,0.25,0.195226,0.300036,0.419076,0.825038,0.138985,7889.53,0.472025,0.306154,0.127162,0.43663,0.667904,0.143005,8386.62,5411.17,0.196317,0.103841,0.23485,0.165087,0.156899,0.261333,0.316829,0.278833,3.63961e-21,1.97846e-13,9.69622e-08,0.00401825,0.327095,6003.28
W2,V3,28,6,17.5,6003.28,1.04625,0.25,0.219716,0.300806,0.416699,1.15051,0.00026726,10837.8,0.484969,0.35522,0.0461455,0.376222,1.09333,0.000487475,9104.11,10137,0.00201528,0.0220351,0.0971307,0.23717,0.641161,0.228187,0.324292,0.447034,3.60226e-18,6.53605e-13,3.45535e-08,0.000627015,0.469275,6003.28
W2,V3,28,7,19.5,6003.28,1.04625,0.25,0.291445,0.502382,0.389283,0.897359,0.000238727,9135.76,0.428965,0.595089,0.00307013,0.400629,0.815607,0.000285213,8964.24,7511.04,0.0185228,0.153137,0.26545,0.238114,0.324491,0.244196,0.331381,0.424138,8.08135e-14,5.28792e-11,5.48969e-08,9.99515e-05,0.0409364,6003.28
W2,V3,28,8,20,6003.28,1.04625,0.25,0.27979,0.600006,0.402734,0.609206,0.642463,5443.06,0.39275,0.600083,0.124841,0.401148,0.601525,0.286526,8490.72,1458.48,0.401719,0.2245,0.0741051,0.0122468,0.00090314,0.213979,0.251482,0.248013,9.00344e-13,6.5562e-11,3.89204e-09,3.03087e-07,2.22314e-05,6003.28
W2,V3,28,9,19.5,6003.28,1.04625,0.25,0.307425,0.609543,0.373668,0.657556,0.368902,6711.85,0.364901,0.614916,0.265071,0.373405,0.639897,0.324945,7788.28,4083.55,0.180187,0.176394,0.152359,0.109884,0.0562306,0.274271,0.230812,0.169972,1.47797e-09,5.94384e-09,2.40739e-08,1.23691e-07,9.2787e-07,6003.28
W2,V3,28,10,17.5,6003.28,1.04625,0.4,0.320938,0.752754,0.291167,0.824618,0.177739,8572.13,0.324821,0.763886,0.223067,0.301101,0.80687,0.190684,8338.71,6070.04,0.132829,0.146059,0.159456,0.175378,0.195594,0.269104,0.269855,0.270358,3.28405e-08,6.18415e-08,1.15975e-07,2.44835e-07,6.54854e-07,6003.28
W2,V3,28,11,15,6003.28,1.04625,0.7,0.522949,0.617998,0.425521,0.760439,0.410302,7053.55,0.50245,0.643464,0.329605,0.454375,0.716921,0.383231,7687.66,4441,0.155893,0.150684,0.133456,0.106437,0.070299,0.263609,0.203613,0.149547,6.76217e-07,2.34947e-06,7.95718e-06,3.11619e-05,0.000150208,6003.28
W2,V3,28,12,12.5,6003.28,1.04625,0.4,0.451139,0.596336,0.643483,0.628894,0.0149484,6087.47,0.620093,0.600114,0.0141348,0.640751,0.617824,0.0128626,8240.5,3910.47,0.179426,0.326602,0.308042,0.143338,0.0297297,0.325981,0.35732,0.303837,2.60567e-12,3.11321e-10,3.22019e-08,4.07764e-06,0.000445947,6003.28
W2,V3,29,4,12.5,5730.14,1.00736,0.1,0.200163,0.305052,0.374508,1.11468,0.0646101,8651.95,0.400594,0.388584,0.117764,0.372569,0.914046,0.07363,8719.65,6325.49,0.110321,0.162684,0.202346,0.24273,0.208289,0.25207,0.318582,0.355718,5.33472e-14,8.9274e-08,0.00102124,0.161684,0.91708,5730.14
W2,V3,29,5,15,5730.14,1.00736,0.25,0.239765,0.321324,0.418606,1.10436,0.0380074,8567.59,0.437064,0.441738,0.0905434,0.421014,0.934828,0.0446907,8675.76,6508.15,0.0897784,0.168947,0.21504,0.264698,0.216846,0.262296,0.334902,0.358111,1.09532e-12,3.71132e-07,0.00177699,0.16928,0.86452,5730.14
W2,V3,29,6,17.5,5730.14,1.00736,0.25,0.303575,0.550984,0.474917,1.10265,0.0229971,7977.75,0.488005,0.597135,0.0518293,0.483224,0.978647,0.0268598,8347.64,6233.47,0.0982753,0.173966,0.22805,0.295827,0.177021,0.309554,0.346845,0.316741,3.9548e-10,6.10131e-06,0.00457458,0.189262,0.841319,5730.14
W2,V3,29,7,19.5,5730.14,1.00736,0.25,0.256922,0.622233,0.465144,1.19601,0.00261968,9211.16,0.454259,0.692851,0.0534971,0.455786,1.17026,0.00389414,8467.88,8733.59,0.0137795,0.0486303,0.165569,0.366841,0.401286,0.303966,0.347651,0.344489,1.50974e-05,0.00156004,0.0262241,0.186918,0.722257,5730.14
W2,V3,29,8,20,5730.14,1.00736,0.25,0.312631,0.951595,0.368198,1.12681,0.0039355,8125.01,0.377863,0.991773,0.038282,0.37413,1.10595,0.00536963,8423.95,7238.22,0.0269791,0.113888,0.271818,0.356952,0.224994,0.316503,0.335332,0.342795,0.00195821,0.00924281,0.037602,0.165038,0.628136,5730.14
W2,V3,29,9,19.5,5730.14,1.00736,0.25,0.29023,1.01981,0.275534,1.14643,0.0812584,8376.05,0.309326,1.03374,0.126495,0.286669,1.11056,0.0889386,8611.78,5975.13,0.122832,0.173356,0.210912,0.222945,0.181017,0.270042,0.299145,0.341874,0.0679137,0.11104,0.172363,0.269958,0.427682,5730.14
W2,V3,29,10,17.5,5730.14,1.00736,0.4,0.380053,1.01257,0.40756,1.03128,0.19722,8483.67,0.400631,1.01487,0.221967,0.405246,1.0258,0.204516,8395.59,5773.32,0.143373,0.152212,0.159812,0.167015,0.173074,0.258472,0.264486,0.272525,0.0303073,0.0375433,0.0462749,0.0590491,0.0807569,5730.14
W2,V3,29,11,15,5730.14,1.00736,0.25,0.304892,0.971019,0.39972,1.03356,0.0104264,9768.04,0.365,0.986843,0.0868442,0.391125,1.02708,0.0157998,8764.39,8530.08,0.0332266,0.0794512,0.159074,0.287017,0.425431,0.272195,0.319779,0.392226,0.00515465,0.0100633,0.0192756,0.0403546,0.0962691,5730.14
W2,V3,29,12,12.5,5730.14,1.00736,0.25,0.311087,0.68832,0.348458,1.03557,0.000901836,10209.4,0.399954,0.751598,0.0339859,0.34115,1.02146,0.00153899,9058.44,9328.05,0.00874882,0.0358721,0.125574,0.335762,0.492504,0.239327,0.315436,0.443697,1.48811e-05,0.000273102,0.00256291,0.0197554,0.117698,5730.14
W2,V3,30,4,12.5,7344.28,1.03898,0.1,0.112374,0.2721,0.276369,0.874203,0.0498917,9630.16,0.264651,0.289287,0.0688888,0.268398,0.640931,0.0586532,9231.17,6335.83,0.158553,0.141436,0.181553,0.2037,0.256105,0.204266,0.294141,0.44294,1.37925e-21,2.21369e-14,1.50579e-08,0.000878273,0.309821,7344.28
W2,V3,30,5,15,7344.28,1.03898,0.1,0.116238,0.296373,0.244632,1.0548,0.0376073,9732.05,0.246809,0.318817,0.104701,0.235157,0.851248,0.0502217,9178.09,7223.89,0.0858891,0.135415,0.177727,0.243761,0.306986,0.212884,0.2975,0.439394,3.33586e-19,1.8577e-12,6.68244e-07,0.011007,0.592064,7344.28
W2,V3,30,6,17.5,7344.28,1.03898,0.1,0.122248,0.513084,0.356689,1.16342,0.00386041,10064.3,0.312564,0.573842,0.0303979,0.340719,1.02781,0.00595267,9354.08,8219.39,0.0379745,0.106216,0.138537,0.330901,0.38042,0.200011,0.307524,0.486512,8.02554e-17,3.19464e-11,2.77009e-06,0.0112295,0.660982,7344.28
W2,V3,30,7,19.5,7344.28,1.03898,0.1,0.172166,0.591273,0.331893,0.91849,0.0668982,8303,0.357344,0.5959,0.088589,0.355057,0.79052,0.0667313,8899.01,5571.64,0.137307,0.206332,0.192284,0.26139,0.135956,0.23872,0.305754,0.388795,1.20963e-14,1.40752e-10,6.66474e-07,0.000725734,0.125178,7344.28
W2,V3,30,8,20,7344.28,1.03898,0.25,0.26342,0.596475,0.363086,0.621935,0.408664,6007.95,0.352551,0.598657,0.191656,0.364441,0.608054,0.287561,8034.17,2832.97,0.242567,0.244494,0.150998,0.0601174,0.0142627,0.264693,0.243141,0.204605,1.42652e-13,2.53889e-11,4.2017e-09,8.83703e-07,0.000121538,7344.28
W2,V3,30,9,19.5,7344.28,1.03898,0.25,0.301543,0.599873,0.329308,0.608833,0.0978919,8426.99,0.332988,0.600365,0.146166,0.330744,0.606111,0.106316,8549.09,6056.01,0.12421,0.166536,0.198292,0.21285,0.191797,0.270568,0.297511,0.325605,4.42761e-10,2.06505e-09,9.54424e-09,5.66122e-08,5.08224e-07,7344.28
W2,V3,30,10,17.5,7344.28,1.03898,0.4,0.321267,0.598822,0.332565,0.599657,0.15922,8756.8,0.329908,0.599043,0.215122,0.331677,0.59949,0.174969,8456.38,6227.99,0.127676,0.144325,0.161433,0.182216,0.209381,0.261351,0.273536,0.290145,1.20776e-12,2.18754e-12,3.97469e-12,8.15421e-12,2.13424e-11,7344.28
W2,V3,30,11,15,7344.28,1.03898,0.4,0.330258,0.599442,0.363596,0.610465,0.194925,8048.56,0.368727,0.599816,0.188929,0.366763,0.606367,0.186885,8510.32,5185.37,0.16046,0.178084,0.180278,0.165454,0.12884,0.250069,0.271756,0.291289,1.20485e-10,4.97492e-10,2.08335e-09,1.1403e-08,9.79786e-08,7344.28
W2,V3,30,12,12.5,7344.28,1.03898,0.25,0.233862,0.579453,0.359735,0.609976,0.192585,6658.81,0.319072,0.587662,0.175965,0.353212,0.602241,0.172963,8152.44,4267.6,0.161995,0.240005,0.22869,0.142542,0.0538056,0.294667,0.279853,0.252518,2.35735e-14,1.6421e-12,1.04276e-10,1.07139e-08,1.84757e-06,7344.28
W2,V3,31,4,12.5,10429.7,1.04782,0.1,0.258061,0.249427,0.352916,0.770544,0.0777927,9151.95,0.332459,0.291783,0.114059,0.346916,0.58941,0.0875151,8753.67,6306.57,0.135953,0.168135,0.166366,0.200471,0.24156,0.250339,0.302465,0.359681,8.29817e-27,1.52902e-18,3.14916e-11,6.14179e-05,0.177642,10429.7
W2,V3,31,5,15,10429.7,1.04782,0.1,0.322989,0.267487,0.38648,0.746719,0.0805595,8921.34,0.368081,0.2989,0.131891,0.386442,0.607288,0.0928981,8426.44,6617.91,0.122291,0.151172,0.154543,0.224169,0.254927,0.290326,0.302324,0.314451,1.47635e-26,1.55672e-18,1.90972e-11,1.99928e-05,0.0989796,10429.7
W2,V3,31,6,17.5,10429.7,1.04782,0.25,0.350029,0.299542,0.384572,0.924786,0.00379665,10474.7,0.452844,0.305774,0.108504,0.38234,0.885705,0.00639713,8563.86,10021.3,0.0105121,0.0221012,0.0928164,0.245052,0.623121,0.298173,0.331736,0.363693,9.18687e-22,2.24784e-15,4.91621e-10,5.09387e-05,0.097698,10429.7
W2,V3,31,7,19.5,10429.7,1.04782,0.55,0.529285,0.339743,0.44695,0.729002,0.0156179,8076.05,0.488755,0.496532,0.132317,0.453512,0.699301,0.0213006,8375.8,7110.01,0.0279362,0.122489,0.288735,0.316451,0.223088,0.31894,0.328607,0.331153,7.81397e-17,5.40413e-13,2.03691e-09,9.52098e-06,0.00816688,10429.7
W2,V3,31,8,20,10429.7,1.04782,0.1,0.288469,0.600527,0.353932,0.84523,0.0182624,8638.45,0.390311,0.605265,0.0756437,0.366255,0.795856,0.023406,8474.74,7215.19,0.0572038,0.137339,0.218123,0.2887,0.275229,0.306098,0.325016,0.34548,8.5101e-10,7.30959e-08,4.40829e-06,0.000228989,0.00653956,10429.7
W2,V3,31,9,19.5,10429.7,1.04782,0.7,0.540438,0.671744,0.517006,0.909914,0.00423632,10532.1,0.579317,0.685293,0.0721158,0.514272,0.889145,0.00706864,8743.47,9712.09,0.0181899,0.0444769,0.0993011,0.233954,0.597009,0.276087,0.325225,0.391619,1.61545e-05,5.20931e-05,0.000158916,0.000533323,0.00204,10429.7
W2,V3,31,10,17.5,10429.7,1.04782,0.7,0.528172,0.824918,0.496133,0.907607,0.17316,8687.34,0.524935,0.843261,0.220848,0.504357,0.888766,0.187346,8405.11,6125.26,0.132191,0.144792,0.158373,0.175926,0.201372,0.263004,0.270093,0.279557,0.000170864,0.000264484,0.000399826,0.000635868,0.00111979,10429.7
W2,V3,31,11,15,10429.7,1.04782,0.7,0.572108,0.78758,0.544507,0.96709,0.0186996,9475.99,0.578161,0.838642,0.114836,0.548072,0.953856,0.0266808,8519.67,8323.75,0.0411315,0.0872901,0.162425,0.27959,0.402883,0.299609,0.32255,0.351159,2.99861e-06,1.05657e-05,3.52024e-05,0.00013585,0.000660733,10429.7
W2,V3,31,12,12.5,10429.7,1.04782,0.4,0.435667,0.603983,0.375813,0.913782,0.0107392,8673.92,0.499445,0.616011,0.0814798,0.392824,0.880873,0.0149682,8388.38,7780.83,0.0337473,0.0948963,0.204727,0.354111,0.29755,0.320533,0.328458,0.336041,2.48286e-10,2.46847e-08,1.62312e-06,0.000100099,0.00408044,10429.7
