junction,nominal_age_daily_mean_h,nominal_age_daily_max_h,range_daily_mean_lo_h,range_daily_mean_hi_h,range_daily_max_lo_h,range_daily_max_hi_h,initial_share_daily_mean,initial_share_daily_max,lower_bound_daily_mean,lower_bound_daily_max
J-1,15.32650351524353,23.73284149169922,12.361654996871948,21.16701626777649,21.07196807861328,35.16311264038086,0.0047155023,0.010368961,False,False
J-10,58.45826244354248,71.20664978027344,52.773470401763916,65.05999088287354,67.97252655029297,75.00758361816406,0.14925532,0.21073723,True,True
J-100,5.25196647644043,5.640387058258057,5.167240877946218,5.375234921773274,5.434688568115234,6.03908634185791,0.0,0.0,False,False
J-101,62.717538833618164,80.67534637451172,57.46631662050883,65.65263557434082,80.10296630859375,82.96781921386719,0.20479,0.2959504,True,True
J-102,126.85448042551677,132.9127960205078,110.60776964823405,142.04730033874512,126.55762481689453,152.0961151123047,0.23391525,0.3559657,True,True
J-103,27.5522776444753,53.28316116333008,23.19660351673762,34.659699281056724,52.365718841552734,63.25092315673828,0.08151051,0.21038757,True,True
J-104,82.31336116790771,86.9056167602539,69.66901350021362,96.25122261047363,74.56027221679688,110.28358459472656,0.007896251,0.03978257,False,False
J-105,151.132230758667,157.9249267578125,138.79584185282388,155.5,153.62655639648438,167.0,0.516409,1.0,True,True
J-106,47.75479692220688,100.9327621459961,43.53651671608289,67.1849931081136,89.09537506103516,110.03666687011719,0.18285406,0.4473681,True,True
J-107,91.94081974029541,136.49842834472656,91.80070781707764,119.9674817721049,132.9954071044922,141.43873596191406,0.36305988,0.5840087,True,True
J-108,83.57131787141164,126.28245544433594,72.82230456670125,97.15778684616089,124.1336669921875,129.66140747070312,0.3478701,0.57733935,True,True
J-109,39.122068663438164,99.34546661376953,30.713191350301106,47.11451133092245,97.50642395019531,111.75675964355469,0.15575953,0.4346767,True,True
J-11,59.46554454167684,65.05828857421875,52.01167790095011,67.34962288538615,58.04801940917969,71.18681335449219,0.15153877,0.17543918,True,True
J-110,8.518966220319271,25.372474670410156,6.62311780701081,12.50439403951168,21.898344039916992,47.26832962036133,0.0015432792,0.023226311,False,False
J-111,53.964885552724205,106.48115539550781,37.9871080716451,74.369641939799,92.87532806396484,113.5777587890625,0.19653668,0.45970196,True,True
J-112,45.836899717648826,100.15978240966797,41.18099767963091,67.80841716130574,82.21049499511719,110.61133575439453,0.17272826,0.4429984,True,True
J-113,27.08598816394806,50.98019790649414,21.82941832145055,27.866456548372906,50.98019790649414,61.2138671875,0.096366584,0.2114491,True,True
J-114,147.23651695251465,161.290771484375,130.88260237375894,152.32607905069986,158.39378356933594,165.18838500976562,0.7446808,0.87372446,True,True
J-115,118.68640454610188,121.16829681396484,104.7996826171875,139.43645095825195,109.74639892578125,142.61239624023438,0.0,0.0,False,False
J-116,9.859203880031904,28.579341888427734,8.203560277819633,13.170694251855215,22.499650955200195,45.9061164855957,0.0015244442,0.03097176,False,False
J-117,131.7490406036377,159.2906951904297,131.7490406036377,148.84007867177328,155.39048767089844,161.6295623779297,0.44998276,0.7893879,True,True
J-118,96.80444006125133,127.51056671142578,68.17421368757884,104.61542006333669,125.05609130859375,130.771484375,0.41931406,0.5773393,True,True
J-119,142.97711245218912,145.39501953125,126.04220294952393,155.19423230489096,129.3791046142578,165.0,0.0,0.0,False,False
J-12,66.37297677993774,72.09882354736328,57.30874458948771,76.27638498942058,66.01348114013672,79.47167205810547,0.15497161,0.1781515,True,True
J-120,27.672794342041016,42.78898620605469,24.150935570398968,32.829150358835854,40.53137969970703,50.7874870300293,0.003401553,0.041566808,False,False
J-121,150.44453303019205,164.104736328125,139.21795590718588,155.45356686909994,150.49810791015625,166.7843475341797,0.5711756,0.87124,True,True
J-122,87.50369501113892,127.23800659179688,82.86975685755412,110.27786286671956,109.6026382446289,138.4208221435547,0.21830724,0.55316055,True,True
J-123,11.211487958828608,31.10068702697754,9.505563219388327,19.178201119105022,23.083385467529297,48.167137145996094,0.0017185687,0.037168123,False,False
J-124,82.73406950632732,100.86493682861328,77.96146885553996,93.36443456013997,98.45299530029297,105.12928771972656,0.2253172,0.34992614,True,True
J-125,79.46280006567638,123.51046752929688,61.045347690582275,101.1122176249822,121.8164291381836,129.4700469970703,0.33582506,0.57430613,True,True
J-126,99.35078767935435,127.51054382324219,73.61089547475179,107.32865115006764,125.21385955810547,130.771484375,0.43344927,0.57733935,True,True
J-127,106.66544099648793,127.51060485839844,96.87354811032613,109.86218770345052,125.63780975341797,133.39407348632812,0.4729115,0.57733935,True,True
J-128,80.9298346042633,124.51051330566406,62.41604348023733,100.79478859901428,122.21385955810547,130.14727783203125,0.3412657,0.57733923,True,True
J-129,128.07804584503174,135.4783935546875,112.98999849955241,140.4261703491211,125.20557403564453,145.9817352294922,0.3010845,0.4216142,True,True
J-13,8.621981456875801,25.13262367248535,6.6002261862158775,12.158704107006391,22.755943298339844,46.294437408447266,0.0020194312,0.023789942,False,False
J-130,53.264877796173096,66.07453918457031,39.16307187080383,57.48617283503214,65.0746078491211,70.0512466430664,0.18397099,0.23871203,True,True
J-131,97.39103031158447,110.55896759033203,89.76719379425049,111.94917742411296,108.0425796508789,119.69566345214844,0.24731797,0.3039446,True,True
J-132,82.36923742294312,97.61639404296875,66.05174160003662,91.36000315348308,90.82354736328125,103.40729522705078,0.22959344,0.30447567,True,True
J-133,21.6726709206899,24.459524154663086,19.661192218462627,24.36078651746114,22.798675537109375,26.521102905273438,0.0,0.0,False,False
J-134,87.32000350952148,99.90928649902344,67.29365094502766,91.65869235992432,92.83984375,106.3524169921875,0.25298026,0.3390161,True,True
J-135,57.13684058189392,103.06779479980469,37.586370627085365,75.62928088506062,86.2948226928711,113.23016357421875,0.21065688,0.4428371,True,True
J-136,58.04888375600179,68.36687469482422,51.59396489461263,60.439521153767906,66.04761505126953,69.3647689819336,0.1879751,0.24066517,True,True
J-137,57.33872159322103,66.81966400146484,48.39363384246826,59.56786870956421,66.4158935546875,69.61455535888672,0.19245066,0.25229695,True,True
J-138,57.318241596221924,68.25790405273438,49.440505027770996,59.56756051381429,66.224609375,69.87117004394531,0.19087006,0.25183332,True,True
J-14,8.569646229346594,25.177013397216797,7.040582209825516,12.458573078115782,21.418678283691406,45.84711456298828,0.0013402901,0.020223187,False,False
J-140,54.68967159589132,77.08868408203125,36.994386196136475,62.973227183024086,75.70979309082031,80.60966491699219,0.18972315,0.28397033,True,True
J-141,46.743419329325356,76.22972106933594,36.786898136138916,62.06264797846476,75.16861724853516,81.23206329345703,0.157705,0.2858726,True,True
J-142,121.78401120503743,127.3070068359375,106.44364070892334,131.36997985839844,120.89673614501953,140.75733947753906,0.31812572,0.36623174,True,True
J-143,45.83170747756958,76.27620697021484,35.38540224234263,62.581383069356285,75.2122802734375,80.6769790649414,0.15454793,0.28636023,True,True
J-144,72.81795930862427,88.34044647216797,63.58341026306152,85.20564365386963,86.61112213134766,92.39572143554688,0.21951675,0.2969702,True,True
J-145,56.002023458480835,71.48924255371094,41.44276078542074,58.4454570611318,69.52729797363281,73.73933410644531,0.1874813,0.28574792,True,True
J-146,67.55619637171428,83.25286102294922,58.693352381388344,78.22573439280193,81.85205078125,85.94274139404297,0.19672765,0.27514502,True,True
J-147,63.357757806777954,79.4643783569336,47.47299242019653,65.24732526143391,78.74885559082031,83.11943054199219,0.22552204,0.31782344,True,True
J-148,53.23320929209391,60.742042541503906,41.533371448516846,58.30169026056925,58.63609313964844,65.45098876953125,0.15445597,0.20252262,True,True
J-149,60.187968730926514,73.03728485107422,52.417836825052895,67.1881004969279,69.37748718261719,75.64729309082031,0.15079677,0.20990744,True,True
J-15,62.3219207127889,72.52294921875,50.17933702468872,68.40250937143962,63.816463470458984,76.90789794921875,0.20390499,0.25091586,True,True
J-150,146.22544542948404,161.29067993164062,134.95780817667642,148.3380921681722,155.39047241210938,165.1880340576172,0.722317,0.87372434,True,True
J-151,49.35768834749857,69.93122863769531,35.21472601095835,55.860889752705894,67.62787628173828,75.16034698486328,0.17060952,0.26221052,True,True
J-152,52.819811264673866,76.08038330078125,35.17572577794393,61.30771064758301,75.401123046875,86.49884796142578,0.1830457,0.2769682,True,True
J-153,58.28193108240763,69.1893310546875,52.487906535466514,61.04396136601766,68.26296997070312,70.31177520751953,0.18700139,0.2435391,True,True
J-154,41.04759128888448,73.55229949951172,31.844562272230785,56.55923676490784,71.8721694946289,93.67613983154297,0.1377861,0.27854398,True,True
J-155,53.8428742090861,62.74652099609375,41.21733903884888,58.86091502507528,59.91331100463867,66.79298400878906,0.15755601,0.20990904,True,True
J-156,55.72767003377279,62.76226043701172,44.61562538146973,60.91289027531942,57.75580978393555,66.7325668334961,0.15704761,0.19526504,True,True
J-157,49.52908889452616,60.14044952392578,38.21874729792277,55.93993250528971,59.27723693847656,63.68782043457031,0.1435613,0.18502933,True,True
J-158,50.698138078053795,60.95302200317383,39.03753344217936,56.55914338429769,58.760799407958984,65.03742218017578,0.14801525,0.18787123,True,True
J-159,63.17391959826151,80.60340118408203,54.859578927357994,65.46203899383545,80.60340118408203,84.22882843017578,0.2208653,0.31582367,True,True
J-16,63.479547103246055,81.32339477539062,53.38171418507894,66.8029392560323,80.34410095214844,84.1375732421875,0.22052105,0.31405672,True,True
J-160,63.61303472518921,82.60726928710938,58.65571133295695,65.55356009801228,82.59624481201172,85.07905578613281,0.21512806,0.3157816,True,True
J-161,56.503735383351646,66.26573944091797,46.44374203681946,58.989896297454834,64.3577651977539,68.29891967773438,0.1905446,0.24669208,True,True
J-162,53.48601770401001,66.65482330322266,40.432130893071495,57.246626218159996,65.23702239990234,68.3337173461914,0.18359697,0.24669553,True,True
J-163,38.02247897783915,64.11186981201172,30.8744797706604,44.632821242014565,59.89403533935547,71.54923248291016,0.13126017,0.25341502,True,True
J-164,57.747742335001625,71.552978515625,43.11561504999796,59.99226299921671,69.7364730834961,73.5332260131836,0.20031404,0.27680627,True,True
J-165,63.67011388142904,87.61453247070312,59.47004667917887,74.36568021774292,87.61453247070312,89.95285034179688,0.1860709,0.31566113,True,True
J-166,43.63564626375834,74.58465576171875,34.41886611779531,57.282262563705444,73.45194244384766,78.87335968017578,0.14970645,0.28224492,True,True
J-167,38.22313872973124,70.5315170288086,33.133786618709564,51.82849359512329,70.5315170288086,91.58150482177734,0.13106829,0.27343622,True,True
J-168,87.10079606374104,99.5522232055664,81.37894185384114,97.8547534942627,96.09204864501953,105.54507446289062,0.24536614,0.32958674,True,True
J-169,51.27521435419718,61.21413803100586,39.33094652493795,56.605238596598305,59.26816940307617,64.52546691894531,0.14911054,0.19885889,True,True
J-17,41.82113170623779,92.07173919677734,34.20200930039088,47.83922783533732,74.55201721191406,97.60667419433594,0.1519253,0.39064574,True,True
J-170,39.22808440526327,71.4072265625,35.453996340433754,54.891918659210205,70.3119888305664,97.72786712646484,0.13227983,0.2732109,True,True
J-171,71.80728435516357,76.8155288696289,60.81284427642822,81.32058779398601,70.97624206542969,85.57334899902344,0.16054088,0.18147694,True,True
J-172,61.09148852030436,75.68450164794922,53.967374324798584,73.3412618637085,71.90741729736328,78.75273132324219,0.13782576,0.20876431,True,True
J-173,59.866358280181885,72.18635559082031,52.96856705347697,66.17685842514038,68.67993927001953,75.9796371459961,0.1520695,0.21053939,True,True
J-174,64.79308875401814,78.1797103881836,55.245635191599526,76.43816979726155,74.6595687866211,83.3843002319336,0.14135838,0.21047641,True,True
J-175,144.47423044840494,146.35386657714844,127.52865854899089,155.44438870747885,132.2129669189453,166.0,0.0,0.0,False,False
J-176,53.66835800806681,71.81464385986328,35.75272377332052,58.16352931658427,70.78881072998047,76.30762481689453,0.18830188,0.27728513,True,True
J-177,67.00120099385579,122.51063537597656,53.77197879552841,92.62961002190907,120.21385955810547,127.77156066894531,0.2760184,0.5202587,True,True
J-178,104.45976563294728,127.5106201171875,92.01540795962016,110.72874736785889,125.63787841796875,133.39395141601562,0.46133837,0.57733935,True,True
J-179,105.8930773337682,127.51057434082031,104.7707455555598,111.07633662223816,125.6378173828125,132.6838836669922,0.4689913,0.57733935,True,True
J-18,43.30424531300863,74.45169830322266,36.75921984513601,59.50316874186198,74.45169830322266,79.34906768798828,0.14680837,0.2809045,True,True
J-180,147.68691953023276,153.6149139404297,135.90143585205078,155.061398824056,143.0705108642578,164.89439392089844,0.4159026,0.5888949,True,True
J-181,58.84629456202189,75.69567108154297,50.92259089152018,63.66355482737223,72.53533935546875,77.24967956542969,0.19659768,0.288749,True,True
J-182,55.99325148264567,70.89436340332031,41.65566897392273,60.21507501602173,69.12769317626953,72.54829406738281,0.19303803,0.27374578,True,True
J-183,56.76024293899536,68.31031036376953,42.97036345799764,59.071650981903076,68.31031036376953,72.93374633789062,0.19625048,0.27618992,True,True
J-184,26.371468643347423,55.17118453979492,22.222777744134266,31.55605137348175,51.66998291015625,62.121673583984375,0.08399295,0.21578221,True,True
J-185,35.74633832772573,60.77108383178711,27.583317458629608,45.29374043146769,57.22693634033203,70.61695098876953,0.11869719,0.23050131,True,True
J-186,94.39935302734375,102.11317443847656,78.65496635437012,104.10234069824219,94.90204620361328,111.47412872314453,0.19859807,0.2609679,True,True
J-187,58.91071001688639,72.12017822265625,52.89896281560262,65.68112691243489,68.5322494506836,75.15097045898438,0.14877437,0.21094874,True,True
J-188,60.90054257710775,73.26980590820312,53.03949165344238,69.15772851308186,69.84915161132812,76.53852081298828,0.15058188,0.20644473,True,True
J-189,57.10097567240397,61.70781707763672,47.211636225382485,64.38857793807983,54.60561752319336,67.6898422241211,0.15195076,0.1770797,True,True
J-19,9.987477704882622,28.217050552368164,7.98076435426871,12.23152290781339,19.967994689941406,36.683658599853516,0.003000165,0.035385832,False,False
J-190,104.84312852223714,109.5738525390625,93.26252333323161,118.55925782521565,98.9754638671875,121.33145141601562,0.19505757,0.22560556,True,True
J-191,42.06662424405416,67.37281799316406,32.23516849676768,51.77072922388712,63.51882553100586,71.5998764038086,0.14278714,0.25889128,True,True
J-192,35.86615482966105,60.64667510986328,27.35339899857839,45.58317410945892,57.036354064941406,70.61888885498047,0.11909619,0.23040679,True,True
J-194,77.19501845041911,91.50942993164062,63.848532358805336,86.97366301218669,89.27021789550781,94.73674774169922,0.22945134,0.298859,True,True
J-195,94.85413455963135,102.49726867675781,79.18644046783447,104.80322933197021,95.74224853515625,112.5348892211914,0.1968432,0.25851908,True,True
J-196,49.38527274131775,74.99269104003906,36.126272559165955,63.665237744649254,74.99269104003906,79.40016174316406,0.16616663,0.27595317,True,True
J-197,45.395660281181335,62.46249008178711,28.99101569255193,47.228048960367836,59.417144775390625,71.38172149658203,0.15676041,0.25528502,True,True
J-198,152.05682500203451,158.55079650878906,139.85213915506998,155.4921499888102,151.1652069091797,166.8842315673828,0.5179293,0.7729339,True,True
J-199,94.99605878194173,102.80523681640625,79.34729035695393,104.96684837341309,95.8877182006836,112.55206298828125,0.19808571,0.2595155,True,True
J-2,60.163933753967285,68.5474624633789,51.63752476374308,75.50690905253093,61.361907958984375,86.119140625,0.0065070465,0.019891731,False,False
J-20,137.40427271525064,145.89076232910156,121.66780376434326,150.78205426534018,137.40113830566406,156.83775329589844,0.26987317,0.46209607,True,True
J-200,63.99309698740641,73.95478820800781,54.91177829106649,74.80856355031331,68.83069610595703,78.64825439453125,0.14831169,0.19387062,True,True
J-201,65.60281260808308,74.69368743896484,58.18333339691162,72.83683363596599,66.11036682128906,82.54698181152344,0.15736704,0.20463316,True,True
J-202,96.2460749944051,105.08206939697266,82.00762907663982,108.99698066711426,97.25028991699219,113.86554718017578,0.19188559,0.26005173,True,True
J-203,59.12522649765015,71.6449966430664,52.88217004140218,65.6629802385966,68.34989929199219,74.42657470703125,0.14982253,0.20862265,True,True
J-204,139.1064888636271,161.28565979003906,135.19254684448242,148.27961858113608,155.39048767089844,161.62960815429688,0.56022036,0.8356681,True,True
J-205,102.13559353351593,127.5105972290039,84.91878906885783,109.2756215731303,125.6377944946289,133.1736297607422,0.44842604,0.57733935,True,True
J-206,53.96556854248047,71.98357391357422,42.71445290247599,55.95364363988241,67.60939025878906,74.46540069580078,0.17509611,0.26056808,True,True
J-207,29.221768081188202,63.563392639160156,26.716245869795483,43.06516571839651,57.40416717529297,69.36068725585938,0.09685906,0.23445755,True,True
J-208,29.28103405237198,60.47930908203125,25.71978587905566,41.53388603528341,55.046836853027344,69.22261810302734,0.09877536,0.23569539,True,True
J-209,26.20708974202474,56.99573516845703,19.59062335888545,26.20708974202474,51.52025604248047,61.09453201293945,0.0956858,0.23860385,True,True
J-21,68.19136794408162,85.177978515625,63.94863430658976,80.88629245758057,75.54332733154297,91.9308090209961,0.18289983,0.2796893,True,True
J-210,63.66963098446528,122.51063537597656,50.41052303711573,91.58470731973648,120.18108367919922,127.77156066894531,0.26071832,0.5202587,True,True
J-211,106.8869575659434,129.21717834472656,104.33259439468384,114.27360010147095,127.2137451171875,133.66143798828125,0.47419158,0.57733935,True,True
J-212,30.749474853277206,102.52599334716797,24.021927287181217,32.730632131298385,67.68419647216797,104.17739868164062,0.1100224,0.46078637,True,True
J-213,89.61050001780193,97.41582489013672,75.42420403162639,100.80171012878418,91.4747314453125,107.49679565429688,0.1788439,0.22780094,True,True
J-214,56.20506922403971,67.9618148803711,50.20988726615906,62.3091017405192,62.99864196777344,70.75154876708984,0.15514891,0.20962897,True,True
J-215,64.43217134475708,81.4906234741211,58.73624483744303,74.00078868865967,79.2764892578125,87.19752502441406,0.1853168,0.27645057,True,True
J-215a,52.655819733937584,61.75551986694336,40.16156601905823,57.67743651072184,59.951419830322266,65.80631256103516,0.15452069,0.20988546,True,True
J-216,3.8158287902673087,3.878141164779663,3.7825971444447837,3.87215726574262,3.8423054218292236,3.9305243492126465,0.0,0.0,False,False
J-217,4.100019216537476,4.168044567108154,4.063287407159805,4.1635356942812605,4.128081798553467,4.224853038787842,0.0,0.0,False,False
J-218,54.616613705952965,62.67242431640625,42.85297083854675,59.55391263961792,59.41316223144531,66.26158905029297,0.1575462,0.20257676,True,True
J-219,68.6696424484253,82.34828186035156,61.681708017985024,74.12757809956868,79.70960235595703,84.91613006591797,0.20961332,0.28495356,True,True
J-22,155.3164971669515,165.94349670410156,150.57388877868652,155.49996948242188,154.89051818847656,166.99996948242188,0.93572885,1.0,True,True
J-220,95.02954959869385,103.13532257080078,79.48649311065674,105.11870733896892,95.5618667602539,112.42668914794922,0.19700582,0.25982988,True,True
J-221,40.29098256429037,75.67098236083984,34.36499583721161,56.37183539072672,75.56568908691406,79.92144775390625,0.13745874,0.2890588,True,True
J-222,39.98789930343628,92.59537506103516,35.164504051208496,49.04975310961405,70.11906433105469,92.59537506103516,0.14016809,0.38396442,True,True
J-223,51.42804876963297,61.7745361328125,39.296484311421715,56.76697540283203,59.62411880493164,65.0144271850586,0.14978865,0.201974,True,True
J-224,48.65889994303385,59.491844177246094,37.89586011568705,55.9993265469869,59.111263275146484,63.86232376098633,0.14091124,0.18459012,True,True
J-225,136.44718583424887,144.59365844726562,119.78428395589192,149.48831748962402,137.27963256835938,154.9413299560547,0.31298056,0.49422398,True,True
J-226,64.0283686319987,88.32666015625,59.081716537475586,74.51357905069987,87.28776550292969,91.7044677734375,0.18536067,0.31408218,True,True
J-227,100.31258583068848,112.322021484375,92.88861974080403,115.23709170023601,105.97917175292969,120.13967895507812,0.20018442,0.30680078,True,True
J-228,57.105111598968506,70.07100677490234,52.40084171295166,64.70559183756511,67.42893981933594,73.91764831542969,0.1469856,0.2094083,True,True
J-229,57.06008783976237,68.9354476928711,52.34946902592977,63.57915751139323,66.27190399169922,72.95835876464844,0.1518995,0.20806023,True,True
J-23,67.77830680211385,82.22154235839844,59.84647480646769,72.57079362869263,72.61092376708984,88.61333465576172,0.2007699,0.27898067,True,True
J-230,57.10281833012899,70.1088638305664,52.360406239827476,64.66501871744792,67.35079956054688,73.98489379882812,0.14722885,0.2097935,True,True
J-231,48.846115589141846,59.2962646484375,37.8135712146759,55.98445701599121,59.14422607421875,64.04946899414062,0.14104311,0.18339016,True,True
J-232,43.87240028381348,75.05815887451172,34.688169399897255,56.343723138173424,73.97486114501953,78.73776245117188,0.15159433,0.2846131,True,True
J-233,44.72573415438334,73.7857666015625,37.159016728401184,59.52613623936971,73.7857666015625,78.36843872070312,0.15150434,0.2762672,True,True
J-234,123.59512869517009,130.0699462890625,107.0634708404541,138.20841852823892,124.15487670898438,145.0770263671875,0.22058712,0.3387014,True,True
J-235,22.099179804325104,50.86701202392578,20.24007389942805,24.86174190044403,50.06154251098633,61.121673583984375,0.075813375,0.21144998,True,True
J-236,147.75960445404053,161.8463134765625,146.04062620798746,153.75500551859537,161.3819580078125,165.27882385253906,0.7477849,0.88002986,True,True
J-237,42.67533389727274,75.71894073486328,35.51737888654073,56.405533949534096,74.0698013305664,78.96014404296875,0.14687641,0.28792515,True,True
J-238,146.51812426249185,161.290771484375,132.28482246398926,152.3951555887858,157.93870544433594,165.18838500976562,0.72789925,0.87372446,True,True
J-239,79.74476909637451,95.61415100097656,57.97191969553629,83.59604899088542,94.99493408203125,98.90165710449219,0.24445994,0.35528597,True,True
J-24,63.04857095082601,75.30365753173828,51.11336708068848,69.22658967971802,69.28258514404297,77.87438201904297,0.20776649,0.27142498,True,True
J-240,102.81766033172607,105.1744155883789,89.77324040730794,119.06341203053792,93.28854370117188,121.6902084350586,0.0,0.0,False,False
J-242,111.31458950042725,115.15079498291016,96.5101219813029,130.6576910018921,98.38601684570312,135.307373046875,0.0,0.0,False,False
J-243,40.25291462739309,75.60311126708984,34.30664074420929,56.26895078023275,75.17594909667969,79.90869903564453,0.13734601,0.28881273,True,True
J-244,41.11913585662842,74.39227294921875,35.873270750045776,52.69395875930786,73.50502014160156,79.8231201171875,0.14342865,0.29137456,True,True
J-245,52.237161000569664,64.6153564453125,38.959530194600426,56.33290243148804,64.19190979003906,67.57189178466797,0.18006825,0.23710102,True,True
J-246,40.44990944862366,91.98007202148438,34.710497975349426,49.87981136639913,74.75457763671875,92.14291381835938,0.14437975,0.3860224,True,True
J-247,155.5,167.0,155.49998474121094,155.5,166.99998474121094,167.0,1.0,1.0,True,True
J-248,41.16437657674154,74.3126220703125,35.2963722149531,53.02254112561544,73.1491470336914,83.33131408691406,0.14450485,0.28683165,True,True
J-249,59.0689689318339,65.7996826171875,51.56794389088949,68.15480836232503,57.58063507080078,70.89895629882812,0.14966367,0.17876391,True,True
J-25,68.04817501703899,84.12596893310547,59.33632469177246,78.49671999613444,77.39256286621094,87.69518280029297,0.1949919,0.27060732,True,True
J-250,94.64385064442952,99.95571899414062,79.59851741790771,105.44361782073975,92.53954315185547,110.62457275390625,0.19476502,0.24403906,True,True
J-251,54.4255960782369,64.26653289794922,42.801831563313804,59.19308694203695,61.332794189453125,66.54170989990234,0.15881802,0.21160047,True,True
J-252,57.17518711090088,69.03103637695312,52.476648489634194,63.7292431195577,66.496337890625,72.8370361328125,0.1520074,0.20724332,True,True
J-253,96.40353457132976,105.44407653808594,82.69815794626872,109.69486586252849,97.72259521484375,114.32908630371094,0.1900538,0.26142457,True,True
J-254,62.33705552419027,108.57149505615234,37.38741179307302,75.51373116175334,86.91187286376953,115.55733489990234,0.23246606,0.46022233,True,True
J-255,62.18001778920492,101.89752960205078,38.85649792353312,71.89964548746745,83.38428497314453,111.38671875,0.23190355,0.42715037,True,True
J-256,53.12162192662557,61.911922454833984,40.69769970575968,57.88102785746256,60.68529510498047,65.75194549560547,0.15658271,0.2115836,True,True
J-257,69.6922558148702,75.73405456542969,58.101617654164635,78.6583964029948,64.9503173828125,83.77622985839844,0.16313623,0.19868001,True,True
J-258,52.11289052168528,121.51063537597656,45.1958167552948,69.35784902175267,120.21385955810547,127.77156066894531,0.21512818,0.5202587,True,True
J-259,20.348187069098156,50.663368225097656,17.88077123959859,22.808756192525227,45.20901870727539,60.956058502197266,0.07179702,0.21144998,True,True
J-26,57.76901205380758,77.40973663330078,39.78473607699076,63.182571729024254,77.40973663330078,80.65239715576172,0.20149077,0.28784066,True,True
J-260,27.95968449115753,50.088958740234375,24.117900609970093,28.834861477216084,41.080955505371094,55.4077262878418,0.030873174,0.11989177,False,True
J-261,61.51049613952637,76.30956268310547,58.913034756978355,72.74366188049316,76.30956268310547,88.91387939453125,0.019569818,0.08802528,False,True
J-262,3.4810091455777488,3.533336639404297,3.453977942466736,3.530996650457382,3.5036134719848633,3.5777742862701416,0.0,0.0,False,False
J-263,70.76474285125732,77.0013427734375,57.798578103383385,79.91822814941406,73.0272445678711,85.36683654785156,0.1623639,0.19539832,True,True
J-264,87.96704896291097,95.78064727783203,81.26985390981038,98.73822212219238,88.5358657836914,103.63259887695312,0.25354832,0.29800302,True,True
J-265,150.78069623311362,154.17213439941406,139.55920600891113,155.36177762349448,145.92086791992188,166.22946166992188,0.47141048,0.6802704,True,True
J-266,58.20274829864502,68.2499771118164,52.692631244659424,66.72861750920613,64.46837615966797,73.7847671508789,0.14526647,0.19274183,True,True
J-267,62.81892108917236,72.95478820800781,54.22273143132528,73.20572662353516,67.95073699951172,77.5909194946289,0.14736427,0.19387062,True,True
J-268,64.43242597579956,73.41431427001953,54.81645282109579,75.62696584065755,68.86913299560547,79.17926788330078,0.14693487,0.18698157,True,True
J-269,54.8960599899292,62.61466979980469,44.349943002065025,58.5023504892985,61.222774505615234,66.08470916748047,0.1828811,0.22769424,True,True
J-27,63.50449323654175,73.34937286376953,53.33243974049886,70.18121830622356,64.92327117919922,79.29072570800781,0.204729,0.26601234,True,True
J-270,57.97008498509725,68.47079467773438,52.07299359639486,61.08224376042684,65.86262512207031,71.01000213623047,0.18600808,0.24110208,True,True
J-271,66.2017985979716,74.60543060302734,56.13749758402506,77.11213970184326,69.94929504394531,81.59480285644531,0.1475696,0.18862341,True,True
J-272,56.21918328603109,68.26081085205078,50.734076817830406,62.09157101313273,62.98106384277344,70.74537658691406,0.1545512,0.21123697,True,True
J-273,42.404568592707314,90.94285583496094,34.54526034990946,48.23818071683248,70.3468246459961,97.25263214111328,0.15451176,0.38528255,True,True
J-274,7.760366205902149,26.26141357421875,5.802956439865132,12.729816922917962,21.507360458374023,50.85203552246094,0.0035604204,0.037743416,False,False
J-275,56.60466241836548,61.68404769897461,48.19614680608114,60.94354899724325,55.93072509765625,65.23141479492188,0.18063237,0.20856982,True,True
J-276,46.22650750478109,75.08480834960938,36.835606257120766,62.1407667795817,74.03095245361328,79.01713562011719,0.15471907,0.2786335,True,True
J-277,47.57620167732239,65.63780212402344,39.59957631429037,58.00926367441813,63.985923767089844,66.9734115600586,0.14797743,0.22261043,True,True
J-278,61.84072732925415,74.351806640625,54.05799881617228,73.66184425354004,70.44462585449219,77.1745376586914,0.14161728,0.20204635,True,True
J-279,75.44111474355061,83.08574676513672,61.99811855951945,82.86576843261719,77.75511932373047,89.28443908691406,0.17639875,0.2257528,True,True
J-28,50.21510680516561,69.7457046508789,40.50538237889608,61.508894761403404,69.7457046508789,72.31890106201172,0.1664228,0.24802466,True,True
J-280,75.53757540384929,83.3880615234375,62.21025848388672,82.95226510365804,77.82268524169922,89.52339935302734,0.1763797,0.22509915,True,True
J-281,46.48739838600159,74.98519897460938,35.5501993894577,59.64747063318888,74.57656860351562,78.5106201171875,0.15860413,0.27956384,True,True
J-282,75.59331925710042,124.51055908203125,54.339393417040505,103.74852883815765,122.21360778808594,130.77114868164062,0.30986193,0.52025896,True,True
J-283,73.92722233136494,124.51055908203125,54.86292386054993,103.63832946618398,122.21360778808594,130.7711639404297,0.3011041,0.520259,True,True
J-284,58.18192402521769,69.23841094970703,52.66431283950806,65.07707913716634,65.84661865234375,72.36182403564453,0.15011589,0.20253125,True,True
J-285,68.20052576065063,77.18373107910156,56.23468701044718,78.22320238749187,73.90179443359375,83.73737335205078,0.15472049,0.20006469,True,True
J-286,54.158241748809814,74.17544555664062,37.722727139790855,61.934207598368324,74.17544555664062,77.75163269042969,0.18301336,0.2652957,True,True
J-287,53.97965375582377,73.84017181396484,37.63592139879862,61.88043944040934,73.84017181396484,77.81065368652344,0.18222672,0.26440218,True,True
J-288,63.26029030481974,69.0330810546875,54.64830573399862,70.79335085550944,62.72843933105469,75.55349731445312,0.15313321,0.1763923,True,True
J-289,56.349887212117515,64.20246887207031,49.586872259775795,62.65795850753784,58.57033920288086,67.9937744140625,0.15222807,0.19014476,True,True
J-29,57.253895123799644,71.52330017089844,42.21536389986674,64.64595556259155,71.52330017089844,74.97158813476562,0.19101779,0.25066525,True,True
J-290,58.12767251332601,66.8510513305664,52.10456005732218,64.81516599655151,62.465599060058594,70.42378997802734,0.14934887,0.19074905,True,True
J-291,19.335187057654064,48.11384201049805,13.6301778058211,24.786370714505512,36.82892608642578,54.479312896728516,0.03435629,0.147096,False,True
J-292,17.309968034426372,40.37428665161133,13.541276087363562,23.4569415251414,32.557518005371094,52.08028793334961,0.028784717,0.12531994,False,True
J-293,46.90849349896113,89.59605407714844,36.88900808493296,61.589457511901855,88.11763763427734,105.71147918701172,0.16618307,0.34556141,True,True
J-294,45.21407194932302,91.77124786376953,38.535536805788674,64.01435327529907,90.33316040039062,99.8013687133789,0.15601192,0.35299367,True,True
J-295,93.74320888519287,100.86245727539062,77.71329847971599,103.43844286600749,94.68960571289062,110.41840362548828,0.1981281,0.26422843,True,True
J-296,56.392813523610435,64.11412048339844,49.226766427357994,62.62979237238566,58.580352783203125,67.29966735839844,0.15382797,0.19122793,True,True
J-297,58.792784690856934,68.20745086669922,53.228853702545166,62.6331779162089,64.70342254638672,70.7978744506836,0.18331587,0.23012467,True,True
J-298,57.265593687693276,62.37936782836914,49.05094734827677,61.076852798461914,56.25026321411133,65.82953643798828,0.18287383,0.22128665,True,True
J-299,88.00159072875977,93.39959716796875,75.57873471577962,98.16349792480469,85.0179672241211,101.62673950195312,0.20783536,0.23440945,True,True
J-3,29.929400980472565,55.13499069213867,23.476941724618275,29.929400980472565,51.70024871826172,61.2467041015625,0.108538665,0.21143982,True,True
J-30,119.93227926890056,133.76992797851562,110.63756306966145,134.55819956461588,129.72262573242188,143.10975646972656,0.2508622,0.4368425,True,True
J-300,56.99206034342448,63.35210418701172,48.31137037277222,61.25684849421183,55.673980712890625,66.69473266601562,0.18226767,0.21703888,True,True
J-301,58.93119748433431,64.64897918701172,52.064322312672935,64.3681305249532,59.22533416748047,67.74637603759766,0.17911424,0.20953546,True,True
J-302,18.33888367811839,25.48152732849121,14.5164022843043,25.765692313512165,21.664714813232422,42.573787689208984,0.005625228,0.011764364,False,False
J-303,19.270775238672893,27.560766220092773,15.479625582695007,26.425647258758545,23.827165603637695,36.68436050415039,0.006307307,0.017953012,False,False
J-304,55.061714331309,63.938987731933594,44.67635774612427,60.70510562260946,59.90155029296875,67.36124420166016,0.15654825,0.19947855,True,True
J-305,84.56981182098389,94.84119415283203,74.99988842010498,98.23485279083252,88.6784896850586,103.23137664794922,0.15863325,0.22270826,True,True
J-306,52.53273296356201,66.166748046875,43.32621701558431,63.30788119633993,63.13290023803711,70.95553588867188,0.16871922,0.22219065,True,True
J-307,55.41740560531616,64.98566436767578,46.68916289011637,61.597645123799644,60.29536056518555,68.70140075683594,0.15551001,0.1999357,True,True
J-308,28.35707175731659,48.161258697509766,18.257361551125843,29.024485150973003,35.17502212524414,54.50041580200195,0.044747908,0.12309697,False,True
J-309,28.011971553166706,44.09543228149414,17.766120195388794,29.561287482579548,35.68860626220703,57.85737228393555,0.045402735,0.111587584,False,True
J-31,118.69669087727864,128.2540740966797,107.62150414784749,128.8175811767578,120.97885131835938,135.4708251953125,0.39256954,0.4555136,True,True
J-310,58.12581205368042,70.82496643066406,52.76001596450806,64.91480239232381,67.49449157714844,73.8975830078125,0.14863122,0.20924592,True,True
J-311,68.52472654978435,79.00098419189453,55.90088415145874,78.30392583211263,75.41876220703125,85.07291412353516,0.1557986,0.20899051,True,True
J-312,96.7405686378479,127.51044464111328,86.81527670224507,113.79236014684041,125.87565612792969,134.66171264648438,0.4162936,0.5773395,True,True
J-313,81.71348826090495,90.84541320800781,72.99201265970866,94.16443125406902,79.55382537841797,98.37925720214844,0.2127931,0.256279,True,True
J-314,125.4766108194987,129.84629821777344,110.80685011545818,138.07961781819662,115.66300201416016,142.94918823242188,0.29809424,0.3378352,True,True
J-315,77.55546633402507,84.78585815429688,67.8973863919576,87.0537935892741,76.8724136352539,92.60658264160156,0.16902418,0.21009073,True,True
J-316,14.853642036517462,49.49846649169922,12.688372751077017,19.147778312365215,42.793113708496094,54.19527053833008,0.024791693,0.16616282,False,True
J-317,51.93840131163597,108.219482421875,40.86217249433199,66.86979933579762,105.49008178710938,117.54227447509766,0.19289844,0.44868976,True,True
J-318,70.49096222718556,124.51055908203125,57.415647546450295,104.77824167410533,122.26412963867188,130.7711944580078,0.28276694,0.5202592,True,True
J-319,60.119098822275795,71.35527038574219,53.1541961034139,68.21272436777751,67.88386535644531,75.16336822509766,0.1484785,0.20212215,True,True
J-32,141.26535987854004,146.99334716796875,127.33745447794597,152.59570693969727,135.88705444335938,159.1851043701172,0.3035868,0.40409607,True,True
J-320,72.67389726638794,79.38751220703125,58.3435804049174,80.74473826090495,75.85062408447266,86.15272521972656,0.17161457,0.21714258,True,True
J-321,47.56868044535319,59.87425231933594,37.809139808019005,55.489922841389976,58.09660339355469,62.059226989746094,0.1371779,0.18733224,True,True
J-322,58.06483777364095,75.44602966308594,40.300101359685264,63.340079148610435,74.61283874511719,78.07371520996094,0.19930655,0.29532665,True,True
J-323,56.40963292121887,74.5040512084961,39.71678431828817,62.66512886683146,74.16273498535156,77.2735366821289,0.19228594,0.26453525,True,True
J-324,63.84867938359579,73.19878387451172,54.92571481068929,74.96825249989827,68.42405700683594,78.58833312988281,0.14412443,0.18949658,True,True
J-325,58.07455269495646,71.05187225341797,52.86204449335734,64.97349961598714,67.19658660888672,75.04444122314453,0.14767796,0.20999609,True,True
J-326,46.79023631413778,54.28099822998047,40.79220279057821,52.7623770236969,49.56813430786133,63.649112701416016,0.0797168,0.095478125,True,True
J-327,26.082595586776733,32.36344528198242,20.316719849904377,30.73268659909566,24.655214309692383,40.07427978515625,0.007376188,0.017727232,False,False
J-328,27.352352539698284,32.381431579589844,22.319666624069214,32.30463242530823,24.991790771484375,39.16352462768555,0.0065679555,0.013505806,False,False
J-329,28.021674195925396,45.55895233154297,16.611205796400707,30.018942316373188,36.5393180847168,54.301971435546875,0.05049487,0.117275886,True,True
J-33,77.23334836959839,91.21580505371094,62.90499337514242,87.65400664011638,80.65750885009766,97.7042236328125,0.20166276,0.27970794,True,True
J-330,155.4999542236328,166.9999542236328,155.31231053670248,155.49998474121094,165.89468383789062,166.99998474121094,1.0,1.0,True,True
J-331,76.24810377756755,84.57461547851562,65.54849529266357,84.77342351277669,69.83452606201172,91.39088439941406,0.2152685,0.25551087,True,True
J-332,106.82421429951985,112.17281341552734,92.23280302683513,118.68355909983318,98.831298828125,123.926025390625,0.26146093,0.3154514,True,True
J-333,57.95438305536906,71.03438568115234,52.91979646682739,65.05437405904134,67.4689712524414,74.08331298828125,0.14814727,0.21053332,True,True
J-334,67.88265784581502,79.23944091796875,55.561657110850014,77.91525967915852,75.54035949707031,85.5176010131836,0.15288533,0.2110434,True,True
J-335,55.83630911509196,66.79753875732422,47.83489942550659,61.53397194544474,62.740997314453125,69.53813934326172,0.15871486,0.20946112,True,True
J-336,60.97130330403646,76.21803283691406,53.906930128733315,73.42504978179932,72.06639862060547,79.98638153076172,0.13643028,0.21135436,True,True
J-337,65.80065266291301,76.0096206665039,58.42462952931722,73.48580646514893,67.22286224365234,81.17391204833984,0.15851976,0.21203256,True,True
J-338,68.05884424845378,78.2244873046875,60.53186893463135,76.5357297261556,70.33164978027344,83.32089233398438,0.15837051,0.21305862,True,True
J-339,17.04118049144745,26.306180953979492,13.393134554227194,24.595495065053303,21.645055770874023,39.24368667602539,0.005834971,0.01670016,False,False
J-34,19.21718657016754,27.005578994750977,15.231877525647482,29.158264716466267,22.325258255004883,43.6531982421875,0.006128922,0.016181467,False,False
J-340,30.32536295056343,53.659828186035156,25.205184082190197,31.607264200846355,53.27010726928711,68.99628448486328,0.11041675,0.20438571,True,True
J-341,31.084144870440166,53.5197868347168,25.511208693186443,31.084144870440166,52.3236083984375,67.96712493896484,0.11294105,0.20440187,True,True
J-342,55.59104553858439,66.02884674072266,47.34393564860026,61.332014878590904,62.52616882324219,68.63788604736328,0.15843703,0.20896988,True,True
J-343,56.84637928009033,68.7818832397461,51.624859968821205,62.76190519332886,64.6085205078125,71.90425109863281,0.15474729,0.20938928,True,True
J-344,56.54730613529682,117.4927749633789,38.31442145009836,68.25835397839546,116.4602279663086,122.63533020019531,0.21683352,0.4559412,True,True
J-345,35.519695649544396,113.4927749633789,28.458000232776005,45.47313808898131,113.4927749633789,122.63533020019531,0.12304002,0.4559412,True,True
J-346,9.153975700338682,25.47759246826172,7.477587396899859,12.809353133042654,19.952016830444336,45.23704147338867,0.0031313312,0.022834752,False,False
J-347,8.579205592473349,22.62346839904785,6.884227938950062,11.697005910178026,19.03415870666504,44.15782928466797,0.0022092417,0.03241809,False,False
J-348,29.098955790201824,36.25055694580078,23.587597052256267,33.86259055137634,28.822586059570312,43.92597198486328,0.006624346,0.0138963545,False,False
J-349,112.93671703338623,119.40899658203125,98.56138165791829,132.76825300852457,106.46946716308594,141.39718627929688,0.011130329,0.024108697,False,False
J-35,66.94244527816772,79.38813018798828,55.23427963256836,72.29552555084229,77.7503890991211,82.37084197998047,0.21330881,0.28617883,True,True
J-350,56.128237883249916,66.2210693359375,48.7735980351766,62.42522716522217,61.29536056518555,69.7434310913086,0.15579724,0.20227158,True,True
J-351,58.72598107655843,69.3979263305664,52.6652561823527,65.89960590998332,66.59904479980469,73.30475616455078,0.14966176,0.20066094,True,True
J-352,24.57271933555603,29.20085906982422,19.946973085403442,30.53668252627055,22.751413345336914,39.80238723754883,0.006232232,0.010292277,False,False
J-353,15.622838973999023,24.63210105895996,12.59654196103414,21.894273201624554,21.526538848876953,32.01494598388672,0.004898721,0.012067243,False,False
J-354,109.67485809326172,118.02680206298828,97.24360084533691,130.11372502644858,106.26829528808594,138.85980224609375,0.007672155,0.017686957,False,False
J-355,43.96441602706909,57.58364486694336,36.806802252928414,49.86126985152563,51.87490463256836,69.92416381835938,0.16309418,0.22405866,True,True
J-356,121.0380957921346,128.00523376464844,113.8603048324585,127.60027853647868,126.32260131835938,137.9602508544922,0.24981315,0.33756584,True,True
J-357,14.021884595354399,52.483009338378906,12.153509080410004,17.185558319091797,45.117210388183594,55.29145050048828,0.023423158,0.17121439,False,True
J-358,55.35452381769816,83.537109375,45.01459264755249,61.809550285339355,72.51285552978516,88.65550994873047,0.036084075,0.20796157,False,True
J-359,40.76788656413555,117.4927749633789,29.426733429233234,48.84191810588042,116.4602279663086,122.63533020019531,0.14643236,0.4559412,True,True
J-36,69.30027071634929,82.14178466796875,58.372276306152344,74.38218720753987,69.20342254638672,88.9671859741211,0.1345462,0.23264289,True,True
J-360,79.68610286712646,137.5778045654297,79.68610286712646,106.33958307902019,136.19288635253906,146.62001037597656,0.19381659,0.5775345,True,True
J-361,13.474868396917978,28.355541229248047,12.08642341196537,14.393351410826048,24.690214157104492,49.398921966552734,0.011591156,0.066705145,False,True
J-362,9.487439269820849,25.092058181762695,7.885817522803943,12.401638527711233,25.092058181762695,37.88491439819336,0.0024134764,0.025533231,False,False
J-363,13.337013964851698,56.61450958251953,8.305426026384035,17.722551837563515,42.610111236572266,60.24718475341797,0.02582856,0.21234454,False,True
J-364,13.719800144433975,57.611427307128906,8.649735460678736,18.02519826591015,41.79712677001953,60.246219635009766,0.027853811,0.21763858,False,True
J-365,33.37185833851496,62.302772521972656,29.179305016994476,36.24217001597086,55.52097702026367,69.28649139404297,0.11845078,0.23512402,True,True
J-366,35.250364899635315,68.99766540527344,28.197246183951695,38.838344971338906,56.066471099853516,69.32124328613281,0.12646538,0.3049056,True,True
J-367,97.97394561767578,103.75946044921875,85.71722888946533,109.42123858133952,91.72467041015625,114.33268737792969,0.24762706,0.28299323,True,True
J-368,153.25463930765787,160.61575317382812,144.34027608235678,155.43555068969727,148.36642456054688,166.67214965820312,0.7358449,0.9126626,True,True
J-369,58.25068442026774,69.55775451660156,52.97448619206747,63.73158836364746,65.62832641601562,70.9483871459961,0.16545108,0.22123452,True,True
J-37,47.113032579422,67.07954406738281,46.289770444234215,56.34834003448486,57.21657180786133,71.89164733886719,0.09401369,0.20106764,True,True
J-370,79.73939911524455,109.46856689453125,60.092134873072304,86.22360102335612,94.46814727783203,118.63880920410156,0.30775043,0.5019424,True,True
J-371,124.41899967193604,133.02529907226562,112.97157541910808,139.55122820536295,120.8954849243164,144.7529754638672,0.23608524,0.34461093,True,True
J-372,62.4198260307312,74.04811096191406,54.61753845214844,73.31912485758464,70.37956237792969,78.80615997314453,0.1458689,0.19965376,True,True
J-373,25.315592050552368,30.821577072143555,19.783883571624756,30.49230718612671,24.34284210205078,42.4390869140625,0.007462038,0.017599799,False,False
J-374,57.4755605061849,68.23189544677734,52.2249231338501,63.98918072382609,64.71319580078125,71.27471160888672,0.15176679,0.20251864,True,True
J-375,76.77707874774933,117.4927749633789,62.686203787724175,90.1866769393285,116.41405487060547,122.63533020019531,0.30663785,0.46078637,True,True
J-376,69.68939915299416,118.4927749633789,51.90569953123728,85.71616930762927,116.63938903808594,122.63533020019531,0.2747595,0.46078637,True,True
J-377,29.145107487837475,58.477142333984375,25.232968548933666,30.321161488691967,54.66090774536133,68.28912353515625,0.104390055,0.23539497,True,True
J-378,28.80314364035924,59.73051834106445,24.096656888723373,28.80314364035924,53.38017272949219,68.71741485595703,0.10306728,0.23545527,True,True
J-379,21.806752522786457,50.66900634765625,17.911099553108215,24.498684724171955,47.2717170715332,60.960487365722656,0.07711722,0.21144998,True,True
J-38,109.27382179101308,127.51060485839844,104.30578283468883,110.95427425702412,125.63783264160156,133.3942108154297,0.48639634,0.57733935,True,True
J-380,8.996518890062967,25.388643264770508,7.229074706633885,12.586979538202286,20.334274291992188,46.072105407714844,0.002547092,0.02940252,False,False
J-381,60.2256695429484,70.62859344482422,54.765621980031334,65.47550106048584,67.93634033203125,73.76790618896484,0.17696123,0.2286265,True,True
J-382,71.59128713607788,79.0787582397461,58.001676082611084,78.18336486816406,75.83448791503906,84.0323257446289,0.19741017,0.2398142,True,True
J-383,14.27038069566091,24.0811710357666,11.56730541586876,18.97131844361623,21.25933074951172,30.112133026123047,0.0042557316,0.013164018,False,False
J-384,109.64443492889404,117.47119140625,96.16116174062093,129.64619414011636,103.1930923461914,138.71446228027344,0.007375819,0.017953742,False,False
J-385,34.34961271286011,58.376644134521484,28.903611938158672,39.78545582294464,56.119140625,95.79423522949219,0.121303074,0.23178445,True,True
J-386,40.56402019659678,100.26223754882812,33.08399483561516,47.5847692489624,71.07034301757812,104.02362060546875,0.14660172,0.4502255,True,True
J-387,66.72803386052449,75.08162689208984,54.29274272918701,74.87544790903728,63.65231704711914,80.2662124633789,0.20403683,0.23944482,True,True
J-388,67.26224374771118,75.71644592285156,55.50271304448446,75.74281469980876,66.66879272460938,81.07188415527344,0.20358337,0.23814347,True,True
J-389,74.94724241892497,86.89764404296875,63.091049671173096,74.94724241892497,85.21177673339844,93.04792022705078,0.21103992,0.253915,True,True
J-39,104.78198611736298,127.5106201171875,98.93378901481628,110.13585551579793,125.63790130615234,133.3942108154297,0.46225986,0.57733965,True,True
J-390,23.685184796651203,29.81886863708496,19.02396635214488,30.088399569193523,25.727306365966797,38.29790115356445,0.006859278,0.016865766,False,False
J-391,31.831766227881115,63.38444900512695,28.970184326171875,38.26366515954336,55.7032585144043,69.3812255859375,0.110527195,0.23564775,True,True
J-392,49.45233589410782,100.34039306640625,39.03658930460612,57.630767822265625,87.41914367675781,106.26005554199219,0.17959245,0.38222456,True,True
J-393,47.302638014157615,95.19274139404297,40.02694175640742,57.55589532852173,87.32244110107422,102.67365264892578,0.16900885,0.36282146,True,True
J-394,19.394430200258892,27.45744514465332,15.642186641693115,26.713714679082234,23.035629272460938,42.53570556640625,0.0062523335,0.017387442,False,False
J-395,18.59066681067149,26.360624313354492,14.797890305519104,25.947157859802246,21.26263427734375,38.63175964355469,0.005770955,0.0141386315,False,False
J-396,59.24306662877401,71.59082794189453,44.941853046417236,62.82209300994873,71.53849029541016,74.27676391601562,0.19552732,0.26597905,True,True
J-397,58.15254306793213,71.07256317138672,42.49652655919393,61.79936742782593,70.46576690673828,73.31232452392578,0.1928193,0.2646917,True,True
J-398,95.46282482147217,101.75328826904297,85.29402097066243,108.87079429626465,91.25883483886719,112.88847351074219,0.23030977,0.26759666,True,True
J-399,65.27352507909139,88.33084869384766,56.977175076802574,80.09597365061443,87.74808502197266,91.98148345947266,0.1682303,0.29158843,True,True
J-4,22.308897852897644,50.93741226196289,20.598548889160156,27.316440721352894,50.13161849975586,61.17903518676758,0.0757878,0.21144998,True,True
J-40,131.15377712249756,139.5931854248047,115.44363371531169,143.26950963338217,130.25369262695312,151.15809631347656,0.34902844,0.49531585,True,True
J-400,25.494255274534225,61.5085563659668,21.0588842133681,28.20459445317586,49.555084228515625,67.4962158203125,0.08806359,0.23504382,True,True
J-401,96.81492884953816,131.98033142089844,72.53780555725098,100.43921248118083,129.87879943847656,139.49961853027344,0.32957223,0.5441626,True,True
J-402,51.57774539788564,108.52149200439453,40.11720636487007,65.89592430988948,105.94733428955078,117.54236602783203,0.1902097,0.44868976,True,True
J-403,64.80529991785686,74.88447570800781,53.942436854044594,70.71551863352458,67.62157440185547,80.30390930175781,0.20844148,0.2671291,True,True
J-404,66.74232927958171,75.9695816040039,60.38257773717245,73.95055294036865,71.3804702758789,83.08358001708984,0.2026792,0.24860266,True,True
J-405,65.51217492421468,76.09767150878906,56.71381235122681,71.25811703999837,66.4244384765625,80.67488098144531,0.20777309,0.26437566,True,True
J-406,66.92658933003743,77.46925354003906,59.8883368174235,77.75699520111084,68.10755157470703,84.5599365234375,0.15169263,0.2057351,True,True
J-407,79.69435437520345,85.47660064697266,65.1503774325053,88.38691997528076,76.00942993164062,95.90253448486328,0.17759942,0.22430438,True,True
J-408,54.435084660847984,64.28214263916016,42.8796751499176,59.258292039235435,61.391197204589844,66.97798919677734,0.1586757,0.21160199,True,True
J-409,52.40992577870687,61.83303451538086,39.90702112515768,57.57804791132609,60.10469436645508,65.92913818359375,0.15355857,0.20895544,True,True
J-41,64.46432940165202,77.70048522949219,57.59706703821818,70.50655746459961,72.02411651611328,80.79788970947266,0.20253183,0.2716422,True,True
J-410,66.26717440287273,78.99796295166016,59.15129041671753,73.16266504923503,69.68997955322266,84.32550048828125,0.20143537,0.268252,True,True
J-411,42.23431873321533,56.55376434326172,35.28800751765569,45.71788422266642,50.454933166503906,68.7801513671875,0.15719865,0.22456533,True,True
J-412,14.153622269630432,23.49504852294922,11.502443253993988,19.13391121228536,21.371124267578125,29.457529067993164,0.0041093337,0.01164333,False,False
J-413,109.83601760864258,117.57775115966797,97.05396779378255,130.4557669957479,105.9591064453125,139.87220764160156,0.0076450706,0.015164985,False,False
J-414,40.71303731203079,100.26165771484375,35.731788943211235,47.36274325847626,84.08760070800781,104.46983337402344,0.15313184,0.45022547,True,True
J-415,39.62010107437769,100.1874008178711,36.46405166387558,50.37460573514303,76.32030487060547,105.46918487548828,0.14717413,0.44987637,True,True
J-416,34.26547939578692,96.25933074951172,28.023493746916454,35.73501706123352,62.20628356933594,96.25933074951172,0.1238181,0.43090943,True,True
J-417,31.188370406627655,60.08995056152344,27.09769442677498,36.818410555521645,56.11682891845703,75.70976257324219,0.109374404,0.23434483,True,True
J-418,74.06643788019817,105.98284912109375,57.633009592692055,89.65368715922038,93.43253326416016,118.29451751708984,0.27563587,0.42242327,True,True
J-419,76.68258261680603,115.75065612792969,59.50838828086853,93.52925618489583,109.1644287109375,124.57801818847656,0.29535374,0.4830937,True,True
J-42,122.07157166798909,135.69602966308594,112.93142286936443,137.55910555521646,127.96387481689453,145.63800048828125,0.24344774,0.43269873,True,True
J-420,51.97940370440483,108.5599136352539,40.62562867999077,66.19677424430847,105.90389251708984,117.542724609375,0.1927287,0.44868976,True,True
J-421,39.27479447424412,117.4927749633789,27.419600774844486,46.95564468204975,116.41405487060547,120.63533020019531,0.1406736,0.4559412,True,True
J-422,13.358133435249329,52.077152252197266,11.395472114284834,16.708850676814716,38.89124298095703,60.226261138916016,0.023584003,0.17942668,False,True
J-423,16.15005115667979,25.915611267089844,12.930334210395813,23.263360023498535,21.021360397338867,35.541500091552734,0.0056343116,0.015884716,False,False
J-424,54.12612653772036,114.0820541381836,42.89347947140535,66.36034857233365,113.62548065185547,122.63533020019531,0.20704864,0.4559412,True,True
J-425,8.913092707594236,23.984447479248047,7.21957961221536,12.996973931789398,20.21520233154297,41.52361297607422,0.0016069511,0.021048756,False,False
J-426,46.22012476126353,112.18558502197266,33.46861056983471,51.786545564730964,109.08007049560547,122.63533020019531,0.1725334,0.45450985,True,True
J-427,29.07776939868927,58.22550964355469,25.77418660124143,29.209086388349533,55.19878005981445,68.15779876708984,0.10437556,0.23528413,True,True
J-428,89.13621457417806,112.46565246582031,75.68294906616211,94.06622314453125,111.90030670166016,131.26052856445312,0.27431396,0.43926406,True,True
J-429,30.108897000551224,54.65968704223633,25.633636325597763,32.036458184321724,53.45608139038086,66.7069320678711,0.109182805,0.20470883,True,True
J-43,61.00059382120768,77.31940460205078,42.315232276916504,65.23622433344524,77.31940460205078,81.60260772705078,0.21519749,0.31414944,True,True
J-430,30.203003644943237,54.65968704223633,25.48723880449931,31.83718528350194,53.43251037597656,67.52560424804688,0.109646775,0.20461681,True,True
J-431,70.38882891337077,91.38923645019531,70.0034704208374,81.57501125335693,91.38923645019531,97.20759582519531,0.13059624,0.26018775,True,True
J-432,48.158891439437866,63.0051383972168,39.69357120990753,55.86578587690989,56.40974044799805,72.37297058105469,0.17276351,0.22554463,True,True
J-433,67.71842209498088,75.00336456298828,56.230902989705406,77.95252958933513,70.35791778564453,81.6444091796875,0.15255147,0.18753,True,True
J-434,65.02565928300221,118.4927749633789,48.72600609064102,79.29361454645793,116.62548065185547,122.63533020019531,0.2536535,0.46078637,True,True
J-435,62.4841243426005,75.68868255615234,54.19689003626505,72.18296273549397,71.22795104980469,77.8143310546875,0.16693084,0.23171015,True,True
J-436,93.9976110458374,128.46914672851562,80.49710051218669,106.12601089477539,128.46914672851562,150.7350311279297,0.26361176,0.6515195,True,True
J-437,65.42614658673604,113.494384765625,53.971632927656174,77.49330365657806,112.56344604492188,122.63533020019531,0.25794923,0.46078637,True,True
J-438,96.95692253112793,131.9578094482422,72.4798657099406,100.6458288828532,129.8521270751953,139.7915802001953,0.33117148,0.544539,True,True
J-439,78.43363857269287,84.6900405883789,67.44815508524577,86.34099419911702,74.07546997070312,93.51585388183594,0.22036558,0.26055422,True,True
J-44,112.04980436960857,119.40657043457031,99.94822851816814,122.19313017527263,109.37680053710938,127.83747100830078,0.3043531,0.35186628,True,True
J-440,30.331156492233276,62.91288375854492,28.31681177020073,36.3848344484965,54.912437438964844,69.24138641357422,0.10445142,0.23494007,True,True
J-441,30.736219068368275,59.62960433959961,27.408448030551273,35.79136987527212,54.75640869140625,68.73007202148438,0.10661802,0.23447905,True,True
J-442,57.91220315297445,69.0792236328125,52.74942922592163,64.26759799321492,65.56085205078125,72.09613037109375,0.15757236,0.21033451,True,True
J-443,56.96083656946818,67.43455505371094,50.948001066843666,62.92509237925211,62.61480712890625,69.97188568115234,0.15994005,0.21055214,True,True
J-444,72.84813912709554,90.62556457519531,60.242753187815346,72.8490400314331,89.0782699584961,93.1563491821289,0.19815052,0.29035047,True,True
J-445,45.56904808680216,57.20399475097656,36.58990136782328,49.84897482395172,52.42842102050781,70.24427032470703,0.1696565,0.22885562,True,True
J-446,59.629794438680015,71.94384002685547,52.894676208496094,66.11702426274617,68.41117095947266,75.13047790527344,0.1514272,0.20946366,True,True
J-447,60.72331762313843,73.00503540039062,52.87873458862305,68.19842799504598,69.38896942138672,76.18585205078125,0.1518082,0.20908417,True,True
J-448,19.641380389531452,26.841184616088867,16.004828890164692,26.862926244735718,22.30735206604004,38.636348724365234,0.005955473,0.014967844,False,False
J-449,31.72011144955953,42.03693389892578,27.383578697840374,38.710092067718506,37.92515182495117,49.10240173339844,0.005877886,0.018031944,False,False
J-45,93.41707642873128,104.95565795898438,84.88239892323811,102.19980589548747,102.28656005859375,111.27531433105469,0.2905758,0.3724226,True,True
J-450,58.53007507324219,70.2322769165039,53.418158849080406,64.05742931365967,66.64371490478516,71.63065338134766,0.16838443,0.22687298,True,True
J-451,71.66528622309367,79.9367904663086,61.458428700764976,78.82689062754314,65.27969360351562,86.98375701904297,0.21308695,0.2577271,True,True
J-452,56.33497953414917,68.21446990966797,50.4167594909668,62.232794761657715,63.26667404174805,70.96878051757812,0.15612827,0.21133082,True,True
J-453,55.77729717890421,67.2751235961914,48.62399411201477,61.87727816899618,62.80458068847656,70.06180572509766,0.15715326,0.21151312,True,True
J-454,59.10040606061617,110.5800552368164,43.92885799705982,64.10093163450559,110.5800552368164,119.40863800048828,0.23080154,0.46078637,True,True
J-455,10.417455529173216,48.04839324951172,7.358054781953494,15.13862839837869,22.232894897460938,54.020729064941406,0.011278498,0.1680444,False,True
J-456,26.385619084040325,64.86087799072266,16.110790411631267,35.168418169021606,33.5246696472168,65.84278869628906,0.025519332,0.22648141,False,True
J-457,57.548459688822426,68.11238098144531,51.71504831314087,63.35052967071533,63.50352096557617,71.03059387207031,0.1606501,0.21045072,True,True
J-458,58.2301729520162,70.26881408691406,53.32267189025879,65.76179695129395,66.73673248291016,72.78709411621094,0.15304478,0.2109945,True,True
J-459,43.45588739713033,75.04821014404297,32.21910115083059,54.10571153958639,71.04894256591797,75.9648208618164,0.15192975,0.3045916,True,True
J-46,106.08433945973714,114.82808685302734,97.2588259379069,118.11718304951985,104.96125030517578,123.1661148071289,0.27189517,0.324407,True,True
J-460,60.49707476298014,71.3011245727539,53.20410362879435,68.87851651509602,68.03834533691406,75.30540466308594,0.14896071,0.2011079,True,True
J-461,72.86682573954265,79.91294860839844,58.697895208994545,80.90946769714355,75.94882202148438,86.3320541381836,0.17176743,0.21942407,True,True
J-462,56.90789143244425,67.49752044677734,50.76794958114624,62.88596725463867,62.60555648803711,70.07261657714844,0.16006419,0.21118478,True,True
J-463,56.61484956741333,67.93987274169922,50.63653119405111,62.675785541534424,62.36813735961914,70.93669128417969,0.15577136,0.2083887,True,True
J-464,66.16785669326782,74.49175262451172,57.73980458577474,71.52032709121704,67.37215423583984,82.21977996826172,0.20843653,0.24796808,True,True
J-465,67.28682359059651,80.62467956542969,60.06290912628174,75.75087865193684,71.38688659667969,85.15032196044922,0.19611065,0.26548713,True,True
J-466,122.7029463450114,130.1302490234375,115.15532112121582,129.40856011708578,127.7219009399414,138.94094848632812,0.26389477,0.33851892,True,True
J-467,34.37064850330353,102.52599334716797,28.240404566129047,38.94879972934723,61.551456451416016,102.52599334716797,0.12334788,0.46078637,True,True
J-468,155.4999542236328,166.9999542236328,155.19496472676596,155.49998474121094,164.99923706054688,166.99998474121094,1.0,1.0,True,True
J-469,56.3993771870931,67.76560974121094,50.23329401016235,62.10341056187948,63.40816879272461,71.1227798461914,0.15736069,0.20931344,True,True
J-47,98.20840485890706,105.02191162109375,84.89215691884358,107.08406352996826,94.84574127197266,112.3737564086914,0.26023436,0.32123774,True,True
J-470,61.977015018463135,77.00550842285156,53.721859296162926,75.0217638015747,72.8702392578125,80.2440414428711,0.13599223,0.21042247,True,True
J-471,55.09107971191406,63.13532638549805,44.83371877670288,58.56494824091593,60.983436584472656,65.58550262451172,0.18328251,0.22825888,True,True
J-472,96.58643809954326,127.51042175292969,89.65372284253438,115.04440371195476,125.87565612792969,133.80992126464844,0.4156712,0.5773395,True,True
J-473,60.97952858606974,76.2514877319336,53.88782660166422,73.48121897379558,72.12413787841797,80.06131744384766,0.13633476,0.21145117,True,True
J-474,79.82206058502197,118.48052215576172,56.98801056543986,94.55814981460571,105.3497543334961,123.06396484375,0.31415313,0.48758772,True,True
J-475,53.452395598093666,61.32081985473633,41.22350811958313,58.06228574117025,60.18891143798828,66.54940795898438,0.15691376,0.21156475,True,True
J-476,73.13586743672688,124.51055908203125,56.803586880366005,103.66829899946849,122.21360778808594,130.77114868164062,0.2989312,0.52025896,True,True
J-477,95.81326977411906,127.51048278808594,87.97855186462402,112.52603038152058,125.65888977050781,133.80992126464844,0.41174603,0.5773395,True,True
J-478,14.247893139719963,54.460845947265625,12.188267091910044,17.11886673172315,42.854248046875,55.696468353271484,0.024945283,0.19139464,False,True
J-479,14.552755057811737,50.251155853271484,12.574520369370779,17.831242700417835,43.102535247802734,54.516510009765625,0.024401821,0.16694702,False,True
J-48,105.31678676605225,116.865478515625,90.82178020477295,126.60453828175862,101.19580841064453,137.73399353027344,0.0034370113,0.01721666,False,False
J-480,96.92897891998291,104.87480163574219,85.17342821756999,108.1777187983195,97.11015319824219,112.69996643066406,0.22083987,0.28485182,True,True
J-481,9.863273978233337,24.67025375366211,7.988244806726773,13.468422730763754,20.742477416992188,44.86696243286133,0.0021986065,0.023898976,False,False
J-482,9.819291735688845,25.710115432739258,7.851564059654872,12.168101931611696,20.719722747802734,40.485008239746094,0.0029957676,0.045741204,False,False
J-483,56.809975941975914,67.29536437988281,51.73420715332031,63.210723082224526,64.08450317382812,70.36405181884766,0.15137933,0.20126432,True,True
J-484,55.04064257939657,66.28873443603516,45.99721256891886,60.99414571126302,61.56818389892578,69.12716674804688,0.15711163,0.21159467,True,True
J-485,66.13580083847046,77.2242431640625,55.198960304260254,77.16066519419353,73.73538970947266,82.7017822265625,0.15367495,0.2071095,True,True
J-486,39.85006586710612,96.54608154296875,38.1552540063858,49.7951389948527,75.7859878540039,104.83150482177734,0.14260864,0.41326818,True,True
J-487,80.64392964045207,99.66166687011719,76.28869374593098,88.12088012695312,98.96417236328125,125.11714172363281,0.22880232,0.3529978,True,True
J-488,54.838236808776855,64.9592514038086,43.9097052415212,60.270674069722496,61.02779769897461,67.52287292480469,0.15810104,0.20898397,True,True
J-489,82.31599362691243,95.19554138183594,73.74103450775146,96.52317905426025,88.76995849609375,102.35983276367188,0.15106799,0.2324405,True,True
J-49,10.39878448843956,25.435941696166992,8.170626252889633,14.541425168514252,17.94318199157715,28.84169578552246,0.0022418671,0.020593062,False,False
J-490,59.529343605041504,66.02900695800781,53.204464753468834,65.9800222714742,60.49269104003906,70.98517608642578,0.1759545,0.2105294,True,True
J-491,68.73241861661275,115.51927947998047,50.065869887669884,86.65978240966797,99.957275390625,121.6302719116211,0.26371914,0.487808,True,True
J-492,67.37879761060078,113.38613891601562,47.90240259965261,85.2842869758606,102.4311752319336,120.58858489990234,0.2615613,0.482195,True,True
J-493,86.23843669891357,96.12966918945312,74.83170366287231,99.4781379699707,90.73407745361328,105.39673614501953,0.16213201,0.2282366,True,True
J-494,26.463316281636555,36.90242004394531,20.68624448776245,30.343679507573444,24.686073303222656,41.17893981933594,0.0059709796,0.018723061,False,False
J-495,14.602355976899466,49.695167541503906,12.664694478114447,18.438288748264313,42.81125259399414,54.278411865234375,0.024062803,0.16794135,False,True
J-496,61.40618292490641,74.89427947998047,54.16255394617716,72.84400208791097,71.40692901611328,79.07038116455078,0.14276202,0.20765631,True,True
J-497,67.29723866780598,80.45130920410156,60.02735900878906,75.74221928914388,71.41925048828125,85.18275451660156,0.19613492,0.26439422,True,True
J-498,64.29953670501709,77.00753784179688,54.63057406743368,76.34881051381429,72.73675537109375,80.92352294921875,0.14813761,0.21009003,True,True
J-499,58.64153369267782,69.2930679321289,52.63616053263346,65.79030243555705,66.52259063720703,73.2559585571289,0.14968431,0.20109946,True,True
J-5,28.956382671991985,62.92428207397461,25.741799741983414,33.486352602640785,54.71048355102539,68.38739013671875,0.10226872,0.23554248,True,True
J-50,115.34125582377116,124.1244125366211,98.10175959269206,132.80325253804526,108.98318481445312,144.74949645996094,0.013811239,0.12969318,False,True
J-500,18.302835782368977,25.623882293701172,14.560888369878134,25.448912858963013,21.618816375732422,38.54065704345703,0.0054138736,0.012088776,False,False
J-501,70.49717807769775,78.84588623046875,59.810356299082436,78.50685183207194,64.77818298339844,84.25420379638672,0.21100499,0.25735518,True,True
J-502,51.109833081563316,65.81999206542969,41.58016093571981,58.950995445251465,55.153507232666016,85.10820007324219,0.0035335023,0.03399319,False,False
J-503,57.321977615356445,67.8880386352539,52.19205776850382,63.738398710886635,64.58944702148438,71.21720123291016,0.1519667,0.20133035,True,True
J-504,68.63180335362752,74.4242172241211,57.11333401997884,77.27954419453938,63.848907470703125,82.19884490966797,0.20766951,0.26072958,True,True
J-505,72.30880832672119,80.82323455810547,62.45497481028239,79.79069423675537,69.14447021484375,88.48172760009766,0.21131627,0.25703132,True,True
J-506,60.202080408732094,72.50276947021484,53.46872981389364,68.50734202067058,68.74176025390625,76.09442138671875,0.15130666,0.21133068,True,True
J-507,136.06054814656576,141.4211883544922,120.5528564453125,149.8218256632487,129.7844696044922,153.39901733398438,0.23540299,0.33422673,True,True
J-508,53.656774600346886,73.81729125976562,37.51784952481588,62.0583283106486,73.81729125976562,77.85475158691406,0.18098271,0.26524088,True,True
J-509,54.34830069541931,75.7974624633789,37.51556849479675,63.368555227915444,75.7974624633789,80.32456970214844,0.18642054,0.276417,True,True
J-51,22.715203523635864,35.146507263183594,13.931863387425741,27.474972287813824,25.517087936401367,57.819820404052734,0.0066335066,0.041143075,False,False
J-510,57.70451672871908,70.1607666015625,52.75303872426351,64.9202930132548,67.41358184814453,73.5746841430664,0.14801049,0.20646155,True,True
J-511,112.10358874003093,119.52653503417969,98.305282274882,132.388796488444,106.79228973388672,140.66537475585938,0.011607914,0.02604177,False,False
J-512,14.546143571535746,25.306224822998047,11.899207512537638,19.914125164349873,21.13001823425293,36.17244338989258,0.0046383855,0.017007057,False,False
J-513,57.15253702799479,69.97575378417969,52.37399133046468,64.48429584503174,66.95062255859375,72.98786163330078,0.14849108,0.20951854,True,True
J-514,78.54301452636719,90.72236633300781,66.2886045773824,90.62890942891438,80.23951721191406,102.0436782836914,0.12832679,0.22750396,True,True
J-515,115.90993412335713,133.2888641357422,92.4972198009491,115.90993412335713,131.13368225097656,137.85885620117188,0.5213719,0.5773395,True,True
J-516,79.68104076385498,85.46206665039062,65.12097231547038,88.37600294748943,76.00153350830078,95.9036636352539,0.17756605,0.22430438,True,True
J-517,130.74439652760825,134.3191680908203,114.18401940663655,144.2036870320638,123.53624725341797,149.30453491210938,0.25690863,0.3361722,True,True
J-518,61.00135533014933,80.51702117919922,57.52901474634806,70.26068099339803,70.97283935546875,84.72557067871094,0.035015196,0.13387659,False,True
J-519,69.23140478134155,78.22486877441406,56.71915817260742,78.88580322265625,74.5457534790039,84.15970611572266,0.1580441,0.20247124,True,True
J-52,50.86164434750875,68.75244903564453,33.50839054584503,51.58788506189982,63.83893966674805,72.537841796875,0.16788508,0.2590562,True,True
J-520,14.100234553217888,52.41293716430664,11.580710058410963,16.12478893995285,41.22311019897461,55.11594009399414,0.02701365,0.18384317,False,True
J-521,58.18724298477173,70.8734359741211,52.74745098749796,64.94114589691162,67.60298156738281,73.99124145507812,0.14872836,0.20935251,True,True
J-522,45.76750993728638,89.51390838623047,37.8750716249148,61.72796050707499,89.51390838623047,104.64720153808594,0.15932758,0.34503716,True,True
J-523,71.62184572219849,79.05718231201172,58.01507584253947,78.18245124816895,75.86090087890625,84.03301239013672,0.1975163,0.2398142,True,True
J-524,39.41931470235189,65.11456298828125,31.215458472569782,46.44849944114685,59.53691864013672,71.2051010131836,0.13683659,0.25460035,True,True
J-525,39.86162710189819,65.20391845703125,31.004192113876343,45.687191009521484,59.6141242980957,71.72462463378906,0.13812274,0.25564748,True,True
J-526,41.432554721832275,95.73783874511719,37.138365070025124,51.09134511152903,77.1783447265625,103.73110961914062,0.15060394,0.41416767,True,True
J-527,48.248307744661965,90.49586486816406,36.35238488515218,66.7784234682719,89.85697174072266,103.63468170166016,0.16715276,0.34650806,True,True
J-528,45.37677597999573,88.6348648071289,39.07688971360525,65.38360850016277,88.6348648071289,96.58329772949219,0.1546915,0.3355739,True,True
J-529,28.92388378580411,62.95960998535156,25.42516232530276,33.238828559716545,54.6940803527832,68.38739013671875,0.10227984,0.23564138,True,True
J-53,129.9432633717855,138.2178497314453,122.12694549560547,140.3060506184896,130.10025024414062,147.25381469726562,0.48274317,0.5610114,True,True
J-530,29.279725710550945,61.19719314575195,25.610847979784012,33.29180973768234,54.4985237121582,68.34217071533203,0.10441843,0.23565882,True,True
J-531,57.530838330586754,82.19878387451172,52.10943841934204,64.71068986256917,67.91463470458984,89.8412857055664,0.03508353,0.18214212,False,True
J-532,58.44708236058553,70.59410858154297,53.04128758112589,63.841389656066895,68.11490631103516,71.93619537353516,0.17225826,0.23310634,True,True
J-533,45.22483491897583,76.34537506103516,36.98243053754171,61.66182025273641,75.20883178710938,81.78495788574219,0.15116233,0.28688705,True,True
J-534,63.412063916524254,78.1900634765625,57.83693631490072,72.1438660621643,77.0870361328125,88.04605102539062,0.1796041,0.32024,True,True
J-535,71.29805819193523,75.8653564453125,61.6288628578186,79.04533418019612,66.8649673461914,85.80325317382812,0.20984937,0.2415042,True,True
J-536,78.85676542917888,86.42577362060547,69.85526355107625,90.5428975423177,76.01040649414062,95.51610565185547,0.20884423,0.25138107,True,True
J-537,51.34135468800863,71.20872497558594,45.90567350387573,53.93777418136597,67.08618927001953,75.4331283569336,0.17481697,0.26109728,True,True
J-538,28.23664899667104,62.31977081298828,26.022299369176228,39.832167426745094,54.673954010009766,68.35485076904297,0.09727111,0.23452957,True,True
J-539,46.5310804049174,88.97864532470703,38.90200102329254,65.25046586990356,88.97864532470703,96.83314514160156,0.16043697,0.33742753,True,True
J-54,51.88723945617676,74.0701675415039,43.89592639605204,55.97156421343485,70.72781372070312,74.7308578491211,0.15754639,0.28486562,True,True
J-540,46.34567618370056,94.29546356201172,38.10971609751383,66.1143757502238,89.54414367675781,99.77813720703125,0.15955828,0.35186887,True,True
J-541,40.137219190597534,88.38056182861328,34.833557387193046,50.4904572168986,69.03639221191406,97.54802703857422,0.14267701,0.3687466,True,True
J-542,13.831581046183905,51.66041564941406,12.236899028221766,17.859491109848022,44.31786346435547,58.679683685302734,0.020958835,0.1680434,False,True
J-543,42.349736293156944,75.46952056884766,36.426019152005516,59.23770491282145,75.46952056884766,80.79786682128906,0.14319156,0.28693596,True,True
J-544,81.24014059702556,102.63710021972656,76.8070502281189,92.63396708170573,100.09906005859375,108.52133178710938,0.21753646,0.35956085,True,True
J-545,66.83703088760376,80.17727661132812,59.80408604939779,75.15399710337321,70.16724395751953,84.69918060302734,0.19988275,0.26911676,True,True
J-546,75.9739777247111,85.1573715209961,63.38848988215128,86.36198298136394,78.36262512207031,93.1881103515625,0.20724882,0.24634928,True,True
J-547,39.673516829808555,64.83584594726562,31.516161402066547,46.94152410825094,59.959259033203125,71.7377700805664,0.13588789,0.2539496,True,True
J-548,25.491051355997723,32.55010223388672,19.338092764218647,29.3891761302948,24.764801025390625,38.85209274291992,0.008254898,0.020715354,False,False
J-549,34.18528731664022,44.52410125732422,29.622551997502644,42.0225133895874,38.66696548461914,48.91033935546875,0.0052148364,0.017015755,False,False
J-55,54.806277434031166,75.34439849853516,47.90620239575704,58.15821027755737,70.88622283935547,76.35850524902344,0.16788329,0.284979,True,True
J-550,55.39092969894409,83.05062866210938,45.859976609547935,62.28785308202108,74.42822265625,91.7078628540039,0.035944168,0.21174362,False,True
J-551,109.93289979298909,118.78211975097656,97.39427947998047,130.69282913208008,106.53583526611328,139.71414184570312,0.007933834,0.02206624,False,False
J-552,32.663158575693764,60.96302795410156,28.069190561771393,43.3063405752182,57.06967544555664,69.90385437011719,0.109388225,0.23519892,True,True
J-553,37.08062734206518,102.52599334716797,31.97159132361412,38.130991538365684,96.98302459716797,104.21871185302734,0.13856345,0.46078637,True,True
J-554,101.93609650929768,108.15077209472656,86.2532278696696,113.27398141225179,97.48756408691406,119.10467529296875,0.2053655,0.2655266,True,True
J-555,109.83059279123943,118.56743621826172,97.36304473876953,130.33657201131186,106.87442016601562,139.51248168945312,0.007841405,0.020805137,False,False
J-556,65.50338729222615,76.12740325927734,54.98684565226237,76.77112197875977,72.79019927978516,81.93392944335938,0.1460517,0.19957888,True,True
J-557,112.90478547414143,129.44493103027344,106.51945813496907,128.93077945709229,121.78053283691406,139.5788116455078,0.15336257,0.3567441,True,True
J-558,47.141938964525856,81.12107849121094,33.28037305672964,58.43362617492676,72.25678253173828,81.12107849121094,0.1673603,0.33232048,True,True
J-559,76.0519250233968,85.36186981201172,63.48295625050863,86.3658618927002,78.36262512207031,93.39241027832031,0.20760031,0.24737954,True,True
J-56,51.108455181121826,70.81433868408203,39.73202602068583,61.691092332204185,69.84574890136719,72.43228149414062,0.17014615,0.25159332,True,True
J-560,17.16544305284818,60.920108795166016,12.339354455471039,20.451501309871674,52.65669631958008,64.47246551513672,0.047959764,0.23359878,False,True
J-561,17.01666050652663,60.52225875854492,11.507208988070488,20.317478326459725,52.49494171142578,64.81636810302734,0.0476266,0.234531,False,True
J-562,57.62670183181763,68.33041381835938,52.25918165842692,64.18742402394612,65.28366088867188,71.37557983398438,0.15088569,0.20177743,True,True
J-563,61.31727123260498,73.90176391601562,53.844128926595054,72.9868745803833,69.9398422241211,77.27336120605469,0.14077611,0.20136978,True,True
J-564,39.25969839096069,70.2279052734375,35.27264336744944,47.46967705090841,68.76160430908203,96.20073699951172,0.13945062,0.27335742,True,True
J-565,63.6392816901207,113.51400756835938,51.60353543361028,77.35795347889264,112.57652282714844,122.63533020019531,0.25028846,0.46078637,True,True
J-566,91.63268709182739,115.10955810546875,78.102592309316,96.99444389343262,112.29476928710938,131.14988708496094,0.2882146,0.43970788,True,True
J-567,46.057764768600464,92.27713012695312,39.64393655459086,57.78210186958313,87.5333023071289,101.38190460205078,0.16303262,0.3535911,True,True
J-568,60.80975357691447,74.01876068115234,53.637009143829346,71.37690575917561,70.5362777709961,77.52867126464844,0.14490144,0.20647456,True,True
J-569,57.227718353271484,69.4743423461914,52.45059013366699,63.98098691304525,66.5662841796875,72.73456573486328,0.15157665,0.20798507,True,True
J-57,49.01291020711263,70.30233001708984,38.79149786631266,59.980019887288414,69.64250183105469,70.93537902832031,0.16358846,0.25209677,True,True
J-570,57.66954771677653,70.5517349243164,52.82068141301473,64.95296541849773,67.6113510131836,73.54087829589844,0.14764577,0.20833826,True,True
J-571,72.90597502390544,80.0376205444336,58.783715883890785,80.9367307027181,75.96275329589844,86.37374877929688,0.17186154,0.22064671,True,True
J-572,54.46267970403036,64.7493896484375,43.462538162867226,59.731773853302,61.319190979003906,68.12922668457031,0.15809047,0.21094134,True,True
J-573,57.11938635508219,70.12188720703125,52.34634939829508,64.63103246688843,67.29876708984375,74.00759887695312,0.14742517,0.20991983,True,True
J-574,61.764492193857826,76.56950378417969,53.80703783035278,74.85275872548421,72.60823059082031,80.25631713867188,0.13559948,0.20841368,True,True
J-575,28.835286517937977,61.92795944213867,25.40401393175125,34.10336695114771,54.60546112060547,68.37228393554688,0.10245901,0.2357363,True,True
J-576,40.61982707182566,76.34152221679688,35.26300013065338,56.962966442108154,75.38821411132812,81.38069152832031,0.13842179,0.29146886,True,True
J-577,50.60997724533081,64.0935287475586,43.84220345815023,61.649622440338135,61.30498123168945,74.29652404785156,0.16236897,0.21488172,True,True
J-578,49.124600887298584,76.41203308105469,35.43530956904093,61.711204051971436,76.2212905883789,81.9094467163086,0.16743766,0.28659606,True,True
J-579,45.2961163520813,74.19103240966797,35.593952457110085,56.92302370071411,73.2620849609375,77.4309310913086,0.15529378,0.2780731,True,True
J-58,49.52967850367228,76.51007080078125,36.24135140577952,63.200817584991455,74.8550796508789,79.32025146484375,0.16604485,0.28135952,True,True
J-580,58.11263616879781,78.2555923461914,48.552626609802246,58.37961610158285,77.53236389160156,83.51818084716797,0.1992806,0.3075176,True,True
J-581,97.98137267430623,127.51045227050781,85.02232893308003,112.54503766695659,125.8756103515625,134.66172790527344,0.42296314,0.5773394,True,True
J-582,59.71999382972717,121.51063537597656,51.499993880589805,74.36980293194453,119.21385955810547,126.77156066894531,0.24792416,0.5202587,True,True
J-583,60.75571302572886,121.51063537597656,52.25734317302704,81.48524544636409,119.21385955810547,126.77156066894531,0.2512939,0.5202587,True,True
J-584,34.16509413719177,44.57466125488281,29.583235184351604,41.99115991592407,39.01784896850586,48.4796142578125,0.005205682,0.01715318,False,False
J-585,16.048343588908512,61.0465087890625,10.540202508370081,18.76403487722079,53.01044845581055,64.89423370361328,0.039590005,0.23529597,False,True
J-586,69.49794546763103,78.34049224853516,56.80427487691244,79.0088062286377,74.63555908203125,84.1320571899414,0.15913767,0.20264004,True,True
J-587,74.35766983032227,127.99735260009766,54.21286694208781,103.90091133117676,126.50350952148438,132.66104125976562,0.29370818,0.57733905,True,True
J-588,115.3633550008138,147.618896484375,77.6760737101237,123.97879378000896,144.4689178466797,148.7504119873047,0.47470698,0.71089876,True,True
J-589,69.1540846824646,78.1446304321289,56.64263407389323,78.84590244293213,74.50726318359375,84.15452575683594,0.15775187,0.20223306,True,True
J-59,57.83726898829142,77.45923614501953,38.59520101547241,63.64718850453695,76.91060638427734,81.08709716796875,0.20383124,0.29371655,True,True
J-590,35.756345465779305,117.4927749633789,24.92596524457137,38.42202531298002,116.4602279663086,122.63533020019531,0.12435305,0.4559412,True,True
J-591,87.67611900965373,133.5778045654297,57.88151772816976,90.25834878285725,133.5778045654297,142.62002563476562,0.28924415,0.5775345,True,True
J-592,153.43159294128418,160.7305450439453,144.7613353729248,155.45159657796225,149.1553497314453,166.79617309570312,0.74998236,0.9125789,True,True
J-593,16.09580357869466,24.538667678833008,12.561785598595938,24.154823064804077,21.090085983276367,39.68842697143555,0.0050784806,0.011813173,False,False
J-594,29.1322762966156,39.578365325927734,25.924223740895588,35.232017278671265,37.99638748168945,49.070472717285156,0.003973185,0.015354264,False,False
J-595,0.7403666426738104,0.7505420446395874,0.7352495541175207,0.750036376218001,0.745662271976471,0.7584216594696045,0.0,0.0,False,False
J-596,0.7137674366434416,0.7252917289733887,0.7096942414840063,0.7225233763456345,0.7205082774162292,0.7328826189041138,0.0,0.0,False,False
J-597,55.634258111317955,88.32844543457031,42.56680123011271,62.74546496073405,63.88511276245117,91.11761474609375,0.041211147,0.27170116,False,True
J-598,106.88569736480713,110.19613647460938,92.68189970652263,119.04748630523682,101.75525665283203,123.62333679199219,0.25999707,0.2983215,True,True
J-599,95.82121817270915,103.31646728515625,81.04385566711426,106.81283760070801,95.86510467529297,112.64212799072266,0.20168567,0.26162678,True,True
J-59b,64.95404593149821,79.59376525878906,59.0335947672526,72.20504713058472,75.0323486328125,83.40576934814453,0.19902055,0.27178797,True,True
J-59c,63.014897187550865,76.42042541503906,56.409255822499595,70.00967693328857,70.16356658935547,79.56867218017578,0.20265268,0.2794734,True,True
J-59d,63.73134708404541,76.86753845214844,58.45270951588949,69.80645386377971,75.04676818847656,81.46967315673828,0.20104031,0.27345386,True,True
J-59e,114.681334177653,126.03211212158203,107.95483620961507,127.36326026916504,116.61194610595703,132.05271911621094,0.37088108,0.452279,True,True
J-59f,86.43511454264323,96.58173370361328,69.56055466334026,92.27487818400066,93.11576080322266,102.55157470703125,0.24167478,0.3177392,True,True
J-59g,68.57813882827759,81.4333267211914,59.368698279062905,73.66632429758708,79.70487976074219,84.4175033569336,0.2145077,0.28574973,True,True
J-59h,68.1630334854126,80.24794006347656,55.6399359703064,72.45853074391682,78.11968231201172,82.32749938964844,0.21676338,0.28577977,True,True
J-59i,69.92697620391846,85.04264068603516,64.27778752644856,77.76563930511475,82.74574279785156,88.73460388183594,0.19775315,0.28232008,True,True
J-59j,72.20345703760783,90.2967758178711,64.21241680781047,86.28289699554443,87.14347839355469,92.83999633789062,0.18631184,0.2845258,True,True
J-59k,119.19436327616374,123.98319244384766,105.9791332880656,128.4204365412394,116.17546844482422,134.41844177246094,0.36034498,0.4336282,True,True
J-59l,124.89923890431722,136.050048828125,118.89341990152995,134.9618231455485,126.86449432373047,139.93138122558594,0.4767767,0.5604176,True,True
J-59m,64.28479607899983,77.01881408691406,48.166688760121666,69.84188906351726,76.24605560302734,78.7218246459961,0.20753936,0.26883852,True,True
J-59n,53.813886642456055,72.19535064697266,42.506216605504356,56.93947124481201,69.33026123046875,74.60539245605469,0.17257206,0.28453493,True,True
J-59o,61.807737827301025,78.89791870117188,43.730567614237465,64.66613912582397,76.48605346679688,80.79271697998047,0.21949251,0.3116749,True,True
J-59p,60.47993381818136,78.14814758300781,40.67447487513224,64.3284592628479,76.86377716064453,81.63453674316406,0.21459155,0.30900523,True,True
J-59q,64.13409566879272,79.80609130859375,43.43462085723877,66.09542401631673,78.11009216308594,83.25419616699219,0.23020673,0.32372415,True,True
J-59r,41.575517654418945,75.35826110839844,34.628088315327965,59.03317944208781,74.2235336303711,80.72517395019531,0.14082061,0.28688893,True,True
J-59s,43.369550943374634,75.41393280029297,33.6854274670283,55.720156828562416,74.31818389892578,79.84619140625,0.1503167,0.2875773,True,True
J-59t,43.976933081944786,75.32526397705078,36.37759164969126,59.906350453694664,75.13050842285156,80.27417755126953,0.14960639,0.28583997,True,True
J-59u,40.16094255447388,74.84697723388672,34.49536516269048,55.28290637334188,74.84697723388672,79.79925537109375,0.13755156,0.28699157,True,True
J-59v,40.46252159277598,76.42649841308594,35.34188165267309,56.9031236966451,75.4041976928711,82.668701171875,0.13794945,0.2918996,True,True
J-59w,45.889780362447105,76.70196533203125,34.404768427213035,60.66672698656718,75.42475128173828,79.55181121826172,0.1560431,0.2871389,True,True
J-59x,44.575019121170044,75.88101196289062,34.68114368120829,62.59817147254944,74.8429946899414,79.60009002685547,0.14914505,0.28368407,True,True
J-59y,56.65345160166422,76.89217376708984,38.22373231252035,63.35923719406128,76.36775970458984,80.8387451171875,0.19806556,0.28219557,True,True
J-59z,56.76186887423197,76.95478057861328,38.58437633514404,62.9025559425354,76.1319351196289,80.93193817138672,0.19918056,0.2828622,True,True
J-6,68.42654418945312,121.66410064697266,59.65027972062429,84.65718189875285,119.44892120361328,125.91204071044922,0.27164742,0.55130064,True,True
J-60,43.295165618260704,75.36638641357422,35.37245305379232,56.44975105921427,73.685302734375,78.74999237060547,0.1491235,0.2859445,True,True
J-600,67.70362361272176,75.0089111328125,56.21779918670654,77.94784736633301,70.36133575439453,81.64845275878906,0.15248269,0.18758325,True,True
J-601,90.90759150187175,98.73070526123047,76.17722161610921,100.7719799677531,92.68036651611328,107.6144790649414,0.1868875,0.23979269,True,True
J-602,94.540846824646,99.32744598388672,80.743590037028,104.21182473500569,89.57938385009766,107.21868133544922,0.22453594,0.2610756,True,True
J-603,40.37518254915873,67.47433471679688,32.45019098122915,50.313556432724,62.375946044921875,71.47230529785156,0.13703421,0.26123315,True,True
J-604,39.1825940211614,75.7044677734375,33.49432498216629,43.06696858008703,74.00093078613281,85.16011047363281,0.15429072,0.32609314,True,True
J-605,68.40970945358276,77.87239074707031,56.21026770273844,78.12559254964192,74.74015808105469,84.44834899902344,0.15974484,0.20598371,True,True
J-606,17.005512535572052,26.853313446044922,13.865294694900513,21.828297952810924,25.049053192138672,44.97428512573242,0.018373914,0.075908676,False,True
J-607,24.6471532980601,37.9948844909668,16.46419111887614,29.768222729365032,28.827438354492188,57.68326950073242,0.0046918895,0.032044034,False,False
J-608,56.06491104761759,63.31263732910156,46.07962910334269,59.420681635538735,60.84080123901367,66.86155700683594,0.18573828,0.24262582,True,True
J-609,49.923487186431885,66.72767639160156,43.7289072672526,53.167001247406006,59.843284606933594,69.34378051757812,0.13718246,0.22551836,True,True
J-61,54.047223488489784,75.95893096923828,38.39760708808899,63.72180493672689,74.90167236328125,80.27900695800781,0.18539,0.2777312,True,True
J-610,47.08053890864054,62.61948013305664,38.89313538869222,57.18814786275228,62.61948013305664,64.88387298583984,0.14852184,0.21033624,True,True
J-611,57.23414929707845,67.6953353881836,52.16096003850301,63.62065029144287,64.51782989501953,71.1865005493164,0.15192187,0.20055957,True,True
J-612,2.5378094613552094,2.571995496749878,2.5202042063077292,2.57154772679011,2.554428815841675,2.5993423461914062,0.0,0.0,False,False
J-614,148.43158340454102,152.89840698242188,136.7562624613444,154.73535219828287,141.1804962158203,163.88926696777344,0.4754207,0.60904825,True,True
J-615,65.25834147135417,76.24240112304688,54.90847508112589,76.68522040049235,72.7293701171875,81.91731262207031,0.14522654,0.20057052,True,True
J-616,2.5366189976533255,2.5708634853363037,2.518977185090383,2.570315678914388,2.5533103942871094,2.598191976547241,0.0,0.0,False,False
J-617,18.008987945814926,60.358829498291016,10.97210611651341,20.708181619644165,52.11232376098633,65.18975830078125,0.052889723,0.23566458,True,True
J-618,51.78557221094767,64.96941375732422,42.48479541142782,60.037774085998535,54.67335510253906,85.57563018798828,0.0047030207,0.05384577,False,True
J-619,24.673759778340656,30.131216049194336,19.47668794790904,30.76835608482361,25.951303482055664,46.198848724365234,0.007397961,0.018108493,False,False
J-62,130.6945425669352,139.65684509277344,115.19586022694905,142.76462364196777,130.3866424560547,150.80242919921875,0.3451872,0.49508432,True,True
J-620,58.45708433787028,63.60548782348633,49.82881259918213,62.72076940536499,58.19458770751953,68.55519104003906,0.18427974,0.22151798,True,True
J-621,56.526663621266685,75.49055480957031,49.42501759529114,59.57459052403768,72.39276123046875,77.07566833496094,0.1762803,0.2820067,True,True
J-622,56.30808560053507,75.18869018554688,48.948906898498535,58.87027549743652,72.19427490234375,76.8279800415039,0.17508222,0.280749,True,True
J-623,118.3597453435262,121.40707397460938,101.23278681437175,136.78679402669272,109.90790557861328,144.2751007080078,0.01821281,0.054051545,False,True
J-624,47.5487060546875,59.99308776855469,39.760642290115356,52.494710763295494,52.84251022338867,66.56696319580078,0.17435549,0.22694089,True,True
J-625,19.393946011861164,27.435230255126953,15.634003758430481,26.73534059524536,23.086271286010742,42.02378845214844,0.0062415563,0.017302109,False,False
J-626,114.50822035471599,120.55626678466797,99.29973475138347,133.90521685282388,108.19152069091797,142.0311279296875,0.011754617,0.026759194,False,False
J-627,39.682690262794495,78.99826049804688,34.16153242190679,48.87827777862549,70.95213317871094,96.50530242919922,0.14012711,0.32075524,True,True
J-628,41.53958551088969,67.46705627441406,32.08338614304861,49.93317834536234,62.228240966796875,71.407958984375,0.14200968,0.2608964,True,True
J-629,62.252943992614746,75.2210693359375,54.29943450291952,73.9916582107544,70.94281005859375,79.7918701171875,0.14039809,0.20227158,True,True
J-63,63.89892387390137,81.3265609741211,52.750089486440025,66.68276294072469,80.48363494873047,84.11273956298828,0.22292964,0.314525,True,True
J-630,73.11015113194783,80.70735168457031,58.54911915461222,81.03883075714111,77.2216567993164,87.34935760498047,0.17436086,0.23392332,True,True
J-631,14.50410391887029,25.9014835357666,11.808588405450186,19.997617840766907,21.349348068237305,36.69021224975586,0.0045182654,0.019368261,False,False
J-632,55.60893567403158,65.92095184326172,49.637329737345375,66.37296183904012,59.16572189331055,76.32462310791016,0.0065932474,0.020825386,False,False
J-633,74.25443585713704,86.1159439086914,62.82999928792318,85.60349941253662,77.36701965332031,92.85154724121094,0.20286739,0.25816298,True,True
J-634,3.1545001765092215,3.203859329223633,3.1315948267777762,3.1923117538293204,3.1819405555725098,3.2382564544677734,0.0,0.0,False,False
J-637,45.983837922414146,75.39585876464844,35.77356616655985,62.322769482930504,74.36752319335938,78.63037109375,0.15444829,0.28023803,True,True
J-638,61.34710534413656,121.51063537597656,53.203211645285286,80.51408598820369,119.21385955810547,126.77156066894531,0.25351724,0.5202587,True,True
J-639,75.1147403717041,82.93487548828125,61.321863651275635,82.7515738805135,77.52593231201172,89.05703735351562,0.17582808,0.22611149,True,True
J-64,3.8839301665623984,3.947483777999878,3.8506066103776297,3.9416150053342185,3.9109456539154053,4.000751495361328,0.0,0.0,False,False
J-640,75.1402317682902,82.963623046875,61.41592025756836,82.77269395192464,77.5647201538086,89.08053588867188,0.17577386,0.22621827,True,True
J-641,45.68803548812866,73.62458038330078,36.27441167831421,59.940454165140785,73.62458038330078,78.17322540283203,0.15509431,0.27485865,True,True
J-642,51.591160933176674,79.38764953613281,34.91636681556702,62.62916072209676,78.17404174804688,81.8226547241211,0.17808382,0.31622034,True,True
J-643,40.332444628079735,75.74102783203125,34.4437141418457,56.47904872894287,75.5490951538086,79.93339538574219,0.13758622,0.28931168,True,True
J-644,41.83978879451752,76.22383117675781,35.34998631477356,56.181403160095215,74.49959564208984,79.7796859741211,0.14362478,0.2908537,True,True
J-645,39.295746644337974,67.51673889160156,32.22521356741587,49.89909633000692,64.30411529541016,71.57255554199219,0.13384068,0.26129225,True,True
J-646,71.97605955600739,123.51054382324219,52.93027492364248,98.93278276920319,121.21356201171875,128.77134704589844,0.2930343,0.5202589,True,True
J-647,97.21044127146403,127.51055908203125,85.59555347760518,112.70828008651733,125.63778686523438,133.39540100097656,0.41979298,0.5773394,True,True
J-648,46.11814594268799,75.12339782714844,36.59700079758962,62.21851793924967,74.07181549072266,78.88907623291016,0.15439045,0.27886596,True,True
J-649,52.01395837465922,76.22746276855469,38.393106857935585,62.69278621673584,75.18466186523438,79.6458511352539,0.17625248,0.2793903,True,True
J-65,61.246257623036705,74.8556137084961,54.08036756515503,72.73563035329182,71.30750274658203,78.07042694091797,0.14211772,0.2075423,True,True
J-650,82.49145253499348,101.54399871826172,78.35458914438884,92.80672868092854,100.29598236083984,108.32331085205078,0.2269458,0.35737067,True,True
J-651,79.7243070602417,89.1895751953125,74.36402781804402,87.21122614542644,88.68111419677734,96.66039276123047,0.18577652,0.2363703,True,True
J-652,46.68870719273885,66.95186614990234,32.40321918328603,51.6634955406189,62.78574752807617,73.52505493164062,0.16103081,0.25469464,True,True
J-653,77.55672963460286,84.78742980957031,67.90203523635864,87.0534553527832,76.87107849121094,92.6058578491211,0.16901417,0.21013287,True,True
J-654,112.26061566670735,117.92833709716797,96.0440133412679,122.87433846791585,116.12207794189453,128.51931762695312,0.23968077,0.2948237,True,True
J-655,106.00802739461263,126.9048080444336,89.13029257456462,124.50507481892903,118.72505950927734,137.90463256835938,0.07572589,0.35663906,True,True
J-656,14.214527805646261,51.97342300415039,12.490722636381784,18.334303955237072,41.42337417602539,60.312965393066406,0.02193699,0.17383198,False,True
J-657,63.94746587673823,121.51063537597656,49.82952107985815,76.57720883687337,119.21385955810547,126.77156066894531,0.2650104,0.5202587,True,True
J-658,63.587700406710304,122.51020050048828,52.8104248046875,77.0060561100642,120.105712890625,127.77052307128906,0.26186952,0.52025914,True,True
J-659,23.71855292717616,53.56304931640625,18.53920018672943,24.952516833941143,49.969642639160156,61.0466423034668,0.08514509,0.22760977,True,True
J-66,88.31724007924397,96.562255859375,73.38188060124715,97.44482072194417,89.05171966552734,102.00338745117188,0.2346402,0.295053,True,True
J-660,22.347697854042053,50.73224639892578,18.28529353936513,24.287406007448833,49.279598236083984,61.011051177978516,0.07884452,0.21144998,True,True
J-661,17.96460998058319,24.525100708007812,14.314453721046448,25.290996233622234,21.653364181518555,37.93366622924805,0.0053604282,0.00998991,False,False
J-662,85.47463130950928,102.51851654052734,74.48812087376912,96.03081385294597,96.25760650634766,109.224853515625,0.18235753,0.30560413,True,True
J-663,25.724041799704235,51.067909240722656,23.707943499088287,28.877277215321858,48.88733673095703,61.503082275390625,0.08724048,0.21009381,True,True
J-664,26.459958851337433,56.364784240722656,20.18767495950063,26.799902737140656,51.56928634643555,61.13444519042969,0.09491024,0.24207187,True,True
J-665,43.32921473185221,77.5795669555664,39.39049210151037,46.83810091018677,76.45330810546875,86.33839416503906,0.16843249,0.3260833,True,True
J-666,45.711241126060486,78.20325469970703,42.79967312018076,48.96823541323344,77.50225067138672,87.37992095947266,0.18073177,0.32609314,True,True
J-667,124.85059388478597,137.7171630859375,119.14555358886719,134.740185101827,133.19935607910156,147.69522094726562,0.319807,0.49466076,True,True
J-668,125.10772736867268,154.2908172607422,113.71500937143962,145.35611248016357,154.2908172607422,161.6295623779297,0.3838862,0.7893877,True,True
J-669,105.87237485249837,119.60015869140625,94.13348738352458,124.21326510111491,116.3077392578125,132.3512725830078,0.12132008,0.32065845,True,True
J-67,49.84653345743815,51.0863151550293,44.14070542653402,59.09269984563192,47.20904541015625,63.79444885253906,0.0,0.0,False,False
J-671,112.26450316111247,123.55921936035156,101.64313824971516,127.11204973856609,118.56049346923828,140.4690704345703,0.12624453,0.3206493,True,True
J-672,107.57492860158284,122.79490661621094,97.12773482004802,120.70946057637532,115.91161346435547,131.20188903808594,0.22885437,0.37370843,True,True
J-673,81.94820467631023,100.51432800292969,76.850914478302,94.14878273010254,97.1313705444336,105.92495727539062,0.2114224,0.33522767,True,True
J-674,26.69883402188619,45.35730743408203,23.623600959777832,27.594566583633423,40.027530670166016,55.86220932006836,0.025954453,0.08834486,False,True
J-675,27.711418708165485,43.1189079284668,22.70425872008006,28.615127205848694,37.88542556762695,55.05423355102539,0.029086212,0.09978096,False,True
J-676,58.54754749933878,70.80968475341797,46.29858271280924,69.24481964111328,55.55686950683594,86.00215148925781,0.0034394085,0.016123932,False,False
J-677,27.67036271095276,42.702213287353516,24.219403902689617,33.7259627978007,38.00850296020508,58.66678237915039,0.0019691011,0.01913375,False,False
J-678,53.6711098353068,78.42931365966797,35.780213832855225,62.354732831319176,78.34172058105469,82.69560241699219,0.1846637,0.28815216,True,True
J-679,52.63248586654663,67.28597259521484,42.59091981252035,62.06918493906657,63.4215087890625,70.43922424316406,0.17115684,0.22869052,True,True
J-68,25.95847475528717,53.690284729003906,23.605840543905895,35.41214338938395,52.87638473510742,63.33597946166992,0.072308995,0.21134579,True,True
J-680,71.18945670127869,113.92416381835938,51.3334215482076,89.24517345428467,106.54122161865234,121.44410705566406,0.2758733,0.47978213,True,True
J-681,68.66174642244975,115.43405151367188,50.03277039527893,86.66709661483765,100.0996322631836,121.61209106445312,0.2633082,0.48739767,True,True
J-682,41.83530794580778,101.26224517822266,35.95822235941887,50.64230581124624,85.12796020507812,106.46918487548828,0.15678966,0.4502255,True,True
J-683,45.53121401866277,102.26224517822266,36.02727624773979,49.32427112261454,98.9120101928711,106.02339935302734,0.17342168,0.4502255,True,True
J-684,45.78091981013616,105.011962890625,38.176390409469604,49.49567747116089,96.34146118164062,107.46918487548828,0.17398734,0.45839074,True,True
J-685,52.652310848236084,67.29631805419922,42.596556425094604,62.1144502957662,63.43126678466797,70.47183227539062,0.17120695,0.22869128,True,True
J-686,24.403119444847107,33.53790283203125,16.0225613117218,27.969062328338623,25.30147361755371,44.43654251098633,0.0077697113,0.021041157,False,False
J-687,59.48702414830526,70.36756134033203,52.751806577046715,74.59877395629883,64.06217193603516,90.70821380615234,0.003716571,0.018719658,False,False
J-688,62.64493544896444,88.12542724609375,57.89448587099711,79.44890244801839,87.37439727783203,91.09261322021484,0.1627746,0.29829398,True,True
J-689,65.84937953948975,90.28486633300781,57.46704626083374,80.97784105936687,89.4930419921875,93.03828430175781,0.16934717,0.29986084,True,True
J-69,25.9388104279836,27.13880729675293,22.99528670310974,31.34083390235901,25.39922523498535,35.92084884643555,0.0,0.0,False,False
J-690,0.9821852495272955,1.000534176826477,0.976316233476003,0.9937801385919253,0.9941089749336243,1.0112422704696655,0.0,0.0,False,False
J-691,26.45203371842702,51.84672927856445,24.07370239496231,28.993725736935932,50.985923767089844,62.10608673095703,0.08879795,0.21145,True,True
J-692,117.86682891845703,135.695556640625,115.96928628285725,134.99379857381186,131.523193359375,144.71507263183594,0.24416317,0.4946571,True,True
J-693,131.91165033976236,137.80616760253906,114.98107115427653,146.94573847452799,122.12525177001953,150.78567504882812,0.121548586,0.15092689,True,True
J-694,36.01431028048197,64.06182098388672,31.881775458653767,38.76441733042399,59.136573791503906,73.93238830566406,0.13402787,0.26913306,True,True
J-695,97.96123774846394,127.51054382324219,94.70322398344676,107.49062593777974,124.63783264160156,133.39410400390625,0.4216679,0.5773395,True,True
J-696,145.334446589152,161.28097534179688,136.78524271647134,147.4293088912964,155.39027404785156,165.0352020263672,0.70655376,0.8737243,True,True
J-697,28.94653268655141,53.38313674926758,15.892410834630331,32.88969878355662,37.3647346496582,58.477867126464844,0.058695573,0.16289869,True,True
J-698,60.022813161214195,81.20185852050781,52.65312592188517,61.30621814727783,70.52619934082031,84.4080581665039,0.048740406,0.19167857,False,True
J-699,79.37931887308757,91.669921875,74.4912633895874,91.34959602355957,82.48235321044922,101.2774887084961,0.24137633,0.25497502,True,True
J-7,113.10450903574626,131.9635009765625,108.16916497548421,116.04303979873657,130.0690155029297,136.66151428222656,0.5063136,0.5773394,True,True
J-70,19.830267588297527,22.98267936706543,17.868918895721436,22.431807438532513,21.241500854492188,24.989286422729492,0.0,0.0,False,False
J-700,36.385471423467,51.31887435913086,31.669603665669758,50.97576634089152,44.68437957763672,71.86140441894531,0.0015751733,0.022339704,False,False
J-701,70.32722902297974,91.2679672241211,56.428540547688804,82.16637293497722,90.66943359375,95.18913269042969,0.18778205,0.2997136,True,True
J-702,43.977285305658974,55.39010238647461,39.347705920537315,55.46520551045736,50.37520217895508,66.9903793334961,0.05264591,0.07749852,True,True
J-703,38.82419538497925,47.377628326416016,33.6976113319397,50.05438947677612,40.409576416015625,62.66720199584961,0.012265235,0.030590814,False,False
J-704,64.16967344284058,89.17755889892578,56.6219056447347,80.49118661880493,88.47811126708984,92.12722778320312,0.16586374,0.2989159,True,True
J-705,2.1936702330907187,2.231968879699707,2.175901065270106,2.21772637963295,2.217474937438965,2.2555952072143555,0.0,0.0,False,False
J-706,2.502619981765747,2.544055461883545,2.484099527200063,2.5295295814673104,2.5274369716644287,2.570516586303711,0.0,0.0,False,False
J-707,39.21916443109512,104.26142883300781,37.49097843964895,48.47919384638468,94.5489730834961,107.58856201171875,0.1414572,0.4502263,True,True
J-708,114.51788330078125,129.39114379882812,98.28309885660808,131.2337220509847,125.60281372070312,152.18577575683594,0.25437653,0.44536594,True,True
J-709,13.767249484856924,23.77913475036621,11.386403848727545,24.590110182762146,21.74728775024414,46.32330322265625,0.0034302492,0.019003997,False,False
J-71,137.44560877482095,146.0098114013672,121.77667172749837,150.84173774719238,137.44692993164062,156.8353271484375,0.26808167,0.4647705,True,True
J-710,12.11690499385198,25.278533935546875,10.517529726028442,18.821578522523243,22.581195831298828,41.696922302246094,0.0019616452,0.017169533,False,False
J-711,11.549083888530731,27.12232780456543,10.364483495553335,20.037867784500122,22.570144653320312,45.92970657348633,0.0018167272,0.025742056,False,False
J-712,9.899401396512985,22.293441772460938,8.15781220793724,14.026542981465658,21.12384796142578,45.33103561401367,0.0019606764,0.013368801,False,False
J-713,95.45769119262695,135.28887939453125,81.38673655192058,114.95135124524434,133.8756866455078,140.6616668701172,0.38205132,0.64070404,True,True
J-714,105.65944679578145,127.5106201171875,102.31875336170197,110.72496835390727,125.63784790039062,133.3940887451172,0.4675102,0.57733935,True,True
J-715,105.95792428652446,127.51062774658203,94.39007647832234,110.6133230527242,125.6379165649414,133.39410400390625,0.46838436,0.57734007,True,True
J-716,145.86931641896567,161.29080200195312,137.68215147654215,146.33722432454428,155.39053344726562,162.89657592773438,0.7138195,0.87372434,True,True
J-717,10.60507020354271,26.037744522094727,8.994796623786291,18.57593188683192,23.95821189880371,47.07456588745117,0.0033750462,0.025114706,False,False
J-718,11.258463134368261,24.281660079956055,9.544570515553156,14.642401844263077,22.472543716430664,35.00834274291992,0.0025476643,0.015332433,False,False
J-719,19.93600829442342,30.232934951782227,12.863748808701834,23.002175331115723,24.399574279785156,46.859859466552734,0.0056471922,0.020994341,False,False
J-72,63.39487679799398,84.59622192382812,57.80767369270325,71.09930753707886,83.92322540283203,88.00428009033203,0.184812,0.29481155,True,True
J-720,57.061193784077965,68.8404312133789,50.10154946645101,70.7157777150472,60.888824462890625,87.15159606933594,0.0043846467,0.020297516,False,False
J-721,101.1688642501831,118.79679870605469,96.41098499298096,116.87355168660481,112.2704849243164,125.45459747314453,0.21290857,0.3737465,True,True
J-722,150.75280888875326,155.973876953125,140.04948043823242,155.4089584350586,150.264404296875,166.1640167236328,0.51519495,0.7119657,True,True
J-723,18.709919452667236,30.17118263244629,15.261238714059195,27.690690676371258,27.27268409729004,37.36542510986328,0.012830657,0.047933746,False,False
J-724,17.536707778771717,29.182655334472656,14.320181369781494,25.923709710439045,26.87254524230957,34.01322555541992,0.012720473,0.040377654,False,False
J-725,155.49998474121094,166.99998474121094,153.11244773864746,155.5,160.2643280029297,167.0,0.9999774,1.0,True,True
J-726,125.77136516571045,131.8675537109375,109.2487719853719,139.66903241475424,125.42638397216797,146.5216522216797,0.23264802,0.3559657,True,True
J-727,122.69146347045898,132.89242553710938,102.90394528706868,140.60659154256186,112.81610107421875,147.2217559814453,0.012576792,0.06814578,False,True
J-728,103.57381288210551,137.8446044921875,77.60484337806702,106.26435836156209,136.61407470703125,141.4392852783203,0.43657896,0.6407038,True,True
J-729,110.55128129323323,152.3086395263672,91.68732420603435,130.95277818044028,145.38856506347656,153.11781311035156,0.333441,0.71089834,True,True
J-73,81.36872545878093,97.32268524169922,74.49237696329753,94.9183702468872,89.54557037353516,100.91039276123047,0.19774747,0.3021369,True,True
J-730,120.91354052225749,152.25149536132812,120.00186681747437,140.6481040318807,144.7393798828125,154.42848205566406,0.5143254,0.8701364,True,True
J-731,155.4122428894043,166.9999542236328,152.19063886006674,155.49998474121094,161.63958740234375,166.99998474121094,0.9566949,1.0,True,True
J-732,48.45011057456335,92.1771240234375,37.86625428001086,57.986534436543785,92.1771240234375,109.38776397705078,0.17757708,0.36571738,True,True
J-733,49.424141665299736,94.6805648803711,39.794181644916534,57.65667994817098,90.7862548828125,103.3871841430664,0.18120575,0.3561791,True,True
J-734,29.124924043814342,61.38398742675781,25.726964255174,33.74513922135035,54.52268981933594,68.34937286376953,0.10363109,0.23568496,True,True
J-735,40.12047680219015,64.68656158447266,31.253744959831238,48.67058436075846,60.90472412109375,71.84964752197266,0.13653961,0.2525256,True,True
J-736,53.123332460721336,108.86288452148438,39.59182156125704,63.48682963848114,105.5362777709961,117.57211303710938,0.19670026,0.44868976,True,True
J-737,63.399632612864174,81.16033172607422,57.872647205988564,65.46975167592366,80.75147247314453,83.70336151123047,0.20944609,0.2999132,True,True
J-738,62.388232707977295,81.14503479003906,58.22783303260803,65.93399572372437,80.4029541015625,85.09356689453125,0.20249641,0.29856732,True,True
J-739,111.67208480834961,152.32669067382812,90.27159547805786,129.03386783599854,146.28286743164062,153.0639190673828,0.34574255,0.71089834,True,True
J-74,4.255015790462494,4.328094959259033,4.216562330722809,4.321218510468801,4.285370349884033,4.3883891105651855,0.0,0.0,False,False
J-740,71.27909640471141,126.28873443603516,60.8308892250061,88.64993937810262,125.13367462158203,130.6608123779297,0.2874329,0.5773393,True,True
J-741,73.7346540292104,127.89844512939453,55.68025151888529,97.92626651128133,126.13363647460938,131.66104125976562,0.29167676,0.57733905,True,True
J-742,22.405973076820374,35.12877655029297,14.580862780412039,24.898380517959595,26.083200454711914,41.36819076538086,0.0045584915,0.02128685,False,False
J-743,21.77624225616455,35.407936096191406,13.765876332918802,24.16303038597107,25.51940155029297,42.852317810058594,0.0050248043,0.029498534,False,False
J-744,29.427547415097553,59.739742279052734,25.521553426980972,41.58960143725077,55.39204406738281,69.17118835449219,0.09958887,0.23565188,True,True
J-745,61.53433750073115,121.51063537597656,53.24970565239588,80.43380471070607,119.21385955810547,126.77156066894531,0.2542777,0.5202587,True,True
J-746,130.36091645558676,153.2908477783203,115.31001631418864,144.95925076802573,153.2908477783203,161.62962341308594,0.5041143,0.78938776,True,True
J-747,13.303911725680033,56.41500473022461,8.218065907557806,17.568959087133408,42.615970611572266,60.24397277832031,0.025623173,0.21129034,False,True
J-748,52.55745013554891,66.98944091796875,42.623932679494224,63.04428052902222,63.35149383544922,70.39704132080078,0.17011999,0.22650705,True,True
J-749,56.37357219060262,67.39736938476562,50.216424147288,62.002468268076576,63.63239669799805,70.95291137695312,0.15763174,0.20762518,True,True
J-75,135.9775644938151,141.60244750976562,120.67167218526204,148.89865112304688,131.5088348388672,153.72494506835938,0.3101906,0.42433292,True,True
J-750,133.58505249023438,138.7881622314453,117.16493320465088,147.3286895751953,127.32674407958984,150.7864990234375,0.25088015,0.3373437,True,True
J-751,8.390979635218779,25.287738800048828,6.572960630059242,11.773078491290411,21.796327590942383,43.2104377746582,0.0013537025,0.02240398,False,False
J-752,9.112590389947096,27.132137298583984,6.382609476645787,11.121325232088566,21.41983413696289,35.570068359375,0.0053794472,0.054685935,False,True
J-753,35.469097216924034,52.91345977783203,30.8017836411794,50.638808250427246,42.79693603515625,74.6993637084961,0.001651456,0.031373803,False,False
J-754,64.19861702124278,121.51063537597656,49.40796973307928,82.38234933217366,119.21385955810547,126.77156066894531,0.2668465,0.5202587,True,True
J-755,135.70476531982422,141.76934814453125,120.10732142130534,149.55207188924155,129.69052124023438,153.6076202392578,0.2326637,0.33698595,True,True
J-756,23.261019627253216,48.47683334350586,21.07694019873937,32.57619289557139,41.11176300048828,59.59096908569336,0.026793191,0.10332437,False,True
J-757,59.44726451237997,76.22168731689453,55.430349349975586,72.71777884165446,75.82057189941406,89.22364807128906,0.014263728,0.08207354,False,True
J-758,59.581547498703,74.95047760009766,41.974552949269615,64.05437676111858,74.562255859375,78.4067153930664,0.205157,0.2959674,True,True
J-759,60.74567278226217,76.66903686523438,45.805096546808876,64.6315639813741,76.08519744873047,78.94061279296875,0.20804264,0.29569376,True,True
J-76,4.380921880404155,4.486853122711182,4.3371671835581465,4.455123245716095,4.422860622406006,4.583001613616943,0.0,0.0,False,False
J-760,39.63234353065491,70.27456665039062,35.08278032143911,47.539011081059776,68.8535385131836,96.5079574584961,0.14122689,0.27357078,True,True
J-761,70.78552214304607,83.49095153808594,55.48015387852987,71.28695281346639,81.60543060302734,88.38227081298828,0.21002655,0.2982186,True,True
J-762,55.74139658610026,87.28533172607422,42.42400074005127,63.07081397374471,63.184871673583984,91.13431549072266,0.040224604,0.26200533,False,True
J-763,8.584299395481745,23.885948181152344,6.752269866565864,12.252535611391068,20.701326370239258,46.90227127075195,0.0016283533,0.016144073,False,False
J-764,8.498099587857723,23.594125747680664,6.731400810182095,12.550386091073355,20.226699829101562,47.31062316894531,0.0013579143,0.014489454,False,False
J-765,131.17625268300375,138.8258514404297,115.23170471191406,143.4127597808838,129.20401000976562,150.65475463867188,0.33638498,0.46760756,True,True
J-766,10.043220887581507,22.73691749572754,8.019600768884024,14.157133221626282,19.180885314941406,32.40033721923828,0.0023324115,0.013383997,False,False
J-767,11.905856629212698,22.34699058532715,9.768836994965872,18.167604486147564,18.701635360717773,26.299177169799805,0.0026230377,0.01741601,False,False
J-768,104.18454392751057,118.17704010009766,88.88362534840901,125.71030680338542,102.84083557128906,137.4326171875,0.0016679402,0.028206123,False,False
J-769,81.01511351267497,92.43873596191406,73.13052638371785,94.34687360127766,86.7241439819336,98.56571197509766,0.16202997,0.23134619,True,True
J-77,4.726941208044688,4.944176197052002,4.669077634811401,4.818965593973796,4.8152265548706055,5.164453983306885,0.0,0.0,False,False
J-770,150.92902183532715,155.92015075683594,138.49149068196616,155.41758664449057,146.76889038085938,166.19908142089844,0.43410087,0.64301145,True,True
J-771,8.35359930495421,25.081205368041992,6.6841436723868055,12.252043751378855,19.533559799194336,37.90509033203125,0.0010944377,0.019664705,False,False
J-772,8.394281181196371,27.536767959594727,6.5114681000510855,11.814582206308842,18.90732765197754,34.86687088012695,0.0014451024,0.02950303,False,False
J-773,54.749805768330894,65.28544616699219,43.96364148457845,60.24384085337321,61.44593048095703,67.83019256591797,0.15853953,0.21151088,True,True
J-774,55.188417752583824,66.18771362304688,46.82644963264465,61.21511157353719,62.075225830078125,68.86698150634766,0.1572759,0.2105672,True,True
J-775,93.72320365905762,100.58097076416016,77.63559182484944,103.38683732350667,94.51480102539062,110.46904754638672,0.1986674,0.26421207,True,True
J-776,15.861628413200378,25.65243148803711,11.639700402816137,25.12306038538615,22.28035545349121,48.80849838256836,0.004406915,0.017497666,False,False
J-777,14.096728960673014,24.144811630249023,11.198470820983252,24.56684688727061,23.242544174194336,47.91593933105469,0.004046447,0.021829892,False,False
J-778,10.382641687989235,24.972095489501953,8.65044504404068,16.89262306690216,24.972095489501953,46.516849517822266,0.0031344919,0.024620377,False,False
J-779,13.360338548819223,23.4377498626709,10.317656815052032,17.409424364566803,20.98917579650879,35.968502044677734,0.0024161784,0.012435922,False,False
J-78,5.100172678629558,5.438034534454346,5.024633228778839,5.2155754168828325,5.259006500244141,5.790350914001465,0.0,0.0,False,False
J-780,20.03309377034505,34.349430084228516,14.295736173788706,22.102778553962708,22.016469955444336,42.837310791015625,0.0042192433,0.023198849,False,False
J-781,77.9340451558431,135.28807067871094,64.82081158955891,108.7823371887207,133.132568359375,140.6595916748047,0.27589032,0.5773396,True,True
J-782,97.89910531044006,138.288330078125,61.770681858062744,114.31039746602376,135.13265991210938,140.66128540039062,0.39894775,0.6394857,True,True
J-783,45.530859073003136,65.9837875366211,27.729076862335205,45.975945830345154,61.13031005859375,71.56643676757812,0.15859924,0.2601673,True,True
J-784,18.120118816693623,24.03160858154297,14.201055208841959,25.40127642949422,21.091999053955078,37.62257385253906,0.005382236,0.010181383,False,False
J-785,57.45201301574707,69.90275573730469,50.70803848902384,71.22497812906902,62.71681594848633,87.86821746826172,0.0023309423,0.018444978,False,False
J-786,4.1482914090156555,4.215671062469482,4.118002831935883,4.203862806161244,4.182038307189941,4.266068458557129,0.0,0.0,False,False
J-787,1.82463934024175,1.8490166664123535,1.8118329445521038,1.8453456461429596,1.8366621732711792,1.8685128688812256,0.0,0.0,False,False
J-788,82.90332380930583,132.27784729003906,54.12889838218689,96.18589782714844,130.13339233398438,136.66104125976562,0.32325956,0.57733905,True,True
J-789,8.20929330214858,22.712871551513672,6.395914775629838,10.579592013110718,21.385547637939453,49.993309020996094,0.0016315891,0.013679001,False,False
J-79,146.35195668538412,152.5633087158203,134.70800272623697,154.68801816304526,139.76031494140625,164.09732055664062,0.36724105,0.58074236,True,True
J-790,7.790813606232405,24.96828269958496,6.413346483061711,10.276085882137219,20.437297821044922,49.95859909057617,0.001626647,0.025962614,False,False
J-791,1.5116051038106282,1.5424365997314453,1.5007546891768773,1.528544396162033,1.5323492288589478,1.5588313341140747,0.0,0.0,False,False
J-792,95.89580758412679,96.87528991699219,84.1035893758138,113.02420202891032,88.08999633789062,116.20221710205078,0.0,0.0,False,False
J-793,1.2867849965890248,1.3109852075576782,1.2764887412389119,1.3007289816935856,1.3025779724121094,1.3248668909072876,0.0,0.0,False,False
J-794,8.382108487188816,23.561161041259766,6.7255362421274185,12.489169351756573,18.822359085083008,42.862613677978516,0.0010504555,0.013954181,False,False
J-795,100.68810812632243,114.89999389648438,91.2670447031657,115.03240140279134,110.30487823486328,121.8110122680664,0.23843376,0.33627194,True,True
J-796,128.43893178304037,135.97708129882812,112.676895459493,139.41723505655924,131.55250549316406,146.0418701171875,0.3338097,0.46546188,True,True
J-797,129.34400780995688,137.91677856445312,114.35124174753825,140.44849586486816,132.62210083007812,146.7008056640625,0.33067656,0.4561841,True,True
J-798,8.75598780810833,25.030670166015625,6.821053837736447,11.568254436055819,18.395462036132812,40.96432876586914,0.0021008498,0.02098851,False,False
J-799,8.721328809857368,24.878793716430664,6.804820825656255,11.72565179069837,18.56075668334961,44.61231231689453,0.0020213346,0.020419931,False,False
J-8,94.31223781903584,137.2045135498047,94.06466579437256,122.70991770426433,134.71951293945312,140.6615753173828,0.3634161,0.5773394,True,True
J-80,105.81950855255127,117.89501953125,96.70977719624837,121.09631284077962,105.66397857666016,127.7760238647461,0.22868566,0.34523097,True,True
J-800,8.969443601866564,26.687597274780273,6.106664304931958,10.37288690606753,16.86163330078125,29.07007598876953,0.0048289695,0.049640246,False,False
J-801,60.40763155619303,72.86504364013672,52.69812345504761,67.4921072324117,69.35868072509766,75.34066772460938,0.15161054,0.20932965,True,True
J-802,72.88960234324138,80.96118927001953,58.28014326095581,80.82007217407227,77.35871887207031,87.21776580810547,0.17370963,0.23384295,True,True
J-803,92.31821314493816,107.6659164428711,77.06229321161906,101.78806940714519,104.02328491210938,114.57850646972656,0.22921342,0.3307033,True,True
J-804,17.511960744857788,25.795801162719727,13.830904523531595,25.08608881632487,22.305238723754883,40.20419692993164,0.005701255,0.014818476,False,False
J-805,112.5069039662679,119.64478302001953,98.41056537628174,132.56911691029867,107.3433609008789,140.7642059326172,0.011213474,0.02722825,False,False
J-806,26.311523119608562,41.57232666015625,23.371174414952595,32.9223735332489,38.89530944824219,62.50849914550781,0.003593411,0.027709397,False,False
J-807,63.914682388305664,74.94605255126953,55.27856890360514,78.71674919128418,67.05204772949219,100.58123016357422,0.0050906534,0.07289874,False,True
J-808,51.757468700408936,65.25540161132812,43.735684076944985,61.424754778544106,61.71782302856445,70.5342025756836,0.16636787,0.21884756,True,True
J-809,51.495396296183266,64.91499328613281,43.985694567362465,61.317813555399574,61.705020904541016,70.45527648925781,0.16539122,0.21775119,True,True
J-81,155.40117009480795,166.0562286376953,151.48782602945963,155.49996948242188,156.43069458007812,166.99996948242188,0.9597554,1.0,True,True
J-810,80.38854273160298,134.28863525390625,62.04485479990641,99.85565757751465,132.13294982910156,139.03790283203125,0.2995525,0.57733905,True,True
J-811,3.663367807865143,3.720407724380493,3.6370043059190116,3.7106516857941947,3.6927459239959717,3.7627079486846924,0.0,0.0,False,False
J-812,114.15403286616008,142.0599822998047,90.23581886291504,122.76231320699056,142.0599822998047,151.22401428222656,0.4633408,0.71089894,True,True
J-813,3.637425551811854,3.6951491832733154,3.6101386149724326,3.6831312080224357,3.66780948638916,3.7370176315307617,0.0,0.0,False,False
J-814,39.8952446381251,54.89302444458008,32.332827627658844,42.118463019529976,50.094871520996094,64.9767837524414,0.14927799,0.22321789,True,True
J-815,121.93153508504231,128.9149627685547,113.1657501856486,129.04314708709717,123.15005493164062,139.5543975830078,0.26655433,0.3387014,True,True
J-816,1.4727990478277206,1.5016040802001953,1.4630609502394993,1.489924242099126,1.491928219795227,1.5175328254699707,0.0,0.0,False,False
J-817,31.286579132080078,45.25376892089844,27.580024401346844,37.94174607594808,39.65370178222656,67.6128158569336,0.0029328046,0.022233963,False,False
J-818,74.90920448303223,87.52796936035156,61.58883619308472,90.12442270914714,73.58037567138672,106.99800872802734,0.0037305455,0.03156354,False,False
J-819,97.41374492645264,112.88993835449219,90.5482546488444,112.07812213897705,107.61437225341797,117.86874389648438,0.2185455,0.33703655,True,True
J-82,57.822594006856285,62.886627197265625,48.2928352355957,65.04983886082967,55.042598724365234,68.59477233886719,0.15286176,0.17649643,True,True
J-820,101.67364978790283,119.80149841308594,96.50712235768636,118.23091061909993,113.16545104980469,126.92627716064453,0.2070253,0.37381384,True,True
J-821,59.12439298629761,72.40724182128906,46.77069560686747,63.69654909769694,72.16850280761719,75.0040054321289,0.19410907,0.2660044,True,True
J-822,20.534802595774334,32.29939651489258,12.69946793715159,27.430763244628906,22.815195083618164,55.75313949584961,0.0066842386,0.03833578,False,False
J-823,87.99850940704346,117.1297378540039,74.37685187657674,91.28230373064677,109.27705383300781,124.98480987548828,0.3570478,0.5341,True,True
J-824,79.12486298878987,91.34827423095703,71.86135355631511,94.26999314626057,80.5538330078125,104.2790298461914,0.12553123,0.14098535,True,True
J-825,62.845217068990074,78.73410034179688,55.385892470677696,65.24538739522298,78.73410034179688,82.42729949951172,0.21101563,0.29307675,True,True
J-826,52.61556355158488,67.03276062011719,42.61250567436218,63.02234617869059,63.38777160644531,70.40071868896484,0.1703968,0.22672346,True,True
J-827,54.32093667984009,75.81263732910156,37.536290327707924,63.45858987172445,75.81263732910156,80.33385467529297,0.18630452,0.27652025,True,True
J-828,63.0711354414622,80.3250732421875,48.20317037900289,66.49763043721516,79.59049987792969,83.09878540039062,0.22154625,0.31456274,True,True
J-829,8.820104437569777,26.37809181213379,6.436443713804086,11.596455154319605,22.88801383972168,37.02521514892578,0.0042684604,0.055665314,False,True
J-83,47.63204606374105,65.60504150390625,41.53555623690287,50.231011629104614,64.98953247070312,72.3558120727539,0.13800062,0.23464742,True,True
J-830,101.48921998341878,114.61931610107422,85.52956422170003,122.23920472462972,98.59738159179688,135.4081573486328,0.008708617,0.09075864,False,True
J-831,61.618666330973305,81.73723602294922,59.40694387753805,67.36233838399251,81.73723602294922,84.9682846069336,0.1886719,0.29298076,True,True
J-832,82.74669075012207,99.4211654663086,70.96253967285156,95.61884148915608,98.63373565673828,103.0382080078125,0.21046756,0.29737142,True,True
J-833,146.39358393351236,156.01283264160156,138.14939498901367,154.61044438680014,146.0013427734375,163.86480712890625,0.45817232,0.60367996,True,True
J-834,56.83591969807943,68.78189086914062,51.63987493515015,62.77260955174764,64.59984588623047,71.90152740478516,0.1546971,0.209388,True,True
J-835,87.68922328948975,91.45209503173828,77.27715746561687,103.28866004943848,80.0531005859375,107.89390563964844,0.0,0.0,False,False
J-836,42.08740317821503,92.07266998291016,34.26483372847239,48.017316261927284,74.53705596923828,97.44959259033203,0.1531082,0.39061427,True,True
J-837,46.61188797156016,59.66560745239258,38.51720390717188,51.03307751814524,53.25424575805664,68.04789733886719,0.16814096,0.22659189,True,True
J-838,143.23957347869873,161.2906951904297,121.0590337117513,150.23520851135254,153.39393615722656,165.1884002685547,0.64438224,0.8737244,True,True
J-839,79.45919863382976,85.71687316894531,64.27318255106609,87.49958801269531,81.00635528564453,93.39559936523438,0.2091748,0.2788928,True,True
J-84,125.28270276387532,131.63119506835938,107.12097517649333,139.41020711263022,124.96479034423828,146.5693817138672,0.230303,0.3552649,True,True
J-840,46.33039806286494,60.99706268310547,36.82414839665095,50.36326233545939,53.66072082519531,70.96712493896484,0.16728519,0.22659189,True,True
J-841,60.378501892089844,74.40139770507812,53.21084380149841,63.88187106450399,74.25634002685547,76.81623077392578,0.19334753,0.26491752,True,True
J-842,73.25672467549641,87.4113540649414,59.90588188171387,83.7847048441569,72.16520690917969,102.77774810791016,0.0043423832,0.04190386,False,False
J-843,114.8376973470052,127.73493957519531,106.14229933420818,126.51749674479167,120.26908874511719,134.7461395263672,0.20242922,0.31388977,True,True
J-844,107.15561135609944,145.1823272705078,103.60854419072469,123.34470431009929,145.1823272705078,154.22378540039062,0.36613426,0.71089876,True,True
J-845,52.456747690836586,66.20858764648438,43.15248282750448,63.310214042663574,62.994232177734375,70.9883041381836,0.16850793,0.22245908,True,True
J-846,60.352404753367104,73.21768951416016,52.68680922190348,67.62982336680095,69.37178039550781,77.02425384521484,0.15060882,0.21082029,True,True
J-847,71.75283781687419,92.26432037353516,71.60820420583089,82.25763448079427,91.40557861328125,96.43897247314453,0.14706768,0.2603949,True,True
J-848,49.365617513656616,60.63029098510742,40.296954870224,55.453088919321694,55.36060333251953,69.3838119506836,0.17892624,0.23427913,True,True
J-849,58.64525524775187,71.08687591552734,52.72434949874878,65.35627857844035,68.62560272216797,74.55657196044922,0.14872713,0.20744967,True,True
J-85,28.415065944194794,61.318660736083984,25.326200942198437,40.13730581601461,55.60617446899414,68.88548278808594,0.09607939,0.23539399,True,True
J-850,135.3189182281494,140.89620971679688,119.2435572942098,149.1523551940918,129.59188842773438,152.90005493164062,0.23349495,0.33591256,True,True
J-851,57.277794202168785,70.24263763427734,52.31333033243815,64.43027782440186,66.5982437133789,72.9896469116211,0.14985815,0.21142337,True,True
J-852,60.37897523244222,73.09754180908203,52.551032861073814,67.27061827977498,69.6300277709961,75.14627075195312,0.15244454,0.21082413,True,True
J-853,137.10108184814453,142.29454040527344,128.57248751322427,144.74426333109537,138.3939666748047,151.3773651123047,0.5948873,0.6418196,True,True
J-854,88.80888907114665,97.61277770996094,74.97700150807698,100.27789974212646,91.8034439086914,106.38301849365234,0.17644428,0.23389964,True,True
J-855,84.1207145055135,99.15122985839844,70.75246493021648,96.75444475809734,98.94840240478516,103.69459533691406,0.21566236,0.298599,True,True
J-856,86.48668225606282,95.73246002197266,77.40868345896403,97.72755018870036,87.04020690917969,104.70503997802734,0.216749,0.27234346,True,True
J-857,26.23109308878581,42.969661712646484,22.12241252263387,30.646316210428875,39.56391525268555,57.063873291015625,0.0035782096,0.037488528,False,False
J-858,74.42092386881511,89.97435760498047,60.4711799621582,85.13699849446614,69.45416259765625,99.68208312988281,0.0056179743,0.053782035,False,True
J-859,87.21356836954753,97.50931549072266,78.33814398447673,98.39478619893391,89.31996154785156,105.4764633178711,0.21879715,0.2831709,True,True
J-86,131.85203806559244,136.74725341796875,115.11936505635579,144.81144905090332,127.30237579345703,149.506591796875,0.29952034,0.38916367,True,True
J-860,49.73113330205282,100.41531372070312,39.80652576684952,57.29145208994547,87.83634185791016,105.5801010131836,0.18112744,0.3820478,True,True
J-861,92.04403940836589,103.13752746582031,82.66556549072266,105.56626510620117,93.04608154296875,109.8950424194336,0.17385547,0.24549623,True,True
J-862,42.70371170838674,95.93458557128906,37.50769184033076,50.30627993742625,79.59771728515625,105.07567596435547,0.15671097,0.41507405,True,True
J-863,44.05544596910477,103.26142883300781,36.992198169231415,47.819798628489174,99.04457092285156,107.18798828125,0.1651047,0.4502263,True,True
J-864,79.48479811350505,97.3250503540039,68.04691139856975,84.97171815236409,97.3250503540039,123.22181701660156,0.22800548,0.3447315,True,True
J-865,27.93481159210205,43.303428649902344,21.22014792760213,28.852572600046795,37.377593994140625,59.416900634765625,0.032882683,0.08076752,False,True
J-866,55.60656722386678,84.97113037109375,50.989829540252686,63.252949237823486,72.98403930664062,91.37319946289062,0.031685438,0.21915066,False,True
J-867,40.56417496999105,71.7353744506836,31.234208544095356,51.7343057791392,65.69223022460938,74.1239242553711,0.13997321,0.2891865,True,True
J-868,14.232455750306448,58.90214538574219,9.411554609735807,18.178475523988407,40.362709045410156,59.488861083984375,0.030921692,0.22500426,False,True
J-869,102.0964511235555,106.95948791503906,88.24938011169434,118.36360200246175,91.5267105102539,120.0753173828125,0.0,0.0,False,False
J-87,58.89561732610067,70.8697509765625,50.907214403152466,62.70775365829468,70.21282196044922,72.50346374511719,0.18441792,0.24662562,True,True
J-870,87.16581916809082,95.09394836425781,78.17369063695271,99.08426602681477,88.05071258544922,103.39884185791016,0.20720123,0.26682648,True,True
J-871,138.5150229136149,142.71630859375,122.9233382542928,150.3210652669271,132.78929138183594,154.60891723632812,0.32079065,0.40610307,True,True
J-872,142.21208063761392,148.5303192138672,130.99932765960693,153.331818262736,137.19805908203125,160.9593505859375,0.29247695,0.40588087,True,True
J-873,70.87890974680583,80.25043487548828,56.78239631652832,79.67544682820638,76.47055053710938,86.46748352050781,0.16581817,0.21138434,True,True
J-874,57.27201493581136,70.07711029052734,52.41018851598104,64.31529394785564,66.63316345214844,72.59245300292969,0.15065672,0.21074583,True,True
J-875,10.225017696619034,28.495546340942383,8.0700836678346,12.66126130024592,21.241670608520508,31.986759185791016,0.003111541,0.03618309,False,False
J-876,10.260996043682098,27.752750396728516,8.091448793808619,12.711810330549875,21.41339874267578,30.66335678100586,0.0030669717,0.033057526,False,False
J-877,154.53659057617188,163.29751586914062,145.03353373209634,155.49989318847656,151.97280883789062,166.99989318847656,0.75438076,1.0,True,True
J-878,138.3935718536377,148.22659301757812,126.62214310963948,152.1118106842041,139.46385192871094,158.6447296142578,0.24330497,0.4736379,True,True
J-879,153.225612004598,161.54420471191406,139.20684242248535,155.5,145.4285430908203,167.0,0.5833333,1.0,True,True
J-88,154.12049039204916,160.99998474121094,142.06333669026694,155.5,146.4607696533203,167.0,0.75,1.0,True,True
J-880,124.83789984385173,154.29080200195312,113.27818648020427,148.43243789672852,154.29080200195312,161.6295623779297,0.38244757,0.7893878,True,True
J-881,1.8331084996461868,1.8571913242340088,1.8202566156784694,1.8541910648345947,1.844765305519104,1.876792311668396,0.0,0.0,False,False
J-882,41.718897054592766,60.956356048583984,35.09687213102976,47.0896266301473,54.95286178588867,68.96712493896484,0.14657141,0.22659858,True,True
J-883,40.66214734315872,55.581382751464844,35.27417673667272,45.376504361629486,50.34095764160156,66.90827178955078,0.1509002,0.2229581,True,True
J-884,42.121495286623635,55.491294860839844,35.51156938076019,45.361313124497734,50.408729553222656,67.77259063720703,0.1571301,0.22240661,True,True
J-885,38.404197692871094,64.2086181640625,30.862136324246723,45.79430230458578,59.74201965332031,71.52449798583984,0.13276316,0.2535791,True,True
J-886,146.33625920613608,160.16049194335938,140.5158011118571,151.72161738077799,158.3938751220703,165.18838500976562,0.72605515,0.87372434,True,True
J-887,119.18844540913899,129.4199676513672,102.99825890858968,130.87825775146484,117.55980682373047,142.5110626220703,0.058802437,0.21727318,True,True
J-888,154.87848726908365,164.41465759277344,146.83116340637207,155.49989318847656,151.4178009033203,166.99989318847656,0.8180818,1.0,True,True
J-889,97.52467091878255,102.09789276123047,85.84589258829753,109.73152573903401,91.1266860961914,115.0457763671875,0.18386345,0.22433487,True,True
J-89,136.9717254638672,144.52532958984375,120.20934104919434,149.10876973470053,124.98426818847656,156.5847930908203,0.19040792,0.30359966,True,True
J-890,63.10812854766846,76.989013671875,54.118608474731445,75.62072849273682,73.608642578125,82.29846954345703,0.1392737,0.20860061,True,True
J-891,153.45306968688965,160.27877807617188,142.33979606628418,155.4998321533203,150.17921447753906,166.9998321533203,0.6294167,0.9437672,True,True
J-892,139.24577967325845,146.22799682617188,126.39256127675374,152.49294662475586,133.354736328125,158.84417724609375,0.20840628,0.3297878,True,True
J-893,1.1446335365374882,1.16057288646698,1.1350026826063793,1.1572585602601368,1.1529791355133057,1.172753930091858,0.0,0.0,False,False
J-894,139.67122522989908,146.90298461914062,127.50206057230632,152.71452458699545,133.62815856933594,159.44715881347656,0.20279373,0.33714423,True,True
J-895,14.086814880371094,23.064308166503906,11.432560414075851,19.189783612887066,19.830753326416016,32.28799057006836,0.004031343,0.010901596,False,False
J-897,106.18821461995442,111.43637084960938,92.64169279734294,121.18882083892822,98.889404296875,124.97150421142578,0.19269466,0.24964352,True,True
J-898,57.122750441233315,68.88605499267578,52.39779853820801,63.65668519337972,66.41505432128906,72.90283966064453,0.15199602,0.20762241,True,True
J-899,106.69768301645915,119.00936889648438,94.95114549001057,128.61315250396729,106.57400512695312,142.42919921875,0.0014140758,0.013395126,False,False
J-9,56.53563483556112,68.03052520751953,51.45764446258545,62.10105228424072,63.73012161254883,71.55085754394531,0.15495276,0.20899439,True,True
J-90,124.33682282765706,130.83155822753906,108.24624379475911,138.92007764180502,124.49898529052734,147.5950927734375,0.22315943,0.34962127,True,True
J-900,98.56379477183025,111.8758544921875,83.1866668065389,120.12977663675944,96.58418273925781,129.8256378173828,0.002389772,0.02153691,False,False
J-901,22.81970711549123,50.32164001464844,19.254393855730694,28.478866577148438,42.12820816040039,61.71431350708008,0.026611589,0.11644684,False,True
J-902,58.2880072593689,75.30098724365234,53.90292104085287,72.93134053548177,73.70735931396484,85.99894714355469,0.018121343,0.09688282,False,True
J-903,9.115842215716839,31.479875564575195,6.295369639992714,10.960211244722208,18.838239669799805,37.81307601928711,0.0052826423,0.078488424,False,True
J-904,9.35057558864355,35.39714050292969,6.2358106672763824,11.075300032893816,17.885398864746094,41.34561538696289,0.006483002,0.09937311,False,True
J-905,74.45568466186523,92.14798736572266,64.6858811378479,88.15001996358235,86.61956787109375,95.74284362792969,0.17221206,0.2773792,True,True
J-906,132.84179751078287,137.69515991210938,116.21984926859538,146.5355052947998,126.3327865600586,150.34320068359375,0.25466087,0.33545208,True,True
J-907,102.30581251780193,115.54248046875,86.23007392883301,123.70911248524983,95.84220123291016,135.68307495117188,0.0030160015,0.02984487,False,False
J-908,145.11290232340494,156.9710693359375,131.2679115931193,154.83608055114746,144.5973358154297,162.9989471435547,0.033683825,0.13619925,False,True
J-909,42.38495588302612,67.52082824707031,31.483880678812664,49.86957287788391,62.79130935668945,71.09013366699219,0.14511979,0.26042724,True,True
J-91,48.22213633855184,62.49980926513672,45.21067448457082,52.343067367871605,61.65033721923828,70.2776870727539,0.15361674,0.23465101,True,True
J-910,60.637165228525795,68.75090789794922,51.955829779307045,71.10917472839355,58.88860321044922,76.4345474243164,0.18542321,0.213739,True,True
J-911,45.18268275260925,68.48393249511719,32.185184280077614,53.328380743662514,64.56262969970703,72.21483612060547,0.15488525,0.26089686,True,True
J-912,51.94366868336996,64.48995208740234,38.88272953033447,56.28826872507731,64.04022216796875,67.51907348632812,0.17887789,0.2378906,True,True
J-913,122.14757601420085,132.13369750976562,111.06367206573486,135.01076889038086,123.19467163085938,142.034912109375,0.23889226,0.3929782,True,True
J-914,46.2991406917572,74.60662841796875,35.777995586395264,59.542636235555015,74.60662841796875,78.5683364868164,0.15788077,0.27820942,True,True
J-915,61.85994895299276,72.27742004394531,46.80629905064901,66.12472311655681,68.95746612548828,75.55859375,0.20931058,0.2725817,True,True
J-916,58.05982327461243,77.09420776367188,40.14389451344808,63.62360763549805,77.09420776367188,80.63490295410156,0.2030192,0.28591546,True,True
J-917,65.55319992701213,74.74796295166016,57.7486260732015,72.02337328592937,69.47026062011719,81.46471405029297,0.20346326,0.24834155,True,True
J-918,62.366830348968506,73.99143981933594,49.76551183064779,68.51882791519165,69.1265869140625,77.55184936523438,0.20731406,0.27138346,True,True
J-919,127.05451424916585,132.0312042236328,111.27915668487549,140.16798782348633,117.54405975341797,144.37632751464844,0.30448067,0.37601843,True,True
J-92,74.27028973897298,88.21768188476562,68.11111609141032,83.37361145019531,76.3351821899414,97.60855865478516,0.1282282,0.23247872,True,True
J-920,58.08691294987997,77.12418365478516,40.20395692189535,63.7622709274292,77.12418365478516,80.66010284423828,0.20315449,0.28591546,True,True
J-921,55.7889412244161,75.22183227539062,48.701053301493324,59.90184990564982,72.22638702392578,76.88507843017578,0.17259818,0.28138018,True,True
J-922,72.77415911356609,92.78988647460938,56.067396799723305,83.22341458002727,91.95708465576172,97.05825805664062,0.20412417,0.31040847,True,True
J-923,140.54652468363443,150.19192504882812,130.2600367863973,153.56601905822754,142.26333618164062,161.88919067382812,0.25127414,0.48895988,True,True
J-924,91.36157353719075,104.84342956542969,82.11875025431316,100.06439177195232,98.73269653320312,106.4516830444336,0.37215853,0.4267384,True,True
J-925,146.37526575724283,154.9927215576172,137.76515324910483,154.68566958109537,143.48452758789062,163.9645538330078,0.44760218,0.5461699,True,True
J-926,138.92752965291342,148.37664794921875,128.66460291544595,152.4701716105143,140.5584716796875,159.9591827392578,0.24609673,0.48087782,True,True
J-927,57.598609606424965,77.41561126708984,39.94398514429728,64.0925612449646,77.12342834472656,80.63668060302734,0.20093198,0.28031087,True,True
J-928,52.5674196879069,76.11102294921875,38.71722261110941,62.890076319376625,75.05872344970703,79.94619750976562,0.17870872,0.27878976,True,True
J-929,64.69255828857422,80.32694244384766,59.67706378300985,72.13641246159871,76.8760986328125,83.42599487304688,0.19370723,0.27151233,True,True
J-93,155.5,167.0,155.49998474121094,155.5,166.99998474121094,167.0,1.0,1.0,True,True
J-930,81.18785794576009,94.67506408691406,73.16040643056233,88.63692506154378,90.44591522216797,97.63362121582031,0.3172883,0.3773905,True,True
J-931,131.45521863301596,137.85597229003906,114.61949443817139,145.4129378000895,129.42381286621094,149.94744873046875,0.27312228,0.44145077,True,True
J-932,54.49917451540629,74.95752716064453,45.51853664716085,58.045422871907554,70.70137786865234,75.89136505126953,0.16749018,0.28457978,True,True
J-933,62.93616247177124,74.12583923339844,48.66974480946859,67.33485221862793,69.78243255615234,76.31632232666016,0.21100338,0.2729179,True,True
J-934,129.22584629058838,136.46786499023438,112.6038688023885,141.81781641642252,125.45381927490234,149.06019592285156,0.30613992,0.44147694,True,True
J-936,134.4248841603597,139.92018127441406,117.92172145843506,148.2731704711914,128.5077362060547,151.46897888183594,0.24333335,0.3388507,True,True
J-938,52.254899978637695,71.89814758300781,47.78994107246399,53.46623110771179,68.1968002319336,75.7264404296875,0.17670925,0.26148525,True,True
J-94,9.62223452826341,25.377771377563477,7.972687716285388,12.518749823172888,21.81572914123535,36.592491149902344,0.0023657286,0.023833327,False,False
J-941,52.172000805536904,71.9646224975586,47.76351626714071,53.286837657292686,68.1366195678711,75.7128677368164,0.1763109,0.26148525,True,True
J-95,59.58350404103597,71.03872680664062,51.87313938140869,72.6155497233073,64.89151000976562,89.64270782470703,0.0035873242,0.03915278,False,False
J-96,74.59947649637859,89.2977523803711,61.14579391479492,85.70524342854817,72.34049224853516,106.54059600830078,0.0044965777,0.051017035,False,True
J-97,112.03888765970866,123.54090881347656,103.49411741892497,127.96232477823894,118.83580017089844,140.99270629882812,0.11302092,0.31976342,True,True
J-98,147.63660367329916,161.290771484375,116.24817403157552,152.02756563822427,157.93861389160156,165.1866912841797,0.7505713,0.8737245,True,True
J-99,108.9016576608022,127.510498046875,83.73038725058238,110.15910339355469,125.85803985595703,130.77137756347656,0.48411214,0.57733935,True,True
I-Pump-1,6.540191001685646,17.21583366394043,4.920851872108567,8.525579898424136,14.865278244018555,19.728055953979492,0.0,0.0,False,False
O-Pump-2,0.09165136345351736,0.09544401615858078,0.09144927887246013,0.09386442881077528,0.09481455385684967,0.09644293785095215,0.0,0.0,False,False
O-Pump-1,6.57596533446728,17.263532638549805,4.961561881743061,8.555129661030756,14.930414199829102,19.76351547241211,0.0,0.0,False,False
I-Pump-2,0.09165136345351736,0.09544401615858078,0.09144927887246013,0.09386442881077528,0.09481455385684967,0.09644293785095215,0.0,0.0,False,False
