model,strategy,n,seed,rmse_min,precision_min,recall_min,f1_min,n_true_viol_min,coverage90_min,mae_min,bias_min,tp_min,fp_min,coverage50_min,coverage80_min,coverage95_min,rmse_night,recall_night,coverage90_night,map_kb,map_kw,map_gamma,map_demand,map_rough,map_dose
simgp24,random,3,400,0.11816222373701978,0.7333333333333333,1.0,0.846153846153846,33,0.7078651685393258,0.09222587688509379,-0.0894832003894824,33,12,0.23595505617977527,0.5393258426966292,0.8539325842696629,0.10531113703802092,0.9259259259259259,0.9887640449438202,0.25,1.0,1.0,1.15,1.0,0.9
simgp24_g75,random,3,400,0.12647505364452144,0.75,1.0,0.8571428571428571,33,0.2808988764044944,0.09872947538235294,-0.0885894005420292,33,11,0.12359550561797752,0.2247191011235955,0.30337078651685395,,,,,,,,,
simgp_timeblind,random,3,400,0.1452392933826181,0.9545454545454546,0.6363636363636364,0.7636363636363637,33,0.6067415730337079,0.11071467480864859,0.0679953200523609,21,1,,,,0.15870643885652985,0.7407407407407407,0.7528089887640449,,,,,,
mean_of_samples,random,3,400,0.2879266231750511,1.0,0.0,0.0,33,0.0,0.21447854542025988,-0.0825594776619471,0,0,,,,0.3321791752307404,0.0,0.0,,,,,,
simgp24,random,4,400,0.13163937082634056,0.717391304347826,1.0,0.8354430379746834,33,0.5227272727272727,0.10448225449082212,-0.10208095605337784,33,13,0.14772727272727273,0.4659090909090909,0.6704545454545454,0.11556422292232821,0.9259259259259259,0.9886363636363636,0.55,1.0,0.0,1.15,1.0,0.9
simgp24_g75,random,4,400,0.1210034798342671,0.7021276595744681,1.0,0.825,33,0.3181818181818182,0.09878296657857363,-0.09032208377547045,33,14,0.09090909090909091,0.22727272727272727,0.4318181818181818,,,,,,,,,
simgp_timeblind,random,4,400,0.1433180813769759,0.9523809523809523,0.6060606060606061,0.7407407407407407,33,0.5909090909090909,0.11220951283470951,0.05107633921399175,20,1,,,,0.16560005679970485,0.7037037037037037,0.6363636363636364,,,,,,
mean_of_samples,random,4,400,0.2824870568852758,1.0,0.0,0.0,33,0.0,0.21296756618475501,-0.05339819837490347,0,0,,,,0.31715644199245796,0.0,0.0,,,,,,
simgp24,random,5,400,0.13106358801295837,0.7441860465116279,1.0,0.8533333333333333,32,0.5517241379310345,0.10065476714839461,-0.09621991457065018,32,11,0.26436781609195403,0.4827586206896552,0.6781609195402298,0.11392440706197528,0.8846153846153846,0.9885057471264368,0.25,1.0,1.0,1.0,1.1,0.9
simgp24_g75,random,5,400,0.10833060206911126,0.7441860465116279,1.0,0.8533333333333333,32,0.39080459770114945,0.08674245649267898,-0.06823180163514053,32,11,0.1724137931034483,0.3333333333333333,0.4942528735632184,,,,,,,,,
simgp_timeblind,random,5,400,0.1510842358793876,0.9473684210526315,0.5625,0.7058823529411765,32,0.5632183908045977,0.11756123172677113,0.06229867147402471,18,1,,,,0.1606278950774508,0.6923076923076923,0.6206896551724138,,,,,,
mean_of_samples,random,5,400,0.29186795461027115,1.0,0.0,0.0,32,0.0,0.2163439093370484,-0.09251788624189032,0,0,,,,0.3366155505959636,0.0,0.0,,,,,,
simgp24,random,6,400,0.12199418761686322,0.7619047619047619,1.0,0.8648648648648648,32,0.5581395348837209,0.09363533560542714,-0.08874591195933731,32,10,0.26744186046511625,0.47674418604651164,0.7325581395348837,0.11249834911134286,0.8846153846153846,0.9883720930232558,0.25,1.0,1.0,1.0,1.1,0.9
simgp24_g75,random,6,400,0.11797348375927601,0.7441860465116279,1.0,0.8533333333333333,32,0.313953488372093,0.09176942425380073,-0.07452635045698573,32,11,0.1744186046511628,0.29069767441860467,0.37209302325581395,,,,,,,,,
simgp_timeblind,random,6,400,0.1530955434818284,0.9473684210526315,0.5625,0.7058823529411765,32,0.5232558139534884,0.11873092904086559,0.0655186519047276,18,1,,,,0.1590734691302052,0.6923076923076923,0.627906976744186,,,,,,
mean_of_samples,random,6,400,0.2858603585686809,1.0,0.0,0.0,32,0.0,0.21543816263270535,-0.06504958716972477,0,0,,,,0.32230914956747514,0.0,0.0,,,,,,
simgp24,random,7,400,0.12076109325406002,0.7380952380952381,1.0,0.8493150684931507,31,0.7764705882352941,0.09224208663512651,-0.08513273722103513,31,11,0.3176470588235294,0.5411764705882353,0.8823529411764706,0.1083817495949688,0.88,1.0,0.1,1.0,0.5,1.15,1.0,0.9
simgp24_g75,random,7,400,0.1324619625560246,0.7380952380952381,1.0,0.8493150684931507,31,0.47058823529411764,0.10258221581727843,-0.08550259275908288,31,11,0.18823529411764706,0.3176470588235294,0.5647058823529412,,,,,,,,,
simgp_timeblind,random,7,400,0.15836724417270182,0.9473684210526315,0.5806451612903226,0.72,31,0.5058823529411764,0.12763528574767108,0.06110738387844195,18,1,,,,0.17398682666986695,0.68,0.6,,,,,,
mean_of_samples,random,7,400,0.29318587852672995,1.0,0.0,0.0,31,0.0,0.21813313939425394,-0.0925629629370383,0,0,,,,0.33630269892754205,0.0,0.0,,,,,,
simgp24,random,8,400,0.13307376835960738,0.8157894736842105,1.0,0.898550724637681,31,0.6785714285714286,0.09768815603089566,-0.09050826142121862,31,7,0.32142857142857145,0.5,0.7619047619047619,0.10270215646556916,0.88,0.9880952380952381,0.1,1.0,0.5,1.15,1.0,0.9
simgp24_g75,random,8,400,0.14205450566627367,0.8157894736842105,1.0,0.898550724637681,31,0.38095238095238093,0.10712845238317811,-0.09070072351832163,31,7,0.2261904761904762,0.30952380952380953,0.42857142857142855,,,,,,,,,
simgp_timeblind,random,8,400,0.1538655956216738,0.9473684210526315,0.5806451612903226,0.72,31,0.5476190476190477,0.11889304234279424,0.07095754840040411,18,1,,,,0.16646503916006536,0.68,0.6428571428571429,,,,,,
mean_of_samples,random,8,400,0.2882370726943876,1.0,0.0,0.0,31,0.0,0.2173685157348148,-0.07020675236909708,0,0,,,,0.32553825820267474,0.0,0.0,,,,,,
simgp24,random,9,400,0.1282930967556882,0.7948717948717948,1.0,0.8857142857142858,31,0.6987951807228916,0.09377913631941602,-0.08611590059274676,31,8,0.3253012048192771,0.4819277108433735,0.8192771084337349,0.10047849151481292,0.88,0.9879518072289156,0.1,1.0,0.5,1.15,1.0,0.9
simgp24_g75,random,9,400,0.12419088623177699,0.7380952380952381,1.0,0.8493150684931507,31,0.42168674698795183,0.0938069285798329,-0.07409829348794113,31,11,0.1927710843373494,0.26506024096385544,0.5662650602409639,,,,,,,,,
simgp_timeblind,random,9,400,0.1545990923739539,0.9473684210526315,0.5806451612903226,0.72,31,0.5301204819277109,0.119729755272373,0.07254744458165087,18,1,,,,0.16653742081905853,0.68,0.6144578313253012,,,,,,
mean_of_samples,random,9,400,0.2793594703045256,1.0,0.0,0.0,31,0.0,0.21171857577256395,-0.02271251502539691,0,0,,,,0.3031736487829144,0.0,0.0,,,,,,
simgp24,random,10,400,0.12123736364780252,0.7948717948717948,1.0,0.8857142857142858,31,0.7317073170731707,0.09186639309777861,-0.08500286384451466,31,8,0.3170731707317073,0.5853658536585366,0.8048780487804879,0.09994354910527257,0.88,0.9878048780487805,0.1,1.0,0.5,1.15,1.0,0.9
simgp24_g75,random,10,400,0.12198123623086453,0.8157894736842105,1.0,0.898550724637681,31,0.43902439024390244,0.09454277228896116,-0.07715627664865879,31,7,0.23170731707317074,0.35365853658536583,0.5365853658536586,,,,,,,,,
simgp_timeblind,random,10,400,0.14217718098436827,0.9473684210526315,0.5806451612903226,0.72,31,0.5609756097560976,0.11367748158969931,0.0585789786348829,18,1,,,,0.16106014188297757,0.68,0.524390243902439,,,,,,
mean_of_samples,random,10,400,0.28000574857461974,1.0,0.0,0.0,31,0.0,0.21459303317204806,-0.0027805646110310865,0,0,,,,0.29757470042173156,0.0,0.0,,,,,,
simgp24,random,11,400,0.12445047813579828,0.7948717948717948,1.0,0.8857142857142858,31,0.6296296296296297,0.09407844567427912,-0.08699494282683759,31,8,0.30864197530864196,0.49382716049382713,0.7530864197530864,0.10395455701698161,0.88,0.9876543209876543,0.1,1.0,0.5,1.15,1.0,0.9
simgp24_g75,random,11,400,0.11794961170803202,0.8157894736842105,1.0,0.898550724637681,31,0.5061728395061729,0.09086952355325854,-0.07270723468694913,31,7,0.2222222222222222,0.4074074074074074,0.5308641975308642,,,,,,,,,
simgp_timeblind,random,11,400,0.13488583139607632,0.9473684210526315,0.5806451612903226,0.72,31,0.5679012345679012,0.11019633304030571,0.05407633028316574,18,1,,,,0.15435528592338038,0.68,0.5308641975308642,,,,,,
mean_of_samples,random,11,400,0.28386843725638766,1.0,0.0,0.0,31,0.0,0.2213872810052645,0.035159664843609204,0,0,,,,0.2891454936585273,0.0,0.0,,,,,,
simgp24,random,12,400,0.126869737294804,0.7894736842105263,1.0,0.8823529411764706,30,0.6,0.09680946400010593,-0.08966308958535556,30,8,0.2625,0.45,0.725,0.10902307860696187,0.875,0.9875,0.1,1.0,0.5,0.85,0.9,0.95
simgp24_g75,random,12,400,0.12427215541394086,0.8108108108108109,1.0,0.8955223880597014,30,0.425,0.09846455560722077,-0.08267680273148355,30,7,0.2,0.3125,0.4875,,,,,,,,,
simgp_timeblind,random,12,400,0.1350266599619192,0.9473684210526315,0.6,0.7346938775510204,30,0.575,0.10973650768698177,0.04970715764197898,18,1,,,,0.15796600590077403,0.7083333333333334,0.525,,,,,,
mean_of_samples,random,12,400,0.2821890340129081,1.0,0.0,0.0,30,0.0,0.21783109016470567,0.010254925197079122,0,0,,,,0.29497427201612136,0.0,0.0,,,,,,
simgp24,random,13,400,0.12654048730553938,0.7894736842105263,1.0,0.8823529411764706,30,0.5949367088607594,0.09592048785098035,-0.08867301806111151,30,8,0.26582278481012656,0.45569620253164556,0.6962025316455697,0.10835310560046507,0.875,0.9873417721518988,0.1,1.0,0.5,0.85,0.9,0.95
simgp24_g75,random,13,400,0.12060607075643895,0.8108108108108109,1.0,0.8955223880597014,30,0.4430379746835443,0.09537608668210143,-0.07921463818598803,30,7,0.21518987341772153,0.31645569620253167,0.4936708860759494,,,,,,,,,
simgp_timeblind,random,13,400,0.13465945078126682,0.9473684210526315,0.6,0.7346938775510204,30,0.5569620253164557,0.10898793906547757,0.04853383876660585,18,1,,,,0.15886103466062262,0.7083333333333334,0.4936708860759494,,,,,,
mean_of_samples,random,13,400,0.2852996513151802,1.0,0.0,0.0,30,0.0,0.22223292703937547,0.03105866114050819,0,0,,,,0.2910290175251742,0.0,0.0,,,,,,
simgp24,random,14,400,0.12174751490390617,0.7894736842105263,1.0,0.8823529411764706,30,0.6153846153846154,0.09174912208101291,-0.08416496183788268,30,8,0.2692307692307692,0.48717948717948717,0.782051282051282,0.10659703510863877,0.875,0.9871794871794872,0.1,1.0,1.0,0.85,0.9,1.0
simgp24_g75,random,14,400,0.10983180468787203,0.7894736842105263,1.0,0.8823529411764706,30,0.5256410256410257,0.08562630724650391,-0.0691573518976456,30,8,0.23076923076923078,0.38461538461538464,0.6025641025641025,,,,,,,,,
simgp_timeblind,random,14,400,0.13585799012471925,0.9473684210526315,0.6,0.7346938775510204,30,0.5384615384615384,0.10892231461660817,0.05751539329762938,18,1,,,,0.1542206833159773,0.7083333333333334,0.5,,,,,,
mean_of_samples,random,14,400,0.288430389079407,1.0,0.0,0.0,30,0.0,0.22586510635455156,0.05308780858556444,0,0,,,,0.28655724406504995,0.0,0.0,,,,,,
simgp24,random,15,400,0.10808545055892468,0.7837837837837838,1.0,0.8787878787878788,29,0.8961038961038961,0.08409639673481772,-0.0748751599337715,29,8,0.36363636363636365,0.6883116883116883,0.935064935064935,0.11079448414006848,0.8695652173913043,0.987012987012987,0.1,1.0,1.0,0.85,1.0,1.0
simgp24_g75,random,15,400,0.10268799533633073,0.7352941176470589,0.8620689655172413,0.7936507936507937,29,0.7272727272727273,0.0821811397906968,-0.05704482686296303,25,9,0.23376623376623376,0.5974025974025974,0.8051948051948052,,,,,,,,,
simgp_timeblind,random,15,400,0.14474606662114195,0.9375,0.5172413793103449,0.6666666666666667,29,0.6103896103896104,0.11557986713686154,0.07110997711222106,15,1,,,,0.15252379198683522,0.6086956521739131,0.7662337662337663,,,,,,
mean_of_samples,random,15,400,0.2853634995665246,1.0,0.0,0.0,29,0.0,0.22122825708181598,0.03637916997466718,0,0,,,,0.2894964632000386,0.0,0.0,,,,,,
simgp24,uncertainty,3,400,0.11816222373701978,0.7333333333333333,1.0,0.846153846153846,33,0.7078651685393258,0.09222587688509379,-0.0894832003894824,33,12,0.23595505617977527,0.5393258426966292,0.8539325842696629,0.10531113703802092,0.9259259259259259,0.9887640449438202,0.25,1.0,1.0,1.15,1.0,0.9
simgp24,uncertainty,4,400,0.12008463312899613,0.7674418604651163,1.0,0.868421052631579,33,0.625,0.09497605039622754,-0.09270570350479855,33,10,0.19318181818181818,0.5340909090909091,0.7613636363636364,0.09977500444929446,1.0,0.9886363636363636,0.25,1.0,1.0,1.15,1.0,0.9
simgp24,uncertainty,5,400,0.10589354605175523,0.7441860465116279,1.0,0.8533333333333333,32,0.7471264367816092,0.08708595552899921,-0.07819718643492476,32,11,0.19540229885057472,0.5747126436781609,0.8735632183908046,0.14256519115868305,0.9230769230769231,0.8160919540229885,0.1,1.0,1.0,1.0,1.1,0.9
simgp24,uncertainty,6,400,0.12647053111080542,0.7560975609756098,1.0,0.8611111111111112,31,0.5232558139534884,0.10184149597625186,-0.09748999721253819,31,10,0.10465116279069768,0.313953488372093,0.6627906976744186,0.11554848499582533,1.0,0.9418604651162791,0.25,1.0,1.0,0.85,0.9,1.1
simgp24,uncertainty,7,400,0.18143940200529968,0.6666666666666666,1.0,0.8,30,0.3411764705882353,0.14573912944669234,-0.14237017747255884,30,15,0.011764705882352941,0.15294117647058825,0.5176470588235295,0.18651805294702226,1.0,0.8941176470588236,0.7,1.0,1.0,1.0,1.1,1.05
simgp24,uncertainty,8,400,0.1504492947900664,0.8055555555555556,1.0,0.8923076923076924,29,0.75,0.09851292506103856,-0.08314158282846391,29,7,0.4166666666666667,0.6190476190476191,0.8095238095238095,0.1367728492215045,0.72,0.9880952380952381,0.1,1.0,1.0,0.85,0.9,1.1
simgp24,uncertainty,9,400,0.1241722345744405,0.7631578947368421,1.0,0.8656716417910448,29,0.7228915662650602,0.09117520996183262,-0.07850608027172001,29,9,0.3614457831325301,0.6144578313253012,0.8072289156626506,0.12091317385644267,0.76,0.9879518072289156,0.1,1.0,1.0,0.85,0.9,1.1
simgp24,uncertainty,10,400,0.14293849817383292,0.7,1.0,0.8235294117647058,28,0.5853658536585366,0.11452376994455139,-0.11008102361930745,28,12,0.2073170731707317,0.4268292682926829,0.7804878048780488,0.14117397996654543,0.875,0.975609756097561,0.1,1.0,1.0,0.85,0.9,1.05
simgp24,uncertainty,11,400,0.1393604649017286,0.7,1.0,0.8235294117647058,28,0.5802469135802469,0.11162109394746338,-0.10703578380484653,28,12,0.20987654320987653,0.41975308641975306,0.7160493827160493,0.13690137551323076,0.9166666666666666,0.9753086419753086,0.1,1.0,1.0,0.85,0.9,1.05
simgp24,uncertainty,12,400,0.12239240332176853,0.7368421052631579,1.0,0.8484848484848484,28,0.6,0.09688758322609492,-0.09151104597555912,28,10,0.2625,0.475,0.775,0.12179744373169489,0.7916666666666666,0.975,0.1,1.0,1.0,0.85,0.9,1.1
simgp24,uncertainty,13,400,0.12630475948221465,0.7714285714285715,1.0,0.870967741935484,27,0.9240506329113924,0.09753623821616854,-0.09267513952402485,27,8,0.3291139240506329,0.6455696202531646,0.9746835443037974,0.09757900615541078,0.782608695652174,0.9873417721518988,0.1,1.0,1.0,0.85,0.9,1.1
simgp24,uncertainty,14,400,0.17306162950102696,0.7222222222222222,1.0,0.8387096774193548,26,0.5769230769230769,0.12926017329318798,-0.12504850871763046,26,10,0.24358974358974358,0.46153846153846156,0.6538461538461539,0.08775243392581651,0.7727272727272727,1.0,0.1,1.0,1.0,0.85,0.9,1.1
simgp24,uncertainty,15,400,0.12894348702591482,0.78125,1.0,0.8771929824561403,25,0.7662337662337663,0.09326116630455379,-0.08858809459546697,25,7,0.35064935064935066,0.5974025974025974,0.8181818181818182,0.08196641436486403,0.8095238095238095,0.987012987012987,0.1,1.0,1.0,0.85,0.9,1.1
simgp24,straddle,3,400,0.11816222373701978,0.7333333333333333,1.0,0.846153846153846,33,0.7078651685393258,0.09222587688509379,-0.0894832003894824,33,12,0.23595505617977527,0.5393258426966292,0.8539325842696629,0.10531113703802092,0.9259259259259259,0.9887640449438202,0.25,1.0,1.0,1.15,1.0,0.9
simgp24,straddle,4,400,0.12328370602789956,0.8,1.0,0.888888888888889,32,0.5909090909090909,0.09261146500337332,-0.09068977169891983,32,8,0.22727272727272727,0.5113636363636364,0.7386363636363636,0.07556522097082578,0.8518518518518519,0.9886363636363636,0.4,1.0,0.5,1.15,1.0,0.9
simgp24,straddle,5,400,0.11448375262726485,0.7209302325581395,1.0,0.8378378378378378,31,0.7011494252873564,0.09033118013863765,-0.08831262629362167,31,12,0.26436781609195403,0.5172413793103449,0.8850574712643678,0.10276908928209895,1.0,0.9770114942528736,0.25,1.0,1.0,0.85,1.1,1.1
simgp24,straddle,6,400,0.09782066327285788,0.7692307692307693,1.0,0.8695652173913044,30,0.9186046511627907,0.07590147629983826,-0.07380921289943992,30,9,0.32558139534883723,0.7209302325581395,0.9534883720930233,0.08214225677254264,1.0,0.9767441860465116,0.25,1.0,1.0,0.85,1.1,1.05
simgp24,straddle,7,400,0.10057476405551827,0.8055555555555556,1.0,0.8923076923076924,29,0.8,0.07584290260136294,-0.07148574972439543,29,7,0.3176470588235294,0.6588235294117647,0.9764705882352941,0.06751035869720388,0.92,0.9882352941176471,0.1,1.0,0.5,0.85,1.1,1.0
simgp24,straddle,8,400,0.0969219240237912,0.7941176470588235,0.9642857142857143,0.8709677419354839,28,0.8571428571428571,0.07137918768318666,-0.064295326243813,27,7,0.4166666666666667,0.6309523809523809,0.9761904761904762,0.07116962338014697,0.9166666666666666,0.9880952380952381,0.1,1.0,0.5,0.85,1.1,1.05
simgp24,straddle,9,400,0.09826053815219019,0.7878787878787878,0.9629629629629629,0.8666666666666665,27,0.7710843373493976,0.07269637633321,-0.0651738972706121,26,7,0.40963855421686746,0.6385542168674698,0.9036144578313253,0.0723121763547307,0.9130434782608695,0.9879518072289156,0.1,1.0,0.0,0.85,1.1,1.05
simgp24,straddle,10,400,0.09543808816003667,0.7878787878787878,1.0,0.8813559322033898,26,0.8048780487804879,0.07100969691819387,-0.06459910300286296,26,7,0.4268292682926829,0.6341463414634146,0.926829268292683,0.07301966899061003,0.9090909090909091,0.9878048780487805,0.1,1.0,0.0,0.85,1.1,1.05
simgp24,straddle,11,400,0.09281529864267753,0.8064516129032258,1.0,0.8928571428571428,25,0.8148148148148148,0.06915696612779716,-0.06471843044417619,25,6,0.41975308641975306,0.5925925925925926,0.9135802469135802,0.07177591549905138,0.9047619047619048,0.9753086419753086,0.1,1.0,0.0,0.85,1.1,1.1
simgp24,straddle,12,400,0.08374413983867787,0.7857142857142857,0.9166666666666666,0.8461538461538461,24,0.6625,0.06654156339203998,-0.05748783266476443,22,6,0.3,0.5625,0.85,0.07927602958945519,0.9,0.975,0.1,1.0,0.5,0.85,1.1,1.05
simgp24,straddle,13,400,0.08803061213818678,0.7777777777777778,0.9130434782608695,0.84,23,0.5822784810126582,0.07070599015827084,-0.062374056564931106,21,6,0.27848101265822783,0.5316455696202531,0.6708860759493671,0.08324381456600549,0.8947368421052632,0.9620253164556962,0.1,1.0,1.0,0.85,1.1,1.05
simgp24,straddle,14,400,0.09818786285525721,0.7857142857142857,1.0,0.88,22,0.6153846153846154,0.07621569007384606,-0.07248148387946121,22,6,0.32051282051282054,0.5384615384615384,0.8333333333333334,0.07731349104105625,0.8888888888888888,0.9743589743589743,0.25,1.0,1.0,0.85,1.1,1.1
simgp24,straddle,15,400,0.0943839032544032,0.7777777777777778,1.0,0.8750000000000001,21,0.6103896103896104,0.07434150997688846,-0.06979635706860483,21,6,0.3246753246753247,0.5454545454545454,0.8051948051948052,0.07930012038773368,0.8823529411764706,0.974025974025974,0.25,1.0,1.0,0.85,1.1,1.1
simgp24,straddle_min,3,400,0.11816222373701978,0.7333333333333333,1.0,0.846153846153846,33,0.7078651685393258,0.09222587688509379,-0.0894832003894824,33,12,0.23595505617977527,0.5393258426966292,0.8539325842696629,0.10531113703802092,0.9259259259259259,0.9887640449438202,0.25,1.0,1.0,1.15,1.0,0.9
simgp24,straddle_min,4,400,0.12201174923740842,0.7674418604651163,1.0,0.868421052631579,33,0.6022727272727273,0.09648456119824017,-0.09429886583508788,33,10,0.18181818181818182,0.5113636363636364,0.75,0.10267354986903085,1.0,0.9886363636363636,0.25,1.0,1.0,1.15,1.0,0.9
simgp24,straddle_min,5,400,0.10163121139147967,0.7674418604651163,1.0,0.868421052631579,33,0.7816091954022989,0.08207286366750706,-0.07953908965981946,33,10,0.22988505747126436,0.6436781609195402,0.8735632183908046,0.13259947005470427,1.0,0.9425287356321839,0.25,1.0,1.0,1.15,1.0,0.9
simgp24,straddle_min,6,400,0.10205026433031127,0.825,1.0,0.9041095890410958,33,0.8604651162790697,0.08098578229271945,-0.07827195419270108,33,7,0.3023255813953488,0.6046511627906976,0.9418604651162791,0.12628823854085688,1.0,0.9883720930232558,0.1,1.0,1.0,1.15,1.0,0.9
simgp24,straddle_min,7,400,0.10300732694885265,0.825,1.0,0.9041095890410958,33,0.8470588235294118,0.08263399210696548,-0.07944235027392174,33,7,0.25882352941176473,0.6,0.9294117647058824,0.12380017453745056,1.0,0.9647058823529412,0.1,1.0,1.0,1.15,1.0,0.9
simgp24,straddle_min,8,400,0.11024593441915106,0.8048780487804879,1.0,0.8918918918918919,33,0.7857142857142857,0.08737897239912187,-0.08412366415613066,33,8,0.27380952380952384,0.5476190476190477,0.8452380952380952,0.13162579758961174,1.0,0.9047619047619048,0.25,1.0,1.0,1.15,1.0,0.9
simgp24,straddle_min,9,400,0.09463208471031503,0.8048780487804879,1.0,0.8918918918918919,33,0.8072289156626506,0.0717087256307338,-0.06507958548028657,33,8,0.3493975903614458,0.6626506024096386,0.891566265060241,0.11660728052992186,1.0,0.9036144578313253,0.1,1.0,1.0,1.15,1.0,0.9
simgp24,straddle_min,10,400,0.10782388459100149,0.8,1.0,0.888888888888889,32,0.7560975609756098,0.08524608329378745,-0.08049321451147526,32,8,0.2073170731707317,0.5609756097560976,0.8414634146341463,0.1206190965393648,1.0,0.8536585365853658,0.1,1.0,1.0,1.0,1.1,0.9
simgp24,straddle_min,11,400,0.09806577300973494,0.7948717948717948,1.0,0.8857142857142858,31,0.7654320987654321,0.07562614137262044,-0.0712939885762101,31,8,0.3950617283950617,0.6049382716049383,0.8641975308641975,0.09842152646423903,0.9629629629629629,0.8888888888888888,0.1,1.0,1.0,0.85,1.0,1.0
simgp24,straddle_min,12,400,0.09384376759683732,0.8611111111111112,1.0,0.9253731343283582,31,0.8375,0.07175728252046205,-0.06709414761543091,31,5,0.3875,0.7125,0.875,0.09645178861957372,1.0,0.9125,0.25,1.0,1.0,0.85,1.0,1.1
simgp24,straddle_min,13,400,0.09357152844429588,0.8571428571428571,1.0,0.923076923076923,30,0.8227848101265823,0.07185207599632537,-0.06795512568889606,30,5,0.379746835443038,0.6708860759493671,0.8860759493670886,0.0971349396377008,1.0,0.8987341772151899,0.25,1.0,1.0,0.85,1.0,1.1
simgp24,straddle_min,14,400,0.0816606487184682,0.8571428571428571,1.0,0.923076923076923,30,0.8846153846153846,0.06374530524072099,-0.05981935772853567,30,5,0.4358974358974359,0.7307692307692307,0.9358974358974359,0.08606829961577885,0.9629629629629629,0.9487179487179487,0.25,1.0,1.0,0.85,1.0,1.1
simgp24,straddle_min,15,400,0.08032274284899953,0.8571428571428571,1.0,0.923076923076923,30,0.8701298701298701,0.06253777369400633,-0.058443501552974786,30,5,0.45454545454545453,0.7402597402597403,0.935064935064935,0.08549516245770038,0.9629629629629629,0.948051948051948,0.25,1.0,1.0,0.85,1.0,1.1
simgp24,random,3,401,0.039767996401142,0.9411764705882353,0.9696969696969697,0.955223880597015,33,1.0,0.03226971143379607,0.015004301512650881,32,2,0.898876404494382,1.0,1.0,0.10746017331801194,0.7391304347826086,1.0,0.25,0.6,0.0,0.85,1.1,1.0
simgp24_g75,random,3,401,0.034812597366576145,0.9166666666666666,1.0,0.9565217391304348,33,0.9887640449438202,0.027970601132817723,0.02315957478469384,33,3,0.8202247191011236,0.9887640449438202,0.9887640449438202,,,,,,,,,
simgp_timeblind,random,3,401,0.24528788471126226,1.0,0.24242424242424243,0.3902439024390244,33,0.550561797752809,0.21189240207355486,0.21189240207355486,8,0,,,,0.20629530524044407,0.34782608695652173,0.797752808988764,,,,,,
mean_of_samples,random,3,401,0.5608689553564671,1.0,0.0,0.0,33,0.0,0.5290442497331493,0.5106096378254044,0,0,,,,0.49317270754087944,0.0,0.0,,,,,,
simgp24,random,4,401,0.038135613578782396,0.9428571428571428,1.0,0.9705882352941176,33,1.0,0.028352492107778602,0.0062010455487210995,33,2,0.8863636363636364,0.9886363636363636,1.0,0.10262843802252355,0.782608695652174,1.0,0.1,0.6,0.0,0.85,1.1,1.0
simgp24_g75,random,4,401,0.03477841359529755,0.9166666666666666,1.0,0.9565217391304348,33,1.0,0.025487014952292827,0.017824935063893523,33,3,0.7613636363636364,0.9659090909090909,1.0,,,,,,,,,
simgp_timeblind,random,4,401,0.24424551507902326,1.0,0.2727272727272727,0.42857142857142855,33,0.5,0.2096218869424962,0.2096218869424962,9,0,,,,0.20676640678564265,0.391304347826087,0.7613636363636364,,,,,,
mean_of_samples,random,4,401,0.5055739085775114,1.0,0.0,0.0,33,0.0,0.471468123240159,0.44854179631177454,0,0,,,,0.4417105655831364,0.0,0.0,,,,,,
simgp24,random,5,401,0.035809891253785156,0.8888888888888888,1.0,0.9411764705882353,32,1.0,0.0281201302456812,-0.011562350062930061,32,4,0.896551724137931,1.0,1.0,0.0973280032443708,0.9545454545454546,1.0,0.7,0.6,0.0,0.85,1.1,1.05
simgp24_g75,random,5,401,0.03571899534352148,0.8648648648648649,1.0,0.927536231884058,32,1.0,0.02603012755694913,0.005982317843955149,32,5,0.7586206896551724,0.9885057471264368,1.0,,,,,,,,,
simgp_timeblind,random,5,401,0.25105459789835116,1.0,0.21875,0.358974358974359,32,0.39080459770114945,0.21662241392713122,0.21662241392713122,7,0,,,,0.2092355840801345,0.3181818181818182,0.6436781609195402,,,,,,
mean_of_samples,random,5,401,0.4138837106788736,1.0,0.0,0.0,32,0.0,0.37362409846237266,0.34205625109471516,0,0,,,,0.357414624271451,0.0,0.0,,,,,,
simgp24,random,6,401,0.04123556133672645,0.8648648648648649,1.0,0.927536231884058,32,1.0,0.03213831580550497,-0.01970193168727915,32,5,0.8488372093023255,0.9651162790697675,1.0,0.10418887772310835,0.9545454545454546,1.0,0.7,0.6,0.0,0.85,1.1,1.05
simgp24_g75,random,6,401,0.02303420703852846,0.8888888888888888,1.0,0.9411764705882353,32,1.0,0.018937903229481683,-0.0017046902101751809,32,4,0.7790697674418605,1.0,1.0,,,,,,,,,
simgp_timeblind,random,6,401,0.24573631560729553,1.0,0.25,0.4,32,0.43023255813953487,0.21086367908816284,0.21086367908816284,8,0,,,,0.20605286882450968,0.36363636363636365,0.6627906976744186,,,,,,
mean_of_samples,random,6,401,0.4151105218252115,1.0,0.0,0.0,32,0.0,0.3756109047431739,0.3435624191339209,0,0,,,,0.35853680418026557,0.0,0.0,,,,,,
simgp24,random,7,401,0.04000653452280422,0.9142857142857143,1.0,0.955223880597015,32,1.0,0.030162633007400786,-0.011601226741059891,32,3,0.8352941176470589,0.9647058823529412,1.0,0.10740992767678827,0.9545454545454546,1.0,0.7,0.6,0.0,0.85,1.1,1.05
simgp24_g75,random,7,401,0.029520767651358106,0.9142857142857143,1.0,0.955223880597015,32,1.0,0.020016915231616816,-0.016446485208919937,32,3,0.7764705882352941,0.9647058823529412,1.0,,,,,,,,,
simgp_timeblind,random,7,401,0.2500363199207607,1.0,0.21875,0.358974358974359,32,0.3411764705882353,0.21495545669576344,0.21495545669576344,7,0,,,,0.20850870659827628,0.3181818181818182,0.611764705882353,,,,,,
mean_of_samples,random,7,401,0.39417283987477203,1.0,0.0,0.0,32,0.0,0.35186019296596416,0.3169897502793691,0,0,,,,0.3401464229566808,0.0,0.0,,,,,,
simgp24,random,8,401,0.03647080812753489,0.8888888888888888,1.0,0.9411764705882353,32,1.0,0.02840535219393155,-0.021523715755470033,32,4,0.8095238095238095,1.0,1.0,0.09770203828991965,0.9545454545454546,1.0,0.7,0.6,0.0,0.85,1.1,1.05
simgp24_g75,random,8,401,0.0263811290049009,0.9142857142857143,1.0,0.955223880597015,32,1.0,0.021183354372031348,-0.00235809624139388,32,3,0.75,1.0,1.0,,,,,,,,,
simgp_timeblind,random,8,401,0.24721212176768106,1.0,0.25,0.4,32,0.36904761904761907,0.21007802061473285,0.21007802061473285,8,0,,,,0.208210327261044,0.36363636363636365,0.6071428571428571,,,,,,
mean_of_samples,random,8,401,0.39368665303880745,1.0,0.0,0.0,32,0.0,0.35179555418687386,0.31619571565577526,0,0,,,,0.3399074240376305,0.0,0.0,,,,,,
simgp24,random,9,401,0.03444912779056126,0.9411764705882353,1.0,0.9696969696969697,32,1.0,0.024390783805544516,-0.01316957108026562,32,2,0.8554216867469879,0.9879518072289156,1.0,0.10008014022486192,0.9090909090909091,0.9879518072289156,0.7,0.6,0.0,0.85,1.0,1.0
simgp24_g75,random,9,401,0.028282798479707993,0.9393939393939394,0.96875,0.9538461538461539,32,1.0,0.02201988184217711,0.002011008413990843,31,2,0.8313253012048193,0.963855421686747,1.0,,,,,,,,,
simgp_timeblind,random,9,401,0.25416965900622096,1.0,0.21875,0.358974358974359,32,0.2891566265060241,0.21712452329813836,0.21712452329813836,7,0,,,,0.21420086665638674,0.3181818181818182,0.5662650602409639,,,,,,
mean_of_samples,random,9,401,0.3759361153524568,1.0,0.0,0.0,32,0.0,0.33104001007801165,0.2928809076919501,0,0,,,,0.32436200871879345,0.0,0.0,,,,,,
simgp24,random,10,401,0.03723779688172618,0.9375,0.967741935483871,0.9523809523809523,31,1.0,0.029111688267761688,-0.0014499719245682245,30,2,0.8658536585365854,0.9878048780487805,1.0,0.10475588029216872,0.8095238095238095,0.9878048780487805,0.55,0.6,0.0,0.85,1.0,1.0
simgp24_g75,random,10,401,0.036739880523575595,0.9375,0.967741935483871,0.9523809523809523,31,0.9146341463414634,0.024082244718798183,0.011057960053595562,30,2,0.7073170731707317,0.8780487804878049,0.9390243902439024,,,,,,,,,
simgp_timeblind,random,10,401,0.2553477279647469,1.0,0.22580645161290322,0.3684210526315789,31,0.23170731707317074,0.21822887543568834,0.21822887543568834,7,0,,,,0.21523612003189865,0.3333333333333333,0.5365853658536586,,,,,,
mean_of_samples,random,10,401,0.3491808894446204,1.0,0.0,0.0,31,0.0,0.29909635101261256,0.2570247664737035,0,0,,,,0.3026858494976329,0.0,0.0,,,,,,
simgp24,random,11,401,0.03738754385212314,0.9354838709677419,0.9666666666666667,0.9508196721311476,30,1.0,0.02952197267486681,-0.0037440274352280602,29,2,0.8395061728395061,1.0,1.0,0.1033900158362879,0.85,1.0,0.7,0.6,0.0,0.85,1.0,1.0
simgp24_g75,random,11,401,0.02901902767083677,0.9375,1.0,0.967741935483871,30,1.0,0.0226598082900237,0.012050178302937848,30,2,0.8271604938271605,0.9753086419753086,1.0,,,,,,,,,
simgp_timeblind,random,11,401,0.2514213955873669,1.0,0.26666666666666666,0.4210526315789474,30,0.345679012345679,0.21422022558773593,0.21422022558773593,8,0,,,,0.20912408090472034,0.4,0.5802469135802469,,,,,,
mean_of_samples,random,11,401,0.32014198378812986,1.0,0.0,0.0,30,0.0,0.2648606422179354,0.2163022870468502,0,0,,,,0.2808478306218962,0.0,0.0,,,,,,
simgp24,random,12,401,0.03809255363053131,0.9333333333333333,0.9655172413793104,0.9491525423728815,29,1.0,0.029600851915420324,-0.010711085614757528,28,2,0.7875,0.9625,1.0,0.10673374388458798,0.8421052631578947,1.0,0.7,0.6,0.0,0.85,1.0,1.0
simgp24_g75,random,12,401,0.023977384603016415,0.9354838709677419,1.0,0.9666666666666666,29,0.9875,0.018960152873007764,-0.0004243111423820613,29,2,0.7125,0.9625,1.0,,,,,,,,,
simgp_timeblind,random,12,401,0.25860970124904836,1.0,0.2413793103448276,0.3888888888888889,29,0.2875,0.22117455105537567,0.22117455105537567,7,0,,,,0.21522531408527282,0.3684210526315789,0.5125,,,,,,
mean_of_samples,random,12,401,0.2939228440334947,1.0,0.0,0.0,29,0.0,0.23639697860028402,0.1753331429705395,0,0,,,,0.263811992522206,0.0,0.0,,,,,,
simgp24,random,13,401,0.03813094709356546,0.9333333333333333,0.9655172413793104,0.9491525423728815,29,1.0,0.02991866990714185,-0.009043865844107298,28,2,0.7848101265822784,0.9620253164556962,1.0,0.10702188816155338,0.8421052631578947,1.0,0.7,0.6,0.0,0.85,1.0,1.0
simgp24_g75,random,13,401,0.023778058580337,0.9354838709677419,1.0,0.9666666666666666,29,0.9873417721518988,0.018815880621907692,-0.0008058552456829113,29,2,0.7088607594936709,0.9620253164556962,1.0,,,,,,,,,
simgp_timeblind,random,13,401,0.2543520620531327,1.0,0.2413793103448276,0.3888888888888889,29,0.2911392405063291,0.21781607770605949,0.21781607770605949,7,0,,,,0.2100938853317677,0.3684210526315789,0.5189873417721519,,,,,,
mean_of_samples,random,13,401,0.3155236169796685,1.0,0.0,0.0,29,0.0,0.2593808454501748,0.20802685249810646,0,0,,,,0.277542930209086,0.0,0.0,,,,,,
simgp24,random,14,401,0.03824391926067058,0.9333333333333333,0.9655172413793104,0.9491525423728815,29,1.0,0.02982241738199834,-0.010901396351279838,28,2,0.7692307692307693,0.9615384615384616,1.0,0.10760220825908709,0.8421052631578947,1.0,0.7,0.6,0.0,0.85,1.0,1.0
simgp24_g75,random,14,401,0.023762287673817297,0.9354838709677419,1.0,0.9666666666666666,29,0.9871794871794872,0.018568540723300383,-0.0016956418960230606,29,2,0.7051282051282052,0.9615384615384616,1.0,,,,,,,,,
simgp_timeblind,random,14,401,0.2568752902810338,1.0,0.2413793103448276,0.3888888888888889,29,0.24358974358974358,0.22115093659671417,0.22115093659671417,7,0,,,,0.21203675540942715,0.3684210526315789,0.5128205128205128,,,,,,
mean_of_samples,random,14,401,0.34164873928952244,1.0,0.0,0.0,29,0.0,0.29112809441748705,0.26086526587447334,0,0,,,,0.2936627287440277,0.0,0.0,,,,,,
simgp24,random,15,401,0.03885885506211431,0.9333333333333333,0.9655172413793104,0.9491525423728815,29,1.0,0.030342339627326596,-0.010903951006490236,28,2,0.7532467532467533,0.961038961038961,1.0,0.10753979056112448,0.8421052631578947,1.0,0.7,0.6,0.0,0.85,1.0,1.0
simgp24_g75,random,15,401,0.0284953784526565,0.9333333333333333,0.9655172413793104,0.9491525423728815,29,0.974025974025974,0.022646010460318732,0.002270636950992036,28,2,0.6103896103896104,0.935064935064935,1.0,,,,,,,,,
simgp_timeblind,random,15,401,0.25499351300240963,1.0,0.2413793103448276,0.3888888888888889,29,0.2727272727272727,0.2188738073780972,0.2188738073780972,7,0,,,,0.21081705665318284,0.3684210526315789,0.5324675324675324,,,,,,
mean_of_samples,random,15,401,0.34601507954162414,1.0,0.0,0.0,29,0.0,0.2963983093211729,0.2660570487143105,0,0,,,,0.2972165567143869,0.0,0.0,,,,,,
simgp24,uncertainty,3,401,0.039767996401142,0.9411764705882353,0.9696969696969697,0.955223880597015,33,1.0,0.03226971143379607,0.015004301512650881,32,2,0.898876404494382,1.0,1.0,0.10746017331801194,0.7391304347826086,1.0,0.25,0.6,0.0,0.85,1.1,1.0
simgp24,uncertainty,4,401,0.029863029467261507,0.9142857142857143,1.0,0.955223880597015,32,1.0,0.021434049994997807,-0.006094317147927444,32,3,0.9204545454545454,1.0,1.0,0.09270883809549398,0.9090909090909091,1.0,0.55,0.6,0.0,0.85,0.9,1.0
simgp24,uncertainty,5,401,0.0337778779878095,0.9393939393939394,1.0,0.96875,31,1.0,0.0249847681768757,-0.002123887735218094,31,2,0.8390804597701149,0.9655172413793104,1.0,0.09186641382705292,0.9523809523809523,1.0,0.4,0.6,0.0,1.15,1.1,0.95
simgp24,uncertainty,6,401,0.038309247892267105,0.8108108108108109,1.0,0.8955223880597014,30,1.0,0.030430044193818354,-0.02414413060624602,30,7,0.7906976744186046,0.9651162790697675,1.0,0.08507183449124181,1.0,1.0,0.4,0.6,0.0,1.0,1.0,0.9
simgp24,uncertainty,7,401,0.03623225533622917,0.9333333333333333,0.9655172413793104,0.9491525423728815,29,1.0,0.02645025517558902,-0.0017246763559756334,28,2,0.8470588235294118,0.9647058823529412,1.0,0.08806080294000969,0.7894736842105263,1.0,0.7,0.3,1.0,1.0,1.0,0.9
simgp24,uncertainty,8,401,0.0373159439599297,0.9,0.9642857142857143,0.9310344827586207,28,0.9523809523809523,0.027928411099097446,-0.004758356473672207,27,3,0.8571428571428571,0.9047619047619048,0.9642857142857143,0.09278293457311942,0.7368421052631579,1.0,0.7,0.3,1.0,1.0,1.0,0.9
simgp24,uncertainty,9,401,0.04280408552999145,0.896551724137931,0.9629629629629629,0.9285714285714286,27,0.9397590361445783,0.031258354700740246,-0.011304629478919333,26,3,0.8554216867469879,0.9036144578313253,0.9518072289156626,0.09564621604207801,0.6111111111111112,0.9879518072289156,0.4,0.6,0.0,1.0,1.0,0.9
simgp24,uncertainty,10,401,0.04785587882077188,0.8387096774193549,1.0,0.9122807017543859,26,0.9512195121951219,0.03567863837683215,-0.034305852432797795,26,5,0.7926829268292683,0.9024390243902439,0.9512195121951219,0.08801216464553455,0.9411764705882353,1.0,0.4,0.6,0.0,1.0,1.0,0.9
simgp24,uncertainty,11,401,0.12998559516170333,0.6944444444444444,1.0,0.819672131147541,25,0.9012345679012346,0.1042226041835566,-0.10406246851393093,25,11,0.1728395061728395,0.6049382716049383,0.9629629629629629,0.09296458705790463,1.0,1.0,0.4,0.6,0.0,1.0,1.0,0.9
simgp24,uncertainty,12,401,0.10078587374321338,0.6857142857142857,1.0,0.8135593220338984,24,0.8875,0.06489575953515368,-0.061845096528339735,24,11,0.7625,0.8625,0.925,0.14515236731126202,0.9375,0.9125,0.4,0.6,0.0,0.85,0.9,0.9
simgp24,uncertainty,13,401,0.07557145876326873,0.7666666666666667,1.0,0.8679245283018869,23,0.9873417721518988,0.050116143858309176,-0.04477903624015848,23,7,0.7848101265822784,0.9367088607594937,0.9873417721518988,0.10806676297258837,0.8666666666666667,0.9873417721518988,0.4,0.6,0.0,1.0,1.1,0.9
simgp24,uncertainty,14,401,0.03526928430978737,0.84,0.9545454545454546,0.8936170212765958,22,1.0,0.0236713154492874,-0.018661375470378303,21,4,0.9743589743589743,0.9871794871794872,1.0,0.061864446073488844,0.9285714285714286,1.0,0.25,0.6,0.0,1.0,1.0,0.9
simgp24,uncertainty,15,401,0.0242542091266873,0.8333333333333334,0.9523809523809523,0.888888888888889,21,1.0,0.019820281467088675,-0.011874603717949536,20,4,0.974025974025974,1.0,1.0,0.03663206982348646,0.9285714285714286,1.0,0.25,0.6,0.0,1.0,1.0,0.9
simgp24,straddle,3,401,0.039767996401142,0.9411764705882353,0.9696969696969697,0.955223880597015,33,1.0,0.03226971143379607,0.015004301512650881,32,2,0.898876404494382,1.0,1.0,0.10746017331801194,0.7391304347826086,1.0,0.25,0.6,0.0,0.85,1.1,1.0
simgp24,straddle,4,401,0.043847559632907866,0.9393939393939394,0.96875,0.9538461538461539,32,0.9886363636363636,0.03599265081312789,0.01982019183618484,31,2,0.875,0.9659090909090909,1.0,0.11688503968787549,0.7727272727272727,1.0,0.4,0.6,0.0,1.0,1.0,0.95
simgp24,straddle,5,401,0.03808709373884754,0.8857142857142857,1.0,0.9393939393939393,31,1.0,0.029577042990858646,-0.013787798150407352,31,4,0.8045977011494253,0.9655172413793104,1.0,0.08849277152042712,0.9523809523809523,1.0,0.25,1.0,0.0,1.15,1.1,1.05
simgp24,straddle,6,401,0.055725947831318734,0.7894736842105263,1.0,0.8823529411764706,30,1.0,0.04628386833529192,-0.045551548261269365,30,8,0.627906976744186,0.8953488372093024,1.0,0.09794256030683242,1.0,1.0,0.25,1.0,0.0,1.0,1.0,1.1
simgp24,straddle,7,401,0.05312375419156405,0.7837837837837838,1.0,0.8787878787878788,29,0.9647058823529412,0.04636739632504118,-0.04593025751057375,29,8,0.5882352941176471,0.9294117647058824,0.9882352941176471,0.0888079188212387,1.0,1.0,0.55,0.6,0.0,1.0,1.0,0.95
simgp24,straddle,8,401,0.03469323442285575,0.8484848484848485,1.0,0.9180327868852458,28,0.9642857142857143,0.02651954655450102,-0.0246085930648153,28,5,0.75,0.9285714285714286,0.9642857142857143,0.08594959352959858,1.0,1.0,0.55,0.6,0.0,1.0,1.0,0.95
simgp24,straddle,9,401,0.04938043147977684,0.84375,1.0,0.9152542372881356,27,0.9518072289156626,0.040497719037713646,-0.03982265266918571,27,5,0.5662650602409639,0.9156626506024096,0.963855421686747,0.09077559404588438,1.0,1.0,0.55,0.6,0.0,1.0,1.0,0.95
simgp24,straddle,10,401,0.04532822335014746,0.8666666666666667,1.0,0.9285714285714286,26,0.9512195121951219,0.03484863490053908,-0.032517735340300426,26,4,0.6707317073170732,0.926829268292683,0.9512195121951219,0.09030456334658059,1.0,1.0,0.55,0.6,0.0,1.0,1.0,0.95
simgp24,straddle,11,401,0.04315087681481583,0.8333333333333334,1.0,0.9090909090909091,25,0.9506172839506173,0.033070653682331703,-0.030556136690524604,25,5,0.7037037037037037,0.9259259259259259,0.9506172839506173,0.0907274808857402,1.0,1.0,0.4,0.6,0.0,1.0,1.0,0.9
simgp24,straddle,12,401,0.040884801030636866,0.8888888888888888,1.0,0.9411764705882353,24,0.95,0.030452938622546527,-0.02648764477656073,24,3,0.725,0.925,0.95,0.09140909970699035,0.8823529411764706,1.0,0.4,0.6,0.0,1.0,1.0,0.9
simgp24,straddle,13,401,0.041071602669291295,0.9230769230769231,1.0,0.9600000000000001,24,0.9493670886075949,0.026932156603978477,-0.018624479703969143,24,2,0.7974683544303798,0.9367088607594937,0.9493670886075949,0.09168312301677861,0.8823529411764706,1.0,0.4,0.6,0.0,1.0,1.0,0.9
simgp24,straddle,14,401,0.041025882410277506,0.92,1.0,0.9583333333333334,23,0.9487179487179487,0.029038360941011792,-0.015677162426553665,23,2,0.8205128205128205,0.9487179487179487,0.9615384615384616,0.09687052478910002,0.875,1.0,0.4,0.6,0.0,1.0,1.0,0.9
simgp24,straddle,15,401,0.03704486571413306,0.9166666666666666,1.0,0.9565217391304348,22,0.961038961038961,0.02513527819136635,-0.017578607373320843,22,2,0.8051948051948052,0.948051948051948,0.961038961038961,0.07235651370481772,0.875,1.0,0.4,0.6,0.0,1.0,1.0,0.95
simgp24,straddle_min,3,401,0.039767996401142,0.9411764705882353,0.9696969696969697,0.955223880597015,33,1.0,0.03226971143379607,0.015004301512650881,32,2,0.898876404494382,1.0,1.0,0.10746017331801194,0.7391304347826086,1.0,0.25,0.6,0.0,0.85,1.1,1.0
simgp24,straddle_min,4,401,0.0362802056089196,0.9393939393939394,0.96875,0.9538461538461539,32,1.0,0.028604965814831237,0.009595601145606845,31,2,0.8522727272727273,0.9886363636363636,1.0,0.10393857487447535,0.8181818181818182,1.0,0.25,0.6,0.0,0.85,1.1,1.0
simgp24,straddle_min,5,401,0.03695353599674448,0.9375,0.967741935483871,0.9523809523809523,31,0.9655172413793104,0.0274329186208402,0.004507929394209933,30,2,0.7816091954022989,0.9540229885057471,0.9770114942528736,0.1184036416057479,0.8181818181818182,0.9885057471264368,0.55,0.6,0.0,1.15,1.1,0.95
simgp24,straddle_min,6,401,0.036468642179274945,0.9354838709677419,0.9666666666666667,0.9508196721311476,30,0.9651162790697675,0.02579922789910306,0.0015768467929535685,29,2,0.7790697674418605,0.9534883720930233,0.9767441860465116,0.11496740246642528,0.8181818181818182,0.9883720930232558,0.7,0.6,0.0,1.0,1.0,1.0
simgp24,straddle_min,7,401,0.037213329303221604,0.9333333333333333,0.9655172413793104,0.9491525423728815,29,0.9647058823529412,0.027254290526468026,0.004708554531505584,28,2,0.7411764705882353,0.9529411764705882,0.9882352941176471,0.11844529327247173,0.8571428571428571,0.9882352941176471,0.55,0.6,0.0,1.15,1.1,0.95
simgp24,straddle_min,8,401,0.0374599935782766,0.9310344827586207,0.9642857142857143,0.9473684210526316,28,0.9642857142857143,0.026665825380912566,0.0038784218852445903,27,2,0.7380952380952381,0.9523809523809523,0.9761904761904762,0.11806498987699209,0.8571428571428571,0.9761904761904762,0.55,0.6,0.0,1.15,1.1,0.95
simgp24,straddle_min,9,401,0.03411355111166661,0.896551724137931,0.9629629629629629,0.9285714285714286,27,0.9759036144578314,0.025455435437972768,0.005231156910043789,26,3,0.891566265060241,0.963855421686747,1.0,0.09215672013675438,0.9523809523809523,1.0,0.7,0.6,0.0,1.0,1.0,1.05
simgp24,straddle_min,10,401,0.031457001215010036,0.9310344827586207,1.0,0.9642857142857143,27,0.9634146341463414,0.02280106910328529,-0.004699704426338314,27,2,0.8414634146341463,0.9634146341463414,0.975609756097561,0.08932949897224073,1.0,1.0,0.55,0.6,0.0,1.0,1.0,1.0
simgp24,straddle_min,11,401,0.03104872963687375,0.9310344827586207,1.0,0.9642857142857143,27,0.9629629629629629,0.022374284502156193,-0.004693708669533065,27,2,0.8271604938271605,0.9629629629629629,0.9629629629629629,0.08957036940528441,1.0,1.0,0.55,0.6,0.0,1.0,1.0,1.0
simgp24,straddle_min,12,401,0.031226191782132803,0.9285714285714286,1.0,0.962962962962963,26,0.9625,0.022777796629200327,-0.004236583307769623,26,2,0.825,0.9625,0.9625,0.09020530249167404,1.0,1.0,0.55,0.6,0.0,1.0,1.0,1.0
simgp24,straddle_min,13,401,0.03163471097865594,0.9629629629629629,1.0,0.9811320754716981,26,0.9620253164556962,0.02299163826294893,-0.00687693437053106,26,1,0.7974683544303798,0.9620253164556962,0.9620253164556962,0.09084517047201146,1.0,1.0,0.55,0.6,0.0,1.0,1.0,1.0
simgp24,straddle_min,14,401,0.030671435340371304,0.9629629629629629,1.0,0.9811320754716981,26,0.9615384615384616,0.0219793565092616,-0.005104300099249162,26,1,0.7948717948717948,0.9615384615384616,0.9615384615384616,0.09072556842775528,1.0,1.0,0.55,0.6,0.0,1.0,1.0,1.0
simgp24,straddle_min,15,401,0.035158833458711215,0.9629629629629629,1.0,0.9811320754716981,26,0.961038961038961,0.02463814655807149,-0.016495179110844346,26,1,0.7532467532467533,0.961038961038961,0.961038961038961,0.09141609325376886,1.0,1.0,0.55,0.6,0.5,1.0,1.0,1.05
simgp24,random,3,402,0.07302588442141651,0.875,0.9722222222222222,0.9210526315789473,36,0.9662921348314607,0.0531835254982918,-0.03755067938277405,35,5,0.5617977528089888,0.8539325842696629,1.0,0.06366172797117961,1.0,0.9887640449438202,0.1,1.0,1.0,0.85,1.0,1.1
simgp24_g75,random,3,402,0.07675304340984347,0.8571428571428571,1.0,0.923076923076923,36,0.6853932584269663,0.06144652132546229,-0.03637765686464892,36,6,0.24719101123595505,0.5730337078651685,0.7191011235955056,,,,,,,,,
simgp_timeblind,random,3,402,0.18710430421633117,1.0,0.5277777777777778,0.6909090909090909,36,0.449438202247191,0.14393671635539734,0.12761651443376532,19,0,,,,0.15583415462708708,0.7083333333333334,0.7640449438202247,,,,,,
mean_of_samples,random,3,402,0.2903900170722014,1.0,0.0,0.0,36,0.0,0.24742316695021752,0.11630720390637624,0,0,,,,0.25699395085175825,0.0,0.0,,,,,,
simgp24,random,4,402,0.07068141530815227,0.868421052631579,0.9428571428571428,0.904109589041096,35,0.9431818181818182,0.050862983998830685,-0.03033916028662048,33,5,0.5454545454545454,0.8295454545454546,1.0,0.056924564718570735,1.0,0.9886363636363636,0.7,1.0,0.5,1.15,0.9,1.1
simgp24_g75,random,4,402,0.07114133858898695,0.8717948717948718,0.9714285714285714,0.9189189189189189,35,0.6704545454545454,0.05549589121290881,-0.02112565323069299,34,5,0.375,0.5681818181818182,0.6818181818181818,,,,,,,,,
simgp_timeblind,random,4,402,0.19439172254408352,1.0,0.45714285714285713,0.6274509803921569,35,0.42045454545454547,0.1486807226674559,0.14558685682846925,16,0,,,,0.15549704801407851,0.6521739130434783,0.7954545454545454,,,,,,
mean_of_samples,random,4,402,0.2881278621775109,1.0,0.0,0.0,35,0.0,0.244448427916854,0.10893658650706652,0,0,,,,0.2559925630620063,0.0,0.0,,,,,,
simgp24,random,5,402,0.06545572012689889,0.868421052631579,0.9428571428571428,0.904109589041096,35,0.9540229885057471,0.04776578473745951,-0.024608169488009687,33,5,0.5287356321839081,0.8160919540229885,0.9885057471264368,0.0595759648396985,1.0,0.9885057471264368,0.7,1.0,0.5,1.15,0.9,1.1
simgp24_g75,random,5,402,0.0629041950836084,0.8292682926829268,0.9714285714285714,0.8947368421052632,35,0.8045977011494253,0.0470339783019877,-0.0029579358946879896,34,7,0.47126436781609193,0.632183908045977,0.8275862068965517,,,,,,,,,
simgp_timeblind,random,5,402,0.1738905726082035,1.0,0.5428571428571428,0.7037037037037037,35,0.4367816091954023,0.1315975325927452,0.12901719069959378,19,0,,,,0.1482911409427378,0.782608695652174,0.7816091954022989,,,,,,
mean_of_samples,random,5,402,0.2895034890038124,1.0,0.0,0.0,35,0.0,0.24602519322934957,0.10883475107720106,0,0,,,,0.25719470211431533,0.0,0.0,,,,,,
simgp24,random,6,402,0.06524664657046654,0.868421052631579,0.9428571428571428,0.904109589041096,35,0.8953488372093024,0.04709320397042762,-0.023553821017447806,33,5,0.5697674418604651,0.813953488372093,0.9883720930232558,0.05897723920314354,1.0,0.9883720930232558,0.7,1.0,0.5,1.15,0.9,1.1
simgp24_g75,random,6,402,0.06863455384693273,0.85,0.9714285714285714,0.9066666666666667,35,0.6046511627906976,0.05398933786813264,-0.017668871982355415,34,6,0.36046511627906974,0.5,0.813953488372093,,,,,,,,,
simgp_timeblind,random,6,402,0.17057748186637792,1.0,0.5428571428571428,0.7037037037037037,35,0.4418604651162791,0.13099736362254039,0.1289321389843748,19,0,,,,0.14539626418373736,0.782608695652174,0.7790697674418605,,,,,,
mean_of_samples,random,6,402,0.3022036995339583,1.0,0.0,0.0,35,0.0,0.2592379641622801,0.13863732923329375,0,0,,,,0.26093731790570407,0.0,0.0,,,,,,
simgp24,random,7,402,0.06313600181624071,0.868421052631579,0.9428571428571428,0.904109589041096,35,0.8941176470588236,0.045240646881418704,-0.02191545836060154,33,5,0.5647058823529412,0.8117647058823529,0.9764705882352941,0.05906431084860167,1.0,0.9882352941176471,0.4,1.0,0.5,1.15,0.9,1.05
simgp24_g75,random,7,402,0.06447524591700919,0.85,0.9714285714285714,0.9066666666666667,35,0.6235294117647059,0.051002203503807145,-0.013198547275363365,34,6,0.3764705882352941,0.5176470588235295,0.8117647058823529,,,,,,,,,
simgp_timeblind,random,7,402,0.1752758558142364,1.0,0.5428571428571428,0.7037037037037037,35,0.4117647058823529,0.13462292835715547,0.13255700195714878,19,0,,,,0.14921789715540207,0.782608695652174,0.7764705882352941,,,,,,
mean_of_samples,random,7,402,0.35946525091030473,1.0,0.0,0.0,35,0.0,0.3109190622389086,0.25485441910876167,0,0,,,,0.291061627412751,0.0,0.0,,,,,,
simgp24,random,8,402,0.06966835682858902,0.868421052631579,0.9428571428571428,0.904109589041096,35,0.8809523809523809,0.051599776378605036,-0.03739852347497996,33,5,0.5238095238095238,0.8214285714285714,1.0,0.057997101498774135,1.0,0.9880952380952381,0.25,1.0,1.0,1.15,0.9,1.0
simgp24_g75,random,8,402,0.06614289126908308,0.8536585365853658,1.0,0.9210526315789475,35,0.7142857142857143,0.051864505956896595,-0.02022466613555557,35,6,0.2857142857142857,0.5238095238095238,0.8333333333333334,,,,,,,,,
simgp_timeblind,random,8,402,0.16855171070386815,1.0,0.5428571428571428,0.7037037037037037,35,0.39285714285714285,0.12991386318205006,0.12790286375820115,19,0,,,,0.14514007417467437,0.782608695652174,0.7619047619047619,,,,,,
mean_of_samples,random,8,402,0.35548361789348,1.0,0.0,0.0,35,0.0,0.30767989334259527,0.2478717653300498,0,0,,,,0.28833325418805333,0.0,0.0,,,,,,
simgp24,random,9,402,0.06660259922194489,0.868421052631579,0.9428571428571428,0.904109589041096,35,0.891566265060241,0.04863065352094924,-0.03291494055950868,33,5,0.5542168674698795,0.8192771084337349,1.0,0.0578072525515781,1.0,0.9879518072289156,0.25,1.0,0.5,1.15,0.9,1.0
simgp24_g75,random,9,402,0.06370488249914957,0.8536585365853658,1.0,0.9210526315789475,35,0.6987951807228916,0.05012690410859368,-0.017193636881294397,35,6,0.3132530120481928,0.5421686746987951,0.8313253012048193,,,,,,,,,
simgp_timeblind,random,9,402,0.17016691345826387,1.0,0.5428571428571428,0.7037037037037037,35,0.3855421686746988,0.13163705828259314,0.12978324249403891,19,0,,,,0.1465121491802395,0.782608695652174,0.7590361445783133,,,,,,
mean_of_samples,random,9,402,0.3601061104029611,1.0,0.0,0.0,35,0.0,0.3135448760826148,0.25449034030698625,0,0,,,,0.29191623617794416,0.0,0.0,,,,,,
simgp24,random,10,402,0.058733324671541534,0.8888888888888888,0.9411764705882353,0.9142857142857143,34,0.9146341463414634,0.04218092217849719,-0.02067797148920191,32,4,0.5853658536585366,0.8658536585365854,0.9634146341463414,0.05731998850773026,1.0,0.975609756097561,0.1,1.0,0.5,1.15,0.9,1.0
simgp24_g75,random,10,402,0.07766937487770226,0.868421052631579,0.9705882352941176,0.9166666666666667,34,0.5487804878048781,0.060293540879411765,-0.029762440015435276,33,5,0.3170731707317073,0.45121951219512196,0.6463414634146342,,,,,,,,,
simgp_timeblind,random,10,402,0.17762773449622685,1.0,0.35294117647058826,0.5217391304347826,34,0.34146341463414637,0.14328605316625287,0.14135770635996978,12,0,,,,0.1460423448727364,0.5,0.7073170731707317,,,,,,
mean_of_samples,random,10,402,0.3336828963435424,1.0,0.0,0.0,34,0.0,0.28942031665926865,0.2154378173350019,0,0,,,,0.27277732517948844,0.0,0.0,,,,,,
simgp24,random,11,402,0.060576588800530504,0.9142857142857143,0.9411764705882353,0.9275362318840579,34,0.9259259259259259,0.04315350319972126,-0.020606536152170347,32,3,0.5925925925925926,0.8518518518518519,0.9876543209876543,0.055306170607737036,1.0,0.9753086419753086,0.1,1.0,0.5,1.15,0.9,1.0
simgp24_g75,random,11,402,0.06209244087538568,0.8461538461538461,0.9705882352941176,0.9041095890410958,34,0.7160493827160493,0.04676312858311684,-0.006723507496299543,33,6,0.3950617283950617,0.6049382716049383,0.8024691358024691,,,,,,,,,
simgp_timeblind,random,11,402,0.17616611575091146,1.0,0.35294117647058826,0.5217391304347826,34,0.345679012345679,0.1437341986322708,0.1429568748747668,12,0,,,,0.14372343896688627,0.5,0.7160493827160493,,,,,,
mean_of_samples,random,11,402,0.3334704306091641,1.0,0.0,0.0,34,0.0,0.2904898889013511,0.2141388301863406,0,0,,,,0.2722139599843319,0.0,0.0,,,,,,
simgp24,random,12,402,0.058707058697687164,0.9142857142857143,0.9411764705882353,0.9275362318840579,34,0.925,0.0417149425593414,-0.018162946387869423,32,3,0.6,0.8625,0.975,0.05567597553154161,1.0,0.975,0.1,1.0,0.5,1.15,0.9,1.0
simgp24_g75,random,12,402,0.06112668755709169,0.8648648648648649,0.9411764705882353,0.9014084507042254,34,0.6875,0.04494699757986486,-0.0025794132625973996,32,5,0.4,0.5875,0.7625,,,,,,,,,
simgp_timeblind,random,12,402,0.1777390204442591,1.0,0.35294117647058826,0.5217391304347826,34,0.3375,0.1437970665104384,0.14248400301419478,12,0,,,,0.14574624649133208,0.5,0.7125,,,,,,
mean_of_samples,random,12,402,0.3409584915045797,1.0,0.0,0.0,34,0.0,0.2980206062838174,0.22650168114849656,0,0,,,,0.2773105504466519,0.0,0.0,,,,,,
simgp24,random,13,402,0.0575669177057586,0.9117647058823529,0.9393939393939394,0.9253731343283583,33,0.9113924050632911,0.0404806736579612,-0.019118490209031284,31,3,0.6582278481012658,0.8481012658227848,0.9873417721518988,0.05740667903486287,1.0,0.9746835443037974,0.25,1.0,0.5,1.15,0.9,1.0
simgp24_g75,random,13,402,0.06858059331753351,0.9354838709677419,0.8787878787878788,0.90625,33,0.810126582278481,0.051681974561219285,-0.008441647677262132,29,2,0.35443037974683544,0.6962025316455697,0.8607594936708861,,,,,,,,,
simgp_timeblind,random,13,402,0.18362626053984055,1.0,0.30303030303030304,0.4651162790697675,33,0.35443037974683544,0.14600679976171474,0.1449209325683078,10,0,,,,0.14699111351887106,0.47619047619047616,0.7088607594936709,,,,,,
mean_of_samples,random,13,402,0.3239436875198218,1.0,0.0,0.0,33,0.0,0.28234307341857984,0.19993374513666723,0,0,,,,0.2668486165592922,0.0,0.0,,,,,,
simgp24,random,14,402,0.05403975221214698,0.8611111111111112,0.9393939393939394,0.8985507246376813,33,0.9358974358974359,0.039296670020385824,-0.018419622301054192,31,5,0.5897435897435898,0.8589743589743589,0.9871794871794872,0.057906833073108614,1.0,0.9743589743589743,0.25,1.0,0.5,1.15,0.9,1.0
simgp24_g75,random,14,402,0.08799189117776249,1.0,0.7272727272727273,0.8421052631578948,33,0.6666666666666666,0.05842997113652331,0.0355043659137545,24,0,0.3333333333333333,0.6282051282051282,0.7307692307692307,,,,,,,,,
simgp_timeblind,random,14,402,0.19889494146422151,1.0,0.36363636363636365,0.5333333333333333,33,0.358974358974359,0.1530397827050659,0.1504000610662842,12,0,,,,0.1622638986505112,0.5714285714285714,0.717948717948718,,,,,,
mean_of_samples,random,14,402,0.3271572349107997,1.0,0.0,0.0,33,0.0,0.2853336834808768,0.20313022305589598,0,0,,,,0.26957553494843994,0.0,0.0,,,,,,
simgp24,random,15,402,0.05813803475656478,0.9090909090909091,0.9375,0.923076923076923,32,0.922077922077922,0.04139998426426332,-0.017272198622795096,30,3,0.6233766233766234,0.8441558441558441,0.974025974025974,0.06062956377684209,1.0,0.974025974025974,0.1,1.0,0.0,1.15,0.9,1.0
simgp24_g75,random,15,402,0.07647653319375448,1.0,0.8125,0.896551724137931,32,0.6753246753246753,0.05991384667505014,0.010444373402743153,26,0,0.37662337662337664,0.5714285714285714,0.7532467532467533,,,,,,,,,
simgp_timeblind,random,15,402,0.19610538590388982,1.0,0.28125,0.43902439024390244,32,0.3116883116883117,0.1577652738913028,0.15523611295331205,9,0,,,,0.15314697251761736,0.42857142857142855,0.6103896103896104,,,,,,
mean_of_samples,random,15,402,0.32174826020337977,1.0,0.0,0.0,32,0.0,0.2802828560775258,0.19260284718801796,0,0,,,,0.2658957296840193,0.0,0.0,,,,,,
simgp24,uncertainty,3,402,0.07302588442141651,0.875,0.9722222222222222,0.9210526315789473,36,0.9662921348314607,0.0531835254982918,-0.03755067938277405,35,5,0.5617977528089888,0.8539325842696629,1.0,0.06366172797117961,1.0,0.9887640449438202,0.1,1.0,1.0,0.85,1.0,1.1
simgp24,uncertainty,4,402,0.07371410160348425,0.8717948717948718,0.9714285714285714,0.9189189189189189,35,0.9545454545454546,0.05406003997055974,-0.04189757969946886,34,5,0.5227272727272727,0.8295454545454546,1.0,0.08101001374475829,1.0,0.9886363636363636,0.1,1.0,1.0,0.85,1.0,1.1
simgp24,uncertainty,5,402,0.0850090599896222,0.8292682926829268,1.0,0.9066666666666667,34,0.8045977011494253,0.06527598489937071,-0.05623081534182669,34,7,0.3563218390804598,0.7241379310344828,0.9080459770114943,0.10491923851642972,1.0,1.0,0.55,1.0,1.0,1.0,1.1,1.05
simgp24,uncertainty,6,402,0.08419280032287878,0.868421052631579,1.0,0.9295774647887324,33,0.813953488372093,0.06452232140925154,-0.05493840939950505,33,5,0.38372093023255816,0.7441860465116279,0.8837209302325582,0.09314262009355871,1.0,1.0,0.55,1.0,1.0,1.0,1.1,1.1
simgp24,uncertainty,7,402,0.06855670481802108,0.90625,0.90625,0.90625,32,0.9647058823529412,0.050774970211826774,-0.03030320890110545,29,3,0.5882352941176471,0.8117647058823529,1.0,0.05180530458522239,0.8695652173913043,1.0,0.1,1.0,1.0,1.15,1.0,0.9
simgp24,uncertainty,8,402,0.127291113897909,0.8108108108108109,0.967741935483871,0.8823529411764706,31,0.8571428571428571,0.08820553645116637,-0.07985198458549828,30,7,0.36904761904761907,0.7738095238095238,0.9642857142857143,0.0792613377136379,0.9545454545454546,1.0,0.1,1.5,1.0,1.15,1.0,1.1
simgp24,uncertainty,9,402,0.10548876522044424,0.8108108108108109,1.0,0.8955223880597014,30,0.927710843373494,0.07986499084771437,-0.07329769550466629,30,7,0.3614457831325301,0.8192771084337349,1.0,0.07103932728023896,0.9545454545454546,1.0,0.55,1.0,1.0,1.0,1.1,1.05
simgp24,uncertainty,10,402,0.09618203119201944,0.84375,0.9310344827586207,0.8852459016393444,29,0.8414634146341463,0.06292795947292804,-0.033008574478773436,27,5,0.5365853658536586,0.7195121951219512,0.9390243902439024,0.10143178784596278,0.9047619047619048,1.0,0.1,1.0,0.5,0.85,0.9,1.1
simgp24,uncertainty,11,402,0.06886489627717689,0.7941176470588235,0.9642857142857143,0.8709677419354839,28,0.9876543209876543,0.05289083785460631,-0.03622815002538936,27,7,0.6296296296296297,0.9506172839506173,0.9876543209876543,0.05901307282085678,0.95,0.9876543209876543,0.1,1.0,0.5,0.85,0.9,1.1
simgp24,uncertainty,12,402,0.08495072360488054,0.7878787878787878,0.9629629629629629,0.8666666666666665,27,0.9625,0.06379327662820043,-0.03876095683643723,26,7,0.5375,0.8875,0.9625,0.0894053480893398,0.9473684210526315,0.975,0.1,1.0,0.0,0.85,0.9,1.1
simgp24,uncertainty,13,402,0.09343530105257337,0.7647058823529411,0.9629629629629629,0.8524590163934426,27,0.9240506329113924,0.0699644875694494,-0.04587655158171728,26,8,0.4810126582278481,0.8481012658227848,0.9367088607594937,0.09950437444749623,0.9473684210526315,0.9493670886075949,0.1,1.0,0.0,0.85,0.9,1.05
simgp24,uncertainty,14,402,0.09245802514010483,0.7575757575757576,0.9615384615384616,0.8474576271186441,26,0.9102564102564102,0.06968115755015851,-0.04305611866521968,25,8,0.46153846153846156,0.8589743589743589,0.9487179487179487,0.09839424158812725,0.9444444444444444,0.9743589743589743,0.1,1.0,0.0,0.85,0.9,1.1
simgp24,uncertainty,15,402,0.06790689073642962,0.8214285714285714,0.92,0.8679245283018867,25,0.948051948051948,0.05221926142147105,-0.033235366850468365,23,5,0.7402597402597403,0.935064935064935,0.961038961038961,0.05148128259709913,0.9411764705882353,0.948051948051948,0.1,1.0,0.0,0.85,1.1,1.1
simgp24,straddle,3,402,0.07302588442141651,0.875,0.9722222222222222,0.9210526315789473,36,0.9662921348314607,0.0531835254982918,-0.03755067938277405,35,5,0.5617977528089888,0.8539325842696629,1.0,0.06366172797117961,1.0,0.9887640449438202,0.1,1.0,1.0,0.85,1.0,1.1
simgp24,straddle,4,402,0.07212410056437021,0.8717948717948718,0.9714285714285714,0.9189189189189189,35,0.875,0.05383488704944121,-0.04001589104479859,34,5,0.5227272727272727,0.7954545454545454,0.9772727272727273,0.08052298577415774,1.0,0.9886363636363636,0.1,1.0,1.0,0.85,1.0,1.1
simgp24,straddle,5,402,0.06865315177275874,0.868421052631579,0.9705882352941176,0.9166666666666667,34,0.9655172413793104,0.05315253415161401,-0.036941692296356556,33,5,0.4942528735632184,0.8045977011494253,1.0,0.09156855052738117,1.0,0.9885057471264368,0.1,1.0,0.0,0.85,1.0,1.1
simgp24,straddle,6,402,0.05563703816822355,0.8648648648648649,0.9696969696969697,0.9142857142857143,33,1.0,0.041799512579401996,-0.02987622557853381,32,5,0.7093023255813954,0.9534883720930233,1.0,0.06490888693324072,1.0,0.9883720930232558,0.1,1.0,0.5,0.85,1.0,1.05
simgp24,straddle,7,402,0.05802669257737567,0.8648648648648649,0.9696969696969697,0.9142857142857143,33,0.9529411764705882,0.043950163324034036,-0.028933935879030044,32,5,0.611764705882353,0.8705882352941177,0.9882352941176471,0.06883798866617633,1.0,0.9882352941176471,0.4,1.0,1.0,0.85,1.0,1.1
simgp24,straddle,8,402,0.058192714782069145,0.8857142857142857,0.96875,0.9253731343283582,32,0.9642857142857143,0.04261317636544844,-0.025519577907137304,31,4,0.6547619047619048,0.8571428571428571,0.9880952380952381,0.06599463250202423,1.0,0.9880952380952381,0.25,1.0,0.5,0.85,1.1,1.1
simgp24,straddle,9,402,0.07559829717949436,0.8823529411764706,0.967741935483871,0.923076923076923,31,0.8674698795180723,0.05628433255466381,-0.04325714798968595,30,4,0.4939759036144578,0.7349397590361446,0.9518072289156626,0.04234972060547368,0.9545454545454546,1.0,0.4,1.0,1.0,0.85,1.1,1.1
simgp24,straddle,10,402,0.06159923594777273,0.8787878787878788,0.9666666666666667,0.9206349206349207,30,0.8048780487804879,0.04594134109047798,-0.028525632198739746,29,4,0.5487804878048781,0.6951219512195121,0.9512195121951219,0.039658046745467426,0.9523809523809523,0.975609756097561,0.4,0.6,0.5,0.85,1.1,0.9
simgp24,straddle,11,402,0.058940405464019886,0.9,0.9310344827586207,0.9152542372881356,29,0.8888888888888888,0.044663867607427826,-0.018925463554864217,27,3,0.5679012345679012,0.7037037037037037,0.9506172839506173,0.0388963085843949,0.95,0.9753086419753086,0.4,0.6,0.0,0.85,1.1,0.9
simgp24,straddle,12,402,0.09219090537986453,0.9032258064516129,0.9655172413793104,0.9333333333333333,29,0.7125,0.06410635929220995,-0.048526879707945746,28,3,0.4875,0.675,0.8625,0.038498022105900705,0.95,0.975,0.4,0.6,0.5,0.85,1.1,0.9
simgp24,straddle,13,402,0.06971575889683473,0.9642857142857143,0.9310344827586207,0.9473684210526316,29,0.8354430379746836,0.05118204823091062,-0.02654436427813622,27,1,0.569620253164557,0.6835443037974683,0.9493670886075949,0.03585512306290048,0.95,0.9746835443037974,0.4,0.6,0.5,0.85,1.1,0.9
simgp24,straddle,14,402,0.06836457857915573,1.0,0.9285714285714286,0.962962962962963,28,0.9487179487179487,0.05028650178975987,-0.02089785982976243,26,0,0.5769230769230769,0.8076923076923077,0.9615384615384616,0.04064986302743488,0.9473684210526315,0.9743589743589743,0.4,0.6,0.0,0.85,1.1,0.95
simgp24,straddle,15,402,0.0704584433903997,1.0,0.9259259259259259,0.9615384615384615,27,0.935064935064935,0.05163883781453486,-0.025218851629158715,25,0,0.5714285714285714,0.7792207792207793,0.961038961038961,0.03904523728103953,0.9444444444444444,0.974025974025974,0.4,0.6,0.0,0.85,1.1,0.9
simgp24,straddle_min,3,402,0.07302588442141651,0.875,0.9722222222222222,0.9210526315789473,36,0.9662921348314607,0.0531835254982918,-0.03755067938277405,35,5,0.5617977528089888,0.8539325842696629,1.0,0.06366172797117961,1.0,0.9887640449438202,0.1,1.0,1.0,0.85,1.0,1.1
simgp24,straddle_min,4,402,0.07244757151693298,0.8717948717948718,0.9714285714285714,0.9189189189189189,35,0.9772727272727273,0.05341298804443046,-0.040648242866466115,34,5,0.5454545454545454,0.8181818181818182,1.0,0.08171718786876998,1.0,0.9886363636363636,0.1,1.0,1.0,0.85,1.0,1.1
simgp24,straddle_min,5,402,0.07738106195174549,0.8461538461538461,0.9705882352941176,0.9041095890410958,34,0.8620689655172413,0.058100445855418854,-0.048868505851905025,33,6,0.45977011494252873,0.7701149425287356,0.9770114942528736,0.08851063484396773,1.0,0.9885057471264368,0.1,1.0,0.5,0.85,1.1,1.1
simgp24,straddle_min,6,402,0.07501258213073386,0.825,0.9705882352941176,0.8918918918918919,34,0.9302325581395349,0.05834104163537049,-0.05051044919746068,33,7,0.4186046511627907,0.8023255813953488,0.9767441860465116,0.08919955319956238,1.0,0.9883720930232558,0.1,1.0,1.0,0.85,1.0,1.05
simgp24,straddle_min,7,402,0.0803867194701971,0.825,0.9705882352941176,0.8918918918918919,34,0.8117647058823529,0.06174308455637423,-0.05351306177820243,33,7,0.32941176470588235,0.6941176470588235,0.8705882352941177,0.09218088130512826,1.0,0.9764705882352941,0.1,1.0,1.0,0.85,1.0,1.05
simgp24,straddle_min,8,402,0.07018459328964435,0.868421052631579,0.9705882352941176,0.9166666666666667,34,0.9285714285714286,0.05480865031992727,-0.04365883107015037,33,5,0.40476190476190477,0.7738095238095238,0.9642857142857143,0.08071975550727954,1.0,0.9880952380952381,0.25,1.0,1.0,0.85,1.0,1.1
simgp24,straddle_min,9,402,0.07235133313889495,0.868421052631579,0.9705882352941176,0.9166666666666667,34,0.8433734939759037,0.056447134862537635,-0.045255935173572286,33,5,0.42168674698795183,0.7710843373493976,0.963855421686747,0.08375203345814608,1.0,0.9879518072289156,0.1,1.0,0.5,0.85,0.9,1.1
simgp24,straddle_min,10,402,0.07133766910528024,0.8918918918918919,0.9705882352941176,0.9295774647887325,34,0.8658536585365854,0.056082194112883337,-0.04496434274863164,33,4,0.4146341463414634,0.7682926829268293,0.975609756097561,0.08472127301228569,1.0,0.9878048780487805,0.25,1.0,1.0,0.85,1.0,1.1
simgp24,straddle_min,11,402,0.07180857905030774,0.8918918918918919,1.0,0.9428571428571428,33,0.8395061728395061,0.056294537531079866,-0.046100114823839605,33,4,0.41975308641975306,0.7654320987654321,0.9506172839506173,0.08512235585092069,1.0,0.9876543209876543,0.25,1.0,1.0,0.85,1.0,1.1
simgp24,straddle_min,12,402,0.07337454493847854,0.8888888888888888,1.0,0.9411764705882353,32,0.8125,0.055220493952482366,-0.045906645637947996,32,4,0.4,0.7375,0.9125,0.06219501467133557,1.0,0.975,0.25,1.0,1.0,0.85,1.0,1.1
simgp24,straddle_min,13,402,0.06638181635243139,0.8857142857142857,1.0,0.9393939393939393,31,0.9113924050632911,0.05074797647397338,-0.038150015704840765,31,4,0.43037974683544306,0.7974683544303798,0.9873417721518988,0.06483486411197054,1.0,0.9746835443037974,0.25,1.0,0.5,0.85,1.1,1.1
simgp24,straddle_min,14,402,0.06709397497486659,0.9117647058823529,1.0,0.9538461538461539,31,0.9230769230769231,0.052238175644728914,-0.043703276470413555,31,3,0.4230769230769231,0.7948717948717948,0.9743589743589743,0.06141194631972103,1.0,0.9615384615384616,0.25,1.0,0.5,0.85,1.1,1.1
simgp24,straddle_min,15,402,0.06621062358522359,0.9117647058823529,1.0,0.9538461538461539,31,0.8961038961038961,0.05139783076776675,-0.042165984091285365,31,3,0.44155844155844154,0.7922077922077922,0.961038961038961,0.05933701347978643,1.0,0.961038961038961,0.25,1.0,0.5,0.85,1.1,1.1
simgp24,random,3,403,0.051465105979813665,0.8484848484848485,0.8235294117647058,0.8358208955223881,34,1.0,0.040501613594042286,0.010382740572249137,28,5,0.7303370786516854,0.9662921348314607,1.0,0.0727911288719197,0.625,0.9775280898876404,0.4,0.6,0.5,1.15,0.9,0.9
simgp24_g75,random,3,403,0.0553178945013928,0.8571428571428571,0.8823529411764706,0.8695652173913043,34,0.797752808988764,0.042804962039259785,0.002027166918723878,30,5,0.5617977528089888,0.7528089887640449,0.8202247191011236,,,,,,,,,
simgp_timeblind,random,3,403,0.2537597749497447,1.0,0.17647058823529413,0.3,34,0.3258426966292135,0.2191686473203404,0.2191686473203404,6,0,,,,0.19228893776515069,0.20833333333333334,0.6179775280898876,,,,,,
mean_of_samples,random,3,403,0.326709875734771,1.0,0.0,0.0,34,0.0,0.2726228481198578,0.18726330001456412,0,0,,,,0.28384278985695743,0.0,0.0,,,,,,
simgp24,random,4,403,0.051877645287143184,0.8484848484848485,0.8235294117647058,0.8358208955223881,34,1.0,0.040426095284251735,0.012082476916886093,28,5,0.7045454545454546,0.9545454545454546,1.0,0.07589099370992543,0.5833333333333334,0.9545454545454546,0.25,1.0,0.0,1.15,0.9,1.1
simgp24_g75,random,4,403,0.05619363720291001,0.8571428571428571,0.8823529411764706,0.8695652173913043,34,0.7272727272727273,0.04058289006514048,0.007229113310387114,30,5,0.3977272727272727,0.6931818181818182,0.7840909090909091,,,,,,,,,
simgp_timeblind,random,4,403,0.2597835838461736,1.0,0.14705882352941177,0.25641025641025644,34,0.3068181818181818,0.22491314408624608,0.22491314408624608,5,0,,,,0.197660399768396,0.16666666666666666,0.5568181818181818,,,,,,
mean_of_samples,random,4,403,0.34491444349277245,1.0,0.0,0.0,34,0.0,0.2897939759104045,0.216629882199582,0,0,,,,0.29544594211210434,0.0,0.0,,,,,,
simgp24,random,5,403,0.04615893646784477,0.8709677419354839,0.8181818181818182,0.84375,33,1.0,0.036926834645611216,0.0006224651712369929,27,4,0.6666666666666666,0.9310344827586207,1.0,0.06588297235081747,0.7391304347826086,0.9540229885057471,0.25,1.0,0.0,1.15,0.9,1.1
simgp24_g75,random,5,403,0.05898167771525089,0.8529411764705882,0.8787878787878788,0.8656716417910447,33,0.6436781609195402,0.04390417368632541,0.006630517668976004,29,5,0.3218390804597701,0.5632183908045977,0.7126436781609196,,,,,,,,,
simgp_timeblind,random,5,403,0.2527987408236409,1.0,0.18181818181818182,0.3076923076923077,33,0.27586206896551724,0.21590396511856264,0.2159032066713918,6,0,,,,0.1917803218058367,0.21739130434782608,0.5402298850574713,,,,,,
mean_of_samples,random,5,403,0.2953417497210206,1.0,0.0,0.0,33,0.0,0.24600608987713476,0.12318398672350073,0,0,,,,0.2697544354985325,0.0,0.0,,,,,,
simgp24,random,6,403,0.04285541549754162,0.875,0.875,0.875,32,1.0,0.03491337392201286,-0.006938547379688197,28,4,0.7558139534883721,0.9767441860465116,1.0,0.05190699437233068,0.782608695652174,0.9651162790697675,0.1,1.0,1.0,1.15,0.9,0.9
simgp24_g75,random,6,403,0.15368061773097214,0.8648648648648649,1.0,0.927536231884058,32,0.6976744186046512,0.10516791525010703,-0.08172930857520033,32,5,0.38372093023255816,0.627906976744186,0.7558139534883721,,,,,,,,,
simgp_timeblind,random,6,403,0.2635686854677976,1.0,0.15625,0.2702702702702703,32,0.27906976744186046,0.2266320453088251,0.2266320453088251,5,0,,,,0.1957581627783215,0.21739130434782608,0.5232558139534884,,,,,,
mean_of_samples,random,6,403,0.2920187649743436,1.0,0.0,0.0,32,0.0,0.24234259356519425,0.11516361911224361,0,0,,,,0.2708339054141611,0.0,0.0,,,,,,
simgp24,random,7,403,0.04874256650199928,0.8787878787878788,0.9354838709677419,0.90625,31,1.0,0.03786680425004495,-0.019192575640773774,29,4,0.611764705882353,0.9764705882352941,1.0,0.05229814510827087,0.8636363636363636,1.0,0.1,1.0,1.0,1.15,0.9,0.9
simgp24_g75,random,7,403,0.14720572506277443,0.8378378378378378,1.0,0.911764705882353,31,0.5529411764705883,0.10684225000647293,-0.08648784495264564,31,6,0.25882352941176473,0.4823529411764706,0.6235294117647059,,,,,,,,,
simgp_timeblind,random,7,403,0.2254709348631007,1.0,0.45161290322580644,0.6222222222222222,31,0.3058823529411765,0.1851503739597269,0.18465958848037634,14,0,,,,0.16616056198661291,0.5909090909090909,0.6470588235294118,,,,,,
mean_of_samples,random,7,403,0.27844714066599074,1.0,0.0,0.0,31,0.0,0.22644833965117103,0.07471585491780731,0,0,,,,0.2701271063909701,0.0,0.0,,,,,,
simgp24,random,8,403,0.04366366863262646,0.8787878787878788,0.9354838709677419,0.90625,31,1.0,0.0352610987379438,-0.015249941629719346,29,4,0.6547619047619048,1.0,1.0,0.05291940333987806,0.8636363636363636,1.0,0.25,1.0,0.0,1.15,0.9,1.05
simgp24_g75,random,8,403,0.12729852066895647,0.8378378378378378,1.0,0.911764705882353,31,0.5476190476190477,0.09352106201502122,-0.07134970801115095,31,6,0.2976190476190476,0.4880952380952381,0.6428571428571429,,,,,,,,,
simgp_timeblind,random,8,403,0.22147484448304772,1.0,0.45161290322580644,0.6222222222222222,31,0.32142857142857145,0.184017005182351,0.18344658711202955,14,0,,,,0.16360087767523995,0.5909090909090909,0.6547619047619048,,,,,,
mean_of_samples,random,8,403,0.3161157599952484,1.0,0.0,0.0,31,0.0,0.2639869770121276,0.18915244386157173,0,0,,,,0.2758109157854758,0.0,0.0,,,,,,
simgp24,random,9,403,0.0822647396735321,0.8857142857142857,1.0,0.9393939393939393,31,0.8433734939759037,0.06097780188788429,-0.05269589904396897,31,4,0.46987951807228917,0.6987951807228916,0.9397590361445783,0.06229738927799606,0.8636363636363636,0.963855421686747,0.25,1.0,0.0,1.15,0.9,1.0
simgp24_g75,random,9,403,0.13954770159150492,0.7560975609756098,1.0,0.8611111111111112,31,0.4939759036144578,0.10555829513043576,-0.08396029164723834,31,10,0.1927710843373494,0.3373493975903614,0.5662650602409639,,,,,,,,,
simgp_timeblind,random,9,403,0.18898129873333674,1.0,0.5483870967741935,0.7083333333333333,31,0.42168674698795183,0.1528124896768267,0.14700406762608872,17,0,,,,0.1451779287595833,0.6363636363636364,0.7710843373493976,,,,,,
mean_of_samples,random,9,403,0.30021530177482136,1.0,0.0,0.0,31,0.0,0.2509314002650879,0.15898728062641693,0,0,,,,0.26739390967667187,0.0,0.0,,,,,,
simgp24,random,10,403,0.06705655385342157,0.90625,0.9354838709677419,0.9206349206349206,31,0.9634146341463414,0.0500306608911349,-0.03596808201657991,29,3,0.524390243902439,0.8414634146341463,1.0,0.05915915309731133,0.8636363636363636,0.975609756097561,0.25,1.0,0.0,1.15,0.9,1.05
simgp24_g75,random,10,403,0.10095928441589337,0.7777777777777778,0.9032258064516129,0.835820895522388,31,0.6585365853658537,0.08074776346711907,-0.04801680036575737,28,8,0.24390243902439024,0.524390243902439,0.7926829268292683,,,,,,,,,
simgp_timeblind,random,10,403,0.21346482725627589,1.0,0.5161290322580645,0.6808510638297872,31,0.32926829268292684,0.173435413596121,0.17031173900100735,16,0,,,,0.16132560041171773,0.6363636363636364,0.7073170731707317,,,,,,
mean_of_samples,random,10,403,0.3109389838833788,1.0,0.0,0.0,31,0.0,0.25997996978840404,0.17626822058648342,0,0,,,,0.27361621330056446,0.0,0.0,,,,,,
simgp24,random,11,403,0.06864870877662559,0.90625,0.9354838709677419,0.9206349206349206,31,0.9629629629629629,0.05025387793686845,-0.03409907771697599,29,3,0.5185185185185185,0.8641975308641975,0.9876543209876543,0.054909426045279104,0.8181818181818182,0.9876543209876543,0.25,1.0,0.0,1.15,0.9,1.05
simgp24_g75,random,11,403,0.14635708860637206,0.8157894736842105,1.0,0.898550724637681,31,0.48148148148148145,0.1074149155627339,-0.08889499990979903,31,7,0.2222222222222222,0.43209876543209874,0.5555555555555556,,,,,,,,,
simgp_timeblind,random,11,403,0.21287224586235223,1.0,0.45161290322580644,0.6222222222222222,31,0.35802469135802467,0.17416956641826037,0.17236084747795927,14,0,,,,0.15876918606275153,0.5909090909090909,0.6666666666666666,,,,,,
mean_of_samples,random,11,403,0.3130468250279678,1.0,0.0,0.0,31,0.0,0.261255264458091,0.17782955367996336,0,0,,,,0.2748856095606448,0.0,0.0,,,,,,
simgp24,random,12,403,0.05978424795399312,0.9032258064516129,0.9032258064516129,0.9032258064516129,31,0.9625,0.04568530115412553,-0.02757186662870865,28,3,0.575,0.95,0.975,0.05730024853429694,0.8181818181818182,0.9875,0.25,1.0,0.0,1.15,0.9,1.1
simgp24_g75,random,12,403,0.14309275148953302,0.8857142857142857,1.0,0.9393939393939393,31,0.4875,0.10398375887292652,-0.08566430045343296,31,4,0.1875,0.425,0.55,,,,,,,,,
simgp_timeblind,random,12,403,0.21486257429848682,1.0,0.45161290322580644,0.6222222222222222,31,0.3125,0.17807395396863795,0.17339358932606505,14,0,,,,0.1618486518063677,0.5909090909090909,0.6375,,,,,,
mean_of_samples,random,12,403,0.3295448254691355,1.0,0.0,0.0,31,0.0,0.27340794277299774,0.20370379536031907,0,0,,,,0.2858150220683331,0.0,0.0,,,,,,
simgp24,random,13,403,0.04683230951991439,0.9,0.8709677419354839,0.8852459016393444,31,0.9746835443037974,0.03577384161853889,-0.010267639211854722,27,3,0.7215189873417721,0.9493670886075949,1.0,0.05856236940902118,0.8181818181818182,0.9620253164556962,0.25,1.0,0.0,1.15,0.9,1.1
simgp24_g75,random,13,403,0.08361810443706415,0.8,0.7741935483870968,0.7868852459016393,31,0.7468354430379747,0.05448282415654468,0.01783324977780225,24,6,0.5189873417721519,0.6835443037974683,0.810126582278481,,,,,,,,,
simgp_timeblind,random,13,403,0.21882195234085441,1.0,0.4838709677419355,0.6521739130434783,31,0.31645569620253167,0.17987716573438842,0.16939025053114568,15,0,,,,0.1726022908430257,0.6363636363636364,0.6582278481012658,,,,,,
mean_of_samples,random,13,403,0.3378810083645203,1.0,0.0,0.0,31,0.0,0.28150069288687757,0.21723128735387653,0,0,,,,0.29111571407362474,0.0,0.0,,,,,,
simgp24,random,14,403,0.044729243666895,0.896551724137931,0.8666666666666667,0.8813559322033899,30,1.0,0.03679261603590851,-0.00426630913894853,26,3,0.7307692307692307,0.9871794871794872,1.0,0.05675805177064239,0.8095238095238095,0.9743589743589743,0.1,0.6,1.0,0.85,0.9,0.9
simgp24_g75,random,14,403,0.14661737539302022,0.8571428571428571,1.0,0.923076923076923,30,0.5,0.1023721983849383,-0.08365881978250454,30,5,0.21794871794871795,0.3974358974358974,0.5256410256410257,,,,,,,,,
simgp_timeblind,random,14,403,0.2248924126367769,1.0,0.36666666666666664,0.5365853658536585,30,0.2948717948717949,0.18801928056866662,0.18449523733150996,11,0,,,,0.16868087241818938,0.47619047619047616,0.6282051282051282,,,,,,
mean_of_samples,random,14,403,0.3214451085697496,1.0,0.0,0.0,30,0.0,0.26699789835069215,0.19094859079614038,0,0,,,,0.2793007583874697,0.0,0.0,,,,,,
simgp24,random,15,403,0.043474353768726014,0.896551724137931,0.8666666666666667,0.8813559322033899,30,1.0,0.035950807104154076,-0.002787770509216363,26,3,0.7012987012987013,0.987012987012987,1.0,0.05729246237007749,0.8095238095238095,0.974025974025974,0.55,0.6,0.0,1.15,0.9,0.95
simgp24_g75,random,15,403,0.1510105719203259,0.8823529411764706,1.0,0.9375,30,0.4805194805194805,0.1053019113368869,-0.08711477135491975,30,4,0.24675324675324675,0.37662337662337664,0.5454545454545454,,,,,,,,,
simgp_timeblind,random,15,403,0.22812782178733984,1.0,0.4,0.5714285714285715,30,0.2987012987012987,0.19044032150072532,0.1886266257519385,12,0,,,,0.17218772040374353,0.5238095238095238,0.6363636363636364,,,,,,
mean_of_samples,random,15,403,0.3221697324601191,1.0,0.0,0.0,30,0.0,0.2669070834436846,0.19031330003849367,0,0,,,,0.28128323982774,0.0,0.0,,,,,,
simgp24,uncertainty,3,403,0.051465105979813665,0.8484848484848485,0.8235294117647058,0.8358208955223881,34,1.0,0.040501613594042286,0.010382740572249137,28,5,0.7303370786516854,0.9662921348314607,1.0,0.0727911288719197,0.625,0.9775280898876404,0.4,0.6,0.5,1.15,0.9,0.9
simgp24,uncertainty,4,403,0.04195225870193882,0.8529411764705882,0.8787878787878788,0.8656716417910447,33,1.0,0.03276169119225899,0.005406299164498437,29,5,0.7954545454545454,1.0,1.0,0.05768222043378952,0.75,0.9659090909090909,0.55,0.6,0.0,1.0,1.1,1.0
simgp24,uncertainty,5,403,0.04784312210618796,0.8529411764705882,0.90625,0.8787878787878787,32,0.9885057471264368,0.037002359549635766,-0.014929440132640715,29,5,0.7471264367816092,0.9885057471264368,1.0,0.07660069644021977,0.8260869565217391,0.9655172413793104,0.25,1.0,1.0,1.0,1.1,1.05
simgp24,uncertainty,6,403,0.04584739628684416,0.8484848484848485,0.9032258064516129,0.875,31,0.9883720930232558,0.035922176753358806,-0.013174746117215062,28,5,0.6744186046511628,0.9767441860465116,0.9883720930232558,0.07769409282994552,0.8636363636363636,0.9534883720930233,0.4,0.6,1.0,1.0,1.1,0.9
simgp24,uncertainty,7,403,0.04478764115104571,0.8387096774193549,0.8666666666666667,0.8524590163934426,30,0.9882352941176471,0.03504427096601968,-0.011044296345048218,26,5,0.7764705882352941,0.9647058823529412,0.9882352941176471,0.07637713636476537,0.8095238095238095,0.9529411764705882,0.4,0.6,1.0,1.0,1.1,0.9
simgp24,uncertainty,8,403,0.10478954530018228,0.96,0.8275862068965517,0.888888888888889,29,1.0,0.06893014796876214,-0.02579364930028665,24,1,0.7023809523809523,0.9761904761904762,1.0,0.23851165336459393,0.2857142857142857,1.0,0.1,1.0,1.0,1.0,1.1,1.05
simgp24,uncertainty,9,403,0.11474075799013583,0.8529411764705882,1.0,0.9206349206349206,29,1.0,0.07648299680098161,-0.06597146173569257,29,5,0.5903614457831325,0.9879518072289156,1.0,0.055075225767683096,0.7619047619047619,1.0,0.1,1.0,1.0,1.0,1.1,1.05
simgp24,uncertainty,10,403,0.06447754619675523,0.9615384615384616,0.8928571428571429,0.9259259259259259,28,0.9878048780487805,0.04393493394223371,0.02400327577416024,25,1,0.7926829268292683,0.975609756097561,0.9878048780487805,0.1028682578831837,0.9,1.0,0.1,1.0,1.0,0.85,1.0,1.1
simgp24,uncertainty,11,403,0.08736577697376366,1.0,0.8518518518518519,0.92,27,1.0,0.05769960353080424,-0.014615881489818879,23,0,0.691358024691358,0.9629629629629629,1.0,0.14904856572788142,0.55,1.0,0.1,0.6,1.0,0.85,1.0,0.9
simgp24,uncertainty,12,403,0.07711600623725559,0.8387096774193549,1.0,0.9122807017543859,26,1.0,0.05119380271857066,-0.0018236272168784332,26,5,0.7375,0.9625,1.0,0.3448098754920438,0.8421052631578947,0.8875,0.1,1.0,1.0,0.85,1.0,1.1
simgp24,uncertainty,13,403,0.0931009717612819,0.9130434782608695,0.8076923076923077,0.8571428571428572,26,0.9873417721518988,0.056808840027969085,0.019877339377871596,21,2,0.6962025316455697,0.9113924050632911,1.0,0.48754989946054356,0.7894736842105263,0.6329113924050633,0.1,1.0,1.0,0.85,1.0,1.1
simgp24,uncertainty,14,403,0.09825282057441799,0.9130434782608695,0.8076923076923077,0.8571428571428572,26,0.9743589743589743,0.05664492809462885,0.026613404343405218,21,2,0.6666666666666666,0.8846153846153846,1.0,0.5502171066583101,0.7894736842105263,0.5897435897435898,0.1,1.0,1.0,0.85,1.0,1.1
simgp24,uncertainty,15,403,0.060497548710746876,0.8387096774193549,1.0,0.9122807017543859,26,1.0,0.04424064210082682,-0.021240865671282146,26,5,0.6883116883116883,0.948051948051948,1.0,0.07371557751357938,1.0,1.0,0.1,1.0,1.0,0.85,1.0,1.1
simgp24,straddle,3,403,0.051465105979813665,0.8484848484848485,0.8235294117647058,0.8358208955223881,34,1.0,0.040501613594042286,0.010382740572249137,28,5,0.7303370786516854,0.9662921348314607,1.0,0.0727911288719197,0.625,0.9775280898876404,0.4,0.6,0.5,1.15,0.9,0.9
simgp24,straddle,4,403,0.04182789170652839,0.8484848484848485,0.8484848484848485,0.8484848484848486,33,1.0,0.03264628746283839,0.0044168232045850245,28,5,0.7840909090909091,1.0,1.0,0.05681315384898347,0.75,0.9772727272727273,0.25,1.0,1.0,1.0,1.1,1.05
simgp24,straddle,5,403,0.04637007202277047,0.8666666666666667,0.8125,0.8387096774193549,32,1.0,0.03448265312722442,0.012291999053332137,26,4,0.6666666666666666,0.9425287356321839,1.0,0.0633686886024676,0.625,0.9425287356321839,0.1,0.6,1.0,0.85,1.0,0.9
simgp24,straddle,6,403,0.04751575876851949,0.8333333333333334,0.8064516129032258,0.819672131147541,31,1.0,0.03519767537198123,0.003076198943917696,25,5,0.7209302325581395,0.9767441860465116,1.0,0.07524960746272404,0.43478260869565216,0.9418604651162791,0.4,0.6,1.0,1.0,1.1,0.9
simgp24,straddle,7,403,0.05697711441707493,0.8571428571428571,0.8,0.8275862068965518,30,0.9294117647058824,0.04508763554104519,0.028028941464266394,24,4,0.6,0.8705882352941177,0.9529411764705882,0.09796827274357052,0.2608695652173913,0.8588235294117647,0.25,0.6,1.0,0.85,1.1,1.0
simgp24,straddle,8,403,0.05274406872420597,0.8518518518518519,0.7931034482758621,0.8214285714285715,29,0.8809523809523809,0.04145429657142033,0.025636777680134885,23,4,0.6071428571428571,0.8214285714285714,0.9404761904761905,0.09499592205549903,0.2727272727272727,0.8452380952380952,0.25,0.6,0.0,0.85,1.1,1.1
simgp24,straddle,9,403,0.041320436470130846,0.8846153846153846,0.8214285714285714,0.8518518518518519,28,0.9397590361445783,0.03127699562874513,0.01978668817764878,23,3,0.7108433734939759,0.9036144578313253,0.9759036144578314,0.08494762027089924,0.38095238095238093,0.891566265060241,0.25,0.6,0.0,0.85,1.1,1.05
simgp24,straddle,10,403,0.040473055933815776,0.88,0.8148148148148148,0.8461538461538461,27,0.9390243902439024,0.030840761203168397,0.019147349967136833,22,3,0.7073170731707317,0.8780487804878049,0.975609756097561,0.08181605234286711,0.5,0.8902439024390244,0.25,0.6,0.0,0.85,1.1,1.05
simgp24,straddle,11,403,0.038514679268734316,0.875,0.8076923076923077,0.8400000000000001,26,0.9506172839506173,0.029662553625054464,0.01607304843733889,21,3,0.7160493827160493,0.9135802469135802,0.9876543209876543,0.0799629272232083,0.5789473684210527,0.9135802469135802,0.25,0.6,0.5,0.85,1.1,1.0
simgp24,straddle,12,403,0.038536066014624844,0.8695652173913043,0.8,0.8333333333333333,25,0.95,0.029948051610229898,0.015519285515182845,20,3,0.7125,0.8875,0.9875,0.08132900643000571,0.5555555555555556,0.9125,0.25,0.6,0.5,0.85,1.1,1.0
simgp24,straddle,13,403,0.03836270647136313,0.9090909090909091,0.8,0.8510638297872342,25,0.9493670886075949,0.029702681368168428,0.016123106714353647,20,2,0.6962025316455697,0.8987341772151899,0.9873417721518988,0.08496642215998662,0.5555555555555556,0.9113924050632911,0.25,0.6,0.5,0.85,1.1,1.0
simgp24,straddle,14,403,0.036362299932752015,0.9047619047619048,0.7916666666666666,0.8444444444444444,24,0.9743589743589743,0.028969916851184073,0.010105725216293054,19,2,0.7307692307692307,0.9102564102564102,0.9871794871794872,0.08023579547863868,0.6470588235294118,0.9230769230769231,0.25,0.6,1.0,0.85,1.1,0.95
simgp24,straddle,15,403,0.03732279469436229,0.9,0.782608695652174,0.8372093023255814,23,0.974025974025974,0.029157325160833886,0.012140164753084373,18,2,0.7272727272727273,0.9090909090909091,0.974025974025974,0.08346264839468633,0.625,0.922077922077922,0.25,0.6,1.0,0.85,1.1,0.95
simgp24,straddle_min,3,403,0.051465105979813665,0.8484848484848485,0.8235294117647058,0.8358208955223881,34,1.0,0.040501613594042286,0.010382740572249137,28,5,0.7303370786516854,0.9662921348314607,1.0,0.0727911288719197,0.625,0.9775280898876404,0.4,0.6,0.5,1.15,0.9,0.9
simgp24,straddle_min,4,403,0.1097474867180802,0.825,1.0,0.9041095890410958,33,0.8522727272727273,0.08245527462135706,-0.07878987879950297,33,7,0.4318181818181818,0.7159090909090909,0.9886363636363636,0.07468983030945825,0.9130434782608695,1.0,0.1,1.0,1.0,1.15,0.9,0.9
simgp24,straddle_min,5,403,0.049890384003499245,0.8461538461538461,1.0,0.9166666666666666,33,1.0,0.03710652506111691,-0.02205746545174883,33,6,0.7471264367816092,1.0,1.0,0.07062600279715617,0.9130434782608695,1.0,0.1,1.0,1.0,0.85,1.0,1.1
simgp24,straddle_min,6,403,0.04871120414270707,0.868421052631579,1.0,0.9295774647887324,33,1.0,0.03590930805747026,-0.01882169341900139,33,5,0.7441860465116279,0.9883720930232558,1.0,0.07118764980025735,0.9130434782608695,1.0,0.25,1.0,1.0,1.0,1.0,1.1
simgp24,straddle_min,7,403,0.055037418855015875,0.8421052631578947,1.0,0.9142857142857143,32,0.9647058823529412,0.04102959286781331,-0.03086841914933709,32,6,0.7176470588235294,0.9529411764705882,1.0,0.0697202227323354,1.0,1.0,0.1,1.0,1.0,0.85,1.0,1.1
simgp24,straddle_min,8,403,0.05532759215038929,0.8648648648648649,1.0,0.927536231884058,32,0.9523809523809523,0.03975552455345198,-0.02744541367615289,32,5,0.75,0.9404761904761905,0.9761904761904762,0.07222265523402573,1.0,1.0,0.1,1.0,1.0,0.85,1.0,1.1
simgp24,straddle_min,9,403,0.05213883679581812,0.8888888888888888,1.0,0.9411764705882353,32,0.9518072289156626,0.03827556171752663,-0.028283635643394908,32,4,0.7469879518072289,0.9397590361445783,0.963855421686747,0.07054181463544076,1.0,1.0,0.25,1.0,1.0,1.0,1.1,1.05
simgp24,straddle_min,10,403,0.06149933818815652,0.9142857142857143,1.0,0.955223880597015,32,0.9512195121951219,0.04394546155359447,-0.034541062164597215,32,3,0.6585365853658537,0.9390243902439024,0.9634146341463414,0.06520801631646299,1.0,1.0,0.25,1.0,1.0,1.0,1.1,1.05
simgp24,straddle_min,11,403,0.03244059039646366,0.9393939393939394,1.0,0.96875,31,1.0,0.024963801124024253,-0.00897146357990941,31,2,0.8888888888888888,1.0,1.0,0.03943468475216014,0.9545454545454546,1.0,0.1,1.0,1.0,0.85,1.1,1.1
simgp24,straddle_min,12,403,0.03396290009083496,0.9375,1.0,0.967741935483871,30,1.0,0.026627684930735758,-0.012644257903480505,30,2,0.8625,1.0,1.0,0.035698710760502704,0.9545454545454546,1.0,0.1,1.0,1.0,0.85,1.0,1.1
simgp24,straddle_min,13,403,0.059370259792148265,0.9655172413793104,0.9655172413793104,0.9655172413793104,29,1.0,0.039765972298112025,-0.025306596587945797,28,1,0.7088607594936709,1.0,1.0,0.0375991102877376,1.0,1.0,0.1,1.0,1.0,0.85,1.0,1.1
simgp24,straddle_min,14,403,0.0600389791340571,0.9333333333333333,0.9655172413793104,0.9491525423728815,29,0.9871794871794872,0.040372556109701065,-0.02240868960972885,28,2,0.6666666666666666,0.9358974358974359,1.0,0.04039266120079044,1.0,1.0,0.25,0.6,1.0,0.85,1.0,0.9
simgp24,straddle_min,15,403,0.05531990545888575,1.0,0.9655172413793104,0.9824561403508771,29,1.0,0.03544354984131214,-0.014004302469123191,28,0,0.7012987012987013,0.987012987012987,1.0,0.03592654755707385,1.0,1.0,0.25,0.6,1.0,0.85,1.0,0.9
simgp24,random,3,404,0.048162429458601975,0.9487179487179487,1.0,0.9736842105263158,37,1.0,0.03344924331243598,-0.025053831074742572,37,2,0.7078651685393258,0.9662921348314607,1.0,0.07559785016973548,0.7297297297297297,1.0,0.1,1.0,0.0,1.15,1.0,1.0
simgp24_g75,random,3,404,0.03843188629037761,0.9024390243902439,1.0,0.9487179487179488,37,0.9438202247191011,0.02904358071819609,-0.009798643268331323,37,4,0.6853932584269663,0.898876404494382,0.9550561797752809,,,,,,,,,
simgp_timeblind,random,3,404,0.19165982544883078,1.0,0.40540540540540543,0.5769230769230769,37,0.47191011235955055,0.15142757700476714,0.14524982969208933,15,0,,,,0.16691673001760066,0.40540540540540543,0.6292134831460674,,,,,,
mean_of_samples,random,3,404,0.28746325764108216,1.0,0.0,0.0,37,0.0,0.22940931078771726,0.09224368435872618,0,0,,,,0.27448508460772386,0.0,0.0,,,,,,
simgp24,random,4,404,0.08274029016611352,0.9487179487179487,1.0,0.9736842105263158,37,0.875,0.053164289640983416,-0.04827591126073141,37,2,0.6477272727272727,0.8181818181818182,0.9431818181818182,0.08393388266267722,0.8108108108108109,0.9659090909090909,0.1,1.0,1.0,1.15,1.0,0.9
simgp24_g75,random,4,404,0.06726910871305226,0.9024390243902439,1.0,0.9487179487179488,37,0.7954545454545454,0.045529246783075995,-0.029935845029525763,37,4,0.4659090909090909,0.7045454545454546,0.875,,,,,,,,,
simgp_timeblind,random,4,404,0.18223686573784734,1.0,0.40540540540540543,0.5769230769230769,37,0.5454545454545454,0.1435187992357957,0.11653170198556656,15,0,,,,0.16141285074937142,0.40540540540540543,0.6818181818181818,,,,,,
mean_of_samples,random,4,404,0.2782968518116363,1.0,0.0,0.0,37,0.0,0.21729018100753492,0.051188363058519905,0,0,,,,0.27060376579787926,0.0,0.0,,,,,,
simgp24,random,5,404,0.08087853523895144,0.9487179487179487,1.0,0.9736842105263158,37,0.8735632183908046,0.05348501992250619,-0.04939778709098911,37,2,0.6091954022988506,0.8160919540229885,0.9425287356321839,0.08115649435874552,0.8108108108108109,1.0,0.1,1.0,1.0,1.15,1.0,0.9
simgp24_g75,random,5,404,0.058174950692452786,0.8809523809523809,1.0,0.9367088607594937,37,0.6896551724137931,0.04633145840337767,-0.033272198868827,37,5,0.3103448275862069,0.4482758620689655,0.8505747126436781,,,,,,,,,
simgp_timeblind,random,5,404,0.17260266749292638,1.0,0.40540540540540543,0.5769230769230769,37,0.5517241379310345,0.13736172058114332,0.10967109175118064,15,0,,,,0.15134486643295497,0.40540540540540543,0.6896551724137931,,,,,,
mean_of_samples,random,5,404,0.30060732473598173,1.0,0.0,0.0,37,0.0,0.2437230237984525,0.12130945457749943,0,0,,,,0.28392133903122185,0.0,0.0,,,,,,
simgp24,random,6,404,0.0625589589231893,0.925,1.0,0.961038961038961,37,1.0,0.04410929542573208,-0.03716409857023561,37,3,0.627906976744186,0.9767441860465116,1.0,0.07461521589717142,0.8108108108108109,1.0,0.1,1.0,1.0,1.0,1.0,1.0
simgp24_g75,random,6,404,0.05220147931812209,0.9210526315789473,0.9459459459459459,0.9333333333333332,37,0.9186046511627907,0.04085214061220085,-0.01683076225306912,35,3,0.4186046511627907,0.8837209302325582,0.9534883720930233,,,,,,,,,
simgp_timeblind,random,6,404,0.1886223662701318,1.0,0.40540540540540543,0.5769230769230769,37,0.5232558139534884,0.15695780954752134,0.1505276261932403,15,0,,,,0.16229355908487264,0.40540540540540543,0.686046511627907,,,,,,
mean_of_samples,random,6,404,0.322354100946335,1.0,0.0,0.0,37,0.0,0.2654314871224919,0.16625863566459012,0,0,,,,0.30098981176531187,0.0,0.0,,,,,,
simgp24,random,7,404,0.06771278756475088,0.925,1.0,0.961038961038961,37,1.0,0.049766827469252366,-0.04320089411115907,37,3,0.5294117647058824,0.9411764705882353,1.0,0.07061772057409026,0.8378378378378378,1.0,0.1,1.0,1.0,1.0,1.0,1.0
simgp24_g75,random,7,404,0.05295225990160541,0.8809523809523809,1.0,0.9367088607594937,37,0.8470588235294118,0.04257333019193666,-0.018165260877540838,37,5,0.29411764705882354,0.6941176470588235,0.9176470588235294,,,,,,,,,
simgp_timeblind,random,7,404,0.16690845232221937,1.0,0.40540540540540543,0.5769230769230769,37,0.5882352941176471,0.1308014771725869,0.11055824586263599,15,0,,,,0.147459277798962,0.40540540540540543,0.6941176470588235,,,,,,
mean_of_samples,random,7,404,0.31525859757857394,1.0,0.0,0.0,37,0.0,0.2583111904544865,0.14933214000713602,0,0,,,,0.29599857796676177,0.0,0.0,,,,,,
simgp24,random,8,404,0.06515238674387838,0.925,1.0,0.961038961038961,37,1.0,0.04848549895967848,-0.04296374255111376,37,3,0.5357142857142857,0.9523809523809523,1.0,0.07012348206625575,0.8108108108108109,1.0,0.1,1.0,1.0,1.0,1.0,1.0
simgp24_g75,random,8,404,0.052239625479149746,0.8809523809523809,1.0,0.9367088607594937,37,0.8214285714285714,0.04202607146573429,-0.017268660332095235,37,5,0.2857142857142857,0.6785714285714286,0.8809523809523809,,,,,,,,,
simgp_timeblind,random,8,404,0.15732091033197537,1.0,0.4594594594594595,0.6296296296296297,37,0.5,0.12133254141832311,0.10654644658856206,17,0,,,,0.1382506507769997,0.4594594594594595,0.6428571428571429,,,,,,
mean_of_samples,random,8,404,0.32124364270403083,1.0,0.0,0.0,37,0.0,0.2652167482380266,0.15975810317422562,0,0,,,,0.30101642594190603,0.0,0.0,,,,,,
simgp24,random,9,404,0.06427835574670941,0.8780487804878049,1.0,0.9350649350649352,36,1.0,0.04855434678815378,-0.04468561198359881,36,5,0.5180722891566265,0.9518072289156626,1.0,0.050835863831770245,0.8888888888888888,1.0,0.1,1.0,1.0,1.0,1.0,1.0
simgp24_g75,random,9,404,0.05728032729415331,0.8974358974358975,0.9722222222222222,0.9333333333333333,36,0.927710843373494,0.04639052140691457,-0.027818126127161384,35,4,0.26506024096385544,0.7831325301204819,0.963855421686747,,,,,,,,,
simgp_timeblind,random,9,404,0.18466256781203844,1.0,0.4444444444444444,0.6153846153846153,36,0.46987951807228917,0.14031067616926574,0.13244647019193384,16,0,,,,0.1637420479109154,0.4444444444444444,0.6867469879518072,,,,,,
mean_of_samples,random,9,404,0.33169293570146857,1.0,0.0,0.0,36,0.0,0.27432937604142654,0.17818908156228389,0,0,,,,0.3093288681281365,0.0,0.0,,,,,,
simgp24,random,10,404,0.0669596139483783,0.9,1.0,0.9473684210526316,36,1.0,0.050564971276934816,-0.045438397881293426,36,4,0.5487804878048781,0.9390243902439024,1.0,0.05212937641646388,0.8611111111111112,1.0,0.1,1.0,1.0,1.0,1.0,1.0
simgp24_g75,random,10,404,0.04882605453911924,0.9142857142857143,0.8888888888888888,0.9014084507042254,36,0.7804878048780488,0.039411818243527144,-0.009384271665509996,32,3,0.25609756097560976,0.6707317073170732,0.8170731707317073,,,,,,,,,
simgp_timeblind,random,10,404,0.1920894523918012,1.0,0.3888888888888889,0.56,36,0.4268292682926829,0.15148375596861388,0.1453791477067678,14,0,,,,0.17132304589333278,0.3888888888888889,0.6097560975609756,,,,,,
mean_of_samples,random,10,404,0.3273823753907487,1.0,0.0,0.0,36,0.0,0.2697268387915563,0.16745918275256313,0,0,,,,0.3064825468750433,0.0,0.0,,,,,,
simgp24,random,11,404,0.06573688271575348,0.9,1.0,0.9473684210526316,36,1.0,0.049100353977571426,-0.043689914929920026,36,4,0.5061728395061729,0.9135802469135802,1.0,0.0528896406426634,0.8611111111111112,1.0,0.1,1.0,1.0,1.0,1.0,1.0
simgp24_g75,random,11,404,0.05612507976811535,0.8918918918918919,0.9166666666666666,0.9041095890410958,36,0.8518518518518519,0.04551928655491774,-0.02467582379991511,33,4,0.25925925925925924,0.691358024691358,0.9135802469135802,,,,,,,,,
simgp_timeblind,random,11,404,0.19586907917931407,1.0,0.3888888888888889,0.56,36,0.43209876543209874,0.15505175981833202,0.14885875762892883,14,0,,,,0.1751580863640849,0.3888888888888889,0.6172839506172839,,,,,,
mean_of_samples,random,11,404,0.33638669077594224,1.0,0.0,0.0,36,0.0,0.27970373569263707,0.18283053433642507,0,0,,,,0.31417883099554506,0.0,0.0,,,,,,
simgp24,random,12,404,0.054534903626595424,0.8974358974358975,1.0,0.945945945945946,35,0.975,0.042673158561047954,-0.03736573804288991,35,4,0.55,0.9375,1.0,0.05323422829710741,0.8571428571428571,1.0,0.1,1.0,1.0,1.0,1.0,1.0
simgp24_g75,random,12,404,0.05402554336739464,0.8857142857142857,0.8857142857142857,0.8857142857142857,35,0.7625,0.04324196925899204,-0.017711162559145965,31,4,0.175,0.65,0.8625,,,,,,,,,
simgp_timeblind,random,12,404,0.18486802966260227,1.0,0.5142857142857142,0.6792452830188679,35,0.4125,0.1414590250881091,0.13470858704831565,18,0,,,,0.16365807950904004,0.5142857142857142,0.6125,,,,,,
mean_of_samples,random,12,404,0.3277049699015745,1.0,0.0,0.0,35,0.0,0.270706865964471,0.1639121538212222,0,0,,,,0.3068216706052837,0.0,0.0,,,,,,
simgp24,random,13,404,0.056860735824806795,0.875,1.0,0.9333333333333333,35,0.9620253164556962,0.04444824233776522,-0.03904734685900747,35,5,0.5443037974683544,0.9240506329113924,1.0,0.05525885695602244,0.8571428571428571,1.0,0.1,1.0,1.0,1.0,1.0,1.0
simgp24_g75,random,13,404,0.05490672965809019,0.8857142857142857,0.8857142857142857,0.8857142857142857,35,0.7721518987341772,0.04358547714927948,-0.01824076297403469,31,4,0.20253164556962025,0.6455696202531646,0.8607594936708861,,,,,,,,,
simgp_timeblind,random,13,404,0.17721192552158663,1.0,0.4,0.5714285714285715,35,0.45569620253164556,0.13543739858371318,0.12326980754416708,14,0,,,,0.15782376783353808,0.4,0.6075949367088608,,,,,,
mean_of_samples,random,13,404,0.3357236941100332,1.0,0.0,0.0,35,0.0,0.27834077152293263,0.17657062817734268,0,0,,,,0.3136621134310075,0.0,0.0,,,,,,
simgp24,random,14,404,0.05607734797315748,0.8974358974358975,1.0,0.945945945945946,35,1.0,0.044104474943074554,-0.040266547233253666,35,4,0.5641025641025641,0.9102564102564102,1.0,0.050829236535856505,0.8571428571428571,1.0,0.1,1.0,1.0,1.0,1.0,1.0
simgp24_g75,random,14,404,0.05546041792070241,0.8823529411764706,0.8571428571428571,0.8695652173913043,35,0.7692307692307693,0.04479849672055081,-0.015437762214777332,30,4,0.1794871794871795,0.6025641025641025,0.8589743589743589,,,,,,,,,
simgp_timeblind,random,14,404,0.17977997908182794,1.0,0.4,0.5714285714285715,35,0.4358974358974359,0.1381868006545741,0.1258774451422361,14,0,,,,0.16037790873248883,0.4,0.6025641025641025,,,,,,
mean_of_samples,random,14,404,0.3434902495969568,1.0,0.0,0.0,35,0.0,0.2867091499482184,0.19020907567329337,0,0,,,,0.32032590863619365,0.0,0.0,,,,,,
simgp24,random,15,404,0.053296778798125104,0.8974358974358975,1.0,0.945945945945946,35,1.0,0.04187468320719146,-0.037732692760166865,35,4,0.5844155844155844,0.9090909090909091,1.0,0.051114791082635475,0.8571428571428571,1.0,0.1,1.0,1.0,1.0,1.0,1.0
simgp24_g75,random,15,404,0.05645366150511181,0.90625,0.8285714285714286,0.8656716417910447,35,0.7272727272727273,0.04286621638003493,0.0005073366160395001,29,3,0.23376623376623376,0.5454545454545454,0.7792207792207793,,,,,,,,,
simgp_timeblind,random,15,404,0.1867669010446292,1.0,0.45714285714285713,0.6274509803921569,35,0.4155844155844156,0.14268692466464944,0.13124311537402608,16,0,,,,0.16826979128616248,0.45714285714285713,0.5324675324675324,,,,,,
mean_of_samples,random,15,404,0.3436305331197188,1.0,0.0,0.0,35,0.0,0.28646637365638883,0.18766370060999718,0,0,,,,0.3207389501822713,0.0,0.0,,,,,,
simgp24,uncertainty,3,404,0.048162429458601975,0.9487179487179487,1.0,0.9736842105263158,37,1.0,0.03344924331243598,-0.025053831074742572,37,2,0.7078651685393258,0.9662921348314607,1.0,0.07559785016973548,0.7297297297297297,1.0,0.1,1.0,0.0,1.15,1.0,1.0
simgp24,uncertainty,4,404,0.04833384177580173,0.9230769230769231,1.0,0.9600000000000001,36,1.0,0.03433558841571015,-0.029983989746507553,36,3,0.7159090909090909,0.9431818181818182,1.0,0.038394284270130884,0.9166666666666666,1.0,0.4,0.6,0.5,0.85,0.9,0.95
simgp24,uncertainty,5,404,0.04695844555414036,0.9210526315789473,1.0,0.958904109589041,35,1.0,0.03278006046388361,-0.028875457264110165,35,3,0.7471264367816092,0.9770114942528736,1.0,0.03363684884006464,0.9142857142857143,1.0,0.25,0.6,0.5,0.85,0.9,0.9
simgp24,uncertainty,6,404,0.058654825834007114,0.8947368421052632,1.0,0.9444444444444444,34,0.9883720930232558,0.04367888690993071,-0.04207576243981263,34,4,0.6162790697674418,0.9534883720930233,1.0,0.030661557921513,0.9117647058823529,1.0,0.4,0.6,1.0,0.85,0.9,0.9
simgp24,uncertainty,7,404,0.0641734824743243,0.9166666666666666,1.0,0.9565217391304348,33,0.9529411764705882,0.04547705880666957,-0.04242855774121831,33,3,0.611764705882353,0.8823529411764706,0.9764705882352941,0.03692399717239243,0.9090909090909091,1.0,0.4,0.6,1.0,0.85,0.9,0.9
simgp24,uncertainty,8,404,0.048750595451658406,0.9142857142857143,1.0,0.955223880597015,32,0.9642857142857143,0.03532763529305719,-0.02316080617223935,32,3,0.8095238095238095,0.9523809523809523,0.9642857142857143,0.04443865521131446,0.6875,0.9761904761904762,0.55,0.6,0.5,0.85,0.9,1.1
simgp24,uncertainty,9,404,0.04863444945872797,0.9117647058823529,1.0,0.9538461538461539,31,0.963855421686747,0.03658524933043864,-0.028605420987807863,31,3,0.8192771084337349,0.9397590361445783,0.9759036144578314,0.038529440674675536,0.7741935483870968,0.963855421686747,0.55,0.6,0.5,0.85,0.9,1.1
simgp24,uncertainty,10,404,0.049479717399170446,0.9090909090909091,1.0,0.9523809523809523,30,0.9634146341463414,0.03761919565754192,-0.031430383418039644,30,3,0.8048780487804879,0.9390243902439024,0.9634146341463414,0.035910235552288054,0.7666666666666667,0.9634146341463414,0.4,0.6,1.0,0.85,0.9,0.95
simgp24,uncertainty,11,404,0.04861379838174285,0.9090909090909091,1.0,0.9523809523809523,30,0.9629629629629629,0.03679113926605905,-0.03045558190887394,30,3,0.7407407407407407,0.9135802469135802,0.9629629629629629,0.03482208062000933,0.7666666666666667,0.9629629629629629,0.4,0.6,0.5,0.85,0.9,0.95
simgp24,uncertainty,12,404,0.04686708153201566,0.90625,1.0,0.9508196721311475,29,0.975,0.034732040908666106,-0.029161159417452696,29,3,0.825,0.925,0.975,0.033129582272132085,0.7931034482758621,0.975,0.55,0.6,0.0,0.85,0.9,1.1
simgp24,uncertainty,13,404,0.04602475768597367,0.9032258064516129,1.0,0.9491525423728813,28,0.9746835443037974,0.0332575046569982,-0.02710025375659281,28,3,0.8227848101265823,0.9493670886075949,0.9746835443037974,0.035465133278211824,0.75,0.9620253164556962,0.55,0.6,0.0,0.85,0.9,1.1
simgp24,uncertainty,14,404,0.052116679387120245,0.9,1.0,0.9473684210526316,27,0.9743589743589743,0.03859528795079988,-0.03394856892287107,27,3,0.8076923076923077,0.9487179487179487,0.9743589743589743,0.03250608417717568,0.8518518518518519,0.9743589743589743,0.55,0.6,0.0,0.85,0.9,1.1
simgp24,uncertainty,15,404,0.05034473455108149,0.8666666666666667,1.0,0.9285714285714286,26,0.974025974025974,0.036651544405684564,-0.03187212252410492,26,4,0.8181818181818182,0.935064935064935,0.974025974025974,0.03467474274176967,0.8461538461538461,0.961038961038961,0.55,0.6,0.0,0.85,0.9,1.1
simgp24,straddle,3,404,0.048162429458601975,0.9487179487179487,1.0,0.9736842105263158,37,1.0,0.03344924331243598,-0.025053831074742572,37,2,0.7078651685393258,0.9662921348314607,1.0,0.07559785016973548,0.7297297297297297,1.0,0.1,1.0,0.0,1.15,1.0,1.0
simgp24,straddle,4,404,0.0489355932599418,0.9473684210526315,1.0,0.972972972972973,36,1.0,0.03417634691343249,-0.028596461231072436,36,2,0.7159090909090909,0.9431818181818182,1.0,0.04523800596707794,0.8611111111111112,1.0,0.1,1.0,0.0,1.15,1.0,1.0
simgp24,straddle,5,404,0.04962209869755297,0.9210526315789473,1.0,0.958904109589041,35,0.9655172413793104,0.03183252176544789,-0.02866911874955849,35,3,0.8275862068965517,0.9655172413793104,0.9655172413793104,0.04819265008782858,0.8,1.0,0.25,1.0,0.5,1.0,1.1,1.1
simgp24,straddle,6,404,0.03423296323718706,0.918918918918919,1.0,0.9577464788732395,34,1.0,0.02402469926862356,-0.01775043516737841,34,3,0.872093023255814,1.0,1.0,0.03587706605814219,0.9705882352941176,1.0,0.25,1.0,0.5,1.0,1.1,1.1
simgp24,straddle,7,404,0.03770273167933575,0.8918918918918919,1.0,0.9428571428571428,33,1.0,0.02473033653940671,-0.015809824739348454,33,4,0.8235294117647058,0.9647058823529412,1.0,0.03782512558136545,0.9393939393939394,1.0,0.25,0.6,0.5,0.85,0.9,0.9
simgp24,straddle,8,404,0.0579582524437127,0.9142857142857143,1.0,0.955223880597015,32,1.0,0.041354077765440284,-0.0378539673365603,32,3,0.7142857142857143,0.9642857142857143,1.0,0.034254291401620084,1.0,1.0,0.25,1.0,1.0,0.85,0.9,1.1
simgp24,straddle,9,404,0.053532291178264246,0.9117647058823529,1.0,0.9538461538461539,31,1.0,0.03680297568746406,-0.0306941422099906,31,3,0.7469879518072289,0.9759036144578314,1.0,0.03828369228982236,0.9354838709677419,1.0,0.25,1.0,1.0,0.85,0.9,1.1
simgp24,straddle,10,404,0.05923873573372545,0.8333333333333334,1.0,0.9090909090909091,30,1.0,0.04472276712876943,-0.04110408902983678,30,6,0.6097560975609756,0.975609756097561,1.0,0.03368364421972236,1.0,1.0,0.25,1.0,1.0,0.85,0.9,1.1
simgp24,straddle,11,404,0.06375247738557148,0.8055555555555556,1.0,0.8923076923076924,29,0.9876543209876543,0.05343369210079064,-0.050770414973310106,29,7,0.43209876543209874,0.9382716049382716,1.0,0.03637013244066197,1.0,1.0,0.25,1.0,1.0,0.85,0.9,1.1
simgp24,straddle,12,404,0.05824595335069946,0.8235294117647058,1.0,0.9032258064516129,28,0.9875,0.04866081848176889,-0.04529122228264817,28,6,0.5,0.9375,1.0,0.03531174621808348,1.0,1.0,0.25,1.0,1.0,0.85,0.9,1.1
simgp24,straddle,13,404,0.07472045141874609,0.8181818181818182,1.0,0.9,27,0.9367088607594937,0.06002502359655056,-0.05756796042847676,27,6,0.4810126582278481,0.8607594936708861,0.9620253164556962,0.0513058490026021,1.0,0.9746835443037974,0.25,1.0,1.0,0.85,0.9,1.1
simgp24,straddle,14,404,0.07579126213970389,0.7878787878787878,1.0,0.8813559322033898,26,0.8974358974358975,0.061416710143404954,-0.05885577123371798,26,7,0.44871794871794873,0.8333333333333334,0.9615384615384616,0.0515962300016211,1.0,0.9743589743589743,0.25,1.0,1.0,0.85,0.9,1.1
simgp24,straddle,15,404,0.07518819559944498,0.7575757575757576,1.0,0.8620689655172413,25,0.974025974025974,0.06406348598744843,-0.062016468151210584,25,8,0.2987012987012987,0.8701298701298701,0.987012987012987,0.0424045939689796,1.0,1.0,0.25,1.0,1.0,0.85,0.9,1.1
simgp24,straddle_min,3,404,0.048162429458601975,0.9487179487179487,1.0,0.9736842105263158,37,1.0,0.03344924331243598,-0.025053831074742572,37,2,0.7078651685393258,0.9662921348314607,1.0,0.07559785016973548,0.7297297297297297,1.0,0.1,1.0,0.0,1.15,1.0,1.0
simgp24,straddle_min,4,404,0.046950930681475433,1.0,1.0,1.0,37,1.0,0.0317420284381309,-0.02222468273450412,37,0,0.6704545454545454,0.9431818181818182,1.0,0.07586851874325178,0.7297297297297297,1.0,0.1,1.0,0.0,1.15,1.0,1.0
simgp24,straddle_min,5,404,0.05113810278952827,0.9473684210526315,1.0,0.972972972972973,36,0.9770114942528736,0.036917686307998576,-0.032912398193981486,36,2,0.6666666666666666,0.9540229885057471,0.9770114942528736,0.05288046124385661,0.8055555555555556,1.0,0.1,1.0,1.0,1.0,1.0,1.05
simgp24,straddle_min,6,404,0.052187358230689845,0.9459459459459459,1.0,0.9722222222222222,35,0.9767441860465116,0.03898642166904297,-0.03705053108964485,35,2,0.627906976744186,0.9534883720930233,1.0,0.03160087344543976,0.9428571428571428,1.0,0.1,1.0,1.0,1.0,1.1,1.0
simgp24,straddle_min,7,404,0.046480885762344756,0.9444444444444444,1.0,0.9714285714285714,34,1.0,0.03552688260823409,-0.033762138968207525,34,2,0.6823529411764706,1.0,1.0,0.0317197165712349,0.9411764705882353,1.0,0.1,1.0,1.0,1.0,1.1,1.0
simgp24,straddle_min,8,404,0.043415440111783506,0.9444444444444444,1.0,0.9714285714285714,34,1.0,0.03279426339150956,-0.030054480311348546,34,2,0.8214285714285714,1.0,1.0,0.03541147693868675,0.9411764705882353,1.0,0.1,1.0,1.0,1.0,1.1,1.0
simgp24,straddle_min,9,404,0.047086062345740524,0.9428571428571428,1.0,0.9705882352941176,33,1.0,0.03716466382322001,-0.03476796645392974,33,2,0.7228915662650602,1.0,1.0,0.030290542804429256,0.9696969696969697,1.0,0.25,1.0,1.0,1.0,1.1,1.0
simgp24,straddle_min,10,404,0.04739746259919913,0.9166666666666666,1.0,0.9565217391304348,33,1.0,0.03747190370335231,-0.03535740860041845,33,3,0.6829268292682927,0.9878048780487805,1.0,0.030598898643430163,1.0,1.0,0.4,1.0,1.0,1.0,1.1,1.05
simgp24,straddle_min,11,404,0.04952443348302367,0.9166666666666666,1.0,0.9565217391304348,33,1.0,0.039251739147942374,-0.037377712926695054,33,3,0.6666666666666666,0.9876543209876543,1.0,0.03153651334388044,1.0,1.0,0.25,1.0,1.0,1.0,1.1,1.0
simgp24,straddle_min,12,404,0.05655488316020158,0.9428571428571428,1.0,0.9705882352941176,33,1.0,0.045827303040639956,-0.04498249071408814,33,2,0.4875,0.9375,1.0,0.029874099750240878,1.0,1.0,0.1,1.0,1.0,1.0,1.1,0.95
simgp24,straddle_min,13,404,0.05158732306136717,0.9411764705882353,1.0,0.9696969696969697,32,1.0,0.041637481600927055,-0.039720197077006324,32,2,0.569620253164557,0.9620253164556962,1.0,0.03003116246564235,1.0,1.0,0.25,1.0,1.0,1.0,1.1,1.0
simgp24,straddle_min,14,404,0.06251773922109842,0.9393939393939394,1.0,0.96875,31,0.9358974358974359,0.05089870685528631,-0.050274979078358234,31,2,0.2692307692307692,0.6410256410256411,0.9743589743589743,0.03329106188859022,1.0,1.0,0.4,1.0,1.0,1.0,1.1,1.05
simgp24,straddle_min,15,404,0.06104957162566659,0.9393939393939394,1.0,0.96875,31,0.935064935064935,0.049427011585407035,-0.04872692231661664,31,2,0.3246753246753247,0.6493506493506493,0.974025974025974,0.03259127263123784,1.0,1.0,0.4,1.0,1.0,1.0,1.1,1.05
simgp24,random,3,405,0.0729648269751654,1.0,1.0,1.0,34,1.0,0.05528666005255329,-0.03979491044972926,34,0,0.6853932584269663,0.9887640449438202,1.0,0.07739356247905611,0.5555555555555556,0.9887640449438202,0.1,0.6,1.0,1.15,1.0,0.9
simgp24_g75,random,3,405,0.11002955947920179,0.9375,0.8823529411764706,0.9090909090909091,34,0.7752808988764045,0.07251593227921405,-0.054811565190801013,30,2,0.550561797752809,0.7191011235955056,0.898876404494382,,,,,,,,,
simgp_timeblind,random,3,405,0.23879500867030415,1.0,0.14705882352941177,0.25641025641025644,34,0.550561797752809,0.19333158545097814,0.1791239354261102,5,0,,,,0.18552815164478562,0.18518518518518517,0.8089887640449438,,,,,,
mean_of_samples,random,3,405,0.3747905277806426,1.0,0.0,0.0,34,0.0,0.32161290674865894,0.22660168024687705,0,0,,,,0.33494988904775663,0.0,0.0,,,,,,
simgp24,random,4,405,0.09483893383050004,1.0,0.9705882352941176,0.9850746268656716,34,0.9545454545454546,0.06562609723098735,-0.04529229902849757,33,0,0.6363636363636364,0.8863636363636364,0.9886363636363636,0.07893921691678417,0.5185185185185185,0.9886363636363636,0.1,0.6,1.0,1.15,1.0,0.9
simgp24_g75,random,4,405,0.11113246869399494,1.0,0.7647058823529411,0.8666666666666666,34,0.8522727272727273,0.0726903703313878,-0.03217681427948683,26,0,0.5227272727272727,0.7159090909090909,0.9090909090909091,,,,,,,,,
simgp_timeblind,random,4,405,0.2634208953725741,1.0,0.14705882352941177,0.25641025641025644,34,0.4772727272727273,0.2174950927613547,0.18249500229605362,5,0,,,,0.21639859245072252,0.18518518518518517,0.6931818181818182,,,,,,
mean_of_samples,random,4,405,0.4243742617202888,1.0,0.0,0.0,34,0.0,0.36473545003330143,0.30283097917289487,0,0,,,,0.37550002633422536,0.0,0.0,,,,,,
simgp24,random,5,405,0.08838337337583041,1.0,0.9696969696969697,0.9846153846153847,33,0.9655172413793104,0.059726397670676404,-0.03155796061848747,32,0,0.6091954022988506,0.9310344827586207,0.9885057471264368,0.07998253048215863,0.4444444444444444,0.9885057471264368,0.1,0.6,1.0,0.85,1.0,1.0
simgp24_g75,random,5,405,0.11020371383364612,1.0,0.9090909090909091,0.9523809523809523,33,0.896551724137931,0.0721000993915226,-0.04273665016168967,30,0,0.5172413793103449,0.7241379310344828,0.896551724137931,,,,,,,,,
simgp_timeblind,random,5,405,0.28481881701609985,1.0,0.15151515151515152,0.2631578947368421,33,0.367816091954023,0.2405119409277204,0.23371112734620397,5,0,,,,0.2226168497204499,0.18518518518518517,0.5862068965517241,,,,,,
mean_of_samples,random,5,405,0.43417571185979714,1.0,0.0,0.0,33,0.0,0.3730120760436529,0.3154273583196722,0,0,,,,0.383729817054362,0.0,0.0,,,,,,
simgp24,random,6,405,0.06663510281954417,1.0,0.9696969696969697,0.9846153846153847,33,0.9883720930232558,0.055062769874404886,-0.01458239908479725,32,0,0.6395348837209303,0.9651162790697675,1.0,0.0935448801850419,0.4074074074074074,0.9883720930232558,0.1,0.6,1.0,0.85,1.0,1.0
simgp24_g75,random,6,405,0.07142395504803903,1.0,0.9090909090909091,0.9523809523809523,33,0.9302325581395349,0.0470425110851893,-0.009694362249905832,30,0,0.5930232558139535,0.8488372093023255,0.9418604651162791,,,,,,,,,
simgp_timeblind,random,6,405,0.257820809303539,1.0,0.15151515151515152,0.2631578947368421,33,0.5116279069767442,0.20814501745533712,0.20095455109531618,5,0,,,,0.2042427536072788,0.18518518518518517,0.7209302325581395,,,,,,
mean_of_samples,random,6,405,0.4186983820171084,1.0,0.0,0.0,33,0.0,0.3588793500794499,0.292015928866038,0,0,,,,0.37074847873318806,0.0,0.0,,,,,,
simgp24,random,7,405,0.07002022627968554,0.96875,0.96875,0.96875,32,1.0,0.05508099325377842,-0.04231533765066106,31,1,0.6235294117647059,0.9294117647058824,1.0,0.0779809582566214,0.7692307692307693,0.9882352941176471,0.55,0.6,1.0,0.85,1.0,1.1
simgp24_g75,random,7,405,0.072686956254748,0.96875,0.96875,0.96875,32,0.8941176470588236,0.04557152405340917,-0.02836013525350967,31,1,0.5647058823529412,0.8470588235294118,0.9294117647058824,,,,,,,,,
simgp_timeblind,random,7,405,0.2562129901285177,1.0,0.15625,0.2702702702702703,32,0.4588235294117647,0.2074093118686922,0.20446292498057056,5,0,,,,0.20679103890945896,0.19230769230769232,0.6352941176470588,,,,,,
mean_of_samples,random,7,405,0.36255685272850663,1.0,0.0,0.0,32,0.0,0.30998732397889345,0.20394046134126406,0,0,,,,0.32647730063428393,0.0,0.0,,,,,,
simgp24,random,8,405,0.068898648362703,0.9393939393939394,0.96875,0.9538461538461539,32,0.9642857142857143,0.05400992763926061,-0.04094053235685834,31,2,0.6190476190476191,0.9047619047619048,0.9642857142857143,0.08003033160153657,0.7692307692307693,0.9761904761904762,0.55,0.6,1.0,0.85,1.0,1.05
simgp24_g75,random,8,405,0.1113840791019872,0.9393939393939394,0.96875,0.9538461538461539,32,0.6904761904761905,0.06949510145425195,-0.05896207410461812,31,2,0.4523809523809524,0.6309523809523809,0.7380952380952381,,,,,,,,,
simgp_timeblind,random,8,405,0.2503656819935684,1.0,0.25,0.4,32,0.4642857142857143,0.2015210254734572,0.18970640189646787,8,0,,,,0.20370134945438342,0.3076923076923077,0.6785714285714286,,,,,,
mean_of_samples,random,8,405,0.3544674347500015,1.0,0.0,0.0,32,0.0,0.30247902959842465,0.18655267199082773,0,0,,,,0.32076303050394767,0.0,0.0,,,,,,
simgp24,random,9,405,0.07715210497375934,0.9411764705882353,1.0,0.9696969696969697,32,0.963855421686747,0.05983276256204357,-0.04851489929768507,32,2,0.5060240963855421,0.8433734939759037,0.9759036144578314,0.07827885857741734,0.8076923076923077,0.9759036144578314,0.55,0.6,1.0,0.85,1.0,1.05
simgp24_g75,random,9,405,0.11139491162965677,0.9393939393939394,0.96875,0.9538461538461539,32,0.6867469879518072,0.06872389587633801,-0.057220593924835736,31,2,0.46987951807228917,0.6144578313253012,0.7228915662650602,,,,,,,,,
simgp_timeblind,random,9,405,0.24748738952087257,1.0,0.1875,0.3157894736842105,32,0.46987951807228917,0.19510209953674265,0.1829681485371601,6,0,,,,0.20079696014212864,0.23076923076923078,0.6867469879518072,,,,,,
mean_of_samples,random,9,405,0.34898972132433626,1.0,0.0,0.0,32,0.0,0.2973146911757381,0.17313754251687724,0,0,,,,0.3178654456423585,0.0,0.0,,,,,,
simgp24,random,10,405,0.07594482113442307,0.9393939393939394,0.96875,0.9538461538461539,32,0.9634146341463414,0.05864063715180133,-0.046760363090140145,31,2,0.5365853658536586,0.8658536585365854,0.9634146341463414,0.07683528937395609,0.8076923076923077,0.975609756097561,0.55,0.6,1.0,0.85,1.0,1.05
simgp24_g75,random,10,405,0.09394637984505103,0.9393939393939394,0.96875,0.9538461538461539,32,0.7560975609756098,0.05952735446692904,-0.047884455619426766,31,2,0.45121951219512196,0.6463414634146342,0.7804878048780488,,,,,,,,,
simgp_timeblind,random,10,405,0.2459144307081334,1.0,0.1875,0.3157894736842105,32,0.45121951219512196,0.19330738715692453,0.18213027226242753,6,0,,,,0.19944072027070184,0.23076923076923078,0.6463414634146342,,,,,,
mean_of_samples,random,10,405,0.35160762126332323,1.0,0.0,0.0,32,0.0,0.29991683708446565,0.175222837523388,0,0,,,,0.32026049978879495,0.0,0.0,,,,,,
simgp24,random,11,405,0.1036198131248394,0.9393939393939394,1.0,0.96875,31,0.7901234567901234,0.07811150612854335,-0.0710857094906789,31,2,0.4444444444444444,0.7160493827160493,0.9259259259259259,0.06867770093354097,0.8461538461538461,0.9876543209876543,0.55,0.6,1.0,0.85,1.0,1.05
simgp24_g75,random,11,405,0.09628266225398778,0.9393939393939394,1.0,0.96875,31,0.6296296296296297,0.06458551793894014,-0.05780937714524867,31,2,0.345679012345679,0.5679012345679012,0.7283950617283951,,,,,,,,,
simgp_timeblind,random,11,405,0.2304404939302987,1.0,0.22580645161290322,0.3684210526315789,31,0.5185185185185185,0.17809415059606282,0.1729931402670716,7,0,,,,0.18208108011583254,0.2692307692307692,0.7160493827160493,,,,,,
mean_of_samples,random,11,405,0.3364360394104128,1.0,0.0,0.0,31,0.0,0.28573548861399495,0.13974409598970491,0,0,,,,0.31118887790341065,0.0,0.0,,,,,,
simgp24,random,12,405,0.10198706095185252,0.9375,1.0,0.967741935483871,30,0.8125,0.07710359019172655,-0.0709028906054853,30,2,0.4375,0.7,0.9125,0.07054913892140441,0.84,0.9875,0.55,0.6,1.0,0.85,1.0,1.05
simgp24_g75,random,12,405,0.09378985159191675,0.9375,1.0,0.967741935483871,30,0.6375,0.06306196819613111,-0.0569634633372579,30,2,0.325,0.55,0.725,,,,,,,,,
simgp_timeblind,random,12,405,0.22930288788715605,1.0,0.26666666666666666,0.4210526315789474,30,0.525,0.1753452440668997,0.1710015533006694,8,0,,,,0.1815790169201242,0.28,0.7125,,,,,,
mean_of_samples,random,12,405,0.32596915647226543,1.0,0.0,0.0,30,0.0,0.27539066981852833,0.11191298575703872,0,0,,,,0.30679494584749417,0.0,0.0,,,,,,
simgp24,random,13,405,0.10007937713248106,0.9375,1.0,0.967741935483871,30,0.7974683544303798,0.07600357788326242,-0.06951738123312565,30,2,0.4177215189873418,0.6962025316455697,0.8987341772151899,0.0688500357542886,0.84,0.9873417721518988,0.55,0.6,1.0,0.85,1.0,1.05
simgp24_g75,random,13,405,0.08953267681317024,0.9375,1.0,0.967741935483871,30,0.6835443037974683,0.05842043679087725,-0.05196968241652316,30,2,0.379746835443038,0.5822784810126582,0.7848101265822784,,,,,,,,,
simgp_timeblind,random,13,405,0.23285451158409268,1.0,0.26666666666666666,0.4210526315789474,30,0.4936708860759494,0.17851456852334543,0.17440122287132984,8,0,,,,0.1846639006219393,0.32,0.6962025316455697,,,,,,
mean_of_samples,random,13,405,0.3326591585644941,1.0,0.0,0.0,30,0.0,0.28266754194978255,0.12578765975016942,0,0,,,,0.31062409984423495,0.0,0.0,,,,,,
simgp24,random,14,405,0.10073449676834405,0.9354838709677419,1.0,0.9666666666666666,29,0.7948717948717948,0.07725326825160599,-0.07168159178243785,29,2,0.38461538461538464,0.6794871794871795,0.9230769230769231,0.06719237796572551,0.9166666666666666,0.9871794871794872,0.55,0.6,1.0,0.85,1.0,1.05
simgp24_g75,random,14,405,0.08271992576095814,0.9354838709677419,1.0,0.9666666666666666,29,0.7307692307692307,0.0552898552415809,-0.0473891144004234,29,2,0.3974358974358974,0.6025641025641025,0.7948717948717948,,,,,,,,,
simgp_timeblind,random,14,405,0.2432227823169003,1.0,0.27586206896551724,0.4324324324324324,29,0.47435897435897434,0.18734141604931476,0.18360700500378438,8,0,,,,0.19591809290207526,0.3333333333333333,0.6666666666666666,,,,,,
mean_of_samples,random,14,405,0.3273848044182143,1.0,0.0,0.0,29,0.0,0.2772974965976212,0.11107820804191075,0,0,,,,0.3074535593292473,0.0,0.0,,,,,,
simgp24,random,15,405,0.10115333100147,0.9354838709677419,1.0,0.9666666666666666,29,0.8051948051948052,0.07808221248682812,-0.07276711141877258,29,2,0.36363636363636365,0.6883116883116883,0.922077922077922,0.06779299602399876,0.9166666666666666,0.987012987012987,0.55,0.6,1.0,0.85,1.0,1.05
simgp24_g75,random,15,405,0.08090536832030813,0.9354838709677419,1.0,0.9666666666666666,29,0.7272727272727273,0.053848835881695596,-0.04517544773171066,29,2,0.38961038961038963,0.5974025974025974,0.8311688311688312,,,,,,,,,
simgp_timeblind,random,15,405,0.23870859012510642,1.0,0.27586206896551724,0.4324324324324324,29,0.4675324675324675,0.18361295189287288,0.17927629902290862,8,0,,,,0.19567668092905,0.3333333333333333,0.6883116883116883,,,,,,
mean_of_samples,random,15,405,0.3289477256690268,1.0,0.0,0.0,29,0.0,0.2783930633234471,0.11086352922221208,0,0,,,,0.3095742751913856,0.0,0.0,,,,,,
simgp24,uncertainty,3,405,0.0729648269751654,1.0,1.0,1.0,34,1.0,0.05528666005255329,-0.03979491044972926,34,0,0.6853932584269663,0.9887640449438202,1.0,0.07739356247905611,0.5555555555555556,0.9887640449438202,0.1,0.6,1.0,1.15,1.0,0.9
simgp24,uncertainty,4,405,0.07989953233863663,1.0,0.9696969696969697,0.9846153846153847,33,0.9431818181818182,0.05750078922416324,-0.041937524823982476,32,0,0.6590909090909091,0.8295454545454546,0.9772727272727273,0.05774451177289482,0.6923076923076923,0.9886363636363636,0.4,0.6,1.0,1.0,1.1,0.95
simgp24,uncertainty,5,405,0.1001719898239254,1.0,1.0,1.0,32,0.896551724137931,0.0718230799114741,-0.062155328028908205,32,0,0.5747126436781609,0.8160919540229885,0.9195402298850575,0.08161019998486102,0.64,0.9885057471264368,0.4,0.6,1.0,1.0,1.1,1.0
simgp24,uncertainty,6,405,0.09724317108200929,1.0,1.0,1.0,31,0.8604651162790697,0.07102731446634793,-0.06362892975782711,31,0,0.5465116279069767,0.7674418604651163,0.9186046511627907,0.06500303005177518,0.7083333333333334,1.0,0.55,0.6,1.0,1.0,1.1,1.05
simgp24,uncertainty,7,405,0.12298957630375953,0.8108108108108109,1.0,0.8955223880597014,30,0.7176470588235294,0.10053048366892448,-0.09887171068755547,30,7,0.17647058823529413,0.47058823529411764,0.7647058823529411,0.11074769448925052,1.0,0.9882352941176471,0.4,1.0,1.0,1.0,1.1,1.1
simgp24,uncertainty,8,405,0.08977684185926503,0.9354838709677419,1.0,0.9666666666666666,29,0.8095238095238095,0.06972356036269074,-0.06479836342096726,29,2,0.40476190476190477,0.7261904761904762,0.8571428571428571,0.07140690578692033,1.0,1.0,0.55,0.6,1.0,1.0,1.1,1.05
simgp24,uncertainty,9,405,0.14433687644434817,0.875,1.0,0.9333333333333333,28,0.7349397590361446,0.10699572017049423,-0.10396915332293459,28,4,0.3132530120481928,0.6746987951807228,0.7590361445783133,0.07184107093135729,1.0,1.0,0.4,0.6,1.0,1.0,1.1,1.0
simgp24,uncertainty,10,405,0.12425719996752448,0.84375,1.0,0.9152542372881356,27,0.9390243902439024,0.09713375410145661,-0.09530748750567845,27,5,0.47560975609756095,0.8902439024390244,0.975609756097561,0.08406720600635248,0.95,0.9512195121951219,0.4,0.6,1.0,1.0,1.1,1.0
simgp24,uncertainty,11,405,0.12368421789391126,0.8387096774193549,1.0,0.9122807017543859,26,0.9382716049382716,0.09745577905204864,-0.09567683367785665,26,5,0.4444444444444444,0.8765432098765432,0.9753086419753086,0.08576031777303621,0.95,0.9506172839506173,0.4,0.6,1.0,1.0,1.1,0.95
simgp24,uncertainty,12,405,0.12091454024912884,0.8928571428571429,1.0,0.9433962264150945,25,0.925,0.09408116148966646,-0.09200546170576665,25,3,0.45,0.875,0.9625,0.08414283644047979,0.95,0.95,0.4,0.6,1.0,1.0,1.1,1.0
simgp24,uncertainty,13,405,0.08181049818791314,0.9230769230769231,1.0,0.9600000000000001,24,0.9746835443037974,0.061365236072572424,-0.054949694528541114,24,2,0.6329113924050633,0.8607594936708861,0.9873417721518988,0.05695608512801557,0.8421052631578947,1.0,0.4,0.6,1.0,1.0,1.1,1.0
simgp24,uncertainty,14,405,0.11467955780904866,0.92,1.0,0.9583333333333334,23,0.9615384615384616,0.08659740005340821,-0.08311366800065627,23,2,0.5769230769230769,0.9102564102564102,0.9743589743589743,0.07030939438273073,0.9444444444444444,0.9358974358974359,0.4,0.6,1.0,1.0,1.1,1.05
simgp24,uncertainty,15,405,0.1637445181764729,0.92,1.0,0.9583333333333334,23,0.8441558441558441,0.11638160603788271,-0.11159814867370396,23,2,0.4675324675324675,0.7012987012987013,0.8961038961038961,0.05230721970567888,0.6666666666666666,1.0,0.4,0.6,1.0,1.0,1.1,1.0
simgp24,straddle,3,405,0.0729648269751654,1.0,1.0,1.0,34,1.0,0.05528666005255329,-0.03979491044972926,34,0,0.6853932584269663,0.9887640449438202,1.0,0.07739356247905611,0.5555555555555556,0.9887640449438202,0.1,0.6,1.0,1.15,1.0,0.9
simgp24,straddle,4,405,0.07773853660204767,0.9705882352941176,1.0,0.9850746268656716,33,1.0,0.05957230326219564,-0.0501765728674715,33,1,0.5909090909090909,0.9204545454545454,1.0,0.07036539935733083,0.8846153846153846,0.9886363636363636,0.1,0.6,1.0,0.85,1.0,0.95
simgp24,straddle,5,405,0.08322062202116749,0.9411764705882353,1.0,0.9696969696969697,32,0.8390804597701149,0.06299767117686295,-0.0518785062901207,32,2,0.5632183908045977,0.735632183908046,0.9425287356321839,0.06068944804015516,0.9230769230769231,0.9885057471264368,0.1,0.6,1.0,0.85,1.0,0.95
simgp24,straddle,6,405,0.07918497749103157,0.9393939393939394,1.0,0.96875,31,0.9883720930232558,0.0625944752203402,-0.055731170400601486,31,2,0.47674418604651164,0.813953488372093,1.0,0.06770429336136255,0.76,0.9767441860465116,0.55,0.6,1.0,0.85,1.1,1.1
simgp24,straddle,7,405,0.11763065328414768,0.9090909090909091,1.0,0.9523809523809523,30,0.7176470588235294,0.08975704022464144,-0.08556725852672059,30,3,0.3176470588235294,0.6588235294117647,0.8,0.07063273486336522,0.9166666666666666,0.9882352941176471,0.4,0.6,1.0,1.0,1.1,0.95
simgp24,straddle,8,405,0.08186119406698528,0.9354838709677419,1.0,0.9666666666666666,29,0.9047619047619048,0.06394264655028449,-0.05972284758877029,29,2,0.5,0.75,0.9761904761904762,0.07343173678255967,0.9130434782608695,0.9642857142857143,0.4,0.6,1.0,1.0,1.1,0.95
simgp24,straddle,9,405,0.11473945276438345,0.9333333333333333,1.0,0.9655172413793104,28,0.7108433734939759,0.08373640733378865,-0.07936425905929927,28,2,0.39759036144578314,0.6867469879518072,0.7349397590361446,0.06695432618293093,0.9090909090909091,0.9879518072289156,0.4,0.6,1.0,1.0,1.1,0.95
simgp24,straddle,10,405,0.11174610014949228,0.9310344827586207,1.0,0.9642857142857143,27,0.7195121951219512,0.08349572142583774,-0.0789876718974075,27,2,0.36585365853658536,0.6585365853658537,0.7439024390243902,0.06544320038265831,1.0,0.9878048780487805,0.4,0.6,1.0,1.0,1.1,0.95
simgp24,straddle,11,405,0.12054243800752362,0.896551724137931,1.0,0.9454545454545454,26,0.7037037037037037,0.08973735124319704,-0.08539470235517128,26,3,0.32098765432098764,0.6419753086419753,0.7283950617283951,0.07071228516220089,1.0,0.9876543209876543,0.4,0.6,1.0,1.0,1.1,0.95
simgp24,straddle,12,405,0.11901423121888069,0.9259259259259259,1.0,0.9615384615384615,25,0.7,0.08681517611557303,-0.08181065901386478,25,2,0.35,0.675,0.7125,0.06249498547529451,0.9,0.9875,0.4,0.6,1.0,1.0,1.1,0.95
simgp24,straddle,13,405,0.13327190567221123,0.9230769230769231,1.0,0.9600000000000001,24,0.6962025316455697,0.09466413035625937,-0.08877620121558291,24,2,0.34177215189873417,0.6582278481012658,0.7088607594936709,0.05738324550283339,0.8421052631578947,0.9873417721518988,0.4,0.6,1.0,1.0,1.1,0.95
simgp24,straddle,14,405,0.1130593389027042,0.92,1.0,0.9583333333333334,23,0.717948717948718,0.08254054243510793,-0.07732307465940759,23,2,0.358974358974359,0.6794871794871795,0.8461538461538461,0.06702023574861252,0.8333333333333334,1.0,0.4,0.6,1.0,1.0,1.1,0.95
simgp24,straddle,15,405,0.11366916529611736,0.9166666666666666,1.0,0.9565217391304348,22,0.7142857142857143,0.08276946563711947,-0.07715341412817521,22,2,0.37662337662337664,0.6753246753246753,0.8441558441558441,0.06581850415781876,0.8235294117647058,1.0,0.4,0.6,1.0,1.0,1.1,1.0
simgp24,straddle_min,3,405,0.0729648269751654,1.0,1.0,1.0,34,1.0,0.05528666005255329,-0.03979491044972926,34,0,0.6853932584269663,0.9887640449438202,1.0,0.07739356247905611,0.5555555555555556,0.9887640449438202,0.1,0.6,1.0,1.15,1.0,0.9
simgp24,straddle_min,4,405,0.09178936105200422,0.9705882352941176,1.0,0.9850746268656716,33,0.8295454545454546,0.06800798018089763,-0.05744255553499105,33,1,0.5454545454545454,0.7272727272727273,0.9204545454545454,0.07432511664272687,0.7407407407407407,0.9886363636363636,0.1,0.6,1.0,0.85,1.0,0.95
simgp24,straddle_min,5,405,0.10453607330093856,0.9411764705882353,1.0,0.9696969696969697,32,0.8275862068965517,0.07664847389095247,-0.06867530446648042,32,2,0.5287356321839081,0.7586206896551724,0.9195402298850575,0.06784638354673936,0.8461538461538461,0.9770114942528736,0.1,0.6,1.0,0.85,1.0,1.0
simgp24,straddle_min,6,405,0.09615817778653861,0.9393939393939394,1.0,0.96875,31,0.872093023255814,0.06876655109567956,-0.062495075893012314,31,2,0.627906976744186,0.7790697674418605,0.8953488372093024,0.08395553274122672,0.76,0.9651162790697675,0.1,0.6,1.0,0.85,1.0,1.0
simgp24,straddle_min,7,405,0.09908703094987444,0.9375,1.0,0.967741935483871,30,0.8352941176470589,0.07311251174791167,-0.06723223500128782,30,2,0.5176470588235295,0.7294117647058823,0.8941176470588236,0.0677469084916234,0.9583333333333334,0.9882352941176471,0.1,0.6,1.0,0.85,1.0,1.0
simgp24,straddle_min,8,405,0.09919260690210571,0.9354838709677419,1.0,0.9666666666666666,29,0.7857142857142857,0.07223635618403151,-0.06622722034059719,29,2,0.5,0.6785714285714286,0.8333333333333334,0.039874380218740076,0.9583333333333334,0.9880952380952381,0.1,0.6,1.0,0.85,1.1,1.0
simgp24,straddle_min,9,405,0.08927095671157642,0.9333333333333333,1.0,0.9655172413793104,28,0.7951807228915663,0.06850667679653487,-0.06129815662708725,28,2,0.46987951807228917,0.7108433734939759,0.963855421686747,0.05718855715432918,0.8333333333333334,0.9759036144578314,0.4,0.6,1.0,0.85,1.1,1.1
simgp24,straddle_min,10,405,0.0822368289802262,0.9310344827586207,1.0,0.9642857142857143,27,0.7073170731707317,0.0633251212043588,-0.05372961047140407,27,2,0.47560975609756095,0.6707317073170732,0.8658536585365854,0.055260769322240576,0.875,0.975609756097561,0.25,0.6,1.0,0.85,1.1,1.0
simgp24,straddle_min,11,405,0.08453025057367394,0.9310344827586207,1.0,0.9642857142857143,27,0.7283950617283951,0.06516001300016702,-0.05610583792556574,27,2,0.4691358024691358,0.691358024691358,0.8641975308641975,0.05608713903421505,0.8333333333333334,0.9753086419753086,0.25,0.6,1.0,0.85,1.1,1.0
simgp24,straddle_min,12,405,0.0836188556928511,0.9310344827586207,1.0,0.9642857142857143,27,0.725,0.06410291808171828,-0.05469084413566048,27,2,0.5,0.7,0.8375,0.05811874468867739,0.8333333333333334,0.975,0.4,0.6,1.0,0.85,1.1,1.1
simgp24,straddle_min,13,405,0.10655037996863963,0.9285714285714286,1.0,0.962962962962963,26,0.6835443037974683,0.07924363213504103,-0.07190113248504545,26,2,0.4050632911392405,0.6455696202531646,0.6962025316455697,0.05711085311469424,0.7916666666666666,0.9746835443037974,0.4,0.6,1.0,0.85,1.1,1.1
simgp24,straddle_min,14,405,0.10463992794394698,0.9259259259259259,1.0,0.9615384615384615,25,0.6794871794871795,0.07744788682531645,-0.07122536994434406,25,2,0.41025641025641024,0.6282051282051282,0.7051282051282052,0.05698961976853732,0.782608695652174,0.9743589743589743,0.4,0.6,1.0,0.85,1.1,1.1
simgp24,straddle_min,15,405,0.08044757765059277,0.9615384615384616,1.0,0.9803921568627451,25,0.8311688311688312,0.06217669859056533,-0.05237847534624385,25,1,0.5324675324675324,0.7532467532467533,0.935064935064935,0.05907327901888027,0.782608695652174,0.974025974025974,0.4,0.6,1.0,0.85,1.1,1.1
simgp24,random,3,406,0.0855290169715966,0.9142857142857143,0.9411764705882353,0.9275362318840579,34,0.9325842696629213,0.0553253287953599,-0.03578801588239311,32,3,0.7752808988764045,0.9213483146067416,0.9438202247191011,0.10175872016982232,0.8181818181818182,0.9775280898876404,0.25,0.6,1.0,1.15,0.9,0.9
simgp24_g75,random,3,406,0.0842980573311802,0.9032258064516129,0.8235294117647058,0.8615384615384616,34,0.8539325842696629,0.06058973781793573,-0.019011012753708506,28,3,0.7415730337078652,0.8426966292134831,0.8764044943820225,,,,,,,,,
simgp_timeblind,random,3,406,0.18753517278995194,1.0,0.4117647058823529,0.5833333333333334,34,0.5955056179775281,0.1463908688588124,0.13285379192402144,14,0,,,,0.16447296105977485,0.45454545454545453,0.8651685393258427,,,,,,
mean_of_samples,random,3,406,0.2922418710623071,1.0,0.0,0.0,34,0.0,0.24186611618722637,0.12179730361336856,0,0,,,,0.27381412548768813,0.0,0.0,,,,,,
simgp24,random,4,406,0.09225664638630826,0.9166666666666666,1.0,0.9565217391304348,33,0.9090909090909091,0.06232106319399025,-0.054285329623678845,33,3,0.6136363636363636,0.8522727272727273,0.9431818181818182,0.10681318348207536,0.8571428571428571,1.0,0.1,1.0,1.0,0.85,0.9,1.1
simgp24_g75,random,4,406,0.08873785298585517,0.8108108108108109,0.9090909090909091,0.8571428571428571,33,0.8295454545454546,0.06436238969000106,-0.036464176175003,30,7,0.6363636363636364,0.8068181818181818,0.875,,,,,,,,,
simgp_timeblind,random,4,406,0.1717976921559852,1.0,0.45454545454545453,0.625,33,0.5795454545454546,0.13246290641210046,0.1128147665568844,15,0,,,,0.16260362768313696,0.5238095238095238,0.8522727272727273,,,,,,
mean_of_samples,random,4,406,0.2735877114625897,1.0,0.0,0.0,33,0.0,0.22295852933458293,0.06208780678680791,0,0,,,,0.27843694625261906,0.0,0.0,,,,,,
simgp24,random,5,406,0.08760582403487936,0.9117647058823529,0.96875,0.9393939393939394,32,0.9195402298850575,0.058203262706096486,-0.04189876609842424,31,3,0.735632183908046,0.8735632183908046,0.9310344827586207,0.09811256969775996,0.8571428571428571,0.9885057471264368,0.1,0.6,1.0,0.85,1.1,0.9
simgp24_g75,random,5,406,0.08418852360133683,0.90625,0.90625,0.90625,32,0.8505747126436781,0.059622302732286005,-0.013244026592378838,29,3,0.6551724137931034,0.8275862068965517,0.8505747126436781,,,,,,,,,
simgp_timeblind,random,5,406,0.20449126553375677,1.0,0.25,0.4,32,0.5172413793103449,0.16376956952405156,0.1497110354851733,8,0,,,,0.17153248175862518,0.23809523809523808,0.8160919540229885,,,,,,
mean_of_samples,random,5,406,0.26745841611219084,1.0,0.0,0.0,32,0.0,0.21450847713601462,0.02938628884276072,0,0,,,,0.28633880049141736,0.0,0.0,,,,,,
simgp24,random,6,406,0.09064964324098003,0.8857142857142857,1.0,0.9393939393939393,31,0.8837209302325582,0.060047317210173604,-0.04828078794751819,31,4,0.6744186046511628,0.8488372093023255,0.8953488372093024,0.10727203259041865,0.8571428571428571,0.9534883720930233,0.25,0.6,1.0,0.85,1.1,0.9
simgp24_g75,random,6,406,0.14390419534584797,0.8378378378378378,1.0,0.911764705882353,31,0.4883720930232558,0.10452410224085744,-0.09265769841322553,31,6,0.3372093023255814,0.45348837209302323,0.5581395348837209,,,,,,,,,
simgp_timeblind,random,6,406,0.19261414116276618,1.0,0.25806451612903225,0.41025641025641024,31,0.5,0.15290515354309955,0.1324627995968249,8,0,,,,0.17152580509324433,0.23809523809523808,0.7674418604651163,,,,,,
mean_of_samples,random,6,406,0.26731335606603346,1.0,0.0,0.0,31,0.0,0.21287472549906444,0.015425644191690168,0,0,,,,0.2914762775794777,0.0,0.0,,,,,,
simgp24,random,7,406,0.08805633931058288,0.8857142857142857,1.0,0.9393939393939393,31,0.8941176470588236,0.057280675865468735,-0.04356801839190551,31,4,0.7294117647058823,0.8588235294117647,0.9176470588235294,0.10387867449201754,0.8571428571428571,0.9764705882352941,0.1,0.6,1.0,0.85,1.1,0.9
simgp24_g75,random,7,406,0.1093274489390818,0.8857142857142857,1.0,0.9393939393939393,31,0.611764705882353,0.07708392732137473,-0.060462732204281874,31,4,0.4470588235294118,0.5529411764705883,0.6588235294117647,,,,,,,,,
simgp_timeblind,random,7,406,0.17392181407948124,1.0,0.3548387096774194,0.5238095238095238,31,0.49411764705882355,0.13301192286704672,0.12578432265097997,11,0,,,,0.15537603058871052,0.38095238095238093,0.8,,,,,,
mean_of_samples,random,7,406,0.268927284820541,1.0,0.0,0.0,31,0.0,0.21531585192093947,0.01629622703098459,0,0,,,,0.2928852944074212,0.0,0.0,,,,,,
simgp24,random,8,406,0.10255632045710111,0.8823529411764706,1.0,0.9375,30,0.8690476190476191,0.07218170808638397,-0.06770167118633429,30,4,0.5119047619047619,0.6904761904761905,0.9523809523809523,0.09594425833239772,0.8571428571428571,1.0,0.25,0.6,1.0,0.85,1.1,0.9
simgp24_g75,random,8,406,0.1332649142760481,0.8333333333333334,1.0,0.9090909090909091,30,0.4880952380952381,0.09788937577951928,-0.08672418180442455,30,6,0.38095238095238093,0.4523809523809524,0.5238095238095238,,,,,,,,,
simgp_timeblind,random,8,406,0.1806724477400595,1.0,0.26666666666666666,0.4210526315789474,30,0.4880952380952381,0.1374952656505269,0.1344019879794399,8,0,,,,0.15115798887143259,0.38095238095238093,0.7738095238095238,,,,,,
mean_of_samples,random,8,406,0.2690110096947662,1.0,0.0,0.0,30,0.0,0.2128818430459956,-0.004564029209030162,0,0,,,,0.30100056318399454,0.0,0.0,,,,,,
simgp24,random,9,406,0.1071666817832139,0.90625,1.0,0.9508196721311475,29,0.8554216867469879,0.07255331724307307,-0.06708652548314076,29,3,0.5060240963855421,0.7349397590361446,0.8795180722891566,0.09511962937057505,0.9,1.0,0.25,0.6,1.0,0.85,1.1,0.9
simgp24_g75,random,9,406,0.08934449298282456,0.9032258064516129,0.9655172413793104,0.9333333333333333,29,0.7831325301204819,0.06193489888034149,-0.04426690220938238,28,3,0.5180722891566265,0.7710843373493976,0.8072289156626506,,,,,,,,,
simgp_timeblind,random,9,406,0.1827898921300585,1.0,0.27586206896551724,0.4324324324324324,29,0.4578313253012048,0.14731830281314395,0.12301591438446044,8,0,,,,0.14665402998320204,0.4,0.4939759036144578,,,,,,
mean_of_samples,random,9,406,0.27013441581072767,1.0,0.0,0.0,29,0.0,0.21551777544485784,0.01316346882661293,0,0,,,,0.29469679147097777,0.0,0.0,,,,,,
simgp24,random,10,406,0.10161387828744964,0.90625,1.0,0.9508196721311475,29,0.8414634146341463,0.06978796522872918,-0.06264750785924786,29,3,0.524390243902439,0.7317073170731707,0.8780487804878049,0.09316192458172647,0.9,1.0,0.25,0.6,1.0,0.85,1.1,0.9
simgp24_g75,random,10,406,0.10173191763699294,0.8787878787878788,1.0,0.9354838709677419,29,0.7682926829268293,0.07106463059256443,-0.053839762583061015,29,4,0.4268292682926829,0.6707317073170732,0.7926829268292683,,,,,,,,,
simgp_timeblind,random,10,406,0.19641286743630787,1.0,0.27586206896551724,0.4324324324324324,29,0.4634146341463415,0.1537841978274115,0.1520224824972892,8,0,,,,0.1463949711551713,0.4,0.7317073170731707,,,,,,
mean_of_samples,random,10,406,0.2758123746639656,1.0,0.0,0.0,29,0.0,0.22291725342418128,0.06137564262094445,0,0,,,,0.2805220867153821,0.0,0.0,,,,,,
simgp24,random,11,406,0.10532481042653778,0.9032258064516129,1.0,0.9491525423728813,28,0.7407407407407407,0.07306121114774211,-0.06705395388624213,28,3,0.5061728395061729,0.691358024691358,0.8641975308641975,0.10307103698023762,0.9473684210526315,1.0,0.4,0.6,1.0,0.85,1.1,0.95
simgp24_g75,random,11,406,0.1295169156089688,0.875,1.0,0.9333333333333333,28,0.48148148148148145,0.09213353525669572,-0.08190342715100686,28,4,0.3333333333333333,0.43209876543209874,0.5061728395061729,,,,,,,,,
simgp_timeblind,random,11,406,0.17112376703797055,1.0,0.42857142857142855,0.6,28,0.5925925925925926,0.12093127947098418,0.09857562801549254,12,0,,,,0.17142607444823077,0.631578947368421,0.7654320987654321,,,,,,
mean_of_samples,random,11,406,0.2725264889379009,1.0,0.0,0.0,28,0.0,0.2183556094993547,0.03920919613092993,0,0,,,,0.28562220625102064,0.0,0.0,,,,,,
simgp24,random,12,406,0.094730241365233,0.875,1.0,0.9333333333333333,28,0.825,0.06530727858092712,-0.05497513839624215,28,4,0.4875,0.7375,0.875,0.11183186830887769,0.9473684210526315,0.9625,0.4,0.6,1.0,0.85,1.1,0.95
simgp24_g75,random,12,406,0.08966515493083023,0.875,1.0,0.9333333333333333,28,0.7875,0.06359954547552596,-0.04532816031885253,28,4,0.3875,0.6875,0.8125,,,,,,,,,
simgp_timeblind,random,12,406,0.1722956761407355,1.0,0.42857142857142855,0.6,28,0.5875,0.12321078442796685,0.09775694161482089,12,0,,,,0.1741094101246226,0.631578947368421,0.725,,,,,,
mean_of_samples,random,12,406,0.277470073216159,1.0,0.0,0.0,28,0.0,0.22351779591470916,0.07347930977718184,0,0,,,,0.276626142745083,0.0,0.0,,,,,,
simgp24,random,13,406,0.09605145038727585,0.9032258064516129,1.0,0.9491525423728813,28,0.759493670886076,0.06768087345352161,-0.0630219329290933,28,3,0.5316455696202531,0.6962025316455697,0.8860759493670886,0.10994650118809846,1.0,1.0,0.4,0.6,1.0,0.85,1.1,0.95
simgp24_g75,random,13,406,0.13059766489679678,0.9285714285714286,0.9285714285714286,0.9285714285714286,28,0.7088607594936709,0.09064124406422247,-0.06133068757737452,26,2,0.5189873417721519,0.6329113924050633,0.7341772151898734,,,,,,,,,
simgp_timeblind,random,13,406,0.1604053498711855,1.0,0.35714285714285715,0.5263157894736842,28,0.4936708860759494,0.12196265898950237,0.10723665046676052,10,0,,,,0.14123067172079484,0.5263157894736842,0.6582278481012658,,,,,,
mean_of_samples,random,13,406,0.2787425218291887,1.0,0.0,0.0,28,0.0,0.22482146707654263,0.07218071292107886,0,0,,,,0.27849849427446666,0.0,0.0,,,,,,
simgp24,random,14,406,0.10176826746473366,0.9,1.0,0.9473684210526316,27,0.7435897435897436,0.07142259013292968,-0.06775682239957688,27,3,0.5384615384615384,0.6666666666666666,0.8205128205128205,0.11073314608166901,1.0,1.0,0.4,0.6,1.0,0.85,1.1,0.95
simgp24_g75,random,14,406,0.12154323445584525,0.9230769230769231,0.8888888888888888,0.9056603773584906,27,0.7051282051282052,0.08576904842429174,-0.05149881087594631,24,2,0.5256410256410257,0.6410256410256411,0.7435897435897436,,,,,,,,,
simgp_timeblind,random,14,406,0.1994046180092582,1.0,0.4074074074074074,0.5789473684210525,27,0.41025641025641024,0.15244741906080828,0.1436230474089842,11,0,,,,0.15433787652786285,0.6111111111111112,0.7307692307692307,,,,,,
mean_of_samples,random,14,406,0.2784972197657219,1.0,0.0,0.0,27,0.0,0.2238737482070868,0.0679593796335513,0,0,,,,0.2790735021991419,0.0,0.0,,,,,,
simgp24,random,15,406,0.09901470421995784,0.9,1.0,0.9473684210526316,27,0.7402597402597403,0.06910184444998288,-0.06538965418730258,27,3,0.5324675324675324,0.6363636363636364,0.8181818181818182,0.11145769603627029,1.0,1.0,0.4,0.6,1.0,0.85,1.1,0.95
simgp24_g75,random,15,406,0.1090459820414965,0.9230769230769231,0.8888888888888888,0.9056603773584906,27,0.6753246753246753,0.07938176498306206,-0.045397957952737586,24,2,0.5324675324675324,0.6363636363636364,0.7402597402597403,,,,,,,,,
simgp_timeblind,random,15,406,0.16600183685328165,1.0,0.37037037037037035,0.5405405405405406,27,0.4675324675324675,0.1265885244849412,0.11489212059843928,10,0,,,,0.14132044331515675,0.5555555555555556,0.6623376623376623,,,,,,
mean_of_samples,random,15,406,0.2850780135916242,1.0,0.0,0.0,27,0.0,0.2323503251448592,0.12724941253376038,0,0,,,,0.2642441996217337,0.0,0.0,,,,,,
simgp24,uncertainty,3,406,0.0855290169715966,0.9142857142857143,0.9411764705882353,0.9275362318840579,34,0.9325842696629213,0.0553253287953599,-0.03578801588239311,32,3,0.7752808988764045,0.9213483146067416,0.9438202247191011,0.10175872016982232,0.8181818181818182,0.9775280898876404,0.25,0.6,1.0,1.15,0.9,0.9
simgp24,uncertainty,4,406,0.09427362266826975,0.9166666666666666,1.0,0.9565217391304348,33,0.9204545454545454,0.06169422999801417,-0.051857965471547016,33,3,0.6704545454545454,0.8181818181818182,0.9431818181818182,0.12681730951747403,0.8571428571428571,0.9772727272727273,0.4,0.6,1.0,0.85,0.9,0.9
simgp24,uncertainty,5,406,0.0924731867234495,0.8048780487804879,1.0,0.8918918918918919,33,0.896551724137931,0.07233931642013094,-0.06737115584153461,33,8,0.3793103448275862,0.7931034482758621,0.9425287356321839,0.1434386147804198,0.9523809523809523,0.8735632183908046,0.55,0.6,1.0,1.0,1.1,0.9
simgp24,uncertainty,6,406,0.08933092274748851,0.8421052631578947,1.0,0.9142857142857143,32,0.8953488372093024,0.06873400726349946,-0.0632859058400551,32,6,0.37209302325581395,0.7790697674418605,0.9302325581395349,0.13833243623411542,0.95,0.8488372093023255,0.55,0.6,1.0,1.0,1.1,0.9
simgp24,uncertainty,7,406,0.09997018754031606,0.7948717948717948,1.0,0.8857142857142858,31,0.8941176470588236,0.07911588221932839,-0.0680701760324461,31,8,0.4,0.7058823529411765,0.9529411764705882,0.1255201204918347,0.85,0.9529411764705882,0.1,0.6,1.0,0.85,0.9,0.9
simgp24,uncertainty,8,406,0.07575750093150324,0.9090909090909091,0.967741935483871,0.9374999999999999,31,0.9285714285714286,0.058134914500816114,-0.04164625534797167,30,3,0.6547619047619048,0.8690476190476191,0.9761904761904762,0.11317678448336224,0.85,0.9047619047619048,0.1,0.6,1.0,0.85,0.9,0.9
simgp24,uncertainty,9,406,0.07899018048801339,0.9629629629629629,0.8666666666666667,0.912280701754386,30,0.9156626506024096,0.0619448089523142,-0.03891699662240454,26,1,0.6144578313253012,0.8674698795180723,0.9518072289156626,0.10703165713457281,0.6842105263157895,0.9518072289156626,0.1,0.6,1.0,0.85,0.9,0.9
simgp24,uncertainty,10,406,0.09100166409205568,0.96,0.8275862068965517,0.888888888888889,29,0.9512195121951219,0.06752735699454028,-0.05289324598498104,24,1,0.5121951219512195,0.7439024390243902,1.0,0.08334019773177602,0.631578947368421,0.9878048780487805,0.1,0.6,1.0,0.85,0.9,0.95
simgp24,uncertainty,11,406,0.19003781724088695,0.875,1.0,0.9333333333333333,28,0.6172839506172839,0.13559081796749656,-0.1333220440596888,28,4,0.38271604938271603,0.5555555555555556,0.7037037037037037,0.07468600847696336,0.6666666666666666,1.0,0.4,0.6,1.0,1.0,1.1,0.9
simgp24,uncertainty,12,406,0.18357393523797974,0.8709677419354839,1.0,0.9310344827586207,27,0.6125,0.13134776938280038,-0.12878769409837248,27,4,0.375,0.525,0.7,0.07503427397124462,0.6666666666666666,1.0,0.4,0.6,1.0,1.0,1.1,0.9
simgp24,uncertainty,13,406,0.10227417996775615,0.9583333333333334,0.8846153846153846,0.9199999999999999,26,0.9240506329113924,0.07295697006890989,-0.06422578015079115,23,1,0.4810126582278481,0.7215189873417721,0.9873417721518988,0.07810879125340031,0.5294117647058824,0.9746835443037974,0.4,0.6,1.0,1.0,1.1,0.9
simgp24,uncertainty,14,406,0.09266419193217167,0.96,0.9230769230769231,0.9411764705882353,26,0.9230769230769231,0.0669510517748106,-0.05765873832089374,24,1,0.5128205128205128,0.7307692307692307,1.0,0.07689035594143272,0.5294117647058824,0.9743589743589743,0.4,0.6,1.0,1.0,1.1,0.9
simgp24,uncertainty,15,406,0.09405334941242752,0.9583333333333334,0.92,0.9387755102040817,25,0.8831168831168831,0.06784932216314665,-0.06000359632997145,23,1,0.5064935064935064,0.7402597402597403,0.987012987012987,0.0752224009309241,0.6470588235294118,0.987012987012987,0.4,0.6,1.0,1.0,1.1,0.9
simgp24,straddle,3,406,0.0855290169715966,0.9142857142857143,0.9411764705882353,0.9275362318840579,34,0.9325842696629213,0.0553253287953599,-0.03578801588239311,32,3,0.7752808988764045,0.9213483146067416,0.9438202247191011,0.10175872016982232,0.8181818181818182,0.9775280898876404,0.25,0.6,1.0,1.15,0.9,0.9
simgp24,straddle,4,406,0.09297638184811592,0.9428571428571428,0.9705882352941176,0.9565217391304348,34,0.9204545454545454,0.07124000398151047,-0.06314821965555865,33,2,0.45454545454545453,0.7954545454545454,0.9659090909090909,0.1311410867402245,0.9545454545454546,0.9090909090909091,0.1,0.6,1.0,0.85,0.9,0.9
simgp24,straddle,5,406,0.0766736946937205,0.9375,0.9090909090909091,0.923076923076923,33,0.9540229885057471,0.04774339669983536,-0.025819545350532512,30,2,0.7586206896551724,0.9310344827586207,0.9655172413793104,0.11263665852626421,0.7727272727272727,0.9540229885057471,0.1,0.6,1.0,0.85,0.9,0.9
simgp24,straddle,6,406,0.08593399250613054,0.96875,0.9393939393939394,0.9538461538461539,33,0.9186046511627907,0.06148792902830564,-0.05572157883613253,31,1,0.5465116279069767,0.7906976744186046,0.9883720930232558,0.08127877714695719,0.8636363636363636,0.9767441860465116,0.1,0.6,1.0,0.85,1.1,0.95
simgp24,straddle,7,406,0.07829783678581966,0.9666666666666667,0.90625,0.9354838709677419,32,0.8823529411764706,0.054989635372490714,-0.03985786968150362,29,1,0.6588235294117647,0.8352941176470589,0.9058823529411765,0.07062597662633442,0.5714285714285714,0.9882352941176471,0.4,0.6,1.0,0.85,1.1,1.05
simgp24,straddle,8,406,0.09288754648363218,1.0,0.8709677419354839,0.9310344827586207,31,0.9404761904761905,0.0650057036777609,-0.0472023012971428,27,0,0.5357142857142857,0.8095238095238095,1.0,0.05899801659558311,0.55,0.9880952380952381,0.1,0.6,1.0,0.85,1.1,0.95
simgp24,straddle,9,406,0.08565803649802092,0.96,0.8,0.8727272727272728,30,0.9518072289156626,0.06517502543399234,0.010642191331574876,24,1,0.6144578313253012,0.891566265060241,0.963855421686747,0.11112260565722759,0.7894736842105263,0.927710843373494,0.1,0.6,1.0,1.15,1.0,0.9
simgp24,straddle,10,406,0.09847369054637353,0.90625,1.0,0.9508196721311475,29,0.9634146341463414,0.07196084647402559,-0.0660985946470398,29,3,0.5365853658536586,0.7926829268292683,0.9878048780487805,0.10754339881598482,0.8888888888888888,0.9878048780487805,0.1,1.0,1.0,1.15,1.0,1.1
simgp24,straddle,11,406,0.09366132254787428,0.9333333333333333,1.0,0.9655172413793104,28,0.9629629629629629,0.06623565093085634,-0.060361749275535656,28,2,0.5802469135802469,0.8765432098765432,0.9876543209876543,0.11857403494089507,0.8823529411764706,0.9629629629629629,0.55,0.6,1.0,0.85,1.1,1.1
simgp24,straddle,12,406,0.09500360372166773,0.9310344827586207,1.0,0.9642857142857143,27,0.9625,0.06812838250272593,-0.06331761820496751,27,2,0.575,0.8875,0.9875,0.12791786058298255,0.8823529411764706,0.9625,0.55,0.6,1.0,0.85,1.1,1.1
simgp24,straddle,13,406,0.09433461140938568,0.9545454545454546,0.8076923076923077,0.875,26,0.9113924050632911,0.0688390863021928,0.006908824727721695,21,1,0.569620253164557,0.8481012658227848,0.9493670886075949,0.13180879201349743,0.8235294117647058,0.8987341772151899,0.55,0.6,1.0,0.85,1.1,1.1
simgp24,straddle,14,406,0.09245656479511874,0.9615384615384616,1.0,0.9803921568627451,25,0.9358974358974359,0.06460036832783382,-0.0599852706801982,25,1,0.5769230769230769,0.8589743589743589,0.9358974358974359,0.15334564812171209,0.875,0.9487179487179487,0.55,0.6,1.0,0.85,1.1,1.05
simgp24,straddle,15,406,0.0995628562248247,0.9230769230769231,1.0,0.9600000000000001,24,0.8831168831168831,0.07087801709547722,-0.06508243300259815,24,2,0.5714285714285714,0.7922077922077922,0.9090909090909091,0.14013501983849255,0.8666666666666667,0.961038961038961,0.55,0.6,1.0,0.85,1.1,1.1
simgp24,straddle_min,3,406,0.0855290169715966,0.9142857142857143,0.9411764705882353,0.9275362318840579,34,0.9325842696629213,0.0553253287953599,-0.03578801588239311,32,3,0.7752808988764045,0.9213483146067416,0.9438202247191011,0.10175872016982232,0.8181818181818182,0.9775280898876404,0.25,0.6,1.0,1.15,0.9,0.9
simgp24,straddle_min,4,406,0.0868260121418021,0.8857142857142857,0.9393939393939394,0.9117647058823529,33,0.9090909090909091,0.06401842060331285,-0.052747157058718325,31,4,0.5454545454545454,0.7840909090909091,0.9431818181818182,0.09974105706399694,0.8636363636363636,0.9886363636363636,0.1,1.0,1.0,0.85,0.9,1.1
simgp24,straddle_min,5,406,0.08966391016208754,0.9166666666666666,1.0,0.9565217391304348,33,0.8735632183908046,0.07019661032727793,-0.06422135330521496,33,3,0.42528735632183906,0.7586206896551724,0.9425287356321839,0.12809937304901425,1.0,0.9425287356321839,0.1,1.0,1.0,0.85,0.9,1.1
simgp24,straddle_min,6,406,0.09275795095724074,0.9696969696969697,0.9696969696969697,0.9696969696969697,33,0.9069767441860465,0.0655082654935832,-0.05795710635177093,32,1,0.5,0.7209302325581395,0.9767441860465116,0.08646859108422233,0.8181818181818182,1.0,0.55,0.6,1.0,1.15,1.0,0.9
simgp24,straddle_min,7,406,0.10243854790411498,0.9696969696969697,1.0,0.9846153846153847,32,0.7647058823529411,0.07118762920497444,-0.05842432369978669,32,1,0.5411764705882353,0.7176470588235294,0.788235294117647,0.07918380116277667,0.8181818181818182,1.0,0.1,1.0,1.0,1.15,1.0,1.0
simgp24,straddle_min,8,406,0.10792587681203684,0.96875,1.0,0.9841269841269841,31,0.7738095238095238,0.07188894620177225,-0.05685905989668366,31,1,0.5833333333333334,0.7261904761904762,0.7976190476190477,0.059553365685476124,0.7727272727272727,1.0,0.1,1.0,1.0,1.0,1.1,1.05
simgp24,straddle_min,9,406,0.10425839597967215,0.9375,1.0,0.967741935483871,30,0.7469879518072289,0.07298867869300558,-0.06320004848369488,30,2,0.4939759036144578,0.7228915662650602,0.7831325301204819,0.07584976789979712,0.8636363636363636,0.9518072289156626,0.1,0.6,1.0,0.85,1.1,0.9
simgp24,straddle_min,10,406,0.10826253325209578,0.967741935483871,1.0,0.9836065573770492,30,0.7560975609756098,0.07293966493773181,-0.060706001091547196,30,1,0.524390243902439,0.7560975609756098,0.7804878048780488,0.08483936409565881,0.8181818181818182,0.9512195121951219,0.1,0.6,1.0,0.85,1.1,0.9
simgp24,straddle_min,11,406,0.10832776681924454,1.0,0.9310344827586207,0.9642857142857143,29,0.7654320987654321,0.0740778518754522,-0.05718974488189706,27,0,0.49382716049382713,0.7407407407407407,0.7901234567901234,0.07813750252198895,0.8571428571428571,0.9876543209876543,0.1,0.6,1.0,0.85,1.1,0.95
simgp24,straddle_min,12,406,0.09775433258803475,1.0,0.9285714285714286,0.962962962962963,28,0.75,0.06912823181846113,-0.055492491352959916,26,0,0.5375,0.75,0.7875,0.0688948986591052,0.8571428571428571,0.9875,0.1,0.6,1.0,0.85,1.1,0.95
simgp24,straddle_min,13,406,0.0982613204317978,1.0,0.9259259259259259,0.9615384615384615,27,0.7721518987341772,0.06748587450359844,-0.04404445898316369,25,0,0.5189873417721519,0.7088607594936709,0.7974683544303798,0.05052960874895846,0.85,0.9493670886075949,0.1,0.6,1.0,0.85,1.1,0.95
simgp24,straddle_min,14,406,0.08832282523681446,1.0,0.9230769230769231,0.9600000000000001,26,0.7692307692307693,0.06363627560148886,-0.04697910349292162,24,0,0.5512820512820513,0.7307692307692307,0.7948717948717948,0.05374092003617404,0.85,0.9615384615384616,0.1,0.6,1.0,0.85,1.1,0.95
simgp24,straddle_min,15,406,0.09010311521761884,0.96,0.96,0.96,25,0.7662337662337663,0.06613833053328429,-0.05356035086801152,24,1,0.4935064935064935,0.7272727272727273,0.7792207792207793,0.08387514037999821,0.95,0.922077922077922,0.1,0.6,1.0,0.85,1.0,0.9
simgp24,random,3,407,0.06367596456668696,0.9142857142857143,1.0,0.955223880597015,32,0.9775280898876404,0.04573410404879189,0.02206923168928381,32,3,0.7191011235955056,0.898876404494382,0.9887640449438202,0.07826861886594098,0.95,0.9887640449438202,0.4,0.6,1.0,0.85,1.1,1.0
simgp24_g75,random,3,407,0.0738130211757739,0.9142857142857143,1.0,0.955223880597015,32,0.7865168539325843,0.05436313958675758,0.032331265374188914,32,3,0.4044943820224719,0.6741573033707865,0.8876404494382022,,,,,,,,,
simgp_timeblind,random,3,407,0.23425174155391543,1.0,0.40625,0.5777777777777777,32,0.34831460674157305,0.202545568049264,0.202545568049264,13,0,,,,0.15906590241896987,0.5,0.8089887640449438,,,,,,
mean_of_samples,random,3,407,0.3347638889217083,1.0,0.0,0.0,32,0.0,0.29885375424254557,0.251963425318678,0,0,,,,0.2621186383440103,0.0,0.0,,,,,,
simgp24,random,4,407,0.06008227952425126,0.8857142857142857,1.0,0.9393939393939393,31,0.9659090909090909,0.043769487973499714,0.009587664566664371,31,4,0.6590909090909091,0.9090909090909091,0.9886363636363636,0.08676261340048354,1.0,0.9886363636363636,0.1,1.0,0.5,1.15,1.0,1.1
simgp24_g75,random,4,407,0.07895661467972868,0.8857142857142857,1.0,0.9393939393939393,31,0.75,0.06052373301342794,0.030863823127425128,31,4,0.3181818181818182,0.6704545454545454,0.8977272727272727,,,,,,,,,
simgp_timeblind,random,4,407,0.23492777295659018,1.0,0.41935483870967744,0.5909090909090909,31,0.22727272727272727,0.20302607483919177,0.20302607483919177,13,0,,,,0.1580709655694786,0.5263157894736842,0.7272727272727273,,,,,,
mean_of_samples,random,4,407,0.26978620320875657,1.0,0.0,0.0,31,0.0,0.21736180540820216,0.1559209043425134,0,0,,,,0.24096879952047007,0.0,0.0,,,,,,
simgp24,random,5,407,0.06996157802155127,0.8823529411764706,1.0,0.9375,30,0.9080459770114943,0.05246729980615103,0.02006425098835299,30,4,0.632183908045977,0.8505747126436781,0.9540229885057471,0.08510183196765474,1.0,0.9885057471264368,0.55,0.6,1.0,0.85,0.9,1.0
simgp24_g75,random,5,407,0.09004563848230888,0.9090909090909091,1.0,0.9523809523809523,30,0.6206896551724138,0.06828061124487378,0.03975647505501428,30,3,0.20689655172413793,0.4827586206896552,0.7011494252873564,,,,,,,,,
simgp_timeblind,random,5,407,0.24263850491480476,1.0,0.4666666666666667,0.6363636363636364,30,0.19540229885057472,0.20813515213987077,0.20813515213987077,14,0,,,,0.165450831785466,0.5555555555555556,0.6551724137931034,,,,,,
mean_of_samples,random,5,407,0.250279002320913,1.0,0.0,0.0,30,0.0,0.1916622685517919,0.11989764864177026,0,0,,,,0.2404361976216181,0.0,0.0,,,,,,
simgp24,random,6,407,0.06466584936785348,0.8823529411764706,1.0,0.9375,30,0.9302325581395349,0.04717614179360159,0.014310949740964824,30,4,0.6976744186046512,0.8837209302325582,0.9651162790697675,0.08239667563592946,1.0,0.9883720930232558,0.55,0.6,1.0,0.85,0.9,1.0
simgp24_g75,random,6,407,0.06339310893578162,0.8823529411764706,1.0,0.9375,30,0.8488372093023255,0.04504180535352603,-0.0018499778124781059,30,4,0.3023255813953488,0.7209302325581395,0.8837209302325582,,,,,,,,,
simgp_timeblind,random,6,407,0.23194052795067,1.0,0.43333333333333335,0.6046511627906976,30,0.19767441860465115,0.19922816703586854,0.19922816703586854,13,0,,,,0.15529693646807938,0.5555555555555556,0.686046511627907,,,,,,
mean_of_samples,random,6,407,0.262927076814614,1.0,0.0,0.0,30,0.0,0.20814792442106417,0.14273293623188288,0,0,,,,0.23927646612748257,0.0,0.0,,,,,,
simgp24,random,7,407,0.06836436997371792,0.9090909090909091,1.0,0.9523809523809523,30,0.8823529411764706,0.05027396177310512,0.024218040802141988,30,3,0.6352941176470588,0.8352941176470589,0.9764705882352941,0.08180699204177773,0.9444444444444444,0.9882352941176471,0.55,0.6,1.0,0.85,0.9,1.0
simgp24_g75,random,7,407,0.06285033813426721,0.9090909090909091,1.0,0.9523809523809523,30,0.8235294117647058,0.04560442470242399,-0.0008891727764349819,30,3,0.27058823529411763,0.7176470588235294,0.8823529411764706,,,,,,,,,
simgp_timeblind,random,7,407,0.24245718095408791,1.0,0.4666666666666667,0.6363636363636364,30,0.2,0.20956331490302485,0.20956331490302485,14,0,,,,0.16050408321369322,0.5555555555555556,0.6588235294117647,,,,,,
mean_of_samples,random,7,407,0.28235542316005646,1.0,0.0,0.0,30,0.0,0.23392359964932447,0.17437689461298403,0,0,,,,0.2415593610076841,0.0,0.0,,,,,,
simgp24,random,8,407,0.06385449662194358,0.90625,1.0,0.9508196721311475,29,0.9285714285714286,0.04708646413249144,0.0246122831440644,29,3,0.6785714285714286,0.8333333333333334,0.9761904761904762,0.07932770977763616,0.9411764705882353,0.9880952380952381,0.7,0.6,1.0,1.0,1.0,1.0
simgp24_g75,random,8,407,0.0637605794022385,0.8529411764705882,1.0,0.9206349206349206,29,0.75,0.045230618043509155,-0.0058217856568184324,29,5,0.2857142857142857,0.5714285714285714,0.8333333333333334,,,,,,,,,
simgp_timeblind,random,8,407,0.23830181422643332,1.0,0.4827586206896552,0.6511627906976745,29,0.19047619047619047,0.20692684198271852,0.20692684198271852,14,0,,,,0.16346897718263115,0.5294117647058824,0.6666666666666666,,,,,,
mean_of_samples,random,8,407,0.25589996532758574,1.0,0.0,0.0,29,0.0,0.1979678412463586,0.12720309520749068,0,0,,,,0.24039738412166237,0.0,0.0,,,,,,
simgp24,random,9,407,0.06781769404237847,0.90625,1.0,0.9508196721311475,29,0.9036144578313253,0.049973474628664076,0.022872506932337472,29,3,0.6265060240963856,0.8072289156626506,0.9397590361445783,0.08363818944539324,1.0,0.9879518072289156,0.7,0.6,1.0,1.0,1.0,1.0
simgp24_g75,random,9,407,0.0646209761145581,0.8529411764705882,1.0,0.9206349206349206,29,0.7469879518072289,0.0456426495561156,-0.0071136113083900745,29,5,0.2891566265060241,0.5421686746987951,0.8433734939759037,,,,,,,,,
simgp_timeblind,random,9,407,0.23839356963261835,1.0,0.4827586206896552,0.6511627906976745,29,0.18072289156626506,0.2068905543318078,0.2068905543318078,14,0,,,,0.1640267469718675,0.5294117647058824,0.6626506024096386,,,,,,
mean_of_samples,random,9,407,0.2533076597825667,1.0,0.0,0.0,29,0.0,0.19401290782370173,0.11956747184180984,0,0,,,,0.24244827808662717,0.0,0.0,,,,,,
simgp24,random,10,407,0.06557327806807135,0.9032258064516129,1.0,0.9491525423728813,28,0.8902439024390244,0.04795872751910719,0.02083289622778059,28,3,0.6829268292682927,0.8048780487804879,0.9390243902439024,0.0877609761987379,1.0,0.9878048780487805,0.1,1.0,0.0,1.15,1.0,1.1
simgp24_g75,random,10,407,0.0885644983125609,0.8484848484848485,1.0,0.9180327868852458,28,0.4146341463414634,0.06922074168247358,0.026491972344906606,28,5,0.10975609756097561,0.24390243902439024,0.524390243902439,,,,,,,,,
simgp_timeblind,random,10,407,0.23912259839254243,1.0,0.4642857142857143,0.6341463414634146,28,0.18292682926829268,0.20782197802858096,0.20782197802858096,13,0,,,,0.1654412840793341,0.5,0.6585365853658537,,,,,,
mean_of_samples,random,10,407,0.24330535442207923,1.0,0.0,0.0,28,0.0,0.18214880742417772,0.09518735417709559,0,0,,,,0.24690790201101284,0.0,0.0,,,,,,
simgp24,random,11,407,0.07059362113768357,0.9310344827586207,1.0,0.9642857142857143,27,0.8641975308641975,0.05185501960302903,0.03019223833466969,27,2,0.5802469135802469,0.7901234567901234,0.9382716049382716,0.08136709406187448,1.0,0.9876543209876543,0.1,1.0,1.0,1.0,1.1,1.1
simgp24_g75,random,11,407,0.10762570531698436,0.9629629629629629,0.9629629629629629,0.9629629629629629,27,0.48148148148148145,0.0824629589023225,0.059601311584233645,26,1,0.20987654320987653,0.345679012345679,0.5802469135802469,,,,,,,,,
simgp_timeblind,random,11,407,0.22165591390278008,1.0,0.5925925925925926,0.7441860465116279,27,0.25925925925925924,0.17944494254147272,0.17944494254147272,16,0,,,,0.17891746562866628,0.5,0.6419753086419753,,,,,,
mean_of_samples,random,11,407,0.2403609712488421,1.0,0.0,0.0,27,0.0,0.17785876626003022,0.08456647048191167,0,0,,,,0.250437909836391,0.0,0.0,,,,,,
simgp24,random,12,407,0.07200874383483763,0.896551724137931,1.0,0.9454545454545454,26,0.8375,0.053796684758414925,0.025574616262183138,26,3,0.4875,0.7875,0.8875,0.08847616512654044,1.0,0.9875,0.1,1.0,0.0,1.15,0.9,1.1
simgp24_g75,random,12,407,0.10386663830344474,0.9615384615384616,0.9615384615384616,0.9615384615384616,26,0.5,0.07770779805022499,0.05316075007934382,25,1,0.1625,0.3375,0.575,,,,,,,,,
simgp_timeblind,random,12,407,0.21761675318230847,0.9411764705882353,0.6153846153846154,0.744186046511628,26,0.25,0.17367354588772366,0.17299930496431198,16,1,,,,0.17735965152664793,0.5,0.6375,,,,,,
mean_of_samples,random,12,407,0.23341820042217645,1.0,0.0,0.0,26,0.0,0.169306784481764,0.0615758574399222,0,0,,,,0.2579554913846537,0.0,0.0,,,,,,
simgp24,random,13,407,0.0692389101010252,0.896551724137931,1.0,0.9454545454545454,26,0.8481012658227848,0.05229786793945735,0.023793320807528585,26,3,0.4936708860759494,0.7848101265822784,0.9113924050632911,0.08704407772563509,1.0,1.0,0.1,1.0,0.0,1.15,0.9,1.1
simgp24_g75,random,13,407,0.10179380489744153,0.896551724137931,1.0,0.9454545454545454,26,0.5822784810126582,0.07474482263283024,0.05046393646225908,26,3,0.20253164556962025,0.46835443037974683,0.6962025316455697,,,,,,,,,
simgp_timeblind,random,13,407,0.2084414687849837,0.9411764705882353,0.6153846153846154,0.744186046511628,26,0.25316455696202533,0.16825462198544525,0.16757774904777886,16,1,,,,0.16914427062689402,0.5,0.6455696202531646,,,,,,
mean_of_samples,random,13,407,0.24447451679742735,1.0,0.0,0.0,26,0.0,0.18139005667282637,0.09252534795684987,0,0,,,,0.2495985901687485,0.0,0.0,,,,,,
simgp24,random,14,407,0.07300003345293031,0.896551724137931,1.0,0.9454545454545454,26,0.8333333333333334,0.05573047538358381,0.024037698983504347,26,3,0.5256410256410257,0.7692307692307693,0.8589743589743589,0.09035802585070188,1.0,0.9871794871794872,0.1,1.0,0.5,1.15,0.9,1.1
simgp24_g75,random,14,407,0.10311300644722968,0.9615384615384616,0.9615384615384616,0.9615384615384616,26,0.5,0.07790824337836828,0.04916792544381131,25,1,0.16666666666666666,0.3717948717948718,0.5512820512820513,,,,,,,,,
simgp_timeblind,random,14,407,0.19974165774742575,0.9411764705882353,0.6153846153846154,0.744186046511628,26,0.28205128205128205,0.1653198387032379,0.16469437395735861,16,1,,,,0.16436069380657264,0.5,0.6666666666666666,,,,,,
mean_of_samples,random,14,407,0.2467633067811047,1.0,0.0,0.0,26,0.0,0.1833468066742121,0.09516466800249546,0,0,,,,0.2504057078222641,0.0,0.0,,,,,,
simgp24,random,15,407,0.05436494170263179,0.8387096774193549,1.0,0.9122807017543859,26,0.948051948051948,0.03888837043749522,-0.021469299286388972,26,5,0.6233766233766234,0.922077922077922,0.974025974025974,0.08524820546540195,1.0,1.0,0.1,1.0,0.0,1.15,0.9,1.05
simgp24_g75,random,15,407,0.08159763407416157,0.7647058823529411,1.0,0.8666666666666666,26,0.5324675324675324,0.06316560106000288,0.007500505912358158,26,8,0.24675324675324675,0.4675324675324675,0.6103896103896104,,,,,,,,,
simgp_timeblind,random,15,407,0.18260342525841503,0.9411764705882353,0.6153846153846154,0.744186046511628,26,0.4155844155844156,0.1460185307108834,0.14420141939356781,16,1,,,,0.16349945166711122,0.5,0.7142857142857143,,,,,,
mean_of_samples,random,15,407,0.24869714332564458,1.0,0.0,0.0,26,0.0,0.1859075301071873,0.09750295927364533,0,0,,,,0.24964754763835842,0.0,0.0,,,,,,
simgp24,uncertainty,3,407,0.06367596456668696,0.9142857142857143,1.0,0.955223880597015,32,0.9775280898876404,0.04573410404879189,0.02206923168928381,32,3,0.7191011235955056,0.898876404494382,0.9887640449438202,0.07826861886594098,0.95,0.9887640449438202,0.4,0.6,1.0,0.85,1.1,1.0
simgp24,uncertainty,4,407,0.06513271888207951,0.8611111111111112,1.0,0.9253731343283582,31,0.9772727272727273,0.04990987973371748,0.012614471961542072,31,5,0.6590909090909091,0.8977272727272727,1.0,0.09602868303663506,1.0,1.0,0.7,0.6,1.0,1.0,1.0,1.0
simgp24,uncertainty,5,407,0.06317383483062934,0.8108108108108109,1.0,0.8955223880597014,30,1.0,0.05133477902222268,0.00034781191828939175,30,7,0.5057471264367817,0.9540229885057471,1.0,0.11621352191104993,1.0,0.9885057471264368,0.55,0.6,0.5,0.85,0.9,0.95
simgp24,uncertainty,6,407,0.05914995949945101,0.8787878787878788,1.0,0.9354838709677419,29,0.9767441860465116,0.04353322571591753,0.014163589003221145,29,4,0.7209302325581395,0.9069767441860465,1.0,0.09428289681070401,1.0,0.9767441860465116,0.4,0.6,0.0,1.0,1.1,0.9
simgp24,uncertainty,7,407,0.0657935759063157,0.9032258064516129,1.0,0.9491525423728813,28,0.9529411764705882,0.0488782366821113,0.007573676408490862,28,3,0.611764705882353,0.8823529411764706,1.0,0.10675893897075249,0.9444444444444444,0.9411764705882353,0.55,0.6,0.0,1.0,1.1,0.9
simgp24,uncertainty,8,407,0.07363548534976698,0.9310344827586207,1.0,0.9642857142857143,27,0.9880952380952381,0.053035321383828486,0.027304096311173538,27,2,0.6666666666666666,0.9523809523809523,1.0,0.09729316817536365,0.7058823529411765,1.0,0.7,0.3,0.0,1.0,1.1,0.9
simgp24,uncertainty,9,407,0.05914344573758235,0.8333333333333334,0.9615384615384616,0.8928571428571429,26,0.9879518072289156,0.04505062661480777,0.005672702346432314,25,5,0.8072289156626506,0.927710843373494,0.9879518072289156,0.11048346347698826,0.7058823529411765,0.927710843373494,0.4,0.6,0.0,1.0,1.1,0.9
simgp24,uncertainty,10,407,0.14802096736958859,0.6097560975609756,1.0,0.7575757575757575,25,0.8902439024390244,0.10692971926290497,-0.10564211136501893,25,16,0.17073170731707318,0.6097560975609756,0.9878048780487805,0.1625337056326975,1.0,0.9512195121951219,0.4,0.6,0.0,1.0,1.1,0.9
simgp24,uncertainty,11,407,0.12145584509299925,0.625,1.0,0.7692307692307693,25,0.9259259259259259,0.09043424752453388,-0.08855745983838732,25,15,0.2345679012345679,0.691358024691358,0.9753086419753086,0.1445949779018405,1.0,0.9506172839506173,0.4,0.6,0.0,1.0,1.1,0.9
simgp24,uncertainty,12,407,0.07836253200966886,0.75,1.0,0.8571428571428571,24,0.95,0.05471388933537906,-0.04928263665446898,24,8,0.55,0.875,1.0,0.09459377218245667,0.9375,0.9375,0.55,0.6,0.0,1.0,1.1,0.9
simgp24,uncertainty,13,407,0.07578406190216783,0.75,1.0,0.8571428571428571,24,0.9113924050632911,0.052626276180689824,-0.04615739727785838,24,8,0.5569620253164557,0.8607594936708861,0.9746835443037974,0.09637250501961159,0.875,0.9367088607594937,0.55,0.6,0.0,1.0,1.1,0.9
simgp24,uncertainty,14,407,0.08838029316123287,0.8214285714285714,1.0,0.9019607843137255,23,0.9487179487179487,0.0553647952961737,-0.0433916947556907,23,5,0.5641025641025641,0.8717948717948718,0.9743589743589743,0.10829395008401149,1.0,0.9487179487179487,0.55,0.6,0.0,1.0,1.1,0.9
simgp24,uncertainty,15,407,0.08346394178410162,0.7666666666666667,1.0,0.8679245283018869,23,0.935064935064935,0.055157574565571445,-0.04525323970344607,23,7,0.5194805194805194,0.8701298701298701,0.961038961038961,0.11127387784810672,1.0,0.948051948051948,0.55,0.6,0.0,1.0,1.1,0.9
simgp24,straddle,3,407,0.06367596456668696,0.9142857142857143,1.0,0.955223880597015,32,0.9775280898876404,0.04573410404879189,0.02206923168928381,32,3,0.7191011235955056,0.898876404494382,0.9887640449438202,0.07826861886594098,0.95,0.9887640449438202,0.4,0.6,1.0,0.85,1.1,1.0
simgp24,straddle,4,407,0.06280464383980838,0.8857142857142857,1.0,0.9393939393939393,31,0.9772727272727273,0.04687147490746657,0.014899756001890953,31,4,0.6704545454545454,0.9318181818181818,1.0,0.09917971953011573,0.95,0.9886363636363636,0.55,0.6,1.0,0.85,1.1,1.0
simgp24,straddle,5,407,0.06724008155909797,0.8823529411764706,1.0,0.9375,30,0.9540229885057471,0.05039460852645191,0.016363573725659344,30,4,0.6206896551724138,0.8850574712643678,0.9770114942528736,0.08915683916483284,0.95,0.9425287356321839,0.4,0.6,0.5,0.85,1.1,0.95
simgp24,straddle,6,407,0.07948121194459258,0.8285714285714286,1.0,0.90625,29,0.8488372093023255,0.055619114849940705,-0.01656817156093071,29,6,0.43023255813953487,0.7674418604651163,0.9651162790697675,0.13546897684603937,1.0,0.9418604651162791,0.7,1.0,0.0,1.15,1.0,1.05
simgp24,straddle,7,407,0.09150814471573625,0.7837837837837838,1.0,0.8787878787878788,29,0.9764705882352941,0.06320077802247734,-0.05801087978967697,29,8,0.4823529411764706,0.9411764705882353,1.0,0.14299753253366707,1.0,0.9882352941176471,0.55,1.0,0.0,1.15,1.0,1.05
simgp24,straddle,8,407,0.09237586442420313,0.9333333333333333,1.0,0.9655172413793104,28,0.9523809523809523,0.05275848806895656,0.005080465240048938,28,2,0.6190476190476191,0.9047619047619048,0.9642857142857143,0.1028220613978763,0.95,0.9642857142857143,0.7,0.6,0.5,0.85,1.1,1.0
simgp24,straddle,9,407,0.05255427607974741,0.8181818181818182,1.0,0.9,27,1.0,0.03889628603640483,0.001550063625978146,27,6,0.8554216867469879,0.963855421686747,1.0,0.11445992028108033,0.95,1.0,0.4,0.6,0.0,1.15,0.9,0.9
simgp24,straddle,10,407,0.43901726548126146,0.9230769230769231,0.9230769230769231,0.9230769230769231,26,0.8902439024390244,0.1494885263044348,0.1040477652050503,24,2,0.7439024390243902,0.8780487804878049,0.8902439024390244,0.8413556529780027,0.9,0.8902439024390244,0.4,0.6,0.0,1.15,0.9,0.9
simgp24,straddle,11,407,0.4213549435888834,0.8846153846153846,0.92,0.9019607843137256,25,0.8765432098765432,0.14673974942353327,0.09497640061328076,23,3,0.7530864197530864,0.8641975308641975,0.8888888888888888,0.8439108709097353,0.8947368421052632,0.8888888888888888,0.4,1.0,0.0,1.15,0.9,1.1
simgp24,straddle,12,407,0.2095990668401364,0.9545454545454546,0.875,0.9130434782608695,24,0.9375,0.08553896548934851,0.052421760144788734,21,1,0.6625,0.875,0.9375,0.29770905112977125,0.8888888888888888,0.9625,0.4,1.0,0.0,1.15,0.9,1.1
simgp24,straddle,13,407,0.20132677350995126,0.9523809523809523,0.8695652173913043,0.909090909090909,23,0.9367088607594937,0.0824605095106589,0.04711265961590434,20,1,0.6835443037974683,0.9113924050632911,0.9367088607594937,0.2985905045552617,0.8888888888888888,0.9620253164556962,0.4,1.0,0.0,1.15,0.9,1.1
simgp24,straddle,14,407,0.04964954784430623,0.88,1.0,0.9361702127659575,22,0.9487179487179487,0.038327830052341895,-0.006364470364700951,22,3,0.48717948717948717,0.8205128205128205,0.9487179487179487,0.0522808563804523,1.0,0.9615384615384616,0.4,1.0,0.0,1.15,0.9,1.05
simgp24,straddle,15,407,0.050621478013226175,0.8076923076923077,1.0,0.8936170212765957,21,0.9090909090909091,0.0398756945261123,-0.011258315465948016,21,5,0.4675324675324675,0.8701298701298701,0.948051948051948,0.05971621245431664,1.0,1.0,0.4,1.0,0.0,1.15,0.9,1.05
simgp24,straddle_min,3,407,0.06367596456668696,0.9142857142857143,1.0,0.955223880597015,32,0.9775280898876404,0.04573410404879189,0.02206923168928381,32,3,0.7191011235955056,0.898876404494382,0.9887640449438202,0.07826861886594098,0.95,0.9887640449438202,0.4,0.6,1.0,0.85,1.1,1.0
simgp24,straddle_min,4,407,0.06722934367878489,0.9411764705882353,1.0,0.9696969696969697,32,0.9659090909090909,0.046553313826978165,0.020258428291375905,32,2,0.6590909090909091,0.875,0.9886363636363636,0.08385401823707633,1.0,0.9545454545454546,0.1,0.6,1.0,0.85,1.0,0.95
simgp24,straddle_min,5,407,0.07406319010268547,0.8857142857142857,1.0,0.9393939393939393,31,0.9080459770114943,0.05380858419292901,0.012185047260627831,31,4,0.5632183908045977,0.8620689655172413,1.0,0.1074261220242007,1.0,0.9540229885057471,0.1,0.6,0.0,0.85,1.0,0.9
simgp24,straddle_min,6,407,0.0796178605670823,0.8823529411764706,1.0,0.9375,30,0.8837209302325582,0.058128474837920094,0.0120654221147538,30,4,0.47674418604651164,0.813953488372093,0.9302325581395349,0.11258263551716176,1.0,0.9534883720930233,0.4,0.6,0.5,0.85,0.9,0.9
simgp24,straddle_min,7,407,0.07700550543283471,0.8823529411764706,1.0,0.9375,30,0.8941176470588236,0.05609664020817299,0.013678938102701946,30,4,0.49411764705882355,0.8352941176470589,0.9411764705882353,0.1091374093101707,1.0,0.9529411764705882,0.25,0.6,0.0,0.85,0.9,0.9
simgp24,straddle_min,8,407,0.06841598184136786,0.9375,1.0,0.967741935483871,30,0.9404761904761905,0.04980983052594009,0.014712428378258788,30,2,0.5,0.8452380952380952,0.9761904761904762,0.10099670946332942,0.95,0.9642857142857143,0.1,0.6,0.0,0.85,1.0,0.9
simgp24,straddle_min,9,407,0.06062154823230533,0.9375,1.0,0.967741935483871,30,0.963855421686747,0.045321714462142136,0.01407812003300043,30,2,0.5903614457831325,0.8795180722891566,0.9759036144578314,0.09738330435164491,0.95,0.9759036144578314,0.1,0.6,0.0,0.85,1.0,0.9
simgp24,straddle_min,10,407,0.06238816434417817,0.967741935483871,1.0,0.9836065573770492,30,0.9146341463414634,0.04483378086642064,0.01816538960554396,30,1,0.5487804878048781,0.8048780487804879,0.9634146341463414,0.10190562876316756,0.95,0.975609756097561,0.25,0.6,0.0,0.85,0.9,0.95
simgp24,straddle_min,11,407,0.06803310640390423,0.9666666666666667,1.0,0.983050847457627,29,0.8518518518518519,0.048907683028210885,0.023023847906088045,29,1,0.5679012345679012,0.7654320987654321,0.9629629629629629,0.09251942671156244,0.95,0.9753086419753086,0.4,0.6,0.0,0.85,1.0,1.0
simgp24,straddle_min,12,407,0.06748170130733666,0.9655172413793104,1.0,0.9824561403508771,28,0.925,0.05071023505952536,0.021498561453501205,28,1,0.5375,0.775,0.9625,0.087351090533225,0.95,0.9625,0.4,0.6,0.0,0.85,1.0,1.0
simgp24,straddle_min,13,407,0.07335770837244156,0.9655172413793104,1.0,0.9824561403508771,28,0.8227848101265823,0.05369335472015463,0.028274245114652555,28,1,0.5189873417721519,0.7468354430379747,0.8987341772151899,0.08733143183248368,0.95,0.9620253164556962,0.4,0.6,0.0,0.85,1.0,1.0
simgp24,straddle_min,14,407,0.07273629793386037,0.9642857142857143,1.0,0.9818181818181818,27,0.8205128205128205,0.053390334201520666,0.02737891520348792,27,1,0.5128205128205128,0.7435897435897436,0.9102564102564102,0.08742675845359446,1.0,0.9615384615384616,0.25,0.6,0.0,0.85,1.1,0.95
simgp24,straddle_min,15,407,0.06953003842443181,1.0,1.0,1.0,27,0.8961038961038961,0.05310976591609938,0.024354227461132454,27,0,0.4805194805194805,0.7922077922077922,0.961038961038961,0.08976206848048655,1.0,0.961038961038961,0.25,0.6,0.0,0.85,1.1,0.95
