model,strategy,n,seed,rmse_min,precision_min,recall_min,f1_min,n_true_viol_min,coverage90_min,mae_min,bias_min,tp_min,fp_min,coverage50_min,coverage80_min,coverage95_min,rmse_night,recall_night,coverage90_night,map_kb,map_kw,map_gamma,map_demand,map_rough,map_dose
simgp24,random,3,400,0.04945635064797169,0.75,0.9375,0.8333333333333334,16,1.0,0.03879038336774461,-0.029447593924776708,15,5,0.6875,0.96875,1.0,0.08361221112809455,0.6,1.0,0.25,0.3,0.5,1.15,0.9,1.1
simgp24_g75,random,3,400,0.04337774318963309,0.8823529411764706,0.9375,0.9090909090909091,16,1.0,0.02874715320588532,-0.01694344570320179,15,2,0.6875,0.9375,1.0,,,,,,,,,
simgp_timeblind,random,3,400,0.1708774435961473,1.0,0.25,0.4,16,0.75,0.11242355676088289,0.101693249755242,4,0,,,,0.4251194846268505,0.6,0.3125,,,,,,
mean_of_samples,random,3,400,0.2771492195939526,1.0,0.0,0.0,16,0.0,0.24581191808424058,0.08716579187245826,0,0,,,,0.4603604071437134,0.0,0.0,,,,,,
simgp24,random,4,400,0.053401957768524515,0.6666666666666666,0.9333333333333333,0.7777777777777778,15,1.0,0.04026409767798887,-0.033413067120066454,14,7,0.6774193548387096,0.9354838709677419,1.0,0.06722701363809988,0.75,1.0,0.25,0.1,1.0,0.85,1.1,1.05
simgp24_g75,random,4,400,0.07661687773367505,0.6363636363636364,0.9333333333333333,0.7567567567567568,15,0.8064516129032258,0.05474588207880213,-0.050035319122784715,14,8,0.4838709677419355,0.7419354838709677,0.8709677419354839,,,,,,,,,
simgp_timeblind,random,4,400,0.18372976468626637,1.0,0.13333333333333333,0.23529411764705882,15,0.6774193548387096,0.13556714094010705,0.12953933613667756,2,0,,,,0.41144906555589056,0.25,0.2903225806451613,,,,,,
mean_of_samples,random,4,400,0.2751591596014985,1.0,0.0,0.0,15,0.0,0.23954335105712227,0.07196055384658283,0,0,,,,0.47274565598397056,0.0,0.0,,,,,,
simgp24,random,5,400,0.051273072580472874,0.6842105263157895,0.9285714285714286,0.7878787878787878,14,1.0,0.03902633588617652,-0.030154890677324804,13,6,0.6,0.9333333333333333,1.0,0.0721653965553793,0.75,1.0,0.1,0.3,0.0,0.85,1.0,0.95
simgp24_g75,random,5,400,0.056858671543377204,0.7647058823529411,0.9285714285714286,0.8387096774193549,14,0.8666666666666667,0.040489913645747014,-0.03130566545613453,13,4,0.6,0.7666666666666667,0.9,,,,,,,,,
simgp_timeblind,random,5,400,0.18148174573585857,1.0,0.14285714285714285,0.25,14,0.7,0.13146123877768084,0.12475639590196624,2,0,,,,0.41400868877386826,0.25,0.3,,,,,,
mean_of_samples,random,5,400,0.27467651571060037,1.0,0.0,0.0,14,0.0,0.23342031654594822,0.055032128706218125,0,0,,,,0.4846960930475641,0.0,0.0,,,,,,
simgp24,random,6,400,0.056870613712620914,0.631578947368421,0.9230769230769231,0.7499999999999999,13,0.9655172413793104,0.04304708306202372,-0.03544067650242982,12,7,0.5862068965517241,0.896551724137931,1.0,0.0740881613501174,0.75,1.0,0.1,0.3,0.5,0.85,1.0,1.1
simgp24_g75,random,6,400,0.05673756091502845,0.75,0.9230769230769231,0.8275862068965517,13,0.896551724137931,0.040175716289680155,-0.030560277048901567,12,4,0.5862068965517241,0.7586206896551724,0.896551724137931,,,,,,,,,
simgp_timeblind,random,6,400,0.20047804475484976,1.0,0.07692307692307693,0.14285714285714288,13,0.5862068965517241,0.15060909258325633,0.14590360569679128,1,0,,,,0.40789129542360125,0.0,0.27586206896551724,,,,,,
mean_of_samples,random,6,400,0.27712071469862787,1.0,0.0,0.0,13,0.0,0.23588817254758374,0.05258215499826015,0,0,,,,0.49016524566400094,0.0,0.0,,,,,,
simgp24,random,7,400,0.049978434268130055,0.7333333333333333,0.9166666666666666,0.8148148148148148,12,0.9642857142857143,0.0375271359328845,-0.025858551369262375,11,4,0.6071428571428571,0.8571428571428571,1.0,0.07043609621780016,0.75,1.0,0.1,0.3,0.5,0.85,0.9,1.1
simgp24_g75,random,7,400,0.06318068478600752,0.7857142857142857,0.9166666666666666,0.8461538461538461,12,0.8214285714285714,0.0439947613855929,-0.02862494266247464,11,3,0.5,0.7142857142857143,0.8571428571428571,,,,,,,,,
simgp_timeblind,random,7,400,0.19426243114975678,1.0,0.16666666666666666,0.2857142857142857,12,0.7142857142857143,0.1402843483825098,0.13481870666923185,2,0,,,,0.41893260855872355,0.25,0.5,,,,,,
mean_of_samples,random,7,400,0.2774058044790175,1.0,0.0,0.0,12,0.0,0.22886494476645863,0.03275975022586826,0,0,,,,0.5060369503406739,0.0,0.0,,,,,,
simgp24,random,8,400,0.05211115013145975,0.7142857142857143,0.9090909090909091,0.8,11,0.9629629629629629,0.03909734479792539,-0.026692208008669876,10,4,0.5925925925925926,0.8518518518518519,1.0,0.0709490286313631,0.6666666666666666,1.0,0.1,0.3,0.5,0.85,0.9,1.1
simgp24_g75,random,8,400,0.061535299071430155,0.8333333333333334,0.9090909090909091,0.8695652173913043,11,0.8148148148148148,0.043593946094060365,-0.026339864884254213,10,2,0.4444444444444444,0.6666666666666666,0.8148148148148148,,,,,,,,,
simgp_timeblind,random,8,400,0.174372063394621,1.0,0.09090909090909091,0.16666666666666669,11,0.7037037037037037,0.12726025954856773,0.12054468248107121,1,0,,,,0.419884515156545,0.3333333333333333,0.5185185185185185,,,,,,
mean_of_samples,random,8,400,0.2824499597110403,1.0,0.0,0.0,11,0.0,0.242347712500077,0.04954711971101275,0,0,,,,0.49679785932982873,0.0,0.0,,,,,,
simgp24,random,9,400,0.05211473279974028,0.7692307692307693,0.9090909090909091,0.8333333333333333,11,0.9615384615384616,0.03919238015625366,-0.025857474674259997,10,3,0.5769230769230769,0.7307692307692307,1.0,0.07346969641573163,0.6666666666666666,1.0,0.1,0.3,0.0,0.85,0.9,0.95
simgp24_g75,random,9,400,0.06869184993239567,0.8333333333333334,0.9090909090909091,0.8695652173913043,11,0.7307692307692307,0.049881934202558854,-0.027786940930026295,10,2,0.4230769230769231,0.6153846153846154,0.7307692307692307,,,,,,,,,
simgp_timeblind,random,9,400,0.22290746354714416,1.0,0.09090909090909091,0.16666666666666669,11,0.6153846153846154,0.1700236636484243,0.1665641766050576,1,0,,,,0.3536791553476176,0.3333333333333333,0.6153846153846154,,,,,,
mean_of_samples,random,9,400,0.29718987675468966,1.0,0.0,0.0,11,0.0,0.2709208587039538,0.09289875911455203,0,0,,,,0.4579364941813094,0.0,0.0,,,,,,
simgp24,random,10,400,0.06178520803276418,0.6428571428571429,0.9,0.75,10,0.88,0.0491049237641876,-0.03725696955583797,9,5,0.56,0.84,1.0,0.09006095918148378,1.0,1.0,0.1,0.3,0.5,1.0,0.9,0.95
simgp24_g75,random,10,400,0.06071112450240412,0.6923076923076923,0.9,0.7826086956521738,10,0.68,0.04521872862717255,-0.0315040872840049,9,4,0.32,0.6,0.84,,,,,,,,,
simgp_timeblind,random,10,400,0.22415741097448844,1.0,0.1,0.18181818181818182,10,0.64,0.16967803540940518,0.16605825107666677,1,0,,,,0.35219739604544525,0.3333333333333333,0.6,,,,,,
mean_of_samples,random,10,400,0.29599825578140515,1.0,0.0,0.0,10,0.0,0.2661987888577083,0.07593513566761814,0,0,,,,0.46970870335896553,0.0,0.0,,,,,,
simgp24,random,11,400,0.05266692521637665,0.5625,0.9,0.6923076923076923,10,0.9166666666666666,0.04069562936869001,-0.02775963164287316,9,7,0.5833333333333334,0.9166666666666666,0.9583333333333334,0.08458430265265775,1.0,1.0,0.1,0.3,0.5,1.0,0.9,1.0
simgp24_g75,random,11,400,0.049100041632347005,0.6923076923076923,0.9,0.7826086956521738,10,0.7916666666666666,0.03699503595353162,-0.021442267264859302,9,4,0.5,0.6666666666666666,0.875,,,,,,,,,
simgp_timeblind,random,11,400,0.2355447514819855,1.0,0.1,0.18181818181818182,10,0.625,0.1878701490853328,0.1878701490853328,1,0,,,,0.34673403831157185,0.3333333333333333,0.5833333333333334,,,,,,
mean_of_samples,random,11,400,0.31048923146800733,1.0,0.0,0.0,10,0.0,0.28825405275161625,0.13488739682666845,0,0,,,,0.43755012032093965,0.0,0.0,,,,,,
simgp24,random,12,400,0.04788525571793437,0.6666666666666666,0.8888888888888888,0.761904761904762,9,1.0,0.037121219975959116,-0.019124575677883095,8,4,0.6521739130434783,0.8695652173913043,1.0,0.07189113151398231,0.6666666666666666,1.0,0.1,0.1,1.0,0.85,0.9,0.9
simgp24_g75,random,12,400,0.057632689456145546,0.6153846153846154,0.8888888888888888,0.7272727272727274,9,0.7391304347826086,0.04154198257098879,-0.028654216294366635,8,5,0.5217391304347826,0.6521739130434783,0.8260869565217391,,,,,,,,,
simgp_timeblind,random,12,400,0.23557195171750317,1.0,0.1111111111111111,0.19999999999999998,9,0.5652173913043478,0.1854888166206466,0.1854888166206466,1,0,,,,0.36103902245602987,0.3333333333333333,0.4782608695652174,,,,,,
mean_of_samples,random,12,400,0.3037206089246466,1.0,0.0,0.0,9,0.0,0.27688497427804004,0.10801637180801575,0,0,,,,0.45722821952507997,0.0,0.0,,,,,,
simgp24,random,13,400,0.05421480851247651,0.6666666666666666,0.8888888888888888,0.761904761904762,9,0.9545454545454546,0.04005766348110995,-0.025154201072251133,8,4,0.5909090909090909,0.8636363636363636,1.0,0.07330019363325137,0.6666666666666666,1.0,0.1,0.1,1.0,0.85,1.1,0.9
simgp24_g75,random,13,400,0.05809868227756178,0.6153846153846154,0.8888888888888888,0.7272727272727274,9,0.7272727272727273,0.04286765327879531,-0.028956127999148384,8,5,0.5,0.6363636363636364,0.7727272727272727,,,,,,,,,
simgp_timeblind,random,13,400,0.23152642801240844,1.0,0.1111111111111111,0.19999999999999998,9,0.5454545454545454,0.1754329886385134,0.1754329886385134,1,0,,,,0.37145020389708283,0.3333333333333333,0.4090909090909091,,,,,,
mean_of_samples,random,13,400,0.31693025481101417,1.0,0.0,0.0,9,0.0,0.29418549545712624,0.14552321856942918,0,0,,,,0.4303041877836094,0.0,0.0,,,,,,
simgp24,random,14,400,0.056163931894937985,0.6666666666666666,0.8888888888888888,0.761904761904762,9,0.9523809523809523,0.043157381791188575,-0.027783253178670503,8,4,0.5238095238095238,0.7619047619047619,1.0,0.07554599743772307,0.6666666666666666,1.0,0.1,0.1,1.0,0.85,0.9,0.9
simgp24_g75,random,14,400,0.05418526907810386,0.6666666666666666,0.8888888888888888,0.761904761904762,9,0.7142857142857143,0.03943291937007623,-0.025211564961974138,8,4,0.47619047619047616,0.6666666666666666,0.8095238095238095,,,,,,,,,
simgp_timeblind,random,14,400,0.22915913808921026,1.0,0.1111111111111111,0.19999999999999998,9,0.5238095238095238,0.17258574272085678,0.1714417121194248,1,0,,,,0.3698063149333442,0.3333333333333333,0.42857142857142855,,,,,,
mean_of_samples,random,14,400,0.31659000999323705,1.0,0.0,0.0,9,0.0,0.2918253012671638,0.13135805586500218,0,0,,,,0.4359161337187354,0.0,0.0,,,,,,
simgp24,random,15,400,0.04954954099300777,0.7,0.875,0.7777777777777777,8,1.0,0.03963477756830253,-0.00979741731532451,7,3,0.75,0.8,1.0,0.06830381956846317,0.6666666666666666,1.0,0.1,0.1,1.0,0.85,0.9,0.9
simgp24_g75,random,15,400,0.05706148737233429,0.5833333333333334,0.875,0.7000000000000001,8,0.65,0.041477762456675046,-0.027555656831292942,7,5,0.45,0.65,0.85,,,,,,,,,
simgp_timeblind,random,15,400,0.2382122065587512,1.0,0.125,0.2222222222222222,8,0.5,0.17926469493377495,0.17795112470895133,1,0,,,,0.3784419101794989,0.3333333333333333,0.35,,,,,,
mean_of_samples,random,15,400,0.31095167126785217,1.0,0.0,0.0,8,0.0,0.28161850749936235,0.1074405605509304,0,0,,,,0.4555795569434813,0.0,0.0,,,,,,
simgp24,uncertainty,3,400,0.04945635064797169,0.75,0.9375,0.8333333333333334,16,1.0,0.03879038336774461,-0.029447593924776708,15,5,0.6875,0.96875,1.0,0.08361221112809455,0.6,1.0,0.25,0.3,0.5,1.15,0.9,1.1
simgp24,uncertainty,4,400,0.05131746189513632,0.875,0.9333333333333333,0.9032258064516129,15,1.0,0.03703748848824336,0.003682706049880302,14,2,0.7096774193548387,1.0,1.0,0.08981395325154287,0.8,1.0,0.25,0.1,1.0,1.0,1.1,0.95
simgp24,uncertainty,5,400,0.039639864854064635,0.7647058823529411,0.9285714285714286,0.8387096774193549,14,1.0,0.03157521600307496,-0.007992899206660093,13,4,0.7333333333333333,1.0,1.0,0.11380049119546035,0.8,0.9666666666666667,0.25,0.1,1.0,1.0,1.1,0.95
simgp24,uncertainty,6,400,0.04794300642824116,1.0,0.7692307692307693,0.8695652173913044,13,1.0,0.03761030299396892,0.008584877777468393,10,0,0.8620689655172413,0.9655172413793104,1.0,0.07223866135080483,0.5,0.9655172413793104,0.1,0.1,1.0,1.0,1.1,0.9
simgp24,uncertainty,7,400,0.11055031235118437,0.7272727272727273,0.6666666666666666,0.6956521739130435,12,0.9285714285714286,0.07072324158165494,-0.04337240556253512,8,3,0.5714285714285714,0.8214285714285714,1.0,0.1322309820752032,0.25,1.0,0.1,0.1,1.0,1.0,1.1,0.9
simgp24,uncertainty,8,400,0.10441374410865023,1.0,0.5454545454545454,0.7058823529411764,11,0.8518518518518519,0.07244381110133367,-0.010064928898861956,6,0,0.5555555555555556,0.7777777777777778,1.0,0.13352613671918337,0.0,0.9629629629629629,0.1,0.1,1.0,1.0,1.1,0.9
simgp24,uncertainty,9,400,0.08313612499894885,0.8181818181818182,0.9,0.8571428571428572,10,1.0,0.05730444292441484,-0.03609998776542161,9,2,0.5384615384615384,0.9230769230769231,1.0,0.11279337359696748,0.3333333333333333,0.9615384615384616,0.1,0.3,0.5,1.0,1.1,1.05
simgp24,uncertainty,10,400,0.06721719667055868,0.8,0.8888888888888888,0.8421052631578948,9,1.0,0.05018804827932209,-0.017071413631299978,8,2,0.56,0.92,1.0,0.08565967131950847,0.3333333333333333,0.96,0.1,0.3,0.5,1.0,1.1,1.1
simgp24,uncertainty,11,400,0.07012327344993001,0.875,0.875,0.875,8,1.0,0.05295800671890492,-0.015822394351018763,7,1,0.5416666666666666,0.9166666666666666,1.0,0.09005176377044707,0.3333333333333333,0.9583333333333334,0.1,0.3,0.5,1.0,1.1,1.1
simgp24,uncertainty,12,400,0.0551137374748979,0.75,0.8571428571428571,0.7999999999999999,7,0.782608695652174,0.04194318333503936,-0.013095348350964278,6,2,0.6086956521739131,0.6956521739130435,0.8695652173913043,0.07539787587775786,0.6666666666666666,0.9565217391304348,0.1,0.3,0.5,1.0,1.1,1.1
simgp24,uncertainty,13,400,0.05142333548703017,1.0,0.8333333333333334,0.9090909090909091,6,0.8636363636363636,0.03877198555030719,-0.0030779353938621763,5,0,0.5454545454545454,0.7727272727272727,0.9090909090909091,0.0691945327899956,0.6666666666666666,0.9090909090909091,0.1,0.3,0.5,1.0,1.1,1.1
simgp24,uncertainty,14,400,0.05411523858418403,1.0,0.8,0.888888888888889,5,0.9523809523809523,0.04018274853180296,-0.005016980822690909,4,0,0.8095238095238095,0.9047619047619048,1.0,0.06613202824778602,0.5,1.0,0.1,0.3,0.0,1.0,1.1,1.0
simgp24,uncertainty,15,400,0.05384399824484621,1.0,0.8,0.888888888888889,5,0.95,0.04210992000585467,0.004351815766513817,4,0,0.9,0.9,1.0,0.07382318799230905,0.5,1.0,0.1,0.3,0.0,1.0,1.1,1.0
simgp24,straddle,3,400,0.04945635064797169,0.75,0.9375,0.8333333333333334,16,1.0,0.03879038336774461,-0.029447593924776708,15,5,0.6875,0.96875,1.0,0.08361221112809455,0.6,1.0,0.25,0.3,0.5,1.15,0.9,1.1
simgp24,straddle,4,400,0.0404144061207102,0.875,0.9333333333333333,0.9032258064516129,15,1.0,0.029944885660420122,-0.011324280369867632,14,2,0.7741935483870968,0.9354838709677419,1.0,0.048364028300879075,0.6,1.0,0.25,0.1,1.0,0.85,1.1,1.1
simgp24,straddle,5,400,0.04314613094916566,0.7647058823529411,0.9285714285714286,0.8387096774193549,14,1.0,0.03221032475919515,-0.013583514100201494,13,4,0.7333333333333333,0.9666666666666667,1.0,0.06784556688760086,0.8,1.0,0.1,0.3,0.0,1.0,1.0,0.9
simgp24,straddle,6,400,0.06738585583558139,0.8461538461538461,0.8461538461538461,0.8461538461538461,13,0.896551724137931,0.04794679632202842,0.020286997054098733,11,2,0.5862068965517241,0.896551724137931,0.9655172413793104,0.22607849667771546,0.8,0.896551724137931,0.1,0.3,0.0,1.0,0.9,0.9
simgp24,straddle,7,400,0.0497958912114917,1.0,0.75,0.8571428571428571,12,1.0,0.03987322209973793,0.014020757864962834,9,0,0.8571428571428571,1.0,1.0,0.05886709238761426,0.25,0.9642857142857143,0.1,0.3,0.0,0.85,0.9,1.0
simgp24,straddle,8,400,0.06038967305889225,1.0,0.5454545454545454,0.7058823529411764,11,0.9259259259259259,0.051786761409869264,0.03338386206346615,6,0,0.5185185185185185,0.9259259259259259,0.9259259259259259,0.07020890995646158,0.25,1.0,0.1,0.1,1.0,1.0,1.1,0.9
simgp24,straddle,9,400,0.07948752643981956,1.0,0.3,0.4615384615384615,10,0.9230769230769231,0.0698108084859106,0.05685767724047997,3,0,0.19230769230769232,0.7692307692307693,0.9230769230769231,0.07637538921204975,0.0,0.9615384615384616,0.1,0.1,1.0,1.0,1.0,0.9
simgp24,straddle,10,400,0.06084590305372326,1.0,0.5555555555555556,0.7142857142857143,9,0.88,0.05201289857041364,0.03247336151102768,5,0,0.4,0.8,0.92,0.07752285463897617,0.0,0.92,0.1,0.1,1.0,1.0,1.0,0.9
simgp24,straddle,11,400,0.062578282605209,1.0,0.5,0.6666666666666666,8,0.9583333333333334,0.05002969510304547,0.021716397544175814,4,0,0.875,0.9583333333333334,1.0,0.05731543183149269,0.6666666666666666,1.0,0.1,0.1,1.0,1.0,1.0,0.9
simgp24,straddle,12,400,0.07091208572407767,0.8571428571428571,0.8571428571428571,0.8571428571428571,7,0.8695652173913043,0.058663268661755516,-0.02504702019961485,6,1,0.782608695652174,0.8260869565217391,0.8695652173913043,0.07715211561359543,0.6666666666666666,0.9130434782608695,0.1,0.3,0.0,1.0,1.0,1.05
simgp24,straddle,13,400,0.07134510907891406,1.0,0.8571428571428571,0.923076923076923,7,0.8636363636363636,0.05913888524446529,-0.02430356171271456,6,0,0.6818181818181818,0.8181818181818182,0.8636363636363636,0.07619891464625354,0.6666666666666666,0.9090909090909091,0.1,0.3,0.0,1.0,1.0,1.0
simgp24,straddle,14,400,0.07370403032155703,0.8333333333333334,0.8333333333333334,0.8333333333333334,6,0.8571428571428571,0.0614238927259705,-0.032382241644968224,5,1,0.6190476190476191,0.8095238095238095,0.8571428571428571,0.08123838906034525,0.6666666666666666,0.9047619047619048,0.1,0.3,0.0,1.0,1.0,0.95
simgp24,straddle,15,400,0.13719406392453642,1.0,0.6666666666666666,0.8,6,0.9,0.08604899314756384,-0.0622086634676995,4,0,0.55,0.85,0.95,0.07078368420407898,0.6666666666666666,1.0,0.1,0.3,0.0,1.0,1.0,1.0
simgp24,straddle_min,3,400,0.04945635064797169,0.75,0.9375,0.8333333333333334,16,1.0,0.03879038336774461,-0.029447593924776708,15,5,0.6875,0.96875,1.0,0.08361221112809455,0.6,1.0,0.25,0.3,0.5,1.15,0.9,1.1
simgp24,straddle_min,4,400,0.045445384085842644,0.875,0.9333333333333333,0.9032258064516129,15,1.0,0.03357387737382729,-0.002310075977069861,14,2,0.6774193548387096,0.967741935483871,1.0,0.07305175640155571,0.8,1.0,0.25,0.1,1.0,1.0,1.1,0.95
simgp24,straddle_min,5,400,0.055865870430145306,0.65,0.9285714285714286,0.7647058823529412,14,1.0,0.04270480080993631,-0.034205370627256745,13,7,0.5333333333333333,0.9,1.0,0.08188415965745403,0.8,0.9666666666666667,0.25,0.1,1.0,1.0,1.1,0.95
simgp24,straddle_min,6,400,0.0494982208481385,1.0,0.8571428571428571,0.923076923076923,14,1.0,0.03377208672479917,0.006331213315968621,12,0,0.8620689655172413,0.9655172413793104,1.0,0.14481664839009856,0.8,0.9310344827586207,0.25,0.1,0.0,1.0,1.1,0.9
simgp24,straddle_min,7,400,0.05058074532701376,1.0,0.8571428571428571,0.923076923076923,14,1.0,0.03483427816348261,0.012312101496049912,12,0,0.8214285714285714,0.9285714285714286,1.0,0.14424532328407103,0.8,0.9285714285714286,0.25,0.1,0.0,1.0,1.1,0.9
simgp24,straddle_min,8,400,0.05089065727369834,0.9166666666666666,0.8461538461538461,0.8799999999999999,13,1.0,0.03670226298431148,0.005252778471545257,11,1,0.7037037037037037,0.8888888888888888,1.0,0.1657884818649241,0.8,0.8888888888888888,0.25,0.1,0.5,1.0,1.1,0.9
simgp24,straddle_min,9,400,0.05831059774219642,1.0,0.8461538461538461,0.9166666666666666,13,0.9230769230769231,0.04083183112319391,0.00823328722170692,11,0,0.8076923076923077,0.8846153846153846,1.0,0.14227368156810669,0.8,0.9615384615384616,0.25,0.1,0.5,1.0,1.1,0.9
simgp24,straddle_min,10,400,0.05690449311534598,1.0,0.8461538461538461,0.9166666666666666,13,0.96,0.043037984611241156,0.016165325825182472,11,0,0.76,0.92,1.0,0.08627124097894358,0.8,0.96,0.1,0.1,1.0,1.0,1.1,0.9
simgp24,straddle_min,11,400,0.06394085435658285,1.0,0.8333333333333334,0.9090909090909091,12,0.9583333333333334,0.046913960208151695,0.015558305963135453,10,0,0.7083333333333334,0.8333333333333334,1.0,0.09134799563886165,0.8,0.9583333333333334,0.1,0.1,1.0,1.0,1.1,0.9
simgp24,straddle_min,12,400,0.07483162222849947,1.0,0.9090909090909091,0.9523809523809523,11,0.8260869565217391,0.052362732163005625,0.015993912267474753,10,0,0.6956521739130435,0.8260869565217391,1.0,0.09691372864115333,0.8,0.9565217391304348,0.25,0.1,0.5,1.0,1.1,0.95
simgp24,straddle_min,13,400,0.0774374661406832,1.0,0.9,0.9473684210526316,10,0.9090909090909091,0.05452840993079748,0.019233740802240742,9,0,0.7272727272727273,0.8636363636363636,0.9545454545454546,0.09108503626293397,0.75,0.9545454545454546,0.1,0.3,0.0,1.0,0.9,0.95
simgp24,straddle_min,14,400,0.09382728238865246,1.0,0.9,0.9473684210526316,10,0.9047619047619048,0.059981796892101424,0.013275743665354403,9,0,0.6666666666666666,0.8571428571428571,0.9047619047619048,0.15856928672919687,0.75,0.9523809523809523,0.1,0.3,0.0,1.0,0.9,1.0
simgp24,straddle_min,15,400,0.09943983923927767,1.0,0.8888888888888888,0.9411764705882353,9,0.9,0.06367939340488733,0.01687151255360817,8,0,0.6,0.9,0.9,0.15390437011537997,0.75,0.95,0.1,0.3,0.0,1.0,0.9,1.0
simgp24,random,3,401,0.03196283176174978,0.9583333333333334,1.0,0.9787234042553191,23,1.0,0.025425013714846567,-0.015872504208638324,23,1,0.78125,1.0,1.0,0.13389872435245406,0.6666666666666666,1.0,0.4,0.1,1.0,1.15,1.0,1.05
simgp24_g75,random,3,401,0.02528398913434714,1.0,1.0,1.0,23,1.0,0.018297362126621485,0.004616850147297272,23,0,0.90625,1.0,1.0,,,,,,,,,
simgp_timeblind,random,3,401,0.10705798226144202,0.84,0.9130434782608695,0.8749999999999999,23,0.84375,0.09423072774691535,-0.07020295052370806,21,4,,,,0.485851644539502,1.0,0.3125,,,,,,
mean_of_samples,random,3,401,0.29377197499207525,1.0,0.0,0.0,23,0.0,0.2801148956986087,0.18555209521897664,0,0,,,,0.3148560125267543,0.0,0.0,,,,,,
simgp24,random,4,401,0.030349650817657177,0.9583333333333334,1.0,0.9787234042553191,23,1.0,0.024074113841365093,-0.015052444795447883,23,1,0.8387096774193549,1.0,1.0,0.13304181291439865,0.6666666666666666,1.0,0.4,0.1,0.5,1.15,1.0,0.95
simgp24_g75,random,4,401,0.022091375001586176,1.0,1.0,1.0,23,1.0,0.01621467596039856,0.005604314809426274,23,0,0.9354838709677419,1.0,1.0,,,,,,,,,
simgp_timeblind,random,4,401,0.09665883983577195,0.84,0.9130434782608695,0.8749999999999999,23,0.967741935483871,0.08337368673733876,-0.03622008890172565,21,4,,,,0.46879997364865766,1.0,0.41935483870967744,,,,,,
mean_of_samples,random,4,401,0.39702447827463955,1.0,0.0,0.0,23,0.0,0.3774498716009342,0.33977061177802204,0,0,,,,0.25513750928552825,0.0,0.0,,,,,,
simgp24,random,5,401,0.027595861283919002,1.0,1.0,1.0,23,1.0,0.020952188576220655,-0.018586962005925068,23,0,0.8333333333333334,1.0,1.0,0.12527217482081393,0.6666666666666666,1.0,0.1,0.6,0.5,1.15,1.0,1.1
simgp24_g75,random,5,401,0.06131444507168088,0.8846153846153846,1.0,0.9387755102040816,23,0.9666666666666667,0.03668064976095837,-0.0350840526911329,23,3,0.6333333333333333,0.9333333333333333,0.9666666666666667,,,,,,,,,
simgp_timeblind,random,5,401,0.5017272795522528,1.0,0.2608695652173913,0.41379310344827586,23,0.6,0.40587450167904027,0.40466730069396883,6,0,,,,0.21848811580531047,1.0,1.0,,,,,,
mean_of_samples,random,5,401,0.43290393403456195,1.0,0.0,0.0,23,0.0,0.41134043194420516,0.37926142782241157,0,0,,,,0.2552807831853087,0.0,0.0,,,,,,
simgp24,random,6,401,0.027399162141999365,1.0,1.0,1.0,22,1.0,0.021313066759039295,-0.017473573402314507,22,0,0.7241379310344828,1.0,1.0,0.12624987025392134,0.6666666666666666,1.0,0.25,0.1,1.0,1.0,0.9,0.9
simgp24_g75,random,6,401,0.054532813233148646,0.88,1.0,0.9361702127659575,22,0.9655172413793104,0.032698037901112816,-0.030613608394938194,22,3,0.6206896551724138,0.9310344827586207,0.9655172413793104,,,,,,,,,
simgp_timeblind,random,6,401,0.36288801366222145,1.0,0.3181818181818182,0.4827586206896552,22,0.7241379310344828,0.25644178955773284,0.2546672157345106,7,0,,,,0.24316144413523297,1.0,0.896551724137931,,,,,,
mean_of_samples,random,6,401,0.3847668373920041,1.0,0.0,0.0,22,0.0,0.36493126375818313,0.3211282300739056,0,0,,,,0.2587501921311824,0.0,0.0,,,,,,
simgp24,random,7,401,0.03060167451718673,1.0,1.0,1.0,22,1.0,0.02454725381157812,-0.023067443069777906,22,0,0.6428571428571429,0.9285714285714286,1.0,0.118088382564834,0.6666666666666666,1.0,0.1,0.3,1.0,1.0,0.9,1.05
simgp24_g75,random,7,401,0.02236727585535287,1.0,1.0,1.0,22,0.9642857142857143,0.016458231258391656,-0.006020560699893173,22,0,0.7142857142857143,0.9285714285714286,1.0,,,,,,,,,
simgp_timeblind,random,7,401,0.40343509734196475,1.0,0.09090909090909091,0.16666666666666669,22,0.6785714285714286,0.33400347097084643,0.33400347097084643,2,0,,,,0.18187497149192344,0.6666666666666666,1.0,,,,,,
mean_of_samples,random,7,401,0.3990117446617365,1.0,0.0,0.0,22,0.0,0.3775369277490289,0.33569045430173455,0,0,,,,0.2611306915290541,0.0,0.0,,,,,,
simgp24,random,8,401,0.039458538802913404,0.9545454545454546,1.0,0.9767441860465117,21,0.9629629629629629,0.03447013820612355,-0.032786140607217816,21,1,0.5185185185185185,0.8888888888888888,0.9629629629629629,0.1217987242658326,0.6666666666666666,0.8888888888888888,0.1,0.3,1.0,1.0,0.9,1.05
simgp24_g75,random,8,401,0.02742225145213042,1.0,1.0,1.0,21,0.9629629629629629,0.020706839112046595,-0.012651576214862945,21,0,0.5925925925925926,0.9259259259259259,0.9629629629629629,,,,,,,,,
simgp_timeblind,random,8,401,0.42181716393752217,1.0,0.0,0.0,21,0.48148148148148145,0.374300601461028,0.374300601461028,0,0,,,,0.16499591554357396,0.0,0.9629629629629629,,,,,,
mean_of_samples,random,8,401,0.37228136749576846,1.0,0.0,0.0,21,0.0,0.3529319153367989,0.3015757908550978,0,0,,,,0.26708405817986514,0.0,0.0,,,,,,
simgp24,random,9,401,0.03894774321990293,0.9523809523809523,1.0,0.975609756097561,20,0.9230769230769231,0.03367255729051018,-0.03211728909437808,20,1,0.5384615384615384,0.8461538461538461,0.9615384615384616,0.12251650754340641,0.6666666666666666,0.8846153846153846,0.1,0.3,1.0,1.0,0.9,1.05
simgp24_g75,random,9,401,0.028951478965697774,1.0,1.0,1.0,20,0.9615384615384616,0.021781937613258234,-0.013130204350951212,20,0,0.5384615384615384,0.8846153846153846,0.9615384615384616,,,,,,,,,
simgp_timeblind,random,9,401,0.45326718490595763,1.0,0.0,0.0,20,0.3076923076923077,0.40277731945554474,0.40277731945554474,0,0,,,,0.18515184662290246,0.0,0.9615384615384616,,,,,,
mean_of_samples,random,9,401,0.37062694393887063,1.0,0.0,0.0,20,0.0,0.3508142698192182,0.29670715837806844,0,0,,,,0.2726358140054015,0.0,0.0,,,,,,
simgp24,random,10,401,0.03483651606995628,1.0,1.0,1.0,19,0.92,0.028537265864978133,-0.026729826916343683,19,0,0.56,0.88,0.96,0.12160659083213009,0.6666666666666666,0.88,0.1,0.3,1.0,1.0,0.9,1.05
simgp24_g75,random,10,401,0.02897907912455402,1.0,1.0,1.0,19,0.92,0.0212851976324175,-0.011670547096594385,19,0,0.48,0.88,0.96,,,,,,,,,
simgp_timeblind,random,10,401,0.2715438449910699,1.0,0.0,0.0,19,0.72,0.24623457317303246,0.24623457317303246,0,0,,,,0.2308675229351424,0.0,0.96,,,,,,
mean_of_samples,random,10,401,0.34807492908412274,1.0,0.0,0.0,19,0.0,0.33031817617117804,0.26466137394746503,0,0,,,,0.28376260615304144,0.0,0.0,,,,,,
simgp24,random,11,401,0.028576821935520372,1.0,1.0,1.0,18,0.9583333333333334,0.022263948031206317,-0.01861412845706663,18,0,0.6666666666666666,0.9166666666666666,1.0,0.12722144577268454,0.6666666666666666,0.875,0.1,0.3,1.0,1.0,0.9,1.05
simgp24_g75,random,11,401,0.028875618455460675,1.0,1.0,1.0,18,0.9166666666666666,0.021552924851607053,-0.011209407785247242,18,0,0.5833333333333334,0.875,0.9583333333333334,,,,,,,,,
simgp_timeblind,random,11,401,0.31440139787835364,1.0,0.0,0.0,18,0.6666666666666666,0.27189172816635354,0.27189172816635354,0,0,,,,0.2236865991602268,0.0,0.9166666666666666,,,,,,
mean_of_samples,random,11,401,0.3534619794134154,1.0,0.0,0.0,18,0.0,0.3342252117186833,0.269041604536034,0,0,,,,0.2866141911173188,0.0,0.0,,,,,,
simgp24,random,12,401,0.029685179320316953,1.0,1.0,1.0,17,0.9565217391304348,0.023980455867982017,-0.018014441960435546,17,0,0.6956521739130435,0.9130434782608695,0.9565217391304348,0.12415639279517521,1.0,0.8695652173913043,0.1,0.3,1.0,1.0,1.1,1.05
simgp24_g75,random,12,401,0.0303995639389344,1.0,1.0,1.0,17,0.8695652173913043,0.02263841277531562,-0.011569530742792291,17,0,0.43478260869565216,0.8260869565217391,0.9130434782608695,,,,,,,,,
simgp_timeblind,random,12,401,0.3073411848655652,1.0,0.0,0.0,17,0.6956521739130435,0.25631645298145583,0.25631645298145583,0,0,,,,0.2419557114465718,0.0,0.9130434782608695,,,,,,
mean_of_samples,random,12,401,0.3272382586290124,1.0,0.0,0.0,17,0.0,0.3097991009804702,0.2303241820363861,0,0,,,,0.29450976455665495,0.0,0.0,,,,,,
simgp24,random,13,401,0.030514907528325284,1.0,1.0,1.0,17,0.9545454545454546,0.02468573705102164,-0.018467505718014,17,0,0.6818181818181818,0.9090909090909091,0.9545454545454546,0.12543142378482797,1.0,0.8636363636363636,0.1,0.3,1.0,1.0,1.1,1.05
simgp24_g75,random,13,401,0.029436379908502414,1.0,1.0,1.0,17,0.8636363636363636,0.02154994924951967,-0.010036248740131289,17,0,0.45454545454545453,0.8181818181818182,0.9090909090909091,,,,,,,,,
simgp_timeblind,random,13,401,0.44645781661065226,1.0,0.0,0.0,17,0.36363636363636365,0.4031209442544052,0.4031209442544052,0,0,,,,0.17366438633650308,0.0,1.0,,,,,,
mean_of_samples,random,13,401,0.3645033601027044,1.0,0.0,0.0,17,0.0,0.3483211918213984,0.28598906465069085,0,0,,,,0.2673556068897609,0.0,0.0,,,,,,
simgp24,random,14,401,0.029982421419917634,1.0,1.0,1.0,17,0.9523809523809523,0.02401585126754183,-0.017779926975159017,17,0,0.6190476190476191,0.9047619047619048,0.9523809523809523,0.1270683372165517,1.0,0.8571428571428571,0.1,0.3,1.0,1.0,1.1,1.05
simgp24_g75,random,14,401,0.041521398769479446,1.0,1.0,1.0,17,0.8095238095238095,0.02800488163204134,-0.022013064968224343,17,0,0.3333333333333333,0.7619047619047619,0.9047619047619048,,,,,,,,,
simgp_timeblind,random,14,401,0.2787349078911866,1.0,0.0,0.0,17,0.7619047619047619,0.2526655918457943,0.2526655918457943,0,0,,,,0.23980001009862456,0.0,0.9047619047619048,,,,,,
mean_of_samples,random,14,401,0.387329094305624,1.0,0.0,0.0,17,0.0,0.37506822277175617,0.321929839960741,0,0,,,,0.2616394972407062,0.0,0.0,,,,,,
simgp24,random,15,401,0.030740144375953238,1.0,1.0,1.0,17,0.95,0.024970155045167166,-0.018696657920429606,17,0,0.6,0.9,0.95,0.12957914542612567,1.0,0.85,0.1,0.3,1.0,1.0,1.1,1.05
simgp24_g75,random,15,401,0.0422642485180795,1.0,1.0,1.0,17,0.8,0.02889087963194229,-0.022533213381258056,17,0,0.3,0.75,0.95,,,,,,,,,
simgp_timeblind,random,15,401,0.3700634831424266,1.0,0.0,0.0,17,0.45,0.33870231426755065,0.33870231426755065,0,0,,,,0.19922977144023166,0.0,1.0,,,,,,
mean_of_samples,random,15,401,0.4009252803040452,1.0,0.0,0.0,17,0.0,0.3878500541239058,0.3347293384297534,0,0,,,,0.2636080819157038,0.0,0.0,,,,,,
simgp24,uncertainty,3,401,0.03196283176174978,0.9583333333333334,1.0,0.9787234042553191,23,1.0,0.025425013714846567,-0.015872504208638324,23,1,0.78125,1.0,1.0,0.13389872435245406,0.6666666666666666,1.0,0.4,0.1,1.0,1.15,1.0,1.05
simgp24,uncertainty,4,401,0.031082925289738075,0.9565217391304348,1.0,0.9777777777777777,22,1.0,0.024565427253072928,-0.009827212783515189,22,1,0.8064516129032258,0.967741935483871,1.0,0.12576948205539829,0.6666666666666666,1.0,0.1,0.3,1.0,1.0,0.9,1.1
simgp24,uncertainty,5,401,0.033022828856205964,0.9545454545454546,1.0,0.9767441860465117,21,0.9666666666666667,0.026128155259206524,-0.02067162425731251,21,1,0.6333333333333333,0.9666666666666667,1.0,0.12653845407090386,0.6666666666666666,0.9666666666666667,0.4,0.1,0.0,1.0,0.9,0.9
simgp24,uncertainty,6,401,0.028451593760007433,0.9523809523809523,1.0,0.975609756097561,20,1.0,0.02205508722343148,-0.014388096873025044,20,1,0.896551724137931,1.0,1.0,0.10452205835887463,1.0,1.0,0.1,0.3,0.5,1.0,0.9,0.95
simgp24,uncertainty,7,401,0.03414845684672138,1.0,0.8947368421052632,0.9444444444444444,19,1.0,0.024384175472805917,0.011552106910305686,17,0,0.8214285714285714,1.0,1.0,0.11963848571276721,1.0,1.0,0.25,0.1,0.5,0.85,1.1,0.9
simgp24,uncertainty,8,401,0.04180196868886326,1.0,0.6111111111111112,0.7586206896551725,18,1.0,0.031933564954124374,0.023998183445155412,11,0,0.7407407407407407,1.0,1.0,0.12305764393445512,1.0,0.9629629629629629,0.1,0.1,1.0,0.85,1.1,0.9
simgp24,uncertainty,9,401,0.03411099383392381,1.0,0.6470588235294118,0.7857142857142858,17,1.0,0.02684892051823047,0.023780923687754384,11,0,0.7307692307692307,1.0,1.0,0.11267083875985484,1.0,0.9615384615384616,0.1,0.3,0.0,0.85,1.1,0.95
simgp24,uncertainty,10,401,0.03801341333554815,1.0,0.5625,0.72,16,1.0,0.03045820780129934,0.026425863260348334,9,0,0.72,1.0,1.0,0.11944984964305409,0.5,0.96,0.1,0.3,0.0,1.0,1.1,0.9
simgp24,uncertainty,11,401,0.04046476798443803,1.0,0.4,0.5714285714285715,15,1.0,0.033280994629407555,0.029944863873193506,6,0,0.625,1.0,1.0,0.12495871553153012,1.0,1.0,0.1,0.1,1.0,0.85,1.0,0.9
simgp24,uncertainty,12,401,0.0470628765296233,1.0,0.42857142857142855,0.6,14,1.0,0.03887371697432748,0.03602986857675216,6,0,0.9130434782608695,1.0,1.0,0.12811686792764845,1.0,1.0,0.1,0.1,1.0,0.85,1.1,0.9
simgp24,uncertainty,13,401,0.06565746606528979,1.0,0.6923076923076923,0.8181818181818181,13,0.9090909090909091,0.04496838505447164,0.041349074700642925,9,0,0.8181818181818182,0.8636363636363636,0.9090909090909091,0.21810596720305878,1.0,0.9090909090909091,0.1,0.1,1.0,0.85,1.1,0.9
simgp24,uncertainty,14,401,0.049869425893084934,1.0,0.5833333333333334,0.7368421052631579,12,1.0,0.03510017053767355,0.0337350650739066,7,0,0.6666666666666666,1.0,1.0,0.11879835657529955,1.0,1.0,0.1,0.1,1.0,0.85,1.0,0.9
simgp24,uncertainty,15,401,0.04169595923322296,1.0,0.5454545454545454,0.7058823529411764,11,1.0,0.030668875525331797,0.025465187309893368,6,0,0.75,1.0,1.0,0.08363065834499213,1.0,1.0,0.1,0.1,1.0,0.85,1.0,0.9
simgp24,straddle,3,401,0.03196283176174978,0.9583333333333334,1.0,0.9787234042553191,23,1.0,0.025425013714846567,-0.015872504208638324,23,1,0.78125,1.0,1.0,0.13389872435245406,0.6666666666666666,1.0,0.4,0.1,1.0,1.15,1.0,1.05
simgp24,straddle,4,401,0.033755356260731735,1.0,0.9090909090909091,0.9523809523809523,22,1.0,0.024147198789974924,0.01125086971102843,20,0,0.9032258064516129,1.0,1.0,0.12901587355452415,0.3333333333333333,1.0,0.25,0.1,0.5,1.0,0.9,0.9
simgp24,straddle,5,401,0.03331146890581806,1.0,0.8571428571428571,0.923076923076923,21,1.0,0.02500170138449231,0.010590042409773256,18,0,0.9666666666666667,1.0,1.0,0.1165653329101034,0.6666666666666666,1.0,0.1,0.1,1.0,0.85,1.1,0.9
simgp24,straddle,6,401,0.05067759098839405,1.0,0.5,0.6666666666666666,20,1.0,0.039746328904351244,0.03616913092967978,10,0,0.5862068965517241,1.0,1.0,0.13057886252512124,1.0,0.9655172413793104,0.1,0.3,0.0,0.85,1.1,0.95
simgp24,straddle,7,401,0.07650413511726525,1.0,0.47368421052631576,0.6428571428571429,19,1.0,0.05791839200680226,0.05607041643926053,9,0,0.5357142857142857,0.9285714285714286,1.0,0.19844974131435572,1.0,0.5714285714285714,0.1,0.1,1.0,0.85,1.1,0.9
simgp24,straddle,8,401,0.049863370590720206,1.0,0.5,0.6666666666666666,18,1.0,0.040731344325996705,0.03545365231473391,9,0,0.7407407407407407,1.0,1.0,0.12683269079886722,0.5,1.0,0.1,0.1,0.5,0.85,0.9,0.9
simgp24,straddle,9,401,0.06949573755860762,1.0,0.35294117647058826,0.5217391304347826,17,0.9615384615384616,0.061523908578873736,0.061523908578873736,6,0,0.4230769230769231,0.7307692307692307,1.0,0.1460115970166216,0.0,0.5769230769230769,0.1,0.1,1.0,0.85,0.9,0.9
simgp24,straddle,10,401,0.12261143310577155,1.0,0.25,0.4,16,0.76,0.11321198283997898,0.11321198283997898,4,0,0.32,0.56,0.88,0.2887312921730877,0.0,0.6,0.1,0.1,1.0,0.85,0.9,0.9
simgp24,straddle,11,401,0.14124259493614555,1.0,0.13333333333333333,0.23529411764705882,15,0.7083333333333334,0.1313010929669314,0.1313010929669314,2,0,0.25,0.5833333333333334,0.7916666666666666,0.4052757423789,0.0,0.5416666666666666,0.1,0.1,1.0,0.85,0.9,0.9
simgp24,straddle,12,401,0.1485758804246162,1.0,0.14285714285714285,0.25,14,0.6956521739130435,0.14009653674715103,0.14009653674715103,2,0,0.21739130434782608,0.5217391304347826,0.782608695652174,0.41665979418219634,0.0,0.43478260869565216,0.1,0.1,1.0,0.85,0.9,0.9
simgp24,straddle,13,401,0.15640808208675003,1.0,0.0,0.0,13,0.5909090909090909,0.1476111848300985,0.1476111848300985,0,0,0.13636363636363635,0.5,0.7272727272727273,0.3988741244885512,0.0,0.45454545454545453,0.1,0.1,1.0,0.85,1.1,0.9
simgp24,straddle,14,401,0.11734784483851113,1.0,0.0,0.0,12,1.0,0.11045716495300255,0.10420400699360018,0,0,0.19047619047619047,0.7142857142857143,1.0,0.2963417660272222,0.0,0.8571428571428571,0.1,0.1,1.0,0.85,1.1,0.95
simgp24,straddle,15,401,0.0944217933131093,1.0,0.09090909090909091,0.16666666666666669,11,1.0,0.0894306146108414,0.0733955231761271,1,0,0.45,0.95,1.0,0.228134841949026,0.0,0.95,0.1,0.1,1.0,0.85,1.1,1.0
simgp24,straddle_min,3,401,0.03196283176174978,0.9583333333333334,1.0,0.9787234042553191,23,1.0,0.025425013714846567,-0.015872504208638324,23,1,0.78125,1.0,1.0,0.13389872435245406,0.6666666666666666,1.0,0.4,0.1,1.0,1.15,1.0,1.05
simgp24,straddle_min,4,401,0.03273802576380329,0.9545454545454546,0.9545454545454546,0.9545454545454546,22,1.0,0.024664690823770496,-0.0024393436437785995,21,1,0.8387096774193549,1.0,1.0,0.13718731553006724,0.6666666666666666,1.0,0.25,0.1,1.0,1.0,0.9,0.95
simgp24,straddle_min,5,401,0.03341024200745632,0.9545454545454546,1.0,0.9767441860465117,21,1.0,0.02667354415914407,-0.01330195993217462,21,1,0.8666666666666667,0.9666666666666667,1.0,0.12330870059935305,0.6666666666666666,1.0,0.4,0.1,0.0,1.0,0.9,0.9
simgp24,straddle_min,6,401,0.0339559067088247,0.9523809523809523,1.0,0.975609756097561,20,1.0,0.027007995195079338,-0.007233959330631336,20,1,0.896551724137931,0.9655172413793104,1.0,0.13222020759671452,0.6666666666666666,1.0,0.4,0.1,0.0,1.0,0.9,0.9
simgp24,straddle_min,7,401,0.033270841149302295,0.95,1.0,0.9743589743589743,19,0.9642857142857143,0.026881955750299346,-0.009860141308831973,19,1,0.7857142857142857,0.9285714285714286,1.0,0.13278725784652648,0.6666666666666666,1.0,0.4,0.1,0.0,1.0,0.9,0.9
simgp24,straddle_min,8,401,0.03530973058343914,0.9473684210526315,1.0,0.972972972972973,18,0.9629629629629629,0.0293443723329765,-0.017516918198276735,18,1,0.5555555555555556,0.8888888888888888,0.9629629629629629,0.12811451566056403,0.6666666666666666,1.0,0.25,0.3,0.0,1.0,1.1,1.0
simgp24,straddle_min,9,401,0.03518481575155195,0.9473684210526315,1.0,0.972972972972973,18,0.9615384615384616,0.029577022061021915,-0.01764286424780778,18,1,0.5384615384615384,0.8846153846153846,1.0,0.1284216503684443,0.6666666666666666,1.0,0.25,0.3,0.0,1.0,1.1,1.0
simgp24,straddle_min,10,401,0.030802134173740486,0.9444444444444444,1.0,0.9714285714285714,17,1.0,0.0249940449991239,-0.013827446972606718,17,1,0.8,1.0,1.0,0.09374653039554269,1.0,1.0,0.1,0.3,1.0,1.0,0.9,1.05
simgp24,straddle_min,11,401,0.04883032465902711,0.9411764705882353,1.0,0.9696969696969697,16,1.0,0.034766967801670955,-0.011212466512419835,16,1,0.625,0.9166666666666666,1.0,0.1118761303352057,0.6666666666666666,1.0,0.1,0.3,1.0,1.0,0.9,1.05
simgp24,straddle_min,12,401,0.03902224986556134,0.9375,1.0,0.967741935483871,15,1.0,0.029344060242039317,-0.0023923817270047163,15,1,0.7391304347826086,1.0,1.0,0.1157682292069707,1.0,1.0,0.1,0.3,0.0,0.85,0.9,0.9
simgp24,straddle_min,13,401,0.04458655794044956,0.9333333333333333,1.0,0.9655172413793104,14,1.0,0.03345121056760472,0.00033383045880733703,14,1,0.7272727272727273,1.0,1.0,0.12038687439772428,0.6666666666666666,1.0,0.1,0.3,0.5,0.85,0.9,1.0
simgp24,straddle_min,14,401,0.042468880143323215,0.9285714285714286,1.0,0.962962962962963,13,1.0,0.034214688283913684,0.005421282011815718,13,1,0.6190476190476191,0.9523809523809523,1.0,0.15605415672035441,0.6666666666666666,0.9047619047619048,0.1,0.3,0.5,1.0,0.9,1.0
simgp24,straddle_min,15,401,0.04107496790289416,0.9166666666666666,0.9166666666666666,0.9166666666666666,12,1.0,0.030163587493131194,0.009040516215032265,11,1,0.85,1.0,1.0,0.1140213046479443,0.6666666666666666,1.0,0.1,0.3,0.0,0.85,0.9,0.9
simgp24,random,3,402,0.09220142201708756,0.782608695652174,1.0,0.878048780487805,18,0.84375,0.06643656507962523,-0.06538926146969726,18,5,0.4375,0.71875,0.84375,0.09291958770952119,0.8,1.0,0.1,0.3,1.0,1.15,0.9,1.0
simgp24_g75,random,3,402,0.07326061860887466,0.8181818181818182,1.0,0.9,18,0.84375,0.04881422111089251,-0.04405595661961846,18,4,0.46875,0.78125,0.84375,,,,,,,,,
simgp_timeblind,random,3,402,0.17759638185966742,1.0,0.2222222222222222,0.3636363636363636,18,0.84375,0.12121540411173015,0.09386369597367977,4,0,,,,0.39486769674673294,0.4,0.875,,,,,,
mean_of_samples,random,3,402,0.2837412787709959,1.0,0.0,0.0,18,0.0,0.244319413606643,0.07515936674305396,0,0,,,,0.43352061989266866,0.0,0.0,,,,,,
simgp24,random,4,402,0.06697758356497362,0.8181818181818182,1.0,0.9,18,0.9032258064516129,0.04891367075867502,-0.04292939299059948,18,4,0.6129032258064516,0.8064516129032258,0.9354838709677419,0.1002474425203172,0.8,1.0,0.1,0.3,1.0,1.15,0.9,1.05
simgp24_g75,random,4,402,0.07253425735218606,0.8947368421052632,0.9444444444444444,0.918918918918919,18,0.8387096774193549,0.04585131901620136,-0.03621762210707959,17,2,0.41935483870967744,0.7419354838709677,0.8387096774193549,,,,,,,,,
simgp_timeblind,random,4,402,0.19662396940892016,1.0,0.2222222222222222,0.3636363636363636,18,0.7419354838709677,0.14120553202578395,0.11993225719092405,4,0,,,,0.36832074258684155,0.4,0.2903225806451613,,,,,,
mean_of_samples,random,4,402,0.2828158177851997,1.0,0.0,0.0,18,0.0,0.2354710928052218,0.05281792049345529,0,0,,,,0.4410559335832123,0.0,0.0,,,,,,
simgp24,random,5,402,0.07116238120387593,0.8095238095238095,1.0,0.8947368421052632,17,0.8666666666666667,0.04860057887473477,-0.04113827886895453,17,4,0.6333333333333333,0.8333333333333334,0.9333333333333333,0.0897775312411944,0.6,1.0,0.1,0.3,0.5,1.0,1.1,0.95
simgp24_g75,random,5,402,0.08231772721303392,0.9444444444444444,1.0,0.9714285714285714,17,0.8333333333333334,0.047964391083432464,-0.04119550984741955,17,1,0.6,0.7333333333333333,0.8333333333333334,,,,,,,,,
simgp_timeblind,random,5,402,0.20040151026326267,1.0,0.11764705882352941,0.21052631578947367,17,0.6,0.14936437112066356,0.12927949136720668,2,0,,,,0.3657010749279981,0.2,0.3,,,,,,
mean_of_samples,random,5,402,0.28216574135510103,1.0,0.0,0.0,17,0.0,0.21924172922423638,0.018255766472074084,0,0,,,,0.4680130880801396,0.0,0.0,,,,,,
simgp24,random,6,402,0.058946366776284155,0.8888888888888888,1.0,0.9411764705882353,16,0.9310344827586207,0.0420962708657226,-0.03030888385365995,16,2,0.5862068965517241,0.8275862068965517,0.9310344827586207,0.09131400429919186,0.5,0.9655172413793104,0.1,0.3,0.5,1.0,1.1,0.95
simgp24_g75,random,6,402,0.08575635917273094,0.9411764705882353,1.0,0.9696969696969697,16,0.8275862068965517,0.047763340625300514,-0.03679151911116157,16,1,0.5172413793103449,0.7586206896551724,0.8275862068965517,,,,,,,,,
simgp_timeblind,random,6,402,0.14895457168158957,1.0,0.125,0.2222222222222222,16,0.896551724137931,0.10516593876178133,0.07541435679684669,2,0,,,,0.3805523489234209,0.25,0.6896551724137931,,,,,,
mean_of_samples,random,6,402,0.2845818569843357,1.0,0.0,0.0,16,0.0,0.20727327775863683,-0.00966168094127617,0,0,,,,0.4900095564085512,0.0,0.0,,,,,,
simgp24,random,7,402,0.04756732184722128,0.9375,0.9375,0.9375,16,0.9285714285714286,0.03608113118820817,-0.021479582181549075,15,1,0.6071428571428571,0.8571428571428571,0.9285714285714286,0.09296994092207894,0.5,0.9642857142857143,0.1,0.3,1.0,1.15,1.0,1.1
simgp24_g75,random,7,402,0.04402836227495978,1.0,0.9375,0.967741935483871,16,0.9285714285714286,0.030444808937610823,-0.013176415404431872,15,0,0.5357142857142857,0.8214285714285714,0.9285714285714286,,,,,,,,,
simgp_timeblind,random,7,402,0.21299816540189118,1.0,0.125,0.2222222222222222,16,0.8214285714285714,0.15864052680035862,0.15158279048827247,2,0,,,,0.351150830376826,0.25,0.6428571428571429,,,,,,
mean_of_samples,random,7,402,0.29526771457963563,1.0,0.0,0.0,16,0.0,0.26667372613155355,0.12333400054817541,0,0,,,,0.4060138327914666,0.0,0.0,,,,,,
simgp24,random,8,402,0.046732325428454194,0.8823529411764706,1.0,0.9375,15,0.9629629629629629,0.03465123420335732,-0.021007811889148,15,2,0.48148148148148145,0.8518518518518519,0.9629629629629629,0.1012787246854369,0.6666666666666666,0.9629629629629629,0.1,0.3,1.0,1.15,1.0,1.1
simgp24_g75,random,8,402,0.03941564686861763,0.875,0.9333333333333333,0.9032258064516129,15,0.9629629629629629,0.02848671519249854,-0.00878365713895487,14,2,0.48148148148148145,0.7407407407407407,0.9629629629629629,,,,,,,,,
simgp_timeblind,random,8,402,0.15359092274764272,1.0,0.13333333333333333,0.23529411764705882,15,0.8518518518518519,0.10300850247893979,0.09742297284794599,2,0,,,,0.3781886359775097,0.3333333333333333,0.5555555555555556,,,,,,
mean_of_samples,random,8,402,0.28658003982076286,1.0,0.0,0.0,15,0.0,0.24919531861298092,0.08980707369746284,0,0,,,,0.42863873336737124,0.0,0.0,,,,,,
simgp24,random,9,402,0.05991003536842873,0.7894736842105263,1.0,0.8823529411764706,15,0.9230769230769231,0.043113485774219626,-0.028636285795512948,15,4,0.5384615384615384,0.8846153846153846,0.9615384615384616,0.104067072361927,0.6666666666666666,0.9230769230769231,0.1,0.3,1.0,1.15,1.0,1.1
simgp24_g75,random,9,402,0.06505515857817348,0.8823529411764706,1.0,0.9375,15,0.8461538461538461,0.040117449111162815,-0.024845719914491766,15,2,0.38461538461538464,0.8076923076923077,0.8846153846153846,,,,,,,,,
simgp_timeblind,random,9,402,0.1747060987703947,1.0,0.13333333333333333,0.23529411764705882,15,0.5384615384615384,0.12871703903915163,0.11897251371702613,2,0,,,,0.3642436439158736,0.3333333333333333,0.34615384615384615,,,,,,
mean_of_samples,random,9,402,0.2919943205792499,1.0,0.0,0.0,15,0.0,0.25605307918175696,0.09145742367848027,0,0,,,,0.4293359208790448,0.0,0.0,,,,,,
simgp24,random,10,402,0.09095816676187456,0.7777777777777778,1.0,0.8750000000000001,14,0.92,0.06268709587637267,-0.06260164967863344,14,4,0.44,0.88,0.96,0.06679054380729302,1.0,1.0,0.1,0.3,1.0,1.0,1.1,1.1
simgp24_g75,random,10,402,0.14421989389891837,0.9333333333333333,1.0,0.9655172413793104,14,0.76,0.08268148989061634,-0.08233597410644844,14,1,0.36,0.56,0.88,,,,,,,,,
simgp_timeblind,random,10,402,0.12291785199171106,1.0,0.14285714285714285,0.25,14,0.68,0.09974693033947667,0.09698175365251664,2,0,,,,0.35411292962932645,0.3333333333333333,0.56,,,,,,
mean_of_samples,random,10,402,0.284746487841551,1.0,0.0,0.0,14,0.0,0.23683841086126883,0.05402217568121882,0,0,,,,0.45632549466330247,0.0,0.0,,,,,,
simgp24,random,11,402,0.051206941338141215,0.8235294117647058,1.0,0.9032258064516129,14,0.9166666666666666,0.03862829188850742,-0.032585198360739365,14,3,0.5833333333333334,0.9166666666666666,1.0,0.08170107816663094,0.6666666666666666,1.0,0.1,0.3,1.0,1.0,1.1,1.1
simgp24_g75,random,11,402,0.10215540774764933,0.9333333333333333,1.0,0.9655172413793104,14,0.875,0.06299299197183081,-0.06271367615922961,14,1,0.3333333333333333,0.5833333333333334,0.9583333333333334,,,,,,,,,
simgp_timeblind,random,11,402,0.155467986252232,1.0,0.07142857142857142,0.13333333333333333,14,0.7083333333333334,0.123801275829364,0.11542641247047025,1,0,,,,0.3318507069205072,0.3333333333333333,0.5416666666666666,,,,,,
mean_of_samples,random,11,402,0.30033339355240096,1.0,0.0,0.0,14,0.0,0.26709494108876036,0.09534597419599034,0,0,,,,0.4198761596118115,0.0,0.0,,,,,,
simgp24,random,12,402,0.09093990783782474,0.875,1.0,0.9333333333333333,14,0.9130434782608695,0.061620169480342234,-0.061035138805913325,14,2,0.391304347826087,0.8695652173913043,0.9565217391304348,0.07566582155777907,0.6666666666666666,1.0,0.1,0.3,1.0,1.0,1.1,1.1
simgp24_g75,random,12,402,0.10183645171598864,1.0,1.0,1.0,14,0.8260869565217391,0.062429883186414764,-0.06195039350380026,14,0,0.391304347826087,0.5652173913043478,0.9565217391304348,,,,,,,,,
simgp_timeblind,random,12,402,0.24113701959611894,0.8,0.2857142857142857,0.4210526315789473,14,0.6521739130434783,0.17214864398505952,0.1627835263884271,4,1,,,,0.28969634998139165,0.6666666666666666,0.782608695652174,,,,,,
mean_of_samples,random,12,402,0.29917380629866985,1.0,0.0,0.0,14,0.0,0.26014683692947427,0.07343374133167435,0,0,,,,0.43044286182159774,0.0,0.0,,,,,,
simgp24,random,13,402,0.09464789972734977,0.8666666666666667,1.0,0.9285714285714286,13,0.9090909090909091,0.0595184693858829,-0.05909284649063546,13,2,0.45454545454545453,0.8181818181818182,0.9090909090909091,0.08009810336365258,0.6666666666666666,1.0,0.1,0.3,0.5,0.85,0.9,1.1
simgp24_g75,random,13,402,0.2685377899437172,0.7647058823529411,1.0,0.8666666666666666,13,0.09090909090909091,0.1772468909575592,-0.1772468909575592,13,4,0.045454545454545456,0.09090909090909091,0.13636363636363635,,,,,,,,,
simgp_timeblind,random,13,402,0.22758125334819612,0.8,0.3076923076923077,0.4444444444444444,13,0.6818181818181818,0.16231394986270867,0.15282762677365314,4,1,,,,0.293814906773076,0.6666666666666666,0.7272727272727273,,,,,,
mean_of_samples,random,13,402,0.3076412887234608,1.0,0.0,0.0,13,0.0,0.27380174511411703,0.08893078541325362,0,0,,,,0.4262794006731017,0.0,0.0,,,,,,
simgp24,random,14,402,0.09728998080353586,0.8571428571428571,1.0,0.923076923076923,12,0.9047619047619048,0.05873823017862912,-0.057383436592182695,12,2,0.47619047619047616,0.8095238095238095,0.9523809523809523,0.08310565370161552,0.6666666666666666,1.0,0.1,0.3,0.5,0.85,0.9,1.1
simgp24_g75,random,14,402,0.2773164531252164,0.75,1.0,0.8571428571428571,12,0.14285714285714285,0.18271808018502134,-0.18271808018502134,12,4,0.047619047619047616,0.09523809523809523,0.2857142857142857,,,,,,,,,
simgp_timeblind,random,14,402,0.20516216182560512,0.8,0.3333333333333333,0.47058823529411764,12,0.7619047619047619,0.1488998618541148,0.13879370244817396,4,1,,,,0.2909329978703292,0.3333333333333333,0.8095238095238095,,,,,,
mean_of_samples,random,14,402,0.307471156044548,1.0,0.0,0.0,12,0.0,0.2684672568359862,0.0678506361786383,0,0,,,,0.44041529850191496,0.0,0.0,,,,,,
simgp24,random,15,402,0.0609865652133027,0.8461538461538461,1.0,0.9166666666666666,11,0.9,0.045331587051883115,-0.044823955372375504,11,2,0.55,0.9,0.95,0.08013573022642231,1.0,1.0,0.1,0.3,0.5,0.85,0.9,1.1
simgp24_g75,random,15,402,0.2838467287228222,0.7333333333333333,1.0,0.846153846153846,11,0.15,0.18931815357404153,-0.18931815357404153,11,4,0.05,0.1,0.2,,,,,,,,,
simgp_timeblind,random,15,402,0.18423532757962302,0.75,0.2727272727272727,0.39999999999999997,11,0.85,0.13294403700850727,0.1218514324263075,3,1,,,,0.2987389517841959,0.3333333333333333,0.8,,,,,,
mean_of_samples,random,15,402,0.3095657242151524,1.0,0.0,0.0,11,0.0,0.26783296992175,0.05545308562203684,0,0,,,,0.4514602586285382,0.0,0.0,,,,,,
simgp24,uncertainty,3,402,0.09220142201708756,0.782608695652174,1.0,0.878048780487805,18,0.84375,0.06643656507962523,-0.06538926146969726,18,5,0.4375,0.71875,0.84375,0.09291958770952119,0.8,1.0,0.1,0.3,1.0,1.15,0.9,1.0
simgp24,uncertainty,4,402,0.09463758358965546,0.7391304347826086,1.0,0.85,17,0.8709677419354839,0.07173341889795497,-0.07144069964268432,17,6,0.3225806451612903,0.7741935483870968,0.9354838709677419,0.10660550992724639,0.25,1.0,0.1,0.3,1.0,1.15,1.1,0.95
simgp24,uncertainty,5,402,0.09321281748523097,0.875,0.875,0.875,16,1.0,0.054621764744298223,-0.04028736826718329,14,2,0.8,0.9666666666666667,1.0,0.0997910624405888,0.75,1.0,0.1,0.1,1.0,0.85,1.1,0.9
simgp24,uncertainty,6,402,0.10452007840383103,0.8,0.8,0.8000000000000002,15,1.0,0.06230221472947201,-0.04522939483158229,12,3,0.7586206896551724,0.9310344827586207,1.0,0.12108411090108434,1.0,1.0,0.1,0.1,1.0,1.0,1.1,0.9
simgp24,uncertainty,7,402,0.06482465453512658,0.8333333333333334,0.7142857142857143,0.7692307692307692,14,0.9642857142857143,0.04980986108777359,0.010578014334662609,10,2,0.6785714285714286,0.8571428571428571,1.0,0.12766620236098378,0.0,0.8928571428571429,0.25,0.1,0.0,1.0,0.9,0.9
simgp24,uncertainty,8,402,0.060215540038269115,1.0,0.7692307692307693,0.8695652173913044,13,1.0,0.04761904649520297,-0.0026457219510233826,10,0,0.6296296296296297,0.9629629629629629,1.0,0.11740287570634768,0.5,0.9629629629629629,0.25,0.1,0.0,1.0,0.9,0.9
simgp24,uncertainty,9,402,0.06550653315428985,0.8461538461538461,0.8461538461538461,0.8461538461538461,13,1.0,0.05125069609502216,-0.02003930872448745,11,2,0.6153846153846154,0.9230769230769231,1.0,0.1332236607373533,0.0,0.8846153846153846,0.1,0.3,0.0,1.0,1.1,0.9
simgp24,uncertainty,10,402,0.06667855466421746,0.8461538461538461,0.8461538461538461,0.8461538461538461,13,1.0,0.05219828305004425,-0.02268691665979494,11,2,0.6,0.92,1.0,0.13546562676316068,0.0,0.88,0.1,0.3,0.0,1.0,1.1,0.95
simgp24,uncertainty,11,402,0.0691820459871222,0.8461538461538461,0.8461538461538461,0.8461538461538461,13,1.0,0.053147808215239206,-0.02460960888026965,11,2,0.625,0.875,1.0,0.13554560066993104,0.0,0.875,0.1,0.3,0.0,1.0,1.1,0.9
simgp24,uncertainty,12,402,0.05782590361561061,0.8571428571428571,0.9230769230769231,0.888888888888889,13,1.0,0.04625631559226304,-0.017297646642292296,12,2,0.5217391304347826,0.8695652173913043,1.0,0.1366438822043363,0.0,0.8695652173913043,0.1,0.3,0.5,1.0,1.1,1.05
simgp24,uncertainty,13,402,0.06933780578724183,0.75,1.0,0.8571428571428571,12,0.9545454545454546,0.05567736752046078,-0.038305006243547,12,4,0.5,0.8181818181818182,1.0,0.15048381697277832,0.0,0.9090909090909091,0.1,0.3,0.5,1.0,1.1,1.0
simgp24,uncertainty,14,402,0.09095588065782721,0.6875,1.0,0.8148148148148148,11,0.8095238095238095,0.06949199153870275,-0.056936752904296256,11,5,0.3333333333333333,0.6666666666666666,0.9047619047619048,0.1428878900532138,0.0,0.9047619047619048,0.1,0.3,0.5,1.0,1.1,1.05
simgp24,uncertainty,15,402,0.10567669243924294,0.625,1.0,0.7692307692307693,10,0.65,0.08359757857123118,-0.07407955969336785,10,6,0.15,0.65,0.8,0.1250898654701959,0.0,0.95,0.1,0.3,0.5,1.0,1.1,1.0
simgp24,straddle,3,402,0.09220142201708756,0.782608695652174,1.0,0.878048780487805,18,0.84375,0.06643656507962523,-0.06538926146969726,18,5,0.4375,0.71875,0.84375,0.09291958770952119,0.8,1.0,0.1,0.3,1.0,1.15,0.9,1.0
simgp24,straddle,4,402,0.09279711139645629,0.7727272727272727,1.0,0.8717948717948718,17,0.9032258064516129,0.06373465605694645,-0.0599688674744691,17,5,0.5806451612903226,0.8387096774193549,0.9032258064516129,0.11601714720711472,0.75,0.9354838709677419,0.1,0.3,1.0,1.15,1.1,0.9
simgp24,straddle,5,402,0.08622567933732182,0.8666666666666667,0.8125,0.8387096774193549,16,1.0,0.050874659158953985,-0.03684528089503552,13,2,0.8,0.9333333333333333,1.0,0.09828614083358507,0.75,1.0,0.1,0.3,0.0,0.85,1.1,1.0
simgp24,straddle,6,402,0.09677318303947612,0.75,0.8,0.7741935483870969,15,1.0,0.05871625414398996,-0.04262231714487043,12,4,0.6551724137931034,0.896551724137931,1.0,0.11958679092992534,1.0,0.9655172413793104,0.1,0.1,1.0,1.0,1.0,0.9
simgp24,straddle,7,402,0.05512329759979984,0.8571428571428571,0.8571428571428571,0.8571428571428571,14,0.9285714285714286,0.040640548013906354,-0.012569502068651098,12,2,0.5357142857142857,0.8571428571428571,1.0,0.13065997218733152,1.0,0.8571428571428571,0.25,0.1,0.5,1.0,1.0,0.9
simgp24,straddle,8,402,0.05861599054203609,0.8461538461538461,0.8461538461538461,0.8461538461538461,13,0.9629629629629629,0.0405346596370857,-0.01926660098406978,11,2,0.5925925925925926,0.8888888888888888,1.0,0.13272370757682753,1.0,0.8518518518518519,0.25,0.1,0.5,1.0,1.0,0.9
simgp24,straddle,9,402,0.13320042013578576,0.7058823529411765,1.0,0.8275862068965517,12,0.9615384615384616,0.08163300456135839,-0.08064193898611934,12,5,0.38461538461538464,0.7692307692307693,1.0,0.2601023858571469,1.0,1.0,0.25,0.1,1.0,1.0,1.0,0.95
simgp24,straddle,10,402,0.16307012518971378,0.6470588235294118,1.0,0.7857142857142858,11,0.88,0.10063613901140407,-0.10054894481830284,11,6,0.28,0.72,0.92,0.110324161555251,1.0,1.0,0.1,0.3,0.5,1.0,1.1,1.0
simgp24,straddle,11,402,0.14354741793064102,0.6666666666666666,1.0,0.8,10,1.0,0.09800538479793701,-0.09800538479793701,10,5,0.3333333333333333,0.9166666666666666,1.0,0.0748318887862142,1.0,1.0,0.1,0.3,1.0,1.0,1.1,1.1
simgp24,straddle,12,402,0.17082095635264088,0.5625,1.0,0.72,9,1.0,0.10625312678599626,-0.10592156028191477,9,7,0.5217391304347826,0.9130434782608695,1.0,0.08588138004386309,1.0,1.0,0.1,0.3,0.0,0.85,0.9,0.9
simgp24,straddle,13,402,0.24423395749425553,0.5,1.0,0.6666666666666666,8,0.5909090909090909,0.1642699504072574,-0.1642699504072574,8,8,0.13636363636363635,0.5,0.8181818181818182,0.05152111905986936,1.0,1.0,0.1,0.3,1.0,1.0,1.1,1.1
simgp24,straddle,14,402,0.2609966308815474,0.4666666666666667,1.0,0.6363636363636364,7,0.5714285714285714,0.1775916863898967,-0.1775916863898967,7,8,0.14285714285714285,0.47619047619047616,0.8095238095238095,0.058692511952514854,1.0,1.0,0.1,0.3,0.5,1.0,1.1,1.0
simgp24,straddle,15,402,0.26683908240642934,0.42857142857142855,1.0,0.6,6,0.55,0.18393456154271642,-0.18393456154271642,6,8,0.1,0.45,0.8,0.061940693941344,1.0,1.0,0.1,0.3,0.5,1.0,1.1,1.0
simgp24,straddle_min,3,402,0.09220142201708756,0.782608695652174,1.0,0.878048780487805,18,0.84375,0.06643656507962523,-0.06538926146969726,18,5,0.4375,0.71875,0.84375,0.09291958770952119,0.8,1.0,0.1,0.3,1.0,1.15,0.9,1.0
simgp24,straddle_min,4,402,0.06933504903603116,0.8095238095238095,1.0,0.8947368421052632,17,0.8387096774193549,0.047771388587799016,-0.044393291752716335,17,4,0.4838709677419355,0.8064516129032258,0.9032258064516129,0.10989307360768105,0.6,0.967741935483871,0.1,0.3,0.0,0.85,0.9,0.95
simgp24,straddle_min,5,402,0.05652953823083166,0.8823529411764706,0.9375,0.9090909090909091,16,0.9,0.04033804111952388,-0.025032185349935312,15,2,0.6666666666666666,0.8333333333333334,0.9666666666666667,0.12245350749167239,0.6,0.8333333333333334,0.1,0.3,0.0,0.85,0.9,0.95
simgp24,straddle_min,6,402,0.06530082282889996,0.8333333333333334,1.0,0.9090909090909091,15,0.8620689655172413,0.04317700494521395,-0.03819298127815332,15,3,0.6206896551724138,0.8275862068965517,0.9655172413793104,0.113003971208113,0.6,0.8275862068965517,0.1,0.3,0.0,0.85,0.9,0.9
simgp24,straddle_min,7,402,0.04879905931795451,1.0,1.0,1.0,14,0.9285714285714286,0.035341056369022954,-0.020056584601084854,14,0,0.6428571428571429,0.8214285714285714,0.9642857142857143,0.12566277681837335,0.6,0.75,0.1,0.3,0.0,0.85,1.0,0.95
simgp24,straddle_min,8,402,0.15844906947627585,0.6842105263157895,1.0,0.8125000000000001,13,0.9259259259259259,0.09352258956350043,-0.09145610317297953,13,6,0.5185185185185185,0.6666666666666666,0.9629629629629629,0.1381710636680225,0.4,0.9629629629629629,0.1,0.3,0.0,0.85,1.0,1.0
simgp24,straddle_min,9,402,0.060491040138501616,1.0,0.8333333333333334,0.9090909090909091,12,1.0,0.03970319073629253,-0.03095725146326188,10,0,0.8846153846153846,1.0,1.0,0.1307882229601702,0.6,0.9230769230769231,0.1,0.3,0.0,0.85,1.0,0.95
simgp24,straddle_min,10,402,0.04894473789726801,1.0,1.0,1.0,11,0.88,0.03493001443308738,-0.023017116240002414,11,0,0.72,0.84,0.96,0.12342232541918166,0.6,0.8,0.1,0.3,0.0,0.85,1.0,0.95
simgp24,straddle_min,11,402,0.05202761962074732,1.0,1.0,1.0,10,0.8333333333333334,0.037376116629942,-0.028252286610262096,10,0,0.625,0.8333333333333334,0.9166666666666666,0.12386753002081488,0.6,0.7916666666666666,0.1,0.3,0.0,0.85,1.0,0.9
simgp24,straddle_min,12,402,0.05153558386660916,1.0,1.0,1.0,10,0.8260869565217391,0.03636997377738672,-0.02986954831498767,10,0,0.6086956521739131,0.8260869565217391,0.8695652173913043,0.12235669086372325,0.6,0.782608695652174,0.1,0.3,0.0,0.85,1.1,0.9
simgp24,straddle_min,13,402,0.05958922840975476,0.9,1.0,0.9473684210526316,9,0.7727272727272727,0.04366575314193437,-0.037664688763355714,9,1,0.45454545454545453,0.7272727272727273,0.8181818181818182,0.12631139186538412,0.5,0.7727272727272727,0.1,0.3,0.0,0.85,0.9,0.9
simgp24,straddle_min,14,402,0.11861124517863164,0.6923076923076923,1.0,0.8181818181818181,9,0.9047619047619048,0.08811733995616731,-0.0877562942102639,9,4,0.38095238095238093,0.7142857142857143,0.9523809523809523,0.1251002313911904,0.5,0.8571428571428571,0.1,0.3,0.0,0.85,0.9,0.9
simgp24,straddle_min,15,402,0.07541256895389889,0.75,1.0,0.8571428571428571,9,0.85,0.06068043473012515,-0.060271706655843124,9,3,0.7,0.8,0.9,0.14810491161788863,0.5,0.9,0.1,0.3,0.0,0.85,1.1,0.9
simgp24,random,3,403,0.06983617053699133,0.8846153846153846,1.0,0.9387755102040816,23,0.71875,0.06265160666168615,-0.057990263706047734,23,3,0.28125,0.625,0.875,0.11354782595797167,0.875,0.96875,0.1,1.0,0.0,1.0,0.9,1.0
simgp24_g75,random,3,403,0.06007303248394501,0.8846153846153846,1.0,0.9387755102040816,23,0.6875,0.054246371469380855,-0.04605172330665515,23,3,0.28125,0.40625,0.78125,,,,,,,,,
simgp_timeblind,random,3,403,0.21422549243823114,1.0,0.13043478260869565,0.23076923076923078,23,0.65625,0.1739118558203457,0.1739118558203457,3,0,,,,0.2968235465322322,0.25,0.5625,,,,,,
mean_of_samples,random,3,403,0.22527767664463108,1.0,0.0,0.0,23,0.0,0.19326071814272583,0.07613036195728229,0,0,,,,0.36077119364128185,0.0,0.0,,,,,,
simgp24,random,4,403,0.09273166606668433,0.88,1.0,0.9361702127659575,22,0.5806451612903226,0.0850967776883882,-0.0850967776883882,22,3,0.0967741935483871,0.3870967741935484,0.8064516129032258,0.07128541159565778,0.8571428571428571,1.0,0.1,1.0,0.0,1.0,0.9,1.1
simgp24_g75,random,4,403,0.08232738654770907,0.88,1.0,0.9361702127659575,22,0.5161290322580645,0.07257628685681088,-0.07257628685681088,22,3,0.0967741935483871,0.3870967741935484,0.6129032258064516,,,,,,,,,
simgp_timeblind,random,4,403,0.19300971718618812,1.0,0.18181818181818182,0.3076923076923077,22,0.6774193548387096,0.1564490567769287,0.1564490567769287,4,0,,,,0.2918174894678347,0.42857142857142855,0.5483870967741935,,,,,,
mean_of_samples,random,4,403,0.238491149489038,1.0,0.0,0.0,22,0.0,0.21310920700000666,0.10494274166404888,0,0,,,,0.34561075217334464,0.0,0.0,,,,,,
simgp24,random,5,403,0.115234035128597,0.875,1.0,0.9333333333333333,21,0.7,0.0918357327361053,-0.0918357327361053,21,3,0.06666666666666667,0.43333333333333335,0.8666666666666667,0.060147766377751696,0.8333333333333334,1.0,0.1,0.6,0.5,1.0,0.9,1.05
simgp24_g75,random,5,403,0.09261094457195293,0.875,1.0,0.9333333333333333,21,0.6,0.07207910734877791,-0.07158582641290437,21,3,0.23333333333333334,0.4,0.8,,,,,,,,,
simgp_timeblind,random,5,403,0.19481955940696172,1.0,0.19047619047619047,0.32,21,0.5333333333333333,0.1548234639900231,0.1548234639900231,4,0,,,,0.29755247852238703,0.5,0.5333333333333333,,,,,,
mean_of_samples,random,5,403,0.22696246189553487,1.0,0.0,0.0,21,0.0,0.193840389242147,0.07023757893240225,0,0,,,,0.36848056636375975,0.0,0.0,,,,,,
simgp24,random,6,403,0.0543337376053234,0.8695652173913043,1.0,0.9302325581395349,20,0.896551724137931,0.04533048649025305,-0.0259873527450533,20,3,0.5517241379310345,0.8275862068965517,0.9310344827586207,0.09528831214965304,0.5,0.9310344827586207,0.1,0.6,0.0,1.0,0.9,0.9
simgp24_g75,random,6,403,0.049532248097324594,0.8636363636363636,0.95,0.9047619047619048,20,0.7586206896551724,0.041335180564705004,-0.018760544601217604,19,3,0.4482758620689655,0.6896551724137931,0.896551724137931,,,,,,,,,
simgp_timeblind,random,6,403,0.1807692804169063,1.0,0.2,0.33333333333333337,20,0.6551724137931034,0.14748537534573322,0.14748537534573322,4,0,,,,0.29902280928930774,0.5,0.5517241379310345,,,,,,
mean_of_samples,random,6,403,0.23667404458678437,1.0,0.0,0.0,20,0.0,0.2088294891751674,0.09157660947835904,0,0,,,,0.3584767858801133,0.0,0.0,,,,,,
simgp24,random,7,403,0.060562425286766634,0.8636363636363636,1.0,0.9268292682926829,19,0.7857142857142857,0.05280659671361792,-0.049941567868944006,19,3,0.42857142857142855,0.6785714285714286,0.8571428571428571,0.060578458335427916,0.8,1.0,0.1,0.6,0.0,1.0,1.0,0.9
simgp24_g75,random,7,403,0.04188641981294079,0.8636363636363636,1.0,0.9268292682926829,19,0.7142857142857143,0.03564790199131717,-0.02573392418771012,19,3,0.42857142857142855,0.6071428571428571,0.8214285714285714,,,,,,,,,
simgp_timeblind,random,7,403,0.18037563171829316,1.0,0.21052631578947367,0.34782608695652173,19,0.6428571428571429,0.1473972830065089,0.1473972830065089,4,0,,,,0.3056322140184409,0.4,0.5357142857142857,,,,,,
mean_of_samples,random,7,403,0.22864750868370418,1.0,0.0,0.0,19,0.0,0.19253137730517603,0.058898475021113984,0,0,,,,0.3817961084978497,0.0,0.0,,,,,,
simgp24,random,8,403,0.05927307644765123,0.8636363636363636,1.0,0.9268292682926829,19,0.7777777777777778,0.05215949474470142,-0.04922413598315013,19,3,0.37037037037037035,0.6666666666666666,0.8518518518518519,0.05827836891893513,0.8,1.0,0.1,0.6,0.0,1.0,1.0,0.9
simgp24_g75,random,8,403,0.04308558713585131,0.8636363636363636,1.0,0.9268292682926829,19,0.6296296296296297,0.03726050574853051,-0.019651609202732102,19,3,0.37037037037037035,0.48148148148148145,0.7777777777777778,,,,,,,,,
simgp_timeblind,random,8,403,0.1827893364245211,1.0,0.15789473684210525,0.2727272727272727,19,0.5555555555555556,0.14645758449163468,0.1459790934945633,3,0,,,,0.31750593260183324,0.4,0.4444444444444444,,,,,,
mean_of_samples,random,8,403,0.2585119548941628,1.0,0.0,0.0,19,0.0,0.2348976757005276,0.14077482256476878,0,0,,,,0.3323732020160026,0.0,0.0,,,,,,
simgp24,random,9,403,0.051530658482553754,0.8636363636363636,1.0,0.9268292682926829,19,0.8461538461538461,0.04579742018636052,-0.038045399678470496,19,3,0.34615384615384615,0.6538461538461539,0.9230769230769231,0.06855943438117822,0.8,1.0,0.1,0.6,0.0,1.0,1.0,0.9
simgp24_g75,random,9,403,0.04618190066713418,0.8636363636363636,1.0,0.9268292682926829,19,0.6923076923076923,0.03975254285538616,-0.025460291923192564,19,3,0.2692307692307692,0.5,0.8076923076923077,,,,,,,,,
simgp_timeblind,random,9,403,0.1587580262288497,1.0,0.10526315789473684,0.1904761904761905,19,0.3076923076923077,0.1268282939750799,0.1268282939750799,2,0,,,,0.31425002907571653,0.4,0.3076923076923077,,,,,,
mean_of_samples,random,9,403,0.2775613905238251,1.0,0.0,0.0,19,0.0,0.25451874882326236,0.1909956077402155,0,0,,,,0.3010365137148159,0.0,0.0,,,,,,
simgp24,random,10,403,0.05810441708430682,0.8571428571428571,1.0,0.923076923076923,18,0.56,0.053010712496197765,-0.040394380411907474,18,3,0.2,0.44,0.8,0.06175872391489712,0.75,0.92,0.1,1.0,0.0,1.0,1.0,1.1
simgp24_g75,random,10,403,0.07186657239003352,0.8571428571428571,1.0,0.923076923076923,18,0.32,0.05873108374926816,-0.05823763719096768,18,3,0.12,0.24,0.36,,,,,,,,,
simgp_timeblind,random,10,403,0.16024120463272967,0.75,0.16666666666666666,0.27272727272727276,18,0.8,0.10778247356773735,0.10330699656605112,3,1,,,,0.3590983382256404,0.5,0.52,,,,,,
mean_of_samples,random,10,403,0.25605727763625086,1.0,0.0,0.0,18,0.0,0.23093203051068284,0.15479372869487334,0,0,,,,0.3192114061072497,0.0,0.0,,,,,,
simgp24,random,11,403,0.0584589715882526,0.85,1.0,0.9189189189189189,17,0.6666666666666666,0.05272088310749971,-0.042256110561134874,17,3,0.20833333333333334,0.4583333333333333,0.8333333333333334,0.07653430672598312,0.6666666666666666,0.9583333333333334,0.1,0.6,0.5,1.0,1.0,1.05
simgp24_g75,random,11,403,0.07715472252502466,0.85,1.0,0.9189189189189189,17,0.3333333333333333,0.060838592870543516,-0.06025562555580113,17,3,0.16666666666666666,0.25,0.4166666666666667,,,,,,,,,
simgp_timeblind,random,11,403,0.11452458402434566,1.0,0.29411764705882354,0.45454545454545453,17,0.5833333333333334,0.08929195986113471,0.08899785166374985,5,0,,,,0.3389247126210066,0.6666666666666666,0.2916666666666667,,,,,,
mean_of_samples,random,11,403,0.24433523550075498,1.0,0.0,0.0,17,0.0,0.2161939104394065,0.13052623231524427,0,0,,,,0.3346355637607133,0.0,0.0,,,,,,
simgp24,random,12,403,0.056083229816047055,0.85,1.0,0.9189189189189189,17,0.6956521739130435,0.05131355179694945,-0.04013970504701366,17,3,0.2608695652173913,0.391304347826087,0.8260869565217391,0.06547665184449124,0.6666666666666666,0.9565217391304348,0.1,0.6,0.5,1.0,1.0,1.05
simgp24_g75,random,12,403,0.07259516269352952,0.85,1.0,0.9189189189189189,17,0.34782608695652173,0.0569642029751719,-0.05589426894593401,17,3,0.13043478260869565,0.30434782608695654,0.391304347826087,,,,,,,,,
simgp_timeblind,random,12,403,0.14830281725105152,1.0,0.23529411764705882,0.38095238095238093,17,0.8695652173913043,0.10875873472708238,0.10875873472708238,4,0,,,,0.33205463681998215,0.6666666666666666,0.6521739130434783,,,,,,
mean_of_samples,random,12,403,0.27785515306792347,1.0,0.0,0.0,17,0.0,0.2555974766209695,0.1877345501565417,0,0,,,,0.29548381320327494,0.0,0.0,,,,,,
simgp24,random,13,403,0.06342142365809901,0.8421052631578947,1.0,0.9142857142857143,16,0.45454545454545453,0.058857116025565245,-0.044892255273214915,16,3,0.13636363636363635,0.4090909090909091,0.7272727272727273,0.07267362041657584,0.6666666666666666,0.9545454545454546,0.1,1.0,0.0,1.0,1.0,1.1
simgp24_g75,random,13,403,0.07384773934248232,0.8421052631578947,1.0,0.9142857142857143,16,0.22727272727272727,0.06299714720062424,-0.0625713240695013,16,3,0.13636363636363635,0.18181818181818182,0.2727272727272727,,,,,,,,,
simgp_timeblind,random,13,403,0.12444927333294349,0.8333333333333334,0.3125,0.45454545454545453,16,0.8181818181818182,0.08996692094248902,0.08831302712074932,5,1,,,,0.34008224504278245,0.6666666666666666,0.36363636363636365,,,,,,
mean_of_samples,random,13,403,0.264116667493399,1.0,0.0,0.0,16,0.0,0.2388725088571277,0.16188638050922705,0,0,,,,0.3112027747734813,0.0,0.0,,,,,,
simgp24,random,14,403,0.061193556438574055,0.8333333333333334,1.0,0.9090909090909091,15,0.47619047619047616,0.05583341361936589,-0.04448355153111999,15,3,0.23809523809523808,0.38095238095238093,0.5714285714285714,0.08748162851004529,0.5,0.9047619047619048,0.1,1.0,0.0,1.0,1.0,1.1
simgp24_g75,random,14,403,0.08771477626692882,0.8333333333333334,1.0,0.9090909090909091,15,0.23809523809523808,0.07010057011720718,-0.07010057011720718,15,3,0.14285714285714285,0.19047619047619047,0.3333333333333333,,,,,,,,,
simgp_timeblind,random,14,403,0.16285569904085406,0.8,0.26666666666666666,0.4,15,0.7619047619047619,0.11554454012739666,0.11461883481800296,4,1,,,,0.34120235839908375,0.0,0.6190476190476191,,,,,,
mean_of_samples,random,14,403,0.26142509315801726,1.0,0.0,0.0,15,0.0,0.23492654531402665,0.1538665228204957,0,0,,,,0.31445472776778016,0.0,0.0,,,,,,
simgp24,random,15,403,0.06057770756469836,0.8235294117647058,1.0,0.9032258064516129,14,0.5,0.05542904094748054,-0.042532323237743544,14,3,0.2,0.35,0.6,0.08645176232616957,0.5,0.9,0.1,1.0,0.0,1.0,1.0,1.1
simgp24_g75,random,15,403,0.08691597403238951,0.8235294117647058,1.0,0.9032258064516129,14,0.2,0.07089908778544582,-0.07055650564987204,14,3,0.15,0.2,0.35,,,,,,,,,
simgp_timeblind,random,15,403,0.1147789959212484,1.0,0.21428571428571427,0.35294117647058826,14,0.8,0.09149285464865708,0.09149285464865708,3,0,,,,0.34981292780448137,0.0,0.3,,,,,,
mean_of_samples,random,15,403,0.2613534552795778,1.0,0.0,0.0,14,0.0,0.23391064342821663,0.14950367665666944,0,0,,,,0.3206596917402835,0.0,0.0,,,,,,
simgp24,uncertainty,3,403,0.06983617053699133,0.8846153846153846,1.0,0.9387755102040816,23,0.71875,0.06265160666168615,-0.057990263706047734,23,3,0.28125,0.625,0.875,0.11354782595797167,0.875,0.96875,0.1,1.0,0.0,1.0,0.9,1.0
simgp24,uncertainty,4,403,0.07577802473807238,0.88,1.0,0.9361702127659575,22,0.8709677419354839,0.0689196060538941,-0.06840066241916076,22,3,0.25806451612903225,0.7419354838709677,1.0,0.09020355963282707,0.875,1.0,0.1,0.3,0.5,0.85,1.1,0.9
simgp24,uncertainty,5,403,0.055653008306081796,0.875,1.0,0.9333333333333333,21,0.9333333333333333,0.05065770311948904,-0.03484436227773747,21,3,0.26666666666666666,0.5666666666666667,1.0,0.07991061490291271,0.5714285714285714,1.0,0.1,0.3,1.0,0.85,0.9,0.9
simgp24,uncertainty,6,403,0.08569580214818115,0.8695652173913043,1.0,0.9302325581395349,20,0.8620689655172413,0.06914937686448136,-0.06914937686448136,20,3,0.3103448275862069,0.6896551724137931,0.896551724137931,0.13402590160514632,0.6666666666666666,0.896551724137931,0.1,0.6,0.0,1.0,0.9,0.9
simgp24,uncertainty,7,403,0.06348444063641617,0.8636363636363636,1.0,0.9268292682926829,19,0.8571428571428571,0.057041930299661765,-0.05409297945832791,19,3,0.32142857142857145,0.6785714285714286,0.9285714285714286,0.10801281147068577,0.6,1.0,0.1,0.6,0.0,1.0,0.9,0.9
simgp24,uncertainty,8,403,0.06391797502140244,0.8636363636363636,1.0,0.9268292682926829,19,0.8518518518518519,0.05411999766501187,-0.016061854555670736,19,3,0.4074074074074074,0.7407407407407407,1.0,0.11130090288367304,0.6,1.0,0.1,0.6,0.0,1.0,0.9,0.9
simgp24,uncertainty,9,403,0.07675057491020237,0.8571428571428571,1.0,0.923076923076923,18,0.7692307692307693,0.06537980365867421,-0.021190741005152388,18,3,0.23076923076923078,0.5769230769230769,0.9230769230769231,0.1453195208335273,0.75,0.9615384615384616,0.1,1.0,0.0,1.0,0.9,1.05
simgp24,uncertainty,10,403,0.05417679838693157,0.85,1.0,0.9189189189189189,17,0.92,0.04871224234162942,-0.024473462637800453,17,3,0.24,0.48,1.0,0.0788982366174713,0.75,0.96,0.1,0.3,1.0,0.85,0.9,1.0
simgp24,uncertainty,11,403,0.0668850619633707,0.8333333333333334,0.9375,0.8823529411764706,16,0.7916666666666666,0.05894513126588067,-0.012561248397361419,15,3,0.3333333333333333,0.7083333333333334,1.0,0.1701607487374295,0.75,0.9583333333333334,0.1,0.6,0.0,1.0,0.9,0.9
simgp24,uncertainty,12,403,0.06838840540322047,0.8333333333333334,1.0,0.9090909090909091,15,0.9565217391304348,0.056040965228792865,-0.005293378029741521,15,3,0.6086956521739131,0.8695652173913043,1.0,0.16577378121882225,1.0,0.9130434782608695,0.1,0.3,0.5,0.85,0.9,0.9
simgp24,uncertainty,13,403,0.058897037759146745,0.8,0.8571428571428571,0.8275862068965518,14,0.9545454545454546,0.0509620604985372,-0.012039847973725737,12,3,0.45454545454545453,0.6818181818181818,1.0,0.15123813301510478,0.6666666666666666,0.9545454545454546,0.1,0.6,0.0,1.0,0.9,0.9
simgp24,uncertainty,14,403,0.06219102555235315,0.8125,1.0,0.896551724137931,13,0.9047619047619048,0.05124110526568872,-0.006097959394035666,13,3,0.47619047619047616,0.9047619047619048,0.9047619047619048,0.18036071458185227,0.6666666666666666,0.9047619047619048,0.1,0.3,0.0,0.85,0.9,0.9
simgp24,uncertainty,15,403,0.05524001120480093,0.8666666666666667,1.0,0.9285714285714286,13,0.85,0.04469257230004297,-0.011168931890089152,13,2,0.65,0.85,0.95,0.17655173573428495,0.6666666666666666,0.8,0.1,0.3,0.5,1.0,1.1,0.9
simgp24,straddle,3,403,0.06983617053699133,0.8846153846153846,1.0,0.9387755102040816,23,0.71875,0.06265160666168615,-0.057990263706047734,23,3,0.28125,0.625,0.875,0.11354782595797167,0.875,0.96875,0.1,1.0,0.0,1.0,0.9,1.0
simgp24,straddle,4,403,0.06454418690343222,0.88,1.0,0.9361702127659575,22,0.967741935483871,0.05930446471057766,-0.056073626525570595,22,3,0.2903225806451613,0.8064516129032258,1.0,0.07919808276925164,0.75,1.0,0.1,0.3,0.5,0.85,1.1,0.9
simgp24,straddle,5,403,0.05238822674130557,0.8695652173913043,0.9523809523809523,0.909090909090909,21,0.9,0.04265158950414825,-0.0055756130246334005,20,3,0.4,0.9,0.9333333333333333,0.10451911874017789,0.5,0.9,0.1,0.3,0.5,0.85,1.1,0.9
simgp24,straddle,6,403,0.0540310157098131,0.8636363636363636,0.95,0.9047619047619048,20,0.9310344827586207,0.04115967412307204,0.002925792587860994,19,3,0.5172413793103449,0.8620689655172413,0.9310344827586207,0.11448782407327532,0.42857142857142855,0.7931034482758621,0.1,0.3,0.5,0.85,1.1,0.95
simgp24,straddle,7,403,0.05551169398427048,0.8571428571428571,0.9473684210526315,0.9,19,0.8928571428571429,0.0410864869824608,0.006475803211078693,18,3,0.5,0.7857142857142857,0.9285714285714286,0.11559784992038376,0.42857142857142855,0.75,0.1,0.3,0.5,0.85,1.1,0.95
simgp24,straddle,8,403,0.05210326632783539,0.8571428571428571,1.0,0.923076923076923,18,1.0,0.03975100703867809,-0.0033531659509683735,18,3,0.6666666666666666,1.0,1.0,0.11007321862584732,0.42857142857142855,0.8888888888888888,0.1,0.3,0.5,0.85,1.1,0.95
simgp24,straddle,9,403,0.04983724178125894,0.8421052631578947,0.9411764705882353,0.8888888888888888,17,1.0,0.03733643889212391,0.0016067730595816674,16,3,0.8461538461538461,1.0,1.0,0.10814972407335785,0.42857142857142855,0.8846153846153846,0.1,0.3,0.5,0.85,1.1,0.95
simgp24,straddle,10,403,0.051012266405947804,0.8333333333333334,0.9375,0.8823529411764706,16,1.0,0.03766318123437167,0.0015003769046092613,15,3,0.8,1.0,1.0,0.10925236473272713,0.42857142857142855,0.88,0.1,0.3,0.5,0.85,1.1,0.95
simgp24,straddle,11,403,0.0520184451570143,0.875,0.9333333333333333,0.9032258064516129,15,1.0,0.037966118731757224,0.0033088643889151413,14,2,0.75,1.0,1.0,0.11133538669332659,0.5,0.875,0.1,0.3,0.0,0.85,1.1,0.9
simgp24,straddle,12,403,0.05180098320002731,0.8125,0.9285714285714286,0.8666666666666666,14,1.0,0.03992128475247839,0.0004443654724786779,13,3,0.7391304347826086,1.0,1.0,0.10553050687980454,0.6,0.8695652173913043,0.1,0.3,0.5,0.85,1.1,1.0
simgp24,straddle,13,403,0.052823950928869524,0.8571428571428571,0.9230769230769231,0.888888888888889,13,1.0,0.03781882167754852,0.00718970349857835,12,2,0.8181818181818182,1.0,1.0,0.10127977520792843,0.6,0.8636363636363636,0.1,0.3,0.5,0.85,1.1,1.0
simgp24,straddle,14,403,0.04392536897886599,0.8666666666666667,1.0,0.9285714285714286,13,1.0,0.032547247062372914,-0.0032167318119889036,13,2,0.6666666666666666,1.0,1.0,0.09366542187705706,0.6,0.8571428571428571,0.1,0.3,0.5,0.85,1.0,0.95
simgp24,straddle,15,403,0.06586705147228353,0.8571428571428571,1.0,0.923076923076923,12,1.0,0.04417339492344673,0.017786216901660885,12,2,0.85,1.0,1.0,0.12420810119799981,0.5,0.95,0.1,0.3,0.5,0.85,1.1,1.0
simgp24,straddle_min,3,403,0.06983617053699133,0.8846153846153846,1.0,0.9387755102040816,23,0.71875,0.06265160666168615,-0.057990263706047734,23,3,0.28125,0.625,0.875,0.11354782595797167,0.875,0.96875,0.1,1.0,0.0,1.0,0.9,1.0
simgp24,straddle_min,4,403,0.10851042015249283,0.88,1.0,0.9361702127659575,22,0.3225806451612903,0.09975052792002045,-0.09975052792002045,22,3,0.03225806451612903,0.16129032258064516,0.5161290322580645,0.09883824823211212,0.875,0.967741935483871,0.1,1.0,0.5,1.0,1.1,1.1
simgp24,straddle_min,5,403,0.07557660589838743,0.9130434782608695,1.0,0.9545454545454545,21,0.8666666666666667,0.0677940656914818,-0.0677940656914818,21,2,0.26666666666666666,0.43333333333333335,0.9666666666666667,0.16499240928078066,0.875,0.7,0.1,0.6,1.0,1.0,1.1,1.1
simgp24,straddle_min,6,403,0.08267878457500642,0.9090909090909091,1.0,0.9523809523809523,20,0.7586206896551724,0.07111257970695868,-0.07040677474036566,20,2,0.1724137931034483,0.4482758620689655,0.9655172413793104,0.1555572277088155,0.75,0.6551724137931034,0.1,1.0,0.0,1.0,1.1,1.1
simgp24,straddle_min,7,403,0.08526319842170545,0.9090909090909091,1.0,0.9523809523809523,20,0.75,0.07030095112196251,-0.06907949942655543,20,2,0.14285714285714285,0.5,0.9642857142857143,0.16021194460112445,0.75,0.6428571428571429,0.1,0.6,0.5,1.0,1.1,1.05
simgp24,straddle_min,8,403,0.11636240419418226,0.9047619047619048,1.0,0.9500000000000001,19,0.5925925925925926,0.08749428960131785,-0.08749428960131785,19,2,0.1111111111111111,0.2962962962962963,0.7777777777777778,0.18001812524243552,0.625,0.6666666666666666,0.1,0.6,0.5,1.0,1.1,1.1
simgp24,straddle_min,9,403,0.09253877868766337,0.95,1.0,0.9743589743589743,19,0.5,0.07715368845730829,-0.07715368845730829,19,1,0.07692307692307693,0.19230769230769232,0.6538461538461539,0.15040617608980206,0.875,0.6153846153846154,0.1,0.6,0.5,1.0,1.1,1.0
simgp24,straddle_min,10,403,0.10327307553129446,0.9473684210526315,1.0,0.972972972972973,18,0.64,0.08113493935101429,-0.08113493935101429,18,1,0.08,0.36,0.84,0.15320726803351445,0.625,0.64,0.1,0.6,0.0,1.0,1.1,0.9
simgp24,straddle_min,11,403,0.1106048838456236,1.0,1.0,1.0,18,0.5,0.08474548919661325,-0.08474548919661325,18,0,0.08333333333333333,0.2916666666666667,0.5416666666666666,0.1601570072982653,0.75,0.5416666666666666,0.1,0.6,0.0,1.0,1.1,0.9
simgp24,straddle_min,12,403,0.1177134341002338,1.0,1.0,1.0,17,0.4782608695652174,0.08710303059668803,-0.08710303059668803,17,0,0.13043478260869565,0.391304347826087,0.5652173913043478,0.16123556770205844,0.75,0.6521739130434783,0.1,0.6,0.0,1.0,1.1,0.9
simgp24,straddle_min,13,403,0.11017552306602812,1.0,1.0,1.0,16,0.5454545454545454,0.08258121859761415,-0.08258121859761415,16,0,0.13636363636363635,0.36363636363636365,0.6363636363636364,0.15069392350968802,0.75,0.7727272727272727,0.1,0.6,0.0,1.0,1.1,0.9
simgp24,straddle_min,14,403,0.11861670387090423,1.0,1.0,1.0,15,0.38095238095238093,0.08719698881355957,-0.08719698881355957,15,0,0.14285714285714285,0.3333333333333333,0.42857142857142855,0.15558794065127055,0.75,0.5714285714285714,0.1,0.6,0.0,1.0,1.1,0.9
simgp24,straddle_min,15,403,0.1477494166451103,1.0,1.0,1.0,14,0.55,0.10460613871114702,-0.10460613871114702,14,0,0.05,0.35,0.75,0.0651685704769691,0.75,1.0,0.1,0.3,1.0,1.0,1.1,0.95
simgp24,random,3,404,0.0618405320432077,0.6153846153846154,1.0,0.761904761904762,16,0.96875,0.053912560261947864,-0.050979380525529305,16,10,0.40625,0.96875,1.0,0.07625619117110233,0.3333333333333333,1.0,0.25,0.3,0.0,0.85,1.0,1.0
simgp24_g75,random,3,404,0.0935475428792103,0.6153846153846154,1.0,0.761904761904762,16,0.9375,0.06351662558682432,-0.059243224226031045,16,10,0.40625,0.90625,0.96875,,,,,,,,,
simgp_timeblind,random,3,404,0.09872428332237243,0.6923076923076923,0.5625,0.6206896551724138,16,0.9375,0.06649900473640843,0.017586761697711183,9,4,,,,0.42372509651822043,0.6666666666666666,0.625,,,,,,
mean_of_samples,random,3,404,0.2603607008165479,1.0,0.0,0.0,16,0.0,0.22493355065250992,0.07859060548271596,0,0,,,,0.4154612862556792,0.0,0.0,,,,,,
simgp24,random,4,404,0.05726799604171151,0.6521739130434783,0.9375,0.7692307692307693,16,0.967741935483871,0.04491508517689097,-0.040411216307487015,15,8,0.45161290322580644,0.7419354838709677,0.967741935483871,0.12793672521739388,0.3333333333333333,1.0,0.1,0.3,0.5,0.85,1.0,1.05
simgp24_g75,random,4,404,0.10054873514717359,0.6818181818181818,0.9375,0.7894736842105263,16,1.0,0.06416801005461543,-0.05824826952651411,15,7,0.4838709677419355,0.967741935483871,1.0,,,,,,,,,
simgp_timeblind,random,4,404,0.10388978910825923,0.6363636363636364,0.4375,0.5185185185185185,16,0.9032258064516129,0.06983089689574264,0.027971090879160103,7,4,,,,0.4124676753003343,0.6666666666666666,0.3870967741935484,,,,,,
mean_of_samples,random,4,404,0.25619501886372176,1.0,0.0,0.0,16,0.0,0.208985577407684,0.045563784216817456,0,0,,,,0.43729916843663375,0.0,0.0,,,,,,
simgp24,random,5,404,0.04992988890517846,0.6521739130434783,0.9375,0.7692307692307693,16,1.0,0.0418557453083066,-0.03176782361769412,15,8,0.43333333333333335,0.8666666666666667,1.0,0.12757434267766093,0.3333333333333333,1.0,0.1,0.3,0.5,0.85,1.0,1.05
simgp24_g75,random,5,404,0.09059049081910547,0.6818181818181818,0.9375,0.7894736842105263,16,0.9333333333333333,0.05520086022811433,-0.04914212918976543,15,7,0.5333333333333333,0.9333333333333333,0.9666666666666667,,,,,,,,,
simgp_timeblind,random,5,404,0.14839317700202925,0.8,0.25,0.38095238095238093,16,0.9,0.11377772121194753,0.10846704446997321,4,1,,,,0.361232653679094,0.3333333333333333,0.6666666666666666,,,,,,
mean_of_samples,random,5,404,0.3075711366529958,1.0,0.0,0.0,16,0.0,0.2890312851681717,0.18195082128759352,0,0,,,,0.35075598083580367,0.0,0.0,,,,,,
simgp24,random,6,404,0.051881153454775536,0.7142857142857143,0.9375,0.8108108108108109,16,1.0,0.04070135985671078,-0.03189578202702305,15,6,0.5172413793103449,0.896551724137931,1.0,0.07705067594421196,0.3333333333333333,1.0,0.1,0.3,0.5,0.85,1.0,1.05
simgp24_g75,random,6,404,0.0782364509184181,0.875,0.875,0.875,16,0.9655172413793104,0.045162496925241935,-0.03058292733387362,14,2,0.5862068965517241,0.9310344827586207,0.9655172413793104,,,,,,,,,
simgp_timeblind,random,6,404,0.18980116771317485,0.4,0.125,0.19047619047619047,16,0.896551724137931,0.14906477144367855,0.13952468344959976,2,3,,,,0.35368129797534775,0.3333333333333333,0.7586206896551724,,,,,,
mean_of_samples,random,6,404,0.3006835952208559,1.0,0.0,0.0,16,0.0,0.28031722295883515,0.16404946002386347,0,0,,,,0.35881377464323005,0.0,0.0,,,,,,
simgp24,random,7,404,0.05731476029838521,0.7,0.9333333333333333,0.8,15,0.9642857142857143,0.043493446494052054,-0.0358041740758708,14,6,0.4642857142857143,0.8928571428571429,1.0,0.07917052381621675,0.3333333333333333,1.0,0.1,0.3,0.5,0.85,1.0,1.05
simgp24_g75,random,7,404,0.0784843331543803,0.8125,0.8666666666666667,0.8387096774193549,15,0.9285714285714286,0.04755001413271138,-0.03644896715922084,13,3,0.5714285714285714,0.9285714285714286,0.9642857142857143,,,,,,,,,
simgp_timeblind,random,7,404,0.12452784928852026,1.0,0.2,0.33333333333333337,15,0.9285714285714286,0.0886984912165794,0.08137796236870044,3,0,,,,0.3637633275231064,0.3333333333333333,0.5357142857142857,,,,,,
mean_of_samples,random,7,404,0.30069896004762836,1.0,0.0,0.0,15,0.0,0.2798395688041773,0.16004450828320013,0,0,,,,0.3642688640167841,0.0,0.0,,,,,,
simgp24,random,8,404,0.05611718555378855,0.7368421052631579,0.9333333333333333,0.8235294117647058,15,0.9629629629629629,0.04292157307500942,-0.0351829265981227,14,5,0.4074074074074074,0.8518518518518519,0.9629629629629629,0.08411501263538677,0.3333333333333333,1.0,0.1,0.3,0.5,0.85,1.0,1.05
simgp24_g75,random,8,404,0.06543311760930622,0.8125,0.8666666666666667,0.8387096774193549,15,0.9259259259259259,0.043092479063615415,-0.031003573176288737,13,3,0.48148148148148145,0.9259259259259259,1.0,,,,,,,,,
simgp_timeblind,random,8,404,0.1811575342919257,1.0,0.06666666666666667,0.125,15,0.8518518518518519,0.143035761787408,0.14240646446398034,1,0,,,,0.30705188480032636,0.3333333333333333,0.5925925925925926,,,,,,
mean_of_samples,random,8,404,0.3114571827131849,1.0,0.0,0.0,15,0.0,0.2915937351943021,0.17312234523633627,0,0,,,,0.35109002682520674,0.0,0.0,,,,,,
simgp24,random,9,404,0.056686710449573005,0.7777777777777778,0.9333333333333333,0.8484848484848485,15,0.9615384615384616,0.043116724734310045,-0.03487949773311613,14,4,0.4230769230769231,0.8461538461538461,1.0,0.08424694701192144,0.3333333333333333,1.0,0.1,0.3,0.5,0.85,1.0,1.05
simgp24_g75,random,9,404,0.061951086946299395,0.8125,0.8666666666666667,0.8387096774193549,15,0.9230769230769231,0.041937786713249145,-0.028585696365785083,13,3,0.46153846153846156,0.8461538461538461,1.0,,,,,,,,,
simgp_timeblind,random,9,404,0.22999170064801935,1.0,0.0,0.0,15,0.8461538461538461,0.20048867517546032,0.19789652581148964,0,0,,,,0.25264921370048565,0.0,0.9615384615384616,,,,,,
mean_of_samples,random,9,404,0.3462482835213365,1.0,0.0,0.0,15,0.0,0.32692375000244994,0.22451954158181556,0,0,,,,0.32764213316808716,0.0,0.0,,,,,,
simgp24,random,10,404,0.04044254782208343,0.8666666666666667,0.9285714285714286,0.896551724137931,14,1.0,0.033606941590739556,-0.017138996507369657,13,2,0.6,0.96,1.0,0.10945842774055285,0.3333333333333333,0.92,0.1,0.3,0.5,0.85,1.0,1.05
simgp24_g75,random,10,404,0.06400575873357199,0.8461538461538461,0.7857142857142857,0.8148148148148148,14,0.96,0.040564304409729024,-0.0214227226875923,11,2,0.64,0.84,1.0,,,,,,,,,
simgp_timeblind,random,10,404,0.26536891376795074,1.0,0.0,0.0,14,0.72,0.23353083008204684,0.23224467191597473,0,0,,,,0.24825613781272504,0.0,0.88,,,,,,
mean_of_samples,random,10,404,0.3502947140810294,1.0,0.0,0.0,14,0.0,0.3299901037123383,0.22568937737189748,0,0,,,,0.3314502149814292,0.0,0.0,,,,,,
simgp24,random,11,404,0.035369902266350124,0.8461538461538461,0.8461538461538461,0.8461538461538461,13,1.0,0.028920910878125622,-0.008090506126344063,11,2,0.6666666666666666,1.0,1.0,0.11291019229830919,0.5,0.7916666666666666,0.1,0.3,0.5,0.85,1.0,1.05
simgp24_g75,random,11,404,0.07780136166282607,1.0,0.46153846153846156,0.631578947368421,13,0.8333333333333334,0.057984218877558454,0.03201283662579658,6,0,0.625,0.8333333333333334,0.875,,,,,,,,,
simgp_timeblind,random,11,404,0.2930772826556954,1.0,0.0,0.0,13,0.6666666666666666,0.25608808307074754,0.25415754402832264,0,0,,,,0.26005748223287933,0.0,0.875,,,,,,
mean_of_samples,random,11,404,0.3407716611545805,1.0,0.0,0.0,13,0.0,0.3201327642741363,0.20615759706654332,0,0,,,,0.33341079750619823,0.0,0.0,,,,,,
simgp24,random,12,404,0.059753668196206575,0.875,0.5833333333333334,0.7000000000000001,12,1.0,0.04664494138413456,0.004158178363170604,7,1,0.6521739130434783,1.0,1.0,0.09047668076166084,0.0,0.9130434782608695,0.1,0.3,0.5,0.85,1.0,1.1
simgp24_g75,random,12,404,0.05153423532852758,1.0,0.75,0.8571428571428571,12,0.9565217391304348,0.037841583702973546,0.014647829762028245,9,0,0.7391304347826086,0.9565217391304348,0.9565217391304348,,,,,,,,,
simgp_timeblind,random,12,404,0.2790153519967585,1.0,0.0,0.0,12,0.5217391304347826,0.24204752433342125,0.23934952412528504,0,0,,,,0.2587956960678093,0.0,0.8695652173913043,,,,,,
mean_of_samples,random,12,404,0.33454282190997375,1.0,0.0,0.0,12,0.0,0.31335607487027983,0.19202714830392645,0,0,,,,0.3371364466464204,0.0,0.0,,,,,,
simgp24,random,13,404,0.06349761698838807,0.8571428571428571,0.5,0.631578947368421,12,1.0,0.05069539743766136,-0.0011648762943857346,6,1,0.5909090909090909,0.9545454545454546,1.0,0.09484595925641694,0.0,0.9090909090909091,0.1,0.3,0.0,0.85,1.0,0.95
simgp24_g75,random,13,404,0.07472911464755391,0.9,0.75,0.8181818181818182,12,0.9545454545454546,0.0486432873074788,-0.0032464972291294677,9,1,0.5909090909090909,0.9545454545454546,0.9545454545454546,,,,,,,,,
simgp_timeblind,random,13,404,0.2738828370830501,1.0,0.0,0.0,12,0.5,0.23137599188217078,0.22562902079361552,0,0,,,,0.2705576913212424,0.0,0.8636363636363636,,,,,,
mean_of_samples,random,13,404,0.35115480681470557,1.0,0.0,0.0,12,0.0,0.33493130654282505,0.2183761487369211,0,0,,,,0.3327244473443769,0.0,0.0,,,,,,
simgp24,random,14,404,0.06673096421951054,0.8571428571428571,0.5,0.631578947368421,12,1.0,0.053842161220381955,0.00024337991263237302,6,1,0.5714285714285714,0.9047619047619048,1.0,0.09542207649214889,0.0,0.9047619047619048,0.1,0.3,0.0,0.85,1.0,0.95
simgp24_g75,random,14,404,0.0773045342152081,0.8181818181818182,0.75,0.7826086956521738,12,0.9523809523809523,0.05078357783763447,-0.004001749998110257,9,2,0.5714285714285714,0.9047619047619048,0.9523809523809523,,,,,,,,,
simgp_timeblind,random,14,404,0.2768494298136901,1.0,0.0,0.0,12,0.47619047619047616,0.2358600660525861,0.229270825179348,0,0,,,,0.25261405369338424,0.0,0.9047619047619048,,,,,,
mean_of_samples,random,14,404,0.34768101973674564,1.0,0.0,0.0,12,0.0,0.3308241429119072,0.20455834667078723,0,0,,,,0.3388684644267423,0.0,0.0,,,,,,
simgp24,random,15,404,0.08228928080469733,0.9,0.75,0.8181818181818182,12,0.95,0.045414032336436434,-0.024553728234069337,9,1,0.85,0.95,0.95,0.08694270548118706,0.5,1.0,0.1,0.3,0.0,0.85,1.0,0.95
simgp24_g75,random,15,404,0.07645407055832013,0.8,0.6666666666666666,0.7272727272727272,12,0.9,0.05288001697091049,-0.009526101170495056,8,2,0.55,0.65,0.9,,,,,,,,,
simgp_timeblind,random,15,404,0.279907484910224,1.0,0.0,0.0,12,0.5,0.24025455408225885,0.23289939245736116,0,0,,,,0.24439278570988388,0.0,0.9,,,,,,
mean_of_samples,random,15,404,0.3489257930961386,1.0,0.0,0.0,12,0.0,0.3323258353224346,0.19688857114165156,0,0,,,,0.34565378940527314,0.0,0.0,,,,,,
simgp24,uncertainty,3,404,0.0618405320432077,0.6153846153846154,1.0,0.761904761904762,16,0.96875,0.053912560261947864,-0.050979380525529305,16,10,0.40625,0.96875,1.0,0.07625619117110233,0.3333333333333333,1.0,0.25,0.3,0.0,0.85,1.0,1.0
simgp24,uncertainty,4,404,0.05525247060073699,0.6363636363636364,0.9333333333333333,0.7567567567567568,15,1.0,0.05046007829783134,-0.04470657547535857,14,8,0.3870967741935484,0.967741935483871,1.0,0.07085016754416634,0.6666666666666666,1.0,0.1,0.1,1.0,0.85,1.0,0.9
simgp24,uncertainty,5,404,0.05207235990128743,0.7222222222222222,0.9285714285714286,0.8125000000000001,14,1.0,0.03881227109931225,-0.024237769707986207,13,5,0.6666666666666666,1.0,1.0,0.16057441935910804,0.5,1.0,0.1,0.3,0.0,0.85,1.0,0.95
simgp24,uncertainty,6,404,0.05403078403744262,0.8,0.9230769230769231,0.8571428571428571,13,1.0,0.036899534826829526,-0.024621568347619978,12,3,0.8275862068965517,1.0,1.0,0.10391879210837487,0.5,1.0,0.1,0.1,1.0,0.85,1.0,0.9
simgp24,uncertainty,7,404,0.06388055381203664,0.6470588235294118,0.9166666666666666,0.7586206896551724,12,1.0,0.051053959048189344,0.002681643203028875,11,6,0.7142857142857143,0.9285714285714286,1.0,0.1348361309049754,1.0,0.9285714285714286,0.1,0.1,1.0,0.85,1.0,0.9
simgp24,uncertainty,8,404,0.08817710950510578,0.6666666666666666,0.9090909090909091,0.7692307692307692,11,0.9629629629629629,0.04937714798690624,-0.03456370767170381,10,5,0.7777777777777778,0.9629629629629629,1.0,0.0966932468235834,0.0,1.0,0.1,0.3,0.0,1.0,1.0,0.9
simgp24,uncertainty,9,404,0.10522282634106003,0.5294117647058824,0.9,0.6666666666666667,10,0.8846153846153846,0.07593750769214266,-0.0657599666671973,9,8,0.7307692307692307,0.8461538461538461,0.8846153846153846,0.19767278291411114,1.0,0.8461538461538461,0.1,0.3,0.0,1.0,1.0,0.9
simgp24,uncertainty,10,404,0.17312851240515517,0.47368421052631576,1.0,0.6428571428571429,9,0.56,0.1222099135646007,-0.12177740599683289,9,10,0.24,0.48,0.84,0.07422807170549583,1.0,1.0,0.1,0.3,0.0,1.0,1.1,0.9
simgp24,uncertainty,11,404,0.09754235999756639,0.5,1.0,0.6666666666666666,8,0.875,0.07405881775399437,-0.06353372650564576,8,8,0.375,0.875,0.9166666666666666,0.16942315223496257,0.0,0.8333333333333334,0.1,0.3,0.0,1.0,1.0,0.9
simgp24,uncertainty,12,404,0.10055339455004919,0.35714285714285715,0.7142857142857143,0.4761904761904762,7,0.6521739130434783,0.0766617978571251,-0.05633576010391206,5,9,0.43478260869565216,0.6086956521739131,0.6956521739130435,0.11016365263241985,0.0,0.9565217391304348,0.1,0.3,0.0,0.85,1.1,0.95
simgp24,uncertainty,13,404,0.1477299592572709,0.375,1.0,0.5454545454545454,6,0.5454545454545454,0.12665607775831103,-0.11865267322314468,6,10,0.22727272727272727,0.5,0.5909090909090909,0.22283479694659292,0.0,0.8636363636363636,0.1,0.3,0.0,1.0,1.0,0.9
simgp24,uncertainty,14,404,0.13882062737053302,0.375,1.0,0.5454545454545454,6,0.5238095238095238,0.11806453000858509,-0.10922144179680261,6,10,0.19047619047619047,0.47619047619047616,0.5714285714285714,0.22470615035343738,0.0,0.8095238095238095,0.1,0.3,0.0,1.0,1.0,0.9
simgp24,uncertainty,15,404,0.12044988835999988,0.375,1.0,0.5454545454545454,6,0.5,0.10619318581966442,-0.09703698081471149,6,10,0.2,0.45,0.55,0.22759846614061213,0.0,0.8,0.1,0.3,0.0,1.0,1.0,0.9
simgp24,straddle,3,404,0.0618405320432077,0.6153846153846154,1.0,0.761904761904762,16,0.96875,0.053912560261947864,-0.050979380525529305,16,10,0.40625,0.96875,1.0,0.07625619117110233,0.3333333333333333,1.0,0.25,0.3,0.0,0.85,1.0,1.0
simgp24,straddle,4,404,0.0771853456136918,0.6363636363636364,0.9333333333333333,0.7567567567567568,15,1.0,0.059862586471239355,-0.05816458815421378,14,8,0.4838709677419355,0.9354838709677419,1.0,0.10770291779726977,0.3333333333333333,1.0,0.1,0.1,1.0,0.85,1.0,0.9
simgp24,straddle,5,404,0.1292162801522227,0.5833333333333334,1.0,0.7368421052631579,14,0.9,0.09276650351196959,-0.0917374753975339,14,10,0.26666666666666666,0.7666666666666667,0.9333333333333333,0.23834874273219545,0.5,0.9666666666666667,0.1,0.3,0.5,1.0,0.9,0.9
simgp24,straddle,6,404,0.11752763382044272,0.5714285714285714,0.9230769230769231,0.7058823529411765,13,0.8620689655172413,0.08430826620185157,-0.08196156540113628,12,9,0.27586206896551724,0.7586206896551724,0.896551724137931,0.15148742043967559,0.5,1.0,0.1,0.6,0.0,1.15,0.9,0.9
simgp24,straddle,7,404,0.11824188838514192,0.55,0.9166666666666666,0.6874999999999999,12,0.9642857142857143,0.08242185006142198,-0.07764878495687075,11,9,0.4642857142857143,0.8928571428571429,1.0,0.222439013541818,0.5,0.9642857142857143,0.1,0.3,0.0,1.0,1.1,0.9
simgp24,straddle,8,404,0.044459481528083704,0.5882352941176471,0.9090909090909091,0.7142857142857143,11,1.0,0.03907140335546145,-0.02600063880205107,10,7,0.3333333333333333,0.8518518518518519,1.0,0.08811904917677198,1.0,1.0,0.25,0.1,1.0,1.0,1.1,0.9
simgp24,straddle,9,404,0.04690428294630223,0.5625,0.9,0.6923076923076923,10,1.0,0.04166896373961451,-0.029385262378391078,9,7,0.2692307692307692,0.8461538461538461,1.0,0.08267768248584148,1.0,1.0,0.1,0.3,0.5,1.0,0.9,0.9
simgp24,straddle,10,404,0.14885470172056434,0.47368421052631576,1.0,0.6428571428571429,9,0.88,0.10534510254880627,-0.10516274945801359,9,10,0.24,0.68,0.96,0.26822757558531934,1.0,0.96,0.25,0.1,1.0,1.0,1.1,0.9
simgp24,straddle,11,404,0.18555954137845523,0.5,1.0,0.6666666666666666,9,0.625,0.1303491432313462,-0.1303491432313462,9,9,0.125,0.375,0.7916666666666666,0.0873293247206464,1.0,1.0,0.1,0.3,0.5,1.0,1.1,0.9
simgp24,straddle,12,404,0.17565120446664323,0.47058823529411764,1.0,0.6399999999999999,8,0.6956521739130435,0.12538961570433743,-0.12538961570433743,8,9,0.08695652173913043,0.34782608695652173,0.8260869565217391,0.08304450781702688,1.0,1.0,0.1,0.3,0.5,1.0,1.1,0.9
simgp24,straddle,13,404,0.1814179205019616,0.4375,1.0,0.6086956521739131,7,0.6818181818181818,0.13020052276548816,-0.13020052276548816,7,9,0.13636363636363635,0.4090909090909091,0.8181818181818182,0.0765680975352877,1.0,1.0,0.25,0.1,1.0,1.0,1.1,0.9
simgp24,straddle,14,404,0.17786635581963267,0.4666666666666667,1.0,0.6363636363636364,7,0.7142857142857143,0.12722753738404247,-0.12722753738404247,7,8,0.14285714285714285,0.47619047619047616,0.8095238095238095,0.07623420996456702,1.0,1.0,0.25,0.1,1.0,1.0,1.1,0.9
simgp24,straddle,15,404,0.18342850547438397,0.42857142857142855,1.0,0.6,6,0.7,0.1333167984629439,-0.1333167984629439,6,8,0.15,0.3,0.8,0.07235997669202872,1.0,1.0,0.25,0.1,1.0,1.0,1.0,0.9
simgp24,straddle_min,3,404,0.0618405320432077,0.6153846153846154,1.0,0.761904761904762,16,0.96875,0.053912560261947864,-0.050979380525529305,16,10,0.40625,0.96875,1.0,0.07625619117110233,0.3333333333333333,1.0,0.25,0.3,0.0,0.85,1.0,1.0
simgp24,straddle_min,4,404,0.06596341890574235,0.6086956521739131,0.9333333333333333,0.7368421052631579,15,0.967741935483871,0.0523466113936835,-0.04945275719365451,14,9,0.4838709677419355,0.967741935483871,1.0,0.11870633318799344,0.3333333333333333,1.0,0.1,0.1,1.0,0.85,1.0,0.9
simgp24,straddle_min,5,404,0.11151236543273299,0.6086956521739131,1.0,0.7567567567567568,14,1.0,0.0853887787431784,-0.08456174584026327,14,9,0.3333333333333333,0.9333333333333333,1.0,0.21458449359939655,0.3333333333333333,0.9666666666666667,0.1,0.1,1.0,0.85,1.0,0.9
simgp24,straddle_min,6,404,0.1589327251787581,0.5652173913043478,1.0,0.7222222222222222,13,0.7586206896551724,0.13293109727891803,-0.13293109727891803,13,10,0.06896551724137931,0.5517241379310345,0.9310344827586207,0.19899803545637895,1.0,0.7931034482758621,0.1,0.6,0.0,1.0,1.1,0.9
simgp24,straddle_min,7,404,0.11362159999884634,0.5909090909090909,1.0,0.7428571428571429,13,0.9642857142857143,0.08942955969523937,-0.08942955969523937,13,9,0.32142857142857145,0.75,1.0,0.14712467428207907,0.3333333333333333,0.9642857142857143,0.1,0.6,0.0,1.0,1.1,0.9
simgp24,straddle_min,8,404,0.10822783539018196,0.6190476190476191,1.0,0.7647058823529412,13,0.9629629629629629,0.08410502246909554,-0.08357004974608179,13,8,0.2962962962962963,0.7777777777777778,1.0,0.145268802773648,0.3333333333333333,0.9629629629629629,0.1,0.6,0.0,1.15,0.9,0.9
simgp24,straddle_min,9,404,0.15401132046558028,0.6,1.0,0.7499999999999999,12,0.7307692307692307,0.11141581879346209,-0.11079044705149808,12,8,0.2692307692307692,0.6153846153846154,0.8846153846153846,0.22695763341105277,0.3333333333333333,0.8461538461538461,0.1,0.6,0.0,1.15,0.9,0.9
simgp24,straddle_min,10,404,0.10043836085199523,0.6111111111111112,1.0,0.7586206896551725,11,1.0,0.07259656192533542,-0.07248899177186355,11,7,0.4,0.96,1.0,0.0926373801564182,0.3333333333333333,1.0,0.1,0.3,0.0,0.85,1.1,0.9
simgp24,straddle_min,11,404,0.09343783914860714,0.6470588235294118,1.0,0.7857142857142858,11,1.0,0.06704571674976469,-0.06692297257494512,11,6,0.375,0.9583333333333334,1.0,0.07223172545087199,0.3333333333333333,1.0,0.1,0.3,0.0,0.85,1.1,0.9
simgp24,straddle_min,12,404,0.10354146063669624,0.625,1.0,0.7692307692307693,10,0.8695652173913043,0.069692356952108,-0.06940089744065354,10,6,0.5217391304347826,0.8695652173913043,1.0,0.0926441357106295,0.3333333333333333,1.0,0.1,0.3,0.0,0.85,1.1,0.9
simgp24,straddle_min,13,404,0.10231326055790092,0.6666666666666666,1.0,0.8,10,0.8636363636363636,0.06997142536410271,-0.0697554961536072,10,5,0.45454545454545453,0.8636363636363636,1.0,0.09650086250077966,0.3333333333333333,1.0,0.1,0.3,0.0,0.85,1.1,0.9
simgp24,straddle_min,14,404,0.10030267250640065,0.6666666666666666,1.0,0.8,10,0.8571428571428571,0.06928912256799194,-0.06863343518029742,10,5,0.42857142857142855,0.8571428571428571,0.9047619047619048,0.10128442786945092,0.3333333333333333,1.0,0.1,0.3,0.0,0.85,1.1,0.9
simgp24,straddle_min,15,404,0.11603204288675137,0.7142857142857143,1.0,0.8333333333333333,10,0.9,0.07903835792190687,-0.07903835792190687,10,4,0.25,0.8,1.0,0.08358801760477777,0.3333333333333333,1.0,0.1,0.3,0.0,0.85,1.1,0.9
simgp24,random,3,405,0.0538878253469994,0.9615384615384616,1.0,0.9803921568627451,25,1.0,0.04968664046344711,-0.04719557449749485,25,1,0.78125,1.0,1.0,0.10368635347502839,0.8571428571428571,0.96875,0.1,0.3,0.0,0.85,0.9,0.95
simgp24_g75,random,3,405,0.06793873497740487,0.9615384615384616,1.0,0.9803921568627451,25,0.875,0.06355019759585433,-0.058577721715498896,25,1,0.15625,0.40625,1.0,,,,,,,,,
simgp_timeblind,random,3,405,0.19390460998946904,1.0,0.12,0.21428571428571425,25,0.8125,0.1572876025109768,0.14556905841654155,3,0,,,,0.3344567127365841,0.2857142857142857,0.8125,,,,,,
mean_of_samples,random,3,405,0.37387191821043203,1.0,0.0,0.0,25,0.0,0.35435560738140387,0.2576109873261628,0,0,,,,0.34117574914077614,0.0,0.0,,,,,,
simgp24,random,4,405,0.0518810569054305,0.96,1.0,0.9795918367346939,24,0.967741935483871,0.029298964775327632,-0.01632685839219254,24,1,0.8387096774193549,0.967741935483871,0.967741935483871,0.08368625825207908,0.7142857142857143,1.0,0.1,0.3,0.0,0.85,0.9,0.9
simgp24_g75,random,4,405,0.11230535337709917,0.96,1.0,0.9795918367346939,24,0.7419354838709677,0.06295290658895775,-0.06273865534813351,24,1,0.5806451612903226,0.7096774193548387,0.9032258064516129,,,,,,,,,
simgp_timeblind,random,4,405,0.1555677798302252,1.0,0.375,0.5454545454545454,24,0.8387096774193549,0.11659355156551074,0.0943761511370577,9,0,,,,0.36395522972205435,0.5714285714285714,0.6774193548387096,,,,,,
mean_of_samples,random,4,405,0.32289867561755065,1.0,0.0,0.0,24,0.0,0.3015041476732943,0.16976466556910297,0,0,,,,0.3740723946460467,0.0,0.0,,,,,,
simgp24,random,5,405,0.05334954133982903,0.9583333333333334,1.0,0.9787234042553191,23,1.0,0.03120807174782462,-0.025398794708433377,23,1,0.8333333333333334,0.9666666666666667,1.0,0.09468924531232044,0.7142857142857143,1.0,0.1,0.3,0.0,0.85,0.9,0.9
simgp24_g75,random,5,405,0.029075698315457678,0.9565217391304348,0.9565217391304348,0.9565217391304348,23,1.0,0.021525243259731534,0.004422823591855148,22,1,0.8333333333333334,0.9666666666666667,1.0,,,,,,,,,
simgp_timeblind,random,5,405,0.20968337040247254,1.0,0.13043478260869565,0.23076923076923078,23,0.7666666666666667,0.16743406467578603,0.156775703602899,3,0,,,,0.33152185414082214,0.2857142857142857,0.8,,,,,,
mean_of_samples,random,5,405,0.33557670538441775,1.0,0.0,0.0,23,0.0,0.3149257632287046,0.18752770054534082,0,0,,,,0.37023584130952314,0.0,0.0,,,,,,
simgp24,random,6,405,0.04115524799411948,1.0,1.0,1.0,22,1.0,0.028450292304673948,-0.01737823910854192,22,0,0.8275862068965517,1.0,1.0,0.08381462257676721,0.7142857142857143,0.9655172413793104,0.1,0.3,0.5,0.85,0.9,0.95
simgp24_g75,random,6,405,0.05488569450640693,1.0,1.0,1.0,22,0.7586206896551724,0.04069905353454978,-0.031381316505222474,22,0,0.5517241379310345,0.6896551724137931,0.7931034482758621,,,,,,,,,
simgp_timeblind,random,6,405,0.2770605584380566,0.875,0.3181818181818182,0.4666666666666667,22,0.7241379310344828,0.21430488065209474,0.2117501920846986,7,1,,,,0.35978102118438976,0.2857142857142857,0.6896551724137931,,,,,,
mean_of_samples,random,6,405,0.3212954054575116,1.0,0.0,0.0,22,0.0,0.2977808084606024,0.153030478727098,0,0,,,,0.38662688950366525,0.0,0.0,,,,,,
simgp24,random,7,405,0.05524574179488269,0.9523809523809523,0.9523809523809523,0.9523809523809523,21,0.9642857142857143,0.033218213079292194,-0.015157915299731558,20,1,0.8214285714285714,0.8928571428571429,0.9642857142857143,0.08798335760653747,0.6666666666666666,0.9642857142857143,0.1,0.3,0.5,0.85,0.9,0.95
simgp24_g75,random,7,405,0.05170800620372849,0.9545454545454546,1.0,0.9767441860465117,21,1.0,0.03508874038320233,-0.015827458104184282,21,1,0.42857142857142855,0.8214285714285714,1.0,,,,,,,,,
simgp_timeblind,random,7,405,0.26152043064725417,1.0,0.3333333333333333,0.5,21,0.5714285714285714,0.1838465577640098,0.16857608726644302,7,0,,,,0.36462911727121844,0.3333333333333333,0.6071428571428571,,,,,,
mean_of_samples,random,7,405,0.3105337726430889,1.0,0.0,0.0,21,0.0,0.2821595541773226,0.12040948856847732,0,0,,,,0.40381652989593525,0.0,0.0,,,,,,
simgp24,random,8,405,0.06433045054539464,0.95,0.95,0.9500000000000001,20,0.9629629629629629,0.03541453138205021,-0.021459847810637388,19,1,0.8148148148148148,0.8518518518518519,0.9629629629629629,0.08090106786445528,0.6666666666666666,0.9259259259259259,0.1,0.3,0.5,0.85,0.9,0.95
simgp24_g75,random,8,405,0.043632591140180685,0.9523809523809523,1.0,0.975609756097561,20,0.8518518518518519,0.033939187089697335,-0.014104126590868208,20,1,0.2962962962962963,0.7407407407407407,1.0,,,,,,,,,
simgp_timeblind,random,8,405,0.2046728482652159,1.0,0.1,0.18181818181818182,20,0.6666666666666666,0.16288418239880878,0.14725528887697262,2,0,,,,0.34801056929262814,0.3333333333333333,0.6296296296296297,,,,,,
mean_of_samples,random,8,405,0.30636454990444145,1.0,0.0,0.0,20,0.0,0.2740524895626107,0.10012062533842576,0,0,,,,0.41843435095098397,0.0,0.0,,,,,,
simgp24,random,9,405,0.06619561140381786,0.9473684210526315,0.9473684210526315,0.9473684210526315,19,0.9615384615384616,0.036674236349478584,-0.020214452246168392,18,1,0.8076923076923077,0.8461538461538461,0.9615384615384616,0.08538311894136737,0.6,0.9230769230769231,0.1,0.3,0.5,0.85,0.9,0.95
simgp24_g75,random,9,405,0.044951243386958294,0.95,1.0,0.9743589743589743,19,0.8461538461538461,0.03453377975393478,-0.011946840154573552,19,1,0.11538461538461539,0.7307692307692307,0.9230769230769231,,,,,,,,,
simgp_timeblind,random,9,405,0.14954734969924963,1.0,0.2631578947368421,0.4166666666666667,19,0.7692307692307693,0.12150048559691463,0.09159263335544174,5,0,,,,0.3668294296868109,0.4,0.6923076923076923,,,,,,
mean_of_samples,random,9,405,0.30187399734923925,1.0,0.0,0.0,19,0.0,0.26265259606454916,0.07205488469799262,0,0,,,,0.4378452041111125,0.0,0.0,,,,,,
simgp24,random,10,405,0.043922704958977855,1.0,0.9444444444444444,0.9714285714285714,18,1.0,0.03151123943033132,0.009873650722809924,17,0,0.92,1.0,1.0,0.08119149925478887,0.5,0.92,0.1,0.3,0.5,0.85,0.9,0.95
simgp24_g75,random,10,405,0.05105486623922351,0.9473684210526315,1.0,0.972972972972973,18,0.84,0.03708453876244051,-0.0073211619381717144,18,1,0.16,0.8,0.92,,,,,,,,,
simgp_timeblind,random,10,405,0.15915604173996162,1.0,0.5,0.6666666666666666,18,0.68,0.11956025611096749,0.09391329835409958,9,0,,,,0.3677444361706343,0.75,0.48,,,,,,
mean_of_samples,random,10,405,0.30293420783040964,1.0,0.0,0.0,18,0.0,0.2605811457087719,0.05955053717855524,0,0,,,,0.4492227068946959,0.0,0.0,,,,,,
simgp24,random,11,405,0.04432290017327424,1.0,0.9444444444444444,0.9714285714285714,18,1.0,0.030943282357594,0.009892598135578608,17,0,0.9166666666666666,1.0,1.0,0.08329773262804985,0.5,0.9166666666666666,0.1,0.3,0.5,0.85,0.9,0.95
simgp24_g75,random,11,405,0.052286295642816026,0.9444444444444444,0.9444444444444444,0.9444444444444444,18,0.7916666666666666,0.03636032582612636,-0.005224131762318264,17,1,0.16666666666666666,0.7083333333333334,0.8333333333333334,,,,,,,,,
simgp_timeblind,random,11,405,0.18276292705437155,1.0,0.2777777777777778,0.4347826086956522,18,0.6666666666666666,0.1458773722831539,0.13191010135315856,5,0,,,,0.34995209750192663,0.75,0.7083333333333334,,,,,,
mean_of_samples,random,11,405,0.3165046310818955,1.0,0.0,0.0,18,0.0,0.2883093363282656,0.1466762239225337,0,0,,,,0.38974872817378403,0.0,0.0,,,,,,
simgp24,random,12,405,0.0606724211731125,1.0,0.9411764705882353,0.9696969696969697,17,0.9565217391304348,0.036877857835706365,-0.0002573941610131028,16,0,0.6956521739130435,0.9565217391304348,0.9565217391304348,0.07044092115871219,0.6666666666666666,0.9565217391304348,0.1,0.3,0.5,0.85,0.9,0.95
simgp24_g75,random,12,405,0.08169362479418268,0.9411764705882353,0.9411764705882353,0.9411764705882353,17,0.6521739130434783,0.048219592126512494,-0.024990701203206567,16,1,0.34782608695652173,0.6086956521739131,0.782608695652174,,,,,,,,,
simgp_timeblind,random,12,405,0.16956439741613952,1.0,0.47058823529411764,0.6399999999999999,17,0.6956521739130435,0.12607226926575296,0.11472853369271263,8,0,,,,0.36429471373971817,0.6666666666666666,0.4782608695652174,,,,,,
mean_of_samples,random,12,405,0.30797210772340217,1.0,0.0,0.0,17,0.0,0.2755693620168455,0.11921250944174103,0,0,,,,0.40517241669540216,0.0,0.0,,,,,,
simgp24,random,13,405,0.05643541724287002,1.0,0.9411764705882353,0.9696969696969697,17,0.9545454545454546,0.035117349772390234,0.006919850984178278,16,0,0.6818181818181818,0.9090909090909091,0.9545454545454546,0.06951358604311061,0.6666666666666666,0.9545454545454546,0.1,0.3,0.5,0.85,0.9,0.95
simgp24_g75,random,13,405,0.04673972443543362,0.9444444444444444,1.0,0.9714285714285714,17,0.7272727272727273,0.032908446771797925,-0.0043096724326026235,17,1,0.2727272727272727,0.5454545454545454,0.8636363636363636,,,,,,,,,
simgp_timeblind,random,13,405,0.1741776939607867,1.0,0.35294117647058826,0.5217391304347826,17,0.6363636363636364,0.1308486382219932,0.12540000190759773,6,0,,,,0.3640307426673477,0.3333333333333333,0.45454545454545453,,,,,,
mean_of_samples,random,13,405,0.3185409063876143,1.0,0.0,0.0,17,0.0,0.28886191672183037,0.16986323344858836,0,0,,,,0.373113387443465,0.0,0.0,,,,,,
simgp24,random,14,405,0.051715220889457285,0.9375,0.9375,0.9375,16,0.9523809523809523,0.03173405433469236,0.0014827711446016643,15,1,0.7619047619047619,0.9047619047619048,1.0,0.07380598241603928,0.6666666666666666,0.9523809523809523,0.1,0.3,0.5,0.85,0.9,0.95
simgp24_g75,random,14,405,0.07229194767037306,0.9375,0.9375,0.9375,16,0.7142857142857143,0.04178967434530141,-0.030050819797201738,15,1,0.42857142857142855,0.6666666666666666,0.7619047619047619,,,,,,,,,
simgp_timeblind,random,14,405,0.20361104887272963,0.9,0.5625,0.6923076923076923,16,0.6666666666666666,0.14194909677530929,0.12996976211492783,9,1,,,,0.36888569352559636,0.6666666666666666,0.6190476190476191,,,,,,
mean_of_samples,random,14,405,0.308089117961116,1.0,0.0,0.0,16,0.0,0.2739631223228627,0.14066635249016565,0,0,,,,0.39623816034750103,0.0,0.0,,,,,,
simgp24,random,15,405,0.05379099847824615,0.9333333333333333,0.9333333333333333,0.9333333333333333,15,0.95,0.03057447752175948,-0.003588278880310309,14,1,0.85,0.9,1.0,0.08358351550898281,0.6666666666666666,0.95,0.1,0.3,0.5,0.85,0.9,0.95
simgp24_g75,random,15,405,0.07760817995282658,0.9333333333333333,0.9333333333333333,0.9333333333333333,15,0.7,0.04373803229498341,-0.03191807105642619,14,1,0.5,0.65,0.75,,,,,,,,,
simgp_timeblind,random,15,405,0.17267902373648028,0.8,0.26666666666666666,0.4,15,0.8,0.1372592731164865,0.1226718279905438,4,1,,,,0.37128350938667093,0.3333333333333333,0.7,,,,,,
mean_of_samples,random,15,405,0.3139612374953927,1.0,0.0,0.0,15,0.0,0.27958211463131805,0.1427816957887394,0,0,,,,0.39993364433846906,0.0,0.0,,,,,,
simgp24,uncertainty,3,405,0.0538878253469994,0.9615384615384616,1.0,0.9803921568627451,25,1.0,0.04968664046344711,-0.04719557449749485,25,1,0.78125,1.0,1.0,0.10368635347502839,0.8571428571428571,0.96875,0.1,0.3,0.0,0.85,0.9,0.95
simgp24,uncertainty,4,405,0.04320423775790273,0.96,1.0,0.9795918367346939,24,1.0,0.028382402896156532,-0.013288252500864198,24,1,0.967741935483871,0.967741935483871,1.0,0.0937665049000663,0.5714285714285714,1.0,0.1,0.3,0.0,0.85,0.9,0.9
simgp24,uncertainty,5,405,0.06380333055165938,0.9565217391304348,0.9565217391304348,0.9565217391304348,23,0.9666666666666667,0.03821740672891395,-0.004909265753109298,22,1,0.7666666666666667,0.9333333333333333,0.9666666666666667,0.13849470726041926,0.6666666666666666,0.9333333333333333,0.1,0.3,0.0,0.85,0.9,0.9
simgp24,uncertainty,6,405,0.08542831433800219,1.0,0.9090909090909091,0.9523809523809523,22,0.9655172413793104,0.05273358723247071,0.003423221492451264,20,0,0.7241379310344828,0.9655172413793104,0.9655172413793104,0.11267767804995708,0.6,0.9655172413793104,0.1,0.3,0.0,0.85,0.9,0.95
simgp24,uncertainty,7,405,0.10743133079491513,1.0,0.38095238095238093,0.5517241379310345,21,0.9642857142857143,0.0861171547531442,0.03275249042048346,8,0,0.2857142857142857,0.7857142857142857,1.0,0.15204497139897274,0.0,0.9642857142857143,0.1,0.1,1.0,0.85,1.1,0.9
simgp24,uncertainty,8,405,0.12300095417264559,0.9375,0.75,0.8333333333333334,20,0.9629629629629629,0.06935453743563619,-0.008388445020209119,15,1,0.7407407407407407,0.8888888888888888,0.9629629629629629,0.13412823834180698,0.4,0.9629629629629629,0.1,0.1,1.0,0.85,1.1,0.9
simgp24,uncertainty,9,405,0.12210159347538978,0.9444444444444444,0.8947368421052632,0.918918918918919,19,0.9615384615384616,0.06550505038369635,-0.02092957276693486,17,1,0.7307692307692307,0.9230769230769231,0.9615384615384616,0.11755649433853352,0.4,0.9615384615384616,0.1,0.3,0.0,0.85,0.9,0.9
simgp24,uncertainty,10,405,0.11001028105947092,0.9411764705882353,0.8888888888888888,0.9142857142857143,18,0.96,0.06025254890117544,-0.022859695727856923,16,1,0.76,0.92,1.0,0.14492869096932445,0.6,0.96,0.1,0.3,0.0,0.85,0.9,0.9
simgp24,uncertainty,11,405,0.1020344113363713,0.9333333333333333,0.8235294117647058,0.8749999999999999,17,1.0,0.0629110828016904,-0.011179166051489475,14,1,0.6666666666666666,0.9166666666666666,1.0,0.2172987779213474,0.6,0.9166666666666666,0.1,0.3,0.5,0.85,0.9,0.95
simgp24,uncertainty,12,405,0.12316473809188415,0.9375,0.9375,0.9375,16,0.9130434782608695,0.06898050657470646,-0.03198094722047986,15,1,0.6956521739130435,0.8260869565217391,0.9565217391304348,0.1281429113835212,0.8,0.9565217391304348,0.1,0.3,0.0,0.85,0.9,0.9
simgp24,uncertainty,13,405,0.09792469990505702,1.0,0.8,0.888888888888889,15,0.9545454545454546,0.07037116662205485,0.009860184575895367,12,0,0.4090909090909091,0.8636363636363636,1.0,0.22215901797400914,0.4,0.8181818181818182,0.1,0.3,0.0,0.85,1.1,0.9
simgp24,uncertainty,14,405,0.09428188581825461,1.0,0.8571428571428571,0.923076923076923,14,0.9523809523809523,0.0657578751320738,0.003116129137493155,12,0,0.42857142857142855,0.9047619047619048,1.0,0.2393878288370202,0.5,0.8095238095238095,0.1,0.3,0.0,0.85,1.1,0.9
simgp24,uncertainty,15,405,0.10339667181993986,0.9230769230769231,0.9230769230769231,0.9230769230769231,13,0.95,0.06343018564762369,-0.02997829811194267,12,1,0.85,0.95,0.95,0.18403398665000772,0.6666666666666666,0.9,0.1,0.3,0.0,0.85,1.1,0.9
simgp24,straddle,3,405,0.0538878253469994,0.9615384615384616,1.0,0.9803921568627451,25,1.0,0.04968664046344711,-0.04719557449749485,25,1,0.78125,1.0,1.0,0.10368635347502839,0.8571428571428571,0.96875,0.1,0.3,0.0,0.85,0.9,0.95
simgp24,straddle,4,405,0.04389703788708542,0.96,1.0,0.9795918367346939,24,1.0,0.028494566894150457,-0.012926228725893043,24,1,0.967741935483871,0.967741935483871,1.0,0.09376042193157878,0.5714285714285714,1.0,0.1,0.3,0.0,0.85,0.9,0.9
simgp24,straddle,5,405,0.060004315407939136,0.9583333333333334,1.0,0.9787234042553191,23,0.9666666666666667,0.03553772817205776,-0.008622223319356737,23,1,0.8666666666666667,0.9333333333333333,1.0,0.13198808107676716,0.5714285714285714,0.9333333333333333,0.1,0.3,0.0,0.85,0.9,0.9
simgp24,straddle,6,405,0.043524270064483686,0.9545454545454546,0.9545454545454546,0.9545454545454546,22,1.0,0.0271437717468526,0.00348016901985501,21,1,0.8620689655172413,0.9310344827586207,1.0,0.08323606673399907,0.8333333333333334,0.9310344827586207,0.25,0.1,1.0,0.85,0.9,0.9
simgp24,straddle,7,405,0.06042431075364473,1.0,0.9523809523809523,0.975609756097561,21,0.8928571428571429,0.03808652443384585,0.02299595576861785,20,0,0.6785714285714286,0.8571428571428571,0.9642857142857143,0.12438077514805194,0.6666666666666666,0.75,0.25,0.1,0.5,0.85,0.9,0.9
simgp24,straddle,8,405,0.0566773317779301,0.9523809523809523,1.0,0.975609756097561,20,0.9259259259259259,0.030325553604150433,0.01010113972124637,20,1,0.8518518518518519,0.8888888888888888,0.9629629629629629,0.12298578673982355,0.8,0.8518518518518519,0.4,0.1,0.0,0.85,0.9,0.9
simgp24,straddle,9,405,0.057025625803755975,0.95,1.0,0.9743589743589743,19,0.9230769230769231,0.030505817886298345,0.010079163326487235,19,1,0.8076923076923077,0.8846153846153846,0.9615384615384616,0.12239679548877092,0.8,0.8461538461538461,0.4,0.1,0.0,0.85,0.9,0.9
simgp24,straddle,10,405,0.0593452375521754,1.0,0.9444444444444444,0.9714285714285714,18,0.88,0.032350198806767955,0.013241647880076639,17,0,0.68,0.84,0.92,0.1209174657714526,0.8,0.84,0.4,0.1,0.0,0.85,0.9,0.9
simgp24,straddle,11,405,0.06071846860695858,1.0,0.9411764705882353,0.9696969696969697,17,0.875,0.03399701851177709,0.01177593056274017,16,0,0.6666666666666666,0.8333333333333334,0.9166666666666666,0.12420731032309404,0.8,0.625,0.4,0.1,0.0,0.85,0.9,0.9
simgp24,straddle,12,405,0.06449544376185273,1.0,0.9375,0.967741935483871,16,0.8260869565217391,0.03760241367765971,0.01743309160572955,15,0,0.6521739130434783,0.8260869565217391,0.9130434782608695,0.12311759602667041,0.8,0.6086956521739131,0.25,0.1,1.0,0.85,0.9,0.9
simgp24,straddle,13,405,0.0869774569918621,0.9375,1.0,0.967741935483871,15,1.0,0.0451801774760028,-0.0218152488680847,15,1,0.8181818181818182,0.9545454545454546,1.0,0.12075591275922969,0.8,0.9090909090909091,0.25,0.1,1.0,0.85,0.9,0.9
simgp24,straddle,14,405,0.1013502096122841,0.9333333333333333,1.0,0.9655172413793104,14,0.9523809523809523,0.05102645042929757,-0.027836724554141726,14,1,0.6666666666666666,0.9523809523809523,0.9523809523809523,0.10907597196515176,0.75,0.9047619047619048,0.25,0.1,1.0,0.85,0.9,0.9
simgp24,straddle,15,405,0.10179347889499409,0.9285714285714286,1.0,0.962962962962963,13,0.95,0.052207478128079576,-0.027420034020464796,13,1,0.65,0.95,0.95,0.10583983466034123,0.75,0.9,0.25,0.1,1.0,0.85,0.9,0.9
simgp24,straddle_min,3,405,0.0538878253469994,0.9615384615384616,1.0,0.9803921568627451,25,1.0,0.04968664046344711,-0.04719557449749485,25,1,0.78125,1.0,1.0,0.10368635347502839,0.8571428571428571,0.96875,0.1,0.3,0.0,0.85,0.9,0.95
simgp24,straddle_min,4,405,0.04412114557077196,0.96,1.0,0.9795918367346939,24,1.0,0.028891491113300607,-0.013708683124178491,24,1,0.967741935483871,0.967741935483871,1.0,0.0937709594998993,0.5714285714285714,1.0,0.1,0.3,0.0,0.85,0.9,0.9
simgp24,straddle_min,5,405,0.06106112505502295,0.9565217391304348,0.9565217391304348,0.9565217391304348,23,0.9666666666666667,0.037163538661912666,-0.004254483686650018,22,1,0.8,0.8666666666666667,0.9666666666666667,0.12992176679507308,0.5714285714285714,0.9333333333333333,0.1,0.3,0.0,0.85,0.9,0.9
simgp24,straddle_min,6,405,0.05631419759338503,0.9565217391304348,1.0,0.9777777777777777,22,1.0,0.036496468482361016,-0.030418854019279816,22,1,0.8275862068965517,1.0,1.0,0.13559291087646952,0.7142857142857143,0.9655172413793104,0.1,0.3,0.5,0.85,0.9,0.95
simgp24,straddle_min,7,405,0.07475027844832491,0.9545454545454546,1.0,0.9767441860465117,21,1.0,0.04115369583301536,-0.026522742797726866,21,1,0.75,0.9642857142857143,1.0,0.16221271032424095,0.7142857142857143,0.8928571428571429,0.1,0.3,0.0,0.85,0.9,0.9
simgp24,straddle_min,8,405,0.07712873275493184,0.9523809523809523,1.0,0.975609756097561,20,1.0,0.0465746579270297,-0.03921499670142389,20,1,0.5925925925925926,0.9629629629629629,1.0,0.15906298931696494,0.7142857142857143,0.9629629629629629,0.4,0.1,1.0,0.85,0.9,0.9
simgp24,straddle_min,9,405,0.04791863254499415,0.95,1.0,0.9743589743589743,19,1.0,0.03247391975122049,-0.019939794192515563,19,1,0.9230769230769231,1.0,1.0,0.12742166536992022,0.6666666666666666,0.9615384615384616,0.25,0.3,0.0,0.85,0.9,0.9
simgp24,straddle_min,10,405,0.04406266548061449,1.0,1.0,1.0,19,1.0,0.02869904019412826,-0.008908730637912586,19,0,0.96,1.0,1.0,0.12608853644253656,0.6666666666666666,0.92,0.1,0.3,0.5,0.85,0.9,0.95
simgp24,straddle_min,11,405,0.04455828347348979,1.0,1.0,1.0,18,1.0,0.02996762976861042,-0.005543347056546689,18,0,0.9583333333333334,1.0,1.0,0.12672434977417876,0.6666666666666666,0.9166666666666666,0.1,0.3,0.5,0.85,0.9,0.95
simgp24,straddle_min,12,405,0.042906362090901075,1.0,1.0,1.0,17,1.0,0.028575613499453492,-0.00741566762287718,17,0,0.9130434782608695,1.0,1.0,0.12813088189274716,0.6666666666666666,0.9130434782608695,0.1,0.3,0.5,0.85,0.9,0.9
simgp24,straddle_min,13,405,0.04356661518139159,1.0,1.0,1.0,16,1.0,0.030031020528980823,-0.009533460585019997,16,0,0.9545454545454546,1.0,1.0,0.1318298984059802,0.6666666666666666,0.9090909090909091,0.1,0.3,0.5,0.85,0.9,0.9
simgp24,straddle_min,14,405,0.07067360386383165,1.0,0.9333333333333333,0.9655172413793104,15,0.9047619047619048,0.05162412875953076,-0.014809805716730958,14,0,0.5714285714285714,0.8095238095238095,1.0,0.20049132012575194,0.5,0.9047619047619048,0.1,0.3,0.5,0.85,1.0,0.95
simgp24,straddle_min,15,405,0.0767788719521035,1.0,0.9285714285714286,0.962962962962963,14,0.95,0.05425964525585818,-0.02351900843457062,13,0,0.5,0.9,1.0,0.20080423858467802,0.6,0.9,0.1,0.3,0.5,0.85,1.1,0.95
simgp24,random,3,406,0.0534301475737252,0.6363636363636364,1.0,0.7777777777777778,14,1.0,0.04316939258610625,-0.04110502054656685,14,8,0.59375,0.875,1.0,0.057098005668623386,0.6666666666666666,1.0,0.1,0.3,0.0,0.85,1.0,1.0
simgp24_g75,random,3,406,0.04842822031775873,0.875,1.0,0.9333333333333333,14,0.875,0.03140860756595786,-0.026707713761760322,14,2,0.71875,0.875,0.875,,,,,,,,,
simgp_timeblind,random,3,406,0.13799099946492807,0.4782608695652174,0.7857142857142857,0.5945945945945946,14,1.0,0.11809668763559514,-0.07925340258267702,11,12,,,,0.5304807240619885,1.0,1.0,,,,,,
mean_of_samples,random,3,406,0.2695541501582417,1.0,0.0,0.0,14,0.0,0.24973764403071508,0.12416458928659962,0,0,,,,0.3915234094548393,0.0,0.0,,,,,,
simgp24,random,4,406,0.049685423677693255,0.7,1.0,0.8235294117647058,14,1.0,0.03916697088284768,-0.0365708903993894,14,6,0.6451612903225806,0.9354838709677419,1.0,0.10008832722182807,0.6666666666666666,1.0,0.25,0.3,0.0,1.15,1.1,1.0
simgp24_g75,random,4,406,0.03757744287600712,0.875,1.0,0.9333333333333333,14,0.8709677419354839,0.022404873807201006,-0.012432816156601863,14,2,0.7419354838709677,0.8709677419354839,0.9032258064516129,,,,,,,,,
simgp_timeblind,random,4,406,0.3948778648567052,1.0,0.2857142857142857,0.4444444444444445,14,0.5806451612903226,0.32490500471344796,0.2249546320421306,4,0,,,,0.2699204565128605,0.6666666666666666,0.967741935483871,,,,,,
mean_of_samples,random,4,406,0.2944600097671406,1.0,0.0,0.0,14,0.0,0.27890627005379126,0.16721192945702998,0,0,,,,0.3682487111720929,0.0,0.0,,,,,,
simgp24,random,5,406,0.04928447198464505,0.7,1.0,0.8235294117647058,14,1.0,0.03940011402167265,-0.03514493002880725,14,6,0.6,0.9,1.0,0.07157434198196577,0.6666666666666666,1.0,0.25,0.3,0.0,1.15,1.1,1.0
simgp24_g75,random,5,406,0.03744661936553097,0.9333333333333333,1.0,0.9655172413793104,14,0.9,0.023610540756007468,-0.008170544075333781,14,1,0.7333333333333333,0.9,0.9,,,,,,,,,
simgp_timeblind,random,5,406,0.3989024186487857,1.0,0.2857142857142857,0.4444444444444445,14,0.5333333333333333,0.32465921306860707,0.32444247934649245,4,0,,,,0.17255806401902982,0.6666666666666666,0.9666666666666667,,,,,,
mean_of_samples,random,5,406,0.3781276253859092,1.0,0.0,0.0,14,0.0,0.3552894468950046,0.30221231418552214,0,0,,,,0.30850323595126267,0.0,0.0,,,,,,
simgp24,random,6,406,0.04239777288472638,0.9333333333333333,1.0,0.9655172413793104,14,1.0,0.032629942644040746,-0.021122451303937105,14,1,0.7241379310344828,0.9310344827586207,1.0,0.13611406186189337,0.3333333333333333,0.8275862068965517,0.1,0.3,0.5,1.0,1.1,1.05
simgp24_g75,random,6,406,0.035887778200094096,0.9333333333333333,1.0,0.9655172413793104,14,0.896551724137931,0.02239551974270752,-0.004691660094672416,14,1,0.6896551724137931,0.896551724137931,0.896551724137931,,,,,,,,,
simgp_timeblind,random,6,406,0.23003855719181138,1.0,0.14285714285714285,0.25,14,0.896551724137931,0.17410947011346006,0.17099446768993964,2,0,,,,0.3526386580523135,0.3333333333333333,0.9310344827586207,,,,,,
mean_of_samples,random,6,406,0.35364245775769887,1.0,0.0,0.0,14,0.0,0.33395809777623814,0.26783832002982433,0,0,,,,0.31969930886414377,0.0,0.0,,,,,,
simgp24,random,7,406,0.04025343002820687,0.9285714285714286,1.0,0.962962962962963,13,1.0,0.029800441741212262,-0.016762119419085588,13,1,0.7142857142857143,0.9285714285714286,1.0,0.10073566458966697,0.5,0.9642857142857143,0.1,0.3,0.5,1.0,1.0,1.05
simgp24_g75,random,7,406,0.03500820370928354,0.9230769230769231,0.9230769230769231,0.9230769230769231,13,0.9285714285714286,0.021582164651011267,-0.003103407994794871,12,1,0.6428571428571429,0.9285714285714286,0.9285714285714286,,,,,,,,,
simgp_timeblind,random,7,406,0.1896352165298477,1.0,0.15384615384615385,0.2666666666666667,13,0.8928571428571429,0.14846271185606122,0.14711654259794993,2,0,,,,0.33812042792778835,0.5,0.9285714285714286,,,,,,
mean_of_samples,random,7,406,0.31287360121410035,1.0,0.0,0.0,13,0.0,0.2963447592973435,0.20884787257754134,0,0,,,,0.3411703818018171,0.0,0.0,,,,,,
simgp24,random,8,406,0.040054019031068075,0.8666666666666667,1.0,0.9285714285714286,13,1.0,0.029060886244911117,-0.019937790450487866,13,2,0.7037037037037037,0.9259259259259259,1.0,0.08002280784399968,0.0,1.0,0.25,0.3,0.0,1.15,1.1,1.0
simgp24_g75,random,8,406,0.03489659796972664,1.0,0.9230769230769231,0.9600000000000001,13,0.9259259259259259,0.02446721341697489,0.0019705924964105105,12,0,0.6296296296296297,0.8518518518518519,0.9629629629629629,,,,,,,,,
simgp_timeblind,random,8,406,0.6081799033785914,1.0,0.15384615384615385,0.2666666666666667,13,0.3333333333333333,0.4695199808280829,0.4691422994599624,2,0,,,,0.414267050326397,0.5,0.8888888888888888,,,,,,
mean_of_samples,random,8,406,0.36245350455191183,1.0,0.0,0.0,13,0.0,0.34007185913401516,0.3200742793361157,0,0,,,,0.2944235746091815,0.0,0.0,,,,,,
simgp24,random,9,406,0.04046886991924982,0.9285714285714286,1.0,0.962962962962963,13,1.0,0.029364827258098428,-0.02182838844328716,13,1,0.6538461538461539,0.9230769230769231,1.0,0.07485993658428848,0.5,1.0,0.1,0.3,1.0,1.15,1.1,1.05
simgp24_g75,random,9,406,0.0343954737526879,1.0,1.0,1.0,13,0.9230769230769231,0.022462119874096544,-0.003969737833076029,13,0,0.7307692307692307,0.9230769230769231,0.9615384615384616,,,,,,,,,
simgp_timeblind,random,9,406,0.6104115742871254,1.0,0.07692307692307693,0.14285714285714288,13,0.3076923076923077,0.4783640379450034,0.4783640379450034,1,0,,,,0.4138339415061906,0.0,0.8846153846153846,,,,,,
mean_of_samples,random,9,406,0.3985330850487084,1.0,0.0,0.0,13,0.0,0.37573084439913207,0.36663384279589484,0,0,,,,0.2896240845693995,0.0,0.0,,,,,,
simgp24,random,10,406,0.04163416802286371,0.9230769230769231,1.0,0.9600000000000001,12,1.0,0.03149766962769287,-0.02299733507959723,12,1,0.64,0.88,1.0,0.05722345612981491,0.5,1.0,0.1,0.3,1.0,1.15,1.1,1.05
simgp24_g75,random,10,406,0.03432899169042741,1.0,1.0,1.0,12,0.92,0.022707475463196892,-0.00027149974681318635,12,0,0.72,0.84,0.96,,,,,,,,,
simgp_timeblind,random,10,406,0.3418603465790916,1.0,0.08333333333333333,0.15384615384615385,12,0.44,0.31003617045150045,0.31003617045150045,1,0,,,,0.19731576702556267,0.0,0.92,,,,,,
mean_of_samples,random,10,406,0.41537590339635566,1.0,0.0,0.0,12,0.0,0.38896976466405514,0.38392960145629734,0,0,,,,0.28923898255312275,0.0,0.0,,,,,,
simgp24,random,11,406,0.03966138576768298,0.9166666666666666,1.0,0.9565217391304348,11,1.0,0.0292246475080578,-0.018365170328745323,11,1,0.625,0.9166666666666666,1.0,0.09331315497151389,0.5,0.9583333333333334,0.25,0.1,1.0,1.15,1.1,0.95
simgp24_g75,random,11,406,0.03512360974484256,1.0,0.9090909090909091,0.9523809523809523,11,0.9166666666666666,0.024445845976222933,0.001983506340052303,10,0,0.6666666666666666,0.8333333333333334,0.9583333333333334,,,,,,,,,
simgp_timeblind,random,11,406,0.3205926334030163,1.0,0.09090909090909091,0.16666666666666669,11,0.4583333333333333,0.28720361076464035,0.28720361076464035,1,0,,,,0.22602632963972694,0.0,0.875,,,,,,
mean_of_samples,random,11,406,0.38461316555095487,1.0,0.0,0.0,11,0.0,0.36184912191139307,0.3496004810854017,0,0,,,,0.29375220044316475,0.0,0.0,,,,,,
simgp24,random,12,406,0.04439912929552902,0.8333333333333334,1.0,0.9090909090909091,10,0.9130434782608695,0.03277549550582666,-0.028385082787133923,10,2,0.5652173913043478,0.8260869565217391,1.0,0.07612151178033033,0.0,1.0,0.1,0.3,0.5,1.0,1.0,1.05
simgp24_g75,random,12,406,0.037269552431917596,1.0,0.9,0.9473684210526316,10,0.8695652173913043,0.025063236536526017,-0.0004968513857955693,9,0,0.5652173913043478,0.6956521739130435,0.9130434782608695,,,,,,,,,
simgp_timeblind,random,12,406,0.3908433115779863,1.0,0.1,0.18181818181818182,10,0.43478260869565216,0.3235483893297539,0.3235483893297539,1,0,,,,0.21856296609273018,0.0,0.9565217391304348,,,,,,
mean_of_samples,random,12,406,0.35944737470211874,1.0,0.0,0.0,10,0.0,0.33986741764704825,0.32094604430188695,0,0,,,,0.3022875433504985,0.0,0.0,,,,,,
simgp24,random,13,406,0.0422228878442954,0.7692307692307693,1.0,0.8695652173913044,10,0.9545454545454546,0.03207596886798943,-0.02777764032823574,10,3,0.5454545454545454,0.8636363636363636,0.9545454545454546,0.04969936389208157,0.5,1.0,0.1,0.3,0.5,1.0,1.0,1.05
simgp24_g75,random,13,406,0.045257404022741476,0.9,0.9,0.9,10,0.9090909090909091,0.0316903809846757,-0.017436168606414927,9,1,0.45454545454545453,0.7727272727272727,0.9545454545454546,,,,,,,,,
simgp_timeblind,random,13,406,0.19425054301275219,1.0,0.2,0.33333333333333337,10,0.7727272727272727,0.1572452936619715,0.15714902205571463,2,0,,,,0.3480394320647008,0.5,0.6363636363636364,,,,,,
mean_of_samples,random,13,406,0.34289400683161037,1.0,0.0,0.0,10,0.0,0.3262547471560034,0.30042179186334683,0,0,,,,0.31118801491239895,0.0,0.0,,,,,,
simgp24,random,14,406,0.04236523773849282,0.75,1.0,0.8571428571428571,9,0.9523809523809523,0.032161673130637156,-0.027250375001615885,9,3,0.5238095238095238,0.8571428571428571,0.9523809523809523,0.05239365179337702,0.5,1.0,0.1,0.3,0.5,1.0,1.0,1.05
simgp24_g75,random,14,406,0.04403552534800407,0.8888888888888888,0.8888888888888888,0.8888888888888888,9,0.8571428571428571,0.031773930853960956,-0.01606653904185928,8,1,0.42857142857142855,0.7142857142857143,0.9523809523809523,,,,,,,,,
simgp_timeblind,random,14,406,0.18224886047171926,1.0,0.1111111111111111,0.19999999999999998,9,0.8095238095238095,0.15062050205438776,0.14898865160005834,1,0,,,,0.3566916822595062,0.0,0.6190476190476191,,,,,,
mean_of_samples,random,14,406,0.34144139763742803,1.0,0.0,0.0,9,0.0,0.32396712727639326,0.29764344111436014,0,0,,,,0.3174026475617379,0.0,0.0,,,,,,
simgp24,random,15,406,0.050953492578161924,0.8181818181818182,1.0,0.9,9,0.95,0.039167156766763564,-0.03372177626537883,9,2,0.45,0.85,0.95,0.05862356174941563,0.5,1.0,0.1,0.3,0.5,1.0,1.0,1.05
simgp24_g75,random,15,406,0.04475856733801648,1.0,1.0,1.0,9,0.85,0.029806418838344007,-0.007475695441465369,9,0,0.55,0.7,0.95,,,,,,,,,
simgp_timeblind,random,15,406,0.20716092955961857,1.0,0.2222222222222222,0.3636363636363636,9,0.75,0.17206455288748335,0.17206455288748335,2,0,,,,0.34311065340186614,0.5,0.65,,,,,,
mean_of_samples,random,15,406,0.35570745298542916,1.0,0.0,0.0,9,0.0,0.34045258336353107,0.32551206807404515,0,0,,,,0.3101493290244099,0.0,0.0,,,,,,
simgp24,uncertainty,3,406,0.0534301475737252,0.6363636363636364,1.0,0.7777777777777778,14,1.0,0.04316939258610625,-0.04110502054656685,14,8,0.59375,0.875,1.0,0.057098005668623386,0.6666666666666666,1.0,0.1,0.3,0.0,0.85,1.0,1.0
simgp24,uncertainty,4,406,0.049899250929857156,0.65,1.0,0.787878787878788,13,0.967741935483871,0.03925632017040083,-0.03326715899883581,13,7,0.6129032258064516,0.9032258064516129,1.0,0.05742438204289335,0.6666666666666666,1.0,0.1,0.3,0.5,1.0,1.1,1.0
simgp24,uncertainty,5,406,0.051965216249462785,0.6666666666666666,1.0,0.8,12,0.9333333333333333,0.04240182839288225,-0.03861036519319667,12,6,0.5333333333333333,0.8666666666666667,1.0,0.062060947063713325,1.0,1.0,0.1,0.3,0.5,1.0,1.1,1.0
simgp24,uncertainty,6,406,0.04202282898085812,0.7333333333333333,1.0,0.846153846153846,11,0.9655172413793104,0.03343488218468725,-0.02359757853776031,11,4,0.6551724137931034,0.8620689655172413,1.0,0.06214305057528464,1.0,1.0,0.1,0.3,0.5,1.0,0.9,1.05
simgp24,uncertainty,7,406,0.05218628332864801,0.75,0.9,0.8181818181818182,10,1.0,0.03691939984741088,-0.02506993368340319,9,3,0.7142857142857143,0.9642857142857143,1.0,0.08040374655406825,1.0,1.0,0.25,0.1,0.5,1.0,1.0,0.9
simgp24,uncertainty,8,406,0.057801531917131076,1.0,0.7777777777777778,0.8750000000000001,9,1.0,0.04337833343811092,-0.01877405931458922,7,0,0.6296296296296297,0.9629629629629629,1.0,0.07510467882315154,1.0,1.0,0.25,0.1,0.5,1.0,1.0,0.9
simgp24,uncertainty,9,406,0.0664024415003406,1.0,0.8888888888888888,0.9411764705882353,9,0.9615384615384616,0.04580933906863256,-0.02961674802947993,8,0,0.46153846153846156,0.8846153846153846,0.9615384615384616,0.07223290837629816,1.0,1.0,0.25,0.1,0.5,1.0,1.0,0.9
simgp24,uncertainty,10,406,0.06180950271377581,1.0,0.75,0.8571428571428571,8,1.0,0.046686759775968374,-0.014409362872590729,6,0,0.56,0.8,1.0,0.07434364422494481,1.0,1.0,0.25,0.1,0.5,1.0,1.1,0.95
simgp24,uncertainty,11,406,0.08708724390105174,1.0,0.42857142857142855,0.6,7,0.875,0.06438893737354884,0.009828426143411065,3,0,0.5833333333333334,0.7083333333333334,0.9166666666666666,0.06974180313179978,1.0,1.0,0.25,0.1,0.0,1.0,1.1,0.9
simgp24,uncertainty,12,406,0.08890656746674873,1.0,0.3333333333333333,0.5,6,0.8260869565217391,0.06607810776907137,0.011776163271265645,2,0,0.4782608695652174,0.6956521739130435,0.9130434782608695,0.0702041458777285,1.0,1.0,0.25,0.1,0.0,1.0,1.1,0.9
simgp24,uncertainty,13,406,0.05656533464635941,1.0,0.6,0.7499999999999999,5,1.0,0.04096722157527022,-0.0021562455711570255,3,0,0.7272727272727273,0.9545454545454546,1.0,0.06158688009478095,1.0,1.0,0.25,0.1,0.0,1.0,1.1,0.9
simgp24,uncertainty,14,406,0.09374842664378003,1.0,0.5,0.6666666666666666,4,0.8095238095238095,0.07286070193837006,0.04725561116876465,2,0,0.5238095238095238,0.6666666666666666,0.8571428571428571,0.05090910362228171,1.0,1.0,0.1,0.1,1.0,1.0,1.1,0.9
simgp24,uncertainty,15,406,0.06678249224088666,1.0,0.3333333333333333,0.5,3,1.0,0.05063332417761189,0.02382677770362866,1,0,0.8,0.95,1.0,0.04545792640061604,1.0,1.0,0.1,0.1,1.0,1.0,1.1,0.9
simgp24,straddle,3,406,0.0534301475737252,0.6363636363636364,1.0,0.7777777777777778,14,1.0,0.04316939258610625,-0.04110502054656685,14,8,0.59375,0.875,1.0,0.057098005668623386,0.6666666666666666,1.0,0.1,0.3,0.0,0.85,1.0,1.0
simgp24,straddle,4,406,0.04702222081483971,0.7222222222222222,1.0,0.8387096774193548,13,0.9354838709677419,0.03838640386388055,-0.02230129929888225,13,5,0.6451612903225806,0.8709677419354839,1.0,0.05952747701046013,1.0,1.0,0.25,0.1,0.5,1.0,0.9,0.9
simgp24,straddle,5,406,0.05259048648429783,0.8,1.0,0.888888888888889,12,0.9333333333333333,0.04225895718599839,-0.022644021118195863,12,3,0.6333333333333333,0.8333333333333334,1.0,0.07318938138746534,1.0,1.0,0.25,0.1,0.5,1.0,0.9,0.9
simgp24,straddle,6,406,0.051002982265897834,0.9166666666666666,1.0,0.9565217391304348,11,0.9655172413793104,0.04061770177503154,-0.0037232858621410563,11,1,0.6896551724137931,0.896551724137931,1.0,0.11839807770905593,1.0,1.0,0.25,0.1,0.5,1.0,0.9,0.95
simgp24,straddle,7,406,0.05503200402194944,0.9,0.9,0.9,10,0.9285714285714286,0.043316973283019165,0.0011764369439704841,9,1,0.6785714285714286,0.8928571428571429,0.9642857142857143,0.10339861935599699,1.0,1.0,0.25,0.1,0.5,1.0,0.9,1.0
simgp24,straddle,8,406,0.11826145794509312,1.0,0.4444444444444444,0.6153846153846153,9,0.6296296296296297,0.08973144408782634,0.05875994239839554,4,0,0.4444444444444444,0.6296296296296297,0.7407407407407407,0.19238391970513563,1.0,0.9629629629629629,0.25,0.1,0.0,1.0,0.9,0.95
simgp24,straddle,9,406,0.08797665130521405,1.0,0.625,0.7692307692307693,8,1.0,0.05851777996552905,-0.007586836397876911,5,0,0.6923076923076923,0.9615384615384616,1.0,0.10829691886523077,1.0,1.0,0.1,0.1,1.0,1.0,1.0,0.9
simgp24,straddle,10,406,0.09343485169293476,1.0,0.42857142857142855,0.6,7,1.0,0.06868246958813551,-0.0003551718714723884,3,0,0.6,1.0,1.0,0.10357046639872253,1.0,1.0,0.1,0.1,1.0,1.0,1.0,0.9
simgp24,straddle,11,406,0.07254615779025775,0.75,0.5,0.6,6,1.0,0.050529901486046504,0.0010238638569910821,3,1,0.7083333333333334,0.875,1.0,0.36224932174790675,1.0,0.9583333333333334,0.1,0.1,1.0,1.0,1.0,0.9
simgp24,straddle,12,406,0.07025405355040382,0.5,0.2,0.28571428571428575,5,0.9130434782608695,0.056085956283793495,0.041190039430566525,1,1,0.6956521739130435,0.8695652173913043,0.9130434782608695,0.23863317406508266,1.0,0.9130434782608695,0.1,0.1,1.0,1.0,1.0,0.9
simgp24,straddle,13,406,0.07114506031789042,1.0,0.6,0.7499999999999999,5,0.9090909090909091,0.05421457364355293,0.034929786570928864,3,0,0.6818181818181818,0.8636363636363636,0.9090909090909091,0.26452134512992664,1.0,0.9090909090909091,0.1,0.3,0.0,1.0,1.1,1.0
simgp24,straddle,14,406,0.07048865031146659,1.0,0.5,0.6666666666666666,4,0.9047619047619048,0.047644682759086336,0.015950052125864037,2,0,0.7142857142857143,0.8571428571428571,0.9047619047619048,0.28197573938770876,1.0,0.9047619047619048,0.1,0.3,0.0,1.0,1.1,0.95
simgp24,straddle,15,406,0.0810238963511507,1.0,0.0,0.0,4,0.8,0.058401859771056275,0.029700249615558404,0,0,0.55,0.75,0.85,0.5516014374867828,1.0,0.15,0.1,0.3,0.0,1.0,1.1,1.0
simgp24,straddle_min,3,406,0.0534301475737252,0.6363636363636364,1.0,0.7777777777777778,14,1.0,0.04316939258610625,-0.04110502054656685,14,8,0.59375,0.875,1.0,0.057098005668623386,0.6666666666666666,1.0,0.1,0.3,0.0,0.85,1.0,1.0
simgp24,straddle_min,4,406,0.048599219956924754,0.7222222222222222,1.0,0.8387096774193548,13,0.967741935483871,0.0391189800235371,-0.029532380124985668,13,5,0.6451612903225806,0.9032258064516129,1.0,0.05893833030263936,0.6666666666666666,1.0,0.25,0.1,1.0,1.0,0.9,0.95
simgp24,straddle_min,5,406,0.053569686436725834,0.7058823529411765,1.0,0.8275862068965517,12,1.0,0.04485427482477867,-0.03734213069716667,12,5,0.4666666666666667,0.9,1.0,0.07713350840688597,1.0,1.0,0.25,0.1,0.5,1.0,0.9,0.9
simgp24,straddle_min,6,406,0.06034385110873406,0.7692307692307693,0.8333333333333334,0.8,12,1.0,0.045910123096293436,-0.007244238283112882,10,3,0.7586206896551724,1.0,1.0,0.1844378910893897,1.0,1.0,0.25,0.1,0.0,1.0,1.1,0.9
simgp24,straddle_min,7,406,0.07558350853838408,0.9090909090909091,0.9090909090909091,0.9090909090909091,11,0.8928571428571429,0.05877076525980305,0.018968558030126755,10,1,0.5357142857142857,0.8571428571428571,0.9285714285714286,0.053418154803913355,1.0,1.0,0.25,0.1,0.5,1.0,1.1,0.9
simgp24,straddle_min,8,406,0.0497932725290714,0.7333333333333333,1.0,0.846153846153846,11,0.9629629629629629,0.04363374846033241,-0.019461945974726017,11,4,0.5925925925925926,0.9629629629629629,1.0,0.19928051572607663,1.0,0.9259259259259259,0.1,0.3,0.0,1.0,1.1,0.9
simgp24,straddle_min,9,406,0.07330834058939135,0.6875,1.0,0.8148148148148148,11,0.9230769230769231,0.05755789723019021,-0.05755789723019021,11,5,0.5,0.8846153846153846,1.0,0.2844168468037337,1.0,0.8076923076923077,0.1,0.3,0.0,1.0,1.1,0.9
simgp24,straddle_min,10,406,0.08629816038185648,0.9090909090909091,0.9090909090909091,0.9090909090909091,11,0.88,0.06921163155566824,0.011824075353381456,10,1,0.52,0.8,0.92,0.05266612447347487,1.0,1.0,0.25,0.1,1.0,1.0,0.9,0.95
simgp24,straddle_min,11,406,0.06731732109627005,0.7333333333333333,1.0,0.846153846153846,11,0.9166666666666666,0.051936806822286026,-0.051936806822286026,11,4,0.5416666666666666,0.875,1.0,0.25836312897097574,1.0,0.7916666666666666,0.1,0.3,0.0,1.0,0.9,0.95
simgp24,straddle_min,12,406,0.05905715877334869,0.7857142857142857,1.0,0.88,11,0.9565217391304348,0.044833157398988875,-0.044833157398988875,11,3,0.5217391304347826,0.9130434782608695,1.0,0.20356182251850397,1.0,0.8260869565217391,0.1,0.3,0.0,1.0,0.9,0.95
simgp24,straddle_min,13,406,0.041569939839268065,0.8461538461538461,1.0,0.9166666666666666,11,1.0,0.030864789699477646,-0.016088497618191623,11,2,0.7727272727272727,1.0,1.0,0.13920623698653986,1.0,0.9545454545454546,0.1,0.3,0.0,1.0,0.9,0.95
simgp24,straddle_min,14,406,0.04439717301081491,0.8333333333333334,1.0,0.9090909090909091,10,1.0,0.03458445293581282,-0.019537553100145173,10,2,0.6666666666666666,0.9523809523809523,1.0,0.14269599729719548,1.0,0.9523809523809523,0.1,0.3,0.0,1.0,0.9,0.9
simgp24,straddle_min,15,406,0.05052527197274004,0.8181818181818182,1.0,0.9,9,1.0,0.039319339903799266,-0.023465049438437302,9,2,0.65,0.9,1.0,0.17011672881745746,1.0,0.95,0.1,0.3,0.0,1.0,0.9,0.95
simgp24,random,3,407,0.04894030229306286,0.782608695652174,0.9,0.8372093023255814,20,1.0,0.03895786014622912,-0.019897263484088278,18,5,0.6875,1.0,1.0,0.11718832391132494,0.5555555555555556,0.90625,0.25,0.3,0.0,1.15,0.9,0.95
simgp24_g75,random,3,407,0.04636028255664136,0.8888888888888888,0.8,0.8421052631578948,20,0.9375,0.033395513605226204,0.004806178311312009,16,2,0.65625,0.875,0.96875,,,,,,,,,
simgp_timeblind,random,3,407,0.2107226155676123,1.0,0.1,0.18181818181818182,20,0.75,0.16192971963693248,0.16052496118746218,2,0,,,,0.3563699267248223,0.2222222222222222,0.6875,,,,,,
mean_of_samples,random,3,407,0.3381068718821479,1.0,0.0,0.0,20,0.0,0.3282963695842416,0.2346075431946094,0,0,,,,0.36994429580398436,0.0,0.0,,,,,,
simgp24,random,4,407,0.05033108630018256,0.8181818181818182,0.9,0.8571428571428572,20,0.967741935483871,0.036798748385922966,-0.0067193359721396066,18,4,0.7419354838709677,0.967741935483871,1.0,0.11984325979377057,0.4444444444444444,0.9032258064516129,0.1,0.3,1.0,1.0,0.9,1.1
simgp24_g75,random,4,407,0.051226591276282644,0.9411764705882353,0.8,0.8648648648648648,20,0.9032258064516129,0.03536242812551,0.013755311862675616,16,1,0.6451612903225806,0.8064516129032258,0.967741935483871,,,,,,,,,
simgp_timeblind,random,4,407,0.4675669202756633,1.0,0.15,0.2608695652173913,20,0.5806451612903226,0.31400528298923036,0.31400528298923036,3,0,,,,0.4112425990554691,0.3333333333333333,0.5483870967741935,,,,,,
mean_of_samples,random,4,407,0.42645087339041393,1.0,0.0,0.0,20,0.0,0.40827404760873154,0.35825655582851135,0,0,,,,0.3538158442823061,0.0,0.0,,,,,,
simgp24,random,5,407,0.0980042343208749,0.782608695652174,0.9473684210526315,0.8571428571428571,19,0.9,0.059506952300121915,-0.05474602443365712,18,5,0.5,0.9,0.9,0.17188265945061074,0.6666666666666666,0.8333333333333334,0.1,0.6,0.5,1.15,0.9,1.05
simgp24_g75,random,5,407,0.09871188524409594,0.8571428571428571,0.9473684210526315,0.9,19,0.8666666666666667,0.05218778502177646,-0.041596232255073265,18,3,0.6333333333333333,0.8666666666666667,0.9,,,,,,,,,
simgp_timeblind,random,5,407,0.44895201610676827,1.0,0.10526315789473684,0.1904761904761905,19,0.5333333333333333,0.30939969064524314,0.30939969064524314,2,0,,,,0.37836128623595566,0.2222222222222222,0.5666666666666667,,,,,,
mean_of_samples,random,5,407,0.41678839425600694,1.0,0.0,0.0,19,0.0,0.3991741921380523,0.3442921560653272,0,0,,,,0.3559506556863523,0.0,0.0,,,,,,
simgp24,random,6,407,0.09006896792405929,0.8181818181818182,0.9473684210526315,0.8780487804878049,19,0.896551724137931,0.0548085957577579,-0.0466124273590916,18,4,0.6551724137931034,0.896551724137931,0.896551724137931,0.16493449965893006,0.4444444444444444,0.8620689655172413,0.1,0.3,0.0,0.85,0.9,0.95
simgp24_g75,random,6,407,0.09224385605793098,0.85,0.8947368421052632,0.8717948717948718,19,0.896551724137931,0.05010571689399238,-0.03269007185367216,17,3,0.5862068965517241,0.7931034482758621,0.896551724137931,,,,,,,,,
simgp_timeblind,random,6,407,0.38465162756722815,1.0,0.15789473684210525,0.2727272727272727,19,0.5517241379310345,0.2949071919881068,0.2949071919881068,3,0,,,,0.3184520162405386,0.3333333333333333,0.5862068965517241,,,,,,
mean_of_samples,random,6,407,0.37599763773491873,1.0,0.0,0.0,19,0.0,0.3617313939928683,0.29049564965845914,0,0,,,,0.3611042889029532,0.0,0.0,,,,,,
simgp24,random,7,407,0.055661034432329295,0.8095238095238095,0.9444444444444444,0.8717948717948718,18,0.9642857142857143,0.04025303850339658,-0.0071578667123934365,17,4,0.6428571428571429,0.9642857142857143,0.9642857142857143,0.13269947192231,0.375,0.8571428571428571,0.1,0.3,0.0,0.85,1.1,0.95
simgp24_g75,random,7,407,0.058758324473937716,0.8823529411764706,0.8333333333333334,0.8571428571428571,18,0.8928571428571429,0.03950356453942031,0.005267393426190367,15,2,0.5714285714285714,0.8928571428571429,0.8928571428571429,,,,,,,,,
simgp_timeblind,random,7,407,0.24067432810761172,1.0,0.1111111111111111,0.19999999999999998,18,0.7142857142857143,0.18620426803539591,0.18620426803539591,2,0,,,,0.2618331521048909,0.25,0.7142857142857143,,,,,,
mean_of_samples,random,7,407,0.33689140083170055,1.0,0.0,0.0,18,0.0,0.32677226173610413,0.2348246178843248,0,0,,,,0.3700319729690972,0.0,0.0,,,,,,
simgp24,random,8,407,0.08564806176226755,0.8823529411764706,0.8823529411764706,0.8823529411764706,17,0.8518518518518519,0.04901257580816275,-0.032506706712089516,15,2,0.6666666666666666,0.8518518518518519,0.8888888888888888,0.1659019353098405,0.5714285714285714,0.7037037037037037,0.1,0.3,0.0,0.85,1.0,0.9
simgp24_g75,random,8,407,0.0640217495689848,0.875,0.8235294117647058,0.8484848484848485,17,0.7777777777777778,0.04856557084669811,0.01632715633743815,14,2,0.4074074074074074,0.7407407407407407,0.9259259259259259,,,,,,,,,
simgp_timeblind,random,8,407,0.29688023069574854,1.0,0.17647058823529413,0.3,17,0.48148148148148145,0.21756991044729515,0.21578424964431384,3,0,,,,0.27326667410180777,0.2857142857142857,0.7037037037037037,,,,,,
mean_of_samples,random,8,407,0.31559484362928447,1.0,0.0,0.0,17,0.0,0.3060952164718162,0.1997425223625578,0,0,,,,0.381887621989644,0.0,0.0,,,,,,
simgp24,random,9,407,0.08623917337315043,0.8888888888888888,1.0,0.9411764705882353,16,0.8846153846153846,0.04826524654937508,-0.037675577869711145,16,2,0.6923076923076923,0.8846153846153846,0.8846153846153846,0.16861238491290115,0.5714285714285714,0.6923076923076923,0.1,0.3,0.0,0.85,1.0,0.9
simgp24_g75,random,9,407,0.09543550300624748,0.875,0.875,0.875,16,0.8076923076923077,0.057939938644636264,-0.023400692690823646,14,2,0.3076923076923077,0.7307692307692307,0.8846153846153846,,,,,,,,,
simgp_timeblind,random,9,407,0.3325158161896381,1.0,0.1875,0.3157894736842105,16,0.5384615384615384,0.23776310733442646,0.23490355511501054,3,0,,,,0.28242739675259854,0.2857142857142857,0.6923076923076923,,,,,,
mean_of_samples,random,9,407,0.303620206977674,1.0,0.0,0.0,16,0.0,0.29342501440073343,0.17466767174109388,0,0,,,,0.3933418167316556,0.0,0.0,,,,,,
simgp24,random,10,407,0.06364325081297774,1.0,0.8666666666666667,0.9285714285714286,15,0.96,0.03701042946656071,-0.016432765473791407,13,0,0.76,0.84,1.0,0.1557972129073322,0.5714285714285714,0.8,0.1,0.3,0.0,0.85,0.9,0.9
simgp24_g75,random,10,407,0.10437003341331702,0.8571428571428571,0.8,0.8275862068965518,15,0.88,0.06682540344075774,-0.025898098294989437,12,2,0.32,0.72,0.92,,,,,,,,,
simgp_timeblind,random,10,407,0.5350409365939007,1.0,0.4,0.5714285714285715,15,0.48,0.3200724381216775,0.31813506742448877,6,0,,,,0.44395625871772754,0.42857142857142855,0.68,,,,,,
mean_of_samples,random,10,407,0.30411490995133633,1.0,0.0,0.0,15,0.0,0.2937579910156812,0.17175044943850662,0,0,,,,0.39963023417180615,0.0,0.0,,,,,,
simgp24,random,11,407,0.08335985895754575,1.0,0.9285714285714286,0.962962962962963,14,0.875,0.048837600451255535,-0.026481876718205122,13,0,0.7916666666666666,0.8333333333333334,0.875,0.17591882090319044,0.5714285714285714,0.625,0.1,0.3,0.0,0.85,0.9,0.95
simgp24_g75,random,11,407,0.10586087821119401,0.8461538461538461,0.7857142857142857,0.8148148148148148,14,0.75,0.07104356839252858,-0.02164485305602927,11,2,0.25,0.6666666666666666,0.875,,,,,,,,,
simgp_timeblind,random,11,407,0.5907541673930322,1.0,0.21428571428571427,0.35294117647058826,14,0.375,0.3718780948742156,0.36839758262360417,3,0,,,,0.48002483965277204,0.2857142857142857,0.625,,,,,,
mean_of_samples,random,11,407,0.29389671301276926,1.0,0.0,0.0,14,0.0,0.28197146871960477,0.1469453507591795,0,0,,,,0.41535396446601647,0.0,0.0,,,,,,
simgp24,random,12,407,0.034707020797238114,1.0,0.9285714285714286,0.962962962962963,14,1.0,0.026560491432483353,0.0003588903170441862,13,0,0.8260869565217391,1.0,1.0,0.12301626082312224,0.5714285714285714,0.8260869565217391,0.1,0.3,0.0,0.85,0.9,0.95
simgp24_g75,random,12,407,0.10411040651729596,0.8461538461538461,0.7857142857142857,0.8148148148148148,14,0.7391304347826086,0.06529120609590282,-0.02008269122950428,11,2,0.30434782608695654,0.6956521739130435,0.9130434782608695,,,,,,,,,
simgp_timeblind,random,12,407,0.5985103939238949,1.0,0.21428571428571427,0.35294117647058826,14,0.30434782608695654,0.3730332617229168,0.36940498248203607,3,0,,,,0.48934119263297976,0.2857142857142857,0.6086956521739131,,,,,,
mean_of_samples,random,12,407,0.33167163866640764,1.0,0.0,0.0,14,0.0,0.3201546757169633,0.2520791750448706,0,0,,,,0.3590328073146375,0.0,0.0,,,,,,
simgp24,random,13,407,0.03100394899110041,1.0,0.8571428571428571,0.923076923076923,14,1.0,0.024182997873399906,0.00591200741505185,12,0,0.9090909090909091,1.0,1.0,0.12937700886418316,0.42857142857142855,0.8181818181818182,0.1,0.3,0.0,0.85,0.9,0.95
simgp24_g75,random,13,407,0.10854985419295392,0.8,0.8571428571428571,0.8275862068965518,14,0.8636363636363636,0.06120519890475343,-0.021545957925228707,12,3,0.3181818181818182,0.7727272727272727,0.9090909090909091,,,,,,,,,
simgp_timeblind,random,13,407,0.5218790562808978,1.0,0.21428571428571427,0.35294117647058826,14,0.36363636363636365,0.3058254845975958,0.30454508013901066,3,0,,,,0.45629424246788003,0.2857142857142857,0.5454545454545454,,,,,,
mean_of_samples,random,13,407,0.36448263776420065,1.0,0.0,0.0,14,0.0,0.3508210536798014,0.3053156495090698,0,0,,,,0.34385033609341054,0.0,0.0,,,,,,
simgp24,random,14,407,0.03159603011141433,1.0,0.8571428571428571,0.923076923076923,14,1.0,0.023756963913313865,0.008472313434188139,12,0,0.9047619047619048,1.0,1.0,0.13303748728909434,0.42857142857142855,0.7619047619047619,0.1,0.3,0.0,0.85,0.9,0.95
simgp24_g75,random,14,407,0.06867447359591072,0.8461538461538461,0.7857142857142857,0.8148148148148148,14,0.8571428571428571,0.044748469793600094,0.00465709790064058,11,2,0.3333333333333333,0.7142857142857143,0.9047619047619048,,,,,,,,,
simgp_timeblind,random,14,407,0.2770795377785107,1.0,0.07142857142857142,0.13333333333333333,14,0.3333333333333333,0.21550936740982057,0.21550936740982057,1,0,,,,0.26331043303979634,0.14285714285714285,0.6190476190476191,,,,,,
mean_of_samples,random,14,407,0.40529962508012113,1.0,0.0,0.0,14,0.0,0.39381394309505297,0.3645282263249053,0,0,,,,0.33060534065886504,0.0,0.0,,,,,,
simgp24,random,15,407,0.03354465840948735,0.8571428571428571,0.8571428571428571,0.8571428571428571,14,1.0,0.02778605581785885,0.002863057266510617,12,2,0.85,1.0,1.0,0.1282619973421133,0.5714285714285714,0.8,0.1,0.3,0.0,0.85,0.9,0.95
simgp24_g75,random,15,407,0.07134913248427582,0.8461538461538461,0.7857142857142857,0.8148148148148148,14,0.85,0.04743815590740259,0.0036534897553652814,11,2,0.35,0.75,0.95,,,,,,,,,
simgp_timeblind,random,15,407,0.501076329822111,1.0,0.21428571428571427,0.35294117647058826,14,0.35,0.3248318153575512,0.32054782340058935,3,0,,,,0.4110796995896696,0.2857142857142857,0.65,,,,,,
mean_of_samples,random,15,407,0.39066430991967843,1.0,0.0,0.0,14,0.0,0.37858517893065835,0.3459289037150346,0,0,,,,0.33166655321378646,0.0,0.0,,,,,,
simgp24,uncertainty,3,407,0.04894030229306286,0.782608695652174,0.9,0.8372093023255814,20,1.0,0.03895786014622912,-0.019897263484088278,18,5,0.6875,1.0,1.0,0.11718832391132494,0.5555555555555556,0.90625,0.25,0.3,0.0,1.15,0.9,0.95
simgp24,uncertainty,4,407,0.042723877432584226,0.85,0.8947368421052632,0.8717948717948718,19,1.0,0.03135114184300137,0.007752222703459494,17,3,0.8064516129032258,1.0,1.0,0.15618746388596697,0.4444444444444444,0.9032258064516129,0.1,0.3,0.5,0.85,1.1,1.1
simgp24,uncertainty,5,407,0.05574594037287297,1.0,0.7777777777777778,0.8750000000000001,18,0.9666666666666667,0.03414055878223216,0.017170975984458152,14,0,0.7666666666666667,0.9333333333333333,1.0,0.10635014925170086,0.6666666666666666,0.8666666666666667,0.1,0.3,0.5,0.85,0.9,1.05
simgp24,uncertainty,6,407,0.03845730153336123,0.8235294117647058,0.8235294117647058,0.8235294117647058,17,1.0,0.03281533093720148,-0.0037237378441676646,14,3,0.7586206896551724,0.9655172413793104,1.0,0.1296140979270428,0.75,0.896551724137931,0.25,0.1,1.0,0.85,0.9,1.05
simgp24,uncertainty,7,407,0.052307244075864436,0.9166666666666666,0.6875,0.7857142857142857,16,0.9285714285714286,0.035907117726126744,0.020317084069716475,11,1,0.7142857142857143,0.8571428571428571,0.9642857142857143,0.12227443451843481,0.7142857142857143,0.8571428571428571,0.1,0.3,0.0,0.85,1.0,0.95
simgp24,uncertainty,8,407,0.05457322258800876,0.9166666666666666,0.7333333333333333,0.8148148148148148,15,0.9629629629629629,0.04348592025338082,-0.008602602453180865,11,1,0.6296296296296297,0.8888888888888888,0.9629629629629629,0.15446230905093256,0.6666666666666666,0.8148148148148148,0.1,0.3,0.5,0.85,0.9,1.05
simgp24,uncertainty,9,407,0.060624242692649835,0.75,0.8571428571428571,0.7999999999999999,14,1.0,0.045133528367538714,-0.02122218194562355,12,4,0.7307692307692307,1.0,1.0,0.09527698115068084,0.6,0.9615384615384616,0.1,0.3,0.5,0.85,0.9,1.0
simgp24,uncertainty,10,407,0.05687381669581439,0.8333333333333334,0.7692307692307693,0.8,13,0.96,0.04494061734279698,-0.013793586439914905,10,2,0.52,0.92,0.96,0.12962482479225718,0.6,0.8,0.1,0.3,0.5,0.85,0.9,1.0
simgp24,uncertainty,11,407,0.05616448290701188,0.8181818181818182,0.75,0.7826086956521738,12,0.9583333333333334,0.04371526509903471,-0.012636189071641902,9,2,0.5416666666666666,0.9166666666666666,0.9583333333333334,0.14143117799536709,0.5,0.8333333333333334,0.1,0.3,0.5,0.85,0.9,1.0
simgp24,uncertainty,12,407,0.06728308743323681,0.6428571428571429,0.8181818181818182,0.7200000000000001,11,0.9565217391304348,0.05036344749696695,-0.03921352396192632,9,5,0.6086956521739131,0.9130434782608695,1.0,0.17708025757160623,0.5,0.782608695652174,0.1,0.3,0.5,0.85,0.9,1.0
simgp24,uncertainty,13,407,0.1016841063226215,0.625,1.0,0.7692307692307693,10,0.8181818181818182,0.0755366418265844,-0.0739854085811867,10,6,0.4090909090909091,0.5909090909090909,0.8636363636363636,0.21608636934430198,0.3333333333333333,0.5454545454545454,0.1,0.3,0.5,0.85,0.9,1.05
simgp24,uncertainty,14,407,0.04979997446651334,0.6363636363636364,0.7,0.6666666666666666,10,1.0,0.04092705503969823,-0.02188535949593951,7,4,0.5238095238095238,0.9523809523809523,1.0,0.1940807509890088,0.3333333333333333,0.47619047619047616,0.1,0.3,0.5,0.85,0.9,1.05
simgp24,uncertainty,15,407,0.08777250876195129,0.6,1.0,0.7499999999999999,9,0.7,0.07158749157490991,-0.06947926105197325,9,6,0.2,0.6,0.85,0.17120986365928192,0.5,0.6,0.1,0.3,0.5,0.85,0.9,1.0
simgp24,straddle,3,407,0.04894030229306286,0.782608695652174,0.9,0.8372093023255814,20,1.0,0.03895786014622912,-0.019897263484088278,18,5,0.6875,1.0,1.0,0.11718832391132494,0.5555555555555556,0.90625,0.25,0.3,0.0,1.15,0.9,0.95
simgp24,straddle,4,407,0.04965506128630581,0.9333333333333333,0.7368421052631579,0.8235294117647058,19,0.967741935483871,0.03389860662461746,0.01375552625718047,14,1,0.7419354838709677,0.9354838709677419,0.967741935483871,0.1308939912574743,0.5,0.9032258064516129,0.1,0.3,0.5,0.85,1.1,1.1
simgp24,straddle,5,407,0.04558650496398505,1.0,0.8333333333333334,0.9090909090909091,18,1.0,0.03502058648369967,0.0026453397481542517,15,0,0.7333333333333333,0.9333333333333333,1.0,0.10620812784623224,0.75,0.9,0.1,0.3,0.5,0.85,0.9,1.05
simgp24,straddle,6,407,0.056270962071192775,0.7894736842105263,0.8823529411764706,0.8333333333333333,17,0.9310344827586207,0.043036633674855974,-0.024569720362784674,15,4,0.7586206896551724,0.9310344827586207,0.9655172413793104,0.10598000570402276,0.7142857142857143,0.896551724137931,0.1,0.3,0.5,0.85,0.9,1.0
simgp24,straddle,7,407,0.10623844043765264,0.7142857142857143,0.9375,0.8108108108108109,16,0.39285714285714285,0.09418003917928948,-0.09049581139748654,15,6,0.10714285714285714,0.32142857142857145,0.5357142857142857,0.15616171954881036,0.7142857142857143,0.8928571428571429,0.1,0.3,0.5,0.85,0.9,1.0
simgp24,straddle,8,407,0.10882873343367665,0.7,0.9333333333333333,0.8,15,0.4074074074074074,0.09669581893114021,-0.09223195347507446,14,6,0.1111111111111111,0.37037037037037035,0.4444444444444444,0.15893972706107806,0.5714285714285714,0.8888888888888888,0.1,0.3,0.5,0.85,0.9,1.0
simgp24,straddle,9,407,0.0825325780577013,0.7222222222222222,0.8666666666666667,0.7878787878787877,15,0.8846153846153846,0.06267410955444794,-0.055975965985200965,13,5,0.4230769230769231,0.6538461538461539,1.0,0.10176520078427168,0.7142857142857143,1.0,0.1,0.3,0.5,0.85,0.9,1.0
simgp24,straddle,10,407,0.07129841106085405,0.7058823529411765,0.8571428571428571,0.7741935483870968,14,0.96,0.05736816683146703,-0.05083288597057752,12,5,0.44,0.68,1.0,0.07804128717008431,0.8333333333333334,1.0,0.1,0.3,0.5,0.85,0.9,0.95
simgp24,straddle,11,407,0.059184662840946166,0.7857142857142857,0.8461538461538461,0.8148148148148148,13,1.0,0.044374977359700564,-0.01697302415807202,11,3,0.9166666666666666,1.0,1.0,0.07134399099209593,1.0,1.0,0.1,0.3,0.5,0.85,0.9,1.0
simgp24,straddle,12,407,0.12425258543331255,0.7058823529411765,1.0,0.8275862068965517,12,0.34782608695652173,0.11258338877332028,-0.11026078233820699,12,5,0.13043478260869565,0.21739130434782608,0.391304347826087,0.08143695806578556,0.6,1.0,0.1,0.3,0.5,0.85,0.9,1.0
simgp24,straddle,13,407,0.23147832673750635,0.6875,1.0,0.8148148148148148,11,0.09090909090909091,0.18264264772761754,-0.18264264772761754,11,5,0.0,0.045454545454545456,0.13636363636363635,0.3979203455027684,0.75,0.2727272727272727,0.1,0.3,0.5,0.85,0.9,0.95
simgp24,straddle,14,407,0.2291770608551919,0.6666666666666666,1.0,0.8,10,0.09523809523809523,0.1824886170308985,-0.1824886170308985,10,5,0.0,0.047619047619047616,0.14285714285714285,0.39407494837002316,0.6666666666666666,0.23809523809523808,0.1,0.3,0.5,0.85,0.9,0.95
simgp24,straddle,15,407,0.2325796905651115,0.6428571428571429,1.0,0.782608695652174,9,0.1,0.18692932759458064,-0.18692932759458064,9,5,0.0,0.0,0.15,0.40088972760246666,1.0,0.2,0.1,0.3,0.5,0.85,1.1,0.95
simgp24,straddle_min,3,407,0.04894030229306286,0.782608695652174,0.9,0.8372093023255814,20,1.0,0.03895786014622912,-0.019897263484088278,18,5,0.6875,1.0,1.0,0.11718832391132494,0.5555555555555556,0.90625,0.25,0.3,0.0,1.15,0.9,0.95
simgp24,straddle_min,4,407,0.04286197065022486,0.85,0.8947368421052632,0.8717948717948718,19,1.0,0.031261376503400946,0.008498775206027057,17,3,0.8064516129032258,1.0,1.0,0.15695101860359656,0.4444444444444444,0.9032258064516129,0.1,0.3,0.5,0.85,1.1,1.1
simgp24,straddle_min,5,407,0.047352244396504234,0.8421052631578947,0.8888888888888888,0.8648648648648649,18,0.9666666666666667,0.03459305595888547,0.003006370740649202,16,3,0.7666666666666667,0.9333333333333333,0.9666666666666667,0.1256585229854959,0.6666666666666666,0.9,0.25,0.1,0.5,1.0,1.1,0.9
simgp24,straddle_min,6,407,0.04860770092691125,0.8421052631578947,0.8888888888888888,0.8648648648648649,18,0.9655172413793104,0.037223679451062607,-0.0031502433170335293,16,3,0.5862068965517241,0.9310344827586207,1.0,0.13096290788953138,0.6666666666666666,0.896551724137931,0.25,0.1,1.0,1.0,1.1,0.9
simgp24,straddle_min,7,407,0.050080732023110155,0.8333333333333334,0.8823529411764706,0.8571428571428571,17,0.9285714285714286,0.03921287591536331,-0.008344753923160418,15,3,0.5,0.8571428571428571,1.0,0.13586904098642716,0.6666666666666666,0.8571428571428571,0.25,0.1,1.0,1.0,1.1,0.9
simgp24,straddle_min,8,407,0.04961708742046141,0.9375,0.8823529411764706,0.9090909090909091,17,0.9259259259259259,0.03586685435274785,0.007021094238302011,15,1,0.5925925925925926,0.8518518518518519,0.9629629629629629,0.1571147846630349,0.6666666666666666,0.8518518518518519,0.25,0.1,0.5,1.0,1.1,0.9
simgp24,straddle_min,9,407,0.05330891280674342,0.875,0.875,0.875,16,0.9615384615384616,0.040987839421408094,-0.012235801269390004,14,2,0.5,0.9230769230769231,1.0,0.1254628076382453,0.6666666666666666,0.8846153846153846,0.1,0.3,0.5,1.0,1.1,0.95
simgp24,straddle_min,10,407,0.0576635725838486,0.9285714285714286,0.8125,0.8666666666666666,16,0.96,0.04126776314976999,0.006239258068520741,13,1,0.6,0.92,0.96,0.1322836552905955,0.6666666666666666,0.84,0.1,0.3,0.5,1.0,1.1,1.0
simgp24,straddle_min,11,407,0.061152363506359456,0.9285714285714286,0.8666666666666667,0.896551724137931,15,0.9583333333333334,0.04499178268602954,-0.022428403518284373,13,1,0.75,0.9583333333333334,1.0,0.1067240854801891,0.6666666666666666,0.9166666666666666,0.1,0.3,0.5,1.0,1.1,0.95
simgp24,straddle_min,12,407,0.05661795893066678,0.9285714285714286,0.8666666666666667,0.896551724137931,15,0.9565217391304348,0.04282077976309507,-0.012789284190612963,13,1,0.7391304347826086,0.9565217391304348,1.0,0.10920505325047677,0.6666666666666666,0.9130434782608695,0.1,0.3,0.5,1.0,1.1,0.95
simgp24,straddle_min,13,407,0.0753323843696708,1.0,0.8666666666666667,0.9285714285714286,15,0.8636363636363636,0.052897241319856986,0.0012631739246300796,13,0,0.8181818181818182,0.8636363636363636,0.9545454545454546,0.12581466264645255,0.6666666666666666,0.9090909090909091,0.1,0.3,0.5,1.0,1.1,0.95
simgp24,straddle_min,14,407,0.08200084186173526,1.0,0.8571428571428571,0.923076923076923,14,0.8571428571428571,0.0575818135368024,-0.006013051503577578,12,0,0.8095238095238095,0.8571428571428571,0.9523809523809523,0.11651446350562022,0.6666666666666666,0.9047619047619048,0.1,0.3,0.5,1.0,1.1,0.95
simgp24,straddle_min,15,407,0.07493556991237421,1.0,0.8461538461538461,0.9166666666666666,13,1.0,0.05275284360335471,-0.016843501185913237,11,0,0.65,0.95,1.0,0.10608057184231508,0.625,0.9,0.1,0.3,0.5,1.0,1.1,0.95
