model,strategy,n,seed,rmse,mae,precision,recall,f1,n_true_viol,coverage90,coverage50,coverage80,coverage95,map_kb,map_kw,map_gamma,map_demand,map_rough,map_dose,recall_all
simgp_core,random,3,400,0.08603545859017726,0.058309858125684864,0.8,0.8,0.8000000000000002,15,1.0,0.8539325842696629,1.0,1.0,0.1,1.0,0.5,0.85,0.9,1.1,0.8
simgp_core_nogp,random,3,400,0.09290746009320129,0.06697536376913264,0.8,0.8,0.8000000000000002,15,1.0,0.7528089887640449,1.0,1.0,,,,,,,
simgp_core_g75,random,3,400,0.111376335299663,0.06827065874482297,0.6190476190476191,0.8666666666666667,0.7222222222222222,15,0.9101123595505618,0.5730337078651685,0.8539325842696629,0.9101123595505618,,,,,,,
physgp_core,random,3,400,0.23113226904679388,0.189377320386927,0.5,0.5333333333333333,0.5161290322580646,15,0.3146067415730337,0.11235955056179775,0.24719101123595505,0.3595505617977528,,,,,,,
physgp_rich,random,3,400,0.2335760769129964,0.1926840133336125,0.5,0.5333333333333333,0.5161290322580646,15,0.34831460674157305,0.1797752808988764,0.2808988764044944,0.4044943820224719,,,,,,,
simgp_rich,random,3,400,0.08780861293912795,0.06003457478271181,0.8125,0.8666666666666667,0.8387096774193549,15,1.0,0.8202247191011236,1.0,1.0,,,,,,,
pinn_rich,random,3,400,0.23887941751982475,0.19477680195674854,1.0,0.0,0.0,15,0.2696629213483146,0.07865168539325842,0.2247191011235955,0.3258426966292135,,,,,,,
mean_of_samples,random,3,400,0.42659209838549267,0.38172618629923327,1.0,0.0,0.0,15,,,,,,,,,,,
nearest_sample,random,3,400,0.3130929418987588,0.252987086113899,1.0,0.0,0.0,15,,,,,,,,,,,
decay_only,random,3,400,0.23452898854511015,0.19414561465190772,0.5,0.5333333333333333,0.5161290322580646,15,,,,,,,,,,,
simgp_core,random,4,400,0.08754215796763086,0.05985566784501322,0.8,0.8,0.8000000000000002,15,1.0,0.8409090909090909,1.0,1.0,0.4,1.0,0.5,1.0,1.1,1.05,0.8
simgp_core_nogp,random,4,400,0.09340432431682788,0.0675705484956696,0.8,0.8,0.8000000000000002,15,1.0,0.75,1.0,1.0,,,,,,,
simgp_core_g75,random,4,400,0.11158489644543816,0.06800624980796487,0.6190476190476191,0.8666666666666667,0.7222222222222222,15,0.9090909090909091,0.5681818181818182,0.8636363636363636,0.9090909090909091,,,,,,,
physgp_core,random,4,400,0.22122768543705496,0.1724422300773066,0.47058823529411764,0.5333333333333333,0.5,15,0.38636363636363635,0.20454545454545456,0.3068181818181818,0.4090909090909091,,,,,,,
physgp_rich,random,4,400,0.2479762254658831,0.1998426200419696,0.5,0.5333333333333333,0.5161290322580646,15,0.2840909090909091,0.1590909090909091,0.26136363636363635,0.3068181818181818,,,,,,,
simgp_rich,random,4,400,0.08748363589755924,0.05996108909209123,0.8,0.8,0.8000000000000002,15,1.0,0.8295454545454546,1.0,1.0,,,,,,,
mean_of_samples,random,4,400,0.521274583391861,0.4847855669824243,1.0,0.0,0.0,15,,,,,,,,,,,
nearest_sample,random,4,400,0.3103586697342866,0.2502024423875412,1.0,0.0,0.0,15,,,,,,,,,,,
decay_only,random,4,400,0.24211698080638733,0.2007113949922417,0.47058823529411764,0.5333333333333333,0.5,15,,,,,,,,,,,
simgp_core,random,5,400,0.08726540938814448,0.05850676914352612,0.8125,0.8666666666666667,0.8387096774193549,15,1.0,0.7816091954022989,1.0,1.0,0.1,1.0,1.0,1.15,1.1,1.05,0.8666666666666667
simgp_core_nogp,random,5,400,0.08998410515258704,0.06190453988219318,0.8125,0.8666666666666667,0.8387096774193549,15,1.0,0.735632183908046,1.0,1.0,,,,,,,
simgp_core_g75,random,5,400,0.11106720904682395,0.06541943948900898,0.6190476190476191,0.8666666666666667,0.7222222222222222,15,0.896551724137931,0.5632183908045977,0.8620689655172413,0.9080459770114943,,,,,,,
physgp_core,random,5,400,0.21008710854045728,0.1610636013964826,0.4444444444444444,0.5333333333333333,0.4848484848484848,15,0.28735632183908044,0.13793103448275862,0.26436781609195403,0.28735632183908044,,,,,,,
physgp_rich,random,5,400,0.2149552252115355,0.16872709673073946,0.47058823529411764,0.5333333333333333,0.5,15,0.20689655172413793,0.09195402298850575,0.13793103448275862,0.3103448275862069,,,,,,,
simgp_rich,random,5,400,0.08718929691501234,0.05829147518796273,0.8125,0.8666666666666667,0.8387096774193549,15,1.0,0.7816091954022989,1.0,1.0,,,,,,,
pinn_rich,random,5,400,0.31550495302332143,0.26483574781191094,1.0,0.0,0.0,15,0.14942528735632185,0.06896551724137931,0.11494252873563218,0.1839080459770115,,,,,,,
mean_of_samples,random,5,400,0.48824593237200825,0.44981254241587826,1.0,0.0,0.0,15,,,,,,,,,,,
nearest_sample,random,5,400,0.3121623978535552,0.2530308824955526,1.0,0.0,0.0,15,,,,,,,,,,,
decay_only,random,5,400,0.23088865697600558,0.19156213326824914,0.4444444444444444,0.5333333333333333,0.4848484848484848,15,,,,,,,,,,,
simgp_core,random,6,400,0.10552230951236213,0.09189788338999771,0.8888888888888888,0.5333333333333333,0.6666666666666667,15,0.9651162790697675,0.5116279069767442,0.9302325581395349,1.0,0.1,1.0,0.0,1.15,0.9,1.05,0.5333333333333333
simgp_core_nogp,random,6,400,0.09944534432644475,0.08567575202672806,0.8888888888888888,0.5333333333333333,0.6666666666666667,15,0.9883720930232558,0.5116279069767442,0.9418604651162791,1.0,,,,,,,
simgp_core_g75,random,6,400,0.12036069778587088,0.09693582005345439,1.0,0.0,0.0,15,0.7209302325581395,0.2558139534883721,0.43023255813953487,0.8604651162790697,,,,,,,
physgp_core,random,6,400,0.2440687296300712,0.18755333576318775,1.0,0.0,0.0,15,0.27906976744186046,0.10465116279069768,0.20930232558139536,0.37209302325581395,,,,,,,
physgp_rich,random,6,400,0.274187747889695,0.20343483448199073,1.0,0.0,0.0,15,0.5465116279069767,0.3023255813953488,0.47674418604651164,0.6395348837209303,,,,,,,
simgp_rich,random,6,400,0.06771171825483602,0.0532597801096907,0.9090909090909091,0.6666666666666666,0.7692307692307692,15,1.0,0.8023255813953488,0.9883720930232558,1.0,,,,,,,
mean_of_samples,random,6,400,0.44231815213886594,0.3989609511421431,1.0,0.0,0.0,15,,,,,,,,,,,
nearest_sample,random,6,400,0.3096109171257125,0.24983912808398256,1.0,0.0,0.0,15,,,,,,,,,,,
decay_only,random,6,400,0.39808812884563577,0.3552035973108735,1.0,0.0,0.0,15,,,,,,,,,,,
simgp_core,random,7,400,0.06702983831378262,0.04527855582607194,0.7777777777777778,1.0,0.8750000000000001,14,1.0,0.7411764705882353,0.9764705882352941,1.0,0.7,1.0,1.0,1.0,1.1,1.1,1.0
simgp_core_nogp,random,7,400,0.06283544335068332,0.04944174284259058,0.7368421052631579,1.0,0.8484848484848484,14,1.0,0.788235294117647,0.9882352941176471,1.0,,,,,,,
simgp_core_g75,random,7,400,0.15196386914372617,0.0711972301896201,0.8571428571428571,0.8571428571428571,0.8571428571428571,14,0.6941176470588235,0.5058823529411764,0.6235294117647059,0.8352941176470589,,,,,,,
physgp_core,random,7,400,0.13417714454388532,0.11703094468975876,0.7142857142857143,0.35714285714285715,0.4761904761904762,14,0.25882352941176473,0.09411764705882353,0.21176470588235294,0.36470588235294116,,,,,,,
physgp_rich,random,7,400,0.14681068784809115,0.1265967362015235,0.6666666666666666,0.2857142857142857,0.4,14,0.8117647058823529,0.4117647058823529,0.6705882352941176,0.9294117647058824,,,,,,,
simgp_rich,random,7,400,0.0712112599882895,0.05128022702000001,0.7777777777777778,1.0,0.8750000000000001,14,1.0,0.788235294117647,0.9411764705882353,1.0,,,,,,,
mean_of_samples,random,7,400,0.3448335987131237,0.29241049895002674,1.0,0.0,0.0,14,,,,,,,,,,,
nearest_sample,random,7,400,0.21418647133167346,0.17706470224181672,0.4074074074074074,0.7857142857142857,0.5365853658536585,14,,,,,,,,,,,
decay_only,random,7,400,0.25620129774386236,0.20390278819154503,0.16666666666666666,0.07142857142857142,0.1,14,,,,,,,,,,,
simgp_core,random,8,400,0.06661372449964272,0.04566663857587164,0.7777777777777778,1.0,0.8750000000000001,14,1.0,0.7261904761904762,0.9642857142857143,1.0,0.7,1.0,1.0,1.0,1.1,1.1,1.0
simgp_core_nogp,random,8,400,0.06084780694718795,0.04733114586873873,0.7368421052631579,1.0,0.8484848484848484,14,1.0,0.7857142857142857,0.9880952380952381,1.0,,,,,,,
simgp_core_g75,random,8,400,0.15129927326671688,0.06781691026416811,0.8666666666666667,0.9285714285714286,0.896551724137931,14,0.6785714285714286,0.5,0.6190476190476191,0.8214285714285714,,,,,,,
physgp_core,random,8,400,0.1698433250810175,0.13936984760963572,0.7142857142857143,0.35714285714285715,0.4761904761904762,14,0.27380952380952384,0.13095238095238096,0.25,0.2857142857142857,,,,,,,
physgp_rich,random,8,400,0.1640640201030203,0.13871186628948778,0.6666666666666666,0.2857142857142857,0.4,14,0.6666666666666666,0.38095238095238093,0.5476190476190477,0.7380952380952381,,,,,,,
simgp_rich,random,8,400,0.07059518426344144,0.051064476342688465,0.7777777777777778,1.0,0.8750000000000001,14,1.0,0.7380952380952381,0.9285714285714286,1.0,,,,,,,
pinn_rich,random,8,400,0.11301565572152462,0.09640622325126079,0.5789473684210527,0.7857142857142857,0.6666666666666667,14,0.25,0.08333333333333333,0.17857142857142858,0.32142857142857145,,,,,,,
mean_of_samples,random,8,400,0.3318057469262847,0.27781240187644857,1.0,0.0,0.0,14,,,,,,,,,,,
nearest_sample,random,8,400,0.13850145775180056,0.11095821411932245,0.6470588235294118,0.7857142857142857,0.7096774193548386,14,,,,,,,,,,,
decay_only,random,8,400,0.2530803316723739,0.20042686425433798,0.16666666666666666,0.07142857142857142,0.1,14,,,,,,,,,,,
simgp_core,random,9,400,0.05555173123101508,0.042778999652662436,0.7368421052631579,1.0,0.8484848484848484,14,1.0,0.8795180722891566,0.963855421686747,1.0,0.7,1.0,1.0,1.0,1.1,1.1,1.0
simgp_core_nogp,random,9,400,0.059603273651455894,0.045960193471007195,0.7368421052631579,1.0,0.8484848484848484,14,1.0,0.7831325301204819,0.9879518072289156,1.0,,,,,,,
simgp_core_g75,random,9,400,0.05129414670675868,0.03864364066806842,0.7368421052631579,1.0,0.8484848484848484,14,0.9518072289156626,0.8192771084337349,0.927710843373494,0.963855421686747,,,,,,,
physgp_core,random,9,400,0.1938452749322791,0.15528845000472422,0.7142857142857143,0.35714285714285715,0.4761904761904762,14,0.40963855421686746,0.20481927710843373,0.27710843373493976,0.4939759036144578,,,,,,,
physgp_rich,random,9,400,0.16347357959362144,0.13919494464708906,0.6666666666666666,0.2857142857142857,0.4,14,0.6867469879518072,0.3855421686746988,0.5542168674698795,0.7469879518072289,,,,,,,
simgp_rich,random,9,400,0.12917151425527096,0.08092835659585491,0.7222222222222222,0.9285714285714286,0.8125000000000001,14,0.9397590361445783,0.7108433734939759,0.8674698795180723,0.9397590361445783,,,,,,,
mean_of_samples,random,9,400,0.31412154626977645,0.2584522296743017,1.0,0.0,0.0,14,,,,,,,,,,,
nearest_sample,random,9,400,0.13873624207966662,0.11302030434782588,0.6470588235294118,0.7857142857142857,0.7096774193548386,14,,,,,,,,,,,
decay_only,random,9,400,0.2516854433324926,0.2006062637252065,1.0,0.07142857142857142,0.13333333333333333,14,,,,,,,,,,,
simgp_core,random,10,400,0.06126524199388846,0.04730442431291494,0.9090909090909091,0.7692307692307693,0.8333333333333333,13,1.0,0.8170731707317073,0.975609756097561,1.0,0.7,1.0,0.5,1.0,1.1,1.1,0.8
simgp_core_nogp,random,10,400,0.060851864757853924,0.046474324580836675,0.9166666666666666,0.8461538461538461,0.8799999999999999,13,1.0,0.6219512195121951,0.926829268292683,1.0,,,,,,,
simgp_core_g75,random,10,400,0.05037928816166247,0.03895204467297247,0.8181818181818182,0.6923076923076923,0.7500000000000001,13,0.926829268292683,0.8292682926829268,0.9024390243902439,0.926829268292683,,,,,,,
physgp_core,random,10,400,0.13182875982006598,0.10325824043869944,0.75,0.6923076923076923,0.7199999999999999,13,0.3780487804878049,0.15853658536585366,0.3170731707317073,0.43902439024390244,,,,,,,
physgp_rich,random,10,400,0.12612178901589363,0.1058819329901837,0.75,0.6923076923076923,0.7199999999999999,13,0.926829268292683,0.5,0.8292682926829268,0.9390243902439024,,,,,,,
simgp_rich,random,10,400,0.06727934829953386,0.05104075132421717,0.8333333333333334,0.7692307692307693,0.8,13,0.9878048780487805,0.6585365853658537,0.9512195121951219,1.0,,,,,,,
pinn_rich,random,10,400,0.11685740726916757,0.0943125712066129,0.5555555555555556,0.7692307692307693,0.6451612903225806,13,0.34146341463414637,0.13414634146341464,0.3048780487804878,0.4268292682926829,,,,,,,
mean_of_samples,random,10,400,0.28013134519604016,0.22274016811322941,1.0,0.0,0.0,13,,,,,,,,,,,
nearest_sample,random,10,400,0.1143672313046523,0.08916745089060495,0.5263157894736842,0.7692307692307693,0.625,13,,,,,,,,,,,
decay_only,random,10,400,0.2234372168535724,0.17110603172542,1.0,0.07692307692307693,0.14285714285714288,13,,,,,,,,,,,
simgp_core,random,11,400,0.060717478784751706,0.0463158269504453,0.9090909090909091,0.7692307692307693,0.8333333333333333,13,1.0,0.8148148148148148,0.9753086419753086,1.0,0.55,1.0,0.5,1.0,1.1,1.1,0.8
simgp_core_nogp,random,11,400,0.060595239590678876,0.04555923757582129,0.9166666666666666,0.8461538461538461,0.8799999999999999,13,1.0,0.6419753086419753,0.9382716049382716,1.0,,,,,,,
simgp_core_g75,random,11,400,0.051951833829791,0.040783075724527974,0.8181818181818182,0.6923076923076923,0.7500000000000001,13,0.9259259259259259,0.8271604938271605,0.9012345679012346,0.9259259259259259,,,,,,,
physgp_core,random,11,400,0.10014554315111748,0.08129783222182338,0.8181818181818182,0.6923076923076923,0.7500000000000001,13,0.4691358024691358,0.13580246913580246,0.32098765432098764,0.5185185185185185,,,,,,,
physgp_rich,random,11,400,0.09014848342795365,0.07500562854125341,0.8333333333333334,0.7692307692307693,0.8,13,0.9506172839506173,0.654320987654321,0.9382716049382716,0.9753086419753086,,,,,,,
simgp_rich,random,11,400,0.05922434555771657,0.045575716091812137,0.9166666666666666,0.8461538461538461,0.8799999999999999,13,1.0,0.9012345679012346,0.9876543209876543,1.0,,,,,,,
mean_of_samples,random,11,400,0.26791156995015175,0.2091342088417035,1.0,0.0,0.0,13,,,,,,,,,,,
nearest_sample,random,11,400,0.12726793772105696,0.09895167590143375,0.5263157894736842,0.7692307692307693,0.625,13,,,,,,,,,,,
decay_only,random,11,400,0.22405250700579657,0.17244469464634934,1.0,0.07692307692307693,0.14285714285714288,13,,,,,,,,,,,
simgp_core,random,12,400,0.05430191449756904,0.04225117698893886,0.9090909090909091,0.7692307692307693,0.8333333333333333,13,1.0,0.8625,0.975,1.0,0.55,1.0,1.0,1.0,1.1,1.1,0.8
simgp_core_nogp,random,12,400,0.05920690026055665,0.04430851594668393,0.9166666666666666,0.8461538461538461,0.8799999999999999,13,1.0,0.65,0.9375,1.0,,,,,,,
simgp_core_g75,random,12,400,0.047246384307693685,0.037948732730972566,0.8181818181818182,0.6923076923076923,0.7500000000000001,13,0.925,0.825,0.8875,0.925,,,,,,,
physgp_core,random,12,400,0.10261867581575863,0.08325602586532581,0.8181818181818182,0.6923076923076923,0.7500000000000001,13,0.3625,0.1,0.2625,0.475,,,,,,,
physgp_rich,random,12,400,0.08937400932231146,0.07409506972400588,0.8181818181818182,0.6923076923076923,0.7500000000000001,13,0.95,0.625,0.925,0.9625,,,,,,,
simgp_rich,random,12,400,0.0567387534779148,0.044123904025730284,0.9166666666666666,0.8461538461538461,0.8799999999999999,13,1.0,0.8375,0.9875,1.0,,,,,,,
pinn_rich,random,12,400,0.11783238014053522,0.09356989818356679,0.5555555555555556,0.7692307692307693,0.6451612903225806,13,0.4,0.125,0.325,0.4375,,,,,,,
mean_of_samples,random,12,400,0.2796152213628038,0.22103878376610098,1.0,0.0,0.0,13,,,,,,,,,,,
nearest_sample,random,12,400,0.12892386285489676,0.10051914128805921,0.5263157894736842,0.7692307692307693,0.625,13,,,,,,,,,,,
decay_only,random,12,400,0.22876474894249574,0.17590577865263218,1.0,0.07692307692307693,0.14285714285714288,13,,,,,,,,,,,
simgp_core,random,13,400,0.05894040781320106,0.04676456874378745,0.8888888888888888,0.6153846153846154,0.7272727272727274,13,0.9873417721518988,0.5822784810126582,0.9240506329113924,1.0,0.55,1.0,0.5,1.0,1.1,1.1,0.6666666666666666
simgp_core_nogp,random,13,400,0.06375283627578343,0.04889077181868637,0.9166666666666666,0.8461538461538461,0.8799999999999999,13,0.9620253164556962,0.5822784810126582,0.7848101265822784,1.0,,,,,,,
simgp_core_g75,random,13,400,0.06991378281105003,0.0591412728293411,0.8,0.6153846153846154,0.6956521739130435,13,0.6455696202531646,0.2911392405063291,0.5443037974683544,0.7341772151898734,,,,,,,
physgp_core,random,13,400,0.10386735728974196,0.08453337291876209,0.8181818181818182,0.6923076923076923,0.7500000000000001,13,0.189873417721519,0.0759493670886076,0.11392405063291139,0.22784810126582278,,,,,,,
physgp_rich,random,13,400,0.12728134975288588,0.10795690813405708,0.8,0.6153846153846154,0.6956521739130435,13,0.8860759493670886,0.31645569620253167,0.6962025316455697,0.9240506329113924,,,,,,,
simgp_rich,random,13,400,0.060898995129667,0.04723430414345775,0.9166666666666666,0.8461538461538461,0.8799999999999999,13,0.9873417721518988,0.6582278481012658,0.9367088607594937,1.0,,,,,,,
mean_of_samples,random,13,400,0.26784167969666267,0.20780832545855202,1.0,0.0,0.0,13,,,,,,,,,,,
nearest_sample,random,13,400,0.13261363472589374,0.10482361118650538,0.7272727272727273,0.6153846153846154,0.6666666666666667,13,,,,,,,,,,,
decay_only,random,13,400,0.224263760561895,0.17115997818508713,1.0,0.07692307692307693,0.14285714285714288,13,,,,,,,,,,,
simgp_core,random,14,400,0.05594951096413616,0.04724257406572495,0.8888888888888888,0.6153846153846154,0.7272727272727274,13,0.9871794871794872,0.5128205128205128,0.8974358974358975,1.0,0.55,1.0,0.5,1.0,1.1,1.1,0.6666666666666666
simgp_core_nogp,random,14,400,0.06356999799724139,0.048801363888917246,0.9166666666666666,0.8461538461538461,0.8799999999999999,13,0.9358974358974359,0.5512820512820513,0.782051282051282,0.9871794871794872,,,,,,,
simgp_core_g75,random,14,400,0.07434181254327622,0.05928522904012626,0.8,0.6153846153846154,0.6956521739130435,13,0.5512820512820513,0.2564102564102564,0.47435897435897434,0.6410256410256411,,,,,,,
physgp_core,random,14,400,0.11048974333516204,0.08518052410585553,0.875,0.5384615384615384,0.6666666666666667,13,0.46153846153846156,0.16666666666666666,0.3717948717948718,0.46153846153846156,,,,,,,
physgp_rich,random,14,400,0.1062594560566823,0.08714137934650429,0.8,0.6153846153846154,0.6956521739130435,13,0.9102564102564102,0.38461538461538464,0.8076923076923077,0.9230769230769231,,,,,,,
simgp_rich,random,14,400,0.06191996502908453,0.04825958218514365,0.9166666666666666,0.8461538461538461,0.8799999999999999,13,0.9871794871794872,0.6538461538461539,0.8974358974358975,1.0,,,,,,,
mean_of_samples,random,14,400,0.2698529701584102,0.21075576050625403,1.0,0.0,0.0,13,,,,,,,,,,,
nearest_sample,random,14,400,0.13222622941356463,0.10544770041796407,0.7272727272727273,0.6153846153846154,0.6666666666666667,13,,,,,,,,,,,
decay_only,random,14,400,0.2264729368637805,0.17323849189585466,1.0,0.07692307692307693,0.14285714285714288,13,,,,,,,,,,,
simgp_core,random,15,400,0.05603745436593078,0.04582047561254456,0.8461538461538461,0.8461538461538461,0.8461538461538461,13,0.987012987012987,0.5324675324675324,0.8571428571428571,1.0,0.55,1.0,0.5,1.0,1.1,1.1,0.8666666666666667
simgp_core_nogp,random,15,400,0.06262627915231479,0.04765866537317387,0.9166666666666666,0.8461538461538461,0.8799999999999999,13,0.8571428571428571,0.5584415584415584,0.7662337662337663,0.987012987012987,,,,,,,
simgp_core_g75,random,15,400,0.06604940447738146,0.050089997100268756,0.8333333333333334,0.7692307692307693,0.8,13,0.7012987012987013,0.35064935064935066,0.5844155844155844,0.7922077922077922,,,,,,,
physgp_core,random,15,400,0.1149169257816145,0.08540244259098015,0.9090909090909091,0.7692307692307693,0.8333333333333333,13,0.45454545454545453,0.24675324675324675,0.4025974025974026,0.5064935064935064,,,,,,,
physgp_rich,random,15,400,0.10420674325032614,0.08219632904822533,0.8,0.6153846153846154,0.6956521739130435,13,0.8441558441558441,0.38961038961038963,0.7532467532467533,0.9090909090909091,,,,,,,
simgp_rich,random,15,400,0.06143553543497022,0.047927663111335124,0.9166666666666666,0.8461538461538461,0.8799999999999999,13,0.987012987012987,0.6493506493506493,0.8571428571428571,1.0,,,,,,,
pinn_rich,random,15,400,0.09314676706832568,0.07376794045922809,1.0,0.5384615384615384,0.7000000000000001,13,0.4025974025974026,0.18181818181818182,0.3246753246753247,0.45454545454545453,,,,,,,
mean_of_samples,random,15,400,0.25920739220187333,0.19874867267727506,1.0,0.0,0.0,13,,,,,,,,,,,
nearest_sample,random,15,400,0.13110454028221924,0.10467040383081883,0.875,0.5384615384615384,0.6666666666666667,13,,,,,,,,,,,
decay_only,random,15,400,0.22356458046277733,0.17031274627423879,1.0,0.07692307692307693,0.14285714285714288,13,,,,,,,,,,,
simgp_core,uncertainty,3,400,0.08864735088125623,0.06125676771745819,0.8666666666666667,0.8666666666666667,0.8666666666666667,15,1.0,0.7865168539325843,1.0,1.0,0.1,1.5,0.5,1.15,0.9,1.1,0.8666666666666667
simgp_core,uncertainty,4,400,0.0704432411540334,0.05337229141221032,0.8666666666666667,0.8666666666666667,0.8666666666666667,15,1.0,0.8522727272727273,0.9886363636363636,1.0,0.1,1.0,1.0,0.85,0.9,1.1,0.8666666666666667
simgp_core,uncertainty,5,400,0.058418472517262766,0.04217177709016905,0.875,1.0,0.9333333333333333,14,1.0,0.7816091954022989,0.9540229885057471,1.0,0.1,1.0,1.0,0.85,0.9,1.1,1.0
simgp_core,uncertainty,6,400,0.0480171686209205,0.036751978167393055,0.8235294117647058,1.0,0.9032258064516129,14,1.0,0.8023255813953488,1.0,1.0,0.7,1.0,1.0,1.0,1.1,1.1,1.0
simgp_core,uncertainty,7,400,0.048743320072938544,0.03463198401670666,0.9166666666666666,0.8461538461538461,0.8799999999999999,13,1.0,0.8117647058823529,0.9882352941176471,1.0,0.25,1.0,1.0,0.85,1.1,1.1,0.8666666666666667
simgp_core,uncertainty,8,400,0.05145681096673413,0.04015819685132639,1.0,0.7692307692307693,0.8695652173913044,13,1.0,0.6785714285714286,1.0,1.0,0.25,1.0,1.0,0.85,1.1,1.1,0.8
simgp_core,uncertainty,9,400,0.058641632862757066,0.04388974390486906,1.0,0.8333333333333334,0.9090909090909091,12,0.9879518072289156,0.6385542168674698,0.7951807228915663,1.0,0.4,0.6,1.0,0.85,1.1,0.9,0.8666666666666667
simgp_core,uncertainty,10,400,0.06166992171554823,0.046108422371022986,1.0,0.8181818181818182,0.9,11,0.8658536585365854,0.573170731707317,0.7560975609756098,1.0,0.4,0.6,1.0,0.85,1.1,0.9,0.8666666666666667
simgp_core,uncertainty,11,400,0.062350104893929316,0.04670348332711916,1.0,0.8181818181818182,0.9,11,0.8641975308641975,0.5555555555555556,0.7407407407407407,1.0,0.4,0.6,1.0,0.85,1.1,0.9,0.8666666666666667
simgp_core,uncertainty,12,400,0.05869796334524817,0.04478285745110457,1.0,0.8,0.888888888888889,10,0.9875,0.6125,0.7875,1.0,0.4,0.6,1.0,0.85,1.1,0.9,0.8666666666666667
simgp_core,uncertainty,13,400,0.0640061495738983,0.04848200680447177,1.0,0.7777777777777778,0.8750000000000001,9,0.8227848101265823,0.5316455696202531,0.7215189873417721,1.0,0.4,0.6,1.0,0.85,1.1,0.9,0.8666666666666667
simgp_core,uncertainty,14,400,0.059325022856586786,0.0455900989855854,1.0,0.875,0.9333333333333333,8,0.8846153846153846,0.6025641025641025,0.7435897435897436,1.0,0.4,0.6,1.0,0.85,1.1,0.9,0.9333333333333333
simgp_core,uncertainty,15,400,0.056110701784393834,0.04283246620097002,1.0,0.8571428571428571,0.923076923076923,7,0.974025974025974,0.6103896103896104,0.7662337662337663,1.0,0.4,0.6,1.0,0.85,1.1,0.9,0.9333333333333333
simgp_core,straddle,3,400,0.08762813673010522,0.05953371772643342,0.8666666666666667,0.8666666666666667,0.8666666666666667,15,1.0,0.8426966292134831,1.0,1.0,0.4,1.0,1.0,1.0,1.1,1.05,0.8666666666666667
simgp_core,straddle,4,400,0.06479199959512909,0.04886088088986804,0.8888888888888888,0.5333333333333333,0.6666666666666667,15,1.0,0.9318181818181818,1.0,1.0,0.4,1.0,1.0,1.15,0.9,1.05,0.5333333333333333
simgp_core,straddle,5,400,0.10009619430020855,0.08410568184558691,1.0,0.4666666666666667,0.6363636363636364,15,1.0,0.5517241379310345,0.896551724137931,1.0,0.25,0.6,1.0,0.85,1.0,0.95,0.4666666666666667
simgp_core,straddle,6,400,0.09400166920116562,0.07859162918863682,1.0,0.42857142857142855,0.6,14,0.8837209302325582,0.5465116279069767,0.6976744186046512,0.9767441860465116,0.55,0.6,1.0,1.0,1.1,0.95,0.4666666666666667
simgp_core,straddle,7,400,0.08207037294931503,0.0706253269744146,1.0,0.42857142857142855,0.6,14,0.8235294117647058,0.4,0.7294117647058823,0.9294117647058824,0.4,0.6,1.0,0.85,1.0,1.0,0.4666666666666667
simgp_core,straddle,8,400,0.09326707324912664,0.07746695346083302,1.0,0.38461538461538464,0.5555555555555556,13,0.8333333333333334,0.5238095238095238,0.6428571428571429,0.9523809523809523,0.55,0.6,1.0,1.0,1.1,0.95,0.4666666666666667
simgp_core,straddle,9,400,0.08971248378253532,0.07398585261156797,1.0,0.4166666666666667,0.5882352941176471,12,0.8313253012048193,0.5060240963855421,0.6385542168674698,0.9518072289156626,0.55,0.6,1.0,0.85,1.0,1.05,0.5333333333333333
simgp_core,straddle,10,400,0.07623581755868337,0.06520742344866032,0.8333333333333334,0.45454545454545453,0.5882352941176471,11,0.8170731707317073,0.3902439024390244,0.7682926829268293,0.9024390243902439,0.55,0.6,1.0,0.85,1.0,1.0,0.6
simgp_core,straddle,11,400,0.08030026467708336,0.06557486178616925,1.0,0.45454545454545453,0.625,11,0.8395061728395061,0.5432098765432098,0.691358024691358,0.9629629629629629,0.55,0.6,1.0,0.85,1.0,1.0,0.6
simgp_core,straddle,12,400,0.08606739683863245,0.06767064132130805,1.0,0.7,0.8235294117647058,10,0.9625,0.525,0.85,0.9875,0.55,0.6,1.0,0.85,1.1,1.05,0.8
simgp_core,straddle,13,400,0.07522298793015242,0.05746465998687093,0.75,1.0,0.8571428571428571,9,1.0,0.5949367088607594,0.9746835443037974,1.0,0.55,0.6,1.0,0.85,1.1,1.0,1.0
simgp_core,straddle,14,400,0.07293469515924982,0.05585719696693975,0.75,1.0,0.8571428571428571,9,1.0,0.6025641025641025,0.9358974358974359,1.0,0.55,0.6,1.0,0.85,1.1,1.0,1.0
simgp_core,straddle,15,400,0.06648523772506286,0.05132210706323918,0.8181818181818182,1.0,0.9,9,1.0,0.6233766233766234,0.974025974025974,1.0,0.55,0.6,1.0,0.85,1.1,0.95,1.0
simgp_core,random,3,401,0.06638589814322017,0.04294159142868884,1.0,0.42857142857142855,0.6,14,1.0,0.8651685393258427,1.0,1.0,0.7,0.6,0.0,1.0,1.1,1.1,0.4666666666666667
simgp_core_nogp,random,3,401,0.060491633722932876,0.036701205026872706,1.0,0.5714285714285714,0.7272727272727273,14,1.0,0.8651685393258427,1.0,1.0,,,,,,,
simgp_core_g75,random,3,401,0.04261227726653706,0.028237257329390076,0.9285714285714286,0.9285714285714286,0.9285714285714286,14,0.9550561797752809,0.8876404494382022,0.9325842696629213,0.9550561797752809,,,,,,,
physgp_core,random,3,401,0.30601442119465966,0.24427195270913624,0.8571428571428571,0.8571428571428571,0.8571428571428571,14,0.056179775280898875,0.0449438202247191,0.0449438202247191,0.06741573033707865,,,,,,,
physgp_rich,random,3,401,0.3060213194395282,0.24441593131394423,0.8571428571428571,0.8571428571428571,0.8571428571428571,14,0.06741573033707865,0.033707865168539325,0.0449438202247191,0.07865168539325842,,,,,,,
simgp_rich,random,3,401,0.062083152690597124,0.03781242913797862,1.0,0.5714285714285714,0.7272727272727273,14,1.0,0.8876404494382022,0.9887640449438202,1.0,,,,,,,
pinn_rich,random,3,401,0.39481285574890695,0.31453451054223697,0.41379310344827586,0.8571428571428571,0.5581395348837208,14,0.15730337078651685,0.11235955056179775,0.14606741573033707,0.1797752808988764,,,,,,,
mean_of_samples,random,3,401,0.40974320836581013,0.33596684545404554,0.15730337078651685,1.0,0.27184466019417475,14,,,,,,,,,,,
nearest_sample,random,3,401,0.32881594610183745,0.2655542801011891,1.0,0.0,0.0,14,,,,,,,,,,,
decay_only,random,3,401,0.3060213194462032,0.2444159315849043,0.8571428571428571,0.8571428571428571,0.8571428571428571,14,,,,,,,,,,,
simgp_core,random,4,401,0.07308108307568685,0.04822653302759277,1.0,0.5,0.6666666666666666,14,1.0,0.7954545454545454,0.9886363636363636,1.0,0.7,0.6,0.5,1.0,1.1,1.1,0.5333333333333333
simgp_core_nogp,random,4,401,0.062348773241632155,0.03762057698303622,1.0,0.5714285714285714,0.7272727272727273,14,1.0,0.8522727272727273,1.0,1.0,,,,,,,
simgp_core_g75,random,4,401,0.052061232636469716,0.03709951038745366,0.9285714285714286,0.9285714285714286,0.9285714285714286,14,0.875,0.42045454545454547,0.8181818181818182,0.9090909090909091,,,,,,,
physgp_core,random,4,401,0.18292617726019678,0.11636930095119008,0.8571428571428571,0.8571428571428571,0.8571428571428571,14,0.5454545454545454,0.19318181818181818,0.4431818181818182,0.6022727272727273,,,,,,,
physgp_rich,random,4,401,0.2404979551906822,0.19044347563667358,0.8571428571428571,0.8571428571428571,0.8571428571428571,14,0.45454545454545453,0.09090909090909091,0.3068181818181818,0.5340909090909091,,,,,,,
simgp_rich,random,4,401,0.06252052278961252,0.0371891989820633,1.0,0.5714285714285714,0.7272727272727273,14,1.0,0.8863636363636364,1.0,1.0,,,,,,,
mean_of_samples,random,4,401,0.3259496825952901,0.26343521575920636,1.0,0.0,0.0,14,,,,,,,,,,,
nearest_sample,random,4,401,0.2465127929332542,0.17887514599409657,1.0,0.0,0.0,14,,,,,,,,,,,
decay_only,random,4,401,0.2355236530352393,0.1842141046820599,0.8571428571428571,0.8571428571428571,0.8571428571428571,14,,,,,,,,,,,
simgp_core,random,5,401,0.07327554189579777,0.04777850797334407,1.0,0.5,0.6666666666666666,14,0.9885057471264368,0.7471264367816092,0.9770114942528736,1.0,0.55,0.6,0.0,1.0,1.1,1.0,0.5333333333333333
simgp_core_nogp,random,5,401,0.06251244833019094,0.03751856654340339,1.0,0.5714285714285714,0.7272727272727273,14,1.0,0.8505747126436781,1.0,1.0,,,,,,,
simgp_core_g75,random,5,401,0.05148093777925298,0.03618497941304918,0.9285714285714286,0.9285714285714286,0.9285714285714286,14,0.8390804597701149,0.39080459770114945,0.6666666666666666,0.8620689655172413,,,,,,,
physgp_core,random,5,401,0.08892031175835995,0.06916949426792746,0.8571428571428571,0.8571428571428571,0.8571428571428571,14,0.40229885057471265,0.19540229885057472,0.3448275862068966,0.4827586206896552,,,,,,,
physgp_rich,random,5,401,0.16879119135776863,0.13497445761377294,0.8461538461538461,0.7857142857142857,0.8148148148148148,14,0.7241379310344828,0.40229885057471265,0.632183908045977,0.7471264367816092,,,,,,,
simgp_rich,random,5,401,0.07695613105266925,0.05417569975491116,1.0,0.5,0.6666666666666666,14,1.0,0.8045977011494253,0.9885057471264368,1.0,,,,,,,
pinn_rich,random,5,401,0.14401449393628968,0.10537337746759869,0.75,0.21428571428571427,0.3333333333333333,14,0.42528735632183906,0.14942528735632185,0.3218390804597701,0.4942528735632184,,,,,,,
mean_of_samples,random,5,401,0.24738661069058238,0.20420087803995446,1.0,0.0,0.0,14,,,,,,,,,,,
nearest_sample,random,5,401,0.23969104240200198,0.17413763346246489,1.0,0.0,0.0,14,,,,,,,,,,,
decay_only,random,5,401,0.16014108374296387,0.12925814830197951,0.8461538461538461,0.7857142857142857,0.8148148148148148,14,,,,,,,,,,,
simgp_core,random,6,401,0.06712326097840388,0.04486339766110306,1.0,0.5714285714285714,0.7272727272727273,14,1.0,0.7674418604651163,1.0,1.0,0.7,0.6,0.0,1.0,1.0,1.05,0.6
simgp_core_nogp,random,6,401,0.06133542023253327,0.036899881502030385,1.0,0.5714285714285714,0.7272727272727273,14,1.0,0.813953488372093,1.0,1.0,,,,,,,
simgp_core_g75,random,6,401,0.036840050933551735,0.024486259902817487,0.9333333333333333,1.0,0.9655172413793104,14,0.8604651162790697,0.627906976744186,0.8255813953488372,0.9186046511627907,,,,,,,
physgp_core,random,6,401,0.14693415372223553,0.09945663870271586,0.8571428571428571,0.8571428571428571,0.8571428571428571,14,0.7790697674418605,0.5930232558139535,0.7441860465116279,0.8372093023255814,,,,,,,
physgp_rich,random,6,401,0.19336214108900265,0.15211320604122666,0.8571428571428571,0.8571428571428571,0.8571428571428571,14,0.8023255813953488,0.4883720930232558,0.7441860465116279,0.813953488372093,,,,,,,
simgp_rich,random,6,401,0.06116382263245667,0.0359657722806901,1.0,0.5714285714285714,0.7272727272727273,14,1.0,0.8837209302325582,1.0,1.0,,,,,,,
mean_of_samples,random,6,401,0.25437572856454654,0.21134929974079597,1.0,0.0,0.0,14,,,,,,,,,,,
nearest_sample,random,6,401,0.24014628063736876,0.17221223200023072,1.0,0.0,0.0,14,,,,,,,,,,,
decay_only,random,6,401,0.19317770017911357,0.15524020450114828,0.8571428571428571,0.8571428571428571,0.8571428571428571,14,,,,,,,,,,,
simgp_core,random,7,401,0.07038233580606654,0.04899774830691184,1.0,0.5714285714285714,0.7272727272727273,14,1.0,0.7294117647058823,1.0,1.0,0.7,0.6,0.0,1.0,1.0,1.05,0.6
simgp_core_nogp,random,7,401,0.06291214242371182,0.037977502033499665,1.0,0.5714285714285714,0.7272727272727273,14,1.0,0.8,1.0,1.0,,,,,,,
simgp_core_g75,random,7,401,0.03700486643511993,0.024548142964946926,0.9333333333333333,1.0,0.9655172413793104,14,0.8588235294117647,0.5882352941176471,0.8235294117647058,0.9058823529411765,,,,,,,
physgp_core,random,7,401,0.13277258948494072,0.1009830647080626,0.7647058823529411,0.9285714285714286,0.8387096774193549,14,0.35294117647058826,0.15294117647058825,0.3411764705882353,0.4117647058823529,,,,,,,
physgp_rich,random,7,401,0.13626694045432133,0.10309711197396482,0.8571428571428571,0.8571428571428571,0.8571428571428571,14,0.7294117647058823,0.5176470588235295,0.6941176470588235,0.7647058823529411,,,,,,,
simgp_rich,random,7,401,0.07984500145280081,0.05303987417304446,1.0,0.5714285714285714,0.7272727272727273,14,0.9882352941176471,0.7764705882352941,0.9529411764705882,1.0,,,,,,,
mean_of_samples,random,7,401,0.24932745990184538,0.20617010189247287,1.0,0.0,0.0,14,,,,,,,,,,,
nearest_sample,random,7,401,0.23959659832202043,0.1721454887621532,1.0,0.0,0.0,14,,,,,,,,,,,
decay_only,random,7,401,0.17933327201424004,0.14402357920295342,0.8571428571428571,0.8571428571428571,0.8571428571428571,14,,,,,,,,,,,
simgp_core,random,8,401,0.0672036423473632,0.04547282556283725,0.875,0.5,0.6363636363636364,14,1.0,0.7380952380952381,1.0,1.0,0.7,0.6,0.0,1.0,1.0,1.05,0.5333333333333333
simgp_core_nogp,random,8,401,0.06311465964978391,0.03815564714404977,1.0,0.5714285714285714,0.7272727272727273,14,1.0,0.7976190476190477,1.0,1.0,,,,,,,
simgp_core_g75,random,8,401,0.03725633586355229,0.024738784823603595,0.9333333333333333,1.0,0.9655172413793104,14,0.8452380952380952,0.5833333333333334,0.8095238095238095,0.9047619047619048,,,,,,,
physgp_core,random,8,401,0.14130355233840244,0.10890010278361315,0.7647058823529411,0.9285714285714286,0.8387096774193549,14,0.2857142857142857,0.10714285714285714,0.2261904761904762,0.32142857142857145,,,,,,,
physgp_rich,random,8,401,0.11455069240524704,0.08998839504340891,0.8666666666666667,0.9285714285714286,0.896551724137931,14,0.8214285714285714,0.5714285714285714,0.8095238095238095,0.8214285714285714,,,,,,,
simgp_rich,random,8,401,0.06462078307941624,0.040195416164177884,1.0,0.5714285714285714,0.7272727272727273,14,1.0,0.8690476190476191,0.9880952380952381,1.0,,,,,,,
pinn_rich,random,8,401,0.13915112435893154,0.09642980153401623,1.0,0.21428571428571427,0.35294117647058826,14,0.5714285714285714,0.14285714285714285,0.38095238095238093,0.6071428571428571,,,,,,,
mean_of_samples,random,8,401,0.25284146547706515,0.20993491005793471,1.0,0.0,0.0,14,,,,,,,,,,,
nearest_sample,random,8,401,0.23936019088121438,0.16981686073023766,1.0,0.0,0.0,14,,,,,,,,,,,
decay_only,random,8,401,0.19022789958150055,0.15299337258400927,0.8571428571428571,0.8571428571428571,0.8571428571428571,14,,,,,,,,,,,
simgp_core,random,9,401,0.06311225882600077,0.03818692972060968,1.0,0.5714285714285714,0.7272727272727273,14,1.0,0.8072289156626506,1.0,1.0,0.7,0.6,0.0,1.0,1.0,1.05,0.6
simgp_core_nogp,random,9,401,0.06311160581117214,0.038179427144370164,1.0,0.5714285714285714,0.7272727272727273,14,1.0,0.7951807228915663,1.0,1.0,,,,,,,
simgp_core_g75,random,9,401,0.03748891371807343,0.02491530460215972,0.9333333333333333,1.0,0.9655172413793104,14,0.8433734939759037,0.5542168674698795,0.7710843373493976,0.891566265060241,,,,,,,
physgp_core,random,9,401,0.14019641677857958,0.10837573283633223,0.7647058823529411,0.9285714285714286,0.8387096774193549,14,0.25301204819277107,0.0963855421686747,0.21686746987951808,0.27710843373493976,,,,,,,
physgp_rich,random,9,401,0.14870812533418523,0.1112207114391512,0.8571428571428571,0.8571428571428571,0.8571428571428571,14,0.6626506024096386,0.37349397590361444,0.6265060240963856,0.6746987951807228,,,,,,,
simgp_rich,random,9,401,0.06555281515504069,0.04149761503102571,1.0,0.5714285714285714,0.7272727272727273,14,1.0,0.8433734939759037,0.9879518072289156,1.0,,,,,,,
mean_of_samples,random,9,401,0.2557081469631345,0.21343631616038158,1.0,0.0,0.0,14,,,,,,,,,,,
nearest_sample,random,9,401,0.23858589904992114,0.16654729514844677,1.0,0.0,0.0,14,,,,,,,,,,,
decay_only,random,9,401,0.19599193752135313,0.15820925063513613,0.8571428571428571,0.8571428571428571,0.8571428571428571,14,,,,,,,,,,,
simgp_core,random,10,401,0.06989602168827602,0.04846178169292925,0.875,0.5,0.6363636363636364,14,1.0,0.6707317073170732,1.0,1.0,0.7,0.6,0.0,1.0,1.0,1.0,0.5333333333333333
simgp_core_nogp,random,10,401,0.06297390778404262,0.03803444843786639,1.0,0.5714285714285714,0.7272727272727273,14,1.0,0.7804878048780488,1.0,1.0,,,,,,,
simgp_core_g75,random,10,401,0.03773012785759644,0.025072219357637864,0.9333333333333333,1.0,0.9655172413793104,14,0.8414634146341463,0.524390243902439,0.7682926829268293,0.8902439024390244,,,,,,,
physgp_core,random,10,401,0.1544011682814813,0.12192594138797039,0.7647058823529411,0.9285714285714286,0.8387096774193549,14,0.25609756097560976,0.12195121951219512,0.18292682926829268,0.32926829268292684,,,,,,,
physgp_rich,random,10,401,0.11139160339688645,0.08100266280749892,0.8666666666666667,0.9285714285714286,0.896551724137931,14,0.8292682926829268,0.3780487804878049,0.7073170731707317,0.8292682926829268,,,,,,,
simgp_rich,random,10,401,0.06698769788932055,0.04289325997247385,1.0,0.5,0.6666666666666666,14,1.0,0.7560975609756098,0.9878048780487805,1.0,,,,,,,
pinn_rich,random,10,401,0.1304111187981371,0.09143897078476908,1.0,0.21428571428571427,0.35294117647058826,14,0.5,0.23170731707317074,0.4146341463414634,0.5853658536585366,,,,,,,
mean_of_samples,random,10,401,0.25601456985309984,0.21398240908629085,1.0,0.0,0.0,14,,,,,,,,,,,
nearest_sample,random,10,401,0.23326207870551413,0.15502476476724295,1.0,0.0,0.0,14,,,,,,,,,,,
decay_only,random,10,401,0.1953845364474799,0.15821063618672881,0.8571428571428571,0.8571428571428571,0.8571428571428571,14,,,,,,,,,,,
simgp_core,random,11,401,0.07836072366919739,0.05779471642896966,0.875,0.5,0.6363636363636364,14,1.0,0.5802469135802469,0.9753086419753086,1.0,0.7,0.6,0.5,1.0,1.0,1.05,0.5333333333333333
simgp_core_nogp,random,11,401,0.06366203568273415,0.03827185663184155,1.0,0.5714285714285714,0.7272727272727273,14,1.0,0.7654320987654321,1.0,1.0,,,,,,,
simgp_core_g75,random,11,401,0.03789911725366388,0.025131787311475435,0.9333333333333333,1.0,0.9655172413793104,14,0.8395061728395061,0.5185185185185185,0.7654320987654321,0.8888888888888888,,,,,,,
physgp_core,random,11,401,0.13656408752429913,0.0840514513052842,0.8125,0.9285714285714286,0.8666666666666666,14,0.6172839506172839,0.24691358024691357,0.5432098765432098,0.7037037037037037,,,,,,,
physgp_rich,random,11,401,0.13366627834123782,0.08762261110686882,0.8666666666666667,0.9285714285714286,0.896551724137931,14,0.691358024691358,0.4074074074074074,0.6049382716049383,0.7901234567901234,,,,,,,
simgp_rich,random,11,401,0.0662011337177699,0.04182527954708721,1.0,0.5,0.6666666666666666,14,1.0,0.8024691358024691,0.9876543209876543,1.0,,,,,,,
mean_of_samples,random,11,401,0.2545347708650392,0.21196698569022548,1.0,0.0,0.0,14,,,,,,,,,,,
nearest_sample,random,11,401,0.23396258382594645,0.1549213526648343,1.0,0.0,0.0,14,,,,,,,,,,,
decay_only,random,11,401,0.1858028358950753,0.15014726494715144,0.8571428571428571,0.8571428571428571,0.8571428571428571,14,,,,,,,,,,,
simgp_core,random,12,401,0.06177643647252025,0.03933117764042264,1.0,0.5384615384615384,0.7000000000000001,13,1.0,0.7625,1.0,1.0,0.25,0.6,0.5,0.85,1.1,1.0,0.6
simgp_core_nogp,random,12,401,0.06178466304062267,0.039332824614675924,1.0,0.5384615384615384,0.7000000000000001,13,1.0,0.75,1.0,1.0,,,,,,,
simgp_core_g75,random,12,401,0.04110021484428453,0.028279146887947547,0.9285714285714286,1.0,0.962962962962963,13,0.8375,0.45,0.7125,0.9125,,,,,,,
physgp_core,random,12,401,0.13719631217985817,0.08369013586737013,0.8461538461538461,0.8461538461538461,0.8461538461538461,13,0.725,0.5875,0.65,0.7625,,,,,,,
physgp_rich,random,12,401,0.16020498755495485,0.12592943044895372,0.8461538461538461,0.8461538461538461,0.8461538461538461,13,0.7875,0.3,0.7,0.8125,,,,,,,
simgp_rich,random,12,401,0.06180388129008526,0.03938035223750184,1.0,0.5384615384615384,0.7000000000000001,13,1.0,0.875,1.0,1.0,,,,,,,
pinn_rich,random,12,401,0.15059390631366307,0.10414718755597652,1.0,0.15384615384615385,0.2666666666666667,13,0.5,0.2125,0.45,0.5375,,,,,,,
mean_of_samples,random,12,401,0.2585350084450158,0.21564467926595055,1.0,0.0,0.0,13,,,,,,,,,,,
nearest_sample,random,12,401,0.23495420064751532,0.15520240377207256,1.0,0.0,0.0,13,,,,,,,,,,,
decay_only,random,12,401,0.19272642254025082,0.15521350964983774,0.8333333333333334,0.7692307692307693,0.8,13,,,,,,,,,,,
simgp_core,random,13,401,0.0627555193486698,0.04017460036292162,1.0,0.5384615384615384,0.7000000000000001,13,1.0,0.7468354430379747,1.0,1.0,0.25,0.6,0.5,0.85,1.1,1.0,0.6
simgp_core_nogp,random,13,401,0.06276479387193672,0.040176166330605015,1.0,0.5384615384615384,0.7000000000000001,13,1.0,0.7341772151898734,1.0,1.0,,,,,,,
simgp_core_g75,random,13,401,0.04129145910983827,0.0284129887203803,0.9285714285714286,1.0,0.962962962962963,13,0.8354430379746836,0.45569620253164556,0.7088607594936709,0.9113924050632911,,,,,,,
physgp_core,random,13,401,0.0881625379765419,0.06898485877059927,0.8461538461538461,0.8461538461538461,0.8461538461538461,13,0.7088607594936709,0.46835443037974683,0.6075949367088608,0.7468354430379747,,,,,,,
physgp_rich,random,13,401,0.17049174472642983,0.12905176860075865,0.8461538461538461,0.8461538461538461,0.8461538461538461,13,0.7341772151898734,0.3291139240506329,0.6329113924050633,0.7974683544303798,,,,,,,
simgp_rich,random,13,401,0.06276461100215387,0.040175581112798044,1.0,0.5384615384615384,0.7000000000000001,13,1.0,0.7468354430379747,1.0,1.0,,,,,,,
mean_of_samples,random,13,401,0.25975345863227417,0.21780471454944156,1.0,0.0,0.0,13,,,,,,,,,,,
nearest_sample,random,13,401,0.23564474059182663,0.15448076079579917,1.0,0.0,0.0,13,,,,,,,,,,,
decay_only,random,13,401,0.19489249635184047,0.15775872319313541,0.8333333333333334,0.7692307692307693,0.8,13,,,,,,,,,,,
simgp_core,random,14,401,0.08914710374764581,0.04929694942906747,1.0,0.3333333333333333,0.5,12,1.0,0.717948717948718,0.9230769230769231,1.0,0.55,0.6,1.0,0.85,1.1,1.1,0.4666666666666667
simgp_core_nogp,random,14,401,0.08916672847338061,0.04934693621656926,1.0,0.3333333333333333,0.5,12,1.0,0.717948717948718,0.9102564102564102,1.0,,,,,,,
simgp_core_g75,random,14,401,0.052048247870745544,0.038256071585541,0.875,0.5833333333333334,0.7000000000000001,12,0.782051282051282,0.41025641025641024,0.7435897435897436,0.782051282051282,,,,,,,
physgp_core,random,14,401,0.16328706035326698,0.0862733590360541,0.875,0.5833333333333334,0.7000000000000001,12,0.782051282051282,0.47435897435897434,0.7435897435897436,0.8076923076923077,,,,,,,
physgp_rich,random,14,401,0.2121164327659544,0.13671529129856239,0.875,0.5833333333333334,0.7000000000000001,12,0.8333333333333334,0.4358974358974359,0.7564102564102564,0.8589743589743589,,,,,,,
simgp_rich,random,14,401,0.0891666904840625,0.049346797418990354,1.0,0.3333333333333333,0.5,12,1.0,0.717948717948718,0.9230769230769231,1.0,,,,,,,
mean_of_samples,random,14,401,0.26637223973060115,0.22232559023453385,1.0,0.0,0.0,12,,,,,,,,,,,
nearest_sample,random,14,401,0.18183972518316868,0.11531539285636995,1.0,0.4166666666666667,0.5882352941176471,12,,,,,,,,,,,
decay_only,random,14,401,0.2312928391301687,0.18329921525517703,0.9,0.75,0.8181818181818182,12,,,,,,,,,,,
simgp_core,random,15,401,0.08868176446872046,0.04803159420410335,1.0,0.3333333333333333,0.5,12,1.0,0.7272727272727273,0.922077922077922,1.0,0.4,0.6,0.0,0.85,1.1,1.0,0.4666666666666667
simgp_core_nogp,random,15,401,0.08876983942567393,0.0481953552805006,1.0,0.3333333333333333,0.5,12,1.0,0.7272727272727273,0.9090909090909091,1.0,,,,,,,
simgp_core_g75,random,15,401,0.05125957926124574,0.037248803078944466,0.875,0.5833333333333334,0.7000000000000001,12,0.7792207792207793,0.4025974025974026,0.7142857142857143,0.7792207792207793,,,,,,,
physgp_core,random,15,401,0.12325578017131551,0.06935556484888236,0.875,0.5833333333333334,0.7000000000000001,12,0.7662337662337663,0.5194805194805194,0.7272727272727273,0.7922077922077922,,,,,,,
physgp_rich,random,15,401,0.1707519869189152,0.11043749554333937,0.875,0.5833333333333334,0.7000000000000001,12,0.8051948051948052,0.4935064935064935,0.7532467532467533,0.8571428571428571,,,,,,,
simgp_rich,random,15,401,0.08876984854734518,0.048195400404960495,1.0,0.3333333333333333,0.5,12,1.0,0.7272727272727273,0.922077922077922,1.0,,,,,,,
pinn_rich,random,15,401,0.06927128528874914,0.05173191153717501,1.0,0.6666666666666666,0.8,12,0.6493506493506493,0.3116883116883117,0.5584415584415584,0.7662337662337663,,,,,,,
mean_of_samples,random,15,401,0.2447589346544051,0.20651128725697643,1.0,0.0,0.0,12,,,,,,,,,,,
nearest_sample,random,15,401,0.15982716527818921,0.09976581870654805,1.0,0.4166666666666667,0.5882352941176471,12,,,,,,,,,,,
decay_only,random,15,401,0.2025876217900644,0.16317418040432585,0.9,0.75,0.8181818181818182,12,,,,,,,,,,,
simgp_core,uncertainty,3,401,0.06653525483814005,0.0445384210968298,1.0,0.5,0.6666666666666666,14,0.9887640449438202,0.8876404494382022,0.9887640449438202,1.0,0.7,0.6,0.0,1.0,1.1,1.0,0.5333333333333333
simgp_core,uncertainty,4,401,0.05913826750207442,0.04188921616569242,0.9230769230769231,0.9230769230769231,0.9230769230769231,13,0.9772727272727273,0.875,0.9659090909090909,1.0,0.7,0.6,0.0,1.0,1.0,1.1,0.9333333333333333
simgp_core,uncertainty,5,401,0.0437532255029175,0.0320639071157381,1.0,0.5384615384615384,0.7000000000000001,13,1.0,0.9425287356321839,0.9885057471264368,1.0,0.55,0.6,0.0,1.0,1.0,1.05,0.6
simgp_core,uncertainty,6,401,0.07439673915509644,0.0531630649807004,1.0,0.5,0.6666666666666666,12,1.0,0.8488372093023255,0.9651162790697675,1.0,0.1,0.6,0.0,1.0,1.0,0.9,0.6
simgp_core,uncertainty,7,401,0.04278642829606846,0.032672137009485167,1.0,0.5454545454545454,0.7058823529411764,11,1.0,0.9411764705882353,0.9882352941176471,1.0,0.55,0.6,0.0,0.85,0.9,0.95,0.6666666666666666
simgp_core,uncertainty,8,401,0.050337697435227174,0.037165522354635105,1.0,0.7,0.8235294117647058,10,0.9880952380952381,0.9166666666666666,0.9880952380952381,1.0,0.4,0.6,0.0,1.0,1.0,0.95,0.8
simgp_core,uncertainty,9,401,0.02769214802584809,0.020590638193717214,1.0,0.7777777777777778,0.8750000000000001,9,0.9879518072289156,0.9759036144578314,0.9879518072289156,1.0,0.55,0.6,0.0,1.0,1.0,1.0,0.8666666666666667
simgp_core,uncertainty,10,401,0.04696837098986322,0.03677972254203782,1.0,0.7777777777777778,0.8750000000000001,9,0.9878048780487805,0.9634146341463414,0.9878048780487805,1.0,0.55,0.6,0.0,1.0,1.0,0.95,0.8666666666666667
simgp_core,uncertainty,11,401,0.04568937518568649,0.03556057061076106,1.0,0.75,0.8571428571428571,8,0.9876543209876543,0.9629629629629629,0.9876543209876543,1.0,0.55,0.6,0.0,1.0,1.0,0.95,0.8666666666666667
simgp_core,uncertainty,12,401,0.05851094482777923,0.047104586078965054,1.0,0.75,0.8571428571428571,8,0.9875,0.9,0.9875,1.0,0.4,0.6,0.0,1.0,1.0,0.9,0.8666666666666667
simgp_core,uncertainty,13,401,0.05707798823638535,0.0457283621108223,1.0,0.75,0.8571428571428571,8,0.9873417721518988,0.8987341772151899,0.9873417721518988,1.0,0.4,0.6,0.0,1.0,1.0,0.9,0.8666666666666667
simgp_core,uncertainty,14,401,0.028677253524053054,0.023330960763848545,0.875,1.0,0.9333333333333333,7,1.0,0.8717948717948718,1.0,1.0,0.4,0.6,0.0,1.0,1.0,0.9,1.0
simgp_core,uncertainty,15,401,0.025131568738878195,0.019825089577688283,1.0,1.0,1.0,6,1.0,0.948051948051948,1.0,1.0,0.4,0.6,0.0,1.0,1.0,0.9,1.0
simgp_core,straddle,3,401,0.08203395593452908,0.07070948310845764,1.0,0.2857142857142857,0.4444444444444445,14,1.0,0.5730337078651685,0.9887640449438202,1.0,0.1,0.6,0.5,0.85,1.1,1.1,0.3333333333333333
simgp_core,straddle,4,401,0.08565121715312,0.06871378889418041,1.0,0.2857142857142857,0.4444444444444445,14,0.9772727272727273,0.5340909090909091,0.9204545454545454,1.0,0.1,0.6,0.5,1.0,1.0,1.05,0.3333333333333333
simgp_core,straddle,5,401,0.05974468301967725,0.04674815742295685,1.0,0.5384615384615384,0.7000000000000001,13,1.0,0.6206896551724138,0.9770114942528736,1.0,0.25,0.6,0.0,1.15,0.9,0.9,0.6
simgp_core,straddle,6,401,0.1082778138091109,0.05408265623539764,1.0,0.6666666666666666,0.8,12,1.0,0.9186046511627907,1.0,1.0,0.7,0.3,1.0,1.0,1.0,0.9,0.7333333333333333
simgp_core,straddle,7,401,0.05981816348486779,0.05126336575210239,1.0,0.5833333333333334,0.7368421052631579,12,1.0,0.9294117647058824,1.0,1.0,0.7,0.3,1.0,1.0,1.0,0.9,0.6666666666666666
simgp_core,straddle,8,401,0.051976257148378405,0.04464979903732459,1.0,0.5454545454545454,0.7058823529411764,11,1.0,0.9523809523809523,1.0,1.0,0.25,0.6,0.0,1.0,0.9,1.05,0.6666666666666666
simgp_core,straddle,9,401,0.05499265519885348,0.04608216517327064,1.0,0.5,0.6666666666666666,10,1.0,0.9397590361445783,1.0,1.0,0.25,0.6,0.0,1.0,0.9,1.05,0.6666666666666666
simgp_core,straddle,10,401,0.038202985814023566,0.028424241080643203,1.0,0.5555555555555556,0.7142857142857143,9,1.0,0.9634146341463414,1.0,1.0,0.25,0.6,0.0,1.0,0.9,1.0,0.7333333333333333
simgp_core,straddle,11,401,0.04219867110101287,0.033245384459999285,1.0,0.625,0.7692307692307693,8,1.0,0.9629629629629629,1.0,1.0,0.25,0.6,0.0,1.0,0.9,1.05,0.8
simgp_core,straddle,12,401,0.033775864237658,0.027415077864601855,1.0,0.7142857142857143,0.8333333333333333,7,1.0,0.975,1.0,1.0,0.25,0.6,0.0,1.0,0.9,1.05,0.8666666666666667
simgp_core,straddle,13,401,0.030796421547396247,0.02512414216076618,1.0,0.8333333333333334,0.9090909090909091,6,1.0,0.9746835443037974,1.0,1.0,0.4,0.6,0.0,1.15,1.1,0.95,0.9333333333333333
simgp_core,straddle,14,401,0.033872510325462075,0.028446061526996667,1.0,0.8333333333333334,0.9090909090909091,6,1.0,0.9615384615384616,1.0,1.0,0.4,0.6,0.0,1.15,1.1,0.95,0.9333333333333333
simgp_core,straddle,15,401,0.03401845376433847,0.027185656194494204,1.0,0.8,0.888888888888889,5,1.0,0.961038961038961,1.0,1.0,0.4,0.6,0.0,1.15,1.1,0.95,0.9333333333333333
simgp_core,random,3,402,0.07398123132701945,0.048263548859817956,0.7333333333333333,1.0,0.846153846153846,11,1.0,0.9662921348314607,1.0,1.0,0.1,1.0,1.0,1.15,1.0,0.95,1.0
simgp_core_nogp,random,3,402,0.06992439000676812,0.044944204554206106,0.6875,1.0,0.8148148148148148,11,1.0,0.9213483146067416,1.0,1.0,,,,,,,
simgp_core_g75,random,3,402,0.0969018105009537,0.05879743891093978,0.5238095238095238,1.0,0.6875000000000001,11,0.9213483146067416,0.6853932584269663,0.8876404494382022,0.9325842696629213,,,,,,,
physgp_core,random,3,402,3.314536748368135,1.4725302301463463,1.0,0.0,0.0,11,0.16853932584269662,0.10112359550561797,0.16853932584269662,0.20224719101123595,,,,,,,
physgp_rich,random,3,402,3.313976158209582,1.4697597047176967,1.0,0.0,0.0,11,0.15730337078651685,0.07865168539325842,0.15730337078651685,0.15730337078651685,,,,,,,
simgp_rich,random,3,402,0.06943695051077146,0.044080428588107,0.6875,1.0,0.8148148148148148,11,1.0,0.9438202247191011,1.0,1.0,,,,,,,
pinn_rich,random,3,402,0.2920496320347669,0.2314945751310983,1.0,0.0,0.0,11,0.19101123595505617,0.033707865168539325,0.12359550561797752,0.20224719101123595,,,,,,,
mean_of_samples,random,3,402,0.2748146776497202,0.21927354982861685,1.0,0.0,0.0,11,,,,,,,,,,,
nearest_sample,random,3,402,0.27822550527473966,0.22072253387818994,1.0,0.0,0.0,11,,,,,,,,,,,
decay_only,random,3,402,19.558843857955907,5.982621185795845,1.0,0.0,0.0,11,,,,,,,,,,,
simgp_core,random,4,402,0.08260444325478697,0.053540562090961766,0.625,1.0,0.7692307692307693,10,1.0,0.8409090909090909,1.0,1.0,0.4,1.0,1.0,1.15,1.0,1.0,1.0
simgp_core_nogp,random,4,402,0.07734086985036125,0.04692079727057914,0.625,1.0,0.7692307692307693,10,1.0,0.9090909090909091,1.0,1.0,,,,,,,
simgp_core_g75,random,4,402,0.0962723161450735,0.05788921107572926,0.5,1.0,0.6666666666666666,10,0.8863636363636364,0.5681818181818182,0.8636363636363636,0.8863636363636364,,,,,,,
physgp_core,random,4,402,0.2047932380279104,0.15858338000953506,0.42857142857142855,0.6,0.5,10,0.5454545454545454,0.36363636363636365,0.4659090909090909,0.6136363636363636,,,,,,,
physgp_rich,random,4,402,0.18301368208869512,0.13690837033281494,0.42857142857142855,0.6,0.5,10,0.5227272727272727,0.2840909090909091,0.36363636363636365,0.6022727272727273,,,,,,,
simgp_rich,random,4,402,0.07826200471860838,0.05015153414482924,0.625,1.0,0.7692307692307693,10,1.0,0.9204545454545454,1.0,1.0,,,,,,,
mean_of_samples,random,4,402,0.23331992571323013,0.17565869077933477,1.0,0.0,0.0,10,,,,,,,,,,,
nearest_sample,random,4,402,0.22383047244913598,0.16558361654994103,0.35,0.7,0.4666666666666667,10,,,,,,,,,,,
decay_only,random,4,402,0.2066320605451754,0.16637691019588308,0.42857142857142855,0.6,0.5,10,,,,,,,,,,,
simgp_core,random,5,402,0.07759957933815176,0.04870255678113522,1.0,0.8888888888888888,0.9411764705882353,9,1.0,0.8390804597701149,1.0,1.0,0.25,1.0,1.0,1.15,0.9,0.95,0.9090909090909091
simgp_core_nogp,random,5,402,0.07170295245311849,0.03857570980190495,0.8181818181818182,1.0,0.9,9,1.0,0.9080459770114943,1.0,1.0,,,,,,,
simgp_core_g75,random,5,402,0.10085746176378449,0.06286799129297384,0.8,0.8888888888888888,0.8421052631578948,9,0.896551724137931,0.6091954022988506,0.7816091954022989,0.9195402298850575,,,,,,,
physgp_core,random,5,402,0.22901434403349896,0.16859828313862865,0.4166666666666667,0.5555555555555556,0.4761904761904762,9,0.47126436781609193,0.1839080459770115,0.39080459770114945,0.5172413793103449,,,,,,,
physgp_rich,random,5,402,0.21464336305234402,0.1457650352342409,0.35714285714285715,0.5555555555555556,0.43478260869565216,9,0.7931034482758621,0.5172413793103449,0.7126436781609196,0.8505747126436781,,,,,,,
simgp_rich,random,5,402,0.0788107420990028,0.042220991541297374,0.6923076923076923,1.0,0.8181818181818181,9,1.0,0.8620689655172413,0.9885057471264368,1.0,,,,,,,
pinn_rich,random,5,402,0.15900140618177375,0.1062602779822436,0.5,1.0,0.6666666666666666,9,0.3448275862068966,0.10344827586206896,0.3103448275862069,0.4482758620689655,,,,,,,
mean_of_samples,random,5,402,0.23747889240518658,0.17812192928179826,1.0,0.0,0.0,9,,,,,,,,,,,
nearest_sample,random,5,402,0.19448480192035886,0.14378222514234673,0.3333333333333333,0.8888888888888888,0.48484848484848486,9,,,,,,,,,,,
decay_only,random,5,402,0.22111888190422424,0.16457850030073123,0.4166666666666667,0.5555555555555556,0.4761904761904762,9,,,,,,,,,,,
simgp_core,random,6,402,0.09109838524910717,0.06063429049451974,1.0,0.7777777777777778,0.8750000000000001,9,1.0,0.7093023255813954,0.9418604651162791,1.0,0.1,1.0,0.5,1.15,0.9,0.9,0.8181818181818182
simgp_core_nogp,random,6,402,0.07273321082716565,0.03887292510315725,0.7272727272727273,0.8888888888888888,0.7999999999999999,9,1.0,0.9069767441860465,1.0,1.0,,,,,,,
simgp_core_g75,random,6,402,0.07984843334306797,0.05336066568622447,0.5714285714285714,0.8888888888888888,0.6956521739130435,9,0.8953488372093024,0.686046511627907,0.8372093023255814,0.9302325581395349,,,,,,,
physgp_core,random,6,402,0.2120749996107352,0.1393605008242318,0.4666666666666667,0.7777777777777778,0.5833333333333334,9,0.3488372093023256,0.12790697674418605,0.2558139534883721,0.4069767441860465,,,,,,,
physgp_rich,random,6,402,0.22665843528870944,0.15766438402302488,0.7142857142857143,0.5555555555555556,0.6250000000000001,9,0.8255813953488372,0.32558139534883723,0.7093023255813954,0.8953488372093024,,,,,,,
simgp_rich,random,6,402,0.0727267021126063,0.03885429123070451,0.7272727272727273,0.8888888888888888,0.7999999999999999,9,1.0,0.9069767441860465,1.0,1.0,,,,,,,
mean_of_samples,random,6,402,0.23843491035521652,0.17975203492183897,1.0,0.0,0.0,9,,,,,,,,,,,
nearest_sample,random,6,402,0.1825343710873697,0.13497255362468163,0.34782608695652173,0.8888888888888888,0.5,9,,,,,,,,,,,
decay_only,random,6,402,0.23833244621669533,0.1784068770548534,1.0,0.0,0.0,9,,,,,,,,,,,
simgp_core,random,7,402,0.09123714191586271,0.06078440218203415,1.0,0.8888888888888888,0.9411764705882353,9,1.0,0.6941176470588235,0.9411764705882353,1.0,0.25,1.0,0.5,1.15,0.9,0.95,0.9090909090909091
simgp_core_nogp,random,7,402,0.07335258118075041,0.03917985151117267,0.7272727272727273,0.8888888888888888,0.7999999999999999,9,1.0,0.9058823529411765,1.0,1.0,,,,,,,
simgp_core_g75,random,7,402,0.07557736577793372,0.04816139376085517,0.5714285714285714,0.8888888888888888,0.6956521739130435,9,0.9058823529411765,0.6705882352941176,0.8352941176470589,0.9294117647058824,,,,,,,
physgp_core,random,7,402,0.16493103906155152,0.1154819455120802,0.4666666666666667,0.7777777777777778,0.5833333333333334,9,0.5764705882352941,0.2823529411764706,0.5058823529411764,0.6470588235294118,,,,,,,
physgp_rich,random,7,402,0.2536101908206373,0.19644244552429801,0.7142857142857143,0.5555555555555556,0.6250000000000001,9,0.7411764705882353,0.38823529411764707,0.6470588235294118,0.8117647058823529,,,,,,,
simgp_rich,random,7,402,0.07317558303961068,0.03720389897776818,0.7272727272727273,0.8888888888888888,0.7999999999999999,9,1.0,0.9411764705882353,1.0,1.0,,,,,,,
mean_of_samples,random,7,402,0.23138890896868358,0.17307213619854558,1.0,0.0,0.0,9,,,,,,,,,,,
nearest_sample,random,7,402,0.1678605784042363,0.125245403866635,0.34782608695652173,0.8888888888888888,0.5,9,,,,,,,,,,,
decay_only,random,7,402,0.21845490711929447,0.1628420065767636,1.0,0.0,0.0,9,,,,,,,,,,,
simgp_core,random,8,402,0.07362995522737951,0.037249798426254074,0.7272727272727273,0.8888888888888888,0.7999999999999999,9,1.0,0.9166666666666666,1.0,1.0,0.25,1.0,0.5,1.15,0.9,0.95,0.9090909090909091
simgp_core_nogp,random,8,402,0.07441160325333193,0.03943162117123459,0.7272727272727273,0.8888888888888888,0.7999999999999999,9,1.0,0.8928571428571429,1.0,1.0,,,,,,,
simgp_core_g75,random,8,402,0.07686038680167206,0.04934148441115806,0.5,0.8888888888888888,0.64,9,0.8809523809523809,0.6071428571428571,0.8333333333333334,0.9285714285714286,,,,,,,
physgp_core,random,8,402,0.14432358125510922,0.10246916960733878,0.4666666666666667,0.7777777777777778,0.5833333333333334,9,0.5476190476190477,0.27380952380952384,0.4880952380952381,0.6309523809523809,,,,,,,
physgp_rich,random,8,402,0.20746802205338832,0.14791899672113373,0.5555555555555556,0.5555555555555556,0.5555555555555556,9,0.75,0.36904761904761907,0.6666666666666666,0.8809523809523809,,,,,,,
simgp_rich,random,8,402,0.07605253786906234,0.04106564714534612,0.7272727272727273,0.8888888888888888,0.7999999999999999,9,0.9880952380952381,0.9047619047619048,0.9880952380952381,1.0,,,,,,,
pinn_rich,random,8,402,0.13983304486262024,0.09764737629306415,0.4375,0.7777777777777778,0.56,9,0.44047619047619047,0.14285714285714285,0.36904761904761907,0.4880952380952381,,,,,,,
mean_of_samples,random,8,402,0.23366234247355094,0.17489191653695527,1.0,0.0,0.0,9,,,,,,,,,,,
nearest_sample,random,8,402,0.1687552279805641,0.12592576587768112,0.34782608695652173,0.8888888888888888,0.5,9,,,,,,,,,,,
decay_only,random,8,402,0.21704419867144178,0.16255600225372907,1.0,0.0,0.0,9,,,,,,,,,,,
simgp_core,random,9,402,0.07386484753361978,0.03883257937671173,0.7,0.875,0.7777777777777777,8,1.0,0.8313253012048193,1.0,1.0,0.1,1.0,0.0,1.15,0.9,0.95,0.9090909090909091
simgp_core_nogp,random,9,402,0.07402860684119919,0.03918235530199786,0.7,0.875,0.7777777777777777,8,1.0,0.8192771084337349,1.0,1.0,,,,,,,
simgp_core_g75,random,9,402,0.06602691479393005,0.04968006266228035,0.7,0.875,0.7777777777777777,8,0.9036144578313253,0.3493975903614458,0.6867469879518072,0.963855421686747,,,,,,,
physgp_core,random,9,402,0.1553690588241525,0.10432723013943776,0.42857142857142855,0.75,0.5454545454545454,8,0.5542168674698795,0.2891566265060241,0.46987951807228917,0.5662650602409639,,,,,,,
physgp_rich,random,9,402,0.19711329007203318,0.12979088734178448,0.42857142857142855,0.75,0.5454545454545454,8,0.6265060240963856,0.25301204819277107,0.4578313253012048,0.6987951807228916,,,,,,,
simgp_rich,random,9,402,0.07816649086555096,0.03808344719688686,0.7,0.875,0.7777777777777777,8,0.9879518072289156,0.8554216867469879,0.9879518072289156,1.0,,,,,,,
mean_of_samples,random,9,402,0.2317589876856274,0.1720863558368074,1.0,0.0,0.0,8,,,,,,,,,,,
nearest_sample,random,9,402,0.16548026340748737,0.12155432800015467,0.30434782608695654,0.875,0.4516129032258065,8,,,,,,,,,,,
decay_only,random,9,402,0.23095704914288323,0.1704396379726011,1.0,0.0,0.0,8,,,,,,,,,,,
simgp_core,random,10,402,0.06949173946464833,0.034366914994788667,0.7777777777777778,0.875,0.823529411764706,8,1.0,0.8902439024390244,0.9878048780487805,1.0,0.1,1.0,0.0,1.15,0.9,1.0,0.9090909090909091
simgp_core_nogp,random,10,402,0.07131178672343047,0.03971518768218181,0.7,0.875,0.7777777777777777,8,1.0,0.8780487804878049,0.9512195121951219,1.0,,,,,,,
simgp_core_g75,random,10,402,0.06116197706425281,0.04635114575607782,0.7777777777777778,0.875,0.823529411764706,8,0.9634146341463414,0.524390243902439,0.8536585365853658,0.975609756097561,,,,,,,
physgp_core,random,10,402,0.16900206775535917,0.10373187224488602,0.6666666666666666,0.75,0.7058823529411765,8,0.6707317073170732,0.32926829268292684,0.5365853658536586,0.7560975609756098,,,,,,,
physgp_rich,random,10,402,0.19818793191025785,0.11488678513260726,0.625,0.625,0.625,8,0.8414634146341463,0.3780487804878049,0.7073170731707317,0.926829268292683,,,,,,,
simgp_rich,random,10,402,0.07184046504858813,0.03755338279344574,0.7777777777777778,0.875,0.823529411764706,8,0.9878048780487805,0.8902439024390244,0.9878048780487805,0.9878048780487805,,,,,,,
pinn_rich,random,10,402,0.1284680383285411,0.08464779360833198,0.8333333333333334,0.625,0.7142857142857143,8,0.4146341463414634,0.2073170731707317,0.3170731707317073,0.47560975609756095,,,,,,,
mean_of_samples,random,10,402,0.234382626607208,0.17406203189790428,1.0,0.0,0.0,8,,,,,,,,,,,
nearest_sample,random,10,402,0.16080994178159705,0.11289602802622611,0.5,0.375,0.42857142857142855,8,,,,,,,,,,,
decay_only,random,10,402,0.2415100993869314,0.17935845106832782,1.0,0.0,0.0,8,,,,,,,,,,,
simgp_core,random,11,402,0.08170063574517393,0.053104036820721394,0.7777777777777778,0.875,0.823529411764706,8,1.0,0.7037037037037037,0.9753086419753086,1.0,0.7,0.6,0.0,1.15,0.9,0.9,0.9090909090909091
simgp_core_nogp,random,11,402,0.07005920352234533,0.04063022929680909,0.7777777777777778,0.875,0.823529411764706,8,0.9876543209876543,0.9135802469135802,0.9382716049382716,1.0,,,,,,,
simgp_core_g75,random,11,402,0.057771251930692734,0.03854721509046322,0.7777777777777778,0.875,0.823529411764706,8,0.9629629629629629,0.691358024691358,0.9135802469135802,0.9876543209876543,,,,,,,
physgp_core,random,11,402,0.17432133459064267,0.1050710368591579,0.75,0.75,0.75,8,0.6172839506172839,0.345679012345679,0.5679012345679012,0.6666666666666666,,,,,,,
physgp_rich,random,11,402,0.21747404553783836,0.13867173793299437,0.42857142857142855,0.75,0.5454545454545454,8,0.5308641975308642,0.25925925925925924,0.48148148148148145,0.7037037037037037,,,,,,,
simgp_rich,random,11,402,0.08215886657706832,0.049815806325134666,0.875,0.875,0.875,8,0.9876543209876543,0.7901234567901234,0.9629629629629629,0.9876543209876543,,,,,,,
mean_of_samples,random,11,402,0.23737018114310882,0.17648406794116717,1.0,0.0,0.0,8,,,,,,,,,,,
nearest_sample,random,11,402,0.16737664713599848,0.11776177325576244,0.5,0.375,0.42857142857142855,8,,,,,,,,,,,
decay_only,random,11,402,0.24624743796659407,0.18381199661059228,1.0,0.0,0.0,8,,,,,,,,,,,
simgp_core,random,12,402,0.07832935325203154,0.05005699035534261,0.7777777777777778,0.875,0.823529411764706,8,1.0,0.725,0.9875,1.0,0.7,0.6,0.0,1.15,0.9,0.9,0.9090909090909091
simgp_core_nogp,random,12,402,0.06970337688535755,0.04105229155017768,0.7777777777777778,0.875,0.823529411764706,8,0.9625,0.9125,0.9375,1.0,,,,,,,
simgp_core_g75,random,12,402,0.059230458713246066,0.04075682874008946,0.7777777777777778,0.875,0.823529411764706,8,0.9625,0.6625,0.9,0.9875,,,,,,,
physgp_core,random,12,402,0.18955303701125797,0.11105178280986087,0.8571428571428571,0.75,0.7999999999999999,8,0.5875,0.1875,0.425,0.6625,,,,,,,
physgp_rich,random,12,402,0.1909414039067279,0.11054909266796879,0.7142857142857143,0.625,0.6666666666666666,8,0.7625,0.325,0.6625,0.875,,,,,,,
simgp_rich,random,12,402,0.08141502101319213,0.04944421283529556,0.875,0.875,0.875,8,0.9875,0.75,0.95,0.9875,,,,,,,
pinn_rich,random,12,402,0.12355346477954826,0.07560662162277318,1.0,0.625,0.7692307692307693,8,0.5125,0.2375,0.4375,0.5875,,,,,,,
mean_of_samples,random,12,402,0.23682743643130244,0.17587091397903504,1.0,0.0,0.0,8,,,,,,,,,,,
nearest_sample,random,12,402,0.16607480024690405,0.116227186105104,0.5,0.375,0.42857142857142855,8,,,,,,,,,,,
decay_only,random,12,402,0.24138806504236848,0.17892917281626147,1.0,0.0,0.0,8,,,,,,,,,,,
simgp_core,random,13,402,0.0761856549334307,0.04715321580853119,0.7777777777777778,0.875,0.823529411764706,8,1.0,0.759493670886076,1.0,1.0,0.7,0.6,0.5,1.15,0.9,0.9,0.9090909090909091
simgp_core_nogp,random,13,402,0.07013949060204072,0.039421442731883395,0.7,0.875,0.7777777777777777,8,0.9873417721518988,0.8987341772151899,0.9493670886075949,1.0,,,,,,,
simgp_core_g75,random,13,402,0.05780395822293175,0.04098765606922448,0.7777777777777778,0.875,0.823529411764706,8,0.9746835443037974,0.569620253164557,0.8987341772151899,0.9873417721518988,,,,,,,
physgp_core,random,13,402,0.18706540724253723,0.1078302369755869,0.8571428571428571,0.75,0.7999999999999999,8,0.6075949367088608,0.21518987341772153,0.43037974683544306,0.6708860759493671,,,,,,,
physgp_rich,random,13,402,0.18904682614551702,0.11100747251799356,0.7142857142857143,0.625,0.6666666666666666,8,0.759493670886076,0.3291139240506329,0.6329113924050633,0.8734177215189873,,,,,,,
simgp_rich,random,13,402,0.07277755119327411,0.037277744039712506,0.875,0.875,0.875,8,0.9873417721518988,0.8227848101265823,0.9746835443037974,0.9873417721518988,,,,,,,
mean_of_samples,random,13,402,0.23537041915503645,0.17390365463674745,1.0,0.0,0.0,8,,,,,,,,,,,
nearest_sample,random,13,402,0.16412272027425842,0.11395607406759405,0.5,0.375,0.42857142857142855,8,,,,,,,,,,,
decay_only,random,13,402,0.23481037151617035,0.17214482052885818,1.0,0.0,0.0,8,,,,,,,,,,,
simgp_core,random,14,402,0.06997096006860995,0.04086999609154972,0.7777777777777778,0.875,0.823529411764706,8,1.0,0.8076923076923077,0.9743589743589743,1.0,0.7,0.6,0.5,1.15,0.9,0.9,0.9090909090909091
simgp_core_nogp,random,14,402,0.06869182329213085,0.039726743410651084,0.7777777777777778,0.875,0.823529411764706,8,0.9615384615384616,0.8461538461538461,0.9487179487179487,0.9871794871794872,,,,,,,
simgp_core_g75,random,14,402,0.05694406963192673,0.03941651283216379,0.7777777777777778,0.875,0.823529411764706,8,0.9743589743589743,0.6410256410256411,0.9102564102564102,0.9871794871794872,,,,,,,
physgp_core,random,14,402,0.1874107701721026,0.1105666004072668,0.75,0.75,0.75,8,0.5128205128205128,0.1794871794871795,0.3717948717948718,0.6410256410256411,,,,,,,
physgp_rich,random,14,402,0.19242593838612732,0.11323803973392461,0.7142857142857143,0.625,0.6666666666666666,8,0.7307692307692307,0.2692307692307692,0.6282051282051282,0.8717948717948718,,,,,,,
simgp_rich,random,14,402,0.07177774453401307,0.038819565416778605,0.875,0.875,0.875,8,0.9743589743589743,0.7692307692307693,0.9615384615384616,0.9871794871794872,,,,,,,
mean_of_samples,random,14,402,0.2374310946478105,0.17585200777095075,1.0,0.0,0.0,8,,,,,,,,,,,
nearest_sample,random,14,402,0.16476879553033816,0.11464245596406024,0.5,0.375,0.42857142857142855,8,,,,,,,,,,,
decay_only,random,14,402,0.23807242776884527,0.17528764256747417,1.0,0.0,0.0,8,,,,,,,,,,,
simgp_core,random,15,402,0.06808194947075982,0.03869182166232533,0.7777777777777778,0.875,0.823529411764706,8,1.0,0.8181818181818182,0.974025974025974,1.0,0.7,0.6,0.0,1.15,0.9,0.9,0.9090909090909091
simgp_core_nogp,random,15,402,0.06769816644592508,0.03908645932084863,0.7777777777777778,0.875,0.823529411764706,8,0.961038961038961,0.8441558441558441,0.948051948051948,0.987012987012987,,,,,,,
simgp_core_g75,random,15,402,0.057046706195933335,0.03840625916481673,0.7777777777777778,0.875,0.823529411764706,8,0.974025974025974,0.6623376623376623,0.9090909090909091,0.987012987012987,,,,,,,
physgp_core,random,15,402,0.18563158622099438,0.09910209133693045,0.8571428571428571,0.75,0.7999999999999999,8,0.6103896103896104,0.3116883116883117,0.5454545454545454,0.6623376623376623,,,,,,,
physgp_rich,random,15,402,0.18976781177537028,0.10984317708214134,0.7142857142857143,0.625,0.6666666666666666,8,0.7272727272727273,0.2987012987012987,0.6233766233766234,0.8441558441558441,,,,,,,
simgp_rich,random,15,402,0.07129836907716029,0.03928750174494729,0.875,0.875,0.875,8,0.974025974025974,0.7662337662337663,0.948051948051948,0.987012987012987,,,,,,,
pinn_rich,random,15,402,0.1337834904667571,0.08272109222578314,1.0,0.5,0.6666666666666666,8,0.5584415584415584,0.19480519480519481,0.4675324675324675,0.6363636363636364,,,,,,,
mean_of_samples,random,15,402,0.23760149778627268,0.17543426268757586,1.0,0.0,0.0,8,,,,,,,,,,,
nearest_sample,random,15,402,0.16571385845935924,0.11515972012514668,0.5,0.375,0.42857142857142855,8,,,,,,,,,,,
decay_only,random,15,402,0.23506816379932516,0.17218191998089943,1.0,0.0,0.0,8,,,,,,,,,,,
simgp_core,uncertainty,3,402,0.08125640529224656,0.06078347893275399,0.6470588235294118,1.0,0.7857142857142858,11,1.0,0.9550561797752809,1.0,1.0,0.1,1.0,1.0,1.15,1.0,0.9,1.0
simgp_core,uncertainty,4,402,0.047838412760544874,0.0399956112489736,0.6470588235294118,1.0,0.7857142857142858,11,1.0,0.9545454545454546,1.0,1.0,0.1,1.0,1.0,1.15,1.0,0.9,1.0
simgp_core,uncertainty,5,402,0.06265468425285772,0.05533925518567257,0.55,1.0,0.7096774193548387,11,1.0,0.6206896551724138,1.0,1.0,0.1,1.5,1.0,1.0,1.1,1.1,1.0
simgp_core,uncertainty,6,402,0.07026610506121521,0.06269626656642954,0.5263157894736842,1.0,0.6896551724137931,10,1.0,0.5116279069767442,0.9883720930232558,1.0,0.4,1.0,1.0,0.85,1.1,1.05,1.0
simgp_core,uncertainty,7,402,0.06499369297004341,0.05757801363027849,0.5263157894736842,1.0,0.6896551724137931,10,1.0,0.5411764705882353,0.9882352941176471,1.0,0.4,1.0,1.0,0.85,1.1,1.1,1.0
simgp_core,uncertainty,8,402,0.0808588227256175,0.06988102840683982,0.45,1.0,0.6206896551724138,9,0.9285714285714286,0.5833333333333334,0.7738095238095238,1.0,0.25,1.5,1.0,0.85,1.0,1.1,1.0
simgp_core,uncertainty,9,402,0.043093496493701214,0.035386650215388,0.8888888888888888,1.0,0.9411764705882353,8,1.0,0.9518072289156626,1.0,1.0,0.4,1.0,1.0,0.85,1.0,1.05,0.9090909090909091
simgp_core,uncertainty,10,402,0.04798184870372015,0.039120397296359646,0.6363636363636364,1.0,0.7777777777777778,7,0.975609756097561,0.8170731707317073,0.9390243902439024,1.0,0.55,0.6,1.0,0.85,1.0,0.9,0.9090909090909091
simgp_core,uncertainty,11,402,0.044226244261829466,0.03338885746589787,1.0,1.0,1.0,6,1.0,1.0,1.0,1.0,0.4,0.6,1.0,0.85,1.0,0.9,0.9090909090909091
simgp_core,uncertainty,12,402,0.05009167808728598,0.03465565874238044,1.0,0.8333333333333334,0.9090909090909091,6,1.0,0.9875,1.0,1.0,0.4,0.6,1.0,0.85,1.0,0.9,0.8181818181818182
simgp_core,uncertainty,13,402,0.06251134526143985,0.04238060151070212,1.0,0.6,0.7499999999999999,5,1.0,0.9746835443037974,1.0,1.0,0.4,0.6,1.0,0.85,1.1,0.95,0.6363636363636364
simgp_core,uncertainty,14,402,0.06387258383350826,0.04289536352433053,1.0,0.5,0.6666666666666666,4,1.0,0.9743589743589743,1.0,1.0,0.4,0.6,1.0,0.85,1.1,0.9,0.6363636363636364
simgp_core,uncertainty,15,402,0.06908428571490628,0.04802509333436619,1.0,0.25,0.4,4,1.0,0.8701298701298701,0.987012987012987,1.0,0.55,0.6,0.5,0.85,1.1,1.05,0.5454545454545454
simgp_core,straddle,3,402,0.07055281447407855,0.04634471585176617,0.6875,1.0,0.8148148148148148,11,1.0,0.9213483146067416,1.0,1.0,0.4,1.0,1.0,1.15,1.0,1.0,1.0
simgp_core,straddle,4,402,0.06503822186686986,0.050189575366743,0.6470588235294118,1.0,0.7857142857142858,11,1.0,0.9886363636363636,1.0,1.0,0.1,0.6,1.0,1.15,1.1,0.9,1.0
simgp_core,straddle,5,402,0.052266839990791875,0.0449378250261886,0.6470588235294118,1.0,0.7857142857142858,11,1.0,0.9310344827586207,1.0,1.0,0.25,1.0,1.0,0.85,1.1,1.0,1.0
simgp_core,straddle,6,402,0.040837912090585876,0.033775807600168094,0.7333333333333333,1.0,0.846153846153846,11,1.0,0.9418604651162791,1.0,1.0,0.1,0.6,1.0,1.15,1.0,0.9,1.0
simgp_core,straddle,7,402,0.04492307882989373,0.034275581240902096,0.7857142857142857,1.0,0.88,11,0.9764705882352941,0.8588235294117647,0.9411764705882353,1.0,0.1,0.6,1.0,1.15,1.0,0.9,1.0
simgp_core,straddle,8,402,0.04564582906789386,0.03444747240433623,0.8461538461538461,1.0,0.9166666666666666,11,0.9404761904761905,0.8214285714285714,0.9404761904761905,0.9761904761904762,0.1,0.6,1.0,1.15,1.0,0.9,1.0
simgp_core,straddle,9,402,0.048435488436586176,0.03532156059024078,1.0,0.9090909090909091,0.9523809523809523,11,1.0,0.8433734939759037,0.9759036144578314,1.0,0.1,0.6,1.0,1.15,1.0,0.9,0.9090909090909091
simgp_core,straddle,10,402,0.044166768351516894,0.035809664343625015,1.0,1.0,1.0,10,0.9878048780487805,0.9024390243902439,0.9878048780487805,1.0,0.1,1.0,0.0,0.85,1.0,1.1,1.0
simgp_core,straddle,11,402,0.04466470252065879,0.03671741564133352,1.0,1.0,1.0,10,1.0,0.8641975308641975,0.9876543209876543,1.0,0.1,1.0,0.0,0.85,1.0,1.1,1.0
simgp_core,straddle,12,402,0.04582360180759133,0.03828542303542261,1.0,1.0,1.0,9,0.9875,0.8625,0.9875,1.0,0.1,1.0,0.0,0.85,1.0,1.1,1.0
simgp_core,straddle,13,402,0.04680470407183615,0.03919385403044659,1.0,1.0,1.0,9,0.9873417721518988,0.8734177215189873,0.9493670886075949,0.9873417721518988,0.1,1.0,0.0,0.85,1.0,1.1,1.0
simgp_core,straddle,14,402,0.04691838905592256,0.03896944702155994,1.0,1.0,1.0,8,0.9871794871794872,0.8717948717948718,0.9487179487179487,0.9871794871794872,0.7,0.6,1.0,0.85,1.0,0.9,1.0
simgp_core,straddle,15,402,0.04400724519287329,0.0354414836716051,1.0,1.0,1.0,8,0.987012987012987,0.8571428571428571,0.948051948051948,0.987012987012987,0.1,1.0,0.0,1.0,1.1,1.0,1.0
simgp_core,random,3,403,0.07048341779951234,0.04237202627183502,0.7777777777777778,0.875,0.823529411764706,8,1.0,0.9325842696629213,1.0,1.0,0.55,0.6,0.5,1.0,1.0,1.05,0.7777777777777778
simgp_core_nogp,random,3,403,0.07005421589124215,0.04057658944161174,0.7777777777777778,0.875,0.823529411764706,8,1.0,0.9325842696629213,1.0,1.0,,,,,,,
simgp_core_g75,random,3,403,0.10257792663054889,0.055221024691484384,0.4666666666666667,0.875,0.608695652173913,8,0.8202247191011236,0.5056179775280899,0.7303370786516854,0.898876404494382,,,,,,,
physgp_core,random,3,403,0.20666550713230875,0.16519450681700495,0.3333333333333333,0.875,0.48275862068965514,8,0.15730337078651685,0.033707865168539325,0.11235955056179775,0.21348314606741572,,,,,,,
physgp_rich,random,3,403,0.20649087335014488,0.16481970684981134,0.3333333333333333,0.875,0.48275862068965514,8,0.7191011235955056,0.15730337078651685,0.47191011235955055,0.7415730337078652,,,,,,,
simgp_rich,random,3,403,0.07058044737387188,0.04169774448516768,0.7777777777777778,0.875,0.823529411764706,8,1.0,0.9101123595505618,1.0,1.0,,,,,,,
pinn_rich,random,3,403,0.15196998138684123,0.10296292687979507,1.0,0.0,0.0,8,0.4606741573033708,0.21348314606741572,0.4044943820224719,0.5842696629213483,,,,,,,
mean_of_samples,random,3,403,0.2629225889596295,0.21387133943504208,1.0,0.0,0.0,8,,,,,,,,,,,
nearest_sample,random,3,403,0.20400499808102066,0.14168733477853268,1.0,0.0,0.0,8,,,,,,,,,,,
decay_only,random,3,403,0.20727229471851258,0.1660506102420044,0.3333333333333333,0.875,0.48275862068965514,8,,,,,,,,,,,
simgp_core,random,4,403,0.07166426635062276,0.04232594521489527,0.7777777777777778,0.875,0.823529411764706,8,1.0,0.9318181818181818,1.0,1.0,0.1,0.6,0.5,1.0,0.9,1.05,0.7777777777777778
simgp_core_nogp,random,4,403,0.07072992537501675,0.040252068984370996,0.7777777777777778,0.875,0.823529411764706,8,1.0,0.9204545454545454,1.0,1.0,,,,,,,
simgp_core_g75,random,4,403,0.10296833118840237,0.05369066391255031,0.4375,0.875,0.5833333333333334,8,0.8181818181818182,0.5113636363636364,0.7045454545454546,0.8522727272727273,,,,,,,
physgp_core,random,4,403,0.2462080164924752,0.17657535991103265,0.3684210526315789,0.875,0.5185185185185185,8,0.29545454545454547,0.125,0.2159090909090909,0.3977272727272727,,,,,,,
physgp_rich,random,4,403,0.19274450135502927,0.14308031274556357,0.3333333333333333,0.625,0.43478260869565216,8,0.8181818181818182,0.5795454545454546,0.75,0.8295454545454546,,,,,,,
simgp_rich,random,4,403,0.07162188244289773,0.04167598695192352,0.7777777777777778,0.875,0.823529411764706,8,1.0,0.8977272727272727,1.0,1.0,,,,,,,
mean_of_samples,random,4,403,0.261064384524123,0.2067549348209255,1.0,0.0,0.0,8,,,,,,,,,,,
nearest_sample,random,4,403,0.19883734734437256,0.13604643519417284,1.0,0.0,0.0,8,,,,,,,,,,,
decay_only,random,4,403,0.19448270494580247,0.14565360102134509,0.3333333333333333,0.625,0.43478260869565216,8,,,,,,,,,,,
simgp_core,random,5,403,0.07247114502111915,0.043434122732147036,0.7777777777777778,0.875,0.823529411764706,8,1.0,0.8850574712643678,1.0,1.0,0.4,0.6,0.5,1.0,1.0,1.0,0.7777777777777778
simgp_core_nogp,random,5,403,0.0715357210141301,0.04129668062071569,0.7777777777777778,0.875,0.823529411764706,8,1.0,0.8735632183908046,1.0,1.0,,,,,,,
simgp_core_g75,random,5,403,0.1041342315314611,0.05600742560963977,0.4375,0.875,0.5833333333333334,8,0.8045977011494253,0.42528735632183906,0.6666666666666666,0.8390804597701149,,,,,,,
physgp_core,random,5,403,0.20023345495318295,0.12232279376897956,0.4,0.75,0.5217391304347827,8,0.6666666666666666,0.4482758620689655,0.632183908045977,0.7816091954022989,,,,,,,
physgp_rich,random,5,403,0.23510983258982837,0.17721143456480348,0.3076923076923077,0.5,0.380952380952381,8,0.5632183908045977,0.20689655172413793,0.4482758620689655,0.6551724137931034,,,,,,,
simgp_rich,random,5,403,0.07224043291347028,0.042349055304526206,0.7777777777777778,0.875,0.823529411764706,8,1.0,0.8390804597701149,1.0,1.0,,,,,,,
pinn_rich,random,5,403,0.1607438859860145,0.1018167145181658,1.0,0.0,0.0,8,0.5862068965517241,0.2988505747126437,0.4942528735632184,0.6206896551724138,,,,,,,
mean_of_samples,random,5,403,0.26380733153404756,0.20839990400973382,1.0,0.0,0.0,8,,,,,,,,,,,
nearest_sample,random,5,403,0.1984416090461467,0.13303851182665455,1.0,0.0,0.0,8,,,,,,,,,,,
decay_only,random,5,403,0.23631244821103342,0.1812650198260934,0.3076923076923077,0.5,0.380952380952381,8,,,,,,,,,,,
simgp_core,random,6,403,0.07181942073722034,0.04114113382670295,0.7777777777777778,0.875,0.823529411764706,8,1.0,0.8837209302325582,1.0,1.0,0.4,0.6,0.5,1.0,1.0,1.0,0.7777777777777778
simgp_core_nogp,random,6,403,0.07193175714823988,0.04163840049695793,0.7777777777777778,0.875,0.823529411764706,8,1.0,0.872093023255814,1.0,1.0,,,,,,,
simgp_core_g75,random,6,403,0.1039278543495271,0.054250445957951594,0.4375,0.875,0.5833333333333334,8,0.7906976744186046,0.45348837209302323,0.6627906976744186,0.8372093023255814,,,,,,,
physgp_core,random,6,403,0.18781681419894403,0.12082479847731566,0.35294117647058826,0.75,0.48,8,0.7558139534883721,0.45348837209302323,0.6511627906976745,0.7790697674418605,,,,,,,
physgp_rich,random,6,403,0.20925644279516725,0.15050535155544428,0.3333333333333333,0.625,0.43478260869565216,8,0.6162790697674418,0.37209302325581395,0.5232558139534884,0.6395348837209303,,,,,,,
simgp_rich,random,6,403,0.07259562820675149,0.042792305440967945,0.7777777777777778,0.875,0.823529411764706,8,1.0,0.8488372093023255,1.0,1.0,,,,,,,
mean_of_samples,random,6,403,0.29192434013328883,0.2286113629780297,1.0,0.0,0.0,8,,,,,,,,,,,
nearest_sample,random,6,403,0.18059518304800934,0.11904333594217345,1.0,0.0,0.0,8,,,,,,,,,,,
decay_only,random,6,403,0.22015914055180696,0.16699815912236182,0.3333333333333333,0.625,0.43478260869565216,8,,,,,,,,,,,
simgp_core,random,7,403,0.07137989334013119,0.04355428208474243,0.7777777777777778,0.875,0.823529411764706,8,1.0,0.8352941176470589,1.0,1.0,0.4,0.6,0.5,1.0,1.0,1.0,0.7777777777777778
simgp_core_nogp,random,7,403,0.07077260247717221,0.041786296851055026,0.7777777777777778,0.875,0.823529411764706,8,1.0,0.8,1.0,1.0,,,,,,,
simgp_core_g75,random,7,403,0.10502849075634825,0.056814368856154575,0.4666666666666667,0.875,0.608695652173913,8,0.7176470588235294,0.32941176470588235,0.6235294117647059,0.8352941176470589,,,,,,,
physgp_core,random,7,403,0.19037949667959833,0.12225166669364623,0.35294117647058826,0.75,0.48,8,0.7294117647058823,0.5176470588235295,0.6823529411764706,0.7647058823529411,,,,,,,
physgp_rich,random,7,403,0.19771879375046922,0.13850341556899456,0.3333333333333333,0.625,0.43478260869565216,8,0.6588235294117647,0.38823529411764707,0.6235294117647059,0.6705882352941176,,,,,,,
simgp_rich,random,7,403,0.07169565527049528,0.043769820724209485,0.7777777777777778,0.875,0.823529411764706,8,1.0,0.8117647058823529,1.0,1.0,,,,,,,
mean_of_samples,random,7,403,0.2824433965141538,0.2202246061993018,1.0,0.0,0.0,8,,,,,,,,,,,
nearest_sample,random,7,403,0.14876811756952213,0.10030395836368106,1.0,0.0,0.0,8,,,,,,,,,,,
decay_only,random,7,403,0.21817569732721953,0.1645204162126823,0.3333333333333333,0.625,0.43478260869565216,8,,,,,,,,,,,
simgp_core,random,8,403,0.07632945563686655,0.05139173144439332,0.7777777777777778,0.875,0.823529411764706,8,1.0,0.6666666666666666,0.9880952380952381,1.0,0.25,0.6,0.5,1.0,1.0,0.95,0.7777777777777778
simgp_core_nogp,random,8,403,0.0704914178148177,0.040634215669259004,0.7777777777777778,0.875,0.823529411764706,8,1.0,0.8333333333333334,1.0,1.0,,,,,,,
simgp_core_g75,random,8,403,0.10937265353019762,0.0657365373977763,0.4375,0.875,0.5833333333333334,8,0.5833333333333334,0.20238095238095238,0.4880952380952381,0.7738095238095238,,,,,,,
physgp_core,random,8,403,0.17023937483547033,0.09560075290009419,0.35294117647058826,0.75,0.48,8,0.7380952380952381,0.4523809523809524,0.7142857142857143,0.7619047619047619,,,,,,,
physgp_rich,random,8,403,0.20194028766491157,0.14233581407930257,0.3333333333333333,0.625,0.43478260869565216,8,0.6309523809523809,0.2976190476190476,0.5714285714285714,0.6547619047619048,,,,,,,
simgp_rich,random,8,403,0.07588136697117237,0.050813478967063605,0.7777777777777778,0.875,0.823529411764706,8,1.0,0.6547619047619048,0.9880952380952381,1.0,,,,,,,
pinn_rich,random,8,403,0.11748936204172394,0.0859610152445427,1.0,0.0,0.0,8,0.4523809523809524,0.21428571428571427,0.42857142857142855,0.5,,,,,,,
mean_of_samples,random,8,403,0.2893594893537992,0.22565991627175588,1.0,0.0,0.0,8,,,,,,,,,,,
nearest_sample,random,8,403,0.14301062097030495,0.09516392357226999,1.0,0.0,0.0,8,,,,,,,,,,,
decay_only,random,8,403,0.21846846566717681,0.16481742779025982,0.3333333333333333,0.625,0.43478260869565216,8,,,,,,,,,,,
simgp_core,random,9,403,0.0744217901049674,0.04836020577466613,0.7777777777777778,0.875,0.823529411764706,8,1.0,0.7349397590361446,0.9879518072289156,1.0,0.25,0.6,0.5,1.0,1.0,0.95,0.7777777777777778
simgp_core_nogp,random,9,403,0.06998461863423647,0.03973937679540688,0.7777777777777778,0.875,0.823529411764706,8,1.0,0.8192771084337349,1.0,1.0,,,,,,,
simgp_core_g75,random,9,403,0.10683577866598194,0.05613018577036927,0.4375,0.875,0.5833333333333334,8,0.6867469879518072,0.3855421686746988,0.6265060240963856,0.8072289156626506,,,,,,,
physgp_core,random,9,403,0.17137374736753144,0.09531352972437107,0.3888888888888889,0.875,0.5384615384615385,8,0.6867469879518072,0.40963855421686746,0.6385542168674698,0.7228915662650602,,,,,,,
physgp_rich,random,9,403,0.26936446814371945,0.22310464577825503,0.3333333333333333,0.625,0.43478260869565216,8,0.37349397590361444,0.1566265060240964,0.3132530120481928,0.40963855421686746,,,,,,,
simgp_rich,random,9,403,0.07247492651758494,0.04491150639530911,0.7777777777777778,0.875,0.823529411764706,8,1.0,0.7951807228915663,1.0,1.0,,,,,,,
mean_of_samples,random,9,403,0.2867874399426128,0.22409738813511523,1.0,0.0,0.0,8,,,,,,,,,,,
nearest_sample,random,9,403,0.14764699832508227,0.09903682251440667,1.0,0.0,0.0,8,,,,,,,,,,,
decay_only,random,9,403,0.2192683420786041,0.16609011016363578,0.3333333333333333,0.625,0.43478260869565216,8,,,,,,,,,,,
simgp_core,random,10,403,0.07066452169629349,0.04289006420433767,0.875,0.875,0.875,8,1.0,0.8170731707317073,0.9878048780487805,1.0,0.4,0.6,0.5,1.0,1.0,1.0,0.7777777777777778
simgp_core_nogp,random,10,403,0.06956415926036535,0.04153641822135407,0.875,0.875,0.875,8,1.0,0.7926829268292683,1.0,1.0,,,,,,,
simgp_core_g75,random,10,403,0.10677687491432104,0.057214252857678706,0.4666666666666667,0.875,0.608695652173913,8,0.6463414634146342,0.36585365853658536,0.5609756097560976,0.7439024390243902,,,,,,,
physgp_core,random,10,403,0.17329509115662753,0.09793804554116389,0.3888888888888889,0.875,0.5384615384615385,8,0.6707317073170732,0.4024390243902439,0.6219512195121951,0.6951219512195121,,,,,,,
physgp_rich,random,10,403,0.3089297159802007,0.24687203323342105,0.3333333333333333,0.625,0.43478260869565216,8,0.3780487804878049,0.1951219512195122,0.32926829268292684,0.4146341463414634,,,,,,,
simgp_rich,random,10,403,0.07259372452530807,0.046841111443051794,0.875,0.875,0.875,8,1.0,0.7195121951219512,1.0,1.0,,,,,,,
pinn_rich,random,10,403,0.12043942682157285,0.08328247151670262,1.0,0.0,0.0,8,0.4634146341463415,0.25609756097560976,0.45121951219512196,0.5,,,,,,,
mean_of_samples,random,10,403,0.28002732950397197,0.21837025093795234,1.0,0.0,0.0,8,,,,,,,,,,,
nearest_sample,random,10,403,0.14156721932190053,0.09407831118596936,1.0,0.0,0.0,8,,,,,,,,,,,
decay_only,random,10,403,0.21785453231224766,0.16416036147827065,0.3333333333333333,0.625,0.43478260869565216,8,,,,,,,,,,,
simgp_core,random,11,403,0.07189762478356851,0.04597583444010792,0.875,0.875,0.875,8,1.0,0.7777777777777778,0.9876543209876543,1.0,0.4,0.6,0.5,1.0,1.0,1.0,0.7777777777777778
simgp_core_nogp,random,11,403,0.06988119193064277,0.04194373471543317,0.875,0.875,0.875,8,1.0,0.7901234567901234,1.0,1.0,,,,,,,
simgp_core_g75,random,11,403,0.10731660184876658,0.05797152175648871,0.4666666666666667,0.875,0.608695652173913,8,0.6296296296296297,0.35802469135802467,0.5308641975308642,0.6790123456790124,,,,,,,
physgp_core,random,11,403,0.17488509677791875,0.09994453349464998,0.35294117647058826,0.75,0.48,8,0.5679012345679012,0.345679012345679,0.5432098765432098,0.5925925925925926,,,,,,,
physgp_rich,random,11,403,0.18609034320850876,0.12049631262401483,0.3333333333333333,0.625,0.43478260869565216,8,0.5802469135802469,0.32098765432098764,0.4691358024691358,0.6049382716049383,,,,,,,
simgp_rich,random,11,403,0.07298602402697062,0.04821519109439093,0.875,0.875,0.875,8,1.0,0.7777777777777778,0.9876543209876543,1.0,,,,,,,
mean_of_samples,random,11,403,0.28304678124041965,0.22192388432750976,1.0,0.0,0.0,8,,,,,,,,,,,
nearest_sample,random,11,403,0.14252202699588623,0.09474998825152953,1.0,0.0,0.0,8,,,,,,,,,,,
decay_only,random,11,403,0.22024532773976754,0.16710680275047754,0.3333333333333333,0.625,0.43478260869565216,8,,,,,,,,,,,
simgp_core,random,12,403,0.060133315876600445,0.042321626214136585,0.75,0.8571428571428571,0.7999999999999999,7,1.0,0.7125,0.9875,1.0,0.4,0.6,0.5,1.0,1.1,0.95,0.7777777777777778
simgp_core_nogp,random,12,403,0.0556366176997147,0.03120633485514631,0.75,0.8571428571428571,0.7999999999999999,7,1.0,0.8375,1.0,1.0,,,,,,,
simgp_core_g75,random,12,403,0.11718234114214729,0.06759749294809525,0.375,0.8571428571428571,0.5217391304347825,7,0.55,0.1875,0.3875,0.7125,,,,,,,
physgp_core,random,12,403,0.1752729413428867,0.09837180003933624,0.23076923076923078,0.42857142857142855,0.3,7,0.5625,0.3375,0.5,0.6,,,,,,,
physgp_rich,random,12,403,0.18639117008352096,0.12091249736542904,0.23076923076923078,0.42857142857142855,0.3,7,0.5125,0.2625,0.4625,0.6,,,,,,,
simgp_rich,random,12,403,0.06381056268667153,0.04466753550825133,0.75,0.8571428571428571,0.7999999999999999,7,1.0,0.7125,0.9875,1.0,,,,,,,
pinn_rich,random,12,403,0.1049331543348264,0.07051624350040635,1.0,0.5714285714285714,0.7272727272727273,7,0.5875,0.225,0.5125,0.6125,,,,,,,
mean_of_samples,random,12,403,0.26222386121312496,0.20671147877896218,1.0,0.0,0.0,7,,,,,,,,,,,
nearest_sample,random,12,403,0.14294480182457733,0.09439801305264114,0.6666666666666666,0.2857142857142857,0.4,7,,,,,,,,,,,
decay_only,random,12,403,0.23320702406412194,0.17568658896408754,0.23076923076923078,0.42857142857142855,0.3,7,,,,,,,,,,,
simgp_core,random,13,403,0.06151878707927859,0.04146146618860928,0.5454545454545454,1.0,0.7058823529411764,6,0.9493670886075949,0.8860759493670886,0.9367088607594937,0.9493670886075949,0.4,0.6,1.0,0.85,1.1,1.0,0.8888888888888888
simgp_core_nogp,random,13,403,0.05885906077573299,0.034432738621934154,0.75,1.0,0.8571428571428571,6,1.0,0.8734177215189873,1.0,1.0,,,,,,,
simgp_core_g75,random,13,403,0.11945425186385024,0.06718740612512747,0.3,1.0,0.4615384615384615,6,0.7721518987341772,0.5063291139240507,0.7468354430379747,0.7974683544303798,,,,,,,
physgp_core,random,13,403,0.20244980596013318,0.1492183598462954,0.21052631578947367,0.6666666666666666,0.32,6,0.5063291139240507,0.2911392405063291,0.45569620253164556,0.569620253164557,,,,,,,
physgp_rich,random,13,403,0.17115531156924543,0.10165019190422792,0.25,0.8333333333333334,0.3846153846153846,6,0.7468354430379747,0.45569620253164556,0.7088607594936709,0.759493670886076,,,,,,,
simgp_rich,random,13,403,0.06672127875594969,0.0461195592723131,0.5,1.0,0.6666666666666666,6,0.9367088607594937,0.7341772151898734,0.9240506329113924,0.9493670886075949,,,,,,,
mean_of_samples,random,13,403,0.25497526765448625,0.20353648117124595,1.0,0.0,0.0,6,,,,,,,,,,,
nearest_sample,random,13,403,0.14628956051813305,0.09831712408902975,0.4,0.6666666666666666,0.5,6,,,,,,,,,,,
decay_only,random,13,403,0.23116000340195186,0.1783095393110639,0.23076923076923078,0.5,0.3157894736842105,6,,,,,,,,,,,
simgp_core,random,14,403,0.05968298675390675,0.039519093560842114,0.5454545454545454,1.0,0.7058823529411764,6,0.9487179487179487,0.8846153846153846,0.9358974358974359,0.9487179487179487,0.4,0.6,1.0,0.85,1.1,1.0,0.8888888888888888
simgp_core_nogp,random,14,403,0.05783593400468859,0.03363679728424992,0.75,1.0,0.8571428571428571,6,1.0,0.8717948717948718,1.0,1.0,,,,,,,
simgp_core_g75,random,14,403,0.11980178147166762,0.06575595868752832,0.3,1.0,0.4615384615384615,6,0.7692307692307693,0.46153846153846156,0.7307692307692307,0.7948717948717948,,,,,,,
physgp_core,random,14,403,0.19327483400807363,0.1336878585865991,0.21052631578947367,0.6666666666666666,0.32,6,0.5128205128205128,0.24358974358974358,0.47435897435897434,0.5512820512820513,,,,,,,
physgp_rich,random,14,403,0.17130370792119068,0.1001826078052879,0.25,0.8333333333333334,0.3846153846153846,6,0.7435897435897436,0.4358974358974359,0.6923076923076923,0.7564102564102564,,,,,,,
simgp_rich,random,14,403,0.06776566055848267,0.04336760303681105,0.6666666666666666,1.0,0.8,6,0.9743589743589743,0.8205128205128205,0.9615384615384616,0.9871794871794872,,,,,,,
mean_of_samples,random,14,403,0.2574948108783816,0.20453547629026267,1.0,0.0,0.0,6,,,,,,,,,,,
nearest_sample,random,14,403,0.14824930627075295,0.10033976399655022,0.4,0.6666666666666666,0.5,6,,,,,,,,,,,
decay_only,random,14,403,0.2317631860420856,0.17880925996470262,0.23076923076923078,0.5,0.3157894736842105,6,,,,,,,,,,,
simgp_core,random,15,403,0.05975673567485499,0.03957531762578536,0.5,1.0,0.6666666666666666,6,0.948051948051948,0.8831168831168831,0.935064935064935,0.948051948051948,0.4,0.6,1.0,0.85,1.1,1.0,0.8888888888888888
simgp_core_nogp,random,15,403,0.058173331098573616,0.03443695318729012,0.75,1.0,0.8571428571428571,6,1.0,0.8571428571428571,1.0,1.0,,,,,,,
simgp_core_g75,random,15,403,0.12121708013821463,0.06611288049084284,0.3,1.0,0.4615384615384615,6,0.7662337662337663,0.4155844155844156,0.7012987012987013,0.7922077922077922,,,,,,,
physgp_core,random,15,403,0.19418064517618294,0.13442192880051432,0.2,0.6666666666666666,0.30769230769230765,6,0.4675324675324675,0.18181818181818182,0.4025974025974026,0.5194805194805194,,,,,,,
physgp_rich,random,15,403,0.17215925508822305,0.09839820802425098,0.3,1.0,0.4615384615384615,6,0.7142857142857143,0.4675324675324675,0.6753246753246753,0.7272727272727273,,,,,,,
simgp_rich,random,15,403,0.0674293244985304,0.0470827678449727,0.42857142857142855,1.0,0.6,6,0.935064935064935,0.7402597402597403,0.8961038961038961,0.935064935064935,,,,,,,
pinn_rich,random,15,403,0.10508778489807998,0.07616552597489717,0.4166666666666667,0.8333333333333334,0.5555555555555556,6,0.4935064935064935,0.23376623376623376,0.45454545454545453,0.5454545454545454,,,,,,,
mean_of_samples,random,15,403,0.2567873805103082,0.2049578555817586,1.0,0.0,0.0,6,,,,,,,,,,,
nearest_sample,random,15,403,0.13754191893538262,0.08690485347148261,0.4444444444444444,0.6666666666666666,0.5333333333333333,6,,,,,,,,,,,
decay_only,random,15,403,0.2349762031765653,0.18215132092559747,0.23076923076923078,0.5,0.3157894736842105,6,,,,,,,,,,,
simgp_core,uncertainty,3,403,0.0745309537130914,0.04985520484408624,0.875,0.875,0.875,8,1.0,0.8314606741573034,1.0,1.0,0.55,0.6,0.0,1.0,1.0,1.05,0.7777777777777778
simgp_core,uncertainty,4,403,0.05075528926511074,0.039914285390996625,1.0,0.875,0.9333333333333333,8,1.0,0.8522727272727273,1.0,1.0,0.4,0.6,0.0,0.85,0.9,1.1,0.7777777777777778
simgp_core,uncertainty,5,403,0.04245012389794323,0.02988849644527562,1.0,0.875,0.9333333333333333,8,1.0,0.896551724137931,1.0,1.0,0.7,0.6,0.0,0.85,1.0,1.1,0.7777777777777778
simgp_core,uncertainty,6,403,0.03879796073081991,0.02687010488220879,1.0,0.875,0.9333333333333333,8,1.0,0.8837209302325582,0.9883720930232558,1.0,0.4,0.6,0.0,0.85,1.0,1.05,0.7777777777777778
simgp_core,uncertainty,7,403,0.03436235040410811,0.02281926970160896,1.0,0.8571428571428571,0.923076923076923,7,1.0,0.9176470588235294,1.0,1.0,0.4,0.6,0.0,0.85,1.0,1.0,0.7777777777777778
simgp_core,uncertainty,8,403,0.041584363101036484,0.030295115640568245,1.0,0.8333333333333334,0.9090909090909091,6,1.0,0.7976190476190477,1.0,1.0,0.4,0.6,0.0,1.0,1.1,0.95,0.7777777777777778
simgp_core,uncertainty,9,403,0.038824081663993294,0.027706503447510127,1.0,0.8,0.888888888888889,5,1.0,0.7710843373493976,1.0,1.0,0.4,0.6,0.0,1.0,1.1,0.95,0.7777777777777778
simgp_core,uncertainty,10,403,0.0390563828016451,0.02787534293586498,1.0,0.8,0.888888888888889,5,1.0,0.7682926829268293,1.0,1.0,0.4,0.6,0.0,1.0,1.1,0.95,0.7777777777777778
simgp_core,uncertainty,11,403,0.03940926741176239,0.02853540646395458,1.0,0.75,0.8571428571428571,4,1.0,0.7901234567901234,0.9753086419753086,1.0,0.4,0.6,0.0,1.0,1.1,0.95,0.7777777777777778
simgp_core,uncertainty,12,403,0.03650896175392166,0.025353889043852017,1.0,0.6666666666666666,0.8,3,1.0,0.7875,0.975,1.0,0.4,0.6,0.5,1.0,1.1,0.9,0.7777777777777778
simgp_core,uncertainty,13,403,0.04371464175081916,0.032193911142050856,0.3333333333333333,0.5,0.4,2,1.0,0.8987341772151899,0.9620253164556962,1.0,0.4,0.6,0.5,1.0,1.1,0.9,0.7777777777777778
simgp_core,uncertainty,14,403,0.037476108651684575,0.023945777788930773,1.0,1.0,1.0,1,1.0,0.9230769230769231,0.9871794871794872,1.0,0.4,0.6,0.5,1.0,1.1,0.9,0.8888888888888888
simgp_core,uncertainty,15,403,0.037119291457883265,0.02382508404721592,1.0,1.0,1.0,1,1.0,0.935064935064935,1.0,1.0,0.4,0.6,0.5,1.0,1.1,0.9,0.8888888888888888
simgp_core,straddle,3,403,0.0714984416337851,0.04375529765585418,0.7777777777777778,0.875,0.823529411764706,8,1.0,0.8876404494382022,1.0,1.0,0.4,0.6,1.0,1.0,1.1,0.95,0.7777777777777778
simgp_core,straddle,4,403,0.05323975427796886,0.03662434285837268,1.0,0.875,0.9333333333333333,8,1.0,0.8863636363636364,1.0,1.0,0.4,0.6,0.5,0.85,1.0,1.0,0.7777777777777778
simgp_core,straddle,5,403,0.036004781676448994,0.026223462024055528,1.0,0.875,0.9333333333333333,8,1.0,0.8505747126436781,1.0,1.0,0.4,0.6,1.0,0.85,1.0,1.0,0.7777777777777778
simgp_core,straddle,6,403,0.03613881628957226,0.026034254862828416,1.0,0.8571428571428571,0.923076923076923,7,1.0,0.8488372093023255,1.0,1.0,0.4,0.6,1.0,0.85,1.0,1.0,0.7777777777777778
simgp_core,straddle,7,403,0.03263628621285822,0.021285956417612557,1.0,0.8333333333333334,0.9090909090909091,6,1.0,0.8352941176470589,1.0,1.0,0.4,0.6,1.0,0.85,1.0,1.0,0.7777777777777778
simgp_core,straddle,8,403,0.03570141536968566,0.02457069608378893,1.0,0.8333333333333334,0.9090909090909091,6,1.0,0.7976190476190477,0.9761904761904762,1.0,0.4,0.6,0.5,0.85,1.1,1.1,0.7777777777777778
simgp_core,straddle,9,403,0.03390649086399126,0.022182397147838546,1.0,0.8,0.888888888888889,5,1.0,0.8072289156626506,0.9759036144578314,1.0,0.4,0.6,0.5,0.85,1.0,1.05,0.7777777777777778
simgp_core,straddle,10,403,0.034214612450115686,0.02258694188259313,1.0,0.8,0.888888888888889,5,1.0,0.7926829268292683,0.975609756097561,1.0,0.4,0.6,0.5,0.85,1.0,1.05,0.7777777777777778
simgp_core,straddle,11,403,0.03423835749856948,0.02246592895437489,1.0,0.8,0.888888888888889,5,1.0,0.7901234567901234,0.9629629629629629,1.0,0.4,0.6,1.0,0.85,1.0,1.05,0.7777777777777778
simgp_core,straddle,12,403,0.038512383633029224,0.027981857807760257,1.0,0.75,0.8571428571428571,4,0.9875,0.825,0.9375,1.0,0.4,0.6,0.0,1.0,1.1,0.9,0.7777777777777778
simgp_core,straddle,13,403,0.03364881070905284,0.021451640844606833,1.0,0.75,0.8571428571428571,4,1.0,0.810126582278481,0.9873417721518988,1.0,0.4,0.6,0.0,1.0,1.1,0.9,0.7777777777777778
simgp_core,straddle,14,403,0.03308058945548551,0.020519736017505164,1.0,0.75,0.8571428571428571,4,1.0,0.7948717948717948,0.9743589743589743,1.0,0.4,0.6,0.0,1.0,1.1,0.9,0.7777777777777778
simgp_core,straddle,15,403,0.031750929993195176,0.01916294831470545,1.0,1.0,1.0,3,1.0,0.948051948051948,1.0,1.0,0.4,0.6,0.5,0.85,1.1,1.05,0.8888888888888888
simgp_core,random,3,404,0.0779872130282262,0.05658573041796611,0.7777777777777778,0.8235294117647058,0.7999999999999999,17,1.0,0.7303370786516854,1.0,1.0,0.1,1.0,1.0,1.15,0.9,1.05,0.8333333333333334
simgp_core_nogp,random,3,404,0.07863191013694049,0.05700651076352612,0.8,0.9411764705882353,0.8648648648648648,17,1.0,0.6741573033707865,0.9550561797752809,1.0,,,,,,,
simgp_core_g75,random,3,404,0.09636994564720879,0.06303824656424174,0.6818181818181818,0.8823529411764706,0.7692307692307693,17,0.898876404494382,0.42696629213483145,0.8089887640449438,0.9101123595505618,,,,,,,
physgp_core,random,3,404,0.2314345632570368,0.16293395974613856,0.48484848484848486,0.9411764705882353,0.64,17,0.3258426966292135,0.20224719101123595,0.29213483146067415,0.33707865168539325,,,,,,,
physgp_rich,random,3,404,0.23143810262197265,0.16300449259105146,0.48484848484848486,0.9411764705882353,0.64,17,0.3258426966292135,0.20224719101123595,0.29213483146067415,0.33707865168539325,,,,,,,
simgp_rich,random,3,404,0.07824353252143573,0.05645131948882862,0.8,0.9411764705882353,0.8648648648648648,17,1.0,0.7191011235955056,1.0,1.0,,,,,,,
pinn_rich,random,3,404,0.20686814993378602,0.12437803711529705,0.8125,0.7647058823529411,0.787878787878788,17,0.33707865168539325,0.14606741573033707,0.2808988764044944,0.39325842696629215,,,,,,,
mean_of_samples,random,3,404,0.25973882231400364,0.1962136745420869,1.0,0.0,0.0,17,,,,,,,,,,,
nearest_sample,random,3,404,0.22455322765896457,0.15389162821551364,0.5185185185185185,0.8235294117647058,0.6363636363636364,17,,,,,,,,,,,
decay_only,random,3,404,0.23143808926507523,0.16300431714803457,0.48484848484848486,0.9411764705882353,0.64,17,,,,,,,,,,,
simgp_core,random,4,404,0.07462974527713118,0.051982552952908365,0.7777777777777778,0.8235294117647058,0.7999999999999999,17,1.0,0.8181818181818182,1.0,1.0,0.1,1.0,1.0,1.15,0.9,1.05,0.8333333333333334
simgp_core_nogp,random,4,404,0.07795258928118882,0.056268334003509175,0.8,0.9411764705882353,0.8648648648648648,17,1.0,0.6931818181818182,0.9659090909090909,1.0,,,,,,,
simgp_core_g75,random,4,404,0.08839147336367938,0.052234583222109526,0.6818181818181818,0.8823529411764706,0.7692307692307693,17,0.9090909090909091,0.5795454545454546,0.8409090909090909,0.9090909090909091,,,,,,,
physgp_core,random,4,404,0.2200839257245811,0.15339312513458278,0.5,1.0,0.6666666666666666,17,0.375,0.25,0.36363636363636365,0.38636363636363635,,,,,,,
physgp_rich,random,4,404,0.2218777532932694,0.1632529556252165,0.5,1.0,0.6666666666666666,17,0.4090909090909091,0.1590909090909091,0.375,0.4318181818181818,,,,,,,
simgp_rich,random,4,404,0.07452881408240083,0.05164286106230189,0.8,0.9411764705882353,0.8648648648648648,17,1.0,0.8295454545454546,1.0,1.0,,,,,,,
mean_of_samples,random,4,404,0.31533280846969197,0.2534271713615364,1.0,0.0,0.0,17,,,,,,,,,,,
nearest_sample,random,4,404,0.17368682066695884,0.12901946941536627,0.5185185185185185,0.8235294117647058,0.6363636363636364,17,,,,,,,,,,,
decay_only,random,4,404,0.22610947422991756,0.1739372944694901,0.5,1.0,0.6666666666666666,17,,,,,,,,,,,
simgp_core,random,5,404,0.0693060810892207,0.04635796688452886,0.8125,0.7647058823529411,0.787878787878788,17,1.0,0.8275862068965517,0.9885057471264368,1.0,0.1,1.0,1.0,1.15,0.9,1.05,0.7777777777777778
simgp_core_nogp,random,5,404,0.07729824489557095,0.056232570051758676,0.8421052631578947,0.9411764705882353,0.8888888888888888,17,0.9770114942528736,0.6666666666666666,0.9425287356321839,1.0,,,,,,,
simgp_core_g75,random,5,404,0.08753677656712748,0.0514980783719369,0.6666666666666666,0.8235294117647058,0.7368421052631577,17,0.8735632183908046,0.4942528735632184,0.7701149425287356,0.8850574712643678,,,,,,,
physgp_core,random,5,404,0.21858725916413377,0.15464316881182713,0.48484848484848486,0.9411764705882353,0.64,17,0.3333333333333333,0.1724137931034483,0.27586206896551724,0.3333333333333333,,,,,,,
physgp_rich,random,5,404,0.22465164504717727,0.16220819278826493,0.45454545454545453,0.8823529411764706,0.6,17,0.26436781609195403,0.12643678160919541,0.1839080459770115,0.28735632183908044,,,,,,,
simgp_rich,random,5,404,0.07477789227617469,0.05226431009782095,0.7777777777777778,0.8235294117647058,0.7999999999999999,17,1.0,0.7126436781609196,0.9885057471264368,1.0,,,,,,,
pinn_rich,random,5,404,0.1301964294930787,0.09047356036985707,0.9166666666666666,0.6470588235294118,0.7586206896551724,17,0.367816091954023,0.1839080459770115,0.3448275862068966,0.4367816091954023,,,,,,,
mean_of_samples,random,5,404,0.27638730692348046,0.21224944021961392,1.0,0.0,0.0,17,,,,,,,,,,,
nearest_sample,random,5,404,0.1671219398063037,0.12529844717545527,0.875,0.8235294117647058,0.8484848484848485,17,,,,,,,,,,,
decay_only,random,5,404,0.2256439011055501,0.17542978158353237,0.5,1.0,0.6666666666666666,17,,,,,,,,,,,
simgp_core,random,6,404,0.048775806055836896,0.034071651471142585,0.9285714285714286,0.7647058823529411,0.8387096774193549,17,1.0,0.9302325581395349,0.9883720930232558,1.0,0.1,1.0,1.0,1.0,1.1,1.0,0.7777777777777778
simgp_core_nogp,random,6,404,0.05907093145893362,0.0439184037252017,0.9333333333333333,0.8235294117647058,0.8749999999999999,17,0.9767441860465116,0.813953488372093,0.9418604651162791,1.0,,,,,,,
simgp_core_g75,random,6,404,0.07304452962934106,0.041341186592378495,0.8666666666666667,0.7647058823529411,0.8125,17,0.9069767441860465,0.6162790697674418,0.872093023255814,0.9069767441860465,,,,,,,
physgp_core,random,6,404,0.1121919927548929,0.08286258246057925,0.9333333333333333,0.8235294117647058,0.8749999999999999,17,0.5930232558139535,0.26744186046511625,0.47674418604651164,0.6744186046511628,,,,,,,
physgp_rich,random,6,404,0.13504754900351923,0.08690744835478052,0.9285714285714286,0.7647058823529411,0.8387096774193549,17,0.8488372093023255,0.46511627906976744,0.7093023255813954,0.8953488372093024,,,,,,,
simgp_rich,random,6,404,0.048423287934080135,0.03333508787199562,0.9285714285714286,0.7647058823529411,0.8387096774193549,17,1.0,0.9418604651162791,0.9883720930232558,1.0,,,,,,,
mean_of_samples,random,6,404,0.27196846525049256,0.20811064700017354,1.0,0.0,0.0,17,,,,,,,,,,,
nearest_sample,random,6,404,0.16637206114506942,0.12540779932951734,0.875,0.8235294117647058,0.8484848484848485,17,,,,,,,,,,,
decay_only,random,6,404,0.24592063073572473,0.1889709666298436,1.0,0.0,0.0,17,,,,,,,,,,,
simgp_core,random,7,404,0.0452123757904365,0.02720287888576134,0.9285714285714286,0.7647058823529411,0.8387096774193549,17,1.0,0.9529411764705882,1.0,1.0,0.1,1.0,1.0,1.0,1.1,1.0,0.7777777777777778
simgp_core_nogp,random,7,404,0.0588793695047436,0.04348978959297756,0.9333333333333333,0.8235294117647058,0.8749999999999999,17,0.9764705882352941,0.8,0.9058823529411765,1.0,,,,,,,
simgp_core_g75,random,7,404,0.07002556753540422,0.036474831468931504,0.8666666666666667,0.7647058823529411,0.8125,17,0.9294117647058824,0.7058823529411765,0.8705882352941177,0.9411764705882353,,,,,,,
physgp_core,random,7,404,0.10924205577962225,0.08166518305442473,0.9333333333333333,0.8235294117647058,0.8749999999999999,17,0.38823529411764707,0.16470588235294117,0.3176470588235294,0.4823529411764706,,,,,,,
physgp_rich,random,7,404,0.11247660078612044,0.08451272545508326,0.9,0.5294117647058824,0.6666666666666667,17,0.7647058823529411,0.4,0.6823529411764706,0.8352941176470589,,,,,,,
simgp_rich,random,7,404,0.04742263400486503,0.031982873982581456,0.9230769230769231,0.7058823529411765,0.8000000000000002,17,1.0,0.9411764705882353,1.0,1.0,,,,,,,
mean_of_samples,random,7,404,0.27073443806889813,0.2073435893461604,1.0,0.0,0.0,17,,,,,,,,,,,
nearest_sample,random,7,404,0.14863403450817994,0.10525611617143314,0.875,0.8235294117647058,0.8484848484848485,17,,,,,,,,,,,
decay_only,random,7,404,0.24721832810188038,0.1899881211238801,1.0,0.0,0.0,17,,,,,,,,,,,
simgp_core,random,8,404,0.057471892917653714,0.039712567588213545,0.9285714285714286,0.7647058823529411,0.8387096774193549,17,0.9880952380952381,0.7619047619047619,0.9761904761904762,1.0,0.1,1.0,1.0,1.0,1.1,1.0,0.7777777777777778
simgp_core_nogp,random,8,404,0.0599255996254866,0.04446262697519055,0.9285714285714286,0.7647058823529411,0.8387096774193549,17,0.9523809523809523,0.7380952380952381,0.8809523809523809,0.9761904761904762,,,,,,,
simgp_core_g75,random,8,404,0.070836735480859,0.03789479067810093,0.8571428571428571,0.7058823529411765,0.7741935483870968,17,0.9285714285714286,0.5714285714285714,0.8690476190476191,0.9404761904761905,,,,,,,
physgp_core,random,8,404,0.1125455944629045,0.08306110588579847,0.9333333333333333,0.8235294117647058,0.8749999999999999,17,0.42857142857142855,0.2261904761904762,0.35714285714285715,0.5,,,,,,,
physgp_rich,random,8,404,0.11169597133460242,0.08162872718817117,0.9166666666666666,0.6470588235294118,0.7586206896551724,17,0.7976190476190477,0.4642857142857143,0.7142857142857143,0.8690476190476191,,,,,,,
simgp_rich,random,8,404,0.05751936186082199,0.040223620276055805,0.9333333333333333,0.8235294117647058,0.8749999999999999,17,0.9642857142857143,0.7738095238095238,0.9166666666666666,0.9761904761904762,,,,,,,
pinn_rich,random,8,404,0.129337544493326,0.0914176654993071,0.9230769230769231,0.7058823529411765,0.8000000000000002,17,0.36904761904761907,0.13095238095238096,0.27380952380952384,0.4166666666666667,,,,,,,
mean_of_samples,random,8,404,0.2607701632565291,0.19837281630310616,1.0,0.0,0.0,17,,,,,,,,,,,
nearest_sample,random,8,404,0.14699351703030397,0.10514818337828129,0.875,0.8235294117647058,0.8484848484848485,17,,,,,,,,,,,
decay_only,random,8,404,0.24884385140130147,0.1920789032108224,1.0,0.0,0.0,17,,,,,,,,,,,
simgp_core,random,9,404,0.052179419279194506,0.03374529892747744,0.9285714285714286,0.7647058823529411,0.8387096774193549,17,1.0,0.7951807228915663,0.9759036144578314,1.0,0.1,1.0,1.0,1.0,1.1,1.0,0.7777777777777778
simgp_core_nogp,random,9,404,0.0603331362472137,0.04355925723442547,0.9230769230769231,0.7058823529411765,0.8000000000000002,17,0.9518072289156626,0.7228915662650602,0.8795180722891566,0.9759036144578314,,,,,,,
simgp_core_g75,random,9,404,0.07295412554065517,0.035889437345052545,1.0,0.7058823529411765,0.8275862068965517,17,0.8795180722891566,0.5662650602409639,0.8554216867469879,0.891566265060241,,,,,,,
physgp_core,random,9,404,0.12490523059918356,0.0969875403283276,0.875,0.8235294117647058,0.8484848484848485,17,0.3493975903614458,0.1566265060240964,0.30120481927710846,0.40963855421686746,,,,,,,
physgp_rich,random,9,404,0.10996934176592012,0.078631715481999,0.9230769230769231,0.7058823529411765,0.8000000000000002,17,0.7590361445783133,0.4457831325301205,0.6626506024096386,0.8313253012048193,,,,,,,
simgp_rich,random,9,404,0.054616882234835455,0.03723768724602306,1.0,0.7647058823529411,0.8666666666666666,17,0.9759036144578314,0.7590361445783133,0.9397590361445783,1.0,,,,,,,
mean_of_samples,random,9,404,0.25940272375229395,0.19770381833622472,1.0,0.0,0.0,17,,,,,,,,,,,
nearest_sample,random,9,404,0.14569903317586666,0.102988688942394,0.875,0.8235294117647058,0.8484848484848485,17,,,,,,,,,,,
decay_only,random,9,404,0.2504223327254629,0.19439075364991634,1.0,0.0,0.0,17,,,,,,,,,,,
simgp_core,random,10,404,0.05648299571831213,0.03812781627546212,0.9166666666666666,0.6875,0.7857142857142857,16,0.975609756097561,0.7560975609756098,0.9634146341463414,1.0,0.1,1.0,1.0,1.0,1.1,1.0,0.7222222222222222
simgp_core_nogp,random,10,404,0.06234515657267062,0.04508189949350024,0.9166666666666666,0.6875,0.7857142857142857,16,0.9390243902439024,0.6707317073170732,0.8780487804878049,0.975609756097561,,,,,,,
simgp_core_g75,random,10,404,0.08015918149747006,0.04377694361870535,0.8571428571428571,0.75,0.7999999999999999,16,0.7804878048780488,0.4146341463414634,0.6341463414634146,0.8170731707317073,,,,,,,
physgp_core,random,10,404,0.1308824608360587,0.09308025467305842,0.9285714285714286,0.8125,0.8666666666666666,16,0.4268292682926829,0.15853658536585366,0.36585365853658536,0.5609756097560976,,,,,,,
physgp_rich,random,10,404,0.1298525145662914,0.08422207894765063,0.9285714285714286,0.8125,0.8666666666666666,16,0.8780487804878049,0.5365853658536586,0.8292682926829268,0.9390243902439024,,,,,,,
simgp_rich,random,10,404,0.05347721708202978,0.03705530427652717,1.0,0.75,0.8571428571428571,16,1.0,0.7317073170731707,0.9634146341463414,1.0,,,,,,,
pinn_rich,random,10,404,0.1291941698790946,0.09141029222765974,1.0,0.3125,0.47619047619047616,16,0.3170731707317073,0.12195121951219512,0.2682926829268293,0.36585365853658536,,,,,,,
mean_of_samples,random,10,404,0.24825274356235488,0.19078615226033258,1.0,0.0,0.0,16,,,,,,,,,,,
nearest_sample,random,10,404,0.1462243538947161,0.10332136997736004,0.8666666666666667,0.8125,0.8387096774193549,16,,,,,,,,,,,
decay_only,random,10,404,0.2413453452858511,0.1803364557540456,0.3333333333333333,0.125,0.18181818181818182,16,,,,,,,,,,,
simgp_core,random,11,404,0.056302599490903604,0.03773492392720043,0.9166666666666666,0.6875,0.7857142857142857,16,0.9753086419753086,0.7530864197530864,0.9629629629629629,1.0,0.1,1.0,1.0,1.0,1.1,1.0,0.7222222222222222
simgp_core_nogp,random,11,404,0.06256285344798118,0.04509931272432348,0.9166666666666666,0.6875,0.7857142857142857,16,0.9382716049382716,0.6666666666666666,0.8765432098765432,0.9753086419753086,,,,,,,
simgp_core_g75,random,11,404,0.06908090963769778,0.03236505348209359,0.8571428571428571,0.75,0.7999999999999999,16,0.7654320987654321,0.6666666666666666,0.7407407407407407,0.8395061728395061,,,,,,,
physgp_core,random,11,404,0.11158494943195726,0.07841592786202667,0.875,0.875,0.875,16,0.49382716049382713,0.2839506172839506,0.41975308641975306,0.5432098765432098,,,,,,,
physgp_rich,random,11,404,0.13622428311970877,0.09419644949271039,0.9285714285714286,0.8125,0.8666666666666666,16,0.8395061728395061,0.49382716049382713,0.7407407407407407,0.9135802469135802,,,,,,,
simgp_rich,random,11,404,0.05030619577504975,0.03431063094584528,1.0,0.75,0.8571428571428571,16,1.0,0.7530864197530864,0.9876543209876543,1.0,,,,,,,
mean_of_samples,random,11,404,0.24974969827899418,0.19269306063306435,1.0,0.0,0.0,16,,,,,,,,,,,
nearest_sample,random,11,404,0.14153915304295153,0.0987826834470602,0.8666666666666667,0.8125,0.8387096774193549,16,,,,,,,,,,,
decay_only,random,11,404,0.24044624068311485,0.17916624146231105,0.3333333333333333,0.125,0.18181818181818182,16,,,,,,,,,,,
simgp_core,random,12,404,0.06157703503556841,0.04123799385289564,0.9166666666666666,0.6875,0.7857142857142857,16,1.0,0.7875,0.95,1.0,0.1,1.0,1.0,0.85,1.0,1.1,0.7222222222222222
simgp_core_nogp,random,12,404,0.061907147657435026,0.04690541832759236,1.0,0.75,0.8571428571428571,16,0.9375,0.7,0.875,0.975,,,,,,,
simgp_core_g75,random,12,404,0.06910826831370763,0.03483993950453006,0.9166666666666666,0.6875,0.7857142857142857,16,0.7,0.5,0.6875,0.7625,,,,,,,
physgp_core,random,12,404,0.10586409060183538,0.07663687150196194,0.875,0.875,0.875,16,0.45,0.2375,0.3875,0.475,,,,,,,
physgp_rich,random,12,404,0.09881893401856473,0.06632924515036713,0.875,0.875,0.875,16,0.8875,0.5875,0.8375,0.925,,,,,,,
simgp_rich,random,12,404,0.05101173195852381,0.03430686767630735,0.9285714285714286,0.8125,0.8666666666666666,16,1.0,0.85,1.0,1.0,,,,,,,
pinn_rich,random,12,404,0.10746227288460082,0.07049958220029792,1.0,0.625,0.7692307692307693,16,0.525,0.2375,0.4375,0.6125,,,,,,,
mean_of_samples,random,12,404,0.2493266332115066,0.19274842949006804,1.0,0.0,0.0,16,,,,,,,,,,,
nearest_sample,random,12,404,0.1321851306894703,0.09143981022625153,0.8235294117647058,0.875,0.8484848484848485,16,,,,,,,,,,,
decay_only,random,12,404,0.24364208953014183,0.1811680750928943,0.3333333333333333,0.125,0.18181818181818182,16,,,,,,,,,,,
simgp_core,random,13,404,0.04504406271266483,0.025838553001593764,0.9166666666666666,0.6875,0.7857142857142857,16,1.0,0.9240506329113924,1.0,1.0,0.1,1.0,1.0,0.85,1.0,1.05,0.7222222222222222
simgp_core_nogp,random,13,404,0.05984945704090247,0.04460151352846134,1.0,0.8125,0.896551724137931,16,0.9620253164556962,0.7341772151898734,0.8860759493670886,0.9873417721518988,,,,,,,
simgp_core_g75,random,13,404,0.06988857450068103,0.0312535412204062,0.9230769230769231,0.75,0.8275862068965517,16,0.7468354430379747,0.6329113924050633,0.7341772151898734,0.7848101265822784,,,,,,,
physgp_core,random,13,404,0.10492449664997892,0.07278387779535077,0.875,0.875,0.875,16,0.4430379746835443,0.26582278481012656,0.3924050632911392,0.46835443037974683,,,,,,,
physgp_rich,random,13,404,0.09994546406903751,0.06743540359947779,0.875,0.875,0.875,16,0.8734177215189873,0.4936708860759494,0.810126582278481,0.8860759493670886,,,,,,,
simgp_rich,random,13,404,0.053411359943535575,0.03184363229593142,1.0,0.75,0.8571428571428571,16,1.0,0.8481012658227848,1.0,1.0,,,,,,,
mean_of_samples,random,13,404,0.24987565592067676,0.1923407171892091,1.0,0.0,0.0,16,,,,,,,,,,,
nearest_sample,random,13,404,0.13122029754005723,0.09257666525064565,0.8235294117647058,0.875,0.8484848484848485,16,,,,,,,,,,,
decay_only,random,13,404,0.23901026413661206,0.17622855194379952,0.3333333333333333,0.125,0.18181818181818182,16,,,,,,,,,,,
simgp_core,random,14,404,0.061064787298598565,0.04760255825800586,0.9333333333333333,0.9333333333333333,0.9333333333333333,15,0.9615384615384616,0.47435897435897434,0.8846153846153846,0.9871794871794872,0.25,1.0,1.0,0.85,1.0,1.1,0.9444444444444444
simgp_core_nogp,random,14,404,0.06151651172424724,0.04803008240593316,0.9333333333333333,0.9333333333333333,0.9333333333333333,15,0.9615384615384616,0.47435897435897434,0.8846153846153846,0.9743589743589743,,,,,,,
simgp_core_g75,random,14,404,0.0777260686264244,0.049508591005194696,0.875,0.9333333333333333,0.9032258064516129,15,0.8461538461538461,0.5897435897435898,0.782051282051282,0.8846153846153846,,,,,,,
physgp_core,random,14,404,0.11601633424476603,0.08644106387959254,0.6666666666666666,0.4,0.5,15,0.7948717948717948,0.44871794871794873,0.7692307692307693,0.8076923076923077,,,,,,,
physgp_rich,random,14,404,0.1954374942712289,0.1421566984312812,0.65,0.8666666666666667,0.7428571428571429,15,0.9615384615384616,0.6153846153846154,0.9230769230769231,0.9743589743589743,,,,,,,
simgp_rich,random,14,404,0.06151528330640921,0.048029341195057175,0.9333333333333333,0.9333333333333333,0.9333333333333333,15,0.9615384615384616,0.47435897435897434,0.8846153846153846,0.9871794871794872,,,,,,,
mean_of_samples,random,14,404,0.24917456901041352,0.1912424595339319,1.0,0.0,0.0,15,,,,,,,,,,,
nearest_sample,random,14,404,0.13288447374801252,0.09471533103408065,0.8125,0.8666666666666667,0.8387096774193549,15,,,,,,,,,,,
decay_only,random,14,404,0.24819766130696147,0.1862533919425896,0.4444444444444444,0.26666666666666666,0.33333333333333337,15,,,,,,,,,,,
simgp_core,random,15,404,0.06489120557507962,0.051722608257315374,0.9166666666666666,0.7857142857142857,0.8461538461538461,14,0.8961038961038961,0.5324675324675324,0.8701298701298701,0.987012987012987,0.25,1.0,1.0,0.85,1.0,1.1,0.8333333333333334
simgp_core_nogp,random,15,404,0.06511420199924767,0.05195736190545701,0.9166666666666666,0.7857142857142857,0.8461538461538461,14,0.8831168831168831,0.4155844155844156,0.8441558441558441,0.961038961038961,,,,,,,
simgp_core_g75,random,15,404,0.06964860275121015,0.04499068078354438,0.8181818181818182,0.6428571428571429,0.7200000000000001,14,0.8961038961038961,0.5844155844155844,0.8831168831168831,0.9090909090909091,,,,,,,
physgp_core,random,15,404,0.09720465673742694,0.07311111705207467,0.9090909090909091,0.7142857142857143,0.8,14,0.8961038961038961,0.4805194805194805,0.7792207792207793,0.935064935064935,,,,,,,
physgp_rich,random,15,404,0.21294001067420865,0.1578655363273374,0.5789473684210527,0.7857142857142857,0.6666666666666667,14,0.935064935064935,0.5194805194805194,0.8831168831168831,0.961038961038961,,,,,,,
simgp_rich,random,15,404,0.06330164763337316,0.045582238548197665,0.9090909090909091,0.7142857142857143,0.8,14,1.0,0.8441558441558441,0.987012987012987,1.0,,,,,,,
pinn_rich,random,15,404,0.11602659139263029,0.0770381102882496,1.0,0.5714285714285714,0.7272727272727273,14,0.44155844155844154,0.18181818181818182,0.2987012987012987,0.4935064935064935,,,,,,,
mean_of_samples,random,15,404,0.25129674699135296,0.19208127635484268,1.0,0.0,0.0,14,,,,,,,,,,,
nearest_sample,random,15,404,0.1335659654513346,0.09509199239745827,0.8,0.8571428571428571,0.8275862068965518,14,,,,,,,,,,,
decay_only,random,15,404,0.25785062622306804,0.194786327923488,0.4444444444444444,0.2857142857142857,0.34782608695652173,14,,,,,,,,,,,
simgp_core,uncertainty,3,404,0.08124539603639588,0.05813089534425236,0.8,0.9411764705882353,0.8648648648648648,17,1.0,0.5730337078651685,0.9887640449438202,1.0,0.1,1.0,0.5,1.0,1.1,0.9,0.9444444444444444
simgp_core,uncertainty,4,404,0.07602003134361433,0.058741352547732335,0.8421052631578947,0.9411764705882353,0.8888888888888888,17,1.0,0.5227272727272727,0.9886363636363636,1.0,0.1,1.0,0.5,1.0,1.1,0.9,0.9444444444444444
simgp_core,uncertainty,5,404,0.06912127767050975,0.051439772302116195,0.8888888888888888,0.9411764705882353,0.9142857142857143,17,1.0,0.5632183908045977,0.9655172413793104,1.0,0.1,1.0,0.5,1.0,1.1,0.9,0.9444444444444444
simgp_core,uncertainty,6,404,0.06562837692320192,0.05109019831517108,0.8888888888888888,1.0,0.9411764705882353,16,1.0,0.6046511627906976,0.9767441860465116,1.0,0.4,1.0,1.0,0.85,0.9,1.1,1.0
simgp_core,uncertainty,7,404,0.06390695786105213,0.04967006722520691,0.9375,1.0,0.967741935483871,15,1.0,0.9294117647058824,1.0,1.0,0.4,0.6,1.0,0.85,0.9,0.9,1.0
simgp_core,uncertainty,8,404,0.06504610700587185,0.04990822922669492,0.9333333333333333,1.0,0.9655172413793104,14,1.0,0.9523809523809523,1.0,1.0,0.4,0.6,1.0,0.85,0.9,0.9,1.0
simgp_core,uncertainty,9,404,0.06514439888793531,0.05009308672600896,0.9285714285714286,1.0,0.962962962962963,13,1.0,0.9156626506024096,1.0,1.0,0.4,0.6,1.0,0.85,0.9,0.9,0.9444444444444444
simgp_core,uncertainty,10,404,0.06427414540494246,0.05091286080687948,0.9230769230769231,1.0,0.9600000000000001,12,1.0,0.8780487804878049,1.0,1.0,0.4,0.6,1.0,0.85,0.9,0.9,0.9444444444444444
simgp_core,uncertainty,11,404,0.06755257021551886,0.05296263265688217,0.9230769230769231,1.0,0.9600000000000001,12,1.0,0.9012345679012346,1.0,1.0,0.4,0.6,1.0,0.85,0.9,0.9,0.9444444444444444
simgp_core,uncertainty,12,404,0.08490641854032842,0.06832201831339288,0.875,0.5833333333333334,0.7000000000000001,12,0.8,0.5625,0.7625,0.875,0.4,0.6,1.0,0.85,0.9,0.9,0.6666666666666666
simgp_core,uncertainty,13,404,0.0832654879989637,0.067169451230801,0.875,0.5833333333333334,0.7000000000000001,12,0.810126582278481,0.5443037974683544,0.7468354430379747,0.8734177215189873,0.4,0.6,1.0,0.85,0.9,0.9,0.6666666666666666
simgp_core,uncertainty,14,404,0.08075420837117972,0.06342658857521759,0.875,0.5833333333333334,0.7000000000000001,12,0.8076923076923077,0.5384615384615384,0.7564102564102564,0.8717948717948718,0.4,0.6,1.0,0.85,0.9,0.9,0.6666666666666666
simgp_core,uncertainty,15,404,0.09517470532695713,0.07176905985428303,0.8181818181818182,0.75,0.7826086956521738,12,0.7402597402597403,0.5064935064935064,0.6753246753246753,0.7922077922077922,0.4,0.6,1.0,0.85,0.9,0.9,0.7777777777777778
simgp_core,straddle,3,404,0.07742588292049485,0.05684775094557575,0.75,0.7058823529411765,0.7272727272727272,17,1.0,0.7865168539325843,1.0,1.0,0.1,1.0,1.0,1.15,0.9,1.05,0.7222222222222222
simgp_core,straddle,4,404,0.06945070051906761,0.04839914158207784,0.8571428571428571,0.7058823529411765,0.7741935483870968,17,1.0,0.875,1.0,1.0,0.7,0.6,1.0,0.85,0.9,0.9,0.7222222222222222
simgp_core,straddle,5,404,0.0624140899670358,0.04029099076337213,0.9230769230769231,0.7058823529411765,0.8000000000000002,17,1.0,0.8160919540229885,0.9885057471264368,1.0,0.1,1.0,1.0,1.0,1.1,0.95,0.7222222222222222
simgp_core,straddle,6,404,0.06420066757254844,0.04136713436653741,1.0,0.7058823529411765,0.8275862068965517,17,1.0,0.7558139534883721,0.9418604651162791,1.0,0.1,1.0,1.0,1.0,1.1,0.95,0.7222222222222222
simgp_core,straddle,7,404,0.06673990466425417,0.05090110214548487,0.9375,0.9375,0.9375,16,0.9882352941176471,0.4823529411764706,0.9294117647058824,1.0,0.1,1.0,1.0,1.0,1.1,0.95,0.9444444444444444
simgp_core,straddle,8,404,0.06079591906747508,0.04757520213793541,0.9375,1.0,0.967741935483871,15,0.9761904761904762,0.4642857142857143,0.9523809523809523,1.0,0.25,1.0,1.0,0.85,0.9,1.1,1.0
simgp_core,straddle,9,404,0.06150778811003038,0.048677491628590794,0.9375,1.0,0.967741935483871,15,0.9759036144578314,0.4578313253012048,0.9397590361445783,1.0,0.25,1.0,1.0,0.85,0.9,1.1,1.0
simgp_core,straddle,10,404,0.062518143421563,0.05024161635966705,0.9333333333333333,1.0,0.9655172413793104,14,0.975609756097561,0.4268292682926829,0.9146341463414634,1.0,0.25,1.0,1.0,0.85,0.9,1.1,1.0
simgp_core,straddle,11,404,0.06106361539136561,0.04847737935491518,1.0,1.0,1.0,14,0.9753086419753086,0.41975308641975306,0.8888888888888888,1.0,0.25,1.0,1.0,0.85,0.9,1.1,1.0
simgp_core,straddle,12,404,0.059852196631540136,0.047390273728355164,1.0,1.0,1.0,13,1.0,0.5625,0.975,1.0,0.25,1.0,1.0,0.85,0.9,1.1,1.0
simgp_core,straddle,13,404,0.06115480299052287,0.04896438457835101,1.0,1.0,1.0,13,1.0,0.5569620253164557,0.9620253164556962,1.0,0.25,1.0,1.0,0.85,0.9,1.1,1.0
simgp_core,straddle,14,404,0.05801401093887689,0.04600157384869324,1.0,1.0,1.0,13,1.0,0.5769230769230769,0.9871794871794872,1.0,0.25,1.0,1.0,0.85,0.9,1.1,1.0
simgp_core,straddle,15,404,0.05890447346889214,0.04694479820115649,1.0,1.0,1.0,12,1.0,0.5584415584415584,0.987012987012987,1.0,0.25,1.0,1.0,0.85,0.9,1.1,1.0
simgp_core,random,3,405,0.11989332244358486,0.09326851993554205,1.0,0.625,0.7692307692307693,8,0.9887640449438202,0.6292134831460674,0.8539325842696629,1.0,0.7,0.6,0.5,1.15,0.9,1.0,0.625
simgp_core_nogp,random,3,405,0.11615926536191762,0.09215771276259714,1.0,0.625,0.7692307692307693,8,0.9887640449438202,0.449438202247191,0.9550561797752809,1.0,,,,,,,
simgp_core_g75,random,3,405,0.16078512265860287,0.1335511069531111,0.75,0.375,0.5,8,0.8876404494382022,0.24719101123595505,0.5842696629213483,0.898876404494382,,,,,,,
physgp_core,random,3,405,0.2733047165806466,0.21622640773865415,0.14285714285714285,0.125,0.13333333333333333,8,0.2247191011235955,0.0898876404494382,0.20224719101123595,0.25842696629213485,,,,,,,
physgp_rich,random,3,405,0.27322573689410795,0.21668859113953504,0.14285714285714285,0.125,0.13333333333333333,8,0.10112359550561797,0.056179775280898875,0.07865168539325842,0.12359550561797752,,,,,,,
simgp_rich,random,3,405,0.11612799085594909,0.09211446226127558,1.0,0.625,0.7692307692307693,8,1.0,0.5280898876404494,0.9775280898876404,1.0,,,,,,,
pinn_rich,random,3,405,0.24534101016470508,0.1901347797832194,1.0,0.0,0.0,8,0.16853932584269662,0.056179775280898875,0.11235955056179775,0.20224719101123595,,,,,,,
mean_of_samples,random,3,405,0.297915057000109,0.24227446613438286,1.0,0.0,0.0,8,,,,,,,,,,,
nearest_sample,random,3,405,0.26523079788530796,0.2171790580965457,1.0,0.0,0.0,8,,,,,,,,,,,
decay_only,random,3,405,0.2732257357574568,0.2166878697678218,0.14285714285714285,0.125,0.13333333333333333,8,,,,,,,,,,,
simgp_core,random,4,405,0.1169643276424903,0.09095337128404962,1.0,0.625,0.7692307692307693,8,0.9545454545454546,0.6022727272727273,0.8068181818181818,1.0,0.7,0.6,0.5,1.15,0.9,0.95,0.625
simgp_core_nogp,random,4,405,0.11167684675330439,0.08665085883202664,1.0,0.625,0.7692307692307693,8,0.9886363636363636,0.42045454545454547,0.9431818181818182,1.0,,,,,,,
simgp_core_g75,random,4,405,0.1405289323317395,0.10487178959066007,0.8,0.5,0.6153846153846154,8,0.7045454545454546,0.29545454545454547,0.6590909090909091,0.75,,,,,,,
physgp_core,random,4,405,0.2794856176447655,0.22464171585267725,0.14285714285714285,0.125,0.13333333333333333,8,0.056818181818181816,0.011363636363636364,0.056818181818181816,0.07954545454545454,,,,,,,
physgp_rich,random,4,405,0.2776238640222804,0.2213922025118415,0.14285714285714285,0.125,0.13333333333333333,8,0.07954545454545454,0.022727272727272728,0.03409090909090909,0.07954545454545454,,,,,,,
simgp_rich,random,4,405,0.11168402833027133,0.08677574453319346,1.0,0.625,0.7692307692307693,8,1.0,0.5113636363636364,0.9772727272727273,1.0,,,,,,,
mean_of_samples,random,4,405,0.2962736395100233,0.24220592908890082,1.0,0.0,0.0,8,,,,,,,,,,,
nearest_sample,random,4,405,0.2642733727826269,0.21635378491328625,1.0,0.0,0.0,8,,,,,,,,,,,
decay_only,random,4,405,0.27761831989947516,0.22137428698701866,0.14285714285714285,0.125,0.13333333333333333,8,,,,,,,,,,,
simgp_core,random,5,405,0.11272843019972512,0.08727980520477285,1.0,0.625,0.7692307692307693,8,0.9885057471264368,0.39080459770114945,0.9425287356321839,1.0,0.7,0.6,0.0,1.15,0.9,1.0,0.625
simgp_core_nogp,random,5,405,0.11281343169512179,0.08734073842474849,1.0,0.625,0.7692307692307693,8,0.9885057471264368,0.367816091954023,0.9080459770114943,1.0,,,,,,,
simgp_core_g75,random,5,405,0.13408090041657766,0.10327849580112007,0.8,0.5,0.6153846153846154,8,0.8275862068965517,0.19540229885057472,0.6781609195402298,0.8620689655172413,,,,,,,
physgp_core,random,5,405,0.26977096403590506,0.21246599572288813,0.14285714285714285,0.125,0.13333333333333333,8,0.13793103448275862,0.04597701149425287,0.08045977011494253,0.13793103448275862,,,,,,,
physgp_rich,random,5,405,0.2644230281148195,0.20643878946320954,0.14285714285714285,0.125,0.13333333333333333,8,0.3448275862068966,0.16091954022988506,0.2988505747126437,0.367816091954023,,,,,,,
simgp_rich,random,5,405,0.10990496612618826,0.08197392946751025,1.0,0.625,0.7692307692307693,8,0.9885057471264368,0.6206896551724138,0.9770114942528736,1.0,,,,,,,
pinn_rich,random,5,405,0.20464480135924948,0.15695311853506422,1.0,0.0,0.0,8,0.2413793103448276,0.11494252873563218,0.1839080459770115,0.25287356321839083,,,,,,,
mean_of_samples,random,5,405,0.2808478258476477,0.22757914796845483,1.0,0.0,0.0,8,,,,,,,,,,,
nearest_sample,random,5,405,0.2509789914509161,0.1953722970370121,1.0,0.0,0.0,8,,,,,,,,,,,
decay_only,random,5,405,0.2698336306377164,0.21255846469417908,0.14285714285714285,0.125,0.13333333333333333,8,,,,,,,,,,,
simgp_core,random,6,405,0.08405860477993696,0.0702834503089269,1.0,0.625,0.7692307692307693,8,0.9883720930232558,0.5232558139534884,0.9418604651162791,1.0,0.1,0.6,1.0,0.85,1.1,1.1,0.625
simgp_core_nogp,random,6,405,0.09951761010308699,0.08596673300164501,1.0,0.625,0.7692307692307693,8,0.8837209302325582,0.27906976744186046,0.7441860465116279,0.9651162790697675,,,,,,,
simgp_core_g75,random,6,405,0.14590294813370683,0.11304884937606963,1.0,0.25,0.4,8,0.9186046511627907,0.5,0.872093023255814,0.9302325581395349,,,,,,,
physgp_core,random,6,405,0.23376018870998655,0.17187572346092994,1.0,0.0,0.0,8,0.6395348837209303,0.26744186046511625,0.46511627906976744,0.7325581395348837,,,,,,,
physgp_rich,random,6,405,0.2714071647349221,0.2060675609845205,1.0,0.0,0.0,8,0.5232558139534884,0.11627906976744186,0.37209302325581395,0.5813953488372093,,,,,,,
simgp_rich,random,6,405,0.11708128181801505,0.09254689231033293,1.0,0.75,0.8571428571428571,8,0.872093023255814,0.4883720930232558,0.8255813953488372,0.9186046511627907,,,,,,,
mean_of_samples,random,6,405,0.2753128897614114,0.21814807722685994,1.0,0.0,0.0,8,,,,,,,,,,,
nearest_sample,random,6,405,0.2214831227249552,0.17525111368032048,1.0,0.0,0.0,8,,,,,,,,,,,
decay_only,random,6,405,0.28375841363586174,0.2280653209962139,1.0,0.0,0.0,8,,,,,,,,,,,
simgp_core,random,7,405,0.07685249744460042,0.06325409962939055,1.0,0.625,0.7692307692307693,8,0.9882352941176471,0.5764705882352941,0.8941176470588236,1.0,0.1,0.6,1.0,0.85,1.1,1.1,0.625
simgp_core_nogp,random,7,405,0.10209109247423352,0.08775867848707473,1.0,0.625,0.7692307692307693,8,0.8117647058823529,0.29411764705882354,0.7176470588235294,0.9411764705882353,,,,,,,
simgp_core_g75,random,7,405,0.11656886289059794,0.09893588651490767,1.0,0.375,0.5454545454545454,8,0.9411764705882353,0.6823529411764706,0.9058823529411765,0.9647058823529412,,,,,,,
physgp_core,random,7,405,0.23505434536343797,0.16931474566261112,1.0,0.0,0.0,8,0.7058823529411765,0.4470588235294118,0.6470588235294118,0.7647058823529411,,,,,,,
physgp_rich,random,7,405,0.20720599728002367,0.14282570938285685,1.0,0.0,0.0,8,0.788235294117647,0.4588235294117647,0.7294117647058823,0.8588235294117647,,,,,,,
simgp_rich,random,7,405,0.11858678101551862,0.09384629162899613,1.0,0.625,0.7692307692307693,8,0.8705882352941177,0.4588235294117647,0.788235294117647,0.9058823529411765,,,,,,,
mean_of_samples,random,7,405,0.27954223231749936,0.21886467970841106,1.0,0.0,0.0,8,,,,,,,,,,,
nearest_sample,random,7,405,0.222467510501215,0.17524918156337066,1.0,0.0,0.0,8,,,,,,,,,,,
decay_only,random,7,405,0.27687069560484473,0.2192643881577311,1.0,0.0,0.0,8,,,,,,,,,,,
simgp_core,random,8,405,0.06625653251099035,0.05275983862238311,1.0,0.75,0.8571428571428571,8,0.9880952380952381,0.7738095238095238,0.9166666666666666,1.0,0.1,0.6,1.0,0.85,1.1,1.1,0.75
simgp_core_nogp,random,8,405,0.0946008091463914,0.08116681521319334,1.0,0.625,0.7692307692307693,8,0.8095238095238095,0.27380952380952384,0.7023809523809523,0.9047619047619048,,,,,,,
simgp_core_g75,random,8,405,0.08768252898970653,0.05674149165327138,1.0,0.75,0.8571428571428571,8,0.9166666666666666,0.6904761904761905,0.8809523809523809,0.9523809523809523,,,,,,,
physgp_core,random,8,405,0.2084562573576621,0.14248263853130555,1.0,0.0,0.0,8,0.7142857142857143,0.27380952380952384,0.5952380952380952,0.7619047619047619,,,,,,,
physgp_rich,random,8,405,0.2114228538356409,0.14483404588433152,1.0,0.0,0.0,8,0.7619047619047619,0.38095238095238093,0.7023809523809523,0.8333333333333334,,,,,,,
simgp_rich,random,8,405,0.10011037639176565,0.07942515968179524,1.0,0.625,0.7692307692307693,8,0.8690476190476191,0.4880952380952381,0.8214285714285714,0.9166666666666666,,,,,,,
pinn_rich,random,8,405,0.19736884620180994,0.1512323733161077,1.0,0.0,0.0,8,0.34523809523809523,0.15476190476190477,0.2619047619047619,0.36904761904761907,,,,,,,
mean_of_samples,random,8,405,0.2778541567830914,0.21830810402475653,1.0,0.0,0.0,8,,,,,,,,,,,
nearest_sample,random,8,405,0.21687654796887423,0.16989592908583348,1.0,0.0,0.0,8,,,,,,,,,,,
decay_only,random,8,405,0.28043548603648905,0.22364928632005637,1.0,0.0,0.0,8,,,,,,,,,,,
simgp_core,random,9,405,0.06665858453671657,0.052786126136890626,1.0,0.75,0.8571428571428571,8,0.9879518072289156,0.7349397590361446,0.9036144578313253,1.0,0.1,0.6,1.0,0.85,1.1,1.1,0.75
simgp_core_nogp,random,9,405,0.09465824374435668,0.0808745605445999,1.0,0.625,0.7692307692307693,8,0.8072289156626506,0.27710843373493976,0.6987951807228916,0.9036144578313253,,,,,,,
simgp_core_g75,random,9,405,0.0907626018763128,0.05969016931890287,0.8571428571428571,0.75,0.7999999999999999,8,0.891566265060241,0.6385542168674698,0.8433734939759037,0.927710843373494,,,,,,,
physgp_core,random,9,405,0.15039963381387542,0.11288279397858032,1.0,0.0,0.0,8,0.7108433734939759,0.37349397590361444,0.6265060240963856,0.7710843373493976,,,,,,,
physgp_rich,random,9,405,0.19182402067964366,0.14773829134010832,1.0,0.0,0.0,8,0.5421686746987951,0.2891566265060241,0.43373493975903615,0.6144578313253012,,,,,,,
simgp_rich,random,9,405,0.10040735523840816,0.07710322276035649,1.0,0.75,0.8571428571428571,8,0.8554216867469879,0.5421686746987951,0.8072289156626506,0.9156626506024096,,,,,,,
mean_of_samples,random,9,405,0.2920400269339757,0.22987946374662796,1.0,0.0,0.0,8,,,,,,,,,,,
nearest_sample,random,9,405,0.20545004845270945,0.15909956941879727,1.0,0.0,0.0,8,,,,,,,,,,,
decay_only,random,9,405,0.26843711003264226,0.21257427250393363,1.0,0.0,0.0,8,,,,,,,,,,,
simgp_core,random,10,405,0.08361073134215813,0.0689910593113836,1.0,0.625,0.7692307692307693,8,0.975609756097561,0.45121951219512196,0.8536585365853658,1.0,0.4,0.6,1.0,0.85,0.9,1.1,0.625
simgp_core_nogp,random,10,405,0.09414089559569398,0.08074866830024467,1.0,0.625,0.7692307692307693,8,0.8048780487804879,0.2682926829268293,0.6951219512195121,0.9024390243902439,,,,,,,
simgp_core_g75,random,10,405,0.091777280097497,0.05917946623020658,0.75,0.75,0.75,8,0.8048780487804879,0.45121951219512196,0.7804878048780488,0.8780487804878049,,,,,,,
physgp_core,random,10,405,0.24111788370512804,0.19542342367862367,1.0,0.0,0.0,8,0.6585365853658537,0.3048780487804878,0.573170731707317,0.7073170731707317,,,,,,,
physgp_rich,random,10,405,0.15215472702958788,0.1174701495773607,1.0,0.0,0.0,8,0.7926829268292683,0.45121951219512196,0.7317073170731707,0.8658536585365854,,,,,,,
simgp_rich,random,10,405,0.09994470946119619,0.07740560761979677,1.0,0.875,0.9333333333333333,8,0.8292682926829268,0.4878048780487805,0.7560975609756098,0.8658536585365854,,,,,,,
pinn_rich,random,10,405,0.1451332728560076,0.12123209120151683,1.0,0.0,0.0,8,0.23170731707317074,0.10975609756097561,0.18292682926829268,0.2926829268292683,,,,,,,
mean_of_samples,random,10,405,0.28464040224435716,0.22345051724746348,1.0,0.0,0.0,8,,,,,,,,,,,
nearest_sample,random,10,405,0.20278896798266186,0.15662101562669206,1.0,0.0,0.0,8,,,,,,,,,,,
decay_only,random,10,405,0.26546472361700135,0.21034386215956377,1.0,0.0,0.0,8,,,,,,,,,,,
simgp_core,random,11,405,0.08514960379787012,0.07032115376442821,1.0,0.625,0.7692307692307693,8,0.9753086419753086,0.43209876543209874,0.8148148148148148,1.0,0.4,0.6,1.0,0.85,0.9,1.1,0.625
simgp_core_nogp,random,11,405,0.09296442208633118,0.07937151221058934,1.0,0.625,0.7692307692307693,8,0.7901234567901234,0.24691358024691357,0.6666666666666666,0.9012345679012346,,,,,,,
simgp_core_g75,random,11,405,0.05484381742180234,0.04065359389589768,0.875,0.875,0.875,8,0.8888888888888888,0.6790123456790124,0.8641975308641975,0.9382716049382716,,,,,,,
physgp_core,random,11,405,0.2537669700733747,0.20906348498348198,1.0,0.0,0.0,8,0.6172839506172839,0.2839506172839506,0.48148148148148145,0.691358024691358,,,,,,,
physgp_rich,random,11,405,0.16008519400983268,0.13288893313095188,1.0,0.0,0.0,8,0.6666666666666666,0.2962962962962963,0.5679012345679012,0.7777777777777778,,,,,,,
simgp_rich,random,11,405,0.11040231064025956,0.08421251523375345,1.0,0.875,0.9333333333333333,8,0.7407407407407407,0.5061728395061729,0.7037037037037037,0.8641975308641975,,,,,,,
mean_of_samples,random,11,405,0.2848556683515163,0.2246579063850125,1.0,0.0,0.0,8,,,,,,,,,,,
nearest_sample,random,11,405,0.18312655974280492,0.14526837070596318,1.0,0.0,0.0,8,,,,,,,,,,,
decay_only,random,11,405,0.2694913447422228,0.21363497574359808,1.0,0.0,0.0,8,,,,,,,,,,,
simgp_core,random,12,405,0.06907543414371635,0.05581697324423296,1.0,0.75,0.8571428571428571,8,0.9875,0.6125,0.8875,1.0,0.4,0.6,1.0,0.85,0.9,1.1,0.75
simgp_core_nogp,random,12,405,0.08639919825996448,0.07390403995518466,1.0,0.75,0.8571428571428571,8,0.7875,0.2625,0.725,0.975,,,,,,,
simgp_core_g75,random,12,405,0.06033625915978863,0.04632202742279487,0.875,0.875,0.875,8,0.825,0.4375,0.7625,0.875,,,,,,,
physgp_core,random,12,405,0.25537309572990324,0.21233321092086035,1.0,0.0,0.0,8,0.5875,0.2625,0.45,0.675,,,,,,,
physgp_rich,random,12,405,0.19170579364456428,0.1451351457014404,1.0,0.0,0.0,8,0.5375,0.2125,0.4125,0.5875,,,,,,,
simgp_rich,random,12,405,0.06566046441381156,0.05313875563136807,1.0,0.75,0.8571428571428571,8,0.9625,0.5375,0.9,1.0,,,,,,,
pinn_rich,random,12,405,0.1692830270739608,0.13271942239413445,1.0,0.0,0.0,8,0.3375,0.125,0.2625,0.375,,,,,,,
mean_of_samples,random,12,405,0.284922932978484,0.2255784282530448,1.0,0.0,0.0,8,,,,,,,,,,,
nearest_sample,random,12,405,0.19620926857459073,0.15302221050902456,1.0,0.0,0.0,8,,,,,,,,,,,
decay_only,random,12,405,0.27099527911749566,0.21599907843081656,1.0,0.0,0.0,8,,,,,,,,,,,
simgp_core,random,13,405,0.05636058868433044,0.0441243866205033,1.0,0.875,0.9333333333333333,8,0.9873417721518988,0.7088607594936709,0.9620253164556962,1.0,0.4,0.6,1.0,0.85,0.9,1.1,0.875
simgp_core_nogp,random,13,405,0.08719561292792162,0.07454109905488635,1.0,0.75,0.8571428571428571,8,0.7848101265822784,0.25316455696202533,0.7088607594936709,0.9240506329113924,,,,,,,
simgp_core_g75,random,13,405,0.05915819669891444,0.04549602201975383,1.0,0.625,0.7692307692307693,8,0.8354430379746836,0.46835443037974683,0.7848101265822784,0.8987341772151899,,,,,,,
physgp_core,random,13,405,0.23440424957089295,0.1889830584575904,1.0,0.0,0.0,8,0.569620253164557,0.31645569620253167,0.5063291139240507,0.6455696202531646,,,,,,,
physgp_rich,random,13,405,0.21632534866520736,0.17928608255919887,1.0,0.0,0.0,8,0.620253164556962,0.26582278481012656,0.4810126582278481,0.6329113924050633,,,,,,,
simgp_rich,random,13,405,0.07648479865745626,0.05787312772990894,1.0,0.75,0.8571428571428571,8,0.9493670886075949,0.5569620253164557,0.8987341772151899,0.9746835443037974,,,,,,,
mean_of_samples,random,13,405,0.28810181212387265,0.22864269490178155,1.0,0.0,0.0,8,,,,,,,,,,,
nearest_sample,random,13,405,0.20349020518227653,0.15946196899959159,1.0,0.0,0.0,8,,,,,,,,,,,
decay_only,random,13,405,0.27323227244332554,0.21781044958342194,1.0,0.0,0.0,8,,,,,,,,,,,
simgp_core,random,14,405,0.054196831902789094,0.04022737814407421,1.0,0.875,0.9333333333333333,8,0.9615384615384616,0.717948717948718,0.9487179487179487,1.0,0.25,0.6,1.0,1.0,1.1,0.95,0.875
simgp_core_nogp,random,14,405,0.08312303425364463,0.07050104992296011,1.0,0.875,0.9333333333333333,8,0.8205128205128205,0.28205128205128205,0.7307692307692307,0.9615384615384616,,,,,,,
simgp_core_g75,random,14,405,0.05817382570674847,0.044721424344318604,1.0,0.625,0.7692307692307693,8,0.7307692307692307,0.2948717948717949,0.5897435897435898,0.7692307692307693,,,,,,,
physgp_core,random,14,405,0.19139748630049916,0.14182544938373584,1.0,0.0,0.0,8,0.2948717948717949,0.14102564102564102,0.21794871794871795,0.41025641025641024,,,,,,,
physgp_rich,random,14,405,0.20327624423708404,0.15711994353801914,1.0,0.0,0.0,8,0.5512820512820513,0.3076923076923077,0.47435897435897434,0.6538461538461539,,,,,,,
simgp_rich,random,14,405,0.08744665874528275,0.07206872225419957,1.0,0.875,0.9333333333333333,8,0.9487179487179487,0.44871794871794873,0.8333333333333334,0.9743589743589743,,,,,,,
mean_of_samples,random,14,405,0.28653317768081255,0.22768911012791393,1.0,0.0,0.0,8,,,,,,,,,,,
nearest_sample,random,14,405,0.2011599926444218,0.15594110810882494,1.0,0.0,0.0,8,,,,,,,,,,,
decay_only,random,14,405,0.2739953510348215,0.21908835115000314,1.0,0.0,0.0,8,,,,,,,,,,,
simgp_core,random,15,405,0.0536840888923631,0.040571243616440836,1.0,0.875,0.9333333333333333,8,0.987012987012987,0.6883116883116883,0.935064935064935,1.0,0.25,0.6,1.0,1.0,1.1,0.95,0.875
simgp_core_nogp,random,15,405,0.08075092711394771,0.06747473119854823,1.0,0.875,0.9333333333333333,8,0.8181818181818182,0.2987012987012987,0.6753246753246753,0.974025974025974,,,,,,,
simgp_core_g75,random,15,405,0.06083111305782743,0.047872369364024996,1.0,0.625,0.7692307692307693,8,0.7662337662337663,0.24675324675324675,0.5974025974025974,0.8311688311688312,,,,,,,
physgp_core,random,15,405,0.2007101528655337,0.1510884587386803,1.0,0.0,0.0,8,0.5194805194805194,0.16883116883116883,0.37662337662337664,0.5454545454545454,,,,,,,
physgp_rich,random,15,405,0.1964649829360319,0.152367922424438,1.0,0.0,0.0,8,0.42857142857142855,0.2597402597402597,0.36363636363636365,0.5324675324675324,,,,,,,
simgp_rich,random,15,405,0.06424336564583454,0.052159606037584544,1.0,0.75,0.8571428571428571,8,0.987012987012987,0.5584415584415584,0.8701298701298701,0.987012987012987,,,,,,,
pinn_rich,random,15,405,0.165712755021054,0.12820070607948028,1.0,0.0,0.0,8,0.3246753246753247,0.15584415584415584,0.2597402597402597,0.38961038961038963,,,,,,,
mean_of_samples,random,15,405,0.28469845469959126,0.2260859174684125,1.0,0.0,0.0,8,,,,,,,,,,,
nearest_sample,random,15,405,0.19628695828752338,0.1532557172625413,1.0,0.0,0.0,8,,,,,,,,,,,
decay_only,random,15,405,0.27502009928701554,0.22107892670199583,1.0,0.0,0.0,8,,,,,,,,,,,
simgp_core,uncertainty,3,405,0.10969483892216567,0.08459068574326518,1.0,0.625,0.7692307692307693,8,1.0,0.651685393258427,0.9438202247191011,1.0,0.55,0.6,0.0,1.15,0.9,0.95,0.625
simgp_core,uncertainty,4,405,0.09974683680579342,0.08554165623078386,1.0,0.625,0.7692307692307693,8,0.9772727272727273,0.4772727272727273,0.7954545454545454,1.0,0.1,0.6,1.0,0.85,1.0,1.05,0.625
simgp_core,uncertainty,5,405,0.09844059257528956,0.08634679127165946,1.0,0.5714285714285714,0.7272727272727273,7,0.9310344827586207,0.3218390804597701,0.8045977011494253,1.0,0.1,0.6,1.0,0.85,1.0,1.05,0.625
simgp_core,uncertainty,6,405,0.11110130583514187,0.09535466340563539,1.0,0.5714285714285714,0.7272727272727273,7,0.813953488372093,0.37209302325581395,0.627906976744186,0.9651162790697675,0.1,0.6,1.0,0.85,1.0,1.05,0.625
simgp_core,uncertainty,7,405,0.08757117985329294,0.06949896309283181,1.0,0.5,0.6666666666666666,6,0.9058823529411765,0.43529411764705883,0.788235294117647,0.9882352941176471,0.25,0.6,1.0,1.0,1.1,1.0,0.625
simgp_core,uncertainty,8,405,0.09664096297998517,0.07322373316689203,1.0,0.8,0.888888888888889,5,0.7738095238095238,0.5357142857142857,0.7380952380952381,0.8095238095238095,0.25,0.6,1.0,0.85,1.0,1.1,0.875
simgp_core,uncertainty,9,405,0.09814851425357674,0.07406794057104579,1.0,0.8,0.888888888888889,5,0.7710843373493976,0.5301204819277109,0.6987951807228916,0.7951807228915663,0.25,0.6,1.0,0.85,1.0,1.1,0.875
simgp_core,uncertainty,10,405,0.09710837558014303,0.08182546850755223,1.0,0.75,0.8571428571428571,4,0.8902439024390244,0.3170731707317073,0.8048780487804879,0.926829268292683,0.25,0.6,1.0,0.85,1.1,1.1,0.875
simgp_core,uncertainty,11,405,0.12499081830259448,0.0887910389732874,0.2857142857142857,0.6666666666666666,0.4,3,0.8518518518518519,0.6790123456790124,0.8271604938271605,0.9753086419753086,0.25,0.6,1.0,0.85,1.1,1.05,0.875
simgp_core,uncertainty,12,405,0.12494190141437407,0.08733658700714746,0.2857142857142857,0.6666666666666666,0.4,3,0.85,0.675,0.8125,0.925,0.25,0.6,1.0,0.85,1.1,1.05,0.875
simgp_core,uncertainty,13,405,0.12571265168473253,0.0884199946848028,0.2857142857142857,0.6666666666666666,0.4,3,0.8481012658227848,0.6708860759493671,0.8227848101265823,0.8860759493670886,0.25,0.6,1.0,0.85,1.1,1.05,0.875
simgp_core,uncertainty,14,405,0.12441432166414247,0.08531734306784057,0.2857142857142857,0.6666666666666666,0.4,3,0.8461538461538461,0.6666666666666666,0.7948717948717948,0.8846153846153846,0.25,0.6,1.0,0.85,1.1,1.05,0.875
simgp_core,uncertainty,15,405,0.12541860516326708,0.08448804576223054,0.2857142857142857,0.6666666666666666,0.4,3,0.8311688311688312,0.6493506493506493,0.7792207792207793,0.8571428571428571,0.25,0.6,1.0,0.85,1.1,1.05,0.875
simgp_core,straddle,3,405,0.11603324308523146,0.0897181370029774,1.0,0.625,0.7692307692307693,8,1.0,0.6404494382022472,0.8202247191011236,1.0,0.7,0.6,0.0,1.15,0.9,1.0,0.625
simgp_core,straddle,4,405,0.1067946670548711,0.08679459706861169,1.0,0.625,0.7692307692307693,8,0.9204545454545454,0.5113636363636364,0.7727272727272727,1.0,0.1,0.6,1.0,0.85,1.0,1.05,0.625
simgp_core,straddle,5,405,0.10025571762406565,0.08729551707839991,1.0,0.5714285714285714,0.7272727272727273,7,1.0,0.632183908045977,1.0,1.0,0.7,0.6,1.0,1.0,1.1,1.1,0.625
simgp_core,straddle,6,405,0.1004862697269671,0.08760409120161722,1.0,0.6666666666666666,0.8,6,1.0,0.47674418604651164,0.9534883720930233,1.0,0.7,0.6,1.0,1.0,1.1,1.1,0.75
simgp_core,straddle,7,405,0.09991721295381592,0.08413383421038,1.0,1.0,1.0,5,0.9882352941176471,0.6823529411764706,0.9647058823529412,0.9882352941176471,0.7,0.6,1.0,1.0,1.1,1.05,1.0
simgp_core,straddle,8,405,0.10294070644679781,0.08943596361878717,1.0,1.0,1.0,5,0.9761904761904762,0.6190476190476191,0.9523809523809523,0.9880952380952381,0.7,0.6,1.0,1.0,1.1,1.05,1.0
simgp_core,straddle,9,405,0.10524519849958733,0.09166001218846243,1.0,1.0,1.0,4,0.9879518072289156,0.5903614457831325,0.927710843373494,0.9879518072289156,0.4,0.6,1.0,1.0,1.1,0.95,1.0
simgp_core,straddle,10,405,0.10323827808621366,0.0894423541974911,1.0,1.0,1.0,4,0.975609756097561,0.524390243902439,0.926829268292683,0.9878048780487805,0.4,0.6,1.0,0.85,1.1,1.1,1.0
simgp_core,straddle,11,405,0.10210190296261967,0.08955697963089838,1.0,1.0,1.0,4,0.9753086419753086,0.49382716049382713,0.9259259259259259,0.9876543209876543,0.4,0.6,1.0,0.85,1.1,1.1,1.0
simgp_core,straddle,12,405,0.10030046900426463,0.08621622075444038,1.0,1.0,1.0,4,0.9875,0.525,0.9375,0.9875,0.4,0.6,1.0,0.85,1.1,1.1,1.0
simgp_core,straddle,13,405,0.09682634284879885,0.08310762453520013,1.0,1.0,1.0,4,1.0,0.5063291139240507,0.9746835443037974,1.0,0.4,0.6,1.0,0.85,1.1,1.1,1.0
simgp_core,straddle,14,405,0.09368956193312192,0.08220803248180791,1.0,1.0,1.0,3,0.7435897435897436,0.20512820512820512,0.5512820512820513,0.9230769230769231,0.4,0.6,1.0,0.85,1.1,1.1,0.875
simgp_core,straddle,15,405,0.09398819095083424,0.08334023225859867,1.0,1.0,1.0,3,0.7402597402597403,0.22077922077922077,0.4935064935064935,0.9090909090909091,0.4,0.6,1.0,0.85,1.1,1.1,0.875
simgp_core,random,3,406,0.09153242488729406,0.07431165269239746,0.75,1.0,0.8571428571428571,12,1.0,0.7191011235955056,1.0,1.0,0.1,1.0,0.0,0.85,1.1,1.1,1.0
simgp_core_nogp,random,3,406,0.08642517061311701,0.06989874869151061,0.7333333333333333,0.9166666666666666,0.8148148148148148,12,0.9887640449438202,0.651685393258427,0.9438202247191011,1.0,,,,,,,
simgp_core_g75,random,3,406,0.12324502241131863,0.08587304840872022,0.5714285714285714,1.0,0.7272727272727273,12,0.8764044943820225,0.5056179775280899,0.8764044943820225,0.898876404494382,,,,,,,
physgp_core,random,3,406,0.2265001929934225,0.19004393988086093,0.3333333333333333,0.4166666666666667,0.3703703703703704,12,0.5280898876404494,0.16853932584269662,0.4606741573033708,0.5730337078651685,,,,,,,
physgp_rich,random,3,406,0.2209664938448575,0.18260290353033665,0.3333333333333333,0.4166666666666667,0.3703703703703704,12,0.8314606741573034,0.550561797752809,0.7752808988764045,0.8426966292134831,,,,,,,
simgp_rich,random,3,406,0.086437880650994,0.06995804064594628,0.7333333333333333,0.9166666666666666,0.8148148148148148,12,1.0,0.6741573033707865,0.9775280898876404,1.0,,,,,,,
pinn_rich,random,3,406,0.1292568849767806,0.09403652862276202,1.0,0.6666666666666666,0.8,12,0.47191011235955055,0.1797752808988764,0.3595505617977528,0.5168539325842697,,,,,,,
mean_of_samples,random,3,406,0.28069281788380424,0.22224414428521147,1.0,0.0,0.0,12,,,,,,,,,,,
nearest_sample,random,3,406,0.13901914113780636,0.10205138899460922,0.5238095238095238,0.9166666666666666,0.6666666666666667,12,,,,,,,,,,,
decay_only,random,3,406,0.22964107864551522,0.19355110003664996,0.3333333333333333,0.4166666666666667,0.3703703703703704,12,,,,,,,,,,,
simgp_core,random,4,406,0.08576254441773916,0.06908283972578201,0.7333333333333333,0.9166666666666666,0.8148148148148148,12,1.0,0.6363636363636364,0.9659090909090909,1.0,0.1,1.0,0.5,0.85,1.1,1.1,0.9166666666666666
simgp_core_nogp,random,4,406,0.0856697984635061,0.06915349970756926,0.7333333333333333,0.9166666666666666,0.8148148148148148,12,0.9659090909090909,0.5795454545454546,0.9318181818181818,0.9886363636363636,,,,,,,
simgp_core_g75,random,4,406,0.12345535413205513,0.08570812713329878,0.5714285714285714,1.0,0.7272727272727273,12,0.875,0.48863636363636365,0.8636363636363636,0.8863636363636364,,,,,,,
physgp_core,random,4,406,0.21624133028048192,0.16960688553175007,0.4117647058823529,0.5833333333333334,0.4827586206896552,12,0.7840909090909091,0.4772727272727273,0.7272727272727273,0.8295454545454546,,,,,,,
physgp_rich,random,4,406,0.2220487119978305,0.18333855108450822,0.3333333333333333,0.4166666666666667,0.3703703703703704,12,0.7386363636363636,0.4772727272727273,0.6590909090909091,0.8295454545454546,,,,,,,
simgp_rich,random,4,406,0.08726022873973419,0.0700315828058942,0.7333333333333333,0.9166666666666666,0.8148148148148148,12,1.0,0.7386363636363636,1.0,1.0,,,,,,,
mean_of_samples,random,4,406,0.2725391147948704,0.21322946404929957,1.0,0.0,0.0,12,,,,,,,,,,,
nearest_sample,random,4,406,0.13274242938485803,0.09657101425642328,0.5238095238095238,0.9166666666666666,0.6666666666666667,12,,,,,,,,,,,
decay_only,random,4,406,0.22266742536861428,0.184222161812263,0.3333333333333333,0.4166666666666667,0.3703703703703704,12,,,,,,,,,,,
simgp_core,random,5,406,0.09810760632119342,0.0809928257900225,0.75,1.0,0.8571428571428571,12,1.0,0.5057471264367817,0.9770114942528736,1.0,0.1,1.0,0.5,1.15,1.0,1.1,1.0
simgp_core_nogp,random,5,406,0.08577155223541,0.06935747555677485,0.7333333333333333,0.9166666666666666,0.8148148148148148,12,0.9425287356321839,0.5402298850574713,0.9310344827586207,0.9885057471264368,,,,,,,
simgp_core_g75,random,5,406,0.13307390990226134,0.09702684001391795,0.5454545454545454,1.0,0.7058823529411764,12,0.8045977011494253,0.3103448275862069,0.7241379310344828,0.8505747126436781,,,,,,,
physgp_core,random,5,406,0.267934973026883,0.2157110895779283,0.42857142857142855,1.0,0.6,12,0.4482758620689655,0.20689655172413793,0.367816091954023,0.5287356321839081,,,,,,,
physgp_rich,random,5,406,0.2219972580112153,0.18267977426156184,0.3125,0.4166666666666667,0.35714285714285715,12,0.7471264367816092,0.4827586206896552,0.6436781609195402,0.8160919540229885,,,,,,,
simgp_rich,random,5,406,0.08647190647058829,0.07051672199368632,0.7333333333333333,0.9166666666666666,0.8148148148148148,12,1.0,0.6436781609195402,1.0,1.0,,,,,,,
pinn_rich,random,5,406,0.11346791109838432,0.0867277840489914,1.0,0.5833333333333334,0.7368421052631579,12,0.3103448275862069,0.09195402298850575,0.26436781609195403,0.39080459770114945,,,,,,,
mean_of_samples,random,5,406,0.26382881556027943,0.20450302474175647,1.0,0.0,0.0,12,,,,,,,,,,,
nearest_sample,random,5,406,0.13414074013139657,0.0977605578829953,0.5238095238095238,0.9166666666666666,0.6666666666666667,12,,,,,,,,,,,
decay_only,random,5,406,0.2252310342316112,0.18786598931682072,0.3333333333333333,0.4166666666666667,0.3703703703703704,12,,,,,,,,,,,
simgp_core,random,6,406,0.09733970874602091,0.08053219058661062,0.7333333333333333,1.0,0.846153846153846,11,0.9883720930232558,0.4883720930232558,0.9651162790697675,1.0,0.55,0.6,1.0,0.85,1.1,0.95,1.0
simgp_core_nogp,random,6,406,0.08719792288081223,0.07107597447025724,0.7142857142857143,0.9090909090909091,0.8,11,0.9302325581395349,0.5116279069767442,0.9186046511627907,0.9651162790697675,,,,,,,
simgp_core_g75,random,6,406,0.14389675051154793,0.10505816105104639,0.5238095238095238,1.0,0.6875000000000001,11,0.7790697674418605,0.3488372093023256,0.6046511627906976,0.7906976744186046,,,,,,,
physgp_core,random,6,406,0.2471541190317135,0.1955860944896321,0.44,1.0,0.6111111111111112,11,0.313953488372093,0.12790697674418605,0.23255813953488372,0.3953488372093023,,,,,,,
physgp_rich,random,6,406,0.23742923597827184,0.1816461903984186,0.21428571428571427,0.2727272727272727,0.23999999999999996,11,0.7209302325581395,0.43023255813953487,0.627906976744186,0.7441860465116279,,,,,,,
simgp_rich,random,6,406,0.10259449437055514,0.0769406174586585,0.6923076923076923,0.8181818181818182,0.7500000000000001,11,0.9302325581395349,0.5697674418604651,0.872093023255814,0.9418604651162791,,,,,,,
mean_of_samples,random,6,406,0.23057261312284422,0.17796127125209982,1.0,0.0,0.0,11,,,,,,,,,,,
nearest_sample,random,6,406,0.1346894884957901,0.09805022487725308,0.5,0.9090909090909091,0.6451612903225806,11,,,,,,,,,,,
decay_only,random,6,406,0.232486194262717,0.17908713668809817,0.23076923076923078,0.2727272727272727,0.24999999999999994,11,,,,,,,,,,,
simgp_core,random,7,406,0.0862363446156574,0.06831882472011468,0.7333333333333333,1.0,0.846153846153846,11,1.0,0.5764705882352941,0.9529411764705882,1.0,0.55,0.6,1.0,0.85,1.1,0.95,1.0
simgp_core_nogp,random,7,406,0.08792809585549886,0.0720185034781774,0.7142857142857143,0.9090909090909091,0.8,11,0.9294117647058824,0.4588235294117647,0.8235294117647058,0.9529411764705882,,,,,,,
simgp_core_g75,random,7,406,0.13030658998629127,0.08877537882355055,0.5238095238095238,1.0,0.6875000000000001,11,0.8235294117647058,0.3176470588235294,0.7764705882352941,0.8470588235294118,,,,,,,
physgp_core,random,7,406,0.18068522691915828,0.12133638640304435,0.38095238095238093,0.7272727272727273,0.5,11,0.7294117647058823,0.3764705882352941,0.6,0.788235294117647,,,,,,,
physgp_rich,random,7,406,0.19687846009288934,0.14216934680869764,0.26666666666666666,0.36363636363636365,0.30769230769230765,11,0.7764705882352941,0.4470588235294118,0.7058823529411765,0.8117647058823529,,,,,,,
simgp_rich,random,7,406,0.08762890008569788,0.06998190712725227,0.7142857142857143,0.9090909090909091,0.8,11,1.0,0.5764705882352941,0.9529411764705882,1.0,,,,,,,
mean_of_samples,random,7,406,0.23322572698937277,0.18032092870600622,1.0,0.0,0.0,11,,,,,,,,,,,
nearest_sample,random,7,406,0.13468820868991482,0.09577502031372838,0.5,0.9090909090909091,0.6451612903225806,11,,,,,,,,,,,
decay_only,random,7,406,0.2344993245546906,0.1814442894247223,0.23076923076923078,0.2727272727272727,0.24999999999999994,11,,,,,,,,,,,
simgp_core,random,8,406,0.08129386105606379,0.06265239180941908,0.7333333333333333,1.0,0.846153846153846,11,1.0,0.5952380952380952,0.9761904761904762,1.0,0.55,0.6,1.0,0.85,1.1,0.95,1.0
simgp_core_nogp,random,8,406,0.08867785264887099,0.07252556402578192,0.7142857142857143,0.9090909090909091,0.8,11,0.9285714285714286,0.4523809523809524,0.7976190476190477,0.9404761904761905,,,,,,,
simgp_core_g75,random,8,406,0.1268236164665758,0.08124079623594752,0.5238095238095238,1.0,0.6875000000000001,11,0.8452380952380952,0.36904761904761907,0.8095238095238095,0.8571428571428571,,,,,,,
physgp_core,random,8,406,0.1822589028967289,0.11861027987881283,0.38095238095238093,0.7272727272727273,0.5,11,0.7142857142857143,0.40476190476190477,0.6190476190476191,0.75,,,,,,,
physgp_rich,random,8,406,0.18397279502094402,0.12229502391773786,0.3125,0.45454545454545453,0.3703703703703703,11,0.7857142857142857,0.47619047619047616,0.6904761904761905,0.8214285714285714,,,,,,,
simgp_rich,random,8,406,0.08799085794289005,0.06963371064468574,0.7142857142857143,0.9090909090909091,0.8,11,1.0,0.5952380952380952,0.9523809523809523,1.0,,,,,,,
pinn_rich,random,8,406,0.10843943377767548,0.0800232902067404,0.875,0.6363636363636364,0.7368421052631579,11,0.34523809523809523,0.16666666666666666,0.30952380952380953,0.4166666666666667,,,,,,,
mean_of_samples,random,8,406,0.23865827028673856,0.18370643721205568,1.0,0.0,0.0,11,,,,,,,,,,,
nearest_sample,random,8,406,0.13813333912348277,0.09788345575674169,0.5,0.9090909090909091,0.6451612903225806,11,,,,,,,,,,,
decay_only,random,8,406,0.2376881300104322,0.18421271683226514,0.23076923076923078,0.2727272727272727,0.24999999999999994,11,,,,,,,,,,,
simgp_core,random,9,406,0.08554718388247307,0.06779275526795364,0.6923076923076923,0.9,0.7826086956521738,10,0.9759036144578314,0.4578313253012048,0.8674698795180723,1.0,0.55,0.6,1.0,0.85,1.1,0.95,0.9166666666666666
simgp_core_nogp,random,9,406,0.08785167424100945,0.0721804232680558,0.6923076923076923,0.9,0.7826086956521738,10,0.927710843373494,0.40963855421686746,0.7228915662650602,0.927710843373494,,,,,,,
simgp_core_g75,random,9,406,0.1292364881692481,0.0853990761296403,0.47368421052631576,0.9,0.6206896551724138,10,0.8674698795180723,0.3373493975903614,0.7228915662650602,0.8674698795180723,,,,,,,
physgp_core,random,9,406,0.1856304497240134,0.12052964536710035,0.35,0.7,0.4666666666666667,10,0.6626506024096386,0.37349397590361444,0.5542168674698795,0.6987951807228916,,,,,,,
physgp_rich,random,9,406,0.18680728198881238,0.1254172526800131,0.3684210526315789,0.7,0.48275862068965514,10,0.7951807228915663,0.4578313253012048,0.6385542168674698,0.8072289156626506,,,,,,,
simgp_rich,random,9,406,0.08740211720297415,0.06955298773153248,0.6923076923076923,0.9,0.7826086956521738,10,1.0,0.5301204819277109,0.8795180722891566,1.0,,,,,,,
mean_of_samples,random,9,406,0.22881654028875287,0.17677602558119754,1.0,0.0,0.0,10,,,,,,,,,,,
nearest_sample,random,9,406,0.13897790063813126,0.09891934431105814,0.47368421052631576,0.9,0.6206896551724138,10,,,,,,,,,,,
decay_only,random,9,406,0.2337622284799762,0.17791039148455298,0.23076923076923078,0.3,0.2608695652173913,10,,,,,,,,,,,
simgp_core,random,10,406,0.08362128350629748,0.07095769370051631,0.6666666666666666,0.8888888888888888,0.761904761904762,9,0.9878048780487805,0.573170731707317,0.926829268292683,1.0,0.4,1.0,0.0,1.0,1.1,1.1,0.9166666666666666
simgp_core_nogp,random,10,406,0.08407940156499978,0.07130685437878571,0.6923076923076923,1.0,0.8181818181818181,9,0.9146341463414634,0.32926829268292684,0.7439024390243902,0.9390243902439024,,,,,,,
simgp_core_g75,random,10,406,0.13499512825162902,0.09187311121468064,0.4444444444444444,0.8888888888888888,0.5925925925925926,9,0.7804878048780488,0.4878048780487805,0.7317073170731707,0.8170731707317073,,,,,,,
physgp_core,random,10,406,0.1933416194200507,0.1307438943346076,0.25,0.4444444444444444,0.32,9,0.7195121951219512,0.3780487804878049,0.6097560975609756,0.7317073170731707,,,,,,,
physgp_rich,random,10,406,0.20134028939276927,0.1408576549790989,0.29411764705882354,0.5555555555555556,0.3846153846153846,9,0.6097560975609756,0.3780487804878049,0.524390243902439,0.6707317073170732,,,,,,,
simgp_rich,random,10,406,0.08409376597047158,0.06972786796123799,0.6923076923076923,1.0,0.8181818181818181,9,1.0,0.5121951219512195,0.8902439024390244,1.0,,,,,,,
pinn_rich,random,10,406,0.12402903010072809,0.08766997543356664,0.8571428571428571,0.6666666666666666,0.75,9,0.5,0.2073170731707317,0.36585365853658536,0.573170731707317,,,,,,,
mean_of_samples,random,10,406,0.2251533180603919,0.17575251939171016,1.0,0.0,0.0,9,,,,,,,,,,,
nearest_sample,random,10,406,0.1395572360055588,0.09934842451042812,0.4444444444444444,0.8888888888888888,0.5925925925925926,9,,,,,,,,,,,
decay_only,random,10,406,0.23331018012250346,0.179339657246146,0.16666666666666666,0.2222222222222222,0.1904761904761905,9,,,,,,,,,,,
simgp_core,random,11,406,0.08528426200926276,0.07153930381687484,0.6666666666666666,0.8888888888888888,0.761904761904762,9,0.9876543209876543,0.48148148148148145,0.9259259259259259,1.0,0.4,1.0,0.0,1.0,1.1,1.1,0.9166666666666666
simgp_core_nogp,random,11,406,0.08438532190731644,0.07130333237815713,0.6923076923076923,1.0,0.8181818181818181,9,0.9135802469135802,0.3333333333333333,0.7654320987654321,0.9259259259259259,,,,,,,
simgp_core_g75,random,11,406,0.1290188998250182,0.08037241284841269,0.47368421052631576,1.0,0.6428571428571429,9,0.8271604938271605,0.32098765432098764,0.7654320987654321,0.8271604938271605,,,,,,,
physgp_core,random,11,406,0.1965018061334027,0.132186808643813,0.29411764705882354,0.5555555555555556,0.3846153846153846,9,0.6419753086419753,0.345679012345679,0.5679012345679012,0.6790123456790124,,,,,,,
physgp_rich,random,11,406,0.21406377823633815,0.15611516656081167,0.25,0.5555555555555556,0.3448275862068966,9,0.6172839506172839,0.38271604938271603,0.5432098765432098,0.6296296296296297,,,,,,,
simgp_rich,random,11,406,0.0849796151351768,0.06589805653483188,0.6153846153846154,0.8888888888888888,0.7272727272727274,9,0.9629629629629629,0.49382716049382713,0.8888888888888888,0.9876543209876543,,,,,,,
mean_of_samples,random,11,406,0.22807685456057883,0.1782674468030707,1.0,0.0,0.0,9,,,,,,,,,,,
nearest_sample,random,11,406,0.14829142763907735,0.10547304959389688,0.5714285714285714,0.8888888888888888,0.6956521739130435,9,,,,,,,,,,,
decay_only,random,11,406,0.23699212133444358,0.1808033346203398,0.23076923076923078,0.3333333333333333,0.27272727272727276,9,,,,,,,,,,,
simgp_core,random,12,406,0.06892859546169632,0.05193375762432813,0.6923076923076923,1.0,0.8181818181818181,9,1.0,0.75,0.9375,1.0,0.4,1.0,0.5,1.0,1.1,1.1,1.0
simgp_core_nogp,random,12,406,0.08112502062919452,0.06937525007002696,0.6666666666666666,0.8888888888888888,0.761904761904762,9,0.9125,0.3125,0.7125,0.925,,,,,,,
simgp_core_g75,random,12,406,0.12991732176079507,0.07855415110439994,0.3684210526315789,0.7777777777777778,0.5,9,0.825,0.5625,0.8,0.8625,,,,,,,
physgp_core,random,12,406,0.1999793754613278,0.1355241916531294,0.25,0.4444444444444444,0.32,9,0.55,0.35,0.4875,0.6375,,,,,,,
physgp_rich,random,12,406,0.2040222520043664,0.14356046540430947,0.29411764705882354,0.5555555555555556,0.3846153846153846,9,0.5,0.325,0.4125,0.5625,,,,,,,
simgp_rich,random,12,406,0.07730066586557391,0.06136488285325252,0.6153846153846154,0.8888888888888888,0.7272727272727274,9,0.9375,0.5375,0.85,0.9375,,,,,,,
pinn_rich,random,12,406,0.11865058579869442,0.08602795094589717,0.875,0.7777777777777778,0.823529411764706,9,0.35,0.1125,0.275,0.4625,,,,,,,
mean_of_samples,random,12,406,0.22795228255199895,0.1782730166742145,1.0,0.0,0.0,9,,,,,,,,,,,
nearest_sample,random,12,406,0.14583894240084797,0.10353149176463461,0.5714285714285714,0.8888888888888888,0.6956521739130435,9,,,,,,,,,,,
decay_only,random,12,406,0.2366493766266798,0.18079094153304198,0.16666666666666666,0.2222222222222222,0.1904761904761905,9,,,,,,,,,,,
simgp_core,random,13,406,0.06870232236018799,0.05286255196106235,0.5714285714285714,0.8888888888888888,0.6956521739130435,9,1.0,0.759493670886076,0.9493670886075949,1.0,0.4,1.0,0.5,1.0,1.1,1.1,0.9166666666666666
simgp_core_nogp,random,13,406,0.08154714926691568,0.0698176789660393,0.6666666666666666,0.8888888888888888,0.761904761904762,9,0.8987341772151899,0.4177215189873418,0.7215189873417721,0.9240506329113924,,,,,,,
simgp_core_g75,random,13,406,0.1319779866504729,0.08232853873621708,0.35,0.7777777777777778,0.48275862068965514,9,0.8227848101265823,0.6329113924050633,0.7721518987341772,0.8354430379746836,,,,,,,
physgp_core,random,13,406,0.20175327576307664,0.1347224480088389,0.25,0.4444444444444444,0.32,9,0.6329113924050633,0.4177215189873418,0.5569620253164557,0.6708860759493671,,,,,,,
physgp_rich,random,13,406,0.19681896629659257,0.13275255999207608,0.2777777777777778,0.5555555555555556,0.3703703703703704,9,0.569620253164557,0.3291139240506329,0.46835443037974683,0.5949367088607594,,,,,,,
simgp_rich,random,13,406,0.07717430158325186,0.06100073510535504,0.6666666666666666,0.8888888888888888,0.761904761904762,9,0.9367088607594937,0.5063291139240507,0.8481012658227848,0.9367088607594937,,,,,,,
mean_of_samples,random,13,406,0.2304084995732402,0.18051459284004412,1.0,0.0,0.0,9,,,,,,,,,,,
nearest_sample,random,13,406,0.13272962785392223,0.09311866563197302,0.5714285714285714,0.8888888888888888,0.6956521739130435,9,,,,,,,,,,,
decay_only,random,13,406,0.23914818985639455,0.18308349338185825,0.23076923076923078,0.3333333333333333,0.27272727272727276,9,,,,,,,,,,,
simgp_core,random,14,406,0.07083558033142634,0.056376075114837526,0.5,0.7777777777777778,0.6086956521739131,9,1.0,0.7692307692307693,0.9487179487179487,1.0,0.4,1.0,0.5,1.0,1.1,1.1,0.8333333333333334
simgp_core_nogp,random,14,406,0.08176235631292211,0.07003818096487932,0.6666666666666666,0.8888888888888888,0.761904761904762,9,0.8974358974358975,0.3974358974358974,0.6794871794871795,0.9230769230769231,,,,,,,
simgp_core_g75,random,14,406,0.13351225460379146,0.08385859259923491,0.3157894736842105,0.6666666666666666,0.42857142857142855,9,0.8076923076923077,0.6153846153846154,0.7435897435897436,0.8333333333333334,,,,,,,
physgp_core,random,14,406,0.19238929025538098,0.12282483400921006,0.3333333333333333,0.7777777777777778,0.4666666666666666,9,0.6153846153846154,0.3974358974358974,0.5641025641025641,0.6538461538461539,,,,,,,
physgp_rich,random,14,406,0.1990246357933505,0.13506152603074079,0.2777777777777778,0.5555555555555556,0.3703703703703704,9,0.5512820512820513,0.34615384615384615,0.46153846153846156,0.5897435897435898,,,,,,,
simgp_rich,random,14,406,0.07423748785368064,0.05924190708215964,0.6666666666666666,0.8888888888888888,0.761904761904762,9,0.9230769230769231,0.46153846153846156,0.7948717948717948,0.9358974358974359,,,,,,,
mean_of_samples,random,14,406,0.22943189282288853,0.1790713080597896,1.0,0.0,0.0,9,,,,,,,,,,,
nearest_sample,random,14,406,0.13568070957512146,0.0980168746085798,0.5714285714285714,0.8888888888888888,0.6956521739130435,9,,,,,,,,,,,
decay_only,random,14,406,0.23867210472968858,0.1825215440547808,0.16666666666666666,0.2222222222222222,0.1904761904761905,9,,,,,,,,,,,
simgp_core,random,15,406,0.06800444375602499,0.05194444612589035,0.6363636363636364,0.7777777777777778,0.7000000000000001,9,0.987012987012987,0.7532467532467533,0.948051948051948,1.0,0.4,1.0,0.5,1.0,1.1,1.1,0.8333333333333334
simgp_core_nogp,random,15,406,0.07999393735523108,0.06864922254841078,0.6666666666666666,0.8888888888888888,0.761904761904762,9,0.8961038961038961,0.42857142857142855,0.7012987012987013,0.922077922077922,,,,,,,
simgp_core_g75,random,15,406,0.13043187937599773,0.07915074187372076,0.4117647058823529,0.7777777777777778,0.5384615384615384,9,0.8311688311688312,0.5584415584415584,0.8051948051948052,0.8441558441558441,,,,,,,
physgp_core,random,15,406,0.1805150861635133,0.10109048064793173,0.4,0.8888888888888888,0.5517241379310346,9,0.6883116883116883,0.42857142857142855,0.5584415584415584,0.6883116883116883,,,,,,,
physgp_rich,random,15,406,0.20454030678214025,0.14180200208735386,0.3125,0.5555555555555556,0.39999999999999997,9,0.5584415584415584,0.35064935064935066,0.4805194805194805,0.5974025974025974,,,,,,,
simgp_rich,random,15,406,0.08331041124395305,0.06639503471970408,0.6363636363636364,0.7777777777777778,0.7000000000000001,9,0.961038961038961,0.5194805194805194,0.8441558441558441,0.987012987012987,,,,,,,
pinn_rich,random,15,406,0.11901639769995984,0.08581229582431214,0.8571428571428571,0.6666666666666666,0.75,9,0.4155844155844156,0.11688311688311688,0.24675324675324675,0.5194805194805194,,,,,,,
mean_of_samples,random,15,406,0.23226209096098285,0.1813192316561288,1.0,0.0,0.0,9,,,,,,,,,,,
nearest_sample,random,15,406,0.1364088302932059,0.09857222634014766,0.6666666666666666,0.8888888888888888,0.761904761904762,9,,,,,,,,,,,
decay_only,random,15,406,0.24342749862663018,0.18545093610014574,0.23076923076923078,0.3333333333333333,0.27272727272727276,9,,,,,,,,,,,
simgp_core,uncertainty,3,406,0.12671597164438336,0.10217980539561529,0.7692307692307693,0.8333333333333334,0.8,12,0.797752808988764,0.5280898876404494,0.6853932584269663,0.9662921348314607,0.55,0.6,0.5,0.85,1.1,1.0,0.8333333333333334
simgp_core,uncertainty,4,406,0.0939114276868535,0.07578643074017011,0.7692307692307693,0.8333333333333334,0.8,12,0.9090909090909091,0.5681818181818182,0.7045454545454546,0.9772727272727273,0.55,0.6,1.0,0.85,1.1,1.0,0.8333333333333334
simgp_core,uncertainty,5,406,0.10840409923531716,0.0853829676177146,0.9,0.75,0.8181818181818182,12,0.735632183908046,0.4367816091954023,0.6206896551724138,0.8850574712643678,0.55,0.6,1.0,0.85,1.1,1.05,0.75
simgp_core,uncertainty,6,406,0.10324160793111446,0.0809759582736785,0.9,0.8181818181818182,0.8571428571428572,11,0.7093023255813954,0.46511627906976744,0.6395348837209303,0.872093023255814,0.4,0.6,1.0,0.85,1.1,1.0,0.8333333333333334
simgp_core,uncertainty,7,406,0.09614962522056705,0.07479373649645916,0.875,0.6363636363636364,0.7368421052631579,11,0.7176470588235294,0.4823529411764706,0.5764705882352941,0.9294117647058824,0.4,0.6,1.0,0.85,1.1,1.0,0.6666666666666666
simgp_core,uncertainty,8,406,0.10309056934374676,0.0792682508705542,0.8571428571428571,0.6,0.7058823529411764,10,0.8690476190476191,0.5119047619047619,0.6309523809523809,1.0,0.4,0.6,1.0,1.0,1.1,0.95,0.6666666666666666
simgp_core,uncertainty,9,406,0.08018766791696538,0.06619079961536803,0.6,0.6666666666666666,0.631578947368421,9,0.9879518072289156,0.9036144578313253,0.9879518072289156,1.0,0.25,1.0,0.5,1.0,1.1,1.1,0.75
simgp_core,uncertainty,10,406,0.07683904388703497,0.06697208228739747,0.5555555555555556,0.5555555555555556,0.5555555555555556,9,0.975609756097561,0.7560975609756098,0.975609756097561,1.0,0.25,1.0,0.5,1.0,1.1,1.1,0.6666666666666666
simgp_core,uncertainty,11,406,0.07596499334498076,0.06664618250140665,0.5,0.5,0.5,8,0.9753086419753086,0.7037037037037037,0.9753086419753086,1.0,0.25,1.0,1.0,1.0,1.1,1.1,0.6666666666666666
simgp_core,uncertainty,12,406,0.08496037415128499,0.06640214670947002,0.8571428571428571,0.75,0.7999999999999999,8,0.9875,0.9125,0.9875,0.9875,0.25,1.0,1.0,1.0,1.1,1.1,0.8333333333333334
simgp_core,uncertainty,13,406,0.11793106883231738,0.09628843430540247,1.0,0.375,0.5454545454545454,8,0.9113924050632911,0.569620253164557,0.8734177215189873,0.9240506329113924,0.4,0.6,1.0,1.0,1.1,0.95,0.5833333333333334
simgp_core,uncertainty,14,406,0.07138679187550476,0.0567553695729543,1.0,0.25,0.4,8,0.9743589743589743,0.717948717948718,0.9358974358974359,0.9743589743589743,0.4,0.6,1.0,1.0,1.1,0.9,0.5
simgp_core,uncertainty,15,406,0.08043477728754518,0.057859142682832966,1.0,0.25,0.4,8,0.935064935064935,0.6493506493506493,0.8701298701298701,0.974025974025974,0.4,0.6,1.0,1.0,1.1,0.9,0.5
simgp_core,straddle,3,406,0.12794863875877335,0.1051464344394626,0.75,1.0,0.8571428571428571,12,0.9662921348314607,0.48314606741573035,0.7640449438202247,0.9887640449438202,0.55,0.6,1.0,0.85,1.1,0.95,1.0
simgp_core,straddle,4,406,0.12873307986106325,0.10290066005044561,0.8571428571428571,1.0,0.923076923076923,12,0.8863636363636364,0.48863636363636365,0.8068181818181818,0.9659090909090909,0.1,1.0,1.0,1.15,0.9,1.05,1.0
simgp_core,straddle,5,406,0.11945797831634906,0.09262475781506041,0.8571428571428571,1.0,0.923076923076923,12,0.896551724137931,0.47126436781609193,0.7931034482758621,0.9195402298850575,0.4,0.6,1.0,0.85,1.1,0.95,1.0
simgp_core,straddle,6,406,0.11567722590910325,0.09135449428167018,0.7857142857142857,1.0,0.88,11,0.8372093023255814,0.5930232558139535,0.7790697674418605,0.8837209302325582,0.1,1.0,1.0,0.85,1.1,1.1,1.0
simgp_core,straddle,7,406,0.11599782296419908,0.09290988876234478,0.8461538461538461,1.0,0.9166666666666666,11,0.8352941176470589,0.43529411764705883,0.7294117647058823,0.8705882352941177,0.25,1.0,1.0,1.0,1.1,1.1,1.0
simgp_core,straddle,8,406,0.11514891025584789,0.08269546448274505,0.9166666666666666,1.0,0.9565217391304348,11,0.8690476190476191,0.4880952380952381,0.7976190476190477,0.9404761904761905,0.25,1.0,1.0,1.0,1.1,1.1,1.0
simgp_core,straddle,9,406,0.1051277584266301,0.07745835113751745,0.9090909090909091,1.0,0.9523809523809523,10,0.9036144578313253,0.4939759036144578,0.8313253012048193,0.9156626506024096,0.25,1.0,1.0,1.0,1.1,1.1,0.9166666666666666
simgp_core,straddle,10,406,0.10467606598715537,0.07905373158214142,0.9090909090909091,1.0,0.9523809523809523,10,0.8902439024390244,0.45121951219512196,0.8292682926829268,0.9146341463414634,0.25,1.0,1.0,1.0,1.1,1.1,0.9166666666666666
simgp_core,straddle,11,406,0.07882136915123948,0.06684389135498016,0.9,1.0,0.9473684210526316,9,0.9753086419753086,0.49382716049382713,0.9629629629629629,0.9876543209876543,0.7,0.6,1.0,0.85,1.1,1.05,0.9166666666666666
simgp_core,straddle,12,406,0.07597278455261813,0.0639597452290414,0.9,1.0,0.9473684210526316,9,0.975,0.5375,0.9625,0.9875,0.4,1.0,1.0,1.0,1.1,1.1,0.9166666666666666
simgp_core,straddle,13,406,0.07869241816463336,0.06874685032744093,0.8,1.0,0.888888888888889,8,0.9620253164556962,0.6329113924050633,0.8987341772151899,1.0,0.4,1.0,1.0,1.0,1.1,1.1,0.9166666666666666
simgp_core,straddle,14,406,0.076746328725716,0.0668450986380582,0.8888888888888888,1.0,0.9411764705882353,8,0.9615384615384616,0.5641025641025641,0.8974358974358975,1.0,0.4,1.0,1.0,1.0,1.1,1.1,0.9166666666666666
simgp_core,straddle,15,406,0.09719643979883667,0.0825523592644176,1.0,1.0,1.0,8,0.922077922077922,0.4805194805194805,0.8311688311688312,0.961038961038961,0.4,0.6,1.0,0.85,1.1,0.9,0.9166666666666666
simgp_core,random,3,407,0.08854507881989367,0.054895696749870604,0.7272727272727273,0.8888888888888888,0.7999999999999999,9,0.9887640449438202,0.898876404494382,0.9887640449438202,1.0,0.1,0.6,1.0,0.85,0.9,1.0,0.8888888888888888
simgp_core_nogp,random,3,407,0.08858828114581217,0.05515003631968121,0.7272727272727273,0.8888888888888888,0.7999999999999999,9,0.9887640449438202,0.898876404494382,0.9887640449438202,0.9887640449438202,,,,,,,
simgp_core_g75,random,3,407,0.11491805941523404,0.06358861231769337,0.5,0.8888888888888888,0.64,9,0.8314606741573034,0.7191011235955056,0.797752808988764,0.9213483146067416,,,,,,,
physgp_core,random,3,407,0.23071760228017543,0.1746460272210437,0.14285714285714285,0.1111111111111111,0.125,9,0.3146067415730337,0.1348314606741573,0.24719101123595505,0.3595505617977528,,,,,,,
physgp_rich,random,3,407,0.2307542108625582,0.1749055176733049,0.14285714285714285,0.1111111111111111,0.125,9,0.39325842696629215,0.15730337078651685,0.3258426966292135,0.43820224719101125,,,,,,,
simgp_rich,random,3,407,0.08858828119117558,0.05515003643063232,0.7272727272727273,0.8888888888888888,0.7999999999999999,9,1.0,0.898876404494382,0.9887640449438202,1.0,,,,,,,
pinn_rich,random,3,407,0.22948919100315338,0.17720096488642423,1.0,0.0,0.0,9,0.2247191011235955,0.056179775280898875,0.21348314606741572,0.2696629213483146,,,,,,,
mean_of_samples,random,3,407,0.2539755942271314,0.19219899785331276,1.0,0.0,0.0,9,,,,,,,,,,,
nearest_sample,random,3,407,0.2273570105295108,0.17093852704317747,1.0,0.0,0.0,9,,,,,,,,,,,
decay_only,random,3,407,0.23075421080178174,0.1749055172619097,0.14285714285714285,0.1111111111111111,0.125,9,,,,,,,,,,,
simgp_core,random,4,407,0.08795016260042979,0.055343362545245786,0.7777777777777778,0.875,0.823529411764706,8,0.9772727272727273,0.8409090909090909,0.9545454545454546,1.0,0.1,0.6,1.0,0.85,0.9,1.0,0.8888888888888888
simgp_core_nogp,random,4,407,0.08801706166256591,0.05564431533272807,0.7777777777777778,0.875,0.823529411764706,8,0.9772727272727273,0.8295454545454546,0.9545454545454546,0.9886363636363636,,,,,,,
simgp_core_g75,random,4,407,0.11689252821560293,0.06738915676359934,0.4666666666666667,0.875,0.608695652173913,8,0.7272727272727273,0.3522727272727273,0.6477272727272727,0.7954545454545454,,,,,,,
physgp_core,random,4,407,0.20225958602244634,0.13842224478181,0.4,1.0,0.5714285714285715,8,0.6477272727272727,0.22727272727272727,0.4318181818181818,0.6931818181818182,,,,,,,
physgp_rich,random,4,407,0.21063263508293634,0.15234968214467437,0.3684210526315789,0.875,0.5185185185185185,8,0.5795454545454546,0.25,0.5113636363636364,0.6590909090909091,,,,,,,
simgp_rich,random,4,407,0.08779257141923338,0.05446319927895187,0.7777777777777778,0.875,0.823529411764706,8,1.0,0.8295454545454546,0.9659090909090909,1.0,,,,,,,
mean_of_samples,random,4,407,0.24260197363727684,0.1960425890729559,1.0,0.0,0.0,8,,,,,,,,,,,
nearest_sample,random,4,407,0.17796743681203672,0.121581637741693,0.3684210526315789,0.875,0.5185185185185185,8,,,,,,,,,,,
decay_only,random,4,407,0.21071125851080771,0.15285792488779157,0.3684210526315789,0.875,0.5185185185185185,8,,,,,,,,,,,
simgp_core,random,5,407,0.08264801241485735,0.057840234375438185,0.75,0.75,0.75,8,1.0,0.7126436781609196,0.9425287356321839,1.0,0.4,0.6,1.0,1.15,1.0,1.0,0.7777777777777778
simgp_core_nogp,random,5,407,0.08333778089095213,0.059789070538274716,0.75,0.75,0.75,8,0.9655172413793104,0.6206896551724138,0.9540229885057471,0.9770114942528736,,,,,,,
simgp_core_g75,random,5,407,0.11771361087776006,0.06931176513503982,0.5,0.875,0.6363636363636364,8,0.7816091954022989,0.367816091954023,0.7586206896551724,0.8850574712643678,,,,,,,
physgp_core,random,5,407,0.20892275005182348,0.1467789726219186,0.4,1.0,0.5714285714285715,8,0.5172413793103449,0.20689655172413793,0.3793103448275862,0.5287356321839081,,,,,,,
physgp_rich,random,5,407,0.21664442078792018,0.1655599925464917,0.3684210526315789,0.875,0.5185185185185185,8,0.3448275862068966,0.14942528735632185,0.26436781609195403,0.47126436781609193,,,,,,,
simgp_rich,random,5,407,0.0841483919105546,0.06075552169704811,0.75,0.75,0.75,8,1.0,0.8505747126436781,0.9655172413793104,1.0,,,,,,,
pinn_rich,random,5,407,0.1792070138134008,0.11939494072141768,1.0,0.125,0.2222222222222222,8,0.4367816091954023,0.2988505747126437,0.367816091954023,0.5172413793103449,,,,,,,
mean_of_samples,random,5,407,0.2417843005759632,0.19295676263221037,1.0,0.0,0.0,8,,,,,,,,,,,
nearest_sample,random,5,407,0.19007825902140793,0.13654456887382202,0.3888888888888889,0.875,0.5384615384615385,8,,,,,,,,,,,
decay_only,random,5,407,0.21120870583260787,0.1555035402161394,0.3684210526315789,0.875,0.5185185185185185,8,,,,,,,,,,,
simgp_core,random,6,407,0.08405641391963033,0.059428225458913075,0.6666666666666666,0.75,0.7058823529411765,8,1.0,0.813953488372093,1.0,1.0,0.4,0.6,1.0,1.15,1.0,1.0,0.7777777777777778
simgp_core_nogp,random,6,407,0.08194957227695593,0.05671116573231045,0.6666666666666666,0.75,0.7058823529411765,8,0.9651162790697675,0.7209302325581395,0.9534883720930233,0.9767441860465116,,,,,,,
simgp_core_g75,random,6,407,0.12194816776254569,0.07341347081709347,0.4375,0.875,0.5833333333333334,8,0.813953488372093,0.43023255813953487,0.7209302325581395,0.872093023255814,,,,,,,
physgp_core,random,6,407,0.19928111068639842,0.1392901013393786,0.3888888888888889,0.875,0.5384615384615385,8,0.686046511627907,0.23255813953488372,0.5116279069767442,0.7093023255813954,,,,,,,
physgp_rich,random,6,407,0.21552402566098414,0.16066644319839168,0.3888888888888889,0.875,0.5384615384615385,8,0.5581395348837209,0.2441860465116279,0.37209302325581395,0.6511627906976745,,,,,,,
simgp_rich,random,6,407,0.08460637584434995,0.058038900020442916,0.75,0.75,0.75,8,0.9767441860465116,0.8604651162790697,0.9651162790697675,0.9883720930232558,,,,,,,
mean_of_samples,random,6,407,0.24343749959328095,0.19624938112944706,1.0,0.0,0.0,8,,,,,,,,,,,
nearest_sample,random,6,407,0.19177368737128742,0.13824584154384273,0.2727272727272727,0.375,0.3157894736842105,8,,,,,,,,,,,
decay_only,random,6,407,0.20777927488109307,0.156081741702323,0.3888888888888889,0.875,0.5384615384615385,8,,,,,,,,,,,
simgp_core,random,7,407,0.0810796056323236,0.05873970700840418,0.6666666666666666,0.75,0.7058823529411765,8,0.9882352941176471,0.7647058823529411,0.9529411764705882,0.9882352941176471,0.25,0.6,1.0,1.15,1.0,0.95,0.7777777777777778
simgp_core_nogp,random,7,407,0.0812892755446641,0.05689001289377372,0.75,0.75,0.75,8,0.9529411764705882,0.6588235294117647,0.9529411764705882,0.9647058823529412,,,,,,,
simgp_core_g75,random,7,407,0.11502856436971916,0.07004189810950115,0.5,0.75,0.6,8,0.7764705882352941,0.47058823529411764,0.6823529411764706,0.8352941176470589,,,,,,,
physgp_core,random,7,407,0.17654920401708002,0.11109705807377163,1.0,0.875,0.9333333333333333,8,0.7058823529411765,0.38823529411764707,0.6,0.8117647058823529,,,,,,,
physgp_rich,random,7,407,0.20576659448279458,0.1399612411405352,0.8333333333333334,0.625,0.7142857142857143,8,0.8117647058823529,0.4117647058823529,0.7058823529411765,0.8588235294117647,,,,,,,
simgp_rich,random,7,407,0.08203454545576182,0.05939064204563558,0.75,0.75,0.75,8,0.9764705882352941,0.8117647058823529,0.9647058823529412,0.9764705882352941,,,,,,,
mean_of_samples,random,7,407,0.24526386692705765,0.19878812815056177,1.0,0.0,0.0,8,,,,,,,,,,,
nearest_sample,random,7,407,0.1945106542267367,0.13853172096246621,0.2727272727272727,0.375,0.3157894736842105,8,,,,,,,,,,,
decay_only,random,7,407,0.24061937479027068,0.19609517629624348,1.0,0.125,0.2222222222222222,8,,,,,,,,,,,
simgp_core,random,8,407,0.08005937201764132,0.05666943668067572,0.6666666666666666,0.75,0.7058823529411765,8,0.9761904761904762,0.7619047619047619,0.9523809523809523,0.9880952380952381,0.25,0.6,1.0,1.15,1.0,0.95,0.7777777777777778
simgp_core_nogp,random,8,407,0.08091505944017835,0.05591117831691221,0.75,0.75,0.75,8,0.9523809523809523,0.6547619047619048,0.9523809523809523,0.9642857142857143,,,,,,,
simgp_core_g75,random,8,407,0.1144466379581102,0.06802994048156294,0.5,0.75,0.6,8,0.7857142857142857,0.47619047619047616,0.6785714285714286,0.8333333333333334,,,,,,,
physgp_core,random,8,407,0.17942174076104214,0.10942148372579272,1.0,1.0,1.0,8,0.7738095238095238,0.34523809523809523,0.6190476190476191,0.8095238095238095,,,,,,,
physgp_rich,random,8,407,0.19138184076497758,0.12712584653021466,0.8571428571428571,0.75,0.7999999999999999,8,0.8333333333333334,0.44047619047619047,0.7380952380952381,0.8690476190476191,,,,,,,
simgp_rich,random,8,407,0.08033471741211422,0.05701224874164009,0.75,0.75,0.75,8,0.9761904761904762,0.75,0.9642857142857143,0.9761904761904762,,,,,,,
pinn_rich,random,8,407,0.163358864659214,0.11331123567606023,1.0,0.0,0.0,8,0.27380952380952384,0.09523809523809523,0.19047619047619047,0.3333333333333333,,,,,,,
mean_of_samples,random,8,407,0.2454989094180549,0.19666894571438234,1.0,0.0,0.0,8,,,,,,,,,,,
nearest_sample,random,8,407,0.19820228763860157,0.14466158013159397,0.2727272727272727,0.375,0.3157894736842105,8,,,,,,,,,,,
decay_only,random,8,407,0.23706420546685594,0.18968449654195668,0.14285714285714285,0.125,0.13333333333333333,8,,,,,,,,,,,
simgp_core,random,9,407,0.08496908620238802,0.0614945156245866,0.75,0.8571428571428571,0.7999999999999999,7,0.9879518072289156,0.6987951807228916,0.9759036144578314,0.9879518072289156,0.25,0.6,1.0,1.15,1.0,0.95,0.7777777777777778
simgp_core_nogp,random,9,407,0.0810794251969653,0.05655239847206776,0.75,0.8571428571428571,0.7999999999999999,7,0.9518072289156626,0.5783132530120482,0.927710843373494,0.963855421686747,,,,,,,
simgp_core_g75,random,9,407,0.11514623296352547,0.07323753461472275,0.5,0.7142857142857143,0.588235294117647,7,0.37349397590361444,0.24096385542168675,0.3253012048192771,0.5060240963855421,,,,,,,
physgp_core,random,9,407,0.19015901623879522,0.11232763758367612,0.5,0.8571428571428571,0.631578947368421,7,0.7349397590361446,0.3855421686746988,0.5783132530120482,0.7831325301204819,,,,,,,
physgp_rich,random,9,407,0.20585169593275543,0.13314198829825516,0.5384615384615384,1.0,0.7000000000000001,7,0.8072289156626506,0.3493975903614458,0.7228915662650602,0.8433734939759037,,,,,,,
simgp_rich,random,9,407,0.0797268176433159,0.0563804614405727,0.75,0.8571428571428571,0.7999999999999999,7,0.9759036144578314,0.6746987951807228,0.963855421686747,0.9759036144578314,,,,,,,
mean_of_samples,random,9,407,0.24682364632775466,0.20048611862155424,1.0,0.0,0.0,7,,,,,,,,,,,
nearest_sample,random,9,407,0.19900685033021245,0.14426717630042368,1.0,0.0,0.0,7,,,,,,,,,,,
decay_only,random,9,407,0.24908517774949757,0.19973888480095206,0.14285714285714285,0.14285714285714285,0.14285714285714285,7,,,,,,,,,,,
simgp_core,random,10,407,0.08163979969592801,0.05581744753983786,0.6,1.0,0.7499999999999999,6,0.9878048780487805,0.8536585365853658,0.9878048780487805,0.9878048780487805,0.25,0.6,0.0,0.85,1.1,0.95,0.8888888888888888
simgp_core_nogp,random,10,407,0.07823788064654745,0.05199707743089232,0.75,1.0,0.8571428571428571,6,0.9634146341463414,0.6707317073170732,0.9512195121951219,0.9634146341463414,,,,,,,
simgp_core_g75,random,10,407,0.11791809544141844,0.0714747092637854,0.45454545454545453,0.8333333333333334,0.5882352941176471,6,0.5,0.25609756097560976,0.3780487804878049,0.5853658536585366,,,,,,,
physgp_core,random,10,407,0.19898715833428296,0.11654399738596029,0.5,1.0,0.6666666666666666,6,0.7439024390243902,0.35365853658536583,0.573170731707317,0.7926829268292683,,,,,,,
physgp_rich,random,10,407,0.21996380373422486,0.1422211626518212,0.46153846153846156,1.0,0.631578947368421,6,0.7439024390243902,0.25609756097560976,0.6341463414634146,0.8048780487804879,,,,,,,
simgp_rich,random,10,407,0.07631297919367581,0.052306181836416984,0.75,1.0,0.8571428571428571,6,0.975609756097561,0.7073170731707317,0.9634146341463414,0.975609756097561,,,,,,,
pinn_rich,random,10,407,0.17821992319872337,0.1253697054531803,0.5555555555555556,0.8333333333333334,0.6666666666666667,6,0.2073170731707317,0.06097560975609756,0.15853658536585366,0.23170731707317074,,,,,,,
mean_of_samples,random,10,407,0.25321946556073144,0.20776907772466102,1.0,0.0,0.0,6,,,,,,,,,,,
nearest_sample,random,10,407,0.187835660045195,0.13306322745490706,0.75,0.5,0.6,6,,,,,,,,,,,
decay_only,random,10,407,0.26665812629451074,0.2153454019051602,0.1,0.16666666666666666,0.125,6,,,,,,,,,,,
simgp_core,random,11,407,0.08265763844101073,0.05709339939859962,0.6,1.0,0.7499999999999999,6,0.9876543209876543,0.8271604938271605,0.9876543209876543,0.9876543209876543,0.25,0.6,0.0,0.85,1.1,0.95,0.8888888888888888
simgp_core_nogp,random,11,407,0.07887472924177609,0.05263018191942067,0.75,1.0,0.8571428571428571,6,0.9506172839506173,0.6419753086419753,0.9382716049382716,0.9629629629629629,,,,,,,
simgp_core_g75,random,11,407,0.11847443597915538,0.07170865946118543,0.45454545454545453,0.8333333333333334,0.5882352941176471,6,0.48148148148148145,0.25925925925925924,0.38271604938271603,0.5679012345679012,,,,,,,
physgp_core,random,11,407,0.19529406708484873,0.1135775343560431,0.5,1.0,0.6666666666666666,6,0.7777777777777778,0.345679012345679,0.654320987654321,0.8148148148148148,,,,,,,
physgp_rich,random,11,407,0.21149518600740339,0.13087359593495,0.46153846153846156,1.0,0.631578947368421,6,0.7901234567901234,0.37037037037037035,0.691358024691358,0.8518518518518519,,,,,,,
simgp_rich,random,11,407,0.0732688013625658,0.05307955879482448,0.75,1.0,0.8571428571428571,6,0.9753086419753086,0.7407407407407407,0.9506172839506173,0.9876543209876543,,,,,,,
mean_of_samples,random,11,407,0.24487658384214275,0.1970793415230427,1.0,0.0,0.0,6,,,,,,,,,,,
nearest_sample,random,11,407,0.17970861302173993,0.12705296377087513,0.75,0.5,0.6,6,,,,,,,,,,,
decay_only,random,11,407,0.2538104415598644,0.20181508148553123,0.3076923076923077,0.6666666666666666,0.42105263157894735,6,,,,,,,,,,,
simgp_core,random,12,407,0.08326988287730931,0.05771535004102092,0.75,1.0,0.8571428571428571,6,0.9875,0.8125,0.975,0.9875,0.25,0.6,0.0,0.85,1.1,0.95,0.8888888888888888
simgp_core_nogp,random,12,407,0.08001575356495447,0.05382082201021561,0.75,1.0,0.8571428571428571,6,0.95,0.575,0.925,0.9625,,,,,,,
simgp_core_g75,random,12,407,0.11903273911288562,0.07007550527560666,0.45454545454545453,0.8333333333333334,0.5882352941176471,6,0.6125,0.3375,0.4875,0.7,,,,,,,
physgp_core,random,12,407,0.20155396422026514,0.11664105744749405,0.5,1.0,0.6666666666666666,6,0.75,0.35,0.6125,0.7875,,,,,,,
physgp_rich,random,12,407,0.21634644040529127,0.13203804111121137,0.46153846153846156,1.0,0.631578947368421,6,0.725,0.375,0.6375,0.825,,,,,,,
simgp_rich,random,12,407,0.07854237788303119,0.056594490552566844,0.75,1.0,0.8571428571428571,6,0.9625,0.6625,0.9375,0.975,,,,,,,
pinn_rich,random,12,407,0.1512743103398984,0.10389741902747626,0.8333333333333334,0.8333333333333334,0.8333333333333334,6,0.3125,0.125,0.2875,0.4,,,,,,,
mean_of_samples,random,12,407,0.24902865753408657,0.2021214581813425,1.0,0.0,0.0,6,,,,,,,,,,,
nearest_sample,random,12,407,0.18100801293024382,0.12890687653778862,0.75,0.5,0.6,6,,,,,,,,,,,
decay_only,random,12,407,0.265824054302566,0.21259292717847114,0.3076923076923077,0.6666666666666666,0.42105263157894735,6,,,,,,,,,,,
simgp_core,random,13,407,0.08018343678956875,0.054033228629608,0.75,1.0,0.8571428571428571,6,0.9746835443037974,0.7468354430379747,0.9113924050632911,0.9873417721518988,0.25,0.6,0.0,0.85,1.1,0.95,0.8888888888888888
simgp_core_nogp,random,13,407,0.0799628174418687,0.05294602978534553,0.75,1.0,0.8571428571428571,6,0.9493670886075949,0.5949367088607594,0.9113924050632911,0.9620253164556962,,,,,,,
simgp_core_g75,random,13,407,0.11975670497987505,0.07069192130538483,0.4166666666666667,0.8333333333333334,0.5555555555555556,6,0.7848101265822784,0.43037974683544306,0.7341772151898734,0.8227848101265823,,,,,,,
physgp_core,random,13,407,0.20350972192052894,0.1203011413861773,0.4,1.0,0.5714285714285715,6,0.7215189873417721,0.3037974683544304,0.5822784810126582,0.7848101265822784,,,,,,,
physgp_rich,random,13,407,0.21614527984999282,0.13195861555541147,0.375,1.0,0.5454545454545454,6,0.7341772151898734,0.31645569620253167,0.5822784810126582,0.7974683544303798,,,,,,,
simgp_rich,random,13,407,0.07498733375086157,0.05282467877213898,0.75,1.0,0.8571428571428571,6,0.9746835443037974,0.7215189873417721,0.9240506329113924,0.9873417721518988,,,,,,,
mean_of_samples,random,13,407,0.2479258770398143,0.2004374881862896,1.0,0.0,0.0,6,,,,,,,,,,,
nearest_sample,random,13,407,0.1715390803092097,0.1225020487294497,0.75,0.5,0.6,6,,,,,,,,,,,
decay_only,random,13,407,0.2623236995182901,0.20876040552841718,0.3076923076923077,0.6666666666666666,0.42105263157894735,6,,,,,,,,,,,
simgp_core,random,14,407,0.06225202221301559,0.04474931070611918,1.0,1.0,1.0,6,0.9871794871794872,0.782051282051282,0.9487179487179487,0.9871794871794872,0.25,0.6,0.5,0.85,1.1,1.0,0.8888888888888888
simgp_core_nogp,random,14,407,0.05796061550015247,0.0397463543916203,1.0,1.0,1.0,6,0.9487179487179487,0.6538461538461539,0.8974358974358975,0.9615384615384616,,,,,,,
simgp_core_g75,random,14,407,0.05715460229936567,0.040924379209313355,1.0,0.6666666666666666,0.8,6,0.8589743589743589,0.48717948717948717,0.7692307692307693,0.9230769230769231,,,,,,,
physgp_core,random,14,407,0.15925227655715782,0.09886884562583145,1.0,0.8333333333333334,0.9090909090909091,6,0.5897435897435898,0.20512820512820512,0.5,0.6153846153846154,,,,,,,
physgp_rich,random,14,407,0.1939634561959425,0.12520694098433305,0.7142857142857143,0.8333333333333334,0.7692307692307692,6,0.6410256410256411,0.21794871794871795,0.5769230769230769,0.6794871794871795,,,,,,,
simgp_rich,random,14,407,0.059371548376433166,0.043653743475208104,1.0,1.0,1.0,6,0.9615384615384616,0.6282051282051282,0.9487179487179487,0.9743589743589743,,,,,,,
mean_of_samples,random,14,407,0.24994894243620253,0.2031147332110028,1.0,0.0,0.0,6,,,,,,,,,,,
nearest_sample,random,14,407,0.15482018957399354,0.10946455011348277,0.75,0.5,0.6,6,,,,,,,,,,,
decay_only,random,14,407,0.26291256556581327,0.2175767192966167,1.0,0.0,0.0,6,,,,,,,,,,,
simgp_core,random,15,407,0.05876385911561763,0.04275033285382456,1.0,1.0,1.0,6,0.974025974025974,0.7272727272727273,0.922077922077922,0.987012987012987,0.25,0.6,0.5,0.85,1.1,1.0,0.8888888888888888
simgp_core_nogp,random,15,407,0.05856900674066005,0.040344866770768886,1.0,1.0,1.0,6,0.948051948051948,0.5974025974025974,0.8961038961038961,0.948051948051948,,,,,,,
simgp_core_g75,random,15,407,0.04888851319096272,0.03793006178325759,0.8333333333333334,0.8333333333333334,0.8333333333333334,6,0.9090909090909091,0.4805194805194805,0.8181818181818182,0.922077922077922,,,,,,,
physgp_core,random,15,407,0.16594903289398538,0.10384233452018723,1.0,0.8333333333333334,0.9090909090909091,6,0.5454545454545454,0.24675324675324675,0.4805194805194805,0.5714285714285714,,,,,,,
physgp_rich,random,15,407,0.20178846500519082,0.13160854066030878,0.8333333333333334,0.8333333333333334,0.8333333333333334,6,0.7142857142857143,0.18181818181818182,0.5844155844155844,0.7142857142857143,,,,,,,
simgp_rich,random,15,407,0.053327038175753357,0.03981867082478105,1.0,1.0,1.0,6,0.974025974025974,0.6233766233766234,0.935064935064935,1.0,,,,,,,
pinn_rich,random,15,407,0.1567564808227689,0.10816454375088883,1.0,0.8333333333333334,0.9090909090909091,6,0.35064935064935066,0.11688311688311688,0.22077922077922077,0.4155844155844156,,,,,,,
mean_of_samples,random,15,407,0.2517984594056862,0.20546255629716073,1.0,0.0,0.0,6,,,,,,,,,,,
nearest_sample,random,15,407,0.1521394982210544,0.11105414296159753,0.75,0.5,0.6,6,,,,,,,,,,,
decay_only,random,15,407,0.26610843096905057,0.22080837405762435,1.0,0.0,0.0,6,,,,,,,,,,,
simgp_core,uncertainty,3,407,0.09146049047876699,0.05013774872166263,0.6153846153846154,0.8888888888888888,0.7272727272727274,9,1.0,0.8539325842696629,0.9887640449438202,1.0,0.1,1.0,1.0,1.15,1.1,1.1,0.8888888888888888
simgp_core,uncertainty,4,407,0.05761200543963756,0.040376574813344474,0.6666666666666666,0.8888888888888888,0.761904761904762,9,1.0,0.9090909090909091,0.9886363636363636,1.0,0.25,0.6,1.0,0.85,0.9,0.95,0.8888888888888888
simgp_core,uncertainty,5,407,0.049309103462844735,0.034091508459480044,1.0,0.7777777777777778,0.8750000000000001,9,1.0,0.9080459770114943,1.0,1.0,0.25,0.6,1.0,1.0,1.1,0.9,0.7777777777777778
simgp_core,uncertainty,6,407,0.046128607253903164,0.03315828506830193,1.0,0.7777777777777778,0.8750000000000001,9,1.0,0.9069767441860465,0.9883720930232558,1.0,0.25,0.6,1.0,1.0,1.1,0.9,0.7777777777777778
simgp_core,uncertainty,7,407,0.04541381136293728,0.03201729231086366,1.0,0.75,0.8571428571428571,8,1.0,0.8823529411764706,0.9764705882352941,1.0,0.4,0.6,1.0,1.0,1.1,0.9,0.7777777777777778
simgp_core,uncertainty,8,407,0.05474041532295315,0.04083929923834607,1.0,0.42857142857142855,0.6,7,0.9880952380952381,0.8333333333333334,0.9761904761904762,1.0,0.4,0.6,1.0,1.0,1.1,0.95,0.5555555555555556
simgp_core,uncertainty,9,407,0.05481968664096818,0.04093717983548631,1.0,0.3333333333333333,0.5,6,0.9879518072289156,0.8192771084337349,0.963855421686747,1.0,0.25,0.6,1.0,1.0,1.1,0.9,0.5555555555555556
simgp_core,uncertainty,10,407,0.05016238156947476,0.0359237668710185,1.0,0.8,0.888888888888889,5,1.0,0.9146341463414634,0.9634146341463414,1.0,0.25,0.6,1.0,1.0,1.1,0.9,0.8888888888888888
simgp_core,uncertainty,11,407,0.05116165288874451,0.03610776292608079,1.0,0.8,0.888888888888889,5,0.9876543209876543,0.8888888888888888,0.9629629629629629,1.0,0.25,0.6,1.0,1.0,1.1,0.9,0.8888888888888888
simgp_core,uncertainty,12,407,0.052351299832327544,0.03674030128425946,1.0,0.75,0.8571428571428571,4,0.975,0.8875,0.9625,1.0,0.25,0.6,1.0,1.0,1.1,0.9,0.7777777777777778
simgp_core,uncertainty,13,407,0.05158469464134062,0.03542801697507749,1.0,0.75,0.8571428571428571,4,0.9746835443037974,0.8860759493670886,0.9620253164556962,1.0,0.25,0.6,1.0,1.0,1.1,0.9,0.7777777777777778
simgp_core,uncertainty,14,407,0.05189440579683729,0.03589806442173503,1.0,0.75,0.8571428571428571,4,0.9743589743589743,0.7948717948717948,0.9487179487179487,0.9871794871794872,0.25,0.6,1.0,1.0,1.1,0.9,0.7777777777777778
simgp_core,uncertainty,15,407,0.05119852755171946,0.034833627086108473,1.0,0.75,0.8571428571428571,4,0.974025974025974,0.7922077922077922,0.948051948051948,0.987012987012987,0.25,0.6,1.0,1.0,1.1,0.9,0.7777777777777778
simgp_core,straddle,3,407,0.09140037987518342,0.054702367872462423,0.6666666666666666,0.8888888888888888,0.761904761904762,9,1.0,0.8764044943820225,1.0,1.0,0.55,0.6,0.0,1.15,0.9,0.9,0.8888888888888888
simgp_core,straddle,4,407,0.07218217795325271,0.04493639234521473,1.0,0.8888888888888888,0.9411764705882353,9,1.0,0.9090909090909091,0.9886363636363636,1.0,0.55,0.6,0.0,1.15,0.9,0.9,0.8888888888888888
simgp_core,straddle,5,407,0.05055923435929069,0.03962113740643316,1.0,0.7777777777777778,0.8750000000000001,9,1.0,0.9195402298850575,0.9885057471264368,1.0,0.1,0.6,1.0,1.0,1.1,0.9,0.7777777777777778
simgp_core,straddle,6,407,0.04451532900019675,0.03038214099591481,0.8,1.0,0.888888888888889,8,1.0,0.8837209302325582,1.0,1.0,0.55,0.6,1.0,1.0,1.1,0.95,1.0
simgp_core,straddle,7,407,0.07206308320195753,0.05558739666312225,0.6363636363636364,1.0,0.7777777777777778,7,0.9647058823529412,0.8,0.9529411764705882,0.9764705882352941,0.7,0.6,1.0,1.0,1.1,0.95,1.0
simgp_core,straddle,8,407,0.06513987830888905,0.052555714599013814,0.6363636363636364,1.0,0.7777777777777778,7,0.9642857142857143,0.8095238095238095,0.9523809523809523,0.9761904761904762,0.7,0.6,1.0,1.0,1.1,1.0,1.0
simgp_core,straddle,9,407,0.0648228006168934,0.05100143763301416,0.6,1.0,0.7499999999999999,6,0.9759036144578314,0.8433734939759037,0.963855421686747,0.9759036144578314,0.7,0.6,1.0,1.0,1.1,1.0,1.0
simgp_core,straddle,10,407,0.06376296892511071,0.05203199651361918,1.0,1.0,1.0,6,0.975609756097561,0.7682926829268293,0.9634146341463414,0.975609756097561,0.7,0.6,1.0,1.0,1.1,1.0,1.0
simgp_core,straddle,11,407,0.07844972391539791,0.06350854225515354,1.0,0.8333333333333334,0.9090909090909091,6,0.9629629629629629,0.5555555555555556,0.8271604938271605,0.9629629629629629,0.7,0.6,1.0,1.0,1.1,1.0,0.8888888888888888
simgp_core,straddle,12,407,0.08839012740554113,0.06779505044227263,1.0,1.0,1.0,5,0.95,0.525,0.925,0.9625,0.7,0.6,1.0,1.0,1.1,1.05,0.8888888888888888
simgp_core,straddle,13,407,0.07639355089674195,0.06242217992832743,1.0,1.0,1.0,5,0.9620253164556962,0.4936708860759494,0.8607594936708861,0.9620253164556962,0.7,0.6,1.0,1.0,1.1,1.0,0.8888888888888888
simgp_core,straddle,14,407,0.09380451403112017,0.07123933263648084,1.0,1.0,1.0,4,0.9358974358974359,0.48717948717948717,0.9230769230769231,0.9487179487179487,0.7,0.6,1.0,1.0,1.1,1.0,0.8888888888888888
simgp_core,straddle,15,407,0.09316295028448153,0.07096172690327152,1.0,1.0,1.0,3,0.935064935064935,0.4935064935064935,0.922077922077922,0.948051948051948,0.55,0.6,1.0,1.0,1.1,0.95,0.8888888888888888
