model,strategy,n,seed,rmse,mae,precision,recall,f1,n_true_viol,coverage90,coverage50,coverage80,coverage95,map_kb,map_kw,map_gamma,map_demand,map_rough,map_dose,recall_all
simgp_core,random,3,0,0.10471573434931848,0.06966254724931842,0.75,0.8181818181818182,0.7826086956521738,11,1.0,0.7752808988764045,0.9887640449438202,1.0,0.7,0.6,1.0,1.15,1.0,1.0,0.8181818181818182
simgp_core_nogp,random,3,0,0.10475378756960495,0.0702288631745637,0.75,0.8181818181818182,0.7826086956521738,11,1.0,0.6966292134831461,0.9887640449438202,1.0,,,,,,,
simgp_core_g75,random,3,0,0.1323201067225246,0.07763028158385421,0.5,0.7272727272727273,0.5925925925925926,11,0.8539325842696629,0.7640449438202247,0.8539325842696629,0.8651685393258427,,,,,,,
physgp_core,random,3,0,0.27479301340141943,0.21668468567695287,0.3333333333333333,0.45454545454545453,0.3846153846153846,11,0.4157303370786517,0.11235955056179775,0.25842696629213485,0.5393258426966292,,,,,,,
physgp_rich,random,3,0,0.2751423790515642,0.21623995049442776,0.3333333333333333,0.45454545454545453,0.3846153846153846,11,0.8089887640449438,0.47191011235955055,0.7191011235955056,0.8314606741573034,,,,,,,
simgp_rich,random,3,0,0.10518572688536383,0.07046996989878161,0.75,0.8181818181818182,0.7826086956521738,11,1.0,0.8202247191011236,0.9887640449438202,1.0,,,,,,,
pinn_rich,random,3,0,0.19503428273623669,0.12778954158469258,1.0,0.0,0.0,11,0.42696629213483145,0.1797752808988764,0.3258426966292135,0.47191011235955055,,,,,,,
mean_of_samples,random,3,0,0.28303534253481266,0.2274114340270857,1.0,0.0,0.0,11,,,,,,,,,,,
nearest_sample,random,3,0,0.22781194587807815,0.1700204044580455,1.0,0.0,0.0,11,,,,,,,,,,,
decay_only,random,3,0,0.27620533975727213,0.21891326396801009,0.3333333333333333,0.45454545454545453,0.3846153846153846,11,,,,,,,,,,,
simgp_core,random,4,0,0.1041589741574896,0.0704186522655256,0.75,0.8181818181818182,0.7826086956521738,11,1.0,0.7840909090909091,0.9886363636363636,1.0,0.7,0.6,1.0,1.15,1.0,1.0,0.8181818181818182
simgp_core_nogp,random,4,0,0.10044953137321651,0.06679804211531447,0.7272727272727273,0.7272727272727273,0.7272727272727273,11,0.9886363636363636,0.7159090909090909,0.9886363636363636,1.0,,,,,,,
simgp_core_g75,random,4,0,0.13337739641364907,0.07956334103657929,0.5294117647058824,0.8181818181818182,0.6428571428571428,11,0.8068181818181818,0.6136363636363636,0.7613636363636364,0.8636363636363636,,,,,,,
physgp_core,random,4,0,0.2685377560249153,0.19799227423763044,0.3333333333333333,0.45454545454545453,0.3846153846153846,11,0.6931818181818182,0.4431818181818182,0.6477272727272727,0.7045454545454546,,,,,,,
physgp_rich,random,4,0,0.24233318962724007,0.16884971522467893,0.3333333333333333,0.45454545454545453,0.3846153846153846,11,0.8068181818181818,0.48863636363636365,0.7727272727272727,0.8068181818181818,,,,,,,
simgp_rich,random,4,0,0.10219735543018905,0.0681891043006812,0.7272727272727273,0.7272727272727273,0.7272727272727273,11,0.9886363636363636,0.8409090909090909,0.9886363636363636,1.0,,,,,,,
mean_of_samples,random,4,0,0.28298699930089993,0.22357553935540073,1.0,0.0,0.0,11,,,,,,,,,,,
nearest_sample,random,4,0,0.22467693008610815,0.16017435827631205,1.0,0.0,0.0,11,,,,,,,,,,,
decay_only,random,4,0,0.258606143651081,0.20106611100708027,0.3333333333333333,0.45454545454545453,0.3846153846153846,11,,,,,,,,,,,
simgp_core,random,5,0,0.06426015994611967,0.03366281300417322,1.0,0.8181818181818182,0.9,11,1.0,0.9540229885057471,0.9885057471264368,1.0,0.4,0.6,1.0,0.85,0.9,1.05,0.8181818181818182
simgp_core_nogp,random,5,0,0.07943384546246535,0.051569840231498396,1.0,0.7272727272727273,0.8421052631578948,11,0.9885057471264368,0.8045977011494253,0.9885057471264368,1.0,,,,,,,
simgp_core_g75,random,5,0,0.1053589881746204,0.07021224377005378,1.0,1.0,1.0,11,0.735632183908046,0.4367816091954023,0.6551724137931034,0.8160919540229885,,,,,,,
physgp_core,random,5,0,0.20501299901972517,0.13140615069266545,1.0,0.0,0.0,11,0.8045977011494253,0.4367816091954023,0.7126436781609196,0.896551724137931,,,,,,,
physgp_rich,random,5,0,0.20172255193088545,0.1261104494315175,1.0,0.0,0.0,11,0.7586206896551724,0.5402298850574713,0.7241379310344828,0.8850574712643678,,,,,,,
simgp_rich,random,5,0,0.08100120097386088,0.05266258761803408,1.0,0.7272727272727273,0.8421052631578948,11,0.9885057471264368,0.9080459770114943,0.9885057471264368,1.0,,,,,,,
pinn_rich,random,5,0,0.1716859527218085,0.11290401476298462,1.0,0.0,0.0,11,0.4482758620689655,0.2413793103448276,0.367816091954023,0.47126436781609193,,,,,,,
mean_of_samples,random,5,0,0.2845636878229652,0.2260233297881789,1.0,0.0,0.0,11,,,,,,,,,,,
nearest_sample,random,5,0,0.18094501079697303,0.13639760788947894,1.0,0.0,0.0,11,,,,,,,,,,,
decay_only,random,5,0,0.2915983039614592,0.23585161103431654,1.0,0.0,0.0,11,,,,,,,,,,,
simgp_core,random,6,0,0.0842679107456101,0.04897324877013821,1.0,0.6,0.7499999999999999,10,0.9883720930232558,0.8953488372093024,0.9883720930232558,0.9883720930232558,0.7,0.6,1.0,1.15,0.9,1.0,0.6363636363636364
simgp_core_nogp,random,6,0,0.08937925973415019,0.05371737553023917,1.0,0.6,0.7499999999999999,10,0.9883720930232558,0.6976744186046512,0.9883720930232558,0.9883720930232558,,,,,,,
simgp_core_g75,random,6,0,0.09353404363806224,0.06462745422251044,1.0,0.8,0.888888888888889,10,0.7209302325581395,0.43023255813953487,0.6511627906976745,0.7674418604651163,,,,,,,
physgp_core,random,6,0,0.21492458743805196,0.12414237754145581,1.0,0.7,0.8235294117647058,10,0.7906976744186046,0.5116279069767442,0.7674418604651163,0.8255813953488372,,,,,,,
physgp_rich,random,6,0,0.25105282138842133,0.15411834258404955,1.0,0.6,0.7499999999999999,10,0.9069767441860465,0.5465116279069767,0.8488372093023255,0.9186046511627907,,,,,,,
simgp_rich,random,6,0,0.08916095216367179,0.05315769025842373,1.0,0.6,0.7499999999999999,10,0.9883720930232558,0.8604651162790697,0.9883720930232558,0.9883720930232558,,,,,,,
mean_of_samples,random,6,0,0.29089362980405065,0.2356168484900608,1.0,0.0,0.0,10,,,,,,,,,,,
nearest_sample,random,6,0,0.17931217317061215,0.13297258550283209,1.0,0.3,0.4615384615384615,10,,,,,,,,,,,
decay_only,random,6,0,0.30474031812636776,0.2481475261532808,1.0,0.0,0.0,10,,,,,,,,,,,
simgp_core,random,7,0,0.09467331318472035,0.05733653497038384,1.0,0.8,0.888888888888889,10,0.9882352941176471,0.8235294117647058,0.9764705882352941,0.9882352941176471,0.7,0.6,1.0,1.15,0.9,1.0,0.8181818181818182
simgp_core_nogp,random,7,0,0.09066217385848535,0.05453862468316461,1.0,0.6,0.7499999999999999,10,0.9882352941176471,0.6941176470588235,0.9882352941176471,0.9882352941176471,,,,,,,
simgp_core_g75,random,7,0,0.10445081233063047,0.07242237444835999,1.0,0.8,0.888888888888889,10,0.6235294117647059,0.35294117647058826,0.5411764705882353,0.6588235294117647,,,,,,,
physgp_core,random,7,0,0.2295061153280198,0.15312068352659955,1.0,0.7,0.8235294117647058,10,0.4470588235294118,0.17647058823529413,0.3764705882352941,0.5176470588235295,,,,,,,
physgp_rich,random,7,0,0.24338426629520998,0.15860231473142256,1.0,0.5,0.6666666666666666,10,0.8705882352941177,0.3176470588235294,0.7411764705882353,0.8705882352941177,,,,,,,
simgp_rich,random,7,0,0.09059465609135675,0.05470419434473886,1.0,0.6,0.7499999999999999,10,0.9882352941176471,0.8235294117647058,0.9882352941176471,0.9882352941176471,,,,,,,
mean_of_samples,random,7,0,0.28659317876359647,0.2310474953724592,1.0,0.0,0.0,10,,,,,,,,,,,
nearest_sample,random,7,0,0.19965358664249463,0.1512449495306727,1.0,0.3,0.4615384615384615,10,,,,,,,,,,,
decay_only,random,7,0,0.2910970751353199,0.23562745861661252,1.0,0.0,0.0,10,,,,,,,,,,,
simgp_core,random,8,0,0.09569375493228936,0.06085050425017097,1.0,0.8,0.888888888888889,10,0.9880952380952381,0.7857142857142857,0.9761904761904762,0.9880952380952381,0.7,0.6,1.0,1.15,0.9,1.0,0.8181818181818182
simgp_core_nogp,random,8,0,0.09278505418770505,0.05556315040365041,1.0,0.6,0.7499999999999999,10,0.9880952380952381,0.6547619047619048,0.9761904761904762,0.9880952380952381,,,,,,,
simgp_core_g75,random,8,0,0.10201847646643099,0.0727811356410194,1.0,0.7,0.8235294117647058,10,0.6309523809523809,0.34523809523809523,0.5,0.7261904761904762,,,,,,,
physgp_core,random,8,0,0.229916414363224,0.15316845337804713,1.0,0.7,0.8235294117647058,10,0.4880952380952381,0.19047619047619047,0.34523809523809523,0.6071428571428571,,,,,,,
physgp_rich,random,8,0,0.2290439085914381,0.14271245239567842,1.0,0.6,0.7499999999999999,10,0.8214285714285714,0.44047619047619047,0.7023809523809523,0.8928571428571429,,,,,,,
simgp_rich,random,8,0,0.09190611372455179,0.05873774682096406,1.0,0.7,0.8235294117647058,10,0.9880952380952381,0.6904761904761905,0.9761904761904762,0.9880952380952381,,,,,,,
pinn_rich,random,8,0,0.16187154135216011,0.10472122727487691,1.0,0.4,0.5714285714285715,10,0.4880952380952381,0.21428571428571427,0.36904761904761907,0.5714285714285714,,,,,,,
mean_of_samples,random,8,0,0.2935295593026627,0.23721821607728216,1.0,0.0,0.0,10,,,,,,,,,,,
nearest_sample,random,8,0,0.20019984637657823,0.1505014472534211,1.0,0.3,0.4615384615384615,10,,,,,,,,,,,
decay_only,random,8,0,0.3069230129312672,0.24922797935115,1.0,0.0,0.0,10,,,,,,,,,,,
simgp_core,random,9,0,0.09299644741115075,0.05657394589537712,1.0,0.8,0.888888888888889,10,0.9879518072289156,0.8072289156626506,0.9879518072289156,0.9879518072289156,0.1,0.6,1.0,0.85,1.1,1.0,0.8181818181818182
simgp_core_nogp,random,9,0,0.09204985621190188,0.05601584995145712,1.0,0.6,0.7499999999999999,10,0.9879518072289156,0.6506024096385542,0.963855421686747,0.9879518072289156,,,,,,,
simgp_core_g75,random,9,0,0.10331805825315024,0.07344870745282531,1.0,0.7,0.8235294117647058,10,0.6385542168674698,0.3253012048192771,0.4819277108433735,0.7108433734939759,,,,,,,
physgp_core,random,9,0,0.232162364213539,0.1574505033748563,1.0,0.7,0.8235294117647058,10,0.3614457831325301,0.18072289156626506,0.30120481927710846,0.4457831325301205,,,,,,,
physgp_rich,random,9,0,0.2295680820778911,0.1477701555255741,1.0,0.6,0.7499999999999999,10,0.8072289156626506,0.43373493975903615,0.6506024096385542,0.8795180722891566,,,,,,,
simgp_rich,random,9,0,0.09217913104994654,0.056741126341334026,1.0,0.6,0.7499999999999999,10,0.9879518072289156,0.7710843373493976,0.9879518072289156,0.9879518072289156,,,,,,,
mean_of_samples,random,9,0,0.2917294842671062,0.23534034234403678,1.0,0.0,0.0,10,,,,,,,,,,,
nearest_sample,random,9,0,0.20465677530636533,0.15565323375319937,1.0,0.3,0.4615384615384615,10,,,,,,,,,,,
decay_only,random,9,0,0.299805764151954,0.24286242829335225,1.0,0.0,0.0,10,,,,,,,,,,,
simgp_core,random,10,0,0.09288119863484294,0.05886388740473236,1.0,1.0,1.0,10,0.9878048780487805,0.8292682926829268,0.975609756097561,0.9878048780487805,0.1,0.6,1.0,0.85,1.1,1.0,1.0
simgp_core_nogp,random,10,0,0.09097012540351262,0.056851248200502275,1.0,0.7,0.8235294117647058,10,0.9878048780487805,0.6341463414634146,0.9634146341463414,0.9878048780487805,,,,,,,
simgp_core_g75,random,10,0,0.07958465975267937,0.055482623047898895,0.8888888888888888,0.8,0.8421052631578948,10,0.7682926829268293,0.3780487804878049,0.6585365853658537,0.8048780487804879,,,,,,,
physgp_core,random,10,0,0.2252538839617436,0.1475204297807374,1.0,0.7,0.8235294117647058,10,0.6585365853658537,0.2926829268292683,0.47560975609756095,0.8048780487804879,,,,,,,
physgp_rich,random,10,0,0.23784220956176802,0.1482709795050961,1.0,0.6,0.7499999999999999,10,0.8292682926829268,0.4268292682926829,0.6707317073170732,0.8536585365853658,,,,,,,
simgp_rich,random,10,0,0.0888736483718908,0.06167434298208738,1.0,0.7,0.8235294117647058,10,0.9878048780487805,0.6463414634146342,0.975609756097561,0.9878048780487805,,,,,,,
pinn_rich,random,10,0,0.16767401164732954,0.10928630966568219,1.0,0.3,0.4615384615384615,10,0.43902439024390244,0.24390243902439024,0.3902439024390244,0.5121951219512195,,,,,,,
mean_of_samples,random,10,0,0.2950654423154442,0.2393205745994564,1.0,0.0,0.0,10,,,,,,,,,,,
nearest_sample,random,10,0,0.2041939948402836,0.15383940495885243,1.0,0.3,0.4615384615384615,10,,,,,,,,,,,
decay_only,random,10,0,0.3027393190916607,0.2467207208592923,1.0,0.0,0.0,10,,,,,,,,,,,
simgp_core,random,11,0,0.09068107360021686,0.056540230831827167,1.0,1.0,1.0,10,0.9876543209876543,0.7530864197530864,0.9629629629629629,1.0,0.1,0.6,1.0,0.85,1.1,1.0,1.0
simgp_core_nogp,random,11,0,0.09112213747086458,0.05658873260229491,1.0,0.6,0.7499999999999999,10,0.9876543209876543,0.6296296296296297,0.9629629629629629,0.9876543209876543,,,,,,,
simgp_core_g75,random,11,0,0.08471372505205059,0.0597457132435117,0.875,0.7,0.7777777777777777,10,0.7407407407407407,0.38271604938271603,0.5802469135802469,0.7654320987654321,,,,,,,
physgp_core,random,11,0,0.17978694946245963,0.12171180570174708,0.7,0.7,0.7,10,0.5925925925925926,0.19753086419753085,0.4567901234567901,0.6172839506172839,,,,,,,
physgp_rich,random,11,0,0.23913418567379524,0.15236694392299582,1.0,0.6,0.7499999999999999,10,0.7901234567901234,0.3950617283950617,0.6419753086419753,0.8395061728395061,,,,,,,
simgp_rich,random,11,0,0.08554822334435214,0.05203725856667354,0.875,0.7,0.7777777777777777,10,0.9876543209876543,0.8271604938271605,0.9753086419753086,0.9876543209876543,,,,,,,
mean_of_samples,random,11,0,0.2914477510543049,0.23528351408659595,1.0,0.0,0.0,10,,,,,,,,,,,
nearest_sample,random,11,0,0.2004592860720326,0.1455667667447562,1.0,0.3,0.4615384615384615,10,,,,,,,,,,,
decay_only,random,11,0,0.29439236402268687,0.23866399181392195,1.0,0.0,0.0,10,,,,,,,,,,,
simgp_core,random,12,0,0.08757300331916447,0.05349230961218861,1.0,0.9,0.9473684210526316,10,0.975,0.825,0.975,0.9875,0.1,0.6,1.0,0.85,1.1,1.0,0.9090909090909091
simgp_core_nogp,random,12,0,0.0856920658882253,0.05396055432182789,1.0,0.6,0.7499999999999999,10,0.9875,0.675,0.9625,0.9875,,,,,,,
simgp_core_g75,random,12,0,0.09815799184173694,0.06616079285842631,0.8571428571428571,0.6,0.7058823529411764,10,0.7625,0.5,0.725,0.775,,,,,,,
physgp_core,random,12,0,0.15323713638781686,0.10375163135932772,0.4,0.2,0.26666666666666666,10,0.775,0.3,0.6875,0.8375,,,,,,,
physgp_rich,random,12,0,0.25030285051099266,0.16108153499666625,1.0,0.7,0.8235294117647058,10,0.85,0.4375,0.7375,0.8875,,,,,,,
simgp_rich,random,12,0,0.09063018043020016,0.061431066337342764,0.8571428571428571,0.6,0.7058823529411764,10,0.95,0.7125,0.925,0.975,,,,,,,
pinn_rich,random,12,0,0.1655285999196619,0.10686518027188033,1.0,0.3,0.4615384615384615,10,0.4375,0.2,0.375,0.5,,,,,,,
mean_of_samples,random,12,0,0.28863494892253383,0.23157178354687913,1.0,0.0,0.0,10,,,,,,,,,,,
nearest_sample,random,12,0,0.18807687510655943,0.1354541947940459,1.0,0.3,0.4615384615384615,10,,,,,,,,,,,
decay_only,random,12,0,0.2869032010285614,0.23122541500818466,1.0,0.0,0.0,10,,,,,,,,,,,
simgp_core,random,13,0,0.07993171686715062,0.04188769341915829,1.0,0.8,0.888888888888889,10,0.9873417721518988,0.9113924050632911,0.9746835443037974,0.9873417721518988,0.1,0.6,1.0,0.85,1.1,1.0,0.8181818181818182
simgp_core_nogp,random,13,0,0.08736148639645666,0.05326164277859721,1.0,0.6,0.7499999999999999,10,0.9873417721518988,0.6075949367088608,0.9620253164556962,0.9873417721518988,,,,,,,
simgp_core_g75,random,13,0,0.08261994041967495,0.05188615053573217,0.875,0.7,0.7777777777777777,10,0.7468354430379747,0.5822784810126582,0.6962025316455697,0.8481012658227848,,,,,,,
physgp_core,random,13,0,0.14971783058666302,0.10101260094080536,0.4,0.2,0.26666666666666666,10,0.759493670886076,0.31645569620253167,0.6455696202531646,0.810126582278481,,,,,,,
physgp_rich,random,13,0,0.2320353033747643,0.1465229984822713,1.0,0.6,0.7499999999999999,10,0.810126582278481,0.46835443037974683,0.7088607594936709,0.8607594936708861,,,,,,,
simgp_rich,random,13,0,0.0852129039351772,0.05340546729127959,1.0,0.6,0.7499999999999999,10,0.9873417721518988,0.7974683544303798,0.9873417721518988,0.9873417721518988,,,,,,,
mean_of_samples,random,13,0,0.28981077503475233,0.23300890229305005,1.0,0.0,0.0,10,,,,,,,,,,,
nearest_sample,random,13,0,0.1667618703500831,0.12047309694216113,1.0,0.3,0.4615384615384615,10,,,,,,,,,,,
decay_only,random,13,0,0.28585676378756775,0.23103465836646447,1.0,0.0,0.0,10,,,,,,,,,,,
simgp_core,random,14,0,0.0768293869555265,0.04112339504164808,1.0,0.8,0.888888888888889,10,0.9871794871794872,0.9102564102564102,0.9743589743589743,0.9871794871794872,0.1,0.6,1.0,0.85,1.1,1.0,0.8181818181818182
simgp_core_nogp,random,14,0,0.0847273102024598,0.05265750259781483,1.0,0.6,0.7499999999999999,10,0.9871794871794872,0.5769230769230769,0.9615384615384616,0.9871794871794872,,,,,,,
simgp_core_g75,random,14,0,0.08903892286307606,0.055530762608308915,0.875,0.7,0.7777777777777777,10,0.7692307692307693,0.5,0.6794871794871795,0.8461538461538461,,,,,,,
physgp_core,random,14,0,0.1563058677452783,0.10642920230282304,0.5714285714285714,0.4,0.47058823529411764,10,0.6794871794871795,0.2564102564102564,0.5769230769230769,0.7435897435897436,,,,,,,
physgp_rich,random,14,0,0.2161971778716024,0.12629792486674168,1.0,0.5,0.6666666666666666,10,0.8461538461538461,0.48717948717948717,0.782051282051282,0.8717948717948718,,,,,,,
simgp_rich,random,14,0,0.08309560145691854,0.049899425973176564,1.0,0.6,0.7499999999999999,10,0.9871794871794872,0.8333333333333334,0.9615384615384616,0.9871794871794872,,,,,,,
mean_of_samples,random,14,0,0.2906413604463564,0.23289788139744863,1.0,0.0,0.0,10,,,,,,,,,,,
nearest_sample,random,14,0,0.1664596029598918,0.1201238478819408,1.0,0.3,0.4615384615384615,10,,,,,,,,,,,
decay_only,random,14,0,0.2842683812613385,0.22951599962725006,1.0,0.0,0.0,10,,,,,,,,,,,
simgp_core,random,15,0,0.08168167774158816,0.043288213769358784,1.0,0.8,0.888888888888889,10,0.987012987012987,0.8961038961038961,0.974025974025974,0.987012987012987,0.1,0.6,1.0,0.85,1.1,1.0,0.8181818181818182
simgp_core_nogp,random,15,0,0.08989519532915474,0.055064915223608644,1.0,0.6,0.7499999999999999,10,0.987012987012987,0.6103896103896104,0.961038961038961,0.987012987012987,,,,,,,
simgp_core_g75,random,15,0,0.07137532660680637,0.04285228363093885,1.0,0.7,0.8235294117647058,10,0.7922077922077922,0.4025974025974026,0.7532467532467533,0.8181818181818182,,,,,,,
physgp_core,random,15,0,0.17361867701495481,0.11226072916410001,1.0,0.2,0.33333333333333337,10,0.8051948051948052,0.23376623376623376,0.6363636363636364,0.8701298701298701,,,,,,,
physgp_rich,random,15,0,0.2389290689762748,0.14974543347846714,1.0,0.5,0.6666666666666666,10,0.8311688311688312,0.44155844155844154,0.7012987012987013,0.8701298701298701,,,,,,,
simgp_rich,random,15,0,0.08710228334244852,0.05193949504827129,1.0,0.6,0.7499999999999999,10,0.987012987012987,0.8181818181818182,0.961038961038961,0.987012987012987,,,,,,,
pinn_rich,random,15,0,0.15952032476767722,0.10127469262032332,1.0,0.3,0.4615384615384615,10,0.44155844155844154,0.2727272727272727,0.3246753246753247,0.4935064935064935,,,,,,,
mean_of_samples,random,15,0,0.2929399593113352,0.2357603229280155,1.0,0.0,0.0,10,,,,,,,,,,,
nearest_sample,random,15,0,0.16102485201984124,0.11285635401899681,1.0,0.3,0.4615384615384615,10,,,,,,,,,,,
decay_only,random,15,0,0.29039489388153583,0.23456936160053055,1.0,0.0,0.0,10,,,,,,,,,,,
simgp_core,uncertainty,3,0,0.0999138317950633,0.06600333589581464,0.8,0.7272727272727273,0.761904761904762,11,0.9887640449438202,0.8764044943820225,0.9887640449438202,1.0,0.7,0.6,1.0,1.15,1.0,1.0,0.7272727272727273
simgp_core,uncertainty,4,0,0.05137778493395325,0.03762772403958975,1.0,0.7272727272727273,0.8421052631578948,11,1.0,0.9204545454545454,0.9886363636363636,1.0,0.7,0.6,1.0,1.15,1.0,1.0,0.7272727272727273
simgp_core,uncertainty,5,0,0.051800621223298406,0.041340787263433064,1.0,0.7272727272727273,0.8421052631578948,11,0.9885057471264368,0.7816091954022989,0.9885057471264368,1.0,0.1,0.6,1.0,0.85,1.1,1.05,0.7272727272727273
simgp_core,uncertainty,6,0,0.04593802645895831,0.037046268457585296,1.0,0.6363636363636364,0.7777777777777778,11,0.9883720930232558,0.8023255813953488,0.9883720930232558,1.0,0.1,0.6,1.0,0.85,1.1,1.05,0.6363636363636364
simgp_core,uncertainty,7,0,0.04969694663441574,0.03866804843314651,1.0,0.8,0.888888888888889,10,0.9882352941176471,0.7294117647058823,0.9882352941176471,1.0,0.55,0.6,1.0,1.0,1.1,1.05,0.8181818181818182
simgp_core,uncertainty,8,0,0.056404474979985866,0.04559098665897032,1.0,0.5555555555555556,0.7142857142857143,9,0.9880952380952381,0.7738095238095238,0.9761904761904762,0.9880952380952381,0.7,0.3,1.0,0.85,1.1,0.95,0.6363636363636364
simgp_core,uncertainty,9,0,0.06930783681061248,0.055470269992909105,1.0,0.7777777777777778,0.8750000000000001,9,0.963855421686747,0.6987951807228916,0.927710843373494,0.9759036144578314,0.55,0.6,1.0,1.0,1.1,1.1,0.8181818181818182
simgp_core,uncertainty,10,0,0.052218890682525734,0.04348830961426853,1.0,0.5,0.6666666666666666,8,0.9878048780487805,0.7195121951219512,0.9878048780487805,0.9878048780487805,0.4,0.6,1.0,1.0,1.1,1.0,0.6363636363636364
simgp_core,uncertainty,11,0,0.04682136914535524,0.03863278599592812,1.0,0.42857142857142855,0.6,7,0.9876543209876543,0.7654320987654321,0.9876543209876543,0.9876543209876543,0.4,0.6,1.0,0.85,1.0,1.1,0.6363636363636364
simgp_core,uncertainty,12,0,0.041325894895507836,0.03397095798227886,1.0,0.6666666666666666,0.8,6,0.9875,0.8375,0.9875,0.9875,0.4,0.6,1.0,0.85,1.1,1.1,0.8181818181818182
simgp_core,uncertainty,13,0,0.04030473613744413,0.03335532424605473,1.0,0.6,0.7499999999999999,5,0.9873417721518988,0.8481012658227848,0.9873417721518988,0.9873417721518988,0.4,0.6,1.0,0.85,1.1,1.1,0.8181818181818182
simgp_core,uncertainty,14,0,0.040058400854278454,0.034582011558174454,1.0,0.75,0.8571428571428571,4,1.0,0.9743589743589743,1.0,1.0,0.4,0.6,1.0,0.85,1.0,1.05,0.9090909090909091
simgp_core,uncertainty,15,0,0.04234682810620083,0.03681026926982184,1.0,0.25,0.4,4,1.0,0.961038961038961,1.0,1.0,0.4,0.6,1.0,0.85,1.0,1.1,0.7272727272727273
simgp_core,straddle,3,0,0.10487194704873833,0.07122172595105847,0.6875,1.0,0.8148148148148148,11,1.0,0.7865168539325843,1.0,1.0,0.1,1.0,0.5,1.15,1.0,1.1,1.0
simgp_core,straddle,4,0,0.06775070280253619,0.045294801424997165,0.8461538461538461,1.0,0.9166666666666666,11,1.0,0.8863636363636364,1.0,1.0,0.1,1.0,1.0,1.0,1.1,1.1,1.0
simgp_core,straddle,5,0,0.05035639162190056,0.0398430029399135,0.8461538461538461,1.0,0.9166666666666666,11,1.0,0.7701149425287356,1.0,1.0,0.1,1.0,1.0,1.0,1.1,1.1,1.0
simgp_core,straddle,6,0,0.03718780744695463,0.026457400880649514,1.0,1.0,1.0,11,0.9883720930232558,0.8953488372093024,0.9883720930232558,1.0,0.25,0.6,1.0,0.85,1.1,1.05,1.0
simgp_core,straddle,7,0,0.037805079218375906,0.027730044957786727,1.0,0.8,0.888888888888889,10,0.9882352941176471,0.8941176470588236,0.9882352941176471,0.9882352941176471,0.55,0.6,1.0,0.85,1.1,1.1,0.7272727272727273
simgp_core,straddle,8,0,0.03816049260850818,0.029331562673483993,1.0,0.7777777777777778,0.8750000000000001,9,0.9880952380952381,0.9047619047619048,0.9880952380952381,0.9880952380952381,0.4,0.6,1.0,0.85,1.1,1.05,0.7272727272727273
simgp_core,straddle,9,0,0.04012365437488162,0.03293610552136989,1.0,0.75,0.8571428571428571,8,0.9879518072289156,0.8795180722891566,0.9879518072289156,0.9879518072289156,0.4,0.6,1.0,0.85,1.0,1.0,0.6363636363636364
simgp_core,straddle,10,0,0.04891028680777716,0.03786989930820655,1.0,0.7142857142857143,0.8333333333333333,7,1.0,0.9024390243902439,1.0,1.0,0.4,0.6,1.0,0.85,1.0,1.0,0.6363636363636364
simgp_core,straddle,11,0,0.040166541111779426,0.03208506325328524,1.0,0.7142857142857143,0.8333333333333333,7,1.0,0.9382716049382716,1.0,1.0,0.4,0.6,1.0,0.85,1.0,1.0,0.6363636363636364
simgp_core,straddle,12,0,0.0485371379850622,0.038885799416147886,1.0,0.8333333333333334,0.9090909090909091,6,1.0,0.9625,1.0,1.0,0.4,0.6,1.0,0.85,1.0,1.0,0.6363636363636364
simgp_core,straddle,13,0,0.04660140127371514,0.036011151852123696,1.0,0.8333333333333334,0.9090909090909091,6,1.0,0.8987341772151899,1.0,1.0,0.4,0.6,1.0,0.85,1.0,1.0,0.6363636363636364
simgp_core,straddle,14,0,0.0484204106255217,0.03723826336793417,1.0,0.8333333333333334,0.9090909090909091,6,1.0,0.8974358974358975,1.0,1.0,0.4,0.6,1.0,0.85,1.0,1.0,0.6363636363636364
simgp_core,straddle,15,0,0.04970313629155541,0.03895895076318732,1.0,0.8,0.888888888888889,5,1.0,0.8961038961038961,1.0,1.0,0.4,0.6,1.0,0.85,1.0,1.0,0.6363636363636364
simgp_core,random,3,1,0.07527477906982374,0.044779898935409776,0.5833333333333334,1.0,0.7368421052631579,7,1.0,0.9213483146067416,1.0,1.0,0.7,0.6,1.0,1.15,1.1,0.9,1.0
simgp_core_nogp,random,3,1,0.07473884949173817,0.04352771007658812,0.5833333333333334,1.0,0.7368421052631579,7,1.0,0.9325842696629213,1.0,1.0,,,,,,,
simgp_core_g75,random,3,1,0.10723795494539226,0.05929630758450343,0.3684210526315789,1.0,0.5384615384615384,7,0.8314606741573034,0.5730337078651685,0.797752808988764,0.8426966292134831,,,,,,,
physgp_core,random,3,1,0.22883021599530776,0.16491783024860293,0.3181818181818182,1.0,0.4827586206896552,7,0.06741573033707865,0.033707865168539325,0.06741573033707865,0.06741573033707865,,,,,,,
physgp_rich,random,3,1,0.2297645177635921,0.16661256447991699,0.3181818181818182,1.0,0.4827586206896552,7,0.16853932584269662,0.07865168539325842,0.1348314606741573,0.21348314606741572,,,,,,,
simgp_rich,random,3,1,0.074745816038838,0.04354421591477517,0.5833333333333334,1.0,0.7368421052631579,7,1.0,0.9325842696629213,1.0,1.0,,,,,,,
pinn_rich,random,3,1,0.18652355785547134,0.13448471855055563,1.0,0.0,0.0,7,0.23595505617977527,0.07865168539325842,0.14606741573033707,0.24719101123595505,,,,,,,
mean_of_samples,random,3,1,0.2974624602708318,0.24015325423796258,1.0,0.0,0.0,7,,,,,,,,,,,
nearest_sample,random,3,1,0.198344328034606,0.14232291134311648,0.3333333333333333,0.14285714285714285,0.2,7,,,,,,,,,,,
decay_only,random,3,1,0.22976426468343938,0.16661188880818867,0.3181818181818182,1.0,0.4827586206896552,7,,,,,,,,,,,
simgp_core,random,4,1,0.07502360038367412,0.04413443503078118,0.5833333333333334,1.0,0.7368421052631579,7,1.0,0.9204545454545454,1.0,1.0,0.7,0.6,0.0,1.15,1.0,0.9,1.0
simgp_core_nogp,random,4,1,0.07501971343873627,0.044135818560691105,0.6363636363636364,1.0,0.7777777777777778,7,1.0,0.9204545454545454,1.0,1.0,,,,,,,
simgp_core_g75,random,4,1,0.10731125033895196,0.06182345383853927,0.3684210526315789,1.0,0.5384615384615384,7,0.8522727272727273,0.5340909090909091,0.8068181818181818,0.8636363636363636,,,,,,,
physgp_core,random,4,1,0.2251456081556608,0.1595354191614304,0.3181818181818182,1.0,0.4827586206896552,7,0.18181818181818182,0.09090909090909091,0.14772727272727273,0.2159090909090909,,,,,,,
physgp_rich,random,4,1,0.224980379805097,0.15951255332359404,0.3181818181818182,1.0,0.4827586206896552,7,0.22727272727272727,0.09090909090909091,0.17045454545454544,0.22727272727272727,,,,,,,
simgp_rich,random,4,1,0.07502368816115246,0.04414503073002524,0.6363636363636364,1.0,0.7777777777777778,7,1.0,0.9204545454545454,1.0,1.0,,,,,,,
mean_of_samples,random,4,1,0.2628548243451537,0.21277229908118647,1.0,0.0,0.0,7,,,,,,,,,,,
nearest_sample,random,4,1,0.19871326699918535,0.1404244588563218,0.3333333333333333,0.14285714285714285,0.2,7,,,,,,,,,,,
decay_only,random,4,1,0.22507165105663818,0.16000932295309675,0.3181818181818182,1.0,0.4827586206896552,7,,,,,,,,,,,
simgp_core,random,5,1,0.07515577125228448,0.043257293443713984,0.5833333333333334,1.0,0.7368421052631579,7,1.0,0.9195402298850575,1.0,1.0,0.1,0.6,1.0,0.85,1.1,0.95,1.0
simgp_core_nogp,random,5,1,0.07540155972511975,0.044116603760866534,0.6363636363636364,1.0,0.7777777777777778,7,1.0,0.9195402298850575,1.0,1.0,,,,,,,
simgp_core_g75,random,5,1,0.10672413160850142,0.056104737869461664,0.4117647058823529,1.0,0.5833333333333334,7,0.8275862068965517,0.5402298850574713,0.8160919540229885,0.8390804597701149,,,,,,,
physgp_core,random,5,1,0.22639681426013422,0.15634681590713428,0.3181818181818182,1.0,0.4827586206896552,7,0.26436781609195403,0.11494252873563218,0.20689655172413793,0.27586206896551724,,,,,,,
physgp_rich,random,5,1,0.22278202121331173,0.15743535150201315,0.3181818181818182,1.0,0.4827586206896552,7,0.25287356321839083,0.10344827586206896,0.22988505747126436,0.3218390804597701,,,,,,,
simgp_rich,random,5,1,0.07540391818138943,0.044146495905337965,0.6363636363636364,1.0,0.7777777777777778,7,1.0,0.9195402298850575,1.0,1.0,,,,,,,
pinn_rich,random,5,1,0.14860211655208563,0.09364798553287644,1.0,0.0,0.0,7,0.47126436781609193,0.22988505747126436,0.42528735632183906,0.5287356321839081,,,,,,,
mean_of_samples,random,5,1,0.2510037314368926,0.1934197620169035,1.0,0.0,0.0,7,,,,,,,,,,,
nearest_sample,random,5,1,0.18069086892051894,0.12639521544653218,0.3333333333333333,0.14285714285714285,0.2,7,,,,,,,,,,,
decay_only,random,5,1,0.22290183107827383,0.15788027228204893,0.3181818181818182,1.0,0.4827586206896552,7,,,,,,,,,,,
simgp_core,random,6,1,0.07556081737438476,0.04330670377380299,0.5833333333333334,1.0,0.7368421052631579,7,1.0,0.9186046511627907,1.0,1.0,0.25,0.6,0.5,1.0,0.9,0.95,1.0
simgp_core_nogp,random,6,1,0.07581733569571653,0.044297014711712136,0.6363636363636364,1.0,0.7777777777777778,7,1.0,0.9186046511627907,1.0,1.0,,,,,,,
simgp_core_g75,random,6,1,0.10700770456524433,0.056145131847988965,0.4117647058823529,1.0,0.5833333333333334,7,0.8255813953488372,0.5465116279069767,0.8023255813953488,0.8372093023255814,,,,,,,
physgp_core,random,6,1,0.2269374891076909,0.15895221630015516,0.3181818181818182,1.0,0.4827586206896552,7,0.22093023255813954,0.09302325581395349,0.18604651162790697,0.2441860465116279,,,,,,,
physgp_rich,random,6,1,0.2237086754087193,0.15876118823807428,0.3181818181818182,1.0,0.4827586206896552,7,0.2441860465116279,0.06976744186046512,0.22093023255813954,0.26744186046511625,,,,,,,
simgp_rich,random,6,1,0.075582360544507,0.043530479549225676,0.6363636363636364,1.0,0.7777777777777778,7,1.0,0.9186046511627907,1.0,1.0,,,,,,,
mean_of_samples,random,6,1,0.2706373522759137,0.20699165129724303,1.0,0.0,0.0,7,,,,,,,,,,,
nearest_sample,random,6,1,0.1713494798798778,0.12039312706618151,0.3333333333333333,0.14285714285714285,0.2,7,,,,,,,,,,,
decay_only,random,6,1,0.2238075974474565,0.16027457649331847,0.3181818181818182,1.0,0.4827586206896552,7,,,,,,,,,,,
simgp_core,random,7,1,0.07531286784930723,0.04411283953545279,0.6363636363636364,1.0,0.7777777777777778,7,1.0,0.9058823529411765,1.0,1.0,0.25,0.6,0.5,1.0,0.9,0.95,1.0
simgp_core_nogp,random,7,1,0.07553521596336547,0.04475439561409742,0.6363636363636364,1.0,0.7777777777777778,7,1.0,0.8823529411764706,1.0,1.0,,,,,,,
simgp_core_g75,random,7,1,0.1069480103539763,0.05641242874488157,0.4117647058823529,1.0,0.5833333333333334,7,0.8235294117647058,0.47058823529411764,0.8117647058823529,0.8352941176470589,,,,,,,
physgp_core,random,7,1,0.224528442945482,0.1606569119545417,0.3181818181818182,1.0,0.4827586206896552,7,0.16470588235294117,0.058823529411764705,0.11764705882352941,0.21176470588235294,,,,,,,
physgp_rich,random,7,1,0.22537263513264086,0.16081172120483686,0.3181818181818182,1.0,0.4827586206896552,7,0.23529411764705882,0.07058823529411765,0.2,0.24705882352941178,,,,,,,
simgp_rich,random,7,1,0.07546674732390385,0.04459681118580432,0.5833333333333334,1.0,0.7368421052631579,7,1.0,0.8823529411764706,1.0,1.0,,,,,,,
mean_of_samples,random,7,1,0.2725046096276447,0.20902268480393027,1.0,0.0,0.0,7,,,,,,,,,,,
nearest_sample,random,7,1,0.17044195803481008,0.12013269698477144,0.3333333333333333,0.14285714285714285,0.2,7,,,,,,,,,,,
decay_only,random,7,1,0.22477005291330598,0.16189200033013673,0.3181818181818182,1.0,0.4827586206896552,7,,,,,,,,,,,
simgp_core,random,8,1,0.0758160226177449,0.04412249810305247,0.6363636363636364,1.0,0.7777777777777778,7,1.0,0.8928571428571429,1.0,1.0,0.7,0.6,0.5,1.15,1.0,0.95,1.0
simgp_core_nogp,random,8,1,0.07604337824242031,0.04480350138966753,0.6363636363636364,1.0,0.7777777777777778,7,1.0,0.8928571428571429,1.0,1.0,,,,,,,
simgp_core_g75,random,8,1,0.10772108348131466,0.05672257675522715,0.4117647058823529,1.0,0.5833333333333334,7,0.8214285714285714,0.4523809523809524,0.8095238095238095,0.8333333333333334,,,,,,,
physgp_core,random,8,1,0.22597516524509054,0.16234584015001235,0.3181818181818182,1.0,0.4827586206896552,7,0.14285714285714285,0.047619047619047616,0.09523809523809523,0.2261904761904762,,,,,,,
physgp_rich,random,8,1,0.22678991176441654,0.16258923114650198,0.3181818181818182,1.0,0.4827586206896552,7,0.20238095238095238,0.047619047619047616,0.15476190476190477,0.21428571428571427,,,,,,,
simgp_rich,random,8,1,0.07622280696028082,0.04494703140888738,0.6363636363636364,1.0,0.7777777777777778,7,1.0,0.8809523809523809,1.0,1.0,,,,,,,
pinn_rich,random,8,1,0.16379403582198548,0.10126498424353787,1.0,0.0,0.0,7,0.5595238095238095,0.2261904761904762,0.4166666666666667,0.6071428571428571,,,,,,,
mean_of_samples,random,8,1,0.28201255067045516,0.21790225200916238,1.0,0.0,0.0,7,,,,,,,,,,,
nearest_sample,random,8,1,0.17114304380817968,0.12043760511301285,0.3333333333333333,0.14285714285714285,0.2,7,,,,,,,,,,,
decay_only,random,8,1,0.2262247643544475,0.16343866211777575,0.3181818181818182,1.0,0.4827586206896552,7,,,,,,,,,,,
simgp_core,random,9,1,0.07471903931237465,0.04374228951670258,0.5833333333333334,1.0,0.7368421052631579,7,1.0,0.8313253012048193,1.0,1.0,0.1,0.6,1.0,0.85,1.1,0.95,1.0
simgp_core_nogp,random,9,1,0.07447764827926484,0.043718147240318445,0.6363636363636364,1.0,0.7777777777777778,7,1.0,0.8433734939759037,1.0,1.0,,,,,,,
simgp_core_g75,random,9,1,0.10895622449293893,0.06074644838187843,0.3684210526315789,1.0,0.5384615384615384,7,0.7710843373493976,0.37349397590361444,0.7469879518072289,0.8433734939759037,,,,,,,
physgp_core,random,9,1,0.19600889026478494,0.13186071917082925,0.3181818181818182,1.0,0.4827586206896552,7,0.4578313253012048,0.1566265060240964,0.3253012048192771,0.5301204819277109,,,,,,,
physgp_rich,random,9,1,0.20328256731870897,0.14327596756626113,0.3181818181818182,1.0,0.4827586206896552,7,0.3614457831325301,0.20481927710843373,0.3132530120481928,0.40963855421686746,,,,,,,
simgp_rich,random,9,1,0.07596458489218802,0.045413266918145276,0.6363636363636364,1.0,0.7777777777777778,7,1.0,0.7710843373493976,1.0,1.0,,,,,,,
mean_of_samples,random,9,1,0.28658026800812997,0.22354920117835292,1.0,0.0,0.0,7,,,,,,,,,,,
nearest_sample,random,9,1,0.17465749859606794,0.12623151214103318,0.3333333333333333,0.14285714285714285,0.2,7,,,,,,,,,,,
decay_only,random,9,1,0.21597737504385026,0.16268790999255278,0.3181818181818182,1.0,0.4827586206896552,7,,,,,,,,,,,
simgp_core,random,10,1,0.041695847148966535,0.03160449791414757,0.75,1.0,0.8571428571428571,6,1.0,0.8780487804878049,1.0,1.0,0.7,0.6,1.0,1.15,1.0,1.0,1.0
simgp_core_nogp,random,10,1,0.04121129052376913,0.03249599095044536,0.6666666666666666,1.0,0.8,6,1.0,0.8658536585365854,1.0,1.0,,,,,,,
simgp_core_g75,random,10,1,0.05964096744311625,0.036026639821632366,0.7142857142857143,0.8333333333333334,0.7692307692307692,6,0.8902439024390244,0.5487804878048781,0.7926829268292683,0.8902439024390244,,,,,,,
physgp_core,random,10,1,0.14342285270267507,0.10395426472615264,0.18181818181818182,0.3333333333333333,0.23529411764705885,6,0.4146341463414634,0.15853658536585366,0.35365853658536583,0.5487804878048781,,,,,,,
physgp_rich,random,10,1,0.1556713796077875,0.11688844659782723,0.0,0.0,0.0,6,0.7073170731707317,0.4268292682926829,0.6341463414634146,0.7682926829268293,,,,,,,
simgp_rich,random,10,1,0.04253120358942715,0.034098708173749055,0.5454545454545454,1.0,0.7058823529411764,6,1.0,0.8048780487804879,1.0,1.0,,,,,,,
pinn_rich,random,10,1,0.10830971627982032,0.0768645818258953,0.75,0.5,0.6,6,0.573170731707317,0.2073170731707317,0.43902439024390244,0.6219512195121951,,,,,,,
mean_of_samples,random,10,1,0.26044652187860984,0.19947684709365324,1.0,0.0,0.0,6,,,,,,,,,,,
nearest_sample,random,10,1,0.1526847821138247,0.1132865146577361,0.1,0.16666666666666666,0.125,6,,,,,,,,,,,
decay_only,random,10,1,0.22865208764066733,0.1788801114237428,0.0,0.0,0.0,6,,,,,,,,,,,
simgp_core,random,11,1,0.040390150265096875,0.03171740714355501,0.75,1.0,0.8571428571428571,6,1.0,0.7160493827160493,0.9753086419753086,1.0,0.25,0.6,1.0,0.85,1.1,0.95,1.0
simgp_core_nogp,random,11,1,0.03786919457772949,0.030561546227349332,0.75,1.0,0.8571428571428571,6,0.9876543209876543,0.8271604938271605,0.9876543209876543,1.0,,,,,,,
simgp_core_g75,random,11,1,0.061699077076683664,0.03751468921748149,0.7142857142857143,0.8333333333333334,0.7692307692307692,6,0.7037037037037037,0.41975308641975306,0.6419753086419753,0.7654320987654321,,,,,,,
physgp_core,random,11,1,0.14329123882209122,0.10176886924294128,0.1,0.16666666666666666,0.125,6,0.38271604938271603,0.12345679012345678,0.30864197530864196,0.5061728395061729,,,,,,,
physgp_rich,random,11,1,0.1573588211972037,0.11890531603380769,0.0,0.0,0.0,6,0.7037037037037037,0.38271604938271603,0.6296296296296297,0.7407407407407407,,,,,,,
simgp_rich,random,11,1,0.04164141469633001,0.03183878303169593,0.6666666666666666,1.0,0.8,6,0.9876543209876543,0.7530864197530864,0.9753086419753086,1.0,,,,,,,
mean_of_samples,random,11,1,0.24752637456211615,0.18987560958845406,1.0,0.0,0.0,6,,,,,,,,,,,
nearest_sample,random,11,1,0.1411822252148542,0.10612301440107055,0.3333333333333333,0.16666666666666666,0.2222222222222222,6,,,,,,,,,,,
decay_only,random,11,1,0.2292796974686103,0.17927559981864147,0.0,0.0,0.0,6,,,,,,,,,,,
simgp_core,random,12,1,0.045223600423676166,0.03589996058482716,0.6,1.0,0.7499999999999999,6,0.9875,0.6625,0.9625,1.0,0.25,0.6,1.0,0.85,1.1,0.95,1.0
simgp_core_nogp,random,12,1,0.038205832583339885,0.030989009328874696,0.75,1.0,0.8571428571428571,6,0.9875,0.8,0.9875,1.0,,,,,,,
simgp_core_g75,random,12,1,0.06292529206326608,0.03918636706561375,0.7142857142857143,0.8333333333333334,0.7692307692307692,6,0.6875,0.3875,0.6,0.7375,,,,,,,
physgp_core,random,12,1,0.16408962059000778,0.1146618089549896,0.0,0.0,0.0,6,0.3875,0.1625,0.325,0.425,,,,,,,
physgp_rich,random,12,1,0.1577024410452959,0.11174163324030537,0.0,0.0,0.0,6,0.625,0.35,0.525,0.6375,,,,,,,
simgp_rich,random,12,1,0.0409075123640624,0.03208911105466279,0.75,1.0,0.8571428571428571,6,0.9875,0.7375,0.975,1.0,,,,,,,
pinn_rich,random,12,1,0.10700063260030401,0.07526810834858247,1.0,0.16666666666666666,0.2857142857142857,6,0.5625,0.2125,0.425,0.625,,,,,,,
mean_of_samples,random,12,1,0.2520348987020132,0.19264456025674215,1.0,0.0,0.0,6,,,,,,,,,,,
nearest_sample,random,12,1,0.14203860035966248,0.10720341955574915,0.3333333333333333,0.16666666666666666,0.2222222222222222,6,,,,,,,,,,,
decay_only,random,12,1,0.231477176779134,0.18046064064510312,0.0,0.0,0.0,6,,,,,,,,,,,
simgp_core,random,13,1,0.04384944706144846,0.03343010329032637,0.6,1.0,0.7499999999999999,6,0.9873417721518988,0.6835443037974683,0.9620253164556962,1.0,0.25,0.6,1.0,0.85,1.1,0.95,1.0
simgp_core_nogp,random,13,1,0.03752219609589224,0.029834258898346566,0.75,1.0,0.8571428571428571,6,0.9873417721518988,0.810126582278481,0.9873417721518988,1.0,,,,,,,
simgp_core_g75,random,13,1,0.06271941092594137,0.03838990655486311,0.7142857142857143,0.8333333333333334,0.7692307692307692,6,0.6962025316455697,0.4177215189873418,0.620253164556962,0.7468354430379747,,,,,,,
physgp_core,random,13,1,0.14922542802548308,0.10999129584082452,0.5,1.0,0.6666666666666666,6,0.34177215189873417,0.1518987341772152,0.2911392405063291,0.379746835443038,,,,,,,
physgp_rich,random,13,1,0.1340798408147693,0.08574898353838507,0.36363636363636365,0.6666666666666666,0.4705882352941177,6,0.6582278481012658,0.379746835443038,0.5316455696202531,0.7468354430379747,,,,,,,
simgp_rich,random,13,1,0.03889313781999245,0.030107102439529184,0.75,1.0,0.8571428571428571,6,0.9873417721518988,0.7721518987341772,0.9746835443037974,1.0,,,,,,,
mean_of_samples,random,13,1,0.24764052117371976,0.18979479221950535,1.0,0.0,0.0,6,,,,,,,,,,,
nearest_sample,random,13,1,0.13887266417461805,0.10295361376271832,0.3333333333333333,0.16666666666666666,0.2222222222222222,6,,,,,,,,,,,
decay_only,random,13,1,0.2300200910622647,0.17983884099813874,0.0,0.0,0.0,6,,,,,,,,,,,
simgp_core,random,14,1,0.044211783950596065,0.03371001397580526,0.6,1.0,0.7499999999999999,6,0.9871794871794872,0.6666666666666666,0.9615384615384616,1.0,0.25,0.6,1.0,0.85,1.1,0.95,1.0
simgp_core_nogp,random,14,1,0.03774134858604045,0.029990468205689236,0.75,1.0,0.8571428571428571,6,0.9871794871794872,0.8076923076923077,0.9871794871794872,1.0,,,,,,,
simgp_core_g75,random,14,1,0.061807803283833236,0.036388666530419216,0.7142857142857143,0.8333333333333334,0.7692307692307692,6,0.6923076923076923,0.41025641025641024,0.6153846153846154,0.7307692307692307,,,,,,,
physgp_core,random,14,1,0.14759524727225895,0.10281348072066535,0.1,0.16666666666666666,0.125,6,0.47435897435897434,0.19230769230769232,0.41025641025641024,0.5128205128205128,,,,,,,
physgp_rich,random,14,1,0.14441340080031084,0.10161498738500845,0.14285714285714285,0.16666666666666666,0.15384615384615383,6,0.5512820512820513,0.24358974358974358,0.48717948717948717,0.6794871794871795,,,,,,,
simgp_rich,random,14,1,0.04424006417057435,0.03377587457984213,0.6666666666666666,1.0,0.8,6,0.9871794871794872,0.717948717948718,0.9615384615384616,1.0,,,,,,,
mean_of_samples,random,14,1,0.2500313177126418,0.19166625013575883,1.0,0.0,0.0,6,,,,,,,,,,,
nearest_sample,random,14,1,0.13176471364617956,0.1015959704048553,0.3333333333333333,0.16666666666666666,0.2222222222222222,6,,,,,,,,,,,
decay_only,random,14,1,0.23146716449225446,0.1811106862556772,0.0,0.0,0.0,6,,,,,,,,,,,
simgp_core,random,15,1,0.04555381242720559,0.03448647475523336,0.6,1.0,0.7499999999999999,6,1.0,0.6493506493506493,0.961038961038961,1.0,0.25,0.6,1.0,0.85,1.1,0.95,1.0
simgp_core_nogp,random,15,1,0.03705654020749365,0.029440376948310826,0.75,1.0,0.8571428571428571,6,0.987012987012987,0.8181818181818182,0.987012987012987,1.0,,,,,,,
simgp_core_g75,random,15,1,0.06186243160457156,0.03653238509346435,0.7142857142857143,0.8333333333333334,0.7692307692307692,6,0.7142857142857143,0.4805194805194805,0.6623376623376623,0.7792207792207793,,,,,,,
physgp_core,random,15,1,0.1482688312410549,0.10992382269474392,0.6,1.0,0.7499999999999999,6,0.2987012987012987,0.1038961038961039,0.22077922077922077,0.3246753246753247,,,,,,,
physgp_rich,random,15,1,0.1432912454075391,0.09515944460780913,0.36363636363636365,0.6666666666666666,0.4705882352941177,6,0.5584415584415584,0.2857142857142857,0.5194805194805194,0.6233766233766234,,,,,,,
simgp_rich,random,15,1,0.04261511405229279,0.03275587777224264,0.6666666666666666,1.0,0.8,6,0.987012987012987,0.7142857142857143,0.987012987012987,1.0,,,,,,,
pinn_rich,random,15,1,0.10567329765333093,0.07283411507924414,1.0,0.0,0.0,6,0.5324675324675324,0.2077922077922078,0.42857142857142855,0.5844155844155844,,,,,,,
mean_of_samples,random,15,1,0.24805297372783747,0.1909480551691134,1.0,0.0,0.0,6,,,,,,,,,,,
nearest_sample,random,15,1,0.1287327614024049,0.10019799422255621,0.3333333333333333,0.16666666666666666,0.2222222222222222,6,,,,,,,,,,,
decay_only,random,15,1,0.23202560405830516,0.18205508506343415,0.0,0.0,0.0,6,,,,,,,,,,,
simgp_core,uncertainty,3,1,0.07165339783630895,0.04288733418808632,0.6363636363636364,1.0,0.7777777777777778,7,1.0,0.9438202247191011,1.0,1.0,0.55,0.6,0.0,0.85,1.0,0.9,0.875
simgp_core,uncertainty,4,1,0.037575962411543255,0.03063828748400133,0.7,1.0,0.8235294117647058,7,1.0,0.9545454545454546,1.0,1.0,0.7,0.6,1.0,0.85,1.0,1.0,0.875
simgp_core,uncertainty,5,1,0.03717863955866943,0.030051455855557532,0.875,1.0,0.9333333333333333,7,1.0,0.9310344827586207,0.9885057471264368,1.0,0.7,0.6,1.0,0.85,1.0,1.0,0.875
simgp_core,uncertainty,6,1,0.032226106341231894,0.02759407799171083,0.7777777777777778,1.0,0.8750000000000001,7,1.0,0.9418604651162791,0.9883720930232558,1.0,0.7,0.6,1.0,0.85,1.0,1.0,0.875
simgp_core,uncertainty,7,1,0.04477616089193045,0.035648973125937615,0.7142857142857143,0.8333333333333334,0.7692307692307692,6,1.0,0.9294117647058824,1.0,1.0,0.7,0.6,1.0,0.85,1.0,0.95,0.75
simgp_core,uncertainty,8,1,0.04735872772764524,0.03795940735682346,0.6666666666666666,0.8,0.7272727272727272,5,1.0,0.9047619047619048,1.0,1.0,0.7,0.6,1.0,0.85,1.0,1.0,0.75
simgp_core,uncertainty,9,1,0.03696620907873981,0.03135606638893144,0.5714285714285714,1.0,0.7272727272727273,4,1.0,0.963855421686747,1.0,1.0,0.7,0.6,1.0,0.85,1.0,1.05,0.875
simgp_core,uncertainty,10,1,0.03268618904964765,0.02809400146246914,0.6666666666666666,1.0,0.8,4,1.0,0.9878048780487805,1.0,1.0,0.7,0.6,1.0,0.85,1.0,1.05,0.875
simgp_core,uncertainty,11,1,0.033212381551729474,0.028359771575177283,0.6,1.0,0.7499999999999999,3,1.0,0.9753086419753086,1.0,1.0,0.7,0.6,1.0,0.85,1.0,1.1,0.875
simgp_core,uncertainty,12,1,0.035253581577135346,0.03133890080052924,0.3333333333333333,1.0,0.5,2,1.0,0.8625,0.9875,1.0,0.7,0.6,1.0,0.85,1.1,1.1,0.875
simgp_core,uncertainty,13,1,0.034925985188132135,0.029152547739240465,0.3333333333333333,1.0,0.5,1,0.9873417721518988,0.9873417721518988,0.9873417721518988,0.9873417721518988,0.7,0.6,1.0,0.85,1.0,1.05,0.875
simgp_core,uncertainty,14,1,0.0392931208884092,0.031473250464237046,0.25,1.0,0.4,1,0.9871794871794872,0.9358974358974359,0.9871794871794872,1.0,0.7,0.6,1.0,0.85,1.0,1.05,0.875
simgp_core,uncertainty,15,1,0.038807357396597485,0.03145597262875601,0.5,1.0,0.6666666666666666,1,0.987012987012987,0.935064935064935,0.987012987012987,0.987012987012987,0.7,0.6,1.0,0.85,1.0,1.05,0.875
simgp_core,straddle,3,1,0.07678848129442577,0.05504591339763444,0.7777777777777778,1.0,0.8750000000000001,7,1.0,0.6179775280898876,1.0,1.0,0.1,0.6,0.5,0.85,1.0,0.95,0.875
simgp_core,straddle,4,1,0.0537976572978108,0.0409916562407111,1.0,1.0,1.0,7,1.0,0.6818181818181818,0.9772727272727273,1.0,0.1,0.6,0.0,0.85,1.0,0.9,0.875
simgp_core,straddle,5,1,0.04276896165339941,0.035792698193099624,1.0,1.0,1.0,7,0.9885057471264368,0.6091954022988506,0.9885057471264368,1.0,0.1,0.6,0.0,0.85,1.0,0.9,0.875
simgp_core,straddle,6,1,0.04730369925365109,0.0405920307434146,0.6666666666666666,1.0,0.8,6,1.0,0.7674418604651163,0.9883720930232558,1.0,0.7,0.6,0.5,0.85,1.0,1.0,0.875
simgp_core,straddle,7,1,0.04301008597953956,0.03631112983499416,0.625,0.8333333333333334,0.7142857142857143,6,1.0,0.8470588235294118,0.9882352941176471,1.0,0.7,0.6,1.0,1.0,1.1,0.95,0.75
simgp_core,straddle,8,1,0.04107034684051799,0.03360668586728423,0.8571428571428571,1.0,0.923076923076923,6,1.0,0.8214285714285714,0.9761904761904762,1.0,0.7,0.6,1.0,0.85,1.0,1.05,0.875
simgp_core,straddle,9,1,0.04138716716543215,0.03389330958219825,0.7142857142857143,1.0,0.8333333333333333,5,1.0,0.8072289156626506,0.9759036144578314,1.0,0.7,0.6,1.0,0.85,1.0,1.1,0.875
simgp_core,straddle,10,1,0.04227076022159251,0.03491857650454954,0.8333333333333334,1.0,0.9090909090909091,5,1.0,0.7926829268292683,0.9390243902439024,1.0,0.7,0.6,1.0,1.0,1.1,0.95,0.875
simgp_core,straddle,11,1,0.04025776511845831,0.034829798911770356,1.0,0.8,0.888888888888889,5,0.9753086419753086,0.8765432098765432,0.9629629629629629,1.0,0.7,0.6,1.0,0.85,1.0,1.1,0.75
simgp_core,straddle,12,1,0.04365911915681675,0.037800116444537846,1.0,1.0,1.0,4,0.975,0.8875,0.9375,1.0,0.7,0.6,1.0,0.85,1.0,1.1,0.75
simgp_core,straddle,13,1,0.04352696534434727,0.037723720241075974,1.0,1.0,1.0,4,0.9493670886075949,0.7974683544303798,0.8860759493670886,1.0,0.7,0.6,1.0,0.85,1.0,1.1,0.75
simgp_core,straddle,14,1,0.04355626793487216,0.037822417304772475,1.0,1.0,1.0,3,0.9487179487179487,0.782051282051282,0.8846153846153846,1.0,0.55,0.6,1.0,0.85,1.0,1.1,0.75
simgp_core,straddle,15,1,0.044567642552133455,0.039474071968467535,1.0,1.0,1.0,3,0.961038961038961,0.7922077922077922,0.9090909090909091,1.0,0.55,0.6,1.0,0.85,1.0,1.1,0.75
simgp_core,random,3,2,0.054028435744162225,0.04423008911229287,0.7142857142857143,0.625,0.6666666666666666,16,1.0,0.8764044943820225,1.0,1.0,0.7,0.6,1.0,0.85,1.1,1.05,0.625
simgp_core_nogp,random,3,2,0.054702341279776905,0.04540993405200361,0.7142857142857143,0.625,0.6666666666666666,16,1.0,0.8876404494382022,0.9887640449438202,1.0,,,,,,,
simgp_core_g75,random,3,2,0.04560306589042018,0.03542180705974311,0.8,1.0,0.888888888888889,16,0.9550561797752809,0.7640449438202247,0.9550561797752809,0.9775280898876404,,,,,,,
physgp_core,random,3,2,0.22555894794726739,0.19257776321247633,0.6956521739130435,1.0,0.8205128205128205,16,0.12359550561797752,0.12359550561797752,0.12359550561797752,0.20224719101123595,,,,,,,
physgp_rich,random,3,2,0.2263046533430109,0.1931240483903631,0.6956521739130435,1.0,0.8205128205128205,16,0.6292134831460674,0.12359550561797752,0.4943820224719101,0.7303370786516854,,,,,,,
simgp_rich,random,3,2,0.06286147330621361,0.052923859599784843,0.7142857142857143,0.625,0.6666666666666666,16,1.0,0.7528089887640449,1.0,1.0,,,,,,,
pinn_rich,random,3,2,0.21233649897015758,0.15303905617982916,0.4,0.375,0.38709677419354843,16,0.38202247191011235,0.16853932584269662,0.29213483146067415,0.449438202247191,,,,,,,
mean_of_samples,random,3,2,0.27591327439518665,0.2245667408056488,1.0,0.0,0.0,16,,,,,,,,,,,
nearest_sample,random,3,2,0.27541043694444,0.19319186106973343,0.2222222222222222,0.375,0.27906976744186046,16,,,,,,,,,,,
decay_only,random,3,2,0.22662488221096413,0.19343141384335946,0.6956521739130435,1.0,0.8205128205128205,16,,,,,,,,,,,
simgp_core,random,4,2,0.047708394168173185,0.031252979471543256,0.9,0.5625,0.6923076923076923,16,1.0,0.9318181818181818,1.0,1.0,0.1,0.6,1.0,0.85,1.1,0.95,0.5625
simgp_core_nogp,random,4,2,0.04774524557368744,0.031504294483094435,0.9,0.5625,0.6923076923076923,16,1.0,0.8863636363636364,1.0,1.0,,,,,,,
simgp_core_g75,random,4,2,0.04647213073190629,0.03323388304672981,0.9333333333333333,0.875,0.9032258064516129,16,0.9204545454545454,0.8181818181818182,0.8977272727272727,0.9545454545454546,,,,,,,
physgp_core,random,4,2,0.16788263482611576,0.12599009126556296,0.8235294117647058,0.875,0.8484848484848485,16,0.7840909090909091,0.5,0.7727272727272727,0.7954545454545454,,,,,,,
physgp_rich,random,4,2,0.17227770599794345,0.1317305947229492,0.9333333333333333,0.875,0.9032258064516129,16,0.8068181818181818,0.48863636363636365,0.7954545454545454,0.8181818181818182,,,,,,,
simgp_rich,random,4,2,0.04774314947614202,0.03149615535466018,0.9,0.5625,0.6923076923076923,16,1.0,0.9431818181818182,1.0,1.0,,,,,,,
mean_of_samples,random,4,2,0.2837025040288899,0.2295079487815565,1.0,0.0,0.0,16,,,,,,,,,,,
nearest_sample,random,4,2,0.27718259461274397,0.19594713738097738,0.17391304347826086,0.25,0.20512820512820512,16,,,,,,,,,,,
decay_only,random,4,2,0.17233193544291553,0.13180549557801854,0.9333333333333333,0.875,0.9032258064516129,16,,,,,,,,,,,
simgp_core,random,5,2,0.04928391867592596,0.03494327779884173,1.0,0.5625,0.72,16,1.0,0.8850574712643678,1.0,1.0,0.1,0.6,1.0,0.85,1.1,0.95,0.5625
simgp_core_nogp,random,5,2,0.04929127969279856,0.034966215622555655,1.0,0.5625,0.72,16,1.0,0.8850574712643678,1.0,1.0,,,,,,,
simgp_core_g75,random,5,2,0.04604526074201764,0.03297836200895406,0.9333333333333333,0.875,0.9032258064516129,16,0.8275862068965517,0.4942528735632184,0.7701149425287356,0.8620689655172413,,,,,,,
physgp_core,random,5,2,0.17888132067953452,0.1338843692033091,0.9333333333333333,0.875,0.9032258064516129,16,0.735632183908046,0.39080459770114945,0.5632183908045977,0.7586206896551724,,,,,,,
physgp_rich,random,5,2,0.1810085194743659,0.13512287671097026,0.9333333333333333,0.875,0.9032258064516129,16,0.7931034482758621,0.47126436781609193,0.7471264367816092,0.8045977011494253,,,,,,,
simgp_rich,random,5,2,0.04929106940474819,0.03497075234439586,1.0,0.5625,0.72,16,1.0,0.9310344827586207,1.0,1.0,,,,,,,
pinn_rich,random,5,2,0.20108223137917172,0.13540757721819602,1.0,0.1875,0.3157894736842105,16,0.3793103448275862,0.1724137931034483,0.3218390804597701,0.4367816091954023,,,,,,,
mean_of_samples,random,5,2,0.29304408945175825,0.23500754956729886,1.0,0.0,0.0,16,,,,,,,,,,,
nearest_sample,random,5,2,0.27960132185202774,0.1995224688211868,0.07142857142857142,0.0625,0.06666666666666667,16,,,,,,,,,,,
decay_only,random,5,2,0.18334647779954802,0.14090046314913665,0.9333333333333333,0.875,0.9032258064516129,16,,,,,,,,,,,
simgp_core,random,6,2,0.049071035438691325,0.03408972296543827,1.0,0.5625,0.72,16,1.0,0.8837209302325582,1.0,1.0,0.1,0.6,1.0,0.85,1.1,0.95,0.5625
simgp_core_nogp,random,6,2,0.04908430152652286,0.03412561281579578,1.0,0.5625,0.72,16,1.0,0.8837209302325582,1.0,1.0,,,,,,,
simgp_core_g75,random,6,2,0.04591467882253391,0.0326603324831656,0.9333333333333333,0.875,0.9032258064516129,16,0.8255813953488372,0.5232558139534884,0.7674418604651163,0.8604651162790697,,,,,,,
physgp_core,random,6,2,0.16463511468037131,0.12335371210811126,0.875,0.875,0.875,16,0.7906976744186046,0.4418604651162791,0.7558139534883721,0.7906976744186046,,,,,,,
physgp_rich,random,6,2,0.16802552678326965,0.1279746348481485,0.875,0.875,0.875,16,0.7441860465116279,0.45348837209302323,0.686046511627907,0.7674418604651163,,,,,,,
simgp_rich,random,6,2,0.04956936237413963,0.0352212854008524,1.0,0.5625,0.72,16,1.0,0.9302325581395349,1.0,1.0,,,,,,,
mean_of_samples,random,6,2,0.2753711049436768,0.22330373884261218,1.0,0.0,0.0,16,,,,,,,,,,,
nearest_sample,random,6,2,0.2709324875676945,0.18719082423331165,0.07142857142857142,0.0625,0.06666666666666667,16,,,,,,,,,,,
decay_only,random,6,2,0.16568390228243074,0.12547085474600417,0.875,0.875,0.875,16,,,,,,,,,,,
simgp_core,random,7,2,0.05028478976458957,0.035097255553807466,1.0,0.5625,0.72,16,1.0,0.8823529411764706,1.0,1.0,0.1,0.6,1.0,0.85,1.1,0.95,0.5625
simgp_core_nogp,random,7,2,0.05029664841352685,0.03513241955089903,1.0,0.5625,0.72,16,1.0,0.8823529411764706,1.0,1.0,,,,,,,
simgp_core_g75,random,7,2,0.046284155394980694,0.03303707908995079,0.9333333333333333,0.875,0.9032258064516129,16,0.8235294117647058,0.5058823529411764,0.7529411764705882,0.8588235294117647,,,,,,,
physgp_core,random,7,2,0.15998666115812132,0.11267565467465643,0.9333333333333333,0.875,0.9032258064516129,16,0.6352941176470588,0.4470588235294118,0.5882352941176471,0.6941176470588235,,,,,,,
physgp_rich,random,7,2,0.16999613220265766,0.12505927956649376,0.8235294117647058,0.875,0.8484848484848485,16,0.6705882352941176,0.4588235294117647,0.611764705882353,0.7058823529411765,,,,,,,
simgp_rich,random,7,2,0.06884679254206674,0.05348516817827487,1.0,0.5,0.6666666666666666,16,0.9647058823529412,0.7176470588235294,0.8941176470588236,1.0,,,,,,,
mean_of_samples,random,7,2,0.27603304592995825,0.2230317685194087,1.0,0.0,0.0,16,,,,,,,,,,,
nearest_sample,random,7,2,0.2613470255805877,0.1786070997891562,0.125,0.0625,0.08333333333333333,16,,,,,,,,,,,
decay_only,random,7,2,0.15605697036148844,0.12003319939723642,0.9333333333333333,0.875,0.9032258064516129,16,,,,,,,,,,,
simgp_core,random,8,2,0.05004944797885946,0.034261839924683346,1.0,0.5625,0.72,16,1.0,0.8809523809523809,1.0,1.0,0.1,0.6,1.0,0.85,1.1,0.95,0.5625
simgp_core_nogp,random,8,2,0.0501710433393835,0.03452878952840286,1.0,0.5625,0.72,16,1.0,0.8809523809523809,1.0,1.0,,,,,,,
simgp_core_g75,random,8,2,0.045824919789492435,0.032352638688815126,0.9333333333333333,0.875,0.9032258064516129,16,0.8333333333333334,0.5357142857142857,0.75,0.8571428571428571,,,,,,,
physgp_core,random,8,2,0.16250311464485956,0.11533476771891153,0.9333333333333333,0.875,0.9032258064516129,16,0.6309523809523809,0.40476190476190477,0.5714285714285714,0.6309523809523809,,,,,,,
physgp_rich,random,8,2,0.18409573390126832,0.14146990112379226,0.875,0.875,0.875,16,0.5714285714285714,0.3333333333333333,0.5238095238095238,0.5952380952380952,,,,,,,
simgp_rich,random,8,2,0.07058431477828035,0.05538581347085721,1.0,0.5,0.6666666666666666,16,0.9642857142857143,0.7023809523809523,0.8928571428571429,1.0,,,,,,,
pinn_rich,random,8,2,0.21087106342364487,0.13273512633337173,1.0,0.125,0.2222222222222222,16,0.47619047619047616,0.25,0.4166666666666667,0.5119047619047619,,,,,,,
mean_of_samples,random,8,2,0.2786757800272105,0.22268380020474848,1.0,0.0,0.0,16,,,,,,,,,,,
nearest_sample,random,8,2,0.2633081452932252,0.18136095355885645,0.125,0.0625,0.08333333333333333,16,,,,,,,,,,,
decay_only,random,8,2,0.15720844523441704,0.12133734529832918,0.9333333333333333,0.875,0.9032258064516129,16,,,,,,,,,,,
simgp_core,random,9,2,0.05028661621135907,0.03437602220807503,1.0,0.5625,0.72,16,1.0,0.8795180722891566,1.0,1.0,0.1,0.6,1.0,0.85,1.1,0.95,0.5625
simgp_core_nogp,random,9,2,0.050420257717368695,0.03468478675466866,1.0,0.5625,0.72,16,1.0,0.8795180722891566,1.0,1.0,,,,,,,
simgp_core_g75,random,9,2,0.04597781073647042,0.03252524373398844,0.9333333333333333,0.875,0.9032258064516129,16,0.8313253012048193,0.5301204819277109,0.7228915662650602,0.8554216867469879,,,,,,,
physgp_core,random,9,2,0.16928984184665252,0.12157619164954818,0.8235294117647058,0.875,0.8484848484848485,16,0.5783132530120482,0.3493975903614458,0.46987951807228917,0.6144578313253012,,,,,,,
physgp_rich,random,9,2,0.1656560401577867,0.12718584259324567,0.8235294117647058,0.875,0.8484848484848485,16,0.5783132530120482,0.37349397590361444,0.5542168674698795,0.6144578313253012,,,,,,,
simgp_rich,random,9,2,0.05641948225224662,0.04188151000197402,1.0,0.5625,0.72,16,0.9879518072289156,0.8674698795180723,0.9879518072289156,1.0,,,,,,,
mean_of_samples,random,9,2,0.2809333651224906,0.22504368847145867,1.0,0.0,0.0,16,,,,,,,,,,,
nearest_sample,random,9,2,0.2640716332788238,0.1796701645839319,0.125,0.0625,0.08333333333333333,16,,,,,,,,,,,
decay_only,random,9,2,0.16048285659924394,0.12295069704219447,0.9333333333333333,0.875,0.9032258064516129,16,,,,,,,,,,,
simgp_core,random,10,2,0.04959360186350405,0.03262686448229671,1.0,0.5625,0.72,16,1.0,0.8780487804878049,1.0,1.0,0.1,0.6,1.0,0.85,1.1,0.95,0.5625
simgp_core_nogp,random,10,2,0.04950791414305995,0.03281508061002166,1.0,0.5625,0.72,16,1.0,0.8780487804878049,0.9878048780487805,1.0,,,,,,,
simgp_core_g75,random,10,2,0.04801448998691318,0.032941142461265484,0.9375,0.9375,0.9375,16,0.8780487804878049,0.6707317073170732,0.8658536585365854,0.926829268292683,,,,,,,
physgp_core,random,10,2,0.14970542008201804,0.10419108786709647,0.9333333333333333,0.875,0.9032258064516129,16,0.7195121951219512,0.4268292682926829,0.6097560975609756,0.7439024390243902,,,,,,,
physgp_rich,random,10,2,0.14739947430536277,0.10228644690386349,0.9333333333333333,0.875,0.9032258064516129,16,0.7560975609756098,0.4634146341463415,0.6829268292682927,0.7804878048780488,,,,,,,
simgp_rich,random,10,2,0.05546708798557286,0.04000883453027794,1.0,0.5625,0.72,16,1.0,0.8292682926829268,0.9878048780487805,1.0,,,,,,,
pinn_rich,random,10,2,0.2288081948457624,0.14114777097122405,1.0,0.125,0.2222222222222222,16,0.47560975609756095,0.3170731707317073,0.4146341463414634,0.5,,,,,,,
mean_of_samples,random,10,2,0.28047539723286685,0.2252130492832428,1.0,0.0,0.0,16,,,,,,,,,,,
nearest_sample,random,10,2,0.26220123011367963,0.17342077437411438,0.25,0.0625,0.1,16,,,,,,,,,,,
decay_only,random,10,2,0.16050420347852584,0.12347508966017966,0.9333333333333333,0.875,0.9032258064516129,16,,,,,,,,,,,
simgp_core,random,11,2,0.04808375140884604,0.031807569293077174,1.0,0.5625,0.72,16,1.0,0.8888888888888888,1.0,1.0,0.25,0.6,1.0,0.85,1.1,1.0,0.5625
simgp_core_nogp,random,11,2,0.04854919477297869,0.03226077215510051,1.0,0.5625,0.72,16,1.0,0.8888888888888888,0.9876543209876543,1.0,,,,,,,
simgp_core_g75,random,11,2,0.046323136709246,0.03146601075988102,0.9375,0.9375,0.9375,16,0.8518518518518519,0.6296296296296297,0.8395061728395061,0.9135802469135802,,,,,,,
physgp_core,random,11,2,0.13120221280115932,0.09221790210115001,0.9333333333333333,0.875,0.9032258064516129,16,0.7037037037037037,0.4444444444444444,0.5432098765432098,0.7407407407407407,,,,,,,
physgp_rich,random,11,2,0.13254372321153357,0.09228364856747455,0.9333333333333333,0.875,0.9032258064516129,16,0.7654320987654321,0.49382716049382713,0.6666666666666666,0.7777777777777778,,,,,,,
simgp_rich,random,11,2,0.05283733449379998,0.03766544965997179,1.0,0.5625,0.72,16,1.0,0.8271604938271605,0.9876543209876543,1.0,,,,,,,
mean_of_samples,random,11,2,0.2866961563581255,0.2265085043857684,1.0,0.0,0.0,16,,,,,,,,,,,
nearest_sample,random,11,2,0.24166285272428073,0.15578556743651287,0.25,0.0625,0.1,16,,,,,,,,,,,
decay_only,random,11,2,0.15208188085653598,0.1211894059484561,0.9333333333333333,0.875,0.9032258064516129,16,,,,,,,,,,,
simgp_core,random,12,2,0.048211562431425915,0.03167289532758122,1.0,0.5625,0.72,16,1.0,0.8875,1.0,1.0,0.25,0.6,1.0,0.85,1.1,1.0,0.5625
simgp_core_nogp,random,12,2,0.048737706550437535,0.032172343829151025,1.0,0.5625,0.72,16,1.0,0.8875,0.9875,1.0,,,,,,,
simgp_core_g75,random,12,2,0.04470571543966231,0.02935697897784806,0.9375,0.9375,0.9375,16,0.925,0.65,0.8625,0.9375,,,,,,,
physgp_core,random,12,2,0.13265342964379026,0.0938953599150677,0.9333333333333333,0.875,0.9032258064516129,16,0.675,0.4375,0.525,0.7125,,,,,,,
physgp_rich,random,12,2,0.1324830986756476,0.0913835272525123,0.875,0.875,0.875,16,0.7375,0.425,0.6625,0.775,,,,,,,
simgp_rich,random,12,2,0.052803077939037595,0.03745872414169843,1.0,0.5625,0.72,16,1.0,0.825,0.9875,1.0,,,,,,,
pinn_rich,random,12,2,0.23581682757001093,0.1381179231863036,1.0,0.125,0.2222222222222222,16,0.525,0.2,0.45,0.5875,,,,,,,
mean_of_samples,random,12,2,0.3037053924697181,0.23853124138668264,1.0,0.0,0.0,16,,,,,,,,,,,
nearest_sample,random,12,2,0.24085785497730494,0.15399383674496453,0.25,0.0625,0.1,16,,,,,,,,,,,
decay_only,random,12,2,0.15212769189662176,0.12297133980277923,0.875,0.875,0.875,16,,,,,,,,,,,
simgp_core,random,13,2,0.04905707971827694,0.03232988639387391,1.0,0.5625,0.72,16,1.0,0.8860759493670886,1.0,1.0,0.25,0.6,1.0,0.85,1.1,1.0,0.5625
simgp_core_nogp,random,13,2,0.04969466598589289,0.032969881880156766,1.0,0.5625,0.72,16,1.0,0.8860759493670886,0.9873417721518988,1.0,,,,,,,
simgp_core_g75,random,13,2,0.04548801816018531,0.03038829720823915,0.9375,0.9375,0.9375,16,0.8481012658227848,0.6075949367088608,0.8227848101265823,0.8734177215189873,,,,,,,
physgp_core,random,13,2,0.13341129101815807,0.09349350713797085,0.9333333333333333,0.875,0.9032258064516129,16,0.5822784810126582,0.4177215189873418,0.4936708860759494,0.7088607594936709,,,,,,,
physgp_rich,random,13,2,0.12640737035783092,0.0858468057275329,0.9333333333333333,0.875,0.9032258064516129,16,0.7215189873417721,0.43037974683544306,0.6455696202531646,0.7341772151898734,,,,,,,
simgp_rich,random,13,2,0.0580635317586314,0.044082871923509244,1.0,0.5625,0.72,16,0.9873417721518988,0.7468354430379747,0.9746835443037974,1.0,,,,,,,
mean_of_samples,random,13,2,0.30349985770534693,0.23917263794153062,1.0,0.0,0.0,16,,,,,,,,,,,
nearest_sample,random,13,2,0.24023048049263745,0.1506438088852554,0.25,0.0625,0.1,16,,,,,,,,,,,
decay_only,random,13,2,0.15275743803479333,0.12465178751767794,0.9333333333333333,0.875,0.9032258064516129,16,,,,,,,,,,,
simgp_core,random,14,2,0.0491228754566649,0.032173352769008935,1.0,0.5625,0.72,16,1.0,0.8846153846153846,1.0,1.0,0.25,0.6,1.0,0.85,1.1,1.0,0.5625
simgp_core_nogp,random,14,2,0.04971814515907201,0.03260550991501567,1.0,0.5625,0.72,16,1.0,0.8846153846153846,0.9871794871794872,1.0,,,,,,,
simgp_core_g75,random,14,2,0.04608792125701361,0.03145163582508841,0.9375,0.9375,0.9375,16,0.8461538461538461,0.5512820512820513,0.8076923076923077,0.8589743589743589,,,,,,,
physgp_core,random,14,2,0.1332518322679,0.09208049411665922,0.9333333333333333,0.875,0.9032258064516129,16,0.5384615384615384,0.3974358974358974,0.44871794871794873,0.7051282051282052,,,,,,,
physgp_rich,random,14,2,0.13496963726352657,0.09415250487801795,0.875,0.875,0.875,16,0.6282051282051282,0.4358974358974359,0.5769230769230769,0.6923076923076923,,,,,,,
simgp_rich,random,14,2,0.05514130625742169,0.03790271685833389,1.0,0.5625,0.72,16,0.9871794871794872,0.8846153846153846,0.9743589743589743,0.9871794871794872,,,,,,,
mean_of_samples,random,14,2,0.3062585731082933,0.24266675982943306,1.0,0.0,0.0,16,,,,,,,,,,,
nearest_sample,random,14,2,0.24209563573650264,0.15298458065279824,0.25,0.0625,0.1,16,,,,,,,,,,,
decay_only,random,14,2,0.15282430277795142,0.12312891134141651,0.9333333333333333,0.875,0.9032258064516129,16,,,,,,,,,,,
simgp_core,random,15,2,0.04953320444258089,0.03130201257207066,1.0,0.625,0.7692307692307693,16,1.0,0.8961038961038961,0.987012987012987,1.0,0.1,0.6,0.5,0.85,1.1,0.95,0.625
simgp_core_nogp,random,15,2,0.049913654336743246,0.031698451153217,1.0,0.625,0.7692307692307693,16,1.0,0.8961038961038961,0.987012987012987,1.0,,,,,,,
simgp_core_g75,random,15,2,0.04371063677985306,0.02580644108422859,0.9375,0.9375,0.9375,16,0.8831168831168831,0.7142857142857143,0.8311688311688312,0.922077922077922,,,,,,,
physgp_core,random,15,2,0.134172540704189,0.09319130328875577,0.9333333333333333,0.875,0.9032258064516129,16,0.5324675324675324,0.37662337662337664,0.42857142857142855,0.7012987012987013,,,,,,,
physgp_rich,random,15,2,0.13714684741058528,0.09674035702049169,0.875,0.875,0.875,16,0.5974025974025974,0.38961038961038963,0.5584415584415584,0.6363636363636364,,,,,,,
simgp_rich,random,15,2,0.05683363736375486,0.0414858912798719,0.9090909090909091,0.625,0.7407407407407406,16,0.987012987012987,0.7532467532467533,0.974025974025974,1.0,,,,,,,
pinn_rich,random,15,2,0.1221063775251694,0.07801775898431344,1.0,0.125,0.2222222222222222,16,0.5194805194805194,0.2857142857142857,0.4935064935064935,0.5974025974025974,,,,,,,
mean_of_samples,random,15,2,0.29927149010911924,0.23661511421808007,1.0,0.0,0.0,16,,,,,,,,,,,
nearest_sample,random,15,2,0.18802962388462724,0.11841936836151351,0.25,0.0625,0.1,16,,,,,,,,,,,
decay_only,random,15,2,0.15382240892685187,0.12479737056597545,0.9333333333333333,0.875,0.9032258064516129,16,,,,,,,,,,,
simgp_core,uncertainty,3,2,0.060060534886756604,0.052949406652094445,0.6470588235294118,0.6875,0.6666666666666667,16,1.0,0.6741573033707865,1.0,1.0,0.4,1.0,0.0,1.15,1.0,1.1,0.6875
simgp_core,uncertainty,4,2,0.055238231725410564,0.048946117450678985,0.7142857142857143,1.0,0.8333333333333333,15,1.0,0.75,1.0,1.0,0.55,1.0,1.0,1.15,1.1,1.1,1.0
simgp_core,uncertainty,5,2,0.060209256070473983,0.05323521797506821,0.7,1.0,0.8235294117647058,14,1.0,0.8045977011494253,1.0,1.0,0.4,1.0,0.5,1.15,1.1,1.1,1.0
simgp_core,uncertainty,6,2,0.05926624510076522,0.05014396138644408,0.65,1.0,0.787878787878788,13,1.0,0.7906976744186046,1.0,1.0,0.4,0.6,1.0,1.15,1.1,0.9,0.9375
simgp_core,uncertainty,7,2,0.06419612709255998,0.05381266670077291,0.625,0.8333333333333334,0.7142857142857143,12,1.0,0.6588235294117647,1.0,1.0,0.25,1.0,1.0,1.15,1.1,1.1,0.8125
simgp_core,uncertainty,8,2,0.04498305777936367,0.03637292874831336,0.625,0.9090909090909091,0.7407407407407406,11,1.0,0.9166666666666666,1.0,1.0,0.25,1.0,1.0,1.15,1.1,1.1,0.875
simgp_core,uncertainty,9,2,0.049451909036515085,0.042515059673721406,0.5714285714285714,0.8,0.6666666666666666,10,1.0,0.8674698795180723,0.9759036144578314,1.0,0.25,1.0,1.0,1.15,1.1,1.1,0.8125
simgp_core,uncertainty,10,2,0.0485041667403122,0.04257362619378034,0.5384615384615384,0.7777777777777778,0.6363636363636364,9,1.0,0.8658536585365854,0.975609756097561,1.0,0.25,1.0,1.0,1.15,1.1,1.1,0.8125
simgp_core,uncertainty,11,2,0.04634870462638616,0.03944458960189839,0.5384615384615384,0.7777777777777778,0.6363636363636364,9,1.0,0.8518518518518519,0.9753086419753086,1.0,0.25,1.0,1.0,1.15,1.1,1.1,0.8125
simgp_core,uncertainty,12,2,0.043026517115206366,0.035147469086561585,0.5714285714285714,0.8888888888888888,0.6956521739130435,9,1.0,0.8625,0.9625,1.0,0.25,1.0,1.0,1.15,1.1,1.1,0.875
simgp_core,uncertainty,13,2,0.042545517440249675,0.03429983380061572,0.5714285714285714,0.8888888888888888,0.6956521739130435,9,1.0,0.8607594936708861,0.9367088607594937,1.0,0.25,1.0,1.0,1.15,1.1,1.1,0.875
simgp_core,uncertainty,14,2,0.04200088458660255,0.03416743025619906,0.5384615384615384,0.875,0.6666666666666667,8,1.0,0.8589743589743589,0.9358974358974359,1.0,0.25,1.0,1.0,1.15,1.1,1.1,0.875
simgp_core,uncertainty,15,2,0.04771929695803004,0.03994423965491832,0.5833333333333334,0.875,0.7000000000000001,8,1.0,0.7662337662337663,0.8831168831168831,1.0,0.25,1.0,1.0,1.15,1.1,1.1,0.875
simgp_core,straddle,3,2,0.05161273250558988,0.03773112626824719,0.8888888888888888,0.5,0.64,16,1.0,0.8876404494382022,1.0,1.0,0.25,0.6,0.5,1.0,0.9,1.05,0.5
simgp_core,straddle,4,2,0.0397145889607496,0.029401461325486225,0.9166666666666666,0.7333333333333333,0.8148148148148148,15,1.0,0.9204545454545454,1.0,1.0,0.25,0.6,0.5,1.0,0.9,1.05,0.75
simgp_core,straddle,5,2,0.041300070864679024,0.029256254081027815,0.9285714285714286,0.9285714285714286,0.9285714285714286,14,1.0,0.896551724137931,0.9770114942528736,1.0,0.4,0.6,1.0,1.15,1.1,1.0,0.9375
simgp_core,straddle,6,2,0.037739758376111036,0.02940993555059831,1.0,0.9285714285714286,0.962962962962963,14,1.0,0.9186046511627907,1.0,1.0,0.4,0.6,1.0,1.15,1.1,0.95,0.9375
simgp_core,straddle,7,2,0.033347576143870496,0.02565490564177983,1.0,0.9285714285714286,0.962962962962963,14,1.0,0.9294117647058824,1.0,1.0,0.4,0.6,1.0,1.15,1.1,1.0,0.9375
simgp_core,straddle,8,2,0.033116602734175105,0.025420196700586567,1.0,0.9230769230769231,0.9600000000000001,13,1.0,0.9285714285714286,1.0,1.0,0.4,0.6,1.0,1.15,1.1,1.0,0.9375
simgp_core,straddle,9,2,0.032658574458957944,0.024740572254925226,1.0,0.9230769230769231,0.9600000000000001,13,1.0,0.9156626506024096,1.0,1.0,0.4,0.6,1.0,1.15,1.1,1.0,0.9375
simgp_core,straddle,10,2,0.032549875537728604,0.024924844087387172,1.0,0.9166666666666666,0.9565217391304348,12,1.0,0.9146341463414634,1.0,1.0,0.4,0.6,1.0,1.15,1.1,1.0,0.875
simgp_core,straddle,11,2,0.03271139827277159,0.025205373435791774,1.0,0.9090909090909091,0.9523809523809523,11,1.0,0.8765432098765432,1.0,1.0,0.4,0.6,1.0,1.15,1.1,1.0,0.875
simgp_core,straddle,12,2,0.030859443914217,0.023060665634194972,1.0,1.0,1.0,10,1.0,0.9375,1.0,1.0,0.25,0.6,0.5,1.0,0.9,1.0,0.9375
simgp_core,straddle,13,2,0.033337849022216745,0.024725431781022784,1.0,1.0,1.0,9,1.0,0.9240506329113924,0.9873417721518988,1.0,0.25,0.6,0.5,1.0,0.9,1.0,0.9375
simgp_core,straddle,14,2,0.034510704492456704,0.024740512149612624,1.0,1.0,1.0,9,1.0,0.9230769230769231,0.9871794871794872,1.0,0.25,0.6,0.5,1.0,0.9,1.0,0.9375
simgp_core,straddle,15,2,0.03286929823984453,0.024998060161225813,1.0,1.0,1.0,8,1.0,0.922077922077922,1.0,1.0,0.25,0.6,0.5,1.0,0.9,1.0,0.9375
simgp_core,random,3,3,0.19042825190322019,0.14021213357890525,0.8571428571428571,1.0,0.923076923076923,18,0.9550561797752809,0.5842696629213483,0.8089887640449438,0.9887640449438202,0.1,1.0,1.0,1.15,0.9,0.9,1.0
simgp_core_nogp,random,3,3,0.16331519086558777,0.12631608886850768,0.8888888888888888,0.8888888888888888,0.8888888888888888,18,0.9213483146067416,0.3707865168539326,0.8651685393258427,0.9662921348314607,,,,,,,
simgp_core_g75,random,3,3,0.18149897031536386,0.12578180819070883,0.9333333333333333,0.7777777777777778,0.8484848484848485,18,0.6853932584269663,0.550561797752809,0.6292134831460674,0.6966292134831461,,,,,,,
physgp_core,random,3,3,0.26721545615424164,0.21619328507111646,1.0,0.0,0.0,18,0.056179775280898875,0.0449438202247191,0.0449438202247191,0.06741573033707865,,,,,,,
physgp_rich,random,3,3,0.2672161266092071,0.21638196480072547,1.0,0.0,0.0,18,0.056179775280898875,0.056179775280898875,0.056179775280898875,0.07865168539325842,,,,,,,
simgp_rich,random,3,3,0.1615993655586623,0.11246285605702652,0.9,1.0,0.9473684210526316,18,0.9662921348314607,0.6629213483146067,0.8539325842696629,0.9887640449438202,,,,,,,
pinn_rich,random,3,3,0.2666145838167653,0.21877431610388104,1.0,0.0,0.0,18,0.12359550561797752,0.056179775280898875,0.12359550561797752,0.15730337078651685,,,,,,,
mean_of_samples,random,3,3,0.25828923745420956,0.214527995301506,1.0,0.0,0.0,18,,,,,,,,,,,
nearest_sample,random,3,3,0.2621771224062725,0.2131358919407968,1.0,0.0,0.0,18,,,,,,,,,,,
decay_only,random,3,3,0.26721613898792856,0.2163821165822441,1.0,0.0,0.0,18,,,,,,,,,,,
simgp_core,random,4,3,0.14933662798032843,0.10830574074701804,1.0,0.6111111111111112,0.7586206896551725,18,0.9204545454545454,0.6363636363636364,0.875,0.9431818181818182,0.1,1.0,1.0,1.15,0.9,1.0,0.6111111111111112
simgp_core_nogp,random,4,3,0.15644703410984875,0.12624482267977208,1.0,0.6111111111111112,0.7586206896551725,18,0.8636363636363636,0.45454545454545453,0.8068181818181818,0.9090909090909091,,,,,,,
simgp_core_g75,random,4,3,0.15546803924430208,0.12268262737249515,0.75,0.16666666666666666,0.27272727272727276,18,0.7840909090909091,0.42045454545454547,0.7272727272727273,0.8295454545454546,,,,,,,
physgp_core,random,4,3,0.25986687644889317,0.2070882278162321,1.0,0.0,0.0,18,0.48863636363636365,0.25,0.3522727272727273,0.5681818181818182,,,,,,,
physgp_rich,random,4,3,0.24412487150701612,0.19369527918147963,1.0,0.0,0.0,18,0.4659090909090909,0.19318181818181818,0.3181818181818182,0.5454545454545454,,,,,,,
simgp_rich,random,4,3,0.15027235652924797,0.10785664089265316,1.0,0.6111111111111112,0.7586206896551725,18,1.0,0.7045454545454546,0.8977272727272727,1.0,,,,,,,
mean_of_samples,random,4,3,0.2634614023512363,0.21929461441075612,1.0,0.0,0.0,18,,,,,,,,,,,
nearest_sample,random,4,3,0.37022663735042466,0.2925568165742608,1.0,0.0,0.0,18,,,,,,,,,,,
decay_only,random,4,3,0.2616231106620563,0.21502233922489225,1.0,0.0,0.0,18,,,,,,,,,,,
simgp_core,random,5,3,0.14013138751730805,0.11116172700090153,0.8888888888888888,0.4444444444444444,0.5925925925925926,18,0.9770114942528736,0.5747126436781609,0.8505747126436781,0.9885057471264368,0.1,1.0,1.0,1.15,0.9,1.0,0.4444444444444444
simgp_core_nogp,random,5,3,0.15621691182591924,0.12160562801467427,0.9333333333333333,0.7777777777777778,0.8484848484848485,18,0.8735632183908046,0.3218390804597701,0.7816091954022989,0.9080459770114943,,,,,,,
simgp_core_g75,random,5,3,0.1286768796073687,0.1039694970230937,0.7272727272727273,0.4444444444444444,0.5517241379310345,18,0.8390804597701149,0.4367816091954023,0.7701149425287356,0.8850574712643678,,,,,,,
physgp_core,random,5,3,0.2599742297645288,0.20792340110948035,1.0,0.0,0.0,18,0.40229885057471265,0.21839080459770116,0.3448275862068966,0.5172413793103449,,,,,,,
physgp_rich,random,5,3,0.2815085073260771,0.22832716315406987,1.0,0.0,0.0,18,0.3448275862068966,0.11494252873563218,0.21839080459770116,0.3793103448275862,,,,,,,
simgp_rich,random,5,3,0.15226129037021038,0.10714062734377987,0.9166666666666666,0.6111111111111112,0.7333333333333334,18,0.9770114942528736,0.6436781609195402,0.9080459770114943,1.0,,,,,,,
pinn_rich,random,5,3,0.2693477641210541,0.20922139157474065,1.0,0.0,0.0,18,0.16091954022988506,0.09195402298850575,0.14942528735632185,0.2413793103448276,,,,,,,
mean_of_samples,random,5,3,0.26034090669987614,0.2160785961159592,1.0,0.0,0.0,18,,,,,,,,,,,
nearest_sample,random,5,3,0.37048610767639184,0.2931476866245298,1.0,0.0,0.0,18,,,,,,,,,,,
decay_only,random,5,3,0.26247260175820275,0.21507940892306557,1.0,0.0,0.0,18,,,,,,,,,,,
simgp_core,random,6,3,0.14025145608836267,0.10778986279910999,0.8461538461538461,0.6111111111111112,0.7096774193548387,18,0.9651162790697675,0.5232558139534884,0.8604651162790697,0.9767441860465116,0.1,1.0,1.0,1.15,0.9,0.95,0.6111111111111112
simgp_core_nogp,random,6,3,0.16201856745793888,0.12082375156912877,0.8095238095238095,0.9444444444444444,0.8717948717948718,18,0.872093023255814,0.36046511627906974,0.7325581395348837,0.8837209302325582,,,,,,,
simgp_core_g75,random,6,3,0.1322268218876701,0.10484479156081743,0.7272727272727273,0.4444444444444444,0.5517241379310345,18,0.8255813953488372,0.38372093023255816,0.7674418604651163,0.872093023255814,,,,,,,
physgp_core,random,6,3,0.26237669289058757,0.21269563958238594,1.0,0.0,0.0,18,0.38372093023255816,0.19767441860465115,0.3488372093023256,0.47674418604651164,,,,,,,
physgp_rich,random,6,3,0.30196632391700623,0.24830779274160947,1.0,0.0,0.0,18,0.313953488372093,0.11627906976744186,0.23255813953488372,0.3488372093023256,,,,,,,
simgp_rich,random,6,3,0.13977281650217527,0.09423718521832902,0.8333333333333334,0.8333333333333334,0.8333333333333334,18,0.9767441860465116,0.7790697674418605,0.9651162790697675,0.9883720930232558,,,,,,,
mean_of_samples,random,6,3,0.26100293105567013,0.21690497196226693,1.0,0.0,0.0,18,,,,,,,,,,,
nearest_sample,random,6,3,0.3726450104028701,0.2963902862894574,1.0,0.0,0.0,18,,,,,,,,,,,
decay_only,random,6,3,0.26436368614857686,0.2172497640494944,1.0,0.0,0.0,18,,,,,,,,,,,
simgp_core,random,7,3,0.13844050698507973,0.10664079677596909,0.7857142857142857,0.6111111111111112,0.6875000000000001,18,0.9764705882352941,0.5647058823529412,0.8823529411764706,0.9764705882352941,0.1,1.0,1.0,1.15,0.9,0.95,0.6111111111111112
simgp_core_nogp,random,7,3,0.16766005639735168,0.12270604641920464,0.7727272727272727,0.9444444444444444,0.85,18,0.8352941176470589,0.36470588235294116,0.6705882352941176,0.8941176470588236,,,,,,,
simgp_core_g75,random,7,3,0.12884027230557527,0.10217719975836306,0.7272727272727273,0.4444444444444444,0.5517241379310345,18,0.7529411764705882,0.35294117647058826,0.6235294117647059,0.8235294117647058,,,,,,,
physgp_core,random,7,3,0.2636440063724335,0.21457509011210943,1.0,0.0,0.0,18,0.36470588235294116,0.17647058823529413,0.32941176470588235,0.4588235294117647,,,,,,,
physgp_rich,random,7,3,0.2479004681938089,0.19373621484695286,1.0,0.0,0.0,18,0.3411764705882353,0.18823529411764706,0.2823529411764706,0.4235294117647059,,,,,,,
simgp_rich,random,7,3,0.13984515398178193,0.09448406753409762,0.8333333333333334,0.8333333333333334,0.8333333333333334,18,0.9764705882352941,0.7294117647058823,0.9647058823529412,0.9764705882352941,,,,,,,
mean_of_samples,random,7,3,0.2624825417942895,0.21939764665122874,1.0,0.0,0.0,18,,,,,,,,,,,
nearest_sample,random,7,3,0.3737298229091205,0.29795854210872635,1.0,0.0,0.0,18,,,,,,,,,,,
decay_only,random,7,3,0.2656817316771116,0.21939567379443373,1.0,0.0,0.0,18,,,,,,,,,,,
simgp_core,random,8,3,0.12558702843059463,0.08464523274597734,0.85,0.9444444444444444,0.8947368421052632,18,0.9642857142857143,0.75,0.9642857142857143,0.9761904761904762,0.1,1.0,1.0,1.15,0.9,0.95,0.9444444444444444
simgp_core_nogp,random,8,3,0.16315767501431477,0.12011268528999557,0.7727272727272727,0.9444444444444444,0.85,18,0.8333333333333334,0.36904761904761907,0.7142857142857143,0.8809523809523809,,,,,,,
simgp_core_g75,random,8,3,0.14979682874385095,0.1195911704479554,0.7272727272727273,0.4444444444444444,0.5517241379310345,18,0.9047619047619048,0.4166666666666667,0.6904761904761905,0.9642857142857143,,,,,,,
physgp_core,random,8,3,0.26468028441612773,0.21592707659219215,1.0,0.0,0.0,18,0.35714285714285715,0.19047619047619047,0.30952380952380953,0.4642857142857143,,,,,,,
physgp_rich,random,8,3,0.2881790492811685,0.23335748639576437,1.0,0.0,0.0,18,0.32142857142857145,0.13095238095238096,0.27380952380952384,0.40476190476190477,,,,,,,
simgp_rich,random,8,3,0.1520916390258927,0.10748454253076874,0.8947368421052632,0.9444444444444444,0.918918918918919,18,0.9642857142857143,0.5833333333333334,0.9523809523809523,0.9761904761904762,,,,,,,
pinn_rich,random,8,3,0.2719351136379966,0.2130628444007146,1.0,0.0,0.0,18,0.15476190476190477,0.08333333333333333,0.13095238095238096,0.20238095238095238,,,,,,,
mean_of_samples,random,8,3,0.26437822741230826,0.22121411930083898,1.0,0.0,0.0,18,,,,,,,,,,,
nearest_sample,random,8,3,0.3610256890148,0.2850287041664553,1.0,0.0,0.0,18,,,,,,,,,,,
decay_only,random,8,3,0.2663982128749505,0.2202762430322284,1.0,0.0,0.0,18,,,,,,,,,,,
simgp_core,random,9,3,0.13839754295951487,0.09774232770786155,0.8,0.6666666666666666,0.7272727272727272,18,0.9879518072289156,0.5783132530120482,0.9759036144578314,0.9879518072289156,0.1,1.0,1.0,1.15,0.9,0.95,0.6666666666666666
simgp_core_nogp,random,9,3,0.16788784467308485,0.12202731735406498,0.7727272727272727,0.9444444444444444,0.85,18,0.8192771084337349,0.37349397590361444,0.6746987951807228,0.8674698795180723,,,,,,,
simgp_core_g75,random,9,3,0.13967379157127707,0.11081371805343544,0.7272727272727273,0.4444444444444444,0.5517241379310345,18,0.8674698795180723,0.39759036144578314,0.6506024096385542,0.9036144578313253,,,,,,,
physgp_core,random,9,3,0.2685692587595083,0.22114612724523808,1.0,0.0,0.0,18,0.3493975903614458,0.14457831325301204,0.27710843373493976,0.39759036144578314,,,,,,,
physgp_rich,random,9,3,0.29016757786660996,0.23628195629716467,1.0,0.0,0.0,18,0.30120481927710846,0.12048192771084337,0.25301204819277107,0.37349397590361444,,,,,,,
simgp_rich,random,9,3,0.13123642968769092,0.08542861159853901,0.8,0.6666666666666666,0.7272727272727272,18,0.9879518072289156,0.6987951807228916,0.9879518072289156,0.9879518072289156,,,,,,,
mean_of_samples,random,9,3,0.26533462901593874,0.22251467201036843,1.0,0.0,0.0,18,,,,,,,,,,,
nearest_sample,random,9,3,0.36321245107415273,0.2883781174044735,1.0,0.0,0.0,18,,,,,,,,,,,
decay_only,random,9,3,0.2680269302091354,0.22231255389230622,1.0,0.0,0.0,18,,,,,,,,,,,
simgp_core,random,10,3,0.1546918969989741,0.10806102582007286,0.8095238095238095,1.0,0.8947368421052632,17,0.9146341463414634,0.524390243902439,0.8536585365853658,0.9390243902439024,0.1,1.5,1.0,1.15,0.9,1.1,1.0
simgp_core_nogp,random,10,3,0.18862653467189117,0.1446265642254907,0.7083333333333334,1.0,0.8292682926829268,17,0.6341463414634146,0.14634146341463414,0.45121951219512196,0.8292682926829268,,,,,,,
simgp_core_g75,random,10,3,0.15358201460914536,0.10885221839331621,0.7391304347826086,1.0,0.85,17,0.8536585365853658,0.5121951219512195,0.7439024390243902,0.8902439024390244,,,,,,,
physgp_core,random,10,3,0.35815403166008053,0.26107308611230645,0.41025641025641024,0.9411764705882353,0.5714285714285713,17,0.34146341463414637,0.1951219512195122,0.2682926829268293,0.36585365853658536,,,,,,,
physgp_rich,random,10,3,0.3002496309241355,0.23977083420158554,0.5555555555555556,0.29411764705882354,0.3846153846153846,17,0.6219512195121951,0.18292682926829268,0.5121951219512195,0.6951219512195121,,,,,,,
simgp_rich,random,10,3,0.13511878502434327,0.09177186095414273,0.7894736842105263,0.8823529411764706,0.8333333333333333,17,0.9634146341463414,0.573170731707317,0.926829268292683,0.9878048780487805,,,,,,,
pinn_rich,random,10,3,0.19873423645280197,0.14264771910326204,0.8,0.9411764705882353,0.8648648648648648,17,0.21951219512195122,0.08536585365853659,0.15853658536585366,0.23170731707317074,,,,,,,
mean_of_samples,random,10,3,0.2659066235936522,0.2226954181295355,1.0,0.0,0.0,17,,,,,,,,,,,
nearest_sample,random,10,3,0.23243000648085413,0.17151761593528825,0.8421052631578947,0.9411764705882353,0.8888888888888888,17,,,,,,,,,,,
decay_only,random,10,3,0.28057987261022405,0.2281700373398014,1.0,0.0,0.0,17,,,,,,,,,,,
simgp_core,random,11,3,0.16565090107799157,0.12025543402694511,0.7727272727272727,1.0,0.8717948717948718,17,0.9012345679012346,0.4691358024691358,0.8395061728395061,0.9259259259259259,0.1,1.5,1.0,1.15,0.9,1.1,1.0
simgp_core_nogp,random,11,3,0.19130432294396632,0.14744747943118708,0.7083333333333334,1.0,0.8292682926829268,17,0.6172839506172839,0.13580246913580246,0.4444444444444444,0.8271604938271605,,,,,,,
simgp_core_g75,random,11,3,0.16896926881215926,0.12192236383187796,0.7083333333333334,1.0,0.8292682926829268,17,0.8024691358024691,0.4691358024691358,0.6790123456790124,0.8518518518518519,,,,,,,
physgp_core,random,11,3,0.3598336774385653,0.26390112318124276,0.41025641025641024,0.9411764705882353,0.5714285714285713,17,0.32098765432098764,0.18518518518518517,0.25925925925925924,0.345679012345679,,,,,,,
physgp_rich,random,11,3,0.2841396388700168,0.22623611594556745,0.5555555555555556,0.29411764705882354,0.3846153846153846,17,0.6049382716049383,0.2962962962962963,0.48148148148148145,0.7283950617283951,,,,,,,
simgp_rich,random,11,3,0.140570778251289,0.09468575073930995,0.7894736842105263,0.8823529411764706,0.8333333333333333,17,0.9629629629629629,0.6049382716049383,0.8888888888888888,0.9876543209876543,,,,,,,
mean_of_samples,random,11,3,0.2682785417206707,0.22496320424042496,1.0,0.0,0.0,17,,,,,,,,,,,
nearest_sample,random,11,3,0.23453141461482055,0.1739377312796648,0.8421052631578947,0.9411764705882353,0.8888888888888888,17,,,,,,,,,,,
decay_only,random,11,3,0.282464492150477,0.23083483769931748,1.0,0.0,0.0,17,,,,,,,,,,,
simgp_core,random,12,3,0.12433192352587936,0.09031701989339566,0.8095238095238095,1.0,0.8947368421052632,17,0.9375,0.6125,0.925,0.95,0.1,1.5,1.0,1.15,0.9,1.1,1.0
simgp_core_nogp,random,12,3,0.19261625911467942,0.14921971092713374,0.7083333333333334,1.0,0.8292682926829268,17,0.6,0.1125,0.4375,0.8125,,,,,,,
simgp_core_g75,random,12,3,0.10756543867883894,0.07984355904537369,0.85,1.0,0.9189189189189189,17,0.9375,0.5875,0.8625,0.95,,,,,,,
physgp_core,random,12,3,0.22505392189721307,0.14882264895926672,0.6666666666666666,0.35294117647058826,0.46153846153846156,17,0.8375,0.4875,0.725,0.8875,,,,,,,
physgp_rich,random,12,3,0.26756279937100585,0.19080744123168875,0.6,0.5294117647058824,0.5625,17,0.7625,0.3375,0.6625,0.8125,,,,,,,
simgp_rich,random,12,3,0.15809734713664536,0.11248342284017339,0.8888888888888888,0.9411764705882353,0.9142857142857143,17,0.95,0.55,0.9,0.975,,,,,,,
pinn_rich,random,12,3,0.21229675425616162,0.15485315690979556,0.8,0.9411764705882353,0.8648648648648648,17,0.175,0.0875,0.1375,0.1875,,,,,,,
mean_of_samples,random,12,3,0.2716064308873169,0.22749865232134323,1.0,0.0,0.0,17,,,,,,,,,,,
nearest_sample,random,12,3,0.21264932809018025,0.15355510289469937,0.8421052631578947,0.9411764705882353,0.8888888888888888,17,,,,,,,,,,,
decay_only,random,12,3,0.2864645083948106,0.23440153741637446,1.0,0.0,0.0,17,,,,,,,,,,,
simgp_core,random,13,3,0.14883276304138468,0.10308456844190456,0.8095238095238095,1.0,0.8947368421052632,17,0.9367088607594937,0.4936708860759494,0.8607594936708861,0.9493670886075949,0.1,1.5,1.0,1.15,0.9,1.1,1.0
simgp_core_nogp,random,13,3,0.18108092421148794,0.1328492354544632,0.7083333333333334,1.0,0.8292682926829268,17,0.7721518987341772,0.24050632911392406,0.46835443037974683,0.8227848101265823,,,,,,,
simgp_core_g75,random,13,3,0.10906529980010635,0.07891729028254849,0.85,1.0,0.9189189189189189,17,0.9240506329113924,0.5569620253164557,0.8227848101265823,0.9367088607594937,,,,,,,
physgp_core,random,13,3,0.23256561569678388,0.1586799307613113,0.625,0.29411764705882354,0.4,17,0.7974683544303798,0.4177215189873418,0.6075949367088608,0.8354430379746836,,,,,,,
physgp_rich,random,13,3,0.25052375092699214,0.1751083115369737,0.5625,0.5294117647058824,0.5454545454545455,17,0.759493670886076,0.3670886075949367,0.6582278481012658,0.810126582278481,,,,,,,
simgp_rich,random,13,3,0.1542322447144495,0.1009254673722782,0.7272727272727273,0.9411764705882353,0.8205128205128205,17,0.9620253164556962,0.6075949367088608,0.8860759493670886,0.9746835443037974,,,,,,,
mean_of_samples,random,13,3,0.26902869260132845,0.22550895893069478,1.0,0.0,0.0,17,,,,,,,,,,,
nearest_sample,random,13,3,0.22819785655688404,0.16751382463959028,0.9411764705882353,0.9411764705882353,0.9411764705882353,17,,,,,,,,,,,
decay_only,random,13,3,0.2810753642917993,0.23052877158760807,1.0,0.0,0.0,17,,,,,,,,,,,
simgp_core,random,14,3,0.14139332822312203,0.09767717666163628,0.8095238095238095,1.0,0.8947368421052632,17,0.9358974358974359,0.5128205128205128,0.8717948717948718,0.9487179487179487,0.1,1.5,1.0,1.15,0.9,1.1,1.0
simgp_core_nogp,random,14,3,0.18213462890578705,0.1338209899503222,0.7083333333333334,1.0,0.8292682926829268,17,0.7692307692307693,0.23076923076923078,0.46153846153846156,0.8205128205128205,,,,,,,
simgp_core_g75,random,14,3,0.11895028895822846,0.08137861480898693,0.7619047619047619,0.9411764705882353,0.8421052631578947,17,0.8846153846153846,0.5641025641025641,0.7051282051282052,0.9102564102564102,,,,,,,
physgp_core,random,14,3,0.20053171925842442,0.14073375989146383,0.5555555555555556,0.29411764705882354,0.3846153846153846,17,0.7692307692307693,0.4358974358974359,0.6153846153846154,0.8333333333333334,,,,,,,
physgp_rich,random,14,3,0.26079336646151097,0.20680370724935843,0.45454545454545453,0.29411764705882354,0.35714285714285715,17,0.5256410256410257,0.16666666666666666,0.38461538461538464,0.5769230769230769,,,,,,,
simgp_rich,random,14,3,0.15531725647585834,0.10197056610878696,0.7272727272727273,0.9411764705882353,0.8205128205128205,17,0.9487179487179487,0.5641025641025641,0.8717948717948718,0.9743589743589743,,,,,,,
mean_of_samples,random,14,3,0.25925010777659624,0.2180004009882596,1.0,0.0,0.0,17,,,,,,,,,,,
nearest_sample,random,14,3,0.20429342413953208,0.1503518038457036,0.9411764705882353,0.9411764705882353,0.9411764705882353,17,,,,,,,,,,,
decay_only,random,14,3,0.2625000074336737,0.22057195619542322,1.0,0.0,0.0,17,,,,,,,,,,,
simgp_core,random,15,3,0.1079179481771101,0.07789420984760961,0.85,1.0,0.9189189189189189,17,0.935064935064935,0.5974025974025974,0.8701298701298701,0.948051948051948,0.1,1.5,1.0,1.0,1.1,1.1,1.0
simgp_core_nogp,random,15,3,0.16729087586417177,0.13527694592419304,0.8095238095238095,1.0,0.8947368421052632,17,0.5064935064935064,0.16883116883116883,0.45454545454545453,0.5974025974025974,,,,,,,
simgp_core_g75,random,15,3,0.11775942587610963,0.08288249174112967,0.85,1.0,0.9189189189189189,17,0.7792207792207793,0.45454545454545453,0.6493506493506493,0.8571428571428571,,,,,,,
physgp_core,random,15,3,0.2041608688169527,0.1373716327032283,0.6666666666666666,0.35294117647058826,0.46153846153846156,17,0.7662337662337663,0.44155844155844154,0.6233766233766234,0.7922077922077922,,,,,,,
physgp_rich,random,15,3,0.26340365346687056,0.2073706459777065,0.45454545454545453,0.29411764705882354,0.35714285714285715,17,0.5194805194805194,0.15584415584415584,0.37662337662337664,0.5714285714285714,,,,,,,
simgp_rich,random,15,3,0.11324515986088171,0.08325641936263922,0.7894736842105263,0.8823529411764706,0.8333333333333333,17,0.922077922077922,0.5064935064935064,0.8051948051948052,0.961038961038961,,,,,,,
pinn_rich,random,15,3,0.14205687060052347,0.09022112402572068,0.8888888888888888,0.9411764705882353,0.9142857142857143,17,0.36363636363636365,0.19480519480519481,0.2857142857142857,0.42857142857142855,,,,,,,
mean_of_samples,random,15,3,0.26193353003240044,0.2197666198095235,1.0,0.0,0.0,17,,,,,,,,,,,
nearest_sample,random,15,3,0.20947737870936822,0.15151040505369512,0.9411764705882353,0.9411764705882353,0.9411764705882353,17,,,,,,,,,,,
decay_only,random,15,3,0.26775590439281594,0.22123631828898876,1.0,0.0,0.0,17,,,,,,,,,,,
simgp_core,uncertainty,3,3,0.21432172085422943,0.1659169449310485,0.6666666666666666,1.0,0.8,18,0.9438202247191011,0.4044943820224719,0.8314606741573034,0.9550561797752809,0.1,1.0,1.0,1.15,0.9,0.9,1.0
simgp_core,uncertainty,4,3,0.19405194350029017,0.140851927768376,0.9,1.0,0.9473684210526316,18,0.7954545454545454,0.5681818181818182,0.6704545454545454,0.9090909090909091,0.1,1.0,1.0,1.0,1.1,0.9,1.0
simgp_core,uncertainty,5,3,0.19076328996199815,0.1367454236198412,1.0,0.8823529411764706,0.9375,17,0.7241379310344828,0.5287356321839081,0.6666666666666666,0.7816091954022989,0.1,1.0,1.0,1.0,1.1,0.95,0.8888888888888888
simgp_core,uncertainty,6,3,0.19095239602230388,0.13807877254941353,1.0,0.75,0.8571428571428571,16,0.7209302325581395,0.46511627906976744,0.6511627906976745,0.7325581395348837,0.1,1.0,1.0,1.0,1.1,0.95,0.7777777777777778
simgp_core,uncertainty,7,3,0.19937212748000882,0.14626695886151306,0.8823529411764706,1.0,0.9375,15,0.6823529411764706,0.27058823529411763,0.6352941176470588,0.6823529411764706,0.1,1.0,1.0,1.0,1.1,0.95,1.0
simgp_core,uncertainty,8,3,0.19153703400980682,0.1403936068513541,0.9333333333333333,0.9333333333333333,0.9333333333333333,15,0.6785714285714286,0.35714285714285715,0.6190476190476191,0.6785714285714286,0.1,1.0,1.0,1.0,1.1,1.0,0.9444444444444444
simgp_core,uncertainty,9,3,0.20584317580758613,0.1479398230743573,1.0,0.9333333333333333,0.9655172413793104,15,0.5783132530120482,0.37349397590361444,0.5421686746987951,0.6506024096385542,0.1,1.0,1.0,1.0,1.1,1.05,0.9444444444444444
simgp_core,uncertainty,10,3,0.19510621805473988,0.14138706828923936,1.0,0.9333333333333333,0.9655172413793104,15,0.6219512195121951,0.3902439024390244,0.524390243902439,0.6707317073170732,0.1,1.0,1.0,1.0,1.1,1.05,0.9444444444444444
simgp_core,uncertainty,11,3,0.1897715711322145,0.1387144596452529,1.0,0.9285714285714286,0.962962962962963,14,0.6296296296296297,0.38271604938271603,0.5555555555555556,0.6666666666666666,0.1,1.0,1.0,1.0,1.1,1.0,0.9444444444444444
simgp_core,uncertainty,12,3,0.21790828940926113,0.16017153716134974,0.6842105263157895,1.0,0.8125000000000001,13,0.575,0.2,0.45,0.5875,0.1,1.0,1.0,1.0,1.1,0.95,1.0
simgp_core,uncertainty,13,3,0.2194192771306365,0.1616110755852124,0.7222222222222222,1.0,0.8387096774193548,13,0.569620253164557,0.189873417721519,0.4430379746835443,0.5822784810126582,0.1,1.0,1.0,1.0,1.1,0.95,1.0
simgp_core,uncertainty,14,3,0.21234618709482805,0.15715798488850982,0.6666666666666666,1.0,0.8,12,0.5128205128205128,0.19230769230769232,0.4230769230769231,0.6025641025641025,0.1,1.0,1.0,1.0,1.1,0.95,1.0
simgp_core,uncertainty,15,3,0.19083983577164476,0.14033815459425353,0.8,1.0,0.888888888888889,12,0.6233766233766234,0.16883116883116883,0.4155844155844156,0.6623376623376623,0.1,1.0,1.0,1.0,1.1,0.95,1.0
simgp_core,straddle,3,3,0.1878157649869653,0.14095955833875226,0.8571428571428571,1.0,0.923076923076923,18,0.9550561797752809,0.4943820224719101,0.9101123595505618,0.9662921348314607,0.1,1.0,1.0,1.15,0.9,0.9,1.0
simgp_core,straddle,4,3,0.1529879030057459,0.10785789044419249,0.8888888888888888,0.8888888888888888,0.8888888888888888,18,0.9659090909090909,0.6136363636363636,0.7954545454545454,0.9772727272727273,0.1,1.0,1.0,1.0,1.1,0.95,0.8888888888888888
simgp_core,straddle,5,3,0.18489856044877218,0.13377432708619622,0.7727272727272727,1.0,0.8717948717948718,17,0.6896551724137931,0.4827586206896552,0.6551724137931034,0.6896551724137931,0.1,1.5,1.0,1.0,1.1,1.1,1.0
simgp_core,straddle,6,3,0.18976059552530372,0.132581435742667,0.8947368421052632,1.0,0.9444444444444444,17,0.6627906976744186,0.5232558139534884,0.6162790697674418,0.686046511627907,0.1,1.0,1.0,1.0,1.1,0.95,1.0
simgp_core,straddle,7,3,0.19060752235462117,0.13879577996047135,0.8888888888888888,1.0,0.9411764705882353,16,0.6588235294117647,0.47058823529411764,0.6,0.6705882352941176,0.25,1.0,1.0,1.0,1.1,0.95,1.0
simgp_core,straddle,8,3,0.1633776210877509,0.1158499035204875,0.9411764705882353,1.0,0.9696969696969697,16,0.6904761904761905,0.5595238095238095,0.6190476190476191,0.7142857142857143,0.25,1.0,1.0,1.0,1.1,0.95,1.0
simgp_core,straddle,9,3,0.16504421275865352,0.11467755434913625,0.9375,1.0,0.967741935483871,15,0.6626506024096386,0.5180722891566265,0.6024096385542169,0.6626506024096386,0.25,1.0,1.0,0.85,0.9,1.1,1.0
simgp_core,straddle,10,3,0.1439854240821495,0.10047882005647311,1.0,1.0,1.0,15,0.6463414634146342,0.5121951219512195,0.6097560975609756,0.6707317073170732,0.25,1.0,1.0,0.85,0.9,1.1,1.0
simgp_core,straddle,11,3,0.14815539936026295,0.10439377042644195,1.0,1.0,1.0,15,0.6419753086419753,0.5555555555555556,0.6049382716049383,0.6666666666666666,0.25,1.0,1.0,0.85,0.9,1.1,1.0
simgp_core,straddle,12,3,0.14481819620824601,0.10233919032668251,1.0,1.0,1.0,14,0.625,0.5,0.6,0.675,0.25,1.0,1.0,0.85,0.9,1.1,1.0
simgp_core,straddle,13,3,0.15046588731610006,0.1069114357370582,1.0,1.0,1.0,14,0.620253164556962,0.5189873417721519,0.5949367088607594,0.6708860759493671,0.25,1.0,1.0,0.85,0.9,1.1,1.0
simgp_core,straddle,14,3,0.1557703614158396,0.10929247234506488,1.0,1.0,1.0,13,0.6153846153846154,0.5256410256410257,0.6153846153846154,0.6538461538461539,0.25,1.0,1.0,0.85,0.9,1.1,1.0
simgp_core,straddle,15,3,0.12626469837998083,0.09005747342839211,1.0,1.0,1.0,13,0.7922077922077922,0.5324675324675324,0.7272727272727273,0.8441558441558441,0.25,1.0,1.0,1.0,1.1,1.0,1.0
simgp_core,random,3,4,0.19676332535353086,0.14003688960494437,0.8666666666666667,1.0,0.9285714285714286,13,0.8539325842696629,0.48314606741573035,0.7865168539325843,0.9325842696629213,0.7,0.6,1.0,1.15,0.9,0.9,1.0
simgp_core_nogp,random,3,4,0.19031093605404634,0.14248497997490184,0.9285714285714286,1.0,0.962962962962963,13,0.8876404494382022,0.33707865168539325,0.6853932584269663,1.0,,,,,,,
simgp_core_g75,random,3,4,0.21396351040102024,0.14453809840391907,0.65,1.0,0.787878787878788,13,0.6179775280898876,0.38202247191011235,0.5730337078651685,0.6741573033707865,,,,,,,
physgp_core,random,3,4,0.3332612754319666,0.2370820244502343,0.5652173913043478,1.0,0.7222222222222222,13,0.07865168539325842,0.011235955056179775,0.056179775280898875,0.07865168539325842,,,,,,,
physgp_rich,random,3,4,0.3336300163589549,0.2406797374214607,0.5652173913043478,1.0,0.7222222222222222,13,0.10112359550561797,0.056179775280898875,0.056179775280898875,0.14606741573033707,,,,,,,
simgp_rich,random,3,4,0.1853971372555911,0.13933634977352571,0.9285714285714286,1.0,0.962962962962963,13,0.9775280898876404,0.3707865168539326,0.7640449438202247,1.0,,,,,,,
pinn_rich,random,3,4,0.264314497309974,0.19125359454139548,1.0,0.0,0.0,13,0.23595505617977527,0.1348314606741573,0.19101123595505617,0.3258426966292135,,,,,,,
mean_of_samples,random,3,4,0.3372521379443105,0.28002483543305623,1.0,0.0,0.0,13,,,,,,,,,,,
nearest_sample,random,3,4,0.2723862420140176,0.21737335509415737,1.0,0.0,0.0,13,,,,,,,,,,,
decay_only,random,3,4,0.33373667321461586,0.2411817398144348,0.5652173913043478,1.0,0.7222222222222222,13,,,,,,,,,,,
simgp_core,random,4,4,0.2063294307252518,0.140281469482826,0.8666666666666667,1.0,0.9285714285714286,13,0.8409090909090909,0.4772727272727273,0.7613636363636364,0.8977272727272727,0.7,0.6,1.0,1.15,0.9,0.9,1.0
simgp_core_nogp,random,4,4,0.19905853301223547,0.1444945534830412,0.8125,1.0,0.896551724137931,13,0.8295454545454546,0.3522727272727273,0.7045454545454546,0.9318181818181818,,,,,,,
simgp_core_g75,random,4,4,0.2204207824409818,0.1436427169195524,0.65,1.0,0.787878787878788,13,0.625,0.4318181818181818,0.5568181818181818,0.6704545454545454,,,,,,,
physgp_core,random,4,4,0.3337832787154093,0.2280186754868273,0.5652173913043478,1.0,0.7222222222222222,13,0.3068181818181818,0.09090909090909091,0.2727272727272727,0.38636363636363635,,,,,,,
physgp_rich,random,4,4,0.3363597084960893,0.2399275652871009,0.5652173913043478,1.0,0.7222222222222222,13,0.22727272727272727,0.09090909090909091,0.125,0.2840909090909091,,,,,,,
simgp_rich,random,4,4,0.20424559742389234,0.14026359817148767,0.8666666666666667,1.0,0.9285714285714286,13,0.8409090909090909,0.4772727272727273,0.75,0.9090909090909091,,,,,,,
mean_of_samples,random,4,4,0.32450613368573417,0.2705939127197954,1.0,0.0,0.0,13,,,,,,,,,,,
nearest_sample,random,4,4,0.24550072650760346,0.18437147180693716,1.0,0.0,0.0,13,,,,,,,,,,,
decay_only,random,4,4,0.33905190293457393,0.24058414501501685,0.5652173913043478,1.0,0.7222222222222222,13,,,,,,,,,,,
simgp_core,random,5,4,0.18890526994826842,0.13263568074575433,0.9,0.75,0.8181818181818182,12,0.7816091954022989,0.5287356321839081,0.6896551724137931,0.8850574712643678,0.25,0.6,1.0,0.85,1.0,0.9,0.7692307692307693
simgp_core_nogp,random,5,4,0.17698704657272235,0.14019393814981165,0.9,0.75,0.8181818181818182,12,0.7126436781609196,0.2988505747126437,0.5747126436781609,0.9310344827586207,,,,,,,
simgp_core_g75,random,5,4,0.2136240160991645,0.1439976459154621,0.7692307692307693,0.8333333333333334,0.8,12,0.5402298850574713,0.367816091954023,0.5057471264367817,0.5862068965517241,,,,,,,
physgp_core,random,5,4,0.3043439016435403,0.21208091815903615,0.4166666666666667,0.4166666666666667,0.4166666666666667,12,0.3218390804597701,0.14942528735632185,0.25287356321839083,0.367816091954023,,,,,,,
physgp_rich,random,5,4,0.30208404674596195,0.240320437705008,0.4166666666666667,0.4166666666666667,0.4166666666666667,12,0.6666666666666666,0.28735632183908044,0.5057471264367817,0.7126436781609196,,,,,,,
simgp_rich,random,5,4,0.18668057700746277,0.13437264010614242,0.9,0.75,0.8181818181818182,12,0.8275862068965517,0.45977011494252873,0.7126436781609196,0.9080459770114943,,,,,,,
pinn_rich,random,5,4,0.27467220667364783,0.19464518517886775,1.0,0.16666666666666666,0.2857142857142857,12,0.3218390804597701,0.12643678160919541,0.25287356321839083,0.3218390804597701,,,,,,,
mean_of_samples,random,5,4,0.2924807920244863,0.23917919899581389,1.0,0.0,0.0,12,,,,,,,,,,,
nearest_sample,random,5,4,0.24362117006327014,0.1777546333275606,0.5,0.3333333333333333,0.4,12,,,,,,,,,,,
decay_only,random,5,4,0.30288635753563214,0.24201553174645202,0.4166666666666667,0.4166666666666667,0.4166666666666667,12,,,,,,,,,,,
simgp_core,random,6,4,0.21234529646631808,0.1539021730480171,0.9,0.75,0.8181818181818182,12,0.7209302325581395,0.4418604651162791,0.6627906976744186,0.7674418604651163,0.25,0.6,1.0,0.85,0.9,0.9,0.7692307692307693
simgp_core_nogp,random,6,4,0.18368050451741852,0.1386287879593934,0.8571428571428571,1.0,0.923076923076923,12,0.686046511627907,0.3023255813953488,0.6046511627906976,0.8255813953488372,,,,,,,
simgp_core_g75,random,6,4,0.21993215683822137,0.152179913318277,0.7692307692307693,0.8333333333333334,0.8,12,0.5116279069767442,0.3023255813953488,0.5116279069767442,0.5348837209302325,,,,,,,
physgp_core,random,6,4,0.3273952249916061,0.2345783352871595,0.4166666666666667,0.4166666666666667,0.4166666666666667,12,0.20930232558139536,0.09302325581395349,0.10465116279069768,0.26744186046511625,,,,,,,
physgp_rich,random,6,4,0.2785203282594179,0.19948399074048948,0.4166666666666667,0.4166666666666667,0.4166666666666667,12,0.4883720930232558,0.2558139534883721,0.36046511627906974,0.5813953488372093,,,,,,,
simgp_rich,random,6,4,0.19131013006388434,0.1366396111037838,0.8333333333333334,0.8333333333333334,0.8333333333333334,12,0.7906976744186046,0.4418604651162791,0.7325581395348837,0.8255813953488372,,,,,,,
mean_of_samples,random,6,4,0.2924700643322533,0.23821366143412356,1.0,0.0,0.0,12,,,,,,,,,,,
nearest_sample,random,6,4,0.27458794241548834,0.2015713958240962,0.5,0.3333333333333333,0.4,12,,,,,,,,,,,
decay_only,random,6,4,0.30612413041256276,0.23776526242521906,0.4166666666666667,0.4166666666666667,0.4166666666666667,12,,,,,,,,,,,
simgp_core,random,7,4,0.1782483605026384,0.13616527124171193,0.9090909090909091,0.8333333333333334,0.8695652173913043,12,0.7411764705882353,0.29411764705882354,0.6352941176470588,0.8,0.25,0.6,1.0,0.85,1.0,0.9,0.8461538461538461
simgp_core_nogp,random,7,4,0.17551568208045173,0.13771481769122246,0.9090909090909091,0.8333333333333334,0.8695652173913043,12,0.6352941176470588,0.27058823529411763,0.5411764705882353,0.7176470588235294,,,,,,,
simgp_core_g75,random,7,4,0.19651711699347726,0.13824774323023212,0.7692307692307693,0.8333333333333334,0.8,12,0.6235294117647059,0.3176470588235294,0.5647058823529412,0.6823529411764706,,,,,,,
physgp_core,random,7,4,0.29134031513708025,0.20895609484114017,0.4166666666666667,0.4166666666666667,0.4166666666666667,12,0.4235294117647059,0.2,0.3411764705882353,0.4235294117647059,,,,,,,
physgp_rich,random,7,4,0.2763190188959635,0.19807129522127895,0.4166666666666667,0.4166666666666667,0.4166666666666667,12,0.5411764705882353,0.23529411764705882,0.3764705882352941,0.5764705882352941,,,,,,,
simgp_rich,random,7,4,0.17903267108878015,0.13360649757669743,0.7142857142857143,0.4166666666666667,0.5263157894736842,12,0.7764705882352941,0.4,0.6705882352941176,0.8588235294117647,,,,,,,
mean_of_samples,random,7,4,0.2941803505461591,0.24069633263462248,1.0,0.0,0.0,12,,,,,,,,,,,
nearest_sample,random,7,4,0.2626565679371893,0.19102723041908107,0.5,0.3333333333333333,0.4,12,,,,,,,,,,,
decay_only,random,7,4,0.30805523580178323,0.24028145690926087,0.4166666666666667,0.4166666666666667,0.4166666666666667,12,,,,,,,,,,,
simgp_core,random,8,4,0.1805032721558944,0.13381744648069288,0.9090909090909091,0.8333333333333334,0.8695652173913043,12,0.8333333333333334,0.39285714285714285,0.7261904761904762,0.8809523809523809,0.25,0.6,1.0,0.85,1.0,0.9,0.8461538461538461
simgp_core_nogp,random,8,4,0.1775489970668107,0.13782889819714622,0.9230769230769231,1.0,0.9600000000000001,12,0.5952380952380952,0.27380952380952384,0.5238095238095238,0.7023809523809523,,,,,,,
simgp_core_g75,random,8,4,0.20023704506424464,0.13875519268119957,0.7692307692307693,0.8333333333333334,0.8,12,0.6190476190476191,0.36904761904761907,0.6071428571428571,0.7261904761904762,,,,,,,
physgp_core,random,8,4,0.3108685915097898,0.23090286973839072,0.4166666666666667,0.4166666666666667,0.4166666666666667,12,0.44047619047619047,0.2261904761904762,0.3333333333333333,0.5595238095238095,,,,,,,
physgp_rich,random,8,4,0.2859595354593807,0.2018199106143378,0.4166666666666667,0.4166666666666667,0.4166666666666667,12,0.40476190476190477,0.14285714285714285,0.32142857142857145,0.4523809523809524,,,,,,,
simgp_rich,random,8,4,0.18448901286889016,0.134805846075242,0.7142857142857143,0.4166666666666667,0.5263157894736842,12,0.75,0.39285714285714285,0.6666666666666666,0.7738095238095238,,,,,,,
pinn_rich,random,8,4,0.2731844109114778,0.19440812544406708,1.0,0.16666666666666666,0.2857142857142857,12,0.2857142857142857,0.17857142857142858,0.2619047619047619,0.32142857142857145,,,,,,,
mean_of_samples,random,8,4,0.2957707121589117,0.24208201348169348,1.0,0.0,0.0,12,,,,,,,,,,,
nearest_sample,random,8,4,0.26388379711340776,0.19142321912423635,0.5,0.3333333333333333,0.4,12,,,,,,,,,,,
decay_only,random,8,4,0.3111281711138493,0.24186243454319237,0.4166666666666667,0.4166666666666667,0.4166666666666667,12,,,,,,,,,,,
simgp_core,random,9,4,0.17635807420417451,0.13164509517455172,0.9,0.75,0.8181818181818182,12,0.7831325301204819,0.39759036144578314,0.7108433734939759,0.8433734939759037,0.25,0.6,1.0,0.85,1.0,0.9,0.7692307692307693
simgp_core_nogp,random,9,4,0.17348289506696749,0.1383540981580499,0.9,0.75,0.8181818181818182,12,0.5783132530120482,0.26506024096385544,0.4819277108433735,0.6385542168674698,,,,,,,
simgp_core_g75,random,9,4,0.19732925878962934,0.14102077886784609,0.7692307692307693,0.8333333333333334,0.8,12,0.6626506024096386,0.3253012048192771,0.5421686746987951,0.7228915662650602,,,,,,,
physgp_core,random,9,4,0.3093563796978974,0.22944592603577063,0.4166666666666667,0.4166666666666667,0.4166666666666667,12,0.43373493975903615,0.26506024096385544,0.3493975903614458,0.5421686746987951,,,,,,,
physgp_rich,random,9,4,0.2893793320369964,0.20544625438245412,0.4166666666666667,0.4166666666666667,0.4166666666666667,12,0.3373493975903614,0.13253012048192772,0.30120481927710846,0.4457831325301205,,,,,,,
simgp_rich,random,9,4,0.19395099157129367,0.13773946052431366,0.75,0.5,0.6,12,0.6987951807228916,0.43373493975903615,0.6746987951807228,0.7469879518072289,,,,,,,
mean_of_samples,random,9,4,0.29752282139869635,0.24468397444131879,1.0,0.0,0.0,12,,,,,,,,,,,
nearest_sample,random,9,4,0.26537064280211264,0.19333717582441898,0.5,0.3333333333333333,0.4,12,,,,,,,,,,,
decay_only,random,9,4,0.3130496031858462,0.24451685251186872,0.4166666666666667,0.4166666666666667,0.4166666666666667,12,,,,,,,,,,,
simgp_core,random,10,4,0.1552809919216432,0.11261937332466028,0.875,0.5833333333333334,0.7000000000000001,12,0.8414634146341463,0.6585365853658537,0.7804878048780488,0.9390243902439024,0.25,0.6,1.0,1.0,1.1,0.9,0.6153846153846154
simgp_core_nogp,random,10,4,0.16618965265107538,0.13702436559695272,0.875,0.5833333333333334,0.7000000000000001,12,0.5487804878048781,0.15853658536585366,0.4634146341463415,0.6585365853658537,,,,,,,
simgp_core_g75,random,10,4,0.17676797163766506,0.11902339487626727,0.75,0.75,0.75,12,0.7439024390243902,0.34146341463414637,0.6463414634146342,0.8170731707317073,,,,,,,
physgp_core,random,10,4,0.3078416353293194,0.22989079593857506,0.4166666666666667,0.4166666666666667,0.4166666666666667,12,0.5,0.2682926829268293,0.3902439024390244,0.5975609756097561,,,,,,,
physgp_rich,random,10,4,0.2511668616309514,0.16042469091774283,0.4166666666666667,0.4166666666666667,0.4166666666666667,12,0.524390243902439,0.2073170731707317,0.45121951219512196,0.573170731707317,,,,,,,
simgp_rich,random,10,4,0.13348251187745355,0.0911524428152652,0.8571428571428571,0.5,0.631578947368421,12,0.8780487804878049,0.5609756097560976,0.8414634146341463,0.9024390243902439,,,,,,,
pinn_rich,random,10,4,0.19084857417636136,0.14589362060829106,1.0,0.16666666666666666,0.2857142857142857,12,0.25609756097560976,0.0975609756097561,0.17073170731707318,0.34146341463414637,,,,,,,
mean_of_samples,random,10,4,0.2994687239793627,0.2479442720714179,1.0,0.0,0.0,12,,,,,,,,,,,
nearest_sample,random,10,4,0.2591305553567946,0.18420003876027413,0.5,0.3333333333333333,0.4,12,,,,,,,,,,,
decay_only,random,10,4,0.3100106995527176,0.24537301625172123,0.4166666666666667,0.4166666666666667,0.4166666666666667,12,,,,,,,,,,,
simgp_core,random,11,4,0.17455702587230285,0.13145568081191641,0.875,0.5833333333333334,0.7000000000000001,12,0.7407407407407407,0.41975308641975306,0.7037037037037037,0.8148148148148148,0.25,0.6,1.0,1.0,1.0,0.9,0.6153846153846154
simgp_core_nogp,random,11,4,0.16718759082598897,0.13683545890031606,0.875,0.5833333333333334,0.7000000000000001,12,0.5185185185185185,0.14814814814814814,0.4567901234567901,0.6172839506172839,,,,,,,
simgp_core_g75,random,11,4,0.17617587004152632,0.11767615099785661,0.75,0.75,0.75,12,0.7530864197530864,0.32098765432098764,0.6419753086419753,0.8148148148148148,,,,,,,
physgp_core,random,11,4,0.31411332923454544,0.23053799052853474,0.4166666666666667,0.4166666666666667,0.4166666666666667,12,0.3950617283950617,0.2716049382716049,0.37037037037037035,0.5061728395061729,,,,,,,
physgp_rich,random,11,4,0.2523235345804873,0.1609414681660376,0.4166666666666667,0.4166666666666667,0.4166666666666667,12,0.5185185185185185,0.20987654320987653,0.43209876543209874,0.5555555555555556,,,,,,,
simgp_rich,random,11,4,0.13239531795658163,0.09120711976174994,0.8571428571428571,0.5,0.631578947368421,12,0.8641975308641975,0.5432098765432098,0.8148148148148148,0.9012345679012346,,,,,,,
mean_of_samples,random,11,4,0.29863844714091675,0.2456852674264908,1.0,0.0,0.0,12,,,,,,,,,,,
nearest_sample,random,11,4,0.2665439732009786,0.19177445681761324,0.5,0.3333333333333333,0.4,12,,,,,,,,,,,
decay_only,random,11,4,0.3134666680680029,0.2443911213059468,0.4166666666666667,0.4166666666666667,0.4166666666666667,12,,,,,,,,,,,
simgp_core,random,12,4,0.17539687481297667,0.13241919357564036,0.875,0.5833333333333334,0.7000000000000001,12,0.7375,0.4,0.7,0.775,0.25,0.6,1.0,1.0,1.0,0.9,0.6153846153846154
simgp_core_nogp,random,12,4,0.16793201492262372,0.13826312698320833,0.875,0.5833333333333334,0.7000000000000001,12,0.5,0.15,0.45,0.5375,,,,,,,
simgp_core_g75,random,12,4,0.17242538423902587,0.11177737757110813,0.75,0.75,0.75,12,0.7625,0.3,0.6875,0.7875,,,,,,,
physgp_core,random,12,4,0.312418465414083,0.21974030194363198,0.4166666666666667,0.4166666666666667,0.4166666666666667,12,0.4125,0.2625,0.375,0.5,,,,,,,
physgp_rich,random,12,4,0.25053484587245417,0.1538861219584337,0.4166666666666667,0.4166666666666667,0.4166666666666667,12,0.5375,0.2375,0.4125,0.6,,,,,,,
simgp_rich,random,12,4,0.13358051447490804,0.09277185416976413,0.8571428571428571,0.5,0.631578947368421,12,0.85,0.5,0.7875,0.8625,,,,,,,
pinn_rich,random,12,4,0.19535447593698646,0.14897795051342932,1.0,0.16666666666666666,0.2857142857142857,12,0.25,0.1375,0.225,0.375,,,,,,,
mean_of_samples,random,12,4,0.2985880306991183,0.24322838071335,1.0,0.0,0.0,12,,,,,,,,,,,
nearest_sample,random,12,4,0.2686412370990663,0.19560324267607127,1.0,0.0,0.0,12,,,,,,,,,,,
decay_only,random,12,4,0.3188114602899316,0.24406234166915802,0.4166666666666667,0.4166666666666667,0.4166666666666667,12,,,,,,,,,,,
simgp_core,random,13,4,0.13787592541760582,0.09597914469922113,0.875,0.5833333333333334,0.7000000000000001,12,0.8987341772151899,0.5443037974683544,0.8227848101265823,0.9367088607594937,0.25,0.6,1.0,1.0,1.1,0.9,0.6153846153846154
simgp_core_nogp,random,13,4,0.16286366025422153,0.1355636354180497,0.875,0.5833333333333334,0.7000000000000001,12,0.4936708860759494,0.13924050632911392,0.4430379746835443,0.569620253164557,,,,,,,
simgp_core_g75,random,13,4,0.17239548310604982,0.11102728817152352,0.7272727272727273,0.6666666666666666,0.6956521739130435,12,0.5822784810126582,0.27848101265822783,0.4936708860759494,0.6455696202531646,,,,,,,
physgp_core,random,13,4,0.2710643327709241,0.17829258963105837,0.4166666666666667,0.4166666666666667,0.4166666666666667,12,0.5822784810126582,0.25316455696202533,0.46835443037974683,0.6708860759493671,,,,,,,
physgp_rich,random,13,4,0.2511296976300715,0.15383008674002294,0.4166666666666667,0.4166666666666667,0.4166666666666667,12,0.4936708860759494,0.21518987341772153,0.4050632911392405,0.5822784810126582,,,,,,,
simgp_rich,random,13,4,0.13185094749073306,0.09098676445212263,0.8,0.3333333333333333,0.47058823529411764,12,0.810126582278481,0.4936708860759494,0.759493670886076,0.8607594936708861,,,,,,,
mean_of_samples,random,13,4,0.29798118039669874,0.24403955512853648,1.0,0.0,0.0,12,,,,,,,,,,,
nearest_sample,random,13,4,0.2566471362298559,0.18247699866617592,1.0,0.0,0.0,12,,,,,,,,,,,
decay_only,random,13,4,0.31372626816582705,0.2422434148334772,0.4166666666666667,0.4166666666666667,0.4166666666666667,12,,,,,,,,,,,
simgp_core,random,14,4,0.13679749451428405,0.09509021517359531,0.9,0.75,0.8181818181818182,12,0.8974358974358975,0.5897435897435898,0.8333333333333334,0.9102564102564102,0.25,0.6,1.0,0.85,0.9,0.95,0.7692307692307693
simgp_core_nogp,random,14,4,0.16428406754454733,0.13697229403960792,0.875,0.5833333333333334,0.7000000000000001,12,0.48717948717948717,0.11538461538461539,0.38461538461538464,0.5256410256410257,,,,,,,
simgp_core_g75,random,14,4,0.17352045307771322,0.1060905306502184,0.7857142857142857,0.9166666666666666,0.8461538461538461,12,0.6923076923076923,0.3076923076923077,0.6153846153846154,0.7564102564102564,,,,,,,
physgp_core,random,14,4,0.2749118094087791,0.1735038318365203,0.4166666666666667,0.4166666666666667,0.4166666666666667,12,0.7307692307692307,0.3333333333333333,0.6282051282051282,0.8205128205128205,,,,,,,
physgp_rich,random,14,4,0.26642773087574984,0.17148936999940398,0.42857142857142855,0.5,0.4615384615384615,12,0.5769230769230769,0.2564102564102564,0.46153846153846156,0.6025641025641025,,,,,,,
simgp_rich,random,14,4,0.13418102871066104,0.09360394785536232,0.8333333333333334,0.4166666666666667,0.5555555555555556,12,0.8076923076923077,0.47435897435897434,0.7692307692307693,0.8461538461538461,,,,,,,
mean_of_samples,random,14,4,0.2971578422572097,0.2407133742592574,1.0,0.0,0.0,12,,,,,,,,,,,
nearest_sample,random,14,4,0.2578299817551651,0.18316528764600867,1.0,0.0,0.0,12,,,,,,,,,,,
decay_only,random,14,4,0.32027243691767343,0.2422185759680435,0.4166666666666667,0.4166666666666667,0.4166666666666667,12,,,,,,,,,,,
simgp_core,random,15,4,0.1420695013821125,0.098530395103292,0.9,0.75,0.8181818181818182,12,0.8961038961038961,0.6493506493506493,0.8831168831168831,0.9090909090909091,0.25,0.6,1.0,0.85,1.1,0.95,0.7692307692307693
simgp_core_nogp,random,15,4,0.16855857117721768,0.1383788779186611,0.9,0.75,0.8181818181818182,12,0.45454545454545453,0.12987012987012986,0.42857142857142855,0.5324675324675324,,,,,,,
simgp_core_g75,random,15,4,0.1788367444673113,0.10888335523468419,0.7142857142857143,0.8333333333333334,0.7692307692307692,12,0.8051948051948052,0.5324675324675324,0.7532467532467533,0.8181818181818182,,,,,,,
physgp_core,random,15,4,0.25394169447412185,0.16399419175777494,0.4166666666666667,0.4166666666666667,0.4166666666666667,12,0.7402597402597403,0.2727272727272727,0.5584415584415584,0.8051948051948052,,,,,,,
physgp_rich,random,15,4,0.27068307081314813,0.17447325030219013,0.42857142857142855,0.5,0.4615384615384615,12,0.5324675324675324,0.19480519480519481,0.45454545454545453,0.5714285714285714,,,,,,,
simgp_rich,random,15,4,0.14121785142239573,0.09604703689388454,0.8571428571428571,0.5,0.631578947368421,12,0.8571428571428571,0.5844155844155844,0.8051948051948052,0.8961038961038961,,,,,,,
pinn_rich,random,15,4,0.19892162912485073,0.1456280831556756,1.0,0.25,0.4,12,0.2077922077922078,0.09090909090909091,0.18181818181818182,0.2727272727272727,,,,,,,
mean_of_samples,random,15,4,0.2995055678463684,0.24153396903259514,1.0,0.0,0.0,12,,,,,,,,,,,
nearest_sample,random,15,4,0.26587932527078345,0.18969076289725526,1.0,0.0,0.0,12,,,,,,,,,,,
decay_only,random,15,4,0.32695711673694433,0.24599370589373848,0.4166666666666667,0.4166666666666667,0.4166666666666667,12,,,,,,,,,,,
simgp_core,uncertainty,3,4,0.19766224245790098,0.13831398750755108,0.8125,1.0,0.896551724137931,13,0.8876404494382022,0.4606741573033708,0.797752808988764,0.9550561797752809,0.55,0.6,1.0,0.85,1.0,0.9,1.0
simgp_core,uncertainty,4,4,0.16592983861905458,0.1223932345672241,0.9166666666666666,0.8461538461538461,0.8799999999999999,13,0.75,0.5113636363636364,0.7159090909090909,0.8522727272727273,0.25,0.6,1.0,1.15,1.0,0.9,0.8461538461538461
simgp_core,uncertainty,5,4,0.1636793691649189,0.1248170501531819,0.8888888888888888,0.6153846153846154,0.7272727272727274,13,0.7126436781609196,0.40229885057471265,0.6896551724137931,0.7701149425287356,0.1,0.6,1.0,0.85,1.1,0.95,0.6153846153846154
simgp_core,uncertainty,6,4,0.1601395243991024,0.12525098085983305,0.875,0.5833333333333334,0.7000000000000001,12,0.6976744186046512,0.36046511627906974,0.686046511627907,0.7209302325581395,0.25,0.6,1.0,0.85,1.0,0.95,0.6153846153846154
simgp_core,uncertainty,7,4,0.13442511793318246,0.11615323216173798,0.8,0.3333333333333333,0.47058823529411764,12,0.9176470588235294,0.35294117647058826,0.788235294117647,0.9294117647058824,0.25,0.6,1.0,1.0,1.1,0.95,0.38461538461538464
simgp_core,uncertainty,8,4,0.14171303634346744,0.1247184267437318,0.6666666666666666,0.18181818181818182,0.28571428571428575,11,0.8452380952380952,0.23809523809523808,0.6904761904761905,0.9166666666666666,0.25,0.6,1.0,1.0,1.1,0.95,0.3076923076923077
simgp_core,uncertainty,9,4,0.15065566941007386,0.12779503296194417,1.0,0.1,0.18181818181818182,10,0.8072289156626506,0.42168674698795183,0.6987951807228916,0.8554216867469879,0.4,0.3,1.0,0.85,1.1,0.9,0.3076923076923077
simgp_core,uncertainty,10,4,0.15652028016518688,0.13542101816763094,1.0,0.1,0.18181818181818182,10,0.7439024390243902,0.35365853658536583,0.6585365853658537,0.8170731707317073,0.1,0.6,1.0,1.0,1.1,0.9,0.3076923076923077
simgp_core,uncertainty,11,4,0.13890773362779357,0.11771140245970835,1.0,0.1,0.18181818181818182,10,0.7160493827160493,0.32098765432098764,0.6296296296296297,0.8271604938271605,0.1,0.6,1.0,1.0,1.1,0.9,0.3076923076923077
simgp_core,uncertainty,12,4,0.14958261695046535,0.12728538838066852,0.0,0.0,0.0,9,0.8875,0.425,0.6625,0.9,0.1,0.6,1.0,1.0,1.1,0.9,0.3076923076923077
simgp_core,uncertainty,13,4,0.1241483236305446,0.1044909735200085,0.6666666666666666,0.25,0.36363636363636365,8,0.8607594936708861,0.45569620253164556,0.8481012658227848,0.9240506329113924,0.1,0.6,1.0,1.0,1.1,0.9,0.5384615384615384
simgp_core,uncertainty,14,4,0.12463069178970117,0.10404567556789153,0.6666666666666666,0.25,0.36363636363636365,8,0.8589743589743589,0.44871794871794873,0.8333333333333334,0.9230769230769231,0.1,0.6,1.0,1.0,1.1,0.9,0.5384615384615384
simgp_core,uncertainty,15,4,0.14244587518392524,0.11414352328694756,1.0,0.25,0.4,8,0.974025974025974,0.5584415584415584,0.8961038961038961,0.987012987012987,0.1,0.6,1.0,1.0,1.1,0.9,0.5384615384615384
simgp_core,straddle,3,4,0.21747451085746253,0.152052280461496,0.6190476190476191,1.0,0.7647058823529412,13,0.7865168539325843,0.48314606741573035,0.7415730337078652,0.8539325842696629,0.1,1.0,1.0,1.15,0.9,0.95,1.0
simgp_core,straddle,4,4,0.1901180782005812,0.13746771822778434,0.7647058823529411,1.0,0.8666666666666666,13,0.75,0.5568181818181818,0.6704545454545454,0.8068181818181818,0.1,1.0,1.0,1.15,1.0,1.05,1.0
simgp_core,straddle,5,4,0.20641451838745914,0.14749320488470632,0.631578947368421,1.0,0.7741935483870968,12,0.7241379310344828,0.5057471264367817,0.6551724137931034,0.735632183908046,0.7,1.0,1.0,1.15,1.0,1.05,1.0
simgp_core,straddle,6,4,0.1823661939997596,0.12922479008886745,0.6666666666666666,1.0,0.8,12,0.8023255813953488,0.6162790697674418,0.7325581395348837,0.872093023255814,0.1,1.0,1.0,0.85,1.0,1.1,1.0
simgp_core,straddle,7,4,0.17964189318892954,0.12407736771796093,0.75,1.0,0.8571428571428571,12,0.7764705882352941,0.6235294117647059,0.7058823529411765,0.8352941176470589,0.1,1.0,1.0,0.85,1.0,1.05,1.0
simgp_core,straddle,8,4,0.1809652886013968,0.1252987416944253,0.8,1.0,0.888888888888889,12,0.7619047619047619,0.5952380952380952,0.7023809523809523,0.7976190476190477,0.1,1.0,1.0,0.85,1.0,1.05,1.0
simgp_core,straddle,9,4,0.1718492478730713,0.11834387251053341,0.9230769230769231,1.0,0.9600000000000001,12,0.7349397590361446,0.5542168674698795,0.6746987951807228,0.7590361445783133,0.1,1.0,1.0,0.85,1.0,1.1,1.0
simgp_core,straddle,10,4,0.1713550219647235,0.11950023834784188,0.9166666666666666,1.0,0.9565217391304348,11,0.6951219512195121,0.4878048780487805,0.6585365853658537,0.7439024390243902,0.1,1.0,1.0,0.85,1.0,1.1,1.0
simgp_core,straddle,11,4,0.15867850734894276,0.1120566534140285,0.9166666666666666,1.0,0.9565217391304348,11,0.6790123456790124,0.49382716049382713,0.654320987654321,0.7407407407407407,0.1,1.0,1.0,1.0,1.1,1.05,1.0
simgp_core,straddle,12,4,0.18160219202828626,0.13041971553450987,0.9166666666666666,1.0,0.9565217391304348,11,0.6875,0.35,0.6375,0.6875,0.1,1.0,1.0,1.0,1.1,1.05,1.0
simgp_core,straddle,13,4,0.18542088471385962,0.13410978012548366,1.0,1.0,1.0,11,0.6835443037974683,0.34177215189873417,0.5822784810126582,0.6835443037974683,0.1,1.0,1.0,1.0,1.1,1.05,1.0
simgp_core,straddle,14,4,0.19132466436801168,0.1387074997234538,1.0,0.8,0.888888888888889,10,0.6794871794871795,0.358974358974359,0.6025641025641025,0.6794871794871795,0.1,1.0,1.0,1.0,1.1,1.1,0.7692307692307693
simgp_core,straddle,15,4,0.1921470091586953,0.1400152203920701,1.0,0.7777777777777778,0.8750000000000001,9,0.6753246753246753,0.36363636363636365,0.5974025974025974,0.6753246753246753,0.25,1.0,1.0,1.0,1.1,1.1,0.7692307692307693
simgp_core,random,3,5,0.15104941500779764,0.12071413242004679,1.0,0.29411764705882354,0.45454545454545453,17,0.8764044943820225,0.4606741573033708,0.7191011235955056,0.9101123595505618,0.25,0.6,0.0,1.15,1.0,1.05,0.29411764705882354
simgp_core_nogp,random,3,5,0.1537566906457638,0.12269125291847528,1.0,0.29411764705882354,0.45454545454545453,17,0.8426966292134831,0.4606741573033708,0.7191011235955056,0.9101123595505618,,,,,,,
simgp_core_g75,random,3,5,0.15492819939609442,0.11767712387300952,0.9,0.5294117647058824,0.6666666666666667,17,0.651685393258427,0.4044943820224719,0.5730337078651685,0.7640449438202247,,,,,,,
physgp_core,random,3,5,0.35885577840647537,0.30857403075531326,0.6923076923076923,0.5294117647058824,0.5999999999999999,17,0.20224719101123595,0.0898876404494382,0.1797752808988764,0.24719101123595505,,,,,,,
physgp_rich,random,3,5,0.3575033346382811,0.30985278985534526,0.6428571428571429,0.5294117647058824,0.5806451612903226,17,0.25842696629213485,0.10112359550561797,0.24719101123595505,0.30337078651685395,,,,,,,
simgp_rich,random,3,5,0.15375666307737054,0.1226902996543557,1.0,0.29411764705882354,0.45454545454545453,17,0.8426966292134831,0.4606741573033708,0.7191011235955056,0.9101123595505618,,,,,,,
pinn_rich,random,3,5,0.3189563017992268,0.2608403093160015,1.0,0.0,0.0,17,0.2696629213483146,0.16853932584269662,0.23595505617977527,0.2808988764044944,,,,,,,
mean_of_samples,random,3,5,0.4580892271223953,0.40930782815966893,1.0,0.0,0.0,17,,,,,,,,,,,
nearest_sample,random,3,5,0.29078145978974973,0.23696783125765963,1.0,0.0,0.0,17,,,,,,,,,,,
decay_only,random,3,5,0.35750995194506224,0.30986759786070606,0.6428571428571429,0.5294117647058824,0.5806451612903226,17,,,,,,,,,,,
simgp_core,random,4,5,0.1449959599604065,0.1146410383824936,1.0,0.5625,0.72,16,0.875,0.45454545454545453,0.7386363636363636,0.9204545454545454,0.25,0.6,0.0,1.15,1.0,1.05,0.5882352941176471
simgp_core_nogp,random,4,5,0.14633157333169616,0.11761902427554864,1.0,0.5625,0.72,16,0.875,0.4659090909090909,0.7045454545454546,0.9090909090909091,,,,,,,
simgp_core_g75,random,4,5,0.1615711473037098,0.12361281601525231,0.8888888888888888,0.5,0.64,16,0.6363636363636364,0.38636363636363635,0.5340909090909091,0.7386363636363636,,,,,,,
physgp_core,random,4,5,0.3246857885176325,0.26655602210883766,0.3333333333333333,0.125,0.18181818181818182,16,0.29545454545454547,0.1590909090909091,0.22727272727272727,0.3409090909090909,,,,,,,
physgp_rich,random,4,5,0.34780116532684563,0.299051927527073,0.3333333333333333,0.125,0.18181818181818182,16,0.38636363636363635,0.1590909090909091,0.29545454545454547,0.4431818181818182,,,,,,,
simgp_rich,random,4,5,0.14729234617202341,0.11838752262141282,1.0,0.5625,0.72,16,0.875,0.4772727272727273,0.7045454545454546,0.9204545454545454,,,,,,,
mean_of_samples,random,4,5,0.33078375204685756,0.27443647507340446,1.0,0.0,0.0,16,,,,,,,,,,,
nearest_sample,random,4,5,0.26757622609620374,0.2063235398488164,0.3333333333333333,0.3125,0.3225806451612903,16,,,,,,,,,,,
decay_only,random,4,5,0.3523213991374894,0.3057635554322072,0.3333333333333333,0.125,0.18181818181818182,16,,,,,,,,,,,
simgp_core,random,5,5,0.1107942553062335,0.09132900031484426,0.7142857142857143,1.0,0.8333333333333333,15,0.9885057471264368,0.4367816091954023,0.8850574712643678,1.0,0.1,1.0,1.0,1.0,0.9,1.1,1.0
simgp_core_nogp,random,5,5,0.1110365797511095,0.08733773427011454,0.7894736842105263,1.0,0.8823529411764706,15,0.9080459770114943,0.5172413793103449,0.6666666666666666,0.9655172413793104,,,,,,,
simgp_core_g75,random,5,5,0.12629499411413636,0.1015347612033631,0.7142857142857143,1.0,0.8333333333333333,15,0.367816091954023,0.1724137931034483,0.28735632183908044,0.5057471264367817,,,,,,,
physgp_core,random,5,5,0.13234020221469112,0.09095513258225316,0.5769230769230769,1.0,0.7317073170731707,15,0.7931034482758621,0.5517241379310345,0.735632183908046,0.7931034482758621,,,,,,,
physgp_rich,random,5,5,0.22847101331149616,0.17828846571916254,0.23529411764705882,0.26666666666666666,0.25,15,0.7126436781609196,0.40229885057471265,0.6091954022988506,0.735632183908046,,,,,,,
simgp_rich,random,5,5,0.11474639130917132,0.0898403942804879,0.8823529411764706,1.0,0.9375,15,0.9655172413793104,0.5632183908045977,0.8620689655172413,1.0,,,,,,,
pinn_rich,random,5,5,0.15561853437536022,0.12579962467106742,0.6190476190476191,0.8666666666666667,0.7222222222222222,15,0.20689655172413793,0.022988505747126436,0.12643678160919541,0.22988505747126436,,,,,,,
mean_of_samples,random,5,5,0.2711408655272473,0.22153493674994212,1.0,0.0,0.0,15,,,,,,,,,,,
nearest_sample,random,5,5,0.18701581135711945,0.13099000416255502,0.4166666666666667,1.0,0.5882352941176471,15,,,,,,,,,,,
decay_only,random,5,5,0.21450969560940353,0.1692857498484788,0.3333333333333333,0.13333333333333333,0.19047619047619044,15,,,,,,,,,,,
simgp_core,random,6,5,0.14152280029166314,0.11311404056392381,0.6818181818181818,1.0,0.8108108108108109,15,0.8488372093023255,0.36046511627906974,0.6395348837209303,0.9418604651162791,0.25,1.0,1.0,1.0,1.0,1.1,1.0
simgp_core_nogp,random,6,5,0.1078509273079702,0.08512870982063805,0.9375,1.0,0.967741935483871,15,0.8837209302325582,0.43023255813953487,0.6511627906976745,0.9651162790697675,,,,,,,
simgp_core_g75,random,6,5,0.1275054326151178,0.10230698278734253,0.7142857142857143,1.0,0.8333333333333333,15,0.32558139534883723,0.16279069767441862,0.2558139534883721,0.5,,,,,,,
physgp_core,random,6,5,0.14082050272291902,0.10632427955720315,0.65,0.8666666666666667,0.7428571428571429,15,0.6046511627906976,0.36046511627906974,0.5348837209302325,0.6511627906976745,,,,,,,
physgp_rich,random,6,5,0.2244572373758417,0.17370576498589083,0.26666666666666666,0.26666666666666666,0.26666666666666666,15,0.6744186046511628,0.3953488372093023,0.5348837209302325,0.7325581395348837,,,,,,,
simgp_rich,random,6,5,0.1229095391903847,0.09862081716978648,0.9375,1.0,0.967741935483871,15,0.9186046511627907,0.5116279069767442,0.872093023255814,0.9651162790697675,,,,,,,
mean_of_samples,random,6,5,0.2731557448109505,0.2242156864424785,1.0,0.0,0.0,15,,,,,,,,,,,
nearest_sample,random,6,5,0.18636639329938773,0.13221214208995075,0.4166666666666667,1.0,0.5882352941176471,15,,,,,,,,,,,
decay_only,random,6,5,0.21593762480351253,0.17153619921940455,0.3333333333333333,0.13333333333333333,0.19047619047619044,15,,,,,,,,,,,
simgp_core,random,7,5,0.153952969361104,0.11151823291916159,0.7142857142857143,1.0,0.8333333333333333,15,0.7529411764705882,0.43529411764705883,0.6352941176470588,0.8823529411764706,0.25,1.0,1.0,1.0,1.0,1.1,1.0
simgp_core_nogp,random,7,5,0.1078846558200748,0.0872918223472545,1.0,1.0,1.0,15,0.8588235294117647,0.4,0.7176470588235294,0.9058823529411765,,,,,,,
simgp_core_g75,random,7,5,0.11961950430121954,0.09425153333286206,0.7142857142857143,1.0,0.8333333333333333,15,0.7058823529411765,0.29411764705882354,0.4588235294117647,0.8235294117647058,,,,,,,
physgp_core,random,7,5,0.15700492512690106,0.13216444829219873,0.5,0.8,0.6153846153846154,15,0.5529411764705883,0.2235294117647059,0.4470588235294118,0.5882352941176471,,,,,,,
physgp_rich,random,7,5,0.23150350646467985,0.18326940178278703,0.3125,0.3333333333333333,0.3225806451612903,15,0.5529411764705883,0.3176470588235294,0.4588235294117647,0.6,,,,,,,
simgp_rich,random,7,5,0.1163185007623119,0.09259202495380832,1.0,0.9333333333333333,0.9655172413793104,15,0.9294117647058824,0.611764705882353,0.8705882352941177,0.9647058823529412,,,,,,,
mean_of_samples,random,7,5,0.26628284277115566,0.21794282149039412,1.0,0.0,0.0,15,,,,,,,,,,,
nearest_sample,random,7,5,0.17804467812737998,0.1243279823445572,0.45161290322580644,0.9333333333333333,0.608695652173913,15,,,,,,,,,,,
decay_only,random,7,5,0.21673190064236386,0.1709126564103209,0.3333333333333333,0.13333333333333333,0.19047619047619044,15,,,,,,,,,,,
simgp_core,random,8,5,0.1418657219925137,0.10380622140438012,0.7142857142857143,1.0,0.8333333333333333,15,0.8095238095238095,0.42857142857142855,0.6785714285714286,0.9404761904761905,0.25,1.0,1.0,1.15,1.1,1.1,1.0
simgp_core_nogp,random,8,5,0.10941768337740067,0.08922199659537214,1.0,1.0,1.0,15,0.8571428571428571,0.4166666666666667,0.7023809523809523,0.9047619047619048,,,,,,,
simgp_core_g75,random,8,5,0.15017426218220073,0.11231900352615509,0.6818181818181818,1.0,0.8108108108108109,15,0.5357142857142857,0.27380952380952384,0.38095238095238093,0.6904761904761905,,,,,,,
physgp_core,random,8,5,0.1347104203824427,0.10046084268522713,0.55,0.7333333333333333,0.6285714285714286,15,0.6666666666666666,0.35714285714285715,0.6071428571428571,0.6904761904761905,,,,,,,
physgp_rich,random,8,5,0.23709496645126185,0.18790766834263095,0.29411764705882354,0.3333333333333333,0.3125,15,0.4880952380952381,0.27380952380952384,0.42857142857142855,0.5476190476190477,,,,,,,
simgp_rich,random,8,5,0.12385552121840612,0.09666218624879369,1.0,0.9333333333333333,0.9655172413793104,15,0.9166666666666666,0.6309523809523809,0.8571428571428571,0.9404761904761905,,,,,,,
pinn_rich,random,8,5,0.1466554462841013,0.11660117314739991,0.6190476190476191,0.8666666666666667,0.7222222222222222,15,0.23809523809523808,0.16666666666666666,0.21428571428571427,0.27380952380952384,,,,,,,
mean_of_samples,random,8,5,0.2736855565239938,0.2245296118465094,1.0,0.0,0.0,15,,,,,,,,,,,
nearest_sample,random,8,5,0.18342177933796705,0.1330674665832682,0.45161290322580644,0.9333333333333333,0.608695652173913,15,,,,,,,,,,,
decay_only,random,8,5,0.2175889522947415,0.17279950960311408,0.3333333333333333,0.13333333333333333,0.19047619047619044,15,,,,,,,,,,,
simgp_core,random,9,5,0.11244782885408494,0.07911321549912989,0.75,1.0,0.8571428571428571,15,0.9518072289156626,0.5903614457831325,0.8795180722891566,0.963855421686747,0.25,1.0,1.0,1.0,1.0,1.1,1.0
simgp_core_nogp,random,9,5,0.09890839508880264,0.07666151422113048,1.0,1.0,1.0,15,0.8674698795180723,0.4457831325301205,0.6987951807228916,0.9036144578313253,,,,,,,
simgp_core_g75,random,9,5,0.10057612875357971,0.07496894932531482,0.75,1.0,0.8571428571428571,15,0.7590361445783133,0.3253012048192771,0.6746987951807228,0.8192771084337349,,,,,,,
physgp_core,random,9,5,0.15307116219881614,0.11423420315361779,0.5217391304347826,0.8,0.6315789473684211,15,0.6746987951807228,0.4578313253012048,0.6265060240963856,0.7108433734939759,,,,,,,
physgp_rich,random,9,5,0.19675711034516707,0.15242598941952246,0.4666666666666667,0.4666666666666667,0.4666666666666667,15,0.7710843373493976,0.37349397590361444,0.6506024096385542,0.8674698795180723,,,,,,,
simgp_rich,random,9,5,0.10018458518719638,0.07578501619484018,0.7368421052631579,0.9333333333333333,0.8235294117647058,15,0.9036144578313253,0.5783132530120482,0.8433734939759037,0.9397590361445783,,,,,,,
mean_of_samples,random,9,5,0.2683241514142945,0.21976657330670696,1.0,0.0,0.0,15,,,,,,,,,,,
nearest_sample,random,9,5,0.19710594039944318,0.14011921665095742,0.45161290322580644,0.9333333333333333,0.608695652173913,15,,,,,,,,,,,
decay_only,random,9,5,0.21819718617822714,0.17187988201723597,0.3333333333333333,0.13333333333333333,0.19047619047619044,15,,,,,,,,,,,
simgp_core,random,10,5,0.07694565969798321,0.05571792254500087,0.75,1.0,0.8571428571428571,15,0.9878048780487805,0.6829268292682927,0.9634146341463414,0.9878048780487805,0.25,1.0,1.0,1.0,1.0,1.1,1.0
simgp_core_nogp,random,10,5,0.09996770785223767,0.07748132950808498,1.0,1.0,1.0,15,0.8536585365853658,0.43902439024390244,0.5975609756097561,0.8902439024390244,,,,,,,
simgp_core_g75,random,10,5,0.07195420559287104,0.05517350253198203,0.7142857142857143,1.0,0.8333333333333333,15,0.8414634146341463,0.3170731707317073,0.7073170731707317,0.8780487804878049,,,,,,,
physgp_core,random,10,5,0.14029851015459166,0.09904332931334636,0.42105263157894735,0.5333333333333333,0.47058823529411764,15,0.7439024390243902,0.4146341463414634,0.7073170731707317,0.8292682926829268,,,,,,,
physgp_rich,random,10,5,0.15750100191953625,0.10884998489514588,0.5652173913043478,0.8666666666666667,0.6842105263157895,15,0.8414634146341463,0.524390243902439,0.7926829268292683,0.926829268292683,,,,,,,
simgp_rich,random,10,5,0.09865522648974619,0.0741425473225467,0.75,1.0,0.8571428571428571,15,0.9024390243902439,0.5975609756097561,0.9024390243902439,0.9634146341463414,,,,,,,
pinn_rich,random,10,5,0.1530869604992693,0.11306305527370442,0.5833333333333334,0.9333333333333333,0.7179487179487181,15,0.23170731707317074,0.10975609756097561,0.18292682926829268,0.2926829268292683,,,,,,,
mean_of_samples,random,10,5,0.26511940034351217,0.2165284256915476,1.0,0.0,0.0,15,,,,,,,,,,,
nearest_sample,random,10,5,0.18983668577359786,0.12882222832313164,0.45161290322580644,0.9333333333333333,0.608695652173913,15,,,,,,,,,,,
decay_only,random,10,5,0.21976282202585168,0.17172963716573614,0.3333333333333333,0.13333333333333333,0.19047619047619044,15,,,,,,,,,,,
simgp_core,random,11,5,0.06257247529772657,0.04761139926792402,0.7142857142857143,1.0,0.8333333333333333,15,1.0,0.6666666666666666,0.9506172839506173,1.0,0.25,1.0,1.0,1.0,1.0,1.1,1.0
simgp_core_nogp,random,11,5,0.09597108223042526,0.07404353493616929,0.8823529411764706,1.0,0.9375,15,0.8148148148148148,0.4444444444444444,0.6172839506172839,0.9012345679012346,,,,,,,
simgp_core_g75,random,11,5,0.06261287421746688,0.04653292590015675,0.7142857142857143,1.0,0.8333333333333333,15,0.7777777777777778,0.345679012345679,0.6790123456790124,0.8641975308641975,,,,,,,
physgp_core,random,11,5,0.13842358808618702,0.09936957622932319,0.3684210526315789,0.4666666666666667,0.4117647058823529,15,0.6790123456790124,0.345679012345679,0.5925925925925926,0.7037037037037037,,,,,,,
physgp_rich,random,11,5,0.13635666850734587,0.0972025331887037,0.5652173913043478,0.8666666666666667,0.6842105263157895,15,0.8641975308641975,0.5061728395061729,0.7160493827160493,0.9012345679012346,,,,,,,
simgp_rich,random,11,5,0.10263487634551877,0.07540730482043687,0.75,1.0,0.8571428571428571,15,0.8271604938271605,0.5679012345679012,0.8024691358024691,0.9012345679012346,,,,,,,
mean_of_samples,random,11,5,0.26906469889990314,0.22052720558330488,1.0,0.0,0.0,15,,,,,,,,,,,
nearest_sample,random,11,5,0.13128123005156278,0.10325812803349997,0.4827586206896552,0.9333333333333333,0.6363636363636364,15,,,,,,,,,,,
decay_only,random,11,5,0.22013871007609678,0.17295658115703344,0.3333333333333333,0.13333333333333333,0.19047619047619044,15,,,,,,,,,,,
simgp_core,random,12,5,0.06238173699568914,0.04720865589206729,0.7,1.0,0.8235294117647058,14,1.0,0.6625,0.8875,1.0,0.25,1.0,1.0,1.0,1.0,1.1,1.0
simgp_core_nogp,random,12,5,0.09708130170108409,0.07560462787324881,0.875,1.0,0.9333333333333333,14,0.775,0.425,0.6,0.875,,,,,,,
simgp_core_g75,random,12,5,0.06212355538853335,0.046001829715746664,0.7,1.0,0.8235294117647058,14,0.7625,0.375,0.675,0.8,,,,,,,
physgp_core,random,12,5,0.14068633033468855,0.09608506540377079,0.3333333333333333,0.42857142857142855,0.375,14,0.7125,0.3125,0.5875,0.75,,,,,,,
physgp_rich,random,12,5,0.1653396111175216,0.11348484747349297,0.5294117647058824,0.6428571428571429,0.5806451612903226,14,0.8,0.4625,0.675,0.9125,,,,,,,
simgp_rich,random,12,5,0.10243329351349158,0.0760815298814693,0.7368421052631579,1.0,0.8484848484848484,14,0.8125,0.525,0.7625,0.85,,,,,,,
pinn_rich,random,12,5,0.12788118169886015,0.09396931140621194,0.5714285714285714,0.8571428571428571,0.6857142857142857,14,0.35,0.0625,0.2875,0.425,,,,,,,
mean_of_samples,random,12,5,0.260495890526411,0.2113606795670755,1.0,0.0,0.0,14,,,,,,,,,,,
nearest_sample,random,12,5,0.13225466306991077,0.10431568334813379,0.4642857142857143,0.9285714285714286,0.6190476190476191,14,,,,,,,,,,,
decay_only,random,12,5,0.22507047914198303,0.17298666333040136,0.3333333333333333,0.14285714285714285,0.2,14,,,,,,,,,,,
simgp_core,random,13,5,0.0634250318047649,0.045030395593295136,0.7,1.0,0.8235294117647058,14,0.9746835443037974,0.7341772151898734,0.9240506329113924,0.9873417721518988,0.25,1.0,1.0,1.0,1.0,1.05,1.0
simgp_core_nogp,random,13,5,0.09697948149185574,0.07506100245265282,0.7777777777777778,1.0,0.8750000000000001,14,0.7721518987341772,0.379746835443038,0.5949367088607594,0.8860759493670886,,,,,,,
simgp_core_g75,random,13,5,0.06342990504794999,0.047396678127423965,0.7,1.0,0.8235294117647058,14,0.7721518987341772,0.3670886075949367,0.6962025316455697,0.810126582278481,,,,,,,
physgp_core,random,13,5,0.12146189810293197,0.08636963656424641,0.35294117647058826,0.42857142857142855,0.3870967741935484,14,0.7721518987341772,0.4430379746835443,0.6962025316455697,0.7974683544303798,,,,,,,
physgp_rich,random,13,5,0.12615772336740855,0.08611682694836967,0.5454545454545454,0.8571428571428571,0.6666666666666665,14,0.8481012658227848,0.5063291139240507,0.7088607594936709,0.8987341772151899,,,,,,,
simgp_rich,random,13,5,0.11272831688683246,0.07666845491162196,0.7368421052631579,1.0,0.8484848484848484,14,0.7974683544303798,0.5822784810126582,0.7341772151898734,0.8354430379746836,,,,,,,
mean_of_samples,random,13,5,0.2621131135690383,0.2139609119254901,1.0,0.0,0.0,14,,,,,,,,,,,
nearest_sample,random,13,5,0.12886510224947362,0.10056287413510447,0.4642857142857143,0.9285714285714286,0.6190476190476191,14,,,,,,,,,,,
decay_only,random,13,5,0.22581389863506565,0.174209597051907,0.3333333333333333,0.14285714285714285,0.2,14,,,,,,,,,,,
simgp_core,random,14,5,0.05689609251854012,0.0386805852028233,0.8235294117647058,1.0,0.9032258064516129,14,0.9871794871794872,0.8205128205128205,0.9615384615384616,0.9871794871794872,0.25,1.0,1.0,1.0,1.0,1.1,1.0
simgp_core_nogp,random,14,5,0.09658541500765422,0.07526847723900815,0.875,1.0,0.9333333333333333,14,0.7564102564102564,0.34615384615384615,0.5769230769230769,0.8717948717948718,,,,,,,
simgp_core_g75,random,14,5,0.08243297344486024,0.06308077532215818,0.8235294117647058,1.0,0.9032258064516129,14,0.6666666666666666,0.15384615384615385,0.3974358974358974,0.7948717948717948,,,,,,,
physgp_core,random,14,5,0.10702761050253709,0.0711306017337361,0.7142857142857143,0.7142857142857143,0.7142857142857143,14,0.9358974358974359,0.47435897435897434,0.8333333333333334,0.9615384615384616,,,,,,,
physgp_rich,random,14,5,0.13286236063138,0.0932562292225133,0.5294117647058824,0.6428571428571429,0.5806451612903226,14,0.8076923076923077,0.5,0.717948717948718,0.8846153846153846,,,,,,,
simgp_rich,random,14,5,0.09224240060475003,0.06927867599614153,0.7777777777777778,1.0,0.8750000000000001,14,0.8589743589743589,0.5512820512820513,0.7692307692307693,0.9358974358974359,,,,,,,
mean_of_samples,random,14,5,0.2592737090222637,0.21029658054141825,1.0,0.0,0.0,14,,,,,,,,,,,
nearest_sample,random,14,5,0.12270461674095091,0.09446740067511694,0.6153846153846154,0.5714285714285714,0.5925925925925927,14,,,,,,,,,,,
decay_only,random,14,5,0.23195413025446274,0.17753037493230125,0.3333333333333333,0.14285714285714285,0.2,14,,,,,,,,,,,
simgp_core,random,15,5,0.08121664215687156,0.05607326047946342,0.8235294117647058,1.0,0.9032258064516129,14,0.9090909090909091,0.6883116883116883,0.8831168831168831,0.961038961038961,0.25,1.0,1.0,1.0,1.0,1.1,1.0
simgp_core_nogp,random,15,5,0.09240081690422769,0.07183410199986422,0.875,1.0,0.9333333333333333,14,0.7662337662337663,0.38961038961038963,0.5844155844155844,0.8831168831168831,,,,,,,
simgp_core_g75,random,15,5,0.04911176836791267,0.03314114877000426,0.8235294117647058,1.0,0.9032258064516129,14,0.922077922077922,0.44155844155844154,0.7922077922077922,0.961038961038961,,,,,,,
physgp_core,random,15,5,0.10223613268905268,0.06646520262011872,0.625,0.7142857142857143,0.6666666666666666,14,0.948051948051948,0.6233766233766234,0.8311688311688312,0.974025974025974,,,,,,,
physgp_rich,random,15,5,0.13480688279348452,0.09297963539869376,0.5294117647058824,0.6428571428571429,0.5806451612903226,14,0.7792207792207793,0.4935064935064935,0.6753246753246753,0.8571428571428571,,,,,,,
simgp_rich,random,15,5,0.0888450544724148,0.06635890093391379,0.8235294117647058,1.0,0.9032258064516129,14,0.9090909090909091,0.5584415584415584,0.8181818181818182,0.961038961038961,,,,,,,
pinn_rich,random,15,5,0.11582852014949858,0.08269144022040611,0.7058823529411765,0.8571428571428571,0.7741935483870968,14,0.37662337662337664,0.12987012987012986,0.2857142857142857,0.44155844155844154,,,,,,,
mean_of_samples,random,15,5,0.26184373126967553,0.21245609857310885,1.0,0.0,0.0,14,,,,,,,,,,,
nearest_sample,random,15,5,0.12215410379798572,0.09185715581497184,0.6153846153846154,0.5714285714285714,0.5925925925925927,14,,,,,,,,,,,
decay_only,random,15,5,0.2271632248963408,0.17371391210180456,0.3333333333333333,0.14285714285714285,0.2,14,,,,,,,,,,,
simgp_core,uncertainty,3,5,0.1624960022633961,0.13030921450501742,1.0,0.29411764705882354,0.45454545454545453,17,0.8089887640449438,0.42696629213483145,0.7078651685393258,0.9101123595505618,0.4,0.6,1.0,1.0,1.1,1.05,0.29411764705882354
simgp_core,uncertainty,4,5,0.1648725293761049,0.12934224996598215,1.0,0.35294117647058826,0.5217391304347826,17,0.7840909090909091,0.4318181818181818,0.7045454545454546,0.875,0.25,0.6,0.0,1.0,1.0,1.05,0.35294117647058826
simgp_core,uncertainty,5,5,0.13027526738846862,0.09860437567174574,1.0,0.8125,0.896551724137931,16,0.735632183908046,0.6436781609195402,0.7126436781609196,0.9080459770114943,0.25,0.6,0.0,1.0,1.0,1.05,0.8235294117647058
simgp_core,uncertainty,6,5,0.1498486450190049,0.10610654075390608,1.0,0.9333333333333333,0.9655172413793104,15,0.7093023255813954,0.6046511627906976,0.686046511627907,0.7790697674418605,0.25,0.6,0.0,1.0,1.0,1.05,0.9411764705882353
simgp_core,uncertainty,7,5,0.12339901043235735,0.09814072735538407,0.7368421052631579,1.0,0.8484848484848484,14,0.8235294117647058,0.47058823529411764,0.611764705882353,0.9411764705882353,0.1,1.0,1.0,1.0,0.9,1.1,1.0
simgp_core,uncertainty,8,5,0.1312902676664786,0.09812117937665722,0.7222222222222222,1.0,0.8387096774193548,13,0.7261904761904762,0.5238095238095238,0.6785714285714286,0.7857142857142857,0.1,1.0,1.0,1.0,0.9,1.1,1.0
simgp_core,uncertainty,9,5,0.13144128970455932,0.10165552862861083,0.7058823529411765,1.0,0.8275862068965517,12,0.6987951807228916,0.4578313253012048,0.6626506024096386,0.7831325301204819,0.1,1.0,1.0,1.0,0.9,1.1,1.0
simgp_core,uncertainty,10,5,0.11046686440261377,0.09076496643487313,0.7333333333333333,1.0,0.846153846153846,11,0.7195121951219512,0.47560975609756095,0.6829268292682927,0.8658536585365854,0.1,1.0,1.0,1.0,0.9,1.05,1.0
simgp_core,uncertainty,11,5,0.11118813676470356,0.09148295060800009,0.8333333333333334,1.0,0.9090909090909091,10,0.7037037037037037,0.345679012345679,0.5555555555555556,0.8888888888888888,0.1,1.0,0.5,1.0,0.9,1.1,1.0
simgp_core,uncertainty,12,5,0.11254640418222364,0.09309978563629848,0.7142857142857143,1.0,0.8333333333333333,10,0.6875,0.2375,0.55,0.8375,0.1,1.0,1.0,1.0,0.9,1.1,1.0
simgp_core,uncertainty,13,5,0.11411456801157527,0.09494304878328348,1.0,1.0,1.0,9,0.7721518987341772,0.35443037974683544,0.569620253164557,0.8987341772151899,0.1,1.0,0.5,1.0,0.9,1.1,0.9411764705882353
simgp_core,uncertainty,14,5,0.10540514240827915,0.08633360528616398,1.0,1.0,1.0,9,0.9487179487179487,0.38461538461538464,0.7948717948717948,0.9615384615384616,0.1,1.0,1.0,1.0,1.0,1.05,0.9411764705882353
simgp_core,uncertainty,15,5,0.10584846048342769,0.08688868783485283,1.0,1.0,1.0,9,0.948051948051948,0.35064935064935066,0.7792207792207793,0.961038961038961,0.1,1.0,1.0,1.0,1.0,1.05,0.9411764705882353
simgp_core,straddle,3,5,0.12958882578421507,0.10764546511775398,1.0,0.47058823529411764,0.6399999999999999,17,0.9101123595505618,0.5617977528089888,0.797752808988764,0.9325842696629213,0.25,0.6,1.0,1.0,0.9,1.0,0.47058823529411764
simgp_core,straddle,4,5,0.13818053719785467,0.1133542228640608,1.0,0.625,0.7692307692307693,16,0.875,0.5227272727272727,0.7727272727272727,0.9204545454545454,0.25,0.6,0.0,1.0,1.0,1.0,0.6470588235294118
simgp_core,straddle,5,5,0.13396673502269985,0.10591833001504186,1.0,0.8,0.888888888888889,15,0.7701149425287356,0.4367816091954023,0.7126436781609196,0.8505747126436781,0.25,0.6,0.0,1.0,1.0,1.0,0.8235294117647058
simgp_core,straddle,6,5,0.12609037031283724,0.10120674145036435,1.0,0.8,0.888888888888889,15,0.7441860465116279,0.4186046511627907,0.686046511627907,0.872093023255814,0.25,0.6,0.0,1.0,1.0,0.95,0.8235294117647058
simgp_core,straddle,7,5,0.11406064136847521,0.09018242226966726,1.0,1.0,1.0,14,0.7647058823529411,0.38823529411764707,0.6470588235294118,0.9176470588235294,0.25,1.0,1.0,1.15,1.1,1.1,1.0
simgp_core,straddle,8,5,0.11323722994973452,0.09106257941830898,1.0,1.0,1.0,13,0.6666666666666666,0.39285714285714285,0.5595238095238095,0.8452380952380952,0.25,1.0,1.0,1.15,1.1,1.1,1.0
simgp_core,straddle,9,5,0.11139960291344356,0.09034888074626231,1.0,1.0,1.0,13,0.6867469879518072,0.3614457831325301,0.5662650602409639,0.8674698795180723,0.25,1.0,1.0,1.15,1.1,1.1,1.0
simgp_core,straddle,10,5,0.11213301774556284,0.09147514335806167,1.0,1.0,1.0,12,0.6707317073170732,0.35365853658536583,0.5609756097560976,0.8658536585365854,0.25,1.0,1.0,1.15,1.1,1.1,1.0
simgp_core,straddle,11,5,0.11255245037962407,0.09180021537565661,1.0,1.0,1.0,12,0.654320987654321,0.345679012345679,0.5185185185185185,0.8148148148148148,0.25,1.0,1.0,1.15,1.1,1.1,1.0
simgp_core,straddle,12,5,0.11121620952750098,0.09112898264263643,1.0,1.0,1.0,11,0.7625,0.3375,0.5375,0.8875,0.25,1.0,1.0,1.15,1.1,1.1,1.0
simgp_core,straddle,13,5,0.11544797880163303,0.09393434307368864,1.0,1.0,1.0,11,0.4810126582278481,0.31645569620253167,0.3670886075949367,0.6708860759493671,0.25,1.0,1.0,1.15,1.1,1.1,1.0
simgp_core,straddle,14,5,0.11669905255443874,0.09565682189822965,1.0,1.0,1.0,11,0.46153846153846156,0.32051282051282054,0.358974358974359,0.6153846153846154,0.25,1.0,1.0,1.15,1.1,1.1,1.0
simgp_core,straddle,15,5,0.11700717876801639,0.09694113569325252,1.0,1.0,1.0,11,0.45454545454545453,0.2987012987012987,0.35064935064935066,0.6883116883116883,0.25,1.0,1.0,1.15,1.1,1.1,1.0
simgp_core,random,3,6,0.13194372740984187,0.10917606875870037,1.0,0.45454545454545453,0.625,11,0.9887640449438202,0.5056179775280899,0.9101123595505618,1.0,0.1,0.6,1.0,1.0,1.1,1.0,0.45454545454545453
simgp_core_nogp,random,3,6,0.13820478685714746,0.11329398967345694,1.0,0.45454545454545453,0.625,11,0.9662921348314607,0.4044943820224719,0.7865168539325843,1.0,,,,,,,
simgp_core_g75,random,3,6,0.1416334772799233,0.10899443137185631,0.4,0.36363636363636365,0.380952380952381,11,0.8314606741573034,0.3595505617977528,0.5842696629213483,0.898876404494382,,,,,,,
physgp_core,random,3,6,0.2580479791416171,0.20844917274018113,0.46153846153846156,0.5454545454545454,0.4999999999999999,11,0.14606741573033707,0.02247191011235955,0.12359550561797752,0.1797752808988764,,,,,,,
physgp_rich,random,3,6,0.2460669544465038,0.2002094245617595,0.42857142857142855,0.5454545454545454,0.4799999999999999,11,0.12359550561797752,0.06741573033707865,0.0898876404494382,0.2808988764044944,,,,,,,
simgp_rich,random,3,6,0.15539668196849207,0.1292005276047151,1.0,0.45454545454545453,0.625,11,0.898876404494382,0.47191011235955055,0.7640449438202247,0.9775280898876404,,,,,,,
pinn_rich,random,3,6,0.2943054595901736,0.23115302119742007,1.0,0.0,0.0,11,0.21348314606741572,0.12359550561797752,0.1797752808988764,0.24719101123595505,,,,,,,
mean_of_samples,random,3,6,0.2910929321074336,0.22983812480775387,1.0,0.0,0.0,11,,,,,,,,,,,
nearest_sample,random,3,6,0.31303544468038075,0.2415944484354379,1.0,0.0,0.0,11,,,,,,,,,,,
decay_only,random,3,6,0.24607895974698127,0.20025420840872404,0.42857142857142855,0.5454545454545454,0.4799999999999999,11,,,,,,,,,,,
simgp_core,random,4,6,0.13649895530853565,0.11213032125446651,1.0,0.45454545454545453,0.625,11,0.9431818181818182,0.5,0.6704545454545454,0.9772727272727273,0.1,0.6,1.0,1.0,1.1,1.0,0.45454545454545453
simgp_core_nogp,random,4,6,0.14696874175386343,0.1238935514206526,1.0,0.45454545454545453,0.625,11,0.8409090909090909,0.3977272727272727,0.5795454545454546,0.9545454545454546,,,,,,,
simgp_core_g75,random,4,6,0.16534358078731695,0.13311408596758142,1.0,0.2727272727272727,0.42857142857142855,11,0.48863636363636365,0.3181818181818182,0.45454545454545453,0.5568181818181818,,,,,,,
physgp_core,random,4,6,0.2507934081276546,0.20377204630351267,0.5,0.2727272727272727,0.3529411764705882,11,0.2727272727272727,0.045454545454545456,0.19318181818181818,0.2840909090909091,,,,,,,
physgp_rich,random,4,6,0.25983991830118747,0.20492546733898465,0.5,0.18181818181818182,0.26666666666666666,11,0.2727272727272727,0.10227272727272728,0.25,0.3068181818181818,,,,,,,
simgp_rich,random,4,6,0.15401808429540273,0.12997761369786426,1.0,0.45454545454545453,0.625,11,0.8295454545454546,0.4431818181818182,0.5681818181818182,0.9318181818181818,,,,,,,
mean_of_samples,random,4,6,0.2659961237163798,0.20793235391319512,1.0,0.0,0.0,11,,,,,,,,,,,
nearest_sample,random,4,6,0.2966122296699948,0.2303681422680692,1.0,0.0,0.0,11,,,,,,,,,,,
decay_only,random,4,6,0.2501307142485101,0.20080395519760444,1.0,0.09090909090909091,0.16666666666666669,11,,,,,,,,,,,
simgp_core,random,5,6,0.13502371533331145,0.11076649365520241,1.0,0.45454545454545453,0.625,11,0.8390804597701149,0.4942528735632184,0.6091954022988506,0.9425287356321839,0.4,0.3,1.0,0.85,1.0,0.9,0.45454545454545453
simgp_core_nogp,random,5,6,0.15406074497068967,0.12915207646184745,1.0,0.45454545454545453,0.625,11,0.6436781609195402,0.3793103448275862,0.4482758620689655,0.8045977011494253,,,,,,,
simgp_core_g75,random,5,6,0.1781144792957793,0.14645609385199887,1.0,0.18181818181818182,0.3076923076923077,11,0.4482758620689655,0.22988505747126436,0.42528735632183906,0.5057471264367817,,,,,,,
physgp_core,random,5,6,0.2523491164430407,0.20506583102003512,0.5,0.2727272727272727,0.3529411764705882,11,0.25287356321839083,0.04597701149425287,0.1724137931034483,0.27586206896551724,,,,,,,
physgp_rich,random,5,6,0.2516327523942899,0.2030196621754536,1.0,0.09090909090909091,0.16666666666666669,11,0.13793103448275862,0.011494252873563218,0.06896551724137931,0.1724137931034483,,,,,,,
simgp_rich,random,5,6,0.15576341184554338,0.12764733870398967,1.0,0.45454545454545453,0.625,11,0.6781609195402298,0.4367816091954023,0.5287356321839081,0.8045977011494253,,,,,,,
pinn_rich,random,5,6,0.2813077935274558,0.2284052947451615,1.0,0.0,0.0,11,0.20689655172413793,0.05747126436781609,0.13793103448275862,0.21839080459770116,,,,,,,
mean_of_samples,random,5,6,0.2689520590220294,0.2107674959795716,1.0,0.0,0.0,11,,,,,,,,,,,
nearest_sample,random,5,6,0.29815629629004897,0.23198276394261172,1.0,0.0,0.0,11,,,,,,,,,,,
decay_only,random,5,6,0.2516545588099585,0.20304013827891024,1.0,0.09090909090909091,0.16666666666666669,11,,,,,,,,,,,
simgp_core,random,6,6,0.13231267702861407,0.10554740681894507,1.0,0.45454545454545453,0.625,11,0.7906976744186046,0.47674418604651164,0.5813953488372093,0.9418604651162791,0.4,0.3,1.0,0.85,1.0,0.9,0.45454545454545453
simgp_core_nogp,random,6,6,0.15402316290238027,0.12928647645490918,1.0,0.45454545454545453,0.625,11,0.5813953488372093,0.37209302325581395,0.4418604651162791,0.7093023255813954,,,,,,,
simgp_core_g75,random,6,6,0.17245755675756683,0.14017458328570417,1.0,0.2727272727272727,0.42857142857142855,11,0.4418604651162791,0.2558139534883721,0.43023255813953487,0.47674418604651164,,,,,,,
physgp_core,random,6,6,0.26469435180652434,0.2140944922982576,0.6,0.2727272727272727,0.37499999999999994,11,0.29069767441860467,0.12790697674418605,0.26744186046511625,0.3372093023255814,,,,,,,
physgp_rich,random,6,6,0.2593507006080382,0.20697638982828523,0.4,0.18181818181818182,0.25000000000000006,11,0.36046511627906974,0.12790697674418605,0.29069767441860467,0.37209302325581395,,,,,,,
simgp_rich,random,6,6,0.15651439424659386,0.12785343713992017,1.0,0.45454545454545453,0.625,11,0.5930232558139535,0.43023255813953487,0.5,0.7558139534883721,,,,,,,
mean_of_samples,random,6,6,0.2793209923322942,0.22030584796765662,1.0,0.0,0.0,11,,,,,,,,,,,
nearest_sample,random,6,6,0.3020649196516326,0.23719224136114878,1.0,0.0,0.0,11,,,,,,,,,,,
decay_only,random,6,6,0.2609099778168433,0.20993435354237439,0.42857142857142855,0.2727272727272727,0.33333333333333326,11,,,,,,,,,,,
simgp_core,random,7,6,0.13215537558359067,0.10848354974095976,1.0,0.45454545454545453,0.625,11,0.7529411764705882,0.4,0.5764705882352941,0.8823529411764706,0.4,0.3,1.0,0.85,1.0,0.9,0.45454545454545453
simgp_core_nogp,random,7,6,0.14878152331967703,0.12310610176326649,1.0,0.45454545454545453,0.625,11,0.5411764705882353,0.36470588235294116,0.43529411764705883,0.7176470588235294,,,,,,,
simgp_core_g75,random,7,6,0.14554915796923273,0.11652227501385852,0.75,0.2727272727272727,0.39999999999999997,11,0.5294117647058824,0.2823529411764706,0.4117647058823529,0.6235294117647059,,,,,,,
physgp_core,random,7,6,0.256150487370152,0.2071889567783283,1.0,0.09090909090909091,0.16666666666666669,11,0.047058823529411764,0.011764705882352941,0.03529411764705882,0.07058823529411765,,,,,,,
physgp_rich,random,7,6,0.2520192732568477,0.19868909398127269,0.5,0.18181818181818182,0.26666666666666666,11,0.2823529411764706,0.09411764705882353,0.2235294117647059,0.3058823529411765,,,,,,,
simgp_rich,random,7,6,0.14499573597164586,0.11815504492044664,1.0,0.45454545454545453,0.625,11,0.6705882352941176,0.4235294117647059,0.5411764705882353,0.8117647058823529,,,,,,,
mean_of_samples,random,7,6,0.27944158779342937,0.2212529938013575,1.0,0.0,0.0,11,,,,,,,,,,,
nearest_sample,random,7,6,0.24342771505327448,0.1865236815928259,1.0,0.0,0.0,11,,,,,,,,,,,
decay_only,random,7,6,0.2562197926536207,0.2073267684795892,1.0,0.09090909090909091,0.16666666666666669,11,,,,,,,,,,,
simgp_core,random,8,6,0.1004298863312428,0.0757746602107459,0.5,0.8,0.6153846153846154,10,0.9285714285714286,0.5119047619047619,0.8095238095238095,0.9761904761904762,0.1,1.0,1.0,1.15,0.9,1.1,0.8181818181818182
simgp_core_nogp,random,8,6,0.1026134180074486,0.08214831896226012,1.0,0.5,0.6666666666666666,10,0.8690476190476191,0.42857142857142855,0.75,0.9761904761904762,,,,,,,
simgp_core_g75,random,8,6,0.11813761848009871,0.08428351735933488,0.4666666666666667,0.7,0.56,10,0.6428571428571429,0.38095238095238093,0.5476190476190477,0.6666666666666666,,,,,,,
physgp_core,random,8,6,0.21322832128287644,0.15959476786248464,0.4444444444444444,0.8,0.5714285714285714,10,0.4642857142857143,0.20238095238095238,0.40476190476190477,0.5,,,,,,,
physgp_rich,random,8,6,0.2895719346292863,0.2230914885698261,0.5,0.5,0.5,10,0.47619047619047616,0.30952380952380953,0.4166666666666667,0.5,,,,,,,
simgp_rich,random,8,6,0.11829268150453597,0.09022403581201238,0.6153846153846154,0.8,0.6956521739130435,10,0.8809523809523809,0.5357142857142857,0.8095238095238095,0.9761904761904762,,,,,,,
pinn_rich,random,8,6,0.15890477343525336,0.11567146807528218,0.42857142857142855,0.6,0.5,10,0.35714285714285715,0.13095238095238096,0.32142857142857145,0.39285714285714285,,,,,,,
mean_of_samples,random,8,6,0.2639487099275065,0.20719668913906342,1.0,0.0,0.0,10,,,,,,,,,,,
nearest_sample,random,8,6,0.18342954335043374,0.1356223630659777,0.3888888888888889,0.7,0.5,10,,,,,,,,,,,
decay_only,random,8,6,0.24868101732859715,0.19358273366338408,0.42857142857142855,0.3,0.3529411764705882,10,,,,,,,,,,,
simgp_core,random,9,6,0.10777319484656525,0.08002138148994718,0.8,0.8,0.8000000000000002,10,0.927710843373494,0.7108433734939759,0.8554216867469879,0.9518072289156626,0.1,0.6,1.0,0.85,1.1,1.05,0.8181818181818182
simgp_core_nogp,random,9,6,0.09933863315088785,0.07795178190276512,1.0,0.6,0.7499999999999999,10,0.891566265060241,0.4457831325301205,0.7590361445783133,0.9879518072289156,,,,,,,
simgp_core_g75,random,9,6,0.1611590694520692,0.12071217335183393,0.7272727272727273,0.8,0.761904761904762,10,0.6506024096385542,0.39759036144578314,0.5180722891566265,0.6746987951807228,,,,,,,
physgp_core,random,9,6,0.20145855997601897,0.13927347473056534,0.47058823529411764,0.8,0.5925925925925927,10,0.6626506024096386,0.3493975903614458,0.5903614457831325,0.7349397590361446,,,,,,,
physgp_rich,random,9,6,0.2163217650431092,0.15469638312560596,0.47058823529411764,0.8,0.5925925925925927,10,0.8072289156626506,0.4457831325301205,0.7228915662650602,0.8554216867469879,,,,,,,
simgp_rich,random,9,6,0.09515482786284625,0.062326518926094344,0.7,0.7,0.7,10,0.9397590361445783,0.7831325301204819,0.927710843373494,0.9759036144578314,,,,,,,
mean_of_samples,random,9,6,0.2649440707333081,0.20858918781358088,1.0,0.0,0.0,10,,,,,,,,,,,
nearest_sample,random,9,6,0.1891793082513116,0.14467454778642605,0.3888888888888889,0.7,0.5,10,,,,,,,,,,,
decay_only,random,9,6,0.25200931774946445,0.19738955177825918,0.42857142857142855,0.3,0.3529411764705882,10,,,,,,,,,,,
simgp_core,random,10,6,0.1083391035300415,0.07962916640980583,0.8,0.8,0.8000000000000002,10,0.926829268292683,0.6829268292682927,0.8536585365853658,0.9512195121951219,0.1,0.6,1.0,0.85,1.1,1.05,0.8181818181818182
simgp_core_nogp,random,10,6,0.10088143086650132,0.07915978828179529,1.0,0.5,0.6666666666666666,10,0.8658536585365854,0.4146341463414634,0.7439024390243902,0.9634146341463414,,,,,,,
simgp_core_g75,random,10,6,0.12431887432171408,0.08938141616757611,0.7272727272727273,0.8,0.761904761904762,10,0.7439024390243902,0.5365853658536586,0.6829268292682927,0.7682926829268293,,,,,,,
physgp_core,random,10,6,0.21359039837514043,0.1492072296397795,0.4444444444444444,0.8,0.5714285714285714,10,0.7195121951219512,0.35365853658536583,0.6829268292682927,0.7682926829268293,,,,,,,
physgp_rich,random,10,6,0.23180107620912196,0.16716924586137444,0.7272727272727273,0.8,0.761904761904762,10,0.8048780487804879,0.5,0.7560975609756098,0.8292682926829268,,,,,,,
simgp_rich,random,10,6,0.11690009151442969,0.08497684699974108,1.0,0.6,0.7499999999999999,10,0.9146341463414634,0.6341463414634146,0.8414634146341463,0.9878048780487805,,,,,,,
pinn_rich,random,10,6,0.15145752435932597,0.108989716639922,0.5454545454545454,0.6,0.5714285714285713,10,0.3170731707317073,0.13414634146341464,0.25609756097560976,0.3780487804878049,,,,,,,
mean_of_samples,random,10,6,0.26709596694239596,0.20953231927795335,1.0,0.0,0.0,10,,,,,,,,,,,
nearest_sample,random,10,6,0.20215236632865066,0.15511356938813714,0.3888888888888889,0.7,0.5,10,,,,,,,,,,,
decay_only,random,10,6,0.24727663913637563,0.1929270189180453,0.42857142857142855,0.3,0.3529411764705882,10,,,,,,,,,,,
simgp_core,random,11,6,0.1051092857317776,0.07972926460125576,0.8888888888888888,0.8,0.8421052631578948,10,0.9012345679012346,0.7283950617283951,0.8271604938271605,0.9506172839506173,0.1,0.6,1.0,0.85,1.1,1.05,0.8181818181818182
simgp_core_nogp,random,11,6,0.09663033292306988,0.0745615019750106,1.0,0.6,0.7499999999999999,10,0.8765432098765432,0.38271604938271603,0.7407407407407407,0.9506172839506173,,,,,,,
simgp_core_g75,random,11,6,0.12234493536029055,0.09275755407681052,0.7272727272727273,0.8,0.761904761904762,10,0.7037037037037037,0.5308641975308642,0.6790123456790124,0.7530864197530864,,,,,,,
physgp_core,random,11,6,0.22519310711115834,0.15883751944885652,0.8333333333333334,1.0,0.9090909090909091,10,0.7530864197530864,0.4567901234567901,0.6172839506172839,0.7777777777777778,,,,,,,
physgp_rich,random,11,6,0.24578620350541375,0.1840118582126194,0.7142857142857143,0.5,0.588235294117647,10,0.8024691358024691,0.4074074074074074,0.7160493827160493,0.8395061728395061,,,,,,,
simgp_rich,random,11,6,0.11953498304116567,0.08900824777174278,1.0,0.6,0.7499999999999999,10,0.8518518518518519,0.6172839506172839,0.7901234567901234,0.9506172839506173,,,,,,,
mean_of_samples,random,11,6,0.26466613917924114,0.20736546852794888,1.0,0.0,0.0,10,,,,,,,,,,,
nearest_sample,random,11,6,0.18981481082919371,0.13850152111861594,1.0,0.2,0.33333333333333337,10,,,,,,,,,,,
decay_only,random,11,6,0.2583092053196586,0.2013957339423663,0.42857142857142855,0.3,0.3529411764705882,10,,,,,,,,,,,
simgp_core,random,12,6,0.10315803975673883,0.07554681541908455,1.0,0.8,0.888888888888889,10,0.9125,0.725,0.8625,0.9875,0.1,0.6,1.0,0.85,1.1,1.05,0.8181818181818182
simgp_core_nogp,random,12,6,0.0974267389025324,0.07511020786502352,1.0,0.6,0.7499999999999999,10,0.85,0.375,0.7375,0.95,,,,,,,
simgp_core_g75,random,12,6,0.1294967323079463,0.0978986880340475,0.8,0.8,0.8000000000000002,10,0.7375,0.475,0.675,0.775,,,,,,,
physgp_core,random,12,6,0.22396777592685155,0.1597001424682129,0.8333333333333334,1.0,0.9090909090909091,10,0.75,0.4625,0.675,0.7875,,,,,,,
physgp_rich,random,12,6,0.225583982697664,0.15965216724334094,0.7692307692307693,1.0,0.8695652173913044,10,0.8375,0.425,0.7125,0.875,,,,,,,
simgp_rich,random,12,6,0.11790247389971419,0.09031044603866162,1.0,0.6,0.7499999999999999,10,0.85,0.5875,0.8,0.9125,,,,,,,
pinn_rich,random,12,6,0.13993601493703897,0.09666453273117952,1.0,0.4,0.5714285714285715,10,0.3875,0.2,0.35,0.4375,,,,,,,
mean_of_samples,random,12,6,0.26555457466626115,0.20729777831283708,1.0,0.0,0.0,10,,,,,,,,,,,
nearest_sample,random,12,6,0.18886995444642368,0.13741744370196224,1.0,0.2,0.33333333333333337,10,,,,,,,,,,,
decay_only,random,12,6,0.25201436887451284,0.1947267741945029,0.42857142857142855,0.3,0.3529411764705882,10,,,,,,,,,,,
simgp_core,random,13,6,0.10223236558000906,0.07740790473441293,1.0,0.8,0.888888888888889,10,0.8987341772151899,0.6835443037974683,0.8481012658227848,0.9113924050632911,0.1,0.6,1.0,0.85,1.1,1.05,0.8181818181818182
simgp_core_nogp,random,13,6,0.09563992670902245,0.07319102116385218,1.0,0.6,0.7499999999999999,10,0.8734177215189873,0.4177215189873418,0.7468354430379747,0.9493670886075949,,,,,,,
simgp_core_g75,random,13,6,0.13153027950681223,0.09981898094756886,0.8,0.8,0.8000000000000002,10,0.7088607594936709,0.4050632911392405,0.6708860759493671,0.759493670886076,,,,,,,
physgp_core,random,13,6,0.22334510320105497,0.15947281484152576,0.7692307692307693,1.0,0.8695652173913044,10,0.7468354430379747,0.379746835443038,0.7088607594936709,0.7468354430379747,,,,,,,
physgp_rich,random,13,6,0.22587848300341906,0.16024932427211822,0.7692307692307693,1.0,0.8695652173913044,10,0.8227848101265823,0.379746835443038,0.7088607594936709,0.8734177215189873,,,,,,,
simgp_rich,random,13,6,0.09124959904140399,0.06036609869738319,1.0,0.7,0.8235294117647058,10,0.9493670886075949,0.7215189873417721,0.8987341772151899,0.9873417721518988,,,,,,,
mean_of_samples,random,13,6,0.2676606255288163,0.20856863885837545,1.0,0.0,0.0,10,,,,,,,,,,,
nearest_sample,random,13,6,0.18972893010924627,0.13877346559832432,1.0,0.2,0.33333333333333337,10,,,,,,,,,,,
decay_only,random,13,6,0.2493725605039542,0.19181267248553505,0.42857142857142855,0.3,0.3529411764705882,10,,,,,,,,,,,
simgp_core,random,14,6,0.10045595465342812,0.0757587166561458,1.0,0.8,0.888888888888889,10,0.8974358974358975,0.6923076923076923,0.8589743589743589,0.9615384615384616,0.1,0.6,1.0,0.85,1.1,1.05,0.8181818181818182
simgp_core_nogp,random,14,6,0.09622378536253891,0.07358109001795854,1.0,0.6,0.7499999999999999,10,0.8589743589743589,0.38461538461538464,0.7435897435897436,0.9487179487179487,,,,,,,
simgp_core_g75,random,14,6,0.12927305297294864,0.09645703214345537,0.8,0.8,0.8000000000000002,10,0.7307692307692307,0.5,0.7051282051282052,0.782051282051282,,,,,,,
physgp_core,random,14,6,0.22413875838271344,0.16194910624492115,0.7142857142857143,1.0,0.8333333333333333,10,0.7435897435897436,0.34615384615384615,0.717948717948718,0.7435897435897436,,,,,,,
physgp_rich,random,14,6,0.21346222096975714,0.14175911594239302,0.7692307692307693,1.0,0.8695652173913044,10,0.8076923076923077,0.4358974358974359,0.6923076923076923,0.8589743589743589,,,,,,,
simgp_rich,random,14,6,0.10036983486581084,0.07437901206400184,1.0,0.8,0.888888888888889,10,0.8974358974358975,0.6794871794871795,0.8717948717948718,0.9743589743589743,,,,,,,
mean_of_samples,random,14,6,0.2700546424902234,0.21053408017322925,1.0,0.0,0.0,10,,,,,,,,,,,
nearest_sample,random,14,6,0.19089701472881587,0.14008717172167381,1.0,0.2,0.33333333333333337,10,,,,,,,,,,,
decay_only,random,14,6,0.24828042192667124,0.19116704007497543,0.42857142857142855,0.3,0.3529411764705882,10,,,,,,,,,,,
simgp_core,random,15,6,0.10039941466062276,0.07512645634656547,1.0,0.8,0.888888888888889,10,0.8831168831168831,0.6753246753246753,0.8571428571428571,0.961038961038961,0.1,0.6,1.0,0.85,1.1,1.05,0.8181818181818182
simgp_core_nogp,random,15,6,0.09655147478453859,0.07361501668834439,1.0,0.6,0.7499999999999999,10,0.8441558441558441,0.38961038961038963,0.7402597402597403,0.948051948051948,,,,,,,
simgp_core_g75,random,15,6,0.1454392624495991,0.10658289304329505,0.8888888888888888,0.8,0.8421052631578948,10,0.6233766233766234,0.44155844155844154,0.5454545454545454,0.6623376623376623,,,,,,,
physgp_core,random,15,6,0.17440098747182778,0.13316096855924486,0.6,0.6,0.6,10,0.8181818181818182,0.6103896103896104,0.7922077922077922,0.8701298701298701,,,,,,,
physgp_rich,random,15,6,0.19861178336977742,0.13818250264888274,0.7142857142857143,1.0,0.8333333333333333,10,0.7922077922077922,0.4805194805194805,0.7402597402597403,0.8441558441558441,,,,,,,
simgp_rich,random,15,6,0.11805558949572756,0.0861578783633936,1.0,0.7,0.8235294117647058,10,0.8571428571428571,0.6753246753246753,0.7662337662337663,0.961038961038961,,,,,,,
pinn_rich,random,15,6,0.13325999613107475,0.09551949359207017,1.0,0.4,0.5714285714285715,10,0.4155844155844156,0.2077922077922078,0.35064935064935066,0.4675324675324675,,,,,,,
mean_of_samples,random,15,6,0.27078129416814506,0.2149877716155051,1.0,0.0,0.0,10,,,,,,,,,,,
nearest_sample,random,15,6,0.1805323492439723,0.13441362362265546,1.0,0.2,0.33333333333333337,10,,,,,,,,,,,
decay_only,random,15,6,0.23351502481178896,0.1835395912421341,0.42857142857142855,0.3,0.3529411764705882,10,,,,,,,,,,,
simgp_core,uncertainty,3,6,0.10929330296236602,0.08382274766463124,1.0,0.45454545454545453,0.625,11,1.0,0.6629213483146067,0.9887640449438202,1.0,0.1,0.6,1.0,1.0,1.1,0.95,0.45454545454545453
simgp_core,uncertainty,4,6,0.10547889819577833,0.07729058425173158,1.0,0.45454545454545453,0.625,11,0.9772727272727273,0.7272727272727273,0.9545454545454546,0.9772727272727273,0.7,0.3,1.0,0.85,0.9,0.9,0.45454545454545453
simgp_core,uncertainty,5,6,0.13836222491547692,0.10435224219109382,1.0,0.3,0.4615384615384615,10,0.8045977011494253,0.47126436781609193,0.6666666666666666,0.9540229885057471,0.25,0.3,0.0,0.85,1.1,0.9,0.36363636363636365
simgp_core,uncertainty,6,6,0.15002772228743416,0.11883329320387848,1.0,0.2,0.33333333333333337,10,0.6627906976744186,0.4418604651162791,0.5813953488372093,0.7209302325581395,0.25,0.3,0.0,0.85,1.1,0.9,0.2727272727272727
simgp_core,uncertainty,7,6,0.1305403705250187,0.1055811411198927,1.0,0.4444444444444444,0.6153846153846153,9,0.9764705882352941,0.5294117647058824,0.9058823529411765,1.0,0.7,0.3,1.0,0.85,0.9,0.9,0.5454545454545454
simgp_core,uncertainty,8,6,0.7695376193584227,0.3052383631215172,1.0,0.5,0.6666666666666666,8,0.9047619047619048,0.7380952380952381,0.8809523809523809,0.9166666666666666,0.4,0.6,1.0,1.15,0.9,1.0,0.6363636363636364
simgp_core,uncertainty,9,6,0.38645802703825993,0.21160002996866956,1.0,0.42857142857142855,0.6,7,0.9156626506024096,0.5060240963855421,0.7951807228915663,0.927710843373494,0.4,0.6,0.5,1.15,0.9,1.05,0.6363636363636364
simgp_core,uncertainty,10,6,1.0330545168232526,0.3893980973372083,1.0,0.16666666666666666,0.2857142857142857,6,0.9024390243902439,0.6829268292682927,0.8292682926829268,0.9024390243902439,0.4,0.6,0.5,1.15,0.9,1.05,0.5454545454545454
simgp_core,uncertainty,11,6,1.0025399349241826,0.3760932274873651,1.0,0.16666666666666666,0.2857142857142857,6,0.8888888888888888,0.691358024691358,0.8024691358024691,0.9012345679012346,0.4,0.6,0.5,1.15,0.9,1.05,0.5454545454545454
simgp_core,uncertainty,12,6,1.0016044750451738,0.3775317281867458,1.0,0.16666666666666666,0.2857142857142857,6,0.8375,0.65,0.8,0.9,0.4,0.6,1.0,1.15,0.9,1.0,0.5454545454545454
simgp_core,uncertainty,13,6,0.9880661932065488,0.3707108810484194,1.0,0.16666666666666666,0.2857142857142857,6,0.8481012658227848,0.6329113924050633,0.7974683544303798,0.8987341772151899,0.4,0.6,1.0,1.15,0.9,1.0,0.5454545454545454
simgp_core,uncertainty,14,6,0.08662807384828002,0.06223077918667707,1.0,1.0,1.0,6,0.9871794871794872,0.6923076923076923,0.9487179487179487,0.9871794871794872,0.4,0.6,1.0,1.15,0.9,1.0,1.0
simgp_core,uncertainty,15,6,0.08683070411101043,0.06365989407409207,1.0,1.0,1.0,6,0.987012987012987,0.7012987012987013,0.935064935064935,0.987012987012987,0.4,0.6,1.0,1.15,0.9,1.0,1.0
simgp_core,straddle,3,6,0.1095006868269026,0.08431873829584233,1.0,0.45454545454545453,0.625,11,1.0,0.6292134831460674,0.9887640449438202,1.0,0.1,0.6,1.0,1.0,1.1,0.95,0.45454545454545453
simgp_core,straddle,4,6,0.11097393315978674,0.08312389965710386,1.0,0.45454545454545453,0.625,11,0.9659090909090909,0.7159090909090909,0.9659090909090909,0.9772727272727273,0.7,0.3,1.0,0.85,0.9,0.9,0.45454545454545453
simgp_core,straddle,5,6,0.10766445849793915,0.08106868863157758,1.0,0.5,0.6666666666666666,10,0.9655172413793104,0.5517241379310345,0.9080459770114943,0.9770114942528736,0.7,0.3,1.0,0.85,0.9,0.9,0.45454545454545453
simgp_core,straddle,6,6,0.10340582967906407,0.07251167857214608,1.0,0.7777777777777778,0.8750000000000001,9,0.9534883720930233,0.6511627906976745,0.9186046511627907,0.9767441860465116,0.4,0.6,1.0,0.85,1.1,1.0,0.7272727272727273
simgp_core,straddle,7,6,0.10478532488526952,0.07324987260616111,0.875,0.7777777777777778,0.823529411764706,9,0.9294117647058824,0.7764705882352941,0.8941176470588236,0.9529411764705882,0.1,0.6,1.0,0.85,0.9,1.0,0.7272727272727273
simgp_core,straddle,8,6,0.10529984417405129,0.07270587027743827,0.8571428571428571,0.75,0.7999999999999999,8,0.9047619047619048,0.7142857142857143,0.8690476190476191,0.9523809523809523,0.1,0.6,1.0,0.85,0.9,1.0,0.6363636363636364
simgp_core,straddle,9,6,0.0975266164717691,0.06807256200313262,0.8333333333333334,0.7142857142857143,0.7692307692307692,7,0.9879518072289156,0.8433734939759037,0.963855421686747,1.0,0.7,0.6,1.0,1.0,1.1,1.0,0.6363636363636364
simgp_core,straddle,10,6,0.20504436945946394,0.14506065183862574,0.7142857142857143,0.8333333333333334,0.7692307692307692,6,0.975609756097561,0.6707317073170732,0.8658536585365854,0.9878048780487805,0.25,0.6,1.0,1.15,0.9,0.9,0.7272727272727273
simgp_core,straddle,11,6,0.16123067350871095,0.10313254232336219,1.0,1.0,1.0,5,1.0,0.8518518518518519,0.9876543209876543,1.0,0.4,0.6,1.0,1.15,0.9,0.95,0.8181818181818182
simgp_core,straddle,12,6,0.2722294276006282,0.1442872602000525,1.0,1.0,1.0,5,0.975,0.775,0.9375,1.0,0.4,0.6,1.0,1.15,0.9,0.95,0.8181818181818182
simgp_core,straddle,13,6,0.31929340562686864,0.1688946864331652,1.0,1.0,1.0,5,0.9367088607594937,0.7341772151898734,0.9367088607594937,0.9873417721518988,0.4,0.6,1.0,1.15,0.9,0.95,0.8181818181818182
simgp_core,straddle,14,6,0.30767525338245255,0.1651392566472644,1.0,1.0,1.0,5,0.9358974358974359,0.7051282051282052,0.9358974358974359,0.9743589743589743,0.4,0.6,1.0,1.15,0.9,0.95,0.8181818181818182
simgp_core,straddle,15,6,0.073085370892228,0.04908478647222501,1.0,1.0,1.0,5,1.0,0.8961038961038961,1.0,1.0,0.4,0.6,1.0,1.15,0.9,0.95,0.8181818181818182
simgp_core,random,3,7,0.07305947879058144,0.05972093198570715,0.9090909090909091,0.625,0.7407407407407406,16,1.0,0.8426966292134831,1.0,1.0,0.55,0.6,1.0,1.15,0.9,1.0,0.625
simgp_core_nogp,random,3,7,0.08384719600258124,0.06339721877835672,0.7857142857142857,0.6875,0.7333333333333334,16,1.0,0.6741573033707865,0.9887640449438202,1.0,,,,,,,
simgp_core_g75,random,3,7,0.09629741337260105,0.07172272496361322,0.8823529411764706,0.9375,0.9090909090909091,16,0.8089887640449438,0.5280898876404494,0.7303370786516854,0.8764044943820225,,,,,,,
physgp_core,random,3,7,0.19695646912979115,0.1754155633317038,0.7777777777777778,0.875,0.823529411764706,16,0.02247191011235955,0.0,0.011235955056179775,0.033707865168539325,,,,,,,
physgp_rich,random,3,7,0.19631924025660036,0.17349940080030213,0.7777777777777778,0.875,0.823529411764706,16,0.3595505617977528,0.056179775280898875,0.24719101123595505,0.550561797752809,,,,,,,
simgp_rich,random,3,7,0.08226237474444281,0.06287606346227093,0.7857142857142857,0.6875,0.7333333333333334,16,1.0,0.7078651685393258,1.0,1.0,,,,,,,
pinn_rich,random,3,7,0.20122393991374385,0.13707774629340955,1.0,0.0,0.0,16,0.5393258426966292,0.34831460674157305,0.4606741573033708,0.5955056179775281,,,,,,,
mean_of_samples,random,3,7,0.29596609482871167,0.23624314405553176,1.0,0.0,0.0,16,,,,,,,,,,,
nearest_sample,random,3,7,0.32691692642014747,0.2741322596779562,1.0,0.0,0.0,16,,,,,,,,,,,
decay_only,random,3,7,0.19707334812983793,0.1756079007070308,0.7777777777777778,0.875,0.823529411764706,16,,,,,,,,,,,
simgp_core,random,4,7,0.06941125649427947,0.05491744069392071,0.9166666666666666,0.6875,0.7857142857142857,16,1.0,0.8636363636363636,0.9886363636363636,1.0,0.55,0.6,1.0,1.15,0.9,1.0,0.6875
simgp_core_nogp,random,4,7,0.09279697720118277,0.07285568566111339,0.7333333333333333,0.6875,0.7096774193548386,16,0.9886363636363636,0.6477272727272727,0.9545454545454546,1.0,,,,,,,
simgp_core_g75,random,4,7,0.07299727389851425,0.052751364066410705,0.8888888888888888,1.0,0.9411764705882353,16,0.9545454545454546,0.6363636363636364,0.9090909090909091,0.9545454545454546,,,,,,,
physgp_core,random,4,7,0.21099637524560055,0.15730115710788134,0.875,0.875,0.875,16,0.38636363636363635,0.17045454545454544,0.3409090909090909,0.4090909090909091,,,,,,,
physgp_rich,random,4,7,0.20343431652054464,0.15437102546831247,0.7777777777777778,0.875,0.823529411764706,16,0.5909090909090909,0.25,0.5227272727272727,0.6136363636363636,,,,,,,
simgp_rich,random,4,7,0.09263538319968903,0.0733214295217829,0.7692307692307693,0.625,0.6896551724137931,16,0.9886363636363636,0.6363636363636364,0.9204545454545454,1.0,,,,,,,
mean_of_samples,random,4,7,0.28386473853497074,0.23047798719061277,1.0,0.0,0.0,16,,,,,,,,,,,
nearest_sample,random,4,7,0.25095132693229316,0.20944878878294143,1.0,0.0,0.0,16,,,,,,,,,,,
decay_only,random,4,7,0.1915537095115314,0.1531070721311044,0.7777777777777778,0.875,0.823529411764706,16,,,,,,,,,,,
simgp_core,random,5,7,0.08857739463247671,0.07093835095776055,0.7857142857142857,0.6875,0.7333333333333334,16,1.0,0.632183908045977,0.9770114942528736,1.0,0.55,0.6,1.0,1.15,0.9,0.95,0.6875
simgp_core_nogp,random,5,7,0.09465372305048454,0.07502147502730129,0.7333333333333333,0.6875,0.7096774193548386,16,0.9540229885057471,0.5747126436781609,0.8620689655172413,0.9885057471264368,,,,,,,
simgp_core_g75,random,5,7,0.10041225504830495,0.07577877681635384,0.7619047619047619,1.0,0.8648648648648648,16,0.9080459770114943,0.5287356321839081,0.7126436781609196,0.9540229885057471,,,,,,,
physgp_core,random,5,7,0.22839965787849956,0.17325209210152576,0.875,0.875,0.875,16,0.367816091954023,0.12643678160919541,0.3218390804597701,0.40229885057471265,,,,,,,
physgp_rich,random,5,7,0.20774738485039662,0.15815403197637848,0.8235294117647058,0.875,0.8484848484848485,16,0.4367816091954023,0.27586206896551724,0.39080459770114945,0.5287356321839081,,,,,,,
simgp_rich,random,5,7,0.09058115736532402,0.07155784345326313,0.7692307692307693,0.625,0.6896551724137931,16,0.9770114942528736,0.5747126436781609,0.9080459770114943,1.0,,,,,,,
pinn_rich,random,5,7,0.1989195562229758,0.14540680374910808,1.0,0.0,0.0,16,0.2413793103448276,0.09195402298850575,0.21839080459770116,0.28735632183908044,,,,,,,
mean_of_samples,random,5,7,0.2745807740473822,0.22880783641271876,1.0,0.0,0.0,16,,,,,,,,,,,
nearest_sample,random,5,7,0.2537744054549077,0.21350979178438004,1.0,0.0,0.0,16,,,,,,,,,,,
decay_only,random,5,7,0.20398083536653064,0.1543060291531894,0.7777777777777778,0.875,0.823529411764706,16,,,,,,,,,,,
simgp_core,random,6,7,0.08624874351278304,0.0685418577074194,0.7857142857142857,0.6875,0.7333333333333334,16,1.0,0.6162790697674418,0.9302325581395349,1.0,0.7,0.6,1.0,0.85,0.9,1.0,0.6875
simgp_core_nogp,random,6,7,0.0936279424293537,0.07351334582136167,0.7333333333333333,0.6875,0.7096774193548386,16,0.9534883720930233,0.5581395348837209,0.8604651162790697,0.9883720930232558,,,,,,,
simgp_core_g75,random,6,7,0.09780311671570573,0.07291240339069999,0.7619047619047619,1.0,0.8648648648648648,16,0.8953488372093024,0.5465116279069767,0.7093023255813954,0.9534883720930233,,,,,,,
physgp_core,random,6,7,0.22294832177052043,0.16518272679034693,0.875,0.875,0.875,16,0.32558139534883723,0.1744186046511628,0.27906976744186046,0.36046511627906974,,,,,,,
physgp_rich,random,6,7,0.21109162100742948,0.16484273424815538,0.8235294117647058,0.875,0.8484848484848485,16,0.4069767441860465,0.20930232558139536,0.313953488372093,0.47674418604651164,,,,,,,
simgp_rich,random,6,7,0.09267462647038184,0.07194992619927548,0.7333333333333333,0.6875,0.7096774193548386,16,0.9883720930232558,0.6046511627906976,0.8604651162790697,1.0,,,,,,,
mean_of_samples,random,6,7,0.27694716959191984,0.230586086806346,1.0,0.0,0.0,16,,,,,,,,,,,
nearest_sample,random,6,7,0.2527553808444971,0.20739002822409594,1.0,0.0,0.0,16,,,,,,,,,,,
decay_only,random,6,7,0.2059760076109475,0.15644372846002172,0.7777777777777778,0.875,0.823529411764706,16,,,,,,,,,,,
simgp_core,random,7,7,0.09340525387973453,0.0726927051633881,0.7857142857142857,0.6875,0.7333333333333334,16,1.0,0.5764705882352941,0.9176470588235294,1.0,0.7,0.6,1.0,0.85,0.9,1.0,0.6875
simgp_core_nogp,random,7,7,0.09352100453617601,0.0733573290444185,0.7333333333333333,0.6875,0.7096774193548386,16,0.9529411764705882,0.5647058823529412,0.8588235294117647,0.9882352941176471,,,,,,,
simgp_core_g75,random,7,7,0.0988263327574992,0.0734287592120098,0.8,1.0,0.888888888888889,16,0.8588235294117647,0.5411764705882353,0.7058823529411765,0.9411764705882353,,,,,,,
physgp_core,random,7,7,0.21943580798825993,0.15744746178948385,0.875,0.875,0.875,16,0.29411764705882354,0.16470588235294117,0.25882352941176473,0.3764705882352941,,,,,,,
physgp_rich,random,7,7,0.21053114569100514,0.16144617026375446,0.8235294117647058,0.875,0.8484848484848485,16,0.3411764705882353,0.18823529411764706,0.2823529411764706,0.38823529411764707,,,,,,,
simgp_rich,random,7,7,0.09082518711932124,0.0718849664404111,0.7692307692307693,0.625,0.6896551724137931,16,0.9411764705882353,0.5176470588235295,0.8941176470588236,0.9764705882352941,,,,,,,
mean_of_samples,random,7,7,0.2882006358414011,0.23317905201282824,1.0,0.0,0.0,16,,,,,,,,,,,
nearest_sample,random,7,7,0.2448598223758041,0.19982768083329486,1.0,0.0,0.0,16,,,,,,,,,,,
decay_only,random,7,7,0.20357313835856594,0.15596214519334056,0.7777777777777778,0.875,0.823529411764706,16,,,,,,,,,,,
simgp_core,random,8,7,0.09252335704377586,0.06993871643133093,0.9090909090909091,0.6666666666666666,0.7692307692307692,15,1.0,0.5357142857142857,0.9166666666666666,1.0,0.25,0.6,1.0,0.85,0.9,0.9,0.6875
simgp_core_nogp,random,8,7,0.0957838826738892,0.07278379641562531,0.7692307692307693,0.6666666666666666,0.7142857142857142,15,0.9404761904761905,0.5119047619047619,0.75,0.9880952380952381,,,,,,,
simgp_core_g75,random,8,7,0.09019824927458368,0.07387690632024023,0.75,0.8,0.7741935483870969,15,0.8571428571428571,0.35714285714285715,0.6428571428571429,0.9523809523809523,,,,,,,
physgp_core,random,8,7,0.19394539076614278,0.13920542481385795,0.8461538461538461,0.7333333333333333,0.7857142857142856,15,0.27380952380952384,0.13095238095238096,0.23809523809523808,0.39285714285714285,,,,,,,
physgp_rich,random,8,7,0.17348284115019189,0.1284117518165371,0.8461538461538461,0.7333333333333333,0.7857142857142856,15,0.4880952380952381,0.19047619047619047,0.39285714285714285,0.5357142857142857,,,,,,,
simgp_rich,random,8,7,0.09886150519716204,0.07648507851326414,0.6923076923076923,0.6,0.6428571428571429,15,0.9285714285714286,0.44047619047619047,0.8690476190476191,0.9761904761904762,,,,,,,
pinn_rich,random,8,7,0.14298653150736687,0.1086911167855059,1.0,0.13333333333333333,0.23529411764705882,15,0.42857142857142855,0.2261904761904762,0.34523809523809523,0.4642857142857143,,,,,,,
mean_of_samples,random,8,7,0.2732980139448114,0.22686458937823764,1.0,0.0,0.0,15,,,,,,,,,,,
nearest_sample,random,8,7,0.246088507505916,0.2018997909925022,0.2222222222222222,0.13333333333333333,0.16666666666666669,15,,,,,,,,,,,
decay_only,random,8,7,0.2136410009199604,0.17165220148611746,0.8461538461538461,0.7333333333333333,0.7857142857142856,15,,,,,,,,,,,
simgp_core,random,9,7,0.11254749988573666,0.08795514758491924,1.0,0.6,0.7499999999999999,15,0.8192771084337349,0.3614457831325301,0.7228915662650602,0.8674698795180723,0.25,0.6,1.0,1.15,1.1,0.95,0.625
simgp_core_nogp,random,9,7,0.08342315423305045,0.06413793653978807,0.9090909090909091,0.6666666666666666,0.7692307692307692,15,0.963855421686747,0.5301204819277109,0.891566265060241,1.0,,,,,,,
simgp_core_g75,random,9,7,0.1307029663296599,0.09471881583153556,0.875,0.9333333333333333,0.9032258064516129,15,0.5542168674698795,0.3132530120481928,0.5301204819277109,0.6144578313253012,,,,,,,
physgp_core,random,9,7,0.19567468228684912,0.14045641186720292,0.8461538461538461,0.7333333333333333,0.7857142857142856,15,0.26506024096385544,0.13253012048192772,0.2289156626506024,0.30120481927710846,,,,,,,
physgp_rich,random,9,7,0.1908089622793004,0.15073067234204557,0.8461538461538461,0.7333333333333333,0.7857142857142856,15,0.42168674698795183,0.1686746987951807,0.3493975903614458,0.43373493975903615,,,,,,,
simgp_rich,random,9,7,0.0985957052644612,0.07554194862590506,0.9,0.6,0.7200000000000001,15,0.8795180722891566,0.5180722891566265,0.8192771084337349,0.9036144578313253,,,,,,,
mean_of_samples,random,9,7,0.27247417517526795,0.22703038578860352,1.0,0.0,0.0,15,,,,,,,,,,,
nearest_sample,random,9,7,0.24612573038162316,0.20027821216135816,1.0,0.0,0.0,15,,,,,,,,,,,
decay_only,random,9,7,0.22281641550427458,0.17790495561375544,0.8461538461538461,0.7333333333333333,0.7857142857142856,15,,,,,,,,,,,
simgp_core,random,10,7,0.08167801213253469,0.06334862513119245,0.9,0.6,0.7200000000000001,15,1.0,0.6097560975609756,0.9390243902439024,1.0,0.25,0.6,1.0,1.15,1.1,0.95,0.625
simgp_core_nogp,random,10,7,0.08354080707287902,0.064221893022032,0.9090909090909091,0.6666666666666666,0.7692307692307692,15,0.9512195121951219,0.5365853658536586,0.8902439024390244,1.0,,,,,,,
simgp_core_g75,random,10,7,0.10532614986033398,0.07462973697818727,0.875,0.9333333333333333,0.9032258064516129,15,0.6463414634146342,0.45121951219512196,0.6341463414634146,0.6951219512195121,,,,,,,
physgp_core,random,10,7,0.19894008905522115,0.13881775794138201,0.8461538461538461,0.7333333333333333,0.7857142857142856,15,0.4146341463414634,0.25609756097560976,0.36585365853658536,0.47560975609756095,,,,,,,
physgp_rich,random,10,7,0.21540817962744535,0.15347926790083927,0.8461538461538461,0.7333333333333333,0.7857142857142856,15,0.4268292682926829,0.23170731707317074,0.3902439024390244,0.43902439024390244,,,,,,,
simgp_rich,random,10,7,0.08327053873488967,0.06341444719219218,1.0,0.6,0.7499999999999999,15,0.9878048780487805,0.6097560975609756,0.9512195121951219,1.0,,,,,,,
pinn_rich,random,10,7,0.14963591576850543,0.11316162551505768,1.0,0.13333333333333333,0.23529411764705882,15,0.43902439024390244,0.15853658536585366,0.3170731707317073,0.45121951219512196,,,,,,,
mean_of_samples,random,10,7,0.27410657128703075,0.22957971178545977,1.0,0.0,0.0,15,,,,,,,,,,,
nearest_sample,random,10,7,0.2394149016036999,0.18917240892592646,1.0,0.0,0.0,15,,,,,,,,,,,
decay_only,random,10,7,0.22250735738031496,0.17879428662732322,0.8461538461538461,0.7333333333333333,0.7857142857142856,15,,,,,,,,,,,
simgp_core,random,11,7,0.10462915448140181,0.07891928171590369,1.0,0.6,0.7499999999999999,15,0.7901234567901234,0.5308641975308642,0.7283950617283951,0.9382716049382716,0.25,0.6,1.0,1.15,1.1,0.95,0.625
simgp_core_nogp,random,11,7,0.08508116256182668,0.06492038086032835,0.9090909090909091,0.6666666666666666,0.7692307692307692,15,0.9506172839506173,0.5555555555555556,0.8641975308641975,1.0,,,,,,,
simgp_core_g75,random,11,7,0.10822120038212321,0.07685164115726743,0.875,0.9333333333333333,0.9032258064516129,15,0.6296296296296297,0.4444444444444444,0.6296296296296297,0.691358024691358,,,,,,,
physgp_core,random,11,7,0.20073646143321108,0.14097864203386187,0.8461538461538461,0.7333333333333333,0.7857142857142856,15,0.3950617283950617,0.20987654320987653,0.3333333333333333,0.4444444444444444,,,,,,,
physgp_rich,random,11,7,0.19614975191549658,0.150897910816943,0.8461538461538461,0.7333333333333333,0.7857142857142856,15,0.43209876543209874,0.18518518518518517,0.35802469135802467,0.4444444444444444,,,,,,,
simgp_rich,random,11,7,0.08362177619378719,0.06514442358225012,1.0,0.4666666666666667,0.6363636363636364,15,1.0,0.5679012345679012,0.9506172839506173,1.0,,,,,,,
mean_of_samples,random,11,7,0.2757272932151768,0.23127569944073503,1.0,0.0,0.0,15,,,,,,,,,,,
nearest_sample,random,11,7,0.24099142842726462,0.19083226392066804,1.0,0.0,0.0,15,,,,,,,,,,,
decay_only,random,11,7,0.22224665898640159,0.17910516283139952,0.8461538461538461,0.7333333333333333,0.7857142857142856,15,,,,,,,,,,,
simgp_core,random,12,7,0.10474807834737876,0.07963494535122909,1.0,0.6,0.7499999999999999,15,0.7875,0.5,0.725,0.9375,0.25,0.6,1.0,1.15,1.1,0.95,0.625
simgp_core_nogp,random,12,7,0.08554250053069329,0.0654512871078412,0.9090909090909091,0.6666666666666666,0.7692307692307692,15,0.95,0.5375,0.8625,0.9875,,,,,,,
simgp_core_g75,random,12,7,0.11892204620905512,0.08607561215017019,0.875,0.9333333333333333,0.9032258064516129,15,0.6375,0.3875,0.6125,0.6375,,,,,,,
physgp_core,random,12,7,0.2119351381819233,0.1504358857504636,0.8461538461538461,0.7333333333333333,0.7857142857142856,15,0.375,0.175,0.3375,0.45,,,,,,,
physgp_rich,random,12,7,0.2140117414673585,0.15463551494895655,0.8461538461538461,0.7333333333333333,0.7857142857142856,15,0.45,0.2,0.4125,0.5375,,,,,,,
simgp_rich,random,12,7,0.08838438462635057,0.06727775772631978,0.9,0.6,0.7200000000000001,15,0.9625,0.525,0.925,0.9625,,,,,,,
pinn_rich,random,12,7,0.16527017535843844,0.12623243573130263,1.0,0.13333333333333333,0.23529411764705882,15,0.375,0.1625,0.2875,0.4,,,,,,,
mean_of_samples,random,12,7,0.2776847802803585,0.23243334172293545,1.0,0.0,0.0,15,,,,,,,,,,,
nearest_sample,random,12,7,0.24133607975325183,0.18960914784537555,1.0,0.0,0.0,15,,,,,,,,,,,
decay_only,random,12,7,0.2197134141941982,0.17746482372687944,0.8461538461538461,0.7333333333333333,0.7857142857142856,15,,,,,,,,,,,
simgp_core,random,13,7,0.07894114693182641,0.060614375329044186,0.8888888888888888,0.5333333333333333,0.6666666666666667,15,1.0,0.6329113924050633,0.9493670886075949,1.0,0.25,0.6,1.0,1.15,1.1,0.95,0.5625
simgp_core_nogp,random,13,7,0.08141564021794845,0.0620841819665415,0.8888888888888888,0.5333333333333333,0.6666666666666667,15,0.9493670886075949,0.569620253164557,0.8734177215189873,1.0,,,,,,,
simgp_core_g75,random,13,7,0.062018425652302644,0.048066147199314006,0.875,0.9333333333333333,0.9032258064516129,15,0.9367088607594937,0.4177215189873418,0.8481012658227848,0.9620253164556962,,,,,,,
physgp_core,random,13,7,0.11819589225401504,0.08626551453075532,0.8461538461538461,0.7333333333333333,0.7857142857142856,15,0.7088607594936709,0.31645569620253167,0.620253164556962,0.8227848101265823,,,,,,,
physgp_rich,random,13,7,0.1761832821700497,0.13398576528691386,0.8461538461538461,0.7333333333333333,0.7857142857142856,15,0.7468354430379747,0.27848101265822783,0.6329113924050633,0.7721518987341772,,,,,,,
simgp_rich,random,13,7,0.09335772194324807,0.07099484263051371,0.8888888888888888,0.5333333333333333,0.6666666666666667,15,0.9240506329113924,0.5316455696202531,0.8481012658227848,0.9493670886075949,,,,,,,
mean_of_samples,random,13,7,0.280014893318443,0.23380896881802263,1.0,0.0,0.0,15,,,,,,,,,,,
nearest_sample,random,13,7,0.22735357480639784,0.17807740502072017,1.0,0.0,0.0,15,,,,,,,,,,,
decay_only,random,13,7,0.21553119609873161,0.17399252359016035,0.8461538461538461,0.7333333333333333,0.7857142857142856,15,,,,,,,,,,,
simgp_core,random,14,7,0.07909137993283587,0.06060514910075693,1.0,0.5333333333333333,0.6956521739130436,15,1.0,0.6153846153846154,0.9358974358974359,1.0,0.25,0.6,1.0,1.15,1.1,0.95,0.5625
simgp_core_nogp,random,14,7,0.08134474552589874,0.062249094924780785,0.8888888888888888,0.5333333333333333,0.6666666666666667,15,0.9487179487179487,0.47435897435897434,0.8589743589743589,1.0,,,,,,,
simgp_core_g75,random,14,7,0.0614831625085003,0.04799975451073181,0.875,0.9333333333333333,0.9032258064516129,15,0.8974358974358975,0.38461538461538464,0.7692307692307693,0.9487179487179487,,,,,,,
physgp_core,random,14,7,0.1290429998148285,0.0918169234643671,0.8461538461538461,0.7333333333333333,0.7857142857142856,15,0.6538461538461539,0.358974358974359,0.5384615384615384,0.717948717948718,,,,,,,
physgp_rich,random,14,7,0.17611963270250697,0.12817905160508897,0.8461538461538461,0.7333333333333333,0.7857142857142856,15,0.6538461538461539,0.21794871794871795,0.5512820512820513,0.6923076923076923,,,,,,,
simgp_rich,random,14,7,0.09427165206065558,0.07144381390990787,0.8888888888888888,0.5333333333333333,0.6666666666666667,15,0.9230769230769231,0.47435897435897434,0.8205128205128205,0.9487179487179487,,,,,,,
mean_of_samples,random,14,7,0.28080496776834524,0.23530463177042116,1.0,0.0,0.0,15,,,,,,,,,,,
nearest_sample,random,14,7,0.20939715772120138,0.16523026448820324,1.0,0.0,0.0,15,,,,,,,,,,,
decay_only,random,14,7,0.21798902958603578,0.17658099714276387,0.8461538461538461,0.7333333333333333,0.7857142857142856,15,,,,,,,,,,,
simgp_core,random,15,7,0.07556545440756776,0.057355771912517825,1.0,0.5333333333333333,0.6956521739130436,15,1.0,0.6363636363636364,0.974025974025974,1.0,0.25,0.6,1.0,1.15,1.1,0.95,0.5625
simgp_core_nogp,random,15,7,0.07919961835124568,0.06100697504016813,0.8888888888888888,0.5333333333333333,0.6666666666666667,15,0.961038961038961,0.45454545454545453,0.9090909090909091,1.0,,,,,,,
simgp_core_g75,random,15,7,0.058449240947357595,0.045484349736775,0.875,0.9333333333333333,0.9032258064516129,15,0.8571428571428571,0.38961038961038963,0.7532467532467533,0.935064935064935,,,,,,,
physgp_core,random,15,7,0.13127087357950792,0.08898837781158073,0.8461538461538461,0.7333333333333333,0.7857142857142856,15,0.6623376623376623,0.4025974025974026,0.5844155844155844,0.6623376623376623,,,,,,,
physgp_rich,random,15,7,0.16785420295825132,0.1323027315798322,0.8461538461538461,0.7333333333333333,0.7857142857142856,15,0.6493506493506493,0.2597402597402597,0.4675324675324675,0.7012987012987013,,,,,,,
simgp_rich,random,15,7,0.09328740027377788,0.07110377016406348,0.8888888888888888,0.5333333333333333,0.6666666666666667,15,0.9090909090909091,0.4935064935064935,0.8311688311688312,0.935064935064935,,,,,,,
pinn_rich,random,15,7,0.1468126069275597,0.09862930889160823,1.0,0.13333333333333333,0.23529411764705882,15,0.4675324675324675,0.14285714285714285,0.36363636363636365,0.5454545454545454,,,,,,,
mean_of_samples,random,15,7,0.28322040592789105,0.23610638399289557,1.0,0.0,0.0,15,,,,,,,,,,,
nearest_sample,random,15,7,0.20687469438740577,0.15634774429551765,1.0,0.0,0.0,15,,,,,,,,,,,
decay_only,random,15,7,0.21351653319319502,0.172591786094678,0.8461538461538461,0.7333333333333333,0.7857142857142856,15,,,,,,,,,,,
simgp_core,uncertainty,3,7,0.08875074608366963,0.07137172627956259,0.9166666666666666,0.6875,0.7857142857142857,16,1.0,0.6741573033707865,0.9550561797752809,1.0,0.25,0.6,0.5,1.0,0.9,1.05,0.6875
simgp_core,uncertainty,4,7,0.0633481827818384,0.04331161588297763,0.8823529411764706,1.0,0.9375,15,1.0,0.8409090909090909,0.9886363636363636,1.0,0.55,0.6,1.0,1.15,1.1,1.05,1.0
simgp_core,uncertainty,5,7,0.12122805638325385,0.09333538981493505,0.8,0.8,0.8000000000000002,15,0.9310344827586207,0.6091954022988506,0.8045977011494253,0.9885057471264368,0.25,1.0,0.0,1.15,0.9,1.0,0.8125
simgp_core,uncertainty,6,7,0.06774301188795874,0.06049082982623417,1.0,0.7857142857142857,0.88,14,1.0,0.813953488372093,0.9883720930232558,1.0,0.25,0.6,1.0,1.0,0.9,1.0,0.8125
simgp_core,uncertainty,7,7,0.06644138637904577,0.05877124738979909,1.0,0.7692307692307693,0.8695652173913044,13,0.9882352941176471,0.6,0.9764705882352941,1.0,0.25,0.6,1.0,1.0,0.9,1.0,0.8125
simgp_core,uncertainty,8,7,0.10090098618036719,0.0779997699149083,1.0,0.5833333333333334,0.7368421052631579,12,1.0,0.8452380952380952,0.9761904761904762,1.0,0.25,0.6,1.0,1.0,0.9,1.0,0.6875
simgp_core,uncertainty,9,7,0.1018368030122534,0.082049247326591,1.0,0.45454545454545453,0.625,11,1.0,0.7831325301204819,0.9759036144578314,1.0,0.4,0.6,1.0,1.0,0.9,1.1,0.625
simgp_core,uncertainty,10,7,0.08691819640857865,0.07461549595962244,1.0,0.5,0.6666666666666666,10,1.0,0.9024390243902439,1.0,1.0,0.25,0.6,1.0,1.0,0.9,1.0,0.6875
simgp_core,uncertainty,11,7,0.07859281236015063,0.06955295909578701,1.0,0.6666666666666666,0.8,9,1.0,0.7160493827160493,1.0,1.0,0.4,0.6,1.0,1.0,0.9,1.1,0.8125
simgp_core,uncertainty,12,7,0.10220112581905032,0.0841616864760307,1.0,0.375,0.5454545454545454,8,1.0,0.7875,1.0,1.0,0.4,0.6,0.0,1.15,1.1,1.0,0.6875
simgp_core,uncertainty,13,7,0.08208420153027583,0.07111978445268251,1.0,0.5714285714285714,0.7272727272727273,7,1.0,0.9873417721518988,1.0,1.0,0.4,0.6,0.0,1.15,1.1,1.0,0.8125
simgp_core,uncertainty,14,7,0.08487305120871663,0.06873095459917174,0.6,1.0,0.7499999999999999,6,1.0,0.9102564102564102,0.9743589743589743,1.0,0.4,0.6,1.0,1.0,0.9,1.1,1.0
simgp_core,uncertainty,15,7,0.08574232481102419,0.06974908464999266,0.5555555555555556,1.0,0.7142857142857143,5,1.0,0.922077922077922,0.974025974025974,1.0,0.4,0.6,1.0,1.0,0.9,1.1,1.0
simgp_core,straddle,3,7,0.07544398933636855,0.06091341718417205,0.8461538461538461,0.6875,0.7586206896551724,16,1.0,0.7752808988764045,1.0,1.0,0.7,0.6,1.0,0.85,0.9,1.1,0.6875
simgp_core,straddle,4,7,0.09041834175366456,0.07232200522779464,0.7692307692307693,0.625,0.6896551724137931,16,1.0,0.6590909090909091,0.9545454545454546,1.0,0.7,0.6,0.0,0.85,0.9,1.0,0.625
simgp_core,straddle,5,7,0.10355952295727039,0.0780161318909661,0.75,0.6,0.6666666666666665,15,1.0,0.5632183908045977,0.896551724137931,1.0,0.4,0.6,0.5,0.85,0.9,0.95,0.625
simgp_core,straddle,6,7,0.11179400523982753,0.08316953868538697,0.875,0.4666666666666667,0.608695652173913,15,0.813953488372093,0.5232558139534884,0.686046511627907,0.9651162790697675,0.4,0.6,0.0,0.85,0.9,1.0,0.5
simgp_core,straddle,7,7,0.08671045841585064,0.06358310639518766,0.9,0.6428571428571429,0.75,14,0.9764705882352941,0.6470588235294118,0.9764705882352941,0.9882352941176471,0.1,1.0,0.0,1.15,0.9,1.05,0.6875
simgp_core,straddle,8,7,0.09342581355117371,0.06569128601456034,1.0,0.7692307692307693,0.8695652173913044,13,1.0,0.8928571428571429,1.0,1.0,0.1,1.0,0.0,1.15,0.9,0.95,0.8125
simgp_core,straddle,9,7,0.09640968624997863,0.06533472838180274,0.9166666666666666,0.9166666666666666,0.9166666666666666,12,0.9879518072289156,0.927710843373494,0.9879518072289156,1.0,0.4,0.6,1.0,1.0,1.0,0.9,0.9375
simgp_core,straddle,10,7,0.12321748156136393,0.08821485920346822,1.0,0.8333333333333334,0.9090909090909091,12,0.975609756097561,0.7926829268292683,0.975609756097561,0.9878048780487805,0.4,0.6,0.5,1.0,1.0,0.9,0.875
simgp_core,straddle,11,7,0.1275540741396691,0.09037722346312972,0.9,0.8181818181818182,0.8571428571428572,11,0.9753086419753086,0.7530864197530864,0.9506172839506173,0.9876543209876543,0.55,0.6,1.0,1.0,1.0,1.0,0.875
simgp_core,straddle,12,7,0.13309501424344639,0.08072287341955771,0.9,0.9,0.9,10,0.975,0.725,0.925,0.9875,0.55,0.6,1.0,1.0,1.0,1.0,0.9375
simgp_core,straddle,13,7,0.13370171569478007,0.08207517556404244,0.8888888888888888,0.8888888888888888,0.8888888888888888,9,0.9620253164556962,0.6962025316455697,0.9113924050632911,0.9746835443037974,0.55,0.6,1.0,1.0,1.0,1.05,0.9375
simgp_core,straddle,14,7,0.11890347471839342,0.07793687607168369,1.0,0.8888888888888888,0.9411764705882353,9,0.9871794871794872,0.8846153846153846,0.9743589743589743,0.9871794871794872,0.55,0.6,1.0,1.0,1.0,1.0,0.9375
simgp_core,straddle,15,7,0.06830337111966632,0.0572283821655037,1.0,1.0,1.0,9,1.0,0.9090909090909091,1.0,1.0,0.55,0.6,1.0,1.0,1.0,1.05,1.0
