model,strategy,n,seed,rmse_min,precision_min,recall_min,f1_min,n_true_viol_min,coverage90_min,coverage50_min,coverage80_min,coverage95_min,rmse_night,recall_night,coverage90_night,map_kb,map_kw,map_gamma,map_demand,map_rough,map_dose
simgp24,random,3,0,0.06159778965813648,1.0,0.85,0.9189189189189189,40,1.0,0.7191011235955056,0.9887640449438202,1.0,0.11684678733697705,0.3548387096774194,0.9775280898876404,0.25,0.6,0.0,1.15,0.9,1.0
simgp24_g75,random,3,0,0.06583012843131081,1.0,0.85,0.9189189189189189,40,0.8651685393258427,0.449438202247191,0.6179775280898876,0.9213483146067416,,,,,,,,,
simgp_timeblind,random,3,0,0.2803850128772099,1.0,0.125,0.2222222222222222,40,0.43820224719101125,,,,0.22219660087908322,0.16129032258064516,0.7078651685393258,,,,,,
mean_of_samples,random,3,0,0.5462260612472204,1.0,0.0,0.0,40,0.0,,,,0.48844750995441216,0.0,0.0,,,,,,
simgp24,random,4,0,0.06349994134198422,1.0,0.825,0.9041095890410958,40,1.0,0.6818181818181818,0.9545454545454546,1.0,0.11944307002002696,0.3548387096774194,0.9772727272727273,0.25,0.6,1.0,1.0,0.9,1.1
simgp24_g75,random,4,0,0.06581946065252725,1.0,0.8,0.888888888888889,40,0.6818181818181818,0.375,0.5568181818181818,0.8409090909090909,,,,,,,,,
simgp_timeblind,random,4,0,0.2776943130387109,1.0,0.125,0.2222222222222222,40,0.4090909090909091,,,,0.2208022355431244,0.16129032258064516,0.5795454545454546,,,,,,
mean_of_samples,random,4,0,0.5323047640887912,1.0,0.0,0.0,40,0.0,,,,0.4764019017574916,0.0,0.0,,,,,,
simgp24,random,5,0,0.05524916637348002,1.0,0.9743589743589743,0.9870129870129869,39,1.0,0.7931034482758621,1.0,1.0,0.0880239449594099,0.7,1.0,0.55,0.6,1.0,0.85,1.1,1.1
simgp24_g75,random,5,0,0.0549266125920473,0.9743589743589743,0.9743589743589743,0.9743589743589743,39,0.9195402298850575,0.4827586206896552,0.8505747126436781,0.9885057471264368,,,,,,,,,
simgp_timeblind,random,5,0,0.25072779606056933,1.0,0.15384615384615385,0.2666666666666667,39,0.40229885057471265,,,,0.1970822166767559,0.16666666666666666,0.6436781609195402,,,,,,
mean_of_samples,random,5,0,0.4770013018390895,1.0,0.0,0.0,39,0.0,,,,0.42396176068334657,0.0,0.0,,,,,,
simgp24,random,6,0,0.051627237262264127,1.0,1.0,1.0,38,1.0,0.8255813953488372,0.9883720930232558,1.0,0.07455839312514481,0.6551724137931034,1.0,0.1,0.6,1.0,0.85,1.1,1.05
simgp24_g75,random,6,0,0.13280728944020181,1.0,0.5789473684210527,0.7333333333333334,38,0.7790697674418605,0.5581395348837209,0.7790697674418605,0.7790697674418605,,,,,,,,,
simgp_timeblind,random,6,0,0.2678666390696206,1.0,0.18421052631578946,0.3111111111111111,38,0.32558139534883723,,,,0.21703020077463034,0.2413793103448276,0.6511627906976745,,,,,,
mean_of_samples,random,6,0,0.4724009079125674,1.0,0.0,0.0,38,0.0,,,,0.41906863732996824,0.0,0.0,,,,,,
simgp24,random,7,0,0.05021068587989196,1.0,0.9736842105263158,0.9866666666666666,38,1.0,0.8235294117647058,0.9882352941176471,1.0,0.07105382830089656,0.6551724137931034,1.0,0.1,0.6,1.0,0.85,1.1,1.05
simgp24_g75,random,7,0,0.1337133358966161,1.0,0.631578947368421,0.7741935483870968,38,0.7764705882352941,0.5411764705882353,0.7764705882352941,0.7764705882352941,,,,,,,,,
simgp_timeblind,random,7,0,0.26021953335113746,1.0,0.18421052631578946,0.3111111111111111,38,0.3058823529411765,,,,0.20919052744287397,0.2413793103448276,0.6470588235294118,,,,,,
mean_of_samples,random,7,0,0.470434551438767,1.0,0.0,0.0,38,0.0,,,,0.4173895330548057,0.0,0.0,,,,,,
simgp24,random,8,0,0.048401015005898725,1.0,0.972972972972973,0.9863013698630138,37,1.0,0.7738095238095238,0.9523809523809523,1.0,0.06923552301927795,0.6428571428571429,1.0,0.55,0.6,1.0,0.85,0.9,1.1
simgp24_g75,random,8,0,0.13901442387735632,1.0,0.5945945945945946,0.7457627118644068,37,0.7857142857142857,0.4642857142857143,0.7142857142857143,0.7857142857142857,,,,,,,,,
simgp_timeblind,random,8,0,0.25947405890614106,1.0,0.1891891891891892,0.3181818181818182,37,0.2976190476190476,,,,0.20896330967786292,0.25,0.4642857142857143,,,,,,
mean_of_samples,random,8,0,0.42144538103000634,1.0,0.0,0.0,37,0.0,,,,0.37328063449624005,0.0,0.0,,,,,,
simgp24,random,9,0,0.04775457968740995,1.0,0.9444444444444444,0.9714285714285714,36,0.9759036144578314,0.8072289156626506,0.9518072289156626,1.0,0.06911725321257185,0.6785714285714286,1.0,0.55,0.6,1.0,0.85,0.9,1.1
simgp24_g75,random,9,0,0.09862639587314787,0.9354838709677419,0.8055555555555556,0.8656716417910448,36,0.8313253012048193,0.43373493975903615,0.6626506024096386,0.9518072289156626,,,,,,,,,
simgp_timeblind,random,9,0,0.26415045958431543,1.0,0.19444444444444445,0.32558139534883723,36,0.24096385542168675,,,,0.20962259625355076,0.25,0.43373493975903615,,,,,,
mean_of_samples,random,9,0,0.40379076442011536,1.0,0.0,0.0,36,0.0,,,,0.35822479167232835,0.0,0.0,,,,,,
simgp24,random,10,0,0.04810662467152528,1.0,0.9444444444444444,0.9714285714285714,36,0.9878048780487805,0.7804878048780488,0.9512195121951219,1.0,0.06535534155955877,0.7142857142857143,1.0,0.55,0.6,1.0,0.85,0.9,1.1
simgp24_g75,random,10,0,0.09469137979842701,0.9666666666666667,0.8055555555555556,0.8787878787878789,36,0.8292682926829268,0.4268292682926829,0.6585365853658537,0.9512195121951219,,,,,,,,,
simgp_timeblind,random,10,0,0.26739081030168,1.0,0.19444444444444445,0.32558139534883723,36,0.25609756097560976,,,,0.21401250587293635,0.25,0.4268292682926829,,,,,,
mean_of_samples,random,10,0,0.4207781694828331,1.0,0.0,0.0,36,0.0,,,,0.37296433684931024,0.0,0.0,,,,,,
simgp24,random,11,0,0.052120369118074196,0.9714285714285714,0.9714285714285714,0.9714285714285714,35,0.9876543209876543,0.8395061728395061,0.9259259259259259,1.0,0.05500701055047705,0.7777777777777778,1.0,0.7,0.6,1.0,0.85,0.9,1.1
simgp24_g75,random,11,0,0.12804801110787034,0.85,0.9714285714285714,0.9066666666666667,35,0.7654320987654321,0.2345679012345679,0.6172839506172839,0.8888888888888888,,,,,,,,,
simgp_timeblind,random,11,0,0.2720570805452454,1.0,0.22857142857142856,0.3720930232558139,35,0.3333333333333333,,,,0.2186332757101978,0.2962962962962963,0.5061728395061729,,,,,,
mean_of_samples,random,11,0,0.3837110459696381,1.0,0.0,0.0,35,0.0,,,,0.34147262638023823,0.0,0.0,,,,,,
simgp24,random,12,0,0.04847462594349462,0.9714285714285714,0.9714285714285714,0.9714285714285714,35,0.9875,0.8375,0.95,1.0,0.0485832126098183,0.8148148148148148,1.0,0.7,0.6,1.0,0.85,0.9,1.1
simgp24_g75,random,12,0,0.1335341909388573,0.8095238095238095,0.9714285714285714,0.8831168831168832,35,0.7625,0.225,0.5875,0.8875,,,,,,,,,
simgp_timeblind,random,12,0,0.26215534738333784,1.0,0.22857142857142856,0.3720930232558139,35,0.3625,,,,0.21210363496215962,0.2962962962962963,0.5125,,,,,,
mean_of_samples,random,12,0,0.3851510534594508,1.0,0.0,0.0,35,0.0,,,,0.343874131797336,0.0,0.0,,,,,,
simgp24,random,13,0,0.04831519002780412,0.9705882352941176,0.9705882352941176,0.9705882352941176,34,0.9873417721518988,0.8607594936708861,0.9493670886075949,1.0,0.046703221655804414,0.8076923076923077,0.9873417721518988,0.7,0.6,1.0,0.85,0.9,1.1
simgp24_g75,random,13,0,0.11035223394539283,0.9333333333333333,0.8235294117647058,0.8749999999999999,34,0.7848101265822784,0.26582278481012656,0.5949367088607594,0.8607594936708861,,,,,,,,,
simgp_timeblind,random,13,0,0.2705512084377946,1.0,0.23529411764705882,0.38095238095238093,34,0.3037974683544304,,,,0.22287404772591324,0.3076923076923077,0.4810126582278481,,,,,,
mean_of_samples,random,13,0,0.385666860535629,1.0,0.0,0.0,34,0.0,,,,0.34375860659419133,0.0,0.0,,,,,,
simgp24,random,14,0,0.04526830583249698,0.9714285714285714,1.0,0.9855072463768115,34,0.9871794871794872,0.7051282051282052,0.9743589743589743,1.0,0.04539976197056943,0.9230769230769231,1.0,0.7,0.6,1.0,0.85,0.9,1.1
simgp24_g75,random,14,0,0.12029531466472011,0.9333333333333333,0.8235294117647058,0.8749999999999999,34,0.7692307692307693,0.20512820512820512,0.5769230769230769,0.8589743589743589,,,,,,,,,
simgp_timeblind,random,14,0,0.26779005848813225,1.0,0.23529411764705882,0.38095238095238093,34,0.3076923076923077,,,,0.2203878465430777,0.3076923076923077,0.48717948717948717,,,,,,
mean_of_samples,random,14,0,0.4008795971628599,1.0,0.0,0.0,34,0.0,,,,0.3568572406466418,0.0,0.0,,,,,,
simgp24,random,15,0,0.04257748301414886,0.9714285714285714,1.0,0.9855072463768115,34,0.987012987012987,0.6753246753246753,0.974025974025974,1.0,0.04399723804178664,0.9230769230769231,1.0,0.7,0.6,1.0,0.85,0.9,1.1
simgp24_g75,random,15,0,0.11294960473619743,0.9333333333333333,0.8235294117647058,0.8749999999999999,34,0.6363636363636364,0.23376623376623376,0.4935064935064935,0.7402597402597403,,,,,,,,,
simgp_timeblind,random,15,0,0.26944268271185584,1.0,0.23529411764705882,0.38095238095238093,34,0.2987012987012987,,,,0.2217139250382911,0.3076923076923077,0.4675324675324675,,,,,,
mean_of_samples,random,15,0,0.430977755862057,1.0,0.0,0.0,34,0.0,,,,0.381437355555517,0.0,0.0,,,,,,
simgp24,uncertainty,3,0,0.06159778965813648,1.0,0.85,0.9189189189189189,40,1.0,0.7191011235955056,0.9887640449438202,1.0,0.11684678733697705,0.3548387096774194,0.9775280898876404,0.25,0.6,0.0,1.15,0.9,1.0
simgp24,uncertainty,4,0,0.08494110996413763,1.0,0.7692307692307693,0.8695652173913044,39,0.9772727272727273,0.6136363636363636,0.9431818181818182,1.0,0.15899461403480994,0.23333333333333334,0.9545454545454546,0.1,0.6,0.0,1.15,0.9,0.95
simgp24,uncertainty,5,0,0.07150895473911033,1.0,0.7894736842105263,0.8823529411764706,38,1.0,0.6091954022988506,0.9195402298850575,1.0,0.1047034523481539,0.4827586206896552,0.9540229885057471,0.25,0.6,0.5,1.15,1.0,0.95
simgp24,uncertainty,6,0,0.07303544535565355,1.0,0.8108108108108109,0.8955223880597014,37,0.9883720930232558,0.5813953488372093,0.9534883720930233,1.0,0.1024998328912207,0.39285714285714285,0.9767441860465116,0.25,0.6,0.0,1.15,1.0,1.0
simgp24,uncertainty,7,0,0.06723485576647745,1.0,0.8055555555555556,0.8923076923076924,36,1.0,0.6470588235294118,0.9882352941176471,1.0,0.09056629452305437,0.48148148148148145,0.9647058823529412,0.25,0.6,0.0,1.15,1.0,0.95
simgp24,uncertainty,8,0,0.056809971050574996,1.0,0.8285714285714286,0.90625,35,1.0,0.8214285714285714,0.9523809523809523,1.0,0.0851882276752881,0.38461538461538464,0.9523809523809523,0.55,0.6,1.0,0.85,1.1,1.1
simgp24,uncertainty,9,0,0.051462413974427856,1.0,0.8529411764705882,0.9206349206349206,34,0.9879518072289156,0.6626506024096386,0.927710843373494,1.0,0.06310903445388835,0.6923076923076923,0.9879518072289156,0.55,0.6,0.5,0.85,1.1,1.1
simgp24,uncertainty,10,0,0.05271429095642892,1.0,0.8181818181818182,0.9,33,0.9878048780487805,0.6707317073170732,0.9634146341463414,0.9878048780487805,0.07316734119870513,0.72,0.9634146341463414,0.1,0.6,1.0,0.85,1.0,0.95
simgp24,uncertainty,11,0,0.12938274855123108,0.9393939393939394,0.96875,0.9538461538461539,32,0.9876543209876543,0.4444444444444444,0.8148148148148148,1.0,0.22110409215913338,0.9583333333333334,0.8641975308641975,0.55,0.6,1.0,1.0,1.1,1.0
simgp24,uncertainty,12,0,0.1764096011314697,0.9117647058823529,1.0,0.9538461538461539,31,0.9125,0.3375,0.85,0.925,0.06076407106674986,0.9565217391304348,1.0,0.55,0.6,1.0,1.0,1.1,1.0
simgp24,uncertainty,13,0,0.13760927801162462,0.9354838709677419,0.9666666666666667,0.9508196721311476,30,0.9367088607594937,0.4177215189873418,0.8607594936708861,0.9873417721518988,0.23888277757475065,0.9545454545454546,0.8607594936708861,0.55,0.6,1.0,1.0,1.1,1.0
simgp24,uncertainty,14,0,0.16964678248328277,0.90625,1.0,0.9508196721311475,29,0.9102564102564102,0.34615384615384615,0.8205128205128205,0.9230769230769231,0.0646184495385097,0.9523809523809523,1.0,0.55,0.6,1.0,1.0,1.1,1.0
simgp24,uncertainty,15,0,0.08687892866367446,0.9310344827586207,0.9642857142857143,0.9473684210526316,28,0.987012987012987,0.6363636363636364,0.935064935064935,1.0,0.10688188674324853,0.95,1.0,0.55,0.6,1.0,1.0,1.1,1.0
simgp24,straddle,3,0,0.06159778965813648,1.0,0.85,0.9189189189189189,40,1.0,0.7191011235955056,0.9887640449438202,1.0,0.11684678733697705,0.3548387096774194,0.9775280898876404,0.25,0.6,0.0,1.15,0.9,1.0
simgp24,straddle,4,0,0.0508094868642782,1.0,0.8205128205128205,0.9014084507042254,39,1.0,0.7272727272727273,0.9886363636363636,1.0,0.08490978433867358,0.4666666666666667,1.0,0.7,0.6,1.0,1.0,1.1,1.05
simgp24,straddle,5,0,0.045447779050400115,1.0,0.8421052631578947,0.9142857142857143,38,1.0,0.6896551724137931,0.9770114942528736,1.0,0.06471632197081219,0.5172413793103449,1.0,0.55,0.6,0.5,1.0,1.1,1.05
simgp24,straddle,6,0,0.06009653690406516,1.0,0.7297297297297297,0.8437499999999999,37,0.9883720930232558,0.5697674418604651,0.9069767441860465,1.0,0.08776772449252748,0.35714285714285715,0.9883720930232558,0.1,0.6,0.5,0.85,1.1,0.95
simgp24,straddle,7,0,0.07058659654607599,1.0,0.7777777777777778,0.8750000000000001,36,1.0,0.6941176470588235,0.9647058823529412,1.0,0.15859965183139035,0.4444444444444444,0.9882352941176471,0.1,0.6,0.0,0.85,1.0,0.95
simgp24,straddle,8,0,0.07860732359945251,1.0,0.6857142857142857,0.8135593220338984,35,0.9761904761904762,0.6547619047619048,0.8333333333333334,1.0,0.14961051544081017,0.38461538461538464,0.9285714285714286,0.1,0.6,0.0,0.85,1.0,1.0
simgp24,straddle,9,0,0.11268212158095152,1.0,0.5882352941176471,0.7407407407407407,34,0.7831325301204819,0.5783132530120482,0.7228915662650602,0.8795180722891566,0.17028545223827074,0.2692307692307692,0.8072289156626506,0.1,0.6,0.0,0.85,1.0,1.0
simgp24,straddle,10,0,0.13135454765599944,1.0,0.8484848484848485,0.9180327868852458,33,0.975609756097561,0.5487804878048781,0.8902439024390244,0.9878048780487805,0.07542511386643565,0.52,0.9634146341463414,0.1,0.6,0.0,0.85,1.0,0.95
simgp24,straddle,11,0,0.19063765788323508,0.7948717948717948,0.96875,0.8732394366197183,32,0.5802469135802469,0.24691358024691357,0.4444444444444444,0.6790123456790124,0.15117363683012008,0.875,0.6790123456790124,0.1,0.6,0.5,0.85,1.0,0.9
simgp24,straddle,12,0,0.18880702216810666,0.7894736842105263,0.967741935483871,0.8695652173913043,31,0.5625,0.25,0.4,0.675,0.15205660724985967,0.875,0.675,0.1,0.6,0.5,0.85,1.0,0.9
simgp24,straddle,13,0,0.18661627838301814,0.8333333333333334,1.0,0.9090909090909091,30,0.5822784810126582,0.21518987341772153,0.43037974683544306,0.6582278481012658,0.13400259286222652,0.8695652173913043,0.7215189873417721,0.7,0.6,1.0,0.85,1.0,1.1
simgp24,straddle,14,0,0.22589927388142395,0.75,1.0,0.8571428571428571,30,0.6025641025641025,0.07692307692307693,0.47435897435897434,0.6923076923076923,0.08140937879901614,0.8260869565217391,1.0,0.55,0.6,1.0,0.85,1.0,1.05
simgp24,straddle,15,0,0.06283974837184747,0.9655172413793104,0.9655172413793104,0.9655172413793104,29,0.8571428571428571,0.38961038961038963,0.6753246753246753,0.935064935064935,0.06146780385647141,0.8181818181818182,0.935064935064935,0.7,0.6,1.0,0.85,1.0,1.1
simgp24,straddle_min,3,0,0.06159778965813648,1.0,0.85,0.9189189189189189,40,1.0,0.7191011235955056,0.9887640449438202,1.0,0.11684678733697705,0.3548387096774194,0.9775280898876404,0.25,0.6,0.0,1.15,0.9,1.0
simgp24,straddle_min,4,0,0.04854005682845282,1.0,0.9487179487179487,0.9736842105263158,39,1.0,0.7954545454545454,1.0,1.0,0.08420548963263796,0.6666666666666666,1.0,0.7,0.6,1.0,0.85,1.0,1.1
simgp24,straddle_min,5,0,0.04816055085193228,1.0,0.9736842105263158,0.9866666666666666,38,1.0,0.7931034482758621,0.9885057471264368,1.0,0.047516740403876385,0.8275862068965517,1.0,0.7,0.6,1.0,0.85,1.0,1.1
simgp24,straddle_min,6,0,0.046724823658028235,1.0,0.972972972972973,0.9863013698630138,37,0.9883720930232558,0.7441860465116279,0.9883720930232558,1.0,0.050311876830933945,0.8214285714285714,1.0,0.55,0.6,1.0,0.85,1.0,1.1
simgp24,straddle_min,7,0,0.048989309096548576,0.9722222222222222,0.9722222222222222,0.9722222222222222,36,1.0,0.6823529411764706,0.9764705882352941,1.0,0.05256789359236024,0.9285714285714286,1.0,0.25,0.6,1.0,0.85,1.0,1.05
simgp24,straddle_min,8,0,0.056006260196216684,0.9444444444444444,0.9714285714285714,0.9577464788732395,35,1.0,0.6428571428571429,0.9047619047619048,1.0,0.0538174427743172,0.9259259259259259,1.0,0.55,0.6,1.0,0.85,1.0,1.1
simgp24,straddle_min,9,0,0.0557597164541092,1.0,0.9705882352941176,0.9850746268656716,34,1.0,0.6144578313253012,0.9397590361445783,1.0,0.04406250695973387,0.9230769230769231,1.0,0.55,0.6,1.0,0.85,1.0,1.1
simgp24,straddle_min,10,0,0.06309794876319531,1.0,0.9696969696969697,0.9846153846153847,33,1.0,0.6097560975609756,0.9146341463414634,1.0,0.053172657232817,0.84,1.0,0.4,0.6,1.0,0.85,0.9,1.1
simgp24,straddle_min,11,0,0.059650488977214464,0.9696969696969697,0.9696969696969697,0.9696969696969697,33,0.9382716049382716,0.6790123456790124,0.8024691358024691,0.9629629629629629,0.05633262628555944,0.84,1.0,0.25,0.6,1.0,0.85,0.9,1.0
simgp24,straddle_min,12,0,0.07841970164492923,0.96875,0.96875,0.96875,32,0.9375,0.5125,0.7875,1.0,0.04382142881243465,0.9583333333333334,1.0,0.4,0.6,1.0,0.85,0.9,1.05
simgp24,straddle_min,13,0,0.07909567341988995,1.0,0.967741935483871,0.9836065573770492,31,0.9746835443037974,0.5189873417721519,0.8860759493670886,1.0,0.04301344949350252,0.9583333333333334,0.9873417721518988,0.4,0.6,1.0,0.85,0.9,1.05
simgp24,straddle_min,14,0,0.06450995008844737,0.9666666666666667,0.9666666666666667,0.9666666666666667,30,0.9487179487179487,0.5512820512820513,0.8846153846153846,1.0,0.05112590513902546,0.9583333333333334,1.0,0.4,0.6,1.0,0.85,0.9,1.05
simgp24,straddle_min,15,0,0.07207525634224735,0.9666666666666667,1.0,0.983050847457627,29,0.922077922077922,0.5324675324675324,0.8441558441558441,0.961038961038961,0.06650893908744573,1.0,0.974025974025974,0.4,0.6,1.0,1.0,1.1,0.9
simgp24,random,3,1,0.05338523391563122,0.9714285714285714,0.918918918918919,0.9444444444444445,37,1.0,0.7191011235955056,1.0,1.0,0.06342198138643088,0.76,0.9887640449438202,0.1,1.0,1.0,0.85,1.0,1.1
simgp24_g75,random,3,1,0.0662834075229615,0.9666666666666667,0.7837837837837838,0.8656716417910447,37,0.7865168539325843,0.5393258426966292,0.7303370786516854,0.8314606741573034,,,,,,,,,
simgp_timeblind,random,3,1,0.2500325748975346,1.0,0.16216216216216217,0.27906976744186046,37,0.3146067415730337,,,,0.19121930552383734,0.24,0.6179775280898876,,,,,,
mean_of_samples,random,3,1,0.3352673782696318,1.0,0.0,0.0,37,0.0,,,,0.2950459480468741,0.0,0.0,,,,,,
simgp24,random,4,1,0.05563588227079229,0.9714285714285714,0.918918918918919,0.9444444444444445,37,1.0,0.6704545454545454,1.0,1.0,0.06414382758045305,0.8,0.9886363636363636,0.1,1.0,1.0,0.85,1.0,1.1
simgp24_g75,random,4,1,0.06936850722653906,0.9655172413793104,0.7567567567567568,0.8484848484848485,37,0.7386363636363636,0.38636363636363635,0.6931818181818182,0.7954545454545454,,,,,,,,,
simgp_timeblind,random,4,1,0.2300544952557542,1.0,0.1891891891891892,0.3181818181818182,37,0.32954545454545453,,,,0.17255427894038225,0.28,0.6704545454545454,,,,,,
mean_of_samples,random,4,1,0.38217205584915553,1.0,0.0,0.0,37,0.0,,,,0.3272308984539686,0.0,0.0,,,,,,
simgp24,random,5,1,0.061043926855209034,0.96875,0.8611111111111112,0.911764705882353,36,0.9885057471264368,0.5747126436781609,0.9425287356321839,1.0,0.07054971356713796,0.5833333333333334,0.9540229885057471,0.25,0.6,1.0,1.15,1.1,0.9
simgp24_g75,random,5,1,0.06541150530162347,0.9642857142857143,0.75,0.8437499999999999,36,0.6896551724137931,0.3218390804597701,0.5517241379310345,0.7816091954022989,,,,,,,,,
simgp_timeblind,random,5,1,0.2330009100889732,1.0,0.19444444444444445,0.32558139534883723,36,0.28735632183908044,,,,0.17418537726003247,0.2916666666666667,0.5517241379310345,,,,,,
mean_of_samples,random,5,1,0.3384112438238865,1.0,0.0,0.0,36,0.0,,,,0.29707667284679884,0.0,0.0,,,,,,
simgp24,random,6,1,0.05812410022376907,0.96875,0.8611111111111112,0.911764705882353,36,0.9767441860465116,0.5348837209302325,0.9186046511627907,1.0,0.0666556147311816,0.7083333333333334,0.9534883720930233,0.25,0.6,0.5,1.15,1.1,0.9
simgp24_g75,random,6,1,0.0657794007516342,0.9666666666666667,0.8055555555555556,0.8787878787878789,36,0.686046511627907,0.3023255813953488,0.6046511627906976,0.7674418604651163,,,,,,,,,
simgp_timeblind,random,6,1,0.2350828641436015,1.0,0.19444444444444445,0.32558139534883723,36,0.29069767441860467,,,,0.17563139684181808,0.2916666666666667,0.5232558139534884,,,,,,
mean_of_samples,random,6,1,0.34628383879339825,1.0,0.0,0.0,36,0.0,,,,0.30271390431778006,0.0,0.0,,,,,,
simgp24,random,7,1,0.05262107586359921,0.96875,0.8611111111111112,0.911764705882353,36,0.9882352941176471,0.6,0.9647058823529412,1.0,0.06595241219487194,0.7083333333333334,0.9529411764705882,0.25,0.6,1.0,1.15,1.1,0.95
simgp24_g75,random,7,1,0.0606760488846203,0.9666666666666667,0.8055555555555556,0.8787878787878789,36,0.6705882352941176,0.4,0.6235294117647059,0.7647058823529411,,,,,,,,,
simgp_timeblind,random,7,1,0.23628688043969864,1.0,0.19444444444444445,0.32558139534883723,36,0.2823529411764706,,,,0.1759380541594999,0.2916666666666667,0.5176470588235295,,,,,,
mean_of_samples,random,7,1,0.36504116816649823,1.0,0.0,0.0,36,0.0,,,,0.3147291478011511,0.0,0.0,,,,,,
simgp24,random,8,1,0.054057769142297436,0.9696969696969697,0.8888888888888888,0.927536231884058,36,0.9761904761904762,0.5714285714285714,0.9523809523809523,1.0,0.06346134628630803,0.75,0.9523809523809523,0.25,0.6,1.0,1.15,1.1,0.9
simgp24_g75,random,8,1,0.07369330628465193,0.9666666666666667,0.8055555555555556,0.8787878787878789,36,0.44047619047619047,0.2857142857142857,0.38095238095238093,0.6071428571428571,,,,,,,,,
simgp_timeblind,random,8,1,0.2364613692804303,1.0,0.19444444444444445,0.32558139534883723,36,0.2857142857142857,,,,0.1797663234276968,0.2916666666666667,0.4880952380952381,,,,,,
mean_of_samples,random,8,1,0.36257095062702577,1.0,0.0,0.0,36,0.0,,,,0.31384459629098227,0.0,0.0,,,,,,
simgp24,random,9,1,0.053836389827547994,0.96875,0.8611111111111112,0.911764705882353,36,0.963855421686747,0.6144578313253012,0.9518072289156626,0.9879518072289156,0.06633136923834704,0.6666666666666666,0.9518072289156626,0.25,0.6,1.0,1.15,1.1,0.9
simgp24_g75,random,9,1,0.06860587346817991,0.9666666666666667,0.8055555555555556,0.8787878787878789,36,0.5783132530120482,0.26506024096385544,0.4819277108433735,0.7228915662650602,,,,,,,,,
simgp_timeblind,random,9,1,0.23587384175777845,1.0,0.19444444444444445,0.32558139534883723,36,0.2891566265060241,,,,0.18106246507858326,0.2916666666666667,0.4819277108433735,,,,,,
mean_of_samples,random,9,1,0.3657024243973545,1.0,0.0,0.0,36,0.0,,,,0.3171950952690339,0.0,0.0,,,,,,
simgp24,random,10,1,0.056460248481517095,0.96875,0.8611111111111112,0.911764705882353,36,0.9390243902439024,0.6219512195121951,0.926829268292683,1.0,0.06920826920116947,0.625,0.9512195121951219,0.25,0.6,1.0,1.15,1.1,0.9
simgp24_g75,random,10,1,0.063062707565388,0.9705882352941176,0.9166666666666666,0.9428571428571428,36,0.6341463414634146,0.34146341463414637,0.5487804878048781,0.7073170731707317,,,,,,,,,
simgp_timeblind,random,10,1,0.23570095765975194,1.0,0.19444444444444445,0.32558139534883723,36,0.2804878048780488,,,,0.18050289798492608,0.2916666666666667,0.5121951219512195,,,,,,
mean_of_samples,random,10,1,0.37204941133441116,1.0,0.0,0.0,36,0.0,,,,0.3217182633621586,0.0,0.0,,,,,,
simgp24,random,11,1,0.056853260397658104,0.96875,0.8611111111111112,0.911764705882353,36,0.9382716049382716,0.6172839506172839,0.9259259259259259,0.9876543209876543,0.06987502108346509,0.625,0.9506172839506173,0.25,0.6,0.5,1.0,1.0,0.95
simgp24_g75,random,11,1,0.06271202361446991,0.96875,0.8611111111111112,0.911764705882353,36,0.5802469135802469,0.35802469135802467,0.5185185185185185,0.6296296296296297,,,,,,,,,
simgp_timeblind,random,11,1,0.22271870573564556,1.0,0.19444444444444445,0.32558139534883723,36,0.2839506172839506,,,,0.16430821475624122,0.2916666666666667,0.5185185185185185,,,,,,
mean_of_samples,random,11,1,0.3842771483752943,1.0,0.0,0.0,36,0.0,,,,0.3310424605783489,0.0,0.0,,,,,,
simgp24,random,12,1,0.05480717394031298,0.9696969696969697,0.9142857142857143,0.9411764705882354,35,0.9625,0.55,0.9375,1.0,0.06389807326008655,0.7916666666666666,0.95,0.25,0.6,1.0,1.0,1.0,0.9
simgp24_g75,random,12,1,0.07344686739754484,0.96875,0.8857142857142857,0.9253731343283582,35,0.4375,0.3,0.375,0.5375,,,,,,,,,
simgp_timeblind,random,12,1,0.20751452523446626,1.0,0.22857142857142856,0.3720930232558139,35,0.3125,,,,0.15731925747321585,0.3333333333333333,0.525,,,,,,
mean_of_samples,random,12,1,0.3752091828784741,1.0,0.0,0.0,35,0.0,,,,0.32446301592684385,0.0,0.0,,,,,,
simgp24,random,13,1,0.05406001209242967,0.9696969696969697,0.9142857142857143,0.9411764705882354,35,0.9873417721518988,0.5443037974683544,0.9620253164556962,1.0,0.0639526799196931,0.75,0.9493670886075949,0.1,0.6,0.0,1.15,0.9,0.9
simgp24_g75,random,13,1,0.07415496728830391,0.967741935483871,0.8571428571428571,0.909090909090909,35,0.4177215189873418,0.25316455696202533,0.379746835443038,0.5316455696202531,,,,,,,,,
simgp_timeblind,random,13,1,0.2198613906824234,1.0,0.2,0.33333333333333337,35,0.27848101265822783,,,,0.16402705772169715,0.2916666666666667,0.5063291139240507,,,,,,
mean_of_samples,random,13,1,0.38544937171165,1.0,0.0,0.0,35,0.0,,,,0.3318766691004073,0.0,0.0,,,,,,
simgp24,random,14,1,0.051439583580997275,0.9696969696969697,0.9142857142857143,0.9411764705882354,35,0.9871794871794872,0.5897435897435898,0.9615384615384616,1.0,0.06419629710401498,0.75,0.9487179487179487,0.1,0.6,0.0,1.15,0.9,0.9
simgp24_g75,random,14,1,0.06996458465120625,0.96875,0.8857142857142857,0.9253731343283582,35,0.48717948717948717,0.2692307692307692,0.358974358974359,0.6153846153846154,,,,,,,,,
simgp_timeblind,random,14,1,0.22145497194139255,1.0,0.2,0.33333333333333337,35,0.2692307692307692,,,,0.1627113773251156,0.2916666666666667,0.5,,,,,,
mean_of_samples,random,14,1,0.3908146786984015,1.0,0.0,0.0,35,0.0,,,,0.3359963086529131,0.0,0.0,,,,,,
simgp24,random,15,1,0.05068871321177773,0.96875,0.8857142857142857,0.9253731343283582,35,0.987012987012987,0.5714285714285714,0.974025974025974,1.0,0.06487941664105716,0.75,0.948051948051948,0.1,0.6,0.0,1.15,0.9,0.9
simgp24_g75,random,15,1,0.0683756487026259,0.96875,0.8857142857142857,0.9253731343283582,35,0.5064935064935064,0.24675324675324675,0.36363636363636365,0.6233766233766234,,,,,,,,,
simgp_timeblind,random,15,1,0.2232491666314512,1.0,0.2,0.33333333333333337,35,0.2597402597402597,,,,0.16383685961233554,0.2916666666666667,0.4935064935064935,,,,,,
mean_of_samples,random,15,1,0.39821610403131724,1.0,0.0,0.0,35,0.0,,,,0.34165223810310386,0.0,0.0,,,,,,
simgp24,uncertainty,3,1,0.05338523391563122,0.9714285714285714,0.918918918918919,0.9444444444444445,37,1.0,0.7191011235955056,1.0,1.0,0.06342198138643088,0.76,0.9887640449438202,0.1,1.0,1.0,0.85,1.0,1.1
simgp24,uncertainty,4,1,0.059299722169688075,0.9714285714285714,0.9444444444444444,0.9577464788732395,36,0.9886363636363636,0.6363636363636364,0.9659090909090909,0.9886363636363636,0.07628473019742228,0.7916666666666666,0.9886363636363636,0.4,1.0,0.5,1.0,1.1,1.1
simgp24,uncertainty,5,1,0.10842325479904616,0.7777777777777778,1.0,0.8750000000000001,35,0.6666666666666666,0.2413793103448276,0.5402298850574713,0.8620689655172413,0.14105535371203146,1.0,0.8160919540229885,0.4,1.0,1.0,0.85,0.9,1.1
simgp24,uncertainty,6,1,0.13899517030092787,0.7555555555555555,1.0,0.8607594936708861,34,0.627906976744186,0.18604651162790697,0.37209302325581395,0.8372093023255814,0.15184846185507103,1.0,0.9418604651162791,0.4,1.5,1.0,1.0,1.1,1.1
simgp24,uncertainty,7,1,0.11878627553671414,0.75,1.0,0.8571428571428571,33,0.6352941176470588,0.2,0.3764705882352941,0.8235294117647058,0.14706625430359466,1.0,0.9294117647058824,0.4,1.5,1.0,1.0,1.1,1.1
simgp24,uncertainty,8,1,0.1620926560704657,0.8205128205128205,1.0,0.9014084507042254,32,0.9523809523809523,0.40476190476190477,0.75,1.0,0.06252758022134322,0.9523809523809523,1.0,0.1,1.0,1.0,0.85,1.0,1.1
simgp24,uncertainty,9,1,0.17231482202027043,0.8235294117647058,0.9032258064516129,0.8615384615384616,31,0.9879518072289156,0.46987951807228917,0.8674698795180723,1.0,0.06833438350896227,0.95,1.0,0.1,1.0,1.0,0.85,1.0,1.1
simgp24,uncertainty,10,1,0.11730772063539867,0.8378378378378378,1.0,0.911764705882353,31,0.9390243902439024,0.4878048780487805,0.8048780487804879,1.0,0.18372242484729237,0.95,1.0,0.1,1.0,0.5,0.85,1.0,1.1
simgp24,uncertainty,11,1,0.1167550856968831,0.8378378378378378,1.0,0.911764705882353,31,0.9135802469135802,0.4567901234567901,0.8024691358024691,1.0,0.1437018808774113,1.0,1.0,0.1,1.0,0.5,0.85,1.0,1.1
simgp24,uncertainty,12,1,0.16484676518200853,0.7894736842105263,1.0,0.8823529411764706,30,0.975,0.3875,0.85,1.0,0.0401676123089742,0.9473684210526315,1.0,0.1,0.6,0.5,0.85,1.0,0.9
simgp24,uncertainty,13,1,0.11065281424305544,0.96,0.8275862068965517,0.888888888888889,29,0.9493670886075949,0.5949367088607594,0.7721518987341772,1.0,0.3350568825383604,0.3333333333333333,0.9873417721518988,0.1,0.6,0.5,0.85,1.0,0.9
simgp24,uncertainty,14,1,0.11188535232680091,0.9615384615384616,0.8928571428571429,0.9259259259259259,28,0.8974358974358975,0.5897435897435898,0.7948717948717948,1.0,0.3579203725438204,0.35294117647058826,0.9871794871794872,0.1,0.6,0.5,0.85,1.0,0.9
simgp24,uncertainty,15,1,0.10542686814436819,0.9615384615384616,0.8928571428571429,0.9259259259259259,28,0.8961038961038961,0.5714285714285714,0.7662337662337663,1.0,0.3684703116399755,0.35294117647058826,0.987012987012987,0.1,0.6,0.5,0.85,1.0,0.9
simgp24,straddle,3,1,0.05338523391563122,0.9714285714285714,0.918918918918919,0.9444444444444445,37,1.0,0.7191011235955056,1.0,1.0,0.06342198138643088,0.76,0.9887640449438202,0.1,1.0,1.0,0.85,1.0,1.1
simgp24,straddle,4,1,0.05897950145938849,0.9210526315789473,0.9722222222222222,0.9459459459459458,36,1.0,0.6363636363636364,0.9772727272727273,1.0,0.06941197915585856,0.96,0.9886363636363636,0.1,1.0,1.0,0.85,1.0,1.1
simgp24,straddle,5,1,0.0458556566509543,0.9705882352941176,0.9428571428571428,0.9565217391304348,35,1.0,0.7241379310344828,0.9885057471264368,1.0,0.046865901569315783,0.92,0.9770114942528736,0.1,1.0,1.0,0.85,1.0,1.1
simgp24,straddle,6,1,0.0437876063569942,0.9428571428571428,0.9705882352941176,0.9565217391304348,34,1.0,0.7093023255813954,0.9651162790697675,1.0,0.04106424802258031,0.92,0.9767441860465116,0.1,1.0,1.0,0.85,1.0,1.1
simgp24,straddle,7,1,0.041145685050480454,0.9696969696969697,0.9696969696969697,0.9696969696969697,33,0.9882352941176471,0.6941176470588235,0.9529411764705882,1.0,0.07745804737320569,0.75,0.8823529411764706,0.1,1.0,1.0,0.85,1.1,1.1
simgp24,straddle,8,1,0.04169977556426179,0.96875,0.96875,0.96875,32,0.9880952380952381,0.6666666666666666,0.9404761904761905,1.0,0.07618756665064036,0.8695652173913043,0.8809523809523809,0.25,0.6,1.0,0.85,1.1,0.9
simgp24,straddle,9,1,0.043867158740666365,0.9666666666666667,0.9354838709677419,0.9508196721311476,31,0.9879518072289156,0.6265060240963856,0.9036144578313253,1.0,0.08080166880316711,0.782608695652174,0.8674698795180723,0.25,0.6,1.0,0.85,1.1,0.9
simgp24,straddle,10,1,0.05029185743328567,0.9333333333333333,0.9333333333333333,0.9333333333333333,30,1.0,0.5609756097560976,0.8902439024390244,1.0,0.07805111473247059,0.8636363636363636,0.8902439024390244,0.1,1.0,0.5,0.85,1.1,1.1
simgp24,straddle,11,1,0.04552155711215664,0.9310344827586207,0.9310344827586207,0.9310344827586207,29,0.9876543209876543,0.6296296296296297,0.9012345679012346,1.0,0.0745612093424897,0.8571428571428571,0.8765432098765432,0.1,1.0,0.5,0.85,1.1,1.1
simgp24,straddle,12,1,0.045201008913727136,0.9629629629629629,0.9285714285714286,0.9454545454545454,28,0.9125,0.625,0.825,0.9875,0.07987907211251842,0.7,0.9,0.25,0.6,1.0,0.85,1.1,0.9
simgp24,straddle,13,1,0.08453836943006834,0.8709677419354839,1.0,0.9310344827586207,27,0.9493670886075949,0.7721518987341772,0.9367088607594937,0.9620253164556962,0.07832769150497755,0.8421052631578947,0.9493670886075949,0.25,0.6,1.0,0.85,1.1,0.9
simgp24,straddle,14,1,0.08751143829515313,0.8666666666666667,1.0,0.9285714285714286,26,0.8846153846153846,0.5897435897435898,0.8205128205128205,0.9102564102564102,0.07787090736358798,0.8333333333333334,0.9487179487179487,0.25,0.6,1.0,0.85,1.1,0.9
simgp24,straddle,15,1,0.07841581703347428,0.8620689655172413,1.0,0.9259259259259259,25,0.948051948051948,0.7402597402597403,0.9090909090909091,0.961038961038961,0.08034085301646851,0.8333333333333334,0.948051948051948,0.25,0.6,1.0,0.85,1.1,0.9
simgp24,straddle_min,3,1,0.05338523391563122,0.9714285714285714,0.918918918918919,0.9444444444444445,37,1.0,0.7191011235955056,1.0,1.0,0.06342198138643088,0.76,0.9887640449438202,0.1,1.0,1.0,0.85,1.0,1.1
simgp24,straddle_min,4,1,0.09079100370041704,0.8571428571428571,1.0,0.923076923076923,36,0.9886363636363636,0.4431818181818182,0.8295454545454546,1.0,0.0914277469662095,0.9166666666666666,0.9772727272727273,0.1,1.5,1.0,1.0,1.1,1.1
simgp24,straddle_min,5,1,0.07530229852460948,0.8974358974358975,1.0,0.945945945945946,35,0.9885057471264368,0.5172413793103449,0.896551724137931,1.0,0.06589760291587694,0.875,0.9770114942528736,0.1,1.0,1.0,0.85,1.0,1.0
simgp24,straddle_min,6,1,0.06225776162420862,0.8918918918918919,0.9705882352941176,0.9295774647887325,34,1.0,0.5465116279069767,0.9069767441860465,1.0,0.059400332215558245,0.875,0.9534883720930233,0.1,1.0,1.0,0.85,1.1,1.05
simgp24,straddle_min,7,1,0.06883501484785452,0.8918918918918919,1.0,0.9428571428571428,33,1.0,0.4588235294117647,0.9058823529411765,1.0,0.0628396863265498,0.9166666666666666,0.9529411764705882,0.25,1.0,1.0,0.85,1.1,1.1
simgp24,straddle_min,8,1,0.05384240322903653,0.8888888888888888,1.0,0.9411764705882353,32,1.0,0.6904761904761905,0.9523809523809523,1.0,0.050316330917649615,0.9166666666666666,0.9761904761904762,0.25,1.0,1.0,0.85,1.0,1.1
simgp24,straddle_min,9,1,0.05306773168315596,0.9142857142857143,1.0,0.955223880597015,32,1.0,0.6144578313253012,0.927710843373494,1.0,0.05044815112079853,0.9583333333333334,0.9397590361445783,0.25,1.0,1.0,0.85,1.0,1.1
simgp24,straddle_min,10,1,0.045786583637840585,0.9411764705882353,1.0,0.9696969696969697,32,0.926829268292683,0.6341463414634146,0.8780487804878049,1.0,0.0468814399540665,1.0,0.9146341463414634,0.25,1.0,1.0,0.85,1.0,1.1
simgp24,straddle_min,11,1,0.05990116818363378,0.9393939393939394,1.0,0.96875,31,0.9753086419753086,0.5185185185185185,0.8641975308641975,0.9876543209876543,0.059096222232450465,1.0,0.9259259259259259,0.25,1.0,1.0,0.85,1.0,1.1
simgp24,straddle_min,12,1,0.04761590867140024,0.9393939393939394,1.0,0.96875,31,0.8875,0.6125,0.85,0.9375,0.0522195403631752,1.0,0.8875,0.25,1.0,1.0,0.85,1.0,1.1
simgp24,straddle_min,13,1,0.0484761566356063,0.9393939393939394,1.0,0.96875,31,0.8860759493670886,0.569620253164557,0.8607594936708861,0.9493670886075949,0.05314701555585788,1.0,0.8987341772151899,0.25,1.0,1.0,0.85,1.0,1.1
simgp24,straddle_min,14,1,0.04564380840179325,0.9393939393939394,1.0,0.96875,31,0.8846153846153846,0.5512820512820513,0.8333333333333334,0.9487179487179487,0.050975473364652295,1.0,0.8846153846153846,0.25,1.0,1.0,0.85,1.0,1.1
simgp24,straddle_min,15,1,0.044257642026024134,0.96875,1.0,0.9841269841269841,31,0.8831168831168831,0.5714285714285714,0.7922077922077922,0.922077922077922,0.04959407211465364,1.0,0.8831168831168831,0.4,0.6,1.0,0.85,1.0,0.95
simgp24,random,3,2,0.07847507059194257,0.875,1.0,0.9333333333333333,28,0.9775280898876404,0.38202247191011235,0.8876404494382022,1.0,0.18488266407354845,1.0,1.0,0.4,0.6,1.0,1.15,1.1,1.0
simgp24_g75,random,3,2,0.09661050491506291,0.8235294117647058,1.0,0.9032258064516129,28,0.6966292134831461,0.12359550561797752,0.2247191011235955,0.8202247191011236,,,,,,,,,
simgp_timeblind,random,3,2,0.20480758490963252,1.0,0.17857142857142858,0.30303030303030304,28,0.5617977528089888,,,,0.20576353527152821,0.3333333333333333,0.8651685393258427,,,,,,
mean_of_samples,random,3,2,0.2746482757510733,1.0,0.0,0.0,28,0.0,,,,0.3771527221691879,0.0,0.0,,,,,,
simgp24,random,4,2,0.07675478674530868,0.875,1.0,0.9333333333333333,28,0.9772727272727273,0.3977272727272727,0.875,0.9772727272727273,0.18225239578878324,0.9333333333333333,1.0,0.25,0.6,0.5,1.15,1.0,1.0
simgp24_g75,random,4,2,0.09677262141633393,0.8235294117647058,1.0,0.9032258064516129,28,0.5568181818181818,0.14772727272727273,0.20454545454545456,0.7954545454545454,,,,,,,,,
simgp_timeblind,random,4,2,0.21072732740658764,1.0,0.17857142857142858,0.30303030303030304,28,0.5,,,,0.2014947076547454,0.3333333333333333,0.75,,,,,,
mean_of_samples,random,4,2,0.2796203805832751,1.0,0.0,0.0,28,0.0,,,,0.34696183474705106,0.0,0.0,,,,,,
simgp24,random,5,2,0.07694565904820054,0.875,1.0,0.9333333333333333,28,0.9770114942528736,0.367816091954023,0.8620689655172413,1.0,0.1852564460103013,1.0,1.0,0.25,0.6,1.0,1.15,1.0,1.0
simgp24_g75,random,5,2,0.09291235455918423,0.8235294117647058,1.0,0.9032258064516129,28,0.28735632183908044,0.13793103448275862,0.19540229885057472,0.735632183908046,,,,,,,,,
simgp_timeblind,random,5,2,0.1969460560053159,1.0,0.17857142857142858,0.30303030303030304,28,0.5632183908045977,,,,0.2050557693197637,0.3333333333333333,0.7586206896551724,,,,,,
mean_of_samples,random,5,2,0.28858448326628355,1.0,0.0,0.0,28,0.0,,,,0.33601032758549176,0.0,0.0,,,,,,
simgp24,random,6,2,0.07896810451724635,0.9032258064516129,1.0,0.9491525423728813,28,0.9767441860465116,0.37209302325581395,0.8604651162790697,1.0,0.18410893020091512,1.0,1.0,0.55,0.6,1.0,0.85,1.0,1.05
simgp24_g75,random,6,2,0.08584908754646761,0.8484848484848485,1.0,0.9180327868852458,28,0.45348837209302323,0.1511627906976744,0.2558139534883721,0.6162790697674418,,,,,,,,,
simgp_timeblind,random,6,2,0.1963093673418536,1.0,0.17857142857142858,0.30303030303030304,28,0.5581395348837209,,,,0.2124748826887801,0.3333333333333333,0.6046511627906976,,,,,,
mean_of_samples,random,6,2,0.29508768897790827,1.0,0.0,0.0,28,0.0,,,,0.3313722161259458,0.0,0.0,,,,,,
simgp24,random,7,2,0.09162586290643042,0.9,1.0,0.9473684210526316,27,0.8470588235294118,0.43529411764705883,0.6352941176470588,0.9294117647058824,0.13411162104013039,0.8666666666666667,0.9764705882352941,0.55,0.6,1.0,1.0,0.9,1.1
simgp24_g75,random,7,2,0.22196728003383673,0.6923076923076923,1.0,0.8181818181818181,27,0.4,0.07058823529411765,0.2235294117647059,0.5176470588235295,,,,,,,,,
simgp_timeblind,random,7,2,0.19365452674520006,1.0,0.37037037037037035,0.5405405405405406,27,0.5294117647058824,,,,0.22035622008485556,0.3333333333333333,0.6,,,,,,
mean_of_samples,random,7,2,0.2815017161425569,1.0,0.0,0.0,27,0.0,,,,0.346956378642901,0.0,0.0,,,,,,
simgp24,random,8,2,0.06970844345972847,0.9,1.0,0.9473684210526316,27,0.9523809523809523,0.5238095238095238,0.8333333333333334,0.9761904761904762,0.1444243384361325,0.8,0.9285714285714286,0.55,0.6,1.0,1.0,0.9,1.1
simgp24_g75,random,8,2,0.2696978853967859,0.4909090909090909,1.0,0.6585365853658536,27,0.32142857142857145,0.07142857142857142,0.10714285714285714,0.5,,,,,,,,,
simgp_timeblind,random,8,2,0.20418204030663292,1.0,0.37037037037037035,0.5405405405405406,27,0.4880952380952381,,,,0.21293487975330763,0.3333333333333333,0.6190476190476191,,,,,,
mean_of_samples,random,8,2,0.29168181993277253,1.0,0.0,0.0,27,0.0,,,,0.33183616796115545,0.0,0.0,,,,,,
simgp24,random,9,2,0.06914452301865807,0.9,1.0,0.9473684210526316,27,0.9397590361445783,0.5542168674698795,0.8192771084337349,0.9759036144578314,0.13931730588109567,0.8,0.9397590361445783,0.55,0.6,1.0,1.0,0.9,1.1
simgp24_g75,random,9,2,0.18927243340695465,0.6923076923076923,1.0,0.8181818181818181,27,0.6626506024096386,0.25301204819277107,0.6144578313253012,0.6867469879518072,,,,,,,,,
simgp_timeblind,random,9,2,0.20246145507321836,1.0,0.37037037037037035,0.5405405405405406,27,0.5060240963855421,,,,0.21600092536129611,0.3333333333333333,0.5662650602409639,,,,,,
mean_of_samples,random,9,2,0.29749124809164657,1.0,0.0,0.0,27,0.0,,,,0.3274006522466827,0.0,0.0,,,,,,
simgp24,random,10,2,0.06932884630603525,0.9,1.0,0.9473684210526316,27,0.9512195121951219,0.5487804878048781,0.8292682926829268,0.975609756097561,0.14022834986104568,0.8,0.9390243902439024,0.55,0.6,1.0,1.0,0.9,1.1
simgp24_g75,random,10,2,0.18651637823341766,0.7105263157894737,1.0,0.8307692307692308,27,0.6585365853658537,0.21951219512195122,0.5853658536585366,0.7073170731707317,,,,,,,,,
simgp_timeblind,random,10,2,0.1921404211373224,1.0,0.37037037037037035,0.5405405405405406,27,0.5121951219512195,,,,0.21165555450804094,0.3333333333333333,0.573170731707317,,,,,,
mean_of_samples,random,10,2,0.3146854264296555,1.0,0.0,0.0,27,0.0,,,,0.3220511512735882,0.0,0.0,,,,,,
simgp24,random,11,2,0.0642383754175009,0.896551724137931,0.9629629629629629,0.9285714285714286,27,0.9506172839506173,0.6172839506172839,0.8888888888888888,0.9753086419753086,0.15822670586208673,0.7333333333333333,0.9135802469135802,0.4,0.6,0.5,1.15,1.0,1.0
simgp24_g75,random,11,2,0.24528282694952686,0.6,1.0,0.7499999999999999,27,0.20987654320987653,0.04938271604938271,0.13580246913580246,0.43209876543209874,,,,,,,,,
simgp_timeblind,random,11,2,0.19657479693623367,1.0,0.37037037037037035,0.5405405405405406,27,0.48148148148148145,,,,0.21295264766539934,0.3333333333333333,0.5432098765432098,,,,,,
mean_of_samples,random,11,2,0.3280953454299935,1.0,0.0,0.0,27,0.0,,,,0.3195151091308048,0.0,0.0,,,,,,
simgp24,random,12,2,0.06684484949524643,0.9,1.0,0.9473684210526316,27,0.9375,0.6125,0.8875,0.975,0.16212467959061538,0.7333333333333333,0.925,0.4,0.6,0.5,1.15,1.0,1.0
simgp24_g75,random,12,2,0.21643137032597803,0.6136363636363636,1.0,0.7605633802816901,27,0.4375,0.125,0.275,0.5875,,,,,,,,,
simgp_timeblind,random,12,2,0.19032390611234798,1.0,0.37037037037037035,0.5405405405405406,27,0.5125,,,,0.21310737979898206,0.3333333333333333,0.55,,,,,,
mean_of_samples,random,12,2,0.331076310316782,1.0,0.0,0.0,27,0.0,,,,0.32108032746737414,0.0,0.0,,,,,,
simgp24,random,13,2,0.06712333253718365,0.9,1.0,0.9473684210526316,27,0.9620253164556962,0.6075949367088608,0.8607594936708861,0.9746835443037974,0.16351875351292977,0.7333333333333333,0.9240506329113924,0.4,0.6,0.5,1.15,1.0,1.0
simgp24_g75,random,13,2,0.21610383778634387,0.54,1.0,0.7012987012987013,27,0.35443037974683544,0.08860759493670886,0.25316455696202533,0.4177215189873418,,,,,,,,,
simgp_timeblind,random,13,2,0.19006489325411735,1.0,0.37037037037037035,0.5405405405405406,27,0.4936708860759494,,,,0.21185384961119516,0.3333333333333333,0.5569620253164557,,,,,,
mean_of_samples,random,13,2,0.3364537741686871,1.0,0.0,0.0,27,0.0,,,,0.32020237274287555,0.0,0.0,,,,,,
simgp24,random,14,2,0.06774539253391652,0.9,1.0,0.9473684210526316,27,0.9487179487179487,0.6025641025641025,0.8717948717948718,0.9743589743589743,0.16515371915494428,0.7333333333333333,0.9230769230769231,0.4,0.6,0.5,1.15,1.0,1.0
simgp24_g75,random,14,2,0.20312340276482402,0.6,1.0,0.7499999999999999,27,0.358974358974359,0.08974358974358974,0.24358974358974358,0.46153846153846156,,,,,,,,,
simgp_timeblind,random,14,2,0.1887395173699057,1.0,0.37037037037037035,0.5405405405405406,27,0.5,,,,0.2112959866392845,0.3333333333333333,0.5769230769230769,,,,,,
mean_of_samples,random,14,2,0.35863783366097896,1.0,0.0,0.0,27,0.0,,,,0.3212920926222356,0.0,0.0,,,,,,
simgp24,random,15,2,0.06376788010005043,0.9310344827586207,1.0,0.9642857142857143,27,0.948051948051948,0.6493506493506493,0.9090909090909091,0.974025974025974,0.18269398885689977,0.5333333333333333,0.9090909090909091,0.4,0.6,0.5,1.15,1.0,1.0
simgp24_g75,random,15,2,0.20229090708342312,0.627906976744186,1.0,0.7714285714285715,27,0.35064935064935066,0.09090909090909091,0.24675324675324675,0.42857142857142855,,,,,,,,,
simgp_timeblind,random,15,2,0.18811181855292947,1.0,0.37037037037037035,0.5405405405405406,27,0.4935064935064935,,,,0.20636694901274902,0.4,0.6233766233766234,,,,,,
mean_of_samples,random,15,2,0.3470456091033384,1.0,0.0,0.0,27,0.0,,,,0.3210793091099469,0.0,0.0,,,,,,
simgp24,uncertainty,3,2,0.07847507059194257,0.875,1.0,0.9333333333333333,28,0.9775280898876404,0.38202247191011235,0.8876404494382022,1.0,0.18488266407354845,1.0,1.0,0.4,0.6,1.0,1.15,1.1,1.0
simgp24,uncertainty,4,2,0.09491361311022316,0.8709677419354839,1.0,0.9310344827586207,27,0.9204545454545454,0.4772727272727273,0.7840909090909091,0.9431818181818182,0.1198316077982084,0.9333333333333333,1.0,0.7,0.3,1.0,1.0,0.9,0.9
simgp24,uncertainty,5,2,0.08914190412986231,0.8666666666666667,1.0,0.9285714285714286,26,0.8045977011494253,0.4367816091954023,0.735632183908046,0.9080459770114943,0.07281769595064715,1.0,0.9770114942528736,0.7,0.3,1.0,1.0,0.9,0.95
simgp24,uncertainty,6,2,0.07528949698408467,0.8571428571428571,0.96,0.9056603773584904,25,0.8604651162790697,0.5813953488372093,0.8023255813953488,0.9069767441860465,0.0668093057797603,0.7333333333333333,0.9534883720930233,0.7,0.3,1.0,1.0,0.9,0.95
simgp24,uncertainty,7,2,0.0640226299379673,0.8518518518518519,0.9583333333333334,0.9019607843137256,24,0.8823529411764706,0.5411764705882353,0.8,0.9529411764705882,0.048164880544326744,0.7142857142857143,0.9764705882352941,0.4,0.6,1.0,1.0,0.9,1.1
simgp24,uncertainty,8,2,0.0807926337332043,0.8461538461538461,0.9565217391304348,0.8979591836734695,23,0.9047619047619048,0.4642857142857143,0.8571428571428571,0.9166666666666666,0.07193716627463045,0.8461538461538461,0.9642857142857143,0.4,0.6,1.0,1.0,0.9,1.1
simgp24,uncertainty,9,2,0.09289744469948658,0.8461538461538461,1.0,0.9166666666666666,22,0.927710843373494,0.5180722891566265,0.8674698795180723,0.9759036144578314,0.0852374254895195,0.75,0.963855421686747,0.4,0.6,1.0,1.0,0.9,1.1
simgp24,uncertainty,10,2,0.1734475309051235,0.75,1.0,0.8571428571428571,21,0.8902439024390244,0.3048780487804878,0.8414634146341463,0.9390243902439024,0.14857804176222528,1.0,0.975609756097561,0.25,0.6,1.0,1.0,0.9,1.0
simgp24,uncertainty,11,2,0.2656980365430691,0.5405405405405406,1.0,0.7017543859649124,20,0.7901234567901234,0.09876543209876543,0.3950617283950617,0.9012345679012346,0.16064805506863514,1.0,1.0,0.4,0.6,0.0,1.15,1.1,0.9
simgp24,uncertainty,12,2,0.24483588522959437,0.59375,1.0,0.7450980392156863,19,0.875,0.1125,0.5375,0.9625,0.10011506541023275,1.0,1.0,0.4,0.6,0.0,1.15,1.1,0.9
simgp24,uncertainty,13,2,0.23824907058248154,0.5757575757575758,1.0,0.7307692307692308,19,0.8734177215189873,0.21518987341772153,0.6582278481012658,0.8987341772151899,0.11541088859926582,1.0,1.0,0.4,0.6,0.0,1.15,1.1,0.9
simgp24,uncertainty,14,2,0.26713116009465404,0.5625,1.0,0.72,18,0.6923076923076923,0.11538461538461539,0.4358974358974359,0.8333333333333334,0.07845680418298742,1.0,1.0,0.4,0.6,0.0,1.15,1.1,0.9
simgp24,uncertainty,15,2,0.15035471000125705,1.0,1.0,1.0,17,0.961038961038961,0.7142857142857143,0.922077922077922,0.961038961038961,0.250471954382814,0.9090909090909091,0.922077922077922,0.4,0.6,0.0,1.15,1.1,0.9
simgp24,straddle,3,2,0.07847507059194257,0.875,1.0,0.9333333333333333,28,0.9775280898876404,0.38202247191011235,0.8876404494382022,1.0,0.18488266407354845,1.0,1.0,0.4,0.6,1.0,1.15,1.1,1.0
simgp24,straddle,4,2,0.07314832326576508,0.8709677419354839,1.0,0.9310344827586207,27,0.9659090909090909,0.48863636363636365,0.8863636363636364,1.0,0.13250802966918154,1.0,1.0,0.25,0.6,0.5,1.15,0.9,1.05
simgp24,straddle,5,2,0.11172062006395223,0.8125,1.0,0.896551724137931,26,0.8505747126436781,0.21839080459770116,0.735632183908046,0.8850574712643678,0.20125485030715148,1.0,0.9655172413793104,0.4,0.6,0.0,1.15,1.1,0.9
simgp24,straddle,6,2,0.10878124616385947,0.8620689655172413,1.0,0.9259259259259259,25,0.9767441860465116,0.2558139534883721,0.7906976744186046,0.9883720930232558,0.10125746899506821,1.0,0.9883720930232558,0.4,0.6,0.0,1.15,1.1,0.9
simgp24,straddle,7,2,0.0640529318802951,0.8571428571428571,1.0,0.923076923076923,24,0.9882352941176471,0.5176470588235295,0.9411764705882353,1.0,0.06410821701647285,0.9333333333333333,0.9882352941176471,0.4,0.6,1.0,1.0,0.9,1.1
simgp24,straddle,8,2,0.12726683036225558,0.7419354838709677,1.0,0.8518518518518519,23,1.0,0.5952380952380952,1.0,1.0,0.15780442240254106,1.0,0.9880952380952381,0.1,1.0,0.0,1.15,1.1,0.95
simgp24,straddle,9,2,0.09418242917277006,0.8461538461538461,1.0,0.9166666666666666,22,1.0,0.8795180722891566,1.0,1.0,0.14498331507611056,0.9285714285714286,0.9879518072289156,0.4,0.6,0.0,1.15,1.1,0.95
simgp24,straddle,10,2,0.15918674039884684,0.7777777777777778,1.0,0.8750000000000001,21,0.9878048780487805,0.2926829268292683,0.9512195121951219,1.0,0.0684836224172511,0.9285714285714286,0.975609756097561,0.25,0.6,1.0,1.0,0.9,1.1
simgp24,straddle,11,2,0.124397147587492,0.8333333333333334,1.0,0.9090909090909091,20,1.0,0.5925925925925926,0.9876543209876543,1.0,0.09677669460959284,0.9285714285714286,0.9753086419753086,0.1,1.0,0.0,1.15,1.1,1.05
simgp24,straddle,12,2,0.11854554544832029,0.8260869565217391,1.0,0.9047619047619047,19,1.0,0.8625,0.95,1.0,0.13569475361685798,0.9230769230769231,0.9875,0.1,1.0,0.0,1.15,1.1,1.05
simgp24,straddle,13,2,0.10527632094016293,0.9473684210526315,1.0,0.972972972972973,18,1.0,0.8227848101265823,0.9367088607594937,1.0,0.127828025458888,0.9230769230769231,0.9873417721518988,0.25,0.6,1.0,1.0,0.9,1.1
simgp24,straddle,14,2,0.08033264731166495,1.0,1.0,1.0,18,1.0,0.8846153846153846,0.9743589743589743,1.0,0.10537223616858439,1.0,0.9871794871794872,0.1,0.6,1.0,1.0,0.9,1.05
simgp24,straddle,15,2,0.07058253092994315,1.0,1.0,1.0,17,0.987012987012987,0.8701298701298701,0.974025974025974,1.0,0.08846938523492298,0.8333333333333334,0.974025974025974,0.1,0.6,1.0,1.0,0.9,1.05
simgp24,straddle_min,3,2,0.07847507059194257,0.875,1.0,0.9333333333333333,28,0.9775280898876404,0.38202247191011235,0.8876404494382022,1.0,0.18488266407354845,1.0,1.0,0.4,0.6,1.0,1.15,1.1,1.0
simgp24,straddle_min,4,2,0.06841413640110858,0.8709677419354839,1.0,0.9310344827586207,27,1.0,0.4318181818181818,0.9204545454545454,1.0,0.1761868671423105,0.8666666666666667,1.0,0.4,0.6,0.5,1.15,1.1,1.0
simgp24,straddle_min,5,2,0.07472731843248562,0.9,1.0,0.9473684210526316,27,0.9885057471264368,0.367816091954023,0.8735632183908046,1.0,0.1799596537637711,0.9333333333333333,1.0,0.25,0.6,1.0,1.15,0.9,1.05
simgp24,straddle_min,6,2,0.07901602746639053,0.896551724137931,1.0,0.9454545454545454,26,0.8953488372093024,0.4418604651162791,0.7674418604651163,0.9186046511627907,0.14927963252019724,0.9333333333333333,1.0,0.55,0.6,0.0,1.0,0.9,1.1
simgp24,straddle_min,7,2,0.08503827554460218,0.8928571428571429,1.0,0.9433962264150945,25,0.8941176470588236,0.36470588235294116,0.7647058823529411,0.9176470588235294,0.1502848913027425,0.9333333333333333,1.0,0.55,0.6,0.5,1.0,0.9,1.1
simgp24,straddle_min,8,2,0.08313558327908417,0.8888888888888888,1.0,0.9411764705882353,24,0.9404761904761905,0.3333333333333333,0.8809523809523809,1.0,0.1396589489266139,0.9333333333333333,1.0,0.55,0.6,0.5,1.0,0.9,1.1
simgp24,straddle_min,9,2,0.10554841778723373,0.9230769230769231,1.0,0.9600000000000001,24,0.8674698795180723,0.3614457831325301,0.8554216867469879,0.927710843373494,0.20683944042205119,0.9333333333333333,0.9518072289156626,0.25,0.6,0.0,1.15,0.9,0.95
simgp24,straddle_min,10,2,0.09711560207471166,0.96,1.0,0.9795918367346939,24,0.8780487804878049,0.5609756097560976,0.8536585365853658,0.9390243902439024,0.17663853096334603,0.9333333333333333,0.9512195121951219,0.25,0.6,0.0,1.15,0.9,0.9
simgp24,straddle_min,11,2,0.09452908062938596,1.0,1.0,1.0,24,0.8395061728395061,0.3950617283950617,0.7283950617283951,0.9259259259259259,0.1815288294286807,0.9333333333333333,0.9382716049382716,0.25,0.6,0.0,1.15,0.9,0.9
simgp24,straddle_min,12,2,0.09626818861231679,1.0,1.0,1.0,24,0.825,0.4,0.675,0.9,0.18386456611020746,0.9333333333333333,0.9375,0.25,0.6,0.0,1.15,0.9,0.9
simgp24,straddle_min,13,2,0.10196534639667097,1.0,1.0,1.0,24,0.7341772151898734,0.34177215189873417,0.6835443037974683,0.8481012658227848,0.19233285462216784,0.9333333333333333,0.8860759493670886,0.25,0.6,0.0,1.15,0.9,0.9
simgp24,straddle_min,14,2,0.10298507093342048,1.0,1.0,1.0,24,0.7435897435897436,0.3333333333333333,0.6794871794871795,0.8461538461538461,0.19605245397791893,0.9333333333333333,0.9102564102564102,0.25,0.6,0.0,1.15,0.9,0.9
simgp24,straddle_min,15,2,0.06262231715544807,1.0,1.0,1.0,23,0.9090909090909091,0.5454545454545454,0.8701298701298701,0.974025974025974,0.07800374018016766,0.9333333333333333,0.987012987012987,0.25,0.6,0.0,1.15,0.9,0.9
simgp24,random,3,3,0.05505301816335279,0.8205128205128205,0.9696969696969697,0.8888888888888888,33,0.9775280898876404,0.6404494382022472,0.9775280898876404,1.0,0.11853556992713345,1.0,1.0,0.1,1.0,1.0,1.0,1.1,1.1
simgp24_g75,random,3,3,0.07512720247716957,0.8275862068965517,0.7272727272727273,0.7741935483870968,33,0.9213483146067416,0.7752808988764045,0.8764044943820225,0.9438202247191011,,,,,,,,,
simgp_timeblind,random,3,3,0.1775851155228524,1.0,0.36363636363636365,0.5333333333333333,33,0.5730337078651685,,,,0.14798897888851711,0.5789473684210527,0.7528089887640449,,,,,,
mean_of_samples,random,3,3,0.2390318363456263,1.0,0.0,0.0,33,0.0,,,,0.2916924088505135,0.0,0.0,,,,,,
simgp24,random,4,3,0.052057440210962286,0.8157894736842105,0.96875,0.8857142857142857,32,0.9772727272727273,0.48863636363636365,0.9545454545454546,1.0,0.12420728010352863,1.0,1.0,0.1,1.0,1.0,1.0,1.1,1.1
simgp24_g75,random,4,3,0.16795351180321194,0.8076923076923077,0.65625,0.7241379310344829,32,0.5909090909090909,0.36363636363636365,0.5,0.625,,,,,,,,,
simgp_timeblind,random,4,3,0.17932491787641763,1.0,0.34375,0.5116279069767442,32,0.4772727272727273,,,,0.1525217921297914,0.5555555555555556,0.5681818181818182,,,,,,
mean_of_samples,random,4,3,0.228713634752904,1.0,0.0,0.0,32,0.0,,,,0.31781443363798223,0.0,0.0,,,,,,
simgp24,random,5,3,0.05390247125975944,0.8157894736842105,1.0,0.898550724637681,31,0.9885057471264368,0.5172413793103449,0.9310344827586207,1.0,0.1427922003789054,1.0,0.9885057471264368,0.1,1.0,1.0,1.0,1.1,1.1
simgp24_g75,random,5,3,0.13125742731073073,0.9130434782608695,0.6774193548387096,0.7777777777777777,31,0.7126436781609196,0.45977011494252873,0.6091954022988506,0.7931034482758621,,,,,,,,,
simgp_timeblind,random,5,3,0.18072590231540192,1.0,0.3548387096774194,0.5238095238095238,31,0.39080459770114945,,,,0.15119167996534635,0.5555555555555556,0.5632183908045977,,,,,,
mean_of_samples,random,5,3,0.2500698514799874,1.0,0.0,0.0,31,0.0,,,,0.27774164751930136,0.0,0.0,,,,,,
simgp24,random,6,3,0.06398744278111307,0.8108108108108109,1.0,0.8955223880597014,30,0.9534883720930233,0.4069767441860465,0.8837209302325582,0.9767441860465116,0.13530736396983192,1.0,0.9534883720930233,0.1,1.0,1.0,1.0,1.1,1.1
simgp24_g75,random,6,3,0.13483478766969137,0.9545454545454546,0.7,0.8076923076923077,30,0.6162790697674418,0.4418604651162791,0.5348837209302325,0.7441860465116279,,,,,,,,,
simgp_timeblind,random,6,3,0.1887326080838347,1.0,0.3333333333333333,0.5,30,0.4069767441860465,,,,0.14912106256176264,0.5555555555555556,0.5697674418604651,,,,,,
mean_of_samples,random,6,3,0.2501933049375891,1.0,0.0,0.0,30,0.0,,,,0.2778975198759696,0.0,0.0,,,,,,
simgp24,random,7,3,0.06418928186995077,0.8055555555555556,0.9666666666666667,0.8787878787878789,30,0.8588235294117647,0.5176470588235295,0.8235294117647058,0.9529411764705882,0.15118355622516322,1.0,0.8,0.1,1.0,1.0,1.0,1.1,1.05
simgp24_g75,random,7,3,0.13786564381391506,0.9166666666666666,0.7333333333333333,0.8148148148148148,30,0.6588235294117647,0.4235294117647059,0.5764705882352941,0.7411764705882353,,,,,,,,,
simgp_timeblind,random,7,3,0.15302850183395522,1.0,0.36666666666666664,0.5365853658536585,30,0.4588235294117647,,,,0.15908891664550143,0.5555555555555556,0.5058823529411764,,,,,,
mean_of_samples,random,7,3,0.2556125727926855,1.0,0.0,0.0,30,0.0,,,,0.27617258818348994,0.0,0.0,,,,,,
simgp24,random,8,3,0.06414431892474155,0.8055555555555556,0.9666666666666667,0.8787878787878789,30,0.8571428571428571,0.5,0.8095238095238095,0.9523809523809523,0.151258044696797,1.0,0.7976190476190477,0.1,1.0,1.0,1.0,1.1,1.05
simgp24_g75,random,8,3,0.10111459149773808,0.9565217391304348,0.7333333333333333,0.8301886792452831,30,0.7857142857142857,0.5595238095238095,0.7738095238095238,0.8452380952380952,,,,,,,,,
simgp_timeblind,random,8,3,0.15405197197961734,1.0,0.36666666666666664,0.5365853658536585,30,0.4523809523809524,,,,0.15827806459610128,0.5555555555555556,0.5238095238095238,,,,,,
mean_of_samples,random,8,3,0.29977965678274365,1.0,0.0,0.0,30,0.0,,,,0.2642653924035981,0.0,0.0,,,,,,
simgp24,random,9,3,0.05569625555489932,0.8055555555555556,1.0,0.8923076923076924,29,0.9518072289156626,0.4819277108433735,0.8433734939759037,1.0,0.15234943319705516,1.0,0.9156626506024096,0.1,1.0,1.0,1.0,1.1,1.0
simgp24_g75,random,9,3,0.07719936748860629,0.88,0.7586206896551724,0.8148148148148148,29,0.9156626506024096,0.5662650602409639,0.8192771084337349,0.927710843373494,,,,,,,,,
simgp_timeblind,random,9,3,0.16379845033502669,1.0,0.5172413793103449,0.6818181818181819,29,0.5301204819277109,,,,0.1563200420200594,0.7647058823529411,0.5421686746987951,,,,,,
mean_of_samples,random,9,3,0.26960359296669173,1.0,0.0,0.0,29,0.0,,,,0.26096163270455497,0.0,0.0,,,,,,
simgp24,random,10,3,0.05325861700710856,0.8235294117647058,0.9655172413793104,0.888888888888889,29,0.9512195121951219,0.5365853658536586,0.8902439024390244,0.9878048780487805,0.1402572814753142,1.0,0.9512195121951219,0.1,1.0,1.0,1.0,1.1,1.0
simgp24_g75,random,10,3,0.114651238385395,0.6875,0.7586206896551724,0.7213114754098361,29,0.4634146341463415,0.13414634146341464,0.2926829268292683,0.6951219512195121,,,,,,,,,
simgp_timeblind,random,10,3,0.17819609461067157,1.0,0.41379310344827586,0.5853658536585366,29,0.4634146341463415,,,,0.14923347406262102,0.6470588235294118,0.5487804878048781,,,,,,
mean_of_samples,random,10,3,0.2717982755762367,1.0,0.0,0.0,29,0.0,,,,0.26212863647450946,0.0,0.0,,,,,,
simgp24,random,11,3,0.05390875489758331,0.8235294117647058,0.9655172413793104,0.888888888888889,29,0.9506172839506173,0.5185185185185185,0.8765432098765432,0.9876543209876543,0.13917338162746534,1.0,0.9506172839506173,0.1,1.0,1.0,1.0,1.1,1.0
simgp24_g75,random,11,3,0.1152618709093427,0.65625,0.7241379310344828,0.6885245901639345,29,0.4567901234567901,0.09876543209876543,0.30864197530864196,0.6666666666666666,,,,,,,,,
simgp_timeblind,random,11,3,0.1921930061603693,1.0,0.41379310344827586,0.5853658536585366,29,0.4074074074074074,,,,0.1397111502231969,0.6470588235294118,0.7654320987654321,,,,,,
mean_of_samples,random,11,3,0.2784207195332525,1.0,0.0,0.0,29,0.0,,,,0.2631843006457012,0.0,0.0,,,,,,
simgp24,random,12,3,0.05966564750088398,0.8181818181818182,0.9642857142857143,0.8852459016393442,28,0.9375,0.55,0.85,0.95,0.13160046845784992,1.0,1.0,0.1,1.0,1.0,1.0,1.1,1.05
simgp24_g75,random,12,3,0.12075197570049488,0.6451612903225806,0.7142857142857143,0.6779661016949152,28,0.6125,0.15,0.4375,0.725,,,,,,,,,
simgp_timeblind,random,12,3,0.21344882294442602,1.0,0.42857142857142855,0.6,28,0.325,,,,0.13827861723176146,0.6875,0.7875,,,,,,
mean_of_samples,random,12,3,0.27197458526609947,1.0,0.0,0.0,28,0.0,,,,0.260537502461112,0.0,0.0,,,,,,
simgp24,random,13,3,0.05887200812876161,0.8181818181818182,0.9642857142857143,0.8852459016393442,28,0.9240506329113924,0.4810126582278481,0.8481012658227848,0.9620253164556962,0.1361793433270562,1.0,0.9240506329113924,0.1,1.0,1.0,1.0,1.1,1.05
simgp24_g75,random,13,3,0.12425671813286206,0.7096774193548387,0.7857142857142857,0.7457627118644068,28,0.43037974683544306,0.1518987341772152,0.26582278481012656,0.5822784810126582,,,,,,,,,
simgp_timeblind,random,13,3,0.20632006063467956,1.0,0.5357142857142857,0.6976744186046512,28,0.3670886075949367,,,,0.13467021723704006,0.875,0.7848101265822784,,,,,,
mean_of_samples,random,13,3,0.26039833897090353,1.0,0.0,0.0,28,0.0,,,,0.2627824773172851,0.0,0.0,,,,,,
simgp24,random,14,3,0.06027755615281376,0.8125,0.9629629629629629,0.8813559322033898,27,0.9102564102564102,0.4230769230769231,0.8589743589743589,0.9487179487179487,0.13744099358130035,1.0,0.8846153846153846,0.1,1.0,1.0,1.0,1.1,1.05
simgp24_g75,random,14,3,0.11228774238551725,0.6785714285714286,0.7037037037037037,0.6909090909090909,27,0.5256410256410257,0.14102564102564102,0.32051282051282054,0.7564102564102564,,,,,,,,,
simgp_timeblind,random,14,3,0.20015339405149465,1.0,0.5555555555555556,0.7142857142857143,27,0.3974358974358974,,,,0.13074784733508032,0.875,0.7948717948717948,,,,,,
mean_of_samples,random,14,3,0.25892566254142874,1.0,0.0,0.0,27,0.0,,,,0.2627267435128054,0.0,0.0,,,,,,
simgp24,random,15,3,0.06485620519429705,0.8125,0.9629629629629629,0.8813559322033898,27,0.8441558441558441,0.5064935064935064,0.7142857142857143,0.9090909090909091,0.1392352090380288,1.0,0.922077922077922,0.1,1.0,1.0,1.0,1.1,1.0
simgp24_g75,random,15,3,0.10696457719766271,0.6785714285714286,0.7037037037037037,0.6909090909090909,27,0.44155844155844154,0.12987012987012986,0.2727272727272727,0.5714285714285714,,,,,,,,,
simgp_timeblind,random,15,3,0.19478739541985268,1.0,0.5555555555555556,0.7142857142857143,27,0.4155844155844156,,,,0.131213736586832,0.875,0.7662337662337663,,,,,,
mean_of_samples,random,15,3,0.2585474662290007,1.0,0.0,0.0,27,0.0,,,,0.2630022129331003,0.0,0.0,,,,,,
simgp24,uncertainty,3,3,0.05505301816335279,0.8205128205128205,0.9696969696969697,0.8888888888888888,33,0.9775280898876404,0.6404494382022472,0.9775280898876404,1.0,0.11853556992713345,1.0,1.0,0.1,1.0,1.0,1.0,1.1,1.1
simgp24,uncertainty,4,3,0.054943882849727614,0.8157894736842105,0.96875,0.8857142857142857,32,0.9886363636363636,0.5795454545454546,0.9431818181818182,1.0,0.1577955932824407,1.0,0.9772727272727273,0.4,1.0,1.0,1.0,1.1,1.1
simgp24,uncertainty,5,3,0.054281077338511584,0.8108108108108109,0.967741935483871,0.8823529411764706,31,0.9540229885057471,0.5862068965517241,0.8505747126436781,1.0,0.16670242298261995,1.0,0.9310344827586207,0.25,0.6,1.0,0.85,0.9,0.9
simgp24,uncertainty,6,3,0.07089586146441998,0.75,1.0,0.8571428571428571,30,0.8372093023255814,0.3953488372093023,0.6627906976744186,0.9418604651162791,0.2030449772289966,1.0,0.8372093023255814,0.55,1.0,1.0,1.0,1.1,1.1
simgp24,uncertainty,7,3,0.0567269284974097,0.7777777777777778,0.9655172413793104,0.8615384615384615,29,0.9176470588235294,0.5529411764705883,0.8823529411764706,0.9882352941176471,0.1802444980089889,1.0,0.9294117647058824,0.4,1.0,1.0,1.0,1.1,1.1
simgp24,uncertainty,8,3,0.08626694723798435,0.7777777777777778,1.0,0.8750000000000001,28,0.9761904761904762,0.4523809523809524,0.8690476190476191,1.0,0.1730635006418707,1.0,0.9285714285714286,0.4,1.0,1.0,1.0,1.1,1.1
simgp24,uncertainty,9,3,0.0803899448880574,0.7878787878787878,0.9629629629629629,0.8666666666666665,27,0.9759036144578314,0.5180722891566265,0.8674698795180723,1.0,0.16625165051659382,1.0,0.9397590361445783,0.7,0.6,1.0,1.0,1.1,1.05
simgp24,uncertainty,10,3,0.06718186147530113,0.78125,0.9615384615384616,0.8620689655172413,26,0.975609756097561,0.6219512195121951,0.926829268292683,1.0,0.15988451124718003,1.0,0.926829268292683,0.55,0.6,1.0,1.0,1.1,0.95
simgp24,uncertainty,11,3,0.06690027471343649,0.7741935483870968,0.96,0.8571428571428571,25,0.9506172839506173,0.5925925925925926,0.8395061728395061,0.9753086419753086,0.15709666361666894,1.0,0.9135802469135802,0.7,0.6,1.0,1.0,1.1,1.05
simgp24,uncertainty,12,3,0.272494902897579,0.7666666666666667,0.9583333333333334,0.8518518518518519,24,0.8875,0.675,0.85,0.925,0.3351201141999133,1.0,0.9,0.55,0.6,1.0,1.0,1.1,0.95
simgp24,uncertainty,13,3,0.268399960083495,0.7333333333333333,0.9565217391304348,0.8301886792452831,23,0.8987341772151899,0.7088607594936709,0.8481012658227848,0.9367088607594937,0.34635970875177047,1.0,0.9240506329113924,0.4,1.0,1.0,1.0,1.1,1.1
simgp24,uncertainty,14,3,0.05145184812814643,0.75,0.9545454545454546,0.84,22,1.0,0.7692307692307693,0.9743589743589743,1.0,0.1332099498645193,1.0,1.0,0.4,1.0,1.0,1.0,1.1,1.1
simgp24,uncertainty,15,3,0.2673033245328893,0.7142857142857143,0.9523809523809523,0.8163265306122449,21,0.8831168831168831,0.7402597402597403,0.8441558441558441,0.935064935064935,0.29630011873908196,1.0,0.961038961038961,0.4,1.0,1.0,1.0,1.1,1.1
simgp24,straddle,3,3,0.05505301816335279,0.8205128205128205,0.9696969696969697,0.8888888888888888,33,0.9775280898876404,0.6404494382022472,0.9775280898876404,1.0,0.11853556992713345,1.0,1.0,0.1,1.0,1.0,1.0,1.1,1.1
simgp24,straddle,4,3,0.04300065716315364,0.9117647058823529,0.96875,0.9393939393939394,32,1.0,0.875,0.9772727272727273,1.0,0.11682739771410006,1.0,0.9772727272727273,0.1,1.0,1.0,1.15,0.9,1.1
simgp24,straddle,5,3,0.044620869763488516,0.9090909090909091,0.967741935483871,0.9374999999999999,31,1.0,0.8275862068965517,0.9770114942528736,1.0,0.11519204171594088,1.0,0.9770114942528736,0.1,1.0,0.0,1.15,0.9,1.1
simgp24,straddle,6,3,0.10249044630936813,0.6976744186046512,1.0,0.8219178082191781,30,0.8023255813953488,0.3953488372093023,0.6744186046511628,0.9302325581395349,0.22787229978931467,1.0,0.7674418604651163,0.7,0.6,0.5,0.85,0.9,0.9
simgp24,straddle,7,3,0.0647146867536842,0.75,1.0,0.8571428571428571,30,0.9647058823529412,0.5411764705882353,0.8941176470588236,1.0,0.1661299106947128,1.0,0.9529411764705882,0.7,1.0,0.5,1.0,1.1,1.1
simgp24,straddle,8,3,0.07072830702426308,0.7567567567567568,0.9655172413793104,0.8484848484848485,29,0.9404761904761905,0.5357142857142857,0.9047619047619048,0.9761904761904762,0.15115207524365207,1.0,0.9047619047619048,0.7,1.0,0.0,1.0,1.1,1.1
simgp24,straddle,9,3,0.10505780444130812,0.717948717948718,1.0,0.835820895522388,28,0.8554216867469879,0.37349397590361444,0.7590361445783133,0.891566265060241,0.18977703985395564,1.0,0.7951807228915663,0.7,1.0,0.5,1.0,1.1,1.1
simgp24,straddle,10,3,0.10639388040244827,0.717948717948718,1.0,0.835820895522388,28,0.8414634146341463,0.35365853658536583,0.7317073170731707,0.8780487804878049,0.1927489482343314,1.0,0.7926829268292683,0.7,1.0,1.0,1.0,1.1,1.1
simgp24,straddle,11,3,0.10136067817764816,0.7297297297297297,1.0,0.8437499999999999,27,0.8395061728395061,0.4444444444444444,0.7530864197530864,0.8888888888888888,0.18567025475835608,1.0,0.7777777777777778,0.7,1.0,0.5,1.0,1.1,1.1
simgp24,straddle,12,3,0.10169140318956281,0.7222222222222222,1.0,0.8387096774193548,26,0.8375,0.3875,0.7375,0.8625,0.187241652454211,1.0,0.775,0.55,1.0,0.0,1.0,1.1,1.1
simgp24,straddle,13,3,0.0911253157902375,0.7352941176470589,1.0,0.8474576271186441,25,0.9620253164556962,0.35443037974683544,0.8987341772151899,0.9873417721518988,0.17069101970514,1.0,0.9113924050632911,0.7,0.6,1.0,1.0,1.1,0.9
simgp24,straddle,14,3,0.09905895105080881,0.7058823529411765,1.0,0.8275862068965517,24,0.782051282051282,0.4230769230769231,0.7051282051282052,0.8589743589743589,0.184021751378653,1.0,0.7564102564102564,0.55,1.0,0.5,1.0,1.1,1.1
simgp24,straddle,15,3,0.08714589413488077,0.7666666666666667,1.0,0.8679245283018869,23,0.948051948051948,0.36363636363636365,0.7922077922077922,0.974025974025974,0.1714940532102523,1.0,0.8311688311688312,0.55,1.0,0.5,1.0,1.1,1.1
simgp24,straddle_min,3,3,0.05505301816335279,0.8205128205128205,0.9696969696969697,0.8888888888888888,33,0.9775280898876404,0.6404494382022472,0.9775280898876404,1.0,0.11853556992713345,1.0,1.0,0.1,1.0,1.0,1.0,1.1,1.1
simgp24,straddle_min,4,3,0.05251477145082785,0.8611111111111112,0.96875,0.911764705882353,32,0.9772727272727273,0.6818181818181818,0.9318181818181818,1.0,0.1382633721448101,1.0,0.9886363636363636,0.1,1.0,1.0,1.0,1.1,1.05
simgp24,straddle_min,5,3,0.052879472198084115,0.8108108108108109,0.967741935483871,0.8823529411764706,31,0.9770114942528736,0.4827586206896552,0.9425287356321839,1.0,0.14197082015239273,1.0,1.0,0.1,1.0,0.5,1.0,1.1,1.1
simgp24,straddle_min,6,3,0.05826681014281399,0.90625,0.9666666666666667,0.9354838709677419,30,0.9651162790697675,0.6744186046511628,0.9069767441860465,0.9767441860465116,0.10572662527954897,1.0,0.9767441860465116,0.1,1.0,1.0,1.0,1.1,1.1
simgp24,straddle_min,7,3,0.05378610206565952,0.8787878787878788,0.9666666666666667,0.9206349206349207,30,0.9647058823529412,0.6352941176470588,0.8705882352941177,0.9882352941176471,0.10915214999018681,1.0,0.9647058823529412,0.1,1.0,1.0,1.0,1.1,1.1
simgp24,straddle_min,8,3,0.05841315669923623,0.875,0.9655172413793104,0.9180327868852458,29,0.9523809523809523,0.5833333333333334,0.8452380952380952,0.9761904761904762,0.11683721358456531,1.0,1.0,0.55,0.6,1.0,1.0,1.1,0.9
simgp24,straddle_min,9,3,0.07190939233526042,0.8484848484848485,0.9655172413793104,0.9032258064516129,29,0.9518072289156626,0.3493975903614458,0.7469879518072289,0.9759036144578314,0.12273631466691598,1.0,1.0,0.55,0.6,1.0,1.0,1.1,0.9
simgp24,straddle_min,10,3,0.11115310865291085,0.7567567567567568,1.0,0.8615384615384616,28,0.6585365853658537,0.2073170731707317,0.4146341463414634,0.8780487804878049,0.18654394538931565,1.0,0.9512195121951219,0.4,0.6,1.0,0.85,1.1,0.95
simgp24,straddle_min,11,3,0.10686050977493805,0.7777777777777778,1.0,0.8750000000000001,28,0.49382716049382713,0.1728395061728395,0.35802469135802467,0.7160493827160493,0.11139626944852483,1.0,1.0,0.4,0.6,1.0,0.85,1.1,0.95
simgp24,straddle_min,12,3,0.10270286093734568,0.7368421052631579,1.0,0.8484848484848484,28,0.4625,0.1375,0.3875,0.65,0.137774291421713,1.0,1.0,0.4,0.6,1.0,0.85,1.1,0.9
simgp24,straddle_min,13,3,0.08720043282006783,0.7368421052631579,1.0,0.8484848484848484,28,0.620253164556962,0.25316455696202533,0.4810126582278481,0.7341772151898734,0.1371574885472162,1.0,0.9746835443037974,0.4,0.6,1.0,0.85,1.1,0.9
simgp24,straddle_min,14,3,0.09358322536687429,0.7368421052631579,1.0,0.8484848484848484,28,0.5256410256410257,0.23076923076923078,0.4358974358974359,0.7051282051282052,0.14526358195430572,1.0,0.8846153846153846,0.4,0.6,1.0,0.85,1.1,0.9
simgp24,straddle_min,15,3,0.08916783775837342,0.7567567567567568,1.0,0.8615384615384616,28,0.6103896103896104,0.22077922077922077,0.44155844155844154,0.7532467532467533,0.14986718238797925,1.0,0.8961038961038961,0.4,0.6,1.0,0.85,1.1,0.9
simgp24,random,3,4,0.14343003759048376,0.84375,1.0,0.9152542372881356,27,0.7640449438202247,0.43820224719101125,0.6966292134831461,0.8651685393258427,0.1339453620425233,0.6842105263157895,0.9550561797752809,0.25,0.6,1.0,1.15,0.9,0.9
simgp24_g75,random,3,4,0.16626110644688127,0.8709677419354839,1.0,0.9310344827586207,27,0.5842696629213483,0.19101123595505617,0.5280898876404494,0.6179775280898876,,,,,,,,,
simgp_timeblind,random,3,4,0.18489521373621778,1.0,0.4444444444444444,0.6153846153846153,27,0.6404494382022472,,,,0.20496099250388597,0.47368421052631576,0.898876404494382,,,,,,
mean_of_samples,random,3,4,0.3162895611340703,1.0,0.0,0.0,27,0.0,,,,0.33255136854017114,0.0,0.0,,,,,,
simgp24,random,4,4,0.17019180803282585,0.7647058823529411,1.0,0.8666666666666666,26,0.7045454545454546,0.14772727272727273,0.5681818181818182,0.7386363636363636,0.17113575860284008,0.9444444444444444,0.9545454545454546,0.1,0.6,1.0,0.85,1.1,0.95
simgp24_g75,random,4,4,0.17955365677994237,0.8387096774193549,1.0,0.9122807017543859,26,0.38636363636363635,0.09090909090909091,0.20454545454545456,0.4659090909090909,,,,,,,,,
simgp_timeblind,random,4,4,0.17615669491751854,1.0,0.5769230769230769,0.7317073170731707,26,0.6136363636363636,,,,0.21116419731602726,0.6666666666666666,0.7727272727272727,,,,,,
mean_of_samples,random,4,4,0.3063393815719643,1.0,0.0,0.0,26,0.0,,,,0.3534055421035919,0.0,0.0,,,,,,
simgp24,random,5,4,0.1964631054216783,0.7142857142857143,1.0,0.8333333333333333,25,0.5632183908045977,0.12643678160919541,0.3793103448275862,0.6781609195402298,0.16978868423152396,1.0,0.9425287356321839,0.7,0.6,1.0,1.15,1.0,0.9
simgp24_g75,random,5,4,0.2101557146458703,0.8333333333333334,1.0,0.9090909090909091,25,0.6206896551724138,0.39080459770114945,0.5862068965517241,0.7011494252873564,,,,,,,,,
simgp_timeblind,random,5,4,0.18341427865730542,0.8421052631578947,0.64,0.7272727272727272,25,0.6206896551724138,,,,0.22658429563950339,0.6666666666666666,0.6436781609195402,,,,,,
mean_of_samples,random,5,4,0.31087656707356914,1.0,0.0,0.0,25,0.0,,,,0.3851693415796252,0.0,0.0,,,,,,
simgp24,random,6,4,0.1602333235551106,0.78125,1.0,0.8771929824561403,25,0.6511627906976745,0.2558139534883721,0.5581395348837209,0.7441860465116279,0.18081265263865032,1.0,0.9302325581395349,0.7,0.6,1.0,1.15,1.0,0.9
simgp24_g75,random,6,4,0.13552942087962694,0.8064516129032258,1.0,0.8928571428571428,25,0.6976744186046512,0.27906976744186046,0.5116279069767442,0.7790697674418605,,,,,,,,,
simgp_timeblind,random,6,4,0.1783143186840742,0.8947368421052632,0.68,0.7727272727272727,25,0.6046511627906976,,,,0.22722895785878391,0.6666666666666666,0.6162790697674418,,,,,,
mean_of_samples,random,6,4,0.3150323255997779,1.0,0.0,0.0,25,0.0,,,,0.39387829135600444,0.0,0.0,,,,,,
simgp24,random,7,4,0.16518446117135044,0.8064516129032258,1.0,0.8928571428571428,25,0.6235294117647059,0.2235294117647059,0.5176470588235295,0.7529411764705882,0.17414463004996633,1.0,0.9411764705882353,0.7,0.6,1.0,1.15,1.0,0.9
simgp24_g75,random,7,4,0.12325787572789852,0.8928571428571429,1.0,0.9433962264150945,25,0.8,0.5764705882352941,0.7411764705882353,0.8235294117647058,,,,,,,,,
simgp_timeblind,random,7,4,0.18431494156119546,0.8888888888888888,0.64,0.7441860465116279,25,0.5176470588235295,,,,0.22097553267752554,0.6111111111111112,0.5411764705882353,,,,,,
mean_of_samples,random,7,4,0.31621083241592,1.0,0.0,0.0,25,0.0,,,,0.39496935643212366,0.0,0.0,,,,,,
simgp24,random,8,4,0.1921214888841788,0.7741935483870968,1.0,0.8727272727272727,24,0.5952380952380952,0.17857142857142858,0.4523809523809524,0.6190476190476191,0.22887263266552424,1.0,0.6190476190476191,0.7,0.6,1.0,1.15,1.0,0.9
simgp24_g75,random,8,4,0.13103366137206615,0.8275862068965517,1.0,0.9056603773584906,24,0.8095238095238095,0.5833333333333334,0.7619047619047619,0.8333333333333334,,,,,,,,,
simgp_timeblind,random,8,4,0.18962309730129615,0.9333333333333333,0.5833333333333334,0.7179487179487181,24,0.6190476190476191,,,,0.2203363704446545,0.6666666666666666,0.6428571428571429,,,,,,
mean_of_samples,random,8,4,0.31808837688566155,1.0,0.0,0.0,24,0.0,,,,0.4018910270008735,0.0,0.0,,,,,,
simgp24,random,9,4,0.19027120635767447,0.7741935483870968,1.0,0.8727272727272727,24,0.5662650602409639,0.1686746987951807,0.4457831325301205,0.6385542168674698,0.22748536715284137,1.0,0.6385542168674698,0.7,0.6,1.0,1.15,1.0,0.9
simgp24_g75,random,9,4,0.11264668590438418,0.8571428571428571,1.0,0.923076923076923,24,0.7710843373493976,0.5301204819277109,0.7228915662650602,0.7831325301204819,,,,,,,,,
simgp_timeblind,random,9,4,0.18940256399765557,0.9230769230769231,0.5,0.6486486486486487,24,0.5301204819277109,,,,0.2172681280382147,0.6111111111111112,0.5060240963855421,,,,,,
mean_of_samples,random,9,4,0.3205580824859408,1.0,0.0,0.0,24,0.0,,,,0.4055494659112399,0.0,0.0,,,,,,
simgp24,random,10,4,0.11821219123453347,0.8,1.0,0.888888888888889,24,0.8780487804878049,0.5121951219512195,0.7926829268292683,0.9024390243902439,0.14017778760413727,0.9444444444444444,0.9512195121951219,0.7,0.6,1.0,1.15,1.0,0.9
simgp24_g75,random,10,4,0.115877587860694,0.8571428571428571,1.0,0.923076923076923,24,0.7682926829268293,0.5365853658536586,0.7195121951219512,0.7804878048780488,,,,,,,,,
simgp_timeblind,random,10,4,0.19325270220812907,0.9230769230769231,0.5,0.6486486486486487,24,0.5365853658536586,,,,0.21696573812637118,0.6111111111111112,0.5365853658536586,,,,,,
mean_of_samples,random,10,4,0.30963901103283537,1.0,0.0,0.0,24,0.0,,,,0.3773468522416221,0.0,0.0,,,,,,
simgp24,random,11,4,0.1352902782232577,0.8,1.0,0.888888888888889,24,0.7901234567901234,0.2962962962962963,0.7283950617283951,0.8888888888888888,0.18581173496721912,1.0,0.8641975308641975,0.7,0.6,1.0,1.15,1.0,0.9
simgp24_g75,random,11,4,0.13939436398814695,0.8888888888888888,1.0,0.9411764705882353,24,0.7901234567901234,0.24691358024691357,0.6172839506172839,0.8024691358024691,,,,,,,,,
simgp_timeblind,random,11,4,0.19451070457075223,0.9230769230769231,0.5,0.6486486486486487,24,0.5308641975308642,,,,0.21822740944196778,0.6111111111111112,0.5185185185185185,,,,,,
mean_of_samples,random,11,4,0.31080521927295823,1.0,0.0,0.0,24,0.0,,,,0.37613293345900906,0.0,0.0,,,,,,
simgp24,random,12,4,0.14852772398890365,0.8,1.0,0.888888888888889,24,0.775,0.2625,0.65,0.85,0.19189955234895706,1.0,0.875,0.7,0.6,1.0,1.15,1.0,0.9
simgp24_g75,random,12,4,0.12238823591694928,0.8571428571428571,1.0,0.923076923076923,24,0.75,0.3625,0.7125,0.825,,,,,,,,,
simgp_timeblind,random,12,4,0.19442811345949157,0.9230769230769231,0.5,0.6486486486486487,24,0.525,,,,0.22009990071772723,0.6111111111111112,0.525,,,,,,
mean_of_samples,random,12,4,0.3130285372109804,1.0,0.0,0.0,24,0.0,,,,0.3802469330812051,0.0,0.0,,,,,,
simgp24,random,13,4,0.14460858915762442,0.7931034482758621,1.0,0.8846153846153846,23,0.810126582278481,0.4810126582278481,0.6835443037974683,0.8481012658227848,0.15544991904211994,0.9444444444444444,0.9113924050632911,0.7,0.6,1.0,1.0,0.9,1.1
simgp24_g75,random,13,4,0.12371747480881748,0.92,1.0,0.9583333333333334,23,0.7974683544303798,0.569620253164557,0.7088607594936709,0.8227848101265823,,,,,,,,,
simgp_timeblind,random,13,4,0.15391847352157326,0.8666666666666667,0.5652173913043478,0.6842105263157895,23,0.7721518987341772,,,,0.21920281363245564,0.6666666666666666,0.8607594936708861,,,,,,
mean_of_samples,random,13,4,0.31708728208779896,1.0,0.0,0.0,23,0.0,,,,0.39727304158574095,0.0,0.0,,,,,,
simgp24,random,14,4,0.14299617113817986,0.7931034482758621,1.0,0.8846153846153846,23,0.8076923076923077,0.4358974358974359,0.7051282051282052,0.8717948717948718,0.1618620152460262,0.9444444444444444,0.9102564102564102,0.7,0.6,1.0,1.0,0.9,1.1
simgp24_g75,random,14,4,0.1690817493271931,0.7931034482758621,1.0,0.8846153846153846,23,0.8717948717948718,0.3717948717948718,0.717948717948718,0.9358974358974359,,,,,,,,,
simgp_timeblind,random,14,4,0.15750043960228433,0.8571428571428571,0.5217391304347826,0.6486486486486486,23,0.7564102564102564,,,,0.2207454952205838,0.6111111111111112,0.8589743589743589,,,,,,
mean_of_samples,random,14,4,0.31480402639974026,1.0,0.0,0.0,23,0.0,,,,0.3853984799524134,0.0,0.0,,,,,,
simgp24,random,15,4,0.13503164334152637,0.7857142857142857,1.0,0.88,22,0.7922077922077922,0.4935064935064935,0.7532467532467533,0.8571428571428571,0.1536560752915244,0.9411764705882353,0.922077922077922,0.7,0.6,1.0,1.0,0.9,1.1
simgp24_g75,random,15,4,0.167457791217218,0.7857142857142857,1.0,0.88,22,0.8181818181818182,0.36363636363636365,0.7142857142857143,0.9090909090909091,,,,,,,,,
simgp_timeblind,random,15,4,0.15465863314946385,0.8571428571428571,0.5454545454545454,0.6666666666666665,22,0.7402597402597403,,,,0.22453565887827445,0.6470588235294118,0.8181818181818182,,,,,,
mean_of_samples,random,15,4,0.3183176956372411,1.0,0.0,0.0,22,0.0,,,,0.39729370907855205,0.0,0.0,,,,,,
simgp24,uncertainty,3,4,0.14343003759048376,0.84375,1.0,0.9152542372881356,27,0.7640449438202247,0.43820224719101125,0.6966292134831461,0.8651685393258427,0.1339453620425233,0.6842105263157895,0.9550561797752809,0.25,0.6,1.0,1.15,0.9,0.9
simgp24,uncertainty,4,4,0.1352600521144589,0.8387096774193549,1.0,0.9122807017543859,26,0.875,0.4772727272727273,0.6704545454545454,0.9090909090909091,0.14696982923339835,0.7222222222222222,0.9659090909090909,0.1,0.6,1.0,1.0,0.9,1.1
simgp24,uncertainty,5,4,0.1378933021762876,0.9565217391304348,0.8461538461538461,0.8979591836734695,26,0.6896551724137931,0.3218390804597701,0.5862068965517241,0.7816091954022989,0.13615961363981194,0.1111111111111111,0.9540229885057471,0.1,0.6,1.0,1.0,0.9,1.1
simgp24,uncertainty,6,4,0.13030911328582734,1.0,1.0,1.0,26,0.7790697674418605,0.4418604651162791,0.6627906976744186,0.9069767441860465,0.1707165807073714,0.3888888888888889,0.9534883720930233,0.1,0.6,1.0,1.0,0.9,1.1
simgp24,uncertainty,7,4,0.11320650657009239,1.0,1.0,1.0,25,0.8,0.4235294117647059,0.6705882352941176,0.9058823529411765,0.11403233937998768,0.47058823529411764,0.9647058823529412,0.1,0.6,1.0,1.0,0.9,1.1
simgp24,uncertainty,8,4,0.12192563331737344,0.96,1.0,0.9795918367346939,24,0.7619047619047619,0.44047619047619047,0.6547619047619048,0.8809523809523809,0.1093754972891844,0.6875,0.9642857142857143,0.1,0.6,1.0,1.0,0.9,1.05
simgp24,uncertainty,9,4,0.20693987813166126,0.8214285714285714,1.0,0.9019607843137255,23,0.7831325301204819,0.1566265060240964,0.6746987951807228,0.8192771084337349,0.11765971286610934,0.875,0.963855421686747,0.1,0.6,1.0,1.0,0.9,0.95
simgp24,uncertainty,10,4,0.21783207100964533,0.7777777777777778,0.9545454545454546,0.8571428571428572,22,0.9024390243902439,0.47560975609756095,0.8170731707317073,0.9146341463414634,0.14562539670620608,0.6666666666666666,0.9634146341463414,0.1,0.6,1.0,1.0,0.9,0.95
simgp24,uncertainty,11,4,0.22997023207941092,0.6896551724137931,0.9523809523809523,0.7999999999999999,21,0.8888888888888888,0.48148148148148145,0.8271604938271605,0.9135802469135802,0.15544184045976053,0.6666666666666666,0.9629629629629629,0.25,0.6,1.0,1.0,0.9,1.0
simgp24,uncertainty,12,4,0.24886499405695023,0.6551724137931034,0.95,0.7755102040816326,20,0.8875,0.45,0.8125,0.8875,0.16269149904452104,0.4666666666666667,0.95,0.4,0.6,0.0,1.0,0.9,1.1
simgp24,uncertainty,13,4,0.14703155100994497,0.8260869565217391,1.0,0.9047619047619047,19,0.9493670886075949,0.759493670886076,0.9240506329113924,0.9493670886075949,0.10202686330050749,0.4666666666666667,0.9746835443037974,0.55,0.6,0.5,1.0,0.9,1.1
simgp24,uncertainty,14,4,0.3122438348613245,0.5454545454545454,1.0,0.7058823529411764,18,0.9230769230769231,0.11538461538461539,0.6538461538461539,0.9487179487179487,0.08506337536219678,0.42857142857142855,0.9743589743589743,0.55,0.6,0.5,1.0,0.9,1.1
simgp24,uncertainty,15,4,0.31233881432629085,0.5483870967741935,1.0,0.7083333333333333,17,0.948051948051948,0.1038961038961039,0.6363636363636364,0.948051948051948,0.0837038584734472,0.42857142857142855,0.974025974025974,0.4,0.6,0.0,1.0,0.9,1.1
simgp24,straddle,3,4,0.14343003759048376,0.84375,1.0,0.9152542372881356,27,0.7640449438202247,0.43820224719101125,0.6966292134831461,0.8651685393258427,0.1339453620425233,0.6842105263157895,0.9550561797752809,0.25,0.6,1.0,1.15,0.9,0.9
simgp24,straddle,4,4,0.14298641007303145,0.896551724137931,1.0,0.9454545454545454,26,0.7386363636363636,0.4772727272727273,0.7045454545454546,0.7727272727272727,0.15100846920930672,0.6842105263157895,0.9545454545454546,0.1,0.6,1.0,0.85,1.1,0.95
simgp24,straddle,5,4,0.10823873488361141,0.8064516129032258,1.0,0.8928571428571428,25,0.9195402298850575,0.5977011494252874,0.8620689655172413,0.9425287356321839,0.14955782156447456,0.9444444444444444,0.9655172413793104,0.1,1.0,0.5,1.15,1.1,1.1
simgp24,straddle,6,4,0.10672758187765294,0.9583333333333334,0.92,0.9387755102040817,25,0.8488372093023255,0.5232558139534884,0.6976744186046512,0.8953488372093024,0.15370687558720714,0.3888888888888889,0.9651162790697675,0.1,0.6,1.0,1.15,1.0,0.95
simgp24,straddle,7,4,0.11979332291332408,0.96,1.0,0.9795918367346939,24,0.8117647058823529,0.4235294117647059,0.6823529411764706,0.8470588235294118,0.14597960754786843,0.8235294117647058,0.9647058823529412,0.1,1.0,1.0,1.15,1.0,1.1
simgp24,straddle,8,4,0.11910007865940077,0.9166666666666666,0.9565217391304348,0.9361702127659574,23,0.8809523809523809,0.6309523809523809,0.8333333333333334,0.9404761904761905,0.1704043877147696,0.8235294117647058,0.9285714285714286,0.1,0.6,1.0,1.15,1.0,0.95
simgp24,straddle,9,4,0.14633554138300017,0.9090909090909091,0.9090909090909091,0.9090909090909091,22,0.8674698795180723,0.5180722891566265,0.7951807228915663,0.927710843373494,0.20396058963596855,0.8125,0.927710843373494,0.1,1.0,1.0,1.15,1.1,1.1
simgp24,straddle,10,4,0.11117455953015415,0.9130434782608695,1.0,0.9545454545454545,21,0.9512195121951219,0.5365853658536586,0.8902439024390244,0.9634146341463414,0.16286954338804047,0.8125,0.9634146341463414,0.1,0.6,1.0,0.85,0.9,0.95
simgp24,straddle,11,4,0.1203028386558184,0.9090909090909091,1.0,0.9523809523809523,20,0.9506172839506173,0.7283950617283951,0.9259259259259259,0.9753086419753086,0.1905623782341539,1.0,0.9753086419753086,0.1,1.0,1.0,1.0,1.0,1.1
simgp24,straddle,12,4,0.163521893955804,0.8260869565217391,1.0,0.9047619047619047,19,0.925,0.7,0.9,0.95,0.24269859647932482,1.0,0.9625,0.25,0.6,1.0,1.0,1.0,0.9
simgp24,straddle,13,4,0.16033842581254226,0.8260869565217391,1.0,0.9047619047619047,19,0.9240506329113924,0.6962025316455697,0.8987341772151899,0.9493670886075949,0.23722530138532288,1.0,0.9620253164556962,0.25,0.6,1.0,1.0,1.0,0.9
simgp24,straddle,14,4,0.10378247355452642,0.95,1.0,0.9743589743589743,19,0.9487179487179487,0.6282051282051282,0.8974358974358975,0.9615384615384616,0.15028300933262156,1.0,0.9615384615384616,0.1,0.6,0.0,0.85,0.9,0.95
simgp24,straddle,15,4,0.09847896243502546,0.95,1.0,0.9743589743589743,19,0.935064935064935,0.6753246753246753,0.8961038961038961,0.961038961038961,0.1436434556799564,1.0,0.961038961038961,0.1,0.6,0.5,0.85,0.9,1.0
simgp24,straddle_min,3,4,0.14343003759048376,0.84375,1.0,0.9152542372881356,27,0.7640449438202247,0.43820224719101125,0.6966292134831461,0.8651685393258427,0.1339453620425233,0.6842105263157895,0.9550561797752809,0.25,0.6,1.0,1.15,0.9,0.9
simgp24,straddle_min,4,4,0.1761137279084585,0.7428571428571429,1.0,0.8524590163934427,26,0.6931818181818182,0.125,0.48863636363636365,0.7159090909090909,0.1659239635886949,0.9473684210526315,0.9545454545454546,0.1,0.6,1.0,0.85,1.1,0.95
simgp24,straddle_min,5,4,0.15458353797219107,0.8125,1.0,0.896551724137931,26,0.7011494252873564,0.21839080459770116,0.632183908045977,0.7471264367816092,0.19219889933839435,0.9473684210526315,0.9310344827586207,0.1,1.0,0.0,1.15,1.0,1.1
simgp24,straddle_min,6,4,0.1573244006731326,0.7878787878787878,1.0,0.8813559322033898,26,0.6162790697674418,0.12790697674418605,0.45348837209302323,0.7093023255813954,0.17955773550924267,0.9473684210526315,0.9069767441860465,0.7,0.6,1.0,1.15,1.0,0.9
simgp24,straddle_min,7,4,0.16004681010324942,0.8125,1.0,0.896551724137931,26,0.6352941176470588,0.1411764705882353,0.4588235294117647,0.6941176470588235,0.188072898670406,0.9473684210526315,0.8705882352941177,0.1,0.6,1.0,0.85,1.1,0.95
simgp24,straddle_min,8,4,0.1345921593989308,0.8666666666666667,1.0,0.9285714285714286,26,0.6428571428571429,0.16666666666666666,0.5714285714285714,0.7738095238095238,0.1958695413574259,0.9473684210526315,0.6785714285714286,0.25,1.0,0.0,1.15,1.0,1.1
simgp24,straddle_min,9,4,0.12546262802844527,0.896551724137931,1.0,0.9454545454545454,26,0.6867469879518072,0.1686746987951807,0.5662650602409639,0.8072289156626506,0.18472506345031442,0.9473684210526315,0.7590361445783133,0.1,1.0,1.0,1.0,1.1,1.1
simgp24,straddle_min,10,4,0.15537430621154225,0.8928571428571429,1.0,0.9433962264150945,25,0.7926829268292683,0.4634146341463415,0.6951219512195121,0.8292682926829268,0.20454604990551148,1.0,0.8658536585365854,0.7,0.6,1.0,1.15,1.0,0.9
simgp24,straddle_min,11,4,0.16217442588440867,0.8928571428571429,1.0,0.9433962264150945,25,0.691358024691358,0.4074074074074074,0.654320987654321,0.7283950617283951,0.21290120094113352,1.0,0.8518518518518519,0.7,0.6,1.0,1.15,1.0,0.9
simgp24,straddle_min,12,4,0.16515576794469353,0.8928571428571429,1.0,0.9433962264150945,25,0.7,0.375,0.625,0.7125,0.2175805035081922,1.0,0.825,0.7,0.6,1.0,1.15,1.0,0.9
simgp24,straddle_min,13,4,0.31641913301892566,0.6578947368421053,1.0,0.7936507936507937,25,0.25316455696202533,0.1518987341772152,0.25316455696202533,0.2911392405063291,0.2144299694764656,1.0,0.9620253164556962,0.7,0.6,1.0,1.15,1.0,0.9
simgp24,straddle_min,14,4,0.20193395672631279,0.8620689655172413,1.0,0.9259259259259259,25,0.48717948717948717,0.11538461538461539,0.358974358974359,0.48717948717948717,0.13320324554965887,1.0,0.9487179487179487,0.7,0.6,1.0,1.15,1.0,0.9
simgp24,straddle_min,15,4,0.20043838826136143,0.8928571428571429,1.0,0.9433962264150945,25,0.4805194805194805,0.11688311688311688,0.36363636363636365,0.4805194805194805,0.1348837603767602,1.0,0.948051948051948,0.7,0.6,1.0,1.15,1.0,0.9
simgp24,random,3,5,0.11118087477801362,0.7435897435897436,0.9666666666666667,0.8405797101449275,30,0.7528089887640449,0.449438202247191,0.6966292134831461,0.7865168539325843,0.19969583247161435,0.9615384615384616,0.9887640449438202,0.1,1.0,1.0,0.85,1.0,1.1
simgp24_g75,random,3,5,0.09033620804884124,0.8387096774193549,0.8666666666666667,0.8524590163934426,30,0.7865168539325843,0.5393258426966292,0.7528089887640449,0.8876404494382022,,,,,,,,,
simgp_timeblind,random,3,5,0.1672584694379082,1.0,0.5333333333333333,0.6956521739130436,30,0.6179775280898876,,,,0.23709912860803778,0.6153846153846154,0.5393258426966292,,,,,,
mean_of_samples,random,3,5,0.27664241836383563,1.0,0.0,0.0,30,0.0,,,,0.3974713394343838,0.0,0.0,,,,,,
simgp24,random,4,5,0.12312370887566906,0.8055555555555556,0.9666666666666667,0.8787878787878789,30,0.75,0.5,0.7272727272727273,0.8522727272727273,0.21541144992931138,0.9615384615384616,0.9204545454545454,0.1,1.0,1.0,1.15,1.1,1.0
simgp24_g75,random,4,5,0.09869884465048567,0.7428571428571429,0.8666666666666667,0.8,30,0.7272727272727273,0.3068181818181818,0.6136363636363636,0.7613636363636364,,,,,,,,,
simgp_timeblind,random,4,5,0.18232671897102143,1.0,0.6333333333333333,0.7755102040816326,30,0.6363636363636364,,,,0.23484633323395976,0.6923076923076923,0.6022727272727273,,,,,,
mean_of_samples,random,4,5,0.27897384034363054,1.0,0.0,0.0,30,0.0,,,,0.39625556789018523,0.0,0.0,,,,,,
simgp24,random,5,5,0.09181770972061828,0.8285714285714286,0.9666666666666667,0.8923076923076922,30,0.8045977011494253,0.6436781609195402,0.7586206896551724,0.8850574712643678,0.17166126074420027,0.9615384615384616,1.0,0.1,1.0,1.0,1.15,1.1,1.05
simgp24_g75,random,5,5,0.1051482991570339,0.8387096774193549,0.8666666666666667,0.8524590163934426,30,0.7471264367816092,0.4827586206896552,0.7126436781609196,0.7931034482758621,,,,,,,,,
simgp_timeblind,random,5,5,0.194804931326365,1.0,0.4666666666666667,0.6363636363636364,30,0.5172413793103449,,,,0.21596462909335806,0.5384615384615384,0.5287356321839081,,,,,,
mean_of_samples,random,5,5,0.27408170457907693,1.0,0.0,0.0,30,0.0,,,,0.3519929994030747,0.0,0.0,,,,,,
simgp24,random,6,5,0.08486247730995662,0.8529411764705882,0.9666666666666667,0.90625,30,0.9883720930232558,0.6744186046511628,0.8837209302325582,1.0,0.15280177330506162,0.9615384615384616,1.0,0.1,1.0,1.0,1.15,1.1,1.05
simgp24_g75,random,6,5,0.07788870941198618,0.84375,0.9,0.870967741935484,30,0.627906976744186,0.43023255813953487,0.5581395348837209,0.7790697674418605,,,,,,,,,
simgp_timeblind,random,6,5,0.21412800559027598,1.0,0.5,0.6666666666666666,30,0.5697674418604651,,,,0.20077329500813834,0.5384615384615384,0.7906976744186046,,,,,,
mean_of_samples,random,6,5,0.27417093927270775,1.0,0.0,0.0,30,0.0,,,,0.352555435928672,0.0,0.0,,,,,,
simgp24,random,7,5,0.0865150325332218,0.8484848484848485,0.9333333333333333,0.888888888888889,30,0.9294117647058824,0.6470588235294118,0.8941176470588236,0.9882352941176471,0.13724933931848254,0.9615384615384616,1.0,0.1,1.0,1.0,1.15,1.1,1.1
simgp24_g75,random,7,5,0.06927880026622044,1.0,0.8333333333333334,0.9090909090909091,30,0.6352941176470588,0.4235294117647059,0.5647058823529412,0.8,,,,,,,,,
simgp_timeblind,random,7,5,0.2296226371631833,1.0,0.5,0.6666666666666666,30,0.5294117647058824,,,,0.19819106654456364,0.5384615384615384,0.7764705882352941,,,,,,
mean_of_samples,random,7,5,0.2915900381849979,1.0,0.0,0.0,30,0.0,,,,0.3344510572893461,0.0,0.0,,,,,,
simgp24,random,8,5,0.09174138858687331,0.8235294117647058,0.9333333333333333,0.8749999999999999,30,0.9285714285714286,0.6190476190476191,0.8690476190476191,0.9880952380952381,0.14725589970195965,0.9615384615384616,1.0,0.1,1.0,1.0,1.15,1.1,1.05
simgp24_g75,random,8,5,0.10720615984694348,0.8387096774193549,0.8666666666666667,0.8524590163934426,30,0.7023809523809523,0.39285714285714285,0.5952380952380952,0.7619047619047619,,,,,,,,,
simgp_timeblind,random,8,5,0.17658091196283746,1.0,0.4666666666666667,0.6363636363636364,30,0.6071428571428571,,,,0.18240471181844592,0.5384615384615384,0.7857142857142857,,,,,,
mean_of_samples,random,8,5,0.29946971868860484,1.0,0.0,0.0,30,0.0,,,,0.3353113495605521,0.0,0.0,,,,,,
simgp24,random,9,5,0.07424611209737846,0.9230769230769231,0.8275862068965517,0.8727272727272727,29,0.8192771084337349,0.5060240963855421,0.7228915662650602,0.927710843373494,0.10694041962289814,0.84,0.9518072289156626,0.1,0.6,1.0,1.0,0.9,0.9
simgp24_g75,random,9,5,0.06267424408133798,1.0,0.8620689655172413,0.9259259259259259,29,0.8554216867469879,0.5301204819277109,0.7228915662650602,0.9518072289156626,,,,,,,,,
simgp_timeblind,random,9,5,0.21652995726092647,1.0,0.3448275862068966,0.5128205128205129,29,0.3373493975903614,,,,0.20822779507060588,0.36,0.3614457831325301,,,,,,
mean_of_samples,random,9,5,0.28514511723471925,1.0,0.0,0.0,29,0.0,,,,0.338200250201926,0.0,0.0,,,,,,
simgp24,random,10,5,0.06047483451330946,0.9259259259259259,0.8620689655172413,0.8928571428571429,29,0.9878048780487805,0.6097560975609756,0.8658536585365854,1.0,0.09736889735875343,0.88,0.9634146341463414,0.1,1.0,1.0,1.15,1.1,1.1
simgp24_g75,random,10,5,0.060410626989524464,1.0,0.8620689655172413,0.9259259259259259,29,0.8536585365853658,0.4634146341463415,0.7317073170731707,0.9512195121951219,,,,,,,,,
simgp_timeblind,random,10,5,0.2394885104886143,1.0,0.3103448275862069,0.4736842105263158,29,0.36585365853658536,,,,0.20632949241904674,0.32,0.6097560975609756,,,,,,
mean_of_samples,random,10,5,0.29816405385861416,1.0,0.0,0.0,29,0.0,,,,0.33376600465115863,0.0,0.0,,,,,,
simgp24,random,11,5,0.0616093280966134,0.9259259259259259,0.8620689655172413,0.8928571428571429,29,1.0,0.6049382716049383,0.8641975308641975,1.0,0.09988255538047368,0.88,0.9629629629629629,0.1,1.0,1.0,1.15,1.1,1.1
simgp24_g75,random,11,5,0.05664843552342043,1.0,0.8620689655172413,0.9259259259259259,29,0.8395061728395061,0.4691358024691358,0.7654320987654321,0.9506172839506173,,,,,,,,,
simgp_timeblind,random,11,5,0.1945950344483009,1.0,0.4482758620689655,0.6190476190476191,29,0.48148148148148145,,,,0.19007663590908067,0.48,0.7037037037037037,,,,,,
mean_of_samples,random,11,5,0.31757120922155063,1.0,0.0,0.0,29,0.0,,,,0.3328012964280043,0.0,0.0,,,,,,
simgp24,random,12,5,0.062070933895003184,0.9230769230769231,0.8571428571428571,0.888888888888889,28,0.9875,0.5875,0.875,1.0,0.09208466464489164,0.88,0.9625,0.1,1.0,1.0,1.15,1.1,1.1
simgp24_g75,random,12,5,0.0873042279835777,0.9230769230769231,0.8571428571428571,0.888888888888889,28,0.7375,0.325,0.675,0.8,,,,,,,,,
simgp_timeblind,random,12,5,0.19337853424131515,1.0,0.42857142857142855,0.6,28,0.4625,,,,0.1843745192300704,0.48,0.675,,,,,,
mean_of_samples,random,12,5,0.30255226101900684,1.0,0.0,0.0,28,0.0,,,,0.3328988079472328,0.0,0.0,,,,,,
simgp24,random,13,5,0.06139796467364469,0.9230769230769231,0.8571428571428571,0.888888888888889,28,0.9620253164556962,0.5569620253164557,0.8354430379746836,1.0,0.10234436771021677,0.88,0.9620253164556962,0.1,1.0,1.0,1.15,1.1,1.1
simgp24_g75,random,13,5,0.06474780784612967,1.0,0.8571428571428571,0.923076923076923,28,0.8354430379746836,0.5569620253164557,0.7468354430379747,0.9113924050632911,,,,,,,,,
simgp_timeblind,random,13,5,0.1759031865361404,1.0,0.4642857142857143,0.6341463414634146,28,0.4810126582278481,,,,0.18645871948485074,0.52,0.620253164556962,,,,,,
mean_of_samples,random,13,5,0.30313167960935294,1.0,0.0,0.0,28,0.0,,,,0.33480435102235434,0.0,0.0,,,,,,
simgp24,random,14,5,0.06169322120850867,0.9230769230769231,0.8571428571428571,0.888888888888889,28,0.9615384615384616,0.5641025641025641,0.8205128205128205,1.0,0.10283615228021321,0.88,0.9615384615384616,0.1,1.0,1.0,1.15,1.1,1.1
simgp24_g75,random,14,5,0.06042188334276939,1.0,0.8571428571428571,0.923076923076923,28,0.8333333333333334,0.5256410256410257,0.7051282051282052,0.8846153846153846,,,,,,,,,
simgp_timeblind,random,14,5,0.17790398216613285,1.0,0.4642857142857143,0.6341463414634146,28,0.46153846153846156,,,,0.1877698154312523,0.52,0.6153846153846154,,,,,,
mean_of_samples,random,14,5,0.32363485987046103,1.0,0.0,0.0,28,0.0,,,,0.3332013043028518,0.0,0.0,,,,,,
simgp24,random,15,5,0.06548991575116342,0.8888888888888888,0.8571428571428571,0.8727272727272727,28,0.8831168831168831,0.5194805194805194,0.8441558441558441,0.974025974025974,0.11438420970042781,0.88,0.9090909090909091,0.1,1.0,1.0,1.15,1.1,1.1
simgp24_g75,random,15,5,0.05793768261008646,1.0,0.8571428571428571,0.923076923076923,28,0.8181818181818182,0.44155844155844154,0.7142857142857143,0.8701298701298701,,,,,,,,,
simgp_timeblind,random,15,5,0.18029663916521654,1.0,0.4642857142857143,0.6341463414634146,28,0.4155844155844156,,,,0.19111620475239305,0.52,0.5584415584415584,,,,,,
mean_of_samples,random,15,5,0.34032124563744826,1.0,0.0,0.0,28,0.0,,,,0.33761589743980686,0.0,0.0,,,,,,
simgp24,uncertainty,3,5,0.11118087477801362,0.7435897435897436,0.9666666666666667,0.8405797101449275,30,0.7528089887640449,0.449438202247191,0.6966292134831461,0.7865168539325843,0.19969583247161435,0.9615384615384616,0.9887640449438202,0.1,1.0,1.0,0.85,1.0,1.1
simgp24,uncertainty,4,5,0.11404621054872668,0.7368421052631579,0.9655172413793104,0.835820895522388,29,0.75,0.5795454545454546,0.7159090909090909,0.8522727272727273,0.20950212591149742,0.96,0.9772727272727273,0.1,1.0,1.0,1.15,1.0,1.05
simgp24,uncertainty,5,5,0.15401445591300128,0.7,0.9655172413793104,0.8115942028985508,29,0.6781609195402298,0.26436781609195403,0.6091954022988506,0.7471264367816092,0.15847292804288318,0.96,0.9770114942528736,0.1,1.0,0.5,1.15,1.1,0.95
simgp24,uncertainty,6,5,0.14602277931239524,0.75,0.9642857142857143,0.8437499999999999,28,0.7209302325581395,0.26744186046511625,0.6627906976744186,0.7441860465116279,0.14889930863345635,0.92,0.9767441860465116,0.1,1.0,0.0,1.15,1.1,0.95
simgp24,uncertainty,7,5,0.0917638971533253,0.8,0.8571428571428571,0.8275862068965518,28,0.7529411764705882,0.5411764705882353,0.7294117647058823,0.788235294117647,0.12256620430382272,0.92,0.9529411764705882,0.1,1.0,1.0,1.15,1.1,1.0
simgp24,uncertainty,8,5,0.08925340249269162,0.8214285714285714,0.8518518518518519,0.8363636363636364,27,0.7261904761904762,0.5238095238095238,0.6904761904761905,0.75,0.09850851897236076,0.9166666666666666,0.9285714285714286,0.1,1.0,1.0,1.15,1.1,1.0
simgp24,uncertainty,9,5,0.12527919960841027,0.8148148148148148,0.8461538461538461,0.830188679245283,26,0.7590361445783133,0.5421686746987951,0.7349397590361446,0.9759036144578314,0.09649723299477492,0.9130434782608695,0.963855421686747,0.1,1.0,0.5,1.15,1.1,1.05
simgp24,uncertainty,10,5,0.08044037692286708,0.9130434782608695,0.84,0.8749999999999999,25,0.7804878048780488,0.5609756097560976,0.7195121951219512,0.8536585365853658,0.12543990771480631,0.9545454545454546,0.9512195121951219,0.1,1.0,1.0,1.15,1.1,1.05
simgp24,uncertainty,11,5,0.08456688311606142,0.8695652173913043,0.8333333333333334,0.851063829787234,24,0.7530864197530864,0.5432098765432098,0.7407407407407407,0.8024691358024691,0.13986731485608656,0.9523809523809523,0.9506172839506173,0.1,1.0,1.0,1.15,1.1,1.1
simgp24,uncertainty,12,5,0.08204253591045127,0.9047619047619048,0.8260869565217391,0.8636363636363636,23,0.75,0.5375,0.7,0.7875,0.12467171243638239,0.95,0.95,0.1,1.0,1.0,1.15,1.1,1.05
simgp24,uncertainty,13,5,0.07673385950646724,0.95,0.8260869565217391,0.8837209302325583,23,0.7848101265822784,0.5189873417721519,0.7088607594936709,0.810126582278481,0.1336250946135604,0.95,0.7848101265822784,0.25,0.6,1.0,1.0,1.0,0.9
simgp24,uncertainty,14,5,0.1988939424757712,0.6774193548387096,0.9545454545454546,0.7924528301886793,22,0.6923076923076923,0.23076923076923078,0.6153846153846154,0.7435897435897436,0.13177175206100095,0.9473684210526315,0.9743589743589743,0.1,1.0,1.0,1.0,1.0,1.05
simgp24,uncertainty,15,5,0.18939883187311582,0.7407407407407407,0.9523809523809523,0.8333333333333334,21,0.7142857142857143,0.2597402597402597,0.6233766233766234,0.7532467532467533,0.11123178748283971,0.9444444444444444,0.974025974025974,0.1,1.0,1.0,1.15,1.1,1.05
simgp24,straddle,3,5,0.11118087477801362,0.7435897435897436,0.9666666666666667,0.8405797101449275,30,0.7528089887640449,0.449438202247191,0.6966292134831461,0.7865168539325843,0.19969583247161435,0.9615384615384616,0.9887640449438202,0.1,1.0,1.0,0.85,1.0,1.1
simgp24,straddle,4,5,0.13299752684037797,0.7368421052631579,0.9655172413793104,0.835820895522388,29,0.7840909090909091,0.4431818181818182,0.7045454545454546,0.8181818181818182,0.23109466061626815,0.9615384615384616,0.8409090909090909,0.1,1.0,1.0,1.15,1.1,1.1
simgp24,straddle,5,5,0.1010058668118073,0.8064516129032258,0.8620689655172413,0.8333333333333334,29,0.7816091954022989,0.5977011494252874,0.7241379310344828,0.8505747126436781,0.1753396642084667,0.9615384615384616,1.0,0.1,1.0,1.0,1.15,1.1,1.1
simgp24,straddle,6,5,0.13151892792521408,0.7777777777777778,1.0,0.8750000000000001,28,0.8953488372093024,0.5813953488372093,0.7093023255813954,0.8953488372093024,0.21042004003648537,0.92,0.9418604651162791,0.1,1.0,1.0,1.15,1.1,1.05
simgp24,straddle,7,5,0.1175914759469911,0.7878787878787878,0.9629629629629629,0.8666666666666665,27,0.8470588235294118,0.6235294117647059,0.8,0.9058823529411765,0.1980215370163225,0.9583333333333334,0.9294117647058824,0.1,1.0,1.0,1.15,1.1,1.1
simgp24,straddle,8,5,0.14756972831668258,0.75,0.9230769230769231,0.8275862068965517,26,0.8690476190476191,0.5119047619047619,0.7261904761904762,0.9880952380952381,0.12364069364126647,0.9130434782608695,0.9761904761904762,0.1,1.0,1.0,1.15,1.1,1.1
simgp24,straddle,9,5,0.08264812379229527,0.84,0.84,0.8399999999999999,25,0.7590361445783133,0.5421686746987951,0.7108433734939759,0.7710843373493976,0.11801329503901953,0.9090909090909091,0.9518072289156626,0.1,1.0,1.0,1.15,1.1,1.05
simgp24,straddle,10,5,0.26318085351634113,0.4,1.0,0.5714285714285715,24,0.5121951219512195,0.2073170731707317,0.4024390243902439,0.5853658536585366,0.1960331918390337,0.9047619047619048,0.975609756097561,0.1,1.0,1.0,1.15,1.1,1.1
simgp24,straddle,11,5,0.15482147900570703,0.6216216216216216,0.9583333333333334,0.7540983606557377,24,0.7901234567901234,0.43209876543209874,0.654320987654321,0.8271604938271605,0.17143170633956495,0.9047619047619048,0.9753086419753086,0.1,1.0,1.0,1.15,1.1,1.1
simgp24,straddle,12,5,0.15253743010697907,0.6111111111111112,0.9565217391304348,0.7457627118644068,23,0.8,0.4375,0.6625,0.825,0.16434079677383537,0.95,0.975,0.1,1.0,1.0,1.15,1.1,1.1
simgp24,straddle,13,5,0.14898925546291902,0.6176470588235294,0.9545454545454546,0.75,22,0.810126582278481,0.4430379746835443,0.6708860759493671,0.8227848101265823,0.15062659737943396,0.9473684210526315,0.9746835443037974,0.1,1.0,1.0,1.15,1.1,1.1
simgp24,straddle,14,5,0.09667906754579883,0.7391304347826086,0.8095238095238095,0.7727272727272727,21,1.0,0.7435897435897436,1.0,1.0,0.10239919583030554,0.9444444444444444,0.9743589743589743,0.1,1.0,1.0,1.15,1.1,1.1
simgp24,straddle,15,5,0.20006376847762683,0.5588235294117647,0.95,0.7037037037037037,20,0.6493506493506493,0.23376623376623376,0.5194805194805194,0.7142857142857143,0.18210562207495085,0.9411764705882353,1.0,0.1,1.0,1.0,1.15,1.1,1.1
simgp24,straddle_min,3,5,0.11118087477801362,0.7435897435897436,0.9666666666666667,0.8405797101449275,30,0.7528089887640449,0.449438202247191,0.6966292134831461,0.7865168539325843,0.19969583247161435,0.9615384615384616,0.9887640449438202,0.1,1.0,1.0,0.85,1.0,1.1
simgp24,straddle_min,4,5,0.11396877929240559,0.8285714285714286,0.9666666666666667,0.8923076923076922,30,0.7272727272727273,0.48863636363636365,0.6931818181818182,0.7727272727272727,0.14161859889062756,0.9230769230769231,0.9659090909090909,0.25,1.0,1.0,1.15,1.1,1.1
simgp24,straddle_min,5,5,0.12116305292806859,0.8,0.9655172413793104,0.8750000000000001,29,0.735632183908046,0.40229885057471265,0.7126436781609196,0.7701149425287356,0.17397207691447353,0.9230769230769231,0.896551724137931,0.25,1.0,1.0,1.15,1.1,1.05
simgp24,straddle_min,6,5,0.11733175530992189,0.7941176470588235,0.9642857142857143,0.8709677419354839,28,0.7325581395348837,0.43023255813953487,0.6976744186046512,0.7441860465116279,0.17116482771801467,0.9615384615384616,0.9069767441860465,0.25,1.0,1.0,1.15,1.1,1.1
simgp24,straddle_min,7,5,0.11573192542018852,0.7647058823529411,0.9629629629629629,0.8524590163934426,27,0.7294117647058823,0.36470588235294116,0.6588235294117647,0.7529411764705882,0.17603568202416947,0.9615384615384616,0.9176470588235294,0.25,1.0,1.0,1.15,1.1,1.1
simgp24,straddle_min,8,5,0.12047021674449628,0.7878787878787878,0.9629629629629629,0.8666666666666665,27,0.7023809523809523,0.32142857142857145,0.6666666666666666,0.7380952380952381,0.1826048598113857,0.9615384615384616,0.8928571428571429,0.25,1.0,1.0,1.15,1.1,1.05
simgp24,straddle_min,9,5,0.12531847534317053,0.7428571428571429,0.9629629629629629,0.8387096774193549,27,0.6987951807228916,0.3132530120481928,0.5542168674698795,0.7349397590361446,0.18682549198046514,0.9615384615384616,0.8192771084337349,0.25,1.0,1.0,1.15,1.1,1.05
simgp24,straddle_min,10,5,0.12584072187464415,0.7647058823529411,0.9629629629629629,0.8524590163934426,27,0.6829268292682927,0.2926829268292683,0.5487804878048781,0.7195121951219512,0.18642717293066688,0.9615384615384616,0.8170731707317073,0.25,1.0,1.0,1.15,1.1,1.05
simgp24,straddle_min,11,5,0.12991828395162755,0.7647058823529411,0.9629629629629629,0.8524590163934426,27,0.5802469135802469,0.2839506172839506,0.48148148148148145,0.6419753086419753,0.19858405321286624,0.9615384615384616,0.7901234567901234,0.25,1.0,1.0,1.15,1.1,1.0
simgp24,straddle_min,12,5,0.12614790725086847,0.8125,0.9629629629629629,0.8813559322033898,27,0.6625,0.2625,0.5,0.725,0.19811749678901874,0.9615384615384616,0.775,0.25,1.0,1.0,1.15,1.1,1.05
simgp24,straddle_min,13,5,0.13340525846820092,0.8387096774193549,0.9629629629629629,0.896551724137931,27,0.569620253164557,0.21518987341772153,0.4430379746835443,0.6455696202531646,0.2365894700360425,0.9615384615384616,0.5063291139240507,0.25,1.0,1.0,1.0,1.0,1.1
simgp24,straddle_min,14,5,0.16214116452838082,0.8125,1.0,0.896551724137931,26,0.5769230769230769,0.20512820512820512,0.47435897435897434,0.6923076923076923,0.26214811162415963,1.0,0.5,0.25,1.0,1.0,1.0,1.0,1.05
simgp24,straddle_min,15,5,0.15084167137042745,0.8387096774193549,1.0,0.9122807017543859,26,0.5454545454545454,0.22077922077922077,0.44155844155844154,0.6493506493506493,0.24820976066821013,1.0,0.4805194805194805,0.25,1.0,1.0,1.0,1.0,1.05
simgp24,random,3,6,0.04058072582788563,0.8285714285714286,1.0,0.90625,29,1.0,0.8764044943820225,0.9887640449438202,1.0,0.15849274181253387,1.0,0.9887640449438202,0.55,0.6,0.5,1.0,1.0,0.95
simgp24_g75,random,3,6,0.04700931367871254,0.8285714285714286,1.0,0.90625,29,0.8202247191011236,0.42696629213483145,0.7640449438202247,0.8876404494382022,,,,,,,,,
simgp_timeblind,random,3,6,0.22270368448117323,1.0,0.3103448275862069,0.4736842105263158,29,0.39325842696629215,,,,0.183857978485062,0.42857142857142855,0.8314606741573034,,,,,,
mean_of_samples,random,3,6,0.3225041971380298,1.0,0.0,0.0,29,0.0,,,,0.2932134021957451,0.0,0.0,,,,,,
simgp24,random,4,6,0.06799030412112356,0.9032258064516129,1.0,0.9491525423728813,28,0.9659090909090909,0.45454545454545453,0.9431818181818182,0.9886363636363636,0.10320851698369092,0.4,1.0,0.1,0.6,1.0,1.15,1.1,0.9
simgp24_g75,random,4,6,0.2286169227544669,0.5490196078431373,1.0,0.7088607594936709,28,0.5,0.18181818181818182,0.36363636363636365,0.5681818181818182,,,,,,,,,
simgp_timeblind,random,4,6,0.2076680166719548,1.0,0.32142857142857145,0.4864864864864865,28,0.4318181818181818,,,,0.1935712945285872,0.35,0.7272727272727273,,,,,,
mean_of_samples,random,4,6,0.2818510888299946,1.0,0.0,0.0,28,0.0,,,,0.2999020289796325,0.0,0.0,,,,,,
simgp24,random,5,6,0.0496035913443987,0.9032258064516129,1.0,0.9491525423728813,28,0.9885057471264368,0.7241379310344828,0.9540229885057471,1.0,0.09681831726297908,0.6,1.0,0.1,0.6,0.5,1.15,1.1,0.9
simgp24_g75,random,5,6,0.2253367502264558,0.5283018867924528,1.0,0.6913580246913581,28,0.39080459770114945,0.1724137931034483,0.2988505747126437,0.5287356321839081,,,,,,,,,
simgp_timeblind,random,5,6,0.19243418830059622,1.0,0.35714285714285715,0.5263157894736842,28,0.47126436781609193,,,,0.20720361194780418,0.35,0.5517241379310345,,,,,,
mean_of_samples,random,5,6,0.288559336485881,1.0,0.0,0.0,28,0.0,,,,0.29590881787741025,0.0,0.0,,,,,,
simgp24,random,6,6,0.060661482853114845,0.9,1.0,0.9473684210526316,27,1.0,0.7441860465116279,0.9651162790697675,1.0,0.12603949835368536,0.631578947368421,0.9883720930232558,0.1,0.6,1.0,1.15,1.1,0.9
simgp24_g75,random,6,6,0.21787197531698274,0.5294117647058824,1.0,0.6923076923076924,27,0.32558139534883723,0.18604651162790697,0.2558139534883721,0.3488372093023256,,,,,,,,,
simgp_timeblind,random,6,6,0.1840851865876657,1.0,0.37037037037037035,0.5405405405405406,27,0.45348837209302323,,,,0.212999139553574,0.3684210526315789,0.5232558139534884,,,,,,
mean_of_samples,random,6,6,0.2747434611831443,1.0,0.0,0.0,27,0.0,,,,0.30301061620168235,0.0,0.0,,,,,,
simgp24,random,7,6,0.03765229791997411,0.9310344827586207,1.0,0.9642857142857143,27,0.9764705882352941,0.8588235294117647,0.9647058823529412,1.0,0.08360263198754893,0.8947368421052632,1.0,0.25,0.6,1.0,1.15,1.1,0.9
simgp24_g75,random,7,6,0.2218296038204253,0.5294117647058824,1.0,0.6923076923076924,27,0.25882352941176473,0.15294117647058825,0.23529411764705882,0.3058823529411765,,,,,,,,,
simgp_timeblind,random,7,6,0.18732728398838502,1.0,0.48148148148148145,0.65,27,0.4235294117647059,,,,0.20904655615079273,0.3684210526315789,0.47058823529411764,,,,,,
mean_of_samples,random,7,6,0.26490385198648997,1.0,0.0,0.0,27,0.0,,,,0.313218524182578,0.0,0.0,,,,,,
simgp24,random,8,6,0.11248382337131001,0.84375,1.0,0.9152542372881356,27,0.8928571428571429,0.32142857142857145,0.6071428571428571,0.9642857142857143,0.09991543131788352,1.0,1.0,0.25,0.6,1.0,1.15,1.1,0.9
simgp24_g75,random,8,6,0.21435281184125296,0.574468085106383,1.0,0.7297297297297298,27,0.2619047619047619,0.14285714285714285,0.23809523809523808,0.30952380952380953,,,,,,,,,
simgp_timeblind,random,8,6,0.17720396673605263,1.0,0.4444444444444444,0.6153846153846153,27,0.5119047619047619,,,,0.2290851960011386,0.3684210526315789,0.4523809523809524,,,,,,
mean_of_samples,random,8,6,0.26549530256181225,1.0,0.0,0.0,27,0.0,,,,0.3157909823996232,0.0,0.0,,,,,,
simgp24,random,9,6,0.05854536685507776,0.9,1.0,0.9473684210526316,27,0.963855421686747,0.6626506024096386,0.9518072289156626,0.9879518072289156,0.11690459167460164,0.631578947368421,0.9879518072289156,0.25,0.6,1.0,1.15,1.1,0.9
simgp24_g75,random,9,6,0.2044299889202713,0.6,1.0,0.7499999999999999,27,0.26506024096385544,0.14457831325301204,0.24096385542168675,0.3132530120481928,,,,,,,,,
simgp_timeblind,random,9,6,0.18303221585697207,1.0,0.4444444444444444,0.6153846153846153,27,0.5180722891566265,,,,0.23556305287912502,0.3684210526315789,0.4457831325301205,,,,,,
mean_of_samples,random,9,6,0.27307024109031985,1.0,0.0,0.0,27,0.0,,,,0.30982453216615585,0.0,0.0,,,,,,
simgp24,random,10,6,0.03791761618417488,0.8666666666666667,1.0,0.9285714285714286,26,0.9878048780487805,0.7926829268292683,0.975609756097561,1.0,0.09672472894566152,1.0,1.0,0.25,0.6,1.0,1.15,1.1,0.9
simgp24_g75,random,10,6,0.1781817778285154,0.6341463414634146,1.0,0.7761194029850745,26,0.2926829268292683,0.12195121951219512,0.25609756097560976,0.34146341463414637,,,,,,,,,
simgp_timeblind,random,10,6,0.18031919066742408,1.0,0.5769230769230769,0.7317073170731707,26,0.45121951219512196,,,,0.20962166215921513,0.5,0.47560975609756095,,,,,,
mean_of_samples,random,10,6,0.2631098453140083,1.0,0.0,0.0,26,0.0,,,,0.32000512431623657,0.0,0.0,,,,,,
simgp24,random,11,6,0.03726358375862718,0.8666666666666667,1.0,0.9285714285714286,26,0.9876543209876543,0.7901234567901234,0.9753086419753086,1.0,0.1006383703830482,1.0,1.0,0.25,0.6,1.0,1.15,1.1,0.9
simgp24_g75,random,11,6,0.19201288179017034,0.5909090909090909,1.0,0.7428571428571429,26,0.2962962962962963,0.13580246913580246,0.24691358024691357,0.35802469135802467,,,,,,,,,
simgp_timeblind,random,11,6,0.17744765840527602,1.0,0.5769230769230769,0.7317073170731707,26,0.4444444444444444,,,,0.2132080920892199,0.5,0.4691358024691358,,,,,,
mean_of_samples,random,11,6,0.26458294223080864,1.0,0.0,0.0,26,0.0,,,,0.3215180603468756,0.0,0.0,,,,,,
simgp24,random,12,6,0.03719316324211649,0.8666666666666667,1.0,0.9285714285714286,26,0.9875,0.7875,0.975,1.0,0.10126810330205868,1.0,1.0,0.25,0.6,1.0,1.15,1.1,0.9
simgp24_g75,random,12,6,0.18845035167321855,0.6046511627906976,1.0,0.7536231884057971,26,0.35,0.1375,0.2375,0.4875,,,,,,,,,
simgp_timeblind,random,12,6,0.1689831693928355,1.0,0.5769230769230769,0.7317073170731707,26,0.45,,,,0.21219692720440075,0.5,0.4625,,,,,,
mean_of_samples,random,12,6,0.27421876703334996,1.0,0.0,0.0,26,0.0,,,,0.3124640929307804,0.0,0.0,,,,,,
simgp24,random,13,6,0.03673896940818505,0.8666666666666667,1.0,0.9285714285714286,26,0.9873417721518988,0.7974683544303798,0.9746835443037974,0.9873417721518988,0.09972127313223414,1.0,1.0,0.25,0.6,1.0,1.15,1.1,0.9
simgp24_g75,random,13,6,0.1895161614253974,0.6190476190476191,1.0,0.7647058823529412,26,0.3670886075949367,0.1518987341772152,0.24050632911392406,0.4810126582278481,,,,,,,,,
simgp_timeblind,random,13,6,0.18812713733143577,1.0,0.5769230769230769,0.7317073170731707,26,0.43037974683544306,,,,0.20220377544161872,0.5,0.620253164556962,,,,,,
mean_of_samples,random,13,6,0.28144190406477054,1.0,0.0,0.0,26,0.0,,,,0.30725054742683194,0.0,0.0,,,,,,
simgp24,random,14,6,0.0364834768160617,0.8666666666666667,1.0,0.9285714285714286,26,0.9871794871794872,0.7948717948717948,0.9743589743589743,1.0,0.09952266223467764,1.0,1.0,0.25,1.0,0.5,1.15,1.1,1.1
simgp24_g75,random,14,6,0.17810630159175866,0.6190476190476191,1.0,0.7647058823529412,26,0.358974358974359,0.15384615384615385,0.24358974358974358,0.47435897435897434,,,,,,,,,
simgp_timeblind,random,14,6,0.19029245880881926,1.0,0.5769230769230769,0.7317073170731707,26,0.41025641025641024,,,,0.20400431420549642,0.5,0.6153846153846154,,,,,,
mean_of_samples,random,14,6,0.3066053712209991,1.0,0.0,0.0,26,0.0,,,,0.2893204296659844,0.0,0.0,,,,,,
simgp24,random,15,6,0.03684748592315446,0.8666666666666667,1.0,0.9285714285714286,26,0.987012987012987,0.7662337662337663,0.974025974025974,1.0,0.10111960713135236,1.0,1.0,0.25,1.0,0.5,1.15,1.1,1.1
simgp24_g75,random,15,6,0.16830973735730542,0.65,1.0,0.787878787878788,26,0.44155844155844154,0.15584415584415584,0.2987012987012987,0.5194805194805194,,,,,,,,,
simgp_timeblind,random,15,6,0.17857209107362487,1.0,0.5769230769230769,0.7317073170731707,26,0.44155844155844154,,,,0.2129396960513953,0.5,0.44155844155844154,,,,,,
mean_of_samples,random,15,6,0.3063014196334291,1.0,0.0,0.0,26,0.0,,,,0.29128867964901073,0.0,0.0,,,,,,
simgp24,uncertainty,3,6,0.04058072582788563,0.8285714285714286,1.0,0.90625,29,1.0,0.8764044943820225,0.9887640449438202,1.0,0.15849274181253387,1.0,0.9887640449438202,0.55,0.6,0.5,1.0,1.0,0.95
simgp24,uncertainty,4,6,0.05602393675532304,0.8235294117647058,1.0,0.9032258064516129,28,0.9886363636363636,0.6022727272727273,0.9545454545454546,1.0,0.15690949803291016,1.0,0.9886363636363636,0.4,0.6,0.0,1.15,0.9,0.9
simgp24,uncertainty,5,6,0.072010336547663,0.84375,1.0,0.9152542372881356,27,0.9310344827586207,0.6781609195402298,0.9195402298850575,0.9770114942528736,0.0788000306006428,1.0,1.0,0.55,0.6,0.5,1.0,0.9,1.0
simgp24,uncertainty,6,6,0.05470970488472876,0.896551724137931,1.0,0.9454545454545454,26,0.9651162790697675,0.6162790697674418,0.8837209302325582,0.9767441860465116,0.11866263706470201,1.0,0.9767441860465116,0.4,0.6,0.0,1.15,0.9,0.9
simgp24,uncertainty,7,6,0.03265342378612021,0.8928571428571429,1.0,0.9433962264150945,25,1.0,0.8823529411764706,0.9529411764705882,1.0,0.0922232907179161,1.0,0.9882352941176471,0.25,0.6,0.0,1.15,0.9,0.9
simgp24,uncertainty,8,6,0.04010926797297913,0.9230769230769231,1.0,0.9600000000000001,24,0.9404761904761905,0.8333333333333334,0.9166666666666666,0.9642857142857143,0.09093227461493048,0.95,0.9880952380952381,0.25,0.6,0.0,1.15,0.9,0.9
simgp24,uncertainty,9,6,0.06979378009111115,0.8846153846153846,1.0,0.9387755102040816,23,0.963855421686747,0.7951807228915663,0.9036144578313253,0.9879518072289156,0.11118422166804265,1.0,0.963855421686747,0.25,1.0,0.0,1.15,0.9,1.05
simgp24,uncertainty,10,6,0.13965912362762728,0.6470588235294118,1.0,0.7857142857142858,22,0.9634146341463414,0.18292682926829268,0.8292682926829268,0.9878048780487805,0.1357863498394293,1.0,0.9878048780487805,0.7,0.6,0.0,1.15,1.1,0.9
simgp24,uncertainty,11,6,0.09510300654516389,0.6363636363636364,1.0,0.7777777777777778,21,0.9629629629629629,0.691358024691358,0.9382716049382716,0.9753086419753086,0.11120460833852902,1.0,1.0,0.7,0.6,0.0,1.15,1.1,0.9
simgp24,uncertainty,12,6,0.09240116874658849,0.7,1.0,0.8235294117647058,21,0.9625,0.725,0.9375,0.975,0.10437885942688697,1.0,1.0,0.7,0.6,0.0,1.15,1.1,0.9
simgp24,uncertainty,13,6,0.08827032670853523,0.7,1.0,0.8235294117647058,21,0.9620253164556962,0.7341772151898734,0.9240506329113924,0.9746835443037974,0.10748696919035287,1.0,1.0,0.7,0.6,0.0,1.15,1.1,0.9
simgp24,uncertainty,14,6,0.07810772632320076,0.75,1.0,0.8571428571428571,21,0.9615384615384616,0.7435897435897436,0.9230769230769231,0.9743589743589743,0.10569655129966614,1.0,1.0,0.7,0.6,0.0,1.15,1.1,0.9
simgp24,uncertainty,15,6,0.07768933753762036,0.7777777777777778,1.0,0.8750000000000001,21,0.961038961038961,0.7532467532467533,0.935064935064935,0.961038961038961,0.10945828036709869,1.0,1.0,0.7,0.6,0.0,1.15,1.1,0.9
simgp24,straddle,3,6,0.04058072582788563,0.8285714285714286,1.0,0.90625,29,1.0,0.8764044943820225,0.9887640449438202,1.0,0.15849274181253387,1.0,0.9887640449438202,0.55,0.6,0.5,1.0,1.0,0.95
simgp24,straddle,4,6,0.04089666296514493,0.875,1.0,0.9333333333333333,28,1.0,0.8409090909090909,0.9886363636363636,1.0,0.11715083337583537,1.0,1.0,0.4,0.6,0.5,1.0,0.9,1.0
simgp24,straddle,5,6,0.03449039228363386,0.8709677419354839,1.0,0.9310344827586207,27,0.9885057471264368,0.9310344827586207,0.9540229885057471,1.0,0.06749614560008144,0.9523809523809523,1.0,0.4,0.6,1.0,1.0,0.9,1.0
simgp24,straddle,6,6,0.05937608304124256,1.0,1.0,1.0,26,0.9418604651162791,0.8023255813953488,0.9186046511627907,0.9767441860465116,0.0791473846318778,0.7619047619047619,0.9883720930232558,0.25,0.6,0.5,1.15,0.9,0.9
simgp24,straddle,7,6,0.05822896272748822,1.0,1.0,1.0,25,0.9411764705882353,0.8,0.9058823529411765,0.9529411764705882,0.07951418322518439,0.8,0.9882352941176471,0.25,0.6,0.0,1.15,0.9,0.9
simgp24,straddle,8,6,0.06232275882593475,1.0,1.0,1.0,24,0.9285714285714286,0.7380952380952381,0.8928571428571429,0.9404761904761905,0.08327591377215766,0.6842105263157895,0.9880952380952381,0.25,0.6,0.0,1.15,0.9,0.9
simgp24,straddle,9,6,0.04195343184270487,1.0,1.0,1.0,23,0.963855421686747,0.7951807228915663,0.9397590361445783,0.963855421686747,0.07991389792716379,0.9444444444444444,0.9759036144578314,0.25,0.6,0.5,1.15,0.9,0.9
simgp24,straddle,10,6,0.04409034677908718,1.0,1.0,1.0,22,0.9634146341463414,0.6951219512195121,0.9146341463414634,0.9634146341463414,0.08088339442113919,0.8235294117647058,0.975609756097561,0.25,0.6,0.5,1.15,0.9,0.9
simgp24,straddle,11,6,0.044743820602040546,1.0,1.0,1.0,21,0.9753086419753086,0.7160493827160493,0.9259259259259259,0.9753086419753086,0.0820236076329635,0.75,0.9876543209876543,0.25,0.6,1.0,1.15,0.9,0.9
simgp24,straddle,12,6,0.04139438812823424,1.0,1.0,1.0,20,0.975,0.8,0.9625,0.975,0.08262989556469023,0.9333333333333333,0.975,0.25,0.6,1.0,1.15,0.9,0.9
simgp24,straddle,13,6,0.04921778365208938,1.0,1.0,1.0,19,0.9746835443037974,0.7974683544303798,0.9493670886075949,0.9873417721518988,0.08371158329766042,0.7857142857142857,0.9873417721518988,0.25,0.6,1.0,1.15,0.9,0.9
simgp24,straddle,14,6,0.036706921412368074,1.0,1.0,1.0,18,0.9743589743589743,0.8205128205128205,0.9615384615384616,0.9743589743589743,0.085123780845298,0.9230769230769231,0.9743589743589743,0.25,0.6,1.0,1.15,0.9,0.9
simgp24,straddle,15,6,0.05164656652169063,1.0,1.0,1.0,17,0.974025974025974,0.8051948051948052,0.948051948051948,1.0,0.08602433300923282,0.9166666666666666,0.987012987012987,0.25,0.6,1.0,1.15,0.9,0.9
simgp24,straddle_min,3,6,0.04058072582788563,0.8285714285714286,1.0,0.90625,29,1.0,0.8764044943820225,0.9887640449438202,1.0,0.15849274181253387,1.0,0.9887640449438202,0.55,0.6,0.5,1.0,1.0,0.95
simgp24,straddle_min,4,6,0.048981844677597634,0.875,1.0,0.9333333333333333,28,0.9886363636363636,0.7045454545454546,0.9886363636363636,1.0,0.12495731559430608,1.0,1.0,0.55,0.6,0.5,1.15,1.1,0.9
simgp24,straddle_min,5,6,0.04990590574693222,0.8709677419354839,1.0,0.9310344827586207,27,0.9885057471264368,0.6666666666666666,0.9885057471264368,1.0,0.12129672631839472,1.0,1.0,0.55,0.6,0.5,1.15,1.1,0.9
simgp24,straddle_min,6,6,0.0409541391242234,0.9,1.0,0.9473684210526316,27,1.0,0.6744186046511628,0.9883720930232558,1.0,0.11085200892227684,1.0,1.0,0.55,0.6,0.5,1.15,1.1,0.9
simgp24,straddle_min,7,6,0.041822575415987044,0.896551724137931,1.0,0.9454545454545454,26,1.0,0.6470588235294118,0.9882352941176471,1.0,0.1211851310225788,1.0,1.0,0.55,0.6,0.5,1.15,1.1,0.9
simgp24,straddle_min,8,6,0.039525282606583896,0.896551724137931,1.0,0.9454545454545454,26,1.0,0.7142857142857143,0.9761904761904762,1.0,0.1110172460947482,1.0,1.0,0.55,0.6,0.0,1.15,1.1,0.9
simgp24,straddle_min,9,6,0.03265282938512965,0.896551724137931,1.0,0.9454545454545454,26,1.0,0.8192771084337349,1.0,1.0,0.15399481402638326,1.0,1.0,0.7,0.6,0.0,1.0,1.0,1.05
simgp24,straddle_min,10,6,0.051459216784532864,0.9285714285714286,1.0,0.962962962962963,26,1.0,0.6463414634146342,0.975609756097561,1.0,0.16157023354695582,1.0,1.0,0.55,0.6,0.0,1.0,1.0,1.0
simgp24,straddle_min,11,6,0.054771126106360146,0.9629629629629629,1.0,0.9811320754716981,26,0.9382716049382716,0.6172839506172839,0.9135802469135802,0.9753086419753086,0.16822685659174733,1.0,0.9382716049382716,0.55,0.6,0.5,1.0,1.0,1.0
simgp24,straddle_min,12,6,0.05543841704912586,0.9629629629629629,1.0,0.9811320754716981,26,0.9375,0.6125,0.9125,0.95,0.17077026675421741,1.0,0.9375,0.55,0.6,0.5,1.0,1.0,1.0
simgp24,straddle_min,13,6,0.056381364705524975,0.9629629629629629,1.0,0.9811320754716981,26,0.9367088607594937,0.5822784810126582,0.8987341772151899,0.9493670886075949,0.1722753218746322,1.0,0.9367088607594937,0.55,0.6,0.5,1.0,1.0,1.0
simgp24,straddle_min,14,6,0.05521156663324201,1.0,1.0,1.0,26,0.9230769230769231,0.5897435897435898,0.8717948717948718,0.9615384615384616,0.1715158954636595,1.0,0.9102564102564102,0.4,0.6,0.0,1.0,1.0,0.9
simgp24,straddle_min,15,6,0.05450494104481291,1.0,1.0,1.0,26,0.922077922077922,0.6363636363636364,0.8961038961038961,0.987012987012987,0.17083459549977337,1.0,0.935064935064935,0.4,0.6,0.0,1.0,1.0,0.9
simgp24,random,3,7,0.07311358814668045,0.88,0.7857142857142857,0.830188679245283,28,1.0,0.6292134831460674,0.9438202247191011,1.0,0.1527947628468475,0.09523809523809523,0.9101123595505618,0.1,0.3,0.5,1.0,0.9,0.9
simgp24_g75,random,3,7,0.11848255473304994,1.0,0.7142857142857143,0.8333333333333333,28,0.7191011235955056,0.3595505617977528,0.651685393258427,0.8764044943820225,,,,,,,,,
simgp_timeblind,random,3,7,0.23910973751423797,1.0,0.03571428571428571,0.0689655172413793,28,0.3707865168539326,,,,0.24577968224422408,0.0,0.3595505617977528,,,,,,
mean_of_samples,random,3,7,0.281866236748954,1.0,0.0,0.0,28,0.0,,,,0.3455828452510529,0.0,0.0,,,,,,
simgp24,random,4,7,0.07268948932668876,0.9565217391304348,0.7857142857142857,0.8627450980392156,28,1.0,0.5113636363636364,0.9318181818181818,1.0,0.1472357564337829,0.09523809523809523,0.8636363636363636,0.1,0.3,0.0,1.0,0.9,0.9
simgp24_g75,random,4,7,0.11464547864641059,1.0,0.8571428571428571,0.923076923076923,28,0.875,0.4090909090909091,0.7954545454545454,0.9318181818181818,,,,,,,,,
simgp_timeblind,random,4,7,0.3270593346236757,1.0,0.03571428571428571,0.0689655172413793,28,0.3068181818181818,,,,0.27893505018008824,0.0,0.5,,,,,,
mean_of_samples,random,4,7,0.29880656124601557,1.0,0.0,0.0,28,0.0,,,,0.3333505149050874,0.0,0.0,,,,,,
simgp24,random,5,7,0.0801533345346526,0.9545454545454546,0.7777777777777778,0.8571428571428572,27,1.0,0.4827586206896552,0.9080459770114943,1.0,0.1496373209946011,0.1,0.8505747126436781,0.1,0.3,0.0,1.0,0.9,0.9
simgp24_g75,random,5,7,0.11226880163029494,1.0,0.5925925925925926,0.7441860465116279,27,0.7126436781609196,0.39080459770114945,0.5747126436781609,0.8160919540229885,,,,,,,,,
simgp_timeblind,random,5,7,0.3190754932036464,1.0,0.037037037037037035,0.07142857142857142,27,0.367816091954023,,,,0.2696070941742909,0.0,0.5747126436781609,,,,,,
mean_of_samples,random,5,7,0.2955520495756631,1.0,0.0,0.0,27,0.0,,,,0.3330752009107132,0.0,0.0,,,,,,
simgp24,random,6,7,0.08463897573170635,1.0,0.7777777777777778,0.8750000000000001,27,0.9651162790697675,0.4418604651162791,0.7906976744186046,1.0,0.1580023735533257,0.1,0.7325581395348837,0.1,0.3,0.0,1.0,0.9,0.9
simgp24_g75,random,6,7,0.10805753730491442,1.0,0.6296296296296297,0.7727272727272727,27,0.7093023255813954,0.4186046511627907,0.5930232558139535,0.7790697674418605,,,,,,,,,
simgp_timeblind,random,6,7,0.3212899537507895,1.0,0.037037037037037035,0.07142857142857142,27,0.27906976744186046,,,,0.2822034366675334,0.0,0.46511627906976744,,,,,,
mean_of_samples,random,6,7,0.31421528755848943,1.0,0.0,0.0,27,0.0,,,,0.32906079435589497,0.0,0.0,,,,,,
simgp24,random,7,7,0.08491096879435177,0.9545454545454546,0.7777777777777778,0.8571428571428572,27,0.9411764705882353,0.5176470588235295,0.8235294117647058,0.9764705882352941,0.15906623842646217,0.1,0.7764705882352941,0.1,0.3,0.0,1.0,0.9,0.9
simgp24_g75,random,7,7,0.10035434768791497,1.0,0.6296296296296297,0.7727272727272727,27,0.7058823529411765,0.36470588235294116,0.6235294117647059,0.7764705882352941,,,,,,,,,
simgp_timeblind,random,7,7,0.3024035734423835,1.0,0.037037037037037035,0.07142857142857142,27,0.25882352941176473,,,,0.2786211400970892,0.0,0.4235294117647059,,,,,,
mean_of_samples,random,7,7,0.32184188775050243,1.0,0.0,0.0,27,0.0,,,,0.3304430011563439,0.0,0.0,,,,,,
simgp24,random,8,7,0.06652189639216145,0.96,0.8888888888888888,0.923076923076923,27,0.9642857142857143,0.5476190476190477,0.9523809523809523,1.0,0.12459517311692564,0.2,0.9880952380952381,0.1,0.6,1.0,1.15,1.1,1.0
simgp24_g75,random,8,7,0.1300884086020469,1.0,0.8518518518518519,0.92,27,0.8095238095238095,0.40476190476190477,0.6428571428571429,0.8809523809523809,,,,,,,,,
simgp_timeblind,random,8,7,0.22270242025096754,1.0,0.1111111111111111,0.19999999999999998,27,0.39285714285714285,,,,0.23334945667045948,0.1,0.38095238095238093,,,,,,
mean_of_samples,random,8,7,0.3189536345721365,1.0,0.0,0.0,27,0.0,,,,0.33199573372371705,0.0,0.0,,,,,,
simgp24,random,9,7,0.0702847701504407,1.0,0.8888888888888888,0.9411764705882353,27,0.963855421686747,0.5180722891566265,0.9156626506024096,0.9759036144578314,0.12451547422968136,0.2,1.0,0.1,0.6,1.0,1.15,1.1,1.0
simgp24_g75,random,9,7,0.11969572304293288,1.0,0.8518518518518519,0.92,27,0.8313253012048193,0.40963855421686746,0.6626506024096386,0.927710843373494,,,,,,,,,
simgp_timeblind,random,9,7,0.2231749703830149,1.0,0.1111111111111111,0.19999999999999998,27,0.3855421686746988,,,,0.23380780778944826,0.1,0.37349397590361444,,,,,,
mean_of_samples,random,9,7,0.332758783400509,1.0,0.0,0.0,27,0.0,,,,0.33337126077030055,0.0,0.0,,,,,,
simgp24,random,10,7,0.12369960489499778,0.9230769230769231,0.8888888888888888,0.9056603773584906,27,0.7682926829268293,0.5487804878048781,0.7439024390243902,0.7926829268292683,0.12680426090518812,0.2,1.0,0.1,0.6,1.0,1.15,1.1,1.0
simgp24_g75,random,10,7,0.11966385206707296,1.0,0.8518518518518519,0.92,27,0.8170731707317073,0.4024390243902439,0.6707317073170732,0.9024390243902439,,,,,,,,,
simgp_timeblind,random,10,7,0.2861637632411541,1.0,0.07407407407407407,0.13793103448275862,27,0.47560975609756095,,,,0.25427123445502475,0.05,0.6097560975609756,,,,,,
mean_of_samples,random,10,7,0.345953722771332,1.0,0.0,0.0,27,0.0,,,,0.3372863254451498,0.0,0.0,,,,,,
simgp24,random,11,7,0.11851557519466042,0.9615384615384616,0.9259259259259259,0.9433962264150944,27,0.7654320987654321,0.5679012345679012,0.7407407407407407,0.8024691358024691,0.12534342090003786,0.2,1.0,0.1,0.6,1.0,1.15,1.1,1.0
simgp24_g75,random,11,7,0.12075934855910024,1.0,0.8518518518518519,0.92,27,0.7777777777777778,0.35802469135802467,0.6172839506172839,0.8888888888888888,,,,,,,,,
simgp_timeblind,random,11,7,0.23605284019578748,1.0,0.07407407407407407,0.13793103448275862,27,0.3950617283950617,,,,0.2384990617209034,0.05,0.4567901234567901,,,,,,
mean_of_samples,random,11,7,0.35076679113292764,1.0,0.0,0.0,27,0.0,,,,0.3401571437291311,0.0,0.0,,,,,,
simgp24,random,12,7,0.11096407979203633,0.96,0.8888888888888888,0.923076923076923,27,0.7625,0.5375,0.7375,0.85,0.1197363937480296,0.2,0.9875,0.25,0.3,1.0,1.0,0.9,0.9
simgp24_g75,random,12,7,0.14725990092076052,0.8518518518518519,0.8518518518518519,0.8518518518518519,27,0.6125,0.2,0.525,0.725,,,,,,,,,
simgp_timeblind,random,12,7,0.2462527353756605,1.0,0.07407407407407407,0.13793103448275862,27,0.5125,,,,0.2521949547346378,0.05,0.6625,,,,,,
mean_of_samples,random,12,7,0.3354354094310474,1.0,0.0,0.0,27,0.0,,,,0.3382342642465733,0.0,0.0,,,,,,
simgp24,random,13,7,0.11579569120168776,1.0,1.0,1.0,26,0.7721518987341772,0.6075949367088608,0.7215189873417721,0.7848101265822784,0.1187588314460125,0.5263157894736842,0.9873417721518988,0.25,0.6,1.0,1.15,1.1,1.0
simgp24_g75,random,13,7,0.12045491173644896,0.9285714285714286,1.0,0.962962962962963,26,0.7341772151898734,0.43037974683544306,0.7341772151898734,0.7341772151898734,,,,,,,,,
simgp_timeblind,random,13,7,0.21550079706106434,1.0,0.19230769230769232,0.32258064516129037,26,0.5443037974683544,,,,0.2365741681748685,0.15789473684210525,0.7974683544303798,,,,,,
mean_of_samples,random,13,7,0.3182575233257603,1.0,0.0,0.0,26,0.0,,,,0.33576827837555695,0.0,0.0,,,,,,
simgp24,random,14,7,0.11790092402490678,0.9629629629629629,1.0,0.9811320754716981,26,0.7564102564102564,0.5769230769230769,0.6923076923076923,0.7692307692307693,0.12300583997795407,0.5263157894736842,0.9871794871794872,0.25,0.6,1.0,1.15,1.1,1.0
simgp24_g75,random,14,7,0.1523318728822443,0.7857142857142857,0.8461538461538461,0.8148148148148148,26,0.48717948717948717,0.19230769230769232,0.41025641025641024,0.5641025641025641,,,,,,,,,
simgp_timeblind,random,14,7,0.21061405158300267,1.0,0.19230769230769232,0.32258064516129037,26,0.5512820512820513,,,,0.23287702284193335,0.15789473684210525,0.7948717948717948,,,,,,
mean_of_samples,random,14,7,0.3295571013084375,1.0,0.0,0.0,26,0.0,,,,0.3381577846415859,0.0,0.0,,,,,,
simgp24,random,15,7,0.11729354890810743,0.9615384615384616,1.0,0.9803921568627451,25,0.7272727272727273,0.5584415584415584,0.7012987012987013,0.7792207792207793,0.12195035358099311,0.5555555555555556,0.987012987012987,0.25,0.6,1.0,1.15,1.1,1.0
simgp24_g75,random,15,7,0.2128398629903607,0.7575757575757576,1.0,0.8620689655172413,25,0.24675324675324675,0.15584415584415584,0.19480519480519481,0.2987012987012987,,,,,,,,,
simgp_timeblind,random,15,7,0.2278397143215411,1.0,0.12,0.21428571428571425,25,0.6233766233766234,,,,0.23445572818617125,0.1111111111111111,0.8051948051948052,,,,,,
mean_of_samples,random,15,7,0.3159197756965821,1.0,0.0,0.0,25,0.0,,,,0.3359382739311754,0.0,0.0,,,,,,
simgp24,uncertainty,3,7,0.07311358814668045,0.88,0.7857142857142857,0.830188679245283,28,1.0,0.6292134831460674,0.9438202247191011,1.0,0.1527947628468475,0.09523809523809523,0.9101123595505618,0.1,0.3,0.5,1.0,0.9,0.9
simgp24,uncertainty,4,7,0.0706316259267083,0.9545454545454546,0.7777777777777778,0.8571428571428572,27,1.0,0.5681818181818182,0.9886363636363636,1.0,0.13253112862367014,0.23809523809523808,0.9545454545454546,0.1,0.3,0.0,1.0,0.9,1.0
simgp24,uncertainty,5,7,0.09448497506478636,0.8461538461538461,0.8461538461538461,0.8461538461538461,26,0.9195402298850575,0.4827586206896552,0.8390804597701149,0.9310344827586207,0.12742802903320505,0.3333333333333333,1.0,0.7,0.3,0.0,1.15,1.1,1.1
simgp24,uncertainty,6,7,0.09718962210315094,0.8260869565217391,0.76,0.7916666666666667,25,0.813953488372093,0.38372093023255816,0.6162790697674418,0.872093023255814,0.13662004007443135,0.3333333333333333,0.8255813953488372,0.7,0.3,0.0,1.15,1.1,1.05
simgp24,uncertainty,7,7,0.0792650206166405,0.8181818181818182,0.75,0.7826086956521738,24,0.9647058823529412,0.7058823529411765,0.9176470588235294,0.9647058823529412,0.16489763975138844,0.4,0.8941176470588236,0.7,0.3,1.0,1.0,1.0,0.9
simgp24,uncertainty,8,7,0.093433400963632,0.8095238095238095,0.7391304347826086,0.7727272727272727,23,0.9285714285714286,0.6071428571428571,0.8571428571428571,0.9761904761904762,0.20124906047473587,0.3684210526315789,0.8214285714285714,0.7,0.3,1.0,1.0,1.0,0.9
simgp24,uncertainty,9,7,0.08691678043350984,0.8095238095238095,0.7391304347826086,0.7727272727272727,23,0.927710843373494,0.5903614457831325,0.8433734939759037,0.9759036144578314,0.2017597059003377,0.3684210526315789,0.8192771084337349,0.7,0.3,1.0,1.0,1.0,0.95
simgp24,uncertainty,10,7,0.15241844366694265,0.7096774193548387,1.0,0.8301886792452831,22,0.7439024390243902,0.13414634146341464,0.5365853658536586,0.926829268292683,0.16679931154194266,0.8333333333333334,0.9634146341463414,0.55,0.6,1.0,1.0,1.0,1.05
simgp24,uncertainty,11,7,0.21446896154154085,0.5675675675675675,1.0,0.7241379310344828,21,0.9629629629629629,0.04938271604938271,0.5432098765432098,0.9753086419753086,0.1723554396919621,0.8888888888888888,0.9876543209876543,0.55,0.6,1.0,1.0,1.0,1.05
simgp24,uncertainty,12,7,0.2546307069416983,0.47619047619047616,1.0,0.6451612903225806,20,0.875,0.025,0.5375,0.9,0.2542011310133803,0.8823529411764706,0.925,0.55,0.6,0.5,1.0,1.1,1.0
simgp24,uncertainty,13,7,0.24249711969928742,0.4634146341463415,1.0,0.6333333333333334,19,0.8734177215189873,0.05063291139240506,0.5822784810126582,0.9113924050632911,0.2454852899004481,0.8125,0.9240506329113924,0.4,0.6,0.0,1.0,1.1,0.95
simgp24,uncertainty,14,7,0.21767712041499898,0.5625,1.0,0.72,18,0.8974358974358975,0.1794871794871795,0.7307692307692307,0.9102564102564102,0.2217753717358226,0.3333333333333333,0.9358974358974359,0.4,0.6,1.0,1.0,1.0,1.0
simgp24,uncertainty,15,7,0.21032011367814044,0.6428571428571429,1.0,0.782608695652174,18,0.8051948051948052,0.1038961038961039,0.5584415584415584,0.9090909090909091,0.21213181195671207,0.4,0.987012987012987,0.4,0.6,1.0,1.0,1.0,1.05
simgp24,straddle,3,7,0.07311358814668045,0.88,0.7857142857142857,0.830188679245283,28,1.0,0.6292134831460674,0.9438202247191011,1.0,0.1527947628468475,0.09523809523809523,0.9101123595505618,0.1,0.3,0.5,1.0,0.9,0.9
simgp24,straddle,4,7,0.0907414770743495,0.8333333333333334,0.7407407407407407,0.7843137254901961,27,0.9431818181818182,0.4318181818181818,0.8522727272727273,0.9772727272727273,0.14512370173017572,0.14285714285714285,0.9090909090909091,0.7,0.1,0.0,1.0,0.9,0.95
simgp24,straddle,5,7,0.09382031003280411,0.8333333333333334,0.7692307692307693,0.8,26,0.8275862068965517,0.4482758620689655,0.6781609195402298,0.9770114942528736,0.1403815111056563,0.25,0.9080459770114943,0.55,0.3,0.0,1.15,1.1,0.9
simgp24,straddle,6,7,0.11717904652855572,0.95,0.76,0.8444444444444444,25,0.9534883720930233,0.5,0.8023255813953488,0.9651162790697675,0.20202723333002748,0.3684210526315789,0.8255813953488372,0.55,0.3,0.5,1.0,1.0,0.9
simgp24,straddle,7,7,0.11146715040015552,0.8571428571428571,0.75,0.7999999999999999,24,0.9294117647058824,0.5529411764705883,0.8,0.9882352941176471,0.19808900166517807,0.3684210526315789,0.8235294117647058,0.55,0.3,0.5,1.0,1.0,0.9
simgp24,straddle,8,7,0.07649110450764228,0.8518518518518519,1.0,0.92,23,0.9642857142857143,0.8214285714285714,0.9404761904761905,0.9761904761904762,0.1731971081048405,0.7777777777777778,0.9761904761904762,0.4,0.6,1.0,1.0,1.0,1.0
simgp24,straddle,9,7,0.0786524927341573,0.88,1.0,0.9361702127659575,22,0.963855421686747,0.7831325301204819,0.9397590361445783,1.0,0.17669502630894612,0.8235294117647058,0.9759036144578314,0.4,0.6,1.0,1.0,1.0,1.05
simgp24,straddle,10,7,0.08642067709244212,0.8076923076923077,1.0,0.8936170212765957,21,0.9878048780487805,0.8536585365853658,0.9878048780487805,1.0,0.1685791729053462,0.7058823529411765,0.9878048780487805,0.25,0.6,1.0,1.0,1.0,0.95
simgp24,straddle,11,7,0.17707559868783407,0.8333333333333334,1.0,0.9090909090909091,20,0.9629629629629629,0.8395061728395061,0.9135802469135802,0.9629629629629629,0.24694998543560284,0.6875,0.9382716049382716,0.4,0.6,1.0,1.0,1.0,1.05
simgp24,straddle,12,7,0.15185009674003128,0.6666666666666666,1.0,0.8,20,0.9125,0.5375,0.7875,0.925,0.3524678963306583,0.375,0.85,0.4,0.6,1.0,1.0,1.0,1.0
simgp24,straddle,13,7,0.2751720027227864,0.76,1.0,0.8636363636363636,19,0.7848101265822784,0.569620253164557,0.7468354430379747,0.8481012658227848,0.34789462056833004,0.8,0.7848101265822784,0.4,0.6,1.0,1.0,1.0,1.05
simgp24,straddle,14,7,0.14477539528741296,0.8181818181818182,1.0,0.9,18,0.9358974358974359,0.6666666666666666,0.8717948717948718,0.9615384615384616,0.21605917248030385,0.7857142857142857,0.9487179487179487,0.4,0.6,1.0,1.0,1.0,1.05
simgp24,straddle,15,7,0.12808698043630465,0.8095238095238095,1.0,0.8947368421052632,17,0.948051948051948,0.6753246753246753,0.8831168831168831,0.961038961038961,0.20274271383720716,0.7692307692307693,0.961038961038961,0.4,0.6,0.5,1.0,1.0,1.05
simgp24,straddle_min,3,7,0.07311358814668045,0.88,0.7857142857142857,0.830188679245283,28,1.0,0.6292134831460674,0.9438202247191011,1.0,0.1527947628468475,0.09523809523809523,0.9101123595505618,0.1,0.3,0.5,1.0,0.9,0.9
simgp24,straddle_min,4,7,0.06319551194653929,0.9,1.0,0.9473684210526316,27,0.9772727272727273,0.7840909090909091,0.9545454545454546,0.9772727272727273,0.1253824865891293,0.35,0.9772727272727273,0.1,0.6,1.0,1.15,1.0,0.9
simgp24,straddle_min,5,7,0.060900163430350054,0.896551724137931,1.0,0.9454545454545454,26,1.0,0.8620689655172413,0.9425287356321839,1.0,0.10659966685677626,0.6,0.9770114942528736,0.25,0.6,1.0,1.15,0.9,0.95
simgp24,straddle_min,6,7,0.07941808252250697,0.896551724137931,1.0,0.9454545454545454,26,0.9883720930232558,0.6976744186046512,0.9186046511627907,1.0,0.10189259639750826,0.7,0.9767441860465116,0.25,0.6,1.0,1.15,0.9,0.95
simgp24,straddle_min,7,7,0.08054158537772116,0.896551724137931,1.0,0.9454545454545454,26,0.9058823529411765,0.6705882352941176,0.8,0.9529411764705882,0.1063751187672754,0.85,0.9882352941176471,0.4,0.6,1.0,1.15,1.1,1.05
simgp24,straddle_min,8,7,0.11194087111847803,0.9259259259259259,1.0,0.9615384615384615,25,0.9047619047619048,0.5714285714285714,0.8095238095238095,0.9642857142857143,0.09588485943042088,0.6842105263157895,0.9761904761904762,0.4,0.6,1.0,1.15,1.1,1.0
simgp24,straddle_min,9,7,0.104064915853969,0.9230769230769231,1.0,0.9600000000000001,24,0.7469879518072289,0.5301204819277109,0.7108433734939759,0.7951807228915663,0.1152193700167373,0.8421052631578947,0.9879518072289156,0.4,0.6,1.0,1.15,1.1,1.0
simgp24,straddle_min,10,7,0.10212347115160506,0.96,1.0,0.9795918367346939,24,0.7439024390243902,0.524390243902439,0.6951219512195121,0.8048780487804879,0.11357390077687715,0.8421052631578947,0.9878048780487805,0.25,0.6,1.0,1.15,1.1,0.9
simgp24,straddle_min,11,7,0.10194587354737555,1.0,1.0,1.0,24,0.8518518518518519,0.5555555555555556,0.691358024691358,0.9382716049382716,0.12781766894927662,0.7894736842105263,0.9382716049382716,0.25,0.6,1.0,1.15,1.1,0.9
simgp24,straddle_min,12,7,0.09363867431373774,1.0,1.0,1.0,23,0.775,0.5125,0.725,0.8625,0.11447115908497457,0.8333333333333334,0.975,0.25,0.6,1.0,1.15,1.1,0.9
simgp24,straddle_min,13,7,0.09329131344121842,1.0,1.0,1.0,22,0.7848101265822784,0.4810126582278481,0.7215189873417721,0.9367088607594937,0.11768653998683067,0.8235294117647058,0.9873417721518988,0.25,0.6,1.0,1.15,1.1,0.9
simgp24,straddle_min,14,7,0.09515946251152603,1.0,1.0,1.0,21,0.8333333333333334,0.44871794871794873,0.6923076923076923,0.9230769230769231,0.1209867703934408,0.8125,1.0,0.25,0.6,1.0,1.15,1.1,0.9
simgp24,straddle_min,15,7,0.08601075227826711,1.0,1.0,1.0,21,0.8701298701298701,0.4805194805194805,0.7662337662337663,0.922077922077922,0.11271061148090088,0.8125,1.0,0.25,0.6,1.0,1.15,1.1,0.9
