,age_h,age_mean_h,age_max_h,emb0,emb1,emb2,dist_src_km,dist_tank_km,path_len_km,path_mean_rough,path_min_rough,path_mean_diam_m,path_min_diam_m,path_sum_L_over_D,path_wall_index,elevation_m,demand_lps,degree,inc_vel_mean_ms,inc_vel_min_ms,inc_abs_flow_m3s,inc_frac_sloshing,pressure_mean_m,pressure_min_m
J-1,16.72370719909668,15.32650375366211,23.73284149169922,657.7402832896194,1147.7417816531795,-1973.3746314793786,4.759062112,2.5722151248,4.758062111999999,150.00000000000003,150.0,0.23080505487353334,0.2032,21294.956000000002,13414.981660492565,186.35158056,0.15709458903600002,3.0,0.1815204620361328,0.007409600540995598,0.005635460838675499,0.0,60.8421630859375,57.86085891723633
J-10,68.85393524169922,58.4582633972168,71.20664978027344,7999.871110862694,973.6774021907856,1366.904906189487,12.665320518400002,3.3907552200000004,12.6643205184,150.0,150.0,0.2401650512707605,0.1016,58677.789000000004,36964.69076119493,166.395654,0.10346792209599999,1.0,0.012756439857184887,0.0026673185639083385,0.00010342049790779129,0.0,79.49667358398438,75.83143615722656
J-100,5.609917163848877,5.25196647644043,5.640387058258057,-5502.344358014623,-454.61538047725173,2145.338721253508,6.2366145544,0.7930097424,6.235614554399999,145.82179203465748,140.0,0.3375666575700043,0.1016,19413.414500000003,13279.397375088074,215.12738280000002,0.074446431752,3.0,0.13164301216602325,9.351868357043713e-05,0.004269086290150881,0.0,33.8570556640625,32.126399993896484
J-101,54.207862854003906,62.7175407409668,80.67534637451172,4198.20818694063,157.39340410294912,-139.82230633327706,8.8150482088,1.4354872992,8.814048208800001,149.99999999999997,150.0,0.20093504315953384,0.15239999999999998,46141.579500000014,29067.373643723884,195.09400656,0.0157725491,2.0,0.006572147365659475,0.0013233833014965057,0.00021312992612365633,0.0,51.19894790649414,47.809879302978516
J-102,122.40918731689453,126.85448455810547,132.9127960205078,-4521.549305335203,-462.67673730645953,1618.0829930005495,5.261843732799997,1.3695931967999997,5.260843732799999,145.04762054847555,140.0,0.3500502868078804,0.2032,15553.337000000001,10847.70092685028,214.26525600000002,0.007570823568,1.0,0.00023334950674325228,4.879224798060022e-05,7.567353804915911e-06,0.0,34.35365676879883,32.3388557434082
J-103,51.55543518066406,27.552276611328125,53.28316116333008,-4398.300277379075,-425.04045160461067,1570.3216570121056,5.110454754399998,1.2182042183999997,5.1094547544,144.90088558322904,140.0,0.3544013410722219,0.2032,14808.312500000002,10378.36490173158,214.95568896,0.044794039444,3.0,0.0037113800644874573,0.00026835757307708263,0.00012035732652293518,0.0,33.6632194519043,31.648418426513672
J-104,78.57579803466797,82.31336212158203,86.9056167602539,-2910.497852621197,3070.6317350383324,-1451.4732537243606,2.4463878448,3.151827681600001,2.4453878448,150.0,150.0,0.25691195656048676,0.2032,9913.685000000001,6245.230206763529,197.01762984,0.0473176473,3.0,0.0012449942296370864,0.00011527373862918466,4.0374256059294567e-05,0.0,51.243896484375,48.50699234008789
J-105,156.88995361328125,151.13223266601562,157.9249267578125,-3784.862329979383,-666.4862461338901,928.0615516457708,5.175654522400001,2.413016256,5.1746545224,149.99999999999997,150.0,0.2434635712469414,0.1016,24972.630500000003,15731.771419098368,203.90303136000003,0.008832627496,1.0,0.00027224113000556827,5.692417471436784e-05,8.82858057593694e-06,0.0,44.30849838256836,41.929141998291016
J-106,73.11172485351562,47.754791259765625,100.9327621459961,-3215.884062404427,-311.9501768662423,994.1416512007825,4.158811547200001,1.3298280744000002,4.157811547200001,143.7337962280793,140.0,0.3579252098912155,0.15239999999999998,12447.533000000001,8891.167008626433,213.10793040000001,0.060566588544,3.0,0.09471338242292404,0.003564564511179924,0.002131895162165165,0.3333333333333333,35.156864166259766,32.809783935546875
J-107,130.13963317871094,91.94082641601562,136.49842834472656,-4168.861222649904,-643.8795830398587,1420.146208538269,5.324786456800002,2.1061652568,5.323786456800001,145.10617215558636,140.0,0.32067788097792504,0.15239999999999998,18763.3335,12869.872007069716,197.28539664000002,0.022081568739999998,3.0,0.0005898558883927763,1.2793026144208852e-05,1.9128592612105422e-05,0.0,51.010589599609375,48.704498291015625
J-108,65.7032470703125,83.5713119506836,126.28245544433594,-3650.2875969999905,-476.30815339011696,1174.4431460615035,4.700002235200001,1.8710187624,4.699002235200002,144.45548371847258,140.0,0.33629786214588164,0.15239999999999998,15688.608000000002,10932.916317020445,210.61103928,0.05993568658,3.0,0.040421854704618454,0.0016623190604150295,0.0013108510756865144,1.0,37.68221664428711,35.3726806640625
J-109,99.34546661376953,39.1220703125,99.34546661376953,-5021.38820963854,-465.9303178330668,1961.8926255727047,5.7158366272,0.2722318152,5.7148366271999995,145.44104300794947,140.0,0.3498111352303191,0.1016,16850.531000000003,11664.88194004895,213.6648,0.07318462782400001,3.0,0.2501801550388336,0.02704220823943615,0.015607975423336029,0.6666666666666666,35.211307525634766,33.478790283203125
J-11,55.84038543701172,59.465545654296875,65.05828857421875,2416.7354291359725,760.8336245483127,-2074.4390048784517,7.351410496000001,3.6055846608,7.350410496,150.0,150.0,0.19601129881503693,0.1016,42974.126000000004,27072.002974117284,194.24742456,0.37791027643600006,3.0,0.04502295330166817,0.0003910032392013818,0.000316131190629676,0.0,52.037994384765625,48.64360809326172
J-110,15.59809398651123,8.518966674804688,25.372474670410156,-2634.7172350373153,2745.375683875555,-922.7060091552755,1.7498439495999998,2.455283786400001,1.7488439496000001,149.99999999999997,150.0,0.2783047946407579,0.2032,6485.811500000001,4085.8052172501216,204.36166392,0.033437804092,3.0,0.06718464940786362,0.006768020335584879,0.002178749069571495,0.0,43.90253829956055,41.1660270690918
J-111,101.21588897705078,53.96488571166992,106.48115539550781,-3508.329273133629,-559.2355736087887,921.2781410356632,4.791797936800002,2.0291596704000003,4.790797936800001,149.99999999999997,150.0,0.24668963863421184,0.1016,23083.572500000002,14541.739449762214,174.7404684,0.148892863504,3.0,0.05328163504600525,0.0003618763294070959,0.0017278845189139247,0.0,73.47107696533203,71.09172058105469
J-112,72.71663665771484,45.83689880371094,100.15978240966797,-3276.532630429526,-338.0845285314799,1009.0103534891219,4.236742506400001,1.4077590336,4.235742506400001,143.84908446142933,140.0,0.3550785108765741,0.15239999999999998,12831.051500000001,9132.768524213487,210.31187808,0.105360627988,2.0,0.08384078741073608,0.005646590143442154,0.0027188952080905437,0.0,37.94891357421875,35.59943771362305
J-113,50.56715393066406,27.085988998413086,50.98019790649414,-4013.806663222488,-388.4773858079597,1380.9474321029736,4.690875608799999,1.4159383415999998,4.6898756088,144.44469393791312,140.0,0.3612419095908026,0.30479999999999996,13249.781,9396.551579844465,214.37172264,0.047948549264,3.0,0.16945719718933105,0.00079287652624771,0.012313351035118103,0.0,34.171451568603516,32.06132888793945
J-114,156.16041564941406,147.2365264892578,161.290771484375,-4386.722195083373,-723.0614646379286,1482.2035423613743,5.605004946400002,2.386383746400001,5.6040049464,145.35087947830294,140.0,0.3148036045124501,0.15239999999999998,20142.3615,13738.60520986693,177.45175584,0.029652392308,1.0,0.0009139522444456816,0.00019110360881313682,2.9638802516274154e-05,0.0,70.84423065185547,68.53813934326172
J-115,120.24384307861328,118.6864013671875,121.16829681396484,-6327.402797783647,-318.1936972126008,2363.5215281915175,5.882244930400001,1.9641342480000001,5.881244930400001,149.99999999999997,150.0,0.29899586852280974,0.2032,19925.305500000002,12552.155912518048,191.18506848,0.006309019640000001,1.0,0.0001944579416885972,4.066012843395583e-05,6.306128398136934e-06,0.0,58.26225280761719,56.523826599121094
J-116,15.062973976135254,9.859203338623047,28.579341888427734,-2643.405557645503,2841.252592975623,-1122.2724907188574,1.9965579088,2.7019977456000004,1.9955579088000002,149.99999999999997,150.0,0.26901947089294104,0.2032,7699.955000000001,4850.66769387164,201.53116920000002,0.049210353192000005,3.0,0.02297419123351574,0.0023826956748962402,0.0007450362318195403,0.0,46.730499267578125,43.993656158447266
J-117,152.2906951904297,131.74903869628906,159.2906951904297,-4727.383637119227,-712.6486754016789,1828.5562729275873,5.875584136000001,1.3867342344000002,5.874584135999999,145.56501468072602,140.0,0.30966322143743996,0.15239999999999998,21473.952,14577.45466026195,198.47503104,0.019557960884,1.0,0.0006028195493854582,0.00012604708899743855,1.954899744305294e-05,0.0,49.8284912109375,47.53119659423828
J-118,118.51063537597656,96.804443359375,127.51056671142578,-4562.2259812081775,-654.6615364390481,1758.950142167648,5.672965288000001,1.1841153864,5.671965287999999,145.4065843006619,140.0,0.3134663926817459,0.15239999999999998,20476.812,13949.295822415863,190.46025408,0.049210353192000005,3.0,0.02065589837729931,0.00012604708899743855,0.0006698556826449931,0.0,57.843265533447266,55.54597854614258
J-119,144.48106384277344,142.97711181640625,145.39501953125,-6613.874611100977,-371.0815940397507,2504.966390867212,6.207016340800001,2.2889056584,6.206016340800001,150.0,150.0,0.29398270748323774,0.2032,21523.59,13559.0120551534,186.64385328000003,0.019557960884,1.0,0.0006028195493854582,0.000126047118101269,1.954899744305294e-05,0.0,62.8034553527832,61.065006256103516
J-12,70.26028442382812,66.37297821044922,72.09882354736328,3330.7276384140646,282.40328625105195,-2045.476290820202,8.2451691352,3.3006977928000008,8.2441691352,150.00000000000003,150.0,0.18577607528065407,0.1016,51770.963,32613.66302851432,180.98667384000004,0.018296156956000002,1.0,0.0022557119373232126,0.00047165999421849847,1.8287772036273964e-05,0.0,65.38496398925781,62.033058166503906
J-120,19.82815933227539,27.67279624938965,42.78898620605469,-2812.4441411326584,2986.505923979315,-1330.679089887079,2.2812261736,2.986666010400001,2.2802261736,150.0,150.0,0.2608024287477023,0.2032,9100.881500000001,5733.196087224415,199.27772184000003,0.044163137479999996,3.0,0.0016828993102535605,0.00011527373862918466,5.4575186368310824e-05,0.0,48.98380661010742,46.24689865112305
J-121,153.62261962890625,150.4445343017578,164.104736328125,-3760.004989523027,-656.8453757619006,927.4512471552406,5.1411502480000015,2.3785119816,5.140150248000001,149.99999999999994,150.0,0.24373384842632323,0.1016,24802.826000000005,15624.801287139931,197.6106792,0.005678117676,1.0,0.00017501211550552398,3.659411959233694e-05,5.675514785252744e-06,0.0,50.60084915161133,48.221492767333984
J-122,127.23800659179688,87.50369262695312,127.23800659179688,-3719.899255239002,-641.2922943491752,926.4726361447629,5.085476699200002,2.3228384328000002,5.084476699200001,149.99999999999997,150.0,0.24417768233921533,0.1016,24528.842000000004,15452.202182672732,197.58931272,0.041639529624000006,3.0,0.0007259761914610863,3.659411959233694e-05,2.3542879716842435e-05,0.0,50.62221908569336,48.242862701416016
J-123,14.796231269836426,11.211487770080566,31.10068702697754,-2680.8075418798785,2873.4042554191724,-1168.3931314832785,2.0595411712,2.764981008000001,2.0585411712,150.0,150.0,0.26700565398984616,0.2032,8009.912000000001,5045.9283683027725,201.9060732,0.070661019968,4.0,0.005153134930878878,4.0660088416188955e-05,0.0001671123900450766,0.0,46.35551834106445,43.618621826171875
J-124,99.28740692138672,82.73406982421875,100.86493682861328,-1078.7821077653596,-1406.0460312919265,-944.3416209888271,6.784060652800001,3.4847893728,6.783060652800001,150.0,150.0,0.2441328234356077,0.15239999999999998,29983.99850000001,18888.73543508316,201.59057472,0.030283294272,2.0,0.00040187963168136775,2.8461699912440963e-05,1.3032661627221387e-05,0.0,45.64229202270508,42.7081298828125
J-125,118.51063537597656,79.46279907226562,123.51046752929688,-4667.455602589573,-651.617948131364,1826.1553835141467,5.769631084000001,1.0487476104000002,5.768631084,145.48355684032853,140.0,0.3116186425889737,0.15239999999999998,20952.5295,14248.979068442546,209.99189904,0.08580266710400002,3.0,0.03451835736632347,0.005295067559927702,0.0011194050312042236,0.0,38.31111526489258,36.01323318481445
J-126,118.51063537597656,99.35079193115234,127.51054382324219,-4535.931129349328,-649.049557020381,1746.4453345703475,5.643351529600001,1.1750271648000004,5.6423515296,145.38247585898873,140.0,0.3140451234282062,0.15239999999999998,20331.075,13857.487265391599,199.35127008,0.039746823732,3.0,0.011608588509261608,9.35187708819285e-05,0.0003764579596463591,0.0,48.95140075683594,46.653133392333984
J-127,118.51063537597656,106.66543579101562,127.51060485839844,-4311.988662536103,-651.6427967523781,1563.2333445056556,5.446651592800003,1.6886172984000003,5.445651592800001,145.2156883421541,140.0,0.31804891037663,0.15239999999999998,19363.0635,13247.678232696444,179.28497544,0.07760094157200001,3.0,0.0209802333265543,0.00024543554172851145,0.0006803736905567348,0.0,69.01288604736328,66.70899200439453
J-128,118.51063537597656,80.9298324584961,124.51051330566406,-4710.750878598288,-657.659428910092,1850.0875869761394,5.815151440000001,1.0419292344,5.81415144,145.5189171336755,140.0,0.3107698075941139,0.15239999999999998,21176.547000000002,14390.101250339958,203.47942032,0.029652392308,3.0,0.021473100408911705,2.4397573724854738e-05,0.0006963568739593029,0.0,44.8251953125,42.52913284301758
J-129,120.24259185791016,128.0780487060547,135.4783935546875,-1957.3333369194388,-1087.382569994635,96.73508271138822,5.3139745912,2.5513363248000003,5.312974591199999,150.00000000000003,150.0,0.24597699521754868,0.1016,24160.4425,15220.12504026236,195.93879024,0.017034353028,1.0,0.0005250364192761481,0.00010978293721564114,1.7026546629494987e-05,0.0,51.56550598144531,48.77652359008789
J-13,15.633455276489258,8.621981620788574,25.13262367248535,-2680.88734058132,2741.4104849851133,-887.6978271485408,1.7142795807999998,2.4197194176000005,1.7132795807999999,150.0,150.0,0.2798638248452765,0.2032,6310.79,3975.548581233034,204.286866,0.027128784452000003,3.0,0.06792359054088593,3.659438152681105e-05,0.0022027124650776386,0.0,43.97993087768555,41.24367141723633
J-130,33.80795669555664,53.2648811340332,66.07453918457031,-1979.2192713755749,-1072.308660055062,121.66624584376119,5.2646896504,2.5020513840000005,5.2636896504,150.0,150.0,0.24752311084806278,0.15239999999999998,23477.9045,14790.153043485783,205.13097912,0.035961411948000004,3.0,0.04908554255962372,0.006174901034682989,0.0015918082790449262,0.0,42.33341979980469,39.52627182006836
J-131,107.66230010986328,97.39102935791016,110.55896759033203,-1084.666344876423,-1415.056989229129,-955.8501396947087,6.8005588672,3.5012875872,6.7995588672,150.0,150.0,0.24403350544892244,0.15239999999999998,30065.190500000004,18939.883190024688,204.9091152,0.030283294272,3.0,0.0010357532883062959,0.0001260290591744706,3.3588719816179946e-05,0.0,42.323753356933594,39.389591217041016
J-132,75.20946502685547,82.3692398071289,97.61639404296875,-1079.0104802904177,-1406.8949938386386,-945.4056600006955,6.784513585600001,3.4852423056000004,6.783513585600001,150.0,150.0,0.24413009036548158,0.15239999999999998,29986.227500000005,18890.139617093264,204.61214856,0.023343372668000004,3.0,0.0025711909402161837,0.00022727256873622537,8.338184125022963e-05,0.0,42.62071990966797,39.686553955078125
J-133,23.589691162109375,21.672670364379883,24.459524154663086,-5550.18695023444,-406.28014082085997,2117.4873889325518,6.295608899199999,1.1342891208,6.294608899200001,145.8609510428343,140.0,0.34302246891815275,0.2032,18903.931500000002,12958.443196956276,214.36699824000002,0.022712470704,1.0,0.0007000485784374177,0.00014637719141319394,2.2702064597979188e-05,0.0,34.648963928222656,32.91933822631836
J-134,75.3819351196289,87.31999969482422,99.90928649902344,-1093.8253877995703,-1428.443692121091,-972.9776167593197,6.8264790592,3.5272077792,6.825479059200001,150.0,150.0,0.24387843760795638,0.15239999999999998,30192.750500000006,19020.240954586985,204.31777272,0.043532235516,2.0,0.0018841061973944306,0.0001793511037249118,6.110018148319796e-05,0.0,42.91508865356445,39.98091506958008
J-135,94.02362823486328,57.1368408203125,103.06779479980469,-3280.8619985308374,-463.4386370140476,698.7907755664645,4.5534586624000015,1.7908203960000002,4.5524586624,149.99999999999997,150.0,0.24896649377660032,0.1016,21910.643000000004,13802.84016621588,171.02958936000002,0.338794354668,3.0,0.11510225385427475,0.003560073208063841,0.0015484929317608476,0.0,77.17212677001953,74.78675079345703
J-136,53.46824645996094,58.048885345458984,68.36687469482422,-1693.8874926873673,-1416.7340625753538,25.58805596010667,5.740665025600001,2.9780267591999996,5.739665025599999,150.00000000000003,150.0,0.23862939832685834,0.15239999999999998,26787.447500000002,16875.0344891019,207.52685952000002,0.05047215712000001,3.0,0.04537105932831764,0.002033733995631337,0.001004200428724289,0.0,39.925052642822266,37.11219787597656
J-137,50.23204040527344,57.33871841430664,66.81966400146484,-1873.2426429160946,-1349.6431660389155,17.069750391916287,5.691889710400001,2.9292514440000006,5.6908897104,150.00000000000003,150.0,0.24419589198119987,0.15239999999999998,25580.267000000003,16114.558427615591,207.61366656,0.07003011800400001,3.0,0.04462597891688347,0.004749647341668606,0.0014471877366304398,0.0,39.840694427490234,37.0289421081543
J-138,47.84959030151367,57.318241119384766,68.25790405273438,-2121.2708778310557,-1209.3025689620388,31.71339060948685,5.5333361032,2.7706978368,5.5323361032,150.00000000000003,150.0,0.2453708109363662,0.15239999999999998,24799.983500000002,15623.010624347768,204.63077184000002,0.058673882652000006,2.0,0.02252371609210968,0.002509304555132985,0.0007304276223294437,0.0,42.83217239379883,40.02436065673828
J-14,15.49432373046875,8.569645881652832,25.177013397216797,-2542.3350800568437,2751.826028277345,-992.8788291905597,1.8210354759999998,2.5264753128000006,1.820035476,149.99999999999997,150.0,0.2753670359866326,0.2032,6836.163500000001,4306.513147086506,205.1442684,0.015141647136,3.0,0.043205756694078445,3.252822352806106e-05,0.0014011311577633023,0.0,43.11764144897461,40.38094711303711
J-140,47.29526901245117,54.68967056274414,77.08868408203125,-1063.7030006352093,-1158.469783589527,-414.2334213559791,5.9170098088000005,2.8817593367999996,5.9160098088,150.0,150.0,0.2501319411271223,0.15239999999999998,25717.016000000007,16200.704899441631,203.96856336000002,0.059304784616,3.0,0.08620791882276535,0.013706694357097149,0.0027956597041338682,0.0,43.28757095336914,40.36627197265625
J-141,47.86933517456055,46.7434196472168,76.22972106933594,-1077.8340414550353,-1196.5275155706008,-150.07021302012802,5.604410281600001,2.5691598096,5.6034102816,149.99999999999997,150.0,0.25275015072978013,0.15239999999999998,24178.632500000007,15231.584022211156,207.77566776000003,0.047948549264,3.0,0.0446363128721714,0.00045565105392597616,0.0014475230127573013,0.0,39.490177154541016,36.57425308227539
J-142,117.29473114013672,121.78401947021484,127.3070068359375,-1126.3690413032011,-1475.8051107223382,-1033.5845447122438,6.9186545416000005,3.6193832616000003,6.917654541600001,150.0,150.0,0.24333641074216777,0.15239999999999998,30646.370000000003,19306.003332933382,206.99854968,0.05047215712000001,2.0,0.0009182984940707684,0.00012537743896245956,2.9779750548186712e-05,0.0,40.23431396484375,37.30013656616211
J-143,47.74193572998047,45.83170700073242,76.27620697021484,-1053.031073234613,-1177.376616753138,-72.46153515495283,5.5416614104,2.5064109383999997,5.5406614104,150.0,150.0,0.25331131406314095,0.15239999999999998,23869.829000000005,15037.05000724555,208.1784,0.0315450982,2.0,0.06812973320484161,0.013378654606640339,0.002209397265687585,0.0,39.0895881652832,36.174869537353516
J-144,80.00241088867188,72.81795501708984,88.34044647216797,-1084.2678570453784,-1414.7640742189426,-955.5136795505877,6.799324427200001,3.5000531472,6.798324427200001,149.99999999999997,150.0,0.24404091999834648,0.15239999999999998,30059.115500000004,18936.056179835636,203.45235408000002,0.029652392308,3.0,0.0061254254542291164,0.00012537743896245956,0.00019864302885252982,0.0,43.7805061340332,40.84633255004883
J-145,31.131200790405273,56.00202560424805,71.48924255371094,-42.25241647257827,-352.2657606854284,-1282.670232445343,5.570683551999999,1.9510217520000002,5.569683552,150.00000000000003,150.0,0.22188920881026028,0.15239999999999998,26169.221500000003,16485.576513605745,199.83599352000002,0.08201725532000001,3.0,0.09189337491989136,0.002883033361285925,0.0029800347983837128,0.0,47.33668518066406,44.36433410644531
J-146,79.39999389648438,67.55619812011719,83.25286102294922,-1063.5214866066622,-1384.6221921776066,-916.946207626318,6.740544356800001,3.4412730768,6.739544356800001,150.0,150.0,0.24439712095580166,0.15239999999999998,29769.843500000003,18753.82623886304,202.47120288000002,0.055519372832,3.0,0.006600741297006607,0.0007313416572287679,0.00021405720326583833,0.0,44.7617073059082,41.82756042480469
J-147,45.02909851074219,63.357757568359375,79.4643783569336,-959.5836006620536,-1233.9612534180244,-724.1043511809345,6.445927724800001,3.1466564448,6.444927724800001,150.0,150.0,0.24628036271464876,0.15239999999999998,28319.958500000004,17840.455923149624,199.24861344,0.068137412112,3.0,0.014065789990127087,0.0015178441535681486,0.0004561432870104909,0.0,47.98445510864258,45.05038833618164
J-148,43.288394927978516,53.23320388793945,60.742042541503906,3278.232266581735,-160.58546240243467,-867.274250573076,8.1579561016,2.6756733888000004,8.1569561016,150.0,150.0,0.21417017839733224,0.15239999999999998,40355.33000000001,25422.26487122704,182.85375672,0.090218980852,3.0,0.041136786341667175,0.0013201874680817127,0.0007503950619138777,0.0,63.544769287109375,60.205936431884766
J-149,70.8984603881836,60.18796920776367,73.03728485107422,3295.7152415432092,-178.9282128309535,-941.2459381139859,8.2209570424,2.7386743296000002,8.2199570424,149.99999999999994,150.0,0.21369674777812797,0.15239999999999998,40768.72200000001,25682.68551255611,178.61926176000003,0.03469960802,3.0,0.0012791011249646544,7.951349834911525e-05,2.3332677301368676e-05,0.0,67.77013397216797,64.42684936523438
J-15,51.296546936035156,62.32191848754883,72.52294921875,2223.591824938281,-1764.1325352731944,-641.05127375196,8.036818828000001,1.8052548096,8.035818828,149.99999999999997,150.0,0.20375185256845113,0.15239999999999998,41523.85600000001,26158.390123601766,201.76373160000003,0.14510745172,3.0,0.07135680317878723,0.008071034215390682,0.001483248663134873,0.0,44.9434814453125,41.75338363647461
J-150,152.06324768066406,146.22544860839844,161.29067993164062,-4745.832365991306,-669.7751266325811,1865.9899519264786,5.857625015200001,1.0844028096,5.8566250152,145.55141496469702,140.0,0.30998968691023193,0.15239999999999998,21385.5705,14521.777804126308,202.14829776,0.003785411784,1.0,0.00011667492799460888,2.4397573724854738e-05,3.783682359426166e-06,0.0,46.15631103515625,43.86025619506836
J-151,41.017967224121094,49.35768508911133,69.93122863769531,-1692.0262908336006,-821.2127763573808,272.4072415990274,4.7993396032,2.0367013367999998,4.798339603199999,150.00000000000003,150.0,0.2505649444335187,0.1016,21627.79,13624.653941852921,204.23285544,0.043532235516,3.0,0.0202015433460474,1.693334706942551e-05,0.0006551212281920016,0.0,43.276580810546875,40.48982620239258
J-152,28.861570358276367,52.8198127746582,76.08038330078125,-1734.6750278938464,-979.2215924969365,128.24322295428277,5.157459181600001,2.3948209152,5.1564591816,150.0,150.0,0.2510042518650934,0.15239999999999998,22524.023000000005,14189.245353008137,200.84978880000003,0.079493647464,2.0,0.012969951145350933,0.0008500157855451107,0.00042060602572746575,0.0,46.65787887573242,43.87034225463867
J-153,62.63719940185547,58.28193283081055,69.1893310546875,-1639.9574774946605,-1349.97504121463,63.21790319062387,5.630205505600001,2.8675672391999996,5.6292055056,150.0,150.0,0.24032144135843678,0.15239999999999998,26062.647500000003,16418.439100619995,205.83381744000002,0.064982902292,3.0,0.025225119665265083,0.002033733995631337,0.0005950455088168383,0.0,41.618534088134766,38.80585479736328
J-154,39.15643310546875,41.04759216308594,73.55229949951172,-1570.3120033936896,-810.1253982091957,244.71710161236342,4.836693148000001,2.0740548816,4.835693148000001,150.0,150.0,0.2541752513041962,0.15239999999999998,20945.450000000004,13194.806677260287,201.65290632000003,0.023974274632,3.0,0.02241934835910797,0.0012917612912133336,0.0007270430796779692,0.0,45.85598373413086,43.068973541259766
J-155,49.59056854248047,53.84287643432617,62.74652099609375,3353.5773322957452,-240.81208357682394,-1124.2768924629304,8.4159629008,2.9336801880000007,8.4149629008,149.99999999999997,150.0,0.21227627509648778,0.15239999999999998,42048.28800000001,26488.761581621002,182.39670912,0.15457098118,3.0,0.020354509353637695,0.0022827351931482553,0.0003712960460688919,0.0,63.98051452636719,60.6313362121582
J-156,55.698978424072266,55.7276725769043,62.76226043701172,3345.812315964686,-141.31263544789178,-1285.8281871345475,8.3692559584,2.9838584976000004,8.3682559584,150.0,150.0,0.18586622329238905,0.1016,52268.986000000004,32927.397859030214,189.7393716,0.087695372996,3.0,0.028700634837150574,0.0022827351931482553,0.0005235415883362293,0.0,56.63718795776367,53.28769302368164
J-157,49.91233825683594,49.52908706665039,60.14044952392578,3169.267370480518,-41.327532238317424,-554.227599795853,7.7926045336,2.3103218208000005,7.791604533600001,150.0,150.0,0.2170666076803875,0.15239999999999998,37958.01000000001,23912.047905560048,186.87687288,0.09337349067200001,3.0,0.10262011736631393,0.012093800120055676,0.0018719410290941596,0.0,59.5345573425293,56.20192337036133
J-158,50.578372955322266,50.69813537597656,60.95302200317383,3212.412066934465,-87.22895945106978,-690.0567228848784,7.9369331247999995,2.4546504120000003,7.935933124800001,150.0,150.0,0.21589053421335855,0.15239999999999998,38905.04800000001,24508.64446118522,182.62408992000002,0.070661019968,3.0,0.06111454963684082,0.002202065195888281,0.0011148188496008515,0.0,63.774871826171875,60.43625259399414
J-159,36.99968719482422,63.173919677734375,80.60340118408203,-988.7108670703585,-1276.2289997971814,-778.1903584979033,6.528472136800001,3.2292008568,6.527472136800001,150.0,150.0,0.24573558165170412,0.15239999999999998,28726.181000000004,18096.360062495085,198.70158888,0.036592313912000005,3.0,0.008150397799909115,0.0007313416572287679,0.0002643114421516657,0.0,48.53135299682617,45.597206115722656
J-16,39.84825897216797,63.479549407958984,81.32339477539062,1844.5670373274825,-2373.4970909043213,-352.1210123802616,8.060471917600001,1.5310015608,8.059471917600002,149.99999999999997,150.0,0.24044577252329324,0.15239999999999998,37107.42830000001,23376.215011317367,204.04570824,0.123656784944,3.0,0.015525068156421185,0.002036452293395996,0.0005034665809944272,0.0,42.66398239135742,39.47509002685547
J-160,56.70092010498047,63.613037109375,82.60726928710938,-1014.6461149102497,-1313.5759428070533,-825.9896372296829,6.602078898400001,3.3028076184,6.601078898400001,150.0,150.0,0.24526127942530393,0.15239999999999998,29088.419000000005,18324.555703130995,201.07662096,0.033437804092,3.0,0.005099144298583269,0.0006543865310959518,0.0001653615036047995,0.0,46.15626907348633,43.222103118896484
J-161,44.077274322509766,56.50373458862305,66.26573944091797,-2085.3560257485415,-1177.3278078702733,55.904854977993416,5.464023364000001,2.7013850976000002,5.463023364,150.0,150.0,0.24590585796536968,0.15239999999999998,24458.877500000002,15408.127309525045,205.0705068,0.047948549264,3.0,0.04583809897303581,0.005401001311838627,0.0014864957192912698,0.0,42.3917121887207,39.58356475830078
J-162,36.451751708984375,53.48602294921875,66.65482330322266,-2015.380197565919,-1104.5155775492346,97.42975161561952,5.3344297192,2.5717914528000003,5.3334297192,150.00000000000003,150.0,0.24694354067226276,0.15239999999999998,23821.1135,15006.361165292468,204.82556952000002,0.057412078724000004,2.0,0.023716390132904053,0.002509304555132985,0.0007691052160225809,0.0,42.6380729675293,39.83058547973633
J-163,51.39336013793945,38.02248001098633,64.11186981201172,-2340.0072288916344,-126.7391579095446,476.81877186229474,3.522921632800001,0.7602833664,3.5219216328000003,149.99999999999997,150.0,0.2871330070694922,0.15239999999999998,12894.360000000006,8122.93779446123,206.38581024,0.05047215712000001,3.0,0.2301771640777588,0.018740028142929077,0.004627523478120565,0.0,41.6230583190918,39.102962493896484
J-164,52.556705474853516,57.74774169921875,71.552978515625,-1865.9179986700076,-1005.5661531569956,160.01483921783458,5.135692499199999,2.3730542328,5.134692499199999,150.00000000000006,150.0,0.247462258881935,0.1016,23283.07,14667.414999587914,201.27983112,0.0473176473,3.0,0.03737005963921547,0.00010978293721564114,0.0012118836166337132,0.0,46.22446823120117,43.43547821044922
J-165,86.2046127319336,63.67011642456055,87.61453247070312,-1048.3533248510703,-1362.1589535910214,-888.1697401403786,6.697726662400001,3.3984553824,6.6967266624000015,150.0,150.0,0.24466052811338346,0.15239999999999998,29559.126500000006,18621.08284692769,204.51037584,0.029652392308,3.0,0.0023645490873605013,0.00029641317087225616,7.668059697607532e-05,0.0,42.72249221801758,39.788330078125
J-166,59.02777099609375,43.63564682006836,74.58465576171875,89.28313328675442,-1252.326843633631,383.571203501772,5.759066106400001,1.0846216560000002,5.7580661064,150.0,150.0,0.26786207533809353,0.15239999999999998,23470.067000000003,14785.215727871513,198.53574720000003,0.17475984402800002,3.0,0.17188219726085663,0.00019110360881313682,0.012529180385172367,0.0,48.56547546386719,45.56806564331055
J-167,59.96390151977539,38.223140716552734,70.5315170288086,-1392.3710434894444,-622.5470802084068,373.5944736988217,4.489551551200001,1.7269132848,4.4885515512000005,150.0,150.0,0.25811764339509,0.15239999999999998,19237.076000000005,12118.598495413735,198.4703676,0.102206118168,2.0,0.07461357116699219,0.004813584964722395,0.0017278555314987898,0.0,49.04450607299805,46.25992202758789
J-168,99.19474792480469,87.10079956054688,99.5522232055664,-1197.7435841408817,-1579.1003463902803,-1165.884287497916,7.121033512000001,3.8217622320000006,7.120033512000001,150.0,150.0,0.24219557826323895,0.15239999999999998,31642.329500000003,19933.41850237977,208.43440152,0.10094431424000001,4.0,0.001197395147755742,3.659421417978592e-05,3.883065437548794e-05,0.0,38.7983283996582,35.86410140991211
J-169,47.9473876953125,51.27521896362305,61.21413803100586,3257.213494389113,-135.2321093812653,-831.4426086226389,8.0880011488,2.6057184360000005,8.0870011488,149.99999999999997,150.0,0.2147045087176481,0.15239999999999998,39896.30800000001,25133.099131144616,177.43736928,0.05993568658,3.0,0.051642317324876785,0.0005999660352244973,0.0009420315618626773,0.0,68.95204162597656,65.60877990722656
J-17,63.80067443847656,41.82113265991211,92.07173919677734,-1947.1922826781367,-352.6582867281161,477.6425809320732,3.8841882712000007,1.1215500048000002,3.8831882712000008,150.0,150.0,0.2745983223861566,0.15239999999999998,15264.876000000004,9616.269298217529,206.15687496,0.141322039936,4.0,0.22011961042881012,0.03475896269083023,0.010836603119969368,0.0,41.521419525146484,38.81996536254883
J-170,51.018218994140625,39.228084564208984,71.4072265625,-1512.2835331393337,-748.0024537803753,285.10451112518626,4.724416105600001,1.9617778392,4.7234161056,150.0,150.0,0.25538694858516336,0.15239999999999998,20392.905500000004,12846.725453983468,201.92234952,0.087064471032,3.0,0.03357638418674469,1.693334706942551e-05,0.001088857650756836,0.0,45.587615966796875,42.801055908203125
J-171,71.70394897460938,71.80728149414062,76.8155288696289,9745.999186445784,1298.9229954164855,2025.4974422807622,14.545377210400003,5.2782944472,14.544377210400002,149.99999999999997,150.0,0.1622258875408959,0.07619999999999999,102242.054,64408.45800954417,161.9565468,0.090218980852,3.0,0.003629881190136075,0.0006216514739207923,6.621435022680089e-05,0.0,81.72595977783203,75.13216400146484
J-172,69.08524322509766,61.091487884521484,75.68450164794922,9673.01602095852,1287.957695160927,2005.9332398463864,14.462695943200004,5.1956131800000005,14.461695943200002,149.99999999999997,150.0,0.16228206468888992,0.07619999999999999,101699.52600000003,64066.68678586548,160.93939872,0.0630901964,3.0,0.004252979997545481,0.00022408366203308105,7.75805747252889e-05,0.0,82.74315643310547,76.14939880371094
J-173,72.18635559082031,59.86635971069336,72.18635559082031,8096.039184674233,996.5379487785175,1415.3538239296374,12.761595865600002,3.4870305672,12.760595865600001,150.0,150.0,0.2397105488360432,0.1016,59138.378000000004,37254.843649419934,167.00933831999998,0.125549490836,3.0,0.008922205306589603,0.00018794112838804722,0.00016275409143418074,0.0,78.88262939453125,75.21691131591797
J-174,64.5294189453125,64.7930908203125,78.1797103881836,8002.390013790031,973.9113911925856,1367.1785485505384,12.668391683200001,3.3938263848,12.6673916832,150.0,150.0,0.24035296272223822,0.1016,58526.802,36869.57491141468,167.70364224,0.025866980523999997,1.0,0.0014173822710290551,0.0002963686711154878,2.585512811492663e-05,0.0,78.18885803222656,74.52385711669922
J-175,145.73751831054688,144.47422790527344,146.35386657714844,-6500.016245062884,-350.063144549294,2448.7887770780694,6.0779237872000005,2.1598131048,6.0769237872,150.0,150.0,0.2959112114339402,0.2032,20888.292,13158.799393575344,199.00587072,0.006939921604,1.0,0.00021390372421592474,4.472614818951115e-05,6.9367411015264224e-06,0.0,50.441436767578125,48.70298767089844
J-176,26.206581115722656,53.66835403442383,71.81464385986328,-1754.430817369787,-889.9614369201686,230.2641403328682,4.925584715199999,2.1629464488,4.924584715199999,150.00000000000003,150.0,0.24935071154674815,0.1016,22249.075,14016.03896659489,203.63267376,0.044794039444,3.0,0.027679963037371635,0.0012917612912133336,0.0008976410026662052,0.0,43.875823974609375,41.08864974975586
J-177,118.51063537597656,67.0011978149414,122.51063537597656,-4805.612636336507,-655.267480256285,1914.332767004411,5.900902043200001,0.9174766512000001,5.8999020432,145.58404627581427,140.0,0.3092063619945492,0.15239999999999998,21598.548,14655.945221828302,209.43441984000003,0.029652392308,3.0,0.05737912282347679,0.009919616393744946,0.0018607629463076591,0.0,38.8712043762207,36.57627487182617
J-178,118.5105209350586,104.45977783203125,127.5106201171875,-4190.935119310609,-607.1298555695566,1523.0510882181827,5.2929720424000015,1.525406652,5.291972042399999,145.07675131477373,140.0,0.32138413754132344,0.15239999999999998,18606.7665,12771.240977560272,200.09979792000001,0.039115921768,3.0,0.02941201440989971,5.692448030458763e-05,0.0009538101148791611,0.0,48.19953918457031,45.89738845825195
J-179,14.780930519104004,105.89307403564453,127.51057434082031,-3984.002177701155,-576.6287827366717,1367.1570480087055,5.087132372800002,1.8685111728000001,5.086132372800002,144.87750367266648,140.0,0.32616714003523495,0.15239999999999998,17593.776,12133.096950413501,199.28348256,0.024605176596000002,3.0,0.019976278766989708,0.00020908778242301196,0.0006478160503320396,0.6666666666666666,49.012271881103516,46.70585632324219
J-18,54.89130783081055,43.30424118041992,74.45169830322266,510.62190219463815,-1321.1211550995984,259.1576419417399,6.1507840936000004,0.6929036688000001,6.1497840936,150.0,150.0,0.27021488143334577,0.15239999999999998,24755.231000000003,15594.81831595506,201.64236024,0.044163137479999996,2.0,0.2556637227535248,0.05393090844154358,0.018654722720384598,0.0,45.36164855957031,42.31547164916992
J-180,146.40093994140625,147.68692016601562,153.6149139404297,-1217.9286159349651,-1608.2896950299432,-1203.2486695356947,7.178274952000001,3.879003672,7.177274952,150.0,150.0,0.24188457400767557,0.15239999999999998,31924.029500000004,20110.878382257462,206.93822976,0.005678117676,1.0,0.00017501214460935444,3.659421417978592e-05,5.675514785252744e-06,0.0,40.294498443603516,37.36027145385742
J-181,49.5213623046875,58.84629440307617,75.69567108154297,-1840.2341009801414,-972.5190898787904,173.48518603392088,5.090080703199999,2.3274424368,5.089080703199999,150.00000000000006,150.0,0.24785896729360402,0.1016,23058.6025,14526.009335454275,201.34963032000002,0.046055843372,2.0,0.011680047027766705,0.0008500157855451107,0.00037877538125030696,0.0,46.15788269042969,43.370277404785156
J-182,45.16543960571289,55.993255615234375,70.89436340332031,-1801.250059372658,-938.023305004367,200.59541458134618,5.013885275199999,2.2512470088,5.012885275199999,150.00000000000006,150.0,0.2485377797818548,0.1016,22683.625,14289.788312710798,202.71580488,0.027759686416,3.0,0.0381414070725441,0.0017148770857602358,0.0012368978932499886,0.0,44.791507720947266,42.003822326660156
J-183,38.65105056762695,56.7602424621582,68.31031036376953,-1977.6727634695355,-964.7816203149705,168.58502033468733,5.071152928,2.3085146616000003,5.070152928,150.00000000000003,150.0,0.24599068631435173,0.15239999999999998,23053.358,14522.705507481187,204.90902376,0.07318462782400001,3.0,0.06672731041908264,0.00563903758302331,0.0014763716608285904,0.0,42.59064483642578,39.79966735839844
J-184,51.972957611083984,26.37146759033203,55.17118453979492,-4366.736482240136,-415.4014519326163,1558.0861094444351,5.071685718399999,1.1794351823999998,5.070685718399999,144.86189918940175,140.0,0.3555573839746653,0.2032,14617.52,10258.173158275547,215.24360304,0.015141647136,3.0,0.008698751218616962,0.001308394712395966,0.0002820941444952041,0.0,33.37532424926758,31.360525131225586
J-185,38.72200012207031,35.746337890625,60.77108383178711,-3894.643983068577,-514.8919608854605,1199.798588115514,4.9311244552,2.1877791144,4.9301244552000005,144.71540837624894,140.0,0.3316010527142929,0.1016,18279.921000000002,12565.341214803562,213.012528,0.09337349067200001,3.0,0.02914276160299778,0.003751346841454506,0.0002362696104682982,0.0,35.29744338989258,32.97593688964844
J-186,82.5370101928711,94.39935302734375,102.11317443847656,6732.726997900023,513.2991978451573,260.66211093171853,11.650965016000002,2.3763997176,11.649965015999998,150.00000000000003,150.0,0.22805347329930903,0.1016,55912.67100000001,35222.775574373314,184.1848488,0.07507733371599999,1.0,0.004113865550607443,0.0008601921144872904,7.504292443627492e-05,0.0,61.192474365234375,56.84471893310547
J-187,72.12017822265625,58.91070556640625,72.12017822265625,6336.632817130291,547.5551571873897,409.8804930698732,11.057879384800001,1.7833140863999999,11.056879384799998,150.00000000000003,150.0,0.23211148880284022,0.1016,52021.03300000001,32771.19725698792,188.85752424000003,0.133751216368,3.0,0.0056464821100234985,0.00014457013458013535,0.00010300009307684377,0.0,56.519954681396484,52.17240905761719
J-188,70.42198181152344,60.900543212890625,73.26980590820312,3378.4051032191774,-15.036715805147322,-1699.6906201759534,8.4553726264,3.242229837600001,8.454372626400001,149.99999999999997,150.0,0.18552533464602336,0.1016,52834.056000000004,33283.36965286226,180.81933863999998,0.105360627988,2.0,0.012546809390187263,0.002034309320151806,0.00022887217346578836,0.0,65.55585479736328,62.20567321777344
J-189,48.528350830078125,57.10097122192383,61.70781707763672,3329.629112615723,33.96192703878826,-1546.09598428226,8.283128622400001,3.0699858336000005,8.282128622400002,149.99999999999997,150.0,0.18621424453059574,0.1016,51703.846000000005,32571.38196796142,189.15775224000004,0.049841255156000006,3.0,0.032628655433654785,0.002034309320151806,0.0005951944622211158,0.0,57.21721267700195,53.866947174072266
J-19,15.165765762329102,9.98747730255127,28.217050552368164,-2411.505005793244,2755.7400278756436,-1094.2697182190057,1.9218630112,2.6273028480000007,1.9208630112,149.99999999999997,150.0,0.2715789343267041,0.2032,7332.362000000001,4619.098614624637,204.18302064,0.070661019968,3.0,0.05648298189043999,0.0066881002858281136,0.0018317019566893578,0.0,44.074275970458984,41.337379455566406
J-190,107.7094497680664,104.8431167602539,109.5738525390625,10125.639118064862,1355.5402000594613,2126.1057903143046,14.976092833600003,5.709010070400001,14.975092833600002,149.99999999999997,150.0,0.16194327404910008,0.07619999999999999,105068.272,66188.86378444007,163.0722672,0.054257568904000006,1.0,0.0029730454552918673,0.0006216514739207923,5.42327034054324e-05,0.0,80.61017608642578,74.01629638671875
J-191,39.798858642578125,42.06662368774414,67.37281799316406,-1782.8724818082471,-762.8837483505608,278.60274427025576,4.7185279792,1.9558897128,4.717527979199999,150.0,150.0,0.25137630964369206,0.1016,21230.095,13374.12179088395,205.10263272,0.035961411948000004,2.0,0.04208899661898613,0.0035596906673163176,0.0005351826548576355,0.0,42.406986236572266,39.62034606933594
J-192,38.549678802490234,35.866153717041016,60.64667510986328,-3900.6814873441695,-516.969521388987,1200.9437771976989,4.9390702864,2.1957249456000003,4.9380702864,144.72391179369097,140.0,0.3312309588446849,0.1016,18358.128,12614.608537578126,212.93538312,0.087064471032,3.0,0.021727433428168297,0.002672827336937189,0.00017615118122193962,0.0,35.3743782043457,33.052764892578125
J-194,72.00315856933594,77.19501495361328,91.50942993164062,-1129.9255271159677,-1480.891835331686,-1040.1654253901265,6.928763843200001,3.6294925632000004,6.927763843200001,149.99999999999997,150.0,0.24327784190372037,0.15239999999999998,30696.120500000005,19337.34418402978,208.6703472,0.07318462782400001,3.0,0.005068869795650244,0.0005279656616039574,0.00016437975864391774,0.0,38.562416076660156,35.62819290161133
J-195,87.50104522705078,94.85413360595703,102.49726867675781,3319.9888727117886,-206.47794043717002,-1010.4711263201309,8.304785881599999,2.8225031688000004,8.303785881600001,149.99999999999994,150.0,0.21307794145457362,0.15239999999999998,41318.780000000006,26029.200338987644,184.07670576,0.010725333388000002,1.0,0.0005876951036043465,0.0001228845794685185,1.0720418686105404e-05,0.0,62.31268310546875,58.96940612792969
J-196,50.181915283203125,49.38526916503906,74.99269104003906,1127.8073406247672,-2153.276704262117,-461.72581720582707,7.327447729600001,0.7979773728,7.326447729600001,150.0,150.0,0.24417227862392576,0.15239999999999998,33500.0258,21103.693838720672,202.66447656000003,0.0630901964,3.0,0.07431324571371078,0.00669954065233469,0.0016195786884054542,0.0,44.0500373840332,40.863502502441406
J-197,15.12551498413086,45.395660400390625,62.46249008178711,-4009.2303166954443,-554.3102070475891,1221.4719243081877,5.081954125599999,2.338608784800001,5.0809541256,144.87228308779044,140.0,0.3247734014277438,0.1016,19764.465,13500.545332351128,214.13022960000004,0.0946352946,2.0,0.008607585914433002,0.0005800002254545689,6.978443707339466e-05,0.0,34.17891311645508,31.857006072998047
J-198,156.12924194335938,152.05682373046875,158.55079650878906,-1096.5816323020988,-1431.6603247342916,-977.1285551029736,6.834583996000001,3.535312716,6.8335839960000015,149.99999999999997,150.0,0.24383019115834395,0.15239999999999998,30232.63700000001,19045.3678750653,199.41396744000002,0.004416313748,1.0,0.00013612040493171662,2.8461699912440963e-05,4.414284831000259e-06,0.0,47.818904876708984,44.884735107421875
J-199,87.68656921386719,94.99606323242188,102.80523681640625,8204.776720844531,1007.3206494982779,1428.9988799553905,12.893132000800001,3.6185667024,12.8921320008,150.0,150.0,0.23881973479881713,0.1016,60001.476,37798.561318581014,171.08695272,0.016403451064000003,1.0,0.0008988277986645699,0.00018794112838804722,1.63959339261055e-05,0.0,74.80501556396484,71.13929748535156
J-2,64.27689361572266,60.163936614990234,68.5474624633789,108.21652839706745,117.56854542936091,-1836.5026862760399,5.7111960472,2.6418012696,5.7101960472,150.0,150.0,0.21773157844308486,0.15239999999999998,27542.554000000004,17350.72177623312,196.55067624000003,0.052364863012,1.0,0.0028693347703665495,0.0005999659188091755,5.234086711425334e-05,0.0,50.62370300292969,47.65030288696289
J-20,143.56787109375,137.40428161621094,145.89076232910156,4313.17901654555,96.23394856136376,-297.98256757869143,9.0783557848,1.6987948752000002,9.0773557848,150.0,150.0,0.2010007429414468,0.15239999999999998,47437.3845,29883.679641753395,195.66306816000002,0.012618039280000002,1.0,0.0003889158833771944,8.1320533354301e-05,1.2612256796273869e-05,0.0,50.62983322143555,47.240745544433594
J-200,69.63127899169922,63.993099212646484,73.95478820800781,7173.129874806006,500.57540014736236,115.96565831468405,12.239687130400004,2.9651218320000003,12.238687130399999,149.99999999999997,150.0,0.21857815129080832,0.1016,64656.4815,40731.03102699423,178.71042744,0.046055843372,3.0,0.02043295092880726,0.001545093022286892,0.0006626257090829313,0.0,66.63520812988281,62.24546813964844
J-201,74.47343444824219,65.60281372070312,74.69368743896484,8407.194722414099,1074.734784663872,1582.3820782642692,13.065803334400004,3.7912380359999998,13.0648033344,150.0,150.0,0.2468762218172988,0.07619999999999999,58691.68100000001,36973.442172807496,170.91739248000002,0.193686902948,3.0,0.02680014632642269,0.001891216728836298,0.00024783084518276155,0.0,74.97383880615234,71.30712890625
J-202,95.25873565673828,96.2460708618164,105.08206939697266,9839.811921151968,1312.7688457737822,2049.9599371411305,14.652027035200005,5.384944272,14.6510270352,150.0,150.0,0.16215436155283902,0.07619999999999999,102941.856,64849.305644823435,164.89664760000002,0.025236078560000003,1.0,0.001382811926305294,0.0002891402691602707,2.5224513592547737e-05,0.0,78.78588104248047,72.19210052490234
J-203,71.6449966430664,59.12522506713867,71.6449966430664,9538.584096559201,1267.9434862361293,1970.4016234573292,14.310127084000003,5.043044320800001,14.309127084000002,149.99999999999997,150.0,0.16238743067853234,0.07619999999999999,100698.41800000003,63436.0282646564,161.42982192000002,0.12933490262,3.0,0.037508774548769,0.0016953457379713655,0.00024783084518276155,0.0,82.25286865234375,75.65930938720703
J-204,152.29071044921875,139.1064910888672,161.28565979003906,-4659.993289809107,-692.654721607826,1798.4143575586781,5.795705809600002,1.3273814448000003,5.7947058096,145.5038797039813,140.0,0.3111307858369107,0.15239999999999998,21080.850000000002,14329.815917984064,190.15722192,0.014510745172000001,1.0,0.000447253230959177,9.35187708819285e-05,1.4504093996947631e-05,0.0,58.14544677734375,55.84718322753906
J-205,118.51057434082031,102.1355972290039,127.5105972290039,-4391.8689923016245,-643.3133004000157,1662.3919265729187,5.500318338400001,1.3180603560000002,5.499318338399999,145.26237748084608,140.0,0.31692812287600813,0.15239999999999998,19627.1715,13414.05584701926,185.42562864,0.049841255156000006,3.0,0.03025820292532444,0.003473348915576935,0.0009812513599172235,0.0,62.8767204284668,60.57807159423828
J-206,24.213472366333008,53.9655647277832,71.98357391357422,-4129.38319181379,-595.6608390657362,1244.2854903763223,5.240075221599999,2.4967298808000007,5.2390752216,145.02704326660856,140.0,0.3180377808574735,0.1016,21320.775,14480.959196932075,213.9272328,0.1261803928,1.0,0.007778317201882601,0.0016005145153030753,6.306128489086404e-05,0.0,34.3817024230957,32.0597038269043
J-207,56.485164642333984,29.221765518188477,63.563392639160156,-3804.5393280817652,-483.8574076323554,1182.5589277095428,4.812600231999999,2.0692548912000004,4.811600232000001,144.58523294875422,140.0,0.33726667221585577,0.1016,17113.344,11830.443755491957,214.88396952000002,0.10599152995200001,4.0,0.014493005350232124,0.0002764902892522514,0.00011749939585570246,0.0,33.427799224853516,31.107154846191406
J-208,56.964256286621094,29.281034469604492,60.47930908203125,-3739.632733769421,-461.55049167050964,1170.3920885115094,4.727119072,1.9837737312000001,4.726119072,144.48729623543431,140.0,0.3415291675545156,0.1016,16271.994000000002,11300.42646782743,215.1676164,0.064982902292,3.0,0.047369953244924545,0.006592644844204187,0.0003840432036668062,0.0,33.1461181640625,30.82640838623047
J-209,50.41569519042969,26.207090377807617,56.99573516845703,-4667.052537370736,-421.6452324964333,1705.7544671731512,5.3812293208,0.985842072,5.3802293208,145.15751228311476,140.0,0.347684362347338,0.2032,16063.322500000002,11168.971660145862,214.0337604,0.038485019804,3.0,0.14285610616207123,9.351875633001328e-05,0.0046327183954417706,0.0,34.625640869140625,32.66130065917969
J-21,85.12653350830078,68.19136810302734,85.177978515625,4323.156850671013,91.28209218826532,-312.0631132470107,9.099290972799999,1.7197300632,9.098290972800001,149.99999999999997,150.0,0.20100580343688693,0.15239999999999998,47540.412000000004,29948.58289973742,189.32950704,0.057412078724000004,3.0,0.006073569413274527,0.00013824515917804092,0.00019696140952873975,0.0,56.96318435668945,53.57398986816406
J-210,118.51063537597656,63.66962814331055,122.51063537597656,-4864.785469857454,-656.8631476405384,1952.2801974307677,5.957060528800001,0.8613181656000001,5.9560605288,145.6256834070071,140.0,0.3082068495274087,0.15239999999999998,21874.9185,14830.047727088288,212.76317112000004,0.034068706056,3.0,0.05819006636738777,6.505660712718964e-05,0.0018870612839236856,0.0,35.54522705078125,33.253421783447266
J-211,129.21717834472656,106.886962890625,129.21717834472656,-4100.125961869864,-618.8920337682039,1400.5392470651818,5.236387446400002,2.0177662464000004,5.2353874464,145.02354034601294,140.0,0.3226614836298126,0.15239999999999998,18328.299000000003,12595.817445079472,198.96432647999998,0.034068706056,3.0,0.0030335441697388887,0.00013824513007421046,9.837561083259061e-05,0.0,49.3316764831543,47.02558517456055
J-212,57.0218620300293,30.749475479125977,102.52599334716797,-2883.98184201292,162.59004528762165,286.96299157575766,3.2297275024000003,0.40074402960000005,3.2287275024000004,141.93066172954096,140.0,0.3773059268731677,0.15239999999999998,9114.818000000001,6791.688117726238,215.39694792,0.0,3.0,0.2696889638900757,0.046936407685279846,0.012471339665353298,0.0,32.7014045715332,30.22026252746582
J-213,89.79309844970703,89.6104965209961,97.41582489013672,3331.2509533271827,-219.63876124235728,-1022.8658198123223,8.3392389496,2.8569562368000008,8.338238949600001,149.99999999999997,150.0,0.21282722409618768,0.15239999999999998,41544.85000000001,26171.615514862515,172.94385528,0.017665254992,1.0,0.0009679683134891093,0.0002023981069214642,1.765716115187388e-05,0.0,73.45470428466797,70.11589050292969
J-214,47.690452575683594,56.2050666809082,67.9618148803711,3290.1598683774932,-173.0013165870295,-906.7970462150123,8.1976407568,2.7153580440000007,8.1966407568,150.0,150.0,0.21387111341399662,0.15239999999999998,40615.72800000001,25586.305332002303,178.58844648000002,0.059304784616,3.0,0.006003678310662508,0.0002023981069214642,0.00010951588046737015,0.0,67.81011962890625,64.47129821777344
J-215,80.70795440673828,64.43216705322266,81.4906234741211,2121.245857232503,-2104.8613972124435,-554.0224133781002,8.286478984,1.7570086272,8.285478984,150.0,150.0,0.2394298013525201,0.15239999999999998,38219.66780000001,24076.88199060464,201.24996072000002,0.051103059084,3.0,0.012498006224632263,0.0016501790378242731,0.0004053011944051832,0.0,45.4593391418457,42.270263671875
J-215a,41.40754318237305,52.65582275390625,61.75551986694336,3313.0434516778787,-195.0779672629234,-1007.6247242066477,8.2763882752,2.7941055624000004,8.275388275200001,149.99999999999997,150.0,0.21328616229464623,0.15239999999999998,41132.44400000001,25911.816014611042,180.87996336000003,0.06561380425600001,3.0,0.047436267137527466,0.007260777056217194,0.0008653068798594177,0.0,65.49918365478516,62.15094757080078
J-216,3.8443524837493896,3.815829038619995,3.878141164779663,-6057.421239672953,-226.09341591856037,2202.879392108908,5.3330806744000006,1.649352048,5.3320806744,150.0,150.0,0.3066291098231175,0.30479999999999996,17414.968,10970.742383222812,209.63287512,0.0,2.0,0.4796556532382965,0.46832358837127686,0.034998487681150436,0.0,39.89107131958008,38.151588439941406
J-217,4.135064125061035,4.1000189781188965,4.168044567108154,-5597.075532945074,-313.5037168824185,2084.1052011103643,5.8185289288,1.1639037936,5.817528928800001,150.0,150.0,0.30647647832242264,0.30479999999999996,19007.646,11974.066652175046,219.53908848,0.0,2.0,0.47476398944854736,0.46007388830184937,0.034641560167074203,0.0,29.67229461669922,27.939775466918945
J-218,53.41433334350586,54.61661911010742,62.67242431640625,3495.405714008389,-151.08346966319323,-882.0610450059565,8.4373680904,2.6290880616,8.436368090400002,150.0,150.0,0.21212435391343265,0.15239999999999998,42188.74200000001,26577.24205719197,176.96334432,0.061197490507999996,2.0,0.05755674093961716,0.011679261922836304,0.0010499191703274846,0.0,69.42485809326172,66.08109283447266
J-219,65.48726654052734,68.66964721679688,82.34828186035156,413.1834917613343,-1921.5319321046288,-218.80797144296704,6.706147067200001,0.44317462799999996,6.7051470672,150.00000000000003,150.0,0.24950532573245623,0.15239999999999998,29626.851500000004,18663.74692347975,201.06820848,0.008201725532000001,3.0,0.005275242496281862,0.0004387306980788708,0.00017107227176893502,0.0,45.93867874145508,42.894203186035156
J-22,157.9999542236328,155.3164825439453,165.94349670410156,4737.343222840354,-128.26368005992987,-882.934326837199,10.043306560000001,2.6637456504,10.042306560000002,149.99999999999994,150.0,0.2012120663850038,0.15239999999999998,52186.158,32875.21948866987,173.06382456000003,0.014510745172000001,1.0,0.000447253230959177,9.351873450214043e-05,1.4504094906442333e-05,0.0,73.22863006591797,69.8393325805664
J-220,88.1825180053711,95.02954864501953,103.13532257080078,3311.52259167598,-196.86942485812364,-986.3259637683717,8.2755497704,2.7932670576000005,8.2745497704,149.99999999999997,150.0,0.2132923322181773,0.15239999999999998,41126.94200000001,25908.349971802778,179.61534816000002,0.006939921604,1.0,0.00038027329719625413,7.951349834911525e-05,6.9367411015264224e-06,0.0,66.77404022216797,63.430763244628906
J-221,62.08702087402344,40.29098129272461,75.67098236083984,-667.290415734503,-959.7930475367356,382.36006819313707,5.07765736,1.7749793304,5.0766573600000005,149.99999999999997,150.0,0.26479909234676413,0.15239999999999998,21027.374000000003,13246.415563306084,200.93616912000002,0.09968251031200001,2.0,0.21986882388591766,0.04544536769390106,0.0040107290260493755,0.0,46.32658767700195,43.41073989868164
J-222,60.61257553100586,39.98789978027344,92.59537506103516,-1363.207906418469,-596.9235824252609,396.21116807592426,4.4303862136,1.6677479472,4.429386213600001,150.0,150.0,0.2595297623118244,0.15239999999999998,18848.852000000006,11874.032700576541,198.91894176000002,0.059304784616,3.0,0.10794547945261002,0.0071869040839374065,0.00196908344514668,0.0,48.60151672363281,45.819217681884766
J-223,46.09204864501953,51.42805099487305,61.7745361328125,4253.913189993281,275.85928834750104,70.72086736709537,8.695622996800001,0.9505422696000001,8.694622996800002,150.0,150.0,0.2301816177333072,0.15239999999999998,40171.38900000001,25306.38930230768,193.58610000000002,0.16088000082,4.0,0.12536710500717163,0.006445021368563175,0.007357893977314234,0.0,52.69441604614258,49.29940414428711
J-224,48.39933776855469,48.65890121459961,59.491844177246094,2983.8178053980523,5.126932921980253,-370.67514260136653,7.4483573176,2.1978079488000004,7.4473573176,150.0,150.0,0.21768470865943668,0.15239999999999998,36079.310000000005,22728.5410673413,193.40541456,0.18296156956,4.0,0.12840449810028076,0.0018378476379439235,0.00898206327110529,0.0,53.083003997802734,49.78731155395508
J-225,143.43878173828125,136.4471893310547,144.59365844726562,2115.6732941132564,-2288.933250208782,-697.8012107676778,8.464366664800002,1.9348963080000001,8.4633666648,149.99999999999997,150.0,0.23866830352385462,0.15239999999999998,39095.0993,24628.36927790016,192.46952616,0.008201725532000001,1.0,0.00025279531837441027,5.2858322305837646e-05,8.19796696305275e-06,0.0,54.2398681640625,51.05084228515625
J-226,85.40563201904297,64.02837371826172,88.32666015625,2106.6074801282966,-2223.699504607707,-625.7068424511139,8.378427085600002,1.8489567288000002,8.3774270856,149.99999999999997,150.0,0.23903215402934186,0.15239999999999998,38672.168300000005,24361.939443123618,195.33257352,0.051733961047999995,3.0,0.005932536441832781,5.2858322305837646e-05,0.00019238780078012496,0.0,51.3768196105957,48.187801361083984
J-227,111.91417694091797,100.31258392333984,112.322021484375,5951.53137326814,557.7788435491169,559.8031213970909,10.516198578400001,1.2503624472000001,10.5151985784,150.00000000000003,150.0,0.1886166377423741,0.1016,60430.33700000001,38068.72681927051,188.54799984000002,0.0,2.0,0.0017306754598394036,0.00036187702789902687,5.612454333459027e-05,0.0,57.5407600402832,54.05415725708008
J-228,65.50093078613281,57.1051139831543,70.07100677490234,7959.650394508524,969.9411529802425,1362.5354583285161,12.616281551200002,3.3417162528000004,12.615281551199999,150.0,150.0,0.2407036906167596,0.1016,58195.122,36660.62960450012,168.68339136,0.0,2.0,0.012756439857184887,0.002667318331077695,0.00010342049790779129,0.0,77.20909881591797,73.5440902709961
J-229,61.517757415771484,57.060089111328125,68.9354476928711,7842.677771715608,995.9641561582465,1450.465791469957,12.417929598400002,3.1433643,12.4169295984,150.0,150.0,0.25255047266728486,0.15239999999999998,52383.681000000004,32999.65118143906,168.0289248,0.0,4.0,0.049375224858522415,0.0003659430949483067,0.002788723213598132,0.0,77.94005584716797,74.37640380859375
J-23,76.84102630615234,67.77831268310547,82.22154235839844,4251.532883021361,129.22812991206374,-213.34511525036942,8.9361272656,1.556566356,8.9351272656,149.99999999999997,150.0,0.2009657353735096,0.15239999999999998,46737.44100000001,29442.74286705985,195.29112072,0.062459294436,5.0,0.004608653020113707,2.4397078959736973e-05,0.00014945524162612855,0.0,51.00172805786133,47.61261749267578
J-230,65.385498046875,57.102813720703125,70.1088638305664,7957.087992214828,969.7031220744108,1362.2570872741053,12.613157351200002,3.3385920528,12.612157351199999,150.0,150.0,0.2407381484607369,0.1016,58164.372,36641.258318357985,168.68339136,0.0,4.0,0.0211985744535923,0.0002963686711154878,0.00021807635494042188,0.0,77.20911407470703,73.54411315917969
J-231,48.71758270263672,48.84611511230469,59.2962646484375,3100.791967647941,31.464162518341677,-340.3077060013472,7.5642239896,2.0819412768000003,7.563223989600001,150.0,150.0,0.21901929281320773,0.15239999999999998,36459.45000000001,22968.01426129482,194.60218128000002,0.02839058838,3.0,0.20052139461040497,0.032769832760095596,0.0117766372859478,0.0,51.860321044921875,48.55223846435547
J-232,60.89591598510742,43.87240219116211,75.05815887451172,-243.71578992084497,-1135.589746152734,396.39258538809713,5.453587926400001,1.3866193248000003,5.452587926400001,150.0,150.0,0.2657926488288825,0.15239999999999998,22467.842000000004,14153.853540756068,196.27528944000002,0.0,3.0,0.19315192103385925,0.021014628931879997,0.010351194068789482,0.0,50.90329360961914,47.94465255737305
J-233,53.775115966796875,44.72573471069336,73.7857666015625,618.2851736088728,-1297.0149630954354,195.79858965887522,6.254361229600001,0.5858460216000001,6.2533612296,150.0,150.0,0.25127216894176263,0.15239999999999998,27722.260000000002,17463.929462329324,203.10357144,0.0,4.0,0.22791621088981628,0.027557319030165672,0.010503100231289864,0.0,43.87397766113281,40.814544677734375
J-234,122.33634185791016,123.59512329101562,130.0699462890625,-4288.370310662819,-475.62910820773317,1469.5572425189416,5.036181395199998,1.7612441279999997,5.0351813951999995,144.82566915566605,140.0,0.35040361368999684,0.2032,14949.1205,10467.06838332838,207.749394,0.013879843208,1.0,0.0004278074484318495,8.94527038326487e-05,1.3873482203052845e-05,0.0,40.79374694824219,38.68360137939453
J-235,50.44987487792969,22.099180221557617,50.86701202392578,-4307.834913613093,-397.33318486064576,1534.6700376961264,4.999532243199998,1.1072817071999999,4.9985322432,144.78773105136145,140.0,0.3577566525181678,0.30479999999999996,14262.434000000001,10034.482995314062,216.997026,0.09400439263600001,4.0,0.1437205821275711,0.0027771007735282183,0.00998238567262888,0.0,31.622018814086914,29.60728645324707
J-236,156.2522735595703,147.7595977783203,161.8463134765625,-4311.923495841681,-695.8696837622634,1460.8722676440204,5.508806104000002,2.2901849040000006,5.507806104,145.2696783604857,140.0,0.316752862957472,0.15239999999999998,19668.942,13440.369613126577,189.25394712,0.017665254992,1.0,0.0005444822018034756,0.00011384896060917526,1.765716115187388e-05,0.0,59.04204177856445,56.7359504699707
J-237,61.12171173095703,42.67533493041992,75.71894073486328,-362.04137457872355,-1083.9395745647287,387.720990643597,5.346350752,1.4938564992,5.345350752,150.0,150.0,0.2670610293295866,0.15239999999999998,21880.005000000005,13783.539435652541,199.81121328,0.0,4.0,0.13377223908901215,0.003199332393705845,0.009030367247760296,0.0,47.3948860168457,44.45002365112305
J-238,139.21763610839844,146.51812744140625,161.290771484375,-4275.286547492182,-682.514445581645,1450.2407586840766,5.461753518400002,2.2431323184000003,5.4607535184,145.2289195415592,140.0,0.3177312912616298,0.15239999999999998,19437.384000000002,13294.4972138908,179.155344,0.021450666776000004,1.0,0.0006611568969674408,0.00013824513007421046,2.1440835553221405e-05,0.0,69.1406478881836,66.8345718383789
J-239,54.03624725341797,79.7447738647461,95.61415100097656,-1072.667886953236,-1397.2474004223234,-933.0791541452495,6.766705645600001,3.4674343656,6.765705645600001,150.0,150.0,0.24423782200968888,0.15239999999999998,29898.590000000007,18834.931451588185,201.91622304,0.0,3.0,0.0008361265645362437,0.00010909452976193279,2.711497108975891e-05,0.0,45.316650390625,42.38248062133789
J-24,45.4935302734375,63.0485725402832,75.30365753173828,1089.1299943169358,-2986.617362355192,-1282.4018506222355,8.2668690664,1.7373987095999999,8.2658690664,149.99999999999997,150.0,0.23944001453151298,0.15239999999999998,38143.37830000001,24028.82261713666,197.5102476,0.032806902128000005,3.0,0.015478852204978466,0.0009026598418131471,0.0005019677919335663,0.0,49.211029052734375,46.027774810791016
J-240,102.44700622558594,102.81766510009766,105.1744155883789,-5637.761927803341,-489.510367296441,2215.035675638908,6.3928489384,0.9492441264000001,6.3918489384,145.92391893940447,140.0,0.3342823665647097,0.1016,20182.2845,13763.75512390441,214.62708408,0.014510745172000001,1.0,0.000447253230959177,9.351868357043713e-05,1.4504094906442333e-05,0.0,34.357357025146484,32.6266975402832
J-242,114.9743423461914,111.31458282470703,115.15079498291016,-6279.956641445792,-309.4274944040191,2339.951243155518,5.828498936800001,1.9103882544000002,5.8274989368000005,150.0,150.0,0.29987937690133903,0.2032,19660.8075,12385.532613590502,194.65387536,0.008832627496,1.0,0.0002722411009017378,5.6924287491710857e-05,8.82858057593694e-06,0.0,54.79345703125,53.05501937866211
J-243,62.10834884643555,40.25291442871094,75.60311126708984,-667.6548781382207,-954.096496003196,384.93339066143574,5.0688458968,1.7713613544000002,5.067845896800001,149.99999999999997,150.0,0.26499452063840817,0.15239999999999998,20969.556000000004,13209.992505674672,201.14620680000002,0.0,4.0,0.1973910629749298,0.008892089128494263,0.010732004418969154,0.0,46.12034606933594,43.20639419555664
J-244,63.761085510253906,41.119136810302734,74.39227294921875,-1046.5647788324536,-747.4200823567347,385.35290885484056,4.719286016800001,1.9566477504,4.7182860168000005,149.99999999999997,150.0,0.2620454839459659,0.15239999999999998,19822.706000000006,12487.522277638705,199.29433344,0.0,3.0,0.29985809326171875,0.04934704676270485,0.018754029646515846,0.0,48.07663345336914,45.21659851074219
J-245,33.44884490966797,52.23716354370117,64.6153564453125,-1919.9052323980586,-1017.9192368143327,160.63358082096582,5.151093738400001,2.388455472,5.1500937384,150.0,150.0,0.2485007482378294,0.15239999999999998,22918.8695,14437.983061421794,205.07937648,0.010725333388000002,3.0,0.12108033895492554,0.012748048640787601,0.0025595116894692183,0.0,42.389617919921875,39.58458709716797
J-246,63.9365119934082,40.44990921020508,91.98007202148438,-1666.946772233069,-464.74642802674106,424.67735106015715,4.151421061600001,1.3887827952,4.150421061600001,149.99999999999994,150.0,0.2754844986882812,0.15239999999999998,16236.193000000005,10228.160665427897,201.72666792,0.0,4.0,0.20199517905712128,0.00813762191683054,0.011162118054926395,0.0,45.886356353759766,43.15146255493164
J-247,158.0,155.5,167.0,-1332.408033516794,-1774.1301283431885,-1415.5479390958124,7.502810752000001,4.203539472,7.501810752000001,149.99999999999997,150.0,0.24021104083171627,0.15239999999999998,33521.154500000004,21117.004085664135,207.6660312,0.013879843208,2.0,0.0002139037096640095,2.1135881979716942e-05,6.9367411015264224e-06,0.0,39.56669616699219,36.632450103759766
J-248,64.70710754394531,41.16437530517578,74.3126220703125,-1354.9867780327756,-598.0048342759872,393.03672943200365,4.438317109600001,1.6756788432,4.4373171096,149.99999999999997,150.0,0.2593382873772154,0.15239999999999998,18900.892000000007,11906.815846294809,199.28616480000002,0.0,4.0,0.2620735168457031,0.0071869040839374065,0.01406825426965952,0.0,48.23396301269531,45.45143508911133
J-249,60.054718017578125,59.0689697265625,65.7996826171875,5077.970908493212,277.4557878830094,-42.58992225679061,9.817112346400002,1.1067617184000003,9.8161123464,150.00000000000003,150.0,0.22548204917774958,0.1016,48042.774000000005,30265.051128971063,187.83562128,0.28075137398,3.0,0.02096676267683506,0.0033352943137288094,0.00022386755154002458,0.0,58.318115234375,54.862552642822266
J-25,76.89887237548828,68.04817962646484,84.12596893310547,1072.746044387873,-3329.126070599211,-1620.579755376094,8.659344176800001,2.12987382,8.658344176800002,149.99999999999994,150.0,0.23779728661336616,0.15239999999999998,40074.85030000002,25245.573732177934,180.33744984000003,0.087695372996,2.0,0.0031307728495448828,0.0001493179879616946,0.00010152866161661223,0.0,66.38324737548828,63.19972229003906
J-250,93.49903869628906,94.64385223388672,99.95571899414062,7449.391613609294,481.6223601184787,16.227615370634503,12.639735301600004,3.3651700032000003,12.6387353016,149.99999999999997,150.0,0.2180913936245135,0.1016,66625.2225,41971.26014083977,176.80652472,0.06435200032800001,2.0,0.0015579389873892069,0.0001515402109362185,4.538158464129083e-05,0.0,68.53900909423828,64.14912414550781
J-251,48.338134765625,54.42559814453125,64.26653289794922,4988.4997174926,304.77345213878834,36.30274152940758,9.6482010256,0.9378503976000002,9.647201025600001,150.0,150.0,0.2276510804329807,0.1016,46380.261000000006,29217.733566759125,185.90806608000003,0.14636925564800002,3.0,0.04092544689774513,0.002469743601977825,0.00042755549657158554,0.0,60.24739074707031,56.79265594482422
J-252,62.2111930847168,57.17518615722656,69.03103637695312,5126.486484487069,262.59537880927024,-85.2969623297215,9.908960473600002,1.1986098456000003,9.907960473600001,150.0,150.0,0.2270075725936331,0.1016,47663.526000000005,30026.139859805797,180.93162696000002,0.08517176514000001,3.0,0.009325492195785046,4.472631189855747e-05,0.00022698217071592808,0.0,65.22348022460938,61.76856994628906
J-253,98.32913208007812,96.40353393554688,105.44407653808594,9806.529656990158,1307.7716641925283,2041.0469783108506,14.614317179200004,5.347234416,14.613317179200001,150.0,150.0,0.16217953281033098,0.07619999999999999,102694.41600000001,64693.42821253044,161.10460032,0.019557960884,1.0,0.0010716792894527316,0.00022408366203308105,1.954899744305294e-05,0.0,82.57794189453125,75.98417663574219
J-254,79.9380874633789,62.33705520629883,108.57149505615234,-4079.935530749111,-847.2558297809451,1069.2984262930638,5.527407438400002,2.7647691720000003,5.526407438400001,149.99999999999997,150.0,0.22299529678525334,0.1016,31496.753000000004,19841.71105401975,163.23795648,0.258038903276,3.0,0.08964680880308151,0.0012360746040940285,0.0007267950568348169,0.0,84.6403579711914,82.10243225097656
J-255,78.71858215332031,62.18001937866211,101.89752960205078,-2722.709843182314,-202.71501830394388,449.32228508973674,3.866369663200001,1.1037313968000002,3.8653696632,149.99999999999997,150.0,0.275161633063939,0.15239999999999998,15147.956000000006,9542.614313640675,202.97662224,0.169712628316,3.0,0.05900552496314049,0.0010880855843424797,0.0006742486730217934,0.3333333333333333,45.08902359008789,42.60157775878906
J-256,40.2957763671875,53.12162399291992,61.911922454833984,4739.413754422752,380.72205893965844,255.83380530525275,9.178257947200002,0.46790731920000006,9.177257947200001,150.0,150.0,0.2341058224828535,0.15239999999999998,41754.83700000001,26303.899035614653,194.05314504,0.121133177088,4.0,0.1260988861322403,0.010778995230793953,0.006936098448932171,0.0,52.160518646240234,48.733577728271484
J-257,64.55785369873047,69.69225311279297,75.73405456542969,5623.154672480764,110.99174088660743,-523.3211584847134,10.846375921600002,2.136025293600001,10.845375921600002,150.00000000000003,150.0,0.21372521550397666,0.1016,58173.32100000001,36646.89583509574,178.16059872,0.19557960884,1.0,0.02411278337240219,0.005041882861405611,0.00019548996351659298,0.0,67.98157501220703,64.52049255371094
J-258,118.51063537597656,52.11288833618164,121.51063537597656,-4880.714603631803,-478.9994320205728,1900.7296024870602,5.570910628000001,0.12730581600000002,5.569910628,145.32242146417437,140.0,0.3509823001168054,0.1016,16375.052000000001,11365.348939607467,217.9643088,0.027759686416,3.0,0.48001471161842346,0.02704220823943615,0.018493913114070892,1.0,30.895475387573242,29.16224479675293
J-259,50.23976135253906,20.348188400268555,50.663368225097656,-4974.926849816235,-401.18270847401175,1897.187793869013,5.664108409599999,0.5027886312000001,5.6631084095999995,145.39940037950996,140.0,0.35154209214417936,0.30479999999999996,16442.802000000003,11408.028765172654,216.09731736,0.068137412112,3.0,0.36262714862823486,0.020143574103713036,0.026459401473402977,0.3333333333333333,32.773345947265625,31.054777145385742
J-26,49.05912399291992,57.769012451171875,77.40973663330078,2202.1389695804014,-1604.2714810828973,-466.9066468066538,7.8996036592,1.9424699784,7.8986036592,150.0,150.0,0.20464394102134692,0.15239999999999998,40623.494000000006,25591.197605439043,198.85676256,0.07192282389600001,2.0,0.059650253504514694,0.011982636526226997,0.0010881079360842705,0.0,47.85527420043945,44.66740417480469
J-260,15.509840965270996,27.959684371948242,50.088958740234375,-2408.624508812762,1729.5237386652777,-584.4878117833855,3.2885554264000008,2.100488052,3.2875554264000004,150.0,150.0,0.23130644246868357,0.15239999999999998,15987.369000000004,10071.411367768374,198.63758088,0.055519372832,2.0,0.0044249980710446835,0.0006071944953873754,8.071844058576971e-05,0.0,49.337711334228516,46.645084381103516
J-261,67.99545288085938,61.510498046875,76.30956268310547,-2654.622547450871,1828.8403788258286,-836.1044589592835,3.7096271776000007,2.5215598032,3.7086271776000004,150.00000000000003,150.0,0.22234752793774054,0.15239999999999998,18750.307000000004,11811.953240645596,194.85373272,0.052995764976000004,1.0,0.0029039049986749887,0.0006071944953873754,5.297147436067462e-05,0.0,53.12150573730469,50.428855895996094
J-262,3.502190589904785,3.4810092449188232,3.533336639404297,-6620.736951809722,-7.099249897508161,2264.9147675879826,4.754814724,2.2276179984,4.753814724,150.0,150.0,0.3068516073312579,0.30479999999999996,15517.77,9775.582535213585,211.36240176,0.295893021116,2.0,0.48168236017227173,0.46832358837127686,0.03514636680483818,0.0,38.53921127319336,36.79420852661133
J-263,68.49639129638672,70.76473999023438,77.0013427734375,7282.690971943706,493.08026811676456,76.42466495689163,12.398277313600003,3.1237120152,12.3972773136,149.99999999999997,150.0,0.21838142875498093,0.1016,65436.945,41222.69222315654,181.95066480000003,0.052364863012,3.0,0.004388267640024424,0.000499976915307343,0.0001423082867404446,0.0,63.3948860168457,59.005027770996094
J-264,95.78064727783203,87.96704864501953,95.78064727783203,7388.632979492196,485.82166303001765,38.18143919553675,12.551660293600003,3.2770949952,12.5506602936,149.99999999999997,150.0,0.21819589486842644,0.1016,66191.7825,41698.21005090655,179.92478112,0.089588078888,3.0,0.0017132102511823177,0.0001515402109362185,5.2130661060800776e-05,0.0,65.42074584960938,61.03087615966797
J-265,153.47544860839844,150.78070068359375,154.17213439941406,7632.6840366755905,469.0935212921021,-49.922065899832766,12.905017676800004,3.6304523784000002,12.9040176768,149.99999999999997,150.0,0.21778525453127187,0.1016,67930.746,42793.68841023098,175.2337872,0.033437804092,1.0,0.0010306270560249686,0.0002154998219339177,3.342247873661108e-05,0.0,70.11173248291016,65.72184753417969
J-266,66.0927505493164,58.2027473449707,68.2499771118164,6860.507007981799,521.5357183177172,229.63473541306539,11.789225344000002,2.5146600456,11.788225343999999,150.00000000000003,150.0,0.23189850188544206,0.1016,55018.466500000024,34659.462038142956,183.28940736,0.0946352946,3.0,0.02352483570575714,0.002017917111515999,0.0007628931780345738,0.0,62.06391906738281,57.684383392333984
J-267,70.11772918701172,62.81892395019531,72.95478820800781,7287.4761901873235,495.25721836080254,78.13339459822546,12.399170072800004,3.1246047744000003,12.3981700728,150.0,150.0,0.21838033558073747,0.1016,65441.338500000005,41225.4599547229,179.6969736,0.08012454942800001,2.0,0.03259401023387909,0.006557078566402197,0.0010569998994469643,0.0,65.64996337890625,61.26193618774414
J-268,68.32228088378906,64.43242645263672,73.41431427001953,7056.925183196261,506.5394232374868,155.40773061527938,12.076420705600004,2.8018554072,12.0754207056,150.0,150.0,0.21878607247570908,0.1016,63853.005000000005,40224.8725492713,173.40072,0.263086118988,3.0,0.042398691177368164,0.004715165123343468,0.0005265616928227246,0.0,71.9441909790039,67.55349731445312
J-269,44.15089797973633,54.89605712890625,62.61466979980469,-1551.8438120254195,-1241.6416483222408,128.97988182686925,5.447237113600001,2.6845988471999997,5.4462371136000005,150.0,150.0,0.24327519537467385,0.15239999999999998,24862.0675,15662.121093578602,204.40351296,0.07760094157200001,3.0,0.07048937678337097,0.005519489292055368,0.0012858292320743203,0.0,43.04695129394531,40.2333869934082
J-27,56.390869140625,63.50449752807617,73.34937286376953,2355.1273048201433,-2622.913442203133,-1668.4002094425946,8.9320188664,2.700454848,8.9310188664,150.0,150.0,0.19860460329276816,0.15239999999999998,47397.87200000001,29858.78832651141,193.78867008,0.284536785764,3.0,0.07346447557210922,0.002181451069191098,0.001340099610388279,0.0,52.79994583129883,49.55324172973633
J-270,55.16781997680664,57.9700813293457,68.47079467773438,-1640.1439218317132,-1509.0066735645357,-4.590257447881143,5.863883168800001,3.1012449024,5.862883168799999,150.00000000000003,150.0,0.23681714554180697,0.15239999999999998,27595.965500000002,17384.368912811355,208.61587944000001,0.08327905924800001,3.0,0.0526074655354023,0.003726078663021326,0.0009596371091902256,0.0,38.82776641845703,36.01119613647461
J-271,65.03865051269531,66.20179748535156,74.60543060302734,7464.502134882244,478.0265623522472,7.081920145811372,12.667619929600002,3.3930546312,12.6666199296,150.0,150.0,0.21331655373303732,0.1016,69671.895,43890.54354828269,172.90243296000003,0.38548110000400004,3.0,0.03829524666070938,0.0016264136647805572,0.00031047171796672046,0.0,72.37954711914062,67.90545654296875
J-272,49.216651916503906,56.21918869018555,68.26081085205078,6553.732968205384,534.7447406729652,330.7575797084833,11.364633457600002,2.0900681592,11.363633457600002,149.99999999999997,150.0,0.2261262909315963,0.1016,56847.225000000006,35811.507702805044,184.59654216,0.30661835450400005,3.0,0.02861657738685608,4.879239349975251e-05,0.00023389550915453583,0.0,60.75596237182617,56.37531661987305
J-273,63.767921447753906,42.40456771850586,90.94285583496094,-1915.723956219332,-370.92224475786924,478.00685732415764,3.9130129024000007,1.150374636,3.9120129024000008,149.99999999999997,150.0,0.2736979364048428,0.15239999999999998,15454.014000000005,9735.418771985036,206.02956000000003,0.0,4.0,0.21097040176391602,0.034643303602933884,0.010796243324875832,0.0,41.64156723022461,38.93645095825195
J-274,26.26141357421875,7.760366439819336,26.26141357421875,-3689.140964999465,2975.691740600704,-1180.2924779692357,0.42354667840000004,2.9328288816000003,0.42254667840000004,150.0,150.0,0.30479999999999996,0.30479999999999996,1386.3080000000002,873.3193154188311,166.28802912,0.0,3.0,0.2676500976085663,1.2253709655851708e-06,0.022751500830054283,0.3333333333333333,82.33506774902344,79.36997985839844
J-275,52.87511444091797,56.60466384887695,61.68404769897461,-1490.0347229072956,-1321.1462235667686,103.68931237197152,5.558427848800001,2.7957895824,5.5574278488,150.0,150.0,0.24145700176783552,0.15239999999999998,25591.665500000003,16121.739032659205,205.48067616,0.051103059084,3.0,0.0427929125726223,0.003726078663021326,0.0007806053035892546,0.0,41.961666107177734,39.144371032714844
J-276,47.33405303955078,46.226505279541016,75.08480834960938,1326.1920000619775,-1387.4835340409472,391.82961017377266,6.918730132,0.9171633168000001,6.917730132,150.00000000000003,150.0,0.24620574013045926,0.15239999999999998,31092.236500000003,19586.88162732985,196.83444504,0.124918588872,3.0,0.1205056682229042,0.00884142518043518,0.003907911013811827,0.0,49.99583053588867,46.864219665527344
J-277,47.43757247924805,47.576202392578125,65.63780212402344,1330.0864120163612,-1384.1224054380125,384.6021326144464,6.925950844000002,0.924673284,6.9249508440000005,150.0,150.0,0.2550241520480834,0.15239999999999998,30136.777000000002,18984.979859143838,196.28409816,0.16340360867599998,4.0,0.11379866302013397,0.0002764903474599123,0.007867439649999142,0.0,50.546077728271484,47.41442108154297
J-278,68.68226623535156,61.840728759765625,74.351806640625,8550.145331337744,1049.8379272951618,1511.5156450156076,13.292271868000002,4.026420496800001,13.291271867999999,150.0,150.0,0.16832218194818735,0.1016,88991.54900000003,56061.162923925534,165.41352744,0.05993568658,3.0,0.005055905785411596,0.0003578109899535775,4.098983481526375e-05,0.0,80.28924560546875,76.372802734375
J-279,63.767486572265625,75.44111633300781,83.08574676513672,8609.913531333677,1056.284966077047,1520.4667581010713,13.363680107200002,4.097828736,13.3626801072,150.0,150.0,0.1679656282111915,0.1016,89694.38600000003,56503.92248939801,162.68794488,0.013879843208,1.0,0.001711229793727398,0.0003578109899535775,1.3873483112547547e-05,0.0,83.01482391357422,79.09837341308594
J-28,54.51543426513672,50.21510696411133,69.7457046508789,416.84247147729724,-1320.5808500287978,294.97536954808714,6.060042695200001,0.7801645560000001,6.0590426952000005,150.0,150.0,0.2544430815641366,0.15239999999999998,26447.204000000005,16660.69451523195,198.94518504,0.112300549592,3.0,0.11028244346380234,0.004586776718497276,0.0021154501009732485,0.0,48.063663482666016,45.02012634277344
J-280,64.24889373779297,75.5375747680664,83.3880615234375,8627.17171535529,1058.1479557014711,1523.0549430508263,13.384297084000002,4.118445712800002,13.383297084,150.0,150.0,0.16786339192303623,0.1016,89897.30900000002,56631.755969001926,165.48832536,0.017665254992,1.0,0.0021779288072139025,0.00045539584243670106,1.7657159332884476e-05,0.0,80.21443176269531,76.2979736328125
J-281,51.054683685302734,46.487396240234375,74.98519897460938,793.5125652629155,-1326.4904829407546,172.68306524665596,6.420967652800001,0.41940083759999996,6.4199676528,150.00000000000003,150.0,0.2495401251281519,0.15239999999999998,28642.618000000002,18043.718671148898,203.33866368,0.05993568658,3.0,0.16346947848796844,0.024902479723095894,0.006469255778938532,0.0,43.59762191772461,40.51750183105469
J-282,118.51051330566406,75.59332275390625,124.51055908203125,-4573.4695424048705,-1006.9796335231014,1491.61338051858,6.041860765600001,2.4893640840000004,6.040860765600001,149.99999999999997,150.0,0.21265699951920108,0.1016,36560.270000000004,23031.526881420017,189.38104872,0.06939921604,3.0,0.08342651277780533,0.000683093792758882,0.000676365103572607,0.0,58.53260803222656,56.020381927490234
J-283,118.51050567626953,73.9272232055664,124.51055908203125,-4506.44683831609,-993.3519482350433,1433.5803715650657,5.974963566400001,2.5562612832000005,5.973963566400001,149.99999999999997,150.0,0.213900629838806,0.1016,35901.833000000006,22616.737563255203,185.61439128,0.055519372832,3.0,0.07611489295959473,0.00048711863928474486,0.0006170875276438892,0.0,62.28523254394531,59.7645263671875
J-284,67.20746612548828,58.18192672729492,69.23841094970703,8143.5008426252925,1005.8676036841556,1450.3446884541609,12.806606900800004,3.5407555296000006,12.8056069008,150.0,150.0,0.1708526849191441,0.1016,84211.38200000003,53049.84641126912,170.99286096,0.13879843208,3.0,0.04366229102015495,0.0010083764791488647,0.0003539839817676693,0.0,74.71967315673828,70.81616973876953
J-285,67.85174560546875,68.20052337646484,77.18373107910156,8316.19158593644,1024.123959685633,1475.2662371582549,13.013538364000004,3.7476869928000007,13.012538364000001,150.0,150.0,0.1697513963757425,0.1016,86248.10900000003,54332.90402136374,168.37679304,0.039115921768,1.0,0.004822556395083666,0.0010083764791488647,3.909799488610588e-05,0.0,77.33562469482422,73.43196105957031
J-286,50.2283935546875,54.15824508666992,74.17544555664062,2633.8694847033153,-78.13742468188975,-452.482657701663,7.110821188000001,2.3529407856000004,7.109821188000001,149.99999999999997,150.0,0.2104400227812649,0.15239999999999998,35447.75600000001,22330.686977968646,187.94851920000002,0.08517176514000001,3.0,0.11521643400192261,0.002728306455537677,0.002163424389436841,0.0,58.612247467041016,55.351158142089844
J-287,50.12668228149414,53.97965621948242,73.84017181396484,2600.1866332244217,-85.17430975767635,-462.247132830745,7.078152724000001,2.3202723216000005,7.077152724,149.99999999999997,150.0,0.21070793820837713,0.15239999999999998,35233.39600000001,22195.648639840914,187.60732608,0.017665254992,2.0,0.1807163953781128,0.037693705409765244,0.003296531504020095,0.0,58.96293258666992,55.70637893676758
J-288,68.13428497314453,63.26028823852539,69.0330810546875,2521.866159220664,639.0017760018562,-2804.075147840047,8.0957775112,4.349951676000001,8.0947775112,150.0,150.0,0.18499387693249733,0.07619999999999999,52742.72200000001,33225.832838276714,192.42240408,0.18863968723600003,1.0,0.041346076875925064,0.008645293302834034,0.00018855324015021324,0.0,53.83125686645508,50.42170715332031
J-289,52.02665710449219,56.349884033203125,64.20246887207031,4455.246478300078,184.3800172927695,-180.5566353185025,9.12557662,1.3804958928000002,9.12457662,150.0,150.0,0.224122801557642,0.1016,44403.216000000015,27972.273260714417,192.13988496,0.14826196154000001,3.0,0.04379192367196083,0.000341546896379441,0.0003550350375007838,0.0,54.12548828125,50.72322463989258
J-29,47.44376754760742,57.2538948059082,71.52330017089844,371.7390362134624,-1519.231507519788,108.71421109770034,6.3206162152,0.6623706336,6.319616215200001,150.0,150.0,0.25233020165432524,0.15239999999999998,27729.554000000004,17468.524394398293,198.68829960000002,0.071291921932,2.0,0.013890925794839859,0.000908076239284128,0.00045047258026897907,0.0,48.3194580078125,45.275390625
J-290,63.50396728515625,58.12767028808594,66.8510513305664,4737.393012847092,55.65357557549992,-530.101273118401,9.732527908,1.9874471808,9.731527908,150.0,150.0,0.2164811061406617,0.1016,50377.146000000015,31735.613339513657,195.6816,0.28012047201600004,3.0,0.025098038837313652,0.0018215833697468042,0.0002034777426160872,0.0,50.55247116088867,47.13524627685547
J-291,19.975135803222656,19.335187911987305,48.11384201049805,-2972.4675075928276,680.1676958820456,-756.6881889752407,3.0476646712000006,1.3478731488,3.0466646712,150.00000000000003,150.0,0.2682373036427259,0.15239999999999998,12393.695000000003,7807.538608238421,204.49809240000002,0.0315450982,3.0,0.02736048586666584,0.00010119892976945266,0.0004990953020751476,0.0,43.49753952026367,40.83766555786133
J-292,20.752256393432617,17.309968948364258,40.37428665161133,-2949.4881136291037,677.7968731272248,-738.697063848915,3.013743479200001,1.3139519568,3.0127434792,150.0,150.0,0.26954154326510177,0.15239999999999998,12171.115000000003,7667.321994595621,204.52732272,0.053626666940000005,3.0,0.049022529274225235,0.001344964257441461,0.0008942426647990942,0.0,43.4688835144043,40.80979537963867
J-293,83.86656188964844,46.90849685668945,89.59605407714844,-1768.7302658436495,-138.86293083281166,-261.61899452706575,3.9244471696000014,1.5993020592,3.9234471696000006,150.0,150.0,0.2484532850867318,0.15239999999999998,17429.778500000004,10980.072413577545,206.97325128000003,0.0630901964,3.0,0.0668884888291359,0.000173484135302715,0.0012201438657939434,0.0,40.76408386230469,38.09177017211914
J-294,75.51696014404297,45.21406936645508,91.77124786376953,-1559.959796376395,-397.49718236723476,112.97158346033497,4.206783104800001,1.4537719463999998,4.205783104800001,150.0,150.0,0.2420051888824735,0.15239999999999998,19282.376500000006,12147.136022174116,202.7624088,0.052364863012,3.0,0.1196126863360405,0.01733749732375145,0.0021819102112203836,0.0,44.9483642578125,42.26261520385742
J-295,87.97904205322266,93.74321746826172,100.86245727539062,6401.437265595299,541.9279056605159,385.4377664618191,11.154970376800001,1.8804050784,11.153970376799998,150.00000000000003,150.0,0.23141763116648123,0.1016,52658.11300000001,33172.53250822143,183.97846872,0.012618039280000002,1.0,0.000691405963152647,0.00014457013458013535,1.2612256796273869e-05,0.0,61.39900588989258,57.05146789550781
J-296,49.01639938354492,56.3928108215332,64.11412048339844,4407.6623804013025,206.08713695701945,-121.6083522250528,9.0232220368,1.2781413096,9.0222220368,150.0,150.0,0.22551278844056033,0.1016,43395.78900000001,27337.634018948196,188.38688256,0.19936502062400002,3.0,0.0580780990421772,0.006445021368563175,0.0004708576016128063,0.0,57.88785934448242,54.49006652832031
J-297,62.31319046020508,58.79278564453125,68.20745086669922,-1740.4993301599168,-1646.7028269912155,-81.89106328099867,6.0852862312000005,3.3226479648,6.0842862312,150.00000000000003,150.0,0.23374526268952103,0.15239999999999998,29048.741500000004,18299.560444402392,208.23103896,0.197472314732,3.0,0.053927525877952576,6.779712566640228e-05,0.000983717036433518,0.0,39.204463958740234,36.38459396362305
J-298,56.79977798461914,57.265594482421875,62.37936782836914,-1550.07488980556,-1398.990902848686,58.83445309692416,5.6850201280000014,2.9223818616,5.684020128,150.0,150.0,0.23947355896175318,0.15239999999999998,26422.323500000002,16645.020782390995,205.391766,0.087064471032,3.0,0.02113845758140087,0.00029636872932314873,0.0003855964168906212,0.0,42.04751968383789,39.228912353515625
J-299,87.8675765991211,88.0015869140625,93.39959716796875,-1642.0460130067859,-1509.6144611311233,-23.052225618798193,5.888577760000001,3.1259394936,5.88757776,150.00000000000003,150.0,0.23646307006554082,0.15239999999999998,27758.003500000003,17486.446456352787,208.2417984,0.025866980523999997,1.0,0.0014173822710290551,0.00029636872932314873,2.585512447694782e-05,0.0,39.19748306274414,36.378875732421875
J-3,50.61358642578125,29.92940330505371,55.13499069213867,-3913.6863607016276,-377.2669319950486,1324.126999221044,4.5819934288,1.5248205216,4.5809934288,144.31265405529626,140.0,0.3625834347981896,0.30479999999999996,12892.556,9171.513931320116,214.74997944,0.061828392472,3.0,0.18002057075500488,0.00024693625164218247,0.01220634300261736,0.0,33.76687240600586,31.623594284057617
J-30,130.5093536376953,119.9322738647461,133.76992797851562,16.328482602612443,-1450.4020725178145,204.22653575888768,6.0668043784000005,1.3923599280000003,6.0658043784,150.0,150.0,0.26458155488488905,0.15239999999999998,24984.527000000002,15739.265744483408,201.4343952,0.029652392308,1.0,0.0009139522444456816,0.00019110360881313682,2.9638802516274154e-05,0.0,45.66682815551758,42.66941833496094
J-300,53.58061599731445,56.992061614990234,63.35210418701172,-1512.4731351263608,-1350.2456065102024,86.67169820237741,5.605875760000001,2.8432374935999998,5.60487576,150.0,150.0,0.24070309233387893,0.15239999999999998,25903.003500000003,16317.86968257529,205.48530912,0.053626666940000005,3.0,0.04091811180114746,0.0013712263898923993,0.0007464062073267996,0.0,41.955055236816406,39.136837005615234
J-301,60.16804122924805,58.93120193481445,64.64897918701172,-1336.4091529893806,-1532.679793165126,16.268186003250023,5.872749496,3.0034787784000003,5.871749496,150.00000000000003,150.0,0.236689675861063,0.15239999999999998,27654.143500000006,17421.018756231744,198.89309472,0.07886274550000001,3.0,0.019368615001440048,0.0003538319724611938,0.00035331188701093197,0.0,48.54490280151367,45.7253303527832
J-302,18.098405838012695,18.338884353637695,25.48152732849121,1254.968389321034,403.0937902640168,-2242.1219086911733,6.313060528,2.5672346928,6.312060528,150.0,150.0,0.21154219695338128,0.1016,32754.146,20633.819008364982,203.55254184,0.252991687564,3.0,0.13195903599262238,0.0002439620584482327,0.001079292967915535,0.0,42.898956298828125,39.582496643066406
J-303,18.161453247070312,19.270776748657227,27.560766220092773,1576.907590440841,556.1971937807184,-2184.7087523347914,6.6707951439999995,2.9249693088,6.669795144,150.00000000000003,150.0,0.20564544469035345,0.1016,36275.156,22851.916316310155,196.02608496,0.18737788330800004,3.0,0.14922399818897247,0.0024763040710240602,0.0009073458495549858,0.0,50.260284423828125,46.866119384765625
J-304,38.20741271972656,55.061710357666016,63.938987731933594,3725.4348146622515,-91.11086551065115,-781.786338610267,8.641230522399999,2.4252256296,8.640230522400001,150.0,150.0,0.2107151840994033,0.15239999999999998,43526.42200000001,27419.927652203656,171.2482224,0.07381552978799999,3.0,0.0359051488339901,0.0003252827445976436,0.0006549623794853687,0.0,75.13320922851562,71.78622436523438
J-305,85.37674713134766,84.56980895996094,94.84119415283203,3803.09048655857,-156.17944113777043,-948.450652928014,8.8648132096,2.6488083168000003,8.8638132096,150.0,150.0,0.20924422964027883,0.15239999999999998,44993.500000000015,28344.12887922249,176.50638816,0.02839058838,1.0,0.0015556635335087776,0.0003252827445976436,2.837757892848458e-05,0.0,69.87503814697266,66.5280532836914
J-306,53.66630935668945,52.53273010253906,66.166748046875,-323.14610251112816,-1332.859422835454,257.20852920015784,5.728081662400001,1.6505304048000002,5.727081662400001,150.0,150.0,0.26035784387118044,0.15239999999999998,24268.982000000007,15288.500640659895,194.04909120000002,0.035330509984,2.0,0.0849662721157074,0.01777542755007744,0.0015499091241508722,0.0,53.14802932739258,50.19877243041992
J-307,44.120155334472656,55.41740417480469,64.98566436767578,3898.2647717910077,-46.04288468556301,-706.3966810113154,8.794413858399999,2.2720422936,8.793413858400001,150.0,150.0,0.20969931988743204,0.15239999999999998,44531.56200000001,28053.126174249323,181.26221304000003,0.11482415744800001,3.0,0.04975082352757454,0.0006180373020470142,0.0005731929559260607,0.0,65.11504364013672,61.766075134277344
J-308,15.778861045837402,28.357070922851562,48.161258697509766,-2879.7973912198026,927.9434989361995,-714.2856815649988,3.343966847200001,1.6441753248000002,3.3429668472,150.00000000000003,150.0,0.25797012281200343,0.15239999999999998,14337.935000000003,9032.333059262226,201.9447828,0.035330509984,2.0,0.061615608632564545,3.7559842894552276e-05,0.0011239589657634497,1.0,46.04331588745117,43.372093200683594
J-309,15.871586799621582,28.01197052001953,44.09543228149414,-2936.689522762129,853.8826387152913,-748.6648741012739,3.295201895200001,1.5954103728000002,3.2942018952,150.0,150.0,0.25953290558468745,0.15239999999999998,14017.955000000004,8830.758290489544,203.525628,0.039746823732,3.0,0.04300767555832863,0.00023854065511841327,0.0007845230866223574,0.6666666666666666,44.46409225463867,41.795433044433594
J-31,116.95793914794922,118.69669342041016,128.2540740966797,-1288.206702648413,-1710.0886604855252,-1333.56820528287,7.377508691200002,4.078237411200001,7.3765086912000015,150.0,150.0,0.2408397338737375,0.15239999999999998,32904.510500000004,20728.542707718447,204.66289776,0.089588078888,3.0,0.0009878227720037103,2.1135881979716942e-05,3.203437154297717e-05,0.0,42.569828033447266,39.63558578491211
J-310,67.87640380859375,58.12581253051758,70.82496643066406,9172.89698331046,1212.5909107308319,1871.2146686339213,13.896440636800003,4.6293578736,13.895440636800002,149.99999999999997,150.0,0.1648548226451475,0.1016,95446.30100000002,60127.40188225104,163.59874824000002,0.165296314568,3.0,0.16609300673007965,0.002146865939721465,0.00134656869340688,0.0,80.19558715820312,73.74998474121094
J-311,68.02323913574219,68.52472686767578,79.00098419189453,9557.125529294328,1268.2038220955437,1968.3881686017467,14.334876844000004,5.067794080800001,14.333876844000002,149.99999999999997,150.0,0.1629200212770685,0.1016,99761.61800000002,62845.88124488564,149.66024424,0.08327905924800001,1.0,0.010267378762364388,0.002146865939721465,8.324089139932767e-05,0.0,94.1330795288086,87.68614196777344
J-312,47.3880500793457,96.74056243896484,127.51044464111328,-4593.244364764573,-1029.952334958935,1453.0549876861178,6.088976749600001,2.6702744664000004,6.0879767496,149.99999999999997,150.0,0.21179750875114278,0.1016,37024.01000000001,23323.66477525914,178.4544564,0.021450666776000004,1.0,0.0026446275878697634,0.0005529806367121637,2.1440835553221405e-05,0.0,69.44515228271484,66.92442321777344
J-313,87.84980773925781,81.71349334716797,90.84541320800781,2189.1861755785494,-4104.818738088476,-2401.735232209714,9.964563918400003,3.4350935616,9.9635639184,149.99999999999997,150.0,0.22100085172752126,0.15239999999999998,50444.07330000001,31777.77489655498,191.79750312,0.11482415744800001,4.0,0.0035780263133347034,0.00017483951523900032,0.00011603276652749628,0.0,54.78936767578125,51.54182052612305
J-314,125.18684387207031,125.47660064697266,129.84629821777344,2248.6874535720262,-4660.148899966745,-2986.18809434555,10.548356197600004,4.0188858408,10.547356197600003,149.99999999999994,150.0,0.22001558114340317,0.15239999999999998,53317.066800000015,33587.647389985555,185.38902216000002,0.074446431752,3.0,0.0011537837563082576,4.879239349975251e-05,3.741636101040058e-05,0.0,61.19779586791992,57.95022201538086
J-315,79.2068862915039,77.55546569824219,84.78585815429688,8224.891824155227,424.675116672983,-269.72247926430043,13.771056584800004,4.4964912863999995,13.7700565848,149.99999999999997,150.0,0.2043643653652911,0.1016,80532.492,50732.290935645244,156.84602615999998,0.21009035401200002,1.0,0.0259017962962389,0.005415957421064377,0.00020999407570343465,0.0,88.42180633544922,83.92894744873047
J-316,22.90123176574707,14.853642463684082,49.49846649169922,-2814.06289336146,664.0942431653132,-632.758109536057,2.8138010800000006,1.1140095576000002,2.81280108,150.00000000000003,150.0,0.2778683180850315,0.15239999999999998,10859.157000000003,6840.840244206632,206.65443048,0.06435200032800001,3.0,0.09608431905508041,0.002416284056380391,0.00175271846819669,0.0,41.35182189941406,38.706180572509766
J-317,108.219482421875,51.93840408325195,108.219482421875,-2650.3456173633076,344.4885205637165,-243.906860550613,3.112135967200001,0.8156746704000001,3.1111359672,150.00000000000003,150.0,0.26583683604191144,0.15239999999999998,12816.735000000004,8074.037108712185,211.05513288,0.096528000492,3.0,0.16957591474056244,0.002416284056380391,0.0030933127272874117,0.0,36.9105110168457,34.30533218383789
J-318,118.51048278808594,70.49095916748047,124.51055908203125,-4396.617100482795,-971.5635683861067,1341.37139133817,5.864354694400002,2.6668701552000003,5.863354694400001,149.99999999999997,150.0,0.21601911774185292,0.1016,34813.16300000001,21930.91843856068,183.45884568,0.09715890245600001,3.0,0.06828431040048599,0.00048711863928474486,0.0005536025273613632,0.0,64.4208984375,61.88801956176758
J-319,71.35527038574219,60.11909866333008,71.35527038574219,8420.991621722867,1035.8960808654997,1492.1468020878583,13.137982108000003,3.872130736800001,13.136982108,150.0,150.0,0.1691058131775542,0.1016,87472.94900000002,55104.504870740355,164.73553032,0.076339137644,3.0,0.0119008244946599,0.0003903393226210028,9.648375998949632e-05,0.0,80.96766662597656,77.05179595947266
J-32,146.20912170410156,141.26536560058594,146.99334716796875,4423.606309357498,37.90141022751413,-450.26028305175566,9.329094932799999,1.9495340232,9.328094932800001,150.0,150.0,0.20105985896085557,0.15239999999999998,48671.33700000001,30661.021006413597,190.69464528,0.021450666776000004,1.0,0.0006611568969674408,0.00013824515917804092,2.1440835553221405e-05,0.0,55.59804153442383,52.2088508605957
J-320,69.55120086669922,72.67389678955078,79.38751220703125,8487.97909468559,1043.0952941283067,1502.1118175541185,13.218059164000001,3.952207792800001,13.217059164,150.0,150.0,0.168696821531601,0.1016,88261.10900000003,55601.01455808293,163.88477256000002,0.015141647136,1.0,0.0018667960539460182,0.0003903393226210028,1.5134708519326523e-05,0.0,81.81842041015625,77.90252685546875
J-321,47.296836853027344,47.56867980957031,59.87425231933594,2488.443111961802,-99.41413396446198,-502.83992026141465,6.9657827176,2.216171844,6.9647827176,150.0,150.0,0.2116486801748263,0.15239999999999998,34496.060000000005,21731.15606621827,187.36351656000002,0.185485177416,4.0,0.16218364238739014,0.004428203217685223,0.009270822629332542,0.0,59.23713684082031,55.995113372802734
J-322,37.062355041503906,58.06483459472656,75.44602966308594,3563.314681975194,119.97625517987544,-144.43377742413512,8.021331635200001,1.6332973176,8.020331635200002,149.99999999999997,150.0,0.20385101256301721,0.15239999999999998,41422.23400000001,26094.37227513556,197.5350888,0.2050431383,3.0,0.09801632165908813,0.003440769389271736,0.0017879611114040017,0.0,48.83158493041992,45.47774124145508
J-323,50.816078186035156,56.40963363647461,74.5040512084961,2984.1279995605637,-2.5541378867141904,-357.9861442412297,7.451145628000001,2.2034833248,7.450145628000001,149.99999999999997,150.0,0.20778874061351968,0.15239999999999998,37680.85600000001,23737.451826228767,193.62115200000002,0.11734776530400001,3.0,0.1066979169845581,0.0031394900288432837,0.0018953754333779216,0.0,52.867218017578125,49.57151794433594
J-324,66.0181884765625,63.84868240356445,73.19878387451172,4487.225809313862,169.7457296116342,-220.1275033774716,9.194592179199999,1.449511452,9.1935921792,150.00000000000003,150.0,0.22320303271218653,0.1016,45082.50300000001,28400.197255824387,191.1803136,0.013248941244000001,1.0,0.0016334466636180878,0.000341546896379441,1.3242868590168655e-05,0.0,55.08505630493164,51.682796478271484
J-325,67.35758972167969,58.074554443359375,71.05187225341797,3083.5708641307624,-123.31623244200618,-672.9802346296407,7.8228739168,2.5723245480000005,7.821873916800001,150.0,150.0,0.21212649450657528,0.1016,39765.497,25050.693364915718,178.55677776000002,0.071291921932,1.0,0.00878949835896492,0.0018378476379439235,7.12592518539168e-05,0.0,67.93099212646484,64.63500213623047
J-326,49.38825607299805,46.79023361206055,54.28099822998047,2164.345980705827,764.9950167410054,-2038.7556027302883,7.15250716,3.4066813248000005,7.15150716,150.0,150.0,0.19863714003567326,0.1016,41016.416000000005,25838.72295482244,194.93871095999998,0.16340360867599998,3.0,0.008476263843476772,0.00021956585987936705,7.72330240579322e-05,0.0,51.34608459472656,47.95135498046875
J-327,23.39879035949707,26.082595825195312,32.36344528198242,2223.476292879062,459.78029122816724,-1902.9232298613533,6.7767131439999995,3.0308873088000006,6.775713143999999,150.00000000000003,150.0,0.21853380048519952,0.15239999999999998,32110.721,20228.486657600675,194.50150584,0.0315450982,2.0,0.016039077192544937,0.0032257167622447014,0.0005201355670578778,0.0,52.24843215942383,49.0748405456543
J-328,25.169292449951172,27.352354049682617,32.381431579589844,2258.6670498553003,464.91802869870526,-1855.6384516810224,6.7539768928,3.0081510576,6.7529768928000005,150.0,150.0,0.21620469999326575,0.15239999999999998,32517.984000000004,20485.046270872346,195.26201232,0.064982902292,3.0,0.0347481407225132,0.0032257167622447014,0.001126856659539044,0.0,51.48724365234375,48.313350677490234
J-329,15.79545783996582,28.02167320251465,45.55895233154297,-3053.096697661077,705.5375197050242,-821.4690137370175,3.195617639200001,1.4958261168000002,3.1946176391999996,150.00000000000003,150.0,0.2628725073463684,0.15239999999999998,13364.515000000003,8419.116885067891,203.66422056000002,0.047948549264,3.0,0.04438173398375511,0.0006273016915656626,0.0008095877128653228,0.3333333333333333,44.32918167114258,41.66608810424805
J-33,78.03460693359375,77.23334503173828,91.21580505371094,4416.438586614217,41.84708383108635,-440.6373566739974,9.3118496536,1.9322887440000003,9.310849653600002,149.99999999999997,150.0,0.20105589505518415,0.15239999999999998,48586.4685,30607.557201602096,178.36085232000002,0.0946352946,3.0,0.004070653114467859,0.00011791496217483655,0.00013200828107073903,0.0,67.93171691894531,64.5424575805664
J-330,157.9999542236328,155.4999542236328,166.9999542236328,2256.9788478625383,-4737.520200516606,-3067.6159469040094,10.629731701600003,4.1002613448,10.628731701600001,149.99999999999997,150.0,0.21988683799426603,0.15239999999999998,53717.536800000016,33839.92768141125,177.8829564,0.007570823568,1.0,0.00023334950674325228,4.879239349975251e-05,7.567353804915911e-06,0.0,68.703857421875,65.45629119873047
J-331,84.57461547851562,76.24810028076172,84.57461547851562,1791.630678213664,-4353.363518183592,-2430.03507202462,9.806238911200003,3.2767685544000003,9.805238911200002,149.99999999999994,150.0,0.22097199589461025,0.15239999999999998,49765.05980000001,31350.02319564858,191.22582024000002,0.128073098692,3.0,0.005427537020295858,0.0002746832324191928,9.900620352709666e-05,0.0,55.36158752441406,52.11430358886719
J-332,102.4642562866211,106.82421112060547,112.17281341552734,1816.7689250031085,-4819.7483774985585,-2898.2970522149208,10.287213311200002,3.7577429544000003,10.286213311200001,149.99999999999994,150.0,0.21776562892705953,0.15239999999999998,52921.05980000001,33338.17861238269,184.57535855999998,0.060566588544,1.0,0.0033187486696988344,0.00069393654121086,6.053883407730609e-05,0.0,62.011966705322266,58.76462936401367
J-333,67.0703353881836,57.95438766479492,71.03438568115234,8223.47005046053,1050.916202719208,1544.6339574295653,12.852339702400002,3.577774404,12.8513397024,150.0,150.0,0.24928929241308787,0.07619999999999999,56590.66100000001,35649.88251068243,167.09724264,0.15015466743199998,3.0,0.049960341304540634,0.0009758482337929308,0.00027762388344854116,0.0,78.79940032958984,75.13987731933594
J-334,67.5419692993164,67.88265991210938,79.23944091796875,8390.405712155094,1070.7610411503306,1574.4637893857216,13.049252389600001,3.7746870912,13.0482523896,150.0,150.0,0.24706049620564272,0.07619999999999999,58528.778000000006,36870.819713411984,168.51428832,0.03785411784,1.0,0.0046669901348650455,0.0009758482337929308,3.7836769479326904e-05,0.0,77.38224792480469,73.72258758544922
J-335,45.79334259033203,55.836307525634766,66.79753875732422,6735.43717884621,787.1132582226147,1044.1820535024024,11.229975256000001,1.9554099576,11.228975256,150.0,150.0,0.2470228041607504,0.15239999999999998,48486.19300000001,30544.387594982727,178.15279584,0.055519372832,4.0,0.06402135640382767,0.0009270558366551995,0.004425846040248871,0.0,67.86320495605469,64.34185028076172
J-336,69.13197326660156,60.9713020324707,76.21803283691406,6880.339480161745,791.3826287668883,1036.0321532289163,11.421215615200001,2.1466503167999997,11.420215615199998,150.0,150.0,0.24458758662715516,0.1016,50368.48,31730.15410160446,177.12485784,0.035961411948000004,1.0,0.004433640744537115,0.0009270558366551995,3.5944929550169036e-05,0.0,68.89104461669922,65.36964416503906
J-337,69.03025817871094,65.80065155029297,76.0096206665039,7680.345963120463,932.2026658766015,1300.328369119859,12.293653799200001,3.0190885008,12.2926537992,150.0,150.0,0.24435454678920865,0.1016,55019.652,34660.208856345285,170.64011592,0.12239498101599999,3.0,0.012207548134028912,0.001186242327094078,0.00011813479795819148,0.0,75.27584075927734,71.64192962646484
J-338,77.83623504638672,68.05884552001953,78.2244873046875,7799.476231742896,942.3453814408725,1310.8352343514005,12.440338799200001,3.1657735008,12.4393387992,150.00000000000003,150.0,0.24267118153693967,0.1016,56463.402,35569.71436423815,168.04236648000003,0.07192282389600001,2.0,0.008366012014448643,0.0005059954128228128,8.008782606339082e-05,0.0,77.87296295166016,74.23821258544922
J-339,18.231348037719727,17.041181564331055,26.306180953979492,1264.4236682677968,577.008248037243,-1351.1280169068204,5.538551536,1.7927257008000002,5.537551536,150.0,150.0,0.2269192493540777,0.2032,25131.026,15831.554331427678,204.43365768,0.22586290311200002,4.0,0.1713443249464035,0.008599837310612202,0.003529313951730728,0.0,42.51891326904297,39.43885803222656
J-34,17.490779876708984,19.217185974121094,27.005578994750977,192.44078971040292,226.205662611815,-1443.671119606436,5.2955500408,2.2261552632000003,5.2945500408,150.0,150.0,0.22286040137655808,0.15239999999999998,24815.218000000004,15632.60775796508,195.02752968000001,0.14700015761200003,3.0,0.02656334452331066,0.0005999659188091755,0.0005967454053461552,0.0,52.146907806396484,49.173526763916016
J-340,50.12190246582031,30.325363159179688,53.659828186035156,-3782.7753421594257,-362.18829883602194,1252.266332438219,4.4380272448,1.6687867056,4.4370272448,144.12811935501773,140.0,0.3644583073530195,0.30479999999999996,12420.226,8873.964676571693,213.67373064000003,0.0315450982,3.0,0.16430701315402985,0.00018071261001750827,0.011973035521805286,0.0,34.81085968017578,32.6268424987793
J-341,50.060150146484375,31.084144592285156,53.5197868347168,-3836.6315879521794,-368.91874528367214,1281.9480187163047,4.4974937248,1.6093202255999999,4.4964937248000005,144.20577543424483,140.0,0.3636693215880722,0.30479999999999996,12615.326000000001,8996.869974988938,214.57886472,0.029652392308,3.0,0.17398850619792938,0.00024693625164218247,0.012004642747342587,0.3333333333333333,33.91953659057617,31.752981185913086
J-342,44.61322784423828,55.59104537963867,66.02884674072266,6605.974009301922,761.2231041661952,993.1662118230545,11.0936476648,1.8190823664,11.092647664800001,149.99999999999997,150.0,0.24631272788562897,0.15239999999999998,48038.924000000006,30262.625780950013,179.33295096,0.06939921604,4.0,0.06509800255298615,0.0011059612734243274,0.004515635780990124,0.0,66.69156646728516,63.17427062988281
J-343,53.008907318115234,56.846378326416016,68.7818832397461,7579.587625169489,923.5966087714128,1291.3746557558725,12.169636470400002,2.8950711719999997,12.168636470400001,150.0,150.0,0.2458094376153022,0.1016,53799.009000000005,33891.251951291866,172.15411848000002,0.09905160834800002,3.0,0.011901919730007648,0.0003252827445976436,0.00012091209646314383,0.0,73.76207733154297,70.12847137451172
J-344,114.4927749633789,56.547306060791016,117.4927749633789,-3108.2394377497776,388.6095893551843,-52.776698452180376,2.947636626400001,0.5931124536,2.9466366264000006,149.99999999999997,150.0,0.2890666467234406,0.1016,11164.503,7033.196170657231,212.88506064,0.12239498101599999,3.0,0.05028611049056053,0.0001294325920753181,0.0005442380206659436,1.0,35.20012664794922,32.699073791503906
J-345,83.62335968017578,35.51969528198242,113.4927749633789,-3051.40411362372,467.5211841044068,-132.50832609169603,2.7194846824000005,0.6368908776000001,2.7184846824000006,149.99999999999997,150.0,0.3047999999999999,0.30479999999999996,8918.913,5618.563115440517,212.48281608000002,0.074446431752,3.0,0.10041452199220657,0.0002899076498579234,0.005621460732072592,0.3333333333333333,35.6209716796875,33.0911979675293
J-346,15.506905555725098,9.153975486755371,25.47759246826172,-2327.670065182722,2224.5719186698498,-764.3915208107732,2.2968532696,2.2286595,2.2958532696000002,149.99999999999997,150.0,0.2653903668282059,0.15239999999999998,9480.137000000002,5972.112081093617,203.55174936,0.136274824224,3.0,0.13957594335079193,0.0013951016589999199,0.002546069910749793,0.0,44.47846603393555,41.76176071166992
J-347,16.018672943115234,8.579205513000488,22.62346839904785,-3021.533330485007,1930.6669642073007,-621.4682990378825,1.7031607816000003,1.6532147784000002,1.7021607816000004,149.99999999999997,150.0,0.3047999999999999,0.30479999999999996,5584.517000000001,3518.0252608978844,208.81826664,0.11356235352,3.0,0.1572401374578476,0.0031837322749197483,0.007585951592773199,0.3333333333333333,39.45250701904297,36.75658416748047
J-348,28.290193557739258,29.098955154418945,36.25055694580078,2218.673678940993,542.7423505122939,-1538.9276928134384,6.4427398216,2.6969139864,6.441739821600001,150.0,150.0,0.2168330309798987,0.15239999999999998,30986.305500000002,19520.149278961642,186.30592152000003,0.034068706056,2.0,0.0505957156419754,0.010379951447248459,0.001640781993046403,0.0,60.43708801269531,57.26032257080078
J-349,113.2817153930664,112.93672943115234,119.40899658203125,1244.4080387825977,312.09303848166246,-2668.24603221078,6.712942583199999,2.9671167480000005,6.7119425832,150.0,150.0,0.21104518810367048,0.1016,34722.0695,21873.53312948138,195.3716184,0.03785411784,1.0,0.0011667475337162614,0.0002439620584482327,3.7836769479326904e-05,0.0,51.079864501953125,47.76342010498047
J-35,50.04514694213867,66.94244384765625,79.38813018798828,367.23785588672933,-1835.3374483347177,-176.02026494568466,6.572528538400001,0.4104583104,6.571528538400001,150.0,150.0,0.2504468493770423,0.15239999999999998,28969.280000000006,18249.502836149277,203.24310888,0.024605176596000002,2.0,0.017316700890660286,0.0035418064799159765,0.0005615678965114057,0.0,43.76396560668945,40.719581604003906
J-350,48.90598678588867,56.128238677978516,66.2210693359375,4322.102458971862,62.988707458616126,-529.7239129465196,9.167190354399999,1.8992657976,9.166190354400001,150.0,150.0,0.20530306755908315,0.1016,48200.62200000001,30364.489137912966,188.51303928,0.205674040264,3.0,0.055558908730745316,0.0004228675679769367,0.0004504336684476584,0.0,57.81010818481445,54.435367584228516
J-351,68.42082977294922,58.725982666015625,69.3979263305664,8280.8688071609,1020.7604886395449,1471.1084714823817,12.970604236000003,3.7047528648000005,12.969604236,150.0,150.0,0.16997700239440983,0.1016,85825.52900000002,54066.69530273145,167.48446056,0.15141647136,4.0,0.021390371024608612,0.0011059612734243274,0.0001734185207169503,0.0,78.22039794921875,74.30670928955078
J-352,23.1551513671875,24.572717666625977,29.20085906982422,2212.5861126065697,554.5883317497029,-1490.7197596146334,6.3953650624,2.6495392272,6.3943650624,150.0,150.0,0.2169340357792081,0.15239999999999998,30753.162000000004,19373.27807731356,184.67719224,0.08012454942800001,3.0,0.09900009632110596,0.010379951447248459,0.00204270426183939,0.0,62.06489944458008,58.88771438598633
J-353,17.053598403930664,15.622838020324707,24.63210105895996,898.5685212091089,1098.4870225543089,-2092.7697093952474,4.96425652,2.3670207168000004,4.96325652,150.0,150.0,0.22966378746779742,0.2032,22304.771,14051.12524799236,191.98821648,0.07570823568,3.0,0.15147344768047333,0.0002195658307755366,0.004912172444164753,0.0,55.13983154296875,52.13155746459961
J-354,111.57698822021484,109.67486572265625,118.02680206298828,863.9997066550457,1067.100581663207,-2490.576878676065,5.3210916712,2.7238558680000002,5.3200916712,150.00000000000003,150.0,0.22788877865478835,0.2032,24060.8495,15157.385381701268,190.23107496,0.034068706056,1.0,0.0010500728385522962,0.0002195658307755366,3.4053093258989975e-05,0.0,56.89697265625,53.8886833190918
J-355,52.104671478271484,43.96441650390625,57.58364486694336,-4254.551042515219,-497.2426195674513,1415.5116008807768,5.0216329864,2.06277972,5.0206329864,144.8106753728913,140.0,0.34161342813482337,0.15239999999999998,16054.560000000003,11163.451631046011,210.15819792000002,0.0157725491,3.0,0.014199205674231052,3.2527819712413475e-05,0.00025975002790801227,0.0,38.345401763916016,36.18583297729492
J-356,122.56175231933594,121.0380859375,128.00523376464844,-4297.354939415222,-511.06900226679227,1428.33027028386,5.0758843384,2.117031072,5.0748843384,144.86615011048426,140.0,0.3401337657207561,0.15239999999999998,16321.545000000004,11331.641641799102,210.40298280000002,0.005047215712,1.0,0.0001555662602186203,3.2527819712413475e-05,5.044900262873853e-06,0.0,38.10062026977539,35.9410514831543
J-357,30.173171997070312,14.02188491821289,52.483009338378906,-3076.3492983893198,858.7585433890572,-830.0053271334377,2.6416445536000004,1.3645579008000002,2.6406445536000005,149.99999999999997,150.0,0.28604821105295153,0.15239999999999998,9729.521000000002,6129.214156647108,214.23200232000002,0.035330509984,3.0,0.03536587581038475,0.00011565604654606432,0.0006451253429986537,0.0,33.83149337768555,31.206541061401367
J-358,43.5093879699707,55.35452651977539,83.537109375,-3129.913802781902,867.5501811926079,-872.0367889624299,2.7195145528000007,1.4424279000000002,2.7185145528000008,149.99999999999994,150.0,0.28221994900555664,0.15239999999999998,10240.479000000003,6451.097526553201,214.26955368,0.010094431424,1.0,0.0005531247588805854,0.00011565604654606432,1.0089805073221214e-05,0.0,33.793941497802734,31.168989181518555
J-359,114.4927749633789,40.767887115478516,117.4927749633789,-3552.7683965906954,956.503317124717,-798.2823995069301,2.6708291536000006,0.9711287664,2.6698291536000007,149.99999999999997,150.0,0.28458726754087826,0.15239999999999998,9921.021,6249.851597174543,208.76581056,0.118609569232,3.0,0.058021873235702515,2.8915179427713156e-05,0.0010584037518128753,0.6666666666666666,39.36347961425781,36.81404495239258
J-36,67.15364074707031,69.3002700805664,82.14178466796875,-4891.755883500853,-576.3450715124026,1765.8130003464203,5.715159361599998,1.8229088256,5.7141593616,145.4405026616715,140.0,0.338400361439832,0.2032,17784.221000000005,12253.06978258712,194.6868852,0.04227043158800001,2.0,0.004248905926942825,0.0007522163214161992,0.00013778891297988594,0.0,53.931884765625,51.91699981689453
J-360,136.5778045654297,79.68610382080078,137.5778045654297,-3569.025852015288,959.6113136375108,-808.8885549154659,2.6932014736000007,0.9935010864000001,2.6922014736000004,149.99999999999997,150.0,0.28348878517306514,0.15239999999999998,10067.821,6342.329802236826,207.94099128,0.002523607856,1.0,0.0001382813643431291,2.8915179427713156e-05,2.522454678910435e-06,0.0,40.188297271728516,37.63886642456055
J-361,16.259750366210938,13.474868774414062,28.355541229248047,-2057.7471721976835,1868.7852556891617,-376.9163758571322,2.6920566448000005,1.8334561248000003,2.6910566448,150.0,150.0,0.2487968200435704,0.15239999999999998,12073.335000000003,7605.72445446626,199.54045944,0.11040784370000001,3.0,0.06509166955947876,0.002425030805170536,0.0011873672483488917,0.6666666666666666,48.42973709106445,45.71961975097656
J-362,15.45810317993164,9.487439155578613,25.092058181762695,-2140.1996997862566,1979.0344663773706,-496.54921677689015,2.5710114208000006,1.9545013488000003,2.5700114208,150.0,150.0,0.25333702347637443,0.15239999999999998,11279.075000000003,7105.372007921509,203.8994652,0.059304784616,3.0,0.08034885674715042,0.003054780885577202,0.0014656806597486138,0.3333333333333333,44.07220458984375,41.357208251953125
J-363,13.742056846618652,13.337013244628906,56.61450958251953,-3458.9978278201215,1057.540338981893,-812.9790234275396,2.1136550584000005,1.2427205016,2.1126550584,150.0,150.0,0.30479999999999996,0.30479999999999996,6931.283000000001,4366.434677239244,216.16059384000002,0.005678117676,2.0,0.18762889504432678,0.0030795990023761988,0.013690503314137459,0.0,32.04917526245117,29.41448211669922
J-364,13.40162467956543,13.719799995422363,57.611427307128906,-3425.671342057834,1131.4075321998366,-799.1653614542574,2.077094603200001,1.2792809568,2.0760946032,149.99999999999997,150.0,0.30479999999999996,0.30479999999999996,6811.334000000002,4290.871542232324,216.08073624,0.054257568904000006,3.0,0.12621159851551056,0.00043371031642891467,0.009171299636363983,0.0,32.13813400268555,29.494691848754883
J-365,57.010398864746094,33.37186050415039,62.302772521972656,-2696.3086243229664,-133.91438080667237,570.7515969094073,3.652704863200001,0.8216636856000001,3.6517048632,150.0,150.0,0.27229343063682887,0.15239999999999998,14536.106000000003,9157.172966451584,210.18660528000004,0.059304784616,3.0,0.07743924111127853,0.0035332529805600643,0.0014126049354672432,0.3333333333333333,37.89802169799805,35.41828918457031
J-366,54.99104309082031,35.250362396240234,68.99766540527344,-2513.091819423531,-64.72895937563058,505.31462612492487,3.4219194472000014,0.5908782696000001,3.4209194472,149.99999999999997,150.0,0.2803817986011301,0.15239999999999998,13021.766000000003,8203.198545102683,210.260184,0.07192282389600001,4.0,0.12056876718997955,0.0035332529805600643,0.0021993503905832767,0.25,37.82391357421875,35.34383773803711
J-367,100.88102722167969,97.97393798828125,103.75946044921875,2200.7298352245475,-4212.33354341151,-2514.8616960962295,10.078232677600003,3.5487623208,10.077232677600001,149.99999999999997,150.0,0.22080006240437028,0.15239999999999998,51003.46680000001,32130.170719467165,186.76074408,0.032176000164000004,3.0,0.0007843137136660516,4.879260086454451e-05,2.54347178270109e-05,0.0,59.82612228393555,56.57857894897461
J-368,155.10121154785156,153.254638671875,160.61575317382812,2208.52480116836,-4284.92194237766,-2591.24029321649,10.155017588800003,3.6255472319999997,10.1540175888,149.99999999999997,150.0,0.22066697033347168,0.15239999999999998,51381.34530000001,32368.219257693516,184.37083776000003,0.007570823568,1.0,0.0002333495649509132,4.879260086454451e-05,7.567355623905314e-06,0.0,62.21602249145508,58.968482971191406
J-369,61.038169860839844,58.25068283081055,69.55775451660156,6729.740641227512,782.7646432244848,1048.6496237609415,11.2255318816,1.9596957504,11.224531881599999,150.0,150.0,0.17990648461142503,0.1016,69157.82900000001,43566.70226106506,177.93943584000002,0.054888470868,3.0,0.04545249044895172,0.0022391346283257008,0.00036849771277047694,0.0,68.0765380859375,64.55517578125
J-37,51.083499908447266,47.113033294677734,67.07954406738281,-4613.569179384675,-491.068955282162,1655.7594443719993,5.374204290399998,1.4819537543999999,5.3732042904,145.15118112174727,140.0,0.3469794599385329,0.2032,16106.292500000003,11196.041063902854,210.25420992,0.090849882816,3.0,0.004200291354209185,0.0007513485616073012,0.0001362123730359599,0.0,38.364646911621094,36.349822998046875
J-370,75.48792266845703,79.73939514160156,109.46856689453125,-4264.697861338672,-924.3168496276368,1085.7533334227528,5.779266421600001,3.0166281552,5.778266421600001,149.99999999999997,150.0,0.21770400459088443,0.1016,33975.68000000001,21403.337208246125,182.82422160000002,0.047948549264,1.0,0.00591152161359787,0.0012360746040940285,4.792657637153752e-05,0.0,65.05388641357422,62.515872955322266
J-371,126.64093017578125,124.41900634765625,133.02529907226562,1320.8381651877319,-1682.4298736380952,75.44010378589367,7.376508947200001,1.3752313872000002,7.375508947200001,150.00000000000003,150.0,0.2518582970794446,0.15239999999999998,32354.090500000002,20381.799835576876,195.72271752,0.04290133355200001,1.0,0.0013223137939348817,0.0002764903474599123,4.288167110644281e-05,0.0,51.10744094848633,47.97578430175781
J-372,69.21067810058594,62.419830322265625,74.04811096191406,3945.9461451679867,-81.36322345769604,-798.2627008434824,8.922923329599998,2.4005517648,8.921923329600002,149.99999999999997,150.0,0.2081422804551691,0.1016,45796.419000000016,28849.936153952764,183.48002928000002,0.023974274632,1.0,0.002955760806798935,0.0006180373020470142,2.396328818576876e-05,0.0,62.89719772338867,59.54820251464844
J-373,22.892234802246094,25.31559181213379,30.821577072143555,2220.1245605347776,466.595857746605,-1874.9367941559422,6.749168367999999,3.0033425328000005,6.748168368,150.0,150.0,0.21859639022460145,0.15239999999999998,31975.166,20143.092358641425,194.92974984000003,0.023343372668000004,3.0,0.0363038033246994,0.003429018659517169,0.0011773058213293552,0.0,51.82025146484375,48.64670944213867
J-374,59.74199676513672,57.47555923461914,68.23189544677734,7842.459862775233,973.1773703665672,1404.7076820553725,12.447293725600002,3.1814423544000006,12.4462937256,150.0,150.0,0.17285194692099143,0.1016,80674.83500000002,50821.96140664784,168.92585976,0.13438211833199998,3.0,0.13479822874069214,0.015483458526432514,0.0010928520932793617,0.0,76.81891632080078,72.95814514160156
J-375,114.4927749633789,76.7770767211914,117.4927749633789,-2935.2294892061855,190.14936981971647,138.64298579982992,3.2895819928000005,0.06679356720000001,3.2885819927999997,150.0,150.0,0.2946091847014142,0.15239999999999998,11510.780000000002,7251.337011354455,216.84871032000004,0.045424941408,3.0,0.1825416535139084,0.0031361603178083897,0.011700429022312164,1.0,31.217958450317383,28.763200759887695
J-376,114.4927749633789,69.68939971923828,118.4927749633789,-3094.263625149815,261.4405624324155,30.53401774046394,3.2522199136000003,0.2704243512,3.2512199136000004,150.0,150.0,0.2753888041810743,0.15239999999999998,12725.271000000002,8016.418399258391,213.77410128000002,0.12239498101599999,3.0,0.11043229699134827,0.003086105454713106,0.0025810538791120052,1.0,34.30415344238281,31.825809478759766
J-377,57.04438781738281,29.145109176635742,58.477142333984375,-3537.976305703853,-327.64602481721965,1143.6740106188379,4.1634731584,1.5417930048000001,4.1624731584,143.74081383625915,140.0,0.36752087418594986,0.15239999999999998,11597.638000000003,8355.766708276233,213.64062936000002,0.025236078560000003,3.0,0.24365437030792236,0.0006632287986576557,0.015471967868506908,0.0,34.77618408203125,32.51206588745117
J-378,57.0656623840332,28.803144454956055,59.73051834106445,-3558.6200846117204,-323.31242221453067,1142.6908820955482,4.1396438944,1.5585725496,4.1386438944,143.7047750266088,140.0,0.36875948572965483,0.30479999999999996,11441.278000000002,8257.266080595451,213.34914912,0.11608596137600001,4.0,0.17086082696914673,0.0004481673240661621,0.01070781983435154,0.5,35.0745735168457,32.803993225097656
J-379,50.245582580566406,21.806753158569336,50.66900634765625,-4950.20700502054,-403.9998763663567,1889.164041516215,5.637734370399999,0.5291626704,5.636734370399999,145.37787437051944,140.0,0.3517607963955229,0.30479999999999996,16356.273000000003,11353.518910909477,215.52136728,0.082648157284,3.0,0.3641674220561981,0.020143574103713036,0.02136530727148056,0.0,33.33100891113281,31.59830093383789
J-38,13.270788192749023,109.2738265991211,127.51060485839844,-4035.54982772163,-595.4079920983279,1382.0776221852582,5.153352306400002,1.9347311064000003,5.1523523064,144.94333988620355,140.0,0.3245867209637363,0.15239999999999998,17919.661500000002,12338.391951066264,197.94726984000002,0.032806902128000005,3.0,0.01918218471109867,0.0010612368350848556,0.0006220642244443297,0.3333333333333333,50.348751068115234,48.04268264770508
J-380,15.41658878326416,8.9965181350708,25.388643264770508,-2244.3574821479037,2115.202036491257,-645.1564265773899,2.4181694608,2.1073433088,2.4171694608,150.0,150.0,0.2597194524929934,0.15239999999999998,10276.175000000003,6473.584597451725,205.79114544000004,0.04290133355200001,3.0,0.13185526430606842,0.011464981362223625,0.002405232982710004,0.0,42.19557571411133,39.476356506347656
J-381,70.62859344482422,60.22566604614258,70.62859344482422,-2216.379725229331,-2269.70143405078,-287.48867339939875,7.021098431200001,4.2584601648,7.0200984312,150.0,150.0,0.22290155586929541,0.15239999999999998,35189.241500000004,22167.833047842127,208.04380032,0.474438276928,4.0,0.036026399582624435,6.779712566640228e-05,0.0005726327071897686,0.0,39.33602523803711,36.495635986328125
J-382,62.395294189453125,71.5912857055664,79.0787582397461,-2580.425504490004,-2727.19961232032,-575.9167125822482,7.802776319200001,5.0401380528,7.8017763192,150.0,150.0,0.2107480743897408,0.1016,42882.921500000004,27014.547739419722,182.88600456,0.148892863504,1.0,0.01835682801902294,0.0038383365608751774,0.00014882463437970728,0.0,64.48851776123047,61.645599365234375
J-383,15.482111930847168,14.270380973815918,24.0811710357666,-811.5345213087855,1927.9113903967445,-1192.101902238001,3.4383182967999995,2.912754144,3.4373182967999996,150.00000000000003,150.0,0.24141192986861826,0.2032,14795.232500000002,9320.412432419376,193.32415487999998,0.087064471032,3.0,0.18055061995983124,0.00010978284262819216,0.005855124443769455,0.0,54.43098068237305,51.62862777709961
J-384,111.01779174804688,109.6444320678711,117.47119140625,-878.8526026511919,1972.2837273942016,-1353.1716747012752,3.6182082087999996,3.092644056,3.6172082087999997,150.00000000000003,150.0,0.23951158565158012,0.2032,15680.517500000002,9878.107035747467,194.74034712,0.017034353028,1.0,0.0005250364192761481,0.00010978284262819216,1.7026546629494987e-05,0.0,53.0147819519043,50.212440490722656
J-385,54.2277717590332,34.349613189697266,58.376644134521484,-2426.0430602994697,-76.54093387729357,475.6761035971573,3.444036649600001,0.6813983832000001,3.4430366496,150.0,150.0,0.2902199364521339,0.15239999999999998,12376.742000000006,7796.858887458988,208.28395224000002,0.058042980688000005,4.0,0.1367468237876892,0.0022022007033228874,0.0024944620672613382,0.25,39.75820541381836,37.255924224853516
J-386,61.602455139160156,40.564022064208984,100.26223754882812,-2526.9406641265455,22.26099192311086,353.4526216708699,3.324192337600001,0.5615540712000001,3.3231923376,150.0,150.0,0.2951901379289218,0.15239999999999998,11590.362000000005,7301.4705298508225,210.497166,0.05678117676,3.0,0.03396894410252571,0.00045539584243670106,0.0006122859776951373,0.6666666666666666,37.54753112792969,35.04488754272461
J-387,60.19390869140625,66.72803497314453,75.08162689208984,1091.2117935829524,-3586.4282795556287,-1916.7092265751985,8.686283010400002,2.1568126536,8.685283010400001,150.00000000000003,150.0,0.22981426520694506,0.15239999999999998,42416.26780000001,26720.574329599054,197.35498248000002,0.237850040428,3.0,0.05352376028895378,0.00044093886390328407,0.0009763515554368496,0.0,49.25834274291992,46.02344512939453
J-388,67.8603286743164,67.26224517822266,75.71644592285156,1086.8605727186111,-3844.0094207319366,-2183.959313149273,8.913946969600001,2.3844766128,8.9129469696,150.0,150.0,0.2278368678123813,0.15239999999999998,43910.12580000001,27661.645899475985,199.41201672,0.162772706712,3.0,0.05033176764845848,0.0046262433752417564,0.0008172270026989281,0.0,47.189334869384766,43.9487190246582
J-389,83.91595458984375,74.9472427368164,86.89764404296875,-3878.8879496768127,-393.2429608423481,1277.421112202332,4.561236548799999,1.7919960096,4.560236548800001,144.28676689877943,140.0,0.3587288772726306,0.15239999999999998,13228.686000000002,9383.262562570699,213.0552,0.0157725491,1.0,0.0008642575121484697,0.00018071261001750827,1.576532122271601e-05,0.0,35.429386138916016,33.2453727722168
J-39,81.83355712890625,104.781982421875,127.5106201171875,-3930.5795381480475,-557.1689468123942,1351.7080946241906,5.018499947200001,1.7998787472000002,5.017499947200002,144.80743504251765,140.0,0.3278491596024544,0.15239999999999998,17256.018,11920.322743428305,200.95043376,0.039746823732,3.0,0.0274726003408432,0.0008774630259722471,0.0008909162133932114,0.3333333333333333,47.3453483581543,45.03895568847656
J-390,19.620901107788086,23.6851863861084,29.81886863708496,2043.5676775359211,504.3720401545923,-1825.8207735356677,6.601053855999999,2.8552280208000003,6.600053856,150.0,150.0,0.21894190692407586,0.15239999999999998,31246.256,19683.90783240199,195.00534024,0.102837020132,3.0,0.037600189447402954,0.0005281597841531038,0.0012193466536700726,0.0,51.748046875,48.5760498046875
J-391,56.98126983642578,31.83176612854004,63.38444900512695,-2764.134686415876,-161.99015903803576,571.4975484624299,3.746168735200001,0.9151275576000002,3.7451687352,150.0,150.0,0.26930138807560555,0.15239999999999998,15149.386000000004,9543.515157191348,209.86848552,0.087695372996,3.0,0.07953079789876938,0.013666112907230854,0.0012027648044750094,0.0,38.207035064697266,35.72327423095703
J-392,84.54884338378906,49.45233154296875,100.34039306640625,-1946.3327858698492,-32.729513576852746,-244.4855321392167,3.743566962400001,1.418421852,3.7425669624,149.99999999999997,150.0,0.25309559029684014,0.15239999999999998,16242.900500000003,10232.386125648982,210.84015744,0.083909961212,4.0,0.14112235605716705,0.02002672292292118,0.0033009471371769905,0.0,36.92525100708008,34.267093658447266
J-393,84.32231140136719,47.30263900756836,95.19274139404297,-1853.5083447173797,-78.85619170688805,-262.0984831722636,3.824823289600001,1.4996781792,3.8238232896000004,149.99999999999997,150.0,0.2509558068358703,0.15239999999999998,16776.078500000003,10568.267218419405,209.0450988,0.039746823732,3.0,0.10261144489049911,0.010447058826684952,0.0018717829370871186,0.0,38.70237731933594,36.035179138183594
J-394,18.0711669921875,19.39443016052246,27.45744514465332,2181.8635206324166,561.0073755822777,-1481.686083834415,6.3679028872,2.6220770520000003,6.3669028872,150.0,150.0,0.217212388540092,0.15239999999999998,30572.964000000004,19259.76045063908,185.40880368,0.021450666776000004,2.0,0.08174043893814087,0.016827959567308426,0.0014910651370882988,0.0,61.33510208129883,58.15874481201172
J-395,18.163631439208984,18.590665817260742,26.360624313354492,2025.0416684494216,592.7935866466597,-1436.4049930206293,6.227679952,2.4818541168,6.226679952,150.0,150.0,0.2186719437811632,0.15239999999999998,29652.866,18680.135031555994,189.71925480000002,0.07570823568,3.0,0.05861547589302063,0.0005281597841531038,0.001081220805644989,0.0,57.0341682434082,53.8621940612793
J-396,33.20576477050781,59.24306869506836,71.59082794189453,4737.597156148695,371.067759275073,270.74407393501986,9.180123018400002,0.47828271120000004,9.179123018400002,149.99999999999994,150.0,0.1973557308356206,0.15239999999999998,49025.85200000001,30884.351461915336,193.83195168,0.27948957005200004,4.0,0.08836871385574341,0.010778995230793953,0.0010188460582867265,0.0,52.38218688964844,48.95547866821289
J-397,53.750125885009766,58.15254592895508,71.07256317138672,4250.870019988036,266.7944353828185,84.69744262854051,8.695881467200001,0.9587474856,8.6948814672,149.99999999999997,150.0,0.19985943751837323,0.15239999999999998,45848.41400000001,28882.690951447403,193.91232744,0.08580266710400002,3.0,0.09588414430618286,0.01664118282496929,0.0014801697107031941,0.0,52.36735153198242,48.97195053100586
J-398,100.86144256591797,95.46282958984375,101.75328826904297,1080.3177775145098,-3868.6241166391924,-2200.049790216876,8.987900593600003,2.4584302368,8.9869005936,150.0,150.0,0.22721609430990067,0.15239999999999998,44395.38580000001,27967.340543811977,194.70934896,0.038485019804,1.0,0.0021087881177663803,0.00044093886390328407,3.846738036372699e-05,0.0,51.903961181640625,48.6690559387207
J-399,70.6976089477539,65.27352142333984,88.33084869384766,4301.640547594216,102.5869030476579,-282.22007957624555,9.050885989600001,1.6713250800000001,9.049885989600002,150.0,150.0,0.2009940673721567,0.15239999999999998,47302.198500000006,29798.51779822785,192.88417608,0.029021490344000003,3.0,0.0029359611216932535,3.659458889160305e-05,9.521106403553858e-05,0.0,53.408695220947266,50.01959991455078
J-4,50.52261734008789,22.30889892578125,50.93741226196289,-4121.845473183503,-400.4233193480304,1443.2109024478996,4.807609131999999,1.2992048183999998,4.806609131999999,144.57961034806272,140.0,0.35987115886368276,0.30479999999999996,13632.765000000001,9637.816381530934,214.49534952000002,0.039115921768,2.0,0.25352391600608826,0.009121985174715519,0.018498588353395462,0.0,34.07645797729492,32.00234603881836
J-40,126.55631256103516,131.15377807617188,139.5931854248047,2002.4210739802438,-2359.058792100713,-544.0336177170693,8.305494236800001,1.77602388,8.3044942368,150.00000000000003,150.0,0.2393468440029251,0.15239999999999998,38313.24680000001,24135.833066568695,195.08339952000003,0.023974274632,1.0,0.0007389402016997337,0.0001545092964079231,2.396328818576876e-05,0.0,51.62611389160156,48.43714141845703
J-400,57.00734329223633,25.49425506591797,61.5085563659668,-3066.670320162357,202.89460287076116,306.928107306338,3.0289161184000006,0.6015554136000001,3.0279161184000003,141.395503250015,140.0,0.39222168697984755,0.30479999999999996,7797.158000000001,5961.614332423998,215.35708008,0.16340360867599998,3.0,0.28333747386932373,0.03802241012454033,0.016628792509436607,0.6666666666666666,33.030582427978516,30.405908584594727
J-401,75.31808471679688,96.81493377685547,131.98033142089844,-2620.5286683858753,162.97894548447238,-387.25501379213216,3.702529909600001,1.4060686128000002,3.7015299096,150.0,150.0,0.24774366308916235,0.15239999999999998,16690.711000000007,10514.489063305957,204.0311388,0.045424941408,1.0,0.002489061327651143,0.0005204523913562298,4.5404118282021955e-05,0.0,43.81740188598633,41.19582748413086
J-402,108.52149200439453,51.57774353027344,108.52149200439453,-2393.825037203769,203.3854806533289,-226.879498337464,3.340610389600001,1.0441490928000001,3.3396103896,150.00000000000003,150.0,0.2580762255005532,0.15239999999999998,14315.911000000006,9018.458808660784,209.90375088000002,0.062459294436,3.0,0.0994037464261055,0.0005204523913562298,0.002871033502742648,0.0,37.944828033447266,35.323272705078125
J-403,54.090415954589844,64.8052978515625,74.88447570800781,2395.3473537936766,-2865.7400351102706,-1966.000052616208,9.2195458504,2.9879818320000004,9.2185458504,150.0,150.0,0.1971634790148963,0.15239999999999998,49284.532000000014,31047.30965050874,194.17274856000003,0.177283451884,3.0,0.06269899755716324,0.0038744790945202112,0.0010592193575575948,0.0,52.39186477661133,49.13368225097656
J-404,73.59999084472656,66.7423324584961,75.9695816040039,2440.936886070324,-3136.3271503226047,-2295.8578409857046,9.5529174976,3.3213534792000003,9.5519174976,150.0,150.0,0.1929417304224937,0.07619999999999999,53659.48800000001,33803.35922889068,202.30066728,0.08454086317600001,1.0,0.018529681488871574,0.0038744790945202112,8.450212044408545e-05,0.0,44.2607307434082,41.000999450683594
J-405,62.28763961791992,65.51217651367188,76.09767150878906,2457.254564579004,-3239.38783698598,-2423.934217069398,9.662410801599998,3.4308467832000007,9.661410801599999,150.0,150.0,0.1951115865577211,0.15239999999999998,52190.470000000016,32877.93587845345,195.3768,0.18611607938000002,3.0,0.07164118438959122,0.009223572909832,0.0008818069472908974,0.0,51.16080856323242,47.88972854614258
J-406,77.19747924804688,66.92658996582031,77.46925354003906,8719.7899488881,1113.0263866778785,1641.1141020227135,13.432712430400002,4.158147132,13.431712430400001,150.0,150.0,0.24290776526393784,0.07619999999999999,62302.99100000001,39248.424916155425,165.25670784,0.172236236172,3.0,0.015530706383287907,0.0007969426806084812,0.0001259123528143391,0.0,80.62676239013672,76.94978332519531
J-407,72.97785949707031,79.6943588256836,85.47660064697266,9041.545902848755,1152.3930111776294,1701.4449695063074,13.810448022400003,4.535882724,13.8094480224,150.0,150.0,0.23904251501790422,0.07619999999999999,66020.861,41590.53625304175,161.15504472,0.07192282389600001,1.0,0.00886728148907423,0.001854111673310399,7.188985910033807e-05,0.0,84.7277603149414,81.0499038696289
J-408,47.55751037597656,54.43508529663086,64.28214263916016,5719.93257874271,592.2089364914165,633.6232447353625,10.157741281600002,0.8831759832,10.156741281600002,149.99999999999997,150.0,0.2409233407002962,0.15239999999999998,44968.365000000005,28328.29482142794,179.395374,0.15583278510800003,4.0,0.1817772388458252,0.006005879025906324,0.006470225751399994,0.0,66.69359588623047,63.20709991455078
J-409,41.97993087768555,52.4099235534668,61.83303451538086,4543.561525923307,338.4197889510736,181.085966353749,8.983500196000001,0.6626650704000001,8.982500196,150.0,150.0,0.23257303776415075,0.15239999999999998,41115.86800000001,25901.373788949513,194.98525392000002,0.04290133355200001,3.0,0.1278538554906845,0.002096266485750675,0.009146087802946568,0.0,51.25489807128906,47.84061050415039
J-41,60.44636154174805,64.4643325805664,77.70048522949219,2109.9709286544853,-2027.4170282038551,-467.290591429638,8.183788206400001,1.6543178496,8.1827882064,150.00000000000003,150.0,0.2398844711275821,0.15239999999999998,37714.29980000001,23758.520100033005,202.28304984000002,0.035961411948000004,3.0,0.02596837282180786,0.0037757852114737034,0.0008421352249570191,0.0,44.42595291137695,41.23672866821289
J-410,70.54279327392578,66.26717376708984,78.99796295166016,2521.5982359359914,-3626.911685882338,-2898.6321278369646,10.1242099288,3.8926459104000006,10.1232099288,150.0,150.0,0.19316317557618365,0.15239999999999998,55220.64800000001,34786.82840201762,191.80969512000001,0.21829207954399998,3.0,0.03881668299436569,0.002585998037829995,0.0004637106612790376,0.0,54.718017578125,51.44220733642578
J-411,51.85589599609375,42.234317779541016,56.55376434326172,-4200.800477419081,-479.86591972782986,1399.3153296567032,4.9535440192,1.9946907528,4.9525440192,144.7393310793412,140.0,0.34421478752751633,0.15239999999999998,15607.782000000001,10881.999127631045,211.47843912000002,0.027128784452000003,3.0,0.030902065336704254,0.0004719942808151245,0.0005636988789774477,0.0,37.02556228637695,34.866485595703125
J-412,15.416620254516602,14.153621673583984,23.49504852294922,-979.3102970140161,1976.5492594420907,-1095.954050482469,3.2956539136,2.7700897608,3.2946539135999995,150.00000000000003,150.0,0.24306657449853974,0.2032,14093.144000000002,8878.124392399817,196.35365352,0.051103059084,3.0,0.18243688344955444,0.00014637723506893963,0.0059162937104702,0.0,51.46485900878906,48.682979583740234
J-413,111.29536437988281,109.83602142333984,117.57775115966797,-1076.4116379936515,2042.6095059631416,-1306.6909403435168,3.5375032647999998,3.011939112,3.5365032648,150.00000000000003,150.0,0.2403402359502326,0.2032,15283.347500000002,9627.905614054094,198.18013704000003,0.022712470704,1.0,0.0007000485784374177,0.00014637723506893963,2.2702059141010977e-05,0.0,49.63837814331055,46.85649871826172
J-414,66.82233428955078,40.71303939819336,100.26165771484375,-2690.6642628490367,176.05330568484183,181.46884665385818,3.137785801600001,0.37514753520000005,3.1367858016,150.0,150.0,0.30367558024784447,0.15239999999999998,10367.222000000003,6530.940613366614,212.553804,0.049841255156000006,4.0,0.25010567903518677,0.0031191310845315456,0.0127451466396451,0.25,35.495506286621094,32.992454528808594
J-415,66.62654876708984,39.62010192871094,100.1874008178711,-2414.005670178904,18.973900525175942,164.05452065660032,3.416619584800001,0.6539813184000001,3.4156195848000004,150.0,150.0,0.3037673721484395,0.15239999999999998,11282.031000000003,7107.234171233254,212.22907007999999,0.0315450982,2.0,0.3321570158004761,0.06956229358911514,0.024236120283603668,0.0,35.707515716552734,33.14125442504883
J-416,56.99335861206055,34.265480041503906,96.25933074951172,-2792.4244232307233,6.888597945169515,486.21291473347543,3.4444496536000004,0.6154661808,3.4434496536000005,142.43383902164453,140.0,0.3727846966653498,0.15239999999999998,9819.287000000002,7235.475778775433,213.3662484,0.054888470868,3.0,0.16875801980495453,0.015445942990481853,0.010550066828727722,0.0,34.75224685668945,32.28751754760742
J-417,57.021575927734375,31.188369750976562,60.08995056152344,-2686.671672287391,-99.10371772081884,605.6758857103259,3.5642509888000005,0.7352675160000001,3.5632509888000006,142.6882236244677,140.0,0.3704989588772243,0.15239999999999998,10212.336000000003,7483.081133145499,212.41758888,0.08643356906800001,3.0,0.24418890476226807,0.0003393014194443822,0.013427828438580036,0.0,35.72108459472656,33.2713737487793
J-418,39.78834533691406,74.06643676757812,105.98284912109375,-4707.330071288336,-2337.9244361805995,1255.5424878279823,7.752733340800002,4.9645952016,7.751733340800001,150.0,150.0,0.18736120261105252,0.07619999999999999,54185.147,34134.50364847403,147.0874884,0.152678275288,2.0,0.02916189841926098,0.0009612009744159877,0.0001913306477945298,0.5,100.27481079101562,97.43510437011719
J-419,17.587608337402344,76.68257904052734,115.75065612792969,-5121.189549310963,-1960.5696468241217,1320.9391228820493,7.513288556800001,4.7251504176,7.5122885568,150.0,150.0,0.1909043266467088,0.1016,51042.827000000005,32154.966091721195,149.81017536000002,0.24163545221200003,3.0,0.05356950685381889,0.001217150129377842,0.0003702979302033782,0.0,97.56671142578125,94.73851013183594
J-42,127.76680755615234,122.07157135009766,135.69602966308594,1282.0547886738352,-2233.075407179474,-463.75709979462584,7.537257114400001,1.0077867576000001,7.5362571144,150.0,150.0,0.24303161045915284,0.15239999999999998,34532.55230000001,21754.144774682813,201.44555088,0.007570823568,1.0,0.0002333494630875066,4.879196785623208e-05,7.567352895421209e-06,0.0,45.26729202270508,42.07993698120117
J-420,108.5599136352539,51.97940444946289,108.5599136352539,-2527.154974265349,273.9295001638948,-219.38874737862417,3.2228634064000006,0.9264021096000001,3.2218634064,150.00000000000003,150.0,0.26193829386879497,0.15239999999999998,13543.293000000005,8531.739967796944,212.11973831999998,0.06561380425600001,3.0,0.1609865128993988,0.0004192533378954977,0.0029366298113018274,0.0,35.78794860839844,33.174442291259766
J-421,114.4927749633789,39.27479553222656,117.4927749633789,-3129.6136485930833,557.784768527415,-270.36752974134305,2.6247772264000004,0.7315983336,2.6237772264000006,149.99999999999997,150.0,0.3047999999999999,0.30479999999999996,8608.193000000001,5422.82178112885,212.04277632,0.11671686334,3.0,0.10990532487630844,0.0002899076498579234,0.006522709038108587,0.3333333333333333,36.07209396362305,33.53118133544922
J-422,24.82760238647461,13.358132362365723,52.077152252197266,-3290.9084359445174,910.3316687882923,-647.9162465994721,2.3167311064000007,1.0396444536000002,2.3157311064000003,149.99999999999997,150.0,0.3047999999999999,0.30479999999999996,7597.5430000000015,4786.152176590723,215.2151652,0.10851513780800001,4.0,0.15807044506072998,0.00037315586814656854,0.007251333445310593,0.25,32.94440841674805,30.3581600189209
J-423,17.759096145629883,16.15005111694336,25.915611267089844,1138.391268524002,994.0649853865577,-2114.1212202052434,5.19605692,2.1352203168,5.19505692,150.0,150.0,0.22848298875567272,0.2032,23445.521,14769.75271682615,204.84614352000003,0.089588078888,3.0,0.14907513558864594,0.00022769792121835053,0.004834397230297327,0.0,42.209720611572266,39.171875
J-424,103.58006286621094,54.12612533569336,114.0820541381836,-2891.6983465674016,286.36434785448415,104.13483604618348,2.982614864800001,0.37376069520000005,2.9816148648,150.0,150.0,0.2992383555807123,0.15239999999999998,10139.190000000002,6387.289454941801,215.93187192000002,0.080755451392,3.0,0.07523321360349655,0.0012859026901423931,0.001265773898921907,1.0,32.148231506347656,29.64777946472168
J-425,15.466728210449219,8.913092613220215,23.984447479248047,-2281.975494752205,2138.678077890669,-689.1680492323355,2.4830126128,2.1721864608,2.4820126127999997,150.0,150.0,0.25691570704275996,0.15239999999999998,10701.655000000002,6741.620201606361,207.85275168,0.056150274796,3.0,0.0677780956029892,0.0008132068323902786,0.0012232338776811957,0.0,40.12749099731445,37.40574645996094
J-426,105.26104736328125,46.220123291015625,112.18558502197266,-2923.7641242394398,360.7423842668332,0.45219360742223574,2.8738046176000007,0.48257094240000004,2.872804617600001,149.99999999999997,150.0,0.3047999999999999,0.30479999999999996,9425.212000000001,5937.51149926088,215.05432224,0.05047215712000001,3.0,0.10006657242774963,0.0005403469549492002,0.005506183486431837,0.3333333333333333,33.03314208984375,30.51970863342285
J-427,57.0023307800293,29.077768325805664,58.22550964355469,-3575.3742517035894,-338.3409382765533,1166.038766948336,4.199451750400001,1.4987646936,4.1984517504,143.79445187204598,140.0,0.3678483689800128,0.30479999999999996,11637.498000000001,8380.876934800637,213.15907583999999,0.082648157284,4.0,0.25364166498184204,0.00764970388263464,0.018507182598114014,0.25,35.27042007446289,33.01670837402344
J-428,88.08599853515625,89.1362075805664,112.46565246582031,-1832.7861139464076,-169.6836972916413,-322.2444470811916,4.044949849600002,1.7198047392,4.043949849600001,150.0,150.0,0.24559106406366446,0.15239999999999998,18220.478500000005,11478.182200653484,204.81115248,0.015141647136,1.0,0.0008296871674247086,0.000173484135302715,1.5134708519326523e-05,0.0,42.926177978515625,40.253849029541016
J-429,50.226078033447266,30.108896255493164,54.65968704223633,-3708.4939161348075,-354.5080191493875,1218.2721107727014,4.3540795336,1.6533924768000001,4.3530795336,144.01488206248013,140.0,0.3656087982452019,0.30479999999999996,12144.807,8700.461578751196,213.36,0.022081568739999998,2.0,0.2455829232931137,0.007135235704481602,0.01791916787624359,0.0,35.105167388916016,32.8965950012207
J-43,39.19308853149414,61.00059127807617,77.31940460205078,1682.204905382542,-2231.6477199551127,-276.1598548885798,7.795640341600001,1.2661699848,7.794640341599999,150.0,150.0,0.2417112390752313,0.15239999999999998,35804.12330000001,22555.18430935075,203.92052688,0.066875608184,3.0,0.016996536403894424,6.505628698505461e-05,0.0005511852214112878,0.0,42.79030227661133,39.60198211669922
J-430,50.19731521606445,30.2030029296875,54.65968704223633,-3727.2759687721136,-356.16798951878894,1225.6482955923218,4.3756441336,1.6749570768000002,4.3746441336,144.04438541642932,140.0,0.36530904416907783,0.30479999999999996,12215.557,8745.031285891226,213.36,0.010725333388000002,2.0,0.2457437962293625,0.006885350216180086,0.017930906265974045,0.0,35.11015701293945,32.90788650512695
J-431,85.86457824707031,70.38883209228516,91.38923645019531,-4410.185911731839,-547.8921268963311,1461.68053085285,5.2191860584,2.2636578551999995,5.218186058400001,145.00713579232,140.0,0.3356358046506101,0.15239999999999998,17151.040000000005,11854.190747440378,207.18347184,0.017665254992,1.0,0.0009679683134891093,0.00020239813602529466,1.7657159332884476e-05,0.0,41.32000732421875,39.160301208496094
J-432,11.153390884399414,48.15889358520508,63.0051383972168,-4300.383288915221,-512.407642256445,1428.7605589949856,5.0800299232,2.1245017199999996,5.0790299232,144.87034044021044,140.0,0.340656130734725,0.15239999999999998,16237.942000000003,11278.975052031923,209.44088160000004,0.02839058838,3.0,0.0013079094933345914,3.252804890507832e-05,2.459390088915825e-05,0.0,39.06260299682617,36.902889251708984
J-433,68.98344421386719,67.71842193603516,75.00336456298828,4967.997226340776,-49.601783245142556,-815.7418657189253,10.228827652,2.4837469248,10.227827652,150.00000000000003,150.0,0.21090656328483853,0.1016,55261.98600000002,34812.86971019789,195.37646472000003,0.0946352946,1.0,0.011667476035654545,0.002439620438963175,9.459192369831726e-05,0.0,50.856143951416016,47.43824005126953
J-434,114.4927749633789,65.0256576538086,118.4927749633789,-3188.997213280364,348.09659160068037,-62.83207012146281,3.1411876744000007,0.3814565904,3.1401876744000004,149.99999999999997,150.0,0.2797375004185895,0.15239999999999998,11996.713000000002,7557.455619123737,210.79925328000002,0.106622431916,3.0,0.08208289742469788,0.0001294325920753181,0.001497312099672854,1.0,37.28606033325195,34.789363861083984
J-435,69.16781616210938,62.4841194152832,75.68868255615234,-2609.459564343256,-2757.931172495355,-226.29776454817045,7.6970561344,4.934417868,7.6960561344,150.0,150.0,0.2167092842765219,0.15239999999999998,39624.6595,24961.971299483437,208.18528848000003,0.345103374308,3.0,0.02229062281548977,0.0008934999350458384,0.00032404621015302837,0.3333333333333333,39.184600830078125,36.34190368652344
J-436,123.59585571289062,93.99761199951172,128.46914672851562,-3189.6528168695695,-3329.919319999566,547.9600444204299,8.3843130784,5.621674811999999,8.3833130784,150.0,150.0,0.2072727221204765,0.1016,46388.999500000005,29223.238476806382,192.21620688,0.22270839329199998,2.0,0.01431459654122591,0.0009612009744159877,0.00016696937382221222,1.0,55.14601135253906,52.30622482299805
J-437,102.43623352050781,65.4261474609375,113.494384765625,-2798.6517718662185,210.02161180166075,190.83963500539016,3.0937083688000007,0.26266719120000004,3.0927083688,150.0,150.0,0.29396375949928844,0.15239999999999998,10868.150000000003,6846.505479207484,213.35615952,0.044163137479999996,4.0,0.16081570088863373,0.0018995949067175388,0.007389176171272993,1.0,34.71500778198242,32.22814178466797
J-438,75.348388671875,96.9569320678711,131.9578094482422,-2716.013651346935,250.13663838127525,-344.9082201071442,3.515108389600001,1.2186470928000002,3.5141083896,150.0,150.0,0.25282872372970017,0.15239999999999998,15460.911000000006,9739.763609725598,206.62078056,0.036592313912000005,1.0,0.002005077200010419,0.0004192533378954977,3.657554407254793e-05,0.0,41.286888122558594,38.67335891723633
J-439,79.67916107177734,78.43364715576172,84.6900405883789,2166.778828414058,-3895.49606220449,-2181.462621931371,9.745190519200003,3.2157201624,9.744190519200002,149.99999999999994,150.0,0.22140160675631787,0.15239999999999998,49364.47980000001,31097.67360856514,190.99612296,0.17475984402800002,3.0,0.011456453241407871,0.0018663097871467471,0.00025119411293417215,0.0,55.59092712402344,52.34346008300781
J-44,110.15902709960938,112.0498046875,119.40657043457031,483.99261169326263,-2193.8892609171166,-482.8726183215597,7.146146288800001,0.6808430376000001,7.1451462888,150.0,150.0,0.24665383655998793,0.15239999999999998,31792.202000000005,20027.832261154945,197.5215252,0.030283294272,3.0,0.001855345326475799,4.6547167585231364e-05,6.0167487390572205e-05,0.0,49.48530197143555,46.44078826904297
J-440,56.996036529541016,30.33115577697754,62.91288375854492,-2717.9603527062714,4.418845333962415,453.99745020066666,3.415259567200001,0.5842183896,3.4142595672000002,149.99999999999997,150.0,0.2823284114405043,0.15239999999999998,12790.971000000003,8057.80680574744,212.4914724,0.0315450982,3.0,0.08669651299715042,8.132066432153806e-05,0.002811504527926445,0.0,35.61813735961914,33.148807525634766
J-441,56.99762725830078,30.736221313476562,59.62960433959961,-2608.9390838367576,-99.10714202604109,572.4366023225576,3.531318263200001,0.7002770856000001,3.5303182632000003,149.99999999999997,150.0,0.2764158510030167,0.15239999999999998,13739.606000000003,8655.40940833095,211.50504816000003,0.039746823732,3.0,0.16001036763191223,0.010432400740683079,0.002918823389336467,0.0,36.594234466552734,34.12263870239258
J-442,59.25419998168945,57.91220474243164,69.0792236328125,7133.875328673643,862.3098492047125,1205.7637076155295,11.653278448000002,2.3874423167999996,11.652278448,149.99999999999997,150.0,0.17703191119053835,0.1016,73367.93300000002,46218.901586988366,178.59332328000002,0.12428768690800002,3.0,0.016008010134100914,0.0012198102194815874,0.00012978202721569687,0.0,67.38896942138672,63.84296417236328
J-443,54.06563186645508,56.96083450317383,67.43455505371094,6920.2663631445075,820.691543645821,1123.6452577113537,11.426364296800001,2.1605281655999997,11.4253642968,149.99999999999997,150.0,0.17853003130789763,0.1016,71134.52600000001,44811.94334084709,178.33427376,0.102206118168,3.0,0.09454307705163956,0.006622830405831337,0.0007664907607249916,0.0,67.6522445678711,64.1118392944336
J-444,85.30050659179688,72.84813690185547,90.62556457519531,-3792.9875580672583,-399.86606676430654,1190.8238964446684,4.4451693184000005,1.8640979735999998,4.4441693184,144.1375558550096,140.0,0.35388531715549854,0.15239999999999998,13446.038000000002,9520.185742589074,210.18300864000003,0.039115921768,1.0,0.0021433585789054632,0.0004481673240661621,3.909799488610588e-05,0.0,38.24068832397461,35.970096588134766
J-445,51.80982971191406,45.56904983520508,57.20399475097656,-4267.836963101212,-501.88922166004227,1418.9990405248245,5.0387843872,2.0832561839999997,5.0377843872,144.82834270037495,140.0,0.34219742834110306,0.15239999999999998,15967.302000000003,11108.482535560148,210.01061376,0.019557960884,3.0,0.0111650126054883,0.0005855096387676895,0.0002507838944438845,0.0,38.49287414550781,36.33315658569336
J-446,71.94384002685547,59.629791259765625,71.94384002685547,9866.562617140924,1322.9977482453078,2074.6467308414162,14.673323411200002,5.406240648000001,14.6723234112,150.0,150.0,0.16150555199907995,0.1016,103092.78500000003,64944.38495689322,157.9889652,0.242266354176,3.0,0.08696158975362778,0.0114473607391119,0.0007050251588225365,0.0,85.54004669189453,78.74283599853516
J-447,70.88658905029297,60.72331619262695,73.00503540039062,10135.002354469543,1365.2637426887452,2152.088647950574,14.974642595200002,5.707559832000001,14.973642595200001,149.99999999999997,150.0,0.1603000542766207,0.1016,106058.52500000004,66812.68408415082,158.31074256000002,0.270026040592,3.0,0.025400904938578606,0.0017376706236973405,0.0002059331745840609,0.0,85.20281982421875,78.3851318359375
J-448,17.947114944458008,19.641380310058594,26.841184616088867,1584.6828598651591,481.17362470933335,-2584.368321553883,7.0519746712,3.306148836,7.0509746712,150.0,150.0,0.1986475535183993,0.07619999999999999,41277.512,26003.203128044115,200.55068856,0.529326747796,3.0,0.10088766366243362,0.004098562523722649,0.0004832596459891647,0.0,45.3492431640625,41.69536209106445
J-449,39.47743225097656,31.72011375427246,42.03693389892578,1601.501099081487,316.6841083550494,-3454.0189856308184,7.8865384072,4.140712572,7.885538407199999,150.00000000000003,150.0,0.18837655302970419,0.07619999999999999,49491.722,31177.8311716726,182.03536872,0.158987294928,1.0,0.019601359963417053,0.004098562523722649,0.0001589144376339391,0.0,63.8581657409668,60.19583511352539
J-45,101.45319366455078,93.41707611083984,104.95565795898438,361.141701148729,-2163.328181826135,-443.88123924681895,7.0297803544,0.7668079152,7.0287803544,150.00000000000003,150.0,0.2473732424938215,0.15239999999999998,31219.535000000007,19667.07465721487,193.15995912,0.044163137479999996,3.0,0.0013784632319584489,4.6547167585231364e-05,4.470255589694716e-05,0.0,53.84687423706055,50.80235290527344
J-450,60.74964141845703,58.53007888793945,70.2322769165039,6600.1043621593435,756.9259963590198,997.5442508055303,11.0889388096,1.8231026784,11.0879388096,149.99999999999997,150.0,0.18087114751895608,0.1016,67813.40900000001,42719.77073211523,179.27622768,0.07760094157200001,3.0,0.04375820979475975,0.001915404456667602,0.00035476163611747324,0.0,66.7482681274414,63.23097610473633
J-451,65.3546142578125,71.665283203125,79.9367904663086,1073.2368234453206,-4224.136000813603,-2566.461627665629,9.3104917696,2.7810214128000004,9.3094917696,150.0,150.0,0.22137778144037942,0.07619999999999999,49114.12580000001,30939.960471302446,198.20525256000002,0.10094431424000001,1.0,0.022124990820884705,0.0046262433752417564,0.00010089805437019095,0.0,48.39078140258789,45.14762878417969
J-452,48.235382080078125,56.33498001098633,68.21446990966797,7301.856550262926,898.6319497821495,1263.5374425196812,11.829793919200002,2.5552286208,11.828793919199999,150.0,150.0,0.2499525906299771,0.15239999999999998,50454.102000000006,31784.092581671513,176.73297648,0.133120314404,4.0,0.11322434991598129,0.015983104705810547,0.003909892402589321,0.0,69.25153350830078,65.70846557617188
J-453,46.877227783203125,55.77729797363281,67.2751235961914,6868.621709263326,813.7317898856993,1096.6289288425119,11.370250312000001,2.0956850136,11.369250312,150.0,150.0,0.2477356655332649,0.15239999999999998,48946.41300000001,30834.308027774037,177.89466072000002,0.06939921604,4.0,0.07982153445482254,0.0007644144352525473,0.004333248361945152,0.0,68.1128921508789,64.5875015258789
J-454,105.25643157958984,59.10040283203125,110.5800552368164,-2803.1383007336267,291.5920044440411,39.76804930180103,3.0052160896000006,0.46143031920000005,3.0042160895999994,150.00000000000003,150.0,0.3048,0.30479999999999996,9856.352000000003,6209.112679986718,215.404446,0.07570823568,3.0,0.12992414832115173,0.0008229006780311465,0.005986649543046951,0.3333333333333333,32.672576904296875,30.169458389282227
J-455,20.357675552368164,10.417455673217773,48.04839324951172,-3175.382087913334,1626.3989196708212,-687.7085432001483,1.8455752288000002,1.5108003312,1.8445752288000004,149.99999999999997,150.0,0.3047999999999999,0.30479999999999996,6051.756000000001,3812.3673866137997,212.51512488000003,0.12176407905200001,3.0,0.08114263415336609,0.002228186931461096,0.0056902579963207245,0.6666666666666666,35.74089431762695,33.060394287109375
J-456,16.479589462280273,26.3856201171875,64.86087799072266,-3493.071766766986,1763.7248755072258,-941.3597645252738,2.300363956,1.9655890584000002,2.299363956,149.99999999999997,150.0,0.26460929024920316,0.1016,10528.023000000001,6632.238895738687,204.34941096,0.08643356906800001,1.0,0.010656294412910938,0.002228186931461096,8.639396401122212e-05,0.0,43.90547561645508,41.22445297241211
J-457,55.4893798828125,57.5484619140625,68.11238098144531,7116.707201421648,831.3377459181485,1125.2325887811062,11.6774432968,2.4116071656,11.6764432968,150.0,150.0,0.17687580194714278,0.1016,73605.77600000001,46368.73328812344,174.92773752,0.22964831489600002,3.0,0.05978932976722717,0.0012848669430240989,0.00048473107744939625,0.0,71.01663970947266,67.4203872680664
J-458,67.03105163574219,58.23017501831055,70.26881408691406,7659.138921245331,860.6219710310836,1129.3476516205528,12.3709455928,3.1051094616,12.3699455928,150.0,150.0,0.17265557792983016,0.1016,80431.58600000001,50668.7241389149,172.3424544,0.240373648284,3.0,0.036376599222421646,0.0009433199884369969,0.00029491659370251,0.0,73.54676055908203,69.87739562988281
J-459,60.643333435058594,43.45588684082031,75.04821014404297,-2578.476759840672,-140.32884529210745,461.84143014827964,3.661248712000001,0.8986104456000001,3.660248712,150.0,150.0,0.28204121555307027,0.15239999999999998,13802.018000000005,8694.726504613971,208.8882792,0.070661019968,3.0,0.09996027499437332,0.004738558549433947,0.0015754284104332328,0.0,39.16617965698242,36.671836853027344
J-46,114.41893768310547,106.08434295654297,114.82808685302734,495.86533380512157,-2130.820629354154,-423.27636488891704,7.0623692656,0.5970660144000001,7.061369265600001,150.00000000000003,150.0,0.24716937865057792,0.15239999999999998,31379.913500000006,19768.106781265153,198.08628912,0.03469960802,3.0,0.0025229842867702246,9.367160237161443e-05,8.181852899724618e-05,0.0,48.92055130004883,45.87604522705078
J-460,71.3011245727539,60.497074127197266,71.3011245727539,8373.011177262053,1029.8956439872572,1482.8640986895266,13.081996444000001,3.816145072800001,13.080996444,150.0,150.0,0.16939473289332543,0.1016,86921.90900000001,54757.37142307332,173.22750216,0.109776941736,3.0,0.010319233871996403,0.0005041882395744324,8.366129623027518e-05,0.0,72.46704864501953,68.53971099853516
J-461,66.75553131103516,72.8668212890625,79.91294860839844,8596.176161519119,1053.488696227718,1515.070153851339,13.349406628000002,4.0835552568,13.348406628000001,149.99999999999997,150.0,0.16803659311661176,0.1016,89553.89900000002,56415.42122512972,175.33482840000002,0.051103059084,1.0,0.006300436798483133,0.0013173951301723719,5.107963806949556e-05,0.0,70.3594741821289,66.43180847167969
J-462,53.72478485107422,56.907894134521484,67.49752044677734,6862.816662583714,809.2643719399707,1101.0535267752146,11.365791697599999,2.0999555664,11.3647916976,150.0,150.0,0.17894005659272894,0.1016,70538.339,44436.369065360246,178.60069944,0.040377725696,3.0,0.10040275007486343,0.01354840025305748,0.000813996943179518,0.0,67.40544128417969,63.87937927246094
J-463,49.91061019897461,56.61484909057617,67.93987274169922,7299.833772412978,894.6336003380692,1269.5345060600218,11.829590008,2.5637386368,11.828590008,149.99999999999997,150.0,0.1759075575755436,0.1016,75103.28300000002,47312.1035839559,176.4884964,0.07886274550000001,3.0,0.10025632381439209,0.00219898484647274,0.0008128097397275269,0.0,69.49337005615234,65.9468002319336
J-464,60.551673889160156,66.16785430908203,74.49175262451172,2496.191873917571,-3472.367956501455,-2708.5974027034813,9.9439545616,3.7123905432000006,9.942954561599999,150.0,150.0,0.19174449733091095,0.07619999999999999,55885.27000000001,35205.51402602923,191.7042648,0.24794447185200003,3.0,0.044019509106874466,0.0031227143481373787,0.00020074506755918264,0.0,54.77922439575195,51.482303619384766
J-465,77.2093505859375,67.28682708740234,80.62467956542969,2555.522793429207,-3827.2379672632937,-3142.1508327778442,10.3732044016,4.1416403832,10.3722044016,150.0,150.0,0.18696273107642766,0.07619999999999999,61518.470000000016,38754.20765516313,184.54917624,0.10914603977199999,1.0,0.023922646418213844,0.005002126097679138,0.0001090960213332437,0.0,61.92767333984375,58.627567291259766
J-466,120.81517028808594,122.70294952392578,130.1302490234375,-4341.983358599892,-525.8501088668138,1441.2245709864596,5.1327539224,2.1772257191999995,5.1317539224000015,144.9230429217823,140.0,0.33924389682084644,0.15239999999999998,16497.4105,11442.429964499246,208.6397148,0.005047215712,1.0,0.00015556633297819644,3.252804890507832e-05,5.044902081863256e-06,0.0,39.86376953125,37.70405578613281
J-467,57.01615905761719,34.37064743041992,102.52599334716797,-2616.173180452518,36.366844480287845,383.9712934669923,3.301206455200001,0.47016527760000004,3.3002064552,149.99999999999997,150.0,0.28506304083260975,0.15239999999999998,12229.686000000003,7704.219412502318,210.54252024000002,0.049210353192000005,3.0,0.12057647854089737,0.01264786347746849,0.002810457954183221,0.0,37.5549201965332,35.079322814941406
J-468,157.9999542236328,155.4999542236328,166.9999542236328,2260.873574913985,-4773.870237296565,-3105.8724514824357,10.667944477600004,4.138474120800001,10.666944477600001,149.99999999999997,150.0,0.21982705982594786,0.15239999999999998,53905.59180000002,33958.39490793025,175.64566344000002,0.011356235352,1.0,0.00035002428921870887,7.318868301808834e-05,1.1351032298989594e-05,0.0,70.94115447998047,67.6935806274414
J-469,48.780025482177734,56.39937973022461,67.76560974121094,6479.801858186236,711.8213038759922,879.909002805712,10.9987698256,1.7242045272,10.9977698256,149.99999999999997,150.0,0.24288990391365514,0.1016,48764.02500000001,30719.410787549925,182.57163384,0.09715890245600001,3.0,0.009541402570903301,0.0002602261956781149,7.735517283435911e-05,0.0,63.4680061340332,59.957950592041016
J-47,94.90343475341797,98.20840454101562,105.02191162109375,514.8541485972638,-2052.6287349942963,-352.09110121197193,6.962833168,0.4901147424000001,6.961833168,150.00000000000003,150.0,0.24779802634424744,0.15239999999999998,30890.070500000005,19459.525027843327,201.28223904000004,0.035330509984,3.0,0.0029438284691423178,0.0001041491559590213,9.546621004119515e-05,0.0,45.7246208190918,42.68011474609375
J-470,67.15323638916016,61.97701644897461,77.00550842285156,6518.684067367021,711.350661109061,873.5528608850724,11.0526737056,1.7781084072000002,11.0516737056,150.0,150.0,0.24220077082588454,0.1016,49294.57500000001,31053.63634406079,181.76141448,0.010094431424,1.0,0.0012445306638255715,0.0002602261956781149,1.0089804163726512e-05,0.0,64.2782211303711,60.76815414428711
J-471,44.22819519042969,55.09107971191406,63.13532638549805,-1469.331547348846,-1294.4745433899864,120.56129853040017,5.513963624800001,2.7513253584,5.5129636248,149.99999999999997,150.0,0.24217528157972468,0.15239999999999998,25299.9055,15937.941749900538,204.81267648,0.035330509984,3.0,0.06842667609453201,0.0040362561121582985,0.0012482027523219585,0.0,42.63077926635742,39.813934326171875
J-472,32.99045944213867,96.5864486694336,127.51042175292969,-4679.631129954208,-1051.615039239233,1517.5967729908366,6.180468565600001,2.6279718840000004,6.179468565600001,150.0,150.0,0.21016594932377658,0.1016,37924.520000000004,23890.950527579556,178.84082088000002,0.026497882488000002,1.0,0.0032668933272361755,0.000683093792758882,2.648573718033731e-05,0.0,69.07279205322266,66.56055450439453
J-473,69.03124237060547,60.97952651977539,76.2514877319336,6987.2372261584915,818.8334285142823,1094.1142846784312,11.524232224,2.2496669256,11.523232224,150.0,150.0,0.24578289319015983,0.1016,50461.98300000001,31789.057300568624,173.81293152,0.029652392308,1.0,0.0036558089777827263,0.0007644144352525473,2.9638802516274154e-05,0.0,72.19457244873047,68.66915893554688
J-474,26.834524154663086,79.82205963134766,118.48052215576172,-5168.955013673026,-1988.325280225039,1326.3503519493547,7.579957156000002,4.7918190168,7.578957156,150.0,150.0,0.19011875757203447,0.1016,51699.013999999996,32568.337998704876,151.32554952,0.20188862848000003,1.0,0.024890616536140442,0.005204524379223585,0.0002017961087403819,0.0,96.050537109375,93.22195434570312
J-475,40.50285720825195,53.452396392822266,61.32081985473633,5021.809539369212,441.6257787626929,364.6248387739118,9.460365282400002,0.18579998400000003,9.459365282400002,149.99999999999997,150.0,0.23621414005365546,0.15239999999999998,42680.386000000006,26886.958369519227,193.1412444,0.07886274550000001,3.0,0.11930469423532486,0.0,0.008705168962478638,0.3333333333333333,53.03622055053711,49.59199523925781
J-476,118.51053619384766,73.1358642578125,124.51055908203125,-4736.762534368862,-1039.3142591548649,1645.6711098296582,6.198677012800002,2.3325478368000003,6.197677012800001,149.99999999999997,150.0,0.20984698830791576,0.1016,38103.737,24003.850162979063,188.17458936000003,0.22712470704,3.0,0.10059065371751785,0.0015613571740686893,0.0008155203540809453,0.0,59.77830505371094,57.28945541381836
J-477,30.73841667175293,95.81327056884766,127.51048278808594,-4984.564342506272,-1142.7657122734752,1719.2044343756827,6.5171564368000015,2.6510272608000003,6.5161564368,149.99999999999997,150.0,0.2045563789095064,0.1016,41238.37700000001,25978.549622900297,183.32131992,0.060566588544,1.0,0.007467184215784073,0.0015613571740686893,6.053883407730609e-05,0.0,64.63116455078125,62.14211654663086
J-478,25.543392181396484,14.247893333435059,54.460845947265625,-2945.225774225716,814.9073108359895,-786.8008905990835,2.6172971296000007,1.3105135080000003,2.6162971296000004,149.99999999999997,150.0,0.28729194962703514,0.15239999999999998,9569.761000000002,6028.571663181506,209.7057528,0.034068706056,3.0,0.09321413189172745,0.008310179226100445,0.00170036219060421,0.0,38.353458404541016,35.7268180847168
J-479,23.42146110534668,14.552754402160645,50.251155853271484,-2867.255457638323,748.0160807519778,-700.7054619083071,2.7162867208000008,1.2115239168000003,2.715286720800001,149.99999999999997,150.0,0.2823742741390421,0.15239999999999998,10219.299000000003,6437.754962634814,209.01169271999999,0.035330509984,3.0,0.14036938548088074,0.012440362945199013,0.0025605428963899612,0.0,39.02973556518555,36.39602279663086
J-48,111.01239776611328,105.3167953491211,116.865478515625,-2195.462976623146,2891.8952098770433,-1721.2186704275246,2.7217801312,3.319113199200001,2.7207801312,149.99999999999997,150.0,0.2514753325736429,0.2032,11268.962000000001,7099.001217132716,194.95754760000003,0.049841255156000006,1.0,0.0015362176345661283,0.0003212167357560247,4.981841266271658e-05,0.0,53.20164108276367,50.46239471435547
J-480,101.15567779541016,96.9289779663086,104.87480163574219,-3096.734130411585,-3376.14338485581,-545.3843140214902,8.710814533600002,5.948176267199999,8.7098145336,150.0,150.0,0.20922415622581952,0.15239999999999998,46276.6175,29152.442253091736,206.01797760000002,0.12870400065600002,1.0,0.0070523410104215145,0.0014746150700375438,0.00012864502787124366,0.0,41.3511848449707,38.50813674926758
J-481,16.404691696166992,9.863272666931152,24.67025375366211,-2108.453428807591,2262.8813252758655,-836.2990073504844,2.75774074,2.4469145880000003,2.7567407399999997,150.0,150.0,0.24649999981203893,0.15239999999999998,12504.333000000002,7877.236180797557,205.46092511999998,0.040377725696,3.0,0.06163033843040466,0.00019516963220667094,0.0011242276523262262,0.0,42.495121002197266,39.76408767700195
J-482,15.373136520385742,9.819292068481445,25.710115432739258,-2281.771989196955,2210.6779090820087,-758.8999624219023,2.617529692,2.30670354,2.6165296919999994,150.0,150.0,0.2515425031059193,0.15239999999999998,11584.313000000002,7297.659898635416,209.00715120000004,0.051733961047999995,3.0,0.06393503397703171,0.0001951696176547557,0.0011662684846669436,0.0,38.96080017089844,36.23430633544922
J-483,57.34248733520508,56.80997848510742,67.29536437988281,7515.521047787527,935.4329216102867,1349.468358587153,12.060759167200002,2.7949077960000004,12.059759167200001,149.99999999999997,150.0,0.174483182895354,0.1016,77378.57000000002,48745.44457688198,173.74538784,0.133120314404,3.0,0.11658833175897598,0.021259170025587082,0.0012917052954435349,0.0,72.16399383544922,68.5213623046875
J-484,40.593971252441406,55.0406379699707,66.28873443603516,6365.835445237575,713.1734603848972,898.4801498202038,10.8408255136,1.5662602152,10.839825513600001,149.99999999999997,150.0,0.2449486027956796,0.15239999999999998,47209.45500000001,29740.093054282388,182.88515112,0.09148078478,4.0,0.07300874590873718,0.0037121933419257402,0.0047100987285375595,0.0,63.15577697753906,59.646331787109375
J-485,64.76615905761719,66.13580322265625,77.2242431640625,7331.258732715913,875.466542146592,1214.1942890087253,11.902031519200001,2.636195388,11.901031519200002,149.99999999999997,150.0,0.17545524789501976,0.1016,75816.29000000002,47761.269847967094,175.3921308,0.0473176473,1.0,0.005833738017827272,0.0012198102194815874,4.729596184915863e-05,0.0,70.58995819091797,67.04369354248047
J-486,67.37017059326172,39.850067138671875,96.54608154296875,-1749.9309987063361,-413.63678364994666,305.8859366882337,4.155169796800001,1.3925315304,4.1541697968,150.0,150.0,0.2912163706862181,0.15239999999999998,14843.953000000003,9351.104424175079,205.17243191999998,0.051103059084,3.0,0.1421995609998703,0.0002023981069214642,0.0025939280167222023,0.0,42.48820877075195,39.77730178833008
J-487,90.16638946533203,80.64392852783203,99.66166687011719,-1826.9916379517838,-462.5998951862047,256.0075582107759,4.296008732800001,1.5333704664,4.2950087328,149.99999999999997,150.0,0.28666440090847956,0.15239999999999998,15768.093000000003,9933.276143700003,207.54810408,0.017665254992,1.0,0.0009679683134891093,0.0002023981069214642,1.765716115187388e-05,0.0,40.1125373840332,37.40163040161133
J-488,36.031558990478516,54.83823776245117,64.9592514038086,4591.437395440852,321.0424197060109,132.63453474201893,9.0789727,0.7581375744000002,9.0779727,150.0,150.0,0.23172986264988432,0.15239999999999998,41742.32800000001,26296.018859408083,191.22185784,0.09715890245600001,4.0,0.0033036242239177227,0.00010119888611370698,6.716026837239042e-05,0.0,55.018157958984375,51.60380172729492
J-489,86.91690826416016,82.31599426269531,95.19554138183594,4644.624447563176,301.70810636195864,78.7809375260472,9.1851250912,0.8642899656000002,9.1841250912,150.00000000000003,150.0,0.23081294846042913,0.15239999999999998,42438.86600000001,26734.81030353392,195.2361348,0.013879843208,1.0,0.0007605465943925083,0.0001590271422173828,1.3873483112547547e-05,0.0,51.00387954711914,47.58952331542969
J-49,14.996739387512207,10.398784637451172,25.435941696166992,-1924.5433539720202,2648.8565941582992,-1288.6903260052402,2.1954484432,2.7927815112000007,2.1944484431999998,149.99999999999997,150.0,0.26305402213501405,0.2032,8678.747,5467.268016005991,201.37977504,0.15583278510800003,3.0,0.13749858736991882,0.0003212167357560247,0.004458978306502104,0.0,46.779422760009766,44.040184020996094
J-490,63.89665222167969,59.52934265136719,66.02900695800781,-1197.0200651836233,-1635.3043925193672,-17.81002172255732,6.0131156872,2.9114139384,6.0121156872,150.00000000000006,150.0,0.2347217462047376,0.15239999999999998,28575.181500000006,18001.23633820828,198.52321992,0.052995764976000004,3.0,0.016950389370322227,8.674195123603567e-05,0.00030919990967959166,0.0,48.913570404052734,46.09334182739258
J-491,92.31642150878906,68.732421875,115.51927947998047,-4773.0099806893595,-1207.1479400888543,1245.9810580907508,6.414737845600001,3.6265997064000004,6.413737845600001,149.99999999999997,150.0,0.20620045098367118,0.1016,40230.32000000001,25343.513506003357,146.37937704,0.14700015761200003,2.0,0.16953706741333008,0.02762305922806263,0.0013744905591011047,0.0,101.13219451904297,98.38926696777344
J-492,94.58279418945312,67.37879943847656,113.38613891601562,-4201.464576286046,-907.2348413550113,1170.2259126460867,5.659681494400002,2.8715433552000005,5.658681494400001,149.99999999999997,150.0,0.22015763074926947,0.1016,32798.66300000001,20661.862961054067,177.65996472000003,0.20756674615600001,3.0,0.12780310213565826,0.0012115678982809186,0.0010361402528360486,0.0,70.1926498413086,67.64265441894531
J-493,86.51129913330078,86.23843383789062,96.12966918945312,4627.819678542197,307.81585975537905,95.79482819124311,9.151588252,0.8307531264000002,9.150588252,150.0,150.0,0.23110033134459948,0.15239999999999998,42218.80800000001,26596.182450335036,189.53878272000003,0.008832627496,1.0,0.00048398415674455464,0.00010119888611370698,8.828579666442238e-06,0.0,56.70123291015625,53.2868766784668
J-494,22.187076568603516,26.46331787109375,36.90242004394531,1608.7619837328862,246.48225566234004,-3827.943543876321,8.2428587512,4.497032916,8.241858751199999,150.0,150.0,0.18095484043971685,0.07619999999999999,56905.912000000004,35848.47819613264,181.26751656000002,0.30157113879200004,1.0,0.0660984143614769,0.01382090337574482,0.0003014329413417727,0.0,64.51128387451172,60.696876525878906
J-495,23.01057243347168,14.60235595703125,49.695167541503906,-2800.9555120975056,691.1165494685807,-627.3927720179324,2.8005422800000006,1.1272683576000002,2.79954228,150.00000000000003,150.0,0.278462543558142,0.15239999999999998,10772.157000000003,6786.033678536205,206.77741728,0.102206118168,3.0,0.14449524879455566,0.002425030805170536,0.0026358047034591436,0.3333333333333333,41.2315788269043,38.585018157958984
J-496,69.73704528808594,61.406185150146484,74.89427947998047,6772.394323310694,763.8047029938516,977.8122342931114,11.317001752,2.0424364536,11.316001752,150.0,150.0,0.24345640283801184,0.1016,50237.29100000001,31647.510210297136,178.31336448000002,0.04290133355200001,1.0,0.005289255175739527,0.0011059612734243274,4.288167110644281e-05,0.0,67.71099853515625,64.19363403320312
J-497,77.2823257446289,67.2972412109375,80.45130920410156,2533.3635962603053,-3694.638774909475,-2980.1267826209355,10.2129801856,3.9814161672000004,10.2119801856,150.0,150.0,0.18870057931214637,0.07619999999999999,59415.79000000001,37429.60225856666,189.6639336,0.068137412112,1.0,0.01493436936289072,0.0031227143481373787,6.810618651797995e-05,0.0,56.817813873291016,53.520050048828125
J-498,66.4639892578125,64.2995376586914,77.00753784179688,7320.7461867745715,841.3881048696913,1124.5947273226861,11.9401107928,2.6742746616,11.9391107928,150.0,150.0,0.17521968980026734,0.1016,76191.08600000001,47997.3765328753,174.24138888000002,0.049841255156000006,1.0,0.006144870538264513,0.0012848669430240989,4.981841266271658e-05,0.0,71.70275115966797,68.1061782836914
J-499,68.33882141113281,58.641536712646484,69.2930679321289,8200.482994935603,1011.6406358884547,1457.9269557995635,12.875287484800003,3.6094361136000006,12.874287484800002,149.99999999999997,150.0,0.17048324196166542,0.1016,84887.37200000002,53475.693426528334,172.3602852,0.11545505941200002,3.0,0.022064493969082832,0.0007806785870343447,0.00017888384172692895,0.0,73.33626556396484,69.41158294677734
J-5,57.24294662475586,28.956382751464844,62.92428207397461,-3144.7787766381257,-279.0694944667095,962.1776666993222,4.072084060000001,1.2431005872,4.0710840600000004,143.60030546753188,140.0,0.36230357318399353,0.15239999999999998,11878.455000000002,8532.670333010396,212.7504,0.08012454942800001,3.0,0.22312192618846893,0.0003393014194443822,0.014515298418700695,0.0,35.524532318115234,33.17133331298828
J-50,110.32118225097656,115.34125518798828,124.1244125366211,-2722.654054284983,2908.8999022178587,-1219.6558368867265,2.1301358992,2.835575736000001,2.1291358992,149.99999999999997,150.0,0.264890080817665,0.2032,8357.327000000001,5264.786104077386,201.29327279999998,0.006309019640000001,1.0,0.00019445789803285152,4.0660088416188955e-05,6.306127033894882e-06,0.0,46.96832275390625,44.231422424316406
J-500,18.16421890258789,18.30283546447754,25.623882293701172,1121.8399634788723,273.08135614965204,-1124.796218577207,5.71984048,1.6114367568,5.71884048,150.0,150.0,0.2261673420954452,0.2032,26023.196000000004,16393.586212970033,204.44722128,0.102837020132,3.0,0.02991645596921444,0.00013824523193761706,0.0009701687376946211,0.0,42.50226593017578,39.421688079833984
J-501,64.07942962646484,70.49718475341797,78.84588623046875,1774.075991198246,-4027.6936339972226,-2103.0656339133975,9.470620888000003,2.9411505312,9.469620888000001,149.99999999999997,150.0,0.22340229357824734,0.15239999999999998,47562.84180000001,29962.71278831989,199.56179544000003,0.095266196564,3.0,0.021972594782710075,0.002436006208881736,0.0004008122778031975,0.0,47.02622604370117,43.779239654541016
J-502,43.567054748535156,51.109832763671875,65.81999206542969,-2357.969104831195,2258.4630585722143,-849.371287606383,2.750864452,2.4400383000000003,2.7498644519999997,150.0,150.0,0.24673530548284642,0.15239999999999998,12459.213000000002,7848.812361911928,207.98768664,0.017034353028,1.0,0.00093339808518067,0.0001951696176547557,1.7026546629494987e-05,0.0,39.98025894165039,37.25376892089844
J-503,58.63725662231445,57.32197952270508,67.8880386352539,7709.206394986967,957.805763756286,1382.2243446115717,12.289730413600003,3.0238790424000004,12.2887304136,150.0,150.0,0.17376552321125613,0.1016,79124.01500000001,49845.006025348855,169.27314888,0.07003011800400001,3.0,0.14532488584518433,0.0006668296409770846,0.0011781950015574694,0.0,76.56949615478516,72.83840942382812
J-504,61.00668716430664,68.63180541992188,74.4242172241211,1333.7093349300533,-3977.763233602285,-2221.105512835715,9.176470904800002,2.647000548,9.175470904800001,149.99999999999997,150.0,0.22567850628491914,0.15239999999999998,45632.72380000001,28746.81463982939,199.06676976,0.232802824716,3.0,0.04277239367365837,0.007430903613567352,0.0006181634962558746,0.0,47.525482177734375,44.280513763427734
J-505,71.69609069824219,72.30880737304688,80.82323455810547,1331.943145220099,-4597.784707767351,-2844.7312693819085,9.817205920000003,3.2877355632,9.81620592,149.99999999999997,150.0,0.21592156824010875,0.07619999999999999,54041.31980000001,34043.89819006031,177.45001848,0.162141804748,1.0,0.035538267344236374,0.007430903613567352,0.0001620674884179607,0.0,69.12158203125,65.86673736572266
J-506,72.50276947021484,60.20207595825195,72.50276947021484,7952.6185642750015,876.4194101646152,1131.466308547535,12.746245832800001,3.4804097016,12.745245832800002,150.0,150.0,0.17056325458038357,0.1016,84125.486,52995.735322018234,182.94891528,0.178545255812,3.0,0.012968183495104313,0.00017348412075079978,0.00013095726899337023,0.0,62.931793212890625,59.251163482666016
J-507,141.4211883544922,136.060546875,141.4211883544922,8708.20229861936,917.0146573838585,1136.7465273090627,13.712623376800002,4.4467872456,13.7116233768,150.0,150.0,0.17286345033518585,0.1016,88881.281,55991.69843676063,154.80755424,0.092111686744,1.0,0.002839085878804326,0.0005936410161666572,9.206947288475931e-05,0.0,91.07305908203125,87.39230346679688
J-508,49.62911605834961,53.65678024291992,73.81729125976562,2493.484777656431,-107.46602978843192,-493.17941941502204,6.9746642848,2.2167838824000006,6.9736642848,150.0,150.0,0.21157322183427624,0.15239999999999998,34554.338,21767.868905691157,187.79608872000003,0.023974274632,3.0,0.12123814225196838,0.004428203217685223,0.002211561193689704,0.0,58.80451583862305,55.562469482421875
J-509,49.54151153564453,54.348297119140625,75.7974624633789,2443.0720078313448,-266.3571686331298,-388.4790130778665,7.0503796528,2.1410685144000006,7.0493796528,150.0,150.0,0.21093765920499605,0.15239999999999998,35051.15800000001,22080.845893695543,186.55585752,0.010725333388000002,2.0,0.16124266386032104,0.03374191001057625,0.002941302489489317,0.0,60.06258010864258,56.82917022705078
J-51,14.978903770446777,22.7152042388916,35.146507263183594,-2762.9147629781646,2943.9657803537534,-1269.628267028798,2.1978112528000002,2.903251089600001,2.1968112528000003,150.0,150.0,0.2629896453443731,0.2032,8690.375000000002,5474.59319699008,201.16924968,0.044163137479999996,3.0,0.00343899242579937,0.0002661651815287769,0.00011152400838909671,0.0,47.092288970947266,44.355369567871094
J-510,66.46936798095703,57.70451736450195,70.1607666015625,8832.010028999142,1156.8743350898249,1767.2359063150006,13.516839668800003,4.2497569056,13.515839668800002,150.0,150.0,0.1666313746385982,0.1016,91710.07100000003,57773.72447012668,162.99646344,0.616391218828,3.0,0.2398458570241928,0.016712306067347527,0.0018500079168006778,0.0,81.1448974609375,75.15919494628906
J-511,113.23020935058594,112.10359954833984,119.52653503417969,1109.5868520731456,207.0068192559392,-1341.0400656104675,5.9448953512,1.836491628,5.9438953512,150.00000000000003,150.0,0.2252977251335562,0.2032,27130.749500000005,17091.301197237404,205.07288424,0.021450666776000004,1.0,0.0006611568969674408,0.00013824523193761706,2.1440837372210808e-05,0.0,41.87660217285156,38.796024322509766
J-512,16.34097671508789,14.546143531799316,25.306224822998047,-130.62209955029286,1642.9028610642097,-1589.1278434107367,4.0281824967999995,3.30309474,4.0271824968,150.00000000000003,150.0,0.235815002125632,0.2032,17698.107500000002,11149.109091276167,204.43134120000002,0.158356392964,3.0,0.1776791363954544,0.00020736777514684945,0.00576200382784009,0.0,43.06740188598633,40.182823181152344
J-513,64.69168090820312,57.15253829956055,69.97575378417969,7982.106445952037,1016.7871114637412,1504.7943819982256,12.572191621600002,3.3051088584,12.5711916216,150.0,150.0,0.17151808410164787,0.1016,82412.35400000002,51916.529787993975,166.10246688,0.18674698134400003,3.0,0.33660921454429626,0.023507770150899887,0.0021175979636609554,0.0,79.79360961914062,76.13334655761719
J-514,78.73310089111328,78.54300689697266,90.72236633300781,-5018.976763923961,-615.3437095686024,1816.1429049665626,5.871085592799998,1.9788350568000002,5.8700855928,145.5616159273799,140.0,0.33480905387149806,0.2032,18551.574500000006,12736.472196267372,182.09169576,0.034068706056,2.0,0.0014519524993374944,0.0001331168896285817,4.7085752157727256e-05,0.0,66.52704620361328,64.51216888427734
J-515,129.28884887695312,115.9099349975586,133.2888641357422,-4156.449895979876,-639.3691632287082,1416.6128581564708,5.308821947200002,2.0902007472000004,5.3078219472,145.09145282958409,140.0,0.32103122304126414,0.15239999999999998,18684.768,12820.378843446959,197.719188,0.0,4.0,0.0015459409914910793,0.00019110360881313682,5.013373083784245e-05,0.0,50.57680130004883,48.27070617675781
J-516,73.37228393554688,79.68103790283203,85.46206665039062,8857.841371802688,1129.889045583787,1666.927070170292,13.594826101600002,4.3202608032,13.5938261016,150.0,150.0,0.24122259433231116,0.07619999999999999,63898.59800000001,40253.59433948522,168.02240208,0.030914196236,1.0,0.0038113754708319902,0.0007969426806084812,3.090002792305313e-05,0.0,77.86101531982422,74.1839599609375
J-517,129.32530212402344,130.74440002441406,134.3191680908203,4923.12829879217,200.59781916174532,-203.12185578964585,9.740547196,1.4197120704000004,9.739547196,150.0,150.0,0.22979192558528466,0.15239999999999998,44998.10800000001,28347.03173732145,193.82006448,0.0630901964,1.0,0.0019445793004706502,0.0004066034161951393,6.306128489086404e-05,0.0,52.419921875,49.005558013916016
J-518,70.03721618652344,61.0013542175293,80.51702117919922,-3044.562676546808,867.7664261088187,-835.7287040335729,3.459315054400001,1.7595235320000002,3.4583150544,150.0,150.0,0.25444895015748914,0.15239999999999998,15094.813000000004,9509.136321463391,203.91113904000002,0.020819764812000003,1.0,0.001140819862484932,0.00023854065511841327,2.0810222849831916e-05,0.0,44.07857131958008,41.4099235534668
J-519,66.75476837158203,69.23140716552734,78.22486877441406,8334.304293333642,1025.7034979335629,1477.0247283850713,13.035779620000003,3.7699282488000008,13.034779620000002,149.99999999999997,150.0,0.1696351095877998,0.1016,86467.01900000001,54470.80867987998,173.94003312,0.030283294272,1.0,0.0037335921078920364,0.0007806785870343447,3.0269417038653046e-05,0.0,71.75646209716797,67.83169555664062
J-52,20.162912368774414,50.86164474487305,68.75244903564453,-4047.8636242627385,-567.6121520679617,1228.8389254641834,5.132782573599999,2.3894372328,5.131782573600001,144.92307126688667,140.0,0.3225629497052158,0.1016,20264.745000000003,13815.701983771833,211.97486688,0.0,3.0,0.007778317201882601,0.0005800002254545689,6.306128489086404e-05,0.0,36.334228515625,34.01229476928711
J-520,26.925920486450195,14.100234985351562,52.41293716430664,-3046.9947620226912,858.6407260022183,-764.4695874500765,2.5219651384,1.2448784856000001,2.5209651384000002,149.99999999999997,150.0,0.29239297937112635,0.15239999999999998,8944.223000000002,5634.507416326936,212.456268,0.09715890245600001,4.0,0.11269237101078033,0.009684978984296322,0.0020556736271828413,0.0,35.610965728759766,32.98754119873047
J-521,68.13196563720703,58.1872444152832,70.8734359741211,9221.274128103883,1220.4784893466829,1885.9177364823538,13.950341164000003,4.683258400800001,13.949341164000002,150.0,150.0,0.16461040477275976,0.1016,95976.81800000003,60461.60665006458,163.03977552000003,0.23911184435600003,3.0,0.1565832942724228,0.020008504390716553,0.0011563338339328766,0.0,80.71552276611328,74.21818542480469
J-522,79.54692077636719,45.76750564575195,89.51390838623047,-1672.9079106100685,-348.50750812214267,132.92624271265987,4.113257053600001,1.3506187872,4.1122570536,150.00000000000003,150.0,0.2926312080421256,0.15239999999999998,14568.935000000003,9177.853940525085,203.3011428,0.079493647464,3.0,0.07006021589040756,0.002492788713425398,0.001278000883758068,0.0,44.41679763793945,41.73470687866211
J-523,62.314762115478516,71.6218490600586,79.05718231201172,-2514.7436240310326,-2644.472654950819,-523.8054134693552,7.661809367200001,4.8991711008,7.660809367200001,149.99999999999997,150.0,0.21275651378901209,0.1016,41495.4515,26140.496409870902,195.54258072000002,0.12176407905200001,1.0,0.01501215249300003,0.003138978499919176,0.00012170828267699108,0.0,51.83424758911133,48.99244689941406
J-524,49.992008209228516,39.419315338134766,65.11456298828125,-2066.0644186893055,-286.693116408839,480.1343789495944,3.7744514320000007,1.0118131656000002,3.773451432,150.0,150.0,0.27815200736020496,0.15239999999999998,14544.818000000007,9162.661182544925,207.27475944000003,0.057412078724000004,3.0,0.25016698241233826,0.03390098735690117,0.004563411697745323,0.0,40.44795227050781,37.77177047729492
J-525,48.694271087646484,39.86162567138672,65.20391845703125,-2091.247828164374,-351.4593698681724,453.6257190368423,3.912736144000001,1.1500978776000002,3.9117361440000002,149.99999999999997,150.0,0.2737065183289724,0.15239999999999998,15452.198000000004,9734.274763671732,207.69459096,0.123656784944,3.0,0.1281529664993286,0.019238553941249847,0.0018749829614534974,0.0,39.99679946899414,37.30451965332031
J-526,67.01130676269531,41.432552337646484,95.73783874511719,-1804.5025565598085,-314.5998034799283,163.32116706947778,4.0367979736000015,1.2741597072000002,4.035797973599999,150.0,150.0,0.2952879191124831,0.15239999999999998,14067.235000000002,8861.802745158955,206.06985455999998,0.017665254992,2.0,0.21518343687057495,0.04365503787994385,0.0039252606220543385,0.0,41.63859558105469,38.951725006103516
J-527,70.67853546142578,48.24831008911133,90.49586486816406,-1825.9906153884053,-184.81137215311256,-364.5249421598111,4.097539736800001,1.7723946264000001,4.0965397368000005,149.99999999999997,150.0,0.24439471107747704,0.15239999999999998,18565.556500000006,11695.567718681295,210.91221216000002,0.08012454942800001,3.0,0.024660984054207802,0.00040479633025825024,0.00044985240674577653,0.0,36.840518951416016,34.175987243652344
J-528,75.70890045166016,45.376773834228516,88.6348648071289,-1779.4698938005554,-162.29845448840518,-319.6962518639072,4.010144737600001,1.6849996272,4.0091447376,149.99999999999997,150.0,0.24640009582341,0.15239999999999998,17992.098500000004,11334.311815965988,209.76698712,0.0473176473,3.0,0.0573248453438282,0.0067367819137871265,0.001045689103193581,0.0,37.984649658203125,35.31956100463867
J-529,57.24943923950195,28.92388343811035,62.95960998535156,-3176.9637636812154,-289.6646811619509,979.8721338894044,4.110333107200001,1.2813496344,4.109333107200001,143.65987285032912,140.0,0.36176833867573976,0.15239999999999998,12003.944000000001,8611.723449325524,212.77877688000004,0.039115921768,2.0,0.29713740944862366,0.04771352559328079,0.021680884063243866,0.0,35.5079345703125,33.16217041015625
J-53,131.6455078125,129.94325256347656,138.2178497314453,-5142.330551754319,-653.1569184416937,1864.9429475019315,6.022272183999998,2.130021648,6.021272184000001,145.6730581837454,140.0,0.33150451562478644,0.2032,19295.603000000006,13205.180780703226,187.19496216000002,0.053626666940000005,1.0,0.0008264462230727077,0.0001331168896285817,2.6801044441526756e-05,0.0,61.42378234863281,59.408905029296875
J-530,57.14915466308594,29.27972412109375,61.19719314575195,-3412.3139445212764,-348.81564585048994,1107.6994803445443,4.2965701744,1.5532248336,4.2955701744,143.9347529333195,140.0,0.3655774857983472,0.15239999999999998,12034.308000000003,8630.85157070503,214.21731096,0.053626666940000005,3.0,0.25886961817741394,0.03661704063415527,0.015353594906628132,0.0,34.15340042114258,31.860614776611328
J-531,82.19878387451172,57.53083801269531,82.19878387451172,-3019.133141373728,684.2565394153098,-792.8286096810845,3.116796054400001,1.4170045320000002,3.1157960543999996,150.0,150.0,0.26566717617380137,0.15239999999999998,12847.313000000004,8093.300041644027,203.91113904000002,0.008832627496,1.0,0.00048398415674455464,0.00010119892976945266,8.828578756947536e-06,0.0,44.08449172973633,41.424617767333984
J-532,57.889766693115234,58.44708251953125,70.59410858154297,6354.401827394378,707.975828098534,900.7480275034807,10.8300206584,1.5641845272000001,10.829020658400001,150.0,150.0,0.18276649333152406,0.1016,65265.00200000001,41114.374920615504,182.56879920000003,0.179176157776,3.0,0.04820385202765465,0.0037121933419257402,0.00039080390706658363,0.0,63.4720458984375,59.96257400512695
J-533,47.143165588378906,45.22483444213867,76.34537506103516,-671.4885793615016,-1219.4673428414835,-241.5458360073238,5.8303161544,2.1590090424,5.829316154400001,150.0,150.0,0.2502865555248395,0.15239999999999998,25966.08000000001,16357.605387627138,205.60622328000002,0.11734776530400001,3.0,0.06220053508877754,0.006936910096555948,0.0011346288956701756,0.0,41.61219024658203,38.670047760009766
J-534,47.716636657714844,63.41206359863281,78.1900634765625,-620.3864986909632,-1093.2474628997736,-739.8119102476826,6.2318416912000005,2.4418390584,6.2308416912,150.0,150.0,0.21899361986663596,0.15239999999999998,29606.545000000006,18650.954630079905,205.12165224000003,0.133120314404,2.0,0.007882500067353249,0.0013476312160491943,0.00014378833293449134,1.0,42.09253692626953,39.14780807495117
J-535,71.11221313476562,71.29805755615234,75.8653564453125,1956.3570547819302,-4048.7263260432555,-2061.0838707525245,9.591757247200002,3.0622868904,9.590757247200001,149.99999999999994,150.0,0.22250549688980759,0.15239999999999998,48357.69980000001,30463.44195125856,199.21612176,0.051103059084,3.0,0.011906877160072327,0.0004228675679769367,0.00021036721591372043,0.0,47.371368408203125,44.12411117553711
J-536,82.02837371826172,78.85677337646484,86.42577362060547,1962.8085851991534,-4131.934680757935,-2144.6548684022155,9.678173838400003,3.1487034815999997,9.677173838400002,149.99999999999994,150.0,0.22142581793880023,0.1016,49208.25680000001,30999.259285476277,197.23233096,0.016403451064000003,1.0,0.002022362546995282,0.0004228675679769367,1.63959339261055e-05,0.0,49.35515213012695,46.10790252685547
J-537,22.161596298217773,51.34135437011719,71.20872497558594,-3783.609166933733,-476.613876417572,1178.3546287757888,4.785148724799999,2.041803384,4.7841487248000005,144.55416294544872,140.0,0.33861893062613424,0.1016,16843.152000000002,11660.233461335358,214.57920000000001,0.020819764812000003,1.0,0.002566844690591097,0.0005367164849303663,2.0810222849831916e-05,0.0,33.73930740356445,31.421875
J-538,56.99313735961914,28.236648559570312,62.31977081298828,-3622.202706900229,-421.1226879576093,1148.0021829135567,4.572618085599999,1.8292727448000001,4.5716180856,144.30099060941558,140.0,0.34963773925915276,0.1016,14751.315000000002,10342.458726710887,214.6365024,0.06435200032800001,2.0,0.08781720697879791,0.01753273978829384,0.0007119618239812553,0.0,33.69359588623047,31.3817081451416
J-539,76.28971099853516,46.53108215332031,88.97864532470703,-1716.1213442154951,-166.47390904416454,-242.0398296995689,3.956368568800001,1.6312234584,3.9553685688000004,150.0,150.0,0.2476780968319859,0.15239999999999998,17639.236500000003,11112.022685211985,206.85940848,0.0630901964,3.0,0.08915289491415024,0.010447058826684952,0.0016262790886685252,0.0,40.884395599365234,38.2153434753418
J-54,33.146942138671875,51.887237548828125,74.0701675415039,129.01656623705176,-625.3342675358749,-1561.96126838628,5.9163883216,1.6673757863999998,5.9153883216,150.0,150.0,0.2207969815084337,0.15239999999999998,27870.524500000007,17557.330244580393,205.36192608000002,0.035330509984,3.0,0.03761148825287819,2.4396616936428472e-05,0.001219713012687862,0.0,41.78419876098633,38.79948806762695
J-540,74.14608001708984,46.345672607421875,94.29546356201172,-1528.8033859223447,-399.8005560042927,98.10488124996039,4.211062192000001,1.4844131855999998,4.2100621920000005,150.0,150.0,0.24191411459441925,0.15239999999999998,19310.454500000003,12164.82405379359,201.41357736,0.06624470622000002,3.0,0.20544682443141937,0.02710529789328575,0.0037476506549865007,0.0,46.2884635925293,43.59827423095703
J-541,62.9149169921875,40.1372184753418,88.38056182861328,-1677.4639278264954,-465.09499974359653,431.71391056017404,4.138534117600001,1.3758958512,4.137534117600001,149.99999999999997,150.0,0.2670864481991238,0.15239999999999998,16933.812000000005,10667.633096881204,201.58045536,0.054888470868,3.0,0.1453648805618286,0.00813762191683054,0.0026516681537032127,0.0,46.03196716308594,43.29680252075195
J-542,26.700777053833008,13.831581115722656,51.66041564941406,-2997.213648948017,822.6938297659813,-828.7105991274695,2.6936918968000003,1.3869082752000002,2.6926918968000004,149.99999999999997,150.0,0.28346490981562633,0.15239999999999998,10071.039000000002,6344.357015206107,212.88859632,0.037223215876,3.0,0.03367193043231964,0.00020239817968104035,0.0006142253405414522,0.0,35.17257308959961,32.54669189453125
J-543,55.23444747924805,42.349735260009766,75.46952056884766,-790.044348708988,-1109.677720665087,150.78970968248987,5.3879388832,2.0904543408000005,5.3869388832,149.99999999999997,150.0,0.25832503308308546,0.15239999999999998,23063.342000000008,14528.995033362266,201.90406152,0.082648157284,3.0,0.0659358873963356,0.00013011301052756608,0.0012027670163661242,0.0,45.354862213134766,42.435550689697266
J-544,102.63710021972656,81.24014282226562,102.63710021972656,-823.46502630623,-1159.7270347576728,104.99057430088006,5.4775558744,2.1800713320000003,5.4765558744,150.0,150.0,0.2565917023227732,0.15239999999999998,23651.38000000001,14899.435760531307,199.92606192,0.011356235352,1.0,0.0006222653901204467,0.00013011301052756608,1.1351031389494892e-05,0.0,47.33286666870117,44.413551330566406
J-545,76.05826568603516,66.83702850341797,80.17727661132812,2565.3143451614283,-3889.969451099312,-3220.7715539958103,10.438321568799998,4.206757550400001,10.437321568799998,150.00000000000003,150.0,0.1904075778824403,0.1016,58312.29800000001,36734.44585897136,187.45370688,0.272549648448,3.0,0.0287797749042511,0.0017565268790349364,0.0002333267475478351,0.0,59.054931640625,55.770015716552734
J-546,73.40364074707031,75.9739761352539,85.1573715209961,2614.8450592343793,-4187.547101892397,-3584.9481455052687,10.794821439999998,4.5632574216,10.793821439999999,150.00000000000003,150.0,0.187474428556906,0.1016,61821.15500000001,38944.887256656846,175.94872608,0.068137412112,1.0,0.00840058270841837,0.0017565268790349364,6.810618651797995e-05,0.0,70.5593490600586,67.27415466308594
J-547,45.57253646850586,39.673519134521484,64.83584594726562,-2143.0039417018943,-407.29946892922135,424.6682891964425,4.036234703200001,1.2735964368000001,4.0352347032,150.0,150.0,0.2699939262898238,0.15239999999999998,16262.556000000004,10244.768314747087,207.27180288000002,0.105360627988,3.0,0.08439091593027115,0.004358788952231407,0.0010583355324342847,0.0,40.409690856933594,37.71236801147461
J-548,20.899511337280273,25.491050720214844,32.55010223388672,-2122.476977766303,2744.9991037815716,-2953.250306254443,5.342199680799999,4.816635528,5.341199680799999,150.00000000000003,150.0,0.18588043162996962,0.1016,35007.6695,22053.44985540637,209.44527072,0.29526211915199996,3.0,0.02292010933160782,0.0007481503416784108,0.00018582057964522392,0.0,38.0881462097168,35.15922164916992
J-549,40.75863265991211,34.18528747558594,44.52410125732422,-2189.031904439273,2795.054629650096,-3089.401212404368,5.4953372968,4.9697731439999995,5.4943372967999995,150.00000000000003,150.0,0.18353137592441957,0.1016,36514.929500000006,23002.964156238642,207.5688,0.029021490344000003,1.0,0.003578025847673416,0.0007481503416784108,2.9008189812884666e-05,0.0,39.96456527709961,37.03561782836914
J-55,38.01171875,54.8062744140625,75.34439849853516,480.7484126714795,-994.1386295545968,-948.2904530121567,6.350189739999999,1.1715155640000001,6.34918974,150.0,150.0,0.21959468706606958,0.15239999999999998,30005.374000000007,18902.20115628417,206.31768744000001,0.076970039608,2.0,0.10407944023609161,0.015926143154501915,0.0024409291800111532,0.0,40.807098388671875,37.81245040893555
J-550,44.12480545043945,55.39093017578125,83.05062866210938,-3090.1055703893926,836.586058575711,-903.5674231927909,2.8302115120000004,1.5234278904000003,2.8292115119999997,150.0,150.0,0.2771405572607326,0.15239999999999998,10966.837000000003,6908.674393532972,209.5739268,0.017665254992,1.0,0.0009679683134891093,0.00020239817968104035,1.7657159332884476e-05,0.0,38.487239837646484,35.86136245727539
J-551,111.84326934814453,109.93289947509766,118.78211975097656,-220.7174037553007,1684.426021230763,-1928.5121396102058,4.3699455928,3.6448578360000004,4.368945592799999,150.00000000000003,150.0,0.23326367621283692,0.2032,19380.0125,12208.642847987885,198.76577976000002,0.032176000164000004,1.0,0.0009917354909703135,0.00020736777514684945,3.2161256967810914e-05,0.0,48.73295974731445,45.848384857177734
J-552,56.16714859008789,32.66315841674805,60.96302795410156,-2733.3675028746597,-203.62505304548856,516.7590327666405,3.8578078312000006,1.0951695648000002,3.8568078312000003,150.0,150.0,0.27543415493288886,0.15239999999999998,15091.776000000005,9507.223131349127,207.12772392000002,0.067506510148,3.0,0.04200690984725952,0.0010880855843424797,0.0007662674761377275,0.3333333333333333,40.93818664550781,38.45056915283203
J-553,56.96788024902344,37.08062744140625,102.52599334716797,-2778.622665533389,189.19908691762325,214.859131584434,3.117698872000001,0.28665769440000005,3.1166988719999997,150.0,150.0,0.2928740854676447,0.15239999999999998,11025.568000000003,6945.67260512366,213.34969776,0.054257568904000006,4.0,0.21710386872291565,0.0018995949067175388,0.011076726019382477,0.25,34.723262786865234,32.23348617553711
J-554,94.82889556884766,101.93609619140625,108.15077209472656,8078.568807801291,966.1072401841825,1335.45020515336,12.783985254400001,3.5094199560000003,12.782985254399998,150.00000000000003,150.0,0.24024441103501742,0.1016,58718.3,36990.211092021076,169.70956152,0.044163137479999996,1.0,0.0024199208710342646,0.0005059954128228128,4.4142896513221785e-05,0.0,76.20573425292969,72.57093811035156
J-555,111.8319091796875,109.83059692382812,118.56743621826172,1117.5437334826847,947.1184935979076,-2529.717207391609,5.5659103839999995,2.5050737808000005,5.564910384000001,149.99999999999997,150.0,0.22680263807142015,0.2032,25265.666000000005,15916.372216506601,203.15587512,0.035330509984,1.0,0.0010889644036069512,0.00022769792121835053,3.531431866576895e-05,0.0,43.89998245239258,40.86212158203125
J-556,66.32027435302734,65.50338745117188,76.12740325927734,7821.690577536623,969.0301164277416,1396.7660520009626,12.425609948800002,3.1597585776000003,12.4246099488,150.0,150.0,0.17297629781168072,0.1016,80461.41200000001,50687.51334153198,169.17347928,0.025866980523999997,1.0,0.0031891099642962217,0.0006668296409770846,2.585512447694782e-05,0.0,76.66912841796875,72.9380111694336
J-557,125.07691192626953,112.90478515625,129.44493103027344,-2809.9881796794716,-19.35093896412787,430.23231043917156,3.548761967200001,0.7177207896,3.5477619672,149.99999999999997,150.0,0.27935080670457213,0.15239999999999998,13447.971000000003,8471.690870637905,214.15333344,0.012618039280000002,1.0,0.0003889158833771944,8.132066432153806e-05,1.261225770576857e-05,0.0,33.95627212524414,31.48694610595703
J-558,65.7242431640625,47.141937255859375,81.12107849121094,-2641.763988782058,-167.70313838313092,456.3470277129534,3.751253104000001,0.9886148376000002,3.750253104,150.0,150.0,0.2789298845414248,0.15239999999999998,14392.598000000005,9066.768591437429,208.42425168,0.039115921768,3.0,0.06708642095327377,0.0058006178587675095,0.0012237544870004058,0.0,39.6385612487793,37.14923858642578
J-559,73.47244262695312,76.05191802978516,85.36186981201172,2671.6347881581332,-4529.337225799939,-4003.5624135476696,11.202857504799999,4.9712934864000005,11.201857504799998,150.0,150.0,0.18434638806181006,0.1016,65837.25800000002,41474.873610779825,173.80387896000002,0.145738353684,1.0,0.017967913299798965,0.003757016034796834,0.0001456715544918552,0.0,72.69978332519531,69.41249084472656
J-56,54.56359100341797,51.108455657958984,70.81433868408203,507.1250424370493,-1322.6145559408662,261.3164684921214,6.145352557600001,0.6948546936000002,6.1443525576,150.00000000000003,150.0,0.2530262876602222,0.15239999999999998,27006.980000000003,17013.331298044923,201.40354944,0.032176000164000004,2.0,0.13099998235702515,0.027557319030165672,0.0023896314669400454,0.0,45.59136962890625,42.5407600402832
J-560,43.029605865478516,17.165441513061523,60.920108795166016,-3710.3187455577045,1473.340124629409,-868.9052295116719,2.0996174944000003,1.8354973704,2.0986174944000004,143.38261565194355,140.0,0.3581219280465367,0.2032,6217.523000000001,4476.320653595211,207.74847960000002,0.083909961212,2.0,0.1576666682958603,0.0280234944075346,0.0051130144856870174,0.0,40.58913040161133,37.880470275878906
J-561,45.936119079589844,17.016660690307617,60.52225875854492,-3838.0887483762076,1507.3645579853874,-787.1660874281159,1.9867043344000004,1.9484105304,1.9857043344000003,143.00633114436133,140.0,0.3669312578878359,0.2032,5661.848000000001,4126.267338895044,204.15604584000002,0.035961411948000004,3.0,0.1590433418750763,5.6924276577774435e-05,0.00515765929594636,0.0,44.22542953491211,41.49759292602539
J-562,62.52128219604492,57.6266975402832,68.33041381835938,8000.638330605199,990.4679986439263,1428.9722907306445,12.635894821600003,3.3700434504000003,12.634894821600001,150.0,150.0,0.1717883689908879,0.1016,82531.14500000002,51991.36342871301,171.42333000000002,0.29273851129600004,3.0,0.06787878274917603,0.00840855948626995,0.0005503147840499878,0.0,74.2801513671875,70.36466217041016
J-563,69.20655822753906,61.3172721862793,73.90176391601562,8929.148632268107,1090.1017842964766,1566.6867384529467,13.746037076800002,4.480185705600001,13.745037076800001,150.0,150.0,0.16611948110029995,0.1016,93457.74200000003,58874.688210722095,159.01272744,0.28201317790799996,3.0,0.017449358478188515,0.0006180373020470142,0.00014146747707854956,0.0,86.65347290039062,82.68856811523438
J-564,63.61869430541992,39.259700775146484,70.2279052734375,-1846.5346600195387,-411.0833651026029,478.7959999279255,3.9763988056000006,1.2137605391999997,3.9753988056000007,150.0,150.0,0.27176389666913464,0.15239999999999998,15869.932000000006,9997.430693600125,205.40100144,0.021450666776000004,2.0,0.16964134573936462,0.03541478142142296,0.003094506449997425,0.0,42.25341033935547,39.539730072021484
J-565,102.38850402832031,63.6392822265625,113.51400756835938,-2710.330208608048,196.11708075241134,157.75601258509212,3.1146423376000008,0.35200407120000005,3.1136423376,150.00000000000003,150.0,0.3048,0.30479999999999996,10215.362000000003,6435.274808048097,212.93437728,0.025236078560000003,3.0,0.19786691665649414,0.0008229006780311465,0.00803413800895214,0.6666666666666666,35.13618469238281,32.6411247253418
J-566,98.44033813476562,91.63268280029297,115.10955810546875,-1971.8418963355289,-256.44642202899354,-505.9509040120021,4.374136288000002,2.0489911776,4.373136288,149.99999999999997,150.0,0.23857613645804573,0.15239999999999998,20380.494500000008,12838.907013908347,206.42772024,0.035330509984,1.0,0.0019359366269782186,0.00040479633025825024,3.531431866576895e-05,0.0,41.32499313354492,38.66044235229492
J-567,84.10025024414062,46.05776596069336,92.27713012695312,-1985.7894289508101,-53.07650738097341,-285.06808075444303,3.829965265600001,1.5048201552,3.8289652656000004,149.99999999999997,150.0,0.2508234547359535,0.15239999999999998,16809.818500000005,10589.522086531133,211.39492392000002,0.068137412112,3.0,0.06365121155977249,0.008059598505496979,0.0011610911460593343,0.0,36.3624382019043,33.700233459472656
J-568,70.62353515625,60.80975341796875,74.01876068115234,10083.92276441891,1330.0405242776328,2061.5797702202617,14.957235772000004,5.6901530088,14.956235772000001,150.0,150.0,0.15792216453906807,0.07619999999999999,110612.90700000004,69681.76495968198,144.56990136000002,0.36466133519200006,1.0,0.07992653548717499,0.016712306067347527,0.00036449424806050956,0.0,99.3631820678711,93.10144805908203
J-569,62.81765365600586,57.227718353271484,69.4743423461914,7966.032829173723,1013.9947715808626,1499.4734451647362,12.554559246400002,3.2874764832,12.5535592464,150.0,150.0,0.17161628907029042,0.1016,82238.80700000002,51807.202028770924,166.28354856,0.162772706712,3.0,0.1386088728904724,0.02287098951637745,0.0009944237535819411,0.0,79.61595916748047,75.9602279663086
J-57,57.31452560424805,49.012908935546875,70.30233001708984,-237.86991620597286,-1138.091355336153,396.6893092684118,5.458879254400001,1.3813279968,5.457879254400001,150.0,150.0,0.26568271644126895,0.15239999999999998,22502.562000000005,14175.725770182244,195.86777184000002,0.12428768690800002,3.0,0.120290607213974,0.01777542755007744,0.0021942767780274153,0.0,51.310298919677734,48.351402282714844
J-570,66.50897979736328,57.6695442199707,70.5517349243164,8416.629531110495,1068.1867416537812,1582.6476667404706,13.084871317600001,3.8177885544,13.0838713176,150.0,150.0,0.16774890084437466,0.07619999999999999,89198.28300000001,56191.39718309001,160.66611504000002,0.13879843208,2.0,0.06024198606610298,0.002321705687791109,0.0004294473328627646,0.0,85.0962905883789,81.25887298583984
J-571,66.05305480957031,72.90597534179688,80.0376205444336,8458.76454835587,1038.9490614963593,1495.208089425416,13.184771956000002,3.9189205848000013,13.183771956000001,149.99999999999997,150.0,0.16886623176274845,0.1016,87933.47900000002,55394.6205912944,165.3488184,0.019557960884,1.0,0.002411278197541833,0.0005041882395744324,1.954899744305294e-05,0.0,80.34571075439453,76.4183578491211
J-572,40.165218353271484,54.462677001953125,64.7493896484375,5965.714298340868,577.8231083777625,547.5176445100025,10.507118281600002,1.2325529832,10.506118281600003,149.99999999999997,150.0,0.23629019556532305,0.1016,48407.115000000005,30494.571576590937,189.64863264000002,0.252991687564,3.0,0.19478566944599152,0.013000785373151302,0.0020248976070433855,0.0,55.75954055786133,51.45269012451172
J-573,65.34075164794922,57.119384765625,70.12188720703125,7981.54638024628,1020.4725798782611,1497.1701234729703,12.569713902400002,3.295148604,12.5687139024,149.99999999999997,150.0,0.2531814567283518,0.15239999999999998,52881.66100000001,33313.358923652384,165.86731368,0.12302588298000001,3.0,0.2218775749206543,0.008518779650330544,0.0019408129155635834,0.0,80.10041809082031,76.53511810302734
J-574,67.29828643798828,61.76449203491211,76.56950378417969,6698.157480880535,709.2212721405746,844.3065925458495,11.3014026976,2.0268373992,11.300402697600001,150.0,150.0,0.23910605916491226,0.1016,51742.69500000001,32595.855304395103,184.78877952,0.057412078724000004,1.0,0.007078269030898809,0.0014800365315750241,5.738576874136925e-05,0.0,61.25050735473633,57.74028396606445
J-575,57.209983825683594,28.83528709411621,61.92795944213867,-3442.208025202039,-359.153673794598,1113.6704674232801,4.335806773599999,1.5924614328,4.3348067736,143.9896526510309,140.0,0.3631880877584683,0.1016,12420.495000000003,8874.134135952903,213.97176408,0.05047215712000001,2.0,0.09489546716213226,0.0191916823387146,0.0007693475927226245,0.0,34.389957427978516,32.09315872192383
J-576,61.82429504394531,40.61982727050781,76.34152221679688,-667.407383525514,-983.6900150185793,370.93051501119004,5.1143305912,1.7923227552,5.1133305911999996,150.0,150.0,0.2639929567318683,0.15239999999999998,21268.012000000006,13398.008004108386,201.68353872000003,0.051103059084,3.0,0.04131833091378212,0.0002240836911369115,0.0007537068449892104,0.0,45.57411575317383,42.655723571777344
J-577,56.428043365478516,50.6099739074707,64.0935287475586,-754.0693374617605,-1133.8013115478502,268.9931203728384,5.3347159263999995,2.0127080904000003,5.333715926399999,150.0,150.0,0.2593820154079063,0.15239999999999998,22714.110000000008,14308.992659313824,197.56809864000002,0.17475984402800002,3.0,0.10126016288995743,0.012085993774235249,0.0013926286483183503,0.0,49.68131637573242,46.75893783569336
J-578,49.685302734375,49.124603271484375,76.41203308105469,-559.7011175776656,-1274.1924212954605,-197.91424597393424,5.908865248,2.0563709952,5.907865248,150.0,150.0,0.25614363558131037,0.15239999999999998,25571.045000000006,16108.748931654529,204.83136072000002,0.088957176924,3.0,0.038535479456186295,0.005063710268586874,0.0007029434782452881,0.0,42.38327407836914,39.43915939331055
J-579,60.1403694152832,45.296112060546875,74.19103240966797,-358.5689088404893,-1087.374718995697,387.3000640025011,5.351721328000001,1.4917597800000002,5.3507213280000006,150.0,150.0,0.26694594283292483,0.15239999999999998,21915.245000000006,13805.739244551689,199.84047408,0.136905726188,4.0,0.08296284079551697,0.003199332393705845,0.0015133635606616735,0.0,47.365604400634766,44.420745849609375
J-58,50.042667388916016,49.52968215942383,76.51007080078125,1182.1721366485112,-2159.2105646942973,-440.39031582258815,7.373562750400001,0.8440923936,7.3725627504,150.0,150.0,0.24391599901737196,0.15239999999999998,33726.969800000006,21246.659600094343,203.33476224,0.078231843536,3.0,0.03641076013445854,0.005288350395858288,0.0011807744158431888,0.0,43.378658294677734,40.19158172607422
J-580,33.05070877075195,58.11263656616211,78.2555923461914,-2589.6905180751414,5.47287567137682,330.94583586374426,3.418064641600001,0.6554263752,3.4170646416,150.0,150.0,0.289871903073828,0.1016,12514.302000000005,7883.516257270757,207.31977840000002,0.017665254992,1.0,0.0021779288072139025,0.00045539584243670106,1.7657159332884476e-05,0.0,40.72490310668945,38.22225570678711
J-581,51.12012481689453,97.98136138916016,127.51045227050781,-4544.323871075462,-1034.1591834077403,1369.5959634556796,6.060289278400002,2.8628047392000004,6.0592892784000005,150.0,150.0,0.2123192346027009,0.1016,36741.653000000006,23145.79101131656,169.07728440000002,0.037223215876,1.0,0.004589207004755735,0.0009595841402187943,3.720615859492682e-05,0.0,78.80236053466797,76.2694320678711
J-582,118.51063537597656,59.71998977661133,121.51063537597656,-4847.962271704263,-481.19463083790885,1889.3121446614557,5.535654716800001,0.1625617272,5.5346547167999995,145.29262515312544,140.0,0.3525708726073497,0.15239999999999998,16028.045000000002,11146.748227727032,217.68218592,0.010094431424,3.0,0.4833926856517792,0.00017515204672235996,0.005624343175441027,0.6666666666666666,30.91141700744629,28.884716033935547
J-583,118.51063537597656,60.75571823120117,121.51063537597656,-4945.220451633974,-524.467458065327,1962.8560593474185,5.639585420800001,0.2664924312,5.6385854208,145.37939173469087,140.0,0.34888131252129806,0.15239999999999998,16710.005,11576.356107320185,217.33468344000002,0.016403451064000003,2.0,0.2626742720603943,0.042257361114025116,0.004791563376784325,0.0,31.200841903686523,29.120763778686523
J-584,40.86680603027344,34.165096282958984,44.57466125488281,-2355.8150539721655,2920.9325824517114,-3431.4352549652253,5.8789585768,5.353394424,5.877958576799999,150.00000000000003,150.0,0.17818417606010917,0.1016,40290.7295,25381.569106335173,195.69034776,0.102206118168,1.0,0.012600873596966267,0.0026347902603447437,0.00010215927613899112,0.0,51.841251373291016,48.91146469116211
J-585,14.257381439208984,16.048341751098633,61.0465087890625,-3433.8517049321836,1364.6366139062163,-835.0615674130532,2.1348999232000008,1.5209166431999999,2.1338999232,150.0,150.0,0.2976714542984243,0.2032,7246.588500000002,4565.064695538058,211.54263000000003,0.087064471032,2.0,0.1559583693742752,0.0280234944075346,0.005057616159319878,0.0,36.75539779663086,34.06435012817383
J-586,66.33253479003906,69.4979476928711,78.34049224853516,8482.492576668395,1042.3109031234073,1500.8020239963312,13.211819908000002,3.9459685368000006,13.210819908000001,149.99999999999997,150.0,0.1687285102722876,0.1016,88199.69900000002,55562.328682245905,165.27472152,0.045424941408,1.0,0.005600388627499342,0.001171017880551517,4.5404118282021955e-05,0.0,80.4299545288086,76.51604461669922
J-587,116.43408203125,74.35767364501953,127.99735260009766,-3589.022121509329,-452.94265043470324,1106.576539675626,4.638109547200001,1.8091260744000002,4.637109547200001,144.38147964053775,140.0,0.33668184243401983,0.15239999999999998,15592.533000000001,10872.392859586122,210.79498608000003,0.04290133355200001,3.0,0.00802030973136425,0.00015902701125014573,0.0001463021762901917,0.0,37.49399948120117,35.179168701171875
J-588,102.52889251708984,115.36336517333984,147.618896484375,-3672.360348819535,-482.5964178494538,1120.2823281906133,4.748769930400001,1.9197864576,4.7477699304000005,144.5124353576659,140.0,0.33238662602726515,0.15239999999999998,16318.651000000002,11329.818536039904,207.16676880000003,0.013879843208,1.0,0.0007605465943925083,0.00015902701125014573,1.3873483112547547e-05,0.0,41.122215270996094,38.80738830566406
J-589,66.82512664794922,69.15408325195312,78.1446304321289,8467.979408984738,1040.7568193239917,1498.657409623081,13.194461548000003,3.928610176800001,13.193461548000002,149.99999999999997,150.0,0.16881682984204804,0.1016,88028.84900000003,55454.69992655864,167.0008344,0.04290133355200001,1.0,0.005289255175739527,0.0011059612734243274,4.288167110644281e-05,0.0,78.70387268066406,74.79000854492188
J-59,43.448814392089844,57.8372688293457,77.45923614501953,-603.4570264049479,-971.9078702167407,-706.6565658277259,6.2153148256,2.5956530256,6.214314825600001,150.0,150.0,0.21995051583830072,0.15239999999999998,29341.619500000004,18484.062023027942,204.33286032000004,0.08580266710400002,3.0,0.06849928200244904,0.0032535989303141832,0.0022213817574083805,0.0,42.8852424621582,39.94242477416992
J-590,114.4927749633789,35.75634765625,117.4927749633789,-3395.1988472012067,930.4681785300996,-716.8724450484154,2.4605052664000002,1.1814526536,2.4595052664000003,149.99999999999997,150.0,0.2958912237988123,0.15239999999999998,8540.943000000001,5380.456935826134,215.86481592,0.07318462782400001,3.0,0.057581543922424316,0.0003252827445976436,0.001050371676683426,0.6666666666666666,32.281795501708984,29.71068572998047
J-591,45.55912399291992,87.67611694335938,133.5778045654297,-3558.9078292823033,961.9936779720904,-825.0694535479848,2.6863072024,1.4072545896000002,2.6853072024,150.0,150.0,0.28382534317859015,0.15239999999999998,10022.583000000002,6313.831648009254,216.34889928,0.02839058838,1.0,0.0015556635335087776,0.0003252827445976436,2.837757892848458e-05,0.0,31.797698974609375,29.22658348083496
J-592,155.44540405273438,153.4315948486328,160.7305450439453,2215.8352268049007,-4353.009974026439,-2662.882558001023,10.227002204800003,3.697531848,10.2260022048,149.99999999999997,150.0,0.2205440138616309,0.15239999999999998,51735.60030000001,32591.38592345877,179.38906464,0.014510745172000001,1.0,0.000447253230959177,9.351868357043713e-05,1.4504094906442333e-05,0.0,67.19780731201172,63.950260162353516
J-593,16.730619430541992,16.09580421447754,24.538667678833008,-1560.647438845919,2320.9065670826853,-1801.0681332918991,4.0499330248,3.524368872,4.048933024799999,150.0,150.0,0.2127795655207006,0.1016,22288.509500000004,14040.88114491593,195.20647776,0.25740800131200003,3.0,0.07394587248563766,0.0018215833697468042,0.0005995025858283043,0.0,52.419185638427734,49.53432083129883
J-594,29.200244903564453,29.13227653503418,39.578365325927734,-1721.0312760774505,2437.8697686392975,-2122.906038175019,4.4200120408,3.894447888,4.419012040799999,150.00000000000003,150.0,0.20346861007923056,0.1016,25931.019500000002,16335.518656642216,199.64753568000003,0.070661019968,1.0,0.00871171522885561,0.0018215833697468042,7.06286373315379e-05,0.0,47.97749710083008,45.09233474731445
J-595,0.7385513186454773,0.7403666377067566,0.7505420446395874,-5097.429503793199,4016.8184649464993,-1513.5966475308371,1.2589153912000002,4.6152909512,1.2579153912,150.0,150.0,0.3125532727617682,0.30479999999999996,4048.284000000001,2550.2591137763093,210.26487792000003,0.07760094157200001,2.0,0.3957030773162842,0.3897054195404053,0.028872810304164886,0.0,41.84878158569336,40.10540008544922
J-596,0.7135108709335327,0.7137674689292908,0.7252917289733887,-5061.898112661807,4000.002470095824,-1531.8342558204763,1.2231718,4.57954736,1.2221718000000001,150.0,150.0,0.3127800246898185,0.30479999999999996,3931.015000000001,2476.384272976248,209.54804928000001,0.12050227512400001,3.0,0.3786269426345825,0.22949641942977905,0.024429799988865852,0.0,42.581993103027344,40.83895492553711
J-597,43.47810363769531,55.63425827026367,88.32844543457031,-3644.0502496684244,1192.9472030928198,-954.0747501513157,2.3764780024000007,1.578664356,2.3754780024,150.0,150.0,0.2855929056838316,0.15239999999999998,8775.792000000001,5528.402535149516,213.6097836,0.03785411784,1.0,0.0020742181222885847,0.00043371031642891467,3.7836769479326904e-05,0.0,34.60905838012695,31.965606689453125
J-598,101.80377960205078,106.88570404052734,110.19613647460938,1801.6679491082984,-4539.581561099323,-2616.9986869967665,9.998509494400002,3.4690391376000003,9.997509494400001,149.99999999999994,150.0,0.2196532296909643,0.15239999999999998,51026.67780000001,32144.792733211714,189.99787248,0.023974274632,1.0,0.0013136714696884155,0.0002746832324191928,2.396328818576876e-05,0.0,56.58952713012695,53.34225082397461
J-599,92.36902618408203,95.82122039794922,103.31646728515625,8047.779439694505,881.4625456112801,1131.9782003488729,12.868089632800002,3.6022535016000004,12.867089632799999,150.0,150.0,0.1703912592013509,0.1016,84924.986,53499.38876171371,183.16547568000001,0.015141647136,1.0,0.0008296871674247086,0.00017348412075079978,1.5134707609831821e-05,0.0,62.71522521972656,59.03458786010742
J-59b,72.34001159667969,64.95404815673828,79.59376525878906,1078.1627155289675,-3216.2646689100197,-1509.128480886399,8.5297868032,2.0003164464,8.528786803200001,149.99999999999994,150.0,0.23832284009368443,0.15239999999999998,39437.26480000002,24843.92003589906,189.66061127999998,0.095897098528,3.0,0.0055968910455703735,0.0001818746968638152,0.00018150311370845884,0.0,57.06013870239258,53.87662887573242
J-59c,54.358070373535156,63.014896392822266,76.42042541503906,1083.9621224120199,-3094.938804389025,-1389.3397970932087,8.3908169008,1.8613465439999997,8.3898169008,149.99999999999997,150.0,0.23890461889977074,0.15239999999999998,38753.35780000001,24413.085623163835,195.43434624000002,0.10031341227600002,3.0,0.011233185417950153,0.0008427659631706774,0.0003642840310931206,0.0,51.28656005859375,48.10312271118164
J-59d,56.34386444091797,63.73134994506836,76.86753845214844,1081.3235586291553,-3150.0631898127676,-1443.7667686659543,8.454006512800001,1.9245361559999996,8.4530065128,149.99999999999997,150.0,0.2386377125615977,0.15239999999999998,39064.330300000016,24608.986022508052,193.97834712,0.029652392308,3.0,0.007210892159491777,0.00010165084677282721,0.00023384396627079695,0.0,52.74247741699219,49.55900955200195
J-59e,119.15642547607422,114.68133544921875,126.03211212158203,1047.5818131084354,-3852.9179934924687,-2138.0159157935354,9.260801444800002,2.731331088,9.2598014448,149.99999999999997,150.0,0.2355500689369684,0.15239999999999998,43034.77780000001,27110.21121388429,192.78252528000002,0.158987294928,2.0,0.0024501699954271317,0.0001818746968638152,7.945722609292716e-05,0.0,53.93821716308594,50.754703521728516
J-59f,69.60616302490234,86.43511962890625,96.58173370361328,727.0580422430942,-1827.1255279875345,-304.6712775432705,6.8906604904,0.0923263584,6.889660490400001,150.0,150.0,0.24826521322253048,0.15239999999999998,30534.890000000007,19235.775333612233,203.44113744,0.059304784616,3.0,0.0012574826832860708,0.0,4.077924313605763e-05,0.3333333333333333,43.56575393676758,40.521270751953125
J-59g,59.72727966308594,68.57813262939453,81.4333267211914,474.8832553638789,-1875.2905301655956,-154.68438655893794,6.6642410296,0.3187458192,6.663241029600001,150.0,150.0,0.24979654628302683,0.15239999999999998,29420.621000000006,18533.82984943958,203.34110208,0.038485019804,3.0,0.004888572264462709,0.000585633737500757,0.0001585328282089904,0.0,43.66581344604492,40.62134552001953
J-59h,49.09421157836914,68.16303253173828,80.24794006347656,426.55584348941966,-1859.3576827480774,-160.9578579594207,6.622979644000001,0.36000720480000004,6.6219796440000005,150.0,150.0,0.25008688816976976,0.15239999999999998,29217.563000000006,18405.9113251648,202.67828400000002,0.0315450982,3.0,0.010967575013637543,0.0016574562760069966,0.0003556704323273152,0.0,44.32865905761719,41.28419876098633
J-59i,84.135498046875,69.9269790649414,85.04264068603516,399.06233493990374,-1987.1596694283025,-279.887802107268,6.7939657384,0.5309932992,6.7929657384,150.00000000000003,150.0,0.24890669586563388,0.15239999999999998,30059.030000000006,18936.002318210747,198.95128104000003,0.032806902128000005,3.0,0.0034552651923149824,0.0001041491559590213,0.00011205173359485343,0.0,48.05557632446289,45.01108932495117
J-59j,80.94632720947266,72.20345306396484,90.2967758178711,384.05925182213997,-2056.8561108744475,-344.77095382384675,6.8872631896000005,0.6242907503999999,6.8862631896,150.00000000000003,150.0,0.24828744590239146,0.15239999999999998,30518.171000000006,19225.243023595638,198.29285208000002,0.039115921768,3.0,0.0023843187373131514,9.367160237161443e-05,7.732171070529148e-05,0.0,48.7139892578125,45.66948318481445
J-59k,119.7773208618164,119.19436645507812,123.98319244384766,473.1493315349949,-2251.4656340413117,-537.2917370682667,7.222655660800001,0.7573524096,7.221655660800001,150.0,150.0,0.24619346764981656,0.15239999999999998,32168.724500000004,20265.026572909464,197.00619984000002,0.052364863012,2.0,0.0008578028646297753,3.897818533005193e-05,2.78179159067804e-05,0.0,50.00062561035156,46.95611572265625
J-59l,128.9407501220703,124.89923095703125,136.050048828125,358.18861020921287,-2284.377313839388,-543.6346283891991,7.1964200008,0.9003828576,7.1954200007999995,150.0,150.0,0.24635022875609758,0.15239999999999998,32039.612000000005,20183.69079463219,189.8803416,0.060566588544,2.0,0.0006222653901204467,3.897818533005193e-05,2.0179610146442428e-05,0.0,57.12648391723633,54.081974029541016
J-59m,58.19488525390625,64.28479766845703,77.01881408691406,366.16308056762824,-1575.7400284981297,54.84420596325232,6.3632059192,0.6197809296000001,6.362205919200001,150.0,150.0,0.25200131560874733,0.15239999999999998,27939.149000000005,17600.56097062465,200.68839720000003,0.06624470622000002,2.0,0.012477866373956203,0.000908076239284128,0.0004046480171382427,0.0,46.319271087646484,43.27516555786133
J-59n,36.00446701049805,53.81388473510742,72.19535064697266,-26.48813701496742,-559.3563264543131,-1532.720050460555,5.7527555272,1.7689497768000002,5.7517555272,150.0,150.0,0.22129760140502236,0.15239999999999998,27065.245000000006,17050.035948030985,204.54423912000001,0.089588078888,3.0,0.08986526727676392,0.011867312714457512,0.0029142640996724367,0.0,42.60591506958008,39.62308883666992
J-59o,40.79790115356445,61.8077392578125,78.89791870117188,-437.5830951913822,-791.7811635654832,-785.5724560578941,5.9759998864,2.3563380864,5.9749998864,150.0,150.0,0.2206214193957277,0.15239999999999998,28163.888500000005,17742.137984021072,204.57615168,0.096528000492,3.0,0.0782284140586853,0.0032535989303141832,0.0025368898641318083,0.0,42.634246826171875,39.68670654296875
J-59p,47.867332458496094,60.47993469238281,78.14814758300781,-520.9374373167236,-879.2106284378535,-686.6441745951421,6.0590825752,2.4394207752000003,6.0580825752,150.0,150.0,0.22038249588352027,0.15239999999999998,28572.760000000006,17999.71088879712,200.73561072,0.02839058838,3.0,0.05160081759095192,0.003168111899867654,0.001673376769758761,0.0,46.47835159301758,43.53323745727539
J-59q,56.85832977294922,64.13409423828125,79.80609130859375,-581.9694550919257,-940.6430352629195,-612.9451561668058,6.1199237032000005,2.5002619032,6.1189237032,150.0,150.0,0.22021164844659896,0.15239999999999998,28872.175000000007,18188.330519374256,201.24980832000003,0.067506510148,3.0,0.020028090104460716,0.0013476312160491943,0.00045737516484223306,0.3333333333333333,45.96433639526367,43.0194091796875
J-59r,58.1817626953125,41.57551574707031,75.35826110839844,-743.0057080357132,-1066.0803614723222,251.70459091315593,5.267337448,1.9698529056000003,5.266337448,150.0,150.0,0.2607507627556645,0.15239999999999998,22271.994000000006,14030.477031866161,204.19990656,0.053626666940000005,3.0,0.07705109566450119,0.008892089128494263,0.001804074621759355,0.0,43.071170806884766,40.15866470336914
J-59s,60.99219512939453,43.36955261230469,75.41393280029297,-869.7535298933815,-1020.6131281441131,242.97405351481348,5.1874100488,2.0994200328000003,5.1864100488,149.99999999999997,150.0,0.25673410575747296,0.15239999999999998,22126.466000000004,13938.800136591612,203.94625200000002,0.047948549264,3.0,0.06601652503013611,0.0032124777790158987,0.002140867291018367,0.0,43.331417083740234,40.422142028808594
J-59t,54.931060791015625,43.9769401550293,75.32526397705078,-944.5048564920617,-1068.7436608167131,180.6207282709077,5.2732813528,2.2380308808,5.272281352799999,150.0,150.0,0.25586217894586105,0.15239999999999998,22549.061000000005,14205.018304631774,206.37282576,0.05993568658,3.0,0.046502482146024704,0.0032124777790158987,0.0015080414013937116,0.0,40.90458297729492,37.995140075683594
J-59u,62.82599639892578,40.16094207763672,74.84697723388672,-1135.5307732243634,-871.6236830685842,255.56877370833314,4.9512814888,2.1886432224,4.9502814888,150.0,150.0,0.2592876840402433,0.15239999999999998,20964.416000000005,13206.754508576443,202.82964768,0.054888470868,3.0,0.15363609790802002,0.021198494359850883,0.004982306156307459,0.0,44.46443557739258,41.56376647949219
J-59v,62.39131546020508,40.462520599365234,76.42649841308594,-1178.8085801199297,-924.3820119863669,205.23587478094018,5.0493755776,2.2867373112,5.0483755776,150.0,150.0,0.25819785421790564,0.15239999999999998,21447.162500000006,13510.86574713298,204.49967736000002,0.07381552978799999,3.0,0.0859474167227745,0.012023843824863434,0.002787211677059531,0.0,42.783206939697266,39.8765869140625
J-59w,50.95136260986328,45.8897819519043,76.70196533203125,-1220.6308681534942,-1145.2808616989134,-117.40304972855314,5.505209464,2.6997574656,5.504209464,150.00000000000003,150.0,0.2536431791468029,0.15239999999999998,23690.439500000008,14924.041703655492,207.2118792,0.060566588544,3.0,0.04810284450650215,0.00045565105392597616,0.001559940166771412,0.0,40.053958892822266,37.13804244995117
J-59x,48.72718811035156,44.57502365112305,75.88101196289062,-1244.6647482613198,-1168.0910238724207,-168.88943897647732,5.562857202399999,2.757405204,5.5618572024,150.00000000000003,150.0,0.25312034386180776,0.15239999999999998,23974.139000000006,15102.761189602817,206.2846776,0.081386353356,2.0,0.046611201018095016,0.006678984500467777,0.0015115669229999185,0.0,40.9789924621582,38.0618782043457
J-59y,48.5207405090332,56.6534538269043,76.89217376708984,-1164.4190622984013,-1165.6718566176264,-394.56016106603965,5.889739657599999,2.9966037096,5.8887396575999995,150.00000000000003,150.0,0.2503492781474463,0.15239999999999998,25582.812500000007,16116.161992131847,205.5545292,0.087064471032,2.0,0.04488052427768707,0.006678984500467777,0.001455442514270544,0.0,41.705352783203125,38.78614807128906
J-59z,45.826351165771484,56.761871337890625,76.95478057861328,-841.0907864183076,-1061.857936622155,-503.88676468992895,6.1101859528,2.8109146728,6.109185952800001,150.0,150.0,0.24864792484616152,0.15239999999999998,26667.686000000005,16799.58947169341,198.51364920000003,0.070661019968,3.0,0.08487264066934586,0.004631211049854755,0.0027523573953658342,0.0,48.720855712890625,45.787471771240234
J-6,67.244384765625,68.42654418945312,121.66410064697266,-3477.974006698236,-412.7459356474957,1083.911395140163,4.4921103472000015,1.6631268744,4.491110347200001,144.19883004739722,140.0,0.3426725662172079,0.15239999999999998,14634.533000000001,10268.890676686477,210.57927912,0.07318462782400001,3.0,0.0694027915596962,0.0018287644488736987,0.0012944391928613186,0.6666666666666666,37.70888900756836,35.39253234863281
J-60,60.969600677490234,43.295166015625,75.36638641357422,-323.15250851014633,-1101.2520283924148,390.72720916005824,5.3816523832000005,1.4585548680000002,5.3806523832,150.0,150.0,0.2673086289010873,0.15239999999999998,21995.824000000004,13856.500833691429,199.01141808000003,0.0,3.0,0.20483916997909546,0.034245945513248444,0.010351195000112057,0.0,48.186710357666016,45.237857818603516
J-600,68.96460723876953,67.70362091064453,75.0089111328125,4909.449976729909,-22.8868833503048,-743.1930915651903,10.1028839872,2.3578032600000003,10.1018839872,150.0,150.0,0.21226932583331257,0.1016,54022.383000000016,34031.96875359148,192.72028512,0.070661019968,1.0,0.00871171522885561,0.0018215833697468042,7.06286373315379e-05,0.0,53.51314926147461,50.09562683105469
J-601,90.30208587646484,90.9075927734375,98.73070526123047,7762.312351566129,939.0257627862858,1307.1779152464849,12.394840693600003,3.1202753951999997,12.393840693600001,150.0,150.0,0.24411212680118416,0.1016,55276.727000000006,34822.15595829614,175.37536680000002,0.02839058838,1.0,0.0015556635335087776,0.0003252827445976436,2.837757892848458e-05,0.0,70.54080963134766,66.9072036743164
J-602,91.6093978881836,94.54085540771484,99.32744598388672,-1222.0061955578328,-1672.868291049699,-46.18569167092758,6.076078223200001,2.9743764744,6.075078223199999,150.00000000000006,150.0,0.2338685578640172,0.15239999999999998,28988.321500000005,18261.498229485063,198.95908391999998,0.007570823568,1.0,0.0004148435837123543,8.674195123603567e-05,7.567353804915911e-06,0.0,48.47770309448242,45.6574821472168
J-603,43.1761474609375,40.37518310546875,67.47433471679688,-1649.4852949545857,-646.4679401937639,362.74945023124917,4.4680527880000005,1.7054145215999998,4.467052788,150.0,150.0,0.2586264349158705,0.15239999999999998,19096.008,12029.73122408045,204.74199336,0.11419325548400001,3.0,0.13663339614868164,0.020526917651295662,0.002011314732953906,0.0,42.80341720581055,40.035064697265625
J-604,75.7044677734375,39.18259811401367,75.7044677734375,-4846.053830581447,-480.34508912129377,1887.8566439858453,5.533618957600001,0.16459748640000002,5.5326189575999996,145.29089304727725,140.0,0.3526445266396634,0.30479999999999996,16014.687000000002,11138.333215034783,217.7265648,0.056150274796,3.0,0.21573591232299805,0.00017515204672235996,0.0061253271996974945,0.6666666666666666,30.8671817779541,28.839258193969727
J-605,64.36058807373047,68.40970611572266,77.87239074707031,7810.656100282709,868.5170477467178,1129.858734797863,12.5652007288,3.2993645976000003,12.564200728800001,150.0,150.0,0.17155698747809708,0.1016,82343.54600000002,51873.1834641934,179.49102024,0.036592313912000005,1.0,0.004511423874646425,0.0009433199884369969,3.657554407254793e-05,0.0,66.3980941772461,62.72861099243164
J-606,15.750868797302246,17.00551414489746,26.853313446044922,-2010.2098764918571,1901.453546729789,-379.8357791428662,2.7333994120000003,1.8747988920000003,2.732399412,150.0,150.0,0.24733828097626603,0.15239999999999998,12344.613000000003,7776.6188857529505,199.93002432,0.060566588544,3.0,0.060866113752126694,0.0008295210427604616,0.0011102869175374508,0.3333333333333333,48.03865432739258,45.32823181152344
J-607,16.986305236816406,24.647153854370117,37.9948844909668,-2377.400938047402,2196.7266707580097,-799.6586776219203,2.6478210208,2.3369948687999997,2.6468210207999996,150.0,150.0,0.24724473412318762,0.1016,12323.785000000003,7763.498067939347,205.82848344,0.0315450982,1.0,0.0038891586009413004,0.0008132068323902786,3.153064244543202e-05,0.0,42.151695251464844,39.4299201965332
J-608,48.41427993774414,56.064910888671875,63.31263732910156,-1256.109845237265,-1419.1684763908586,94.95531156385186,5.684361760000001,2.8150910424,5.6833617599999995,150.00000000000003,150.0,0.23948364567579453,0.15239999999999998,26418.003500000006,16642.29935292322,200.86326096,0.060566588544,3.0,0.03507586196064949,0.0003538319724611938,0.0006398349651135504,0.0,46.5748176574707,43.75525665283203
J-609,38.95048522949219,49.923492431640625,66.72767639160156,663.0056921125004,-1266.7768981739787,3.205035203075476,6.4043435560000015,0.6135276528,6.403343556000001,150.0,150.0,0.2496604314523585,0.15239999999999998,28560.8065,17992.180655662163,202.2876828,0.070661019968,3.0,0.13459786772727966,0.006457036826759577,0.0033553491812199354,0.0,44.64845657348633,41.56621170043945
J-61,49.78554153442383,54.04722213745117,75.95893096923828,1283.6101192865938,-2169.994472400736,-400.83156205868124,7.459597427200001,0.9301270704000001,7.4585974272,150.00000000000003,150.0,0.2434463413035404,0.15239999999999998,34150.368800000004,21513.384256396563,203.98855824,0.0473176473,3.0,0.018325332552194595,4.879196785623208e-05,0.0005942770512774587,0.0,42.72428512573242,39.536930084228516
J-610,47.71046447753906,47.08053970336914,62.61948013305664,681.8657590106504,-1276.3464818596397,143.26221353913903,6.321840596800001,0.5310246935999999,6.320840596800001,150.0,150.0,0.2502668576106877,0.15239999999999998,28154.788,17736.40502826379,203.29903968,0.04668674533600001,3.0,0.2152329683303833,0.031005797907710075,0.009658421389758587,0.0,43.624332427978516,40.5372200012207
J-611,58.280616760253906,57.23414611816406,67.6953353881836,7646.555938640076,950.5719723539331,1371.6366441836353,12.215661270400002,2.9498098992000004,12.2146612704,150.0,150.0,0.1742031316192593,0.1016,78394.98800000001,49385.747793728,169.84269816000003,0.051103059084,3.0,0.10901743173599243,0.00045539584243670106,0.001230325666256249,0.0,76.05084991455078,72.38723754882812
J-612,2.5451478958129883,2.537809371948242,2.571995496749878,-7460.293806130775,3541.486906460321,872.1014377245034,3.1138967968,3.8685359256000003,3.1128967968,150.0,150.0,0.3079330820698026,0.30479999999999996,10134.181,6384.13398267234,202.06274040000002,0.20819764812,2.0,0.4851350784301758,0.47359129786491394,0.035398297011852264,0.0,48.92727279663086,47.17530822753906
J-614,151.54249572753906,148.43157958984375,152.89840698242188,2218.587103950263,-4378.574651029546,-2689.7959448023325,10.254272965600002,3.7248026088,10.2532729656,149.99999999999997,150.0,0.22049788376688756,0.15239999999999998,51869.80680000001,32675.930720650125,181.51019832,0.027128784452000003,1.0,0.0008361691143363714,0.00017483951523900032,2.71163517027162e-05,0.0,65.07666778564453,61.829124450683594
J-615,66.4762191772461,65.25833892822266,76.24240112304688,7723.054346387637,958.0937793462423,1381.2431199990044,12.308253109600003,3.0424017384,12.3072531096,150.0,150.0,0.17365691245658818,0.1016,79306.32500000001,49959.85412865202,171.67558248,0.017665254992,1.0,0.0021779288072139025,0.00045539584243670106,1.7657159332884476e-05,0.0,74.21795654296875,70.5543212890625
J-616,2.5440213680267334,2.536618947982788,2.5708634853363037,-7457.55326514981,3548.8053091279357,872.5614078188079,3.1119494296,3.8704832928,3.1109494296,149.99999999999997,150.0,0.3079350432914153,0.30479999999999996,10127.792000000001,6380.1091648784495,202.0403376,0.179176157776,2.0,0.4877883195877075,0.477297842502594,0.03559189289808273,0.0,48.95097732543945,47.199012756347656
J-617,47.97457504272461,18.008987426757812,60.358829498291016,-4040.975004203977,1218.3967353256335,-840.4787852157076,1.8122825344000002,1.8181889976,1.8112825344000003,142.33285901219145,140.0,0.3826981524361349,0.30479999999999996,4803.473000000001,3585.524973293288,203.36048736000004,0.14006023600800002,3.0,0.19218677282333374,0.02026786282658577,0.017176058143377304,0.6666666666666666,45.089385986328125,42.33195495605469
J-618,43.8272819519043,51.78557205200195,64.96941375732422,-2181.1587990474786,2310.7606727708267,-930.4096647524401,2.8909258432000002,2.5800996912,2.8899258432,150.0,150.0,0.24216330784619633,0.15239999999999998,13378.251000000002,8427.770022838571,204.81017712,0.017034353028,1.0,0.00093339808518067,0.00019516963220667094,1.7026546629494987e-05,0.0,43.1458625793457,40.414833068847656
J-619,24.81747817993164,24.67375946044922,30.131216049194336,572.6373291447754,-1031.8568223253303,-601.4791211330416,6.3960697600000005,0.9352074768,6.39506976,150.0,150.0,0.22373872289478197,0.2032,29351.096000000005,18490.03184394261,201.927714,0.15141647136,3.0,0.0268634632229805,0.0003659430949483067,0.0008711625705473125,0.0,45.01192855834961,41.92995834350586
J-62,119.2293701171875,130.6945343017578,139.65684509277344,1686.7098019224798,-2317.5343564665345,-361.52671540766465,7.902737612800001,1.373267256,7.9017376128,150.0,150.0,0.24118927177922708,0.15239999999999998,36331.17680000001,22887.20720888613,201.4764576,0.010094431424,1.0,0.00031113269506022334,6.505628698505461e-05,1.0089805982715916e-05,0.0,45.234375,42.046051025390625
J-620,55.871734619140625,58.45708084106445,63.60548782348633,-1106.909469526401,-1505.5020219935855,74.784334518446,5.804047576000001,2.6954052264,5.803047576,150.00000000000003,150.0,0.23768757610089253,0.15239999999999998,27203.343500000006,17137.03255158544,199.75634928000002,0.172236236172,3.0,0.06792756170034409,0.0052690766751766205,0.0007845934014767408,0.0,47.678985595703125,44.85796356201172
J-621,40.911014556884766,56.52666091918945,75.49055480957031,606.9495684222313,-1293.60266897733,-328.0787202468355,6.655361291200002,0.864545388,6.654361291200001,150.0,150.0,0.2459915454151618,0.15239999999999998,30207.9045,19029.787376382035,204.82553904000002,0.08832627495999999,3.0,0.14531005918979645,0.00043371031642891467,0.0026506681460887194,0.0,42.21049499511719,39.174617767333984
J-622,40.07126998901367,56.30808639526367,75.18869018554688,546.8429745069816,-1152.4920600486053,-629.0584780677673,6.507567124,1.01413818,6.506567124,149.99999999999997,150.0,0.21796941772393827,0.15239999999999998,31038.034000000007,19552.73619197639,204.52287264,0.052995764976000004,3.0,0.1478913277387619,0.01907346397638321,0.0026977539528161287,0.0,42.5763053894043,39.569759368896484
J-623,117.3563461303711,118.3597412109375,121.40707397460938,488.78688910826037,-1371.6901716481834,-1090.9719125925562,6.991898591200001,1.531036308,6.990898591200001,149.99999999999997,150.0,0.22198822357096928,0.2032,32283.324500000006,20337.220049068444,203.46753312,0.05678117676,1.0,0.001750121358782053,0.0003659430949483067,5.675515785696916e-05,0.0,43.47208786010742,40.39010238647461
J-624,35.5777587890625,47.5487060546875,59.99308776855469,-4098.515271684036,-453.8184002794461,1358.8290270457499,4.8300512512,1.941877752,4.8290512512,144.60480060270103,140.0,0.34912004485921655,0.15239999999999998,14797.462000000001,10371.529515055638,212.55285912000002,0.039115921768,3.0,0.026627084240317345,0.0004719942808151245,0.00048571699880994856,0.6666666666666666,35.95026779174805,33.79007339477539
J-625,18.088228225708008,19.393945693969727,27.435230255126953,1579.158852643616,534.5465655454987,-2300.2291161840185,6.780858424,3.0350325888,6.779858424,150.0,150.0,0.203544045319941,0.07619999999999999,37719.556000000004,23761.83129854423,196.18790328000003,0.136905726188,3.0,0.15800930559635162,0.00026022616657428443,0.0007321415469050407,0.0,49.961212158203125,46.501487731933594
J-626,113.74919891357422,114.50821685791016,120.55626678466797,1587.7011981990038,449.92403212296944,-2744.519561927478,7.2095928472,3.4637670120000004,7.208592847199999,150.00000000000003,150.0,0.203523583064002,0.07619999999999999,39829.46950000001,25090.993514597914,201.168,0.040377725696,1.0,0.0012445307802408934,0.00026022616657428443,4.035921665490605e-05,0.0,44.98110580444336,41.52138900756836
J-627,62.08761215209961,39.68268966674805,78.99826049804688,-1539.9900902538322,-543.460168451268,431.6748901882978,4.264916389600001,1.5022781232,4.263916389600001,149.99999999999997,150.0,0.2636871475171572,0.15239999999999998,17763.092000000004,11190.046761009613,200.8638096,0.0473176473,3.0,0.14349807798862457,0.004827113356441259,0.0026176150422543287,0.0,46.69679641723633,43.935611724853516
J-628,42.32523727416992,41.53958511352539,67.46705627441406,-1704.3421719327953,-698.9561068916626,329.85487756055824,4.569008644,1.8063703776,4.568008644,150.00000000000003,150.0,0.2562787640810428,0.15239999999999998,19758.448,12447.04227422663,206.95243344000002,0.056150274796,3.0,0.11978430300951004,0.01516581792384386,0.0019545594695955515,0.0,40.568748474121094,37.78836441040039
J-629,68.27783203125,62.25294494628906,75.2210693359375,4358.8596665044615,42.82690553592919,-584.6807428762719,9.252738570399998,1.9848140135999999,9.2517385704,150.0,150.0,0.20434415455522992,0.1016,49042.63200000001,30894.922199523957,184.54064184,0.016403451064000003,1.0,0.002022362546995282,0.0004228675679769367,1.63959339261055e-05,0.0,61.78249740600586,58.40774154663086
J-63,39.12865447998047,63.89892578125,81.3265609741211,1980.36429625919,-2165.9063864521913,-341.43147217034397,8.057853685600001,1.5283833288000002,8.056853685599998,150.00000000000003,150.0,0.24045787626469048,0.15239999999999998,37094.543300000005,23368.09796995342,203.68333152,0.060566588544,3.0,0.01547976490110159,0.0001545092964079231,0.0005019974196329713,0.0,43.02618408203125,39.83720779418945
J-630,63.21665954589844,73.11014556884766,80.70735168457031,10631.95150861106,1442.0747772967688,2291.4204590459435,15.534547698400003,6.2674649352000005,15.533547698400003,149.99999999999994,150.0,0.15818421695563428,0.1016,111569.402,70284.3190519916,162.15548976000002,0.106622431916,1.0,0.013145357370376587,0.0027486393228173256,0.00010657357051968575,0.0,81.35602569580078,74.5356216430664
J-631,15.912008285522461,14.504104614257812,25.9014835357666,-1319.9885262561068,2138.812598767326,-1306.9486046690904,3.4965049215999997,2.9709407688000002,3.4955049216,150.0,150.0,0.23038214295679738,0.1016,16841.382500000003,10609.406160540573,191.64065304000002,0.209459452048,3.0,0.09526709467172623,0.0004120247904211283,0.0007790170493535697,0.0,56.119449615478516,53.29881286621094
J-632,63.47027587890625,55.60893630981445,65.92095184326172,-1442.2280319822894,2225.544484109805,-1548.5639530632322,3.7792249048,3.253660752,3.7782249048,150.0,150.0,0.22454683386266794,0.1016,18696.500500000002,11778.057269660012,197.7804528,0.035961411948000004,1.0,0.0019705069717019796,0.0004120247904211283,3.5944929550169036e-05,0.0,49.97963333129883,47.15897750854492
J-633,70.74791717529297,74.25443267822266,86.1159439086914,2594.5574798174534,-4064.6119350658364,-3434.000735804601,10.6502337688,4.4186697504,10.649233768799999,150.00000000000003,150.0,0.18864037006126577,0.1016,60398.04800000001,38048.38602388048,191.394588,0.10031341227600002,1.0,0.012367524206638336,0.002585998037829995,0.00010026743984781206,0.0,55.13140869140625,51.85478591918945
J-634,3.1552135944366455,3.1545002460479736,3.203859329223633,-6153.325024847329,4633.459615362898,-1364.04147883735,2.4119241088000005,5.7682996688,2.4109241088,150.0,150.0,0.2587494947063511,0.2032,9781.174,6161.753507642219,210.00649896000002,0.0,3.0,0.11212781071662903,0.10416867583990097,0.0036362227983772755,0.0,41.93467712402344,40.18498229980469
J-637,47.260704040527344,45.98383712768555,75.39585876464844,774.0544615314604,-1648.1834885257551,-150.20003241953427,6.684838804000001,0.15536844719999998,6.683838804,150.00000000000003,150.0,0.2529956041252966,0.15239999999999998,29283.431800000002,18447.406068990458,203.10348000000002,0.064982902292,3.0,0.13392852246761322,0.0,0.003602913348004222,0.3333333333333333,43.82563400268555,40.74226760864258
J-638,118.51063537597656,61.34710693359375,121.51063537597656,-5006.8558051527525,-551.8907144520562,2009.4629893156605,5.705449348000001,0.3323563584,5.704449348,145.43274156529506,140.0,0.34661272705851354,0.15239999999999998,17142.183,11848.61118707092,213.96886848000003,0.016403451064000003,2.0,0.26183611154556274,0.0425541065633297,0.004776273388415575,0.0,34.53007507324219,32.41633224487305
J-639,65.486083984375,75.11473846435547,82.93487548828125,9135.37835714297,1112.2076852699818,1597.2145929970263,13.992647708800003,4.726796337600001,13.9916477088,150.0,150.0,0.16498228908820767,0.1016,95885.01200000003,60403.77249411126,166.91631336000003,0.0473176473,1.0,0.005833738017827272,0.0012198102194815874,4.729596184915863e-05,0.0,78.74968719482422,74.7845230102539
J-64,3.91379451751709,3.883930206298828,3.947483777999878,-5946.409153645901,-247.8639648739504,2175.5518499768536,5.4502717024,1.53216102,5.4492717024,150.0,150.0,0.3065897733260216,0.30479999999999996,17799.453,11212.952755657228,209.46941088,0.196210510804,3.0,0.319792777299881,0.0010368385119363666,0.023266950622200966,0.0,39.97800064086914,38.2396354675293
J-640,64.64459991455078,75.14022827148438,82.963623046875,9034.267164603249,1101.3577225116196,1582.2174634058924,13.871757932800003,4.6059065616,13.870757932800002,150.0,150.0,0.16553469370570312,0.1016,94695.15200000003,59654.2076638973,157.77185616,0.023974274632,1.0,0.002955760806798935,0.0006180373020470142,2.396328818576876e-05,0.0,87.89431762695312,83.92936706542969
J-641,51.5656623840332,45.68803787231445,73.62458038330078,679.276534373509,-1279.1735830282348,150.26988311991704,6.315592196800001,0.5247762936,6.3145921968000005,150.00000000000003,150.0,0.2503134310938088,0.15239999999999998,28124.038,17717.033742121657,203.3016,0.032176000164000004,3.0,0.2422349452972412,0.024902479723095894,0.006352890282869339,0.0,43.6249885559082,40.53955078125
J-642,50.747291564941406,51.591156005859375,79.38764953613281,-572.8687121100182,-1277.2068387253637,-245.02085861359208,5.944551232,2.0920569792,5.943551232,150.0,150.0,0.2555207430419942,0.15239999999999998,25805.205000000005,16256.26048817622,206.92820183999999,0.12302588298000001,2.0,0.011620412580668926,0.0014611625811085105,0.00021197331079747528,0.6666666666666666,40.286258697509766,37.34194564819336
J-643,62.06285095214844,40.33244323730469,75.74102783203125,-656.8219202691208,-965.50411091467,383.47641781910795,5.0873222632,1.7653144272,5.0863222632,150.0,150.0,0.2645855143839286,0.15239999999999998,21090.792000000005,13286.3663998772,201.04083744000002,0.023974274632,3.0,0.14432062208652496,0.012895585969090462,0.0026326191145926714,0.0,46.21795654296875,43.30009841918945
J-644,61.446876525878906,41.839786529541016,76.22383117675781,-485.8345525269659,-1037.9895241392262,390.4348764442137,5.2420902544,1.6105464360000001,5.2410902544,150.0,150.0,0.2612727061970513,0.15239999999999998,22106.330000000005,13926.115251461271,202.05289536,0.07003011800400001,3.0,0.10035189241170883,0.0031631458550691605,0.001830565626733005,0.0,45.1728515625,42.23814392089844
J-645,48.33918380737305,39.295745849609375,67.51673889160156,-1585.3371781787432,-586.0999183736676,403.12912386146587,4.349050028800002,1.5864117624,4.348050028800001,149.99999999999997,150.0,0.2615337701054926,0.15239999999999998,18315.150000000005,11537.821508491044,202.14125688,0.11608596137600001,3.0,0.09763628244400024,0.004827113356441259,0.0013183141127228737,0.0,45.4169807434082,42.65479278564453
J-646,118.51058197021484,71.97605895996094,123.51054382324219,-5554.819110812451,-1091.1855255041814,2417.1884639256873,6.917794700800002,1.6134301488,6.9167947008,149.99999999999997,150.0,0.1985928847336188,0.1016,45181.667,28462.666661320276,201.34810632000003,0.266240628808,3.0,0.08812478184700012,0.001214388757944107,0.0010505287209525704,0.0,46.88629150390625,44.559078216552734
J-647,53.01335525512695,97.21044158935547,127.51055908203125,-5782.389700697491,-1179.5300349684633,2539.8262471191438,7.186207372000002,1.8818428200000001,7.185207372,149.99999999999997,150.0,0.1968672900583557,0.1016,46942.905,29572.17707635765,193.33991304000003,0.07003011800400001,2.0,0.003458110149949789,0.00023176395916379988,7.094394095474854e-05,0.0,54.89434814453125,52.56706237792969
J-648,47.266727447509766,46.11814498901367,75.12339782714844,760.1608607377655,-1880.3835971599913,-386.10502198850753,6.876177004000001,0.3467066472,6.875177004,150.0,150.0,0.2501959988482181,0.15239999999999998,30538.931800000002,19238.321508061967,204.83102544,0.133120314404,3.0,0.1716853380203247,0.017932599410414696,0.0035369067918509245,0.0,41.96013259887695,38.810455322265625
J-649,49.671783447265625,52.01395797729492,76.22746276855469,2135.429946256318,-1127.631496810673,72.42795388731932,7.466744987199999,1.7247031800000001,7.4657449872,149.99999999999997,150.0,0.2076730081766434,0.15239999999999998,37783.21400000001,23801.933325641337,195.67815576,0.18233066759600003,3.0,0.12364668399095535,0.012806685641407967,0.0029040451627224684,0.0,51.05107498168945,47.871177673339844
J-65,69.79853057861328,61.24625778198242,74.8556137084961,9667.365511357897,1287.1544394369162,2004.5445571830346,14.456226563200003,5.189143800000001,14.455226563200002,149.99999999999994,150.0,0.16228648736821477,0.07619999999999999,101657.07600000003,64039.94496158146,162.15808056,0.054888470868,3.0,0.004815962165594101,0.0002891402691602707,8.785019599599764e-05,0.0,81.52445220947266,74.93067932128906
J-650,97.12568664550781,82.491455078125,101.54399871826172,-725.3889679160069,-1071.822796534023,294.4954446940399,5.271238278399999,1.9492304424000002,5.270238278399999,150.0,150.0,0.2606705656323291,0.15239999999999998,22297.590000000007,14046.601501462717,197.59854816000004,0.019557960884,1.0,0.0010716792894527316,0.0002240836911369115,1.954899744305294e-05,0.0,49.65910339355469,46.740692138671875
J-651,87.3022232055664,79.72431182861328,89.1895751953125,-2291.7385884800847,-488.02150328473624,359.40598994510333,4.2853017184,1.5226634520000002,4.2843017184,150.0,150.0,0.26315762713263163,0.15239999999999998,17896.854000000007,11274.31154074763,202.46672232,0.12302588298000001,3.0,0.0033994128461927176,0.00036142527824267745,6.201025826158002e-05,0.0,45.21445083618164,42.51698303222656
J-652,27.668109893798828,46.6887092590332,66.95186614990234,-2209.625459539041,-443.45664258148435,395.4358707394984,4.1477972944,1.3851590280000003,4.146797294400001,149.99999999999997,150.0,0.26683025992397785,0.15239999999999998,16994.594000000005,10705.923357508558,207.44584368,0.092742588708,3.0,0.004720831289887428,0.0004440962802618742,8.611486555309966e-05,0.0,40.23539733886719,37.53795623779297
J-653,79.21503448486328,77.55673217773438,84.78742980957031,7692.678273957618,461.91639591275435,-75.95387149631402,12.999102121600002,3.7245368232000002,12.998102121599999,150.0,150.0,0.2104675187148731,0.1016,72934.515,45945.865356186696,162.80062944,0.0630901964,1.0,0.007778317201882601,0.0016264136647805572,6.306128489086404e-05,0.0,82.48089599609375,78.00619506835938
J-654,105.82388305664062,112.2606201171875,117.92833709716797,-2438.4837943003986,-567.6638179862983,295.016624431448,4.5310372696000005,1.7683990032,4.5300372696,149.99999999999997,150.0,0.25714948968623824,0.15239999999999998,19509.29200000001,12290.083829672825,193.67717424000003,0.0315450982,1.0,0.0017285150242969394,0.00036142527824267745,3.153064244543202e-05,0.0,54.00398635864258,51.30651092529297
J-655,125.18033599853516,106.00802612304688,126.9048080444336,-3906.3400307805123,1530.916436843641,-830.4521727950215,2.0786777344000003,2.0403839304,2.0776777344000004,143.31592271021262,140.0,0.35968330011994376,0.2032,6114.473000000001,4411.403221499378,205.61198400000004,0.008832627496,1.0,0.0002722411009017378,5.6924276577774435e-05,8.82858057593694e-06,0.0,42.76949691772461,40.04165267944336
J-656,25.763402938842773,14.21452808380127,51.97342300415039,-2930.137457824814,755.4566826447765,-750.3898659131938,2.809308632800001,1.3045458288000003,2.8083086327999998,150.0,150.0,0.2780690295694055,0.15239999999999998,10829.679000000004,6822.270267852231,208.64526216000002,0.0630901964,3.0,0.04982869699597359,7.95135711086914e-05,0.0009089482482522726,0.0,39.40119934082031,36.76947021484375
J-657,118.51063537597656,63.94746780395508,121.51063537597656,-5112.395797649828,-675.1099073627271,2114.987976457496,6.077554979200001,0.7044619896000001,6.0765549792,145.71242348844345,140.0,0.3347198618352822,0.15239999999999998,19583.821000000004,13386.746743282525,215.97116064,0.039115921768,3.0,0.06853669881820679,9.351872722618282e-05,0.0012523247860372066,0.0,32.34306716918945,30.06012725830078
J-658,118.51063537597656,63.587703704833984,122.51020050048828,-5250.1203515064435,-738.8354067039243,2199.241389558354,6.231115962400001,0.8580229728000001,6.2301159624,145.8181044209708,140.0,0.3302260101302284,0.15239999999999998,20591.439000000002,14021.506307509011,214.22675976000002,0.125549490836,3.0,0.06503430008888245,6.505642522824928e-05,0.00118779216427356,0.0,34.07231903076172,31.78103256225586
J-659,50.35464096069336,23.718551635742188,53.56304931640625,-4779.370340709372,-419.6468161336317,1777.783050882132,5.487516738399998,0.8750862864,5.4865167384,145.25132326351059,140.0,0.3512345017547682,0.2032,16023.953000000001,11144.170429258946,215.08428408,0.035961411948000004,3.0,0.14384743571281433,9.351869084639475e-05,0.0046648671850562096,0.0,33.61531448364258,31.698863983154297
J-66,81.01131439208984,88.3172378540039,96.562255859375,532.7126668844578,-1979.5900060134172,-285.6183607354303,6.870159642400001,0.39006414240000004,6.8691596424000005,150.0,150.0,0.2483997093085815,0.15239999999999998,30434.000000000004,19172.218616250288,202.31910768000003,0.041008627660000005,3.0,0.0033961355220526457,0.0004387306980788708,0.00011013419134542346,0.0,44.68777084350586,41.64328384399414
J-660,50.31083297729492,22.34769630432129,50.73224639892578,-4697.2030198867815,-396.00565623776885,1739.9846557404808,5.389663746399998,0.7772332944,5.3886637464,145.16509182496205,140.0,0.35392266705838565,0.30479999999999996,15542.393000000002,10840.806638865257,215.49113112,0.090218980852,3.0,0.2853488028049469,0.003729281248524785,0.017898397520184517,0.0,33.2377815246582,31.356237411499023
J-661,18.038341522216797,17.964609146118164,24.525100708007812,1859.414531065205,610.5652052999031,-1400.792154506126,6.078888784,2.3330629488,6.077888784,150.0,150.0,0.22029432949292344,0.15239999999999998,28676.546000000002,18065.091971839312,190.71902928000003,0.107884235844,3.0,0.11396870017051697,0.011506667360663414,0.002341194311156869,0.0,56.046539306640625,52.880165100097656
J-662,82.20008087158203,85.4746322631836,102.51851654052734,566.210954550591,-1480.2700390351642,-555.76081340992,6.950797835200002,1.1599819320000002,6.949797835200001,150.0,150.0,0.24201296022739874,0.15239999999999998,32146.464500000002,20251.003651624138,201.41433936,0.03785411784,1.0,0.0020742181222885847,0.00043371031642891467,3.7836769479326904e-05,0.0,45.621673583984375,42.58578109741211
J-663,51.067909240722656,25.72403907775879,51.067909240722656,-4442.300894845421,-453.9001140754653,1646.5491221666064,5.138086093600001,0.7426988447999999,5.137086093600001,144.92831268051768,140.0,0.35452294622562514,0.2032,14866.751500000002,10415.179164848983,214.37214936,0.04290133355200001,3.0,0.15956798195838928,0.003532553091645241,0.005174672696739435,0.0,34.23367691040039,32.20624923706055
J-664,50.4656867980957,26.459959030151367,56.364784240722656,-4564.981427529746,-436.2096041299976,1678.370131185778,5.2709331736000005,0.8755459247999999,5.2699331736,145.05616228104802,140.0,0.35070832260880636,0.2032,15520.526500000002,10827.031607046494,217.24068312,0.057412078724000004,3.0,0.14233489334583282,0.0008609570213593543,0.004615816753357649,0.0,31.386430740356445,29.383554458618164
J-665,75.86283874511719,43.3292121887207,77.5795669555664,-4561.117682786673,-472.65434101965354,1731.56696725021,5.252849694400001,0.4453667496,5.2518496944,145.03913936688235,140.0,0.3552023440324754,0.30479999999999996,15093.528000000002,10558.039407834727,214.99549584000002,0.0315450982,3.0,0.07991457730531693,6.099038728279993e-05,0.005827093496918678,0.6666666666666666,33.58633041381836,31.537677764892578
J-666,75.77653503417969,45.71124267578125,78.20325469970703,-4712.042410679631,-474.9532261187746,1813.08334837172,5.4022867336000004,0.2959297104,5.4012867336,145.17639116658506,140.0,0.35380786574749595,0.30479999999999996,15583.807000000003,10866.895824045432,215.61484944,0.026497882488000002,3.0,0.0800582692027092,5.692450940841809e-05,0.005837840959429741,0.6666666666666666,32.97329330444336,30.935644149780273
J-667,133.8468017578125,124.8505859375,137.7171630859375,-4793.2611753419105,-499.79417103787637,1851.289073892194,5.499048236800001,0.3926912136,5.4980482368,145.26128304484214,140.0,0.3511572808752262,0.2032,16059.995500000003,11166.875781479364,215.83866408000003,0.008832627496,1.0,0.00027224107179790735,5.692450940841809e-05,8.828578756947536e-06,0.0,32.74947738647461,30.711830139160156
J-668,152.2908172607422,125.10772705078125,154.2908172607422,-5340.5887624934885,-769.3768168081352,2248.561885738967,6.336478921600001,0.963385932,6.3354789216,145.88765194827292,140.0,0.3281134884900633,0.15239999999999998,21109.9575,14348.152493963968,214.68005832000003,0.010094431424,1.0,0.0003111326659563929,6.505642522824928e-05,1.0089805982715916e-05,0.0,33.6190185546875,31.327733993530273
J-669,119.09049987792969,105.87237548828125,119.60015869140625,-4905.661059896867,-455.874038779257,1834.8802759309037,5.6382311943999985,1.0258007424,5.637231194399999,145.37828173059825,140.0,0.3472767184686464,0.2032,16765.658000000003,11611.415300415085,215.9250444,0.014510745172000001,1.0,0.000447253230959177,9.351869084639475e-05,1.4504094906442333e-05,0.0,32.77455520629883,30.858104705810547
J-67,50.783531188964844,49.84653091430664,51.0863151550293,-6435.68604854471,-338.1900411937336,2417.0918140415974,6.004973260000001,2.0868625776,6.00397326,150.0,150.0,0.29703768742884773,0.2032,20529.2835,12932.638210454752,193.42540944,0.044163137479999996,3.0,0.0009982172632589936,4.472614818951115e-05,3.237145938328467e-05,0.0,56.02190017700195,54.283451080322266
J-671,122.7153549194336,112.2645034790039,123.55921936035156,-4797.343671962758,-459.59945952523435,1760.9954202279266,5.53849972,1.1431124711999998,5.53749972,145.29504366277425,140.0,0.3435808653733421,0.2032,16837.291,11656.541262698642,216.41933856,0.014510745172000001,1.0,0.000447253230959177,9.351875633001328e-05,1.4504093996947631e-05,0.0,32.24006271362305,30.275705337524414
J-672,107.37222290039062,107.5749282836914,122.79490661621094,2822.6700672943357,-419.7371843562673,-1224.879724484552,7.9999736896,3.2420932872000003,7.9989736896000005,149.99999999999997,150.0,0.20963523398992628,0.15239999999999998,39823.50650000002,25087.237059987656,194.23346472000003,0.020188862848,2.0,0.0006028196075931191,6.099063466535881e-05,1.954899744305294e-05,0.0,52.32656478881836,49.06511688232422
J-673,100.51432800292969,81.94820404052734,100.51432800292969,2798.7722773523283,-376.4635275745765,-1127.1392039250213,7.8872312176,3.1293508152000005,7.886231217600001,150.0,150.0,0.20972723283803302,0.15239999999999998,39268.67150000002,24737.712912128445,197.76585288000004,0.0315450982,3.0,0.0013783505419269204,0.00013955510803498328,4.469889972824603e-05,0.0,48.79417037963867,45.5327262878418
J-674,15.515393257141113,26.69883155822754,45.35730743408203,-2397.379394995514,1724.9837556282807,-572.9858589569619,3.2693073064000004,2.081239932,3.2683073064,150.0,150.0,0.23177114805815988,0.15239999999999998,15861.069000000005,9991.847353467514,199.36651008,0.048579451228000003,3.0,0.03795510530471802,0.0011297229211777449,0.0006923566106706858,0.6666666666666666,48.608795166015625,45.91617202758789
J-675,15.514846801757812,27.71141815185547,43.1189079284668,-2537.497021847235,1477.9239333089047,-555.5098878552329,3.3997888336000006,1.9507584048000002,3.3987888336000003,150.0,150.0,0.228724042421039,0.15239999999999998,16717.247000000007,10531.205695795961,201.57176856,0.035961411948000004,3.0,0.038813795894384384,6.50568472337909e-05,0.0007094917818903923,0.6666666666666666,46.40696716308594,43.72036361694336
J-676,51.47705841064453,58.547550201416016,70.80968475341797,-2659.5006544908288,2875.9477900191964,-1230.622744998251,2.2558509640000004,2.853184032000001,2.254850964,149.99999999999997,150.0,0.2614506639199059,0.2032,8976.003499999999,5654.527876790028,203.5760724,0.04227043158800001,3.0,0.0014374972088262439,0.00011959678522543982,4.661698403651826e-05,0.0,44.674896240234375,41.9383544921875
J-677,20.945894241333008,27.67036247253418,42.702213287353516,-2590.6048411115694,2818.4259953728233,-1144.9850607809747,2.1378961072,2.735229175200001,2.1368961072,149.99999999999997,150.0,0.2646660512745025,0.2032,8395.517,5288.844296525128,207.27189432,0.029652392308,3.0,0.0018606859957799315,0.00011959678522543982,6.034068428562023e-05,0.0,40.97907638549805,38.242530822753906
J-678,50.13749313354492,53.671112060546875,78.42931365966797,-584.7007985289866,-1226.7506747795617,256.43177229036013,5.5172054776,1.8856616592,5.516205477600001,149.99999999999997,150.0,0.2558427890216632,0.15239999999999998,23911.548000000006,15063.331330385834,199.30417848,0.037223215876,2.0,0.014720942825078964,0.002736664144322276,0.000268531555775553,0.0,47.92069625854492,44.98558044433594
J-679,53.943138122558594,52.63248825073242,67.28597259521484,-591.3505472962682,-1239.7705020664762,247.69036833581518,5.535389540800001,1.9038457224,5.5343895408,149.99999999999997,150.0,0.2555029122928411,0.15239999999999998,24030.866000000005,15138.496960301512,198.76547496,0.011356235352,3.0,0.07781512290239334,0.002736664144322276,0.0014194617979228497,0.0,48.4593505859375,45.524208068847656
J-68,50.620460510253906,25.958473205566406,53.690284729003906,-4403.95286584763,-426.81259488660777,1572.833048704419,5.117291418399998,1.2250408823999999,5.1162914184,144.90769929439483,140.0,0.35419929770120845,0.2032,14841.957500000002,10399.559923593437,214.10657712,0.054257568904000006,3.0,0.003814142197370529,0.00016264132864307612,0.00012368983880151063,0.0,34.5123291015625,32.49751281738281
J-680,87.98151397705078,71.18946075439453,113.92416381835938,-4935.624897759764,-1307.2142178331057,1267.5416142263844,6.6265308688000015,3.8383927296,6.6255308688,150.0,150.0,0.20285677238936597,0.1016,42314.897000000004,26656.714727216713,146.72374008,0.2050431383,2.0,0.09432072937488556,0.001217150129377842,0.0007646880694665015,0.0,100.7473373413086,97.97981262207031
J-681,92.15009307861328,68.6617431640625,115.43405151367188,-4786.883701460828,-1215.391101511758,1247.8146771235402,6.432858205600001,3.6447200664,6.4318582056,149.99999999999997,150.0,0.20590576198907612,0.1016,40408.670000000006,25455.866965627734,150.13570176,0.237219138464,3.0,0.09723472595214844,0.005074411164969206,0.0007883126963861287,0.0,97.3691635131836,94.62239837646484
J-682,66.51660919189453,41.83530807495117,101.26224517822266,-2175.764964978977,-49.57509375574518,72.64032329294432,3.637870856800001,0.8752325904,3.6368708568000003,150.0,150.0,0.3038301926979328,0.15239999999999998,12007.921000000002,7564.516216687349,212.95897464,0.04227043158800001,3.0,0.232957124710083,0.010396938771009445,0.01616843417286873,0.0,34.888370513916016,32.272064208984375
J-683,66.48948669433594,45.53120803833008,102.26224517822266,-2076.137284203058,-102.50538332408509,61.72859722183388,3.726981880000001,0.9643436136,3.7259818800000004,150.0,150.0,0.3038533867240385,0.15239999999999998,12300.280000000002,7748.690845800456,210.32678280000002,0.03785411784,3.0,0.20638896524906158,0.0014356877654790878,0.014863493852317333,0.0,37.489784240722656,34.8574333190918
J-684,66.46733093261719,45.78091812133789,105.011962890625,-1986.9709807012105,-153.04081392736214,56.729774320874036,3.808046183200001,1.0454079168000001,3.8070461832,149.99999999999997,150.0,0.3038735431765539,0.15239999999999998,12566.239000000003,7916.2345170549515,209.77762464,0.076339137644,4.0,0.18786370754241943,0.0007079140632413328,0.010894574224948883,0.0,38.012001037597656,35.3660888671875
J-685,53.90354537963867,52.652313232421875,67.29631805419922,-590.0269239125065,-1242.8234840172508,246.01561058065175,5.540799740800001,1.9050350520000001,5.5397997407999995,150.00000000000003,150.0,0.2554022214010787,0.15239999999999998,24066.366000000005,15160.860558937144,198.74060328000002,0.016403451064000003,2.0,0.11596214771270752,0.024593135342001915,0.002115319250151515,0.0,48.4835205078125,45.54801940917969
J-686,15.921256065368652,24.40311622619629,33.53790283203125,-1655.691339470898,2106.0604816946125,-864.9246669054126,3.1026944824,2.4861844104000004,3.1016944823999997,150.0,150.0,0.23856412111323297,0.15239999999999998,14514.465000000002,9143.539990731197,200.13957432,0.032806902128000005,3.0,0.0010846430668607354,6.50564325042069e-05,3.0269415219663642e-05,0.0,47.80744552612305,45.07209777832031
J-687,63.415992736816406,59.48701858520508,70.36756134033203,-1729.236735725419,2154.3676325799174,-978.2931995993016,3.2518392184000002,2.6353291464,3.2508392184,150.0,150.0,0.23461101109063698,0.15239999999999998,15493.105000000001,9760.044558865757,198.45073848,0.01892705892,1.0,0.0010371090611442924,0.0002168551436625421,1.8918384739663452e-05,0.0,49.49627685546875,46.76091384887695
J-688,79.24945831298828,62.64493179321289,88.12542724609375,2762.696012940644,-311.2203629520477,-979.4835108238075,7.7175527152,2.9596723128000004,7.716552715200001,149.99999999999997,150.0,0.20987075950514075,0.15239999999999998,38433.63950000001,24211.675715060537,201.12298104,0.04668674533600001,3.0,0.003171964781358838,0.0003474635013844818,0.00010286449105478823,0.0,45.43705749511719,42.17561721801758
J-689,67.10589599609375,65.84938049316406,90.28486633300781,2767.8008792765204,-320.47115899445066,-1000.3523315333483,7.7416806832,2.9838002808,7.7406806832,149.99999999999997,150.0,0.20984996651826235,0.15239999999999998,38552.37950000001,24286.477227792795,201.06516048,0.003785411784,2.0,0.002318369457498193,0.00047256294055841863,7.518302300013602e-05,0.0,45.494873046875,42.233436584472656
J-69,26.841718673706055,25.938812255859375,27.13880729675293,-6270.220554017216,-307.64513192309573,2335.4527319523695,5.8173682504,1.899257568,5.816368250400001,150.0,150.0,0.30006439060392953,0.2032,19606.0305,12351.025265915456,193.60737504,0.0315450982,3.0,0.0019056876190006733,4.066012843395583e-05,6.180005584610626e-05,0.0,55.83994674682617,54.10152053833008
J-690,0.978735625743866,0.9821851849555969,1.000534176826477,-5231.628678416296,4146.2264657081,-1661.9545897053745,1.4513447752000002,4.807720335200001,1.4503447752000003,150.0,150.0,0.2955405374427138,0.2032,5053.913500000001,3183.7660014989374,205.90605504,0.054888470868,3.0,0.15717186033725739,0.11010479182004929,0.005096968729048967,0.0,46.15936279296875,44.41274642944336
J-691,51.84672927856445,26.45203399658203,51.84672927856445,-4431.598980858161,-450.1139234533494,1620.4960422997563,5.137706922399999,0.9691070279999999,5.1367069224,144.9279383088052,140.0,0.3535991609184824,0.2032,14942.427500000002,10462.852057534907,213.65126688,0.071291921932,4.0,0.04510639235377312,1.626116136321798e-05,0.0014627671334892511,0.0,34.96650695800781,32.95150375366211
J-692,132.99005126953125,117.86682891845703,135.695556640625,-4644.370446867387,-498.59917510287795,1768.505980915321,5.3532172864000005,0.5457343416,5.352217286399999,145.13216803319955,140.0,0.35235191617565786,0.2032,15587.463000000002,10869.19895972464,212.23303248000002,0.00946352946,1.0,0.00029168688342906535,6.099038728279993e-05,9.459192369831726e-06,0.0,36.34878921508789,34.300140380859375
J-693,133.9500274658203,131.91165161132812,137.80616760253906,2201.8502845616276,706.5565080820934,-2392.412508554562,7.5119788312,3.766152996,7.5109788312,150.0,150.0,0.19885551621988173,0.1016,42785.46950000001,26953.15682634254,183.50130432,0.034068706056,1.0,0.0010500728385522962,0.00021956585987936705,3.4053093258989975e-05,0.0,62.78348922729492,59.38874435424805
J-694,64.06182098388672,36.01430892944336,64.06182098388672,-4356.213085087674,-464.67476727984297,1617.8450254684403,5.0468018464,0.6514145976,5.045801846400001,144.83656013591013,140.0,0.35726054901915294,0.30479999999999996,14417.518000000002,10132.17979336501,214.94925768000002,0.07570823568,3.0,0.19027598202228546,0.003532553091645241,0.010667718946933746,0.3333333333333333,33.62394332885742,31.560197830200195
J-695,13.362039566040039,97.96124267578125,127.51054382324219,-3764.507625408953,-517.1537962863472,1248.1272134745275,4.832602427200001,1.9857762672000001,4.831602427200002,144.60764936839004,140.0,0.33264507772471785,0.15239999999999998,16341.168000000001,11344.003357180143,212.84735688,0.082648157284,3.0,0.02305246889591217,0.00033748085843399167,0.0007475747843272984,0.6666666666666666,35.44681167602539,33.13844299316406
J-696,145.9455108642578,145.33445739746094,161.28097534179688,-4185.645811983902,-669.6073853500534,1346.3334891896027,5.382248267200001,2.5354221072,5.381248267200001,145.15842921449962,140.0,0.3194234337962008,0.15239999999999998,19046.118000000002,13048.015079136712,202.96729536,0.052364863012,1.0,0.0016140007646754384,0.00033748085843399167,5.234086711425334e-05,0.0,45.32685470581055,43.018489837646484
J-697,16.08002281188965,28.946531295776367,53.38313674926758,-3077.6644851395563,690.674491697765,-838.8301370372296,3.2030727424000007,1.50328122,3.2020727423999995,150.00000000000003,150.0,0.26261530396303345,0.15239999999999998,13413.433000000005,8449.93329402727,206.31424320000002,0.04668674533600001,3.0,0.019560782238841057,6.505632336484268e-05,0.00035681729787029326,0.0,41.68019104003906,39.01865005493164
J-698,81.20185852050781,60.02281188964844,81.20185852050781,-3105.432179526596,693.1686987738551,-860.3763139229727,3.2441808136000003,1.5443892912000001,3.2431808135999995,150.00000000000003,150.0,0.26121829934841473,0.15239999999999998,13683.171000000004,8619.857586105541,206.48465688,0.005678117676,1.0,0.0003111327241640538,6.505632336484268e-05,5.675516149494797e-06,0.0,41.5097770690918,38.848236083984375
J-699,86.92947387695312,79.37931823730469,91.669921875,-2659.5724513227624,2876.0373688280065,-1230.7287680484753,2.2559661784,2.8532992464000007,2.2549661784,150.00000000000003,150.0,0.2614476876822322,0.2032,8976.570500000002,5654.885064407674,205.04907936,0.032176000164000004,2.0,0.0004958677454851568,4.978473953087814e-05,1.6080628483905457e-05,0.0,43.20188903808594,40.465328216552734
J-7,129.2888641357422,113.1045150756836,131.9635009765625,-4135.080806884218,-631.6002172063993,1410.5145904675016,5.281340569600002,2.0627193696000004,5.2803405696,145.0659064398239,140.0,0.32164447218509956,0.15239999999999998,18549.525,12735.181092171493,198.31092672,0.008832627496,2.0,0.0032280022278428078,0.0006465012556873262,0.00010468174878042191,0.0,49.98506546020508,47.67898941040039
J-70,22.19398307800293,19.83026695251465,22.98267936706543,-6201.1863411518525,-294.9008340441317,2301.3779846620955,5.739101401600001,1.8209907192,5.738101401600001,150.0,150.0,0.3013856064701022,0.2032,19220.859,12108.382425580665,200.26454232,0.043532235516,3.0,0.0028585316613316536,5.6924287491710857e-05,9.27000874071382e-05,0.0,49.18278884887695,47.44435501098633
J-700,38.482994079589844,36.38547134399414,51.31887435913086,-2631.2509998474684,2852.387993695043,-1195.5237151448143,2.2074785944,2.804811662400001,2.2064785944,150.00000000000003,150.0,0.26272768634456506,0.2032,8737.9505,5504.5638839447165,206.06284416000003,0.019557960884,3.0,0.0008441424579359591,4.415336297824979e-05,2.7374924684409052e-05,0.0,42.18812561035156,39.45156478881836
J-701,69.17566680908203,70.32723236083984,91.2679672241211,2770.8588335056897,-326.0126382457697,-1012.8533245756192,7.7561339944,2.998253592,7.7551339944,150.0,150.0,0.20983757291737457,0.15239999999999998,38623.50800000001,24331.28537499152,201.07491408,0.016403451064000003,2.0,0.0020072367042303085,0.00036684577935375273,6.509321974590421e-05,0.0,45.4851188659668,42.22368240356445
J-702,46.856422424316406,43.9772834777832,55.39010238647461,-1769.8928229188407,2478.5623719595947,-2229.63606019793,4.531306408,4.0057422551999995,4.5303064079999995,150.00000000000003,150.0,0.2021392407158346,0.1016,26768.993000000006,16863.408882594256,196.52626176,0.008832627496,1.0,0.00013612100156024098,3.5094249142275658e-06,4.414304839883698e-06,0.0,51.04823684692383,48.13895034790039
J-703,39.29983901977539,38.824195861816406,47.377628326416016,-1769.6257915247202,2478.364868014894,-2229.095741622387,4.5306910168,4.005126864,4.529691016799999,150.00000000000003,150.0,0.20213909660403398,0.1016,26765.964500000006,16861.501047144455,196.51855032,0.013879843208,2.0,0.00032409687992185354,3.5094249142275658e-06,1.0510225365578663e-05,0.0,51.05595016479492,48.146663665771484
J-704,76.35260772705078,64.16967010498047,89.17755889892578,2765.525245911535,-316.3142334931221,-991.1169629332753,7.7306862424,2.9728058400000004,7.7296862424,150.0,150.0,0.2098594252027308,0.15239999999999998,38498.273000000016,24252.392268649728,201.65333304,0.058673882652000006,3.0,0.0028238212689757347,0.00016264138685073704,9.157444583252072e-05,0.0,44.90670394897461,41.645263671875
J-705,2.185835123062134,2.1936702728271484,2.231968879699707,-5604.2501493524605,4439.078055547144,-1838.487685724262,1.9211019256000004,5.2774774856,1.9201019256000005,150.0,150.0,0.27294922228534835,0.2032,7365.710500000001,4640.106853190846,207.5905932,0.079493647464,3.0,0.1530299186706543,0.10934769362211227,0.004962648265063763,0.0,44.436553955078125,42.68843460083008
J-706,2.4967384338378906,2.502619981765747,2.544055461883545,-5873.645881586319,4554.304882747187,-1650.7516103350108,2.1755398216,5.531915381600001,2.1745398216000003,150.00000000000003,150.0,0.26478802643616756,0.2032,8617.865500000002,5428.915074306404,205.24872336,0.131858510476,2.0,0.15085847675800323,0.10416867583990097,0.004892229568213224,0.0,46.71098709106445,44.96138000488281
J-707,66.88831329345703,39.21916580200195,104.26142883300781,-2010.686517568992,-348.2362685327948,413.4255002450995,3.9824771272000006,1.2198388608,3.9814771272000007,149.99999999999997,150.0,0.27534389701765855,0.15239999999999998,15587.346000000003,9819.412668697329,206.68277688000003,0.038485019804,3.0,0.16293662786483765,4.879189145867713e-05,0.011885656975209713,0.0,41.01792907714844,38.32766342163086
J-708,122.80213165283203,114.51788330078125,129.39114379882812,-2054.854163324606,-371.9706986002235,391.9224508303539,4.057668239200001,1.2950299728,4.0566682392,150.0,150.0,0.2740066962605562,0.15239999999999998,15957.381000000003,10052.520111546253,207.45843191999998,0.007570823568,1.0,0.0002333494630875066,4.879189145867713e-05,7.567352440673858e-06,0.0,40.24227523803711,37.552005767822266
J-709,15.214712142944336,13.767250061035156,23.77913475036621,-1742.207121438451,2084.479043363133,-730.4898401351284,2.9482559800000003,2.3317459080000003,2.94725598,150.0,150.0,0.24041722852585068,0.15239999999999998,13754.433000000003,8664.749833034346,203.65522896000002,0.043532235516,3.0,0.0471448116004467,0.005686592776328325,0.0012782919220626354,0.0,44.293704986572266,41.56014633178711
J-71,143.5770721435547,137.44561767578125,146.0098114013672,4326.753652431689,89.23074527900368,-316.7545814224218,9.108401444800002,1.7288405352,9.107401444800002,150.0,150.0,0.20100799837322214,0.15239999999999998,47585.247,29976.827179873435,192.2867376,0.005678117676,1.0,0.0001750121737131849,3.659458889160305e-05,5.675516604242148e-06,0.0,54.006134033203125,50.61703872680664
J-710,15.177193641662598,12.116905212402344,25.278533935546875,-1878.6797391352766,2143.0081090138847,-802.5032904139674,3.0051770751999998,2.4345698832,3.0041770751999994,150.00000000000003,150.0,0.24048945535328747,0.15239999999999998,13959.141500000003,8793.70810715555,201.20216808000004,0.039115921768,3.0,0.024744583293795586,0.00010389768431195989,0.0008024487178772688,0.3333333333333333,46.74824905395508,44.01499557495117
J-711,15.05678939819336,11.549084663391113,27.12232780456543,-1939.859924203154,2200.2509623853202,-892.7537426294795,3.031920532,2.5441668191999995,3.0309205319999997,150.0,150.0,0.2418271195443669,0.15239999999999998,13927.628000000002,8773.855846152619,200.54002056000002,0.08643356906800001,3.0,0.025899024680256844,0.00010389768431195989,0.0008398864883929491,0.3333333333333333,47.41038131713867,44.67699432373047
J-712,16.502111434936523,9.899401664733887,22.293441772460938,-2069.788101928729,2232.5331685396145,-816.0836213249386,2.802841996,2.4311168039999997,2.801841996,150.0,150.0,0.24498527193402808,0.15239999999999998,12800.273000000003,8063.666698550501,204.84943536000003,0.039746823732,3.0,0.05092661455273628,0.005360814742743969,0.0010861806804314256,0.0,43.10301208496094,40.370609283447266
J-713,129.28887939453125,95.45769500732422,135.28887939453125,-4337.6796282578725,-664.0470249723116,1565.744865048983,5.4831797392000015,1.7609253072000002,5.4821797392,145.24756654479884,140.0,0.3172836640673709,0.15239999999999998,19542.828,13360.922771483358,179.40095184,0.025866980523999997,3.0,0.0009122767369262874,5.692440754501149e-05,2.958446384582203e-05,0.3333333333333333,68.89690399169922,66.593017578125
J-714,118.5103988647461,105.6594467163086,127.5106201171875,-4215.174063188882,-632.9387117492032,1492.27383341337,5.347668402400003,1.7876004888000003,5.346668402400001,145.12711609564096,140.0,0.3201751150909414,0.15239999999999998,18875.9415,12940.810601862999,183.40111656000002,0.027759686416,2.0,0.02845105342566967,0.0012978024315088987,0.0009226469555869699,0.0,64.8960952758789,62.59145736694336
J-715,118.5099105834961,105.95792388916016,127.51062774658203,-4086.5758633105897,-587.2246612892693,1450.5351269717232,5.184814067200001,1.6335646272000002,5.183814067200002,144.97402992039164,140.0,0.3238499970130409,0.15239999999999998,18074.493,12435.929684084658,201.23786016,0.044163137479999996,3.0,0.028669534251093864,1.4596917026210576e-05,0.0009297318756580353,0.0,47.05999755859375,44.75611114501953
J-716,152.29080200195312,145.8693084716797,161.29080200195312,-4264.548205815678,-633.5853311866612,1548.1548522129483,5.385929946400001,1.6183645560000002,5.3849299464,145.16173939877942,140.0,0.3193439717784924,0.15239999999999998,19064.236500000003,13059.429018907977,197.4947028,0.008832627496,1.0,0.0002722411009017378,5.692448030458763e-05,8.828579666442238e-06,0.0,50.80463790893555,48.50248336791992
J-717,15.972820281982422,10.605069160461426,26.037744522094727,-1967.2042015813774,2081.3037911634196,-590.9389912079961,2.788101868,2.171591796,2.7871018679999997,150.0,150.0,0.24547492707541035,0.15239999999999998,12703.553000000002,8002.7369165775835,204.5208,0.022712470704,2.0,0.03874586150050163,0.002976846881210804,0.0007067812839522958,0.0,43.43320083618164,40.70330047607422
J-718,15.909622192382812,11.258463859558105,24.281660079956055,-2004.5110703853047,2138.04649321186,-712.2767465255271,2.902282996,2.331675804,2.9012829959999995,150.00000000000003,150.0,0.24181192688665248,0.15239999999999998,13452.773000000003,8474.715941078703,204.41387616,0.04290133355200001,3.0,0.03408122435212135,0.003772905096411705,0.0007868157117627561,0.0,43.53757858276367,40.8050537109375
J-719,15.1283540725708,19.936006546020508,30.232934951782227,-1375.4910738880208,2114.955606945321,-1053.1540864014457,3.1682746408,2.6701223712000006,3.1672746407999997,150.00000000000003,150.0,0.24466990096831767,0.2032,13466.277500000004,8483.223242987855,198.32805648000001,0.0473176473,3.0,0.027867168188095093,0.00019516969041433185,0.0008992976509034634,0.0,49.6160888671875,46.877384185791016
J-72,83.08358764648438,63.39487838745117,84.59622192382812,4253.699569385014,127.91666848339096,-216.1776534130152,8.9419337056,1.562372796,8.940933705600001,150.0,150.0,0.20096718635434946,0.15239999999999998,46766.016,29460.74398906022,195.07736448000003,0.035330509984,3.0,0.003856395138427615,8.1320533354301e-05,0.0001250600762432441,0.0,51.21554183959961,47.826446533203125
J-720,65.40827178955078,57.06119155883789,68.8404312133789,-1436.2359435459189,2158.546437760232,-1163.752022783941,3.3018102639999998,2.8036579944000004,3.300810264,150.00000000000003,150.0,0.2409370845556968,0.15239999999999998,14342.495500000005,9035.205994236248,197.16685992,0.017034353028,1.0,0.00093339808518067,0.00019516969041433185,1.7026546629494987e-05,0.0,50.77728271484375,48.03855895996094
J-721,115.34542846679688,101.16886138916016,118.79679870605469,2813.051230787129,-402.27118383246494,-1185.552552373546,7.954354273600001,3.1964738712000003,7.9533542736000005,149.99999999999997,150.0,0.20967214566345982,0.15239999999999998,39599.00150000002,24945.80777233433,195.73500096,0.012618039280000002,2.0,0.00047297083074226975,5.8234196330886334e-05,1.5338098819484003e-05,0.0,50.82502365112305,47.56357955932617
J-722,155.22235107421875,150.7528076171875,155.973876953125,2827.913739670626,-429.13355313331664,-1246.353150554338,8.0242205296,3.2663401272,8.023220529600001,149.99999999999997,150.0,0.2096157861773751,0.15239999999999998,39942.83150000002,25162.40709962701,195.37686096,0.010725333388000002,2.0,0.00016528915148228407,1.0886332347581629e-05,5.360205705073895e-06,0.0,51.183162689208984,47.92171859741211
J-723,17.283668518066406,18.70992088317871,30.17118263244629,-1202.382494747064,2008.0978545854084,-949.820651234476,3.1741271055999998,2.5781364744000004,3.1731271055999994,150.00000000000003,150.0,0.24346592580083878,0.1016,13668.372500000001,8610.535115277107,198.1236576,0.053626666940000005,2.0,0.1579061895608902,0.019908294081687927,0.0017828866839408875,0.0,49.788516998291016,47.03977584838867
J-724,15.725106239318848,17.536706924438477,29.182655334472656,-1620.831697284556,1961.727293135495,-601.5761297609369,3.0673715152000005,2.2087709952000005,3.0663715152,150.0,150.0,0.23699813229739072,0.15239999999999998,14536.031000000003,9157.125719412212,201.85315992,0.10346792209599999,3.0,0.06722283363342285,0.0018897828413173556,0.0013121900847181678,0.0,46.09433364868164,43.36137771606445
J-725,157.99998474121094,155.49998474121094,166.99998474121094,2843.913703005066,-458.2047498831291,-1311.7649142021944,8.1001946728,3.3423142704,8.0991946728,150.0,150.0,0.20955560317431463,0.15239999999999998,40316.720000000016,25397.94209535882,195.2391828,0.00946352946,1.0,0.0002916869125328958,6.099063466535881e-05,9.459192369831726e-06,0.0,51.32084274291992,48.05939865112305
J-726,123.30029296875,125.7713623046875,131.8675537109375,-4456.766090427272,-457.92595985601764,1630.7146742530065,5.168464290399998,0.999864396,5.1674642904,144.9581278290782,140.0,0.3527039670517623,0.2032,15093.792500000003,10558.206032393575,213.20028480000002,0.002523607856,1.0,7.778326835250482e-05,1.626116136321798e-05,2.5224542241630843e-06,0.0,35.41748809814453,33.40248489379883
J-727,113.90421295166016,122.69146728515625,132.89242553710938,-1710.470750038097,2142.0347210067243,-949.3613122708641,3.2137849384,2.5972748664000003,3.2127849383999996,150.0,150.0,0.23734131397990998,0.15239999999999998,15061.170000000002,9487.942559522586,198.44354520000002,0.010094431424,1.0,0.0003111326659563929,6.50564325042069e-05,1.0089805982715916e-05,0.0,49.50347900390625,46.76812744140625
J-728,87.85456085205078,103.57381439208984,137.8446044921875,-3921.382745685608,-571.6138259743733,1163.2907628679454,5.0785781608,2.249594688,5.077578160800001,144.86887378688917,140.0,0.32069580242084605,0.15239999999999998,18482.747000000003,12693.113588236552,205.98463248000002,0.039115921768,3.0,0.0019128898857161403,0.00010119917715201154,3.4893910196842626e-05,0.0,42.303958892822266,39.988948822021484
J-729,107.54683685302734,110.55127716064453,152.3086395263672,-4063.375782403756,-622.3055250837614,1187.4817148080574,5.2667738728,2.4377904000000004,5.2657738728000005,145.05225726942462,140.0,0.3146810078002861,0.15239999999999998,19717.627000000004,13471.039241283643,194.44694664000002,0.023974274632,1.0,0.0013136714696884155,0.0002746832324191928,2.396328818576876e-05,0.0,53.84163284301758,51.526615142822266
J-73,94.41924285888672,81.36872863769531,97.32268524169922,554.5344130250288,-1918.6869289940344,-234.40171820517497,6.800236388800001,0.30142220640000006,6.799236388800001,150.0,150.0,0.2488645424980609,0.15239999999999998,30089.889500000005,18955.442585030363,203.60417496000002,0.041639529624000006,3.0,0.002846616320312023,0.00020313415734563023,9.231369040207937e-05,0.0,43.4027214050293,40.35823440551758
J-730,150.99501037597656,120.91353607177734,152.25149536132812,-4237.544008794627,-641.789164848268,1498.8860075827254,5.376801491200002,1.8255520512,5.3758014912,145.1535237224349,140.0,0.3195411916804671,0.15239999999999998,19019.313000000002,13031.1289872655,186.13980552,0.037223215876,3.0,0.0008760297787375748,1.4596917026210576e-05,2.8409007427399047e-05,0.3333333333333333,62.15804672241211,59.854164123535156
J-731,157.9999542236328,155.41224670410156,166.9999542236328,-4312.706728194776,-668.9224688515122,1522.7822452268915,5.472447426400002,1.9211979864,5.4714474264,145.23824458692783,140.0,0.3175074406063236,0.15239999999999998,19490.0115,13327.65046141747,181.86870408000001,0.008832627496,1.0,0.0002722411009017378,5.6924465752672404e-05,8.82858057593694e-06,0.0,66.42914581298828,64.1252670288086
J-732,92.1771240234375,48.45011520385742,92.1771240234375,-2299.4415483932257,136.73132451512913,-190.78223572851394,3.434917948000001,1.1097728376,3.4339179480000004,150.0,150.0,0.2575803290125673,0.15239999999999998,14723.958500000006,9275.512625964273,209.75607528,0.039115921768,3.0,0.12607237696647644,0.006492591463029385,0.004088434856384993,0.0,38.08485794067383,35.46235275268555
J-733,87.14474487304688,49.42414474487305,94.6805648803711,-2172.075969948173,76.09322201816921,-207.10622777485935,3.546197075200001,1.2210519648,3.5451970752000004,150.0,150.0,0.25587340118288493,0.15239999999999998,15271.592000000006,9620.500113103075,211.93880904000002,0.047948549264,3.0,0.13315194845199585,0.0014356877654790878,0.004318019840866327,0.0,35.87721633911133,33.24419403076172
J-734,57.165164947509766,29.124923706054688,61.38398742675781,-3422.4163480358793,-352.33974623269376,1109.8954546110465,4.3097677096,1.5664223687999999,4.3087677096000006,143.95333047498661,140.0,0.36476893625573215,0.1016,12164.205000000002,8712.681553014125,214.00459104,0.118609569232,3.0,0.11732508987188339,0.020492812618613243,0.0008442432153970003,0.0,34.36105728149414,32.06613540649414
J-735,40.958797454833984,40.120479583740234,64.68656158447266,-2159.17047019571,-416.07345062585614,417.57468428815105,4.0633067344,1.3006684680000002,4.0623067344,149.99999999999997,150.0,0.2692102566534346,0.15239999999999998,16440.194000000003,10356.6732424777,207.28972511999999,0.064982902292,3.0,0.01159282773733139,0.0009012928348965943,0.00023185530153568834,0.0,40.391624450683594,37.69422149658203
J-736,108.3710708618164,53.12333297729492,108.86288452148438,-2354.8711072437463,183.38187730790423,-232.306179342397,3.374787308800001,1.078326012,3.3737873088000003,150.00000000000003,150.0,0.2585495436204066,0.15239999999999998,14428.040000000006,9089.095652362616,209.71992600000002,0.007570823568,2.0,0.0941142737865448,0.002859656699001789,0.0042273495346307755,0.0,38.128089904785156,35.5064811706543
J-737,51.9068717956543,63.39963150024414,81.16033172607422,2718.7203960194242,-231.59695469149278,-799.6423346418862,7.510099739200001,2.7522193368,7.509099739200001,149.99999999999997,150.0,0.21005505175848466,0.15239999999999998,37412.70950000001,23568.53011632595,200.29511376000002,0.040377725696,2.0,0.01242586225271225,0.002468080259859562,0.0004029615956824273,0.0,46.2650146484375,43.00361633300781
J-738,62.014991760253906,62.38823318481445,81.14503479003906,2724.3213364245057,-241.72669483032857,-822.5580656744693,7.5364557952,2.7785753928000005,7.535455795200001,150.0,150.0,0.21003107548777994,0.15239999999999998,37542.41450000001,23650.23914621426,199.25260632,0.038485019804,3.0,0.007473666220903397,0.0010747433407232165,0.00024236550962086767,0.0,47.307491302490234,44.046085357666016
J-739,105.78948974609375,111.67208099365234,152.32669067382812,-3974.3915956567694,-590.5352584351825,1172.3093738784667,5.148840656800001,2.319857184,5.147840656800001,144.9389081486847,140.0,0.3183987454735236,0.15239999999999998,18943.787000000004,12983.55058865832,204.6719808,0.008832627496,1.0,0.00048398421495221555,0.00010119917715201154,8.82858057593694e-06,0.0,43.616607666015625,41.301597595214844
J-74,4.295440196990967,4.255015850067139,4.328094959259033,-5344.735085922493,-356.3296318996274,2014.5842179528347,6.058305335199999,0.8969855568,6.0573053352,145.69879790463963,140.0,0.3485002132888617,0.30479999999999996,17736.099000000002,12222.7548222056,217.32343632000004,0.138167530116,3.0,0.35345780849456787,0.14907273650169373,0.023048339411616325,0.0,31.716867446899414,29.98859405517578
J-740,69.45880126953125,71.27909088134766,126.28873443603516,-3493.1003278181315,-418.68827638217033,1090.1792936038996,4.5109988032000015,1.6820153304,4.509998803200001,144.22312609450935,140.0,0.34187568019753733,0.15239999999999998,14758.473000000002,10346.967984148461,210.07111656,0.0315450982,3.0,0.05819423869252205,0.0029420016799122095,0.0013464147923514247,0.6666666666666666,38.21818542480469,35.903507232666016
J-741,103.17724609375,73.73464965820312,127.89844512939453,-3560.2430532728886,-442.66543469134734,1101.656933343965,4.599972971200001,1.7709894984,4.598972971200001,144.3348885581291,140.0,0.3382099832892533,0.15239999999999998,15342.293000000001,10714.751537823275,210.53276664,0.0157725491,2.0,0.013637983240187168,0.0027612890116870403,0.00024877674877643585,0.0,37.75630569458008,35.44152069091797
J-742,14.81202220916748,22.405973434448242,35.12877655029297,-1331.990551469129,2203.829338328059,-1298.0944627372096,3.2213436736,2.9237613864000007,3.2203436736,150.00000000000003,150.0,0.24398650572924985,0.2032,13727.444000000003,8647.74782842654,196.69396272000003,0.020188862848,2.0,0.03074432536959648,0.0035201096907258034,0.0009970159735530615,0.0,51.25019454956055,48.511199951171875
J-743,14.929357528686523,21.7762393951416,35.407936096191406,-1359.1905840997533,2225.6148543360296,-1351.9553903878696,3.2828459128,2.985263625600001,3.2818459128,150.00000000000003,150.0,0.24322216105916375,0.2032,14030.112500000003,8838.417035571592,198.26511528,0.09905160834800002,3.0,0.022772660478949547,0.0004481673240661621,0.0007283642771653831,0.0,49.67953109741211,46.94099426269531
J-744,56.86505126953125,29.427549362182617,59.739742279052734,-3742.693736328704,-492.3503532481226,1251.4094256863027,4.7481795328,1.9645801704,4.747179532800001,144.51175287979197,140.0,0.3381189996799945,0.07619999999999999,17917.641000000003,12337.119115825604,213.66470856,0.178545255812,3.0,0.035013895481824875,0.0017926692962646484,0.00021552226098719984,0.0,34.62356948852539,32.30721664428711
J-745,118.51063537597656,61.53433609008789,121.51063537597656,-5026.958909503298,-560.8351360104733,2024.6643944041207,5.726931652000001,0.35383866239999995,5.725931652,145.44987680897313,140.0,0.3458840881056049,0.15239999999999998,17283.143,11937.41042266751,214.10910696000002,0.04227043158800001,2.0,0.2603369951248169,0.042850855737924576,0.004748927429318428,0.0,34.37797927856445,32.25330352783203
J-746,152.2908477783203,130.3609161376953,153.2908477783203,-5240.629318512242,-717.7427682163689,2184.01370727477,6.227300171200001,0.8542071816,6.2263001712,145.81554154415613,140.0,0.3315567526981038,0.15239999999999998,20320.756000000005,13850.986702734665,217.13897136,0.014510745172000001,1.0,0.000447253230959177,9.351872722618282e-05,1.4504093996947631e-05,0.0,31.175254821777344,28.892316818237305
J-747,13.830678939819336,13.303912162780762,56.41500473022461,-3453.1760429692263,1052.2774260310862,-807.141381782144,2.120665458400001,1.2357101016,2.1196654584,149.99999999999997,150.0,0.3047999999999999,0.30479999999999996,6954.283000000001,4380.923769313034,216.12709632000002,0.05993568658,3.0,0.12526555359363556,0.00039033929351717234,0.009106054902076721,0.0,32.080928802490234,29.447921752929688
J-748,53.12820816040039,52.55745315551758,66.98944091796875,-453.18874070306407,-1288.0751011622458,244.03653354071088,5.636175928000001,1.7742545160000003,5.635175928000001,150.0,150.0,0.26116384822461564,0.15239999999999998,23781.745000000006,14981.56056436608,198.61206912000003,0.05047215712000001,3.0,0.0754873976111412,0.004057271871715784,0.0013770004734396935,0.0,48.59535598754883,45.65127182006836
J-749,48.76436996459961,56.37356948852539,67.39736938476562,6528.839206491046,541.5554678835351,346.97506347315175,11.3165082808,2.0419429823999997,11.3155082808,150.00000000000003,150.0,0.23309741148745658,0.1016,52692.10300000002,33193.9448664644,175.48460712,0.08012454942800001,3.0,0.037597108632326126,0.00011384901881683618,0.0012192466529086232,0.0,69.87638854980469,65.50700378417969
J-75,140.19424438476562,135.97755432128906,141.60244750976562,1074.1593253963554,-3298.5105375205244,-1590.4200774628348,8.6249048248,2.0954344679999997,8.6239048248,150.0,150.0,0.23793545002728705,0.15239999999999998,39905.36530000002,25138.80487260722,186.52601760000002,0.0157725491,1.0,0.00048614482511766255,0.00010165084677282721,1.576532122271601e-05,0.0,60.19480895996094,57.01133728027344
J-750,135.1871337890625,133.58505249023438,138.7881622314453,6657.880436006942,531.5666412925465,299.5284802415637,11.506602592000002,2.2320372936,11.505602591999999,150.00000000000003,150.0,0.2326034497155349,0.1016,53627.606500000016,33783.27514241457,176.085246,0.017665254992,1.0,0.0005444822018034756,0.00011384901881683618,1.765716115187388e-05,0.0,69.27574920654297,64.90636444091797
J-751,15.58166217803955,8.390979766845703,25.287738800048828,-2686.635346671651,2625.074056281705,-729.4860094575879,1.5906133815999999,2.203923456000001,1.5896133816,150.0,150.0,0.28582799446317897,0.2032,5702.1965,3592.158700493436,208.75563024000002,0.006939921604,2.0,0.03715125471353531,0.005215977318584919,0.0012047879863530397,0.0,39.52426528930664,36.789920806884766
J-752,20.973012924194336,9.112590789794922,27.132137298583984,-2741.2791192550694,2642.7179426872517,-760.429031213824,1.5258616695999998,2.2313015064000004,1.5248616696,150.0,150.0,0.28933670886480783,0.2032,5383.5365,3391.415479613686,205.46443032000002,0.029652392308,3.0,0.0933457687497139,0.0052865976467728615,0.003027134807780385,0.0,42.816341400146484,40.081565856933594
J-753,38.62469482421875,35.46909713745117,52.91345977783203,-2628.0906640719995,2849.7473509044157,-1191.5942038413193,2.2020683944000004,2.799401462400001,2.2010683944,149.99999999999997,150.0,0.2628740046913646,0.2032,8711.325499999999,5487.79118496799,206.15468040000002,0.006309019640000001,2.0,0.0016648524906486273,0.00032778302556835115,5.398994835559279e-05,0.0,42.096290588378906,39.35972595214844
J-754,118.51063537597656,64.19861602783203,121.51063537597656,-5076.769759509734,-659.6786793925831,2092.739224181972,6.037660012000001,0.6645670224000001,6.0366600120000005,145.68408783197842,140.0,0.33592477397102743,0.15239999999999998,19322.043,13221.836936982838,216.10359624,0.0630901964,3.0,0.15035729110240936,0.021459292620420456,0.0031577975023537874,0.0,32.214778900146484,29.93410873413086
J-755,141.76934814453125,135.7047576904297,141.76934814453125,6610.457345878609,530.0485384594691,309.4706081307363,11.448919496800002,2.1743541984,11.447919496799999,150.0,150.0,0.22595749464885595,0.1016,57262.018500000006,36072.81123380983,186.96556968,0.007570823568,1.0,0.00023334955039899796,4.879239349975251e-05,7.567355623905314e-06,0.0,58.386932373046875,54.00628662109375
J-756,15.503668785095215,23.261018753051758,48.47683334350586,-2181.474008886352,1992.3979033224443,-576.2134171268099,3.0370679944000005,2.1784674744000005,3.0360679943999997,150.0,150.0,0.23784252091663238,0.15239999999999998,14337.189000000004,9031.863108710613,200.26170768000003,0.127442196728,3.0,0.032556239515542984,0.0008312780992127955,0.0005938734393566847,0.6666666666666666,47.70941162109375,45.00782012939453
J-757,65.04439544677734,59.447265625,76.22168731689453,-2502.926683193939,2160.05287632237,-941.8735394399782,3.6099030184000003,2.7513024984000003,3.6089030184,150.0,150.0,0.22428037522572405,0.15239999999999998,18095.949000000004,11399.733531462041,193.27684992000002,0.07255372586,1.0,0.003975584637373686,0.0008312780992127955,7.252048089867458e-05,0.0,54.69412612915039,51.99247741699219
J-758,37.744625091552734,59.581546783447266,74.95047760009766,4067.4215804879595,226.65266210868188,40.30463271867986,8.5170949312,1.1375340216,8.516094931200001,149.99999999999997,150.0,0.20085579893789332,0.15239999999999998,44675.27400000001,28143.65906121057,193.14392664000002,0.09337349067200001,3.0,0.07705303281545639,0.003663501003757119,0.0014884201809763908,0.0,53.149715423583984,49.760982513427734
J-759,31.6866397857666,60.745670318603516,76.66903686523438,4103.66539124006,207.47845545270732,-9.62345228330596,8.5995704584,1.2200095488,8.598570458400001,149.99999999999997,150.0,0.2008782839799588,0.15239999999999998,45081.157500000016,28399.349643938072,196.85572008,0.027128784452000003,3.0,0.01140171755105257,1.6265930753434077e-05,0.0003697493521030992,0.0,49.43769454956055,46.04883575439453
J-76,4.45789098739624,4.380921840667725,4.486853122711182,-5420.78079059697,-374.8249920594558,2052.7528210280857,6.146116995999999,0.9847972176,6.145116996,145.76026063995874,140.0,0.3464239219746696,0.2032,18168.243000000002,12494.988483298484,213.96895992,0.035961411948000004,3.0,0.13491638004779816,0.0645185112953186,0.004375239368528128,0.0,35.05195617675781,33.32262420654297
J-760,63.65449142456055,39.63234329223633,70.27456665039062,-1857.2377843657475,-404.86447779837636,478.68248898655656,3.9665875984000007,1.2039493319999999,3.965587598400001,149.99999999999997,150.0,0.27205921328826393,0.15239999999999998,15805.554000000006,9956.875094925059,205.48149912,0.010725333388000002,2.0,0.17052288353443146,0.035660553723573685,0.0031105871312320232,0.0,42.17548751831055,39.463138580322266
J-761,56.700355529785156,70.7855224609375,83.49095153808594,-2227.088127928648,-452.9340720050853,387.7735411151824,4.1770398064,1.4144015400000003,4.1760398064,149.99999999999997,150.0,0.2660289676939896,0.15239999999999998,17186.474000000006,10826.800183035471,207.5688,0.068137412112,3.0,0.004162533674389124,0.0004440962802618742,9.631587454350665e-05,0.0,40.1124382019043,37.415000915527344
J-762,43.57374954223633,55.74139404296875,87.28533172607422,-3651.394962422715,1103.3125693804398,-944.9392267021067,2.3909617936000007,1.5060064368000001,2.3899617936000004,149.99999999999997,150.0,0.2875640920475005,0.15239999999999998,8727.881000000001,5498.220496438758,209.1676284,0.034068706056,1.0,0.00186679617036134,0.00039033929351717234,3.4053093258989975e-05,0.0,39.04037857055664,36.407371520996094
J-763,15.271206855773926,8.58430004119873,23.885948181152344,-2506.3774667874554,2654.783235699905,-834.8253097800863,1.7367613240000002,2.334094392000001,1.7357613240000003,149.99999999999997,150.0,0.2788708678073068,0.2032,6421.4285,4045.2464687724305,211.73572080000002,0.011987137316,2.0,0.138324573636055,0.02614099159836769,0.004485764540731907,0.0,36.52589797973633,33.79020309448242
J-764,15.302833557128906,8.498099327087402,23.594125747680664,-2562.0548582845768,2650.4126017069348,-793.4917166566829,1.692988996,2.290322064000001,1.6919889960000003,149.99999999999997,150.0,0.28082849876917276,0.2032,6206.0135,3909.5435222908786,211.3806288,0.012618039280000002,3.0,0.09258583933115005,3.6594225093722343e-05,0.003002491546794772,0.0,36.8867073059082,34.151432037353516
J-765,128.40762329101562,131.17625427246094,138.8258514404297,4115.201390637004,201.29931554570754,-25.50928732235325,8.626155114400003,1.2465942048,8.625155114400002,149.99999999999997,150.0,0.200885440027694,0.15239999999999998,45211.98750000002,28481.767379416946,195.20150952,0.002523607856,1.0,7.778348663123325e-05,1.6265930753434077e-05,2.522461727494374e-06,0.0,51.09189987182617,47.70304870605469
J-766,15.072166442871094,10.043221473693848,22.73691749572754,-2292.8012386706696,2662.4113152190926,-997.8000202583272,1.9048399312000002,2.5021729992000004,1.9038399312,149.99999999999997,150.0,0.2721903408059371,0.2032,7248.5869999999995,4566.323671647165,207.16231872,0.040377725696,3.0,0.16024994850158691,0.024421056732535362,0.00452435202896595,0.0,41.0786247253418,38.34163284301758
J-767,14.918840408325195,11.905856132507324,22.34699058532715,-2320.0502654320653,2686.6467675184817,-1034.3671219530156,1.9525103464000002,2.5498434144000006,1.9515103464,149.99999999999997,150.0,0.2692641686266798,0.15239999999999998,7561.384999999999,4763.374063929673,206.57518248,0.079493647464,3.0,0.08693969994783401,0.0066881002858281136,0.0017556077800691128,0.0,41.675025939941406,38.93803405761719
J-768,111.43424987792969,104.1845474243164,118.17704010009766,-2574.0789084639086,2778.4102757447336,-1031.4995118226248,1.8746464431999998,2.5800862800000006,1.8736464432,149.99999999999997,150.0,0.2733021082019686,0.2032,7099.997,4472.717837245225,204.51720336000002,0.005047215712,1.0,0.00015556633297819644,3.252822352806106e-05,5.044902991357958e-06,0.0,43.74470520019531,41.00801086425781
J-769,89.6095199584961,81.0151138305664,92.43873596191406,10880.110640384457,1483.1128459312345,2368.535477791629,15.810239298400003,6.5431565352000005,15.809239298400001,150.0,150.0,0.16290942606675926,0.1016,109908.902,69238.26960031637,158.49596952000002,0.15015466743199998,3.0,0.00479869544506073,0.00012604703078977764,0.00015561816690023988,0.0,85.01681518554688,78.19810485839844
J-77,4.912368297576904,4.7269415855407715,4.944176197052002,-5512.683901589635,-397.16630660447083,2098.7522595045098,6.2522773119999995,1.0909575336000001,6.251277312,145.83226065655623,140.0,0.3439916675638145,0.2032,18690.685500000003,12824.106634853335,214.78999968000002,0.034068706056,3.0,0.05810773745179176,0.00014637719141319394,0.0018843915313482285,0.0,34.2259635925293,32.496337890625
J-770,154.9239044189453,150.92901611328125,155.92015075683594,11063.414338564087,1511.9932354617567,2421.4706863667084,16.0159671064,6.7488843432,16.0149671064,150.0,150.0,0.16342699762362092,0.1016,110921.342,69876.06683419415,156.87321432,0.019557960884,1.0,0.0006028195493854582,0.00012604703078977764,1.954899744305294e-05,0.0,86.63956451416016,79.82083892822266
J-771,15.366660118103027,8.353599548339844,25.081205368041992,-2681.165647747953,2618.8980289173583,-723.1750233185959,1.5986018847999999,2.1959349528000005,1.5976018848000002,149.99999999999997,150.0,0.28541482895276055,0.2032,5741.51,3616.924653590957,209.30481888000003,0.008832627496,3.0,0.09298772364854813,0.005215977318584919,0.00301552377641201,0.0,38.9749641418457,36.24067687988281
J-772,15.347895622253418,8.394281387329102,27.536767959594727,-2713.8207053868605,2583.6907717777335,-711.597541099146,1.626649276,2.1678875616000006,1.625649276,150.0,150.0,0.2839963732599355,0.2032,5879.538500000001,3703.877159908664,208.716372,0.022081568739999998,3.0,0.06866099685430527,1.626348966965452e-05,0.0022266258019953966,0.0,39.565452575683594,36.83182144165039
J-773,34.32884216308594,54.74980545043945,65.28544616699219,6091.636096555677,568.7259500169615,502.1487233042455,10.691076968800003,1.4165116704,10.690076968800001,149.99999999999997,150.0,0.2348465829243487,0.1016,49614.19300000001,31254.983067123438,186.51489240000004,0.09400439263600001,3.0,0.0695238783955574,0.002537205582484603,0.001573230605572462,0.0,58.86330795288086,54.516719818115234
J-774,42.99569320678711,55.18841552734375,66.18771362304688,6269.822586453093,557.2799573110543,438.8279182027328,10.9471882168,1.6726229183999999,10.9461882168,150.00000000000003,150.0,0.23410613833421728,0.1016,50874.58300000001,32048.979013161937,189.71727360000003,0.11293145155600001,3.0,0.041836291551589966,0.0007074901368469,0.0013567203423008323,0.0,55.65299987792969,51.29591751098633
J-775,89.63360595703125,93.72320556640625,100.58097076416016,6648.59245133271,526.235832840743,298.01388023019325,11.509879192,2.2353138936,11.508879191999998,150.00000000000003,150.0,0.232595078496954,0.1016,53643.731500000016,33793.43325587935,192.68306904,0.08201725532000001,3.0,0.0014130609342828393,4.066045585204847e-05,4.5824534026905894e-05,0.0,52.6871337890625,48.32994079589844
J-776,15.654825210571289,15.861628532409668,25.65243148803711,-1636.2927437337785,2093.311964873107,-835.0180659925728,3.0633572992,2.4468472272,3.0623572992,150.0,150.0,0.23901838714917253,0.15239999999999998,14320.876500000002,9021.586877647409,201.13965360000003,0.034068706056,3.0,0.02964852564036846,0.0003984711947850883,0.000961479963734746,0.0,46.807369232177734,44.072017669677734
J-777,15.254469871520996,14.096729278564453,24.144811630249023,-1717.5831365908991,2085.6641471838334,-749.4776173995986,2.9690552272000006,2.3525451552000005,2.9680552272,150.0,150.0,0.24015642127094716,0.15239999999999998,13856.791500000003,8729.231647427177,203.81543184,0.025866980523999997,3.0,0.04048580303788185,0.0018897828413173556,0.0013129250146448612,0.0,44.13297653198242,41.39916229248047
J-778,16.2412109375,10.382641792297363,24.972095489501953,-1956.6691161872475,2074.9331019141923,-577.6780312857946,2.7686861080000003,2.152176036,2.767686108,150.0,150.0,0.24612786255132654,0.15239999999999998,12576.153000000002,7922.4799456992805,204.5208,0.05047215712000001,3.0,0.06183985248208046,0.002976846881210804,0.0011280494509264827,0.0,43.43353271484375,40.703948974609375
J-779,14.968392372131348,13.360339164733887,23.4377498626709,-1233.0514500763788,2137.6170156754774,-1137.07891255319,3.0142079943999995,2.7380555856,3.0132079943999996,150.00000000000003,150.0,0.24679027519425992,0.2032,12708.075500000003,8005.585913051658,195.5694336,0.0946352946,3.0,0.17815528810024261,0.004730361979454756,0.005777445156127214,0.0,52.37168884277344,49.629573822021484
J-78,5.4084553718566895,5.100172519683838,5.438034534454346,-5599.417602964569,-441.69500180921597,2189.7550751843146,6.334108796799999,0.8970367632,6.3331087968,145.88611292874612,140.0,0.34217246761417264,0.2032,19093.399500000003,13077.800557697017,215.99822688000003,0.0473176473,3.0,0.13289400935173035,0.06220729276537895,0.004309655632823706,0.0,33.008365631103516,31.278417587280273
J-780,15.172313690185547,20.03309440612793,34.349430084228516,-1264.518420720707,2151.624578220882,-1165.127467977987,3.0679896496,2.7704073624000007,3.0669896495999995,150.00000000000003,150.0,0.2460258914113291,0.2032,12972.749000000003,8172.319770051334,197.70428328000003,0.029021490344000003,3.0,0.04679139330983162,0.0014339814661070704,0.001517410739324987,0.0,50.23868179321289,47.49855041503906
J-781,71.60929107666016,77.93404388427734,135.28807067871094,-3826.1756538624472,-537.6220826553196,1147.0576362530028,4.9523973616,2.1234138888,4.951397361600001,144.73811279982164,140.0,0.3249846318765789,0.15239999999999998,17654.789000000004,12171.532731922123,207.02128776,0.023343372668000004,3.0,0.003952537663280964,0.0001011990534607321,7.210006151581183e-05,0.0,41.26734161376953,38.95235061645508
J-782,67.50558471679688,97.89910888671875,138.288330078125,-3881.7849354995365,-557.4762383843486,1156.5392041960515,5.0260980016,2.1971145288000002,5.0250980016,144.81528631049497,140.0,0.3224534179939007,0.15239999999999998,18138.389000000003,12476.181641786703,207.834738,0.0157725491,2.0,0.004373142961412668,0.0008240495808422565,7.977252244018018e-05,0.0,40.4538688659668,38.13886260986328
J-783,12.783371925354004,45.53085708618164,65.9837875366211,-3860.703326024522,-534.3639824073683,1279.1671286690232,4.9017834928,2.1181841304,4.900783492800001,144.68376955679088,140.0,0.32990974179108906,0.07619999999999999,19933.441000000003,13606.993542014647,213.35615952,0.039115921768,1.0,0.008573434315621853,0.0017926692962646484,3.909799488610588e-05,0.0,34.9317626953125,32.6152458190918
J-784,18.036542892456055,18.120119094848633,24.03160858154297,-1747.1933027893115,2461.7731671428614,-2183.705234639818,4.4789938888,3.953429736,4.4779938887999995,150.0,150.0,0.20212684878502865,0.1016,26511.549500000005,16701.22964018995,193.96606368,0.251098981672,3.0,0.046540264040231705,0.00014635872503276914,0.0003829921770375222,0.0,53.60844039916992,50.69915008544922
J-785,63.371055603027344,57.4520149230957,69.90275573730469,-1494.34209517481,2329.109472043648,-1617.873078528669,3.590404048,3.2928217608000008,3.589404048,150.00000000000003,150.0,0.2354400629401864,0.15239999999999998,16048.210500000003,10109.739111046965,198.23594592,0.039115921768,1.0,0.0021433585789054632,0.0004481673240661621,3.909799488610588e-05,0.0,49.70867919921875,46.97014617919922
J-786,4.164166450500488,4.14829158782959,4.215671062469482,-5974.92170732345,4436.839215414766,-1128.8311503982095,2.1485199112,5.419147099200001,2.1475199112,150.0,150.0,0.29549766916385084,0.2032,7446.949000000001,4691.283901296789,207.08438136,0.11166964762800001,3.0,0.14696930348873138,0.1084015890955925,0.0047661070711910725,0.0,44.828704833984375,43.0789909362793
J-787,1.8235315084457397,1.8246393203735352,1.8490166664123535,-5745.641873343541,4250.699463962232,-1003.4006015545285,1.8559027672000001,5.1265299552000005,1.8549027672000002,150.0,150.0,0.3100579365946616,0.30479999999999996,6006.904000000001,3784.112397148858,208.797144,0.032176000164000004,3.0,0.3679252564907074,0.21287544071674347,0.023890415206551552,0.0,43.04429244995117,41.29595947265625
J-788,129.12413024902344,82.9033203125,132.27784729003906,-3732.7175485293415,-504.2524904967218,1131.1109039520306,4.8285394432,1.9995559704,4.8275394432,144.60311102445806,140.0,0.32941255494247385,0.15239999999999998,16842.073,11659.553733928942,208.20583200000002,0.041639529624000006,3.0,0.005969138350337744,8.674199489178136e-05,0.00010888581164181232,0.0,40.0828857421875,37.7679328918457
J-789,15.970826148986816,8.209293365478516,22.712871551513672,-2934.7235416266726,2447.182805563636,-751.2110209578499,1.3685604856,2.0740003224000003,1.3675604856,149.99999999999997,150.0,0.2992444288033178,0.2032,4609.4165,2903.750438041376,204.92880528000003,0.024605176596000002,3.0,0.15169726312160492,0.013177054934203625,0.004919430706650019,0.0,43.3737678527832,40.637542724609375
J-79,147.0679473876953,146.35194396972656,152.5633087158203,4502.852849931208,-4.029314639822469,-559.5755028334404,9.5092929976,2.1297320880000004,9.508292997600002,149.99999999999997,150.0,0.201100418215156,0.15239999999999998,49558.1385,31219.670944877773,178.4959092,0.018296156956000002,1.0,0.0005639279843308032,0.00011791496217483655,1.8287772036273964e-05,0.0,67.7966537475586,64.40740203857422
J-790,16.046749114990234,7.790813446044922,24.96828269958496,-3009.890721309549,2406.8555836741125,-779.9616467654448,1.2937811584,2.0625944016,1.2927811584000002,149.99999999999997,150.0,0.30479999999999996,0.30479999999999996,4241.408,2671.9196101962575,203.15840496,0.078231843536,3.0,0.2097659856081009,0.018138621002435684,0.012233405373990536,0.0,45.17335891723633,42.42249298095703
J-791,1.504295825958252,1.511605143547058,1.5424365997314453,-5391.934620328879,4285.26236746915,-1785.0295344873384,1.6665396712000002,5.022915231200001,1.6655396712000001,150.0,150.0,0.28360974246065734,0.2032,6112.9435,3850.9130962340214,205.97801832,0.0630901964,3.0,0.07471654564142227,7.318868301808834e-05,0.0024230030830949545,0.0,46.07188034057617,44.324485778808594
J-792,96.65523529052734,95.89581298828125,96.87528991699219,-5480.699748169856,4360.733053116883,-1852.5803997313865,1.7861767192000002,5.1425522792,1.7851767192000003,149.99999999999997,150.0,0.27822092906478,0.2032,6701.708500000001,4221.811804704699,206.41357752,0.011356235352,1.0,0.00035002431832253933,7.318868301808834e-05,1.1351031389494892e-05,0.0,45.636322021484375,43.8889274597168
J-793,1.2807118892669678,1.2867850065231323,1.3109852075576782,-5330.9131858728515,4232.610524255469,-1738.2970469927134,1.5845390224000002,4.9409145824000005,1.5835390224000003,149.99999999999997,150.0,0.28777361272741053,0.2032,5709.397000000001,3596.6947312533202,207.19313400000001,0.020188862848,2.0,0.12155365943908691,0.118805430829525,0.0039418963715434074,0.0,44.86124801635742,43.114097595214844
J-794,15.324610710144043,8.382107734680176,23.561161041259766,-2601.643376305739,2647.6316778291016,-764.7752045030585,1.661951212,2.2592842800000006,1.660951212,149.99999999999997,150.0,0.2822791233026536,0.2032,6053.2685,3813.3202019077826,211.20954456,0.008832627496,2.0,0.13920935988426208,0.02633616141974926,0.004514457657933235,0.0,37.06187438964844,34.326927185058594
J-795,100.31365966796875,100.6881103515625,114.89999389648438,3930.4880415607554,-172.13415552674522,-861.7436072640145,9.044629664799999,2.6565953472000006,9.043629664800001,149.99999999999997,150.0,0.1988264989896935,0.15239999999999998,47903.9685,30177.60914332547,194.84647848,0.022081568739999998,3.0,0.0010716792894527316,6.505636702058837e-05,1.9548999262042344e-05,0.0,51.5181770324707,48.16337585449219
J-796,132.49832153320312,128.4389190673828,135.97708129882812,3945.445173348842,-184.03438822101944,-890.9625333351687,9.086319903999998,2.698285586400001,9.085319904,150.0,150.0,0.1986134595074793,0.15239999999999998,48177.5265,30349.93988460904,192.01513032000003,0.005678117676,1.0,0.0003111327241640538,6.505636702058837e-05,5.675515694747446e-06,0.0,54.34952926635742,50.99472427368164
J-797,137.60008239746094,129.34400939941406,137.91677856445312,3965.877126694097,-200.28938802120484,-930.8785915220478,9.143262944799998,2.7552286272000006,9.1422629448,150.0,150.0,0.19832561666964663,0.15239999999999998,48551.1685,30585.31959507145,193.97721936,0.012618039280000002,1.0,0.000691405963152647,0.00014457017823588103,1.261225770576857e-05,0.0,52.38743591308594,49.032630920410156
J-798,15.209979057312012,8.755988121032715,25.030670166015625,-2385.65066050314,2662.4116431872585,-926.0913972571112,1.8318189952,2.4291520632000005,1.8308189952000002,149.99999999999997,150.0,0.27494197232921513,0.2032,6889.232,4339.944207204679,210.76727976,0.008201725532000001,2.0,0.13004066050052643,0.024421056732535362,0.0042171236127614975,0.0,37.4821662902832,34.74558639526367
J-799,15.219109535217285,8.721328735351562,24.878793716430664,-2403.5707051530626,2662.0821787631508,-912.3899014634843,1.817728396,2.4150614640000008,1.8167283960000002,149.99999999999997,150.0,0.2754984051895889,0.2032,6819.8885,4296.260539542986,211.04510496000003,0.029021490344000003,3.0,0.09179505705833435,0.0014800358330830932,0.0029768466483801603,0.0,37.205989837646484,34.46949005126953
J-8,129.288818359375,94.3122329711914,137.2045135498047,-4172.422725315325,-645.1733308771927,1421.1575098750805,5.329368515200001,2.1107473152000007,5.3283685152,145.11038053661684,140.0,0.32057685746391446,0.15239999999999998,18785.883,12884.077301927018,197.66496408000003,0.030914196236,2.0,0.0005375960026867688,1.2793026144208852e-05,1.7433843822800554e-05,0.0,50.63102722167969,48.32493209838867
J-80,117.89501953125,105.81951141357422,117.89501953125,4672.417551245648,-93.84155204112518,-793.4626685578204,9.895279830400002,2.5157189208,9.894279830400002,149.99999999999997,150.0,0.201182325229838,0.15239999999999998,51457.68,32416.307105377215,181.32801935999998,0.09400439263600001,3.0,0.0017566033639013767,9.351873450214043e-05,5.696536027244292e-05,0.0,64.96443939208984,61.57514572143555
J-800,15.506503105163574,8.969443321228027,26.687597274780273,-2931.619647514887,2355.92899339937,-711.4162010054437,1.4532583096,1.9893024984000003,1.4522583096000001,149.99999999999997,150.0,0.29364297755102337,0.2032,5026.2365,3166.3305840499665,207.02439672,0.04227043158800001,3.0,0.08747753500938416,0.003984128125011921,0.0028368320781737566,0.3333333333333333,41.27059555053711,38.54119110107422
J-801,71.17363739013672,60.40763473510742,72.86504364013672,10087.090504719752,1357.323235651231,2137.1551614991895,14.921442498400003,5.654359735200001,14.920442498400002,150.0,150.0,0.16050935427358903,0.1016,105534.90200000003,66482.82226419628,154.330146,0.158356392964,3.0,0.024487419053912163,0.0006668296409770846,0.00027564482297748327,0.0,89.18343353271484,82.36576080322266
J-802,62.86941146850586,72.88961029052734,80.96118927001953,10209.009541293777,1376.0300900131192,2170.95187667049,15.059007577600003,5.791924814400001,15.058007577600002,150.0,150.0,0.15997117749658155,0.1016,106888.88900000001,67335.78062548829,157.92959016,0.025866980523999997,1.0,0.0031891099642962217,0.0006668296409770846,2.585512447694782e-05,0.0,85.58394622802734,78.76622772216797
J-803,89.68873596191406,92.3182144165039,107.6659164428711,2804.529761469713,-386.96013147082664,-1150.571897733523,7.9148677384,3.1569873360000003,7.9138677384000005,149.99999999999997,150.0,0.20970443867314964,0.15239999999999998,39404.67800000001,24823.391638264708,198.79083432000002,0.033437804092,2.0,0.0012391279451549053,0.00015134597197175026,4.018401159555651e-05,0.0,47.76919174194336,44.50774383544922
J-804,18.080148696899414,17.511960983276367,25.795801162719727,1511.7526608166297,600.5922795729942,-1361.2775856812461,5.764167544,2.0183417088,5.763167544,150.0,150.0,0.2240019759223991,0.15239999999999998,26611.446000000004,16764.160491770363,201.4564932,0.09842070638400001,3.0,0.13295906782150269,0.00019110360881313682,0.002429690444841981,0.0,45.41500473022461,42.29750061035156
J-805,113.2764663696289,112.50689697265625,119.64478302001953,1514.711805972499,528.5980618472546,-1679.457038467119,6.078857999199999,2.333032164,6.0778579992,150.0,150.0,0.22292492159290656,0.15239999999999998,28160.119500000004,17739.763662802547,194.62437072,0.029652392308,1.0,0.0009139522444456816,0.00019110360881313682,2.9638802516274154e-05,0.0,52.24711990356445,49.12961959838867
J-806,18.73225212097168,26.3115234375,41.57232666015625,-2536.9214480267597,2361.3155013006703,-1011.1979074650707,2.6547067576000005,2.5865129880000004,2.6537067575999997,150.0,150.0,0.25015356767393865,0.15239999999999998,11828.257000000001,7451.334988933193,207.08349744,0.0630901964,3.0,0.003295701928436756,0.00010842756455531344,6.0118425608379766e-05,0.0,40.94648361206055,38.22967529296875
J-807,62.828365325927734,63.9146842956543,74.94605255126953,-2580.8714132694827,2389.9900202083077,-1063.0062042734687,2.7298823248,2.6616885552000005,2.7288823248,150.0,150.0,0.24746064103913024,0.15239999999999998,12321.535000000002,7762.080656758215,206.83237272,0.00946352946,1.0,0.0005185545305721462,0.00010842756455531344,9.459192369831726e-06,0.0,41.19760513305664,38.48080062866211
J-808,54.89364242553711,51.75746536254883,65.25540161132812,-662.3917993404363,-1217.1329466489165,246.28199596504925,5.4863386864,1.9713433776000002,5.4853386863999996,150.00000000000003,150.0,0.25642487650110984,0.15239999999999998,23709.010000000006,14935.740385584026,198.75547752,0.054257568904000006,3.0,0.07144667208194733,0.0004915383760817349,0.001303291879594326,0.0,48.47636795043945,45.54487991333008
J-809,55.026031494140625,51.49540328979492,64.91499328613281,-684.248426130515,-1207.3670728635025,246.61372876689143,5.467532526399999,1.9901495376000002,5.466532526399999,150.0,150.0,0.2567827465882285,0.15239999999999998,23585.610000000008,14858.003256805516,199.08844104,0.019557960884,2.0,0.1091923713684082,0.023268690332770348,0.00199182890355587,0.0,48.14554977416992,45.21517562866211
J-81,157.9999542236328,155.4011688232422,166.0562286376953,4783.149716733793,-152.5452760282451,-946.0739450402178,10.147708789600001,2.76814788,10.146708789600003,149.99999999999997,150.0,0.2012325207713478,0.15239999999999998,52699.9485,33198.88722176288,191.28037944000002,0.023974274632,1.0,0.0007389402016997337,0.00015450926730409265,2.3963286366779357e-05,0.0,55.012081146240234,51.62278366088867
J-810,23.204694747924805,80.38854217529297,134.28863525390625,-3793.7197544670803,-526.0335733216076,1141.5196945474547,4.9093842904,2.0804008176,4.9083842904,144.69200191782932,140.0,0.3264970226389427,0.15239999999999998,17372.551,11993.733933282008,208.05047544,0.015141647136,2.0,0.006983200553804636,0.001373416162095964,0.00012738378427457064,0.0,40.23818588256836,37.92319869995117
J-811,3.669557809829712,3.663367986679077,3.720407724380493,-6119.072717884628,4556.607531119007,-1209.5868394973284,2.3317321432,5.602359331200001,2.3307321431999997,150.00000000000003,150.0,0.2882424116151692,0.2032,8348.584000000003,5259.278359207771,210.26222615999998,0.021450666776000004,3.0,0.07478067278862,2.4397722881985828e-05,0.002425082493573427,0.0,41.663787841796875,39.913963317871094
J-812,78.31978607177734,114.1540298461914,142.0599822998047,-3776.303236267306,-519.7883514410127,1138.4178651725322,4.8863569552,2.0573734824,4.8853569552,144.66698244592584,140.0,0.3273176362674642,0.15239999999999998,17221.453,11898.5481578835,206.59822536000001,0.007570823568,1.0,0.0004148435837123543,8.674199489178136e-05,7.567353804915911e-06,0.0,41.690494537353516,39.37554168701172
J-813,3.6442410945892334,3.637425422668457,3.6951491832733154,-6127.007096731085,4563.217752283097,-1214.043965991285,2.3418115744,5.6124387624,2.3408115744,149.99999999999997,150.0,0.2878762227487386,0.2032,8398.1875,5290.5266061070015,210.28118472000003,0.04227043158800001,2.0,0.11315302550792694,0.11031832545995712,0.0036694700829684734,0.0,41.64554977416992,39.89570999145508
J-814,51.97154235839844,39.89524459838867,54.89302444458008,-4145.922863004938,-452.04776665800034,1396.6310874213723,4.8751622608,1.8179893536,4.8741622608,144.6547338791869,140.0,0.34994141986546967,0.15239999999999998,14816.236,10383.356393951,210.65880144,0.058042980688000005,3.0,0.03302278369665146,2.439602576487232e-05,0.0006029356736689806,0.0,37.84968185424805,35.696170806884766
J-815,120.9139404296875,121.9315414428711,128.9149627685547,-4178.914349918521,-462.63858652243516,1406.698362411417,4.916895171999999,1.8597222648,4.915895172000001,144.70011188432233,140.0,0.3486956759205035,0.15239999999999998,15021.614500000001,10512.736741623918,210.83787144,0.003785411784,1.0,0.00011667481885524467,2.439602576487232e-05,3.7836791761947097e-06,0.0,37.67061233520508,35.51709747314453
J-816,1.4670276641845703,1.4727989435195923,1.5016040802001953,-5391.81720233646,4285.822667330959,-1785.1999677599142,1.6661733016000002,5.0225488616,1.6651733016000003,149.99999999999997,150.0,0.28362743412383323,0.2032,6111.140500000001,3849.7772774075406,208.17830856,0.035961411948000004,3.0,0.0804588794708252,2.4395452783210203e-05,0.0026092228945344687,0.0,43.8693733215332,42.1219482421875
J-817,42.15319061279297,31.28658103942871,45.25376892089844,-2575.2104811753693,2386.328620261295,-1056.3536587553203,2.7201896848000007,2.6519959152000006,2.7191896848000003,149.99999999999997,150.0,0.24779948778340555,0.15239999999999998,12257.935000000001,7722.015167371558,204.96285144,0.029021490344000003,3.0,0.0012675776379182935,8.674204582348466e-05,2.3122469428926706e-05,0.0,43.06711959838867,40.350303649902344
J-818,67.34647369384766,74.9092025756836,87.52796936035156,-2612.2092127683854,2410.4879488888373,-1099.9806501055375,2.7834692128000005,2.715275443200001,2.7824692128,149.99999999999997,150.0,0.24562989160940124,0.15239999999999998,12673.155,7983.587376540233,204.87647112000002,0.007570823568,1.0,0.0004148435837123543,8.674204582348466e-05,7.5673542596632615e-06,0.0,43.153499603271484,40.436683654785156
J-819,108.3021240234375,97.41373443603516,112.88993835449219,3919.320636622979,-163.249754854042,-839.9269663598088,9.0135065368,2.6254722192,9.0125065368,150.0,150.0,0.19898682485073435,0.15239999999999998,47699.748500000016,30048.958604920703,196.66467144,0.041639529624000006,2.0,0.0033533191308379173,0.0004626249137800187,6.116944859968498e-05,0.0,49.69998550415039,46.34518051147461
J-82,49.583343505859375,57.82258987426758,62.886627197265625,3304.2097258764707,305.76405595983687,-1954.8853653148872,8.1487928992,3.2043215568000005,8.1477928992,150.0,150.0,0.18677175268644555,0.1016,50822.378000000004,32016.091923957054,186.90156168000001,0.18674698134400003,3.0,0.04386763647198677,0.00047165999421849847,0.00051636784337461,0.0,59.470088958740234,56.118186950683594
J-820,113.95648956298828,101.67364501953125,119.80149841308594,2823.2766560699324,-420.7520764998294,-1227.374977612219,8.0024309872,3.2445505848000002,8.001430987200001,150.0,150.0,0.20963325768280522,0.15239999999999998,39835.59950000001,25094.855172615844,197.81870519999998,0.044163137479999996,3.0,0.0006540956092067063,1.0886332347581629e-05,2.121183933923021e-05,0.0,48.74131774902344,45.47987365722656
J-821,37.20236587524414,59.1243896484375,72.40724182128906,4818.995596497861,345.96734738029437,199.30111895352712,9.333964722400001,0.6321244152000001,9.332964722400002,149.99999999999994,150.0,0.19577732298370182,0.1016,50540.042000000016,31838.231389185494,192.26543208,0.12176407905200001,3.0,0.03980639576911926,0.001946989563293755,0.0004618187958840281,0.0,53.92767333984375,50.49091339111328
J-822,14.681702613830566,20.53480339050293,32.29939651489258,-2528.3930257134225,2766.4291006961394,-1067.6227426162977,2.031399292,2.6287323600000008,2.0303992920000002,149.99999999999997,150.0,0.26789001748127084,0.2032,7871.4185,4958.682930340964,208.43363952,0.051733961047999995,3.0,0.004187327343970537,0.00046747710439376533,0.00013579196820501238,0.0,39.81734848022461,37.080806732177734
J-823,98.40509033203125,87.9985122680664,117.1297378540039,-5560.292459843899,-1561.3052356226915,1355.5122292765016,7.468666141600002,4.6805280024,7.4676661416000005,150.0,150.0,0.19143795719033832,0.1016,50603.630000000005,31878.289319045856,181.00026792,0.19684141276800002,1.0,0.02426835149526596,0.005074411164969206,0.000196751207113266,0.0,66.4928207397461,63.74041748046875
J-824,83.08079528808594,79.12486267089844,91.34827423095703,-2701.1224414153453,2910.7932529330733,-1282.4155556869366,2.327085772,2.9244188400000013,2.3260857720000003,149.99999999999994,150.0,0.25966677662299026,0.2032,9326.5685,5875.369988218226,203.23804920000003,0.047948549264,3.0,0.0006513570551760495,4.415336297824979e-05,2.11230362765491e-05,0.0,45.01292037963867,42.27635955810547
J-825,44.52618408203125,62.845218658447266,78.73410034179688,4180.166575950399,167.00481988019166,-115.01145071983605,8.773659721600001,1.394098812,8.7726597216,149.99999999999997,150.0,0.20092435733104222,0.15239999999999998,45937.896000000015,28939.061079140753,195.53163840000002,0.035330509984,3.0,0.010708150453865528,0.0014250342501327395,0.00034725747536867857,0.0,50.76133728027344,47.372283935546875
J-826,53.12783432006836,52.61555862426758,67.03276062011719,-455.31423528650123,-1292.6278102429999,240.95691655776577,5.642348128000001,1.7804267160000002,5.641348128000001,150.0,150.0,0.2610448496787397,0.15239999999999998,23822.245000000006,15007.07396562645,198.72432696,0.016403451064000003,2.0,0.11506332457065582,0.024405192583799362,0.0020989233162254095,0.0,48.4838752746582,45.540184020996094
J-827,49.489990234375,54.3209342956543,75.81263732910156,2433.9541043950785,-292.7378096580573,-371.95656570595304,7.063348588,2.1280995792,7.062348588,149.99999999999997,150.0,0.21083016364604287,0.15239999999999998,35136.25600000001,22134.45427444752,186.70103376,0.123656784944,3.0,0.11640272289514542,0.003238370642066002,0.0020527273882180452,0.0,59.92048645019531,56.68855667114258
J-828,29.314525604248047,63.071136474609375,80.3250732421875,2482.775139148273,-413.38269499680604,-609.8488547046937,7.3430967712,2.4078477624000003,7.3420967712000005,149.99999999999997,150.0,0.20570049226502354,0.07619999999999999,38807.49200000001,24447.188032213446,201.55137744,0.070661019968,1.0,0.015487493015825748,0.003238370642066002,7.06286373315379e-05,0.0,45.068206787109375,41.83534622192383
J-829,16.628009796142578,8.82010555267334,26.37809181213379,-2815.8220077064975,2580.1025579369566,-744.1444698424237,1.4655569896,2.1709968264000006,1.4645569896,150.0,150.0,0.29288347877627713,0.2032,5086.7615000000005,3204.4589448224106,205.61981735999998,0.018296156956000002,3.0,0.09391617774963379,2.439642048557289e-05,0.0030456327367573977,0.0,42.66926956176758,39.933937072753906
J-83,65.57929229736328,47.63204574584961,65.60504150390625,-4457.4447670965865,-443.10208565331186,1593.2487231053128,5.183100481599998,1.2908499455999998,5.182100481599999,144.97236796304733,140.0,0.3522817118958275,0.2032,15165.821000000002,10603.58114406475,214.57648728,0.023974274632,3.0,0.000609301554504782,4.879224798060022e-05,1.9759201677516103e-05,0.0,34.042423248291016,32.02762222290039
J-830,112.72694396972656,101.48921966552734,114.61931610107422,-2840.5162498953473,2598.5875818220475,-769.4785541774993,1.5043031656,2.2097430024000007,1.5033031656,149.99999999999997,150.0,0.29057197439547516,0.2032,5277.441500000001,3324.579817719388,204.52503672000003,0.003785411784,1.0,0.00011667496437439695,2.439642048557289e-05,3.7836837236682186e-06,0.0,43.76405715942383,41.028717041015625
J-831,74.11100769042969,61.6186637878418,81.73723602294922,3761.2787257560512,-37.51708311471338,-531.1763088516376,8.573049810400002,2.1850154928000003,8.572049810400001,149.99999999999997,150.0,0.20053949905209237,0.15239999999999998,45042.432000000015,28374.95410762922,195.39200952000002,0.12428768690800002,2.0,0.007293613161891699,0.0003926175704691559,0.0001587042206665501,0.0,50.97275924682617,47.618011474609375
J-832,82.169189453125,82.74669647216797,99.4211654663086,3809.1559531794687,-75.60654739920021,-624.7092544200808,8.7064818016,2.3184474840000004,8.705481801600001,149.99999999999997,150.0,0.20058027748884746,0.15239999999999998,45699.085500000016,28788.61989119779,197.31941232,0.054888470868,2.0,0.0030529897194355726,0.0003926175704691559,9.900621807901189e-05,0.0,49.04533767700195,45.690574645996094
J-833,146.67059326171875,146.39358520507812,156.01283264160156,2845.328125936585,-460.65587434116054,-1317.56689408896,8.106336697600002,3.3484562952,8.1053366976,149.99999999999997,150.0,0.20955078705454416,0.15239999999999998,40346.946500000005,25416.983597166145,196.90585968000002,0.0315450982,2.0,0.0004861447960138321,5.195463018026203e-05,1.576532122271601e-05,0.0,49.6541633605957,46.39271926879883
J-834,52.99945068359375,56.83591842651367,68.78189086914062,6729.63906476012,529.385391549262,275.7981877116698,11.602773392800001,2.3282080944,11.601773392799998,150.00000000000003,150.0,0.2323597151406827,0.1016,54100.88800000002,34081.42380460248,183.5854596,0.057412078724000004,3.0,0.035821061581373215,0.005384593270719051,0.0011616506380960345,0.0,61.76902770996094,57.39101028442383
J-835,91.45209503173828,87.68921661376953,91.45209503173828,-6146.68821046987,4578.83379788329,-1224.570770678044,2.3670307264,5.637657914400001,2.3660307264000005,149.99999999999997,150.0,0.2869736721146919,0.2032,8522.2975,5368.711006858228,210.15085224000003,0.003785411784,1.0,0.00011667486978694797,2.4397722881985828e-05,3.7836805404367624e-06,0.0,41.77516174316406,40.02533721923828
J-836,63.78802490234375,42.087406158447266,92.07266998291016,-1938.4330180578088,-357.73999630778206,477.743699995934,3.8922103024000005,1.1295720360000001,3.8912103024000007,149.99999999999997,150.0,0.27434640108697506,0.15239999999999998,15317.514000000005,9649.429160329712,206.0448,0.010094431424,2.0,0.1654995083808899,0.034643303602933884,0.003018953138962388,0.0,41.631492614746094,38.92902755737305
J-837,35.23523712158203,46.61188888549805,59.66560745239258,-4023.4830700829343,-429.48642487219695,1336.7407116561849,4.734792412,1.8466189128,4.733792412000001,144.49623216811221,140.0,0.3530786728449215,0.15239999999999998,14172.404,9977.767649253043,213.31086624,0.024605176596000002,3.0,0.026100968942046165,2.4395545551669784e-05,0.0004766716156154871,0.6666666666666666,35.1907844543457,33.02864456176758
J-838,135.30166625976562,143.2395782470703,161.2906951904297,-6103.038685024833,-1304.0082342161325,2712.62397392999,7.564403212000002,2.26003866,7.563403212,149.99999999999997,150.0,0.19718394705636644,0.1016,48804.104999999996,30744.659605389817,180.18373920000002,0.035961411948000004,1.0,0.0011084101861342788,0.00023176395916379988,3.5944929550169036e-05,0.0,68.0505142211914,65.72323608398438
J-839,71.03082275390625,79.4592056274414,85.71687316894531,5036.135795476856,278.9819936940704,8.676471989853994,9.744423642400001,1.0425833352,9.743423642400002,150.0,150.0,0.19180993701146878,0.1016,54579.99200000001,34383.24041194689,185.2440288,0.235957334536,3.0,0.012141510844230652,0.001946989563293755,0.00017446954734623432,0.0,60.94828796386719,57.51114273071289
J-84,121.94274139404297,125.28270721435547,131.63119506835938,-4540.578920452485,-468.4880616703445,1625.459799344661,5.2852173207999975,1.3929667847999996,5.2842173208,145.06952632371002,140.0,0.34940072644857834,0.2032,15668.364500000001,10920.163711133673,213.62194512000002,0.010094431424,1.0,0.0003111326659563929,6.505646888399497e-05,1.0089805982715916e-05,0.0,34.99696731567383,32.98216247558594
J-840,35.362178802490234,46.33039474487305,60.99706268310547,-3965.2957742100516,-410.61648814087926,1319.6067090774077,4.660921084,1.7727475847999998,4.6599210840000005,144.40898377239557,140.0,0.35625992844927756,0.15239999999999998,13687.684000000001,9672.413183600522,212.50439592,0.01892705892,2.0,0.038534604012966156,0.001280610216781497,0.0007029274711385369,1.0,35.996185302734375,33.83262252807617
J-841,45.14023971557617,60.37849807739258,74.40139770507812,4900.176367042535,320.85197929814154,127.99756426129144,9.487678105600002,0.7858377984000001,9.4866781056,150.00000000000003,150.0,0.19589759319671796,0.1016,51296.50550000001,32314.773532749074,193.28995632000002,0.1261803928,2.0,0.010141491889953613,0.0011585068423300982,0.0003288811712991446,0.0,52.90274429321289,49.46579360961914
J-842,66.03923034667969,73.25672149658203,87.4113540649414,-2633.5529152139193,2424.431232512673,-1125.1523019189567,2.8199717560000006,2.7517779864000005,2.818971756,149.99999999999997,150.0,0.24442266839449667,0.15239999999999998,12912.673,8134.474261554593,201.70959912,0.012618039280000002,1.0,0.000691405963152647,0.00014457003271672875,1.2612256796273869e-05,0.0,46.320369720458984,43.603553771972656
J-843,121.53436279296875,114.83769989013672,127.73493957519531,-4053.279934588441,-439.11093507758176,1345.2316096564034,4.7727244672,1.8845509679999999,4.7717244672,144.53998348414947,140.0,0.35188723647202624,0.15239999999999998,14359.077500000001,10095.364585306817,213.37804416000003,0.003785411784,1.0,0.00011667465878417715,2.4395545551669784e-05,3.7836734918528236e-06,0.0,35.12360763549805,32.96146774291992
J-844,139.414306640625,107.15560913085938,145.1823272705078,-3876.0636124069083,-555.420298989621,1155.5010782454535,5.0185417048,2.1895582320000004,5.0175417048,144.80747825671767,140.0,0.3227095143402424,0.15239999999999998,18088.807000000004,12444.94693903876,202.45004976,0.008832627496,1.0,0.00048398415674455464,0.0001011990534607321,8.828579666442238e-06,0.0,45.83857727050781,43.52358627319336
J-845,53.59364318847656,52.45674514770508,66.20858764648438,-327.42597418697125,-1342.867158071254,250.4595038687433,5.741285293600001,1.6637340360000004,5.7402852935999995,150.0,150.0,0.2601095224929362,0.15239999999999998,24355.620000000003,15343.079160620287,194.16238536000003,0.066875608184,3.0,0.06037777662277222,0.0005855089402757585,0.0011013789335265756,0.0,53.03571701049805,50.0869255065918
J-846,70.88850402832031,60.3524055480957,73.21768951416016,6948.760626496976,515.514772382197,197.97127816999023,11.917052368000002,2.6424870696000005,11.916052367999999,150.00000000000003,150.0,0.23159064455350167,0.1016,55647.536500000024,35055.75130557164,184.020714,0.061197490507999996,3.0,0.007691740989685059,0.00019734690431505442,0.00024943752214312553,0.0,61.332733154296875,56.953338623046875
J-847,88.52375030517578,71.75283813476562,92.26432037353516,-4296.501559350825,-517.9181398404204,1416.3233014292596,5.0816971792,2.1935236799999998,5.0806971792,144.87202376345869,140.0,0.33937653988366634,0.15239999999999998,16448.682,11411.732933059346,207.23601936,0.020819764812000003,1.0,0.001140819862484932,0.0002385406696703285,2.0810222849831916e-05,0.0,41.26734924316406,39.10749053955078
J-848,41.33728790283203,49.36561584472656,60.63029098510742,-4166.942566958512,-475.98717229158365,1378.8031444659,4.9169863072,2.028812808,4.915986307200001,144.7002101365007,140.0,0.3456412174078237,0.15239999999999998,15367.902000000002,10730.884196906653,210.95390880000002,0.043532235516,3.0,0.009132693521678448,0.0002385406696703285,0.00021371140610426664,0.3333333333333333,37.549461364746094,35.38960266113281
J-849,71.08687591552734,58.6452522277832,71.08687591552734,8455.497717753678,1072.8613067322765,1589.8222225111106,13.130615701600002,3.8635329384,13.1296157016,150.0,150.0,0.16787241464172054,0.07619999999999999,89423.403,56333.21389646618,161.24206512,0.06435200032800001,3.0,0.006741208489984274,0.00025209414889104664,0.00021861244749743491,0.0,84.5202865600586,80.68279266357422
J-85,57.0236701965332,28.415067672729492,61.318660736083984,-3700.082249951675,-447.93524964460823,1162.8567235551398,4.675080872799999,1.9317355320000003,4.6740808728,144.42592135030975,140.0,0.34420038402570446,0.1016,15759.807000000003,10977.768876436177,214.52354352,0.05047215712000001,3.0,0.05382595583796501,0.0005367164849303663,0.0004363840853329748,0.0,33.794979095458984,31.477550506591797
J-850,140.62391662597656,135.3189239501953,140.89620971679688,8805.103352068701,1114.2909271633932,1652.7444011231028,13.543049725600001,4.2759669624,13.5420497256,150.0,150.0,0.16894834468796566,0.07619999999999999,91453.09800000001,57611.84162414937,155.28694368,0.039115921768,1.0,0.0012056390987709165,0.00025209414889104664,3.909799488610588e-05,0.0,90.47540283203125,86.63789367675781
J-851,63.845733642578125,57.27779006958008,70.24263763427734,6826.366162941336,522.5572355091078,240.8718097779123,11.743489799200002,2.4689245007999996,11.7424897992,150.00000000000003,150.0,0.23201027899925006,0.1016,54793.39000000002,34517.67272804963,186.50081064,0.0157725491,2.0,0.01205570250749588,0.0024699715431779623,0.0003909575752913952,0.0,58.852909088134766,54.47389221191406
J-852,71.4278564453125,60.37897872924805,73.09754180908203,6934.96269523422,514.8781984812807,201.6449113333624,11.901506958400002,2.62694166,11.9005069584,150.0,150.0,0.23162773072133758,0.1016,55571.03350000002,35007.55743553159,185.13448368000002,0.07192282389600001,3.0,0.007136146072298288,0.0008260703179985285,0.00023141998099163175,0.0,60.219024658203125,55.839717864990234
J-853,141.7091522216797,137.10108947753906,142.29454040527344,7302.053665981721,490.5548269979439,70.43985903213074,12.431112198400003,3.1565469,12.430112198400002,149.99999999999997,150.0,0.23041652080536698,0.1016,58177.35850000002,36649.43930071521,177.88420608,0.09968251031200001,3.0,0.001024145050905645,4.378348239697516e-05,3.321227268315852e-05,0.0,67.4692153930664,63.08980941772461
J-854,88.16752624511719,88.80889129638672,97.61277770996094,7191.949771299,496.68572100257484,108.79633955104825,12.275499606400002,3.0009343079999997,12.2744996064,150.00000000000003,150.0,0.2307615640644451,0.1016,57411.54850000002,36167.00923110522,191.57179872,0.04227043158800001,3.0,0.0008331632707268,4.378348239697516e-05,2.7018875698558986e-05,0.0,53.78163146972656,49.402217864990234
J-855,79.95033264160156,84.12071990966797,99.15122985839844,3812.203995247981,-78.03146412379631,-630.6639090278608,8.7149765776,2.32694226,8.7139765776,150.0,150.0,0.20058283131208948,0.15239999999999998,45740.890500000016,28814.955390943218,197.80645224000003,0.039115921768,2.0,0.004113865550607443,0.0007806788780726492,0.00010152866889256984,0.0,48.55830001831055,45.203529357910156
J-856,95.73246002197266,86.48668670654297,95.73246002197266,-782.3948987886567,-1417.6672340999153,77.36188933474872,5.8265442544,2.3115489456000002,5.8255442544,150.0,150.0,0.25034993471872435,0.15239999999999998,25941.330000000005,16342.013864634688,196.07537112000003,0.04290133355200001,1.0,0.002350780414417386,0.0004915383760817349,4.288167110644281e-05,0.0,51.15644454956055,48.22493362426758
J-857,19.135452270507812,26.231094360351562,42.969661712646484,-2392.683482592604,2761.527604944607,-1132.9850033680068,1.9857396424,2.6719277016000005,1.9847396424000003,149.99999999999994,150.0,0.2693782346094584,0.2032,7646.715500000001,4817.1289105037,204.61507464000002,0.008832627496,2.0,0.0005055905203334987,7.725491741439328e-05,1.6395930288126692e-05,0.0,43.64162063598633,40.90470886230469
J-858,68.8566665649414,74.4209213256836,89.97435760498047,-2429.18494790453,2793.07885314942,-1181.3010138045556,2.0498174416,2.7360055008000006,2.0488174416000002,149.99999999999997,150.0,0.2673084769323646,0.2032,7962.059000000001,5015.782867302462,203.84051688000002,0.008832627496,2.0,0.00023334943398367614,2.0330242477939464e-05,7.567351531179156e-06,0.0,44.41617202758789,41.67926788330078
J-859,96.2142333984375,87.21356201171875,97.50931549072266,-447.8738674378021,-1597.017288314829,32.90018479474407,6.1462361728,2.0686849152000004,6.1452361728,150.00000000000003,150.0,0.25301181874238154,0.15239999999999998,27012.778000000002,17016.983809168567,196.27455792,0.051103059084,1.0,0.002800194313749671,0.0005855089402757585,5.107963806949556e-05,0.0,50.92348098754883,47.97467803955078
J-86,126.55762481689453,131.85203552246094,136.74725341796875,6105.53639058543,542.3046644991427,500.1057011632003,10.751494729600001,1.4856585984000001,10.7504947296,150.00000000000003,150.0,0.18893582389120564,0.1016,61588.29050000001,38798.19181399523,183.63645264000002,0.056150274796,1.0,0.0017306754598394036,0.00036187702789902687,5.612454333459027e-05,0.0,62.452301025390625,58.965702056884766
J-860,84.7940902709961,49.73112869262695,100.41531372070312,-2050.075399483198,18.00638557110476,-224.87436556670417,3.652837146400001,1.327692036,3.6518371464,149.99999999999997,150.0,0.2543352451733744,0.15239999999999998,15796.395500000002,9951.105601457326,212.95802976000002,0.05047215712000001,3.0,0.13712136447429657,0.0007079140632413328,0.0044467453844845295,0.0,34.83137512207031,32.18529510498047
J-861,99.41150665283203,92.04403686523438,103.13752746582031,7173.4535464652945,500.06152194075,117.21042969864403,12.242813464000003,2.9682481656000004,12.241813464,150.0,150.0,0.23083515456722692,0.1016,57250.69150000002,36065.67567094375,179.21136624000002,0.096528000492,3.0,0.002271257108077407,0.00019734690431505442,7.365519559243694e-05,0.0,66.14207458496094,61.76268768310547
J-862,66.94134521484375,42.70371627807617,95.93458557128906,-1784.1277084758551,-299.5036065834095,142.16067230580222,4.014687781600001,1.2520495152000002,4.0136877816,150.0,150.0,0.2960750454406795,0.15239999999999998,13922.155000000002,8770.408072199582,205.60960656,0.027128784452000003,3.0,0.1442737728357315,0.002492788713425398,0.0026317648589611053,0.0,42.10784912109375,39.42551803588867
J-863,66.40332794189453,44.05544662475586,103.26142883300781,-1857.943160943951,-221.0682259730488,42.21430054331278,3.923162742400001,1.160524476,3.9221627424000003,149.99999999999997,150.0,0.2994277528701456,0.15239999999999998,13321.597000000003,8392.080239258197,207.92014296,0.034068706056,3.0,0.13244597613811493,8.674194396007806e-05,0.0024160081520676613,0.0,39.82889938354492,37.162513732910156
J-864,80.2352523803711,79.48480224609375,97.3250503540039,-1891.1823096941862,-237.77832318831304,17.417887397212766,3.982885254400001,1.2202469880000002,3.9818852544000003,150.0,150.0,0.2972225495119079,0.15239999999999998,13713.477000000003,8638.949169774598,207.80782416000002,0.007570823568,1.0,0.0004148435837123543,8.674194396007806e-05,7.567353804915911e-06,0.0,39.941219329833984,37.27483367919922
J-865,15.514772415161133,27.934812545776367,43.303428649902344,-2616.989656093633,1312.998841562701,-572.3239390360035,3.4757815696000005,1.8747656688000003,3.4747815695999997,150.00000000000003,150.0,0.22705485179999443,0.15239999999999998,17215.887000000002,10845.329211955752,200.9246172,0.039115921768,2.0,0.05987735837697983,3.7559842894552276e-05,0.0010922506917268038,1.0,47.056304931640625,44.37339401245117
J-866,63.29323196411133,55.6065673828125,84.97113037109375,-2967.266045103576,759.8499754147881,-779.7259513592303,2.8642332880000008,1.3594704840000003,2.863233288,150.00000000000003,150.0,0.27565835344764267,0.15239999999999998,11190.077000000003,7049.306781122237,210.89026656000001,0.006939921604,1.0,0.00038027329719625413,7.95135711086914e-05,6.9367411015264224e-06,0.0,37.156192779541016,34.52446365356445
J-867,58.24131774902344,40.56417465209961,71.7353744506836,-2508.661388405037,-110.78419138863092,468.05532135627624,3.561847640800001,0.7992093744000001,3.5608476408,150.0,150.0,0.28566015042408044,0.15239999999999998,13149.780000000006,8283.842311743305,208.25926344,0.078231843536,3.0,0.08694373816251755,0.0022022007033228874,0.0020147368777543306,0.0,39.780452728271484,37.27754592895508
J-868,12.911002159118652,14.23245620727539,58.90214538574219,-3326.307507595264,1327.7275222213393,-754.8012694663691,1.9851794200000004,1.3711961400000001,1.98417942,150.0,150.0,0.30479999999999996,0.30479999999999996,6509.7750000000015,4100.9012762897,216.05568168000002,0.043532235516,3.0,0.17941077053546906,0.004299193620681763,0.00994748156517744,0.3333333333333333,32.18619918823242,29.520658493041992
J-869,100.51992797851562,102.0964584350586,106.95948791503906,-5422.98657147231,4312.3616752204925,-1808.9368483950282,1.7081713888000003,5.0645469487999994,1.7071713888000004,149.99999999999997,150.0,0.2816488405193684,0.2032,6317.824000000001,3979.979723565514,208.17821712000003,0.003785411784,1.0,0.00011667460785247386,2.4395452783210203e-05,3.7836719002370955e-06,0.0,43.86946487426758,42.122039794921875
J-87,45.18159103393555,58.8956184387207,70.8697509765625,5719.335547132931,581.1095106329667,649.8098760522773,10.161438810400002,0.8956026792,10.1604388104,149.99999999999997,150.0,0.1881074480993166,0.1016,58684.472000000016,36968.90078738314,179.26455384,0.371601256796,4.0,0.04641563445329666,0.00036187702789902687,0.0003868296043947339,0.0,66.82422637939453,63.337642669677734
J-870,94.91413879394531,87.16580963134766,95.09394836425781,5436.727770785366,155.35921035040607,-343.04927019908445,10.501790682400001,1.7999503752000001,10.500790682400002,149.99999999999997,150.0,0.1853035666780924,0.1016,62034.392000000014,39079.21814911506,170.77209432,0.14384564779200001,1.0,0.01773456297814846,0.003708223346620798,0.00014377971820067614,0.0,75.4154052734375,71.97596740722656
J-871,142.4581298828125,138.51502990722656,142.71630859375,4318.675184839335,93.4995102457673,-305.69928404324554,9.089959825600001,1.7103989160000002,9.088959825599998,150.00000000000003,150.0,0.20100355077304988,0.15239999999999998,47494.49100000001,29919.654482471306,190.96933104000001,0.014510745172000001,1.0,0.000447253230959177,9.351874905405566e-05,1.4504094906442333e-05,0.0,55.323516845703125,51.93440628051758
J-872,146.3685760498047,142.2120819091797,148.5303192138672,4270.489017020351,119.13934466012236,-239.42049617833578,8.9795640088,1.6000030992,8.9785640088,150.0,150.0,0.2009765443601946,0.15239999999999998,46951.20450000001,29577.40543373445,193.22332704000002,0.003785411784,1.0,0.00011667496437439695,2.4397078959736973e-05,3.7836837236682186e-06,0.0,53.06953048706055,49.68041229248047
J-873,70.61473083496094,70.87891387939453,80.25043487548828,7084.565916355752,504.26416934971326,147.57035823198865,12.119286558400002,2.8447212599999996,12.1182865584,150.0,150.0,0.23111685158049824,0.1016,56642.78350000002,35682.717628144004,184.76674248,0.090849882816,3.0,0.0028300227131694555,0.00019733585941139609,9.177556057693437e-05,0.0,60.58668899536133,56.20729064941406
J-874,63.45674514770508,57.27201461791992,70.07711029052734,6821.710575564385,522.8880047403471,242.55505173315973,11.736711352000002,2.4621460536,11.735711352,150.00000000000003,150.0,0.23202691957170077,0.1016,54760.03150000002,34496.658189878166,186.47813352,0.0315450982,3.0,0.01684376783668995,0.0025716223753988743,0.0005462310509756207,0.0,58.87559509277344,54.49658966064453
J-875,15.11221694946289,10.225018501281738,28.495546340942383,-2378.710633908539,2750.921752244116,-1114.7441911848343,1.9490664112,2.646720436800001,1.9480664112000001,149.99999999999997,150.0,0.2706240698049565,0.2032,7466.237000000001,4703.434579901975,204.73830528000002,0.0031545098200000004,2.0,0.04770386964082718,0.00890521053224802,0.0015470015350729227,0.0,43.51849365234375,40.781593322753906
J-876,15.102461814880371,10.260995864868164,27.752750396728516,-2375.058589053589,2746.2929455718718,-1109.6554045999358,1.9547993944,2.6409874536000006,1.9537993944000003,149.99999999999994,150.0,0.2704262290949146,0.2032,7494.450500000001,4721.207971172579,204.72010872,0.015141647136,3.0,0.043682295829057693,0.00013417938316706568,0.0010252383071929216,0.0,43.53658676147461,40.79967498779297
J-877,156.58181762695312,154.53660583496094,163.29751586914062,6799.954895202516,513.8227335202597,241.73219569296353,11.7347572792,2.4601919808000003,11.733757279199999,150.0,150.0,0.2320317202419467,0.1016,54750.415000000015,34490.60017449001,179.3505684,0.021450666776000004,1.0,0.0006611570133827627,0.00013824523193761706,2.1440835553221405e-05,0.0,66.0196304321289,61.66244125366211
J-878,143.2626495361328,138.39356994628906,148.22659301757812,2821.8717332595807,-418.44069057765745,-1221.4740146695574,7.9970750416000005,3.2391946392000004,7.9960750416,150.0,150.0,0.20963756681922535,0.15239999999999998,39809.24150000002,25078.250673099283,195.48018816,0.025236078560000003,1.0,0.0007778317667543888,0.00016264138685073704,2.5224513592547737e-05,0.0,51.07984924316406,47.81841278076172
J-879,154.5557861328125,153.22560119628906,161.54420471191406,-2447.4991412893705,2808.9093316307103,-1205.5430202872258,2.0819677456,2.7681558048000006,2.0809677455999998,150.0,150.0,0.26631802091654677,0.2032,8120.279,5115.455221559646,203.35204439999998,0.0031545098200000004,1.0,9.722887625684962e-05,2.0330242477939464e-05,3.153061015837011e-06,0.0,44.90464782714844,42.16773986816406
J-88,157.99998474121094,154.1204833984375,160.99998474121094,-2981.4149969473247,3131.5576500420357,-1538.902284925669,2.5658185432,3.271258380000001,2.5648185432,150.0,150.0,0.25441086091711,0.2032,10501.434500000001,6615.489190321123,189.92313552000002,0.006309019640000001,1.0,0.0001944579416885972,4.0660452214069664e-05,6.306128398136934e-06,0.0,58.3383903503418,55.601463317871094
J-880,152.29080200195312,124.837890625,154.29080200195312,-4953.040004528942,-686.8137012792096,1995.626730853249,6.062253104800002,0.9665107416000001,6.0612531048000005,145.70159933110733,140.0,0.30638446382457685,0.15239999999999998,22392.5985,15156.165691643077,211.51114416000001,0.010094431424,1.0,0.00031113269506022334,6.505660712718964e-05,1.0089805982715916e-05,0.0,36.7972526550293,34.50544738769531
J-881,1.8317854404449463,1.8331085443496704,1.8571913242340088,-5762.90775589205,4254.6046838900265,-984.9404971637092,1.8703682704000002,5.112064452,1.8693682704000003,149.99999999999997,150.0,0.3100172497488218,0.30479999999999996,6054.363000000001,3814.009693702338,208.95384168,0.138167530116,2.0,0.4899619221687317,0.4804876744747162,0.03575049340724945,0.0,42.87772750854492,41.129310607910156
J-882,33.73153305053711,41.71889877319336,60.956356048583984,-3907.0009144262885,-391.7199247204911,1302.509269474657,4.586888516799999,1.6987150176,4.585888516800001,144.3187248655185,140.0,0.35955095347027816,0.15239999999999998,13201.906,9366.392219712607,213.40486656000002,0.020819764812000003,2.0,0.038084328174591064,0.00045308980043046176,0.0006947139045223594,1.0,35.094696044921875,32.929752349853516
J-883,51.901771545410156,40.66215133666992,55.581382751464844,-4243.500651399857,-484.2918184285335,1426.3331571692045,4.9989131944,1.9493215776,4.9979131944,144.78708545214585,140.0,0.34247356506870347,0.15239999999999998,15905.480000000003,11069.537115986846,212.14159248,0.019557960884,2.0,0.047563571482896805,0.006575173698365688,0.0008676291909068823,0.0,36.363521575927734,34.20584487915039
J-884,51.857112884521484,42.12149429321289,55.491294860839844,-4221.286143129426,-481.9562545520415,1412.1396808742707,4.9753494112,1.9728853607999999,4.9743494111999995,144.7623915719835,140.0,0.3433739546290439,0.15239999999999998,15750.862000000003,10972.133879540525,211.86090216,0.005678117676,2.0,0.04697062075138092,0.007539055310189724,0.0008568129269406199,0.0,36.64363098144531,34.48521423339844
J-885,51.09341049194336,38.404197692871094,64.2086181640625,-2285.501992652717,-158.5534400390605,477.5296166372634,3.572917672000001,0.8102794056000001,3.571917672,149.99999999999997,150.0,0.28524715265694955,0.15239999999999998,13222.418000000007,8329.601384354435,203.46515568,0.04227043158800001,2.0,0.3779815435409546,0.08685748279094696,0.006894935853779316,0.0,44.4863166809082,41.934932708740234
J-886,156.0979461669922,146.3362579345703,160.16049194335938,-4408.872413263669,-689.7122738215808,1589.9373177261234,5.573132010400001,1.8508775784000002,5.5721320104,145.32428622448776,140.0,0.31544198395811934,0.15239999999999998,19985.506500000003,13639.792751726302,191.81527296000002,0.008832627496,1.0,0.00027224107179790735,5.692440754501149e-05,8.828578756947536e-06,0.0,56.48257827758789,54.17869567871094
J-887,111.68436431884766,119.18844604492188,129.4199676513672,-2601.5553835556993,1497.8461782600837,-615.8635641698372,3.5061579376000003,2.0571275088000003,3.5051579376,150.0,150.0,0.22794947831547893,0.15239999999999998,17240.717000000004,10860.971131790197,204.82486848000002,0.010094431424,1.0,0.0003111327241640538,6.50568472337909e-05,1.0089805982715916e-05,0.0,43.153865814208984,40.46726608276367
J-888,157.4631805419922,154.8784942626953,164.41465759277344,6694.756300000898,522.4449410114305,280.8422573787156,11.5784771752,2.3039118768,11.577477175199999,150.00000000000003,150.0,0.23242090902372747,0.1016,53981.320000000014,34006.10068455557,187.63164912,0.006309019640000001,1.0,0.0001944579853443429,4.066045585204847e-05,6.306130217126338e-06,0.0,57.73854446411133,53.3813591003418
J-889,97.87455749511719,97.5246810913086,102.09789276123047,10633.230111862873,1443.9176614003657,2296.4130612520503,15.533596722400004,6.2665139592,15.532596722400003,149.99999999999997,150.0,0.1581876812979632,0.1016,111560.04200000002,70278.4226214781,161.24322336,0.179176157776,3.0,0.005312083754688501,0.0006993578863330185,7.777558494126424e-05,0.0,82.26946258544922,75.45060729980469
J-89,142.12245178222656,136.9717254638672,144.52532958984375,-2969.475860820791,3121.3949986393563,-1524.2505124052275,2.545686808,3.2511266448000007,2.544686808,150.0,150.0,0.2548160044845251,0.2032,10402.361,6553.076796252743,195.80940264000003,0.034068706056,3.0,0.0005055906367488205,3.0350365705089644e-05,1.6395935745094903e-05,0.0,52.45212173461914,49.7151985168457
J-890,66.05043029785156,63.10812759399414,76.989013671875,8643.71044112547,1095.427617542406,1624.382522001399,13.352235476800002,4.0851527136,13.351235476800001,150.0,150.0,0.16845882415708452,0.07619999999999999,90514.0515,57020.27939805931,162.80093424,0.13879843208,3.0,0.0038502670358866453,0.0003781411796808243,0.0001248613407369703,0.0,82.96127319335938,79.12361145019531
J-891,156.54173278808594,153.45306396484375,160.27877807617188,7282.292255960062,490.2755794640256,76.1422451255539,12.407014710400002,3.132449412,12.406014710400001,149.99999999999997,150.0,0.23046938627415925,0.1016,58058.768500000006,36574.7322820617,189.52089096,0.012618039280000002,1.0,0.00038891585427336395,8.132072980515659e-05,1.2612256796273869e-05,0.0,55.83253860473633,51.453125
J-892,142.15673828125,139.2457733154297,146.22799682617188,9164.340601253103,1157.5465932641744,1719.189479241138,13.965757948000002,4.698675184800001,13.964757948,150.0,150.0,0.1699851300289734,0.07619999999999999,93533.355,58922.32141589495,161.96876928,0.058673882652000006,1.0,0.0018084588227793574,0.0003781411796808243,5.8646994148148224e-05,0.0,83.79341888427734,79.95571899414062
J-893,1.144366979598999,1.1446335315704346,1.16057288646698,-5721.175990616047,4244.729197139786,-1029.0533633523821,1.8353805832000003,5.147052139200001,1.8343805832000002,149.99999999999997,150.0,0.31011675990714327,0.30479999999999996,5939.574000000001,3741.6971550041467,210.28508616000002,0.07570823568,2.0,0.39465296268463135,0.38846033811569214,0.02879619225859642,0.0,41.56565856933594,39.817466735839844
J-894,141.9579620361328,139.6712188720703,146.90298461914062,9174.553119409218,1158.7713707899595,1721.0656014251188,13.977782612800002,4.710699849599999,13.976782612800001,150.0,150.0,0.1700137058241933,0.07619999999999999,93592.5315,58959.600274899494,154.1836896,0.059304784616,1.0,0.0018279044888913631,0.00038220721762627363,5.927760503254831e-05,0.0,91.5784912109375,87.74079895019531
J-895,15.399444580078125,14.086814880371094,23.064308166503906,-1164.4726371156858,2020.9763280775705,-987.4732919765268,3.1389138664,2.6133497136,3.1379138664,150.0,150.0,0.24505792577032348,0.2032,13321.785500000002,8392.19898681715,197.58519792,0.10157521620400002,4.0,0.22769388556480408,0.032837219536304474,0.0051119765266776085,0.0,50.30402755737305,47.54506301879883
J-897,109.94940185546875,106.18822479248047,111.43637084960938,10758.736330283838,1463.5681037247973,2332.3099246562288,15.674636826400002,6.4075540632,15.673636826400003,149.99999999999997,150.0,0.15767847385978012,0.1016,112948.23200000002,71152.92752260488,160.98972120000002,0.027128784452000003,1.0,0.003344676224514842,0.0006993578863330185,2.71163517027162e-05,0.0,82.5229263305664,75.70401763916016
J-898,61.850608825683594,57.12275314331055,68.88605499267578,7848.071214732419,993.1084218961714,1459.3789103664758,12.425775455200002,3.1586926920000002,12.4247754552,150.0,150.0,0.1723420135056929,0.1016,80971.25000000001,51008.69115565013,167.94464760000002,0.15078556939600002,3.0,0.12475428730249405,0.016428789123892784,0.0016484195366501808,0.0,78.02365112304688,74.4590835571289
J-899,110.62230682373047,106.69768524169922,119.00936889648438,-2731.2139636177917,2596.847007447994,-729.8554196062881,1.654401316,2.1956396016000004,1.6534013160000003,150.0,150.0,0.28264022084801577,0.2032,6016.1135,3789.91401860336,207.50805336000002,0.002523607856,1.0,7.778319559292868e-05,1.626348966965452e-05,2.52245195042633e-06,0.0,40.77376937866211,38.040138244628906
J-9,50.62078857421875,56.5356330871582,68.03052520751953,7540.290849601078,920.2784152543622,1287.9760071235696,12.121204055200002,2.8466387568,12.1202040552,150.0,150.0,0.24638569947744024,0.1016,53322.312000000005,33590.951658931,171.79192464000002,0.20062682455200004,4.0,0.0556395947933197,0.0034787983167916536,0.0004510877770371735,0.0,74.12500762939453,70.49237823486328
J-90,122.31979370117188,124.33682250976562,130.83155822753906,-4493.862863992826,-540.8702351378057,1535.9601661141094,5.294589615999999,2.0196523487999998,5.293589615999999,145.07825572249652,140.0,0.3432178235800137,0.2032,16220.814500000002,11268.185403140886,198.75706248,0.038485019804,1.0,0.0011861934326589108,0.00024802808184176683,3.846738036372699e-05,0.0,49.78607177734375,47.67593002319336
J-900,91.47994232177734,98.56380462646484,111.8758544921875,-2715.024701044328,2769.121314154516,-926.2909180060927,1.7701311328,2.475570969600001,1.7691311328000001,149.99999999999997,150.0,0.27744354433555074,0.2032,6585.650000000001,4148.699531120086,202.94089968,0.005678117676,1.0,0.0001750122319208458,3.659438152681105e-05,5.6755184232315514e-06,0.0,45.325897216796875,42.589637756347656
J-901,15.527438163757324,22.8197078704834,50.32164001464844,-2067.5020535617077,1931.8097754958817,-445.36726850279854,2.8351413472000004,1.9765408272000002,2.8341413472,150.0,150.0,0.24393012194403232,0.15239999999999998,13012.211000000003,8197.179272286809,197.56761096,0.047948549264,3.0,0.028176715597510338,0.0001626413140911609,0.0005176630802452564,0.6666666666666666,50.40168380737305,47.69404602050781
J-902,66.359375,58.28800582885742,75.30098724365234,-2125.9980854833057,1961.9907785865923,-511.6636350852326,2.9395963072000004,2.0809957872,2.9385963072,150.0,150.0,0.24248233435645694,0.15239999999999998,13526.261000000002,8521.010480136038,200.71899912,0.017665254992,2.0,0.0005055906367488205,4.879220432485454e-05,1.63959339261055e-05,0.0,47.25029373168945,44.542640686035156
J-903,15.650245666503906,9.11584186553955,31.479875564575195,-3138.8955330049102,2046.660332831458,-744.2136218487557,1.5464356696000001,1.8099398904000001,1.5454356696000002,149.99999999999997,150.0,0.30479999999999996,0.30479999999999996,5070.327,3194.105858575162,208.1784,0.038485019804,3.0,0.12170920521020889,0.0031837322749197483,0.007900424301624298,0.3333333333333333,40.11762619018555,37.39710235595703
J-904,15.669020652770996,9.35057544708252,35.39714050292969,-3147.0053497769823,2053.8003871401816,-752.1379046826689,1.5354232456,1.8209523144000002,1.5344232456000002,149.99999999999997,150.0,0.30479999999999996,0.30479999999999996,5034.197,3171.345384808811,208.17693696,0.016403451064000003,2.0,0.1501384973526001,0.028853707015514374,0.010954983532428741,0.0,40.12064743041992,37.39878845214844
J-905,75.78349304199219,74.45568084716797,92.14798736572266,5116.8065476904785,254.09609633561843,-62.098051315574416,9.8969608024,1.1951204952,9.895960802400001,150.0,150.0,0.19198550438639922,0.1016,55330.667000000016,34856.13602901181,186.0698844,0.1261803928,2.0,0.0075487191788852215,0.0011585068423300982,0.0002447994484100491,0.0,60.12255859375,56.685489654541016
J-906,131.66424560546875,132.841796875,137.69515991210938,8334.417321468805,1050.2283358417465,1527.2750864513873,13.004492814400002,3.729927516,13.003492814400001,150.0,150.0,0.2503243652381496,0.15239999999999998,55270.311,34818.11413156808,174.05832600000002,0.05678117676,1.0,0.001750121358782053,0.0003659430949483067,5.675515785696916e-05,0.0,71.91063690185547,68.3469467163086
J-907,112.39359283447266,102.30581665039062,115.54248046875,-2597.76768715437,2678.8387100102004,-834.0190351113616,1.751964748,2.349297816000001,1.7509647480000003,149.99999999999997,150.0,0.2782138264310961,0.2032,6496.2485,4092.3801152489978,207.38064696,0.005678117676,1.0,0.00017501211550552398,3.6594225093722343e-05,5.675514785252744e-06,0.0,40.886688232421875,38.15141677856445
J-908,140.12442016601562,145.11289978027344,156.9710693359375,-2169.9631363792646,1984.6745281228434,-561.4913419444039,3.0181036432000004,2.1595031232,3.0171036432,150.0,150.0,0.24146017808113723,0.15239999999999998,13912.616000000002,8764.398878752105,202.71623160000001,0.007570823568,1.0,0.00023334950674325228,4.879220432485454e-05,7.567353804915911e-06,0.0,45.25306701660156,42.54541015625
J-909,41.13587188720703,42.384952545166016,67.52082824707031,-1768.2207436093217,-760.013708258204,291.774732203836,4.686533123200001,1.9238948568,4.6855331232,150.0,150.0,0.2536732339679131,0.15239999999999998,20529.606,12932.841372724044,207.17015208,0.092111686744,3.0,0.06995829194784164,0.00563903758302331,0.0015363915590569377,0.0,40.332611083984375,37.54328155517578
J-91,26.32073211669922,48.222137451171875,62.49980926513672,-4174.335100324367,-439.441022056968,1432.8170555790416,4.892742515199998,1.6178052479999998,4.8917425152,144.6739440354753,140.0,0.3547200145254939,0.2032,14243.220500000001,10022.379248767984,209.99479464,0.070661019968,3.0,0.0018019768176600337,8.94527038326487e-05,5.843678445671685e-05,0.0,38.548343658447266,36.43819808959961
J-910,66.33869171142578,60.63716506958008,68.75090789794922,1127.4358481806253,-2166.269164286147,-474.53441129281384,7.339771403200001,0.8103010464,7.3387714032,150.0,150.0,0.2440181695033179,0.15239999999999998,33580.889800000004,21154.63496661002,202.30072824,0.21829207954399998,4.0,0.03917057067155838,2.4396522348979488e-05,0.000848138821311295,0.0,44.41363525390625,41.227027893066406
J-911,30.881620407104492,45.18267822265625,68.48393249511719,-1929.259056305234,-917.2288691558074,196.98076723486412,4.982149194400001,2.219510928,4.9811491944,150.0,150.0,0.25067780087726654,0.15239999999999998,21984.4095,13849.310149279412,204.64375632000002,0.0473176473,3.0,0.03620027005672455,6.099026359152049e-05,0.0011739482870325446,0.0,42.85214614868164,40.0595588684082
J-912,33.57881546020508,51.943668365478516,64.48995208740234,-1987.2390057357773,-975.4877066806271,163.49687460078198,5.088280554400002,2.325642288,5.0872805544,150.0,150.0,0.24968731420702475,0.15239999999999998,22506.7095,14178.338531459458,204.50699256000001,0.061197490507999996,3.0,0.12781330943107605,0.010218597948551178,0.002583475084975362,0.0,42.98659133911133,40.19289779663086
J-913,118.99958038330078,122.1475830078125,132.13369750976562,-1982.0257936680725,-961.4628879864122,162.81355418528736,5.0821598656,2.3195215992000002,5.081159865599999,150.00000000000003,150.0,0.24974331212697518,0.15239999999999998,22476.588000000003,14159.363175507255,204.39257064,0.00946352946,1.0,0.00029168688342906535,6.099026359152049e-05,9.459191460337024e-06,0.0,43.10333251953125,40.31074142456055
J-914,51.500179290771484,46.29914474487305,74.60662841796875,790.4632960026869,-1369.3931487261323,130.40440863967686,6.458000852800001,0.38220639840000004,6.4570008528,150.00000000000003,150.0,0.2529603191520396,0.15239999999999998,28390.369000000002,17884.81175869143,204.52086096,0.039746823732,3.0,0.1692856103181839,0.02246343344449997,0.010127034969627857,0.0,42.42214584350586,39.34544372558594
J-915,47.77459716796875,61.85994338989258,72.27742004394531,830.1142426731468,-2955.9253217231253,-1371.9154516223664,8.1321017464,1.6026313896000002,8.131101746399999,150.0,150.0,0.24293702711374052,0.15239999999999998,36719.66380000001,23131.93868334139,199.37294136,0.15015466743199998,2.0,0.04801984503865242,0.00465400842949748,0.0015572482952848077,0.0,47.36118698120117,44.18411636352539
J-916,50.8489875793457,58.0598258972168,77.09420776367188,655.3340664214275,-2793.3773568396155,-1300.8817490076322,7.920963738400001,1.3914933816000004,7.9199637384,150.0,150.0,0.24399637498776655,0.15239999999999998,35680.59880000001,22477.36875048688,194.84772816,0.118609569232,2.0,0.03808585926890373,0.00465400842949748,0.0012350964825600386,0.0,51.89080810546875,48.71583938598633
J-917,65.67434692382812,65.5531997680664,74.74796295166016,1109.1806443945688,-2557.1995320229494,-859.6094552111311,7.781502803200001,1.2520324464,7.7805028032,150.0,150.0,0.2417007527995128,0.15239999999999998,35754.764800000004,22524.09040278013,189.16906032000003,0.131858510476,2.0,0.02638963796198368,0.0036429930478334427,0.0008557967958040535,0.0,57.550323486328125,54.36615753173828
J-918,56.1988410949707,62.3668327331543,73.99143981933594,1095.5369903826747,-2851.072029779513,-1148.7430693484232,8.1125793064,1.5831089496,8.1115793064,150.0,150.0,0.24012933321203828,0.15239999999999998,37384.07830000001,23550.493590544073,200.49091728,0.0946352946,2.0,0.02871665358543396,0.0036429930478334427,0.0009312601177953184,0.0,46.23014450073242,43.04677200317383
J-919,128.9850616455078,127.05451202392578,132.0312042236328,1125.864946197355,-2195.4512945794304,-503.72765780160165,7.3753720432000005,0.8459016864,7.3743720432,150.0,150.0,0.24382111503557014,0.15239999999999998,33756.0898,21265.004050580814,202.550268,0.003785411784,1.0,0.00011667469516396523,2.4396522348979488e-05,3.7836750834685517e-06,0.0,44.16409683227539,40.97748947143555
J-92,79.11487579345703,74.2702865600586,88.21768188476562,-4976.873948750189,-602.4373969833719,1799.4865930082758,5.819482952799998,1.9272324168,5.8184829528,145.52225303204466,140.0,0.33597626097389294,0.2032,18297.624500000005,12576.49372095697,181.3855656,0.029021490344000003,2.0,0.0031502183992415667,0.0005651787505485117,0.00010215927613899112,0.0,67.23318481445312,65.21829986572266
J-920,51.08690643310547,58.0869140625,77.12418365478516,655.6297285665622,-2786.8529314137318,-1294.3152905842815,7.916129915200001,1.3866595584,7.9151299152,150.00000000000003,150.0,0.24402128960900518,0.15239999999999998,35656.810300000005,22462.382934539164,194.86589424000002,0.006309019640000001,2.0,0.05206456780433655,0.007943253964185715,0.0016884157666936517,0.0,51.87269973754883,48.6977653503418
J-921,39.462799072265625,55.7889404296875,75.22183227539062,509.25750946484715,-1091.964354604127,-818.3049069110882,6.4584138568,1.1253502512,6.4574138568,150.0,150.0,0.21636794011594873,0.15239999999999998,31153.522500000006,19625.48938806178,205.70546616000001,0.068137412112,3.0,0.062481630593538284,4.065984103363007e-05,0.0011406760895624757,0.0,41.402950286865234,38.400691986083984
J-922,69.71542358398438,72.77416229248047,92.78988647460938,637.9339747597639,-2880.913293364801,-1389.3524818888727,8.065113107200002,1.5356427504,8.064113107199999,150.0,150.0,0.24326712285233157,0.15239999999999998,36389.9953,22924.260542022752,190.1282964,0.05047215712000001,3.0,0.0011537837563082576,4.879202606389299e-05,3.741636101040058e-05,0.0,56.61274337768555,53.438995361328125
J-923,141.69186401367188,140.54652404785156,150.19192504882812,612.4735097272094,-3081.862172088096,-1591.905853064268,8.310263442400002,1.7807930856,8.3092634424,150.0,150.0,0.24208501222774512,0.15239999999999998,37596.44380000001,23684.2754724048,174.17363184,0.023343372668000004,1.0,0.0007194943609647453,0.00015044327301438898,2.3332677301368676e-05,0.0,72.5674057006836,69.3936538696289
J-924,93.83440399169922,91.361572265625,104.84342956542969,1070.032082606468,-3385.6739988011886,-1676.421155301442,8.724257432800002,2.1947870759999994,8.7232574328,149.99999999999994,150.0,0.23753983433247916,0.15239999999999998,40394.30530000002,25446.817771675018,174.7366584,0.092111686744,2.0,0.0012834223452955484,0.00010571691382210702,4.162044569966383e-05,0.0,71.98403930664062,68.80049133300781
J-925,149.22926330566406,146.37525939941406,154.9927215576172,1062.6262560146317,-3539.981311918427,-1828.8005024706122,8.901391952800001,2.3719215959999995,8.9003919528,149.99999999999997,150.0,0.23685640711897882,0.15239999999999998,41266.030300000006,25995.970110284827,152.6898648,0.016403451064000003,1.0,0.0005055906367488205,0.00010571691382210702,1.63959339261055e-05,0.0,94.03082275390625,90.8472900390625
J-926,142.9416961669922,138.9275360107422,148.37664794921875,629.8606291657696,-2944.593178900762,-1453.5452097700702,8.142839850400001,1.6133694936000003,8.1418398504,150.0,150.0,0.24288461877144465,0.15239999999999998,36772.50880000001,23165.228947282234,184.30762224000003,0.007570823568,1.0,0.00023334950674325228,4.879202606389299e-05,7.567353804915911e-06,0.0,62.43342208862305,59.259666442871094
J-927,51.077728271484375,57.59861373901367,77.41561126708984,659.1894587796716,-2713.1062400395745,-1220.212601634921,7.860439907200002,1.3309695504,7.8594399072,150.0,150.0,0.24431053896668692,0.15239999999999998,35382.7453,22289.732803269446,196.04522640000002,0.066875608184,3.0,0.054488811641931534,0.0005245180800557137,0.0017670324305072427,0.0,50.695831298828125,47.52207946777344
J-928,49.77790832519531,52.56741714477539,76.11102294921875,704.1283101858376,-2333.920021202929,-841.6836314483658,7.4193120112000015,0.8898416544000001,7.418312011199999,150.0,150.0,0.24675516592904986,0.15239999999999998,33211.8403,20922.14834985843,201.12069504,0.09400439263600001,2.0,0.08421255648136139,0.017326759174466133,0.0027309516444802284,0.0,45.64202880859375,42.47868347167969
J-929,74.56571960449219,64.69255828857422,80.32694244384766,1084.882673571357,-3073.912062680467,-1368.7014886053892,8.3677849936,1.8383146367999998,8.3667849936,149.99999999999997,150.0,0.23900290581281322,0.15239999999999998,38640.011800000015,24341.68211750314,198.35567136,0.07570823568,2.0,0.0021001456771045923,6.010779907228425e-05,6.810618651797995e-05,0.0,48.36558151245117,45.182315826416016
J-93,158.0,155.5,167.0,-3014.3700502997763,3159.9353056209297,-1579.5745010890184,2.6213003728,3.3267402096000005,2.6203003728,150.0,150.0,0.25332653017069395,0.2032,10774.475,6787.493927033034,191.99833584,0.007570823568,1.0,0.00023334955039899796,4.879206244368106e-05,7.567354714410612e-06,0.0,56.2631950378418,53.526268005371094
J-930,90.03338623046875,81.18785858154297,94.67506408691406,1083.816266876303,-3095.8297982239005,-1390.3693863788028,8.3931227128,1.8636523559999998,8.3921227128,149.99999999999997,150.0,0.23889480873117194,0.15239999999999998,38764.705300000016,24420.234100220674,198.34991064,0.06435200032800001,1.0,0.0009917354909703135,6.010779907228425e-05,3.216125332983211e-05,0.0,48.3713493347168,45.188079833984375
J-931,132.17068481445312,131.45521545410156,137.85597229003906,499.14561630973185,-1130.9210486973575,-874.9026982099202,6.526487584,1.1934239784,6.5254875839999995,150.0,150.0,0.21623057248606664,0.15239999999999998,31488.531000000006,19836.53151858363,205.06252104,0.006309019640000001,1.0,0.0001944579416885972,4.065984103363007e-05,6.306128398136934e-06,0.0,42.045894622802734,39.04364013671875
J-932,37.453182220458984,54.499176025390625,74.95752716064453,334.3344309131122,-695.0733531810066,-1571.0656402998416,6.0831748816,1.5005892263999998,6.0821748816,150.0,150.0,0.2203144337242432,0.15239999999999998,28691.324500000006,18074.40184345725,204.76107384000002,0.0630901964,2.0,0.0757104679942131,0.011615218594670296,0.0017765979282557964,0.0,42.381107330322266,39.394554138183594
J-933,69.37451934814453,62.936161041259766,74.12583923339844,1093.5884334780035,-2893.0422588762844,-1190.0365014237564,8.159862930400001,1.6303925735999998,8.1588629304,150.0,150.0,0.23991531408693906,0.15239999999999998,37616.77330000001,23697.082254896715,200.74856472000002,0.0473176473,3.0,0.04599099978804588,0.004960562102496624,0.001491454429924488,0.0,45.97323226928711,42.79022216796875
J-934,123.161865234375,129.22584533691406,136.46786499023438,121.04921064756886,-642.9063762780943,-1598.4348865631787,5.955923929600001,1.7069113943999998,5.9549239296000005,150.0,150.0,0.22068015258314003,0.15239999999999998,28065.089500000006,17679.89851411679,207.75146664,0.003785411784,1.0,0.0001166748334071599,2.4396616936428472e-05,3.7836791761947097e-06,0.0,39.394657135009766,36.40994644165039
J-936,139.1935272216797,134.4248809814453,139.92018127441406,5165.621463841282,250.6325310463001,-119.78426432402304,9.982917755200003,1.2725671272,9.981917755200001,150.0,150.0,0.2268311792999093,0.1016,48027.48900000001,30255.42218234724,179.61751224,0.006939921604,1.0,0.00021390376787167042,4.472631189855747e-05,6.936741556273773e-06,0.0,66.53759765625,63.08268737792969
J-938,21.960691452026367,52.25490188598633,71.89814758300781,-3909.6033426471445,-519.9587659568319,1202.215656241107,4.950983394400001,2.2076380536,4.949983394400001,144.73660973701948,140.0,0.3306783068063053,0.1016,18475.383,12688.474558930839,214.8841524,0.025866980523999997,1.0,0.0031891099642962217,0.0006668296409770846,2.585512447694782e-05,0.0,33.42757797241211,31.106916427612305
J-94,15.226035118103027,9.622234344482422,25.377771377563477,-2493.2902785364654,2754.719852872077,-1030.7372146821374,1.8588745671999998,2.5643144040000005,1.8578745672,149.99999999999997,150.0,0.27389721929150046,0.2032,7022.379500000001,4423.821876200118,204.71181816,0.029652392308,3.0,0.057513609528541565,0.004068173933774233,0.0018651242135092616,0.0,43.548892974853516,40.81211471557617
J-941,21.931289672851562,52.1719970703125,71.9646224975586,-3847.906098765744,-498.7575577114233,1190.665555865051,4.8697228,2.1263774592,4.8687228000000005,144.6487620120825,140.0,0.3345016995398628,0.1016,17675.574,12184.626461433154,214.80752568,0.010725333388000002,1.0,0.0013223137939348817,0.0002764902892522514,1.0720417776610702e-05,0.0,33.50423812866211,31.183578491210938
J-95,68.14807891845703,59.5835075378418,71.03872680664062,-2909.1392046363912,3069.2853748883936,-1449.6698729506707,2.4441475648,3.1495874016000007,2.4431475648,149.99999999999997,150.0,0.2569612085269979,0.2032,9902.660000000002,6238.284891975984,195.68681208,0.078231843536,3.0,0.002167367609217763,0.0002661651815287769,7.028615073068067e-05,0.0,52.57472229003906,49.83781051635742
J-96,67.0508041381836,74.59947967529297,89.2977523803711,-2941.35855698152,3097.1993961734875,-1489.560882751589,2.498345272,3.203785108800001,2.497345272,150.0,150.0,0.2557944758884906,0.2032,10169.381000000001,6406.308593150489,197.68416648000002,0.030914196236,3.0,0.0005440186359919608,3.0350365705089644e-05,1.764212538546417e-05,0.0,50.577362060546875,47.84043884277344
J-97,122.78267669677734,112.03887939453125,123.54090881347656,-4619.749697906672,-492.72154762048194,1656.5170098554718,5.382339402399998,1.4900888663999998,5.3813394024,145.1585112084957,140.0,0.3467621047556619,0.2032,16146.327500000003,11221.261533519126,210.92897616,0.025236078560000003,1.0,0.0007778317667543888,0.00016264132864307612,2.5224513592547737e-05,0.0,37.68992614746094,35.675113677978516
J-98,155.32174682617188,147.6365966796875,161.290771484375,-4018.834552959363,-608.5373990828394,1344.6877700311804,5.151003517600002,2.1327054120000004,5.150003517600002,144.94103366901354,140.0,0.3246420824347903,0.15239999999999998,17908.1025,12331.110237358393,182.90843784,0.012618039280000002,1.0,0.0003889158833771944,8.13207370811142e-05,1.2612256796273869e-05,0.0,65.38652801513672,63.07912826538086
J-99,19.847139358520508,108.90166473388672,127.510498046875,-3912.796896483726,-569.9542470306424,1317.5350452687412,5.0134338664000015,1.9951357608,5.012433866400001,144.8021869027247,140.0,0.32797514285351154,0.15239999999999998,17231.0865,11904.61688260058,194.84928264,0.054888470868,3.0,0.019241858273744583,8.13207370811142e-05,0.000623999338131398,0.6666666666666666,53.4456787109375,51.138282775878906
I-Pump-1,14.21583366394043,6.540191650390625,17.21583366394043,-3958.4068431789924,3210.188713465452,-1356.0995092901253,0.0731029272,3.2832726328,0.0731029272,150.0,150.0,0.30479999999999996,0.30479999999999996,239.83900000000003,151.08910234286827,144.77042928,0.0,2.0,0.38094428181648254,1.2258366268724785e-06,0.027795925736427307,0.0,4.439083099365234,4.126593589782715
O-Pump-2,0.09389373660087585,0.09165135771036148,0.09544401615858078,-4091.0877342998206,3323.067575918757,-1432.8983748171045,0.096993712,3.453369272,0.09599371200000001,150.0,150.0,0.4064,0.4064,236.205,148.79982579520927,144.64853976,0.0,2.0,0.5030425190925598,0.4966711699962616,0.03670492395758629,0.0,108.28462982177734,106.56661224365234
O-Pump-1,14.263532638549805,6.575965881347656,17.263532638549805,-3957.6365658004847,3209.5203035070963,-1355.6059182893737,0.0741029272,3.2822726328000003,0.0731029272,150.0,150.0,0.30479999999999996,0.30479999999999996,239.83900000000003,151.08910234286827,144.77042928,0.0,2.0,0.38094428181648254,1.2253709655851708e-06,0.027795925736427307,0.0,104.33782196044922,100.8875732421875
I-Pump-2,0.09389373660087585,0.09165135771036148,0.09544401615858078,-4090.29756670127,3322.408940567604,-1432.4906033418858,0.09599371200000001,3.4523692720000003,0.09599371200000001,150.0,150.0,0.4064,0.4064,236.205,148.79982579520927,144.64853976,0.0,2.0,0.2829613983631134,0.2793775498867035,0.03670492395758629,0.0,4.645605087280273,4.645082473754883
