model,strategy,n,seed,rmse,mae,precision,recall,f1,n_true_viol,coverage90,coverage50,coverage80,coverage95,map_kb,map_kw,map_gamma,map_demand,map_rough,map_dose,recall_all
simgp_core,random,3,0,0.0858718027221783,0.05701820559217406,0.5,1.0,0.6666666666666666,2,0.96875,0.84375,0.96875,0.96875,0.1,0.3,0.5,0.85,0.9,1.1,1.0
simgp_core_nogp,random,3,0,0.08897584244174656,0.06673080840466898,0.5,1.0,0.6666666666666666,2,0.96875,0.6875,0.96875,0.96875,,,,,,,
simgp_core_g75,random,3,0,0.09717986588513075,0.07481350774828649,0.3333333333333333,0.5,0.4,2,0.9375,0.46875,0.875,0.9375,,,,,,,
physgp_core,random,3,0,1.869353693783843,0.7796806774116726,0.06666666666666667,0.5,0.11764705882352941,2,0.125,0.0625,0.0625,0.125,,,,,,,
physgp_rich,random,3,0,1.8693587567785606,0.7798574969015029,0.06666666666666667,0.5,0.11764705882352941,2,0.25,0.0625,0.1875,0.28125,,,,,,,
simgp_rich,random,3,0,0.08898740192696246,0.06683826260099167,0.5,1.0,0.6666666666666666,2,0.96875,0.8125,0.96875,0.96875,,,,,,,
pinn_rich,random,3,0,0.2246682010635113,0.15573703165904132,1.0,0.0,0.0,2,0.15625,0.03125,0.09375,0.15625,,,,,,,
mean_of_samples,random,3,0,0.23185883068426333,0.1526652236023981,1.0,0.0,0.0,2,,,,,,,,,,,
nearest_sample,random,3,0,0.23083866645030085,0.15150215239547932,1.0,0.0,0.0,2,,,,,,,,,,,
decay_only,random,3,0,1.8693587576582167,0.7798575360516578,0.06666666666666667,0.5,0.11764705882352941,2,,,,,,,,,,,
simgp_core,random,4,0,0.08666997442633954,0.05912527639395719,0.6666666666666666,1.0,0.8,2,0.967741935483871,0.7741935483870968,0.967741935483871,0.967741935483871,0.1,0.3,0.5,0.85,0.9,1.1,1.0
simgp_core_nogp,random,4,0,0.08827906572055166,0.06629439119577298,0.5,1.0,0.6666666666666666,2,0.967741935483871,0.6774193548387096,0.967741935483871,0.967741935483871,,,,,,,
simgp_core_g75,random,4,0,0.09937308395987952,0.07721572037440555,0.3333333333333333,0.5,0.4,2,0.9354838709677419,0.3548387096774194,0.8064516129032258,0.9354838709677419,,,,,,,
physgp_core,random,4,0,0.7574507005817245,0.46042159850644343,0.06666666666666667,0.5,0.11764705882352941,2,0.12903225806451613,0.06451612903225806,0.06451612903225806,0.12903225806451613,,,,,,,
physgp_rich,random,4,0,0.7322222843074861,0.45223157873771097,0.06666666666666667,0.5,0.11764705882352941,2,0.3548387096774194,0.12903225806451613,0.25806451612903225,0.3548387096774194,,,,,,,
simgp_rich,random,4,0,0.08757084638760955,0.06392679618735843,0.5,1.0,0.6666666666666666,2,0.967741935483871,0.8064516129032258,0.967741935483871,0.967741935483871,,,,,,,
mean_of_samples,random,4,0,0.2358023684128504,0.15760420867312874,1.0,0.0,0.0,2,,,,,,,,,,,
nearest_sample,random,4,0,0.23568721540910886,0.1597959142564792,1.0,0.0,0.0,2,,,,,,,,,,,
decay_only,random,4,0,0.7574521607622663,0.4604373192664762,0.06666666666666667,0.5,0.11764705882352941,2,,,,,,,,,,,
simgp_core,random,5,0,0.1336483477867888,0.08990082903899874,0.5,1.0,0.6666666666666666,2,1.0,0.6333333333333333,0.9666666666666667,1.0,0.1,0.6,0.0,1.15,0.9,0.9,1.0
simgp_core_nogp,random,5,0,0.0652417326386579,0.053362523015100756,0.5,1.0,0.6666666666666666,2,1.0,0.8,1.0,1.0,,,,,,,
simgp_core_g75,random,5,0,0.15206098247218303,0.11713892901161799,0.25,0.5,0.3333333333333333,2,0.8666666666666667,0.23333333333333334,0.6,0.9333333333333333,,,,,,,
physgp_core,random,5,0,0.22279809440047268,0.14789085561639984,1.0,0.0,0.0,2,0.26666666666666666,0.03333333333333333,0.13333333333333333,0.3,,,,,,,
physgp_rich,random,5,0,0.22727813624716053,0.15305653035388372,1.0,0.0,0.0,2,0.36666666666666664,0.1,0.26666666666666666,0.4,,,,,,,
simgp_rich,random,5,0,0.06908055239562294,0.05264107108133247,0.5,1.0,0.6666666666666666,2,1.0,0.8666666666666667,1.0,1.0,,,,,,,
pinn_rich,random,5,0,0.23062253533439658,0.1564579737480812,1.0,0.0,0.0,2,0.13333333333333333,0.06666666666666667,0.13333333333333333,0.13333333333333333,,,,,,,
mean_of_samples,random,5,0,0.23695492697541073,0.15855293591946448,1.0,0.0,0.0,2,,,,,,,,,,,
nearest_sample,random,5,0,0.23874662160847399,0.16342245065701538,1.0,0.0,0.0,2,,,,,,,,,,,
decay_only,random,5,0,0.22671107572848448,0.15173543904444292,1.0,0.0,0.0,2,,,,,,,,,,,
simgp_core,random,6,0,0.06629359568362092,0.04245371365547748,0.5,1.0,0.6666666666666666,2,1.0,0.8620689655172413,1.0,1.0,0.1,0.6,0.0,1.15,0.9,0.95,1.0
simgp_core_nogp,random,6,0,0.04323894539147197,0.03891471012544198,0.5,1.0,0.6666666666666666,2,1.0,0.8275862068965517,1.0,1.0,,,,,,,
simgp_core_g75,random,6,0,0.11735167516947419,0.07369575474549662,0.3333333333333333,0.5,0.4,2,0.896551724137931,0.6896551724137931,0.8620689655172413,0.9310344827586207,,,,,,,
physgp_core,random,6,0,0.1806779590662795,0.12274079427905071,1.0,0.0,0.0,2,0.20689655172413793,0.10344827586206896,0.13793103448275862,0.20689655172413793,,,,,,,
physgp_rich,random,6,0,0.19221865092050927,0.13278206865456965,1.0,0.0,0.0,2,0.4482758620689655,0.20689655172413793,0.4482758620689655,0.4482758620689655,,,,,,,
simgp_rich,random,6,0,0.08311633842006981,0.06750159095806757,0.5,1.0,0.6666666666666666,2,1.0,0.6551724137931034,1.0,1.0,,,,,,,
mean_of_samples,random,6,0,0.2247546714686938,0.14754759353167443,1.0,0.0,0.0,2,,,,,,,,,,,
nearest_sample,random,6,0,0.2554980612337676,0.18437313814104478,1.0,0.0,0.0,2,,,,,,,,,,,
decay_only,random,6,0,0.1873711009192463,0.11737020044500869,1.0,0.0,0.0,2,,,,,,,,,,,
simgp_core,random,7,0,0.07520740135722799,0.05606565637463225,0.3333333333333333,1.0,0.5,1,1.0,0.7142857142857143,1.0,1.0,0.25,0.3,0.0,1.15,0.9,0.9,1.0
simgp_core_nogp,random,7,0,0.04931686670032235,0.04543987901362651,0.3333333333333333,1.0,0.5,1,1.0,0.5357142857142857,1.0,1.0,,,,,,,
simgp_core_g75,random,7,0,0.13320894110746154,0.09722272711183641,0.2,1.0,0.33333333333333337,1,0.8571428571428571,0.5,0.6785714285714286,0.8928571428571429,,,,,,,
physgp_core,random,7,0,0.25162097026795077,0.19339526560066278,0.0,0.0,0.0,1,0.14285714285714285,0.0,0.10714285714285714,0.25,,,,,,,
physgp_rich,random,7,0,0.2744778256244139,0.18532502966539077,1.0,0.0,0.0,1,0.6428571428571429,0.5,0.6071428571428571,0.75,,,,,,,
simgp_rich,random,7,0,0.0650803337309453,0.05381130427788262,0.3333333333333333,1.0,0.5,1,1.0,0.7142857142857143,0.9285714285714286,1.0,,,,,,,
mean_of_samples,random,7,0,0.24240779844627935,0.15989483662238685,1.0,0.0,0.0,1,,,,,,,,,,,
nearest_sample,random,7,0,0.277373704440494,0.21151375707644723,0.0,0.0,0.0,1,,,,,,,,,,,
decay_only,random,7,0,0.26885493611831685,0.18265586075387358,1.0,0.0,0.0,1,,,,,,,,,,,
simgp_core,random,8,0,0.07353460800568228,0.05379340639480929,0.3333333333333333,1.0,0.5,1,1.0,0.8518518518518519,1.0,1.0,0.25,0.3,0.0,1.15,0.9,0.9,1.0
simgp_core_nogp,random,8,0,0.04517306776444716,0.040929957246869646,0.3333333333333333,1.0,0.5,1,1.0,0.7777777777777778,1.0,1.0,,,,,,,
simgp_core_g75,random,8,0,0.14613982970110861,0.10543267933414312,0.25,1.0,0.4,1,0.7777777777777778,0.4074074074074074,0.7407407407407407,0.8888888888888888,,,,,,,
physgp_core,random,8,0,0.23989039168479856,0.1776170374163703,0.0,0.0,0.0,1,0.18518518518518517,0.0,0.14814814814814814,0.37037037037037035,,,,,,,
physgp_rich,random,8,0,0.2751110826252774,0.19151700029986762,0.0,0.0,0.0,1,0.5555555555555556,0.2222222222222222,0.5185185185185185,0.7407407407407407,,,,,,,
simgp_rich,random,8,0,0.06653849918857124,0.054958423099233704,0.3333333333333333,1.0,0.5,1,1.0,0.6666666666666666,0.8888888888888888,1.0,,,,,,,
pinn_rich,random,8,0,0.23046116766400734,0.18139964886959056,0.0,0.0,0.0,1,0.14814814814814814,0.14814814814814814,0.14814814814814814,0.2222222222222222,,,,,,,
mean_of_samples,random,8,0,0.24512968566209797,0.16383491462840724,1.0,0.0,0.0,1,,,,,,,,,,,
nearest_sample,random,8,0,0.27220179140304535,0.2006120329413257,0.0,0.0,0.0,1,,,,,,,,,,,
decay_only,random,8,0,0.2749092551239037,0.18896328090163483,1.0,0.0,0.0,1,,,,,,,,,,,
simgp_core,random,9,0,0.0809094460920296,0.06282305514780705,0.3333333333333333,1.0,0.5,1,1.0,0.7307692307692307,0.9615384615384616,1.0,0.25,0.3,0.0,1.15,0.9,0.9,1.0
simgp_core_nogp,random,9,0,0.04104431905596605,0.033815593210749784,0.3333333333333333,1.0,0.5,1,1.0,0.8076923076923077,0.9615384615384616,1.0,,,,,,,
simgp_core_g75,random,9,0,0.11724524841417006,0.0859345819025444,0.25,1.0,0.4,1,0.8461538461538461,0.6923076923076923,0.8076923076923077,0.8846153846153846,,,,,,,
physgp_core,random,9,0,0.22211365420436505,0.14194692598737066,1.0,0.0,0.0,1,0.8076923076923077,0.19230769230769232,0.6923076923076923,0.8461538461538461,,,,,,,
physgp_rich,random,9,0,0.25075152570941983,0.17498695005485418,0.5,1.0,0.6666666666666666,1,0.6538461538461539,0.3076923076923077,0.34615384615384615,0.7692307692307693,,,,,,,
simgp_rich,random,9,0,0.052085134763966694,0.03828515100135341,0.5,1.0,0.6666666666666666,1,0.9615384615384616,0.8846153846153846,0.9615384615384616,1.0,,,,,,,
mean_of_samples,random,9,0,0.24014344152912018,0.15716112924131503,1.0,0.0,0.0,1,,,,,,,,,,,
nearest_sample,random,9,0,0.25981509947689524,0.18114679142984808,0.0,0.0,0.0,1,,,,,,,,,,,
decay_only,random,9,0,0.2446093334432431,0.164090340904201,1.0,0.0,0.0,1,,,,,,,,,,,
simgp_core,random,10,0,0.07924726226848312,0.06296299770978195,0.5,1.0,0.6666666666666666,1,1.0,0.72,0.96,1.0,0.25,0.3,0.0,1.15,0.9,0.9,1.0
simgp_core_nogp,random,10,0,0.04079612902378269,0.03285032222740547,0.5,1.0,0.6666666666666666,1,1.0,0.8,0.96,1.0,,,,,,,
simgp_core_g75,random,10,0,0.121944933277356,0.09402566224277818,0.5,1.0,0.6666666666666666,1,0.84,0.52,0.76,0.88,,,,,,,
physgp_core,random,10,0,0.22168562058375557,0.13816905144587113,1.0,1.0,1.0,1,0.8,0.16,0.6,0.84,,,,,,,
physgp_rich,random,10,0,0.2387269355676947,0.15855155017872635,1.0,1.0,1.0,1,0.72,0.28,0.56,0.76,,,,,,,
simgp_rich,random,10,0,0.0700664517899241,0.047157329009328744,0.5,1.0,0.6666666666666666,1,0.96,0.88,0.92,1.0,,,,,,,
pinn_rich,random,10,0,0.15753312607984524,0.10916438642329757,0.0,0.0,0.0,1,0.44,0.12,0.36,0.68,,,,,,,
mean_of_samples,random,10,0,0.25121744981160754,0.1663905648299067,1.0,0.0,0.0,1,,,,,,,,,,,
nearest_sample,random,10,0,0.25959835061452435,0.1777856131464506,0.0,0.0,0.0,1,,,,,,,,,,,
decay_only,random,10,0,0.24247917158003968,0.16743310010631518,1.0,0.0,0.0,1,,,,,,,,,,,
simgp_core,random,11,0,0.08640211902174715,0.06306479815925571,0.5,1.0,0.6666666666666666,1,1.0,0.625,0.9583333333333334,1.0,0.25,0.3,0.0,1.15,0.9,0.9,1.0
simgp_core_nogp,random,11,0,0.03919176670675646,0.030770741046481007,0.5,1.0,0.6666666666666666,1,1.0,0.7916666666666666,0.9583333333333334,1.0,,,,,,,
simgp_core_g75,random,11,0,0.13387786318449835,0.10071500649285843,0.5,1.0,0.6666666666666666,1,0.8333333333333334,0.4166666666666667,0.75,0.875,,,,,,,
physgp_core,random,11,0,0.22319668137748905,0.13684388464307576,1.0,1.0,1.0,1,0.7083333333333334,0.25,0.5833333333333334,0.7916666666666666,,,,,,,
physgp_rich,random,11,0,0.24470850798070873,0.1620480814555607,1.0,1.0,1.0,1,0.7083333333333334,0.25,0.5416666666666666,0.75,,,,,,,
simgp_rich,random,11,0,0.07449900312794275,0.05275237737852322,0.5,1.0,0.6666666666666666,1,0.9583333333333334,0.7916666666666666,0.9166666666666666,0.9583333333333334,,,,,,,
mean_of_samples,random,11,0,0.2544888741086061,0.17009852255617686,1.0,0.0,0.0,1,,,,,,,,,,,
nearest_sample,random,11,0,0.26426898686137545,0.1793153788792273,0.0,0.0,0.0,1,,,,,,,,,,,
decay_only,random,11,0,0.24679134528163216,0.16940224692704545,1.0,0.0,0.0,1,,,,,,,,,,,
simgp_core,random,12,0,0.06346475752452688,0.044888341249665654,0.5,1.0,0.6666666666666666,1,1.0,0.8260869565217391,0.9565217391304348,1.0,0.25,0.3,0.0,1.15,0.9,0.9,1.0
simgp_core_nogp,random,12,0,0.04052968605624796,0.032110842251765935,0.5,1.0,0.6666666666666666,1,1.0,0.782608695652174,0.9565217391304348,1.0,,,,,,,
simgp_core_g75,random,12,0,0.10829903395233557,0.07336159457126415,0.25,1.0,0.4,1,0.8260869565217391,0.43478260869565216,0.7391304347826086,0.8695652173913043,,,,,,,
physgp_core,random,12,0,0.14492953324472535,0.08018830281655663,0.5,1.0,0.6666666666666666,1,0.6086956521739131,0.34782608695652173,0.5652173913043478,0.6521739130434783,,,,,,,
physgp_rich,random,12,0,0.18790887295682762,0.10915801926126746,1.0,1.0,1.0,1,0.8260869565217391,0.34782608695652173,0.6956521739130435,0.8260869565217391,,,,,,,
simgp_rich,random,12,0,0.07370199439387297,0.05444008607456359,1.0,1.0,1.0,1,0.9565217391304348,0.6956521739130435,0.9565217391304348,0.9565217391304348,,,,,,,
pinn_rich,random,12,0,0.1533235000638004,0.09976073775742762,0.0,0.0,0.0,1,0.43478260869565216,0.17391304347826086,0.43478260869565216,0.4782608695652174,,,,,,,
mean_of_samples,random,12,0,0.23975363184791096,0.1541795333274882,1.0,0.0,0.0,1,,,,,,,,,,,
nearest_sample,random,12,0,0.17505900247112752,0.11284737379389516,0.0,0.0,0.0,1,,,,,,,,,,,
decay_only,random,12,0,0.21527000386140693,0.14034139853061464,1.0,0.0,0.0,1,,,,,,,,,,,
simgp_core,random,13,0,0.06937948535628868,0.048259222153877596,0.5,1.0,0.6666666666666666,1,1.0,0.7727272727272727,0.9545454545454546,1.0,0.25,0.3,0.0,1.15,0.9,0.9,1.0
simgp_core_nogp,random,13,0,0.03802958760462764,0.028539738949826542,0.5,1.0,0.6666666666666666,1,1.0,0.7727272727272727,0.9545454545454546,1.0,,,,,,,
simgp_core_g75,random,13,0,0.11050741253725548,0.07631318538130047,0.25,1.0,0.4,1,0.8181818181818182,0.4090909090909091,0.7272727272727273,0.8636363636363636,,,,,,,
physgp_core,random,13,0,0.14963996846074076,0.08465299406228181,0.5,1.0,0.6666666666666666,1,0.6818181818181818,0.45454545454545453,0.6818181818181818,0.7727272727272727,,,,,,,
physgp_rich,random,13,0,0.21346118541829864,0.1388276020739104,1.0,1.0,1.0,1,0.45454545454545453,0.18181818181818182,0.4090909090909091,0.5909090909090909,,,,,,,
simgp_rich,random,13,0,0.08380419825654636,0.061688463331081904,1.0,1.0,1.0,1,0.9545454545454546,0.6363636363636364,0.8636363636363636,0.9545454545454546,,,,,,,
mean_of_samples,random,13,0,0.24389096725390758,0.15996432349331988,1.0,0.0,0.0,1,,,,,,,,,,,
nearest_sample,random,13,0,0.178968285936057,0.11733750823054541,0.0,0.0,0.0,1,,,,,,,,,,,
decay_only,random,13,0,0.21946959476047956,0.14251967551009528,1.0,0.0,0.0,1,,,,,,,,,,,
simgp_core,random,14,0,0.06971118014904817,0.046266558012021015,0.5,1.0,0.6666666666666666,1,1.0,0.7142857142857143,0.9523809523809523,1.0,0.25,0.3,0.0,1.15,1.0,0.95,1.0
simgp_core_nogp,random,14,0,0.030032920062733223,0.025513157806374875,0.5,1.0,0.6666666666666666,1,1.0,0.8095238095238095,1.0,1.0,,,,,,,
simgp_core_g75,random,14,0,0.0960689036694641,0.054948715070469216,0.5,1.0,0.6666666666666666,1,0.8095238095238095,0.6190476190476191,0.7619047619047619,0.9047619047619048,,,,,,,
physgp_core,random,14,0,0.15231487711021435,0.08545751791856626,0.5,1.0,0.6666666666666666,1,0.6666666666666666,0.38095238095238093,0.6666666666666666,0.7142857142857143,,,,,,,
physgp_rich,random,14,0,0.17623172560918607,0.09753381571552902,1.0,1.0,1.0,1,0.6190476190476191,0.47619047619047616,0.6190476190476191,0.7619047619047619,,,,,,,
simgp_rich,random,14,0,0.03035613909990749,0.02495168657104592,0.5,1.0,0.6666666666666666,1,1.0,0.9523809523809523,1.0,1.0,,,,,,,
mean_of_samples,random,14,0,0.2434790423131904,0.15793754135426127,1.0,0.0,0.0,1,,,,,,,,,,,
nearest_sample,random,14,0,0.16805330322081588,0.10065399788956476,0.0,0.0,0.0,1,,,,,,,,,,,
decay_only,random,14,0,0.21519250754464278,0.13777415752878475,1.0,0.0,0.0,1,,,,,,,,,,,
simgp_core,random,15,0,0.07786863484884847,0.054953809021853,0.5,1.0,0.6666666666666666,1,1.0,0.7,1.0,1.0,0.25,0.3,0.0,1.15,1.0,0.9,1.0
simgp_core_nogp,random,15,0,0.03136967593950062,0.027143845726557973,0.5,1.0,0.6666666666666666,1,1.0,0.8,1.0,1.0,,,,,,,
simgp_core_g75,random,15,0,0.09764664946942496,0.05606323441845116,0.5,1.0,0.6666666666666666,1,0.85,0.65,0.75,0.9,,,,,,,
physgp_core,random,15,0,0.15639233109495024,0.09108873572067551,0.5,1.0,0.6666666666666666,1,0.6,0.3,0.55,0.6,,,,,,,
physgp_rich,random,15,0,0.19177945326112816,0.10637175502943083,0.5,1.0,0.6666666666666666,1,0.5,0.3,0.5,0.65,,,,,,,
simgp_rich,random,15,0,0.03263666957909056,0.027444602913419703,0.5,1.0,0.6666666666666666,1,1.0,0.85,1.0,1.0,,,,,,,
pinn_rich,random,15,0,0.15192674661084496,0.09127187167089337,0.0,0.0,0.0,1,0.35,0.15,0.2,0.4,,,,,,,
mean_of_samples,random,15,0,0.25012052165665694,0.1650844291301742,1.0,0.0,0.0,1,,,,,,,,,,,
nearest_sample,random,15,0,0.1726333558452518,0.107201425150529,0.0,0.0,0.0,1,,,,,,,,,,,
decay_only,random,15,0,0.2196214407343895,0.1399585216821117,1.0,0.0,0.0,1,,,,,,,,,,,
simgp_core,uncertainty,3,0,0.07540768715809881,0.055601957852812696,0.5,1.0,0.6666666666666666,2,0.96875,0.78125,0.96875,0.96875,0.1,0.3,1.0,1.15,0.9,1.0,1.0
simgp_core,uncertainty,4,0,0.07471052426137642,0.05352062365742766,0.5,1.0,0.6666666666666666,2,0.9354838709677419,0.6774193548387096,0.9354838709677419,0.967741935483871,0.1,0.3,1.0,1.15,0.9,1.0,1.0
simgp_core,uncertainty,5,0,0.05696964341166798,0.038296735902782104,0.5,1.0,0.6666666666666666,1,0.9666666666666667,0.8333333333333334,0.9666666666666667,0.9666666666666667,0.1,0.3,1.0,1.15,0.9,1.0,1.0
simgp_core,uncertainty,6,0,0.05660867558705587,0.03900602691548394,0.3333333333333333,1.0,0.5,1,0.9655172413793104,0.8275862068965517,0.9655172413793104,0.9655172413793104,0.1,0.6,0.0,1.15,0.9,1.05,1.0
simgp_core,uncertainty,7,0,0.05003435230085329,0.03327508432548172,1.0,1.0,1.0,0,0.9642857142857143,0.8571428571428571,0.9642857142857143,0.9642857142857143,0.1,0.6,0.0,1.15,0.9,1.05,1.0
simgp_core,uncertainty,8,0,0.06635894417545149,0.04625853683164552,1.0,1.0,1.0,0,0.9629629629629629,0.8888888888888888,0.9259259259259259,0.9629629629629629,0.25,0.1,1.0,1.15,1.0,0.9,1.0
simgp_core,uncertainty,9,0,0.052095748793856395,0.03602438941516806,1.0,1.0,1.0,0,0.9615384615384616,0.8076923076923077,0.9615384615384616,0.9615384615384616,0.1,0.6,0.0,1.15,1.0,1.1,1.0
simgp_core,uncertainty,10,0,0.05239978915870053,0.03697635270917597,1.0,1.0,1.0,0,0.96,0.8,0.96,0.96,0.1,0.3,0.5,1.15,1.0,0.9,1.0
simgp_core,uncertainty,11,0,0.05490620550254901,0.036911587647913684,1.0,1.0,1.0,0,0.9583333333333334,0.9166666666666666,0.9166666666666666,0.9583333333333334,0.1,0.6,0.0,1.15,1.0,1.1,1.0
simgp_core,uncertainty,12,0,0.05219265612531081,0.03535190561278538,1.0,1.0,1.0,0,0.9565217391304348,0.9130434782608695,0.9130434782608695,0.9565217391304348,0.1,0.6,0.0,1.15,1.0,1.1,1.0
simgp_core,uncertainty,13,0,0.048728605254192404,0.03217544596443771,1.0,1.0,1.0,0,0.9545454545454546,0.9545454545454546,0.9545454545454546,0.9545454545454546,0.1,0.6,0.0,1.15,1.0,1.1,1.0
simgp_core,uncertainty,14,0,0.04800292122424987,0.029816448742334183,1.0,1.0,1.0,0,0.9523809523809523,0.9523809523809523,0.9523809523809523,0.9523809523809523,0.1,0.6,0.0,1.15,1.0,1.05,1.0
simgp_core,uncertainty,15,0,0.05011544740236348,0.030842647569138737,1.0,1.0,1.0,0,0.95,0.9,0.9,0.95,0.1,0.6,0.0,1.15,1.0,1.05,1.0
simgp_core,straddle,3,0,0.08552321691376388,0.06299193929866623,0.5,1.0,0.6666666666666666,2,0.96875,0.71875,0.96875,0.96875,0.1,0.3,0.0,0.85,0.9,0.9,1.0
simgp_core,straddle,4,0,0.09173224017422901,0.06765730279765739,0.5,1.0,0.6666666666666666,1,0.967741935483871,0.5806451612903226,0.967741935483871,0.967741935483871,0.1,0.3,0.0,0.85,0.9,0.9,1.0
simgp_core,straddle,5,0,0.07366435444015128,0.055165820202026226,0.3333333333333333,1.0,0.5,1,0.9666666666666667,0.6333333333333333,0.9333333333333333,0.9666666666666667,0.25,0.3,0.0,1.15,0.9,0.9,1.0
simgp_core,straddle,6,0,0.0483726452364209,0.03381698656374699,1.0,1.0,1.0,1,0.9655172413793104,0.8620689655172413,0.9655172413793104,0.9655172413793104,0.25,0.3,0.0,1.15,0.9,0.95,1.0
simgp_core,straddle,7,0,0.04606739741847147,0.029551731811686514,1.0,1.0,1.0,1,0.9642857142857143,0.9285714285714286,0.9642857142857143,0.9642857142857143,0.1,0.3,1.0,1.15,1.1,0.95,1.0
simgp_core,straddle,8,0,0.045656797718340324,0.027461541107071677,1.0,1.0,1.0,0,0.9629629629629629,0.9259259259259259,0.9629629629629629,1.0,0.1,0.3,1.0,1.15,1.1,1.0,0.5
simgp_core,straddle,9,0,0.05768130569860324,0.04323177194001914,1.0,1.0,1.0,0,0.9615384615384616,0.8076923076923077,0.9230769230769231,1.0,0.1,0.3,1.0,1.15,0.9,1.05,0.5
simgp_core,straddle,10,0,0.055998588420799245,0.039719844982953736,1.0,1.0,1.0,0,0.96,0.8,0.92,1.0,0.1,0.3,1.0,1.15,1.1,1.0,0.5
simgp_core,straddle,11,0,0.05657703865557342,0.040092714448817936,1.0,1.0,1.0,0,0.9583333333333334,0.7916666666666666,0.9166666666666666,1.0,0.1,0.3,1.0,1.15,1.1,1.0,0.5
simgp_core,straddle,12,0,0.05802351183673493,0.04177125124346698,1.0,1.0,1.0,0,0.9565217391304348,0.782608695652174,0.9130434782608695,0.9565217391304348,0.1,0.3,1.0,1.15,1.1,1.05,0.5
simgp_core,straddle,13,0,0.05739632742184898,0.03970454584043785,1.0,1.0,1.0,0,0.9545454545454546,0.8181818181818182,0.9090909090909091,0.9545454545454546,0.1,0.3,1.0,1.15,1.1,1.0,0.5
simgp_core,straddle,14,0,0.06084553398713606,0.043158000772702536,1.0,1.0,1.0,0,0.9523809523809523,0.8095238095238095,0.8571428571428571,0.9523809523809523,0.1,0.3,1.0,1.15,1.1,1.0,0.5
simgp_core,straddle,15,0,0.0617312258962253,0.04362171461425536,1.0,1.0,1.0,0,0.95,0.8,0.85,0.95,0.1,0.3,1.0,1.15,1.1,1.0,0.5
simgp_core,random,3,1,0.0790763873208556,0.04320285712370919,1.0,0.5,0.6666666666666666,4,1.0,0.90625,1.0,1.0,0.1,0.3,0.0,0.85,0.9,0.95,0.4
simgp_core_nogp,random,3,1,0.07832762042902162,0.04259650304494644,1.0,0.5,0.6666666666666666,4,1.0,0.875,1.0,1.0,,,,,,,
simgp_core_g75,random,3,1,0.05973570447487188,0.03532030408222893,1.0,0.25,0.4,4,0.9375,0.84375,0.9375,0.96875,,,,,,,
physgp_core,random,3,1,0.1927275333217338,0.11445041467768624,1.0,0.0,0.0,4,0.4375,0.15625,0.3125,0.5,,,,,,,
physgp_rich,random,3,1,0.1917873494011601,0.1144503692533933,1.0,0.0,0.0,4,0.46875,0.09375,0.375,0.5,,,,,,,
simgp_rich,random,3,1,0.07832762071593606,0.04259650347711864,1.0,0.5,0.6666666666666666,4,1.0,0.90625,1.0,1.0,,,,,,,
pinn_rich,random,3,1,0.220784973885686,0.14791278298838212,1.0,0.0,0.0,4,0.25,0.09375,0.125,0.25,,,,,,,
mean_of_samples,random,3,1,0.2563264375637748,0.16590797319495676,1.0,0.0,0.0,4,,,,,,,,,,,
nearest_sample,random,3,1,0.2628073186781234,0.16447026569403106,1.0,0.0,0.0,4,,,,,,,,,,,
decay_only,random,3,1,0.19335848216770074,0.11615076370333363,1.0,0.0,0.0,4,,,,,,,,,,,
simgp_core,random,4,1,0.09031681293807449,0.05335654739603745,1.0,0.25,0.4,4,0.967741935483871,0.8709677419354839,0.967741935483871,1.0,0.1,0.3,0.5,1.0,1.1,0.95,0.2
simgp_core_nogp,random,4,1,0.07899862926535065,0.04279408014599909,1.0,0.5,0.6666666666666666,4,1.0,0.8709677419354839,0.967741935483871,1.0,,,,,,,
simgp_core_g75,random,4,1,0.05988153736384581,0.03545448369414037,1.0,0.25,0.4,4,0.9354838709677419,0.7741935483870968,0.8709677419354839,0.9354838709677419,,,,,,,
physgp_core,random,4,1,0.19851214921750035,0.12102142687409913,1.0,0.0,0.0,4,0.3870967741935484,0.12903225806451613,0.2903225806451613,0.3870967741935484,,,,,,,
physgp_rich,random,4,1,0.1982068170588319,0.12116694212063318,1.0,0.0,0.0,4,0.2903225806451613,0.0967741935483871,0.22580645161290322,0.3870967741935484,,,,,,,
simgp_rich,random,4,1,0.07899862931465676,0.0427940798539764,1.0,0.5,0.6666666666666666,4,1.0,0.9032258064516129,0.967741935483871,1.0,,,,,,,
mean_of_samples,random,4,1,0.26866561748588214,0.17192898260521847,1.0,0.0,0.0,4,,,,,,,,,,,
nearest_sample,random,4,1,0.29799530266955554,0.1851021306577144,1.0,0.0,0.0,4,,,,,,,,,,,
decay_only,random,4,1,0.19857687457483136,0.12145945181372358,1.0,0.0,0.0,4,,,,,,,,,,,
simgp_core,random,5,1,0.1006870830335318,0.06266557392321649,1.0,0.25,0.4,4,0.9333333333333333,0.8333333333333334,0.9,0.9333333333333333,0.1,0.3,1.0,1.15,1.0,1.0,0.2
simgp_core_nogp,random,5,1,0.07666259516160918,0.039990333414866276,1.0,0.5,0.6666666666666666,4,0.9666666666666667,0.9,0.9666666666666667,1.0,,,,,,,
simgp_core_g75,random,5,1,0.05822279072933613,0.03159372924040446,1.0,0.5,0.6666666666666666,4,0.8666666666666667,0.7333333333333333,0.8666666666666667,0.9333333333333333,,,,,,,
physgp_core,random,5,1,0.16278991935578424,0.09761681634803382,1.0,0.0,0.0,4,0.7333333333333333,0.26666666666666666,0.5666666666666667,0.7666666666666667,,,,,,,
physgp_rich,random,5,1,0.17292292106138446,0.10710402488293523,1.0,0.0,0.0,4,0.6666666666666666,0.06666666666666667,0.4666666666666667,0.7,,,,,,,
simgp_rich,random,5,1,0.08855108583305842,0.050932085326601775,1.0,0.25,0.4,4,0.9666666666666667,0.8333333333333334,0.9666666666666667,1.0,,,,,,,
pinn_rich,random,5,1,0.2011368255332768,0.13345374237824167,1.0,0.25,0.4,4,0.23333333333333334,0.1,0.2,0.36666666666666664,,,,,,,
mean_of_samples,random,5,1,0.24365453155032302,0.17145978298924297,1.0,0.0,0.0,4,,,,,,,,,,,
nearest_sample,random,5,1,0.1934417875764676,0.12312581527788914,1.0,0.0,0.0,4,,,,,,,,,,,
decay_only,random,5,1,0.17329323090518262,0.10544407125110893,1.0,0.0,0.0,4,,,,,,,,,,,
simgp_core,random,6,1,0.07499101532572747,0.03873017699175772,1.0,0.5,0.6666666666666666,4,1.0,0.9655172413793104,1.0,1.0,0.1,0.3,0.0,0.85,0.9,0.9,0.4
simgp_core_nogp,random,6,1,0.07498170670419596,0.03870274659578849,1.0,0.5,0.6666666666666666,4,1.0,0.9310344827586207,1.0,1.0,,,,,,,
simgp_core_g75,random,6,1,0.05202939891886235,0.030982552402343273,1.0,0.5,0.6666666666666666,4,0.9310344827586207,0.7241379310344828,0.896551724137931,0.9310344827586207,,,,,,,
physgp_core,random,6,1,0.15248854601955067,0.09141364976337116,1.0,0.25,0.4,4,0.4482758620689655,0.2413793103448276,0.3448275862068966,0.5862068965517241,,,,,,,
physgp_rich,random,6,1,0.15971520160231908,0.09799938640346172,1.0,0.25,0.4,4,0.8275862068965517,0.3448275862068966,0.5862068965517241,0.8620689655172413,,,,,,,
simgp_rich,random,6,1,0.07501303493660551,0.03874172249526551,1.0,0.5,0.6666666666666666,4,1.0,0.9655172413793104,1.0,1.0,,,,,,,
mean_of_samples,random,6,1,0.23663763197800833,0.19002937567016326,1.0,0.0,0.0,4,,,,,,,,,,,
nearest_sample,random,6,1,0.19018720089412097,0.12314480760739255,1.0,0.0,0.0,4,,,,,,,,,,,
decay_only,random,6,1,0.15973678092184226,0.09802070341614141,1.0,0.25,0.4,4,,,,,,,,,,,
simgp_core,random,7,1,0.09189037955131245,0.05196000111629632,1.0,0.0,0.0,3,0.9642857142857143,0.8928571428571429,0.9285714285714286,1.0,0.1,0.3,0.0,0.85,1.1,0.95,0.0
simgp_core_nogp,random,7,1,0.07185887027174695,0.0409219549060853,1.0,0.3333333333333333,0.5,3,1.0,0.9285714285714286,1.0,1.0,,,,,,,
simgp_core_g75,random,7,1,0.07598546150121946,0.04797266230737452,1.0,0.0,0.0,3,0.8928571428571429,0.75,0.8214285714285714,0.8928571428571429,,,,,,,
physgp_core,random,7,1,0.14688433364856876,0.07919377460550828,1.0,0.0,0.0,3,0.7857142857142857,0.39285714285714285,0.6785714285714286,0.8214285714285714,,,,,,,
physgp_rich,random,7,1,0.16292579800169876,0.09999087404051134,1.0,0.0,0.0,3,0.8571428571428571,0.32142857142857145,0.7142857142857143,0.8571428571428571,,,,,,,
simgp_rich,random,7,1,0.08240011056463602,0.04931077732376684,1.0,0.3333333333333333,0.5,3,1.0,0.8571428571428571,0.9285714285714286,1.0,,,,,,,
mean_of_samples,random,7,1,0.2329428292583631,0.17799225864803145,1.0,0.0,0.0,3,,,,,,,,,,,
nearest_sample,random,7,1,0.19156992635548364,0.12288984001881155,1.0,0.0,0.0,3,,,,,,,,,,,
decay_only,random,7,1,0.1629215875708318,0.0999744923622754,1.0,0.0,0.0,3,,,,,,,,,,,
simgp_core,random,8,1,0.09165303933645623,0.051012425117866564,1.0,0.0,0.0,3,0.9629629629629629,0.8888888888888888,0.9259259259259259,1.0,0.1,0.3,0.0,0.85,1.1,0.9,0.0
simgp_core_nogp,random,8,1,0.07227628689910387,0.040257500416458286,1.0,0.3333333333333333,0.5,3,1.0,0.9259259259259259,1.0,1.0,,,,,,,
simgp_core_g75,random,8,1,0.07604340018299277,0.04849491407350042,1.0,0.0,0.0,3,0.8888888888888888,0.7037037037037037,0.8148148148148148,0.8888888888888888,,,,,,,
physgp_core,random,8,1,0.14991734113268596,0.08028706147357276,1.0,0.0,0.0,3,0.8148148148148148,0.4074074074074074,0.7037037037037037,0.8148148148148148,,,,,,,
physgp_rich,random,8,1,0.1660576093267134,0.1025507963249753,1.0,0.0,0.0,3,0.5925925925925926,0.25925925925925924,0.4444444444444444,0.7777777777777778,,,,,,,
simgp_rich,random,8,1,0.08314319255578667,0.049617819665947076,1.0,0.3333333333333333,0.5,3,1.0,0.8518518518518519,0.9259259259259259,1.0,,,,,,,
pinn_rich,random,8,1,0.18994069938263392,0.12643545714960006,1.0,0.0,0.0,3,0.4074074074074074,0.14814814814814814,0.3333333333333333,0.4074074074074074,,,,,,,
mean_of_samples,random,8,1,0.23796573446177782,0.1875136525128877,1.0,0.0,0.0,3,,,,,,,,,,,
nearest_sample,random,8,1,0.1898918544516436,0.11883609778316057,1.0,0.0,0.0,3,,,,,,,,,,,
decay_only,random,8,1,0.16604566767871753,0.1024979926256325,1.0,0.0,0.0,3,,,,,,,,,,,
simgp_core,random,9,1,0.08964406435423629,0.053675405538445915,1.0,0.0,0.0,3,0.9615384615384616,0.8846153846153846,0.9230769230769231,1.0,0.1,0.3,0.0,0.85,1.1,0.95,0.0
simgp_core_nogp,random,9,1,0.0699650613932883,0.04302679042217668,1.0,0.3333333333333333,0.5,3,1.0,0.8846153846153846,1.0,1.0,,,,,,,
simgp_core_g75,random,9,1,0.07725267683254372,0.05026490039326436,1.0,0.0,0.0,3,0.8846153846153846,0.6153846153846154,0.8076923076923077,0.8846153846153846,,,,,,,
physgp_core,random,9,1,0.1541497547256901,0.08292399034507425,1.0,0.0,0.0,3,0.7307692307692307,0.46153846153846156,0.6153846153846154,0.7692307692307693,,,,,,,
physgp_rich,random,9,1,0.16997836330436733,0.10503725585094664,1.0,0.0,0.0,3,0.38461538461538464,0.19230769230769232,0.3076923076923077,0.4230769230769231,,,,,,,
simgp_rich,random,9,1,0.08141757011288711,0.05228301231979866,1.0,0.3333333333333333,0.5,3,1.0,0.8076923076923077,0.9230769230769231,1.0,,,,,,,
mean_of_samples,random,9,1,0.23988334503889486,0.18617106623068425,1.0,0.0,0.0,3,,,,,,,,,,,
nearest_sample,random,9,1,0.19391297351893413,0.12674463862882704,1.0,0.0,0.0,3,,,,,,,,,,,
decay_only,random,9,1,0.16997489331470608,0.10506844739517332,1.0,0.0,0.0,3,,,,,,,,,,,
simgp_core,random,10,1,0.08921387121280554,0.05486105650144982,1.0,0.0,0.0,3,0.96,0.84,0.92,1.0,0.1,0.3,0.5,1.0,1.1,1.0,0.0
simgp_core_nogp,random,10,1,0.06963391040141281,0.045146846824746525,1.0,0.3333333333333333,0.5,3,1.0,0.88,1.0,1.0,,,,,,,
simgp_core_g75,random,10,1,0.07838087858952113,0.05160615715511654,1.0,0.0,0.0,3,0.88,0.6,0.8,0.88,,,,,,,
physgp_core,random,10,1,0.15754685097215715,0.08591265871121896,1.0,0.0,0.0,3,0.72,0.4,0.64,0.76,,,,,,,
physgp_rich,random,10,1,0.1732316910331271,0.1080297147346798,1.0,0.0,0.0,3,0.24,0.16,0.2,0.32,,,,,,,
simgp_rich,random,10,1,0.08000484989674876,0.05115361244759404,1.0,0.3333333333333333,0.5,3,1.0,0.8,0.92,1.0,,,,,,,
pinn_rich,random,10,1,0.1956282916077909,0.13224227646714987,1.0,0.0,0.0,3,0.28,0.08,0.2,0.32,,,,,,,
mean_of_samples,random,10,1,0.24064144247569033,0.18128004882277193,1.0,0.0,0.0,3,,,,,,,,,,,
nearest_sample,random,10,1,0.19770246917142545,0.1309185528788798,1.0,0.0,0.0,3,,,,,,,,,,,
decay_only,random,10,1,0.1732328072525782,0.10803562801071714,1.0,0.0,0.0,3,,,,,,,,,,,
simgp_core,random,11,1,0.090835745718835,0.054639980100706496,1.0,0.0,0.0,3,0.9583333333333334,0.8333333333333334,0.9166666666666666,1.0,0.1,0.3,0.0,0.85,1.1,0.95,0.0
simgp_core_nogp,random,11,1,0.07137707289155679,0.044683695677955236,1.0,0.3333333333333333,0.5,3,1.0,0.875,1.0,1.0,,,,,,,
simgp_core_g75,random,11,1,0.07883889566294557,0.050663197079835444,1.0,0.0,0.0,3,0.875,0.625,0.7916666666666666,0.875,,,,,,,
physgp_core,random,11,1,0.16128051377695485,0.08979157356106121,1.0,0.0,0.0,3,0.6666666666666666,0.3333333333333333,0.625,0.75,,,,,,,
physgp_rich,random,11,1,0.16523393966816108,0.09763541128797078,1.0,0.0,0.0,3,0.5833333333333334,0.125,0.4166666666666667,0.625,,,,,,,
simgp_rich,random,11,1,0.08244413784752998,0.052151979514415525,1.0,0.3333333333333333,0.5,3,1.0,0.7916666666666666,0.9166666666666666,1.0,,,,,,,
mean_of_samples,random,11,1,0.2443194796530244,0.18086191057620513,1.0,0.0,0.0,3,,,,,,,,,,,
nearest_sample,random,11,1,0.20225298139575507,0.13189890446294084,1.0,0.0,0.0,3,,,,,,,,,,,
decay_only,random,11,1,0.17696069351798235,0.11178900806645603,1.0,0.0,0.0,3,,,,,,,,,,,
simgp_core,random,12,1,0.09223797086567653,0.05929515901149333,1.0,0.0,0.0,3,0.9565217391304348,0.782608695652174,0.9130434782608695,1.0,0.1,0.3,0.5,1.0,1.1,1.0,0.0
simgp_core_nogp,random,12,1,0.07147812887622426,0.0483312426952551,1.0,0.3333333333333333,0.5,3,1.0,0.8695652173913043,1.0,1.0,,,,,,,
simgp_core_g75,random,12,1,0.08185986115976658,0.05564999926936509,1.0,0.0,0.0,3,0.8260869565217391,0.5217391304347826,0.6521739130434783,0.8260869565217391,,,,,,,
physgp_core,random,12,1,0.17065275110902578,0.0981818429114125,1.0,0.0,0.0,3,0.7391304347826086,0.43478260869565216,0.6521739130434783,0.782608695652174,,,,,,,
physgp_rich,random,12,1,0.17163148246160836,0.10702004212000629,1.0,0.0,0.0,3,0.5652173913043478,0.08695652173913043,0.30434782608695654,0.6521739130434783,,,,,,,
simgp_rich,random,12,1,0.0830244243866386,0.05522046003949667,1.0,0.3333333333333333,0.5,3,1.0,0.782608695652174,0.9130434782608695,1.0,,,,,,,
pinn_rich,random,12,1,0.1923846256571282,0.12269672555508412,1.0,0.0,0.0,3,0.2608695652173913,0.13043478260869565,0.21739130434782608,0.2608695652173913,,,,,,,
mean_of_samples,random,12,1,0.2482390672776808,0.17984978623892592,1.0,0.0,0.0,3,,,,,,,,,,,
nearest_sample,random,12,1,0.20572744784696512,0.13361374961934552,1.0,0.0,0.0,3,,,,,,,,,,,
decay_only,random,12,1,0.1807041802705458,0.1157442201363026,1.0,0.0,0.0,3,,,,,,,,,,,
simgp_core,random,13,1,0.0830031165480741,0.051824414525137245,1.0,0.0,0.0,3,1.0,0.7727272727272727,0.9545454545454546,1.0,0.1,0.3,0.0,0.85,1.1,0.95,0.0
simgp_core_nogp,random,13,1,0.07362319985895896,0.04848661581505573,1.0,0.3333333333333333,0.5,3,1.0,0.8636363636363636,1.0,1.0,,,,,,,
simgp_core_g75,random,13,1,0.07303729236289501,0.05001506778702464,1.0,0.3333333333333333,0.5,3,0.8636363636363636,0.5454545454545454,0.7727272727272727,0.9090909090909091,,,,,,,
physgp_core,random,13,1,0.17536269871153035,0.10386012026625377,1.0,0.0,0.0,3,0.6363636363636364,0.3181818181818182,0.5909090909090909,0.7727272727272727,,,,,,,
physgp_rich,random,13,1,0.18631593086734258,0.123845013051849,1.0,0.0,0.0,3,0.4090909090909091,0.18181818181818182,0.36363636363636365,0.6363636363636364,,,,,,,
simgp_rich,random,13,1,0.08649138166210753,0.05747630451675221,1.0,0.3333333333333333,0.5,3,1.0,0.7272727272727273,0.9090909090909091,1.0,,,,,,,
mean_of_samples,random,13,1,0.25388645790179787,0.18380809070927082,1.0,0.0,0.0,3,,,,,,,,,,,
nearest_sample,random,13,1,0.21021199778455588,0.13792850103467422,1.0,0.0,0.0,3,,,,,,,,,,,
decay_only,random,13,1,0.1849584927895987,0.11981504826582502,1.0,0.0,0.0,3,,,,,,,,,,,
simgp_core,random,14,1,0.08905164862736689,0.05511826631308016,1.0,0.3333333333333333,0.5,3,1.0,0.8095238095238095,0.9523809523809523,1.0,0.1,0.3,0.0,0.85,1.1,0.95,0.2
simgp_core_nogp,random,14,1,0.07668601104034992,0.0472435372343584,1.0,0.3333333333333333,0.5,3,1.0,0.8571428571428571,1.0,1.0,,,,,,,
simgp_core_g75,random,14,1,0.07318269134780872,0.050164931811719736,1.0,0.3333333333333333,0.5,3,0.8571428571428571,0.5238095238095238,0.7619047619047619,0.9047619047619048,,,,,,,
physgp_core,random,14,1,0.18591628581575848,0.11295311025571866,1.0,0.0,0.0,3,0.7142857142857143,0.38095238095238093,0.5714285714285714,0.7142857142857143,,,,,,,
physgp_rich,random,14,1,0.18651938430077422,0.11817144606103162,1.0,0.0,0.0,3,0.5714285714285714,0.2857142857142857,0.47619047619047616,0.6190476190476191,,,,,,,
simgp_rich,random,14,1,0.09017785977517848,0.05998805657375935,1.0,0.3333333333333333,0.5,3,1.0,0.7619047619047619,0.9047619047619048,1.0,,,,,,,
mean_of_samples,random,14,1,0.25955584171953705,0.18366455336841106,1.0,0.0,0.0,3,,,,,,,,,,,
nearest_sample,random,14,1,0.21515225634263438,0.14412925056467885,1.0,0.0,0.0,3,,,,,,,,,,,
decay_only,random,14,1,0.1881698161595816,0.1223796522820939,1.0,0.0,0.0,3,,,,,,,,,,,
simgp_core,random,15,1,0.06223478917420974,0.03829124974421943,1.0,0.0,0.0,2,1.0,0.85,0.95,1.0,0.1,0.3,0.5,1.0,1.1,1.0,0.0
simgp_core_nogp,random,15,1,0.06002508618843439,0.0398119918826993,1.0,0.0,0.0,2,1.0,0.85,0.95,1.0,,,,,,,
simgp_core_g75,random,15,1,0.07704273172159101,0.05334410086573178,1.0,0.0,0.0,2,0.85,0.5,0.75,0.85,,,,,,,
physgp_core,random,15,1,0.17829387951852135,0.10730440731960804,1.0,0.0,0.0,2,0.75,0.3,0.45,0.8,,,,,,,
physgp_rich,random,15,1,0.17307294585348693,0.10542373242681986,1.0,0.0,0.0,2,0.55,0.2,0.45,0.7,,,,,,,
simgp_rich,random,15,1,0.07238139385188133,0.047434710412783444,1.0,0.0,0.0,2,1.0,0.75,0.9,1.0,,,,,,,
pinn_rich,random,15,1,0.21194337272240454,0.14287035793305985,1.0,0.0,0.0,2,0.2,0.05,0.15,0.25,,,,,,,
mean_of_samples,random,15,1,0.26469399422137946,0.18152513047524765,1.0,0.0,0.0,2,,,,,,,,,,,
nearest_sample,random,15,1,0.21850432536404876,0.14437204855861657,1.0,0.0,0.0,2,,,,,,,,,,,
decay_only,random,15,1,0.19214252679598737,0.1261711976174858,1.0,0.0,0.0,2,,,,,,,,,,,
simgp_core,uncertainty,3,1,0.07334395806880795,0.04924803609015056,1.0,0.5,0.6666666666666666,4,1.0,0.875,0.96875,1.0,0.1,0.3,1.0,1.0,1.0,1.1,0.6
simgp_core,uncertainty,4,1,0.057193109436064704,0.03740016663105669,1.0,0.75,0.8571428571428571,4,1.0,0.8709677419354839,0.9354838709677419,1.0,0.25,0.3,0.0,1.15,1.1,1.0,0.8
simgp_core,uncertainty,5,1,0.06139408956805727,0.03762472667205785,1.0,0.6666666666666666,0.8,3,1.0,0.8666666666666667,0.9666666666666667,1.0,0.25,0.1,1.0,1.15,1.1,0.9,0.8
simgp_core,uncertainty,6,1,0.04527177325709837,0.029497322976473114,1.0,1.0,1.0,2,1.0,1.0,1.0,1.0,0.1,0.6,0.5,1.0,1.1,1.1,1.0
simgp_core,uncertainty,7,1,0.04924101216970559,0.0333363912676216,1.0,1.0,1.0,1,1.0,1.0,1.0,1.0,0.1,0.6,0.5,1.0,1.1,1.1,1.0
simgp_core,uncertainty,8,1,0.039640635325308794,0.025152309304128453,1.0,1.0,1.0,1,1.0,0.9629629629629629,1.0,1.0,0.1,0.6,0.5,1.0,1.1,1.1,1.0
simgp_core,uncertainty,9,1,0.041507671882886614,0.025996003759126342,1.0,1.0,1.0,1,1.0,0.9230769230769231,0.9615384615384616,1.0,0.1,0.6,0.5,1.0,1.1,1.1,1.0
simgp_core,uncertainty,10,1,0.042898309728483165,0.02680086947857016,1.0,1.0,1.0,1,1.0,0.84,0.96,1.0,0.1,0.6,0.5,1.0,1.1,1.1,1.0
simgp_core,uncertainty,11,1,0.043405661981746474,0.025983169477610406,1.0,1.0,1.0,0,1.0,0.8333333333333334,0.9583333333333334,1.0,0.1,0.6,0.5,1.0,1.1,1.1,1.0
simgp_core,uncertainty,12,1,0.056498813789034874,0.035197495124403955,1.0,1.0,1.0,0,0.9565217391304348,0.782608695652174,0.9565217391304348,0.9565217391304348,0.1,0.6,0.5,1.0,1.1,1.1,1.0
simgp_core,uncertainty,13,1,0.057965220749161946,0.03737373204000041,1.0,1.0,1.0,0,0.9545454545454546,0.7272727272727273,0.9545454545454546,0.9545454545454546,0.1,0.6,0.5,1.0,1.1,1.1,1.0
simgp_core,uncertainty,14,1,0.05328565624582499,0.034336413644171226,1.0,1.0,1.0,0,0.9523809523809523,0.8571428571428571,0.9523809523809523,0.9523809523809523,0.1,0.3,1.0,1.0,0.9,1.0,1.0
simgp_core,uncertainty,15,1,0.04972433718637761,0.031344179935942074,1.0,1.0,1.0,0,1.0,0.8,0.95,1.0,0.1,0.3,1.0,1.0,0.9,1.0,1.0
simgp_core,straddle,3,1,0.08646020186769962,0.07018873500129988,1.0,0.25,0.4,4,1.0,0.71875,1.0,1.0,0.1,0.3,0.0,0.85,1.1,1.1,0.2
simgp_core,straddle,4,1,0.10363303703740034,0.07282504293645092,1.0,0.0,0.0,3,1.0,0.6451612903225806,0.967741935483871,1.0,0.1,0.3,0.0,0.85,0.9,1.0,0.2
simgp_core,straddle,5,1,0.06776739464019195,0.04322333519614626,1.0,0.3333333333333333,0.5,3,0.9666666666666667,0.8666666666666667,0.9666666666666667,1.0,0.1,0.3,1.0,1.15,1.0,1.05,0.4
simgp_core,straddle,6,1,0.06341197340830619,0.036973207880784724,1.0,0.5,0.6666666666666666,2,0.9655172413793104,0.896551724137931,0.9655172413793104,1.0,0.25,0.3,0.5,1.15,1.0,1.1,0.6
simgp_core,straddle,7,1,0.06984472665548905,0.03635445099041042,1.0,0.5,0.6666666666666666,2,0.9285714285714286,0.8571428571428571,0.9285714285714286,1.0,0.25,0.3,0.5,1.15,1.1,1.1,0.6
simgp_core,straddle,8,1,0.06551572489484303,0.03933728082289027,1.0,0.0,0.0,1,0.9629629629629629,0.8518518518518519,0.9629629629629629,1.0,0.25,0.3,0.5,1.15,1.1,1.1,0.6
simgp_core,straddle,9,1,0.07231008169167356,0.037596722446683925,1.0,0.0,0.0,1,0.9230769230769231,0.8076923076923077,0.9230769230769231,0.9615384615384616,0.25,0.3,0.5,1.15,1.1,1.1,0.6
simgp_core,straddle,10,1,0.07028653102251309,0.04793896471004722,1.0,0.0,0.0,1,0.96,0.76,0.96,1.0,0.25,0.3,0.5,1.15,1.1,1.1,0.6
simgp_core,straddle,11,1,0.07464746786352529,0.05219491051414386,1.0,0.0,0.0,1,0.9583333333333334,0.75,0.9583333333333334,1.0,0.25,0.3,0.5,1.15,1.0,1.1,0.6
simgp_core,straddle,12,1,0.0762451040055236,0.05444821942082342,1.0,0.0,0.0,1,0.9565217391304348,0.6956521739130435,0.9565217391304348,1.0,0.25,0.3,0.5,1.15,1.1,1.1,0.6
simgp_core,straddle,13,1,0.07796315522257335,0.05683810362779747,1.0,0.0,0.0,1,0.9545454545454546,0.6818181818181818,0.9545454545454546,1.0,0.25,0.3,0.5,1.15,1.1,1.1,0.6
simgp_core,straddle,14,1,0.07844499852981096,0.05506963705033022,1.0,0.0,0.0,1,0.9523809523809523,0.7142857142857143,0.9523809523809523,1.0,0.25,0.3,0.5,1.15,1.1,1.1,0.6
simgp_core,straddle,15,1,0.08026390247471393,0.05604866787735674,1.0,0.0,0.0,1,0.95,0.7,0.95,1.0,0.25,0.3,0.5,1.15,1.1,1.1,0.6
simgp_core,random,3,2,0.07751775950409803,0.05784497929532451,1.0,1.0,1.0,0,1.0,0.875,1.0,1.0,0.1,0.1,1.0,0.85,1.1,1.1,0.0
simgp_core_nogp,random,3,2,0.07824399026330209,0.05857184006429875,1.0,1.0,1.0,0,1.0,0.78125,1.0,1.0,,,,,,,
simgp_core_g75,random,3,2,0.09357195874507991,0.06646823981613834,1.0,1.0,1.0,0,0.90625,0.625,0.875,0.9375,,,,,,,
physgp_core,random,3,2,0.9201387797225128,0.6509965454631046,1.0,1.0,1.0,0,0.3125,0.03125,0.1875,0.3125,,,,,,,
physgp_rich,random,3,2,0.9196534329888375,0.6430723520751764,1.0,1.0,1.0,0,0.5,0.1875,0.4375,0.5,,,,,,,
simgp_rich,random,3,2,0.07658364879782273,0.05436665040468551,1.0,1.0,1.0,0,1.0,0.84375,1.0,1.0,,,,,,,
pinn_rich,random,3,2,0.23335419184413936,0.16762331564185107,1.0,1.0,1.0,0,0.09375,0.03125,0.0625,0.1875,,,,,,,
mean_of_samples,random,3,2,0.23807017690297305,0.16546657298921208,1.0,1.0,1.0,0,,,,,,,,,,,
nearest_sample,random,3,2,0.21550654300975752,0.16062677363715808,1.0,1.0,1.0,0,,,,,,,,,,,
decay_only,random,3,2,0.9198204035653661,0.6468561151805677,1.0,1.0,1.0,0,,,,,,,,,,,
simgp_core,random,4,2,0.07651426647540159,0.05738457565597204,1.0,1.0,1.0,0,1.0,0.7741935483870968,0.967741935483871,1.0,0.1,0.3,0.5,1.15,1.1,1.1,0.0
simgp_core_nogp,random,4,2,0.0765142806481647,0.057384618192261504,1.0,1.0,1.0,0,1.0,0.7741935483870968,0.967741935483871,1.0,,,,,,,
simgp_core_g75,random,4,2,0.09509179916046942,0.06588799401691142,1.0,1.0,1.0,0,0.7741935483870968,0.4838709677419355,0.7419354838709677,0.8709677419354839,,,,,,,
physgp_core,random,4,2,0.9652813356117955,0.6883541336409095,1.0,1.0,1.0,0,0.03225806451612903,0.03225806451612903,0.03225806451612903,0.03225806451612903,,,,,,,
physgp_rich,random,4,2,0.9652736614497117,0.6881151252193518,1.0,1.0,1.0,0,0.3870967741935484,0.06451612903225806,0.25806451612903225,0.41935483870967744,,,,,,,
simgp_rich,random,4,2,0.07653172989494694,0.056624240015416,1.0,1.0,1.0,0,1.0,0.7741935483870968,1.0,1.0,,,,,,,
mean_of_samples,random,4,2,0.23811461764754271,0.16744266351265807,1.0,1.0,1.0,0,,,,,,,,,,,
nearest_sample,random,4,2,0.21638952830621636,0.15780464408311454,1.0,1.0,1.0,0,,,,,,,,,,,
decay_only,random,4,2,0.965281336348653,0.6883541587583678,1.0,1.0,1.0,0,,,,,,,,,,,
simgp_core,random,5,2,0.08209379741712507,0.06251503850527121,1.0,1.0,1.0,0,0.9666666666666667,0.7333333333333333,0.9,1.0,0.1,0.3,0.0,1.0,0.9,1.1,0.0
simgp_core_nogp,random,5,2,0.082093623247129,0.06251509936780647,1.0,1.0,1.0,0,0.9666666666666667,0.7333333333333333,0.9,1.0,,,,,,,
simgp_core_g75,random,5,2,0.09221713644700223,0.061806956187552824,1.0,1.0,1.0,0,0.7666666666666667,0.5,0.7,0.8666666666666667,,,,,,,
physgp_core,random,5,2,0.165696003834169,0.11296467204049429,1.0,1.0,1.0,0,0.06666666666666667,0.03333333333333333,0.06666666666666667,0.06666666666666667,,,,,,,
physgp_rich,random,5,2,0.16560901588525173,0.11263455676604667,1.0,1.0,1.0,0,0.5333333333333333,0.13333333333333333,0.36666666666666664,0.6666666666666666,,,,,,,
simgp_rich,random,5,2,0.08361927794522114,0.06258049483388532,1.0,1.0,1.0,0,1.0,0.7,0.9,1.0,,,,,,,
pinn_rich,random,5,2,0.24385725129212604,0.16966404844804656,1.0,1.0,1.0,0,0.3,0.16666666666666666,0.23333333333333334,0.3,,,,,,,
mean_of_samples,random,5,2,0.22705177415568614,0.1570711413366546,1.0,1.0,1.0,0,,,,,,,,,,,
nearest_sample,random,5,2,0.225161412027948,0.166523800486673,1.0,1.0,1.0,0,,,,,,,,,,,
decay_only,random,5,2,0.16569604869526755,0.11296487446987405,1.0,1.0,1.0,0,,,,,,,,,,,
simgp_core,random,6,2,0.08051640875209268,0.0578637160146479,1.0,1.0,1.0,0,0.9655172413793104,0.7586206896551724,0.9310344827586207,1.0,0.1,0.1,1.0,1.0,1.1,0.9,0.0
simgp_core_nogp,random,6,2,0.07759770518423816,0.05853618841360333,1.0,1.0,1.0,0,0.9655172413793104,0.7931034482758621,0.9655172413793104,1.0,,,,,,,
simgp_core_g75,random,6,2,0.0871780885675114,0.0558817847834211,1.0,1.0,1.0,0,0.8620689655172413,0.5517241379310345,0.7586206896551724,0.896551724137931,,,,,,,
physgp_core,random,6,2,0.15756353938128,0.10905359630673049,1.0,1.0,1.0,0,0.06896551724137931,0.034482758620689655,0.034482758620689655,0.06896551724137931,,,,,,,
physgp_rich,random,6,2,0.15836487728186013,0.11024824476582712,1.0,1.0,1.0,0,0.5517241379310345,0.06896551724137931,0.41379310344827586,0.7241379310344828,,,,,,,
simgp_rich,random,6,2,0.08178351446035771,0.060213547084191216,1.0,1.0,1.0,0,1.0,0.7241379310344828,0.9310344827586207,1.0,,,,,,,
mean_of_samples,random,6,2,0.2180471059024244,0.1549355730301415,1.0,1.0,1.0,0,,,,,,,,,,,
nearest_sample,random,6,2,0.17715550285490092,0.1312124468437909,1.0,1.0,1.0,0,,,,,,,,,,,
decay_only,random,6,2,0.15760064533739443,0.10915105253039571,1.0,1.0,1.0,0,,,,,,,,,,,
simgp_core,random,7,2,0.0800287696585998,0.06326828727866715,1.0,1.0,1.0,0,0.9642857142857143,0.7857142857142857,0.8928571428571429,0.9642857142857143,0.1,0.1,1.0,1.0,1.1,0.95,0.0
simgp_core_nogp,random,7,2,0.07880629541361185,0.06019667952235979,1.0,1.0,1.0,0,0.9642857142857143,0.75,0.9285714285714286,1.0,,,,,,,
simgp_core_g75,random,7,2,0.08871147849183053,0.05696003995731629,1.0,1.0,1.0,0,0.8214285714285714,0.5357142857142857,0.7142857142857143,0.8928571428571429,,,,,,,
physgp_core,random,7,2,0.14929502415613644,0.10048176076397228,1.0,1.0,1.0,0,0.5714285714285714,0.07142857142857142,0.35714285714285715,0.7142857142857143,,,,,,,
physgp_rich,random,7,2,0.15774770488506104,0.10343801804050486,1.0,1.0,1.0,0,0.35714285714285715,0.17857142857142858,0.25,0.39285714285714285,,,,,,,
simgp_rich,random,7,2,0.08345796687339489,0.059624887171379,1.0,1.0,1.0,0,1.0,0.75,0.8571428571428571,1.0,,,,,,,
mean_of_samples,random,7,2,0.22396312581503955,0.153938322194985,1.0,1.0,1.0,0,,,,,,,,,,,
nearest_sample,random,7,2,0.17364743418205505,0.12338296482503988,1.0,1.0,1.0,0,,,,,,,,,,,
decay_only,random,7,2,0.1594382364658753,0.11091464991580986,1.0,1.0,1.0,0,,,,,,,,,,,
simgp_core,random,8,2,0.07992282239772548,0.05959068712474434,1.0,1.0,1.0,0,0.9629629629629629,0.7037037037037037,0.9259259259259259,1.0,0.1,0.1,1.0,1.0,1.1,0.95,0.0
simgp_core_nogp,random,8,2,0.08013411616840757,0.05988431110510809,1.0,1.0,1.0,0,0.9629629629629629,0.7037037037037037,0.9259259259259259,1.0,,,,,,,
simgp_core_g75,random,8,2,0.09165763422329706,0.058009078910315565,1.0,1.0,1.0,0,0.7777777777777778,0.48148148148148145,0.7407407407407407,0.8518518518518519,,,,,,,
physgp_core,random,8,2,0.15041989705292774,0.1032233438687745,1.0,1.0,1.0,0,0.5555555555555556,0.037037037037037035,0.2962962962962963,0.6296296296296297,,,,,,,
physgp_rich,random,8,2,0.16481045280351284,0.11604613851025768,1.0,1.0,1.0,0,0.25925925925925924,0.1111111111111111,0.2222222222222222,0.4074074074074074,,,,,,,
simgp_rich,random,8,2,0.08013363132753054,0.059883348450123525,1.0,1.0,1.0,0,1.0,0.7777777777777778,0.9629629629629629,1.0,,,,,,,
pinn_rich,random,8,2,0.1831906696395274,0.13360535318165426,1.0,1.0,1.0,0,0.2222222222222222,0.07407407407407407,0.18518518518518517,0.2962962962962963,,,,,,,
mean_of_samples,random,8,2,0.23264385517862202,0.1574903438984556,1.0,1.0,1.0,0,,,,,,,,,,,
nearest_sample,random,8,2,0.1764650346752065,0.12713497884829886,1.0,1.0,1.0,0,,,,,,,,,,,
decay_only,random,8,2,0.16065362678366718,0.11387287838625965,1.0,1.0,1.0,0,,,,,,,,,,,
simgp_core,random,9,2,0.07588443273345079,0.0554401474523692,1.0,1.0,1.0,0,1.0,0.8076923076923077,0.9615384615384616,1.0,0.1,0.1,1.0,1.0,1.1,0.9,0.0
simgp_core_nogp,random,9,2,0.07595240510096796,0.055494798550252966,1.0,1.0,1.0,0,0.9615384615384616,0.8076923076923077,0.9615384615384616,1.0,,,,,,,
simgp_core_g75,random,9,2,0.08415843777928858,0.0478377258232847,1.0,1.0,1.0,0,0.8846153846153846,0.7692307692307693,0.8846153846153846,0.8846153846153846,,,,,,,
physgp_core,random,9,2,0.1568857365258675,0.10800474562971774,1.0,1.0,1.0,0,0.5769230769230769,0.038461538461538464,0.3076923076923077,0.7307692307692307,,,,,,,
physgp_rich,random,9,2,0.16722455140289538,0.11383417773466158,1.0,1.0,1.0,0,0.4230769230769231,0.07692307692307693,0.23076923076923078,0.6538461538461539,,,,,,,
simgp_rich,random,9,2,0.07595235863912635,0.055494656764317786,1.0,1.0,1.0,0,1.0,0.8461538461538461,0.9615384615384616,1.0,,,,,,,
mean_of_samples,random,9,2,0.23323443923077397,0.15793619146910173,1.0,1.0,1.0,0,,,,,,,,,,,
nearest_sample,random,9,2,0.17969372986653323,0.1306694444897371,1.0,1.0,1.0,0,,,,,,,,,,,
decay_only,random,9,2,0.17264227446748726,0.12081095877964701,1.0,1.0,1.0,0,,,,,,,,,,,
simgp_core,random,10,2,0.09357386113175424,0.06034126722041095,1.0,1.0,1.0,0,0.96,0.76,0.96,1.0,0.1,0.1,0.5,0.85,1.1,0.9,0.0
simgp_core_nogp,random,10,2,0.09362748025567043,0.06037916512843784,1.0,1.0,1.0,0,0.96,0.72,0.92,1.0,,,,,,,
simgp_core_g75,random,10,2,0.0985663491424358,0.06576951418759269,1.0,1.0,1.0,0,0.92,0.44,0.88,0.92,,,,,,,
physgp_core,random,10,2,0.16684452008251693,0.11468853108908492,1.0,1.0,1.0,0,0.72,0.12,0.56,0.76,,,,,,,
physgp_rich,random,10,2,0.1877260258616351,0.12499044673708663,1.0,1.0,1.0,0,0.48,0.24,0.4,0.6,,,,,,,
simgp_rich,random,10,2,0.09247322599091023,0.059747842215525156,1.0,1.0,1.0,0,1.0,0.8,0.96,1.0,,,,,,,
pinn_rich,random,10,2,0.1846655292544847,0.13737506971947552,1.0,1.0,1.0,0,0.28,0.12,0.12,0.32,,,,,,,
mean_of_samples,random,10,2,0.23826386606644365,0.1643972228256751,1.0,1.0,1.0,0,,,,,,,,,,,
nearest_sample,random,10,2,0.17713897104766352,0.12653044270222105,1.0,1.0,1.0,0,,,,,,,,,,,
decay_only,random,10,2,0.1783192075444441,0.12234170794920299,1.0,1.0,1.0,0,,,,,,,,,,,
simgp_core,random,11,2,0.09487405816170758,0.062176156716297774,1.0,1.0,1.0,0,0.9583333333333334,0.7916666666666666,0.9583333333333334,1.0,0.1,0.1,0.5,0.85,1.1,0.9,0.0
simgp_core_nogp,random,11,2,0.09502706246764271,0.06239757117565919,1.0,1.0,1.0,0,0.9583333333333334,0.7083333333333334,0.9166666666666666,1.0,,,,,,,
simgp_core_g75,random,11,2,0.08845072819062387,0.05321649413220363,1.0,1.0,1.0,0,0.9166666666666666,0.5833333333333334,0.875,0.9166666666666666,,,,,,,
physgp_core,random,11,2,0.1496467734450519,0.0983237482286435,1.0,1.0,1.0,0,0.875,0.3333333333333333,0.7083333333333334,0.875,,,,,,,
physgp_rich,random,11,2,0.1752284817957971,0.11361983192344767,1.0,1.0,1.0,0,0.5416666666666666,0.20833333333333334,0.5,0.6666666666666666,,,,,,,
simgp_rich,random,11,2,0.09535457629434692,0.06638698724826751,1.0,1.0,1.0,0,1.0,0.7916666666666666,0.9583333333333334,1.0,,,,,,,
mean_of_samples,random,11,2,0.21788015130169403,0.15568931842356648,1.0,1.0,1.0,0,,,,,,,,,,,
nearest_sample,random,11,2,0.15630558227914376,0.12242597151305333,1.0,1.0,1.0,0,,,,,,,,,,,
decay_only,random,11,2,0.15692904244526817,0.10597042035796433,1.0,1.0,1.0,0,,,,,,,,,,,
simgp_core,random,12,2,0.09634052766618936,0.06285962719393855,1.0,1.0,1.0,0,0.9565217391304348,0.782608695652174,0.9565217391304348,1.0,0.1,0.1,0.5,0.85,1.1,0.9,0.0
simgp_core_nogp,random,12,2,0.09665458095148148,0.06321844237074208,1.0,1.0,1.0,0,0.9565217391304348,0.6956521739130435,0.9130434782608695,1.0,,,,,,,
simgp_core_g75,random,12,2,0.0898782852651085,0.053258144703015924,1.0,1.0,1.0,0,0.9130434782608695,0.5217391304347826,0.8695652173913043,0.9130434782608695,,,,,,,
physgp_core,random,12,2,0.1199954994863369,0.08380844281327136,1.0,1.0,1.0,0,0.8695652173913043,0.43478260869565216,0.8260869565217391,0.9130434782608695,,,,,,,
physgp_rich,random,12,2,0.1461841968600245,0.09387342767869701,1.0,1.0,1.0,0,0.6956521739130435,0.34782608695652173,0.6086956521739131,0.6956521739130435,,,,,,,
simgp_rich,random,12,2,0.09625508607429063,0.06211452579107418,1.0,1.0,1.0,0,1.0,0.782608695652174,0.9565217391304348,1.0,,,,,,,
pinn_rich,random,12,2,0.22066149452487824,0.1560797248761154,1.0,1.0,1.0,0,0.2608695652173913,0.13043478260869565,0.21739130434782608,0.2608695652173913,,,,,,,
mean_of_samples,random,12,2,0.1776647818617328,0.1537954478963499,1.0,1.0,1.0,0,,,,,,,,,,,
nearest_sample,random,12,2,0.1435338883502895,0.11316520658741301,1.0,1.0,1.0,0,,,,,,,,,,,
decay_only,random,12,2,0.12104934594320002,0.08626742354340787,1.0,1.0,1.0,0,,,,,,,,,,,
simgp_core,random,13,2,0.1007161272193589,0.056202379035923074,1.0,1.0,1.0,0,1.0,0.7272727272727273,0.9545454545454546,1.0,0.1,0.1,0.5,0.85,1.1,0.9,0.0
simgp_core_nogp,random,13,2,0.09735159271985634,0.059125551791807826,1.0,1.0,1.0,0,1.0,0.7727272727272727,1.0,1.0,,,,,,,
simgp_core_g75,random,13,2,0.09067211658544862,0.05224975491409858,1.0,1.0,1.0,0,0.8636363636363636,0.5909090909090909,0.8636363636363636,0.9090909090909091,,,,,,,
physgp_core,random,13,2,0.11560756941654694,0.08290418690592519,1.0,1.0,1.0,0,0.7272727272727273,0.3181818181818182,0.6363636363636364,0.7727272727272727,,,,,,,
physgp_rich,random,13,2,0.16325022388118343,0.12548786238306606,1.0,1.0,1.0,0,0.5454545454545454,0.2727272727272727,0.45454545454545453,0.5454545454545454,,,,,,,
simgp_rich,random,13,2,0.1005105769086142,0.05818948543756175,1.0,1.0,1.0,0,1.0,0.7727272727272727,1.0,1.0,,,,,,,
mean_of_samples,random,13,2,0.17977090188992087,0.15657399250549367,1.0,1.0,1.0,0,,,,,,,,,,,
nearest_sample,random,13,2,0.14984198360563974,0.11390710181265376,1.0,1.0,1.0,0,,,,,,,,,,,
decay_only,random,13,2,0.10854298466964026,0.07880710536261842,1.0,1.0,1.0,0,,,,,,,,,,,
simgp_core,random,14,2,0.09653574801381637,0.055278158723204074,1.0,1.0,1.0,0,1.0,0.8095238095238095,1.0,1.0,0.1,0.1,1.0,0.85,1.1,1.0,0.0
simgp_core_nogp,random,14,2,0.0962658461816483,0.057539514473467473,1.0,1.0,1.0,0,1.0,0.7619047619047619,1.0,1.0,,,,,,,
simgp_core_g75,random,14,2,0.09151408732517133,0.051601706381669325,1.0,1.0,1.0,0,0.8571428571428571,0.7619047619047619,0.8571428571428571,0.9047619047619048,,,,,,,
physgp_core,random,14,2,0.10699463189556555,0.06802377261737055,1.0,1.0,1.0,0,0.7619047619047619,0.5238095238095238,0.7619047619047619,0.8571428571428571,,,,,,,
physgp_rich,random,14,2,0.1456387346166949,0.09909008338451951,1.0,1.0,1.0,0,0.7142857142857143,0.3333333333333333,0.6666666666666666,0.7619047619047619,,,,,,,
simgp_rich,random,14,2,0.10440219743525353,0.06305996891125565,1.0,1.0,1.0,0,1.0,0.7142857142857143,0.9523809523809523,1.0,,,,,,,
mean_of_samples,random,14,2,0.1722374899566633,0.1459834641900368,1.0,1.0,1.0,0,,,,,,,,,,,
nearest_sample,random,14,2,0.17915620503928453,0.11715000797407228,1.0,1.0,1.0,0,,,,,,,,,,,
decay_only,random,14,2,0.10856969195705708,0.07912360912254918,1.0,1.0,1.0,0,,,,,,,,,,,
simgp_core,random,15,2,0.0918271978783461,0.05160493648912677,1.0,1.0,1.0,0,1.0,0.95,1.0,1.0,0.1,0.1,1.0,0.85,1.1,1.0,0.0
simgp_core_nogp,random,15,2,0.0958963423008042,0.05879569888845461,1.0,1.0,1.0,0,1.0,0.8,1.0,1.0,,,,,,,
simgp_core_g75,random,15,2,0.09417037095176704,0.05421481646446855,1.0,1.0,1.0,0,0.85,0.75,0.85,0.9,,,,,,,
physgp_core,random,15,2,0.11056468456047855,0.07124788460925852,1.0,1.0,1.0,0,0.75,0.45,0.75,0.8,,,,,,,
physgp_rich,random,15,2,0.1280734371638995,0.07733681160712694,1.0,1.0,1.0,0,0.7,0.4,0.65,0.75,,,,,,,
simgp_rich,random,15,2,0.09139747539037817,0.05618551935929909,1.0,1.0,1.0,0,1.0,0.9,1.0,1.0,,,,,,,
pinn_rich,random,15,2,0.15103030284930805,0.0945200917187493,1.0,1.0,1.0,0,0.45,0.3,0.45,0.45,,,,,,,
mean_of_samples,random,15,2,0.17299079838685055,0.1449043970341867,1.0,1.0,1.0,0,,,,,,,,,,,
nearest_sample,random,15,2,0.18314506472568612,0.12018192559300897,1.0,1.0,1.0,0,,,,,,,,,,,
decay_only,random,15,2,0.11134789664298785,0.082037458971252,1.0,1.0,1.0,0,,,,,,,,,,,
simgp_core,uncertainty,3,2,0.08154511794344335,0.05660519508459809,0.0,1.0,0.0,0,1.0,0.875,1.0,1.0,0.1,0.3,0.5,1.15,1.1,1.0,0.0
simgp_core,uncertainty,4,2,0.06856458514616698,0.04768651709135568,0.0,1.0,0.0,0,0.967741935483871,0.8709677419354839,0.9354838709677419,1.0,0.1,0.3,0.5,1.15,1.0,1.0,0.0
simgp_core,uncertainty,5,2,0.06457267736795218,0.045304943680463124,0.0,1.0,0.0,0,1.0,0.8,0.9333333333333333,1.0,0.1,0.3,0.5,1.15,1.0,1.05,0.0
simgp_core,uncertainty,6,2,0.06529282715213772,0.04519278004458248,0.0,1.0,0.0,0,1.0,0.7586206896551724,0.896551724137931,1.0,0.25,0.1,0.0,1.15,1.0,0.9,0.0
simgp_core,uncertainty,7,2,0.06020823822666712,0.045367448367372595,1.0,1.0,1.0,0,1.0,0.75,0.9642857142857143,1.0,0.1,0.3,0.5,1.15,1.0,1.05,0.0
simgp_core,uncertainty,8,2,0.061661292706717656,0.043412168762524656,1.0,1.0,1.0,0,1.0,0.7407407407407407,0.9259259259259259,1.0,0.1,0.3,0.5,1.15,1.0,1.05,0.0
simgp_core,uncertainty,9,2,0.059831460114389654,0.04291130908231784,1.0,1.0,1.0,0,0.9615384615384616,0.7692307692307693,0.9230769230769231,1.0,0.1,0.3,0.5,1.15,1.1,1.05,0.0
simgp_core,uncertainty,10,2,0.06247486127488378,0.0434067572840617,1.0,1.0,1.0,0,1.0,0.72,0.88,1.0,0.1,0.3,0.0,1.15,1.0,0.95,0.0
simgp_core,uncertainty,11,2,0.056081132518043635,0.03863899298361271,1.0,1.0,1.0,0,1.0,0.9166666666666666,1.0,1.0,0.1,0.3,0.0,1.15,1.0,0.95,0.0
simgp_core,uncertainty,12,2,0.053458689034819123,0.03881166430317028,1.0,1.0,1.0,0,1.0,0.8260869565217391,1.0,1.0,0.1,0.3,0.0,1.15,1.0,0.95,0.0
simgp_core,uncertainty,13,2,0.055939600154358726,0.04154000824906528,1.0,1.0,1.0,0,1.0,0.8181818181818182,1.0,1.0,0.1,0.3,0.0,1.15,1.0,0.95,0.0
simgp_core,uncertainty,14,2,0.05472758357223671,0.04143891282980875,1.0,1.0,1.0,0,1.0,0.8095238095238095,0.9523809523809523,1.0,0.1,0.3,0.5,1.15,1.0,1.1,0.0
simgp_core,uncertainty,15,2,0.04795477116006149,0.035258590725225095,1.0,1.0,1.0,0,1.0,0.9,1.0,1.0,0.1,0.3,0.5,1.15,1.0,1.1,0.0
simgp_core,straddle,3,2,0.07516425853111226,0.05402915826100775,1.0,1.0,1.0,0,1.0,0.78125,0.96875,1.0,0.25,0.1,0.0,1.15,0.9,1.0,0.0
simgp_core,straddle,4,2,0.07502091469402779,0.053963437977654474,1.0,1.0,1.0,0,1.0,0.7741935483870968,0.967741935483871,1.0,0.1,0.1,0.0,0.85,1.1,0.95,0.0
simgp_core,straddle,5,2,0.09197416197885226,0.06376223539212175,1.0,1.0,1.0,0,0.9333333333333333,0.6666666666666666,0.8666666666666667,1.0,0.1,0.1,0.0,0.85,1.1,0.9,0.0
simgp_core,straddle,6,2,0.06997177218820322,0.056459509621304756,1.0,1.0,1.0,0,1.0,0.7241379310344828,0.9310344827586207,1.0,0.1,0.3,0.0,1.15,1.0,1.05,0.0
simgp_core,straddle,7,2,0.054108912895408735,0.04067253204317282,1.0,1.0,1.0,0,1.0,0.6785714285714286,0.9642857142857143,1.0,0.1,0.3,0.0,1.15,0.9,1.0,0.0
simgp_core,straddle,8,2,0.05701415391090034,0.043529950536757504,1.0,1.0,1.0,0,1.0,0.6666666666666666,0.9629629629629629,1.0,0.1,0.3,0.0,1.15,0.9,1.0,0.0
simgp_core,straddle,9,2,0.05263049232847532,0.038529617322356824,1.0,1.0,1.0,0,1.0,0.6923076923076923,0.9615384615384616,1.0,0.1,0.3,0.0,1.15,0.9,1.0,0.0
simgp_core,straddle,10,2,0.05919103581814904,0.044393735531709784,1.0,1.0,1.0,0,1.0,0.96,1.0,1.0,0.1,0.3,0.5,1.15,0.9,1.1,0.0
simgp_core,straddle,11,2,0.06041402741133723,0.04578469081555294,1.0,1.0,1.0,0,1.0,0.9166666666666666,1.0,1.0,0.1,0.3,0.5,1.15,1.1,1.1,0.0
simgp_core,straddle,12,2,0.06278026864213887,0.04733733160542531,1.0,1.0,1.0,0,1.0,0.8695652173913043,1.0,1.0,0.1,0.3,0.5,1.15,0.9,1.1,0.0
simgp_core,straddle,13,2,0.06261053343438161,0.048022281493804726,1.0,1.0,1.0,0,1.0,0.8636363636363636,1.0,1.0,0.1,0.3,0.5,1.15,0.9,1.1,0.0
simgp_core,straddle,14,2,0.0636440470915497,0.05024559341318158,1.0,1.0,1.0,0,1.0,0.8571428571428571,1.0,1.0,0.1,0.3,0.5,1.15,0.9,1.1,0.0
simgp_core,straddle,15,2,0.0643781887375407,0.05319194373725862,1.0,1.0,1.0,0,1.0,0.8,1.0,1.0,0.1,0.3,0.5,1.15,0.9,1.1,0.0
simgp_core,random,3,3,0.17437214012029476,0.14626417143210885,0.0,1.0,0.0,0,0.96875,0.375,0.8125,0.96875,0.1,0.1,1.0,0.85,1.1,1.0,0.0
simgp_core_nogp,random,3,3,0.17498269108388026,0.143788522052695,0.0,1.0,0.0,0,0.96875,0.3125,0.90625,0.96875,,,,,,,
simgp_core_g75,random,3,3,0.13700681692469016,0.11488084238034889,0.0,1.0,0.0,0,0.625,0.25,0.53125,0.8125,,,,,,,
physgp_core,random,3,3,0.15832236633986513,0.12271592988130947,1.0,1.0,1.0,0,0.46875,0.09375,0.40625,0.53125,,,,,,,
physgp_rich,random,3,3,0.1587384567134445,0.12317806995848554,1.0,1.0,1.0,0,0.46875,0.125,0.40625,0.53125,,,,,,,
simgp_rich,random,3,3,0.17343259168486636,0.14618266145118228,0.0,1.0,0.0,0,0.96875,0.375,0.90625,0.96875,,,,,,,
pinn_rich,random,3,3,0.2387822255639211,0.15061160480465163,1.0,1.0,1.0,0,0.4375,0.25,0.40625,0.53125,,,,,,,
mean_of_samples,random,3,3,0.1957480650009496,0.14109295714936237,1.0,1.0,1.0,0,,,,,,,,,,,
nearest_sample,random,3,3,0.2564714674393619,0.16375371502035482,1.0,1.0,1.0,0,,,,,,,,,,,
decay_only,random,3,3,0.1587384567131013,0.12317806995824146,1.0,1.0,1.0,0,,,,,,,,,,,
simgp_core,random,4,3,0.12987180450296096,0.10279906253980059,1.0,1.0,1.0,0,0.9032258064516129,0.5483870967741935,0.8709677419354839,0.967741935483871,0.1,0.1,1.0,1.0,0.9,1.0,0.0
simgp_core_nogp,random,4,3,0.12878972636599842,0.10867999003388952,1.0,1.0,1.0,0,0.967741935483871,0.3548387096774194,0.9032258064516129,0.967741935483871,,,,,,,
simgp_core_g75,random,4,3,0.10712351006933647,0.07389961221446421,1.0,1.0,1.0,0,0.8387096774193549,0.5483870967741935,0.8387096774193549,0.8709677419354839,,,,,,,
physgp_core,random,4,3,0.1508334214212887,0.11047955712298471,1.0,1.0,1.0,0,0.4838709677419355,0.16129032258064516,0.3870967741935484,0.5806451612903226,,,,,,,
physgp_rich,random,4,3,0.1516209164527906,0.11150590898418095,1.0,1.0,1.0,0,0.5483870967741935,0.1935483870967742,0.41935483870967744,0.5806451612903226,,,,,,,
simgp_rich,random,4,3,0.12879120695589244,0.10868756187627382,1.0,1.0,1.0,0,0.967741935483871,0.3870967741935484,0.9354838709677419,0.967741935483871,,,,,,,
mean_of_samples,random,4,3,0.19971772595387435,0.13081998235366665,1.0,1.0,1.0,0,,,,,,,,,,,
nearest_sample,random,4,3,0.25555965998285,0.1606147871506343,1.0,1.0,1.0,0,,,,,,,,,,,
decay_only,random,4,3,0.15161806663059152,0.11150379544031816,1.0,1.0,1.0,0,,,,,,,,,,,
simgp_core,random,5,3,0.09084291093822328,0.06287735820967846,1.0,1.0,1.0,0,0.9666666666666667,0.8333333333333334,0.9666666666666667,0.9666666666666667,0.1,0.1,1.0,1.0,0.9,1.05,0.0
simgp_core_nogp,random,5,3,0.10433772947046364,0.08554072690890857,1.0,1.0,1.0,0,0.9666666666666667,0.5,0.8666666666666667,0.9666666666666667,,,,,,,
simgp_core_g75,random,5,3,0.08842478557237327,0.05135680851587665,1.0,1.0,1.0,0,0.8666666666666667,0.6333333333333333,0.8333333333333334,0.9,,,,,,,
physgp_core,random,5,3,0.1420047884716049,0.08878686650756455,1.0,1.0,1.0,0,0.9,0.5666666666666667,0.8,0.9333333333333333,,,,,,,
physgp_rich,random,5,3,0.1420799495061026,0.09144783228786779,1.0,1.0,1.0,0,0.9,0.5,0.8,0.9,,,,,,,
simgp_rich,random,5,3,0.10392462990509571,0.08503546723777249,1.0,1.0,1.0,0,0.9666666666666667,0.5333333333333333,0.9333333333333333,0.9666666666666667,,,,,,,
pinn_rich,random,5,3,0.220654944095663,0.13272446026831958,1.0,1.0,1.0,0,0.4,0.16666666666666666,0.36666666666666664,0.5,,,,,,,
mean_of_samples,random,5,3,0.20246571163133734,0.13555222794853866,1.0,1.0,1.0,0,,,,,,,,,,,
nearest_sample,random,5,3,0.260389762760088,0.15784549987312554,1.0,1.0,1.0,0,,,,,,,,,,,
decay_only,random,5,3,0.14573603334675236,0.09687685734709696,1.0,1.0,1.0,0,,,,,,,,,,,
simgp_core,random,6,3,0.09567690285740116,0.06647558290593629,1.0,1.0,1.0,0,0.9655172413793104,0.7931034482758621,0.9655172413793104,0.9655172413793104,0.1,0.1,1.0,1.15,1.0,0.95,0.0
simgp_core_nogp,random,6,3,0.10730624073300807,0.08700883093290089,1.0,1.0,1.0,0,0.9655172413793104,0.4482758620689655,0.8620689655172413,0.9655172413793104,,,,,,,
simgp_core_g75,random,6,3,0.08215505205908463,0.049479656576963224,1.0,1.0,1.0,0,0.8620689655172413,0.7241379310344828,0.8620689655172413,0.9310344827586207,,,,,,,
physgp_core,random,6,3,0.15418875599914306,0.09931422888560502,1.0,1.0,1.0,0,0.9310344827586207,0.5517241379310345,0.7931034482758621,0.9310344827586207,,,,,,,
physgp_rich,random,6,3,0.15426049137321465,0.09893667568524092,1.0,1.0,1.0,0,0.8275862068965517,0.5172413793103449,0.7931034482758621,0.9310344827586207,,,,,,,
simgp_rich,random,6,3,0.107110873778291,0.08580906927728796,1.0,1.0,1.0,0,0.9655172413793104,0.6896551724137931,0.9655172413793104,0.9655172413793104,,,,,,,
mean_of_samples,random,6,3,0.20419578972990504,0.14065012028747043,1.0,1.0,1.0,0,,,,,,,,,,,
nearest_sample,random,6,3,0.2655119684377863,0.1650027911856853,1.0,1.0,1.0,0,,,,,,,,,,,
decay_only,random,6,3,0.15503556160888698,0.10173389050405143,1.0,1.0,1.0,0,,,,,,,,,,,
simgp_core,random,7,3,0.07433916281745107,0.04750807389796494,1.0,1.0,1.0,0,0.9642857142857143,0.8214285714285714,0.9642857142857143,0.9642857142857143,0.1,0.1,1.0,1.0,1.1,1.0,0.0
simgp_core_nogp,random,7,3,0.0916584886304694,0.06977990592992046,1.0,1.0,1.0,0,0.9642857142857143,0.6071428571428571,0.8214285714285714,0.9642857142857143,,,,,,,
simgp_core_g75,random,7,3,0.08515110475630765,0.05066962992784431,1.0,1.0,1.0,0,0.8571428571428571,0.6785714285714286,0.8571428571428571,0.9285714285714286,,,,,,,
physgp_core,random,7,3,0.16497003158801177,0.10560226080063972,1.0,1.0,1.0,0,0.8571428571428571,0.42857142857142855,0.75,0.9285714285714286,,,,,,,
physgp_rich,random,7,3,0.15961887268906436,0.09939962204715515,1.0,1.0,1.0,0,0.8214285714285714,0.39285714285714285,0.6428571428571429,0.8571428571428571,,,,,,,
simgp_rich,random,7,3,0.10164646732088424,0.07729016233273035,1.0,1.0,1.0,0,0.8928571428571429,0.75,0.8928571428571429,0.9285714285714286,,,,,,,
mean_of_samples,random,7,3,0.2091418559714593,0.14106894040206086,1.0,1.0,1.0,0,,,,,,,,,,,
nearest_sample,random,7,3,0.26936480857957684,0.16713644313005274,1.0,1.0,1.0,0,,,,,,,,,,,
decay_only,random,7,3,0.16581615014164214,0.10737775242266791,1.0,1.0,1.0,0,,,,,,,,,,,
simgp_core,random,8,3,0.0903324063527786,0.059725887719990295,1.0,1.0,1.0,0,0.9259259259259259,0.7407407407407407,0.8518518518518519,0.9259259259259259,0.1,0.1,1.0,1.0,1.1,1.0,0.0
simgp_core_nogp,random,8,3,0.09025690913061486,0.067715869013319,1.0,1.0,1.0,0,0.9629629629629629,0.6296296296296297,0.8148148148148148,0.9629629629629629,,,,,,,
simgp_core_g75,random,8,3,0.09744017445270205,0.0633280129582625,1.0,1.0,1.0,0,0.8148148148148148,0.6296296296296297,0.8148148148148148,0.8888888888888888,,,,,,,
physgp_core,random,8,3,0.14309799843245788,0.0813242938895591,1.0,1.0,1.0,0,0.8518518518518519,0.5185185185185185,0.7407407407407407,0.9259259259259259,,,,,,,
physgp_rich,random,8,3,0.14454832059963574,0.08849535962960452,1.0,1.0,1.0,0,0.7777777777777778,0.4074074074074074,0.7777777777777778,0.8518518518518519,,,,,,,
simgp_rich,random,8,3,0.09246123416266327,0.06554355584244585,1.0,1.0,1.0,0,0.9259259259259259,0.7407407407407407,0.8888888888888888,0.9259259259259259,,,,,,,
pinn_rich,random,8,3,0.1918806900600515,0.11682694354670646,1.0,1.0,1.0,0,0.4444444444444444,0.25925925925925924,0.4074074074074074,0.5185185185185185,,,,,,,
mean_of_samples,random,8,3,0.20215942657606678,0.14676056848940708,1.0,1.0,1.0,0,,,,,,,,,,,
nearest_sample,random,8,3,0.27395251266383663,0.17064110974364308,1.0,1.0,1.0,0,,,,,,,,,,,
decay_only,random,8,3,0.1490309147822862,0.09534799544693835,1.0,1.0,1.0,0,,,,,,,,,,,
simgp_core,random,9,3,0.09220334088886721,0.06220339920542584,1.0,1.0,1.0,0,0.9230769230769231,0.7307692307692307,0.8461538461538461,0.9230769230769231,0.1,0.1,1.0,1.0,1.1,1.0,0.0
simgp_core_nogp,random,9,3,0.09177967051963401,0.06900374716298975,1.0,1.0,1.0,0,0.9615384615384616,0.6153846153846154,0.8076923076923077,0.9615384615384616,,,,,,,
simgp_core_g75,random,9,3,0.09744843629482239,0.05998901284398427,1.0,1.0,1.0,0,0.8076923076923077,0.6153846153846154,0.7692307692307693,0.8846153846153846,,,,,,,
physgp_core,random,9,3,0.1408549598989992,0.07960875415717386,1.0,1.0,1.0,0,0.7692307692307693,0.4230769230769231,0.7307692307692307,0.8846153846153846,,,,,,,
physgp_rich,random,9,3,0.14923165354291734,0.09427527194504949,1.0,1.0,1.0,0,0.7692307692307693,0.34615384615384615,0.6923076923076923,0.8076923076923077,,,,,,,
simgp_rich,random,9,3,0.09903376379811385,0.0693350107228205,1.0,1.0,1.0,0,0.8846153846153846,0.6923076923076923,0.8461538461538461,0.9230769230769231,,,,,,,
mean_of_samples,random,9,3,0.20571377223198106,0.15502411556943646,1.0,1.0,1.0,0,,,,,,,,,,,
nearest_sample,random,9,3,0.14437446308868135,0.08932635258743786,1.0,1.0,1.0,0,,,,,,,,,,,
decay_only,random,9,3,0.14834343219327617,0.09506651616011653,1.0,1.0,1.0,0,,,,,,,,,,,
simgp_core,random,10,3,0.08691156978081092,0.053545722721987925,1.0,1.0,1.0,0,0.92,0.84,0.92,0.92,0.1,0.3,0.0,1.0,0.9,1.1,0.0
simgp_core_nogp,random,10,3,0.08848402239494148,0.06487447717519884,1.0,1.0,1.0,0,0.92,0.6,0.88,0.96,,,,,,,
simgp_core_g75,random,10,3,0.09564240374441174,0.05345953663985111,1.0,1.0,1.0,0,0.88,0.76,0.84,0.88,,,,,,,
physgp_core,random,10,3,0.15695651022312773,0.09078520214580126,1.0,1.0,1.0,0,0.8,0.44,0.72,0.8,,,,,,,
physgp_rich,random,10,3,0.15501036560816606,0.08771159836382939,1.0,1.0,1.0,0,0.84,0.52,0.8,0.88,,,,,,,
simgp_rich,random,10,3,0.08594758685718155,0.05143416983010643,1.0,1.0,1.0,0,0.92,0.8,0.92,0.92,,,,,,,
pinn_rich,random,10,3,0.13353317926563962,0.07840336520924783,1.0,1.0,1.0,0,0.52,0.28,0.48,0.6,,,,,,,
mean_of_samples,random,10,3,0.20657756456929352,0.1487086514862704,1.0,1.0,1.0,0,,,,,,,,,,,
nearest_sample,random,10,3,0.14818650242920897,0.0922244257519564,1.0,1.0,1.0,0,,,,,,,,,,,
decay_only,random,10,3,0.16157458705989422,0.09853420679725942,1.0,1.0,1.0,0,,,,,,,,,,,
simgp_core,random,11,3,0.07674239586757252,0.047884906456734516,1.0,1.0,1.0,0,0.9166666666666666,0.8333333333333334,0.9166666666666666,0.9166666666666666,0.1,0.1,1.0,1.0,0.9,1.0,0.0
simgp_core_nogp,random,11,3,0.08303705725946589,0.05837039171129352,1.0,1.0,1.0,0,0.9166666666666666,0.7083333333333334,0.8333333333333334,0.9583333333333334,,,,,,,
simgp_core_g75,random,11,3,0.09673323248417343,0.05608178077871027,1.0,1.0,1.0,0,0.875,0.6666666666666666,0.8333333333333334,0.875,,,,,,,
physgp_core,random,11,3,0.15806097145312817,0.08848814268692724,1.0,1.0,1.0,0,0.875,0.5416666666666666,0.75,0.875,,,,,,,
physgp_rich,random,11,3,0.1677174356188703,0.10203666823909381,1.0,1.0,1.0,0,0.8333333333333334,0.4583333333333333,0.8333333333333334,0.875,,,,,,,
simgp_rich,random,11,3,0.07625315772384689,0.04604300135772302,1.0,1.0,1.0,0,0.9166666666666666,0.8333333333333334,0.9166666666666666,0.9166666666666666,,,,,,,
mean_of_samples,random,11,3,0.2094090422729384,0.1465870523436602,1.0,1.0,1.0,0,,,,,,,,,,,
nearest_sample,random,11,3,0.14994534271664603,0.09203287121528768,1.0,1.0,1.0,0,,,,,,,,,,,
decay_only,random,11,3,0.16449288447715354,0.10098321693752443,1.0,1.0,1.0,0,,,,,,,,,,,
simgp_core,random,12,3,0.08205321771892518,0.05528989740402837,1.0,1.0,1.0,0,0.9565217391304348,0.8695652173913043,0.9565217391304348,0.9565217391304348,0.1,0.1,1.0,1.0,0.9,1.0,0.0
simgp_core_nogp,random,12,3,0.08611906242190417,0.0619795126219856,1.0,1.0,1.0,0,0.9130434782608695,0.6086956521739131,0.8260869565217391,0.9565217391304348,,,,,,,
simgp_core_g75,random,12,3,0.09634027789554228,0.05798049623274607,1.0,1.0,1.0,0,0.8695652173913043,0.6956521739130435,0.8260869565217391,0.8695652173913043,,,,,,,
physgp_core,random,12,3,0.16191481745327754,0.09242432156710711,1.0,1.0,1.0,0,0.8695652173913043,0.391304347826087,0.7391304347826086,0.8695652173913043,,,,,,,
physgp_rich,random,12,3,0.17141665477619458,0.10854357681748138,1.0,1.0,1.0,0,0.8260869565217391,0.4782608695652174,0.7391304347826086,0.8695652173913043,,,,,,,
simgp_rich,random,12,3,0.08222863961721899,0.04981717479288448,1.0,1.0,1.0,0,0.9565217391304348,0.8260869565217391,0.9130434782608695,0.9565217391304348,,,,,,,
pinn_rich,random,12,3,0.1492649127949347,0.08876805024502009,1.0,1.0,1.0,0,0.5652173913043478,0.21739130434782608,0.391304347826087,0.6521739130434783,,,,,,,
mean_of_samples,random,12,3,0.21269905289606839,0.1416460288568893,1.0,1.0,1.0,0,,,,,,,,,,,
nearest_sample,random,12,3,0.1531243627107071,0.09528560885344238,1.0,1.0,1.0,0,,,,,,,,,,,
decay_only,random,12,3,0.1684245259295804,0.10530959356955188,1.0,1.0,1.0,0,,,,,,,,,,,
simgp_core,random,13,3,0.08021720963344504,0.05260514976797133,1.0,1.0,1.0,0,0.9545454545454546,0.8181818181818182,0.9090909090909091,0.9545454545454546,0.1,0.1,1.0,1.0,0.9,1.0,0.0
simgp_core_nogp,random,13,3,0.0856880035995162,0.06023970793963002,1.0,1.0,1.0,0,0.9090909090909091,0.6363636363636364,0.8181818181818182,0.9545454545454546,,,,,,,
simgp_core_g75,random,13,3,0.09825768522484685,0.062122062609751734,1.0,1.0,1.0,0,0.8181818181818182,0.7272727272727273,0.7727272727272727,0.9090909090909091,,,,,,,
physgp_core,random,13,3,0.16639288218660395,0.0996755520995806,1.0,1.0,1.0,0,0.6363636363636364,0.2727272727272727,0.5909090909090909,0.6818181818181818,,,,,,,
physgp_rich,random,13,3,0.16750759749657215,0.09575579250419587,1.0,1.0,1.0,0,0.7272727272727273,0.4090909090909091,0.6363636363636364,0.7727272727272727,,,,,,,
simgp_rich,random,13,3,0.084832039153599,0.05684488109301808,1.0,1.0,1.0,0,0.9545454545454546,0.8181818181818182,0.9090909090909091,0.9545454545454546,,,,,,,
mean_of_samples,random,13,3,0.2179342710826704,0.1465089365051976,1.0,1.0,1.0,0,,,,,,,,,,,
nearest_sample,random,13,3,0.14920604991200037,0.09268375022732123,1.0,1.0,1.0,0,,,,,,,,,,,
decay_only,random,13,3,0.17055483658271325,0.10462161783550372,1.0,1.0,1.0,0,,,,,,,,,,,
simgp_core,random,14,3,0.09412847460359694,0.06671482032903658,1.0,1.0,1.0,0,0.9047619047619048,0.6666666666666666,0.8095238095238095,0.9047619047619048,0.1,0.1,1.0,1.0,0.9,1.0,0.0
simgp_core_nogp,random,14,3,0.0876552862028765,0.06251096952952812,1.0,1.0,1.0,0,0.9047619047619048,0.6190476190476191,0.8095238095238095,0.9523809523809523,,,,,,,
simgp_core_g75,random,14,3,0.10917699837406047,0.07487979066790407,1.0,1.0,1.0,0,0.7142857142857143,0.42857142857142855,0.6666666666666666,0.8095238095238095,,,,,,,
physgp_core,random,14,3,0.162208544888328,0.09928681421360115,1.0,1.0,1.0,0,0.6190476190476191,0.2857142857142857,0.5714285714285714,0.6666666666666666,,,,,,,
physgp_rich,random,14,3,0.16424135769210488,0.09506208529558019,1.0,1.0,1.0,0,0.7142857142857143,0.38095238095238093,0.6190476190476191,0.7142857142857143,,,,,,,
simgp_rich,random,14,3,0.08258635166529422,0.05518956547739282,1.0,1.0,1.0,0,0.9523809523809523,0.8571428571428571,0.9047619047619048,0.9523809523809523,,,,,,,
mean_of_samples,random,14,3,0.21567260553700282,0.14941702947514493,1.0,1.0,1.0,0,,,,,,,,,,,
nearest_sample,random,14,3,0.13937890950386292,0.09113920808372004,1.0,1.0,1.0,0,,,,,,,,,,,
decay_only,random,14,3,0.162893040765844,0.09807941373032796,1.0,1.0,1.0,0,,,,,,,,,,,
simgp_core,random,15,3,0.09494734668656517,0.0672035908258446,1.0,1.0,1.0,0,0.9,0.6,0.8,0.9,0.1,0.1,1.0,1.0,0.9,1.0,0.0
simgp_core_nogp,random,15,3,0.08725617009437146,0.0625504037851698,1.0,1.0,1.0,0,0.9,0.65,0.8,0.95,,,,,,,
simgp_core_g75,random,15,3,0.11295827870392014,0.08217078217813985,1.0,1.0,1.0,0,0.65,0.2,0.65,0.75,,,,,,,
physgp_core,random,15,3,0.16661565544069837,0.10554779697873491,1.0,1.0,1.0,0,0.6,0.25,0.5,0.6,,,,,,,
physgp_rich,random,15,3,0.1692063915503398,0.10257222607314449,1.0,1.0,1.0,0,0.7,0.25,0.6,0.7,,,,,,,
simgp_rich,random,15,3,0.08679343187304407,0.05872204465524646,1.0,1.0,1.0,0,0.95,0.8,0.9,0.95,,,,,,,
pinn_rich,random,15,3,0.14613862881438766,0.08964163665182304,1.0,1.0,1.0,0,0.45,0.15,0.35,0.5,,,,,,,
mean_of_samples,random,15,3,0.21872783979569285,0.1462234349366483,1.0,1.0,1.0,0,,,,,,,,,,,
nearest_sample,random,15,3,0.1421215104582058,0.09253958251340444,1.0,1.0,1.0,0,,,,,,,,,,,
decay_only,random,15,3,0.16683076378497677,0.10178028995266479,1.0,1.0,1.0,0,,,,,,,,,,,
simgp_core,uncertainty,3,3,0.1983550693778809,0.16525136217174322,0.0,1.0,0.0,0,0.9375,0.34375,0.5625,0.96875,0.1,0.3,0.0,0.85,1.1,1.1,0.0
simgp_core,uncertainty,4,3,0.15688744359834134,0.1314719937401566,0.0,1.0,0.0,0,0.9354838709677419,0.3548387096774194,0.5806451612903226,0.9354838709677419,0.1,0.3,0.0,1.0,0.9,1.1,0.0
simgp_core,uncertainty,5,3,0.12956386437041847,0.11105963597674563,0.0,1.0,0.0,0,0.9333333333333333,0.36666666666666664,0.9333333333333333,0.9666666666666667,0.1,0.3,0.0,1.0,0.9,1.1,0.0
simgp_core,uncertainty,6,3,0.11893192249934441,0.10151135210204804,1.0,1.0,1.0,0,0.9310344827586207,0.3103448275862069,0.8275862068965517,0.9655172413793104,0.1,0.3,0.0,1.0,0.9,1.1,0.0
simgp_core,uncertainty,7,3,0.10379771565345841,0.08825432854363192,1.0,1.0,1.0,0,0.9642857142857143,0.39285714285714285,0.9285714285714286,0.9642857142857143,0.1,0.1,0.5,1.0,0.9,0.9,0.0
simgp_core,uncertainty,8,3,0.07831202095027494,0.05821955782920227,1.0,1.0,1.0,0,0.9629629629629629,0.8888888888888888,0.9629629629629629,0.9629629629629629,0.1,0.1,0.5,1.0,0.9,0.95,0.0
simgp_core,uncertainty,9,3,0.05946107546444532,0.04352175187451214,1.0,1.0,1.0,0,1.0,0.9615384615384616,1.0,1.0,0.1,0.1,0.0,1.0,0.9,0.9,0.0
simgp_core,uncertainty,10,3,0.04766696359428691,0.035579020257233286,1.0,1.0,1.0,0,1.0,0.84,0.96,1.0,0.1,0.1,1.0,1.15,1.1,1.0,0.0
simgp_core,uncertainty,11,3,0.04134867995352245,0.02963559274117414,1.0,1.0,1.0,0,1.0,1.0,1.0,1.0,0.1,0.1,1.0,1.15,1.0,0.95,0.0
simgp_core,uncertainty,12,3,0.0524459665071696,0.037062956648048775,1.0,1.0,1.0,0,1.0,0.9130434782608695,1.0,1.0,0.1,0.1,1.0,1.15,1.0,0.95,0.0
simgp_core,uncertainty,13,3,0.043837088643025206,0.033802947865791376,1.0,1.0,1.0,0,1.0,1.0,1.0,1.0,0.1,0.1,1.0,1.15,1.0,0.95,0.0
simgp_core,uncertainty,14,3,0.060883979204575646,0.046534823999760375,1.0,1.0,1.0,0,1.0,0.9047619047619048,1.0,1.0,0.1,0.1,0.5,1.0,1.1,0.9,0.0
simgp_core,uncertainty,15,3,0.05306359701839546,0.038543891358485086,1.0,1.0,1.0,0,1.0,0.95,1.0,1.0,0.1,0.1,0.5,1.0,1.1,0.9,0.0
simgp_core,straddle,3,3,0.17608442872753663,0.1531518072426104,0.0,1.0,0.0,0,0.9375,0.28125,0.875,0.96875,0.25,0.1,0.5,0.85,0.9,1.05,0.0
simgp_core,straddle,4,3,0.11257765710918018,0.09386758820184485,1.0,1.0,1.0,0,0.967741935483871,0.4838709677419355,0.9354838709677419,0.967741935483871,0.1,0.1,1.0,1.0,1.1,0.95,0.0
simgp_core,straddle,5,3,0.1160907782460058,0.09437894039631999,0.0,1.0,0.0,0,0.9333333333333333,0.4,0.9333333333333333,0.9333333333333333,0.1,0.1,1.0,1.0,0.9,0.9,0.0
simgp_core,straddle,6,3,0.08122117789977724,0.06574013348284814,1.0,1.0,1.0,0,1.0,0.5517241379310345,0.9310344827586207,1.0,0.1,0.1,0.5,1.0,0.9,0.9,0.0
simgp_core,straddle,7,3,0.07191778663461057,0.054921144689492364,1.0,1.0,1.0,0,0.9642857142857143,0.7857142857142857,0.9285714285714286,1.0,0.1,0.1,0.5,1.0,0.9,0.95,0.0
simgp_core,straddle,8,3,0.06702333419146317,0.049053793788449845,1.0,1.0,1.0,0,0.9259259259259259,0.7037037037037037,0.8518518518518519,1.0,0.1,0.1,0.0,1.0,0.9,0.9,0.0
simgp_core,straddle,9,3,0.06627080118207465,0.04916578371880837,1.0,1.0,1.0,0,0.9230769230769231,0.6923076923076923,0.8461538461538461,1.0,0.1,0.1,0.0,1.0,0.9,0.9,0.0
simgp_core,straddle,10,3,0.06846337105268835,0.050592668538298975,1.0,1.0,1.0,0,0.88,0.68,0.84,1.0,0.1,0.1,0.0,1.0,0.9,0.9,0.0
simgp_core,straddle,11,3,0.07009397187998188,0.052263679028590186,1.0,1.0,1.0,0,0.875,0.625,0.8333333333333334,1.0,0.1,0.1,0.0,1.0,0.9,0.9,0.0
simgp_core,straddle,12,3,0.07051190703593864,0.053239337908460804,1.0,1.0,1.0,0,0.8695652173913043,0.6086956521739131,0.782608695652174,1.0,0.1,0.1,0.0,1.0,0.9,0.9,0.0
simgp_core,straddle,13,3,0.07163606015818265,0.05325276154750139,1.0,1.0,1.0,0,0.8636363636363636,0.6363636363636364,0.7727272727272727,0.9545454545454546,0.1,0.1,0.0,1.0,0.9,0.9,0.0
simgp_core,straddle,14,3,0.06070185449192842,0.045468621909921805,1.0,1.0,1.0,0,1.0,0.9523809523809523,1.0,1.0,0.1,0.1,0.0,1.0,0.9,0.9,0.0
simgp_core,straddle,15,3,0.061794177852407636,0.045950172145112024,1.0,1.0,1.0,0,1.0,0.95,1.0,1.0,0.1,0.1,0.0,1.0,0.9,0.9,0.0
simgp_core,random,3,4,0.08819800947267059,0.0580810269027402,0.25,1.0,0.4,1,1.0,0.9375,1.0,1.0,0.1,0.3,0.5,1.15,1.0,1.05,1.0
simgp_core_nogp,random,3,4,0.09806801533330887,0.0765595924662488,0.25,1.0,0.4,1,1.0,0.9375,1.0,1.0,,,,,,,
simgp_core_g75,random,3,4,0.10130961682566769,0.04398791284867417,0.5,1.0,0.6666666666666666,1,0.96875,0.84375,0.9375,0.96875,,,,,,,
physgp_core,random,3,4,0.21535158984989522,0.17221038994834956,1.0,0.0,0.0,1,0.34375,0.0625,0.28125,0.40625,,,,,,,
physgp_rich,random,3,4,0.21519429862400014,0.17179277687588285,1.0,0.0,0.0,1,0.625,0.28125,0.46875,0.84375,,,,,,,
simgp_rich,random,3,4,0.09805100317216167,0.07650515408152447,0.25,1.0,0.4,1,1.0,0.9375,1.0,1.0,,,,,,,
pinn_rich,random,3,4,0.15232488558719176,0.12060616013195691,1.0,0.0,0.0,1,0.3125,0.15625,0.21875,0.40625,,,,,,,
mean_of_samples,random,3,4,0.3962796239741909,0.3643340308630335,1.0,0.0,0.0,1,,,,,,,,,,,
nearest_sample,random,3,4,0.15095840088873386,0.11621516419747122,1.0,0.0,0.0,1,,,,,,,,,,,
decay_only,random,3,4,0.2155158936184116,0.1724392122013442,1.0,0.0,0.0,1,,,,,,,,,,,
simgp_core,random,4,4,0.08866196656503632,0.06008520113001941,0.5,1.0,0.6666666666666666,1,1.0,0.9354838709677419,1.0,1.0,0.1,0.3,0.5,1.15,1.0,1.05,1.0
simgp_core_nogp,random,4,4,0.08897985033011097,0.060363021311989506,0.5,1.0,0.6666666666666666,1,1.0,0.9354838709677419,1.0,1.0,,,,,,,
simgp_core_g75,random,4,4,0.10381175812720693,0.046968063061417535,0.5,1.0,0.6666666666666666,1,0.9354838709677419,0.8064516129032258,0.9354838709677419,0.9354838709677419,,,,,,,
physgp_core,random,4,4,0.1944025921598907,0.13343633920654355,1.0,0.0,0.0,1,0.8064516129032258,0.5161290322580645,0.7419354838709677,0.9032258064516129,,,,,,,
physgp_rich,random,4,4,0.21643866894614863,0.1577880299041493,1.0,0.0,0.0,1,0.6129032258064516,0.25806451612903225,0.4838709677419355,0.7419354838709677,,,,,,,
simgp_rich,random,4,4,0.08818018704360849,0.05889741132267709,0.5,1.0,0.6666666666666666,1,1.0,0.9354838709677419,1.0,1.0,,,,,,,
mean_of_samples,random,4,4,0.28164775688224986,0.2539973988763645,1.0,0.0,0.0,1,,,,,,,,,,,
nearest_sample,random,4,4,0.12440928668750202,0.09977271526099056,1.0,0.0,0.0,1,,,,,,,,,,,
decay_only,random,4,4,0.19479988726577013,0.13438048706383504,1.0,0.0,0.0,1,,,,,,,,,,,
simgp_core,random,5,4,0.08487298844509962,0.050345290667511464,1.0,1.0,1.0,1,1.0,0.8666666666666667,1.0,1.0,0.1,0.3,0.5,1.15,1.0,1.05,1.0
simgp_core_nogp,random,5,4,0.08781263063630912,0.04826155958583987,1.0,1.0,1.0,1,1.0,0.9,1.0,1.0,,,,,,,
simgp_core_g75,random,5,4,0.10396778861303219,0.05186739073098248,0.5,1.0,0.6666666666666666,1,0.9333333333333333,0.6666666666666666,0.9333333333333333,0.9666666666666667,,,,,,,
physgp_core,random,5,4,0.19853560687421398,0.1370224888469113,1.0,0.0,0.0,1,0.7,0.3,0.5,0.7333333333333333,,,,,,,
physgp_rich,random,5,4,0.22859338872001314,0.16911207243791795,1.0,0.0,0.0,1,0.4,0.13333333333333333,0.3333333333333333,0.5666666666666667,,,,,,,
simgp_rich,random,5,4,0.10348384981638865,0.05768197336662375,1.0,1.0,1.0,1,1.0,0.8666666666666667,0.9666666666666667,1.0,,,,,,,
pinn_rich,random,5,4,0.11414746263275515,0.0829320714550253,1.0,0.0,0.0,1,0.5,0.3333333333333333,0.4,0.5333333333333333,,,,,,,
mean_of_samples,random,5,4,0.24062281100907748,0.21434911219920405,1.0,0.0,0.0,1,,,,,,,,,,,
nearest_sample,random,5,4,0.11837644841345242,0.09569977440693465,1.0,0.0,0.0,1,,,,,,,,,,,
decay_only,random,5,4,0.20057661509442065,0.14163759774276,1.0,0.0,0.0,1,,,,,,,,,,,
simgp_core,random,6,4,0.08619722958495701,0.044360247547804044,1.0,1.0,1.0,1,1.0,0.9310344827586207,1.0,1.0,0.1,0.3,0.5,1.0,1.1,1.1,1.0
simgp_core_nogp,random,6,4,0.08987684113930844,0.04942597608425149,1.0,1.0,1.0,1,1.0,0.896551724137931,1.0,1.0,,,,,,,
simgp_core_g75,random,6,4,0.10404579706816018,0.04403325932255115,0.5,1.0,0.6666666666666666,1,0.9310344827586207,0.8275862068965517,0.9310344827586207,0.9310344827586207,,,,,,,
physgp_core,random,6,4,0.18968789590098634,0.12737454556947678,1.0,0.0,0.0,1,0.7586206896551724,0.4827586206896552,0.6551724137931034,0.8620689655172413,,,,,,,
physgp_rich,random,6,4,0.23278677801356729,0.1673306583928508,1.0,0.0,0.0,1,0.41379310344827586,0.20689655172413793,0.3793103448275862,0.5172413793103449,,,,,,,
simgp_rich,random,6,4,0.10442960719056403,0.058331217053772644,1.0,1.0,1.0,1,1.0,0.8620689655172413,0.9655172413793104,1.0,,,,,,,
mean_of_samples,random,6,4,0.2073338924799679,0.1806616283564533,1.0,0.0,0.0,1,,,,,,,,,,,
nearest_sample,random,6,4,0.1371569444363473,0.11239261358126322,1.0,0.0,0.0,1,,,,,,,,,,,
decay_only,random,6,4,0.20155719963417024,0.14274851756911627,1.0,0.0,0.0,1,,,,,,,,,,,
simgp_core,random,7,4,0.0900013650306993,0.04817501581933992,1.0,1.0,1.0,1,1.0,0.9285714285714286,1.0,1.0,0.1,0.3,1.0,1.15,1.0,1.1,1.0
simgp_core_nogp,random,7,4,0.09220048372073159,0.055390862022802356,1.0,1.0,1.0,1,1.0,0.9285714285714286,1.0,1.0,,,,,,,
simgp_core_g75,random,7,4,0.10508538797388997,0.046560018441715416,0.5,1.0,0.6666666666666666,1,0.9285714285714286,0.8214285714285714,0.9285714285714286,0.9285714285714286,,,,,,,
physgp_core,random,7,4,0.17799658145248168,0.11666840571755994,1.0,0.0,0.0,1,0.7857142857142857,0.5357142857142857,0.7142857142857143,0.8928571428571429,,,,,,,
physgp_rich,random,7,4,0.22545064837088008,0.15346820295352118,1.0,0.0,0.0,1,0.5,0.2857142857142857,0.42857142857142855,0.7142857142857143,,,,,,,
simgp_rich,random,7,4,0.1103799540627581,0.0670692612795733,1.0,1.0,1.0,1,1.0,0.75,1.0,1.0,,,,,,,
mean_of_samples,random,7,4,0.18377499170709602,0.15673609881123385,1.0,0.0,0.0,1,,,,,,,,,,,
nearest_sample,random,7,4,0.14803521485326504,0.11749449747793277,1.0,0.0,0.0,1,,,,,,,,,,,
decay_only,random,7,4,0.20031044437549328,0.14112626922322122,1.0,0.0,0.0,1,,,,,,,,,,,
simgp_core,random,8,4,0.09094100657626443,0.04706720007901725,1.0,1.0,1.0,1,1.0,0.9259259259259259,1.0,1.0,0.1,0.3,1.0,1.15,1.0,1.1,1.0
simgp_core_nogp,random,8,4,0.09323338827922222,0.052073133521878874,1.0,1.0,1.0,1,1.0,0.9259259259259259,1.0,1.0,,,,,,,
simgp_core_g75,random,8,4,0.10679513744091534,0.04603807224514781,0.5,1.0,0.6666666666666666,1,0.9259259259259259,0.8518518518518519,0.9259259259259259,0.9259259259259259,,,,,,,
physgp_core,random,8,4,0.15255052891847679,0.10177558489460707,1.0,0.0,0.0,1,0.7037037037037037,0.4074074074074074,0.48148148148148145,0.9259259259259259,,,,,,,
physgp_rich,random,8,4,0.23123172547749685,0.1633656432898039,1.0,0.0,0.0,1,0.4444444444444444,0.25925925925925924,0.4444444444444444,0.5555555555555556,,,,,,,
simgp_rich,random,8,4,0.1128431030731914,0.06744730236344647,1.0,1.0,1.0,1,1.0,0.7407407407407407,0.9629629629629629,1.0,,,,,,,
pinn_rich,random,8,4,0.13987451017746969,0.10294538693695715,1.0,0.0,0.0,1,0.3333333333333333,0.07407407407407407,0.2222222222222222,0.4074074074074074,,,,,,,
mean_of_samples,random,8,4,0.1816647076752036,0.15451168475505986,1.0,0.0,0.0,1,,,,,,,,,,,
nearest_sample,random,8,4,0.1506030097079873,0.12026715813180526,1.0,0.0,0.0,1,,,,,,,,,,,
decay_only,random,8,4,0.205121309117831,0.14580336474979663,1.0,0.0,0.0,1,,,,,,,,,,,
simgp_core,random,9,4,0.09491162505962308,0.0518017685439504,1.0,1.0,1.0,1,1.0,0.8846153846153846,1.0,1.0,0.1,0.3,1.0,1.15,1.0,1.1,1.0
simgp_core_nogp,random,9,4,0.0956023109804515,0.05669161647746538,1.0,1.0,1.0,1,1.0,0.8846153846153846,1.0,1.0,,,,,,,
simgp_core_g75,random,9,4,0.10951463606557738,0.049398136649276364,0.5,1.0,0.6666666666666666,1,0.9230769230769231,0.8076923076923077,0.8846153846153846,0.9230769230769231,,,,,,,
physgp_core,random,9,4,0.12285091260910228,0.07845630548066211,1.0,0.0,0.0,1,0.8461538461538461,0.4230769230769231,0.8076923076923077,0.8461538461538461,,,,,,,
physgp_rich,random,9,4,0.21651190088447972,0.14063148890479027,1.0,0.0,0.0,1,0.4230769230769231,0.19230769230769232,0.34615384615384615,0.5384615384615384,,,,,,,
simgp_rich,random,9,4,0.1184708598534998,0.07632824091770933,1.0,1.0,1.0,1,1.0,0.5769230769230769,0.9615384615384616,1.0,,,,,,,
mean_of_samples,random,9,4,0.17483767890442364,0.14806018627389184,1.0,0.0,0.0,1,,,,,,,,,,,
nearest_sample,random,9,4,0.1530153948715591,0.12210038341756303,1.0,0.0,0.0,1,,,,,,,,,,,
decay_only,random,9,4,0.20645657116639965,0.14750101105789692,1.0,0.0,0.0,1,,,,,,,,,,,
simgp_core,random,10,4,0.09616596779637243,0.051902638466748294,1.0,1.0,1.0,1,1.0,0.92,1.0,1.0,0.1,0.3,1.0,1.15,1.0,1.1,1.0
simgp_core_nogp,random,10,4,0.09738799614075724,0.055435589540338295,1.0,1.0,1.0,1,1.0,0.92,1.0,1.0,,,,,,,
simgp_core_g75,random,10,4,0.11133076945807624,0.05034476206285186,0.5,1.0,0.6666666666666666,1,0.92,0.76,0.92,0.92,,,,,,,
physgp_core,random,10,4,0.12443863329526025,0.07985242885974436,1.0,0.0,0.0,1,0.84,0.36,0.8,0.84,,,,,,,
physgp_rich,random,10,4,0.22046818093034487,0.14654755407999273,1.0,0.0,0.0,1,0.4,0.24,0.32,0.6,,,,,,,
simgp_rich,random,10,4,0.10238208891549037,0.06174770558694594,1.0,1.0,1.0,1,1.0,0.88,0.96,1.0,,,,,,,
pinn_rich,random,10,4,0.14301318712307556,0.10908309797657964,1.0,0.0,0.0,1,0.36,0.16,0.28,0.36,,,,,,,
mean_of_samples,random,10,4,0.17270696097112492,0.14487089212106238,1.0,0.0,0.0,1,,,,,,,,,,,
nearest_sample,random,10,4,0.15601832107148766,0.1263998305224461,1.0,0.0,0.0,1,,,,,,,,,,,
decay_only,random,10,4,0.21026602293025118,0.15193634478534143,1.0,0.0,0.0,1,,,,,,,,,,,
simgp_core,random,11,4,0.09846266360896645,0.052976490244584874,1.0,1.0,1.0,1,1.0,0.9166666666666666,1.0,1.0,0.1,0.3,1.0,1.15,1.0,1.1,1.0
simgp_core_nogp,random,11,4,0.09944102702662601,0.05588417960336206,1.0,1.0,1.0,1,1.0,0.9166666666666666,1.0,1.0,,,,,,,
simgp_core_g75,random,11,4,0.11367840673593568,0.05145149783428682,0.5,1.0,0.6666666666666666,1,0.9166666666666666,0.7916666666666666,0.9166666666666666,0.9166666666666666,,,,,,,
physgp_core,random,11,4,0.12883286561254495,0.07881032346093476,1.0,0.0,0.0,1,0.7916666666666666,0.4166666666666667,0.7916666666666666,0.8333333333333334,,,,,,,
physgp_rich,random,11,4,0.1708596264724193,0.12337266285616776,1.0,0.0,0.0,1,0.625,0.2916666666666667,0.4583333333333333,0.7916666666666666,,,,,,,
simgp_rich,random,11,4,0.09866023275972209,0.05307962179612522,1.0,1.0,1.0,1,1.0,0.9166666666666666,1.0,1.0,,,,,,,
mean_of_samples,random,11,4,0.1744894096646031,0.14519570468901044,1.0,0.0,0.0,1,,,,,,,,,,,
nearest_sample,random,11,4,0.1540744621179298,0.12361848203879333,1.0,0.0,0.0,1,,,,,,,,,,,
decay_only,random,11,4,0.21471429177201398,0.15777086268215756,1.0,0.0,0.0,1,,,,,,,,,,,
simgp_core,random,12,4,0.09737362081733104,0.05749148952781138,1.0,1.0,1.0,0,1.0,0.9130434782608695,1.0,1.0,0.1,0.3,1.0,1.15,1.0,1.1,0.0
simgp_core_nogp,random,12,4,0.09688608763644106,0.055156384999048104,1.0,1.0,1.0,0,1.0,0.9130434782608695,1.0,1.0,,,,,,,
simgp_core_g75,random,12,4,0.11500576908425865,0.04985914147039681,1.0,1.0,1.0,0,0.9130434782608695,0.782608695652174,0.8695652173913043,0.9130434782608695,,,,,,,
physgp_core,random,12,4,0.13665310858466514,0.08673894302284524,1.0,1.0,1.0,0,0.7391304347826086,0.391304347826087,0.6956521739130435,0.8260869565217391,,,,,,,
physgp_rich,random,12,4,0.18079820756674228,0.131556687889532,1.0,1.0,1.0,0,0.5652173913043478,0.2608695652173913,0.4782608695652174,0.6956521739130435,,,,,,,
simgp_rich,random,12,4,0.09674065870668014,0.055203746976493585,1.0,1.0,1.0,0,1.0,0.9130434782608695,1.0,1.0,,,,,,,
pinn_rich,random,12,4,0.14058370361688075,0.09954481901576387,1.0,1.0,1.0,0,0.391304347826087,0.21739130434782608,0.30434782608695654,0.43478260869565216,,,,,,,
mean_of_samples,random,12,4,0.17266194542864316,0.1398405642813728,1.0,1.0,1.0,0,,,,,,,,,,,
nearest_sample,random,12,4,0.15451805737545873,0.12275433851575836,1.0,1.0,1.0,0,,,,,,,,,,,
decay_only,random,12,4,0.2217079080787854,0.16452572908430088,1.0,1.0,1.0,0,,,,,,,,,,,
simgp_core,random,13,4,0.10058276441365444,0.05899132904636743,1.0,1.0,1.0,0,1.0,0.8636363636363636,1.0,1.0,0.1,0.3,1.0,1.15,1.0,1.1,0.0
simgp_core_nogp,random,13,4,0.09937566875948055,0.0563741060859918,1.0,1.0,1.0,0,1.0,0.9090909090909091,1.0,1.0,,,,,,,
simgp_core_g75,random,13,4,0.11712751583290273,0.04714071932013777,1.0,1.0,1.0,0,0.9090909090909091,0.7727272727272727,0.8636363636363636,0.9090909090909091,,,,,,,
physgp_core,random,13,4,0.13708466255627724,0.08778444493757541,1.0,1.0,1.0,0,0.7272727272727273,0.45454545454545453,0.6363636363636364,0.8181818181818182,,,,,,,
physgp_rich,random,13,4,0.17630436504311292,0.11252504551774122,1.0,1.0,1.0,0,0.5454545454545454,0.3181818181818182,0.5,0.5909090909090909,,,,,,,
simgp_rich,random,13,4,0.09937078785947684,0.05745115090946535,1.0,1.0,1.0,0,1.0,0.9090909090909091,1.0,1.0,,,,,,,
mean_of_samples,random,13,4,0.17709041277092474,0.14350478689778934,1.0,1.0,1.0,0,,,,,,,,,,,
nearest_sample,random,13,4,0.15641983999901307,0.12094746759620617,1.0,1.0,1.0,0,,,,,,,,,,,
decay_only,random,13,4,0.22772259315321067,0.17123385660886814,1.0,1.0,1.0,0,,,,,,,,,,,
simgp_core,random,14,4,0.10336252701151773,0.06171485483822248,1.0,1.0,1.0,0,1.0,0.8571428571428571,1.0,1.0,0.1,0.3,1.0,1.15,1.0,1.1,0.0
simgp_core_nogp,random,14,4,0.10204280248522994,0.05857277856610742,1.0,1.0,1.0,0,1.0,0.9047619047619048,1.0,1.0,,,,,,,
simgp_core_g75,random,14,4,0.12003777210122249,0.04949879335878217,1.0,1.0,1.0,0,0.9047619047619048,0.7619047619047619,0.8571428571428571,0.9047619047619048,,,,,,,
physgp_core,random,14,4,0.13877646521888118,0.0893958938556348,1.0,1.0,1.0,0,0.7142857142857143,0.2857142857142857,0.6190476190476191,0.7619047619047619,,,,,,,
physgp_rich,random,14,4,0.2084660255580912,0.14395169765391932,1.0,1.0,1.0,0,0.5714285714285714,0.23809523809523808,0.5238095238095238,0.6666666666666666,,,,,,,
simgp_rich,random,14,4,0.10207931390499367,0.05991772367240458,1.0,1.0,1.0,0,1.0,0.9047619047619048,1.0,1.0,,,,,,,
mean_of_samples,random,14,4,0.18187326600023637,0.14593339317426293,1.0,1.0,1.0,0,,,,,,,,,,,
nearest_sample,random,14,4,0.15966516351858684,0.12382780072914687,1.0,1.0,1.0,0,,,,,,,,,,,
decay_only,random,14,4,0.23247600357083117,0.1779899915102571,1.0,1.0,1.0,0,,,,,,,,,,,
simgp_core,random,15,4,0.12416456069841487,0.060118649237794954,1.0,1.0,1.0,0,1.0,0.9,0.95,1.0,0.1,0.3,0.5,1.0,0.9,1.1,0.0
simgp_core_nogp,random,15,4,0.12446243831094175,0.06198279734081276,1.0,1.0,1.0,0,1.0,0.8,0.95,1.0,,,,,,,
simgp_core_g75,random,15,4,0.12342901317673476,0.05478521257820159,1.0,1.0,1.0,0,0.9,0.9,0.9,0.9,,,,,,,
physgp_core,random,15,4,0.23776024290518685,0.16524385906994576,0.0,1.0,0.0,0,0.6,0.4,0.55,0.75,,,,,,,
physgp_rich,random,15,4,0.23384880443672765,0.163188284839829,1.0,1.0,1.0,0,0.6,0.25,0.45,0.7,,,,,,,
simgp_rich,random,15,4,0.12440925856516538,0.061622913450667685,1.0,1.0,1.0,0,1.0,0.9,0.95,1.0,,,,,,,
pinn_rich,random,15,4,0.14632132543501145,0.10474330335137938,1.0,1.0,1.0,0,0.35,0.3,0.3,0.5,,,,,,,
mean_of_samples,random,15,4,0.18826780847920635,0.14808071450305324,1.0,1.0,1.0,0,,,,,,,,,,,
nearest_sample,random,15,4,0.17326664093783256,0.13305777019671394,0.0,1.0,0.0,0,,,,,,,,,,,
decay_only,random,15,4,0.2601435581603714,0.20540853164993988,1.0,1.0,1.0,0,,,,,,,,,,,
simgp_core,uncertainty,3,4,0.09199645102259328,0.060915665986115315,0.25,1.0,0.4,1,1.0,0.875,1.0,1.0,0.1,0.3,0.5,1.15,0.9,1.05,1.0
simgp_core,uncertainty,4,4,0.09888276104377161,0.07151603958546515,0.5,1.0,0.6666666666666666,1,1.0,0.9032258064516129,0.967741935483871,1.0,0.1,0.1,1.0,0.85,1.1,1.0,1.0
simgp_core,uncertainty,5,4,0.13020952834068736,0.08607662453823868,0.3333333333333333,1.0,0.5,1,0.9666666666666667,0.6666666666666666,0.9333333333333333,0.9666666666666667,0.1,0.3,0.5,1.0,0.9,0.95,1.0
simgp_core,uncertainty,6,4,0.09270112635773242,0.04665683757906068,1.0,1.0,1.0,1,0.9655172413793104,0.8620689655172413,0.9655172413793104,0.9655172413793104,0.1,0.3,0.0,1.0,0.9,0.9,1.0
simgp_core,uncertainty,7,4,0.1181389494650137,0.0787323901400205,1.0,1.0,1.0,1,0.9285714285714286,0.7142857142857143,0.8571428571428571,0.9642857142857143,0.25,0.1,0.0,1.0,1.1,0.95,1.0
simgp_core,uncertainty,8,4,0.12878165659638413,0.09175736321149773,0.25,1.0,0.4,1,0.9629629629629629,0.5555555555555556,0.8888888888888888,0.9629629629629629,0.25,0.1,0.0,1.0,1.1,0.95,1.0
simgp_core,uncertainty,9,4,0.10856663824161432,0.06936799381610416,1.0,1.0,1.0,1,0.9615384615384616,0.6923076923076923,0.9615384615384616,0.9615384615384616,0.25,0.1,0.0,1.0,1.1,0.95,1.0
simgp_core,uncertainty,10,4,0.1044721030094618,0.0660813763461592,1.0,1.0,1.0,1,0.96,0.76,0.96,0.96,0.25,0.1,0.0,1.0,1.1,0.95,1.0
simgp_core,uncertainty,11,4,0.09741254018528188,0.04643152469349832,1.0,1.0,1.0,1,0.9583333333333334,0.7916666666666666,0.9166666666666666,0.9583333333333334,0.25,0.1,0.0,1.0,1.1,0.95,1.0
simgp_core,uncertainty,12,4,0.09841434979788208,0.059674247778245065,1.0,1.0,1.0,1,0.9130434782608695,0.7391304347826086,0.9130434782608695,0.9565217391304348,0.25,0.1,0.0,1.0,1.1,0.95,1.0
simgp_core,uncertainty,13,4,0.0971371871968352,0.05796453006369461,1.0,1.0,1.0,1,0.9090909090909091,0.7272727272727273,0.9090909090909091,0.9545454545454546,0.25,0.1,0.0,1.0,1.1,0.95,1.0
simgp_core,uncertainty,14,4,0.09791651945544703,0.05635160854042863,1.0,1.0,1.0,1,0.9047619047619048,0.7142857142857143,0.9047619047619048,0.9523809523809523,0.25,0.1,0.0,1.0,1.1,0.9,1.0
simgp_core,uncertainty,15,4,0.10612089135196832,0.052816998772561644,1.0,1.0,1.0,1,0.95,0.85,0.9,0.95,0.25,0.1,0.0,1.0,1.1,0.9,1.0
simgp_core,straddle,3,4,0.12019260385487913,0.10477938454887024,0.25,1.0,0.4,1,1.0,0.375,1.0,1.0,0.1,0.3,1.0,1.15,1.0,1.05,1.0
simgp_core,straddle,4,4,0.09908483761946255,0.059398971330209265,0.5,1.0,0.6666666666666666,1,1.0,0.8387096774193549,0.967741935483871,1.0,0.1,0.3,0.5,1.0,1.1,1.05,1.0
simgp_core,straddle,5,4,0.10060108301336236,0.05219514088015775,1.0,1.0,1.0,1,1.0,0.9333333333333333,0.9666666666666667,1.0,0.1,0.3,0.5,1.0,0.9,1.05,1.0
simgp_core,straddle,6,4,0.10912301340661482,0.04714875539201118,1.0,1.0,1.0,1,0.9655172413793104,0.9310344827586207,0.9655172413793104,1.0,0.25,0.1,0.0,1.0,1.1,1.0,1.0
simgp_core,straddle,7,4,0.11455719027828264,0.05580731611824034,1.0,1.0,1.0,1,0.9642857142857143,0.8928571428571429,0.9642857142857143,1.0,0.25,0.1,0.0,1.0,1.1,1.0,1.0
simgp_core,straddle,8,4,0.1223781803009813,0.06706186021578385,1.0,1.0,1.0,0,0.9629629629629629,0.7777777777777778,0.9629629629629629,1.0,0.25,0.1,0.0,1.0,1.1,1.0,1.0
simgp_core,straddle,9,4,0.12339290717645529,0.07290087565765273,1.0,1.0,1.0,0,1.0,0.7692307692307693,0.9230769230769231,1.0,0.25,0.1,0.0,1.0,1.1,0.95,1.0
simgp_core,straddle,10,4,0.14528374903394964,0.09064602506863192,1.0,1.0,1.0,0,0.92,0.64,0.8,0.96,0.25,0.1,0.0,1.0,1.1,0.95,1.0
simgp_core,straddle,11,4,0.12974054324783793,0.075540259574803,1.0,1.0,1.0,0,1.0,0.75,0.9166666666666666,1.0,0.25,0.1,0.0,1.0,1.1,0.95,1.0
simgp_core,straddle,12,4,0.13224047706247882,0.07864148205457541,1.0,1.0,1.0,0,1.0,0.7391304347826086,0.9130434782608695,1.0,0.25,0.1,0.0,1.0,1.1,0.95,1.0
simgp_core,straddle,13,4,0.11938425634106757,0.0667366236532191,1.0,1.0,1.0,0,1.0,0.6818181818181818,0.9545454545454546,1.0,0.25,0.1,0.0,1.0,1.1,0.9,1.0
simgp_core,straddle,14,4,0.13156035881149683,0.07308240275687729,1.0,1.0,1.0,0,1.0,0.8095238095238095,0.8571428571428571,1.0,0.25,0.1,0.0,1.0,1.1,0.95,1.0
simgp_core,straddle,15,4,0.1281150155153024,0.07187116870227092,1.0,1.0,1.0,0,0.9,0.7,0.85,1.0,0.25,0.1,0.0,1.0,1.1,0.9,1.0
simgp_core,random,3,5,0.0754455579260055,0.04760714453149235,1.0,0.5,0.6666666666666666,2,1.0,0.84375,0.96875,1.0,0.1,0.3,0.5,1.0,1.1,1.1,0.5
simgp_core_nogp,random,3,5,0.07509083250021448,0.05248787709371728,1.0,0.5,0.6666666666666666,2,1.0,0.875,1.0,1.0,,,,,,,
simgp_core_g75,random,3,5,0.057418934396563794,0.03783212666240396,1.0,1.0,1.0,2,0.96875,0.75,0.90625,0.96875,,,,,,,
physgp_core,random,3,5,0.15944762010639665,0.11723046731409004,1.0,0.0,0.0,2,0.46875,0.28125,0.4375,0.625,,,,,,,
physgp_rich,random,3,5,0.15919226280960594,0.11829629523501735,1.0,0.0,0.0,2,0.4375,0.21875,0.375,0.53125,,,,,,,
simgp_rich,random,3,5,0.08053023553520694,0.05371143501895063,1.0,0.5,0.6666666666666666,2,1.0,0.78125,1.0,1.0,,,,,,,
pinn_rich,random,3,5,0.15499100356333295,0.11797038602313278,1.0,0.0,0.0,2,0.25,0.09375,0.1875,0.3125,,,,,,,
mean_of_samples,random,3,5,0.20899051493348947,0.16178207300168124,1.0,0.0,0.0,2,,,,,,,,,,,
nearest_sample,random,3,5,0.13358931236477398,0.09759296733075344,1.0,0.0,0.0,2,,,,,,,,,,,
decay_only,random,3,5,0.16027125050871044,0.119016843946736,1.0,0.0,0.0,2,,,,,,,,,,,
simgp_core,random,4,5,0.07836371012597122,0.04904230131423713,1.0,0.5,0.6666666666666666,2,1.0,0.7741935483870968,1.0,1.0,0.1,0.3,0.5,1.0,1.1,1.1,0.5
simgp_core_nogp,random,4,5,0.07459282079704246,0.052171855588324566,1.0,0.5,0.6666666666666666,2,1.0,0.8709677419354839,1.0,1.0,,,,,,,
simgp_core_g75,random,4,5,0.06452887805350789,0.04507936254729843,1.0,1.0,1.0,2,0.9032258064516129,0.5161290322580645,0.8387096774193549,0.967741935483871,,,,,,,
physgp_core,random,4,5,0.1589695127291717,0.11891844126859916,1.0,0.0,0.0,2,0.5161290322580645,0.16129032258064516,0.41935483870967744,0.5483870967741935,,,,,,,
physgp_rich,random,4,5,0.15883328338165528,0.12077840791022194,1.0,0.0,0.0,2,0.3225806451612903,0.0967741935483871,0.25806451612903225,0.3225806451612903,,,,,,,
simgp_rich,random,4,5,0.0800469494121978,0.055120214194504705,1.0,0.5,0.6666666666666666,2,1.0,0.7741935483870968,1.0,1.0,,,,,,,
mean_of_samples,random,4,5,0.20934261695099393,0.14983345574162496,1.0,0.0,0.0,2,,,,,,,,,,,
nearest_sample,random,4,5,0.14524473426130305,0.09835102758589158,1.0,0.0,0.0,2,,,,,,,,,,,
decay_only,random,4,5,0.1597814145023052,0.12132982895856245,1.0,0.0,0.0,2,,,,,,,,,,,
simgp_core,random,5,5,0.08006291217534627,0.05716301499419591,0.5,0.5,0.5,2,1.0,0.8666666666666667,1.0,1.0,0.1,0.3,0.0,0.85,0.9,1.0,0.5
simgp_core_nogp,random,5,5,0.08022916114248804,0.05799005470531162,0.5,0.5,0.5,2,1.0,0.8666666666666667,1.0,1.0,,,,,,,
simgp_core_g75,random,5,5,0.04835057320221389,0.036126305738978445,1.0,1.0,1.0,2,0.9666666666666667,0.8333333333333334,0.9666666666666667,1.0,,,,,,,
physgp_core,random,5,5,0.15747857009622132,0.12342732339466403,1.0,0.0,0.0,2,0.5666666666666667,0.2,0.5,0.5666666666666667,,,,,,,
physgp_rich,random,5,5,0.1571764207322698,0.12407093644566033,1.0,0.0,0.0,2,0.3,0.06666666666666667,0.16666666666666666,0.3,,,,,,,
simgp_rich,random,5,5,0.09238747071654396,0.07146989802130996,0.5,0.5,0.5,2,1.0,0.5,1.0,1.0,,,,,,,
pinn_rich,random,5,5,0.16541048169836475,0.1255566157858974,1.0,0.0,0.0,2,0.26666666666666666,0.06666666666666667,0.16666666666666666,0.36666666666666664,,,,,,,
mean_of_samples,random,5,5,0.21892648399593906,0.14437987422700724,1.0,0.0,0.0,2,,,,,,,,,,,
nearest_sample,random,5,5,0.14739725036198478,0.09988468130638208,1.0,0.0,0.0,2,,,,,,,,,,,
decay_only,random,5,5,0.15836879368890883,0.12500458597632585,1.0,0.0,0.0,2,,,,,,,,,,,
simgp_core,random,6,5,0.0805929602760268,0.05499032823296794,0.5,0.5,0.5,2,1.0,0.7586206896551724,1.0,1.0,0.1,0.3,0.0,0.85,0.9,1.0,0.5
simgp_core_nogp,random,6,5,0.079826828256577,0.05787912962643224,0.5,0.5,0.5,2,1.0,0.8620689655172413,1.0,1.0,,,,,,,
simgp_core_g75,random,6,5,0.05134150576032171,0.03866106246559653,1.0,1.0,1.0,2,0.9655172413793104,0.5172413793103449,0.896551724137931,0.9655172413793104,,,,,,,
physgp_core,random,6,5,0.1517718511108906,0.12092496358402968,1.0,0.0,0.0,2,0.3793103448275862,0.06896551724137931,0.20689655172413793,0.4827586206896552,,,,,,,
physgp_rich,random,6,5,0.15179604327436824,0.1222077712200693,1.0,0.0,0.0,2,0.4827586206896552,0.13793103448275862,0.3793103448275862,0.5517241379310345,,,,,,,
simgp_rich,random,6,5,0.0812591578589408,0.05891388690471946,0.5,0.5,0.5,2,1.0,0.8620689655172413,1.0,1.0,,,,,,,
mean_of_samples,random,6,5,0.22711266448212222,0.14784863223378653,1.0,0.0,0.0,2,,,,,,,,,,,
nearest_sample,random,6,5,0.15552203795658207,0.1040296999892001,1.0,0.0,0.0,2,,,,,,,,,,,
decay_only,random,6,5,0.16087504166058914,0.12871754101065885,1.0,0.0,0.0,2,,,,,,,,,,,
simgp_core,random,7,5,0.08156312917332535,0.05712922125101473,1.0,0.5,0.6666666666666666,2,1.0,0.7142857142857143,1.0,1.0,0.1,0.3,0.0,0.85,0.9,1.0,0.5
simgp_core_nogp,random,7,5,0.07995638274755629,0.05793217496845097,1.0,0.5,0.6666666666666666,2,1.0,0.8214285714285714,0.9642857142857143,1.0,,,,,,,
simgp_core_g75,random,7,5,0.05584441012279813,0.041189920405821374,1.0,1.0,1.0,2,0.9285714285714286,0.6785714285714286,0.9285714285714286,0.9642857142857143,,,,,,,
physgp_core,random,7,5,0.16302474963922375,0.12755352197577946,1.0,0.0,0.0,2,0.39285714285714285,0.07142857142857142,0.32142857142857145,0.5,,,,,,,
physgp_rich,random,7,5,0.16441971460594934,0.13433889699105067,1.0,0.0,0.0,2,0.2857142857142857,0.03571428571428571,0.14285714285714285,0.35714285714285715,,,,,,,
simgp_rich,random,7,5,0.09143096247159092,0.07038466457145162,1.0,0.5,0.6666666666666666,2,1.0,0.5714285714285714,0.8928571428571429,1.0,,,,,,,
mean_of_samples,random,7,5,0.23343012134740468,0.15345812792280733,1.0,0.0,0.0,2,,,,,,,,,,,
nearest_sample,random,7,5,0.15827302442326321,0.1073580762019485,1.0,0.0,0.0,2,,,,,,,,,,,
decay_only,random,7,5,0.16443532154112475,0.13169763084006356,1.0,0.0,0.0,2,,,,,,,,,,,
simgp_core,random,8,5,0.05684448301372865,0.041475135655893974,1.0,1.0,1.0,2,1.0,0.7407407407407407,0.9629629629629629,1.0,0.1,0.3,0.5,1.0,1.1,1.05,1.0
simgp_core_nogp,random,8,5,0.05358729144812607,0.040777105514642364,1.0,1.0,1.0,2,0.9629629629629629,0.8518518518518519,0.9629629629629629,0.9629629629629629,,,,,,,
simgp_core_g75,random,8,5,0.05388500134048346,0.03934809302469611,1.0,1.0,1.0,2,0.9259259259259259,0.6296296296296297,0.8888888888888888,0.9629629629629629,,,,,,,
physgp_core,random,8,5,0.1306415482993666,0.08763133856759345,1.0,0.0,0.0,2,0.7037037037037037,0.37037037037037035,0.5185185185185185,0.7037037037037037,,,,,,,
physgp_rich,random,8,5,0.13178672991340296,0.07877904934399817,1.0,0.0,0.0,2,0.8148148148148148,0.4444444444444444,0.7777777777777778,0.8518518518518519,,,,,,,
simgp_rich,random,8,5,0.0526864964041475,0.038018598502808275,1.0,1.0,1.0,2,1.0,0.8888888888888888,0.9629629629629629,1.0,,,,,,,
pinn_rich,random,8,5,0.15640984488418036,0.10739662199212402,1.0,0.0,0.0,2,0.25925925925925924,0.1111111111111111,0.18518518518518517,0.2962962962962963,,,,,,,
mean_of_samples,random,8,5,0.2378452345604051,0.15877016069694655,1.0,0.0,0.0,2,,,,,,,,,,,
nearest_sample,random,8,5,0.16217851104378225,0.11278222825918004,1.0,0.0,0.0,2,,,,,,,,,,,
decay_only,random,8,5,0.14187068568651895,0.10186989654977409,1.0,0.0,0.0,2,,,,,,,,,,,
simgp_core,random,9,5,0.050459568312285014,0.0388581044420957,1.0,1.0,1.0,2,1.0,0.7692307692307693,0.9615384615384616,1.0,0.1,0.3,0.5,1.0,1.1,1.05,1.0
simgp_core_nogp,random,9,5,0.04618005757232698,0.03801271402840561,1.0,1.0,1.0,2,0.9615384615384616,0.8846153846153846,0.9615384615384616,1.0,,,,,,,
simgp_core_g75,random,9,5,0.05025372431699825,0.037221526995237585,1.0,1.0,1.0,2,0.9230769230769231,0.6538461538461539,0.8846153846153846,1.0,,,,,,,
physgp_core,random,9,5,0.13251108991744934,0.08143235028138134,1.0,0.0,0.0,2,0.5384615384615384,0.38461538461538464,0.46153846153846156,0.6538461538461539,,,,,,,
physgp_rich,random,9,5,0.14795368260729852,0.09843915331235403,1.0,0.0,0.0,2,0.5769230769230769,0.11538461538461539,0.46153846153846156,0.6153846153846154,,,,,,,
simgp_rich,random,9,5,0.0450435822069582,0.035044625772855414,1.0,1.0,1.0,2,1.0,0.9230769230769231,0.9615384615384616,1.0,,,,,,,
mean_of_samples,random,9,5,0.24059480320166332,0.16110724600614632,1.0,0.0,0.0,2,,,,,,,,,,,
nearest_sample,random,9,5,0.16273313797099906,0.11137773132700006,1.0,0.0,0.0,2,,,,,,,,,,,
decay_only,random,9,5,0.15612277712959333,0.09969337999112403,1.0,0.0,0.0,2,,,,,,,,,,,
simgp_core,random,10,5,0.051733148932823485,0.03952709672294152,1.0,1.0,1.0,2,1.0,0.76,0.96,1.0,0.1,0.3,0.5,1.0,1.1,1.05,1.0
simgp_core_nogp,random,10,5,0.04769303124412401,0.037026418428051905,1.0,1.0,1.0,2,0.96,0.84,0.96,1.0,,,,,,,
simgp_core_g75,random,10,5,0.05304924225172277,0.03905986681058254,1.0,1.0,1.0,2,0.92,0.6,0.84,1.0,,,,,,,
physgp_core,random,10,5,0.13506781204245522,0.08503718126025679,1.0,0.0,0.0,2,0.44,0.36,0.4,0.56,,,,,,,
physgp_rich,random,10,5,0.15001909485907286,0.0905930218591545,1.0,0.0,0.0,2,0.64,0.32,0.6,0.68,,,,,,,
simgp_rich,random,10,5,0.0477982348993022,0.037179265483047494,1.0,1.0,1.0,2,0.96,0.88,0.96,1.0,,,,,,,
pinn_rich,random,10,5,0.1592777145410281,0.11282717499884332,1.0,0.0,0.0,2,0.24,0.16,0.24,0.28,,,,,,,
mean_of_samples,random,10,5,0.24514251515524724,0.16624988804114008,1.0,0.0,0.0,2,,,,,,,,,,,
nearest_sample,random,10,5,0.16663175300557775,0.11720605499038189,1.0,0.0,0.0,2,,,,,,,,,,,
decay_only,random,10,5,0.1583775126204204,0.10123684560410336,1.0,0.0,0.0,2,,,,,,,,,,,
simgp_core,random,11,5,0.04610045237803897,0.0367394545528058,1.0,1.0,1.0,2,1.0,0.875,0.9583333333333334,1.0,0.1,0.3,0.5,1.0,1.1,1.05,1.0
simgp_core_nogp,random,11,5,0.04637297834048466,0.03584925925204132,1.0,1.0,1.0,2,0.9583333333333334,0.8333333333333334,0.9583333333333334,0.9583333333333334,,,,,,,
simgp_core_g75,random,11,5,0.04481781799603429,0.03270540798787055,1.0,1.0,1.0,2,0.9583333333333334,0.625,0.9166666666666666,1.0,,,,,,,
physgp_core,random,11,5,0.13392001393467565,0.08879196860182115,1.0,0.0,0.0,2,0.4166666666666667,0.375,0.4166666666666667,0.5,,,,,,,
physgp_rich,random,11,5,0.14465535120937859,0.08791018390459189,1.0,0.0,0.0,2,0.5833333333333334,0.375,0.5,0.625,,,,,,,
simgp_rich,random,11,5,0.04642737430598307,0.035937377679997544,1.0,1.0,1.0,2,0.9583333333333334,0.875,0.9583333333333334,1.0,,,,,,,
mean_of_samples,random,11,5,0.23455248016745917,0.1594771961456061,1.0,0.0,0.0,2,,,,,,,,,,,
nearest_sample,random,11,5,0.1784475250266526,0.11656093171051618,1.0,0.0,0.0,2,,,,,,,,,,,
decay_only,random,11,5,0.15428735251662784,0.10353047850419668,1.0,0.0,0.0,2,,,,,,,,,,,
simgp_core,random,12,5,0.04476450562901806,0.0346048630017033,1.0,1.0,1.0,2,1.0,0.8695652173913043,0.9565217391304348,1.0,0.1,0.3,0.5,1.0,1.1,1.05,1.0
simgp_core_nogp,random,12,5,0.046400815503549894,0.03535880927366513,1.0,1.0,1.0,2,0.9565217391304348,0.8695652173913043,0.9565217391304348,0.9565217391304348,,,,,,,
simgp_core_g75,random,12,5,0.044938295318977625,0.032345624890839815,1.0,1.0,1.0,2,0.9565217391304348,0.6086956521739131,0.8695652173913043,0.9565217391304348,,,,,,,
physgp_core,random,12,5,0.1395681415485478,0.08923067492184844,1.0,0.0,0.0,2,0.43478260869565216,0.391304347826087,0.43478260869565216,0.4782608695652174,,,,,,,
physgp_rich,random,12,5,0.14655461131586833,0.09042791953133342,1.0,0.0,0.0,2,0.5652173913043478,0.34782608695652173,0.4782608695652174,0.6086956521739131,,,,,,,
simgp_rich,random,12,5,0.04825378816018761,0.037070127768750974,1.0,1.0,1.0,2,1.0,0.8260869565217391,0.9565217391304348,1.0,,,,,,,
pinn_rich,random,12,5,0.14781493771433565,0.10157208552226626,1.0,0.0,0.0,2,0.2608695652173913,0.17391304347826086,0.2608695652173913,0.2608695652173913,,,,,,,
mean_of_samples,random,12,5,0.24002579438162372,0.16610465151337497,1.0,0.0,0.0,2,,,,,,,,,,,
nearest_sample,random,12,5,0.18038203843438155,0.11584527783155578,1.0,0.0,0.0,2,,,,,,,,,,,
decay_only,random,12,5,0.15632200804550742,0.10316446934210922,1.0,0.0,0.0,2,,,,,,,,,,,
simgp_core,random,13,5,0.0420316156489339,0.030803613690885714,1.0,1.0,1.0,2,1.0,0.8636363636363636,0.9545454545454546,1.0,0.1,0.3,0.5,1.0,1.1,1.05,1.0
simgp_core_nogp,random,13,5,0.04243076524052691,0.031641160496650646,1.0,1.0,1.0,2,0.9545454545454546,0.8636363636363636,0.9545454545454546,1.0,,,,,,,
simgp_core_g75,random,13,5,0.045628738772115394,0.03320523257107444,1.0,1.0,1.0,2,0.9090909090909091,0.6363636363636364,0.8636363636363636,1.0,,,,,,,
physgp_core,random,13,5,0.14695905490011948,0.08700306258039671,1.0,0.0,0.0,2,0.4090909090909091,0.4090909090909091,0.4090909090909091,0.5,,,,,,,
physgp_rich,random,13,5,0.1567097168137813,0.09293827156609123,1.0,0.0,0.0,2,0.45454545454545453,0.2727272727272727,0.36363636363636365,0.45454545454545453,,,,,,,
simgp_rich,random,13,5,0.043826373950643205,0.03288624242698826,1.0,1.0,1.0,2,1.0,0.8181818181818182,0.9545454545454546,1.0,,,,,,,
mean_of_samples,random,13,5,0.24363263934603485,0.17128630470765824,1.0,0.0,0.0,2,,,,,,,,,,,
nearest_sample,random,13,5,0.1857137810766073,0.12163443568912541,1.0,0.0,0.0,2,,,,,,,,,,,
decay_only,random,13,5,0.1657805332524738,0.10230314865498019,1.0,0.0,0.0,2,,,,,,,,,,,
simgp_core,random,14,5,0.043745407821119416,0.03228966691342644,1.0,1.0,1.0,1,1.0,0.8571428571428571,0.9523809523809523,1.0,0.1,0.3,0.5,1.0,1.1,1.05,1.0
simgp_core_nogp,random,14,5,0.04207816790550125,0.030407505069879697,1.0,1.0,1.0,1,0.9523809523809523,0.8571428571428571,0.9523809523809523,1.0,,,,,,,
simgp_core_g75,random,14,5,0.047941308797373565,0.03691210014599745,1.0,1.0,1.0,1,0.8571428571428571,0.5714285714285714,0.7619047619047619,0.8571428571428571,,,,,,,
physgp_core,random,14,5,0.1458480646485277,0.08568137787067809,1.0,0.0,0.0,1,0.42857142857142855,0.38095238095238093,0.42857142857142855,0.5238095238095238,,,,,,,
physgp_rich,random,14,5,0.15871853286721785,0.10028056476291064,1.0,0.0,0.0,1,0.5714285714285714,0.2857142857142857,0.42857142857142855,0.5714285714285714,,,,,,,
simgp_rich,random,14,5,0.04480687284696005,0.03375172717438784,1.0,1.0,1.0,1,1.0,0.7619047619047619,0.9523809523809523,1.0,,,,,,,
mean_of_samples,random,14,5,0.24974699326214794,0.16826717409840777,1.0,0.0,0.0,1,,,,,,,,,,,
nearest_sample,random,14,5,0.18978830094009183,0.12511332246678247,1.0,0.0,0.0,1,,,,,,,,,,,
decay_only,random,14,5,0.16676787519308028,0.10467045426084669,1.0,0.0,0.0,1,,,,,,,,,,,
simgp_core,random,15,5,0.047614623407927305,0.03594589288628146,1.0,1.0,1.0,1,1.0,0.75,0.95,1.0,0.1,0.3,0.5,1.0,1.1,1.05,1.0
simgp_core_nogp,random,15,5,0.04300355672035049,0.030489997498919036,1.0,1.0,1.0,1,0.95,0.85,0.95,1.0,,,,,,,
simgp_core_g75,random,15,5,0.04843585715821767,0.037101338287845696,1.0,1.0,1.0,1,0.85,0.55,0.75,0.85,,,,,,,
physgp_core,random,15,5,0.15617616305563356,0.08655570983965223,1.0,0.0,0.0,1,0.55,0.4,0.4,0.65,,,,,,,
physgp_rich,random,15,5,0.16641357761349207,0.10709997986173925,1.0,0.0,0.0,1,0.65,0.25,0.5,0.65,,,,,,,
simgp_rich,random,15,5,0.04562600797780926,0.03390139258298088,1.0,1.0,1.0,1,1.0,0.8,0.95,1.0,,,,,,,
pinn_rich,random,15,5,0.16845755324678077,0.11562264759452132,1.0,0.0,0.0,1,0.35,0.15,0.25,0.35,,,,,,,
mean_of_samples,random,15,5,0.25712841944063636,0.17224341114523728,1.0,0.0,0.0,1,,,,,,,,,,,
nearest_sample,random,15,5,0.19352963214192537,0.12708611213016938,1.0,0.0,0.0,1,,,,,,,,,,,
decay_only,random,15,5,0.17084763573379422,0.10936116507141316,1.0,0.0,0.0,1,,,,,,,,,,,
simgp_core,uncertainty,3,5,0.08384113243177209,0.05653149358062472,1.0,0.0,0.0,2,1.0,0.8125,0.9375,1.0,0.1,0.1,1.0,0.85,0.9,0.95,0.0
simgp_core,uncertainty,4,5,0.07516254405345314,0.0527913223076199,1.0,0.0,0.0,2,1.0,0.7419354838709677,0.9354838709677419,1.0,0.25,0.1,0.0,1.15,1.0,0.95,0.0
simgp_core,uncertainty,5,5,0.06879478705991986,0.0482272106757944,1.0,0.5,0.6666666666666666,2,0.9666666666666667,0.7333333333333333,0.9666666666666667,0.9666666666666667,0.1,0.3,0.5,1.0,1.1,1.1,0.5
simgp_core,uncertainty,6,5,0.06105652038901387,0.033798693973381144,1.0,0.0,0.0,2,0.9655172413793104,0.7931034482758621,0.9310344827586207,0.9655172413793104,0.1,0.3,0.5,1.0,1.1,1.1,0.0
simgp_core,uncertainty,7,5,0.058357918877112266,0.04277801939209963,1.0,1.0,1.0,1,1.0,0.8928571428571429,0.9285714285714286,1.0,0.25,0.1,1.0,1.0,0.9,1.0,1.0
simgp_core,uncertainty,8,5,0.05771069124012879,0.048368465699940695,1.0,1.0,1.0,1,0.9629629629629629,0.5925925925925926,0.9259259259259259,0.9629629629629629,0.25,0.3,0.0,1.0,1.1,1.1,1.0
simgp_core,uncertainty,9,5,0.05129976562457509,0.03698831287169953,1.0,1.0,1.0,0,0.9615384615384616,0.7692307692307693,0.9230769230769231,0.9615384615384616,0.1,0.3,0.5,1.0,0.9,1.1,0.5
simgp_core,uncertainty,10,5,0.05336489718925209,0.03836295981828859,1.0,1.0,1.0,0,0.96,0.76,0.92,0.96,0.1,0.3,0.5,1.0,0.9,1.1,0.5
simgp_core,uncertainty,11,5,0.05036606712941218,0.03620429525387817,1.0,1.0,1.0,0,0.9583333333333334,0.75,0.9166666666666666,0.9583333333333334,0.1,0.3,0.5,1.0,0.9,1.1,0.5
simgp_core,uncertainty,12,5,0.04611860773308815,0.033125133242007394,1.0,1.0,1.0,0,0.9565217391304348,0.782608695652174,0.9130434782608695,0.9565217391304348,0.1,0.3,0.5,1.0,0.9,1.1,0.5
simgp_core,uncertainty,13,5,0.047737501932025986,0.0321171764291966,1.0,1.0,1.0,0,0.9545454545454546,0.7727272727272727,0.9090909090909091,0.9545454545454546,0.1,0.3,0.5,1.0,0.9,1.1,0.5
simgp_core,uncertainty,14,5,0.0472776329824514,0.028412378478657397,1.0,1.0,1.0,0,0.9523809523809523,0.7619047619047619,0.9047619047619048,0.9523809523809523,0.1,0.3,0.5,1.0,0.9,1.1,0.5
simgp_core,uncertainty,15,5,0.059716787761746715,0.03529030103879053,1.0,1.0,1.0,0,0.95,0.85,0.9,1.0,0.1,0.3,0.5,1.0,0.9,1.1,0.5
simgp_core,straddle,3,5,0.08038962532607037,0.05975895338664438,0.5,0.5,0.5,2,1.0,0.875,1.0,1.0,0.25,0.1,0.0,1.0,1.1,0.9,0.5
simgp_core,straddle,4,5,0.05806092096357155,0.046992373860088206,1.0,1.0,1.0,2,1.0,0.8709677419354839,0.967741935483871,1.0,0.1,0.3,1.0,1.0,1.1,1.1,1.0
simgp_core,straddle,5,5,0.04844378867125716,0.041112696330614526,1.0,1.0,1.0,1,1.0,0.7666666666666667,0.9666666666666667,1.0,0.25,0.1,0.5,1.0,1.1,0.95,1.0
simgp_core,straddle,6,5,0.05146583930250819,0.04514586907329707,1.0,1.0,1.0,1,0.9655172413793104,0.6206896551724138,0.9655172413793104,1.0,0.25,0.1,1.0,1.0,1.1,1.0,1.0
simgp_core,straddle,7,5,0.052305420874744005,0.04479988333015116,1.0,1.0,1.0,1,0.9642857142857143,0.6071428571428571,0.9642857142857143,0.9642857142857143,0.25,0.1,1.0,1.0,1.1,1.0,1.0
simgp_core,straddle,8,5,0.04756478279102986,0.037969741128364494,1.0,1.0,1.0,0,0.9629629629629629,0.8888888888888888,0.9629629629629629,0.9629629629629629,0.1,0.3,0.0,1.0,0.9,0.9,0.5
simgp_core,straddle,9,5,0.050916469673609896,0.039901419179033074,1.0,1.0,1.0,0,0.9615384615384616,0.8461538461538461,0.9615384615384616,1.0,0.1,0.3,0.0,1.0,0.9,0.9,0.5
simgp_core,straddle,10,5,0.05230733859851888,0.04128775975805121,1.0,1.0,1.0,0,0.96,0.84,0.96,1.0,0.1,0.3,0.0,1.0,0.9,0.9,0.5
simgp_core,straddle,11,5,0.06977438613719429,0.0516596910816087,1.0,1.0,1.0,0,0.9166666666666666,0.7083333333333334,0.875,1.0,0.1,0.3,0.0,1.0,0.9,0.9,0.5
simgp_core,straddle,12,5,0.07108726885811703,0.054458367134945874,1.0,1.0,1.0,0,0.9565217391304348,0.6956521739130435,0.9130434782608695,1.0,0.1,0.3,0.0,1.0,0.9,0.9,0.5
simgp_core,straddle,13,5,0.08139599699871286,0.061368596694932415,1.0,1.0,1.0,0,0.9090909090909091,0.7272727272727273,0.8181818181818182,1.0,0.1,0.3,0.0,1.0,0.9,0.9,0.5
simgp_core,straddle,14,5,0.0845732477062093,0.06466621653850067,1.0,1.0,1.0,0,0.9047619047619048,0.6190476190476191,0.8095238095238095,1.0,0.1,0.3,0.0,1.0,0.9,0.9,0.5
simgp_core,straddle,15,5,0.08699970818925681,0.06685511641169599,1.0,1.0,1.0,0,0.9,0.6,0.8,1.0,0.1,0.3,0.0,1.0,0.9,0.9,0.5
simgp_core,random,3,6,0.10114327538029359,0.0808982970638087,0.5,0.5,0.5,2,0.9375,0.53125,0.9375,0.9375,0.25,0.1,0.5,0.85,0.9,1.1,0.5
simgp_core_nogp,random,3,6,0.1009033069166973,0.0805597337941249,0.5,0.5,0.5,2,0.9375,0.4375,0.875,0.9375,,,,,,,
simgp_core_g75,random,3,6,0.12450752513231562,0.10162397339708543,0.5,0.5,0.5,2,0.75,0.28125,0.6875,0.78125,,,,,,,
physgp_core,random,3,6,0.5464536404624059,0.40426808072063447,0.06666666666666667,0.5,0.11764705882352941,2,0.0,0.0,0.0,0.03125,,,,,,,
physgp_rich,random,3,6,0.546428528923154,0.4042479024851484,0.06666666666666667,0.5,0.11764705882352941,2,0.03125,0.0,0.0,0.0625,,,,,,,
simgp_rich,random,3,6,0.10090332713933454,0.0805597896703458,0.5,0.5,0.5,2,0.9375,0.46875,0.9375,0.9375,,,,,,,
pinn_rich,random,3,6,0.23823466591876583,0.16209570603447554,1.0,0.0,0.0,2,0.1875,0.09375,0.15625,0.21875,,,,,,,
mean_of_samples,random,3,6,0.2617488249995296,0.17774305162420395,1.0,0.0,0.0,2,,,,,,,,,,,
nearest_sample,random,3,6,0.2446160537900501,0.16723943756057214,1.0,0.0,0.0,2,,,,,,,,,,,
decay_only,random,3,6,0.5464286664763267,0.40424850949345514,0.06666666666666667,0.5,0.11764705882352941,2,,,,,,,,,,,
simgp_core,random,4,6,0.10115347906778874,0.0719813522674618,0.3333333333333333,0.5,0.4,2,0.9354838709677419,0.6451612903225806,0.9354838709677419,0.9354838709677419,0.25,0.1,0.5,0.85,1.0,1.05,0.5
simgp_core_nogp,random,4,6,0.10115153648633923,0.07197675131439162,0.3333333333333333,0.5,0.4,2,0.9354838709677419,0.6451612903225806,0.9032258064516129,0.9354838709677419,,,,,,,
simgp_core_g75,random,4,6,0.11494565938447142,0.08614724135763467,0.3333333333333333,0.5,0.4,2,0.6774193548387096,0.16129032258064516,0.5483870967741935,0.7741935483870968,,,,,,,
physgp_core,random,4,6,0.3314498363166795,0.22346868597516747,0.0,0.0,0.0,2,0.16129032258064516,0.0967741935483871,0.12903225806451613,0.16129032258064516,,,,,,,
physgp_rich,random,4,6,0.3314490022161446,0.22346471210362623,0.0,0.0,0.0,2,0.41935483870967744,0.22580645161290322,0.3548387096774194,0.4838709677419355,,,,,,,
simgp_rich,random,4,6,0.10115213718978622,0.07197870820979149,0.3333333333333333,0.5,0.4,2,0.9354838709677419,0.8387096774193549,0.9354838709677419,0.9354838709677419,,,,,,,
mean_of_samples,random,4,6,0.2788951775331964,0.18521636056377525,1.0,0.0,0.0,2,,,,,,,,,,,
nearest_sample,random,4,6,0.24706759054115546,0.1677987519264051,1.0,0.0,0.0,2,,,,,,,,,,,
decay_only,random,4,6,0.331448938291329,0.22346500959489538,0.0,0.0,0.0,2,,,,,,,,,,,
simgp_core,random,5,6,0.10311194624634872,0.07375470522192124,0.3333333333333333,0.5,0.4,2,0.9333333333333333,0.6333333333333333,0.9333333333333333,0.9333333333333333,0.25,0.1,0.0,0.85,1.0,0.95,0.5
simgp_core_nogp,random,5,6,0.1031052464317703,0.07373979432282939,0.3333333333333333,0.5,0.4,2,0.9333333333333333,0.6333333333333333,0.9,0.9333333333333333,,,,,,,
simgp_core_g75,random,5,6,0.11755408561748336,0.08853638523902516,0.3333333333333333,0.5,0.4,2,0.6333333333333333,0.16666666666666666,0.5333333333333333,0.7666666666666667,,,,,,,
physgp_core,random,5,6,0.22359632749009684,0.17051221428714125,1.0,0.0,0.0,2,0.16666666666666666,0.1,0.16666666666666666,0.16666666666666666,,,,,,,
physgp_rich,random,5,6,0.2245450054148498,0.18178766377005423,1.0,0.0,0.0,2,0.23333333333333334,0.0,0.16666666666666666,0.26666666666666666,,,,,,,
simgp_rich,random,5,6,0.11186611885319139,0.09919539025746166,0.5,0.5,0.5,2,0.9333333333333333,0.3333333333333333,0.8333333333333334,1.0,,,,,,,
pinn_rich,random,5,6,0.14189564008233405,0.10595147996246422,1.0,0.0,0.0,2,0.36666666666666664,0.23333333333333334,0.26666666666666666,0.43333333333333335,,,,,,,
mean_of_samples,random,5,6,0.22673663996783647,0.16800138206702422,1.0,0.0,0.0,2,,,,,,,,,,,
nearest_sample,random,5,6,0.15105138810805638,0.12103385445461783,1.0,0.0,0.0,2,,,,,,,,,,,
decay_only,random,5,6,0.22359666471675763,0.1705013436455682,1.0,0.0,0.0,2,,,,,,,,,,,
simgp_core,random,6,6,0.10350372504252059,0.07625859819391798,0.5,0.5,0.5,2,0.9310344827586207,0.5172413793103449,0.9310344827586207,0.9310344827586207,0.25,0.1,0.5,0.85,1.0,1.05,0.5
simgp_core_nogp,random,6,6,0.10348909366689495,0.07622560548779175,0.5,0.5,0.5,2,0.9310344827586207,0.5172413793103449,0.896551724137931,0.9310344827586207,,,,,,,
simgp_core_g75,random,6,6,0.11895421405798874,0.09040703499844281,0.3333333333333333,0.5,0.4,2,0.6206896551724138,0.13793103448275862,0.4482758620689655,0.6896551724137931,,,,,,,
physgp_core,random,6,6,0.22811693219083448,0.177922920126468,1.0,0.0,0.0,2,0.13793103448275862,0.034482758620689655,0.034482758620689655,0.1724137931034483,,,,,,,
physgp_rich,random,6,6,0.2285545252496355,0.18265592624312538,1.0,0.0,0.0,2,0.3103448275862069,0.10344827586206896,0.20689655172413793,0.41379310344827586,,,,,,,
simgp_rich,random,6,6,0.11122953860529777,0.0866289320901132,0.5,0.5,0.5,2,0.8620689655172413,0.5862068965517241,0.8275862068965517,0.896551724137931,,,,,,,
mean_of_samples,random,6,6,0.23056381437510926,0.1682813956565046,1.0,0.0,0.0,2,,,,,,,,,,,
nearest_sample,random,6,6,0.15204646125235866,0.12583578403489393,1.0,0.0,0.0,2,,,,,,,,,,,
decay_only,random,6,6,0.22812290701944743,0.17789355598282522,1.0,0.0,0.0,2,,,,,,,,,,,
simgp_core,random,7,6,0.10608521404919548,0.07499816682030848,0.3333333333333333,0.5,0.4,2,0.9285714285714286,0.6071428571428571,0.9285714285714286,0.9285714285714286,0.25,0.1,0.5,0.85,1.0,1.05,0.5
simgp_core_nogp,random,7,6,0.10607884421965619,0.07498070015415126,0.3333333333333333,0.5,0.4,2,0.9285714285714286,0.6071428571428571,0.8928571428571429,0.9285714285714286,,,,,,,
simgp_core_g75,random,7,6,0.11909948616438173,0.08627449205553236,0.3333333333333333,0.5,0.4,2,0.6428571428571429,0.2857142857142857,0.5357142857142857,0.75,,,,,,,
physgp_core,random,7,6,0.2312479586711948,0.18097194644140635,1.0,0.0,0.0,2,0.14285714285714285,0.07142857142857142,0.14285714285714285,0.14285714285714285,,,,,,,
physgp_rich,random,7,6,0.23097447175554658,0.18502300706052943,1.0,0.0,0.0,2,0.25,0.10714285714285714,0.21428571428571427,0.2857142857142857,,,,,,,
simgp_rich,random,7,6,0.11209856466974036,0.08171849961314463,0.3333333333333333,0.5,0.4,2,0.8928571428571429,0.75,0.8928571428571429,0.8928571428571429,,,,,,,
mean_of_samples,random,7,6,0.23718087532569931,0.16882475359099253,1.0,0.0,0.0,2,,,,,,,,,,,
nearest_sample,random,7,6,0.16909112575980065,0.1408304239926822,1.0,0.0,0.0,2,,,,,,,,,,,
decay_only,random,7,6,0.2312458424035586,0.18096050539826344,1.0,0.0,0.0,2,,,,,,,,,,,
simgp_core,random,8,6,0.11410238133827838,0.08155908436993421,0.3333333333333333,0.5,0.4,2,0.9259259259259259,0.5925925925925926,0.8888888888888888,0.9259259259259259,0.25,0.1,1.0,1.0,1.1,1.0,0.5
simgp_core_nogp,random,8,6,0.11408337918988268,0.08152418321288195,0.3333333333333333,0.5,0.4,2,0.9259259259259259,0.5925925925925926,0.8518518518518519,0.9259259259259259,,,,,,,
simgp_core_g75,random,8,6,0.11755767530077661,0.08473174672862342,0.3333333333333333,0.5,0.4,2,0.6666666666666666,0.25925925925925924,0.5555555555555556,0.7407407407407407,,,,,,,
physgp_core,random,8,6,0.17228187385402283,0.1172010618643527,1.0,0.0,0.0,2,0.25925925925925924,0.1111111111111111,0.14814814814814814,0.25925925925925924,,,,,,,
physgp_rich,random,8,6,0.17117135917846496,0.11959452025101408,1.0,0.0,0.0,2,0.48148148148148145,0.18518518518518517,0.37037037037037035,0.5555555555555556,,,,,,,
simgp_rich,random,8,6,0.11800785612193333,0.08097930140052566,0.3333333333333333,0.5,0.4,2,0.9259259259259259,0.7407407407407407,0.8888888888888888,0.9259259259259259,,,,,,,
pinn_rich,random,8,6,0.14708042767390533,0.10686259756860465,1.0,0.0,0.0,2,0.4074074074074074,0.25925925925925924,0.2962962962962963,0.4074074074074074,,,,,,,
mean_of_samples,random,8,6,0.24009044376769728,0.17221684903533221,1.0,0.0,0.0,2,,,,,,,,,,,
nearest_sample,random,8,6,0.15503812059384256,0.12548489780097613,1.0,0.0,0.0,2,,,,,,,,,,,
decay_only,random,8,6,0.1722810341460223,0.11720440075561885,1.0,0.0,0.0,2,,,,,,,,,,,
simgp_core,random,9,6,0.10024335560994882,0.07755095233979385,1.0,0.5,0.6666666666666666,2,0.9615384615384616,0.7692307692307693,0.9615384615384616,1.0,0.1,0.3,1.0,1.15,1.1,1.1,0.5
simgp_core_nogp,random,9,6,0.10119170548756858,0.08038347156928083,1.0,0.5,0.6666666666666666,2,0.9615384615384616,0.3076923076923077,0.9615384615384616,0.9615384615384616,,,,,,,
simgp_core_g75,random,9,6,0.1023244559723264,0.0765849276617144,0.5,0.5,0.5,2,0.9230769230769231,0.5,0.7692307692307693,0.9230769230769231,,,,,,,
physgp_core,random,9,6,0.17161185530941594,0.11418722100589829,1.0,0.0,0.0,2,0.23076923076923078,0.11538461538461539,0.23076923076923078,0.23076923076923078,,,,,,,
physgp_rich,random,9,6,0.20045751411018983,0.13646848455271898,1.0,0.0,0.0,2,0.34615384615384615,0.15384615384615385,0.2692307692307692,0.5,,,,,,,
simgp_rich,random,9,6,0.14500259029896026,0.09553893430416266,1.0,0.5,0.6666666666666666,2,0.9230769230769231,0.6923076923076923,0.8846153846153846,0.9615384615384616,,,,,,,
mean_of_samples,random,9,6,0.2443556662033368,0.1777103825166293,1.0,0.0,0.0,2,,,,,,,,,,,
nearest_sample,random,9,6,0.16324307835880544,0.13298968426343546,1.0,0.0,0.0,2,,,,,,,,,,,
decay_only,random,9,6,0.17160991936832537,0.11418016819634594,1.0,0.0,0.0,2,,,,,,,,,,,
simgp_core,random,10,6,0.1517960717491399,0.10023018800662736,1.0,0.0,0.0,2,0.92,0.52,0.8,0.96,0.1,0.3,0.5,1.0,1.1,1.05,0.0
simgp_core_nogp,random,10,6,0.10179220320352345,0.0801087819897222,1.0,0.5,0.6666666666666666,2,0.96,0.32,0.92,0.96,,,,,,,
simgp_core_g75,random,10,6,0.137095490277764,0.09538083842582658,1.0,0.0,0.0,2,0.76,0.32,0.64,0.76,,,,,,,
physgp_core,random,10,6,0.1800389574715487,0.10699726864755403,1.0,0.0,0.0,2,0.76,0.52,0.72,0.8,,,,,,,
physgp_rich,random,10,6,0.19920206262513146,0.1348826354949496,1.0,0.0,0.0,2,0.4,0.2,0.24,0.48,,,,,,,
simgp_rich,random,10,6,0.13556305377303346,0.08685498133935378,1.0,0.0,0.0,2,0.88,0.68,0.88,0.88,,,,,,,
pinn_rich,random,10,6,0.1616717647665753,0.11904358856913651,1.0,0.0,0.0,2,0.24,0.12,0.16,0.24,,,,,,,
mean_of_samples,random,10,6,0.24611282672172846,0.18166300881431574,1.0,0.0,0.0,2,,,,,,,,,,,
nearest_sample,random,10,6,0.16085876030215387,0.1297332726335166,1.0,0.0,0.0,2,,,,,,,,,,,
decay_only,random,10,6,0.17553701861932905,0.1147145051954147,1.0,0.0,0.0,2,,,,,,,,,,,
simgp_core,random,11,6,0.1368624952215862,0.08696079766708736,1.0,0.5,0.6666666666666666,2,0.9166666666666666,0.75,0.9166666666666666,1.0,0.1,0.3,0.5,1.0,1.1,1.05,0.5
simgp_core_nogp,random,11,6,0.10278869215680506,0.07878248112006964,0.5,0.5,0.5,2,0.9583333333333334,0.4166666666666667,0.9166666666666666,0.9583333333333334,,,,,,,
simgp_core_g75,random,11,6,0.12589667750853098,0.08585719313871702,1.0,0.0,0.0,2,0.875,0.4166666666666667,0.7083333333333334,0.875,,,,,,,
physgp_core,random,11,6,0.19819807018338345,0.12770878809275735,1.0,0.0,0.0,2,0.625,0.3333333333333333,0.5,0.7083333333333334,,,,,,,
physgp_rich,random,11,6,0.175682215332904,0.11531078790328064,1.0,0.0,0.0,2,0.4583333333333333,0.25,0.4583333333333333,0.625,,,,,,,
simgp_rich,random,11,6,0.13906087595200994,0.0899363242589069,1.0,0.0,0.0,2,0.875,0.75,0.875,0.875,,,,,,,
mean_of_samples,random,11,6,0.2519603101385062,0.18362894351886716,1.0,0.0,0.0,2,,,,,,,,,,,
nearest_sample,random,11,6,0.16029468088055718,0.12637416212205713,1.0,0.0,0.0,2,,,,,,,,,,,
decay_only,random,11,6,0.1788887322983785,0.11799325847715965,1.0,0.0,0.0,2,,,,,,,,,,,
simgp_core,random,12,6,0.1430504940608287,0.09045561658681596,1.0,0.5,0.6666666666666666,2,0.9130434782608695,0.7391304347826086,0.9130434782608695,1.0,0.1,0.3,0.5,1.0,1.1,1.0,0.5
simgp_core_nogp,random,12,6,0.10434219406911596,0.07890469938543823,0.5,0.5,0.5,2,0.9565217391304348,0.391304347826087,0.9130434782608695,0.9565217391304348,,,,,,,
simgp_core_g75,random,12,6,0.13264064609965237,0.08821857832325057,1.0,0.0,0.0,2,0.8260869565217391,0.4782608695652174,0.6521739130434783,0.9130434782608695,,,,,,,
physgp_core,random,12,6,0.1875634418299158,0.11175028096048163,1.0,0.0,0.0,2,0.6956521739130435,0.5217391304347826,0.6521739130434783,0.7391304347826086,,,,,,,
physgp_rich,random,12,6,0.17982550939333544,0.11491370207723771,1.0,0.0,0.0,2,0.6086956521739131,0.34782608695652173,0.5217391304347826,0.6521739130434783,,,,,,,
simgp_rich,random,12,6,0.15494248753935014,0.11579066270766476,1.0,0.5,0.6666666666666666,2,0.9130434782608695,0.5217391304347826,0.8260869565217391,1.0,,,,,,,
pinn_rich,random,12,6,0.16113283303644108,0.12090857576884935,1.0,0.0,0.0,2,0.30434782608695654,0.13043478260869565,0.30434782608695654,0.34782608695652173,,,,,,,
mean_of_samples,random,12,6,0.25812623376237065,0.18686869497009811,1.0,0.0,0.0,2,,,,,,,,,,,
nearest_sample,random,12,6,0.163338697024312,0.12932691303625016,1.0,0.0,0.0,2,,,,,,,,,,,
decay_only,random,12,6,0.18270476199349298,0.12233245371661418,1.0,0.0,0.0,2,,,,,,,,,,,
simgp_core,random,13,6,0.14804671909400965,0.09599034370103375,1.0,0.0,0.0,2,0.9090909090909091,0.5909090909090909,0.8181818181818182,1.0,0.1,0.3,0.0,1.0,1.1,0.9,0.0
simgp_core_nogp,random,13,6,0.10515918887092983,0.07755428213151472,0.5,0.5,0.5,2,0.9090909090909091,0.36363636363636365,0.8636363636363636,0.9545454545454546,,,,,,,
simgp_core_g75,random,13,6,0.142630328509939,0.09481226557814143,1.0,0.0,0.0,2,0.7272727272727273,0.5,0.6363636363636364,0.8181818181818182,,,,,,,
physgp_core,random,13,6,0.20326650038978233,0.1259377614801482,1.0,0.0,0.0,2,0.5454545454545454,0.3181818181818182,0.5,0.5909090909090909,,,,,,,
physgp_rich,random,13,6,0.20859641071489302,0.1358013486393788,1.0,0.0,0.0,2,0.36363636363636365,0.3181818181818182,0.36363636363636365,0.5,,,,,,,
simgp_rich,random,13,6,0.1556227813097442,0.10466998239903384,0.5,0.5,0.5,2,0.8181818181818182,0.6818181818181818,0.7272727272727273,0.8636363636363636,,,,,,,
mean_of_samples,random,13,6,0.26343437299347644,0.19431053692116507,1.0,0.0,0.0,2,,,,,,,,,,,
nearest_sample,random,13,6,0.16700270574300724,0.13487982382481387,1.0,0.0,0.0,2,,,,,,,,,,,
decay_only,random,13,6,0.1892705621263379,0.12599959791389387,1.0,0.0,0.0,2,,,,,,,,,,,
simgp_core,random,14,6,0.15101201456504285,0.10438043077701176,1.0,0.0,0.0,2,0.8571428571428571,0.42857142857142855,0.6666666666666666,0.9523809523809523,0.1,0.3,0.5,1.0,1.1,1.05,0.0
simgp_core_nogp,random,14,6,0.09262589228590919,0.07391831557749579,1.0,0.5,0.6666666666666666,2,0.9523809523809523,0.2857142857142857,0.8095238095238095,0.9523809523809523,,,,,,,
simgp_core_g75,random,14,6,0.15734156543333247,0.10888123777453759,1.0,0.0,0.0,2,0.5714285714285714,0.38095238095238093,0.5238095238095238,0.6666666666666666,,,,,,,
physgp_core,random,14,6,0.20204417939774993,0.12361293969656073,1.0,0.0,0.0,2,0.5714285714285714,0.23809523809523808,0.5238095238095238,0.6190476190476191,,,,,,,
physgp_rich,random,14,6,0.21127213193126748,0.1391594177387204,1.0,0.0,0.0,2,0.38095238095238093,0.2857142857142857,0.3333333333333333,0.42857142857142855,,,,,,,
simgp_rich,random,14,6,0.0841914770867841,0.06648949976003202,1.0,0.0,0.0,2,0.9523809523809523,0.7619047619047619,0.9047619047619048,0.9523809523809523,,,,,,,
mean_of_samples,random,14,6,0.2699258894616198,0.20332443463868094,1.0,0.0,0.0,2,,,,,,,,,,,
nearest_sample,random,14,6,0.1692642017207005,0.13920252897288418,1.0,0.0,0.0,2,,,,,,,,,,,
decay_only,random,14,6,0.19667068758292536,0.1308608068146401,1.0,0.0,0.0,2,,,,,,,,,,,
simgp_core,random,15,6,0.15145499679776672,0.10312864198006906,1.0,0.0,0.0,2,0.85,0.45,0.7,0.95,0.1,0.3,0.5,1.0,1.1,1.05,0.0
simgp_core_nogp,random,15,6,0.09209186592425848,0.07244954161078154,1.0,0.5,0.6666666666666666,2,0.95,0.3,0.8,0.95,,,,,,,
simgp_core_g75,random,15,6,0.15781235934882268,0.10848379245605547,1.0,0.0,0.0,2,0.55,0.35,0.5,0.65,,,,,,,
physgp_core,random,15,6,0.18721297351370308,0.13389780233324283,1.0,0.0,0.0,2,0.55,0.25,0.55,0.55,,,,,,,
physgp_rich,random,15,6,0.1584105937963217,0.10479684869589945,1.0,0.0,0.0,2,0.55,0.2,0.4,0.6,,,,,,,
simgp_rich,random,15,6,0.10102231121558598,0.07410251217381959,1.0,0.0,0.0,2,0.9,0.6,0.9,0.9,,,,,,,
pinn_rich,random,15,6,0.14110699212218059,0.11758548087385681,1.0,0.0,0.0,2,0.3,0.1,0.3,0.35,,,,,,,
mean_of_samples,random,15,6,0.1948219553083798,0.17508877179024482,1.0,0.0,0.0,2,,,,,,,,,,,
nearest_sample,random,15,6,0.15396825624616775,0.12830675366347133,1.0,0.0,0.0,2,,,,,,,,,,,
decay_only,random,15,6,0.1413334555662782,0.1040620391022479,1.0,0.0,0.0,2,,,,,,,,,,,
simgp_core,uncertainty,3,6,0.10347147085287846,0.06523205113577134,0.3333333333333333,0.5,0.4,2,0.9375,0.78125,0.9375,0.9375,0.4,0.1,0.0,0.85,0.9,1.1,0.5
simgp_core,uncertainty,4,6,0.10487839396159114,0.06766484368603863,0.25,0.5,0.3333333333333333,2,0.9354838709677419,0.8064516129032258,0.9032258064516129,0.9354838709677419,0.25,0.1,0.5,1.0,1.1,0.9,0.5
simgp_core,uncertainty,5,6,0.09760848333308572,0.06063894588337928,0.3333333333333333,0.5,0.4,2,0.9,0.7666666666666667,0.8333333333333334,0.9333333333333333,0.25,0.1,0.5,1.0,1.1,0.9,0.5
simgp_core,uncertainty,6,6,0.0914344277339731,0.07676547242701022,1.0,0.5,0.6666666666666666,2,1.0,0.7241379310344828,0.9310344827586207,1.0,0.1,0.3,0.0,1.0,1.1,0.9,0.5
simgp_core,uncertainty,7,6,0.08279451569501327,0.05777770980411805,1.0,1.0,1.0,1,0.9285714285714286,0.8214285714285714,0.9285714285714286,0.9285714285714286,0.1,0.3,0.5,1.0,1.1,0.95,1.0
simgp_core,uncertainty,8,6,0.08553352167979883,0.06575140260322522,1.0,0.0,0.0,1,0.9629629629629629,0.7777777777777778,0.8888888888888888,0.9629629629629629,0.1,0.3,0.5,1.0,1.1,1.0,0.5
simgp_core,uncertainty,9,6,0.09644512032648418,0.07318957850907953,1.0,0.0,0.0,1,0.8846153846153846,0.6538461538461539,0.8461538461538461,0.9230769230769231,0.1,0.3,0.5,1.0,1.1,0.95,0.5
simgp_core,uncertainty,10,6,0.09483480762959401,0.07237937750578835,1.0,0.0,0.0,1,0.88,0.64,0.8,0.92,0.1,0.3,0.5,1.0,1.1,0.95,0.5
simgp_core,uncertainty,11,6,0.10051801545902837,0.07706026405153958,1.0,0.0,0.0,1,0.8333333333333334,0.5416666666666666,0.75,0.875,0.1,0.6,0.0,1.0,1.1,1.1,0.5
simgp_core,uncertainty,12,6,0.118930727414203,0.08931772632125401,1.0,0.0,0.0,1,0.6956521739130435,0.4782608695652174,0.6086956521739131,0.782608695652174,0.1,0.3,0.5,1.0,1.1,1.0,0.5
simgp_core,uncertainty,13,6,0.12105963871505562,0.09109365033531208,1.0,0.0,0.0,1,0.6818181818181818,0.45454545454545453,0.5454545454545454,0.7727272727272727,0.1,0.3,0.5,1.0,1.1,1.0,0.5
simgp_core,uncertainty,14,6,0.12395877122071006,0.09511353843932382,1.0,0.0,0.0,1,0.6666666666666666,0.42857142857142855,0.5238095238095238,0.7619047619047619,0.1,0.3,0.5,1.0,1.1,1.0,0.5
simgp_core,uncertainty,15,6,0.09477416736797849,0.07359028469712454,1.0,0.0,0.0,1,0.8,0.55,0.75,0.85,0.1,0.3,0.5,1.0,1.1,1.0,0.5
simgp_core,straddle,3,6,0.10721019409910358,0.07136537876989084,0.3333333333333333,0.5,0.4,2,0.9375,0.78125,0.90625,0.9375,0.25,0.1,0.5,0.85,0.9,1.0,0.5
simgp_core,straddle,4,6,0.11222915653630852,0.07775359392267361,0.3333333333333333,0.5,0.4,2,0.9354838709677419,0.6774193548387096,0.9032258064516129,0.9354838709677419,0.25,0.1,0.5,1.0,1.1,0.9,0.5
simgp_core,straddle,5,6,0.11154166181042262,0.0810877186348961,0.3333333333333333,0.5,0.4,2,0.8666666666666667,0.5333333333333333,0.8666666666666667,0.9333333333333333,0.25,0.1,0.5,1.0,1.1,0.9,0.5
simgp_core,straddle,6,6,0.12954444055552425,0.0840695969427303,1.0,0.0,0.0,2,0.9655172413793104,0.6896551724137931,0.896551724137931,0.9655172413793104,0.1,0.3,0.0,1.0,1.1,1.0,0.0
simgp_core,straddle,7,6,0.12032079899389773,0.08278329201584267,1.0,0.0,0.0,1,0.9642857142857143,0.7142857142857143,0.9285714285714286,1.0,0.25,0.1,0.0,1.0,1.1,0.9,0.5
simgp_core,straddle,8,6,0.1347247912265133,0.09589400792417112,1.0,0.0,0.0,1,0.9629629629629629,0.6666666666666666,0.9259259259259259,0.9629629629629629,0.1,0.3,0.0,1.0,1.1,1.0,0.5
simgp_core,straddle,9,6,0.13451577517292412,0.0953787866938048,1.0,0.0,0.0,1,0.9230769230769231,0.6923076923076923,0.8846153846153846,0.9230769230769231,0.1,0.3,0.5,1.0,1.1,1.1,0.5
simgp_core,straddle,10,6,0.13676515161691472,0.09368328607876117,1.0,0.0,0.0,1,0.92,0.72,0.88,0.92,0.1,0.3,0.5,1.0,1.1,1.05,0.5
simgp_core,straddle,11,6,0.09190625645068347,0.06386580749910964,1.0,0.0,0.0,1,0.9583333333333334,0.875,0.9583333333333334,1.0,0.1,0.3,0.5,1.0,1.1,1.0,0.5
simgp_core,straddle,12,6,0.086766797113388,0.0589865630014343,1.0,0.0,0.0,1,0.9565217391304348,0.8695652173913043,0.9565217391304348,1.0,0.1,0.3,0.5,1.0,1.1,1.0,0.5
simgp_core,straddle,13,6,0.08774398005905971,0.06127859883991333,1.0,0.0,0.0,1,0.9545454545454546,0.8636363636363636,0.9545454545454546,1.0,0.1,0.3,0.5,1.0,1.1,0.95,0.5
simgp_core,straddle,14,6,0.12996592952256705,0.07606345472911696,1.0,0.0,0.0,1,0.9047619047619048,0.8571428571428571,0.9047619047619048,0.9047619047619048,0.1,0.3,0.5,1.0,1.1,0.95,0.5
simgp_core,straddle,15,6,0.08996939938780302,0.06155488869627851,1.0,0.0,0.0,1,0.95,0.9,0.95,1.0,0.1,0.3,1.0,1.0,1.1,1.1,0.5
simgp_core,random,3,7,0.07171517565790939,0.04287920741049679,0.0,1.0,0.0,0,1.0,0.9375,1.0,1.0,0.1,0.3,0.5,1.0,1.0,1.05,0.0
simgp_core_nogp,random,3,7,0.09455282288769432,0.07245373025507945,0.0,1.0,0.0,0,1.0,0.90625,1.0,1.0,,,,,,,
simgp_core_g75,random,3,7,0.07453503927287482,0.04350968345270366,0.0,1.0,0.0,0,0.9375,0.75,0.875,0.96875,,,,,,,
physgp_core,random,3,7,0.14982946383419565,0.10700036699323742,1.0,1.0,1.0,0,0.09375,0.0625,0.09375,0.15625,,,,,,,
physgp_rich,random,3,7,0.14988144963361139,0.10706127442307985,1.0,1.0,1.0,0,0.21875,0.09375,0.15625,0.28125,,,,,,,
simgp_rich,random,3,7,0.08072788677752968,0.05089832200033526,0.0,1.0,0.0,0,1.0,0.90625,1.0,1.0,,,,,,,
pinn_rich,random,3,7,0.18598706258195688,0.12537400618040048,1.0,1.0,1.0,0,0.28125,0.09375,0.25,0.34375,,,,,,,
mean_of_samples,random,3,7,0.28962120412615106,0.2598626868745065,1.0,1.0,1.0,0,,,,,,,,,,,
nearest_sample,random,3,7,0.1909401240599699,0.12297930708702765,1.0,1.0,1.0,0,,,,,,,,,,,
decay_only,random,3,7,0.14981806587554125,0.10698676910106478,1.0,1.0,1.0,0,,,,,,,,,,,
simgp_core,random,4,7,0.0757897326119493,0.051753205509204245,0.0,1.0,0.0,0,1.0,0.9032258064516129,1.0,1.0,0.25,0.1,0.0,1.0,1.1,0.9,0.0
simgp_core_nogp,random,4,7,0.08110669055887246,0.0577546805023795,0.0,1.0,0.0,0,1.0,0.9032258064516129,1.0,1.0,,,,,,,
simgp_core_g75,random,4,7,0.07246011622139009,0.04274596420171774,0.0,1.0,0.0,0,0.9354838709677419,0.7741935483870968,0.8709677419354839,0.967741935483871,,,,,,,
physgp_core,random,4,7,0.1522086648951546,0.10934479245019295,1.0,1.0,1.0,0,0.0967741935483871,0.06451612903225806,0.0967741935483871,0.16129032258064516,,,,,,,
physgp_rich,random,4,7,0.15221168657967402,0.10934743970086533,1.0,1.0,1.0,0,0.16129032258064516,0.06451612903225806,0.0967741935483871,0.16129032258064516,,,,,,,
simgp_rich,random,4,7,0.08152643119056328,0.05900374022628027,0.0,1.0,0.0,0,1.0,0.9032258064516129,1.0,1.0,,,,,,,
mean_of_samples,random,4,7,0.2386652250071721,0.20939082649106158,1.0,1.0,1.0,0,,,,,,,,,,,
nearest_sample,random,4,7,0.1624840931987067,0.10855755544318808,1.0,1.0,1.0,0,,,,,,,,,,,
decay_only,random,4,7,0.1521980373149932,0.10933189913391159,1.0,1.0,1.0,0,,,,,,,,,,,
simgp_core,random,5,7,0.07999733312350701,0.05645325129527465,0.0,1.0,0.0,0,1.0,0.9,1.0,1.0,0.25,0.1,0.5,1.0,1.1,0.9,0.0
simgp_core_nogp,random,5,7,0.08121491380244916,0.05741267392091038,0.0,1.0,0.0,0,1.0,0.8666666666666667,1.0,1.0,,,,,,,
simgp_core_g75,random,5,7,0.07489585160062177,0.04660530718968994,0.0,1.0,0.0,0,0.9,0.7333333333333333,0.8666666666666667,0.9333333333333333,,,,,,,
physgp_core,random,5,7,0.15385711331959662,0.11044842611134613,1.0,1.0,1.0,0,0.1,0.06666666666666667,0.1,0.1,,,,,,,
physgp_rich,random,5,7,0.1538479208395842,0.11043792554365996,1.0,1.0,1.0,0,0.1,0.06666666666666667,0.1,0.1,,,,,,,
simgp_rich,random,5,7,0.08120958947357061,0.057406863862013734,0.0,1.0,0.0,0,1.0,0.8666666666666667,1.0,1.0,,,,,,,
pinn_rich,random,5,7,0.17546481224776284,0.12234235501555214,1.0,1.0,1.0,0,0.23333333333333334,0.13333333333333333,0.23333333333333334,0.43333333333333335,,,,,,,
mean_of_samples,random,5,7,0.21632643967103948,0.18579594785742393,1.0,1.0,1.0,0,,,,,,,,,,,
nearest_sample,random,5,7,0.16495523005700768,0.1106389501405243,1.0,1.0,1.0,0,,,,,,,,,,,
decay_only,random,5,7,0.15384791798335876,0.11043792232974282,1.0,1.0,1.0,0,,,,,,,,,,,
simgp_core,random,6,7,0.06670467288533928,0.04610903288007578,0.0,1.0,0.0,0,0.9655172413793104,0.8620689655172413,0.9310344827586207,1.0,0.25,0.1,0.5,1.0,1.1,0.9,0.0
simgp_core_nogp,random,6,7,0.06801308392062623,0.047632739103347504,0.0,1.0,0.0,0,0.9655172413793104,0.8620689655172413,0.9310344827586207,1.0,,,,,,,
simgp_core_g75,random,6,7,0.07672132312599103,0.04712790308146193,0.0,1.0,0.0,0,0.8620689655172413,0.7241379310344828,0.8620689655172413,0.9310344827586207,,,,,,,
physgp_core,random,6,7,0.1555085232691581,0.11298871336360573,1.0,1.0,1.0,0,0.06896551724137931,0.034482758620689655,0.06896551724137931,0.06896551724137931,,,,,,,
physgp_rich,random,6,7,0.1545077295149916,0.11093588755214912,1.0,1.0,1.0,0,0.034482758620689655,0.034482758620689655,0.034482758620689655,0.06896551724137931,,,,,,,
simgp_rich,random,6,7,0.062266663874108966,0.04116523313041478,0.0,1.0,0.0,0,1.0,0.896551724137931,0.9655172413793104,1.0,,,,,,,
mean_of_samples,random,6,7,0.2327719945077316,0.2019750605431012,1.0,1.0,1.0,0,,,,,,,,,,,
nearest_sample,random,6,7,0.18402284269082939,0.12687223208949475,1.0,1.0,1.0,0,,,,,,,,,,,
decay_only,random,6,7,0.1554938890536841,0.11297238084589498,1.0,1.0,1.0,0,,,,,,,,,,,
simgp_core,random,7,7,0.06734861859937097,0.044802003524496266,0.0,1.0,0.0,0,0.9642857142857143,0.8214285714285714,0.9285714285714286,1.0,0.25,0.1,0.5,1.0,1.1,0.9,0.0
simgp_core_nogp,random,7,7,0.06878475135412432,0.04662736715129223,0.0,1.0,0.0,0,0.9642857142857143,0.8214285714285714,0.9285714285714286,1.0,,,,,,,
simgp_core_g75,random,7,7,0.07864840965265416,0.047847280718861795,0.0,1.0,0.0,0,0.8571428571428571,0.7142857142857143,0.8571428571428571,0.9285714285714286,,,,,,,
physgp_core,random,7,7,0.15139984603285275,0.10821833772660829,1.0,1.0,1.0,0,0.07142857142857142,0.03571428571428571,0.07142857142857142,0.07142857142857142,,,,,,,
physgp_rich,random,7,7,0.15122247744821005,0.10698655634652784,1.0,1.0,1.0,0,0.17857142857142858,0.03571428571428571,0.07142857142857142,0.17857142857142858,,,,,,,
simgp_rich,random,7,7,0.07140934520782537,0.04958934631315707,0.0,1.0,0.0,0,0.9642857142857143,0.7857142857142857,0.9285714285714286,1.0,,,,,,,
mean_of_samples,random,7,7,0.2516581603256246,0.22133280197523092,1.0,1.0,1.0,0,,,,,,,,,,,
nearest_sample,random,7,7,0.18076652277800634,0.11977864938929361,1.0,1.0,1.0,0,,,,,,,,,,,
decay_only,random,7,7,0.15141859751881587,0.10825228745741054,1.0,1.0,1.0,0,,,,,,,,,,,
simgp_core,random,8,7,0.06598635550742508,0.04244391361485002,0.0,1.0,0.0,0,0.9629629629629629,0.8148148148148148,0.9259259259259259,1.0,0.25,0.1,0.0,1.0,1.1,0.9,0.0
simgp_core_nogp,random,8,7,0.06525188074261239,0.04010438100173233,0.0,1.0,0.0,0,0.9629629629629629,0.8148148148148148,0.9259259259259259,1.0,,,,,,,
simgp_core_g75,random,8,7,0.07897242907782819,0.04688777934648215,0.0,1.0,0.0,0,0.8148148148148148,0.7037037037037037,0.8148148148148148,0.9629629629629629,,,,,,,
physgp_core,random,8,7,0.15565330501851826,0.11420106223776033,1.0,1.0,1.0,0,0.1111111111111111,0.037037037037037035,0.1111111111111111,0.14814814814814814,,,,,,,
physgp_rich,random,8,7,0.155817928243403,0.11761601259677656,1.0,1.0,1.0,0,0.037037037037037035,0.0,0.037037037037037035,0.037037037037037035,,,,,,,
simgp_rich,random,8,7,0.06613465486738752,0.043944820002611296,0.0,1.0,0.0,0,0.9629629629629629,0.8148148148148148,0.9259259259259259,1.0,,,,,,,
pinn_rich,random,8,7,0.1888207965862436,0.1311249999896019,1.0,1.0,1.0,0,0.3333333333333333,0.07407407407407407,0.25925925925925924,0.3333333333333333,,,,,,,
mean_of_samples,random,8,7,0.23692153072985286,0.2049828832659255,1.0,1.0,1.0,0,,,,,,,,,,,
nearest_sample,random,8,7,0.18404619725376511,0.12350062061575452,1.0,1.0,1.0,0,,,,,,,,,,,
decay_only,random,8,7,0.15566347818464116,0.1142200327725428,1.0,1.0,1.0,0,,,,,,,,,,,
simgp_core,random,9,7,0.06579554075468434,0.04381311152576155,0.0,1.0,0.0,0,0.9615384615384616,0.8076923076923077,0.9230769230769231,1.0,0.25,0.3,0.0,1.15,1.1,1.05,0.0
simgp_core_nogp,random,9,7,0.06371948154164266,0.038545728014974724,0.0,1.0,0.0,0,0.9615384615384616,0.8076923076923077,0.9230769230769231,1.0,,,,,,,
simgp_core_g75,random,9,7,0.07436555894860242,0.041036326760580076,0.0,1.0,0.0,0,0.8846153846153846,0.7692307692307693,0.8461538461538461,0.9230769230769231,,,,,,,
physgp_core,random,9,7,0.12515069774882884,0.09128963415308047,1.0,1.0,1.0,0,0.46153846153846156,0.15384615384615385,0.34615384615384615,0.5384615384615384,,,,,,,
physgp_rich,random,9,7,0.13797679099487573,0.09425618906669198,1.0,1.0,1.0,0,0.6538461538461539,0.3076923076923077,0.46153846153846156,0.8076923076923077,,,,,,,
simgp_rich,random,9,7,0.06634006378596087,0.04680314795254208,0.0,1.0,0.0,0,1.0,0.8846153846153846,0.9230769230769231,1.0,,,,,,,
mean_of_samples,random,9,7,0.23052029060668877,0.1971443930262136,1.0,1.0,1.0,0,,,,,,,,,,,
nearest_sample,random,9,7,0.18877271682169613,0.13362782149205263,1.0,1.0,1.0,0,,,,,,,,,,,
decay_only,random,9,7,0.12487963993596742,0.08259203612879366,1.0,1.0,1.0,0,,,,,,,,,,,
simgp_core,random,10,7,0.06707522987067906,0.042493941980210434,0.0,1.0,0.0,0,0.96,0.76,0.92,1.0,0.25,0.3,0.0,1.15,1.1,1.05,0.0
simgp_core_nogp,random,10,7,0.06575946743579666,0.0400613688538767,0.0,1.0,0.0,0,0.96,0.8,0.92,1.0,,,,,,,
simgp_core_g75,random,10,7,0.06984798854425843,0.0367265104530323,0.0,1.0,0.0,0,0.92,0.76,0.88,0.92,,,,,,,
physgp_core,random,10,7,0.11548771121925332,0.08514428557502869,1.0,1.0,1.0,0,0.6,0.24,0.52,0.68,,,,,,,
physgp_rich,random,10,7,0.13322309711179184,0.08543389149927615,1.0,1.0,1.0,0,0.72,0.24,0.56,0.76,,,,,,,
simgp_rich,random,10,7,0.07017270869425944,0.04958924234926622,0.0,1.0,0.0,0,1.0,0.88,0.92,1.0,,,,,,,
pinn_rich,random,10,7,0.20367373446576345,0.15209068535324122,1.0,1.0,1.0,0,0.28,0.16,0.24,0.28,,,,,,,
mean_of_samples,random,10,7,0.2399095608344598,0.20861284485390388,1.0,1.0,1.0,0,,,,,,,,,,,
nearest_sample,random,10,7,0.20097516056641138,0.14072813709467172,1.0,1.0,1.0,0,,,,,,,,,,,
decay_only,random,10,7,0.12575501143270668,0.08106836465838242,1.0,1.0,1.0,0,,,,,,,,,,,
simgp_core,random,11,7,0.0688419797118316,0.04405239011793818,0.0,1.0,0.0,0,0.9583333333333334,0.75,0.9166666666666666,1.0,0.25,0.3,0.0,1.15,1.0,1.05,0.0
simgp_core_nogp,random,11,7,0.06765977584355087,0.04173517741515023,0.0,1.0,0.0,0,0.9583333333333334,0.7916666666666666,0.9166666666666666,1.0,,,,,,,
simgp_core_g75,random,11,7,0.07160838420340339,0.038063994571126115,0.0,1.0,0.0,0,0.875,0.75,0.875,0.9166666666666666,,,,,,,
physgp_core,random,11,7,0.1124823130212272,0.07640610284670794,1.0,1.0,1.0,0,0.625,0.375,0.5416666666666666,0.7083333333333334,,,,,,,
physgp_rich,random,11,7,0.12903422275766244,0.08190109222630378,1.0,1.0,1.0,0,0.75,0.3333333333333333,0.6666666666666666,0.875,,,,,,,
simgp_rich,random,11,7,0.06997496023162054,0.04668477152293473,0.0,1.0,0.0,0,0.9583333333333334,0.7916666666666666,0.9166666666666666,1.0,,,,,,,
mean_of_samples,random,11,7,0.2281290298942897,0.19375062200593637,1.0,1.0,1.0,0,,,,,,,,,,,
nearest_sample,random,11,7,0.2116088879599869,0.1596111456618728,1.0,1.0,1.0,0,,,,,,,,,,,
decay_only,random,11,7,0.12624982323097278,0.0801429747643987,1.0,1.0,1.0,0,,,,,,,,,,,
simgp_core,random,12,7,0.07123777048380436,0.04656505487472036,0.0,1.0,0.0,0,0.9565217391304348,0.7391304347826086,0.9130434782608695,1.0,0.25,0.3,0.0,1.15,1.0,1.05,0.0
simgp_core_nogp,random,12,7,0.0696669152335135,0.04397811059491318,0.0,1.0,0.0,0,0.9565217391304348,0.782608695652174,0.8695652173913043,1.0,,,,,,,
simgp_core_g75,random,12,7,0.07399157501326527,0.040944468306228055,0.0,1.0,0.0,0,0.8695652173913043,0.6956521739130435,0.8695652173913043,0.9130434782608695,,,,,,,
physgp_core,random,12,7,0.11084426948279356,0.07440883877615943,1.0,1.0,1.0,0,0.5652173913043478,0.34782608695652173,0.5217391304347826,0.6521739130434783,,,,,,,
physgp_rich,random,12,7,0.1267049562315512,0.07583613598196584,1.0,1.0,1.0,0,0.782608695652174,0.391304347826087,0.7391304347826086,0.8695652173913043,,,,,,,
simgp_rich,random,12,7,0.06950500612744692,0.045078800546513566,0.0,1.0,0.0,0,0.9565217391304348,0.782608695652174,0.9130434782608695,1.0,,,,,,,
pinn_rich,random,12,7,0.21972867176935967,0.1647759382373127,1.0,1.0,1.0,0,0.13043478260869565,0.08695652173913043,0.08695652173913043,0.17391304347826086,,,,,,,
mean_of_samples,random,12,7,0.23468843080849816,0.20339900435330419,1.0,1.0,1.0,0,,,,,,,,,,,
nearest_sample,random,12,7,0.20923662296310913,0.15523466861563606,1.0,1.0,1.0,0,,,,,,,,,,,
decay_only,random,12,7,0.1273843516047039,0.07750479563736223,1.0,1.0,1.0,0,,,,,,,,,,,
simgp_core,random,13,7,0.05342280074474765,0.03673667817721979,0.0,1.0,0.0,0,1.0,0.8181818181818182,1.0,1.0,0.25,0.1,1.0,1.15,1.1,0.95,0.0
simgp_core_nogp,random,13,7,0.04911575535715897,0.031575353262102306,0.0,1.0,0.0,0,1.0,0.8636363636363636,1.0,1.0,,,,,,,
simgp_core_g75,random,13,7,0.06396254415105469,0.045891362995556476,1.0,1.0,1.0,0,0.9090909090909091,0.6818181818181818,0.8636363636363636,0.9090909090909091,,,,,,,
physgp_core,random,13,7,0.11406080915382583,0.08371341148674162,1.0,1.0,1.0,0,0.7727272727272727,0.3181818181818182,0.5909090909090909,0.9090909090909091,,,,,,,
physgp_rich,random,13,7,0.13431052068877983,0.08088953956349382,1.0,1.0,1.0,0,0.7272727272727273,0.4090909090909091,0.6818181818181818,0.8181818181818182,,,,,,,
simgp_rich,random,13,7,0.07020787826562407,0.04667323192773038,0.0,1.0,0.0,0,0.9090909090909091,0.7272727272727273,0.9090909090909091,0.9545454545454546,,,,,,,
mean_of_samples,random,13,7,0.23414233771631704,0.20117577488765637,1.0,1.0,1.0,0,,,,,,,,,,,
nearest_sample,random,13,7,0.2118731066011143,0.15588609977641443,1.0,1.0,1.0,0,,,,,,,,,,,
decay_only,random,13,7,0.13413817998378477,0.0848799550966172,1.0,1.0,1.0,0,,,,,,,,,,,
simgp_core,random,14,7,0.054991010259876266,0.03602642790520427,0.0,1.0,0.0,0,1.0,0.8095238095238095,1.0,1.0,0.25,0.1,1.0,1.15,1.1,0.95,0.0
simgp_core_nogp,random,14,7,0.05004468925983113,0.03203641891529584,0.0,1.0,0.0,0,1.0,0.8571428571428571,1.0,1.0,,,,,,,
simgp_core_g75,random,14,7,0.06514213063502015,0.04494673888315353,1.0,1.0,1.0,0,0.9047619047619048,0.6666666666666666,0.8571428571428571,0.9047619047619048,,,,,,,
physgp_core,random,14,7,0.11661486216487597,0.08808618667537689,1.0,1.0,1.0,0,0.6190476190476191,0.09523809523809523,0.38095238095238093,0.8095238095238095,,,,,,,
physgp_rich,random,14,7,0.15524351884652496,0.10341146850282748,1.0,1.0,1.0,0,0.5238095238095238,0.19047619047619047,0.3333333333333333,0.6190476190476191,,,,,,,
simgp_rich,random,14,7,0.06579744066680378,0.0508429744876018,0.0,1.0,0.0,0,1.0,0.6190476190476191,0.9047619047619048,1.0,,,,,,,
mean_of_samples,random,14,7,0.23061241041348568,0.19351961325754435,1.0,1.0,1.0,0,,,,,,,,,,,
nearest_sample,random,14,7,0.1943371324088624,0.13884590864601562,1.0,1.0,1.0,0,,,,,,,,,,,
decay_only,random,14,7,0.13609375738101767,0.08611113923572297,1.0,1.0,1.0,0,,,,,,,,,,,
simgp_core,random,15,7,0.05632143464828864,0.03704812021523755,0.0,1.0,0.0,0,1.0,0.8,0.95,1.0,0.25,0.1,1.0,1.15,1.1,0.95,0.0
simgp_core_nogp,random,15,7,0.05114863890151241,0.03323955461664026,0.0,1.0,0.0,0,1.0,0.85,1.0,1.0,,,,,,,
simgp_core_g75,random,15,7,0.06582206525106599,0.04372996295908179,1.0,1.0,1.0,0,0.9,0.7,0.9,0.9,,,,,,,
physgp_core,random,15,7,0.12149336353820435,0.0927866518276442,1.0,1.0,1.0,0,0.55,0.05,0.35,0.75,,,,,,,
physgp_rich,random,15,7,0.15640881942772925,0.10451343896843009,1.0,1.0,1.0,0,0.55,0.25,0.35,0.7,,,,,,,
simgp_rich,random,15,7,0.08262344050179335,0.05140317486298536,1.0,1.0,1.0,0,0.95,0.8,0.95,1.0,,,,,,,
pinn_rich,random,15,7,0.1865869241712955,0.1337925840755457,1.0,1.0,1.0,0,0.25,0.05,0.15,0.3,,,,,,,
mean_of_samples,random,15,7,0.2302655438411584,0.18943122713013663,1.0,1.0,1.0,0,,,,,,,,,,,
nearest_sample,random,15,7,0.19890954829318944,0.14283043586611627,1.0,1.0,1.0,0,,,,,,,,,,,
decay_only,random,15,7,0.13928637535504249,0.09002190288454812,1.0,1.0,1.0,0,,,,,,,,,,,
simgp_core,uncertainty,3,7,0.08483199684485175,0.049443679795611734,0.0,1.0,0.0,0,1.0,0.90625,1.0,1.0,0.25,0.1,1.0,1.15,0.9,0.95,0.0
simgp_core,uncertainty,4,7,0.05879002431949297,0.032395895594547953,0.0,1.0,0.0,0,1.0,0.9354838709677419,0.967741935483871,1.0,0.25,0.3,0.0,1.15,1.1,1.0,0.0
simgp_core,uncertainty,5,7,0.07010786691424983,0.03793446018074762,0.0,1.0,0.0,0,1.0,0.8333333333333334,0.9333333333333333,1.0,0.1,0.3,0.5,1.0,0.9,1.0,0.0
simgp_core,uncertainty,6,7,0.05396147746793069,0.03380720133430954,1.0,1.0,1.0,0,1.0,0.8275862068965517,0.9655172413793104,1.0,0.1,0.1,0.5,1.15,0.9,0.9,0.0
simgp_core,uncertainty,7,7,0.05809899619435939,0.03943385360761557,1.0,1.0,1.0,0,1.0,0.8214285714285714,0.9642857142857143,1.0,0.1,0.1,1.0,1.15,1.1,0.9,0.0
simgp_core,uncertainty,8,7,0.05312934541825655,0.03641150681054379,1.0,1.0,1.0,0,0.9629629629629629,0.8888888888888888,0.9629629629629629,1.0,0.1,0.1,1.0,1.15,0.9,0.9,0.0
simgp_core,uncertainty,9,7,0.04901110724707646,0.03622581421791692,1.0,1.0,1.0,0,0.9615384615384616,0.9230769230769231,0.9230769230769231,1.0,0.1,0.3,0.0,1.15,1.1,0.95,0.0
simgp_core,uncertainty,10,7,0.04620504390653533,0.03403923551801433,1.0,1.0,1.0,0,0.96,0.92,0.92,1.0,0.1,0.3,0.0,1.15,1.1,0.95,0.0
simgp_core,uncertainty,11,7,0.05797404742784921,0.04807273417884783,1.0,1.0,1.0,0,0.9583333333333334,0.5833333333333334,0.875,1.0,0.1,0.3,0.5,1.15,1.1,1.0,0.0
simgp_core,uncertainty,12,7,0.05693956647542033,0.03827199085373453,1.0,1.0,1.0,0,0.9565217391304348,0.9130434782608695,0.9130434782608695,0.9565217391304348,0.1,0.3,0.5,1.15,1.1,1.0,0.0
simgp_core,uncertainty,13,7,0.05087478485620926,0.03026588625358514,1.0,1.0,1.0,0,0.9545454545454546,0.7727272727272727,0.8636363636363636,1.0,0.1,0.6,0.0,1.15,0.9,1.1,0.0
simgp_core,uncertainty,14,7,0.048207288875283104,0.028276373937560672,1.0,1.0,1.0,0,0.9047619047619048,0.8095238095238095,0.8571428571428571,0.9523809523809523,0.1,0.6,0.0,1.15,0.9,1.1,0.0
simgp_core,uncertainty,15,7,0.05417406165897227,0.03758852664438004,1.0,1.0,1.0,0,0.95,0.95,0.95,0.95,0.1,0.3,0.5,1.15,1.1,1.0,0.0
simgp_core,straddle,3,7,0.08976427584058365,0.06896206217723527,0.0,1.0,0.0,0,1.0,0.875,1.0,1.0,0.1,0.3,0.0,0.85,0.9,1.0,0.0
simgp_core,straddle,4,7,0.10891689275248043,0.058361970624633025,0.0,1.0,0.0,0,1.0,0.7741935483870968,1.0,1.0,0.1,0.3,0.0,0.85,0.9,1.0,0.0
simgp_core,straddle,5,7,0.06118582682104447,0.04405202904525766,1.0,1.0,1.0,0,1.0,0.8,1.0,1.0,0.1,0.3,0.5,1.15,1.1,1.1,0.0
simgp_core,straddle,6,7,0.06439367005214276,0.04279139344148506,1.0,1.0,1.0,0,1.0,0.7931034482758621,0.9310344827586207,1.0,0.1,0.3,0.0,1.0,1.1,1.0,0.0
simgp_core,straddle,7,7,0.06307461712624404,0.0410961957873724,1.0,1.0,1.0,0,1.0,0.8214285714285714,0.9285714285714286,1.0,0.1,0.3,0.5,1.0,1.1,1.1,0.0
simgp_core,straddle,8,7,0.07422745796801078,0.061809198775441124,1.0,1.0,1.0,0,0.9629629629629629,0.4444444444444444,0.9629629629629629,1.0,0.1,0.3,0.5,1.0,1.1,1.05,0.0
simgp_core,straddle,9,7,0.05813429448373752,0.04447591284795183,1.0,1.0,1.0,0,1.0,0.6923076923076923,0.9615384615384616,1.0,0.1,0.3,1.0,1.15,1.0,1.1,0.0
simgp_core,straddle,10,7,0.034077034920691966,0.028455964268930413,1.0,1.0,1.0,0,1.0,1.0,1.0,1.0,0.1,0.3,1.0,1.15,1.0,1.1,0.0
simgp_core,straddle,11,7,0.0385514875247004,0.033471072014580425,1.0,1.0,1.0,0,1.0,1.0,1.0,1.0,0.1,0.3,1.0,1.15,1.0,1.1,0.0
simgp_core,straddle,12,7,0.034731554951647245,0.02692889299913726,1.0,1.0,1.0,0,1.0,0.8695652173913043,1.0,1.0,0.1,0.3,1.0,1.15,1.0,1.1,0.0
simgp_core,straddle,13,7,0.04182680303509267,0.030665859219884194,1.0,1.0,1.0,0,1.0,0.8181818181818182,1.0,1.0,0.1,0.3,1.0,1.15,1.0,1.1,0.0
simgp_core,straddle,14,7,0.04499737445231299,0.03372189222016556,1.0,1.0,1.0,0,1.0,0.7142857142857143,1.0,1.0,0.1,0.3,1.0,1.15,1.1,1.1,0.0
simgp_core,straddle,15,7,0.04580107618300212,0.03464048448452242,1.0,1.0,1.0,0,1.0,0.7,1.0,1.0,0.1,0.3,1.0,1.15,1.1,1.1,0.0
