model,strategy,n,seed,rmse_min,precision_min,recall_min,f1_min,n_true_viol_min,coverage90_min,coverage50_min,coverage80_min,coverage95_min,rmse_night,recall_night,coverage90_night,map_kb,map_kw,map_gamma,map_demand,map_rough,map_dose
simgp24,random,3,0,0.0956855525923581,0.6538461538461539,1.0,0.7906976744186047,17,1.0,0.25,0.875,1.0,0.11054601429962732,0.6666666666666666,1.0,0.25,0.6,0.5,0.85,1.1,1.1
simgp24_g75,random,3,0,0.22858228507695297,0.6296296296296297,1.0,0.7727272727272727,17,0.34375,0.0,0.125,0.71875,,,,,,,,,
simgp_timeblind,random,3,0,0.18079826279717112,1.0,0.11764705882352941,0.21052631578947367,17,0.625,,,,0.33089528747543107,0.0,0.375,,,,,,
mean_of_samples,random,3,0,0.24502506528636323,1.0,0.0,0.0,17,0.0,,,,0.3509386491930367,0.0,0.0,,,,,,
simgp24,random,4,0,0.06740818519460355,0.8333333333333334,0.9375,0.8823529411764706,16,1.0,0.7741935483870968,0.967741935483871,1.0,0.2164528576394509,0.6666666666666666,1.0,0.55,0.1,0.0,0.85,1.1,0.9
simgp24_g75,random,4,0,0.2237038476128061,0.64,1.0,0.7804878048780487,16,0.0967741935483871,0.0,0.06451612903225806,0.3870967741935484,,,,,,,,,
simgp_timeblind,random,4,0,0.1689667826261351,0.8333333333333334,0.3125,0.45454545454545453,16,0.7419354838709677,,,,0.3606594830185004,0.0,0.3225806451612903,,,,,,
mean_of_samples,random,4,0,0.2258109237630888,1.0,0.0,0.0,16,0.0,,,,0.3898877052838774,0.0,0.0,,,,,,
simgp24,random,5,0,0.5210646077753602,0.9166666666666666,0.7333333333333333,0.8148148148148148,15,0.7666666666666667,0.43333333333333335,0.6333333333333333,0.8,1.046289151037262,0.3333333333333333,0.6333333333333333,0.25,0.1,1.0,1.15,1.1,0.9
simgp24_g75,random,5,0,0.047666423573829116,1.0,0.9333333333333333,0.9655172413793104,15,0.9333333333333333,0.7333333333333333,0.8666666666666667,1.0,,,,,,,,,
simgp_timeblind,random,5,0,0.1627982921409937,1.0,0.13333333333333333,0.23529411764705882,15,0.7333333333333333,,,,0.34147522462249275,0.0,0.36666666666666664,,,,,,
mean_of_samples,random,5,0,0.2333093012985402,1.0,0.0,0.0,15,0.0,,,,0.38038062647232407,0.0,0.0,,,,,,
simgp24,random,6,0,0.12654091082958469,0.9166666666666666,0.7333333333333333,0.8148148148148148,15,0.8620689655172413,0.5172413793103449,0.7931034482758621,0.896551724137931,0.08121254018942375,0.3333333333333333,1.0,0.1,0.3,0.5,1.15,1.0,0.95
simgp24_g75,random,6,0,0.03869410570879285,1.0,0.9333333333333333,0.9655172413793104,15,1.0,0.6896551724137931,0.8620689655172413,1.0,,,,,,,,,
simgp_timeblind,random,6,0,0.21660077989664198,1.0,0.06666666666666667,0.125,15,0.3448275862068966,,,,0.2961994497108016,0.0,0.27586206896551724,,,,,,
mean_of_samples,random,6,0,0.2470753450207955,1.0,0.0,0.0,15,0.0,,,,0.3563771026789678,0.0,0.0,,,,,,
simgp24,random,7,0,0.06539582220024179,0.9230769230769231,0.8571428571428571,0.888888888888889,14,1.0,0.6785714285714286,0.9285714285714286,1.0,0.13765328692598044,0.5,1.0,0.1,0.3,0.5,1.15,1.0,0.95
simgp24_g75,random,7,0,0.03003476606589596,0.8235294117647058,1.0,0.9032258064516129,14,1.0,0.75,1.0,1.0,,,,,,,,,
simgp_timeblind,random,7,0,0.17656848661082727,1.0,0.14285714285714285,0.25,14,0.5,,,,0.2616467863067415,0.0,0.6071428571428571,,,,,,
mean_of_samples,random,7,0,0.23903846040959717,1.0,0.0,0.0,14,0.0,,,,0.37409147779301544,0.0,0.0,,,,,,
simgp24,random,8,0,0.08753959429403164,0.8,0.9230769230769231,0.8571428571428571,13,1.0,0.8148148148148148,0.9259259259259259,1.0,0.1052039249034984,0.5,1.0,0.1,0.3,0.5,1.15,1.0,1.0
simgp24_g75,random,8,0,0.03195546475155613,1.0,0.8461538461538461,0.9166666666666666,13,1.0,0.5555555555555556,0.9629629629629629,1.0,,,,,,,,,
simgp_timeblind,random,8,0,0.21370259055893506,1.0,0.07692307692307693,0.14285714285714288,13,0.4074074074074074,,,,0.2796475429086501,0.0,0.7407407407407407,,,,,,
mean_of_samples,random,8,0,0.24058828632351642,1.0,0.0,0.0,13,0.0,,,,0.3770212505761241,0.0,0.0,,,,,,
simgp24,random,9,0,0.11963186263665314,0.7647058823529411,1.0,0.8666666666666666,13,0.9230769230769231,0.5384615384615384,0.8461538461538461,1.0,0.10863532753890824,0.5,1.0,0.1,0.3,0.5,1.15,1.0,1.0
simgp24_g75,random,9,0,0.033791636730727506,1.0,0.8461538461538461,0.9166666666666666,13,1.0,0.5,0.8461538461538461,1.0,,,,,,,,,
simgp_timeblind,random,9,0,0.2423634261412279,1.0,0.0,0.0,13,0.34615384615384615,,,,0.2567167050271615,0.0,0.7307692307692307,,,,,,
mean_of_samples,random,9,0,0.26014364150510866,1.0,0.0,0.0,13,0.0,,,,0.35042103646521455,0.0,0.0,,,,,,
simgp24,random,10,0,0.07018917677512448,0.8181818181818182,0.6923076923076923,0.7500000000000001,13,1.0,0.68,1.0,1.0,0.06877118937246365,0.5,1.0,0.1,0.3,0.5,1.15,1.0,1.0
simgp24_g75,random,10,0,0.09122298458631228,0.9090909090909091,0.7692307692307693,0.8333333333333333,13,0.96,0.56,0.84,0.96,,,,,,,,,
simgp_timeblind,random,10,0,0.24183083303835154,1.0,0.07692307692307693,0.14285714285714288,13,0.32,,,,0.2278528025169628,0.0,0.8,,,,,,
mean_of_samples,random,10,0,0.2721414693981106,1.0,0.0,0.0,13,0.0,,,,0.33260502490726246,0.0,0.0,,,,,,
simgp24,random,11,0,0.05390751751246486,0.9,0.75,0.8181818181818182,12,1.0,0.7083333333333334,1.0,1.0,0.1013674913291436,0.5,1.0,0.1,0.3,0.5,1.15,1.0,1.0
simgp24_g75,random,11,0,0.10434786412811191,1.0,0.6666666666666666,0.8,12,0.8333333333333334,0.5,0.6666666666666666,0.9166666666666666,,,,,,,,,
simgp_timeblind,random,11,0,0.24517296709257952,1.0,0.08333333333333333,0.15384615384615385,12,0.3333333333333333,,,,0.22150847087745573,0.0,0.7916666666666666,,,,,,
mean_of_samples,random,11,0,0.27907712191055917,1.0,0.0,0.0,12,0.0,,,,0.33006798216837574,0.0,0.0,,,,,,
simgp24,random,12,0,0.13144355154028994,0.8888888888888888,0.7272727272727273,0.7999999999999999,11,0.782608695652174,0.43478260869565216,0.7391304347826086,0.8260869565217391,0.10011671023788377,1.0,1.0,0.1,0.3,0.5,1.15,1.0,0.95
simgp24_g75,random,12,0,0.10335971437172324,0.875,0.6363636363636364,0.7368421052631579,11,0.8260869565217391,0.5217391304347826,0.6521739130434783,0.9565217391304348,,,,,,,,,
simgp_timeblind,random,12,0,0.2412588343040422,1.0,0.09090909090909091,0.16666666666666669,11,0.30434782608695654,,,,0.2287761569194353,0.0,0.782608695652174,,,,,,
mean_of_samples,random,12,0,0.2736548149783076,1.0,0.0,0.0,11,0.0,,,,0.3369824000974437,0.0,0.0,,,,,,
simgp24,random,13,0,0.04817069322225036,0.9,0.8181818181818182,0.8571428571428572,11,1.0,0.7272727272727273,0.9545454545454546,1.0,0.12929765741521398,0.0,1.0,0.1,0.3,0.5,1.15,1.0,0.95
simgp24_g75,random,13,0,0.04713275865451634,0.875,0.6363636363636364,0.7368421052631579,11,1.0,0.6363636363636364,0.9545454545454546,1.0,,,,,,,,,
simgp_timeblind,random,13,0,0.2553251402635347,1.0,0.09090909090909091,0.16666666666666669,11,0.2727272727272727,,,,0.2009770942146209,0.0,0.8181818181818182,,,,,,
mean_of_samples,random,13,0,0.2783624693047391,1.0,0.0,0.0,11,0.0,,,,0.3291161878794348,0.0,0.0,,,,,,
simgp24,random,14,0,0.07816638589148049,0.8888888888888888,0.7272727272727273,0.7999999999999999,11,1.0,0.47619047619047616,0.9523809523809523,1.0,0.09580600590184946,1.0,1.0,0.1,0.3,0.5,1.15,1.0,0.95
simgp24_g75,random,14,0,0.048374884473999485,0.8571428571428571,0.5454545454545454,0.6666666666666665,11,1.0,0.5714285714285714,0.9047619047619048,1.0,,,,,,,,,
simgp_timeblind,random,14,0,0.2615934486864284,1.0,0.09090909090909091,0.16666666666666669,11,0.23809523809523808,,,,0.19693373997388336,0.0,0.7619047619047619,,,,,,
mean_of_samples,random,14,0,0.2928760989048004,1.0,0.0,0.0,11,0.0,,,,0.3181521462830828,0.0,0.0,,,,,,
simgp24,random,15,0,0.08876528590093452,0.8888888888888888,0.7272727272727273,0.7999999999999999,11,0.9,0.4,0.9,1.0,0.12445169438497136,1.0,1.0,0.1,0.3,0.5,1.15,1.0,0.95
simgp24_g75,random,15,0,0.04645481119317319,0.875,0.6363636363636364,0.7368421052631579,11,1.0,0.6,0.9,1.0,,,,,,,,,
simgp_timeblind,random,15,0,0.3298730144400731,1.0,0.0,0.0,11,0.25,,,,0.16840894184979507,0.0,0.8,,,,,,
mean_of_samples,random,15,0,0.30835077034429664,1.0,0.0,0.0,11,0.0,,,,0.2998445868066971,0.0,0.0,,,,,,
simgp24,uncertainty,3,0,0.0956855525923581,0.6538461538461539,1.0,0.7906976744186047,17,1.0,0.25,0.875,1.0,0.11054601429962732,0.6666666666666666,1.0,0.25,0.6,0.5,0.85,1.1,1.1
simgp24,uncertainty,4,0,0.30883705935755856,1.0,0.8125,0.896551724137931,16,0.9032258064516129,0.5161290322580645,0.7419354838709677,0.9354838709677419,0.709646590939295,0.3333333333333333,0.7741935483870968,0.25,0.1,0.5,1.15,1.1,0.9
simgp24,uncertainty,5,0,0.31544131241412554,1.0,0.8,0.888888888888889,15,0.8333333333333334,0.5,0.7,0.9,0.8051409021774191,0.0,0.7333333333333333,0.1,0.3,0.5,1.15,1.0,0.9
simgp24,uncertainty,6,0,0.19890472435625284,1.0,0.8,0.888888888888889,15,0.8275862068965517,0.5172413793103449,0.7586206896551724,0.896551724137931,0.7035705409516917,0.0,0.7931034482758621,0.1,0.3,0.5,1.15,1.0,0.9
simgp24,uncertainty,7,0,0.042949025814807286,0.9230769230769231,0.8571428571428571,0.888888888888889,14,1.0,0.8214285714285714,1.0,1.0,0.1749290157058268,0.0,1.0,0.1,0.1,1.0,1.15,1.0,0.9
simgp24,uncertainty,8,0,0.056572996346752794,1.0,0.6428571428571429,0.782608695652174,14,1.0,0.8518518518518519,0.9259259259259259,1.0,0.18112219649832362,0.0,1.0,0.1,0.3,0.0,1.15,1.0,0.9
simgp24,uncertainty,9,0,0.11485843726182529,0.9166666666666666,0.8461538461538461,0.8799999999999999,13,0.9230769230769231,0.6153846153846154,0.8461538461538461,0.9230769230769231,0.5510683735851658,0.0,0.8846153846153846,0.1,0.3,0.5,1.15,1.1,0.95
simgp24,uncertainty,10,0,0.0638173494764594,0.9166666666666666,0.8461538461538461,0.8799999999999999,13,0.96,0.68,0.92,1.0,0.22164314552720565,0.0,0.84,0.1,0.3,0.5,1.15,1.1,0.95
simgp24,uncertainty,11,0,0.06391567679750094,0.8888888888888888,0.6666666666666666,0.761904761904762,12,0.9166666666666666,0.625,0.9166666666666666,1.0,0.21209969427222514,0.0,0.8333333333333334,0.1,0.3,0.0,1.15,1.0,0.9
simgp24,uncertainty,12,0,0.06398248783771544,0.875,0.6363636363636364,0.7368421052631579,11,0.9130434782608695,0.5652173913043478,0.8695652173913043,0.9565217391304348,0.2135458577258704,0.0,0.782608695652174,0.1,0.3,0.0,1.15,1.0,0.9
simgp24,uncertainty,13,0,0.10115208111787523,0.8571428571428571,0.6,0.7058823529411764,10,0.8636363636363636,0.6363636363636364,0.7272727272727273,0.9545454545454546,0.47598709447874815,0.0,0.8181818181818182,0.1,0.3,0.5,1.15,1.1,0.95
simgp24,uncertainty,14,0,0.11085449104905294,0.8181818181818182,0.9,0.8571428571428572,10,0.8095238095238095,0.6190476190476191,0.7619047619047619,0.9047619047619048,0.5696068514999054,0.0,0.8095238095238095,0.1,0.3,0.5,1.15,1.1,0.95
simgp24,uncertainty,15,0,0.11904995075307026,0.8,0.8888888888888888,0.8421052631578948,9,0.8,0.6,0.75,0.9,0.5485655030611042,0.0,0.8,0.1,0.3,0.5,1.15,1.1,0.95
simgp24,straddle,3,0,0.0956855525923581,0.6538461538461539,1.0,0.7906976744186047,17,1.0,0.25,0.875,1.0,0.11054601429962732,0.6666666666666666,1.0,0.25,0.6,0.5,0.85,1.1,1.1
simgp24,straddle,4,0,0.07464341004977587,1.0,0.6875,0.8148148148148148,16,1.0,0.9354838709677419,1.0,1.0,0.22184416825368616,0.0,1.0,0.25,0.1,0.0,1.15,1.1,0.9
simgp24,straddle,5,0,0.06731741283938646,1.0,0.6,0.7499999999999999,15,1.0,0.5333333333333333,0.9666666666666667,1.0,0.17132275436906327,0.3333333333333333,0.8333333333333334,0.25,0.1,0.0,1.15,1.1,0.9
simgp24,straddle,6,0,0.05315687559607856,0.8181818181818182,0.6428571428571429,0.7200000000000001,14,0.9655172413793104,0.4827586206896552,0.9655172413793104,1.0,0.15337563474071805,0.3333333333333333,0.9310344827586207,0.25,0.1,1.0,1.15,1.1,0.95
simgp24,straddle,7,0,0.06216517015707605,0.9166666666666666,0.8461538461538461,0.8799999999999999,13,0.8928571428571429,0.6785714285714286,0.8214285714285714,0.9285714285714286,0.10006287637763937,0.3333333333333333,1.0,0.1,0.3,0.5,1.15,1.0,0.9
simgp24,straddle,8,0,0.05312591832339594,0.9090909090909091,0.8333333333333334,0.8695652173913043,12,1.0,0.8518518518518519,1.0,1.0,0.17790373479423982,0.5,1.0,0.1,0.3,0.5,1.15,1.0,0.95
simgp24,straddle,9,0,0.051806618299001746,0.9,0.8181818181818182,0.8571428571428572,11,1.0,0.8076923076923077,1.0,1.0,0.18572169830861676,0.5,1.0,0.1,0.3,0.5,1.15,1.0,0.95
simgp24,straddle,10,0,0.0800906949058019,1.0,0.8,0.888888888888889,10,0.88,0.68,0.84,0.96,0.4248040920788348,0.0,0.56,0.1,0.3,0.5,1.15,1.0,1.0
simgp24,straddle,11,0,0.08219896191994132,1.0,0.7777777777777778,0.8750000000000001,9,0.9583333333333334,0.6666666666666666,0.8333333333333334,0.9583333333333334,0.48739209938236194,0.0,0.5,0.1,0.3,0.5,1.15,1.0,0.95
simgp24,straddle,12,0,0.07364454827267065,1.0,0.75,0.8571428571428571,8,0.9130434782608695,0.6086956521739131,0.9130434782608695,0.9565217391304348,0.4734190114968455,0.0,0.5217391304347826,0.1,0.3,0.5,1.15,1.0,0.95
simgp24,straddle,13,0,0.0758424927162533,1.0,0.7142857142857143,0.8333333333333333,7,0.9545454545454546,0.6818181818181818,0.9090909090909091,0.9545454545454546,0.5223011895461286,0.0,0.5,0.1,0.3,0.5,1.15,1.0,0.9
simgp24,straddle,14,0,0.07188127537589989,1.0,0.6666666666666666,0.8,6,0.9523809523809523,0.7142857142857143,0.8571428571428571,0.9523809523809523,0.49265447292278514,0.0,0.5714285714285714,0.1,0.3,0.5,1.15,1.0,0.9
simgp24,straddle,15,0,0.07766096798979863,1.0,0.6,0.7499999999999999,5,0.95,0.75,0.9,0.95,0.5068821399856018,1.0,0.55,0.1,0.3,0.5,1.15,1.0,0.9
simgp24,straddle_min,3,0,0.0956855525923581,0.6538461538461539,1.0,0.7906976744186047,17,1.0,0.25,0.875,1.0,0.11054601429962732,0.6666666666666666,1.0,0.25,0.6,0.5,0.85,1.1,1.1
simgp24,straddle_min,4,0,0.06769903746791314,1.0,0.625,0.7692307692307693,16,1.0,0.7096774193548387,1.0,1.0,0.15951423179660743,0.3333333333333333,1.0,0.25,0.1,0.0,1.15,1.1,0.9
simgp24,straddle_min,5,0,0.11810480253894456,0.9090909090909091,0.6666666666666666,0.7692307692307692,15,0.9,0.5666666666666667,0.8333333333333334,0.9333333333333333,0.09584016006778898,0.3333333333333333,1.0,0.25,0.1,0.5,1.15,1.1,0.9
simgp24,straddle_min,6,0,0.054529932592699934,0.9230769230769231,0.8571428571428571,0.888888888888889,14,0.9655172413793104,0.7241379310344828,0.9310344827586207,1.0,0.05927591310815425,0.3333333333333333,1.0,0.1,0.3,0.5,1.15,1.0,0.9
simgp24,straddle_min,7,0,0.0730192774326207,0.9230769230769231,0.8571428571428571,0.888888888888889,14,0.9285714285714286,0.6785714285714286,0.8928571428571429,0.9642857142857143,0.1089676946072356,0.3333333333333333,1.0,0.1,0.3,0.5,1.15,1.0,0.9
simgp24,straddle_min,8,0,0.0710608914440426,0.9230769230769231,0.8571428571428571,0.888888888888889,14,0.8888888888888888,0.6296296296296297,0.8518518518518519,0.9629629629629629,0.12173598546006008,0.3333333333333333,1.0,0.1,0.3,0.5,1.15,1.0,0.9
simgp24,straddle_min,9,0,0.05658350775673162,0.9166666666666666,0.8461538461538461,0.8799999999999999,13,0.8461538461538461,0.5769230769230769,0.8076923076923077,0.9615384615384616,0.07271982151833492,0.6666666666666666,1.0,0.1,0.3,0.5,1.15,1.0,0.9
simgp24,straddle_min,10,0,0.057356599318342465,1.0,0.8461538461538461,0.9166666666666666,13,0.92,0.6,0.88,0.96,0.04952268043537443,0.6666666666666666,1.0,0.1,0.3,0.5,1.15,1.0,0.9
simgp24,straddle_min,11,0,0.05450458457286327,0.8571428571428571,1.0,0.923076923076923,12,0.9583333333333334,0.6666666666666666,0.9583333333333334,0.9583333333333334,0.08235224297626148,0.3333333333333333,1.0,0.1,0.3,0.5,1.15,1.0,0.9
simgp24,straddle_min,12,0,0.05195960202231595,0.8571428571428571,1.0,0.923076923076923,12,0.9565217391304348,0.6086956521739131,0.9130434782608695,0.9565217391304348,0.05909454665538617,0.3333333333333333,1.0,0.1,0.3,1.0,1.15,1.1,1.0
simgp24,straddle_min,13,0,0.05941123381797207,0.9230769230769231,1.0,0.9600000000000001,12,0.9545454545454546,0.7727272727272727,0.9090909090909091,0.9545454545454546,0.1030634110890744,0.3333333333333333,1.0,0.1,0.3,1.0,1.15,1.1,1.0
simgp24,straddle_min,14,0,0.05832596991477989,0.9230769230769231,1.0,0.9600000000000001,12,0.9523809523809523,0.6190476190476191,0.8571428571428571,0.9523809523809523,0.0881866571757485,0.6666666666666666,1.0,0.1,0.3,1.0,1.15,1.1,1.0
simgp24,straddle_min,15,0,0.057579503640475954,0.9166666666666666,1.0,0.9565217391304348,11,0.9,0.5,0.85,0.9,0.05659038379734306,0.6666666666666666,1.0,0.1,0.3,1.0,1.15,1.1,1.0
simgp24,random,3,1,0.056094428282451404,0.7307692307692307,0.95,0.8260869565217392,20,1.0,0.53125,0.96875,1.0,0.10625029502282422,0.8,0.9375,0.1,0.3,1.0,1.15,1.1,1.0
simgp24_g75,random,3,1,0.04864676125795958,0.7407407407407407,1.0,0.851063829787234,20,0.96875,0.5,0.90625,1.0,,,,,,,,,
simgp_timeblind,random,3,1,0.14221829063033417,0.7142857142857143,0.25,0.37037037037037035,20,0.8125,,,,0.3924211015297196,0.2,0.375,,,,,,
mean_of_samples,random,3,1,0.4841203159764167,1.0,0.0,0.0,20,0.0,,,,0.3130831771197437,0.0,0.0,,,,,,
simgp24,random,4,1,0.047073299537272635,0.782608695652174,0.9,0.8372093023255814,20,1.0,0.7096774193548387,0.9354838709677419,1.0,0.0962127736870156,0.8,0.9354838709677419,0.1,0.3,1.0,1.15,1.0,1.0
simgp24_g75,random,4,1,0.04386870751012998,0.8888888888888888,0.8,0.8421052631578948,20,0.967741935483871,0.5483870967741935,0.9354838709677419,1.0,,,,,,,,,
simgp_timeblind,random,4,1,0.14243094258225902,1.0,0.2,0.33333333333333337,20,0.6774193548387096,,,,0.3537170733813065,0.2,0.3548387096774194,,,,,,
mean_of_samples,random,4,1,0.4601336026429638,1.0,0.0,0.0,20,0.0,,,,0.3011579456635776,0.0,0.0,,,,,,
simgp24,random,5,1,0.04406705921536581,0.8947368421052632,0.85,0.8717948717948718,20,1.0,0.6666666666666666,0.9333333333333333,1.0,0.09976984094107604,0.8,0.9666666666666667,0.1,0.3,1.0,1.15,1.0,1.05
simgp24_g75,random,5,1,0.050618613292139514,1.0,0.75,0.8571428571428571,20,0.7666666666666667,0.6333333333333333,0.7,0.9,,,,,,,,,
simgp_timeblind,random,5,1,0.17154054090714507,1.0,0.15,0.2608695652173913,20,0.5333333333333333,,,,0.35765179448869117,0.2,0.26666666666666666,,,,,,
mean_of_samples,random,5,1,0.400146785628193,1.0,0.0,0.0,20,0.0,,,,0.2945463963173056,0.0,0.0,,,,,,
simgp24,random,6,1,0.04715967751699248,0.85,0.8947368421052632,0.8717948717948718,19,0.9655172413793104,0.4482758620689655,0.9310344827586207,0.9655172413793104,0.1053419775966457,0.5,0.9310344827586207,0.1,0.3,0.5,1.15,0.9,0.95
simgp24_g75,random,6,1,0.05226039749576765,1.0,0.7368421052631579,0.8484848484848484,19,0.7241379310344828,0.5172413793103449,0.6896551724137931,0.7586206896551724,,,,,,,,,
simgp_timeblind,random,6,1,0.12893274665235002,1.0,0.21052631578947367,0.34782608695652173,19,0.7241379310344828,,,,0.3599409828184183,0.5,0.3448275862068966,,,,,,
mean_of_samples,random,6,1,0.3388699185341806,1.0,0.0,0.0,19,0.0,,,,0.2984331761555536,0.0,0.0,,,,,,
simgp24,random,7,1,0.04709321734772416,0.8888888888888888,0.8421052631578947,0.8648648648648649,19,0.9642857142857143,0.5,0.8928571428571429,0.9642857142857143,0.10183658575366296,0.5,0.9285714285714286,0.1,0.3,0.5,1.15,0.9,0.95
simgp24_g75,random,7,1,0.04837637759001716,0.9333333333333333,0.7368421052631579,0.8235294117647058,19,0.7142857142857143,0.35714285714285715,0.6785714285714286,0.75,,,,,,,,,
simgp_timeblind,random,7,1,0.16147800897627637,1.0,0.10526315789473684,0.1904761904761905,19,0.5714285714285714,,,,0.2921499958901116,0.0,0.39285714285714285,,,,,,
mean_of_samples,random,7,1,0.3385023485694953,1.0,0.0,0.0,19,0.0,,,,0.29498660883797806,0.0,0.0,,,,,,
simgp24,random,8,1,0.04456209687430926,0.85,0.8947368421052632,0.8717948717948718,19,0.8888888888888888,0.5185185185185185,0.8888888888888888,0.9629629629629629,0.10691379247573742,0.5,0.9259259259259259,0.1,0.3,0.5,1.15,0.9,0.95
simgp24_g75,random,8,1,0.04603685285739519,0.8333333333333334,0.7894736842105263,0.8108108108108109,19,0.6666666666666666,0.18518518518518517,0.48148148148148145,0.6666666666666666,,,,,,,,,
simgp_timeblind,random,8,1,0.2163844089076231,1.0,0.05263157894736842,0.1,19,0.2962962962962963,,,,0.3161975974796165,0.0,0.37037037037037035,,,,,,
mean_of_samples,random,8,1,0.35386471226393645,1.0,0.0,0.0,19,0.0,,,,0.29463769236361703,0.0,0.0,,,,,,
simgp24,random,9,1,0.04516639570559586,0.8421052631578947,0.8888888888888888,0.8648648648648649,18,0.8846153846153846,0.5384615384615384,0.8846153846153846,0.9615384615384616,0.11404140532098586,0.5,0.9230769230769231,0.1,0.3,0.5,1.15,0.9,0.95
simgp24_g75,random,9,1,0.04762778689942125,0.8235294117647058,0.7777777777777778,0.7999999999999999,18,0.6538461538461539,0.23076923076923078,0.5,0.6923076923076923,,,,,,,,,
simgp_timeblind,random,9,1,0.20571525101092725,1.0,0.05555555555555555,0.10526315789473684,18,0.3076923076923077,,,,0.3237739672867568,0.0,0.2692307692307692,,,,,,
mean_of_samples,random,9,1,0.34961690070668455,1.0,0.0,0.0,18,0.0,,,,0.30087606958217183,0.0,0.0,,,,,,
simgp24,random,10,1,0.04886842134858733,0.8333333333333334,0.8823529411764706,0.8571428571428571,17,0.88,0.44,0.76,0.96,0.1123741209073503,0.75,0.92,0.1,0.3,0.5,1.0,1.1,0.95
simgp24_g75,random,10,1,0.04414348993812279,0.8333333333333334,0.8823529411764706,0.8571428571428571,17,0.6,0.28,0.48,0.76,,,,,,,,,
simgp_timeblind,random,10,1,0.21093458252875885,1.0,0.058823529411764705,0.1111111111111111,17,0.4,,,,0.3057766545584714,0.0,0.44,,,,,,
mean_of_samples,random,10,1,0.3176082634723579,1.0,0.0,0.0,17,0.0,,,,0.31534014963839035,0.0,0.0,,,,,,
simgp24,random,11,1,0.04944641780749463,0.8333333333333334,0.8823529411764706,0.8571428571428571,17,0.9166666666666666,0.2916666666666667,0.75,0.9583333333333334,0.11664417878780128,0.75,0.9166666666666666,0.1,0.3,0.5,1.0,1.1,0.9
simgp24_g75,random,11,1,0.04258821762709192,0.8333333333333334,0.8823529411764706,0.8571428571428571,17,0.5833333333333334,0.2916666666666667,0.5,0.6666666666666666,,,,,,,,,
simgp_timeblind,random,11,1,0.2056129636058544,1.0,0.17647058823529413,0.3,17,0.4583333333333333,,,,0.3106079978514315,0.25,0.4166666666666667,,,,,,
mean_of_samples,random,11,1,0.32527625587170456,1.0,0.0,0.0,17,0.0,,,,0.3152255273158684,0.0,0.0,,,,,,
simgp24,random,12,1,0.0505703714484026,0.8235294117647058,0.875,0.8484848484848485,16,0.8695652173913043,0.2608695652173913,0.7391304347826086,0.9130434782608695,0.11169215361512372,0.75,0.9130434782608695,0.1,0.3,0.5,1.0,1.1,0.95
simgp24_g75,random,12,1,0.04354082256384297,0.7777777777777778,0.875,0.823529411764706,16,0.6521739130434783,0.391304347826087,0.5217391304347826,0.6956521739130435,,,,,,,,,
simgp_timeblind,random,12,1,0.20338734269234826,1.0,0.1875,0.3157894736842105,16,0.43478260869565216,,,,0.3154627097347652,0.25,0.391304347826087,,,,,,
mean_of_samples,random,12,1,0.30671889645585515,1.0,0.0,0.0,16,0.0,,,,0.329545370217231,0.0,0.0,,,,,,
simgp24,random,13,1,0.049322718796161645,0.8,0.8,0.8000000000000002,15,0.8636363636363636,0.3181818181818182,0.6818181818181818,0.9090909090909091,0.10674466710980712,0.5,0.9090909090909091,0.1,0.3,0.5,1.0,1.1,0.9
simgp24_g75,random,13,1,0.04293248103777693,0.7647058823529411,0.8666666666666667,0.8125,15,0.6818181818181818,0.36363636363636365,0.5454545454545454,0.6818181818181818,,,,,,,,,
simgp_timeblind,random,13,1,0.20199464070564715,1.0,0.2,0.33333333333333337,15,0.45454545454545453,,,,0.3213594081640228,0.25,0.4090909090909091,,,,,,
mean_of_samples,random,13,1,0.30049991596485737,1.0,0.0,0.0,15,0.0,,,,0.33715195594448333,0.0,0.0,,,,,,
simgp24,random,14,1,0.04468240968413866,0.75,0.8571428571428571,0.7999999999999999,14,0.9523809523809523,0.2857142857142857,0.7142857142857143,0.9523809523809523,0.06531842281068684,0.75,0.9523809523809523,0.1,0.3,0.5,1.0,1.1,0.9
simgp24_g75,random,14,1,0.042168694492167404,0.75,0.8571428571428571,0.7999999999999999,14,0.5714285714285714,0.3333333333333333,0.5238095238095238,0.6666666666666666,,,,,,,,,
simgp_timeblind,random,14,1,0.21061268270770336,1.0,0.21428571428571427,0.35294117647058826,14,0.38095238095238093,,,,0.318431920657848,0.25,0.38095238095238093,,,,,,
mean_of_samples,random,14,1,0.29713876689168,1.0,0.0,0.0,14,0.0,,,,0.3427714884931553,0.0,0.0,,,,,,
simgp24,random,15,1,0.04752694283864669,0.7857142857142857,0.8461538461538461,0.8148148148148148,13,0.8,0.3,0.7,1.0,0.07979978449486115,0.75,0.95,0.1,0.3,0.5,1.0,1.1,0.95
simgp24_g75,random,15,1,0.04179554488953627,0.8461538461538461,0.8461538461538461,0.8461538461538461,13,0.65,0.35,0.55,0.7,,,,,,,,,
simgp_timeblind,random,15,1,0.2062721721850774,1.0,0.23076923076923078,0.375,13,0.3,,,,0.3209333403251835,0.25,0.4,,,,,,
mean_of_samples,random,15,1,0.2871468368656723,1.0,0.0,0.0,13,0.0,,,,0.35268436032580386,0.0,0.0,,,,,,
simgp24,uncertainty,3,1,0.056094428282451404,0.7307692307692307,0.95,0.8260869565217392,20,1.0,0.53125,0.96875,1.0,0.10625029502282422,0.8,0.9375,0.1,0.3,1.0,1.15,1.1,1.0
simgp24,uncertainty,4,1,0.0505115256773362,0.7391304347826086,0.8947368421052632,0.8095238095238095,19,0.967741935483871,0.45161290322580644,0.9032258064516129,1.0,0.11480223549877978,0.25,0.9354838709677419,0.25,0.3,0.0,1.15,0.9,0.95
simgp24,uncertainty,5,1,0.052012700141149476,0.7272727272727273,0.8888888888888888,0.7999999999999999,18,0.8666666666666667,0.36666666666666664,0.6666666666666666,0.9666666666666667,0.1118571063992169,0.25,0.9,0.25,0.3,0.5,1.15,1.1,1.05
simgp24,uncertainty,6,1,0.053107825290820275,0.6818181818181818,0.8823529411764706,0.7692307692307693,17,0.8275862068965517,0.3793103448275862,0.7586206896551724,0.8620689655172413,0.08957034477616593,1.0,0.9310344827586207,0.1,0.6,0.5,1.15,1.1,1.1
simgp24,uncertainty,7,1,0.04965441898295097,0.7,0.875,0.7777777777777777,16,0.8214285714285714,0.35714285714285715,0.5714285714285714,0.8928571428571429,0.07104713312395904,1.0,0.9642857142857143,0.1,0.6,0.5,1.15,1.1,1.1
simgp24,uncertainty,8,1,0.04880797735131491,0.7222222222222222,0.8666666666666667,0.7878787878787877,15,0.8888888888888888,0.37037037037037035,0.7407407407407407,0.9259259259259259,0.07388528701737453,0.5,0.9629629629629629,0.1,0.3,1.0,1.15,1.1,1.05
simgp24,uncertainty,9,1,0.04977645959743577,0.6666666666666666,0.8571428571428571,0.75,14,0.8076923076923077,0.38461538461538464,0.6923076923076923,0.9230769230769231,0.07311600618315947,1.0,0.9615384615384616,0.1,0.3,1.0,1.15,1.1,1.0
simgp24,uncertainty,10,1,0.04864012893987403,0.6470588235294118,0.8461538461538461,0.7333333333333334,13,0.88,0.4,0.64,0.96,0.0781252600406649,1.0,0.96,0.1,0.3,1.0,1.15,1.1,0.95
simgp24,uncertainty,11,1,0.05898483425407292,0.6111111111111112,0.9166666666666666,0.7333333333333334,12,0.7916666666666666,0.375,0.5833333333333334,0.9583333333333334,0.09204426187987744,1.0,0.9583333333333334,0.1,0.3,1.0,1.15,1.1,0.95
simgp24,uncertainty,12,1,0.06455972727046479,0.5882352941176471,0.9090909090909091,0.7142857142857143,11,0.782608695652174,0.30434782608695654,0.4782608695652174,0.8695652173913043,0.107777248872538,1.0,0.9565217391304348,0.1,0.3,1.0,1.15,1.1,0.95
simgp24,uncertainty,13,1,0.05188122322041577,0.6428571428571429,0.8181818181818182,0.7200000000000001,11,0.8636363636363636,0.3181818181818182,0.5909090909090909,0.9090909090909091,0.07116716432279911,1.0,0.9545454545454546,0.1,0.3,1.0,1.15,1.1,0.95
simgp24,uncertainty,14,1,0.052463241497946865,0.6923076923076923,0.8181818181818182,0.7500000000000001,11,0.7619047619047619,0.2857142857142857,0.47619047619047616,0.9047619047619048,0.07141996562340258,1.0,0.9523809523809523,0.1,0.3,1.0,1.15,1.1,0.95
simgp24,uncertainty,15,1,0.055623641664232754,0.6666666666666666,0.8,0.7272727272727272,10,0.6,0.2,0.4,0.75,0.08009675958738763,1.0,0.95,0.1,0.3,1.0,1.15,1.1,0.95
simgp24,straddle,3,1,0.056094428282451404,0.7307692307692307,0.95,0.8260869565217392,20,1.0,0.53125,0.96875,1.0,0.10625029502282422,0.8,0.9375,0.1,0.3,1.0,1.15,1.1,1.0
simgp24,straddle,4,1,0.05140616983761175,0.7391304347826086,0.8947368421052632,0.8095238095238095,19,1.0,0.4838709677419355,0.9032258064516129,1.0,0.11205619790518156,0.25,0.9354838709677419,0.1,0.3,1.0,1.15,1.1,1.0
simgp24,straddle,5,1,0.05608519336588421,0.6956521739130435,0.8888888888888888,0.7804878048780488,18,0.8,0.3,0.6,0.9333333333333333,0.11354274213214571,0.3333333333333333,0.9,0.25,0.3,0.5,1.15,0.9,1.0
simgp24,straddle,6,1,0.05408104247332329,0.7647058823529411,0.7647058823529411,0.7647058823529412,17,0.8620689655172413,0.5172413793103449,0.7931034482758621,0.896551724137931,0.1400040622502034,0.3333333333333333,0.896551724137931,0.1,0.3,1.0,1.15,1.0,1.0
simgp24,straddle,7,1,0.04880451329316968,0.7222222222222222,0.8125,0.7647058823529411,16,0.9285714285714286,0.5,0.8214285714285714,0.9642857142857143,0.10619206523917359,0.6666666666666666,0.9285714285714286,0.1,0.3,1.0,1.15,1.0,1.0
simgp24,straddle,8,1,0.04898065332094539,0.7647058823529411,0.8125,0.787878787878788,16,0.8148148148148148,0.4444444444444444,0.7777777777777778,0.8518518518518519,0.09436167852598358,0.6666666666666666,0.9259259259259259,0.1,0.3,0.5,1.15,1.0,0.9
simgp24,straddle,9,1,0.046135542966988026,0.7222222222222222,0.8666666666666667,0.7878787878787877,15,0.8846153846153846,0.5,0.8076923076923077,0.9615384615384616,0.07993604313986734,0.5,0.9230769230769231,0.1,0.3,0.5,1.15,1.0,0.95
simgp24,straddle,10,1,0.05063492002441977,0.7333333333333333,0.7857142857142857,0.7586206896551724,14,0.8,0.4,0.8,0.8,0.0946666770140547,0.5,0.92,0.1,0.3,0.5,1.15,1.0,0.95
simgp24,straddle,11,1,0.05524893240335753,0.6923076923076923,0.6923076923076923,0.6923076923076923,13,0.7916666666666666,0.4583333333333333,0.6666666666666666,0.875,0.1432328395132861,0.5,0.9166666666666666,0.1,0.3,0.5,1.15,1.0,0.95
simgp24,straddle,12,1,0.056408206305714324,0.6363636363636364,0.5833333333333334,0.6086956521739131,12,0.782608695652174,0.43478260869565216,0.6521739130434783,0.8260869565217391,0.14272241790988077,0.5,0.9130434782608695,0.1,0.3,0.5,1.15,1.0,0.95
simgp24,straddle,13,1,0.05206313472810646,0.6,0.5454545454545454,0.5714285714285713,11,0.8181818181818182,0.45454545454545453,0.6363636363636364,0.8636363636363636,0.11009987284753567,0.5,0.9545454545454546,0.1,0.3,0.5,1.15,1.0,0.95
simgp24,straddle,14,1,0.052938190668983816,0.6363636363636364,0.7,0.6666666666666666,10,0.8095238095238095,0.42857142857142855,0.6190476190476191,0.8571428571428571,0.11419198381697475,0.0,0.9523809523809523,0.1,0.3,0.5,1.15,1.0,0.95
simgp24,straddle,15,1,0.05309392012835675,0.6,0.6666666666666666,0.631578947368421,9,0.75,0.35,0.6,0.85,0.12057612126071743,0.0,0.95,0.1,0.3,0.5,1.15,1.0,0.9
simgp24,straddle_min,3,1,0.056094428282451404,0.7307692307692307,0.95,0.8260869565217392,20,1.0,0.53125,0.96875,1.0,0.10625029502282422,0.8,0.9375,0.1,0.3,1.0,1.15,1.1,1.0
simgp24,straddle_min,4,1,0.08591102654432435,0.7307692307692307,1.0,0.8444444444444443,19,0.5161290322580645,0.12903225806451613,0.3225806451612903,0.7419354838709677,0.14360489353744818,0.8,0.967741935483871,0.1,0.6,0.0,0.85,1.1,0.95
simgp24,straddle_min,5,1,0.0561618452374169,0.75,1.0,0.8571428571428571,18,0.9333333333333333,0.4,0.8333333333333334,1.0,0.12681945533422614,0.6,0.9666666666666667,0.1,0.6,0.0,0.85,1.1,1.05
simgp24,straddle_min,6,1,0.052333342136604455,0.8095238095238095,1.0,0.8947368421052632,17,0.9310344827586207,0.5172413793103449,0.8620689655172413,0.9655172413793104,0.14789160084273564,0.6,0.9310344827586207,0.1,0.6,0.0,0.85,1.1,1.05
simgp24,straddle_min,7,1,0.06101245330001962,0.7727272727272727,1.0,0.8717948717948718,17,0.8571428571428571,0.32142857142857145,0.7142857142857143,0.8928571428571429,0.1806790847083891,0.6,0.6428571428571429,0.1,0.6,0.5,1.0,1.1,1.05
simgp24,straddle_min,8,1,0.0701556121111637,0.7619047619047619,1.0,0.8648648648648648,16,0.7777777777777778,0.3333333333333333,0.48148148148148145,0.8518518518518519,0.1297975698543499,0.8,0.9259259259259259,0.1,0.6,0.5,1.0,1.1,1.05
simgp24,straddle_min,9,1,0.06486540004013874,0.8,1.0,0.888888888888889,16,0.7307692307692307,0.38461538461538464,0.5,0.8461538461538461,0.1424367945836799,0.8,0.9230769230769231,0.1,0.6,0.5,1.0,1.1,1.1
simgp24,straddle_min,10,1,0.07558706407286589,0.75,1.0,0.8571428571428571,15,0.8,0.16,0.56,0.84,0.11284918460009984,0.8,0.92,0.1,0.6,0.5,1.0,1.1,1.1
simgp24,straddle_min,11,1,0.07288476353947518,0.7894736842105263,1.0,0.8823529411764706,15,0.7083333333333334,0.16666666666666666,0.5416666666666666,0.9166666666666666,0.10900970976759822,0.8,0.9166666666666666,0.1,0.6,0.5,1.0,1.1,1.1
simgp24,straddle_min,12,1,0.11479438240971548,0.8333333333333334,1.0,0.9090909090909091,15,0.6521739130434783,0.17391304347826086,0.4782608695652174,0.782608695652174,0.11898817737120315,0.8,1.0,0.1,0.3,1.0,1.0,1.1,0.95
simgp24,straddle_min,13,1,0.08072467011064248,0.8235294117647058,1.0,0.9032258064516129,14,0.8181818181818182,0.13636363636363635,0.5909090909090909,0.9090909090909091,0.10759993030562938,0.8,1.0,0.1,0.3,1.0,1.0,1.1,1.0
simgp24,straddle_min,14,1,0.08611735128293867,0.875,1.0,0.9333333333333333,14,0.7142857142857143,0.09523809523809523,0.42857142857142855,0.9047619047619048,0.10929751439552982,0.8,0.9523809523809523,0.1,0.3,1.0,1.0,1.1,1.0
simgp24,straddle_min,15,1,0.0733231539891196,0.8666666666666667,1.0,0.9285714285714286,13,0.7,0.1,0.5,0.7,0.11205084636981649,0.8,0.85,0.1,0.3,1.0,1.0,1.1,1.0
simgp24,random,3,2,0.06466978789268825,0.5,0.375,0.42857142857142855,8,1.0,0.65625,1.0,1.0,0.17608115514206427,1.0,0.6875,0.25,0.1,0.0,1.15,0.9,1.0
simgp24_g75,random,3,2,0.10101601927018959,0.6,0.375,0.4615384615384615,8,0.90625,0.65625,0.90625,0.9375,,,,,,,,,
simgp_timeblind,random,3,2,0.31232828820786573,1.0,0.0,0.0,8,0.5,,,,0.3386491217856236,1.0,0.59375,,,,,,
mean_of_samples,random,3,2,0.4153808236066172,1.0,0.0,0.0,8,0.0,,,,0.3121775642537483,1.0,0.0,,,,,,
simgp24,random,4,2,0.08469406558579806,0.6666666666666666,0.2857142857142857,0.4,7,1.0,0.5161290322580645,0.967741935483871,1.0,0.14150565828286057,1.0,0.9354838709677419,0.1,0.1,0.0,1.15,0.9,0.9
simgp24_g75,random,4,2,0.17705240300391561,1.0,0.0,0.0,7,0.3225806451612903,0.12903225806451613,0.25806451612903225,0.3870967741935484,,,,,,,,,
simgp_timeblind,random,4,2,0.24017180315998019,1.0,0.0,0.0,7,0.7419354838709677,,,,0.37009583945892527,1.0,0.45161290322580644,,,,,,
mean_of_samples,random,4,2,0.3646343231333132,1.0,0.0,0.0,7,0.0,,,,0.3239679949172574,1.0,0.0,,,,,,
simgp24,random,5,2,0.075078543083626,0.6666666666666666,0.6666666666666666,0.6666666666666666,6,0.9666666666666667,0.5,0.8,1.0,0.17178254551574323,1.0,0.8333333333333334,0.25,0.1,0.0,1.15,0.9,1.0
simgp24_g75,random,5,2,0.13548204183975834,1.0,0.3333333333333333,0.5,6,0.5,0.13333333333333333,0.4,0.6333333333333333,,,,,,,,,
simgp_timeblind,random,5,2,0.3281803598490888,1.0,0.16666666666666666,0.2857142857142857,6,0.5,,,,0.3194398942614825,1.0,0.7333333333333333,,,,,,
mean_of_samples,random,5,2,0.3058208307099863,1.0,0.0,0.0,6,0.0,,,,0.3600674195522663,1.0,0.0,,,,,,
simgp24,random,6,2,0.07543510229496737,0.6666666666666666,0.6666666666666666,0.6666666666666666,6,1.0,0.6206896551724138,0.896551724137931,1.0,0.09817084124721326,1.0,0.9655172413793104,0.25,0.1,0.0,1.15,0.9,1.0
simgp24_g75,random,6,2,0.11132644775222489,1.0,0.3333333333333333,0.5,6,0.7241379310344828,0.20689655172413793,0.5517241379310345,0.7931034482758621,,,,,,,,,
simgp_timeblind,random,6,2,0.41154591071335733,1.0,0.0,0.0,6,0.5517241379310345,,,,0.332397027314202,1.0,0.8620689655172413,,,,,,
mean_of_samples,random,6,2,0.3370929650187773,1.0,0.0,0.0,6,0.0,,,,0.34323184867220896,1.0,0.0,,,,,,
simgp24,random,7,2,0.06795195659227435,0.6666666666666666,0.6666666666666666,0.6666666666666666,6,1.0,0.7142857142857143,0.9285714285714286,1.0,0.09461722667035284,1.0,0.9642857142857143,0.1,0.1,0.5,1.15,1.1,0.9
simgp24_g75,random,7,2,0.11086565604568274,1.0,0.3333333333333333,0.5,6,0.8928571428571429,0.32142857142857145,0.75,0.8928571428571429,,,,,,,,,
simgp_timeblind,random,7,2,0.42888368361829016,1.0,0.0,0.0,6,0.39285714285714285,,,,0.32314274151212785,1.0,0.8571428571428571,,,,,,
mean_of_samples,random,7,2,0.34932453897853316,1.0,0.0,0.0,6,0.0,,,,0.3333853096584374,1.0,0.0,,,,,,
simgp24,random,8,2,0.06968572320200812,0.6666666666666666,0.6666666666666666,0.6666666666666666,6,1.0,0.37037037037037035,0.9259259259259259,1.0,0.10745750282751368,1.0,0.9259259259259259,0.1,0.1,0.5,1.15,1.0,0.9
simgp24_g75,random,8,2,0.11021069120995666,1.0,0.3333333333333333,0.5,6,0.8888888888888888,0.3333333333333333,0.7407407407407407,0.9259259259259259,,,,,,,,,
simgp_timeblind,random,8,2,0.45214939384385533,1.0,0.0,0.0,6,0.4444444444444444,,,,0.3476950338461491,1.0,0.7777777777777778,,,,,,
mean_of_samples,random,8,2,0.34049759157175075,1.0,0.0,0.0,6,0.0,,,,0.34009150187523834,1.0,0.0,,,,,,
simgp24,random,9,2,0.08736860668209974,0.6666666666666666,0.6666666666666666,0.6666666666666666,6,0.9615384615384616,0.6153846153846154,0.8846153846153846,0.9615384615384616,0.09221999762616913,1.0,1.0,0.1,0.1,0.5,1.15,1.0,0.9
simgp24_g75,random,9,2,0.11257526330730062,1.0,0.3333333333333333,0.5,6,0.7307692307692307,0.38461538461538464,0.5769230769230769,0.7692307692307693,,,,,,,,,
simgp_timeblind,random,9,2,0.33839566182434655,1.0,0.0,0.0,6,0.7307692307692307,,,,0.33908735381889304,1.0,0.8846153846153846,,,,,,
mean_of_samples,random,9,2,0.32860747240638316,1.0,0.0,0.0,6,0.0,,,,0.34915526070614905,1.0,0.0,,,,,,
simgp24,random,10,2,0.07586892240233373,0.6666666666666666,0.6666666666666666,0.6666666666666666,6,0.92,0.52,0.88,0.92,0.0891198222004365,1.0,1.0,0.1,0.1,0.5,1.15,1.0,0.9
simgp24_g75,random,10,2,0.09769709331241336,1.0,0.3333333333333333,0.5,6,0.84,0.36,0.64,0.88,,,,,,,,,
simgp_timeblind,random,10,2,0.33069370272460763,1.0,0.0,0.0,6,0.56,,,,0.35494584059531376,1.0,0.6,,,,,,
mean_of_samples,random,10,2,0.35905639903273434,1.0,0.0,0.0,6,0.0,,,,0.33761541325623196,1.0,0.0,,,,,,
simgp24,random,11,2,0.0827183716865372,0.6666666666666666,0.8,0.7272727272727272,5,0.9166666666666666,0.5,0.7916666666666666,0.9583333333333334,0.08881530023509084,1.0,1.0,0.25,0.1,0.0,1.15,1.0,0.9
simgp24_g75,random,11,2,0.09802359766047071,1.0,0.2,0.33333333333333337,5,0.7916666666666666,0.375,0.6666666666666666,0.8333333333333334,,,,,,,,,
simgp_timeblind,random,11,2,0.3418215436970668,1.0,0.0,0.0,5,0.6666666666666666,,,,0.37966507584976816,1.0,0.6666666666666666,,,,,,
mean_of_samples,random,11,2,0.34710164091191803,1.0,0.0,0.0,5,0.0,,,,0.3402548750790613,1.0,0.0,,,,,,
simgp24,random,12,2,0.07551621125370248,0.5,0.5,0.5,4,0.9565217391304348,0.43478260869565216,0.8260869565217391,0.9565217391304348,0.09100310838536864,1.0,1.0,0.1,0.1,0.5,1.15,1.0,0.9
simgp24_g75,random,12,2,0.08585373959016923,1.0,0.0,0.0,4,0.8260869565217391,0.391304347826087,0.782608695652174,0.9130434782608695,,,,,,,,,
simgp_timeblind,random,12,2,0.3511095794467952,1.0,0.0,0.0,4,0.5217391304347826,,,,0.38273113738219494,1.0,0.5217391304347826,,,,,,
mean_of_samples,random,12,2,0.32340894683641636,1.0,0.0,0.0,4,0.0,,,,0.3599497667143631,1.0,0.0,,,,,,
simgp24,random,13,2,0.08312217690099148,0.5,0.5,0.5,4,0.9545454545454546,0.45454545454545453,0.8181818181818182,0.9545454545454546,0.0878429906971565,1.0,1.0,0.1,0.1,0.5,1.15,1.0,0.9
simgp24_g75,random,13,2,0.08483495704405151,1.0,0.0,0.0,4,0.8181818181818182,0.4090909090909091,0.6818181818181818,0.8636363636363636,,,,,,,,,
simgp_timeblind,random,13,2,0.24391196200717158,1.0,0.0,0.0,4,0.5909090909090909,,,,0.32048420998649524,1.0,0.5909090909090909,,,,,,
mean_of_samples,random,13,2,0.32630157442231095,1.0,0.0,0.0,4,0.0,,,,0.3573618323511405,1.0,0.0,,,,,,
simgp24,random,14,2,0.055102894233509364,0.3333333333333333,0.25,0.28571428571428575,4,1.0,0.5238095238095238,0.9047619047619048,1.0,0.08328214841560036,1.0,1.0,0.1,0.1,0.5,1.15,1.0,0.9
simgp24_g75,random,14,2,0.09079561362851943,1.0,0.0,0.0,4,0.6190476190476191,0.2857142857142857,0.5238095238095238,0.8095238095238095,,,,,,,,,
simgp_timeblind,random,14,2,0.2502464072195223,1.0,0.0,0.0,4,0.5714285714285714,,,,0.3272423055097838,1.0,0.5238095238095238,,,,,,
mean_of_samples,random,14,2,0.3409695783109413,1.0,0.0,0.0,4,0.0,,,,0.31559470924156524,1.0,0.0,,,,,,
simgp24,random,15,2,0.05714210557956255,0.3333333333333333,0.25,0.28571428571428575,4,0.95,0.5,0.85,1.0,0.08956471410205702,1.0,1.0,0.1,0.1,0.5,1.15,1.0,0.9
simgp24_g75,random,15,2,0.0943114913130525,1.0,0.0,0.0,4,0.6,0.25,0.4,0.75,,,,,,,,,
simgp_timeblind,random,15,2,0.2656367409522623,1.0,0.0,0.0,4,0.3,,,,0.3272909964757136,1.0,0.3,,,,,,
mean_of_samples,random,15,2,0.3703504830222382,1.0,0.0,0.0,4,0.0,,,,0.28851175130695716,1.0,0.0,,,,,,
simgp24,uncertainty,3,2,0.06466978789268825,0.5,0.375,0.42857142857142855,8,1.0,0.65625,1.0,1.0,0.17608115514206427,1.0,0.6875,0.25,0.1,0.0,1.15,0.9,1.0
simgp24,uncertainty,4,2,0.05813235337839613,0.5555555555555556,0.7142857142857143,0.6250000000000001,7,1.0,0.5483870967741935,0.9032258064516129,1.0,0.09525772749573902,1.0,1.0,0.25,0.1,0.0,1.15,1.0,0.95
simgp24,uncertainty,5,2,0.05963657227148188,0.5,0.6666666666666666,0.5714285714285715,6,0.9333333333333333,0.6,0.9333333333333333,1.0,0.09552014593288884,1.0,0.9666666666666667,0.25,0.1,0.5,1.15,1.1,1.0
simgp24,uncertainty,6,2,0.0696923353071782,1.0,0.16666666666666666,0.2857142857142857,6,1.0,0.4827586206896552,0.8275862068965517,1.0,0.11340191013200177,1.0,0.896551724137931,0.1,0.1,0.5,1.15,1.0,0.9
simgp24,uncertainty,7,2,0.09882660968220607,1.0,0.2,0.33333333333333337,5,0.75,0.25,0.5,0.8571428571428571,0.1177625073013779,1.0,0.8571428571428571,0.1,0.1,0.0,1.15,1.0,0.9
simgp24,uncertainty,8,2,0.08928695289700954,0.5,0.2,0.28571428571428575,5,1.0,0.6296296296296297,0.9259259259259259,1.0,0.1691299950457133,1.0,0.9629629629629629,0.1,0.1,0.0,1.15,1.0,0.9
simgp24,uncertainty,9,2,0.10223914121050189,1.0,0.2,0.33333333333333337,5,0.8846153846153846,0.4230769230769231,0.7692307692307693,1.0,0.1883911312306444,1.0,1.0,0.1,0.1,0.0,1.15,1.0,0.9
simgp24,uncertainty,10,2,0.09109338061717819,0.0,0.0,0.0,4,1.0,0.6,0.96,1.0,0.12218039871681095,1.0,1.0,0.1,0.1,0.0,1.15,1.0,0.9
simgp24,uncertainty,11,2,0.09457046699373452,0.0,0.0,0.0,4,1.0,0.5416666666666666,0.9583333333333334,1.0,0.12860497674102195,1.0,1.0,0.1,0.1,0.5,1.15,1.0,0.95
simgp24,uncertainty,12,2,0.09170053650909663,0.0,0.0,0.0,4,1.0,0.5652173913043478,0.9130434782608695,1.0,0.12672016803831965,1.0,1.0,0.1,0.1,0.5,1.15,1.0,0.9
simgp24,uncertainty,13,2,0.0764485741014841,0.0,0.0,0.0,4,0.9545454545454546,0.6363636363636364,0.8636363636363636,1.0,0.3039047058787546,1.0,0.8181818181818182,0.1,0.1,0.5,1.15,1.0,0.9
simgp24,uncertainty,14,2,0.10195848419148817,0.0,0.0,0.0,3,0.9523809523809523,0.5714285714285714,0.8571428571428571,1.0,0.14289849763041923,1.0,1.0,0.1,0.1,0.5,1.15,1.0,0.9
simgp24,uncertainty,15,2,0.09429017605888029,0.3333333333333333,0.3333333333333333,0.3333333333333333,3,0.85,0.65,0.8,0.9,0.3091177717688695,1.0,1.0,0.1,0.1,0.5,1.15,1.0,0.9
simgp24,straddle,3,2,0.06466978789268825,0.5,0.375,0.42857142857142855,8,1.0,0.65625,1.0,1.0,0.17608115514206427,1.0,0.6875,0.25,0.1,0.0,1.15,0.9,1.0
simgp24,straddle,4,2,0.06898956133237504,0.5,0.2857142857142857,0.36363636363636365,7,0.967741935483871,0.6129032258064516,0.8064516129032258,1.0,0.1361504886438447,1.0,0.9032258064516129,0.25,0.1,0.0,1.15,0.9,1.05
simgp24,straddle,5,2,0.08673854846924396,0.0,0.0,0.0,6,0.9,0.36666666666666664,0.6333333333333333,1.0,0.14467617188740897,1.0,0.8333333333333334,0.1,0.1,0.5,1.15,1.0,0.9
simgp24,straddle,6,2,0.10542229117901679,1.0,0.0,0.0,6,0.6896551724137931,0.20689655172413793,0.5517241379310345,0.9310344827586207,0.11830316330599076,1.0,0.8620689655172413,0.1,0.1,0.0,1.0,1.0,1.0
simgp24,straddle,7,2,0.10944636610534132,1.0,0.0,0.0,5,0.5,0.21428571428571427,0.4642857142857143,0.6428571428571429,0.12775904859502704,1.0,0.7857142857142857,0.1,0.1,0.0,1.15,1.0,0.9
simgp24,straddle,8,2,0.11407464078802157,1.0,0.0,0.0,4,0.48148148148148145,0.1111111111111111,0.25925925925925924,0.5185185185185185,0.1261866320256404,1.0,0.6296296296296297,0.1,0.1,0.0,1.15,1.0,0.9
simgp24,straddle,9,2,0.10361339814714203,1.0,0.0,0.0,4,0.9230769230769231,0.46153846153846156,0.8461538461538461,0.9615384615384616,0.13415053722767184,1.0,1.0,0.1,0.1,0.0,1.15,1.0,0.9
simgp24,straddle,10,2,0.10421076863062415,1.0,0.0,0.0,3,0.96,0.68,0.96,0.96,0.1149233395576682,1.0,1.0,0.1,0.1,0.5,1.15,1.0,0.95
simgp24,straddle,11,2,0.10448113562079536,1.0,0.0,0.0,2,0.9583333333333334,0.7916666666666666,0.9583333333333334,1.0,0.11459030734992404,1.0,1.0,0.1,0.1,0.5,1.15,1.0,0.9
simgp24,straddle,12,2,0.1037841327740895,1.0,0.0,0.0,2,0.9565217391304348,0.5652173913043478,0.8695652173913043,0.9565217391304348,0.1527463943744743,1.0,1.0,0.1,0.1,0.5,1.15,1.0,0.9
simgp24,straddle,13,2,0.1107466612092511,1.0,0.0,0.0,1,0.9545454545454546,0.5909090909090909,0.8636363636363636,1.0,0.17856986461670835,1.0,1.0,0.1,0.1,0.5,1.15,1.0,0.9
simgp24,straddle,14,2,0.1077122161107135,1.0,0.0,0.0,1,0.9047619047619048,0.5238095238095238,0.8571428571428571,1.0,0.14839838534200908,1.0,1.0,0.1,0.1,0.5,1.15,1.0,0.9
simgp24,straddle,15,2,0.11119188535703059,1.0,0.0,0.0,1,1.0,0.65,0.9,1.0,0.15432056147691225,1.0,1.0,0.1,0.1,0.5,1.15,1.0,0.9
simgp24,straddle_min,3,2,0.06466978789268825,0.5,0.375,0.42857142857142855,8,1.0,0.65625,1.0,1.0,0.17608115514206427,1.0,0.6875,0.25,0.1,0.0,1.15,0.9,1.0
simgp24,straddle_min,4,2,0.09283966670482001,0.75,0.42857142857142855,0.5454545454545454,7,1.0,0.6129032258064516,0.8709677419354839,1.0,0.19878767903051767,1.0,0.8709677419354839,0.1,0.1,0.0,1.0,1.0,0.95
simgp24,straddle_min,5,2,0.08763595704615951,0.6,0.42857142857142855,0.5,7,0.8666666666666667,0.5,0.8333333333333334,0.9666666666666667,0.20200582780901027,1.0,0.8,0.1,0.1,0.0,1.0,1.0,0.9
simgp24,straddle_min,6,2,0.10227107022292586,0.6666666666666666,0.2857142857142857,0.4,7,0.9310344827586207,0.27586206896551724,0.7931034482758621,1.0,0.19529767793906186,1.0,0.7586206896551724,0.1,0.1,0.0,1.0,1.0,1.0
simgp24,straddle_min,7,2,0.16671737755438001,0.6666666666666666,0.3333333333333333,0.4444444444444444,6,0.7857142857142857,0.21428571428571427,0.5714285714285714,0.8928571428571429,0.4396398308363073,1.0,0.5357142857142857,0.1,0.1,0.5,1.15,1.0,0.9
simgp24,straddle_min,8,2,0.11305655204053637,0.5,0.2,0.28571428571428575,5,0.8888888888888888,0.4444444444444444,0.8518518518518519,1.0,0.28290072498437313,1.0,0.9259259259259259,0.1,0.1,0.5,1.15,1.0,0.9
simgp24,straddle_min,9,2,0.09758812447270536,1.0,0.2,0.33333333333333337,5,0.9615384615384616,0.6923076923076923,0.9230769230769231,0.9615384615384616,0.18850403218022482,1.0,1.0,0.1,0.1,0.5,1.15,1.0,0.9
simgp24,straddle_min,10,2,0.10109965433057685,1.0,0.25,0.4,4,0.96,0.64,0.96,0.96,0.18403959807549436,1.0,1.0,0.1,0.1,0.5,1.15,1.0,0.9
simgp24,straddle_min,11,2,0.09854134047861204,1.0,0.25,0.4,4,0.9583333333333334,0.5416666666666666,0.9583333333333334,0.9583333333333334,0.18969069603806876,1.0,1.0,0.1,0.1,0.0,1.15,1.0,0.9
simgp24,straddle_min,12,2,0.08505474094265912,1.0,0.3333333333333333,0.5,3,1.0,0.6086956521739131,0.8695652173913043,1.0,0.08660021669190694,1.0,1.0,0.1,0.1,0.5,1.15,1.0,0.9
simgp24,straddle_min,13,2,0.11531884076836332,1.0,0.0,0.0,2,0.8636363636363636,0.4090909090909091,0.8181818181818182,0.9545454545454546,0.2531883388809571,1.0,0.9090909090909091,0.1,0.1,0.5,1.15,1.0,0.9
simgp24,straddle_min,14,2,0.07365853590027889,1.0,0.0,0.0,1,0.9047619047619048,0.6190476190476191,0.8571428571428571,0.9523809523809523,0.08461930688643286,1.0,1.0,0.1,0.1,0.5,1.15,1.0,0.9
simgp24,straddle_min,15,2,0.07497063747163851,1.0,0.0,0.0,1,0.95,0.6,0.85,1.0,0.08653298322515465,1.0,1.0,0.1,0.1,1.0,1.15,1.0,0.95
simgp24,random,3,3,0.07528066980382302,0.75,1.0,0.8571428571428571,3,1.0,0.96875,1.0,1.0,0.08305290017595894,0.0,1.0,0.1,0.1,0.0,1.0,0.9,1.1
simgp24_g75,random,3,3,0.15487598902278946,1.0,0.0,0.0,3,0.4375,0.1875,0.34375,0.5,,,,,,,,,
simgp_timeblind,random,3,3,0.2593520062541056,1.0,0.0,0.0,3,0.75,,,,0.38796569340268594,0.0,0.65625,,,,,,
mean_of_samples,random,3,3,0.2898583033221218,1.0,0.0,0.0,3,0.0,,,,0.4180013106420769,0.0,0.0,,,,,,
simgp24,random,4,3,0.08257159404866773,1.0,0.6666666666666666,0.8,3,1.0,0.6129032258064516,0.8709677419354839,1.0,0.20256189803866156,0.0,1.0,0.1,0.1,0.0,1.0,0.9,1.1
simgp24_g75,random,4,3,0.1503902341924533,1.0,0.0,0.0,3,0.41935483870967744,0.16129032258064516,0.3225806451612903,0.4838709677419355,,,,,,,,,
simgp_timeblind,random,4,3,0.3217142291550164,1.0,0.0,0.0,3,0.41935483870967744,,,,0.3668074435723007,0.0,0.6451612903225806,,,,,,
mean_of_samples,random,4,3,0.30455215725860774,1.0,0.0,0.0,3,0.0,,,,0.408594914279616,0.0,0.0,,,,,,
simgp24,random,5,3,0.14697820437712017,1.0,0.0,0.0,3,0.7666666666666667,0.3333333333333333,0.5,0.8333333333333334,0.16846726858420363,0.0,0.9333333333333333,0.1,0.1,0.0,1.0,0.9,1.05
simgp24_g75,random,5,3,0.1512954375159528,1.0,0.0,0.0,3,0.4,0.23333333333333334,0.36666666666666664,0.5,,,,,,,,,
simgp_timeblind,random,5,3,0.3437052734762474,1.0,0.0,0.0,3,0.36666666666666664,,,,0.3429802634219721,0.0,0.7333333333333333,,,,,,
mean_of_samples,random,5,3,0.28327561700294646,1.0,0.0,0.0,3,0.0,,,,0.4279916617235049,0.0,0.0,,,,,,
simgp24,random,6,3,0.08949910487669765,1.0,0.6666666666666666,0.8,3,1.0,0.7241379310344828,0.9655172413793104,1.0,0.12664733059649264,0.0,1.0,0.1,0.1,0.0,1.0,0.9,1.05
simgp24_g75,random,6,3,0.12648374245196145,1.0,0.0,0.0,3,0.3448275862068966,0.20689655172413793,0.3448275862068966,0.5517241379310345,,,,,,,,,
simgp_timeblind,random,6,3,0.5004912519794333,1.0,0.0,0.0,3,0.3103448275862069,,,,0.30143625018427145,0.0,0.8275862068965517,,,,,,
mean_of_samples,random,6,3,0.34096324224663743,1.0,0.0,0.0,3,0.0,,,,0.37999422536552424,0.0,0.0,,,,,,
simgp24,random,7,3,0.09866667733803612,1.0,0.5,0.6666666666666666,2,0.9642857142857143,0.6071428571428571,0.9285714285714286,1.0,0.13059719654432658,0.0,1.0,0.1,0.1,0.0,1.0,0.9,1.0
simgp24_g75,random,7,3,0.11909318652594623,1.0,0.0,0.0,2,0.6071428571428571,0.32142857142857145,0.39285714285714285,0.6428571428571429,,,,,,,,,
simgp_timeblind,random,7,3,0.4494606480575935,1.0,0.5,0.6666666666666666,2,0.39285714285714285,,,,0.2741958210484608,1.0,0.9285714285714286,,,,,,
mean_of_samples,random,7,3,0.3011177086946343,1.0,0.0,0.0,2,0.0,,,,0.4093187573247143,0.0,0.0,,,,,,
simgp24,random,8,3,0.06931384688806146,1.0,0.5,0.6666666666666666,2,0.9629629629629629,0.5925925925925926,0.9259259259259259,0.9629629629629629,0.15091699105880704,0.0,1.0,0.1,0.1,0.0,1.0,0.9,0.95
simgp24_g75,random,8,3,0.11820453323893694,1.0,0.0,0.0,2,0.5185185185185185,0.2222222222222222,0.37037037037037035,0.6296296296296297,,,,,,,,,
simgp_timeblind,random,8,3,0.4477099477511752,1.0,0.5,0.6666666666666666,2,0.37037037037037035,,,,0.2504236245994775,1.0,0.9259259259259259,,,,,,
mean_of_samples,random,8,3,0.3381885615208774,1.0,0.0,0.0,2,0.0,,,,0.3743942240903922,0.0,0.0,,,,,,
simgp24,random,9,3,0.10502859039290406,0.3333333333333333,1.0,0.5,1,0.9615384615384616,0.7307692307692307,0.9615384615384616,0.9615384615384616,0.16165110401980606,0.0,1.0,0.1,0.1,1.0,1.15,0.9,0.95
simgp24_g75,random,9,3,0.06680391797073032,1.0,0.0,0.0,1,1.0,0.5769230769230769,1.0,1.0,,,,,,,,,
simgp_timeblind,random,9,3,0.48311930734504704,1.0,1.0,1.0,1,0.3076923076923077,,,,0.24885869284268303,1.0,0.9230769230769231,,,,,,
mean_of_samples,random,9,3,0.30826184650598965,1.0,0.0,0.0,1,0.0,,,,0.3998433660894487,0.0,0.0,,,,,,
simgp24,random,10,3,0.07532235994346284,0.5,1.0,0.6666666666666666,1,0.96,0.76,0.92,1.0,0.09189063412395765,0.0,1.0,0.1,0.1,1.0,1.15,0.9,0.95
simgp24_g75,random,10,3,0.06744471425666107,1.0,0.0,0.0,1,1.0,0.48,0.88,1.0,,,,,,,,,
simgp_timeblind,random,10,3,0.38937478208461856,1.0,1.0,1.0,1,0.32,,,,0.2509300965163667,1.0,0.84,,,,,,
mean_of_samples,random,10,3,0.29530678919300246,1.0,0.0,0.0,1,0.0,,,,0.41710557658439884,0.0,0.0,,,,,,
simgp24,random,11,3,0.039558691758365475,0.5,1.0,0.6666666666666666,1,1.0,0.7916666666666666,0.9583333333333334,1.0,0.09286077299007556,0.0,1.0,0.1,0.3,0.0,1.15,0.9,1.1
simgp24_g75,random,11,3,0.06387105430723343,1.0,0.0,0.0,1,0.9583333333333334,0.5,0.8333333333333334,1.0,,,,,,,,,
simgp_timeblind,random,11,3,0.38926331424584165,1.0,1.0,1.0,1,0.4166666666666667,,,,0.26637715098400594,1.0,0.875,,,,,,
mean_of_samples,random,11,3,0.31663400359813343,1.0,0.0,0.0,1,0.0,,,,0.3609067842452815,0.0,0.0,,,,,,
simgp24,random,12,3,0.035847803602343506,0.3333333333333333,1.0,0.5,1,1.0,0.8260869565217391,1.0,1.0,0.0986766718370596,0.0,1.0,0.1,0.1,1.0,1.15,0.9,1.0
simgp24_g75,random,12,3,0.0653359148770178,1.0,0.0,0.0,1,0.9565217391304348,0.5217391304347826,0.8260869565217391,1.0,,,,,,,,,
simgp_timeblind,random,12,3,0.28079893343120255,1.0,1.0,1.0,1,0.6086956521739131,,,,0.32327192935635896,1.0,0.8695652173913043,,,,,,
mean_of_samples,random,12,3,0.31614758627339196,1.0,0.0,0.0,1,0.0,,,,0.3616749356369488,0.0,0.0,,,,,,
simgp24,random,13,3,0.04440310985501646,0.3333333333333333,1.0,0.5,1,1.0,0.8181818181818182,1.0,1.0,0.11822153759659988,0.0,1.0,0.1,0.1,1.0,1.15,0.9,1.0
simgp24_g75,random,13,3,0.07591902181596527,1.0,0.0,0.0,1,0.9545454545454546,0.4090909090909091,0.8181818181818182,1.0,,,,,,,,,
simgp_timeblind,random,13,3,0.3531048313979635,1.0,1.0,1.0,1,0.5,,,,0.28183830000625043,1.0,0.9090909090909091,,,,,,
mean_of_samples,random,13,3,0.33449485945805935,1.0,0.0,0.0,1,0.0,,,,0.35229316646636083,0.0,0.0,,,,,,
simgp24,random,14,3,0.034103134521226146,0.3333333333333333,1.0,0.5,1,1.0,0.7619047619047619,1.0,1.0,0.12821238034347376,0.0,1.0,0.1,0.1,1.0,1.15,0.9,1.0
simgp24_g75,random,14,3,0.06442999279808728,1.0,0.0,0.0,1,1.0,0.38095238095238093,0.9047619047619048,1.0,,,,,,,,,
simgp_timeblind,random,14,3,0.3244727061800024,1.0,0.0,0.0,1,0.7142857142857143,,,,0.33520520694956685,0.0,0.8571428571428571,,,,,,
mean_of_samples,random,14,3,0.3259455333439462,1.0,0.0,0.0,1,0.0,,,,0.35666704435948987,0.0,0.0,,,,,,
simgp24,random,15,3,0.06055813787705717,0.0,1.0,0.0,0,1.0,0.65,0.95,1.0,0.15195132356997368,1.0,1.0,0.1,0.1,0.5,1.0,0.9,1.0
simgp24_g75,random,15,3,0.04290309937143295,0.0,1.0,0.0,0,0.9,0.25,0.9,0.9,,,,,,,,,
simgp_timeblind,random,15,3,0.3214292823013952,1.0,1.0,1.0,0,0.65,,,,0.3432375938591767,1.0,0.8,,,,,,
mean_of_samples,random,15,3,0.29542566445061147,1.0,1.0,1.0,0,0.0,,,,0.3659791816379445,1.0,0.0,,,,,,
simgp24,uncertainty,3,3,0.07528066980382302,0.75,1.0,0.8571428571428571,3,1.0,0.96875,1.0,1.0,0.08305290017595894,0.0,1.0,0.1,0.1,0.0,1.0,0.9,1.1
simgp24,uncertainty,4,3,0.08807754689158491,1.0,0.5,0.6666666666666666,2,1.0,0.6451612903225806,0.9354838709677419,1.0,0.206774028763756,0.0,0.967741935483871,0.1,0.1,0.0,1.0,0.9,1.1
simgp24,uncertainty,5,3,0.12026253800698573,1.0,0.0,0.0,2,0.7666666666666667,0.36666666666666664,0.6,0.9666666666666667,0.1682073714351827,0.0,0.9333333333333333,0.1,0.1,0.0,1.0,0.9,1.1
simgp24,uncertainty,6,3,0.10367952724211588,1.0,0.0,0.0,1,0.9655172413793104,0.4482758620689655,0.8275862068965517,1.0,0.15549871115420016,1.0,0.9655172413793104,0.1,0.1,0.0,1.0,0.9,1.1
simgp24,uncertainty,7,3,0.09045657266293514,1.0,1.0,1.0,1,0.9642857142857143,0.75,0.9642857142857143,0.9642857142857143,0.1609254890006599,1.0,0.9642857142857143,0.1,0.1,0.0,1.15,1.0,0.9
simgp24,uncertainty,8,3,0.11607055588649262,1.0,0.0,0.0,1,1.0,0.4444444444444444,0.8148148148148148,1.0,0.14190523025379842,1.0,0.9629629629629629,0.1,0.1,0.0,1.15,1.0,0.95
simgp24,uncertainty,9,3,0.13248067682026596,1.0,0.0,0.0,1,1.0,0.6153846153846154,0.8461538461538461,1.0,0.16743815476178273,1.0,0.9615384615384616,0.1,0.1,0.5,1.15,1.0,0.95
simgp24,uncertainty,10,3,0.13378203949661602,1.0,0.0,0.0,1,1.0,0.52,0.84,1.0,0.17506812802524546,1.0,0.92,0.1,0.1,1.0,1.15,1.0,1.05
simgp24,uncertainty,11,3,0.18101037077145307,1.0,0.0,0.0,1,0.6666666666666666,0.2916666666666667,0.625,0.875,0.21478853841616086,1.0,0.9166666666666666,0.1,0.1,0.0,1.15,1.0,0.95
simgp24,uncertainty,12,3,0.18177903310826937,1.0,0.0,0.0,1,0.6956521739130435,0.30434782608695654,0.6521739130434783,0.782608695652174,0.22001011209996676,1.0,0.9130434782608695,0.1,0.1,0.0,1.15,1.0,0.95
simgp24,uncertainty,13,3,0.16802881419539017,1.0,0.0,0.0,1,0.7727272727272727,0.3181818181818182,0.6363636363636364,0.8181818181818182,0.23874219946539663,1.0,0.9090909090909091,0.1,0.1,0.0,1.15,1.0,0.9
simgp24,uncertainty,14,3,0.1451768773936394,1.0,0.0,0.0,1,0.7142857142857143,0.38095238095238093,0.6666666666666666,0.8095238095238095,0.23278666931664613,1.0,0.9047619047619048,0.1,0.1,0.0,1.15,1.0,0.9
simgp24,uncertainty,15,3,0.1538749034839163,1.0,0.0,0.0,1,0.65,0.35,0.6,0.7,0.23535561473967853,1.0,0.9,0.1,0.1,0.0,1.15,1.0,0.9
simgp24,straddle,3,3,0.07528066980382302,0.75,1.0,0.8571428571428571,3,1.0,0.96875,1.0,1.0,0.08305290017595894,0.0,1.0,0.1,0.1,0.0,1.0,0.9,1.1
simgp24,straddle,4,3,0.07138040560057754,0.5,0.5,0.5,2,1.0,0.8064516129032258,0.967741935483871,1.0,0.08624115295136672,1.0,1.0,0.1,0.1,0.0,1.0,0.9,1.05
simgp24,straddle,5,3,0.09456542233128114,1.0,1.0,1.0,1,0.8,0.5666666666666667,0.7333333333333333,0.9666666666666667,0.10699635302620238,1.0,0.9666666666666667,0.1,0.1,0.0,1.0,1.0,1.1
simgp24,straddle,6,3,0.0774423152301689,1.0,1.0,1.0,0,1.0,0.5517241379310345,0.896551724137931,1.0,0.105011235016521,1.0,0.9310344827586207,0.1,0.1,0.0,1.0,1.0,1.1
simgp24,straddle,7,3,0.08173452451690554,1.0,1.0,1.0,0,0.8928571428571429,0.4642857142857143,0.7142857142857143,1.0,0.1388336593922607,1.0,0.9285714285714286,0.1,0.1,0.0,1.0,1.0,1.1
simgp24,straddle,8,3,0.10161400888907222,1.0,1.0,1.0,0,0.8888888888888888,0.4074074074074074,0.7407407407407407,1.0,0.1709174443195244,1.0,0.9259259259259259,0.1,0.1,0.0,1.0,1.0,1.1
simgp24,straddle,9,3,0.10511480254794087,1.0,1.0,1.0,0,0.7692307692307693,0.38461538461538464,0.6923076923076923,0.9615384615384616,0.15829273191439167,1.0,0.9615384615384616,0.1,0.1,0.0,1.0,1.0,1.1
simgp24,straddle,10,3,0.12846721787492865,1.0,1.0,1.0,0,0.56,0.4,0.52,0.64,0.154858662748958,1.0,0.96,0.1,0.1,0.0,1.0,1.0,1.1
simgp24,straddle,11,3,0.1329995149450771,1.0,1.0,1.0,0,0.5833333333333334,0.375,0.5,0.625,0.18043368535778678,1.0,0.9583333333333334,0.1,0.1,0.0,1.0,1.0,1.1
simgp24,straddle,12,3,0.11764621550670949,0.0,1.0,0.0,0,0.8260869565217391,0.4782608695652174,0.5217391304347826,0.9130434782608695,0.12419391449061978,1.0,0.9565217391304348,0.1,0.1,0.0,1.0,1.0,1.1
simgp24,straddle,13,3,0.12525684343266227,0.0,1.0,0.0,0,0.6818181818181818,0.45454545454545453,0.5909090909090909,0.8181818181818182,0.13254588909686738,1.0,0.9545454545454546,0.1,0.1,0.0,1.0,1.0,1.1
simgp24,straddle,14,3,0.1408226463115364,0.0,1.0,0.0,0,0.6666666666666666,0.3333333333333333,0.47619047619047616,0.8571428571428571,0.18754505632219595,1.0,0.9523809523809523,0.1,0.1,0.0,1.0,1.0,1.1
simgp24,straddle,15,3,0.1615114531266995,0.0,1.0,0.0,0,0.5,0.3,0.4,0.55,0.2141326311579405,1.0,0.9,0.1,0.1,0.0,1.0,1.0,1.1
simgp24,straddle_min,3,3,0.07528066980382302,0.75,1.0,0.8571428571428571,3,1.0,0.96875,1.0,1.0,0.08305290017595894,0.0,1.0,0.1,0.1,0.0,1.0,0.9,1.1
simgp24,straddle_min,4,3,0.0897612017673547,1.0,0.3333333333333333,0.5,3,1.0,0.6129032258064516,0.8709677419354839,1.0,0.1487928998029733,0.0,0.9354838709677419,0.1,0.1,0.0,1.0,0.9,1.05
simgp24,straddle_min,5,3,0.07320074203785248,1.0,1.0,1.0,2,1.0,0.5666666666666667,0.9666666666666667,1.0,0.08919310407739699,0.0,1.0,0.1,0.1,0.0,1.0,1.0,0.95
simgp24,straddle_min,6,3,0.1023981176619175,1.0,0.0,0.0,1,0.896551724137931,0.5862068965517241,0.8275862068965517,0.9655172413793104,0.17502826108646263,0.0,0.896551724137931,0.1,0.1,0.0,1.0,1.0,1.05
simgp24,straddle_min,7,3,0.10152362353453885,0.0,1.0,0.0,0,1.0,0.6785714285714286,0.8928571428571429,1.0,0.18425262090784253,1.0,0.8928571428571429,0.1,0.1,0.0,0.85,0.9,1.1
simgp24,straddle_min,8,3,0.10222161516774637,0.0,1.0,0.0,0,1.0,0.5555555555555556,0.8148148148148148,1.0,0.15261321188806162,1.0,0.9629629629629629,0.1,0.1,0.0,1.15,1.0,0.9
simgp24,straddle_min,9,3,0.08620995693236053,1.0,1.0,1.0,0,1.0,0.7307692307692307,0.9230769230769231,1.0,0.14292255303850948,1.0,0.9615384615384616,0.1,0.1,0.0,1.0,1.0,0.9
simgp24,straddle_min,10,3,0.06506101122153674,0.0,1.0,0.0,0,1.0,0.92,1.0,1.0,0.06547970492726131,1.0,1.0,0.1,0.1,0.5,1.15,1.0,0.9
simgp24,straddle_min,11,3,0.11363090888913727,0.0,1.0,0.0,0,0.875,0.6666666666666666,0.8333333333333334,0.9583333333333334,0.2479555333995852,1.0,0.8333333333333334,0.1,0.1,0.0,1.15,1.0,0.9
simgp24,straddle_min,12,3,0.09809367558659852,1.0,1.0,1.0,0,0.9565217391304348,0.782608695652174,0.9130434782608695,1.0,0.08145057327705443,1.0,1.0,0.1,0.1,0.0,1.15,1.0,0.9
simgp24,straddle_min,13,3,0.13139783990018086,1.0,1.0,1.0,0,0.8181818181818182,0.45454545454545453,0.7727272727272727,0.9090909090909091,0.3160372146990233,1.0,0.6818181818181818,0.1,0.1,0.5,1.15,1.0,0.9
simgp24,straddle_min,14,3,0.09022859949921556,1.0,1.0,1.0,0,0.9047619047619048,0.6666666666666666,0.8571428571428571,1.0,0.08050398855376058,1.0,1.0,0.1,0.1,0.5,1.15,1.0,0.9
simgp24,straddle_min,15,3,0.10343161353176203,1.0,1.0,1.0,0,0.85,0.65,0.85,0.95,0.10080749682814456,1.0,1.0,0.1,0.1,0.0,1.15,1.0,0.9
simgp24,random,3,4,0.09338604892640046,0.5,1.0,0.6666666666666666,10,0.8125,0.40625,0.65625,0.90625,0.07244012352285854,0.5,1.0,0.1,0.3,1.0,1.15,1.0,1.1
simgp24_g75,random,3,4,0.0874870147642236,0.625,1.0,0.7692307692307693,10,0.71875,0.34375,0.59375,0.8125,,,,,,,,,
simgp_timeblind,random,3,4,0.12649050413594892,0.8,0.4,0.5333333333333333,10,1.0,,,,0.42867753035024225,0.5,0.53125,,,,,,
mean_of_samples,random,3,4,0.23805348196516404,1.0,0.0,0.0,10,0.0,,,,0.5237955526802105,0.0,0.0,,,,,,
simgp24,random,4,4,0.07097645150718683,0.5882352941176471,1.0,0.7407407407407407,10,0.8064516129032258,0.5161290322580645,0.7419354838709677,0.9354838709677419,0.07112996338197786,0.0,1.0,0.1,0.3,1.0,1.15,1.0,1.1
simgp24_g75,random,4,4,0.06701256066030854,0.6666666666666666,1.0,0.8,10,0.9032258064516129,0.3548387096774194,0.8709677419354839,0.9354838709677419,,,,,,,,,
simgp_timeblind,random,4,4,0.13846770973216274,1.0,0.3,0.4615384615384615,10,0.8064516129032258,,,,0.4210820314623041,0.5,0.41935483870967744,,,,,,
mean_of_samples,random,4,4,0.24004848966518422,1.0,0.0,0.0,10,0.0,,,,0.5091187684197687,0.0,0.0,,,,,,
simgp24,random,5,4,0.06751630533873461,0.625,1.0,0.7692307692307693,10,0.9,0.4666666666666667,0.7666666666666667,1.0,0.07132364492229214,0.0,1.0,0.1,0.3,1.0,1.15,1.0,1.1
simgp24_g75,random,5,4,0.05103308470760148,0.6666666666666666,1.0,0.8,10,0.9333333333333333,0.5666666666666667,0.9,0.9666666666666667,,,,,,,,,
simgp_timeblind,random,5,4,0.10540996814275959,1.0,0.3,0.4615384615384615,10,0.8,,,,0.39256687489589415,0.5,0.3333333333333333,,,,,,
mean_of_samples,random,5,4,0.2854552947515389,1.0,0.0,0.0,10,0.0,,,,0.36052854106323945,0.0,0.0,,,,,,
simgp24,random,6,4,0.07951644451358365,0.6428571428571429,0.9,0.75,10,0.8620689655172413,0.4827586206896552,0.7241379310344828,1.0,0.1427742274090802,0.0,0.8275862068965517,0.1,0.3,1.0,1.15,1.0,1.1
simgp24_g75,random,6,4,0.07644474073101436,0.9,0.9,0.9,10,0.7586206896551724,0.27586206896551724,0.5862068965517241,0.8620689655172413,,,,,,,,,
simgp_timeblind,random,6,4,0.11423887472052892,1.0,0.3,0.4615384615384615,10,0.7931034482758621,,,,0.3938773309785993,0.5,0.3103448275862069,,,,,,
mean_of_samples,random,6,4,0.26251081111070446,1.0,0.0,0.0,10,0.0,,,,0.3801012083659966,0.0,0.0,,,,,,
simgp24,random,7,4,0.08291443551595999,0.7142857142857143,1.0,0.8333333333333333,10,0.8571428571428571,0.5714285714285714,0.7142857142857143,0.9642857142857143,0.15040070341850043,0.0,0.75,0.1,0.3,0.5,1.0,1.1,1.1
simgp24_g75,random,7,4,0.053540026946666174,0.75,0.9,0.8181818181818182,10,0.8928571428571429,0.5714285714285714,0.7857142857142857,0.9285714285714286,,,,,,,,,
simgp_timeblind,random,7,4,0.18115814458972698,1.0,0.1,0.18181818181818182,10,0.8571428571428571,,,,0.3736024964240142,0.0,0.6428571428571429,,,,,,
mean_of_samples,random,7,4,0.3120378916817983,1.0,0.0,0.0,10,0.0,,,,0.35419781853028665,0.0,0.0,,,,,,
simgp24,random,8,4,0.08528162034474081,0.8,0.8888888888888888,0.8421052631578948,9,0.7777777777777778,0.5185185185185185,0.6666666666666666,0.8518518518518519,0.1625554939584234,0.0,0.6296296296296297,0.1,0.3,0.5,1.0,1.1,1.1
simgp24_g75,random,8,4,0.05668358916639855,0.8888888888888888,0.8888888888888888,0.8888888888888888,9,0.8518518518518519,0.5185185185185185,0.7777777777777778,0.9259259259259259,,,,,,,,,
simgp_timeblind,random,8,4,0.1802639644512753,1.0,0.1111111111111111,0.19999999999999998,9,0.8518518518518519,,,,0.3654663606505015,0.0,0.6296296296296297,,,,,,
mean_of_samples,random,8,4,0.3150020583654813,1.0,0.0,0.0,9,0.0,,,,0.35677843000729914,0.0,0.0,,,,,,
simgp24,random,9,4,0.08280131435080726,0.7,0.875,0.7777777777777777,8,0.8076923076923077,0.46153846153846156,0.6538461538461539,0.8076923076923077,0.1344970586669595,1.0,1.0,0.1,0.3,0.5,1.0,1.1,1.1
simgp24_g75,random,9,4,0.0771017496559129,0.875,0.875,0.875,8,0.8076923076923077,0.46153846153846156,0.7692307692307693,0.8461538461538461,,,,,,,,,
simgp_timeblind,random,9,4,0.19195532919246158,1.0,0.125,0.2222222222222222,8,0.8846153846153846,,,,0.38418137302263566,0.0,0.6923076923076923,,,,,,
mean_of_samples,random,9,4,0.30987315171569,1.0,0.0,0.0,8,0.0,,,,0.35939343951644703,0.0,0.0,,,,,,
simgp24,random,10,4,0.08300929088039406,0.7,0.875,0.7777777777777777,8,0.8,0.48,0.72,0.84,0.1398495085193433,1.0,0.8,0.1,0.3,0.5,1.0,1.1,1.1
simgp24_g75,random,10,4,0.07598555804612388,0.875,0.875,0.875,8,0.84,0.48,0.8,0.84,,,,,,,,,
simgp_timeblind,random,10,4,0.19959809582858093,1.0,0.125,0.2222222222222222,8,0.72,,,,0.36680568409192105,0.5,0.64,,,,,,
mean_of_samples,random,10,4,0.30109242254641727,1.0,0.0,0.0,8,0.0,,,,0.36634911012343085,0.0,0.0,,,,,,
simgp24,random,11,4,0.06745553971550151,0.7,1.0,0.8235294117647058,7,0.7916666666666666,0.5,0.75,0.9166666666666666,0.08498205242992106,1.0,1.0,0.25,0.1,1.0,1.0,1.1,1.1
simgp24_g75,random,11,4,0.048330124919520094,0.875,1.0,0.9333333333333333,7,0.8333333333333334,0.625,0.7083333333333334,0.9166666666666666,,,,,,,,,
simgp_timeblind,random,11,4,0.19712694981327264,1.0,0.0,0.0,7,0.875,,,,0.36526377621299494,0.0,0.7083333333333334,,,,,,
mean_of_samples,random,11,4,0.29993966527171095,1.0,0.0,0.0,7,0.0,,,,0.37279112186384855,0.0,0.0,,,,,,
simgp24,random,12,4,0.09562983017057497,0.7777777777777778,1.0,0.8750000000000001,7,0.8260869565217391,0.43478260869565216,0.6521739130434783,0.8695652173913043,0.13432134091615794,1.0,0.7391304347826086,0.25,0.1,1.0,1.0,1.1,1.1
simgp24_g75,random,12,4,0.05597427401709231,0.7777777777777778,1.0,0.8750000000000001,7,0.8260869565217391,0.4782608695652174,0.7391304347826086,0.9565217391304348,,,,,,,,,
simgp_timeblind,random,12,4,0.1618128330872075,1.0,0.0,0.0,7,0.8260869565217391,,,,0.3870541870166322,0.0,0.6086956521739131,,,,,,
mean_of_samples,random,12,4,0.2917272130078279,1.0,0.0,0.0,7,0.0,,,,0.3804357578009372,0.0,0.0,,,,,,
simgp24,random,13,4,0.052048785608308355,0.6363636363636364,1.0,0.7777777777777778,7,0.9090909090909091,0.5,0.7272727272727273,0.9545454545454546,0.08766011701108138,0.5,1.0,0.1,0.3,0.5,1.0,1.1,1.1
simgp24_g75,random,13,4,0.0418155418969617,0.7,1.0,0.8235294117647058,7,0.9545454545454546,0.45454545454545453,0.8636363636363636,0.9545454545454546,,,,,,,,,
simgp_timeblind,random,13,4,0.2292392563724939,1.0,0.0,0.0,7,0.5454545454545454,,,,0.35953031140521513,0.0,0.3181818181818182,,,,,,
mean_of_samples,random,13,4,0.30286332360686447,1.0,0.0,0.0,7,0.0,,,,0.37310667272671416,0.0,0.0,,,,,,
simgp24,random,14,4,0.05123081069835283,0.6363636363636364,1.0,0.7777777777777778,7,0.9047619047619048,0.5238095238095238,0.7142857142857143,0.9047619047619048,0.08864495322099018,0.5,1.0,0.1,0.3,0.0,1.0,1.1,1.0
simgp24_g75,random,14,4,0.0393140357736568,0.7,1.0,0.8235294117647058,7,0.9523809523809523,0.47619047619047616,0.8571428571428571,0.9523809523809523,,,,,,,,,
simgp_timeblind,random,14,4,0.23898339683839814,1.0,0.0,0.0,7,0.47619047619047616,,,,0.3559023692492924,0.0,0.3333333333333333,,,,,,
mean_of_samples,random,14,4,0.33609362665429077,1.0,0.0,0.0,7,0.0,,,,0.3429643095006741,0.0,0.0,,,,,,
simgp24,random,15,4,0.05402854836736488,0.6363636363636364,1.0,0.7777777777777778,7,0.9,0.45,0.75,0.9,0.0932493842596087,1.0,0.95,0.1,0.3,0.0,1.0,0.9,1.0
simgp24_g75,random,15,4,0.04033482571578656,0.7,1.0,0.8235294117647058,7,0.9,0.4,0.75,1.0,,,,,,,,,
simgp_timeblind,random,15,4,0.2906959795867064,1.0,0.0,0.0,7,0.55,,,,0.2880785844103431,0.0,0.8,,,,,,
mean_of_samples,random,15,4,0.3430271395894457,1.0,0.0,0.0,7,0.0,,,,0.33857580698057754,0.0,0.0,,,,,,
simgp24,uncertainty,3,4,0.09338604892640046,0.5,1.0,0.6666666666666666,10,0.8125,0.40625,0.65625,0.90625,0.07244012352285854,0.5,1.0,0.1,0.3,1.0,1.15,1.0,1.1
simgp24,uncertainty,4,4,0.07869862825652035,0.6153846153846154,0.8888888888888888,0.7272727272727274,9,0.8709677419354839,0.4838709677419355,0.7419354838709677,0.9354838709677419,0.07469827980906414,0.0,1.0,0.1,0.3,0.0,0.85,1.1,1.05
simgp24,uncertainty,5,4,0.07302513225651974,0.8,0.8888888888888888,0.8421052631578948,9,0.8666666666666667,0.43333333333333335,0.7333333333333333,0.9333333333333333,0.18511409355263447,0.0,0.7666666666666667,0.1,0.3,0.0,0.85,1.1,1.05
simgp24,uncertainty,6,4,0.15114840425833445,0.4,1.0,0.5714285714285715,8,0.8620689655172413,0.20689655172413793,0.6551724137931034,0.9310344827586207,0.07658300234066054,0.0,1.0,0.1,0.3,0.0,0.85,1.1,1.1
simgp24,uncertainty,7,4,0.09170769010098996,0.42857142857142855,0.8571428571428571,0.5714285714285714,7,0.9642857142857143,0.6428571428571429,0.9285714285714286,0.9642857142857143,0.14881837725802782,0.0,0.9642857142857143,0.1,0.3,0.5,1.0,1.1,1.05
simgp24,uncertainty,8,4,0.10299638658285205,0.5,0.8571428571428571,0.631578947368421,7,0.9259259259259259,0.5925925925925926,0.8518518518518519,0.9629629629629629,0.2029881433888487,1.0,0.8888888888888888,0.25,0.1,0.0,1.0,1.1,0.9
simgp24,uncertainty,9,4,0.10038399923630885,0.5454545454545454,0.8571428571428571,0.6666666666666665,7,0.9230769230769231,0.6153846153846154,0.8076923076923077,0.9615384615384616,0.20892172379235477,1.0,0.8846153846153846,0.25,0.1,0.5,1.0,1.1,0.95
simgp24,uncertainty,10,4,0.09966370278224848,0.5454545454545454,0.8571428571428571,0.6666666666666665,7,0.92,0.6,0.8,0.96,0.207651645282296,1.0,0.88,0.1,0.3,0.0,1.0,1.1,0.95
simgp24,uncertainty,11,4,0.1054677818189977,0.6,1.0,0.7499999999999999,6,0.875,0.5416666666666666,0.75,0.9583333333333334,0.0679624191136855,1.0,1.0,0.1,0.3,0.0,1.0,1.1,1.0
simgp24,uncertainty,12,4,0.07239945359863276,0.5714285714285714,0.8,0.6666666666666666,5,0.8695652173913043,0.5652173913043478,0.8695652173913043,0.9130434782608695,0.0626544545226599,1.0,1.0,0.1,0.3,0.0,1.0,1.1,1.0
simgp24,uncertainty,13,4,0.06970295703542714,0.5,0.75,0.6,4,0.8636363636363636,0.4090909090909091,0.7727272727272727,0.9545454545454546,0.06543169913661515,1.0,1.0,0.1,0.3,0.0,1.0,1.1,0.95
simgp24,uncertainty,14,4,0.05825339136259617,0.5,1.0,0.6666666666666666,3,0.8095238095238095,0.2857142857142857,0.7619047619047619,0.9047619047619048,0.06513811901787644,1.0,0.9523809523809523,0.1,0.3,0.5,1.0,1.1,1.1
simgp24,uncertainty,15,4,0.06041233438603951,0.5,1.0,0.6666666666666666,3,0.8,0.3,0.7,0.85,0.06990748797443645,1.0,0.95,0.1,0.3,0.5,1.0,1.1,1.1
simgp24,straddle,3,4,0.09338604892640046,0.5,1.0,0.6666666666666666,10,0.8125,0.40625,0.65625,0.90625,0.07244012352285854,0.5,1.0,0.1,0.3,1.0,1.15,1.0,1.1
simgp24,straddle,4,4,0.0684001426755365,0.6,1.0,0.7499999999999999,9,0.8387096774193549,0.5483870967741935,0.7741935483870968,0.9032258064516129,0.12445613605631206,0.0,1.0,0.1,0.3,1.0,1.15,1.0,1.05
simgp24,straddle,5,4,0.10487661980455493,0.6153846153846154,1.0,0.761904761904762,8,0.9666666666666667,0.5666666666666667,0.9333333333333333,0.9666666666666667,0.07968606030719695,0.0,1.0,0.1,0.1,0.5,0.85,1.1,0.9
simgp24,straddle,6,4,0.07071785044433714,0.75,0.8571428571428571,0.7999999999999999,7,0.9655172413793104,0.7586206896551724,0.896551724137931,1.0,0.2566725657322717,0.0,0.9655172413793104,0.1,0.1,1.0,1.0,1.1,0.9
simgp24,straddle,7,4,0.10371526817696196,0.5555555555555556,0.8333333333333334,0.6666666666666667,6,0.9642857142857143,0.7857142857142857,0.9642857142857143,0.9642857142857143,0.09120967167429672,1.0,1.0,0.1,0.1,1.0,1.0,1.1,0.9
simgp24,straddle,8,4,0.0947816029472554,0.8,0.8,0.8000000000000002,5,0.9629629629629629,0.8148148148148148,0.9259259259259259,1.0,0.11686778347109256,1.0,1.0,0.1,0.1,0.5,1.0,1.0,0.9
simgp24,straddle,9,4,0.07953059949026862,1.0,0.75,0.8571428571428571,4,1.0,0.8846153846153846,0.9615384615384616,1.0,0.08938550755287047,1.0,1.0,0.1,0.1,0.0,1.0,1.0,0.9
simgp24,straddle,10,4,0.08131509615086797,0.6666666666666666,0.6666666666666666,0.6666666666666666,3,1.0,0.88,0.96,1.0,0.06673413592419337,1.0,1.0,0.1,0.3,0.0,1.15,0.9,1.05
simgp24,straddle,11,4,0.07054365261235988,0.5,1.0,0.6666666666666666,2,1.0,0.7916666666666666,1.0,1.0,0.15248254869502403,1.0,1.0,0.1,0.3,0.5,1.15,0.9,1.1
simgp24,straddle,12,4,0.09118140690933584,1.0,1.0,1.0,1,1.0,0.7391304347826086,0.9565217391304348,1.0,0.27235704225342644,1.0,0.9565217391304348,0.1,0.3,0.5,1.15,0.9,1.1
simgp24,straddle,13,4,0.09298640699659153,1.0,1.0,1.0,1,0.9545454545454546,0.6363636363636364,0.9090909090909091,1.0,0.2841655217199319,1.0,0.9545454545454546,0.1,0.3,0.5,1.15,0.9,1.1
simgp24,straddle,14,4,0.17662538131926467,0.0,1.0,0.0,0,0.9047619047619048,0.2857142857142857,0.7142857142857143,1.0,0.4187659719596543,1.0,0.8571428571428571,0.1,0.3,0.5,1.15,0.9,1.1
simgp24,straddle,15,4,0.07648943787320563,1.0,1.0,1.0,0,1.0,0.8,0.9,1.0,0.11359157489487225,1.0,1.0,0.1,0.3,0.5,1.15,0.9,1.1
simgp24,straddle_min,3,4,0.09338604892640046,0.5,1.0,0.6666666666666666,10,0.8125,0.40625,0.65625,0.90625,0.07244012352285854,0.5,1.0,0.1,0.3,1.0,1.15,1.0,1.1
simgp24,straddle_min,4,4,0.07838780365389282,0.6428571428571429,1.0,0.782608695652174,9,0.8387096774193549,0.45161290322580644,0.7419354838709677,0.967741935483871,0.07270824071581611,0.0,1.0,0.1,0.3,0.0,0.85,1.1,1.05
simgp24,straddle_min,5,4,0.07246784513478179,0.7272727272727273,0.8888888888888888,0.7999999999999999,9,0.9333333333333333,0.5666666666666667,0.8666666666666667,1.0,0.16545723120655778,0.0,0.8333333333333334,0.1,0.3,0.0,0.85,0.9,1.05
simgp24,straddle_min,6,4,0.11578065702136071,0.6666666666666666,0.8888888888888888,0.761904761904762,9,0.896551724137931,0.5172413793103449,0.896551724137931,0.9310344827586207,0.30826069558023245,0.0,0.896551724137931,0.1,0.1,1.0,0.85,1.1,0.9
simgp24,straddle_min,7,4,0.09999870875236944,0.6153846153846154,0.8888888888888888,0.7272727272727274,9,0.9642857142857143,0.6071428571428571,0.9642857142857143,0.9642857142857143,0.19477480572512323,1.0,0.8928571428571429,0.25,0.1,0.5,1.0,1.1,0.95
simgp24,straddle_min,8,4,0.1206792560758334,0.6,1.0,0.7499999999999999,9,0.9259259259259259,0.4444444444444444,0.7407407407407407,0.9629629629629629,0.097088791451648,1.0,1.0,0.25,0.1,0.0,1.0,1.1,0.9
simgp24,straddle_min,9,4,0.12670649124518824,0.6428571428571429,1.0,0.782608695652174,9,0.8461538461538461,0.38461538461538464,0.6923076923076923,0.9615384615384616,0.08271483666513474,1.0,1.0,0.25,0.1,0.5,1.0,1.1,0.95
simgp24,straddle_min,10,4,0.09539890892162853,0.6666666666666666,0.8888888888888888,0.761904761904762,9,0.96,0.64,0.92,0.96,0.19482593988552718,1.0,0.88,0.25,0.1,0.5,1.0,1.1,0.95
simgp24,straddle_min,11,4,0.09829255205109269,0.7272727272727273,0.8888888888888888,0.7999999999999999,9,0.9583333333333334,0.625,0.9583333333333334,0.9583333333333334,0.20521224588614606,1.0,0.8333333333333334,0.25,0.1,0.0,1.0,1.1,0.9
simgp24,straddle_min,12,4,0.08608133526198,1.0,0.8888888888888888,0.9411764705882353,9,0.9130434782608695,0.6956521739130435,0.8260869565217391,0.9130434782608695,0.1128683448919039,1.0,1.0,0.25,0.1,0.5,1.0,1.1,0.9
simgp24,straddle_min,13,4,0.08622568106651798,1.0,1.0,1.0,8,0.8636363636363636,0.6818181818181818,0.8181818181818182,0.9090909090909091,0.11018377168851466,1.0,1.0,0.25,0.1,0.5,1.0,1.1,0.9
simgp24,straddle_min,14,4,0.08516155184116957,1.0,1.0,1.0,8,0.9047619047619048,0.6666666666666666,0.8571428571428571,0.9523809523809523,0.10936793720585107,1.0,1.0,0.25,0.1,0.5,1.0,1.1,0.9
simgp24,straddle_min,15,4,0.08713198075545864,1.0,1.0,1.0,8,0.9,0.65,0.85,0.95,0.10417401880359747,1.0,1.0,0.1,0.3,0.0,1.0,1.1,0.95
simgp24,random,3,5,0.0483094201814336,0.8125,1.0,0.896551724137931,13,1.0,0.6875,0.96875,1.0,0.09471173858405557,0.4,1.0,0.1,0.3,1.0,1.15,0.9,1.1
simgp24_g75,random,3,5,0.04467992405739561,0.9285714285714286,1.0,0.962962962962963,13,0.96875,0.6875,0.90625,1.0,,,,,,,,,
simgp_timeblind,random,3,5,0.17511643659375753,1.0,0.3076923076923077,0.47058823529411764,13,0.78125,,,,0.3763525826384874,0.4,0.3125,,,,,,
mean_of_samples,random,3,5,0.23483664943104754,1.0,0.0,0.0,13,0.0,,,,0.4735387652487187,0.0,0.0,,,,,,
simgp24,random,4,5,0.04443685438461422,0.8666666666666667,1.0,0.9285714285714286,13,0.967741935483871,0.6451612903225806,0.967741935483871,0.967741935483871,0.08650053476817125,0.4,1.0,0.25,0.3,0.0,1.15,1.1,1.1
simgp24_g75,random,4,5,0.04733584551417901,1.0,1.0,1.0,13,0.9032258064516129,0.6129032258064516,0.8064516129032258,0.967741935483871,,,,,,,,,
simgp_timeblind,random,4,5,0.1888151868055477,1.0,0.23076923076923078,0.375,13,0.7096774193548387,,,,0.3535942051501503,0.2,0.3870967741935484,,,,,,
mean_of_samples,random,4,5,0.23849397117265209,1.0,0.0,0.0,13,0.0,,,,0.4722115432395226,0.0,0.0,,,,,,
simgp24,random,5,5,0.0429922692825414,0.8571428571428571,1.0,0.923076923076923,12,0.9666666666666667,0.8,0.9666666666666667,1.0,0.07183963287618651,1.0,1.0,0.25,0.1,0.5,1.0,1.0,0.95
simgp24_g75,random,5,5,0.05119847102601513,1.0,1.0,1.0,12,0.9333333333333333,0.6,0.8,0.9666666666666667,,,,,,,,,
simgp_timeblind,random,5,5,0.19561049742758294,1.0,0.08333333333333333,0.15384615384615385,12,0.8,,,,0.35907498036076063,0.0,0.5666666666666667,,,,,,
mean_of_samples,random,5,5,0.24310358634633156,1.0,0.0,0.0,12,0.0,,,,0.45096281871743893,0.0,0.0,,,,,,
simgp24,random,6,5,0.05187979411988685,0.9230769230769231,1.0,0.9600000000000001,12,0.9655172413793104,0.7931034482758621,0.9310344827586207,1.0,0.07993016593804594,1.0,1.0,0.25,0.1,1.0,1.0,1.1,1.05
simgp24_g75,random,6,5,0.060409676189410344,1.0,1.0,1.0,12,0.896551724137931,0.5172413793103449,0.7241379310344828,0.9310344827586207,,,,,,,,,
simgp_timeblind,random,6,5,0.20510054981337775,1.0,0.0,0.0,12,0.7931034482758621,,,,0.36172554295548726,0.0,0.5172413793103449,,,,,,
mean_of_samples,random,6,5,0.27773053702518,1.0,0.0,0.0,12,0.0,,,,0.3493460244433268,0.0,0.0,,,,,,
simgp24,random,7,5,0.04920594174752045,0.9230769230769231,1.0,0.9600000000000001,12,0.9642857142857143,0.7857142857142857,0.9642857142857143,1.0,0.08248190657238806,1.0,1.0,0.25,0.1,1.0,1.0,1.1,1.05
simgp24_g75,random,7,5,0.06699822842179864,1.0,1.0,1.0,12,0.8571428571428571,0.5,0.75,0.8571428571428571,,,,,,,,,
simgp_timeblind,random,7,5,0.2094556390006932,1.0,0.0,0.0,12,0.75,,,,0.3738912786296381,0.0,0.5,,,,,,
mean_of_samples,random,7,5,0.30912222602112316,1.0,0.0,0.0,12,0.0,,,,0.33564490818180287,0.0,0.0,,,,,,
simgp24,random,8,5,0.040205801243622136,1.0,1.0,1.0,12,0.9629629629629629,0.8148148148148148,0.9259259259259259,1.0,0.07006069851277012,0.6,1.0,0.25,0.1,1.0,1.0,1.1,1.05
simgp24_g75,random,8,5,0.036178485159966335,1.0,0.9166666666666666,0.9565217391304348,12,0.9629629629629629,0.6296296296296297,0.8148148148148148,0.9629629629629629,,,,,,,,,
simgp_timeblind,random,8,5,0.2868191007765558,1.0,0.0,0.0,12,0.5555555555555556,,,,0.39228104053478297,0.0,0.3333333333333333,,,,,,
mean_of_samples,random,8,5,0.33114180598993603,1.0,0.0,0.0,12,0.0,,,,0.3187946179653101,0.0,0.0,,,,,,
simgp24,random,9,5,0.040796285520096856,0.8461538461538461,1.0,0.9166666666666666,11,0.9615384615384616,0.7692307692307693,0.8846153846153846,1.0,0.08320605861755691,1.0,1.0,0.25,0.1,1.0,1.0,1.1,1.05
simgp24_g75,random,9,5,0.03740410499077097,1.0,1.0,1.0,11,0.9230769230769231,0.6153846153846154,0.8461538461538461,0.9615384615384616,,,,,,,,,
simgp_timeblind,random,9,5,0.19496948938620343,1.0,0.0,0.0,11,0.7307692307692307,,,,0.38471324693525516,0.0,0.3076923076923077,,,,,,
mean_of_samples,random,9,5,0.3258033130030541,1.0,0.0,0.0,11,0.0,,,,0.3200146987841821,0.0,0.0,,,,,,
simgp24,random,10,5,0.04029611950874881,0.8461538461538461,1.0,0.9166666666666666,11,0.96,0.8,0.92,1.0,0.07672796546691002,1.0,1.0,0.1,0.3,0.5,1.0,1.1,1.1
simgp24_g75,random,10,5,0.03763780713395665,1.0,1.0,1.0,11,0.92,0.64,0.84,0.96,,,,,,,,,
simgp_timeblind,random,10,5,0.2572665464777448,1.0,0.0,0.0,11,0.6,,,,0.38113720736485657,0.0,0.36,,,,,,
mean_of_samples,random,10,5,0.3474383709200153,1.0,0.0,0.0,11,0.0,,,,0.31761614473862493,0.0,0.0,,,,,,
simgp24,random,11,5,0.040109286808006565,0.8461538461538461,1.0,0.9166666666666666,11,0.9583333333333334,0.875,0.875,1.0,0.06894160962988642,1.0,0.9583333333333334,0.1,0.3,0.5,1.0,1.1,1.1
simgp24_g75,random,11,5,0.03584705301382128,1.0,1.0,1.0,11,0.9166666666666666,0.625,0.875,0.9166666666666666,,,,,,,,,
simgp_timeblind,random,11,5,0.26080498518791545,1.0,0.0,0.0,11,0.25,,,,0.3091082046903239,0.0,0.20833333333333334,,,,,,
mean_of_samples,random,11,5,0.3387541072645433,1.0,0.0,0.0,11,0.0,,,,0.317065997579351,0.0,0.0,,,,,,
simgp24,random,12,5,0.03993041336389752,0.9166666666666666,1.0,0.9565217391304348,11,0.9130434782608695,0.8695652173913043,0.8695652173913043,1.0,0.06856361537924545,1.0,0.9565217391304348,0.1,0.3,0.5,1.0,1.1,1.1
simgp24_g75,random,12,5,0.03820920558947571,1.0,1.0,1.0,11,0.8695652173913043,0.5652173913043478,0.8260869565217391,0.8695652173913043,,,,,,,,,
simgp_timeblind,random,12,5,0.2566764952177556,1.0,0.0,0.0,11,0.30434782608695654,,,,0.30825525785396124,0.0,0.2608695652173913,,,,,,
mean_of_samples,random,12,5,0.32599200948494345,1.0,0.0,0.0,11,0.0,,,,0.3219946022815315,0.0,0.0,,,,,,
simgp24,random,13,5,0.04016126316284133,0.9166666666666666,1.0,0.9565217391304348,11,0.9090909090909091,0.8636363636363636,0.8636363636363636,0.9545454545454546,0.06851133664358229,1.0,0.9545454545454546,0.1,0.3,0.5,1.0,1.1,1.1
simgp24_g75,random,13,5,0.03874362788366483,1.0,1.0,1.0,11,0.8636363636363636,0.5454545454545454,0.8181818181818182,0.8636363636363636,,,,,,,,,
simgp_timeblind,random,13,5,0.29127817321286653,1.0,0.0,0.0,11,0.6363636363636364,,,,0.30679136271152646,0.0,0.7272727272727273,,,,,,
mean_of_samples,random,13,5,0.3423724876078245,1.0,0.0,0.0,11,0.0,,,,0.3206761349470033,0.0,0.0,,,,,,
simgp24,random,14,5,0.04206507944295428,0.9166666666666666,1.0,0.9565217391304348,11,0.9047619047619048,0.8571428571428571,0.8571428571428571,0.9523809523809523,0.07016539281995555,1.0,0.9523809523809523,0.1,0.3,0.5,1.0,1.1,1.1
simgp24_g75,random,14,5,0.040683658753568025,1.0,1.0,1.0,11,0.8571428571428571,0.47619047619047616,0.8571428571428571,0.9523809523809523,,,,,,,,,
simgp_timeblind,random,14,5,0.30794276925612635,1.0,0.0,0.0,11,0.5714285714285714,,,,0.3056699227015455,0.0,0.7142857142857143,,,,,,
mean_of_samples,random,14,5,0.3733131709309178,1.0,0.0,0.0,11,0.0,,,,0.31639272079915237,0.0,0.0,,,,,,
simgp24,random,15,5,0.04057427519564407,0.9166666666666666,1.0,0.9565217391304348,11,0.9,0.85,0.85,0.95,0.07051355165055698,1.0,0.95,0.1,0.3,0.5,1.0,1.1,1.1
simgp24_g75,random,15,5,0.040072198589647,1.0,1.0,1.0,11,0.85,0.5,0.8,0.85,,,,,,,,,
simgp_timeblind,random,15,5,0.32922039981739476,1.0,0.0,0.0,11,0.55,,,,0.30608909825850783,0.0,0.75,,,,,,
mean_of_samples,random,15,5,0.364999729623615,1.0,0.0,0.0,11,0.0,,,,0.3174678623648845,0.0,0.0,,,,,,
simgp24,uncertainty,3,5,0.0483094201814336,0.8125,1.0,0.896551724137931,13,1.0,0.6875,0.96875,1.0,0.09471173858405557,0.4,1.0,0.1,0.3,1.0,1.15,0.9,1.1
simgp24,uncertainty,4,5,0.04320900358908503,0.75,1.0,0.8571428571428571,12,1.0,0.8387096774193549,1.0,1.0,0.05616207732373506,0.25,1.0,0.25,0.1,0.0,1.0,1.0,0.95
simgp24,uncertainty,5,5,0.05756054269497538,0.6470588235294118,1.0,0.7857142857142858,11,0.7666666666666667,0.4,0.6666666666666666,0.8666666666666667,0.113202626962727,0.75,0.9666666666666667,0.1,0.3,0.5,1.15,1.1,0.9
simgp24,uncertainty,6,5,0.0748867675294679,0.6470588235294118,1.0,0.7857142857142858,11,0.6206896551724138,0.3103448275862069,0.4482758620689655,0.6896551724137931,0.17503035666051805,0.75,0.9310344827586207,0.1,0.3,0.5,1.15,1.1,0.9
simgp24,uncertainty,7,5,0.0734499009722195,0.6470588235294118,1.0,0.7857142857142858,11,0.6071428571428571,0.2857142857142857,0.39285714285714285,0.6785714285714286,0.1602596578687045,0.75,0.9285714285714286,0.1,0.3,0.5,1.15,1.1,0.9
simgp24,uncertainty,8,5,0.07850467138981462,0.55,1.0,0.7096774193548387,11,0.8148148148148148,0.25925925925925924,0.6296296296296297,0.9259259259259259,0.06090538591406765,0.5,1.0,0.1,0.3,0.5,1.15,1.0,0.9
simgp24,uncertainty,9,5,0.0689568234497239,0.9090909090909091,1.0,0.9523809523809523,10,0.9230769230769231,0.38461538461538464,0.7692307692307693,0.9615384615384616,0.14514354124541573,0.25,1.0,0.25,0.1,1.0,1.15,1.1,0.9
simgp24,uncertainty,10,5,0.09130111806523349,0.6,1.0,0.7499999999999999,9,0.8,0.36,0.6,0.96,0.09314421435909724,0.25,0.96,0.25,0.1,1.0,1.15,1.1,0.9
simgp24,uncertainty,11,5,0.0692344200628988,0.8181818181818182,1.0,0.9,9,0.7916666666666666,0.375,0.5416666666666666,0.9583333333333334,0.1483845852547825,0.25,0.9583333333333334,0.25,0.3,0.0,1.15,1.1,1.0
simgp24,uncertainty,12,5,0.04614676362457246,0.7272727272727273,1.0,0.8421052631578948,8,0.8695652173913043,0.5217391304347826,0.8260869565217391,0.8695652173913043,0.059116099066954676,0.3333333333333333,0.9565217391304348,0.25,0.1,1.0,1.15,1.1,0.9
simgp24,uncertainty,13,5,0.110253548464212,0.4375,1.0,0.6086956521739131,7,0.6363636363636364,0.18181818181818182,0.4090909090909091,0.6818181818181818,0.06934020330063764,1.0,1.0,0.1,0.3,0.5,1.15,1.1,0.95
simgp24,uncertainty,14,5,0.11004326445264503,0.4666666666666667,1.0,0.6363636363636364,7,0.6666666666666666,0.23809523809523808,0.47619047619047616,0.7619047619047619,0.07264917834209339,0.5,1.0,0.25,0.1,1.0,1.15,1.1,0.9
simgp24,uncertainty,15,5,0.042425583586861805,0.8571428571428571,1.0,0.923076923076923,6,1.0,0.8,0.95,1.0,0.08193196765552758,0.0,1.0,0.25,0.1,1.0,1.15,1.1,0.9
simgp24,straddle,3,5,0.0483094201814336,0.8125,1.0,0.896551724137931,13,1.0,0.6875,0.96875,1.0,0.09471173858405557,0.4,1.0,0.1,0.3,1.0,1.15,0.9,1.1
simgp24,straddle,4,5,0.03826105761405272,0.7058823529411765,1.0,0.8275862068965517,12,1.0,0.8709677419354839,1.0,1.0,0.055691927914185535,0.25,1.0,0.25,0.1,0.0,1.0,1.0,1.0
simgp24,straddle,5,5,0.054141950260720446,0.6875,1.0,0.8148148148148148,11,0.7666666666666667,0.36666666666666664,0.7333333333333333,0.8666666666666667,0.12424586930553665,0.5,0.9666666666666667,0.1,0.3,0.5,1.15,1.1,0.9
simgp24,straddle,6,5,0.07334229602412833,0.7692307692307693,1.0,0.8695652173913044,10,0.9655172413793104,0.5862068965517241,0.896551724137931,0.9655172413793104,0.23349920794346402,0.3333333333333333,0.7931034482758621,0.1,0.3,0.5,1.15,1.1,0.9
simgp24,straddle,7,5,0.08481017912820543,0.6428571428571429,1.0,0.782608695652174,9,0.9285714285714286,0.4642857142857143,0.7857142857142857,0.9642857142857143,0.2503254511342183,0.3333333333333333,0.75,0.25,0.1,1.0,1.15,1.1,0.9
simgp24,straddle,8,5,0.09865062232806732,0.5333333333333333,1.0,0.6956521739130436,8,0.9629629629629629,0.5925925925925926,0.8518518518518519,1.0,0.09293652383011973,0.3333333333333333,1.0,0.1,0.3,0.5,1.15,1.0,0.95
simgp24,straddle,9,5,0.07755557405736253,0.5384615384615384,1.0,0.7000000000000001,7,1.0,0.6153846153846154,1.0,1.0,0.07418624119092715,0.3333333333333333,1.0,0.25,0.1,1.0,1.15,1.0,0.95
simgp24,straddle,10,5,0.07673151238454762,0.5454545454545454,1.0,0.7058823529411764,6,1.0,0.6,1.0,1.0,0.06479276457583706,0.0,1.0,0.1,0.3,0.5,1.15,1.0,0.95
simgp24,straddle,11,5,0.12152722896138514,0.6,1.0,0.7499999999999999,6,0.9166666666666666,0.5416666666666666,0.7083333333333334,0.9583333333333334,0.10016110133710276,0.0,1.0,0.1,0.3,0.0,1.15,1.0,0.9
simgp24,straddle,12,5,0.12729048923071626,0.45454545454545453,1.0,0.625,5,0.782608695652174,0.30434782608695654,0.5652173913043478,0.9565217391304348,0.07857343161329979,0.0,1.0,0.1,0.3,0.5,1.15,1.0,0.95
simgp24,straddle,13,5,0.04459868611803886,0.5,0.75,0.6,4,1.0,0.8181818181818182,1.0,1.0,0.05193286370884208,0.0,1.0,0.1,0.3,0.5,1.15,1.0,0.95
simgp24,straddle,14,5,0.041897992974239386,0.6,0.75,0.6666666666666665,4,1.0,0.8095238095238095,1.0,1.0,0.05415020796715891,0.0,1.0,0.1,0.3,0.5,1.15,1.0,0.95
simgp24,straddle,15,5,0.04261226157102743,0.6666666666666666,0.6666666666666666,0.6666666666666666,3,1.0,0.8,1.0,1.0,0.032261088923378096,1.0,1.0,0.1,0.3,0.5,1.15,1.1,0.95
simgp24,straddle_min,3,5,0.0483094201814336,0.8125,1.0,0.896551724137931,13,1.0,0.6875,0.96875,1.0,0.09471173858405557,0.4,1.0,0.1,0.3,1.0,1.15,0.9,1.1
simgp24,straddle_min,4,5,0.10707783574398808,0.5454545454545454,1.0,0.7058823529411764,12,0.8709677419354839,0.22580645161290322,0.6129032258064516,0.8709677419354839,0.11122515329265202,0.4,0.967741935483871,0.1,0.6,0.0,1.15,0.9,1.05
simgp24,straddle_min,5,5,0.04955870910036499,0.6666666666666666,1.0,0.8,12,0.9333333333333333,0.5333333333333333,0.8333333333333334,0.9666666666666667,0.1183610061442504,0.4,0.9666666666666667,0.55,0.1,0.0,1.15,0.9,1.1
simgp24,straddle_min,6,5,0.05248585783056101,0.7058823529411765,1.0,0.8275862068965517,12,0.9310344827586207,0.5172413793103449,0.7931034482758621,0.9655172413793104,0.11072550464481828,0.4,0.9655172413793104,0.25,0.3,0.0,1.15,1.0,1.1
simgp24,straddle_min,7,5,0.07472443773397686,0.7058823529411765,1.0,0.8275862068965517,12,0.6428571428571429,0.25,0.4642857142857143,0.8571428571428571,0.18576644448592738,0.4,0.8214285714285714,0.25,0.3,0.0,1.15,0.9,1.05
simgp24,straddle_min,8,5,0.08032529886839965,0.75,1.0,0.8571428571428571,12,0.7037037037037037,0.25925925925925924,0.48148148148148145,0.8888888888888888,0.18843147063516308,0.4,0.8148148148148148,0.25,0.3,0.0,1.15,0.9,1.0
simgp24,straddle_min,9,5,0.0673701949894691,0.8,1.0,0.888888888888889,12,0.8846153846153846,0.4230769230769231,0.6538461538461539,0.9230769230769231,0.1622444688585189,0.4,0.8461538461538461,0.25,0.3,0.0,1.15,0.9,1.05
simgp24,straddle_min,10,5,0.07770178859486533,0.8,1.0,0.888888888888889,12,0.84,0.24,0.64,0.92,0.14267904952863275,0.4,0.88,0.25,0.3,0.0,1.15,0.9,1.0
simgp24,straddle_min,11,5,0.06054047713456298,0.8,1.0,0.888888888888889,12,0.9166666666666666,0.4583333333333333,0.875,0.9166666666666666,0.09857625889293291,0.4,0.9583333333333334,0.25,0.3,0.0,1.15,0.9,1.0
simgp24,straddle_min,12,5,0.0475918490236887,0.8,1.0,0.888888888888889,12,0.9130434782608695,0.391304347826087,0.782608695652174,0.9130434782608695,0.07788957893986988,0.4,0.9565217391304348,0.25,0.3,0.0,1.15,0.9,1.0
simgp24,straddle_min,13,5,0.061378427353512045,0.8571428571428571,1.0,0.923076923076923,12,0.9090909090909091,0.36363636363636365,0.8181818181818182,0.9545454545454546,0.08158417780614281,0.4,0.9545454545454546,0.25,0.3,0.0,1.15,0.9,1.0
simgp24,straddle_min,14,5,0.050449187375798656,0.9230769230769231,1.0,0.9600000000000001,12,0.9047619047619048,0.42857142857142855,0.8571428571428571,0.9523809523809523,0.07771247302617272,0.4,0.9523809523809523,0.25,0.3,0.0,1.15,1.0,0.95
simgp24,straddle_min,15,5,0.06658512986692414,1.0,1.0,1.0,12,0.85,0.2,0.8,0.95,0.12142274910739055,0.4,0.9,0.25,0.3,0.0,1.15,1.0,0.95
simgp24,random,3,6,0.05521469064627977,0.8,1.0,0.888888888888889,20,0.9375,0.5,0.875,1.0,0.09714539600639477,0.7777777777777778,0.96875,0.25,0.3,0.5,1.0,1.0,1.1
simgp24_g75,random,3,6,0.04900506205841336,0.8,1.0,0.888888888888889,20,0.9375,0.71875,0.875,0.96875,,,,,,,,,
simgp_timeblind,random,3,6,0.24339943600703648,1.0,0.05,0.09523809523809523,20,0.53125,,,,0.3594988959678368,0.1111111111111111,0.40625,,,,,,
mean_of_samples,random,3,6,0.4692005470601316,1.0,0.0,0.0,20,0.0,,,,0.3581063905946412,0.0,0.0,,,,,,
simgp24,random,4,6,0.09105474210767338,0.7307692307692307,1.0,0.8444444444444443,19,0.967741935483871,0.3548387096774194,0.8387096774193549,0.967741935483871,0.08158747777822066,0.875,0.967741935483871,0.25,0.1,0.0,0.85,0.9,0.9
simgp24_g75,random,4,6,0.1331011759609941,0.7307692307692307,1.0,0.8444444444444443,19,0.4838709677419355,0.0,0.25806451612903225,0.6774193548387096,,,,,,,,,
simgp_timeblind,random,4,6,0.21100697944428054,1.0,0.15789473684210525,0.2727272727272727,19,0.8387096774193549,,,,0.38504931859240443,0.375,0.5483870967741935,,,,,,
mean_of_samples,random,4,6,0.3827291757664866,1.0,0.0,0.0,19,0.0,,,,0.3571231196097629,0.0,0.0,,,,,,
simgp24,random,5,6,0.07856864223826565,0.75,1.0,0.8571428571428571,18,0.9333333333333333,0.4,0.8666666666666667,0.9666666666666667,0.06676808408367771,0.875,0.9666666666666667,0.25,0.1,0.0,0.85,0.9,0.9
simgp24_g75,random,5,6,0.1278281004231968,0.72,1.0,0.8372093023255813,18,0.5666666666666667,0.1,0.3,0.7,,,,,,,,,
simgp_timeblind,random,5,6,0.2121686384272054,1.0,0.16666666666666666,0.2857142857142857,18,0.8,,,,0.3952848660181404,0.375,0.5,,,,,,
mean_of_samples,random,5,6,0.4047831846481446,1.0,0.0,0.0,18,0.0,,,,0.35708203834315666,0.0,0.0,,,,,,
simgp24,random,6,6,0.04604391895047666,0.7727272727272727,1.0,0.8717948717948718,17,1.0,0.896551724137931,1.0,1.0,0.09626466147829632,0.5714285714285714,0.9655172413793104,0.1,0.1,0.5,0.85,1.1,0.9
simgp24_g75,random,6,6,0.21401488875830976,0.7083333333333334,1.0,0.8292682926829268,17,0.5517241379310345,0.0,0.41379310344827586,0.6896551724137931,,,,,,,,,
simgp_timeblind,random,6,6,0.26519537585609354,1.0,0.0,0.0,17,0.3793103448275862,,,,0.3615840198026396,0.0,0.3448275862068966,,,,,,
mean_of_samples,random,6,6,0.3786969442346039,1.0,0.0,0.0,17,0.0,,,,0.36219777906545303,0.0,0.0,,,,,,
simgp24,random,7,6,0.05551296351040684,0.7894736842105263,0.8823529411764706,0.8333333333333333,17,1.0,0.7857142857142857,0.9642857142857143,1.0,0.09976316517314929,0.5714285714285714,0.9642857142857143,0.1,0.1,1.0,0.85,1.1,0.95
simgp24_g75,random,7,6,0.18718139461923275,0.7083333333333334,1.0,0.8292682926829268,17,0.5357142857142857,0.0,0.42857142857142855,0.7142857142857143,,,,,,,,,
simgp_timeblind,random,7,6,0.29534269821281184,1.0,0.0,0.0,17,0.5,,,,0.3597404513116486,0.0,0.7857142857142857,,,,,,
mean_of_samples,random,7,6,0.4449753655282353,1.0,0.0,0.0,17,0.0,,,,0.34177833292775894,0.0,0.0,,,,,,
simgp24,random,8,6,0.055382162543083834,0.7368421052631579,0.875,0.7999999999999999,16,1.0,0.7407407407407407,0.9259259259259259,1.0,0.1004160402417269,0.6666666666666666,0.9629629629629629,0.1,0.3,0.0,0.85,1.1,1.05
simgp24_g75,random,8,6,0.05043726181758438,0.7142857142857143,0.9375,0.8108108108108109,16,0.8888888888888888,0.6296296296296297,0.8148148148148148,0.9259259259259259,,,,,,,,,
simgp_timeblind,random,8,6,0.22723792185153363,1.0,0.0625,0.11764705882352941,16,0.8148148148148148,,,,0.3591864357827862,0.16666666666666666,0.8888888888888888,,,,,,
mean_of_samples,random,8,6,0.39820764128692476,1.0,0.0,0.0,16,0.0,,,,0.3420965458476613,0.0,0.0,,,,,,
simgp24,random,9,6,0.05581546623635281,0.7368421052631579,0.9333333333333333,0.8235294117647058,15,1.0,0.7307692307692307,0.9230769230769231,1.0,0.10161146840850367,0.6666666666666666,0.9615384615384616,0.1,0.3,0.0,0.85,1.1,1.0
simgp24_g75,random,9,6,0.05012684703640723,0.7,0.9333333333333333,0.8,15,0.8846153846153846,0.6153846153846154,0.8076923076923077,0.9230769230769231,,,,,,,,,
simgp_timeblind,random,9,6,0.21590258315573937,1.0,0.13333333333333333,0.23529411764705882,15,0.7307692307692307,,,,0.35809270421617395,0.3333333333333333,0.6923076923076923,,,,,,
mean_of_samples,random,9,6,0.37818907620401,1.0,0.0,0.0,15,0.0,,,,0.3505749156495769,0.0,0.0,,,,,,
simgp24,random,10,6,0.06758834936139094,0.7222222222222222,0.9285714285714286,0.8125000000000001,14,0.92,0.56,0.84,0.96,0.11790844883444164,0.6,0.92,0.1,0.6,0.5,1.15,0.9,1.1
simgp24_g75,random,10,6,0.050597373283832854,0.7222222222222222,0.9285714285714286,0.8125000000000001,14,0.92,0.52,0.84,0.92,,,,,,,,,
simgp_timeblind,random,10,6,0.2648453436989828,1.0,0.21428571428571427,0.35294117647058826,14,0.68,,,,0.40408208604450335,0.6,0.64,,,,,,
mean_of_samples,random,10,6,0.3508920112385745,1.0,0.0,0.0,14,0.0,,,,0.3628924039070162,0.0,0.0,,,,,,
simgp24,random,11,6,0.06810281711155382,0.75,0.9230769230769231,0.8275862068965517,13,0.875,0.5833333333333334,0.7916666666666666,1.0,0.1363906803461063,0.25,0.9166666666666666,0.1,0.6,0.5,1.15,0.9,1.1
simgp24_g75,random,11,6,0.04356532943777935,0.6842105263157895,1.0,0.8125000000000001,13,0.9583333333333334,0.625,0.8333333333333334,0.9583333333333334,,,,,,,,,
simgp_timeblind,random,11,6,0.3813082239737885,1.0,0.15384615384615385,0.2666666666666667,13,0.6666666666666666,,,,0.4772044127629234,0.5,0.625,,,,,,
mean_of_samples,random,11,6,0.3430712273495556,1.0,0.0,0.0,13,0.0,,,,0.3673857964782947,0.0,0.0,,,,,,
simgp24,random,12,6,0.06485084992183222,0.75,0.9230769230769231,0.8275862068965517,13,0.9565217391304348,0.6086956521739131,0.8260869565217391,1.0,0.1380486787869227,0.25,0.9565217391304348,0.25,0.3,0.5,1.15,0.9,1.05
simgp24_g75,random,12,6,0.0397253724354643,0.7222222222222222,1.0,0.8387096774193548,13,0.9130434782608695,0.6086956521739131,0.8695652173913043,0.9565217391304348,,,,,,,,,
simgp_timeblind,random,12,6,0.2580299442567399,1.0,0.07692307692307693,0.14285714285714288,13,0.6521739130434783,,,,0.4034607996960263,0.25,0.6086956521739131,,,,,,
mean_of_samples,random,12,6,0.36227490603217194,1.0,0.0,0.0,13,0.0,,,,0.3463076298371966,0.0,0.0,,,,,,
simgp24,random,13,6,0.07873041412978204,0.7647058823529411,1.0,0.8666666666666666,13,0.9545454545454546,0.5454545454545454,0.8181818181818182,0.9545454545454546,0.12447296443005673,0.0,0.9545454545454546,0.25,0.3,0.5,1.15,0.9,1.05
simgp24_g75,random,13,6,0.03871865998116859,0.7647058823529411,1.0,0.8666666666666666,13,0.9545454545454546,0.5909090909090909,0.8636363636363636,0.9545454545454546,,,,,,,,,
simgp_timeblind,random,13,6,0.3795794914528221,1.0,0.15384615384615385,0.2666666666666667,13,0.5454545454545454,,,,0.4481587127433971,0.5,0.5454545454545454,,,,,,
mean_of_samples,random,13,6,0.373289365372822,1.0,0.0,0.0,13,0.0,,,,0.34634052671370835,0.0,0.0,,,,,,
simgp24,random,14,6,0.04729847533985663,0.7647058823529411,1.0,0.8666666666666666,13,0.9523809523809523,0.6666666666666666,0.9047619047619048,0.9523809523809523,0.12364238119895839,0.25,0.9523809523809523,0.25,0.3,0.5,1.15,0.9,1.05
simgp24_g75,random,14,6,0.036411593508136136,0.7647058823529411,1.0,0.8666666666666666,13,0.9047619047619048,0.6190476190476191,0.9047619047619048,0.9523809523809523,,,,,,,,,
simgp_timeblind,random,14,6,0.40050155505434315,1.0,0.15384615384615385,0.2666666666666667,13,0.5238095238095238,,,,0.4671740260768568,0.5,0.5238095238095238,,,,,,
mean_of_samples,random,14,6,0.39606925153916356,1.0,0.0,0.0,13,0.0,,,,0.3014398570674025,0.0,0.0,,,,,,
simgp24,random,15,6,0.04758287986304118,0.75,1.0,0.8571428571428571,12,0.95,0.6,0.85,0.95,0.12921139381621677,0.25,0.95,0.25,0.3,0.5,1.15,0.9,1.05
simgp24_g75,random,15,6,0.0344775300483152,0.8,1.0,0.888888888888889,12,0.9,0.65,0.9,0.95,,,,,,,,,
simgp_timeblind,random,15,6,0.32312222152074876,1.0,0.16666666666666666,0.2857142857142857,12,0.6,,,,0.4550263792074177,0.5,0.5,,,,,,
mean_of_samples,random,15,6,0.38850182567087543,1.0,0.0,0.0,12,0.0,,,,0.3091709856656678,0.0,0.0,,,,,,
simgp24,uncertainty,3,6,0.05521469064627977,0.8,1.0,0.888888888888889,20,0.9375,0.5,0.875,1.0,0.09714539600639477,0.7777777777777778,0.96875,0.25,0.3,0.5,1.0,1.0,1.1
simgp24,uncertainty,4,6,0.03829378145287047,0.7916666666666666,1.0,0.8837209302325582,19,1.0,0.9354838709677419,1.0,1.0,0.11159245983762785,0.625,0.967741935483871,0.1,0.1,1.0,0.85,0.9,0.9
simgp24,uncertainty,5,6,0.036275267572950555,0.9411764705882353,0.8888888888888888,0.9142857142857143,18,1.0,0.9,1.0,1.0,0.08601801749688197,0.14285714285714285,1.0,0.25,0.1,0.0,1.0,1.1,0.9
simgp24,uncertainty,6,6,0.04612791087724784,0.9230769230769231,0.7058823529411765,0.8000000000000002,17,1.0,0.8275862068965517,0.9655172413793104,1.0,0.09238381709808711,0.2857142857142857,0.9655172413793104,0.1,0.1,1.0,0.85,0.9,0.9
simgp24,uncertainty,7,6,0.04051983731025504,0.7777777777777778,0.875,0.823529411764706,16,1.0,0.7857142857142857,1.0,1.0,0.08632831299217752,0.42857142857142855,1.0,0.1,0.3,0.0,0.85,1.1,0.95
simgp24,uncertainty,8,6,0.06568977106194851,0.75,1.0,0.8571428571428571,15,1.0,0.7037037037037037,0.9259259259259259,1.0,0.07420189241948974,0.42857142857142855,1.0,0.1,0.1,1.0,0.85,0.9,0.9
simgp24,uncertainty,9,6,0.04807861083936914,0.8,0.8571428571428571,0.8275862068965518,14,0.9615384615384616,0.6538461538461539,0.9230769230769231,0.9615384615384616,0.1054650704627218,0.5,0.9615384615384616,0.25,0.1,0.5,1.0,1.1,0.9
simgp24,uncertainty,10,6,0.05406430110239082,0.7857142857142857,0.8461538461538461,0.8148148148148148,13,0.96,0.68,0.92,0.96,0.09506723263370945,0.0,0.96,0.25,0.1,1.0,1.15,1.1,0.9
simgp24,uncertainty,11,6,0.0634939921303126,0.7142857142857143,0.8333333333333334,0.7692307692307692,12,0.9166666666666666,0.6666666666666666,0.875,1.0,0.08992769532203858,0.0,0.9583333333333334,0.1,0.3,0.5,1.15,1.1,0.9
simgp24,uncertainty,12,6,0.20164543515639277,0.6111111111111112,1.0,0.7586206896551725,11,0.8260869565217391,0.2608695652173913,0.6521739130434783,0.8695652173913043,0.08804701565470709,0.25,1.0,0.1,0.3,0.0,1.0,0.9,0.95
simgp24,uncertainty,13,6,0.175964639693775,0.6666666666666666,1.0,0.8,10,0.9090909090909091,0.5909090909090909,0.8181818181818182,0.9545454545454546,0.08680219297655344,0.0,1.0,0.1,0.3,0.0,1.0,1.1,0.95
simgp24,uncertainty,14,6,0.059825749576167354,1.0,0.7777777777777778,0.8750000000000001,9,0.9047619047619048,0.5714285714285714,0.8095238095238095,1.0,0.09518026755307035,0.3333333333333333,0.9523809523809523,0.1,0.3,0.0,1.0,1.1,0.95
simgp24,uncertainty,15,6,0.22773771544958732,0.5333333333333333,1.0,0.6956521739130436,8,0.8,0.35,0.55,0.85,0.09543787896198874,0.0,1.0,0.1,0.3,0.0,1.0,1.1,0.95
simgp24,straddle,3,6,0.05521469064627977,0.8,1.0,0.888888888888889,20,0.9375,0.5,0.875,1.0,0.09714539600639477,0.7777777777777778,0.96875,0.25,0.3,0.5,1.0,1.0,1.1
simgp24,straddle,4,6,0.05674952371167498,0.76,1.0,0.8636363636363636,19,1.0,0.9032258064516129,1.0,1.0,0.12389041756059188,0.625,0.967741935483871,0.1,0.1,0.5,0.85,0.9,0.9
simgp24,straddle,5,6,0.04287656143793183,0.9285714285714286,0.7222222222222222,0.8125000000000001,18,1.0,0.8,1.0,1.0,0.1009866972487862,0.14285714285714285,1.0,0.1,0.1,0.5,0.85,0.9,0.9
simgp24,straddle,6,6,0.04702512773730406,0.9166666666666666,0.6470588235294118,0.7586206896551724,17,1.0,0.7586206896551724,1.0,1.0,0.09791736838040924,0.42857142857142855,0.9655172413793104,0.1,0.1,1.0,0.85,0.9,0.9
simgp24,straddle,7,6,0.06459188154631078,1.0,0.4375,0.6086956521739131,16,1.0,0.6428571428571429,0.9642857142857143,1.0,0.11139225820593787,0.42857142857142855,0.9642857142857143,0.1,0.1,0.5,0.85,1.0,0.9
simgp24,straddle,8,6,0.07174261861020632,1.0,0.5333333333333333,0.6956521739130436,15,0.9629629629629629,0.5555555555555556,0.8888888888888888,0.9629629629629629,0.11967050440327744,0.3333333333333333,0.9629629629629629,0.1,0.1,1.0,0.85,0.9,0.9
simgp24,straddle,9,6,0.14844048667071297,0.6666666666666666,1.0,0.8,14,0.8461538461538461,0.2692307692307692,0.6153846153846154,0.9230769230769231,0.08574661839488679,0.4,1.0,0.25,0.1,0.0,0.85,0.9,0.9
simgp24,straddle,10,6,0.11894462399097028,1.0,0.7692307692307693,0.8695652173913044,13,0.96,0.68,0.96,0.96,0.08042183405925048,0.2,1.0,0.1,0.1,0.5,0.85,0.9,0.9
simgp24,straddle,11,6,0.12471934223626234,1.0,0.4166666666666667,0.5882352941176471,12,0.9583333333333334,0.5416666666666666,0.8333333333333334,1.0,0.1743423852806707,0.0,0.9583333333333334,0.1,0.1,0.5,0.85,0.9,0.9
simgp24,straddle,12,6,0.1449595122814347,0.7333333333333333,1.0,0.846153846153846,11,0.9130434782608695,0.5217391304347826,0.782608695652174,0.9130434782608695,0.09226549947155449,0.0,1.0,0.1,0.1,0.5,0.85,0.9,0.9
simgp24,straddle,13,6,0.15396895469739283,0.7142857142857143,1.0,0.8333333333333333,10,0.8636363636363636,0.6363636363636364,0.8636363636363636,0.9545454545454546,0.11077580722255449,0.0,1.0,0.1,0.1,0.0,0.85,0.9,0.9
simgp24,straddle,14,6,0.17020670524545325,0.5625,1.0,0.72,9,0.7142857142857143,0.047619047619047616,0.42857142857142855,0.8571428571428571,0.10590227378787778,0.6666666666666666,1.0,0.1,0.3,0.0,1.0,0.9,0.9
simgp24,straddle,15,6,0.17575634468928295,0.6,1.0,0.7499999999999999,9,1.0,0.45,0.95,1.0,0.07171266640455938,0.6666666666666666,1.0,0.1,0.3,0.0,1.0,0.9,0.9
simgp24,straddle_min,3,6,0.05521469064627977,0.8,1.0,0.888888888888889,20,0.9375,0.5,0.875,1.0,0.09714539600639477,0.7777777777777778,0.96875,0.25,0.3,0.5,1.0,1.0,1.1
simgp24,straddle_min,4,6,0.04133991056505997,0.7916666666666666,1.0,0.8837209302325582,19,1.0,0.8709677419354839,0.9354838709677419,1.0,0.0750241745630579,0.625,1.0,0.25,0.1,1.0,1.0,1.1,0.9
simgp24,straddle_min,5,6,0.06619470072887643,0.75,1.0,0.8571428571428571,18,0.8666666666666667,0.36666666666666664,0.8333333333333334,0.9666666666666667,0.09663148610651591,0.625,0.9666666666666667,0.25,0.3,0.0,1.0,1.1,1.0
simgp24,straddle_min,6,6,0.05729301649251463,0.782608695652174,1.0,0.878048780487805,18,0.9310344827586207,0.4482758620689655,0.896551724137931,0.9655172413793104,0.10124386555737641,0.625,0.9655172413793104,0.25,0.1,1.0,1.0,1.1,0.9
simgp24,straddle_min,7,6,0.058674288005468006,0.7727272727272727,1.0,0.8717948717948718,17,0.9285714285714286,0.39285714285714285,0.8928571428571429,0.9285714285714286,0.10385334529561045,0.625,0.9285714285714286,0.25,0.3,0.0,1.0,1.1,1.0
simgp24,straddle_min,8,6,0.055558553592497124,0.8421052631578947,0.9411764705882353,0.8888888888888888,17,1.0,0.7777777777777778,0.8888888888888888,1.0,0.16778172800843447,0.625,0.9259259259259259,0.25,0.1,0.5,1.0,1.1,0.9
simgp24,straddle_min,9,6,0.05720659303748659,0.8333333333333334,0.9375,0.8823529411764706,16,0.9230769230769231,0.7692307692307693,0.9230769230769231,0.9230769230769231,0.12318467211957942,0.625,1.0,0.1,0.3,0.5,1.0,0.9,0.95
simgp24,straddle_min,10,6,0.0845247853095219,1.0,0.875,0.9333333333333333,16,0.96,0.76,0.96,1.0,0.19031552315820652,0.5,0.96,0.1,0.1,1.0,0.85,0.9,0.9
simgp24,straddle_min,11,6,0.054324077634212216,0.9285714285714286,0.8666666666666667,0.896551724137931,15,1.0,0.8333333333333334,1.0,1.0,0.09695751225026562,0.625,1.0,0.1,0.3,0.5,1.0,0.9,1.0
simgp24,straddle_min,12,6,0.0829046187539928,1.0,0.8571428571428571,0.923076923076923,14,0.8695652173913043,0.6521739130434783,0.8260869565217391,0.8695652173913043,0.08298226774510872,0.5,1.0,0.1,0.3,0.0,1.0,1.1,0.9
simgp24,straddle_min,13,6,0.053344092521880764,1.0,0.8571428571428571,0.923076923076923,14,1.0,0.6818181818181818,1.0,1.0,0.10570674684287303,0.375,1.0,0.1,0.1,1.0,0.85,0.9,0.9
simgp24,straddle_min,14,6,0.056734750242642865,1.0,0.8461538461538461,0.9166666666666666,13,1.0,0.6666666666666666,1.0,1.0,0.11313821127772061,0.2857142857142857,1.0,0.1,0.1,1.0,0.85,0.9,0.9
simgp24,straddle_min,15,6,0.07656891123538234,1.0,0.8333333333333334,0.9090909090909091,12,0.9,0.65,0.9,0.95,0.0813770335979857,0.5714285714285714,1.0,0.1,0.3,0.0,1.0,1.1,0.9
simgp24,random,3,7,0.037522143906237745,0.7619047619047619,1.0,0.8648648648648648,16,1.0,0.6875,0.9375,1.0,0.06781358783307394,0.5,1.0,0.1,0.3,0.5,1.0,1.1,1.05
simgp24_g75,random,3,7,0.025786655952192133,0.9375,0.9375,0.9375,16,1.0,0.875,1.0,1.0,,,,,,,,,
simgp_timeblind,random,3,7,0.13365278274021433,0.4,0.25,0.3076923076923077,16,0.8125,,,,0.4225983288235567,0.16666666666666666,0.34375,,,,,,
mean_of_samples,random,3,7,0.3673072105222323,1.0,0.0,0.0,16,0.0,,,,0.3124919321942718,0.0,0.0,,,,,,
simgp24,random,4,7,0.04208537429488203,1.0,0.875,0.9333333333333333,16,1.0,0.7419354838709677,1.0,1.0,0.09862241388515153,0.16666666666666666,1.0,0.1,0.3,0.0,0.85,1.1,0.95
simgp24_g75,random,4,7,0.05181000674207185,1.0,0.4375,0.6086956521739131,16,0.967741935483871,0.6774193548387096,0.8387096774193549,1.0,,,,,,,,,
simgp_timeblind,random,4,7,0.21875521469886225,1.0,0.25,0.4,16,0.7741935483870968,,,,0.4124670562611306,0.3333333333333333,0.45161290322580644,,,,,,
mean_of_samples,random,4,7,0.31089666612163774,1.0,0.0,0.0,16,0.0,,,,0.3287461329182841,0.0,0.0,,,,,,
simgp24,random,5,7,0.041146341538024746,1.0,0.6875,0.8148148148148148,16,1.0,0.7333333333333333,1.0,1.0,0.10728893558504184,0.16666666666666666,1.0,0.1,0.3,0.0,0.85,0.9,1.0
simgp24_g75,random,5,7,0.06903383790396671,1.0,0.4375,0.6086956521739131,16,0.9333333333333333,0.6,0.8666666666666667,0.9666666666666667,,,,,,,,,
simgp_timeblind,random,5,7,0.2080843038987242,1.0,0.0625,0.11764705882352941,16,0.6333333333333333,,,,0.366768987627385,0.0,0.3333333333333333,,,,,,
mean_of_samples,random,5,7,0.3622292665745094,1.0,0.0,0.0,16,0.0,,,,0.3139597222516509,0.0,0.0,,,,,,
simgp24,random,6,7,0.034495704616616996,1.0,0.8125,0.896551724137931,16,1.0,0.8620689655172413,1.0,1.0,0.09216125569182897,0.16666666666666666,1.0,0.1,0.3,0.0,0.85,1.1,0.95
simgp24_g75,random,6,7,0.0601050051393936,1.0,0.4375,0.6086956521739131,16,0.8620689655172413,0.4827586206896552,0.7931034482758621,0.9655172413793104,,,,,,,,,
simgp_timeblind,random,6,7,0.24651829019494856,1.0,0.0,0.0,16,0.7931034482758621,,,,0.3330555997856809,0.0,0.896551724137931,,,,,,
mean_of_samples,random,6,7,0.3924373595518307,1.0,0.0,0.0,16,0.0,,,,0.31338281117798794,0.0,0.0,,,,,,
simgp24,random,7,7,0.02367176505574961,0.9285714285714286,0.8666666666666667,0.896551724137931,15,1.0,0.9285714285714286,1.0,1.0,0.07359529679111669,0.2,1.0,0.1,0.3,0.0,0.85,1.0,1.0
simgp24_g75,random,7,7,0.05442586506255592,1.0,0.6,0.7499999999999999,15,0.9285714285714286,0.75,0.9285714285714286,0.9642857142857143,,,,,,,,,
simgp_timeblind,random,7,7,0.23627656437416003,1.0,0.0,0.0,15,0.7857142857142857,,,,0.3387517855917977,0.0,0.7857142857142857,,,,,,
mean_of_samples,random,7,7,0.3349419163376804,1.0,0.0,0.0,15,0.0,,,,0.3169633590052314,0.0,0.0,,,,,,
simgp24,random,8,7,0.027653984677005375,1.0,0.7857142857142857,0.88,14,1.0,0.9259259259259259,1.0,1.0,0.07999937643124518,0.2,1.0,0.1,0.3,0.0,0.85,1.0,1.0
simgp24_g75,random,8,7,0.05885510856322559,1.0,0.6428571428571429,0.782608695652174,14,0.9259259259259259,0.7037037037037037,0.7777777777777778,0.9259259259259259,,,,,,,,,
simgp_timeblind,random,8,7,0.28608478647141017,1.0,0.0,0.0,14,0.6296296296296297,,,,0.29782960550703874,0.0,0.8888888888888888,,,,,,
mean_of_samples,random,8,7,0.3482328837090842,1.0,0.0,0.0,14,0.0,,,,0.3172479425505696,0.0,0.0,,,,,,
simgp24,random,9,7,0.022639341083577222,1.0,0.8571428571428571,0.923076923076923,14,1.0,0.9230769230769231,1.0,1.0,0.075390785693658,0.2,1.0,0.1,0.3,0.0,0.85,1.0,1.0
simgp24_g75,random,9,7,0.05878326498603614,1.0,0.6428571428571429,0.782608695652174,14,0.9230769230769231,0.7307692307692307,0.7692307692307693,0.9230769230769231,,,,,,,,,
simgp_timeblind,random,9,7,0.3041497643432582,1.0,0.0,0.0,14,0.6153846153846154,,,,0.2488064699924391,0.0,0.8846153846153846,,,,,,
mean_of_samples,random,9,7,0.36351091893870524,1.0,0.0,0.0,14,0.0,,,,0.3119186899524452,0.0,0.0,,,,,,
simgp24,random,10,7,0.0295116166383074,1.0,0.8571428571428571,0.923076923076923,14,1.0,0.88,1.0,1.0,0.0823200115824357,0.2,1.0,0.1,0.3,0.0,0.85,1.0,1.0
simgp24_g75,random,10,7,0.06280829120045762,1.0,0.6428571428571429,0.782608695652174,14,0.92,0.6,0.76,0.92,,,,,,,,,
simgp_timeblind,random,10,7,0.30330286283152114,1.0,0.0,0.0,14,0.36,,,,0.28301420098691155,0.0,0.72,,,,,,
mean_of_samples,random,10,7,0.4216579297032031,1.0,0.0,0.0,14,0.0,,,,0.30287912429071057,0.0,0.0,,,,,,
simgp24,random,11,7,0.030877334450029853,1.0,0.8461538461538461,0.9166666666666666,13,1.0,0.8333333333333334,1.0,1.0,0.06562332157982108,0.25,1.0,0.1,0.3,0.5,1.15,0.9,1.0
simgp24_g75,random,11,7,0.06745871723410224,1.0,0.6153846153846154,0.761904761904762,13,0.8333333333333334,0.4583333333333333,0.75,0.875,,,,,,,,,
simgp_timeblind,random,11,7,0.3153315889531128,1.0,0.0,0.0,13,0.0,,,,0.3082238326778553,0.0,0.2916666666666667,,,,,,
mean_of_samples,random,11,7,0.4293129606323833,1.0,0.0,0.0,13,0.0,,,,0.29562932188476865,0.0,0.0,,,,,,
simgp24,random,12,7,0.029253320857429058,1.0,0.8461538461538461,0.9166666666666666,13,1.0,0.8260869565217391,0.9565217391304348,1.0,0.06515922141276956,0.25,1.0,0.1,0.3,0.5,1.15,0.9,1.0
simgp24_g75,random,12,7,0.06444261847616994,1.0,0.5384615384615384,0.7000000000000001,13,0.8260869565217391,0.5652173913043478,0.7391304347826086,0.9565217391304348,,,,,,,,,
simgp_timeblind,random,12,7,0.31722614910626135,1.0,0.0,0.0,13,0.0,,,,0.31296590416177844,0.0,0.34782608695652173,,,,,,
mean_of_samples,random,12,7,0.4466424918694102,1.0,0.0,0.0,13,0.0,,,,0.29415265548047953,0.0,0.0,,,,,,
simgp24,random,13,7,0.02051952156967065,1.0,1.0,1.0,12,1.0,0.8636363636363636,1.0,1.0,0.06965905716326541,0.25,1.0,0.1,0.3,0.5,1.15,1.1,1.0
simgp24_g75,random,13,7,0.029809648709478668,1.0,0.8333333333333334,0.9090909090909091,12,0.9545454545454546,0.5909090909090909,0.9545454545454546,0.9545454545454546,,,,,,,,,
simgp_timeblind,random,13,7,0.282142612367965,1.0,0.0,0.0,12,0.5,,,,0.2798795821331925,0.0,0.8181818181818182,,,,,,
mean_of_samples,random,13,7,0.41783947695638024,1.0,0.0,0.0,12,0.0,,,,0.29423354124132534,0.0,0.0,,,,,,
simgp24,random,14,7,0.019991650561102317,1.0,1.0,1.0,12,1.0,0.8095238095238095,1.0,1.0,0.07022212995015498,0.25,1.0,0.1,0.3,0.5,1.15,1.1,1.0
simgp24_g75,random,14,7,0.05759896555057128,1.0,0.6666666666666666,0.8,12,0.8571428571428571,0.5238095238095238,0.7619047619047619,0.8571428571428571,,,,,,,,,
simgp_timeblind,random,14,7,0.29804271216147504,1.0,0.0,0.0,12,0.42857142857142855,,,,0.2483781012010115,0.0,0.7619047619047619,,,,,,
mean_of_samples,random,14,7,0.44286677642295585,1.0,0.0,0.0,12,0.0,,,,0.2985829592923795,0.0,0.0,,,,,,
simgp24,random,15,7,0.02187073001200436,1.0,1.0,1.0,12,1.0,0.85,1.0,1.0,0.059012690084019,0.25,1.0,0.1,0.3,0.5,1.15,1.1,1.0
simgp24_g75,random,15,7,0.024468710110722477,1.0,0.8333333333333334,0.9090909090909091,12,1.0,0.6,1.0,1.0,,,,,,,,,
simgp_timeblind,random,15,7,0.3405745212231169,1.0,0.0,0.0,12,0.4,,,,0.2701521152029242,0.0,0.85,,,,,,
mean_of_samples,random,15,7,0.42705781153819705,1.0,0.0,0.0,12,0.0,,,,0.29778866810711674,0.0,0.0,,,,,,
simgp24,uncertainty,3,7,0.037522143906237745,0.7619047619047619,1.0,0.8648648648648648,16,1.0,0.6875,0.9375,1.0,0.06781358783307394,0.5,1.0,0.1,0.3,0.5,1.0,1.1,1.05
simgp24,uncertainty,4,7,0.03805220791330623,0.7647058823529411,0.8666666666666667,0.8125,15,1.0,0.7741935483870968,1.0,1.0,0.101767244026673,0.3333333333333333,1.0,0.1,0.3,0.5,1.0,1.0,1.0
simgp24,uncertainty,5,7,0.03590681499756949,0.7368421052631579,1.0,0.8484848484848484,14,1.0,0.7666666666666667,0.9666666666666667,1.0,0.054139218016209564,0.6,1.0,0.1,0.3,0.0,1.0,1.0,0.95
simgp24,uncertainty,6,7,0.04732140256305901,0.75,0.9230769230769231,0.8275862068965517,13,0.9655172413793104,0.6896551724137931,0.9655172413793104,1.0,0.11686008106137874,1.0,1.0,0.1,0.3,0.0,1.0,1.0,0.95
simgp24,uncertainty,7,7,0.04864425611984529,0.6666666666666666,0.6666666666666666,0.6666666666666666,12,0.9642857142857143,0.6428571428571429,0.9285714285714286,1.0,0.10186297599846723,0.2,1.0,0.1,0.3,0.0,1.0,1.0,0.95
simgp24,uncertainty,8,7,0.033442691730168714,0.7692307692307693,0.9090909090909091,0.8333333333333333,11,0.9629629629629629,0.8148148148148148,0.9629629629629629,0.9629629629629629,0.04014491394135939,0.5,1.0,0.1,0.3,0.0,1.0,0.9,0.95
simgp24,uncertainty,9,7,0.032613345237022556,0.8888888888888888,0.8,0.8421052631578948,10,0.9615384615384616,0.8846153846153846,0.9615384615384616,1.0,0.051580785794249004,0.3333333333333333,1.0,0.1,0.1,1.0,1.0,1.0,0.9
simgp24,uncertainty,10,7,0.050131570498627896,0.5333333333333333,0.8888888888888888,0.6666666666666667,9,0.92,0.56,0.88,0.96,0.05753418583773084,1.0,1.0,0.25,0.1,0.0,1.0,1.1,0.9
simgp24,uncertainty,11,7,0.044669203031154806,0.6363636363636364,0.875,0.7368421052631579,8,0.9166666666666666,0.7083333333333334,0.875,0.9583333333333334,0.059914777597778496,1.0,1.0,0.25,0.1,0.0,1.0,1.1,0.9
simgp24,uncertainty,12,7,0.08000025191316651,0.6666666666666666,0.8571428571428571,0.75,7,0.9130434782608695,0.5217391304347826,0.8695652173913043,0.9565217391304348,0.058278598731323794,0.0,1.0,0.1,0.1,1.0,1.0,1.1,0.9
simgp24,uncertainty,13,7,0.12289254953836037,0.4,1.0,0.5714285714285715,6,0.7272727272727273,0.3181818181818182,0.5454545454545454,0.8636363636363636,0.049525226957423445,1.0,1.0,0.1,0.3,0.0,1.0,1.1,1.0
simgp24,uncertainty,14,7,0.10342120492958498,0.5,1.0,0.6666666666666666,6,0.8571428571428571,0.47619047619047616,0.6666666666666666,0.9523809523809523,0.05518444429886573,1.0,1.0,0.1,0.3,0.0,1.0,1.1,0.95
simgp24,uncertainty,15,7,0.09570856179076365,0.5,1.0,0.6666666666666666,6,0.85,0.5,0.65,0.95,0.05519030323773249,1.0,1.0,0.1,0.3,0.0,1.0,1.1,0.95
simgp24,straddle,3,7,0.037522143906237745,0.7619047619047619,1.0,0.8648648648648648,16,1.0,0.6875,0.9375,1.0,0.06781358783307394,0.5,1.0,0.1,0.3,0.5,1.0,1.1,1.05
simgp24,straddle,4,7,0.033203968463064115,0.8235294117647058,0.9333333333333333,0.8749999999999999,15,1.0,0.8709677419354839,1.0,1.0,0.06565083710611802,0.2,1.0,0.1,0.1,1.0,0.85,0.9,1.0
simgp24,straddle,5,7,0.020996600337768956,0.9285714285714286,0.9285714285714286,0.9285714285714286,14,1.0,0.9333333333333333,1.0,1.0,0.09972412467873333,0.2,1.0,0.1,0.3,0.0,1.0,1.0,0.95
simgp24,straddle,6,7,0.029087692086112112,0.8,0.9230769230769231,0.8571428571428571,13,1.0,0.7241379310344828,0.9655172413793104,1.0,0.05364875500540563,1.0,1.0,0.1,0.3,0.0,1.0,1.1,0.9
simgp24,straddle,7,7,0.040392598558678286,0.8,1.0,0.888888888888889,12,1.0,0.8214285714285714,0.9642857142857143,1.0,0.34520947978540706,1.0,0.5357142857142857,0.1,0.3,0.5,1.15,1.1,0.9
simgp24,straddle,8,7,0.047588803476407884,0.5882352941176471,0.9090909090909091,0.7142857142857143,11,1.0,0.7037037037037037,0.8888888888888888,1.0,0.0525699356161579,0.0,1.0,0.1,0.3,0.5,1.15,1.1,0.9
simgp24,straddle,9,7,0.06350734057468099,0.5555555555555556,1.0,0.7142857142857143,10,0.9230769230769231,0.6538461538461539,0.8076923076923077,0.9615384615384616,0.09339418945890614,0.0,1.0,0.1,0.3,1.0,1.15,1.0,1.0
simgp24,straddle,10,7,0.05945173208470253,0.5294117647058824,1.0,0.6923076923076924,9,0.92,0.68,0.8,0.92,0.09946328329454882,0.0,1.0,0.1,0.3,0.5,1.15,1.1,0.9
simgp24,straddle,11,7,0.07473560039792948,0.5,0.75,0.6,8,1.0,0.2916666666666667,0.7083333333333334,1.0,0.35597969077349956,0.0,1.0,0.1,0.3,0.5,1.15,1.1,0.9
simgp24,straddle,12,7,0.08492539837193593,0.5,0.7142857142857143,0.588235294117647,7,0.9565217391304348,0.34782608695652173,0.6956521739130435,1.0,0.32648815352152877,0.0,1.0,0.1,0.3,0.5,1.15,0.9,0.9
simgp24,straddle,13,7,0.08430327008800755,0.45454545454545453,0.7142857142857143,0.5555555555555556,7,1.0,0.6363636363636364,0.9090909090909091,1.0,0.06075242615992742,0.0,1.0,0.1,0.3,0.5,1.15,0.9,0.95
simgp24,straddle,14,7,0.06403848740343696,0.5,0.7142857142857143,0.588235294117647,7,0.9523809523809523,0.6190476190476191,0.9047619047619048,1.0,0.14190994859507672,0.0,1.0,0.1,0.3,0.5,1.15,0.9,0.95
simgp24,straddle,15,7,0.06993340182130803,0.5,0.6666666666666666,0.5714285714285715,6,1.0,0.35,0.75,1.0,0.22554170082690592,0.0,1.0,0.1,0.3,0.5,1.15,0.9,0.95
simgp24,straddle_min,3,7,0.037522143906237745,0.7619047619047619,1.0,0.8648648648648648,16,1.0,0.6875,0.9375,1.0,0.06781358783307394,0.5,1.0,0.1,0.3,0.5,1.0,1.1,1.05
simgp24,straddle_min,4,7,0.03865247549799764,0.7647058823529411,0.8666666666666667,0.8125,15,1.0,0.7741935483870968,1.0,1.0,0.10418535110002089,0.3333333333333333,1.0,0.1,0.3,0.5,1.0,1.0,1.0
simgp24,straddle_min,5,7,0.04084911968691297,0.7222222222222222,0.9285714285714286,0.8125000000000001,14,1.0,0.6333333333333333,0.9,1.0,0.06184704316328123,1.0,1.0,0.1,0.3,0.0,1.0,1.0,0.95
simgp24,straddle_min,6,7,0.041844316324380175,0.7333333333333333,0.8461538461538461,0.7857142857142856,13,0.9310344827586207,0.6551724137931034,0.8620689655172413,1.0,0.09494830818585094,1.0,0.9655172413793104,0.1,0.3,0.0,1.0,1.0,0.95
simgp24,straddle_min,7,7,0.04100336134755618,0.7142857142857143,0.8333333333333334,0.7692307692307692,12,0.8571428571428571,0.6071428571428571,0.7857142857142857,0.9285714285714286,0.08416517891147018,1.0,1.0,0.1,0.3,0.0,1.0,1.1,0.9
simgp24,straddle_min,8,7,0.039042407930409334,0.6666666666666666,0.9090909090909091,0.7692307692307692,11,0.9629629629629629,0.6296296296296297,0.7777777777777778,0.9629629629629629,0.04355437950692321,1.0,1.0,0.1,0.3,0.0,1.0,1.1,0.9
simgp24,straddle_min,9,7,0.040126941897040615,0.7142857142857143,0.9090909090909091,0.8,11,0.9230769230769231,0.5769230769230769,0.8076923076923077,0.9615384615384616,0.039310026672676995,1.0,1.0,0.1,0.3,0.0,1.0,1.1,0.9
simgp24,straddle_min,10,7,0.07113518399404431,0.5882352941176471,1.0,0.7407407407407407,10,0.76,0.2,0.68,0.84,0.03984372880149748,0.8,1.0,0.1,0.3,1.0,1.15,1.1,1.05
simgp24,straddle_min,11,7,0.07167963421173988,0.625,1.0,0.7692307692307693,10,0.7083333333333334,0.16666666666666666,0.625,0.875,0.04151629762528541,0.8,1.0,0.1,0.3,1.0,1.15,1.1,1.05
simgp24,straddle_min,12,7,0.07096114177468076,0.625,1.0,0.7692307692307693,10,0.7391304347826086,0.17391304347826086,0.5652173913043478,0.7391304347826086,0.07376604728491672,0.8,1.0,0.1,0.3,1.0,1.15,1.1,1.05
simgp24,straddle_min,13,7,0.07252757101138836,0.625,1.0,0.7692307692307693,10,0.7272727272727273,0.18181818181818182,0.6363636363636364,0.7272727272727273,0.04466038510407936,0.8,1.0,0.1,0.3,0.5,1.15,1.0,0.9
simgp24,straddle_min,14,7,0.07340753755264533,0.6,1.0,0.7499999999999999,9,0.7142857142857143,0.14285714285714285,0.6190476190476191,0.7142857142857143,0.04287864355162727,0.8,1.0,0.1,0.3,0.5,1.15,1.0,0.9
simgp24,straddle_min,15,7,0.07546795312684011,0.6428571428571429,1.0,0.782608695652174,9,0.7,0.25,0.65,0.75,0.04120053786228148,0.8,1.0,0.1,0.3,0.0,1.0,0.9,0.9
