net,variant,seed,model,rule,n,n_uns,sse,sae,sse_ln,se,n_true_viol,tp,fp,fn,in50,in80,in90,in95,age1_n,age1_se,age2_n,age2_se,age3_n,age3_se,age4_n,age4_se,age5_n,age5_se,age6_n,age6_se,age7_n,age7_se,age8_n,age8_se,age9_n,age9_se,age10_n,age10_se,kb_edge,kb_low,kb_high,kw_edge,kw_low,kw_high,dose_edge,dose_low,dose_high,post_kb_geo,map_kb,map_kw,map_gamma,map_dose,watch_n_flagged,watch_n_affected,watch_affected_on_list,watch_false_flags
Net3,main,300,a,random,3,89,8.60405,25.4473,62.9787,-24.5438,17,17,24,0,35,76,83,87,10,-1.25843,9,-2.14544,9,-3.04654,9,-1.45731,8,-1.36259,9,-3.5637,9,-3.05681,9,-3.14189,9,-2.80144,8,-2.70963,0.489422,0.352236,0.137186,0.279701,0.116686,0.163014,0.39754,0.205363,0.192177,0.247512,0.1,0.6,1,1,,,,
Net3,main,300,b,random,3,89,1.11624,6.9876,2.92374,-5.32458,17,17,6,0,67,85,88,89,10,-1.57326,9,-0.390347,9,-0.350776,9,0.189863,8,-0.0399013,9,-0.376446,9,-0.408487,9,-0.548627,9,-0.733663,8,-1.09293,0.0796531,0.0762585,0.00339452,0.236502,0.0846596,0.151843,0.305145,0.257696,0.0474491,0.0307386,0.08,0.3,0.5,0.8,,,,
Net3,main,300,c,random,3,89,1.14861,7.11362,2.99854,-5.50659,17,17,5,0,66,85,87,88,10,-1.61592,9,-0.385372,9,-0.390611,9,0.178213,8,-0.0598469,9,-0.405638,9,-0.421617,9,-0.583699,9,-0.728186,8,-1.09391,0.0037577,0.00323223,0.000525464,0.227833,0.0877422,0.140091,0.313088,0.263826,0.0492624,0.0422838,0.04,0.3,1,0.8,18,,,
Net3,main,300,d,random,3,89,9.39926,23.0109,16.8855,-4.09148,17,0,0,17,,,,,10,-5.33759,9,-2.35218,9,-1.62602,9,-1.62541,8,-1.23905,9,0.151674,9,0.043276,9,2.74649,9,2.33831,8,2.80902,,,,,,,,,,,,,,,,,,
Net3,main,300,e,random,3,89,21.5041,36.7847,31.261,13.5621,17,0,0,17,,,,,10,-7.02516,9,-3.87099,9,1.01646,9,2.20601,8,2.16665,9,3.98309,9,3.28023,9,5.30077,9,4.80439,8,1.70064,,,,,,,,,,,,,,,,,,
Net3,main,300,f,random,3,89,0.678262,6.70674,1.49064,2.02694,17,15,4,2,,,,,10,-0.0692344,9,0.40313,9,0.0182857,9,0.722243,8,0.522624,9,-0.33726,9,-0.0810906,9,-0.193956,9,0.826308,8,0.215886,,,,,,,,,,,,,,,,,,
Net3,main,300,a,random,8,84,1.34091,9.09314,7.49282,-3.96225,17,17,8,0,53,79,81,82,10,-0.110843,8,0.345285,9,-0.251162,8,0.715539,8,0.561043,9,-0.755152,9,-0.73041,9,-1.17914,6,-0.751826,8,-1.80558,0.587555,0.576105,0.0114498,0.16631,0.166122,0.000187863,0.401574,0.222255,0.179318,0.157778,0.1,0.3,0,0.9,,,,
Net3,main,300,b,random,8,84,3.52812,13.614,6.27985,8.04144,17,10,2,7,24,51,75,79,10,-1.65542,8,0.363349,9,1.00724,8,1.13614,8,1.095,9,2.10371,9,1.36256,9,2.47916,6,0.766043,8,-0.616349,0.0299667,0.0299171,4.95738e-05,0.250521,0.250503,1.86008e-05,0.518311,0.518226,8.45962e-05,0.0473632,0.08,0.01,0,0.65,,,,
Net3,main,300,c,random,8,84,3.41539,13.3972,6.08808,7.8645,17,10,2,7,23,56,75,79,10,-1.634,8,0.376605,9,1.00659,8,1.11403,8,1.08217,9,2.04263,9,1.3029,9,2.42708,6,0.762367,8,-0.615876,0.00111658,0.00110987,6.71667e-06,0.255283,0.255267,1.56002e-05,0.534576,0.53453,4.60144e-05,0.0529034,0.08,0.01,0,0.65,8,,,
Net3,main,300,d,random,8,84,13.1804,25.1346,25.3056,18.4573,17,0,0,17,,,,,10,-2.71926,8,-0.00108583,9,0.730481,8,0.697738,8,0.855609,9,2.50817,9,2.39977,9,5.10299,6,3.97924,8,4.90369,,,,,,,,,,,,,,,,,,
Net3,main,300,e,random,8,84,17.5188,31.6444,26.7962,28.7968,17,0,0,17,,,,,10,0.213618,8,2.34522,9,2.10859,8,1.55465,8,1.74503,9,4.02708,9,3.92222,9,6.83673,6,3.61917,8,2.42452,,,,,,,,,,,,,,,,,,
Net3,main,300,f,random,8,84,0.638335,6.26881,1.44548,1.58901,17,15,4,2,,,,,10,-0.0692344,8,0.330659,9,0.0182857,8,0.626824,8,0.522624,9,-0.33726,9,-0.0810906,9,-0.193956,6,0.556268,8,0.215886,,,,,,,,,,,,,,,,,,
Net3,main,300,a,random,15,77,1.01532,7.25325,5.29528,-4.64575,15,15,6,0,47,68,73,75,8,-0.319043,7,-0.188663,9,-0.561005,8,0.356533,6,0.234185,9,-0.506189,9,-0.714785,7,-0.683789,6,-0.620195,8,-1.64279,0.644554,0.641663,0.0028913,0.0630512,0.0630512,4.95763e-09,0.384464,0.289504,0.0949602,0.143483,0.1,0.3,0,0.9,,,,
Net3,main,300,b,random,15,77,0.708401,6.03982,2.72515,-2.69782,15,15,6,0,34,64,68,73,8,-0.385686,7,0.0305234,9,-0.392599,8,0.58809,6,0.416901,9,-0.431376,9,-0.427553,7,-0.569562,6,-0.235018,8,-1.29154,0.016838,0.0168121,2.59398e-05,1.31151e-05,1.3115e-05,1.19592e-11,0.00146954,0.0014503,1.92373e-05,0.0720576,0.08,0.3,0,0.9,,,,
Net3,main,300,c,random,15,77,0.694073,5.82376,2.25799,-2.56582,15,15,5,0,36,61,66,73,8,-0.535382,7,-0.317235,9,-0.61888,8,0.484074,6,0.35545,9,-0.0102946,9,-0.227288,7,-0.399449,6,-0.124439,8,-1.17237,0.00071949,0.000715458,4.03163e-06,1.44e-05,1.44e-05,1.0765e-11,0.00167002,0.00165929,1.07334e-05,0.0685927,0.08,0.3,0,0.9,17,,,
Net3,main,300,d,random,15,77,14.3556,26.2425,26.8916,22.6674,15,0,0,15,,,,,8,-1.4801,7,0.476595,9,1.32631,8,1.22737,6,0.773839,9,3.104,9,2.9956,7,4.43403,6,4.37646,8,5.43331,,,,,,,,,,,,,,,,,,
Net3,main,300,e,random,15,77,9.24885,22.3029,15.6904,21.7768,15,0,0,15,,,,,8,1.96138,7,2.25198,9,2.35684,8,1.61707,6,0.93828,9,2.63548,9,2.87908,7,1.79939,6,2.97778,8,2.3595,,,,,,,,,,,,,,,,,,
Net3,main,300,f,random,15,77,0.573059,5.68813,1.34372,1.78815,15,13,4,2,,,,,8,0.118397,7,0.22376,9,0.0182857,8,0.626824,6,0.507507,9,-0.33726,9,-0.0810906,7,-0.0604317,6,0.556268,8,0.215886,,,,,,,,,,,,,,,,,,
Net3,main,300,a,straddle_min,3,89,8.60405,25.4473,62.9787,-24.5438,17,17,24,0,35,76,83,87,10,-1.25843,9,-2.14544,9,-3.04654,9,-1.45731,8,-1.36259,9,-3.5637,9,-3.05681,9,-3.14189,9,-2.80144,8,-2.70963,0.489422,0.352236,0.137186,0.279701,0.116686,0.163014,0.39754,0.205363,0.192177,0.247512,0.1,0.6,1,1,,,,
Net3,main,300,a,straddle_min,8,84,1.30226,8.64319,6.76351,-1.96891,16,16,5,0,42,65,76,80,10,-0.102794,9,0.649629,9,0.061341,9,0.996914,8,0.686646,8,-0.383641,7,-0.266358,8,-0.955416,8,-0.927507,8,-1.72773,0.632861,0.594727,0.0381343,0.0252861,0.025286,1.2124e-07,0.381132,0.233476,0.147655,0.160644,0.1,0.3,0,0.9,,,,
Net3,main,300,a,straddle_min,15,77,0.858153,6.72054,3.64532,-0.473915,15,15,2,0,48,64,69,70,10,0.394275,9,0.526454,9,0.168398,9,0.847909,8,0.214814,7,-0.348103,7,-0.33054,7,-0.812015,5,-0.0586544,6,-1.07645,0.789119,0.788054,0.00106463,0.00131659,0.00131659,3.30265e-13,0.515133,0.434937,0.0801957,0.12286,0.1,0.3,1,0.9,,,,
Net3,main,300,b,straddle_min,3,89,1.11624,6.9876,2.92374,-5.32458,17,17,6,0,67,85,88,89,10,-1.57326,9,-0.390347,9,-0.350776,9,0.189863,8,-0.0399013,9,-0.376446,9,-0.408487,9,-0.548627,9,-0.733663,8,-1.09293,0.0796531,0.0762585,0.00339452,0.236502,0.0846596,0.151843,0.305145,0.257696,0.0474491,0.0307386,0.08,0.3,0.5,0.8,,,,
Net3,main,300,b,straddle_min,8,84,0.850005,6.86955,3.03946,-4.92928,16,16,4,0,40,68,70,76,10,-0.752012,9,-0.298019,9,-0.535616,9,0.207363,8,-0.11735,8,-0.568969,8,-0.503169,8,-0.858644,8,-0.393908,7,-1.10895,0.00826761,0.00826271,4.8923e-06,3.54374e-07,3.54132e-07,2.42363e-10,0.00288389,0.00278345,0.000100439,0.0666859,0.08,0.3,0,0.85,,,,
Net3,main,300,b,straddle_min,15,77,1.00685,6.6592,2.60296,-5.71768,12,12,4,0,57,70,71,71,10,-1.33053,9,-0.385128,9,-0.568955,9,0.0295213,8,-0.283477,7,-0.612571,7,-0.478319,8,-0.974681,6,-0.516683,4,-0.596853,0.0010626,0.00106134,1.26401e-06,1.33019e-13,1.33019e-13,5.85591e-22,0.00035646,0.000354067,2.39262e-06,0.0848446,0.08,0.3,0,0.85,,,,
Net3,main,300,c,straddle_min,3,89,1.14861,7.11362,2.99854,-5.50659,17,17,5,0,66,85,87,88,10,-1.61592,9,-0.385372,9,-0.390611,9,0.178213,8,-0.0598469,9,-0.405638,9,-0.421617,9,-0.583699,9,-0.728186,8,-1.09391,0.0037577,0.00323223,0.000525464,0.227833,0.0877422,0.140091,0.313088,0.263826,0.0492624,0.0422838,0.04,0.3,1,0.8,18,,,
Net3,main,300,d,straddle_min,3,89,9.39926,23.0109,16.8855,-4.09148,17,0,0,17,,,,,10,-5.33759,9,-2.35218,9,-1.62602,9,-1.62541,8,-1.23905,9,0.151674,9,0.043276,9,2.74649,9,2.33831,8,2.80902,,,,,,,,,,,,,,,,,,
Net3,main,300,e,straddle_min,3,89,21.5041,36.7847,31.261,13.5621,17,0,0,17,,,,,10,-7.02516,9,-3.87099,9,1.01646,9,2.20601,8,2.16665,9,3.98309,9,3.28023,9,5.30077,9,4.80439,8,1.70064,,,,,,,,,,,,,,,,,,
Net3,main,300,f,straddle_min,3,89,0.678262,6.70674,1.49064,2.02694,17,15,4,2,,,,,10,-0.0692344,9,0.40313,9,0.0182857,9,0.722243,8,0.522624,9,-0.33726,9,-0.0810906,9,-0.193956,9,0.826308,8,0.215886,,,,,,,,,,,,,,,,,,
Net3,main,300,c,straddle_min,8,84,0.706311,6.31661,2.0891,-3.19569,16,16,4,0,36,70,72,75,10,-0.751146,9,-0.0937047,9,-0.355891,9,0.366523,8,0.068847,8,-0.4471,8,-0.325529,8,-0.64159,8,-0.0869041,7,-0.929196,0.00117792,0.00117754,3.75835e-07,1.24668e-06,1.24637e-06,3.0379e-10,0.0113585,0.0113041,5.44829e-05,0.0489178,0.08,0.3,0.5,0.85,17,,,
Net3,main,300,d,straddle_min,8,84,9.01861,21.7968,15.3133,-6.30013,16,0,0,16,,,,,10,-5.42749,9,-2.43309,9,-1.70693,9,-1.70633,8,-1.31098,8,-0.184538,8,-0.245645,8,2.45617,8,1.75091,7,2.50778,,,,,,,,,,,,,,,,,,
Net3,main,300,e,straddle_min,8,84,11.5719,24.5414,16.3605,13.5784,16,0,0,16,,,,,10,-4.48759,9,-0.48756,9,1.86232,9,2.03447,8,1.66643,8,2.30703,8,2.73176,8,3.21028,8,3.01593,7,1.72533,,,,,,,,,,,,,,,,,,
Net3,main,300,f,straddle_min,8,84,0.634595,6.24748,1.26977,1.89839,16,14,2,2,,,,,10,-0.0692344,9,0.40313,9,0.0182857,9,0.722243,8,0.522624,8,-0.260964,8,0.0079689,8,-0.293402,8,0.705438,7,0.142297,,,,,,,,,,,,,,,,,,
Net3,main,300,c,straddle_min,15,77,0.604805,5.60125,1.59706,-1.4218,14,14,1,0,33,67,68,69,10,-0.571434,9,0.0874274,9,-0.2271,9,0.63151,7,0.342592,7,-0.321594,7,-0.156726,7,-0.445742,7,-0.140378,5,-0.620354,0.000175572,0.000175569,3.57471e-09,5.1454e-14,5.1454e-14,8.74885e-24,0.00701588,0.00701082,5.06375e-06,0.0634102,0.08,0.3,0,0.9,18,,,
Net3,main,300,d,straddle_min,15,77,8.39453,19.8407,13.5901,-7.72224,14,0,0,14,,,,,10,-5.37946,9,-2.38986,9,-1.66369,9,-1.66309,7,-1.4381,7,-0.307637,7,-0.49877,7,2.3318,7,1.2968,5,1.98978,,,,,,,,,,,,,,,,,,
Net3,main,300,e,straddle_min,15,77,15.8907,30.2083,23.3067,3.48592,14,0,0,14,,,,,10,-7.33502,9,-4.14986,9,0.954493,9,0.955094,7,0.945744,7,1.56875,7,2.33899,7,2.31915,7,3.42345,5,2.46514,,,,,,,,,,,,,,,,,,
Net3,main,300,f,straddle_min,15,77,0.584345,5.68834,1.02383,2.00823,14,13,1,1,,,,,10,-0.0692344,9,0.40313,9,0.0182857,9,0.722243,7,0.591377,7,-0.206085,7,0.11799,7,-0.192565,7,0.585653,5,0.0374408,,,,,,,,,,,,,,,,,,
Net3,main,301,a,random,3,89,3.07913,11.5544,22.0772,-8.17872,23,23,9,0,59,79,84,86,10,-0.0851641,9,0.336529,9,0.0544089,9,0.182671,9,-0.377793,9,-0.629821,7,-1.50034,9,-1.78276,9,-3.24186,9,-1.13458,0.404107,0.206424,0.197683,0.308817,0.308655,0.000162562,0.396651,0.199187,0.197464,0.325507,0.25,0.3,0,1.05,,,,
Net3,main,301,b,random,3,89,1.77587,8.59049,2.82221,0.846517,23,20,0,3,59,86,89,89,10,-1.60711,9,0.323893,9,0.700388,9,0.379567,9,-0.00149342,9,1.02756,7,-0.0452803,9,0.0502585,9,-0.555227,9,0.573963,0.276743,0.114542,0.162201,0.0714826,0.0714815,1.0784e-06,0.25399,0.200146,0.0538441,0.0332755,0.0025,0.3,0,1,,,,
Net3,main,301,c,random,3,89,1.39513,8.52948,2.97422,2.63729,23,20,0,3,57,84,89,89,10,-1.03829,9,0.461921,9,0.749697,9,0.488468,9,0.113396,9,1.11155,7,0.10033,9,0.0997705,9,-0.321038,9,0.871485,0.0358002,0.0111601,0.02464,0.0602315,0.0602303,1.21164e-06,0.239314,0.196165,0.043149,0.0324932,0.04,0.3,0.5,1,11,,,
Net3,main,301,d,random,3,89,21.4821,32.7398,45.145,24.1069,23,0,0,23,,,,,10,-3.112,9,0.409854,9,1.56912,9,0.51126,9,0.432032,9,3.8355,7,2.02786,9,5.85415,9,4.53306,9,8.04611,,,,,,,,,,,,,,,,,,
Net3,main,301,e,random,3,89,26.1267,38.6486,48.7953,29.5303,23,0,0,23,,,,,10,-3.58823,9,0.302507,9,2.41244,9,1.59089,9,1.39351,9,4.91514,7,2.86758,9,6.69747,9,5.37637,9,7.56267,,,,,,,,,,,,,,,,,,
Net3,main,301,f,random,3,89,0.745877,6.73733,1.46253,4.23643,23,22,3,1,,,,,10,0.627049,9,0.884393,9,0.253477,9,0.875062,9,0.325578,9,0.16144,7,0.353072,9,-0.251235,9,0.514811,9,0.492783,,,,,,,,,,,,,,,,,,
Net3,main,301,a,random,8,84,2.39405,10.7893,14.0282,-2.1216,20,20,5,0,42,78,82,84,10,0.28352,9,0.906323,9,0.933196,9,0.952914,9,0.179077,7,-0.0997838,7,-1.00925,8,-1.1627,7,-2.10434,9,-1.00056,0.474783,0.257171,0.217612,0.462198,0.462198,2.34373e-12,0.435873,0.234212,0.201661,0.306933,0.7,0.1,0,0.9,,,,
Net3,main,301,b,random,8,84,1.62702,9.8888,2.88536,7.69614,20,20,0,0,41,76,82,84,10,1.09424,9,1.43687,9,1.14501,9,1.55408,9,0.842504,7,0.340797,7,0.508819,8,-0.328954,7,0.188372,9,0.914398,0.275634,0.158672,0.116963,1.50684e-05,1.50684e-05,8.42541e-20,0.328787,0.00826938,0.320518,0.0202326,0.0025,0.3,0,1.05,,,,
Net3,main,301,c,random,8,84,1.78167,10.5018,3.39234,8.29328,20,20,0,0,36,70,83,84,10,1.27724,9,1.52746,9,1.14138,9,1.59009,9,0.877637,7,0.368447,7,0.512795,8,-0.312246,7,0.166494,9,1.14399,0.0321696,0.0149675,0.0172021,4.21571e-06,4.21571e-06,9.11088e-20,0.376533,0.00915133,0.367382,0.0254692,0.02,0.3,0,1.05,12,,,
Net3,main,301,d,random,8,84,16.8669,28.0516,36.8866,15.2086,20,0,0,20,,,,,10,-3.83488,9,-0.240738,9,0.918528,9,-0.139332,9,-0.21856,7,2.23376,7,1.52185,8,4.5342,7,3.03826,9,7.39552,,,,,,,,,,,,,,,,,,
Net3,main,301,e,random,8,84,20.1757,35.0379,37.1296,26.1886,20,0,0,20,,,,,10,-3.31757,9,0.843832,9,4.18778,9,2.86643,9,1.745,7,2.65744,7,2.72423,8,3.57577,7,3.71971,9,7.18599,,,,,,,,,,,,,,,,,,
Net3,main,301,f,random,8,84,0.719693,6.44548,1.35272,4.13459,20,19,3,1,,,,,10,0.627049,9,0.884393,9,0.253477,9,0.875062,9,0.325578,7,-0.00253037,7,0.353072,8,-0.156231,7,0.481937,9,0.492783,,,,,,,,,,,,,,,,,,
Net3,main,301,a,random,15,77,1.8087,8.76517,11.5244,-3.40542,19,19,3,0,47,73,75,76,9,0.0807661,9,0.506715,8,0.971853,8,0.364518,7,-0.325679,7,-0.382856,6,-0.919416,7,-0.658927,7,-2.06888,9,-0.973514,0.496328,0.29059,0.205738,0.364058,0.364058,1.24894e-17,0.436028,0.218788,0.21724,0.287403,0.1,0.3,0,1.05,,,,
Net3,main,301,b,random,15,77,0.783447,6.50563,1.6921,4.7951,19,19,1,0,43,71,75,76,9,0.840163,9,1.01974,8,1.20359,8,0.584518,7,-0.0537276,7,0.102608,6,0.275046,7,-0.0472093,7,0.0940763,9,0.776289,0.197517,0.182415,0.015102,3.38695e-09,3.38695e-09,3.26811e-28,0.122749,3.78822e-06,0.122745,0.013815,0.0025,0.3,0,1.05,,,,
Net3,main,301,c,random,15,77,0.773047,6.47548,1.61379,4.65459,19,19,1,0,45,71,75,76,9,0.840835,9,1.04539,8,1.18399,8,0.589267,7,-0.0400592,7,0.0826176,6,0.248226,7,-0.0607819,7,0.0372022,9,0.727899,0.01759,0.015579,0.00201095,6.04932e-10,6.04932e-10,2.96794e-28,0.127292,3.85026e-06,0.127288,0.0237523,0.02,0.3,0,1.05,17,,,
Net3,main,301,d,random,15,77,21.7597,32.0209,43.5622,26.7986,19,0,0,19,,,,,9,-1.57139,9,1.15369,8,2.23542,8,1.16535,7,0.459988,7,3.31831,6,1.79254,7,5.33195,7,4.12281,9,8.78994,,,,,,,,,,,,,,,,,,
Net3,main,301,e,random,15,77,21.8847,35.334,37.9445,29.1998,19,0,0,19,,,,,9,-0.186799,9,1.81698,8,3.74346,8,2.43014,7,1.45429,7,2.91665,6,2.28642,7,3.79628,7,3.69947,9,7.24291,,,,,,,,,,,,,,,,,,
Net3,main,301,f,random,15,77,0.65039,5.85157,1.25344,4.12129,19,18,2,1,,,,,9,0.567301,9,0.884393,8,0.448903,8,0.762339,7,0.381043,7,-0.00253037,6,0.301142,7,-0.196025,7,0.481937,9,0.492783,,,,,,,,,,,,,,,,,,
Net3,main,301,a,straddle_min,3,89,3.07913,11.5544,22.0772,-8.17872,23,23,9,0,59,79,84,86,10,-0.0851641,9,0.336529,9,0.0544089,9,0.182671,9,-0.377793,9,-0.629821,7,-1.50034,9,-1.78276,9,-3.24186,9,-1.13458,0.404107,0.206424,0.197683,0.308817,0.308655,0.000162562,0.396651,0.199187,0.197464,0.325507,0.25,0.3,0,1.05,,,,
Net3,main,301,a,straddle_min,8,84,3.12081,11.2804,26.5304,-9.96874,21,21,6,0,46,63,71,78,10,-0.417182,9,-0.155867,9,-0.51635,9,-0.0964185,9,-0.398365,8,-1.1016,6,-1.30786,7,-1.47626,9,-3.38713,8,-1.1117,0.40468,0.222274,0.182406,0.122409,0.122409,3.60686e-09,0.381251,0.187089,0.194161,0.31328,0.55,0.3,0,1,,,,
Net3,main,301,a,straddle_min,15,77,0.940598,7.13829,3.50518,2.29322,17,17,1,0,40,70,75,77,10,0.31846,9,0.85874,9,0.481317,9,1.13691,8,0.685305,7,0.356462,6,-0.132807,7,-0.553933,7,-0.64166,5,-0.215569,0.801898,0.799179,0.00271912,0.0473356,0.0473356,1.32382e-15,0.332651,0.0924093,0.240242,0.122881,0.1,0.3,0,1.05,,,,
Net3,main,301,b,straddle_min,3,89,1.77587,8.59049,2.82221,0.846517,23,20,0,3,59,86,89,89,10,-1.60711,9,0.323893,9,0.700388,9,0.379567,9,-0.00149342,9,1.02756,7,-0.0452803,9,0.0502585,9,-0.555227,9,0.573963,0.276743,0.114542,0.162201,0.0714826,0.0714815,1.0784e-06,0.25399,0.200146,0.0538441,0.0332755,0.0025,0.3,0,1,,,,
Net3,main,301,b,straddle_min,8,84,0.819187,7.09264,3.9982,0.71455,18,18,1,0,52,80,81,82,10,-0.106276,9,0.528264,9,0.366459,9,0.98947,9,0.562858,8,0.336042,7,-0.152182,8,-0.651213,8,-0.784497,7,-0.374374,0.277457,0.112964,0.164493,4.25069e-05,4.25069e-05,7.95542e-14,0.101936,0.0386529,0.0632829,0.0342836,0.32,0.3,0,1.1,,,,
Net3,main,301,b,straddle_min,15,77,2.01934,7.74764,4.13512,-3.59475,12,12,0,0,49,71,74,76,10,-2.74288,9,-0.376521,9,0.0916021,9,0.109912,9,-0.146135,7,0.582148,5,-0.176583,7,-0.0869232,6,-0.608768,6,-0.240597,0.199418,0.18207,0.0173487,1.87589e-07,1.87589e-07,3.43449e-31,0.334059,0.282938,0.0511214,0.014564,0.0025,0.3,0,1.05,,,,
Net3,main,301,c,straddle_min,3,89,1.39513,8.52948,2.97422,2.63729,23,20,0,3,57,84,89,89,10,-1.03829,9,0.461921,9,0.749697,9,0.488468,9,0.113396,9,1.11155,7,0.10033,9,0.0997705,9,-0.321038,9,0.871485,0.0358002,0.0111601,0.02464,0.0602315,0.0602303,1.21164e-06,0.239314,0.196165,0.043149,0.0324932,0.04,0.3,0.5,1,11,,,
Net3,main,301,d,straddle_min,3,89,21.4821,32.7398,45.145,24.1069,23,0,0,23,,,,,10,-3.112,9,0.409854,9,1.56912,9,0.51126,9,0.432032,9,3.8355,7,2.02786,9,5.85415,9,4.53306,9,8.04611,,,,,,,,,,,,,,,,,,
Net3,main,301,e,straddle_min,3,89,26.1267,38.6486,48.7953,29.5303,23,0,0,23,,,,,10,-3.58823,9,0.302507,9,2.41244,9,1.59089,9,1.39351,9,4.91514,7,2.86758,9,6.69747,9,5.37637,9,7.56267,,,,,,,,,,,,,,,,,,
Net3,main,301,f,straddle_min,3,89,0.745877,6.73733,1.46253,4.23643,23,22,3,1,,,,,10,0.627049,9,0.884393,9,0.253477,9,0.875062,9,0.325578,9,0.16144,7,0.353072,9,-0.251235,9,0.514811,9,0.492783,,,,,,,,,,,,,,,,,,
Net3,main,301,c,straddle_min,8,84,1.45277,7.68273,2.72017,0.692931,18,16,0,2,55,75,82,83,10,-1.65245,9,0.121974,9,0.475925,9,0.695402,9,0.394626,9,1.09082,7,-0.0186688,8,0.00824849,7,-0.369544,7,-0.0534026,0.0330767,0.0106068,0.0224699,3.07741e-05,3.07741e-05,8.07116e-16,0.217483,0.193542,0.0239415,0.0352177,0.02,0.3,0,1,15,,,
Net3,main,301,d,straddle_min,8,84,14.2647,25.6052,30.6385,8.26085,18,0,0,18,,,,,10,-4.52411,9,-0.861042,9,0.298223,9,-0.759637,9,-0.838865,9,2.5646,7,1.03939,8,3.98282,7,2.04744,7,5.31203,,,,,,,,,,,,,,,,,,
Net3,main,301,e,straddle_min,8,84,14.1084,27.6599,28.9503,20.1859,18,2,5,16,,,,,10,-1.71011,9,1.67156,9,2.68921,9,1.61112,9,0.707991,9,2.93027,7,2.19346,8,1.86612,7,2.62488,7,5.60143,,,,,,,,,,,,,,,,,,
Net3,main,301,f,straddle_min,8,84,0.707404,6.35158,1.12528,4.04068,18,17,3,1,,,,,10,0.627049,9,0.884393,9,0.253477,9,0.875062,9,0.325578,9,0.16144,7,0.353072,8,-0.156231,7,0.379052,7,0.33779,,,,,,,,,,,,,,,,,,
Net3,main,301,c,straddle_min,15,77,0.992988,7.48863,3.15345,2.25906,11,10,0,1,38,73,75,75,10,-0.364433,9,1.00697,9,0.390512,9,0.915484,9,0.47136,9,0.582696,5,0.195316,7,-0.441954,5,-0.236848,5,-0.260047,0.0310769,0.030725,0.000351949,2.60746e-09,2.60746e-09,4.55917e-29,0.121988,0.0790716,0.0429163,0.0155444,0.02,0.3,0,1.05,15,,,
Net3,main,301,d,straddle_min,15,77,11.2609,21.3586,21.384,-1.20563,11,0,0,11,,,,,10,-5.1821,9,-1.45324,9,-0.293972,9,-1.35183,9,-1.43106,9,1.97241,5,-0.383928,7,3.00741,5,0.401465,5,3.50923,,,,,,,,,,,,,,,,,,
Net3,main,301,e,straddle_min,15,77,12.8963,25.9291,24.0289,19.9847,11,0,0,11,,,,,10,-1.71011,9,1.67156,9,2.68921,9,1.61112,9,1.32481,9,4.08677,5,1.25092,7,3.59478,5,1.48851,5,3.97713,,,,,,,,,,,,,,,,,,
Net3,main,301,f,straddle_min,15,77,0.683506,5.9936,0.943731,3.88412,11,11,3,0,,,,,10,0.627049,9,0.884393,9,0.253477,9,0.875062,9,0.325578,9,0.16144,5,0.401845,7,-0.195544,5,0.295489,5,0.255328,,,,,,,,,,,,,,,,,,
Net3,main,302,a,random,3,89,14.8898,33.9581,66.3644,-33.7944,12,12,22,0,2,19,59,66,10,-1.87907,8,-2.77624,9,-3.63648,8,-3.23085,9,-2.98608,8,-3.58267,9,-4.63933,9,-3.53135,9,-4.14862,10,-3.38372,0.399062,0.20227,0.196792,0.13245,0.125413,0.00703648,0.399494,0.211664,0.18783,0.326943,0.7,0.3,0.5,0.9,,,,
Net3,main,302,b,random,3,89,7.40347,22.7235,10.4559,-22.5397,12,12,11,0,18,42,47,60,10,-2.93881,8,-2.09978,9,-2.03709,8,-2.94388,9,-2.75595,8,-1.86909,9,-2.89147,9,-1.64767,9,-1.79934,10,-1.55662,0.266515,0.11676,0.149754,0.0527733,0.0519108,0.000862494,0.232604,0.231504,0.00110004,0.0318307,0.0025,0.3,0,0.8,,,,
Net3,main,302,c,random,3,89,6.75678,21.5981,8.59152,-21.3035,12,12,11,0,18,42,48,57,10,-2.79856,8,-2.0136,9,-2.00943,8,-2.86068,9,-2.66883,8,-1.77988,9,-2.7643,9,-1.59782,9,-1.57162,10,-1.2388,0.0329238,0.0121485,0.0207754,0.0458753,0.04492,0.000955264,0.232911,0.231861,0.00105018,0.0311113,0.04,0.3,0,0.8,16,,,
Net3,main,302,d,random,3,89,18.0262,30.87,27.9546,13.2521,12,0,0,12,,,,,10,-3.59046,8,-1.09884,9,0.133348,8,-1.50508,9,-0.734122,8,1.88391,9,1.22098,9,5.13174,9,4.41392,10,7.39674,,,,,,,,,,,,,,,,,,
Net3,main,302,e,random,3,89,20.5821,33.6612,30.7633,14.5595,12,0,0,12,,,,,10,-1.95624,8,0.208534,9,-0.313154,8,-2.115,9,-1.44075,8,1.40282,9,0.730711,9,5.08798,9,4.14002,10,8.8146,,,,,,,,,,,,,,,,,,
Net3,main,302,f,random,3,89,1.52773,9.04837,4.14045,2.16828,12,6,5,6,,,,,10,1.06755,8,0.598975,9,0.348267,8,0.276767,9,0.696444,8,-0.480823,9,-0.589886,9,-0.562373,9,-0.680677,10,1.49403,,,,,,,,,,,,,,,,,,
Net3,main,302,a,random,8,84,10.3683,26.2842,48.4124,-26.1549,12,12,21,0,9,22,47,60,9,-1.19849,7,-1.84907,8,-2.62731,8,-2.11597,9,-2.2187,8,-2.75955,8,-3.60692,8,-2.70289,9,-3.85538,10,-3.22062,0.397954,0.21094,0.187014,0.11129,0.111281,9.10526e-06,0.387319,0.226785,0.160533,0.32008,0.1,0.3,1,0.9,,,,
Net3,main,302,b,random,8,84,3.21755,14.2351,5.76889,-13.4596,12,12,10,0,24,45,50,65,9,-0.596567,7,-1.06605,8,-1.19851,8,-1.8963,9,-1.63164,8,-1.59015,8,-1.96349,8,-1.38433,9,-1.16164,10,-0.970869,0.251389,0.122345,0.129044,0.0145667,0.0145665,2.00446e-07,0.0917657,0.0897365,0.00202923,0.0292017,0.16,0.3,2,0.95,,,,
Net3,main,302,c,random,8,84,2.82221,13.3527,4.82459,-12.1433,12,11,10,1,27,46,53,65,9,-0.551546,7,-0.986967,8,-1.12265,8,-1.79488,9,-1.52696,8,-1.48468,8,-1.80276,8,-1.29366,9,-0.907511,10,-0.671682,0.0299422,0.0124429,0.0174993,0.00790414,0.00790392,2.19956e-07,0.0802707,0.0790442,0.00122649,0.0303469,0.04,0.3,2,0.95,12,,,
Net3,main,302,d,random,8,84,21.3216,32.5565,32.2697,23.7734,12,0,0,12,,,,,9,-1.52288,7,-0.19173,8,1.03344,8,-0.527145,9,0.366053,8,2.86184,8,2.05529,8,5.56528,9,5.5141,10,8.61916,,,,,,,,,,,,,,,,,,
Net3,main,302,e,random,8,84,13.6795,26.6789,24.4497,13.4463,12,0,0,12,,,,,9,0.079476,7,-0.412593,8,0.231114,8,-1.87728,9,-0.979184,8,1.05242,8,0.505896,8,3.82519,9,3.75126,10,7.26998,,,,,,,,,,,,,,,,,,
Net3,main,302,f,random,8,84,1.5151,8.81771,4.1316,2.1547,12,6,5,6,,,,,9,1.11858,7,0.524649,8,0.319324,8,0.276767,9,0.696444,8,-0.480823,8,-0.532369,8,-0.58122,9,-0.680677,10,1.49403,,,,,,,,,,,,,,,,,,
Net3,main,302,a,random,15,77,8.56208,23.2977,40.0066,-23.2977,12,12,20,0,2,18,35,49,8,-1.4785,5,-1.22495,6,-1.92933,8,-2.36245,8,-1.69099,8,-2.57442,7,-2.74817,8,-2.54058,9,-3.64907,10,-3.09923,0.399898,0.239377,0.160521,0.0738532,0.0738532,3.7472e-09,0.347775,0.183081,0.164694,0.299977,0.1,0.3,1,0.95,,,,
Net3,main,302,b,random,15,77,1.5534,9.05657,4.09073,-7.10885,12,11,11,1,25,51,57,61,8,0.0320423,5,-0.324738,6,-0.814819,8,-0.584045,8,-0.328725,8,-1.08786,7,-1.07448,8,-1.21449,9,-0.720922,10,-0.990819,0.228343,0.12815,0.100194,4.24698e-07,4.24698e-07,9.43734e-14,0.00177658,2.32946e-06,0.00177425,0.026337,0.04,0.3,2,0.95,,,,
Net3,main,302,c,random,15,77,1.48909,8.86911,3.6875,-6.65663,12,11,10,1,25,50,58,61,8,0.0447318,5,-0.32642,6,-0.811099,8,-0.558431,8,-0.304118,8,-1.06996,7,-1.06161,8,-1.1678,9,-0.591153,10,-0.810774,0.0257542,0.0126093,0.0131449,3.13355e-07,3.13355e-07,9.62597e-14,0.000575879,2.25047e-06,0.000573629,0.0296632,0.04,0.3,2,0.95,12,,,
Net3,main,302,d,random,15,77,26.5915,35.6738,37.0598,32.3187,12,0,0,12,,,,,8,-0.0727043,5,0.664687,6,1.4409,8,0.288328,8,1.26413,8,3.67732,7,2.60524,8,6.38075,9,6.43151,10,9.6385,,,,,,,,,,,,,,,,,,
Net3,main,302,e,random,15,77,20.262,27.9234,29.874,20.2919,12,0,0,12,,,,,8,0.262034,5,0.0217522,6,0.405021,8,-1.46031,8,0.949519,8,1.05242,7,0.633526,8,3.82519,9,3.86476,10,10.738,,,,,,,,,,,,,,,,,,
Net3,main,302,f,random,15,77,1.36136,7.88452,4.02415,1.74755,12,6,5,6,,,,,8,0.961088,5,0.32197,6,0.0718956,8,0.276767,8,0.633868,8,-0.480823,7,-0.26935,8,-0.58122,9,-0.680677,10,1.49403,,,,,,,,,,,,,,,,,,
Net3,main,302,a,straddle_min,3,89,14.8898,33.9581,66.3644,-33.7944,12,12,22,0,2,19,59,66,10,-1.87907,8,-2.77624,9,-3.63648,8,-3.23085,9,-2.98608,8,-3.58267,9,-4.63933,9,-3.53135,9,-4.14862,10,-3.38372,0.399062,0.20227,0.196792,0.13245,0.125413,0.00703648,0.399494,0.211664,0.18783,0.326943,0.7,0.3,0.5,0.9,,,,
Net3,main,302,a,straddle_min,8,84,10.8156,26.2116,36.2733,-25.7952,12,12,14,0,15,31,41,52,10,-1.10962,8,-1.74699,9,-2.94186,8,-3.19227,9,-2.5014,6,-2.24727,8,-3.82443,7,-1.7799,9,-3.58969,10,-2.86175,0.426721,0.245663,0.181058,0.315815,0.315815,2.47927e-10,0.411565,0.243356,0.16821,0.302375,0.1,0.3,1,0.95,,,,
Net3,main,302,a,straddle_min,15,77,5.20369,16.9816,13.1604,-16.4985,9,8,6,1,20,38,41,48,10,-2.25325,8,-1.56221,9,-1.55924,8,-2.62683,9,-2.31155,6,-0.873311,8,-2.14491,6,-0.653234,6,-0.982348,7,-1.53163,0.699961,0.696703,0.00325741,0.650613,0.650613,1.47345e-17,0.523375,0.353782,0.169593,0.137854,0.1,0.1,1,0.9,,,,
Net3,main,302,b,straddle_min,3,89,7.40347,22.7235,10.4559,-22.5397,12,12,11,0,18,42,47,60,10,-2.93881,8,-2.09978,9,-2.03709,8,-2.94388,9,-2.75595,8,-1.86909,9,-2.89147,9,-1.64767,9,-1.79934,10,-1.55662,0.266515,0.11676,0.149754,0.0527733,0.0519108,0.000862494,0.232604,0.231504,0.00110004,0.0318307,0.0025,0.3,0,0.8,,,,
Net3,main,302,b,straddle_min,8,84,8.32236,22.0338,9.016,-21.4896,11,11,7,0,16,29,39,51,10,-3.59206,8,-2.24381,9,-1.86931,8,-3.09222,9,-2.97521,7,-1.4601,8,-2.46534,8,-0.973978,8,-1.67556,9,-1.14203,0.0836902,0.067458,0.0162322,0.000225021,0.000225021,2.4344e-13,0.556016,0.548176,0.00783954,0.041563,0.08,0.1,1,0.65,,,,
Net3,main,302,b,straddle_min,15,77,3.23277,12.9639,3.92044,-8.63591,6,6,4,0,44,63,65,68,10,-0.359694,8,-1.1716,9,-1.27496,8,-1.49196,9,-1.95611,7,-1.08198,8,-0.567794,8,0.190619,5,-0.446245,5,-0.476182,0.262503,0.262429,7.4438e-05,1.24768e-07,1.24768e-07,4.14215e-25,0.0430109,0.00142888,0.041582,0.00729733,0.0025,0.3,1,1,,,,
Net3,main,302,c,straddle_min,3,89,6.75678,21.5981,8.59152,-21.3035,12,12,11,0,18,42,48,57,10,-2.79856,8,-2.0136,9,-2.00943,8,-2.86068,9,-2.66883,8,-1.77988,9,-2.7643,9,-1.59782,9,-1.57162,10,-1.2388,0.0329238,0.0121485,0.0207754,0.0458753,0.04492,0.000955264,0.232911,0.231861,0.00105018,0.0311113,0.04,0.3,0,0.8,16,,,
Net3,main,302,d,straddle_min,3,89,18.0262,30.87,27.9546,13.2521,12,0,0,12,,,,,10,-3.59046,8,-1.09884,9,0.133348,8,-1.50508,9,-0.734122,8,1.88391,9,1.22098,9,5.13174,9,4.41392,10,7.39674,,,,,,,,,,,,,,,,,,
Net3,main,302,e,straddle_min,3,89,20.5821,33.6612,30.7633,14.5595,12,0,0,12,,,,,10,-1.95624,8,0.208534,9,-0.313154,8,-2.115,9,-1.44075,8,1.40282,9,0.730711,9,5.08798,9,4.14002,10,8.8146,,,,,,,,,,,,,,,,,,
Net3,main,302,f,straddle_min,3,89,1.52773,9.04837,4.14045,2.16828,12,6,5,6,,,,,10,1.06755,8,0.598975,9,0.348267,8,0.276767,9,0.696444,8,-0.480823,9,-0.589886,9,-0.562373,9,-0.680677,10,1.49403,,,,,,,,,,,,,,,,,,
Net3,main,302,c,straddle_min,8,84,6.98089,19.5707,6.41739,-18.5796,11,10,6,1,16,28,39,45,10,-3.41816,8,-1.87666,9,-1.7419,8,-2.94612,9,-2.56658,8,-0.94915,7,-2.10785,8,-0.433511,8,-1.56911,9,-0.970574,0.0120612,0.00925336,0.00280783,4.76831e-05,4.76831e-05,1.28327e-13,0.611254,0.610923,0.000330274,0.0397045,0.08,0.1,1,0.65,13,,,
Net3,main,302,d,straddle_min,8,84,15.3843,30.1164,20.6053,-7.22233,11,0,0,11,,,,,10,-5.65716,8,-2.75221,9,-1.72669,8,-3.15844,9,-2.59416,8,0.230547,7,-1.27353,8,2.96249,8,1.88578,9,4.86104,,,,,,,,,,,,,,,,,,
Net3,main,302,e,straddle_min,8,84,7.70766,19.9921,10.9343,0.846426,11,0,0,11,,,,,10,-1.95624,8,0.208534,9,-0.313154,8,-2.115,9,-1.61838,8,0.692337,7,-0.421655,8,2.95487,8,1.47213,9,1.94297,,,,,,,,,,,,,,,,,,
Net3,main,302,f,straddle_min,8,84,1.40381,8.31417,2.83488,2.43799,11,5,4,6,,,,,10,1.06755,8,0.598975,9,0.348267,8,0.276767,9,0.696444,8,-0.480823,7,-0.372852,8,-0.471678,8,-0.486453,9,1.26179,,,,,,,,,,,,,,,,,,
Net3,main,302,c,straddle_min,15,77,14.3234,27.6945,12.1892,-27.1495,9,9,4,0,9,18,25,29,10,-6.36281,8,-3.45751,9,-2.96886,8,-3.95409,9,-3.71071,8,-1.75458,6,-2.57448,5,-0.229557,7,-1.47036,7,-0.666581,0.0172786,0.0172364,4.22053e-05,8.47644e-08,8.47644e-08,1.98657e-27,0.833894,0.833712,0.000182357,0.0276161,0.02,0.1,2,0.65,11,,,
Net3,main,302,d,straddle_min,15,77,14.9631,28.7043,18.0031,-12.8794,9,0,0,9,,,,,10,-6.02557,8,-3.04693,9,-2.05825,8,-3.45317,9,-2.92572,8,-0.0641793,6,-1.83206,5,1.84601,7,0.940453,7,3.74005,,,,,,,,,,,,,,,,,,
Net3,main,302,e,straddle_min,15,77,16.428,22.4988,20.542,-5.98918,9,0,5,9,,,,,10,-5.69317,8,-0.725698,9,-0.313154,8,-2.115,9,-1.61838,8,0.603818,6,-0.918795,5,1.91073,7,1.18729,7,1.69317,,,,,,,,,,,,,,,,,,
Net3,main,302,f,straddle_min,15,77,1.19402,7.3659,1.76378,2.62873,9,4,3,5,,,,,10,1.06755,8,0.598975,9,0.348267,8,0.276767,9,0.696444,8,-0.480823,6,-0.381303,5,-0.212293,7,-0.334694,7,1.04984,,,,,,,,,,,,,,,,,,
Net3,main,303,a,random,3,89,3.43324,14.0125,13.9584,-12.7713,14,14,7,0,56,78,81,83,10,-1.32018,9,-1.27174,9,-0.772189,8,-0.807768,9,-1.34665,9,-0.280882,9,-1.4219,8,-0.437507,8,-2.28817,10,-2.82429,0.4329,0.385066,0.0478342,0.675058,0.67498,7.80447e-05,0.395221,0.162187,0.233034,0.216871,0.1,0.3,1,1.1,,,,
Net3,main,303,b,random,3,89,0.6888,6.27041,1.8514,-2.13071,14,10,5,4,71,88,89,89,10,-0.024173,9,-0.622722,9,-0.290898,8,-0.191652,9,-0.655083,9,0.362911,9,-0.088741,8,0.313611,8,-0.126727,10,-0.807237,0.183579,0.163986,0.0195931,0.0133216,0.0133118,9.78638e-06,0.255478,0.00713564,0.248343,0.0160149,0.01,0.3,0,1.1,,,,
Net3,main,303,c,random,3,89,0.734247,6.32419,2.19538,-3.03384,14,12,6,2,71,87,89,89,10,-0.0362132,9,-0.596957,9,-0.241023,8,-0.161854,9,-0.666771,9,0.285,9,-0.222534,8,0.118712,8,-0.436617,10,-1.07558,0.0129293,0.00297137,0.00995793,0.0139096,0.013902,7.57784e-06,0.25863,0.00598735,0.252643,0.0402157,0.04,0.3,0,1.1,10,,,
Net3,main,303,d,random,3,89,18.9363,33.4969,26.7241,13.0924,14,0,0,14,,,,,10,-3.75365,9,-1.78533,9,-0.420732,8,-1.1833,9,-1.28506,9,2.6417,9,1.89198,8,5.38636,8,4.40186,10,7.19863,,,,,,,,,,,,,,,,,,
Net3,main,303,e,random,3,89,19.1392,29.864,22.638,23.7339,14,0,0,14,,,,,10,-0.845287,9,0.896897,9,2.40014,8,1.36522,9,0.533908,9,0.961377,9,2.84768,8,2.38556,8,4.12951,10,9.05887,,,,,,,,,,,,,,,,,,
Net3,main,303,f,random,3,89,1.79575,9.51026,3.49352,5.83393,14,5,1,9,,,,,10,0.858359,9,0.495495,9,-0.286084,8,0.60358,9,0.545357,9,0.304497,9,0.315052,8,0.226822,8,-0.0206796,10,2.79153,,,,,,,,,,,,,,,,,,
Net3,main,303,a,random,8,84,4.41771,16.8001,14.689,-16.6308,14,14,8,0,24,49,68,74,9,-1.91343,9,-1.74517,8,-1.26834,8,-1.46305,9,-1.96653,7,-0.621823,8,-1.69349,8,-0.779283,8,-2.35612,10,-2.82354,0.46967,0.421626,0.0480443,0.511788,0.511788,6.89096e-10,0.409499,0.207233,0.202266,0.207082,0.1,0.3,1,1.1,,,,
Net3,main,303,b,random,8,84,1.12465,8.15105,1.94057,-6.74955,14,13,5,1,48,72,79,81,9,-0.584437,9,-0.971189,8,-1.02641,8,-0.773443,9,-1.23422,7,-0.26848,8,-0.594776,8,0.0298809,8,-0.393045,10,-0.933436,0.18452,0.177321,0.00719953,0.000214777,0.000214777,3.05631e-16,0.285922,0.000127644,0.285794,0.0138108,0.08,0.3,2,1.1,,,,
Net3,main,303,c,random,8,84,1.13257,7.86839,2.3215,-6.31872,14,14,6,0,52,73,77,83,9,-0.207866,9,-0.896645,8,-0.698873,8,-0.874714,9,-1.09138,7,-0.287968,8,-0.622929,8,0.0760384,8,-0.489943,10,-1.22444,0.00714946,0.00334269,0.00380677,0.000211938,0.000211938,2.23794e-16,0.317701,0.000112185,0.317589,0.0366449,0.08,0.3,2,1.1,10,,,
Net3,main,303,d,random,8,84,21.1982,33.2591,29.4265,18.9672,14,0,0,14,,,,,9,-3.23463,9,-1.08562,8,0.298567,8,-0.56133,9,-0.585338,7,2.7626,8,2.36472,8,6.00833,8,5.02383,10,7.97609,,,,,,,,,,,,,,,,,,
Net3,main,303,e,random,8,84,27.4647,35.762,33.1388,29.0624,14,0,0,14,,,,,9,0.111593,9,2.08341,8,2.31569,8,0.315197,9,-0.75897,7,1.86609,8,2.39757,8,4.31675,8,5.23588,10,11.1792,,,,,,,,,,,,,,,,,,
Net3,main,303,f,random,8,84,1.74061,9.122,3.45175,5.72503,14,5,1,9,,,,,9,0.6526,9,0.495495,8,-0.190161,8,0.60358,9,0.545357,7,0.26352,8,0.356968,8,0.226822,8,-0.0206796,10,2.79153,,,,,,,,,,,,,,,,,,
Net3,main,303,a,random,15,77,3.92712,15.7154,12.8835,-15.5922,11,11,8,0,14,35,60,64,7,-1.34268,9,-1.73231,7,-1.24372,8,-1.39905,9,-1.96844,6,-0.721121,8,-1.7344,8,-0.919183,5,-1.78985,10,-2.74143,0.547126,0.504898,0.042228,0.298353,0.298353,8.77583e-17,0.428803,0.15852,0.270284,0.18478,0.1,0.3,1,1.05,,,,
Net3,main,303,b,random,15,77,0.949227,6.91797,1.66906,-5.89683,11,11,5,0,44,65,72,74,7,-0.228358,9,-0.959872,7,-0.825317,8,-0.702315,9,-1.06832,6,-0.307416,8,-0.466696,8,-0.135535,5,-0.280917,10,-0.922086,0.181886,0.181315,0.000571219,6.32973e-10,6.32973e-10,2.25018e-29,0.170528,1.47221e-09,0.170528,0.0130744,0.02,0.3,1,1.05,,,,
Net3,main,303,c,random,15,77,1.11176,7.6716,2.19185,-6.89426,11,11,6,0,39,64,72,74,7,-0.237142,9,-1.01874,7,-0.858978,8,-0.732632,9,-1.10798,6,-0.35106,8,-0.583405,8,-0.271339,5,-0.502104,10,-1.23088,0.00374929,0.00344488,0.000304411,6.29264e-10,6.29264e-10,1.43239e-29,0.203489,1.27726e-09,0.203489,0.0353278,0.04,0.3,1,1.05,11,,,
Net3,main,303,d,random,15,77,18.9251,29.3364,25.8273,18.3251,11,0,0,11,,,,,7,-2.11538,9,-0.918136,7,0.310844,8,-0.412459,9,-0.417857,6,2.57084,8,2.51359,8,6.1572,5,2.47423,10,8.16218,,,,,,,,,,,,,,,,,,
Net3,main,303,e,random,15,77,15.4405,25.9294,18.2902,20.4648,11,0,0,11,,,,,7,0.977108,9,3.00477,7,1.81611,8,0.11729,9,-0.75897,6,1.57643,8,1.0294,8,2.05455,5,1.30306,10,9.34502,,,,,,,,,,,,,,,,,,
Net3,main,303,f,random,15,77,1.56841,8.18686,3.01865,5.20052,11,4,1,7,,,,,7,0.291686,9,0.495495,7,-0.112471,8,0.60358,9,0.545357,6,0.262394,8,0.356968,8,0.226822,5,-0.260843,10,2.79153,,,,,,,,,,,,,,,,,,
Net3,main,303,a,straddle_min,3,89,3.43324,14.0125,13.9584,-12.7713,14,14,7,0,56,78,81,83,10,-1.32018,9,-1.27174,9,-0.772189,8,-0.807768,9,-1.34665,9,-0.280882,9,-1.4219,8,-0.437507,8,-2.28817,10,-2.82429,0.4329,0.385066,0.0478342,0.675058,0.67498,7.80447e-05,0.395221,0.162187,0.233034,0.216871,0.1,0.3,1,1.1,,,,
Net3,main,303,a,straddle_min,8,84,2.34665,9.76932,13.0161,-8.09194,13,13,6,0,54,73,76,79,10,-0.317977,9,-0.035588,9,0.0379901,8,-0.164126,9,-0.990586,7,-0.174839,8,-1.09988,7,-0.746196,8,-2.0656,9,-2.53514,0.531515,0.488244,0.0432708,0.393502,0.393502,9.69768e-12,0.433341,0.169668,0.263672,0.189643,0.1,0.3,1,1.1,,,,
Net3,main,303,a,straddle_min,15,77,2.61428,12.9168,7.75706,-12.7882,13,13,4,0,20,62,71,74,10,-1.19131,9,-1.65277,9,-1.52211,8,-0.971207,9,-1.62716,7,-1.12636,7,-1.48289,6,-0.97814,6,-1.01503,6,-1.22126,0.768523,0.762499,0.0060246,0.270457,0.270457,2.9849e-17,0.479438,0.15044,0.328998,0.129143,0.1,0.3,0,1.1,,,,
Net3,main,303,b,straddle_min,3,89,0.6888,6.27041,1.8514,-2.13071,14,10,5,4,71,88,89,89,10,-0.024173,9,-0.622722,9,-0.290898,8,-0.191652,9,-0.655083,9,0.362911,9,-0.088741,8,0.313611,8,-0.126727,10,-0.807237,0.183579,0.163986,0.0195931,0.0133216,0.0133118,9.78638e-06,0.255478,0.00713564,0.248343,0.0160149,0.01,0.3,0,1.1,,,,
Net3,main,303,b,straddle_min,8,84,3.38628,13.2673,5.23919,-8.08811,12,9,4,3,32,55,64,76,10,-2.7004,9,-1.97493,9,0.118151,8,-0.176413,9,-1.01446,9,0.5453,8,-0.664454,7,-0.0254455,8,-1.32465,7,-0.870795,0.00863216,0.0071457,0.00148647,0.000233629,0.000233629,6.13934e-12,0.0803978,0.0215286,0.0588691,0.109545,0.16,0.1,2,0.8,,,,
Net3,main,303,b,straddle_min,15,77,4.46153,14.5317,3.92757,-9.86757,6,4,3,2,21,36,47,57,10,-4.03574,9,-3.14125,9,-0.415399,8,-0.664301,9,-1.14842,9,0.856394,8,-0.2901,6,0.078401,5,-0.823812,4,-0.283336,0.0318489,0.0318489,3.0687e-10,2.21079e-07,2.21079e-07,4.37038e-28,0.127846,0.124814,0.00303252,0.040785,0.08,0.1,2,0.75,,,,
Net3,main,303,c,straddle_min,3,89,0.734247,6.32419,2.19538,-3.03384,14,12,6,2,71,87,89,89,10,-0.0362132,9,-0.596957,9,-0.241023,8,-0.161854,9,-0.666771,9,0.285,9,-0.222534,8,0.118712,8,-0.436617,10,-1.07558,0.0129293,0.00297137,0.00995793,0.0139096,0.013902,7.57784e-06,0.25863,0.00598735,0.252643,0.0402157,0.04,0.3,0,1.1,10,,,
Net3,main,303,d,straddle_min,3,89,18.9363,33.4969,26.7241,13.0924,14,0,0,14,,,,,10,-3.75365,9,-1.78533,9,-0.420732,8,-1.1833,9,-1.28506,9,2.6417,9,1.89198,8,5.38636,8,4.40186,10,7.19863,,,,,,,,,,,,,,,,,,
Net3,main,303,e,straddle_min,3,89,19.1392,29.864,22.638,23.7339,14,0,0,14,,,,,10,-0.845287,9,0.896897,9,2.40014,8,1.36522,9,0.533908,9,0.961377,9,2.84768,8,2.38556,8,4.12951,10,9.05887,,,,,,,,,,,,,,,,,,
Net3,main,303,f,straddle_min,3,89,1.79575,9.51026,3.49352,5.83393,14,5,1,9,,,,,10,0.858359,9,0.495495,9,-0.286084,8,0.60358,9,0.545357,9,0.304497,9,0.315052,8,0.226822,8,-0.0206796,10,2.79153,,,,,,,,,,,,,,,,,,
Net3,main,303,c,straddle_min,8,84,3.1853,13.2435,4.30581,-10.5211,11,9,5,2,58,81,81,83,10,-2.66832,9,-2.00371,9,-1.21599,8,-0.910234,9,-1.46192,9,0.183776,8,-0.175779,7,-0.164068,7,-1.07936,8,-1.02547,0.00686351,0.000615904,0.00624761,0.00217834,0.00217834,3.76915e-10,0.143731,0.00761233,0.136119,0.0831891,0.16,0.1,2,0.8,13,,,
Net3,main,303,d,straddle_min,8,84,15.2506,30.57,18.8035,-3.86828,11,0,0,11,,,,,10,-5.33186,9,-3.20572,9,-1.84112,8,-2.44587,9,-2.70544,9,1.22131,8,-0.156547,7,3.40117,7,2.45971,8,4.73607,,,,,,,,,,,,,,,,,,
Net3,main,303,e,straddle_min,8,84,10.6147,22.6536,12.8237,16.395,11,3,0,8,,,,,10,-1.5103,9,0.0890981,9,2.40014,8,1.36522,9,0.951148,9,2.06309,8,1.97363,7,2.37273,7,3.20361,8,3.48659,,,,,,,,,,,,,,,,,,
Net3,main,303,f,straddle_min,8,84,1.33079,8.04766,2.30937,4.37133,11,5,1,6,,,,,10,0.858359,9,0.495495,9,-0.286084,8,0.60358,9,0.545357,9,0.304497,8,0.0240424,7,-0.0378144,7,-0.175206,8,2.0391,,,,,,,,,,,,,,,,,,
Net3,main,303,c,straddle_min,15,77,1.09805,6.20157,1.75046,-0.47748,6,5,2,1,65,72,74,76,10,1.45718,9,-0.0374225,9,0.247521,8,-0.171887,9,-0.73115,9,-0.0731015,8,-0.395339,5,0.226325,4,-0.379221,6,-0.620387,0.00515016,0.00514768,2.47573e-06,9.47503e-11,9.47503e-11,6.24867e-26,0.631364,1.48099e-05,0.631349,0.0259701,0.04,0.3,1,1.1,5,,,
Net3,main,303,d,straddle_min,15,77,12.8007,26.484,13.8217,-8.14104,6,0,0,6,,,,,10,-5.34981,9,-3.22188,9,-1.85727,8,-2.46023,9,-2.7216,9,1.20516,8,-0.170907,5,2.12077,4,0.569795,6,3.74493,,,,,,,,,,,,,,,,,,
Net3,main,303,e,straddle_min,15,77,7.95951,19.8043,8.11453,18.2176,6,0,0,6,,,,,10,1.44151,9,2.64471,9,2.62342,8,1.36522,9,0.951148,9,2.06075,8,1.97363,5,1.18547,4,1.74288,6,2.22882,,,,,,,,,,,,,,,,,,
Net3,main,303,f,straddle_min,15,77,1.08748,7.01875,1.70299,3.63919,6,2,1,4,,,,,10,0.858359,9,0.495495,9,-0.286084,8,0.60358,9,0.545357,9,0.304497,8,0.0240424,5,-0.0779639,4,-0.277854,6,1.44976,,,,,,,,,,,,,,,,,,
Net3,main,304,a,random,3,89,10.4515,27.6948,64.2534,-26.1198,16,16,20,0,7,61,71,79,10,-0.396239,7,-1.90666,9,-2.50027,9,-2.17062,8,-1.70101,9,-3.04454,9,-3.44249,9,-2.94677,9,-5.01464,10,-2.99654,0.399079,0.205192,0.193887,0.203996,0.183901,0.0200948,0.396005,0.203281,0.192723,0.324719,0.1,0.3,1,0.9,,,,
Net3,main,304,b,random,3,89,2.12642,11.0602,3.91335,-1.02628,16,11,4,5,49,81,88,89,10,-1.13942,7,-0.587465,9,0.267512,9,-0.38362,8,0.285407,9,1.12561,9,0.0981825,9,1.16525,9,-1.41081,10,-0.446924,0.243914,0.127207,0.116707,0.238562,0.235133,0.00342865,0.147284,0.14383,0.00345405,0.0273279,0.32,0.3,2,0.95,,,,
Net3,main,304,c,random,3,89,2.33002,11.3886,4.01708,-0.082584,16,10,3,6,44,82,84,89,10,-1.17912,7,-0.559987,9,0.312282,9,-0.343372,8,0.324132,9,1.28507,9,0.220488,9,1.47905,9,-1.33972,10,-0.281413,0.0306293,0.00887098,0.0217583,0.23838,0.234808,0.00357184,0.153494,0.150104,0.00338942,0.0339597,0.04,0.1,2,0.75,8,,,
Net3,main,304,d,random,3,89,26.6133,39.5924,36.6425,36.8819,16,0,0,16,,,,,10,-0.304626,7,0.785415,9,2.37911,9,1.41344,8,2.15618,9,4.56129,9,4.03295,9,7.31044,9,5.08994,10,9.45771,,,,,,,,,,,,,,,,,,
Net3,main,304,e,random,3,89,25.6469,39.317,35.4419,35.6728,16,0,0,16,,,,,10,-0.899769,7,0.40975,9,2.57477,9,1.60909,8,2.23512,9,4.6501,9,4.03873,9,7.2332,9,5.0127,10,8.80914,,,,,,,,,,,,,,,,,,
Net3,main,304,f,random,3,89,1.89568,10.3447,4.92061,-5.29048,16,10,12,6,,,,,10,0.324279,7,-0.746914,9,-0.915847,9,-0.397326,8,-0.126231,9,-1.39627,9,-0.857926,9,-1.11655,9,-1.33989,10,1.28219,,,,,,,,,,,,,,,,,,
Net3,main,304,a,random,8,84,8.11614,22.4588,49.2402,-22.0002,16,16,16,0,11,41,50,65,10,-1.20239,6,-1.80178,9,-2.18485,8,-1.43102,7,-0.889883,8,-1.92147,9,-2.82814,8,-2.00489,9,-4.77678,10,-2.95903,0.395904,0.190976,0.204929,0.113495,0.113492,3.74174e-06,0.38676,0.229135,0.157625,0.334922,0.1,0.3,1,0.9,,,,
Net3,main,304,b,random,8,84,2.88602,13.4733,7.9043,-13.0123,16,16,10,0,26,55,66,71,10,-1.49327,6,-1.29154,9,-1.55906,8,-1.02534,7,-0.439537,8,-1.04919,9,-1.36305,8,-0.945463,9,-2.42878,10,-1.41703,0.255661,0.122534,0.133127,0.0104192,0.0104191,1.36044e-07,0.013291,0.0129422,0.00034881,0.0293505,0.08,0.3,1,0.9,,,,
Net3,main,304,c,random,8,84,2.73347,13.1284,7.07438,-12.6275,16,16,10,0,27,53,65,73,10,-1.48091,6,-1.29716,9,-1.52423,8,-1.00576,7,-0.438678,8,-1.02234,9,-1.30559,8,-0.886325,9,-2.31409,10,-1.35246,0.03387,0.00867457,0.0251955,0.00985244,0.0098523,1.40591e-07,0.0139341,0.0138222,0.000111943,0.0347655,0.04,0.3,1,0.9,18,,,
Net3,main,304,d,random,8,84,18.3442,30.0893,28.7502,25.2795,16,0,0,16,,,,,10,-1.46515,6,0.0820342,9,1.33464,8,0.383109,7,1.16604,8,2.86022,9,2.98848,8,5.58745,9,4.04547,10,8.29719,,,,,,,,,,,,,,,,,,
Net3,main,304,e,random,8,84,13.3994,26.6779,20.9901,24.2695,16,0,0,16,,,,,10,-0.382914,6,0.734268,9,2.36265,8,1.34029,7,1.64816,8,2.49716,9,2.69438,8,3.71911,9,2.80962,10,6.84678,,,,,,,,,,,,,,,,,,
Net3,main,304,f,random,8,84,1.85972,10.0351,4.77746,-4.99309,16,10,10,6,,,,,10,0.324279,6,-0.699762,9,-0.915847,8,-0.380285,7,-0.132311,8,-1.22769,9,-0.857926,8,-1.04585,9,-1.33989,10,1.28219,,,,,,,,,,,,,,,,,,
Net3,main,304,a,random,15,77,4.28321,15.6739,19.7811,-15.2303,16,16,13,0,13,34,56,66,9,-1.19246,6,-1.11465,9,-1.44112,7,-1.04667,6,-0.560714,8,-1.44131,8,-1.76109,8,-1.59664,6,-2.71816,10,-2.35753,0.428784,0.386219,0.0425643,0.0328365,0.0328365,2.46264e-12,0.331524,0.216537,0.114988,0.213308,0.1,0.3,0.5,0.95,,,,
Net3,main,304,b,random,15,77,1.66317,9.75732,5.63191,-8.48727,16,16,8,0,17,44,56,67,9,-0.257309,6,-0.943433,9,-1.00699,7,-0.481693,6,-0.268736,8,-0.969154,8,-0.83493,8,-1.0068,6,-1.30014,10,-1.41809,0.164869,0.161029,0.00384006,4.19145e-06,4.19145e-06,1.08851e-16,5.34683e-05,3.44193e-05,1.9049e-05,0.0150616,0.0025,0.3,0.5,0.9,,,,
Net3,main,304,c,random,15,77,1.71861,9.89529,6.07161,-8.58929,16,16,8,0,18,44,57,66,9,-0.272654,6,-0.946619,9,-0.995781,7,-0.461559,6,-0.239083,8,-0.959067,8,-0.850319,8,-1.0137,6,-1.3597,10,-1.49081,0.0103907,0.00976798,0.000622735,4.05328e-06,4.05328e-06,9.29568e-17,3.53236e-05,2.86031e-05,6.72046e-06,0.0276614,0.02,0.3,0.5,0.9,18,,,
Net3,main,304,d,random,15,77,15.6613,26.5949,25.6809,20.4629,16,0,0,16,,,,,9,-1.82747,6,-0.14805,9,0.989514,7,0.13401,6,0.876187,8,2.55344,8,2.35087,8,5.28067,6,2.34005,10,7.91371,,,,,,,,,,,,,,,,,,
Net3,main,304,e,random,15,77,11.9323,24.1232,19.3045,21.7148,16,0,0,16,,,,,9,-0.315325,6,0.858887,9,2.36265,7,1.13324,6,1.47809,8,2.24461,8,2.06855,8,3.58282,6,1.45448,10,6.84678,,,,,,,,,,,,,,,,,,
Net3,main,304,f,random,15,77,1.7249,9.32991,4.13813,-4.37539,16,10,8,6,,,,,9,0.420586,6,-0.699762,9,-0.915847,7,-0.351419,6,-0.135419,8,-1.22769,8,-0.79621,8,-1.04585,6,-0.90597,10,1.28219,,,,,,,,,,,,,,,,,,
Net3,main,304,a,straddle_min,3,89,10.4515,27.6948,64.2534,-26.1198,16,16,20,0,7,61,71,79,10,-0.396239,7,-1.90666,9,-2.50027,9,-2.17062,8,-1.70101,9,-3.04454,9,-3.44249,9,-2.94677,9,-5.01464,10,-2.99654,0.399079,0.205192,0.193887,0.203996,0.183901,0.0200948,0.396005,0.203281,0.192723,0.324719,0.1,0.3,1,0.9,,,,
Net3,main,304,a,straddle_min,8,84,5.63003,18.0721,38.1418,-17.135,16,16,13,0,21,44,59,73,10,-0.760237,7,-1.61223,9,-1.73615,9,-0.985457,8,-0.430725,7,-1.48755,8,-1.76798,8,-1.93268,8,-3.7407,10,-2.68125,0.412159,0.244307,0.167852,0.125113,0.125113,3.72629e-08,0.377294,0.220229,0.157065,0.299928,0.1,0.3,0.5,0.9,,,,
Net3,main,304,a,straddle_min,15,77,3.69641,14.8165,17.3516,-13.495,13,13,9,0,13,44,55,62,10,-0.659898,7,-0.702428,9,-2.31844,9,-1.49354,8,-0.413278,7,-1.63692,7,-1.39355,7,-1.38266,6,-1.86454,7,-1.62977,0.626079,0.612124,0.0139541,0.0193473,0.0193473,2.34415e-13,0.336934,0.226624,0.11031,0.154019,0.1,0.3,0,0.9,,,,
Net3,main,304,b,straddle_min,3,89,2.12642,11.0602,3.91335,-1.02628,16,11,4,5,49,81,88,89,10,-1.13942,7,-0.587465,9,0.267512,9,-0.38362,8,0.285407,9,1.12561,9,0.0981825,9,1.16525,9,-1.41081,10,-0.446924,0.243914,0.127207,0.116707,0.238562,0.235133,0.00342865,0.147284,0.14383,0.00345405,0.0273279,0.32,0.3,2,0.95,,,,
Net3,main,304,b,straddle_min,8,84,2.01195,10.5154,7.27436,-8.27193,13,12,4,1,29,53,68,73,10,-1.77331,7,-0.990633,9,-0.742269,9,-0.945061,8,-0.347604,9,-0.298342,8,-0.615514,9,0.000557517,8,-1.40728,7,-1.15248,0.240681,0.128129,0.112553,0.00425251,0.00425251,8.51609e-12,0.0322943,0.0310243,0.00126998,0.027081,0.16,0.1,2,0.75,,,,
Net3,main,304,b,straddle_min,15,77,1.70874,8.7598,7.10444,-4.11894,10,5,2,5,25,45,57,65,10,-1.42647,7,-0.691056,9,-0.0888987,9,-0.411096,8,0.0523564,7,-0.0674441,8,-0.191782,9,0.5039,5,-0.921278,5,-0.877173,0.223407,0.222778,0.000629222,9.61363e-08,9.61363e-08,1.76977e-29,0.0789479,0.0786814,0.000266518,0.00946913,0.0025,0.1,2,0.7,,,,
Net3,main,304,c,straddle_min,3,89,2.33002,11.3886,4.01708,-0.082584,16,10,3,6,44,82,84,89,10,-1.17912,7,-0.559987,9,0.312282,9,-0.343372,8,0.324132,9,1.28507,9,0.220488,9,1.47905,9,-1.33972,10,-0.281413,0.0306293,0.00887098,0.0217583,0.23838,0.234808,0.00357184,0.153494,0.150104,0.00338942,0.0339597,0.04,0.1,2,0.75,8,,,
Net3,main,304,d,straddle_min,3,89,26.6133,39.5924,36.6425,36.8819,16,0,0,16,,,,,10,-0.304626,7,0.785415,9,2.37911,9,1.41344,8,2.15618,9,4.56129,9,4.03295,9,7.31044,9,5.08994,10,9.45771,,,,,,,,,,,,,,,,,,
Net3,main,304,e,straddle_min,3,89,25.6469,39.317,35.4419,35.6728,16,0,0,16,,,,,10,-0.899769,7,0.40975,9,2.57477,9,1.60909,8,2.23512,9,4.6501,9,4.03873,9,7.2332,9,5.0127,10,8.80914,,,,,,,,,,,,,,,,,,
Net3,main,304,f,straddle_min,3,89,1.89568,10.3447,4.92061,-5.29048,16,10,12,6,,,,,10,0.324279,7,-0.746914,9,-0.915847,9,-0.397326,8,-0.126231,9,-1.39627,9,-0.857926,9,-1.11655,9,-1.33989,10,1.28219,,,,,,,,,,,,,,,,,,
Net3,main,304,c,straddle_min,8,84,2.9607,13.8008,12.8178,-12.6404,13,13,11,0,13,32,38,47,10,-0.370068,7,-0.948977,9,-1.61333,9,-1.02605,8,-0.526417,9,-1.69894,9,-1.60763,8,-1.40684,8,-2.06819,7,-1.374,0.022661,0.00879294,0.0138681,0.000187312,0.000187312,2.04343e-10,0.00339952,0.00335397,4.55501e-05,0.0332092,0.04,0.3,1,0.9,16,,,
Net3,main,304,d,straddle_min,8,84,12.9475,24.745,21.3012,15.2435,13,0,0,13,,,,,10,-2.36177,7,-0.654588,9,0.527675,9,-0.437997,8,0.510464,9,2.70986,9,2.18152,8,4.87014,8,2.69587,7,5.2023,,,,,,,,,,,,,,,,,,
Net3,main,304,e,straddle_min,8,84,9.84428,22.1004,15.5055,17.8221,13,0,0,13,,,,,10,-0.717851,7,0.45523,9,2.57477,9,1.60909,8,1.64248,9,0.501614,9,1.64697,8,2.18258,8,2.43412,7,5.49314,,,,,,,,,,,,,,,,,,
Net3,main,304,f,straddle_min,8,84,1.64575,9.29367,3.83033,-5.61032,13,10,10,3,,,,,10,0.324279,7,-0.746914,9,-0.915847,9,-0.397326,8,-0.126231,9,-1.39627,9,-0.857926,8,-1.04585,8,-1.04501,7,0.596773,,,,,,,,,,,,,,,,,,
Net3,main,304,c,straddle_min,15,77,1.55313,9.35278,3.37838,-7.61893,11,10,5,1,38,67,73,74,10,-0.358646,7,-1.04193,9,-0.971535,9,-0.937022,7,-0.430468,7,-0.727549,8,-0.589667,7,-0.547625,8,-1.5059,5,-0.508578,0.0214579,0.0213727,8.52185e-05,1.47976e-09,1.47976e-09,5.73737e-23,0.0247629,0.0247592,3.7184e-06,0.0196726,0.02,0.3,0,0.9,13,,,
Net3,main,304,d,straddle_min,15,77,8.92831,21.7601,14.1236,-1.9346,11,0,0,11,,,,,10,-4.05633,7,-1.84078,9,-0.997429,9,-1.9631,7,-1.24368,7,0.382488,8,0.254802,7,3.19201,8,1.34022,5,2.9972,,,,,,,,,,,,,,,,,,
Net3,main,304,e,straddle_min,15,77,8.49239,19.2454,13.7048,15.1933,11,0,0,11,,,,,10,-0.717851,7,0.45523,9,2.57477,9,1.20674,7,0.244532,7,0.908006,8,1.30906,7,2.37762,8,2.43412,5,4.40106,,,,,,,,,,,,,,,,,,
Net3,main,304,f,straddle_min,15,77,1.4631,8.25799,2.95856,-5.01664,11,9,7,2,,,,,10,0.324279,7,-0.746914,9,-0.915847,9,-0.397326,7,-0.0334839,7,-1.18916,8,-0.640751,7,-0.940828,8,-1.04501,5,0.568394,,,,,,,,,,,,,,,,,,
Net3,main,305,a,random,3,89,3.73902,13.3984,30.781,-12.1003,15,15,17,0,58,75,84,84,10,-0.336773,9,-0.539552,9,-0.360847,9,-0.284356,8,-0.670517,9,-0.609964,9,-1.81057,8,-1.09955,9,-2.70246,9,-3.68567,0.409529,0.227932,0.181597,0.430857,0.430579,0.000278075,0.393376,0.189227,0.204149,0.311565,0.7,0.1,0.5,0.9,,,,
Net3,main,305,b,random,3,89,2.0968,10.1804,5.84545,-1.7754,15,10,7,5,59,82,85,89,10,-1.78045,9,-0.640306,9,0.31287,9,0.0858019,8,-0.123243,9,1.35479,9,0.164398,8,0.89536,9,0.0746975,9,-2.11932,0.260946,0.119062,0.141884,0.122733,0.122729,3.9391e-06,0.193617,0.143241,0.0503756,0.0308743,0.16,0.1,2,0.8,,,,
Net3,main,305,c,random,3,89,2.00498,10.0343,5.36843,-2.49401,15,10,7,5,57,80,82,86,10,-1.74747,9,-0.697637,9,0.275006,9,0.0137245,8,-0.173687,9,1.24553,9,0.0241613,8,0.784867,9,-0.0835747,9,-2.13492,0.0733397,0.00204031,0.0712994,0.122465,0.122461,3.54633e-06,0.199058,0.147471,0.0515869,0.0567669,0.08,0.1,0.5,0.8,12,,,
Net3,main,305,d,random,3,89,23.6156,36.1338,36.6237,28.1168,15,0,0,15,,,,,10,-2.70506,9,-0.01595,9,1.78416,9,0.740151,8,0.829798,9,4.85453,9,3.78271,8,6.53134,9,5.98479,9,6.33037,,,,,,,,,,,,,,,,,,
Net3,main,305,e,random,3,89,30.3538,43.0234,42.0516,34.5109,15,0,0,15,,,,,10,-3.16974,9,-0.43416,9,2.73889,9,2.08714,8,2.02713,9,6.20152,9,4.93357,8,7.53253,9,6.88279,9,5.71118,,,,,,,,,,,,,,,,,,
Net3,main,305,f,random,3,89,0.637737,4.94447,1.90446,-0.97145,15,15,7,0,,,,,10,0.13737,9,-0.403862,9,-0.00883514,9,0.544219,8,-0.0545814,9,0.0297226,9,-0.200114,8,-0.31291,9,0.0205989,9,-0.723057,,,,,,,,,,,,,,,,,,
Net3,main,305,a,random,8,84,1.62576,8.40534,7.78612,-1.91213,15,13,6,2,69,79,81,81,9,0.0633555,9,-0.234108,8,0.362811,9,0.0650827,7,-0.121457,9,1.23528,9,-0.166358,7,0.296895,9,-0.973167,8,-2.44047,0.55678,0.539013,0.017767,0.494037,0.494037,4.53152e-08,0.386304,0.211662,0.174642,0.169981,0.1,0.3,0,1,,,,
Net3,main,305,b,random,8,84,0.74805,5.6429,2.51794,0.493862,15,14,5,1,69,81,84,84,9,0.25867,9,0.104701,8,0.325604,9,0.510498,7,-0.00197771,9,0.384742,9,0.0917973,7,0.0233308,9,0.243886,8,-1.44739,0.189254,0.18572,0.003534,0.00572684,0.00572684,2.86022e-12,0.0983626,0.00146385,0.0968987,0.0132866,0.08,0.3,0,1,,,,
Net3,main,305,c,random,8,84,0.816715,5.73987,2.85725,0.563961,15,14,5,1,72,78,83,84,9,0.296243,9,0.0985713,8,0.447287,9,0.463706,7,0.00156975,9,0.595028,9,0.0469022,7,0.157547,9,0.049277,8,-1.59217,0.00538813,0.00345836,0.00192977,0.00884111,0.00884111,2.13768e-12,0.0799774,0.00228045,0.077697,0.0368256,0.08,0.3,0,1,13,,,
Net3,main,305,d,random,8,84,28.4392,39.7282,40.9202,36.043,15,0,0,15,,,,,9,-0.997299,9,0.895699,8,2.58944,9,1.6518,7,1.56502,9,5.76618,9,4.69436,7,6.57368,9,6.89644,8,6.40765,,,,,,,,,,,,,,,,,,
Net3,main,305,e,random,8,84,15.9588,31.314,23.8207,29.888,15,0,0,15,,,,,9,0.689671,9,0.963349,8,3.40396,9,2.47377,7,1.44309,9,3.90681,9,3.92608,7,2.70947,9,5.26808,8,5.10371,,,,,,,,,,,,,,,,,,
Net3,main,305,f,random,8,84,0.515708,4.31994,1.0771,-0.425903,15,15,5,0,,,,,9,0.196007,9,-0.403862,8,0.089523,9,0.544219,7,-0.0940722,9,0.0297226,9,-0.200114,7,-0.187622,9,0.0205989,8,-0.420302,,,,,,,,,,,,,,,,,,
Net3,main,305,a,random,15,77,1.46149,7.70793,7.13811,-3.34474,14,12,7,2,52,69,73,74,8,-0.0356311,7,-0.480019,7,0.162333,8,-0.0871561,6,-0.3996,9,0.753291,9,-0.154213,7,0.0658969,8,-0.740249,8,-2.4294,0.577957,0.559384,0.0185733,0.377678,0.377678,4.96565e-13,0.397874,0.221635,0.176239,0.166351,0.1,0.3,0,1,,,,
Net3,main,305,b,random,15,77,0.569884,4.59839,1.691,-0.956051,14,14,6,0,58,72,76,77,8,0.117707,7,-0.24262,7,0.0331083,8,0.207128,6,-0.0813668,9,0.165097,9,-0.048286,7,-0.126405,8,0.205116,8,-1.18553,0.178989,0.177011,0.00197766,0.000136932,0.000136932,1.49467e-22,0.0382339,6.61417e-06,0.0382273,0.0137762,0.08,0.3,0,1,,,,
Net3,main,305,c,random,15,77,0.630129,4.78805,1.98856,-1.97702,14,14,6,0,57,70,76,77,8,-0.0113583,7,-0.370791,7,0.00271609,8,0.119347,6,-0.171177,9,0.157494,9,-0.16997,7,-0.153951,8,-0.0222994,8,-1.35703,0.00417437,0.00314423,0.00103013,0.000189442,0.000189442,8.86927e-23,0.0312664,9.72171e-06,0.0312567,0.0371458,0.08,0.3,0,1,14,,,
Net3,main,305,d,random,15,77,28.7282,39.05,40.4328,35.6086,14,0,0,14,,,,,8,-1.08587,7,0.931489,7,2.36699,8,1.78494,6,1.24218,9,5.98374,9,4.91191,7,6.74289,8,6.12933,8,6.60104,,,,,,,,,,,,,,,,,,
Net3,main,305,e,random,15,77,17.8665,32.2787,25.6707,32.1809,14,0,0,14,,,,,8,1.51665,7,2.25685,7,2.93378,8,1.99929,6,0.896886,9,4.45558,9,3.71371,7,4.64829,8,4.36549,8,5.39434,,,,,,,,,,,,,,,,,,
Net3,main,305,f,random,15,77,0.506006,4.10104,1.05776,-0.443211,14,14,5,0,,,,,8,0.227613,7,-0.399892,7,0.0187709,8,0.504884,6,-0.0778354,9,0.0297226,9,-0.200114,7,-0.187622,8,0.0615644,8,-0.420302,,,,,,,,,,,,,,,,,,
Net3,main,305,a,straddle_min,3,89,3.73902,13.3984,30.781,-12.1003,15,15,17,0,58,75,84,84,10,-0.336773,9,-0.539552,9,-0.360847,9,-0.284356,8,-0.670517,9,-0.609964,9,-1.81057,8,-1.09955,9,-2.70246,9,-3.68567,0.409529,0.227932,0.181597,0.430857,0.430579,0.000278075,0.393376,0.189227,0.204149,0.311565,0.7,0.1,0.5,0.9,,,,
Net3,main,305,a,straddle_min,8,84,1.34567,8.64506,8.47862,-7.73099,15,15,6,0,53,77,82,83,10,-0.581321,9,-0.72158,9,-0.407427,9,-0.250213,8,-0.58721,8,-0.256605,9,-1.211,8,-0.817541,9,-1.58096,5,-1.31713,0.653022,0.577456,0.0755653,0.289636,0.289635,9.08971e-07,0.393992,0.204321,0.189671,0.176488,0.1,0.3,0,1.1,,,,
Net3,main,305,a,straddle_min,15,77,0.733423,5.64784,4.90253,-4.19309,15,15,3,0,55,72,74,75,10,-0.562112,9,-0.444212,9,-0.188362,9,0.123832,7,-0.208917,7,0.0460238,9,-0.758244,6,-0.527462,7,-0.74463,4,-0.929008,0.813728,0.810136,0.00359217,0.053078,0.053078,6.93244e-16,0.376147,0.106916,0.26923,0.121987,0.1,0.3,0,1.1,,,,
Net3,main,305,b,straddle_min,3,89,2.0968,10.1804,5.84545,-1.7754,15,10,7,5,59,82,85,89,10,-1.78045,9,-0.640306,9,0.31287,9,0.0858019,8,-0.123243,9,1.35479,9,0.164398,8,0.89536,9,0.0746975,9,-2.11932,0.260946,0.119062,0.141884,0.122733,0.122729,3.9391e-06,0.193617,0.143241,0.0503756,0.0308743,0.16,0.1,2,0.8,,,,
Net3,main,305,b,straddle_min,8,84,2.69223,11.5685,3.09166,-2.64543,14,7,3,7,21,39,48,68,10,-2.88519,9,-1.24941,9,-0.0389886,9,-0.609642,8,-0.579577,9,1.58002,9,0.171657,7,0.927216,9,0.451945,5,-0.413451,0.184902,0.184672,0.000229471,0.00202358,0.00202357,1.22609e-08,0.0547818,0.052781,0.00200078,0.0112793,0.0025,0.1,2,0.7,,,,
Net3,main,305,b,straddle_min,15,77,3.03991,11.5258,2.81585,-6.21344,8,5,2,3,17,27,33,35,10,-3.35289,9,-1.62115,9,-0.393019,9,-0.950581,8,-0.91805,9,1.14102,7,-0.306987,7,0.792039,6,-0.170756,3,-0.43307,0.257676,0.257546,0.000129485,2.94088e-06,2.94088e-06,4.47543e-28,0.0388934,0.0363084,0.00258498,0.00773083,0.0025,0.1,2,0.7,,,,
Net3,main,305,c,straddle_min,3,89,2.00498,10.0343,5.36843,-2.49401,15,10,7,5,57,80,82,86,10,-1.74747,9,-0.697637,9,0.275006,9,0.0137245,8,-0.173687,9,1.24553,9,0.0241613,8,0.784867,9,-0.0835747,9,-2.13492,0.0733397,0.00204031,0.0712994,0.122465,0.122461,3.54633e-06,0.199058,0.147471,0.0515869,0.0567669,0.08,0.1,0.5,0.8,12,,,
Net3,main,305,d,straddle_min,3,89,23.6156,36.1338,36.6237,28.1168,15,0,0,15,,,,,10,-2.70506,9,-0.01595,9,1.78416,9,0.740151,8,0.829798,9,4.85453,9,3.78271,8,6.53134,9,5.98479,9,6.33037,,,,,,,,,,,,,,,,,,
Net3,main,305,e,straddle_min,3,89,30.3538,43.0234,42.0516,34.5109,15,0,0,15,,,,,10,-3.16974,9,-0.43416,9,2.73889,9,2.08714,8,2.02713,9,6.20152,9,4.93357,8,7.53253,9,6.88279,9,5.71118,,,,,,,,,,,,,,,,,,
Net3,main,305,f,straddle_min,3,89,0.637737,4.94447,1.90446,-0.97145,15,15,7,0,,,,,10,0.13737,9,-0.403862,9,-0.00883514,9,0.544219,8,-0.0545814,9,0.0297226,9,-0.200114,8,-0.31291,9,0.0205989,9,-0.723057,,,,,,,,,,,,,,,,,,
Net3,main,305,c,straddle_min,8,84,2.87422,12.06,3.34455,-4.51277,13,9,4,4,20,35,42,52,10,-2.99155,9,-1.41385,9,-0.111558,9,-0.682001,8,-0.734796,9,1.39436,9,0.0293638,7,0.888269,8,-0.0490593,6,-0.841941,0.00345064,0.00222637,0.00122427,0.000361391,0.000361391,7.0095e-12,0.0410661,0.0403716,0.000694577,0.0366566,0.04,0.1,2,0.7,8,,,
Net3,main,305,d,straddle_min,8,84,14.0381,28.4722,22.9114,3.39713,13,0,0,13,,,,,10,-5.235,9,-2.2929,9,-0.492788,9,-1.5368,8,-1.19416,9,2.57758,9,1.50576,7,3.93728,8,3.10163,6,3.0265,,,,,,,,,,,,,,,,,,
Net3,main,305,e,straddle_min,8,84,21.542,34.8446,23.9349,3.67991,13,0,0,13,,,,,10,-8.35072,9,-5.09704,9,1.70269,9,0.658682,8,0.472421,9,2.83963,9,3.25262,7,1.51693,8,3.54863,6,3.13606,,,,,,,,,,,,,,,,,,
Net3,main,305,f,straddle_min,8,84,0.612572,4.62683,1.76341,-0.653813,13,13,7,0,,,,,10,0.13737,9,-0.403862,9,-0.00883514,9,0.544219,8,-0.0545814,9,0.0297226,9,-0.200114,7,-0.192905,8,0.0615644,6,-0.56639,,,,,,,,,,,,,,,,,,
Net3,main,305,c,straddle_min,15,77,2.90752,11.4258,2.8518,-6.05409,8,5,2,3,17,30,34,38,10,-3.23185,9,-1.55599,9,-0.324126,9,-0.879107,8,-0.8822,9,1.16383,7,-0.333095,7,0.745687,6,-0.290802,3,-0.466434,0.00748568,0.00735949,0.000126192,6.3151e-06,6.3151e-06,2.78529e-28,0.0137353,0.0125375,0.00119787,0.02236,0.02,0.1,2,0.7,7,,,
Net3,main,305,d,straddle_min,15,77,11.7955,24.6613,17.088,-1.25362,8,0,0,8,,,,,10,-5.33548,9,-2.38332,9,-0.583214,9,-1.62722,8,-1.27453,9,2.48716,7,0.165868,7,3.86695,6,1.74246,3,1.68771,,,,,,,,,,,,,,,,,,
Net3,main,305,e,straddle_min,15,77,22.3933,35.941,26.7778,5.65847,8,0,0,8,,,,,10,-8.35072,9,-5.09704,9,1.70269,9,0.658682,8,0.857021,9,4.37803,7,2.85869,7,3.82314,6,3.3214,3,1.50658,,,,,,,,,,,,,,,,,,
Net3,main,305,f,straddle_min,15,77,0.601753,4.41759,1.71763,-0.493571,8,8,6,0,,,,,10,0.13737,9,-0.403862,9,-0.00883514,9,0.544219,8,-0.0545814,9,0.0297226,7,-0.220441,7,-0.192905,6,0.0819395,3,-0.406196,,,,,,,,,,,,,,,,,,
Net3,main,306,a,random,3,89,2.52941,11.6068,18.7793,-11.1594,25,25,8,0,50,80,84,89,10,-0.308423,9,-0.541792,8,-0.289053,9,-0.746343,8,-1.16542,9,-1.01542,9,-1.86959,9,-1.83035,9,-2.81043,9,-0.582571,0.407966,0.21848,0.189486,0.254561,0.253662,0.000898422,0.397198,0.201339,0.195859,0.317737,0.25,0.3,1,0.95,,,,
Net3,main,306,b,random,3,89,1.61944,8.83391,5.19132,-0.199632,25,21,0,4,55,86,89,89,10,-1.61543,9,-0.30871,8,0.507338,9,-0.290378,8,-0.774847,9,0.965723,9,0.0674952,9,0.3817,9,-0.148701,9,1.01617,0.272799,0.114789,0.15801,0.0971206,0.097114,6.55536e-06,0.256785,0.247578,0.00920663,0.0329671,0.32,0.3,1,0.95,,,,
Net3,main,306,c,random,3,89,1.56751,8.86005,3.98182,-2.31855,25,22,0,3,51,85,89,89,10,-1.65884,9,-0.440412,8,0.413946,9,-0.425467,8,-0.891704,9,0.727872,9,-0.261495,9,0.114107,9,-0.616754,9,0.720203,0.142664,0.000559685,0.142105,0.103483,0.103478,5.24599e-06,0.258712,0.248706,0.0100059,0.0817771,0.08,0.3,1,0.9,16,,,
Net3,main,306,d,random,3,89,25.8018,37.5836,64.3886,30.1919,25,0,0,25,,,,,10,-2.0432,9,0.496966,8,1.85198,9,0.621866,8,0.214621,9,4.40777,9,3.582,9,6.57307,9,5.49149,9,8.99531,,,,,,,,,,,,,,,,,,
Net3,main,306,e,random,3,89,26.7309,38.9609,63.6606,31.2813,25,0,0,25,,,,,10,-2.53636,9,0.416545,8,2.1843,9,1.02253,8,0.654166,9,4.96927,9,3.91166,9,6.83172,9,5.64291,9,8.18457,,,,,,,,,,,,,,,,,,
Net3,main,306,f,random,3,89,1.77128,8.2839,13.6995,-0.284672,25,19,3,6,,,,,10,-0.54595,9,-0.55466,8,-0.135911,9,-0.263165,8,-0.807968,9,-0.394717,9,-0.182155,9,-0.551521,9,0.298446,9,2.85293,,,,,,,,,,,,,,,,,,
Net3,main,306,a,random,8,84,2.25704,10.478,13.8544,-9.79701,24,24,7,0,43,74,81,83,9,-0.0237724,9,-0.71741,7,-0.409134,8,-0.760314,8,-1.02096,9,-0.622268,8,-1.64474,9,-1.53508,8,-2.51261,9,-0.550706,0.400807,0.208854,0.191954,0.135171,0.135171,7.90605e-08,0.377995,0.217763,0.160232,0.322664,0.1,0.3,0.5,0.9,,,,
Net3,main,306,b,random,8,84,0.493093,5.20002,3.78803,-1.05893,24,24,1,0,55,83,84,84,9,-0.117213,9,-0.270609,7,0.143081,8,-0.282834,8,-0.592134,9,0.075148,8,-0.199168,9,-0.48226,8,-0.240695,9,0.907754,0.238188,0.13153,0.106658,0.00316172,0.00316172,5.67492e-12,0.0221694,0.0214618,0.000707601,0.0258157,0.0025,0.3,0.5,0.9,,,,
Net3,main,306,c,random,8,84,0.535094,5.69774,2.98701,-2.61593,24,24,2,0,50,82,83,84,9,-0.152317,9,-0.354127,7,0.0536981,8,-0.367629,8,-0.707646,9,-0.0196224,8,-0.422264,9,-0.628848,8,-0.598428,9,0.581255,0.101701,0.000675437,0.101026,0.00364057,0.00364057,3.81131e-12,0.0215438,0.0207676,0.000776191,0.0718566,0.08,0.3,0.5,0.9,18,,,
Net3,main,306,d,random,8,84,24.131,35.5448,61.6344,27.7179,24,0,0,24,,,,,9,-2.13012,9,0.408939,7,1.58448,8,0.549909,8,0.136375,9,4.31974,8,2.85707,9,6.48504,8,4.59921,9,8.90728,,,,,,,,,,,,,,,,,,
Net3,main,306,e,random,8,84,16.7604,30.8348,48.6321,27.0427,24,0,0,24,,,,,9,-0.599653,9,1.9394,7,2.35932,8,1.6466,8,0.617685,9,3.05901,8,2.53,9,3.53909,8,3.94084,9,8.01041,,,,,,,,,,,,,,,,,,
Net3,main,306,f,random,8,84,1.76064,8.1123,13.6629,-0.126778,24,18,2,6,,,,,9,-0.552802,9,-0.55466,7,-0.089265,8,-0.243202,8,-0.807968,9,-0.394717,8,-0.0930878,9,-0.551521,8,0.307514,9,2.85293,,,,,,,,,,,,,,,,,,
Net3,main,306,a,random,15,77,1.18819,6.99903,6.87245,-5.93027,23,22,4,1,45,70,75,77,9,-0.172873,9,-0.585452,7,-0.171612,7,-0.499879,7,-0.659928,7,-0.0544355,8,-0.927393,7,-0.943642,7,-1.69449,9,-0.220558,0.373343,0.316092,0.0572508,0.0449529,0.0449529,6.70471e-13,0.341417,0.224615,0.116801,0.239621,0.25,0.3,0,0.9,,,,
Net3,main,306,b,random,15,77,0.680489,6.12349,3.73093,-2.93949,23,21,1,2,40,69,73,76,9,-0.236895,9,-0.337651,7,0.0442526,7,-0.574829,7,-0.832027,7,-0.0750219,8,-0.598373,7,-0.49664,7,-0.575421,9,0.743117,0.200451,0.0890848,0.111366,1.41082e-05,1.41082e-05,1.01016e-20,0.0101823,0.0101251,5.7162e-05,0.0405717,0.16,0.3,0,0.9,,,,
Net3,main,306,c,random,15,77,0.697499,6.1754,3.04689,-3.46718,23,22,1,1,40,68,73,74,9,-0.278424,9,-0.352279,7,0.0631925,7,-0.567851,7,-0.832116,7,-0.0515752,8,-0.642207,7,-0.503353,7,-0.774671,9,0.4721,0.0845539,0.00036511,0.0841887,1.73222e-05,1.73222e-05,5.62131e-21,0.00736046,0.00731386,4.6602e-05,0.0867261,0.16,0.3,0,0.9,18,,,
Net3,main,306,d,random,15,77,20.7967,31.5254,56.8596,21.8997,23,0,0,23,,,,,9,-2.51332,9,0.0257378,7,1.28643,7,-0.00503239,7,-0.0973047,7,3.24723,8,2.51645,7,4.83882,7,4.0766,9,8.52408,,,,,,,,,,,,,,,,,,
Net3,main,306,e,random,15,77,15.3641,28.2754,46.5685,22.4747,23,0,0,23,,,,,9,-0.495843,9,2.07418,7,2.42125,7,1.30469,7,-0.509341,7,2.0887,8,1.88283,7,2.2665,7,3.43135,9,8.01041,,,,,,,,,,,,,,,,,,
Net3,main,306,f,random,15,77,1.72212,7.64358,13.6063,0.0510731,23,17,1,6,,,,,9,-0.552802,9,-0.55466,7,-0.089265,7,-0.280619,7,-0.688853,7,-0.285079,8,-0.0930878,7,-0.456989,7,0.199498,9,2.85293,,,,,,,,,,,,,,,,,,
Net3,main,306,a,straddle_min,3,89,2.52941,11.6068,18.7793,-11.1594,25,25,8,0,50,80,84,89,10,-0.308423,9,-0.541792,8,-0.289053,9,-0.746343,8,-1.16542,9,-1.01542,9,-1.86959,9,-1.83035,9,-2.81043,9,-0.582571,0.407966,0.21848,0.189486,0.254561,0.253662,0.000898422,0.397198,0.201339,0.195859,0.317737,0.25,0.3,1,0.95,,,,
Net3,main,306,a,straddle_min,8,84,3.08425,13.6251,24.4487,-13.5095,22,22,6,0,27,54,68,76,10,-0.834948,9,-1.05428,8,-0.686851,9,-1.1588,8,-1.46244,8,-1.39177,8,-1.79996,7,-1.44223,9,-3.0237,8,-0.654468,0.392904,0.205879,0.187025,0.051411,0.0514109,7.50538e-08,0.378345,0.209964,0.16838,0.322701,0.1,0.3,0,0.95,,,,
Net3,main,306,a,straddle_min,15,77,0.529993,5.19048,3.6471,-3.53004,19,19,3,0,50,67,73,77,10,-0.0415785,9,-0.202671,8,-0.0590904,9,0.0010818,8,-0.47068,8,-0.401533,8,-0.768213,7,-0.832185,5,-0.569974,5,-0.185196,0.752552,0.75238,0.000172176,0.00812492,0.00812492,3.31171e-11,0.379564,0.265278,0.114286,0.126839,0.1,0.3,0,0.9,,,,
Net3,main,306,b,straddle_min,3,89,1.61944,8.83391,5.19132,-0.199632,25,21,0,4,55,86,89,89,10,-1.61543,9,-0.30871,8,0.507338,9,-0.290378,8,-0.774847,9,0.965723,9,0.0674952,9,0.3817,9,-0.148701,9,1.01617,0.272799,0.114789,0.15801,0.0971206,0.097114,6.55536e-06,0.256785,0.247578,0.00920663,0.0329671,0.32,0.3,1,0.95,,,,
Net3,main,306,b,straddle_min,8,84,0.779152,7.02314,1.53166,-5.90512,20,20,2,0,46,80,84,84,10,-0.848026,9,-0.6146,8,-0.301114,9,-0.750286,8,-1.01406,8,-0.297001,9,-0.814085,9,-0.617533,9,-0.632271,5,-0.0161379,0.256707,0.119295,0.137412,0.00185925,0.00185925,9.24424e-10,0.13327,0.132715,0.000554321,0.0306322,0.08,0.3,0,0.9,,,,
Net3,main,306,b,straddle_min,15,77,0.416691,4.48824,1.06837,-0.145676,13,11,2,2,61,76,76,76,10,-0.285844,9,-0.0462339,8,0.107855,9,0.141087,8,0.0660107,8,0.315424,9,-0.114661,8,-0.216164,7,-0.0995234,1,-0.0136268,0.229187,0.228829,0.000358786,3.01e-08,3.01e-08,2.49123e-21,0.221484,0.221461,2.30244e-05,0.0105065,0.0025,0.3,0,0.95,,,,
Net3,main,306,c,straddle_min,3,89,1.56751,8.86005,3.98182,-2.31855,25,22,0,3,51,85,89,89,10,-1.65884,9,-0.440412,8,0.413946,9,-0.425467,8,-0.891704,9,0.727872,9,-0.261495,9,0.114107,9,-0.616754,9,0.720203,0.142664,0.000559685,0.142105,0.103483,0.103478,5.24599e-06,0.258712,0.248706,0.0100059,0.0817771,0.08,0.3,1,0.9,16,,,
Net3,main,306,d,straddle_min,3,89,25.8018,37.5836,64.3886,30.1919,25,0,0,25,,,,,10,-2.0432,9,0.496966,8,1.85198,9,0.621866,8,0.214621,9,4.40777,9,3.582,9,6.57307,9,5.49149,9,8.99531,,,,,,,,,,,,,,,,,,
Net3,main,306,e,straddle_min,3,89,26.7309,38.9609,63.6606,31.2813,25,0,0,25,,,,,10,-2.53636,9,0.416545,8,2.1843,9,1.02253,8,0.654166,9,4.96927,9,3.91166,9,6.83172,9,5.64291,9,8.18457,,,,,,,,,,,,,,,,,,
Net3,main,306,f,straddle_min,3,89,1.77128,8.2839,13.6995,-0.284672,25,19,3,6,,,,,10,-0.54595,9,-0.55466,8,-0.135911,9,-0.263165,8,-0.807968,9,-0.394717,9,-0.182155,9,-0.551521,9,0.298446,9,2.85293,,,,,,,,,,,,,,,,,,
Net3,main,306,c,straddle_min,8,84,0.77409,7.06619,2.49626,-5.99038,22,22,3,0,29,65,79,82,10,-0.882362,9,-0.945707,8,-0.476876,9,-0.524458,8,-0.85869,9,-0.53855,9,-0.706196,7,-0.635548,8,-0.557874,7,0.135882,0.00590628,0.000594884,0.0053114,9.12806e-05,9.12769e-05,3.67935e-09,0.0217015,0.0216329,6.86224e-05,0.052904,0.08,0.3,0,0.9,18,,,
Net3,main,306,d,straddle_min,8,84,16.8234,29.6005,45.9927,14.1044,22,0,0,22,,,,,10,-3.53501,9,-0.845662,8,0.658534,9,-0.720762,8,-0.978826,9,3.06514,9,2.23937,7,4.37408,8,3.93433,7,5.91317,,,,,,,,,,,,,,,,,,
Net3,main,306,e,straddle_min,8,84,21.5751,33.2616,51.4345,25.9912,22,0,0,22,,,,,10,-1.12763,9,1.25985,8,2.23987,9,0.392552,8,0.339177,9,4.33929,9,2.55533,7,5.89677,8,4.19633,7,5.89968,,,,,,,,,,,,,,,,,,
Net3,main,306,f,straddle_min,8,84,1.24216,6.96448,9.71537,-1.03109,22,18,2,4,,,,,10,-0.54595,9,-0.55466,8,-0.135911,9,-0.263165,8,-0.807968,9,-0.394717,9,-0.182155,7,-0.265022,8,0.221537,7,1.89692,,,,,,,,,,,,,,,,,,
Net3,main,306,c,straddle_min,15,77,0.801042,6.26995,1.61372,-5.41299,16,16,2,0,43,64,70,73,10,-1.24202,9,-0.59248,8,-0.371213,9,-0.70799,8,-0.738719,7,-0.314376,9,-0.603293,6,-0.514675,7,-0.361314,4,0.0330893,0.0031582,0.0025475,0.000610699,3.37802e-11,3.37802e-11,1.0511e-21,0.00696593,0.0069626,3.33486e-06,0.0308424,0.04,0.3,0.5,0.9,16,,,
Net3,main,306,d,straddle_min,15,77,12.2688,24.5359,30.2685,-0.833287,16,0,0,16,,,,,10,-4.8518,9,-2.03078,8,-0.394904,9,-1.90588,8,-2.03226,7,0.902073,9,1.05425,6,3.14508,7,2.36344,4,2.9175,,,,,,,,,,,,,,,,,,
Net3,main,306,e,straddle_min,15,77,8.84231,20.4847,26.0033,13.2143,16,0,0,16,,,,,10,-1.12763,9,1.25985,8,2.23987,9,0.392552,8,-0.112071,7,1.76044,9,1.51149,6,1.9041,7,2.33576,4,3.04993,,,,,,,,,,,,,,,,,,
Net3,main,306,f,straddle_min,15,77,1.00359,5.9314,7.14753,-1.51146,16,14,2,2,,,,,10,-0.54595,9,-0.55466,8,-0.135911,9,-0.263165,8,-0.807968,7,-0.458942,9,-0.182155,6,-0.185253,7,0.313561,4,1.30898,,,,,,,,,,,,,,,,,,
Net3,main,307,a,random,3,89,10.2206,26.1913,54.1862,-26.1913,6,6,28,0,20,68,75,80,10,-1.67488,8,-2.23443,8,-1.08219,8,-1.37953,9,-2.44381,9,-2.58486,9,-3.23732,9,-2.4786,9,-3.13661,10,-5.93906,0.398744,0.211129,0.187616,0.36387,0.360614,0.00325635,0.389383,0.184541,0.204842,0.32015,0.7,0.1,1,0.9,,,,
Net3,main,307,b,random,3,89,3.77135,15.0582,7.62344,-1.09726,6,5,8,1,38,77,84,86,10,-1.63815,8,-0.723848,8,0.804622,8,-0.2022,9,-0.426769,9,1.31156,9,0.298338,9,1.75172,9,0.833098,10,-3.10563,0.23751,0.13116,0.10635,0.254767,0.254749,1.81501e-05,0.035528,0.0075567,0.0279713,0.0258895,0.02,0.01,2,0.75,,,,
Net3,main,307,c,random,3,89,3.93004,15.599,7.77956,-0.451379,6,5,6,1,27,78,82,86,10,-1.65812,8,-0.739072,8,0.836216,8,-0.212221,9,-0.548645,9,1.42943,9,0.370171,9,1.93875,9,1.07519,10,-2.94307,0.0336231,0.0274422,0.00618088,0.254342,0.254323,1.96117e-05,0.0332654,0.00835356,0.0249118,0.0215295,0.02,0.01,2,0.75,5,,,
Net3,main,307,d,random,3,89,30.194,42.1549,35.1029,37.3188,6,0,0,6,,,,,10,-1.03574,8,1.00153,8,2.53908,8,1.21389,9,1.36455,9,4.70959,9,4.21393,9,8.12302,9,7.58337,10,7.60554,,,,,,,,,,,,,,,,,,
Net3,main,307,e,random,3,89,31.4203,43.4306,35.9332,38.3787,6,0,0,6,,,,,10,-1.17241,8,0.892193,8,2.55275,8,1.37067,9,1.6558,9,5.00084,9,4.45915,9,8.32221,9,7.78256,10,7.51489,,,,,,,,,,,,,,,,,,
Net3,main,307,f,random,3,89,0.532189,5.18926,1.06878,-0.581407,6,6,4,0,,,,,10,0.157809,8,0.097808,8,-0.0737448,8,-0.0512402,9,-0.209103,9,-0.474969,9,-0.31057,9,-0.405827,9,0.610444,10,0.0779857,,,,,,,,,,,,,,,,,,
Net3,main,307,a,random,8,84,7.84054,21.7178,39.6842,-21.6714,6,6,23,0,22,64,74,78,10,-1.11639,7,-1.36955,7,-1.12287,7,-1.15362,9,-1.98948,9,-2.28806,9,-2.99268,8,-1.78696,9,-2.93445,9,-4.91733,0.43555,0.259808,0.175742,0.437001,0.436999,2.37672e-06,0.395415,0.241735,0.15368,0.296638,0.55,0.1,1,0.9,,,,
Net3,main,307,b,random,8,84,2.49153,12.1765,4.52094,1.01628,6,5,1,1,28,69,79,82,10,-1.0999,7,-0.313882,7,0.420662,7,-0.01742,9,-0.472828,9,1.26979,9,0.421149,8,1.64283,9,0.918403,9,-1.75252,0.261967,0.221782,0.0401848,0.0482943,0.0482943,1.14907e-10,0.0314249,0.000750881,0.030674,0.0114763,0.0025,0.1,2,0.85,,,,
Net3,main,307,c,random,8,84,2.42921,12.021,4.45846,0.86227,6,5,2,1,25,70,77,81,10,-1.11231,7,-0.326015,7,0.399753,7,-0.0448079,9,-0.47641,9,1.24201,9,0.412384,8,1.5813,9,0.930923,9,-1.74457,0.0456108,0.0434252,0.00218561,0.0447604,0.0447604,1.21676e-10,0.0342149,0.000754668,0.0334603,0.0150527,0.02,0.1,2,0.85,2,,,
Net3,main,307,d,random,8,84,21.9662,34.0603,28.7796,25.666,6,0,0,6,,,,,10,-2.1932,7,0.103113,7,1.32574,7,0.35878,9,0.322839,9,3.66788,9,3.17222,8,6.40763,9,6.54165,9,5.95933,,,,,,,,,,,,,,,,,,
Net3,main,307,e,random,8,84,24.3995,35.9711,29.5959,31.0218,6,0,0,6,,,,,10,-0.83914,7,0.9843,7,1.89795,7,1.16036,9,1.71058,9,4.76211,9,4.13099,8,7.2183,9,6.94652,9,3.04986,,,,,,,,,,,,,,,,,,
Net3,main,307,f,random,8,84,0.513567,5.01086,1.02212,-0.438878,6,6,4,0,,,,,10,0.157809,7,0.125562,7,-0.073743,7,-0.0691798,9,-0.209103,9,-0.474969,9,-0.31057,8,-0.273425,9,0.610444,9,0.0782979,,,,,,,,,,,,,,,,,,
Net3,main,307,a,random,15,77,4.31565,15.538,11.1908,-15.4191,5,5,16,0,35,61,70,72,9,-1.60395,6,-1.03392,7,-1.08038,7,-1.20958,9,-1.687,7,-1.30403,9,-2.02864,8,-1.21186,8,-1.19438,7,-3.06536,0.687708,0.668432,0.0192761,0.405114,0.405114,4.77184e-10,0.388992,0.229944,0.159047,0.149176,0.1,0.1,1,0.9,,,,
Net3,main,307,b,random,15,77,0.750399,5.52872,1.64807,-1.98529,5,4,6,1,46,68,72,74,9,-0.0661282,6,-0.0985028,7,-0.0585839,7,-0.215101,9,-0.186835,7,-0.189244,9,-0.275788,8,-0.240949,8,0.543929,7,-1.19808,0.282763,0.282759,3.70539e-06,7.75982e-06,7.75982e-06,1.10264e-18,0.08043,1.77114e-08,0.08043,0.00679965,0.02,0.3,2,1.05,,,,
Net3,main,307,c,random,15,77,0.747548,5.37271,1.62627,-1.44885,5,4,6,1,49,68,71,72,9,0.119677,6,-0.0909598,7,-0.0187193,7,-0.140042,9,-0.0988402,7,-0.104236,9,-0.178826,8,-0.221163,8,0.52143,7,-1.23717,0.0549468,0.0549466,2.00011e-07,8.10325e-06,8.10325e-06,1.10457e-18,0.0874189,1.76602e-08,0.0874189,0.0116261,0.02,0.3,2,1.05,6,,,
Net3,main,307,d,random,15,77,18.2416,29.7486,25.0263,20.514,5,0,0,5,,,,,9,-2.11433,6,-0.0573981,7,1.00515,7,0.0381894,9,-0.0893492,7,2.61874,9,2.76003,8,6.04124,8,6.11214,7,4.19962,,,,,,,,,,,,,,,,,,
Net3,main,307,e,random,15,77,15.7677,27.3423,20.8944,17.5307,5,0,0,5,,,,,9,-2.72312,6,0.47735,7,1.89795,7,1.16036,9,1.4358,7,1.63719,9,2.01406,8,4.73647,8,4.8451,7,2.04955,,,,,,,,,,,,,,,,,,
Net3,main,307,f,random,15,77,0.484796,4.69054,1.00411,-0.565368,5,5,4,0,,,,,9,0.0131841,6,0.105177,7,-0.073743,7,-0.0691798,9,-0.209103,7,-0.406477,9,-0.31057,8,-0.273425,8,0.575397,7,0.0833728,,,,,,,,,,,,,,,,,,
Net3,main,307,a,straddle_min,3,89,10.2206,26.1913,54.1862,-26.1913,6,6,28,0,20,68,75,80,10,-1.67488,8,-2.23443,8,-1.08219,8,-1.37953,9,-2.44381,9,-2.58486,9,-3.23732,9,-2.4786,9,-3.13661,10,-5.93906,0.398744,0.211129,0.187616,0.36387,0.360614,0.00325635,0.389383,0.184541,0.204842,0.32015,0.7,0.1,1,0.9,,,,
Net3,main,307,a,straddle_min,8,84,8.32721,22.4774,41.6948,-22.4543,6,6,20,0,14,48,65,71,10,-1.43159,8,-2.11016,8,-1.12382,8,-1.44914,9,-1.97415,7,-1.60235,8,-2.54319,8,-1.91492,8,-2.56657,10,-5.73844,0.412896,0.244346,0.16855,0.210344,0.210344,1.60305e-10,0.393322,0.172052,0.22127,0.299053,0.1,0.3,1,1.05,,,,
Net3,main,307,a,straddle_min,15,77,4.28457,15.2245,12.8714,-13.6307,6,6,12,0,32,54,62,67,10,-1.09745,8,-1.54859,8,-1.72969,8,-0.733677,9,-1.53722,7,-1.24181,7,-0.865165,7,-1.29766,6,-0.700158,7,-2.87924,0.803017,0.784095,0.0189227,0.055907,0.055907,2.04478e-13,0.347699,0.167972,0.179727,0.129991,0.1,0.3,0,1,,,,
Net3,main,307,b,straddle_min,3,89,3.77135,15.0582,7.62344,-1.09726,6,5,8,1,38,77,84,86,10,-1.63815,8,-0.723848,8,0.804622,8,-0.2022,9,-0.426769,9,1.31156,9,0.298338,9,1.75172,9,0.833098,10,-3.10563,0.23751,0.13116,0.10635,0.254767,0.254749,1.81501e-05,0.035528,0.0075567,0.0279713,0.0258895,0.02,0.01,2,0.75,,,,
Net3,main,307,b,straddle_min,8,84,3.83784,14.315,6.21592,8.1277,5,2,0,3,32,46,55,60,10,-0.0698394,8,-0.0989858,8,1.57173,8,0.353822,9,0.11564,9,1.95565,9,1.32869,9,2.87502,8,0.56646,6,-0.470496,0.372572,0.370066,0.00250607,0.0531267,0.0531265,2.10317e-07,0.00392958,0.00159999,0.00232959,0.00534512,0.0025,0.1,2,0.9,,,,
Net3,main,307,b,straddle_min,15,77,2.97213,11.9043,3.92386,0.255926,4,2,0,2,18,51,62,65,10,-1.95699,8,-0.475546,8,0.642672,8,-0.361873,9,-0.745432,9,1.13919,9,0.511825,9,1.95073,5,-0.326232,2,-0.122417,0.337272,0.337272,1.23795e-08,7.9876e-07,7.9876e-07,8.47397e-20,0.00177235,1.07889e-06,0.00177127,0.00568767,0.0025,0.1,2,0.85,,,,
Net3,main,307,c,straddle_min,3,89,3.93004,15.599,7.77956,-0.451379,6,5,6,1,27,78,82,86,10,-1.65812,8,-0.739072,8,0.836216,8,-0.212221,9,-0.548645,9,1.42943,9,0.370171,9,1.93875,9,1.07519,10,-2.94307,0.0336231,0.0274422,0.00618088,0.254342,0.254323,1.96117e-05,0.0332654,0.00835356,0.0249118,0.0215295,0.02,0.01,2,0.75,5,,,
Net3,main,307,d,straddle_min,3,89,30.194,42.1549,35.1029,37.3188,6,0,0,6,,,,,10,-1.03574,8,1.00153,8,2.53908,8,1.21389,9,1.36455,9,4.70959,9,4.21393,9,8.12302,9,7.58337,10,7.60554,,,,,,,,,,,,,,,,,,
Net3,main,307,e,straddle_min,3,89,31.4203,43.4306,35.9332,38.3787,6,0,0,6,,,,,10,-1.17241,8,0.892193,8,2.55275,8,1.37067,9,1.6558,9,5.00084,9,4.45915,9,8.32221,9,7.78256,10,7.51489,,,,,,,,,,,,,,,,,,
Net3,main,307,f,straddle_min,3,89,0.532189,5.18926,1.06878,-0.581407,6,6,4,0,,,,,10,0.157809,8,0.097808,8,-0.0737448,8,-0.0512402,9,-0.209103,9,-0.474969,9,-0.31057,9,-0.405827,9,0.610444,10,0.0779857,,,,,,,,,,,,,,,,,,
Net3,main,307,c,straddle_min,8,84,3.86068,14.5703,6.18561,6.32995,5,2,0,3,32,43,55,59,10,-0.829485,8,-0.214778,8,1.35278,8,0.233023,9,-0.0614201,9,1.90275,9,1.27109,9,2.70856,8,0.520567,6,-0.553133,0.0905472,0.0903513,0.000195901,0.0563434,0.0563428,5.66191e-07,0.00541081,0.00136711,0.0040437,0.00903062,0.01,0.1,2,0.95,3,,,
Net3,main,307,d,straddle_min,8,84,13.8485,27.8279,18.3062,4.51181,5,0,0,5,,,,,10,-4.49232,8,-1.76373,8,-0.226183,8,-1.55137,9,-1.74637,9,1.59867,9,1.10301,9,5.01209,8,3.57838,6,2.99965,,,,,,,,,,,,,,,,,,
Net3,main,307,e,straddle_min,8,84,11.3816,24.7647,14.5771,19.5966,5,0,0,5,,,,,10,-1.17241,8,0.892193,8,2.55275,8,1.37067,9,1.12199,9,1.79798,9,2.85772,9,3.92729,8,4.12637,6,2.12207,,,,,,,,,,,,,,,,,,
Net3,main,307,f,straddle_min,8,84,0.504632,4.88896,0.854314,-0.813856,5,5,4,0,,,,,10,0.157809,8,0.097808,8,-0.0737448,8,-0.0512402,9,-0.209103,9,-0.474969,9,-0.31057,9,-0.405827,8,0.478636,6,-0.0226556,,,,,,,,,,,,,,,,,,
Net3,main,307,c,straddle_min,15,77,2.97585,11.9109,3.94606,-0.551786,4,2,0,2,21,52,64,69,10,-2.08779,8,-0.663204,8,0.62559,8,-0.369415,9,-0.791656,9,1.07655,9,0.467703,9,1.76815,5,-0.400831,2,-0.176878,0.0560943,0.0560942,2.89828e-09,6.6558e-06,6.6558e-06,5.96539e-16,0.00217317,2.96304e-06,0.00217021,0.0113164,0.01,0.1,2,0.85,3,,,
Net3,main,307,d,straddle_min,15,77,12.9715,25.5539,13.4631,-10.4389,4,0,0,4,,,,,10,-5.94006,8,-2.92192,8,-1.38437,8,-2.70956,9,-3.04933,9,0.295703,9,-0.199954,9,3.70913,5,0.795373,2,0.966064,,,,,,,,,,,,,,,,,,
Net3,main,307,e,straddle_min,15,77,7.59295,19.053,9.34458,13.8278,4,0,0,4,,,,,10,-0.611704,8,1.03237,8,2.55275,8,1.37067,9,1.03507,9,0.742638,9,1.79891,9,2.47044,5,2.87553,2,0.561143,,,,,,,,,,,,,,,,,,
Net3,main,307,f,straddle_min,15,77,0.474315,4.53939,0.731289,-0.796374,4,4,3,0,,,,,10,0.157809,8,0.097808,8,-0.0737448,8,-0.0512402,9,-0.209103,9,-0.474969,9,-0.31057,9,-0.405827,5,0.439645,2,0.0338175,,,,,,,,,,,,,,,,,,
Net3,stress,308,a,random,3,89,2.80518,13.0754,22.8794,-13.0076,13,13,15,0,58,81,85,88,10,-0.508843,9,-0.953713,9,-0.850054,9,-0.914742,9,-0.916062,8,-0.930052,9,-1.949,8,-1.28187,8,-1.73433,10,-2.96889,0.410421,0.235028,0.175394,0.424654,0.424642,1.23869e-05,0.399291,0.200766,0.198526,0.305757,0.1,0.3,0.5,1,,,,
Net3,stress,308,b,random,3,89,0.683584,6.04689,2.12128,-1.92498,13,12,7,1,72,88,89,89,10,0.321648,9,-0.300413,9,-0.403474,9,-0.234074,9,-0.150857,8,-0.319959,9,-0.478396,8,-0.362253,8,0.763479,10,-0.760676,0.229084,0.147096,0.0819877,0.00756715,0.00756714,6.38868e-09,0.270399,0.0786126,0.191786,0.0213886,0.08,0.3,2,1.1,,,,
Net3,stress,308,c,random,3,89,1.2515,9.0676,5.78058,-8.17582,13,12,8,1,58,87,89,89,10,-0.285674,9,-0.91186,9,-0.705186,9,-0.746791,9,-0.759179,8,-0.680109,9,-1.2078,8,-0.698455,8,-0.338201,10,-1.84257,0.219745,5.97919e-05,0.219685,0.017452,0.017452,5.19219e-09,0.276405,0.0882065,0.188198,0.112053,0.16,0.3,2,1.1,18,,,
Net3,stress,308,d,random,3,89,13.4838,28.6745,24.9582,2.58066,13,0,0,13,,,,,10,-4.81961,9,-2.42436,9,-1.15283,9,-2.16724,9,-1.64132,8,1.26628,9,0.728104,8,3.57112,8,3.64725,10,5.57327,,,,,,,,,,,,,,,,,,
Net3,stress,308,e,random,3,89,11.1582,23.961,19.2556,13.9803,13,0,0,13,,,,,10,-3.54703,9,0.101485,9,1.90398,9,0.889571,9,0.927524,8,1.05564,9,2.27801,8,2.29853,8,4.36954,10,3.70304,,,,,,,,,,,,,,,,,,
Net3,stress,308,f,random,3,89,1.36418,8.53857,2.83151,-5.85888,13,11,4,2,,,,,10,-1.84762,9,-0.976265,9,-0.3667,9,-0.962951,9,-0.469098,8,0.19898,9,-1.25726,8,-0.122974,8,0.00256682,10,-0.0575526,,,,,,,,,,,,,,,,,,
Net3,stress,308,a,random,8,84,3.53327,15.8339,21.119,-15.6976,11,11,13,0,11,50,76,83,8,-1.38855,8,-1.43546,9,-1.32838,9,-1.56416,9,-1.55959,8,-0.838853,9,-2.03295,6,-1.03103,8,-1.68128,10,-2.83733,0.464128,0.293142,0.170986,0.466003,0.466003,1.83969e-10,0.417754,0.265039,0.152715,0.282096,0.55,0.1,1,0.9,,,,
Net3,stress,308,b,random,8,84,0.717266,6.8891,2.00624,-4.77912,11,10,6,1,56,80,83,83,8,-0.258205,8,-0.579128,9,-0.769758,9,-0.745857,9,-0.575526,8,-0.397958,9,-0.758497,6,-0.482542,8,0.515435,10,-0.727086,0.348622,0.149015,0.199607,2.12988e-05,2.12988e-05,2.92343e-16,0.0860735,0.0214005,0.064673,0.026299,0.32,0.1,0,0.75,,,,
Net3,stress,308,c,random,8,84,3.47871,15.2463,16.2147,-14.7157,11,10,11,1,10,63,79,83,8,-2.06017,8,-1.45645,9,-1.02152,9,-1.56044,9,-1.5013,8,-0.802911,9,-2.05808,6,-0.599685,8,-1.36508,10,-2.29002,0.482523,5.46402e-05,0.482468,5.00719e-05,5.00719e-05,1.33024e-16,0.0585846,0.018317,0.0402676,0.15944,0.32,0.1,0,0.75,15,,,
Net3,stress,308,d,random,8,84,13.5904,26.8454,24.8594,9.68995,11,0,0,11,,,,,8,-3.64738,8,-1.59759,9,-0.303756,9,-1.31817,9,-0.792248,8,2.02101,9,1.57718,6,2.83224,8,4.40198,10,6.51669,,,,,,,,,,,,,,,,,,
Net3,stress,308,e,random,8,84,12.7713,25.3633,21.8047,20.3084,11,0,0,11,,,,,8,-1.38781,8,0.27354,9,2.20372,9,1.10868,9,0.925774,8,1.31121,9,2.40445,6,2.43388,8,4.36954,10,6.66538,,,,,,,,,,,,,,,,,,
Net3,stress,308,f,random,8,84,1.30157,8.01539,2.65798,-5.72959,11,10,4,1,,,,,8,-1.69174,8,-0.80591,9,-0.3667,9,-0.962951,9,-0.469098,8,0.19898,9,-1.25726,6,-0.319919,8,0.00256682,10,-0.0575526,,,,,,,,,,,,,,,,,,
Net3,stress,308,a,random,15,77,1.86485,10.1584,11.4859,-10.0162,11,11,8,0,34,62,69,73,7,-0.715073,8,-1.37971,8,-0.900257,9,-0.864382,8,-0.546802,7,-0.248384,7,-0.983659,6,-0.963235,8,-1.1577,9,-2.25704,0.450391,0.390747,0.0596437,0.189977,0.189977,8.84667e-17,0.376875,0.189769,0.187106,0.21045,0.1,0.3,0,1,,,,
Net3,stress,308,b,random,15,77,0.80673,6.17939,3.29749,-5.11973,11,11,7,0,49,71,75,76,7,-0.331537,8,-0.949678,8,-0.62753,9,-0.43545,8,-0.137632,7,0.0302795,7,-0.378648,6,-0.673272,8,-0.217403,9,-1.39886,0.173061,0.105494,0.0675677,3.78239e-08,3.78239e-08,5.44078e-27,0.0320726,0.00372549,0.0283471,0.0361504,0.16,0.3,0,0.95,,,,
Net3,stress,308,c,random,15,77,1.6621,10.4173,6.05323,-10.0104,11,11,7,0,15,54,71,74,7,-0.465236,8,-1.17035,8,-1.15315,9,-1.22495,8,-1.08503,7,-0.615028,7,-0.970539,6,-0.928056,8,-0.707018,9,-1.69103,0.116155,2.75051e-05,0.116128,7.38259e-08,7.38259e-08,3.39115e-27,0.0504128,0.00469344,0.0457194,0.130627,0.16,0.3,0,0.95,19,,,
Net3,stress,308,d,random,15,77,12.1526,24.036,23.3719,8.74121,11,0,0,11,,,,,7,-2.83815,8,-1.57426,8,-0.246852,9,-1.29192,8,-1.22771,7,1.80361,7,0.870145,6,2.84974,8,4.42532,9,5.97128,,,,,,,,,,,,,,,,,,
Net3,stress,308,e,random,15,77,7.54987,19.1608,14.4304,16.7514,11,3,2,8,,,,,7,0.37512,8,0.27354,8,2.20796,9,1.10554,8,0.04371,7,1.54185,7,2.0094,6,2.38801,8,4.60358,9,2.20264,,,,,,,,,,,,,,,,,,
Net3,stress,308,f,random,15,77,1.01688,6.93636,2.24675,-5.11345,11,10,3,1,,,,,7,-1.31644,8,-0.80591,8,-0.324072,9,-0.962951,8,-0.6376,7,0.141481,7,-0.82761,6,-0.319919,8,0.00256682,9,-0.0629964,,,,,,,,,,,,,,,,,,
Net3,stress,308,a,straddle_min,3,89,2.80518,13.0754,22.8794,-13.0076,13,13,15,0,58,81,85,88,10,-0.508843,9,-0.953713,9,-0.850054,9,-0.914742,9,-0.916062,8,-0.930052,9,-1.949,8,-1.28187,8,-1.73433,10,-2.96889,0.410421,0.235028,0.175394,0.424654,0.424642,1.23869e-05,0.399291,0.200766,0.198526,0.305757,0.1,0.3,0.5,1,,,,
Net3,stress,308,a,straddle_min,8,84,1.28423,8.43586,7.1196,-6.83595,12,12,6,0,53,76,80,82,10,0.594769,9,-0.254985,9,-0.410063,9,-0.724286,9,-0.704243,7,-0.674603,8,-1.08802,7,-0.819765,7,-0.791087,9,-1.96367,0.53197,0.471581,0.0603886,0.281755,0.281755,8.2069e-12,0.40803,0.179967,0.228062,0.194747,0.1,0.3,1,1.05,,,,
Net3,stress,308,a,straddle_min,15,77,1.09601,6.75272,4.19029,1.20282,11,11,4,0,52,71,73,75,10,0.407697,9,0.809705,9,0.578699,9,0.24081,9,0.330241,6,0.102185,7,0.10432,6,-0.314583,6,0.0752644,6,-1.13151,0.586323,0.57853,0.00779323,0.186069,0.186069,3.71795e-19,0.430786,0.145353,0.285433,0.154436,0.25,0.3,1,1.1,,,,
Net3,stress,308,b,straddle_min,3,89,0.683584,6.04689,2.12128,-1.92498,13,12,7,1,72,88,89,89,10,0.321648,9,-0.300413,9,-0.403474,9,-0.234074,9,-0.150857,8,-0.319959,9,-0.478396,8,-0.362253,8,0.763479,10,-0.760676,0.229084,0.147096,0.0819877,0.00756715,0.00756714,6.38868e-09,0.270399,0.0786126,0.191786,0.0213886,0.08,0.3,2,1.1,,,,
Net3,stress,308,b,straddle_min,8,84,1.65931,9.36804,6.80306,-6.98118,12,12,9,0,56,74,77,81,10,-0.0165,9,-0.847948,9,-1.22224,9,-0.617511,9,-0.39286,7,-0.723687,9,-1.2255,8,-1.45181,8,0.477666,6,-0.960791,0.188419,0.16135,0.0270686,0.000109102,0.000109102,1.14203e-13,0.219842,0.00202338,0.217818,0.0172099,0.0025,0.3,0,1.05,,,,
Net3,stress,308,b,straddle_min,15,77,2.04106,10.3126,3.29913,-9.37669,9,9,4,0,67,74,75,75,10,-2.58847,9,-1.88044,9,-0.841315,9,-1.20225,9,-0.744433,6,-0.227191,7,-0.863021,8,-0.580466,7,-0.0657661,3,-0.383339,0.00637556,0.00191711,0.00445845,1.10452e-06,1.10452e-06,2.56618e-27,0.097181,0.0690005,0.0281805,0.147143,0.16,0.1,2,0.7,,,,
Net3,stress,308,c,straddle_min,3,89,1.2515,9.0676,5.78058,-8.17582,13,12,8,1,58,87,89,89,10,-0.285674,9,-0.91186,9,-0.705186,9,-0.746791,9,-0.759179,8,-0.680109,9,-1.2078,8,-0.698455,8,-0.338201,10,-1.84257,0.219745,5.97919e-05,0.219685,0.017452,0.017452,5.19219e-09,0.276405,0.0882065,0.188198,0.112053,0.16,0.3,2,1.1,18,,,
Net3,stress,308,d,straddle_min,3,89,13.4838,28.6745,24.9582,2.58066,13,0,0,13,,,,,10,-4.81961,9,-2.42436,9,-1.15283,9,-2.16724,9,-1.64132,8,1.26628,9,0.728104,8,3.57112,8,3.64725,10,5.57327,,,,,,,,,,,,,,,,,,
Net3,stress,308,e,straddle_min,3,89,11.1582,23.961,19.2556,13.9803,13,0,0,13,,,,,10,-3.54703,9,0.101485,9,1.90398,9,0.889571,9,0.927524,8,1.05564,9,2.27801,8,2.29853,8,4.36954,10,3.70304,,,,,,,,,,,,,,,,,,
Net3,stress,308,f,straddle_min,3,89,1.36418,8.53857,2.83151,-5.85888,13,11,4,2,,,,,10,-1.84762,9,-0.976265,9,-0.3667,9,-0.962951,9,-0.469098,8,0.19898,9,-1.25726,8,-0.122974,8,0.00256682,10,-0.0575526,,,,,,,,,,,,,,,,,,
Net3,stress,308,c,straddle_min,8,84,1.51567,8.62101,7.69574,-7.04917,12,12,9,0,60,74,78,80,10,0.342414,9,-0.474795,9,-0.807931,9,-0.605082,9,-0.580016,6,-0.83541,9,-1.41062,8,-1.22012,8,-0.0888955,7,-1.36871,0.0468862,0.00010502,0.0467811,7.33935e-05,7.33935e-05,5.02237e-16,0.446827,0.00886703,0.43796,0.077029,0.08,0.3,0.5,1.1,17,,,
Net3,stress,308,d,straddle_min,8,84,12.5163,25.9405,23.6126,3.33303,12,0,0,12,,,,,10,-4.45383,9,-2.09515,9,-0.823622,9,-1.83803,9,-1.31211,6,0.669351,9,1.05731,8,3.86374,8,3.93988,7,4.32549,,,,,,,,,,,,,,,,,,
Net3,stress,308,e,straddle_min,8,84,11.4655,24.0189,20.5197,20.9168,12,2,2,10,,,,,10,0.92859,9,2.72289,9,2.42659,9,0.889571,9,0.605448,6,0.462644,9,1.63661,8,2.06843,8,4.01844,7,5.15759,,,,,,,,,,,,,,,,,,
Net3,stress,308,f,straddle_min,8,84,1.32644,8.22448,2.73723,-6.17297,12,10,4,2,,,,,10,-1.84762,9,-0.976265,9,-0.3667,9,-0.962951,9,-0.469098,6,-0.0731231,9,-1.25726,8,-0.122974,8,0.00256682,7,-0.0995427,,,,,,,,,,,,,,,,,,
Net3,stress,308,c,straddle_min,15,77,1.19713,7.77499,2.76963,-6.74601,9,8,3,1,70,75,75,75,10,-1.58324,9,-1.29354,9,-0.549997,9,-0.996346,9,-0.753224,6,-0.272533,7,-0.527654,6,-0.33328,8,0.126542,4,-0.562738,0.0132111,1.08968e-05,0.0132002,0.00104867,0.00104867,7.84862e-27,0.18486,0.0695342,0.115326,0.135491,0.16,0.1,2,0.7,16,,,
Net3,stress,308,d,straddle_min,15,77,11.5181,24.6008,19.6518,-7.00018,9,0,0,9,,,,,10,-5.37359,9,-2.92293,9,-1.6514,9,-2.66582,9,-2.1399,6,0.117496,7,-0.198445,6,2.36001,8,3.20407,4,2.27032,,,,,,,,,,,,,,,,,,
Net3,stress,308,e,straddle_min,15,77,8.70517,20.903,15.8167,18.9373,9,1,0,8,,,,,10,0.92859,9,2.72289,9,2.42659,9,0.889571,9,0.605448,6,0.462644,7,1.7209,6,2.44146,8,4.53159,4,2.2076,,,,,,,,,,,,,,,,,,
Net3,stress,308,f,straddle_min,15,77,1.19105,7.49931,2.31636,-5.81303,9,8,2,1,,,,,10,-1.84762,9,-0.976265,9,-0.3667,9,-0.962951,9,-0.469098,6,-0.0731231,7,-0.82761,6,-0.188807,8,0.00256682,4,-0.103424,,,,,,,,,,,,,,,,,,
Net3,stress,309,a,random,3,89,3.28506,13.1964,26.3378,-8.14473,11,11,14,0,55,83,83,84,10,-0.235585,9,0.564166,9,-0.313864,7,0.492606,9,0.851336,9,-1.02822,9,-1.28596,8,-1.33367,9,-2.40896,10,-3.44658,0.396015,0.211847,0.184167,0.624797,0.624647,0.000149976,0.388194,0.185513,0.202681,0.319079,0.55,0.1,1,0.9,,,,
Net3,stress,309,b,random,3,89,1.27476,8.30358,3.41432,0.249237,11,9,6,2,66,85,88,89,10,-1.38215,9,0.0999146,9,-0.125968,7,0.256372,9,0.608245,9,0.524083,9,0.387321,8,0.673861,9,0.657735,10,-1.45018,0.265146,0.12087,0.144276,0.0656325,0.0656298,2.69514e-06,0.0667278,0.0181569,0.0485709,0.0303752,0.32,0.1,2,0.85,,,,
Net3,stress,309,c,random,3,89,1.29852,7.86549,4.47336,-1.51725,11,10,7,1,65,78,87,89,10,-1.37765,9,0.0371984,9,-0.153227,7,0.224207,9,0.518777,9,0.400699,9,0.0921676,8,0.493591,9,0.0760721,10,-1.82908,0.143844,0.000497727,0.143346,0.0687202,0.068718,2.24109e-06,0.0601331,0.017001,0.0431321,0.0822695,0.08,0.1,2,0.8,10,,,
Net3,stress,309,d,random,3,89,24.8976,37.6,32.6492,33.1833,11,0,0,11,,,,,10,-1.73394,9,1.00681,9,1.3484,7,1.06069,9,1.95387,9,3.72256,9,3.93438,8,6.39651,9,6.81066,10,8.6833,,,,,,,,,,,,,,,,,,
Net3,stress,309,e,random,3,89,27.8779,42.4103,32.385,40.4032,11,0,0,11,,,,,10,0.356934,9,2.8886,9,3.23019,7,2.32815,9,2.8161,9,2.56611,9,4.26741,8,4.89409,9,6.81066,10,10.245,,,,,,,,,,,,,,,,,,
Net3,stress,309,f,random,3,89,1.20318,9.05076,1.96861,1.78219,11,7,6,4,,,,,10,0.205439,9,0.415532,9,-0.549942,7,0.0882214,9,0.535798,9,-0.685473,9,-0.0447505,8,-0.248789,9,1.19903,10,0.867126,,,,,,,,,,,,,,,,,,
Net3,stress,309,a,random,8,84,3.72628,14.3257,24.696,-12.4604,10,10,17,0,45,74,79,79,10,-0.456311,9,-0.16357,8,-0.738059,6,-0.212546,7,-0.0858563,9,-1.58858,9,-1.89655,8,-1.49077,9,-2.67339,9,-3.15472,0.41905,0.231949,0.187101,0.526456,0.526456,5.66638e-07,0.385644,0.208315,0.177329,0.306274,0.25,0.1,0,0.9,,,,
Net3,stress,309,b,random,8,84,1.5508,8.32161,5.21843,-2.57645,10,9,6,1,58,75,76,77,10,-1.70364,9,-0.230499,8,0.012314,6,-0.00855044,7,0.16744,9,0.499388,9,0.116995,8,0.684605,9,-0.0622032,9,-2.0523,0.315213,0.05252,0.262693,0.0682965,0.0682965,8.36177e-09,0.0308619,0.00566021,0.0252017,0.077182,0.32,0.03,2,0.8,,,,
Net3,stress,309,c,random,8,84,1.53555,8.30929,5.13249,-3.19135,10,10,6,0,57,74,76,77,10,-1.69735,9,-0.24947,8,-0.0352335,6,-0.0292465,7,0.156211,9,0.467049,9,0.00330968,8,0.532961,9,-0.232948,9,-2.10663,0.193363,0.000160094,0.193203,0.0689446,0.0689446,1.66871e-09,0.0362684,0.00353664,0.0327318,0.117842,0.16,0.1,0,0.85,9,,,
Net3,stress,309,d,random,8,84,17.181,28.9262,24.0558,21.6022,10,0,0,10,,,,,10,-2.93373,9,-0.0730014,8,0.461903,6,0.207466,7,0.788147,9,2.64275,9,2.85457,8,5.43668,9,5.73086,9,6.48656,,,,,,,,,,,,,,,,,,
Net3,stress,309,e,random,8,84,19.3384,34.1275,25.9385,28.4739,10,3,4,7,,,,,10,0.746979,9,3.06815,8,2.60352,6,1.98636,7,1.29951,9,2.57683,9,4.10194,8,5.26308,9,5.801,9,1.02653,,,,,,,,,,,,,,,,,,
Net3,stress,309,f,random,8,84,1.14941,8.57472,1.9162,1.63668,10,6,6,4,,,,,10,0.205439,9,0.415532,8,-0.384674,6,-0.0163838,7,0.368558,9,-0.685473,9,-0.0447505,8,-0.248789,9,1.19903,9,0.828197,,,,,,,,,,,,,,,,,,
Net3,stress,309,a,random,15,77,1.07007,6.38468,4.90216,-2.8752,8,8,6,0,58,73,74,74,10,-0.130821,8,0.106955,7,0.212212,6,0.167291,6,0.299166,9,0.00372341,9,-0.365124,6,-0.186066,9,-1.1042,7,-1.87834,0.501746,0.448261,0.0534845,0.636222,0.636222,1.37851e-13,0.427523,0.289213,0.13831,0.192156,0.25,0.1,1,0.9,,,,
Net3,stress,309,b,random,15,77,0.997568,6.2201,2.94753,-1.79356,8,7,6,1,45,66,70,73,10,-0.970096,8,0.0638501,7,0.312187,6,0.158556,6,0.137761,9,0.171004,9,-0.183502,6,0.28759,9,-0.267626,7,-1.50328,0.0177935,0.000709755,0.0170837,3.3857e-05,3.3857e-05,7.22554e-21,0.00400426,4.91194e-08,0.00400421,0.153086,0.16,0.1,0,0.85,,,,
Net3,stress,309,c,random,15,77,0.987525,6.19787,2.93354,-1.7708,8,7,6,1,47,66,70,73,10,-0.961587,8,0.0665082,7,0.310314,6,0.163216,6,0.137162,9,0.171023,9,-0.177861,6,0.282511,9,-0.260558,7,-1.50153,0.00887343,1.52765e-06,0.0088719,1.79529e-05,1.79529e-05,9.38265e-22,0.00408703,2.64579e-08,0.00408701,0.152898,0.16,0.1,0,0.85,15,,,
Net3,stress,309,d,random,15,77,12.3748,23.4035,17.55,12.1848,8,0,0,8,,,,,10,-3.6914,8,-1.11624,7,-0.146156,6,-0.247139,6,0.287036,9,1.96085,9,2.17267,6,3.43731,9,5.04895,7,4.4789,,,,,,,,,,,,,,,,,,
Net3,stress,309,e,random,15,77,14.9306,27.7344,15.1865,17.0387,8,0,0,8,,,,,10,-3.35233,8,1.29885,7,2.47854,6,1.79688,6,0.975152,9,2.14391,9,2.9475,6,2.7479,9,4.85993,7,1.14233,,,,,,,,,,,,,,,,,,
Net3,stress,309,f,random,15,77,1.05135,7.78819,1.67298,1.24074,8,5,5,3,,,,,10,0.205439,8,0.233391,7,-0.316123,6,-0.0163838,6,0.276391,9,-0.685473,9,-0.0447505,6,-0.214072,9,1.19903,7,0.603292,,,,,,,,,,,,,,,,,,
Net3,stress,309,a,straddle_min,3,89,3.28506,13.1964,26.3378,-8.14473,11,11,14,0,55,83,83,84,10,-0.235585,9,0.564166,9,-0.313864,7,0.492606,9,0.851336,9,-1.02822,9,-1.28596,8,-1.33367,9,-2.40896,10,-3.44658,0.396015,0.211847,0.184167,0.624797,0.624647,0.000149976,0.388194,0.185513,0.202681,0.319079,0.55,0.1,1,0.9,,,,
Net3,stress,309,a,straddle_min,8,84,4.13718,14.6434,35.093,-13.3144,10,10,14,0,36,65,76,78,10,-0.982225,9,-0.226363,9,-0.909953,7,-0.200791,9,-0.111616,8,-1.65998,8,-1.79128,6,-1.18274,8,-2.67933,10,-3.57015,0.429205,0.179836,0.249369,0.720516,0.720516,3.55126e-12,0.416775,0.250239,0.166536,0.355701,0.7,0.1,0,1,,,,
Net3,stress,309,a,straddle_min,15,77,1.41487,7.5872,8.8786,-3.34155,8,8,9,0,58,70,74,75,10,0.0586717,9,0.324605,9,-0.131583,7,0.235167,9,0.28922,7,-0.599589,7,-0.454438,6,-0.744709,5,-0.178743,8,-2.14015,0.735202,0.713901,0.0213009,0.4724,0.4724,6.21706e-20,0.531392,0.237617,0.293775,0.140585,0.1,0.1,0,0.9,,,,
Net3,stress,309,b,straddle_min,3,89,1.27476,8.30358,3.41432,0.249237,11,9,6,2,66,85,88,89,10,-1.38215,9,0.0999146,9,-0.125968,7,0.256372,9,0.608245,9,0.524083,9,0.387321,8,0.673861,9,0.657735,10,-1.45018,0.265146,0.12087,0.144276,0.0656325,0.0656298,2.69514e-06,0.0667278,0.0181569,0.0485709,0.0303752,0.32,0.1,2,0.85,,,,
Net3,stress,309,b,straddle_min,8,84,1.57323,9.53148,5.33721,-2.4259,9,9,10,0,44,72,77,80,10,0.201605,9,0.347362,9,-0.792322,7,0.256734,9,0.568297,9,-1.17689,9,-0.433833,8,-0.594134,8,0.309247,6,-1.11197,0.218496,0.131911,0.0865844,0.0066998,0.0066998,2.67685e-11,0.275969,0.00017459,0.275794,0.0247565,0.04,0.3,0,1.1,,,,
Net3,stress,309,b,straddle_min,15,77,0.849732,6.31955,1.01919,-3.15702,8,8,3,0,67,75,77,77,10,-0.664084,9,-0.210452,9,-0.996507,7,-0.244716,9,0.208353,8,-0.94042,7,-0.00929211,8,-0.366935,7,0.231461,3,-0.164426,0.0825919,0.0825525,3.94684e-05,1.2255e-06,1.2255e-06,1.28343e-22,0.0115916,9.19346e-05,0.0114996,0.0243179,0.04,0.3,0,1,,,,
Net3,stress,309,c,straddle_min,3,89,1.29852,7.86549,4.47336,-1.51725,11,10,7,1,65,78,87,89,10,-1.37765,9,0.0371984,9,-0.153227,7,0.224207,9,0.518777,9,0.400699,9,0.0921676,8,0.493591,9,0.0760721,10,-1.82908,0.143844,0.000497727,0.143346,0.0687202,0.068718,2.24109e-06,0.0601331,0.017001,0.0431321,0.0822695,0.08,0.1,2,0.8,10,,,
Net3,stress,309,d,straddle_min,3,89,24.8976,37.6,32.6492,33.1833,11,0,0,11,,,,,10,-1.73394,9,1.00681,9,1.3484,7,1.06069,9,1.95387,9,3.72256,9,3.93438,8,6.39651,9,6.81066,10,8.6833,,,,,,,,,,,,,,,,,,
Net3,stress,309,e,straddle_min,3,89,27.8779,42.4103,32.385,40.4032,11,0,0,11,,,,,10,0.356934,9,2.8886,9,3.23019,7,2.32815,9,2.8161,9,2.56611,9,4.26741,8,4.89409,9,6.81066,10,10.245,,,,,,,,,,,,,,,,,,
Net3,stress,309,f,straddle_min,3,89,1.20318,9.05076,1.96861,1.78219,11,7,6,4,,,,,10,0.205439,9,0.415532,9,-0.549942,7,0.0882214,9,0.535798,9,-0.685473,9,-0.0447505,8,-0.248789,9,1.19903,10,0.867126,,,,,,,,,,,,,,,,,,
Net3,stress,309,c,straddle_min,8,84,1.01297,6.59101,1.43767,-1.80784,8,8,4,0,60,76,81,82,10,-1.75318,9,-0.294426,9,-0.429851,7,-0.0569838,9,0.172143,9,0.358837,9,0.172662,8,0.549612,6,0.247458,8,-0.774105,0.00912304,0.00036689,0.00875615,4.47435e-05,4.47435e-05,1.11655e-14,0.122325,0.00288141,0.119444,0.0547729,0.04,0.1,2,0.75,6,,,
Net3,stress,309,d,straddle_min,8,84,11.8843,24.2641,17.5398,8.51136,8,0,0,8,,,,,10,-4.13796,9,-1.15681,9,-0.815208,7,-0.622118,9,-0.209738,9,1.55895,9,1.77077,8,4.4733,6,2.45602,8,5.19415,,,,,,,,,,,,,,,,,,
Net3,stress,309,e,straddle_min,8,84,12.2438,28.5866,13.5056,26.1014,8,0,0,8,,,,,10,0.558145,9,3.06745,9,3.27491,7,2.32815,9,2.64715,9,1.29029,9,3.25702,8,3.04225,6,3.48809,8,3.14792,,,,,,,,,,,,,,,,,,
Net3,stress,309,f,straddle_min,8,84,1.11179,8.3905,1.60258,1.12193,8,5,6,3,,,,,10,0.205439,9,0.415532,9,-0.549942,7,0.0882214,9,0.535798,9,-0.685473,9,-0.0447505,8,-0.248789,6,0.837983,8,0.567911,,,,,,,,,,,,,,,,,,
Net3,stress,309,c,straddle_min,15,77,0.935094,5.72653,0.918522,-3.50707,5,5,1,0,57,70,74,75,10,-1.9176,9,-0.442193,9,-0.741373,7,-0.129767,9,-0.0439669,9,-0.0561055,8,0.0713089,6,0.110324,5,0.0517104,5,-0.409409,0.000146867,0.000146374,4.92803e-07,2.10308e-09,2.10308e-09,2.0545e-27,0.150109,0.00502335,0.145086,0.0583408,0.08,0.3,0,1.05,8,,,
Net3,stress,309,d,straddle_min,15,77,8.97803,21.3461,11.0784,-3.8511,5,0,0,5,,,,,10,-5.17099,9,-2.08654,9,-1.74494,7,-1.34524,9,-1.13947,9,0.629216,8,0.533323,6,2.36443,5,1.17179,5,2.93733,,,,,,,,,,,,,,,,,,
Net3,stress,309,e,straddle_min,15,77,11.9091,25.8747,11.9395,23.7326,5,0,0,5,,,,,10,0.558145,9,3.06745,9,3.27491,7,2.32815,9,2.76022,9,1.30979,8,2.72073,6,2.16355,5,2.62312,5,2.92656,,,,,,,,,,,,,,,,,,
Net3,stress,309,f,straddle_min,15,77,0.981511,7.5356,1.16792,0.770667,5,2,5,3,,,,,10,0.205439,9,0.415532,9,-0.549942,7,0.0882214,9,0.535798,9,-0.685473,8,0.207069,6,-0.408314,5,0.75731,5,0.205025,,,,,,,,,,,,,,,,,,
Net3,stress,310,a,random,3,89,3.08096,14.593,19.9635,-13.5676,19,19,12,0,40,79,83,84,10,-0.108365,9,-0.799594,9,-1.18957,9,-1.18094,9,-1.23035,9,-2.28711,8,-1.60794,9,-1.27389,9,-1.70352,8,-2.1863,0.326558,0.251351,0.0752065,0.203487,0.201529,0.00195786,0.400278,0.205874,0.194404,0.270506,0.25,0.3,1,1.05,,,,
Net3,stress,310,b,random,3,89,0.964282,7.78954,3.93384,-6.0381,19,19,4,0,60,83,88,89,10,-0.121652,9,-0.486834,9,-0.468091,9,-0.766677,9,-0.815011,9,-1.07626,8,-0.546313,9,-0.128034,9,-0.234767,8,-1.39447,0.297145,0.0419416,0.255203,0.0490645,0.00348803,0.0455765,0.242642,0.123074,0.119568,0.087129,0.16,0.3,0.5,1,,,,
Net3,stress,310,c,random,3,89,0.926409,7.1532,4.69938,-5.07445,19,19,3,0,60,84,84,84,10,0.137079,9,-0.31894,9,-0.294322,9,-0.591715,9,-0.654706,9,-0.974983,8,-0.485084,9,-0.0866362,9,-0.262071,8,-1.54308,0.288751,1.18737e-05,0.28874,0.0158083,0.00454879,0.0112595,0.222658,0.0966624,0.125996,0.159548,0.16,0.3,0.5,1,18,,,
Net3,stress,310,d,random,3,89,21.6366,37.4259,33.012,-28.1532,19,0,0,19,,,,,10,-8.04252,9,-5.19057,9,-4.20595,9,-5.27844,9,-4.75106,9,-2.51729,8,-2.14055,9,1.49172,9,1.05215,8,1.42928,,,,,,,,,,,,,,,,,,
Net3,stress,310,e,random,3,89,25.9687,37.2444,46.2629,-17.7728,19,11,35,8,,,,,10,-9.39701,9,-6.4096,9,-3.85973,9,-3.36697,9,-2.83958,9,0.95944,8,-0.0936225,9,3.92495,9,2.96363,8,0.34569,,,,,,,,,,,,,,,,,,
Net3,stress,310,f,random,3,89,0.82861,7.40068,2.0758,-0.811425,19,16,2,3,,,,,10,-0.0996368,9,-0.227128,9,-0.348842,9,-0.713551,9,-0.510946,9,-0.928591,8,-0.117266,9,0.415679,9,1.19358,8,0.525277,,,,,,,,,,,,,,,,,,
Net3,stress,310,a,random,8,84,3.1733,14.9435,18.5968,-14.4973,18,18,11,0,16,66,76,79,9,-0.882488,8,-1.15883,9,-1.48156,8,-1.2777,8,-1.12183,9,-2.1036,8,-1.60856,9,-1.07301,8,-1.56789,8,-2.22185,0.277208,0.215575,0.0616331,0.0905563,0.0905555,7.37561e-07,0.38364,0.202479,0.181161,0.277521,0.25,0.3,0.5,1,,,,
Net3,stress,310,b,random,8,84,2.57578,12.7469,10.519,-12.6021,18,18,9,0,31,64,75,83,9,-1.66059,8,-0.990524,9,-1.29588,8,-1.03373,8,-0.892931,9,-1.87153,8,-1.22462,9,-0.71823,8,-1.00095,8,-1.91313,0.618983,0.0151399,0.603843,8.22085e-07,6.42516e-07,1.7957e-07,0.0199737,0.000118844,0.0198548,0.18273,0.32,0.3,0,1,,,,
Net3,stress,310,c,random,8,84,1.51531,8.38145,9.08691,-6.37463,18,18,8,0,42,65,72,75,9,0.378227,8,0.00279454,9,-0.255886,8,-0.321574,8,-0.276113,9,-1.5334,8,-0.978511,9,-0.61185,8,-0.8844,8,-1.89391,0.607076,3.80856e-06,0.607072,7.52487e-07,7.34252e-07,1.82345e-08,0.0202799,9.63888e-05,0.0201835,0.22811,0.32,0.3,0,1,18,,,
Net3,stress,310,d,random,8,84,11.7988,25.2509,24.3241,2.27478,18,0,0,18,,,,,9,-4.08321,8,-1.80939,9,-1.16819,8,-1.93608,8,-1.9563,9,0.520465,8,0.559682,9,4.52948,8,3.48882,8,4.12951,,,,,,,,,,,,,,,,,,
Net3,stress,310,e,random,8,84,15.1951,28.9265,25.2229,26.9785,18,6,1,12,,,,,9,0.506655,8,1.80414,9,3.21905,8,2.06114,8,2.04092,9,1.7353,8,2.23164,9,3.2955,8,5.16078,8,4.92333,,,,,,,,,,,,,,,,,,
Net3,stress,310,f,random,8,84,0.802367,7.05965,2.01819,-0.577497,18,15,2,3,,,,,9,-0.0120311,8,-0.187259,9,-0.348842,8,-0.659147,8,-0.405346,9,-0.928591,8,-0.117266,9,0.415679,8,1.14003,8,0.525277,,,,,,,,,,,,,,,,,,
Net3,stress,310,a,random,15,77,2.73938,13.3497,16.4621,-13.0365,17,17,9,0,8,51,66,71,8,-0.843393,8,-1.17007,9,-1.5058,7,-1.09971,8,-1.12634,7,-1.42122,7,-1.36992,7,-0.843572,8,-1.47869,8,-2.17778,0.226543,0.184855,0.0416877,0.0233345,0.0233345,6.34668e-13,0.341209,0.223314,0.117895,0.27929,0.25,0.3,0.5,0.95,,,,
Net3,stress,310,b,random,15,77,1.56547,9.25391,9.25407,-8.59617,17,17,7,0,28,54,67,71,8,-0.32913,8,-0.4035,9,-0.765937,7,-0.811431,8,-0.871203,7,-1.17226,7,-0.94864,7,-0.504196,8,-0.878506,8,-1.91137,0.624336,0.00414056,0.620195,1.29189e-11,1.29189e-11,5.99816e-19,0.000195686,1.45065e-06,0.000194235,0.219465,0.32,0.3,0.5,1,,,,
Net3,stress,310,c,random,15,77,1.54759,9.23117,8.9985,-8.53288,17,17,7,0,27,55,67,70,8,-0.314833,8,-0.401463,9,-0.7504,7,-0.808032,8,-0.888457,7,-1.19299,7,-0.951173,7,-0.501538,8,-0.83778,8,-1.88621,0.583069,9.74029e-07,0.583068,1.36416e-11,1.36416e-11,5.21578e-20,0.000185077,8.62664e-07,0.000184214,0.228193,0.32,0.3,0.5,1,18,,,
Net3,stress,310,d,random,15,77,12.1292,23.25,25.5317,9.99095,17,0,0,17,,,,,8,-2.70344,8,-1.00411,9,-0.262254,7,-1.14094,8,-1.15102,7,1.31835,7,1.44073,7,4.26475,8,4.2941,8,4.93478,,,,,,,,,,,,,,,,,,
Net3,stress,310,e,random,15,77,9.81088,19.6991,19.2776,16.7277,17,6,1,11,,,,,8,0.265319,8,1.117,9,0.85554,7,0.533273,8,0.0597213,7,1.35124,7,1.52074,7,1.90925,8,4.19228,8,4.92333,,,,,,,,,,,,,,,,,,
Net3,stress,310,f,random,15,77,0.685639,6.31085,1.83207,-0.580835,17,14,2,3,,,,,8,-0.247403,8,-0.187259,9,-0.348842,7,-0.49354,8,-0.405346,7,-0.721468,7,-0.132228,7,0.289945,8,1.14003,8,0.525277,,,,,,,,,,,,,,,,,,
Net3,stress,310,a,straddle_min,3,89,3.08096,14.593,19.9635,-13.5676,19,19,12,0,40,79,83,84,10,-0.108365,9,-0.799594,9,-1.18957,9,-1.18094,9,-1.23035,9,-2.28711,8,-1.60794,9,-1.27389,9,-1.70352,8,-2.1863,0.326558,0.251351,0.0752065,0.203487,0.201529,0.00195786,0.400278,0.205874,0.194404,0.270506,0.25,0.3,1,1.05,,,,
Net3,stress,310,a,straddle_min,8,84,2.38802,12.0394,18.6208,-10.7634,18,18,7,0,34,70,74,79,10,0.269892,9,-0.489112,9,-0.891252,9,-1.23199,9,-1.34375,7,-1.40416,6,-0.811872,9,-1.02573,8,-1.6135,8,-2.22197,0.314916,0.256389,0.0585272,0.0752539,0.0752539,7.10273e-09,0.382264,0.19427,0.187994,0.263194,0.1,0.3,1,1.05,,,,
Net3,stress,310,a,straddle_min,15,77,1.47975,8.6684,7.64696,-6.27213,15,14,4,1,54,64,72,75,10,0.526992,9,-0.346768,9,-0.692383,9,-0.803566,8,-0.820225,7,-1.53969,6,-0.228897,7,-0.810073,6,-0.600454,6,-0.957071,0.828792,0.826533,0.00225881,0.0201193,0.0201193,6.17112e-14,0.359738,0.0953705,0.264368,0.120905,0.1,0.3,1,1.05,,,,
Net3,stress,310,b,straddle_min,3,89,0.964282,7.78954,3.93384,-6.0381,19,19,4,0,60,83,88,89,10,-0.121652,9,-0.486834,9,-0.468091,9,-0.766677,9,-0.815011,9,-1.07626,8,-0.546313,9,-0.128034,9,-0.234767,8,-1.39447,0.297145,0.0419416,0.255203,0.0490645,0.00348803,0.0455765,0.242642,0.123074,0.119568,0.087129,0.16,0.3,0.5,1,,,,
Net3,stress,310,b,straddle_min,8,84,3.543,15.7089,10.8222,-15.4881,18,18,8,0,13,34,54,64,10,-1.473,9,-1.88986,9,-1.67859,9,-1.69807,8,-1.44274,8,-2.28428,7,-1.56357,9,-0.91652,8,-0.951629,7,-1.58987,0.407143,0.00752513,0.399618,1.078e-05,1.07797e-05,2.72157e-10,0.161844,0.051506,0.110338,0.164249,0.16,0.3,0,0.95,,,,
Net3,stress,310,b,straddle_min,15,77,2.71992,12.3875,7.52069,-11.1553,15,15,4,0,32,57,57,57,10,-0.205905,9,-0.945269,9,-1.58014,9,-1.26369,8,-0.90968,7,-2.19276,7,-1.48973,6,-0.689446,6,-0.78181,6,-1.09687,0.0480667,0.00024644,0.0478202,9.30533e-13,9.30533e-13,9.93691e-23,0.00102728,0.000811887,0.000215394,0.153932,0.16,0.3,0,0.95,,,,
Net3,stress,310,c,straddle_min,3,89,0.926409,7.1532,4.69938,-5.07445,19,19,3,0,60,84,84,84,10,0.137079,9,-0.31894,9,-0.294322,9,-0.591715,9,-0.654706,9,-0.974983,8,-0.485084,9,-0.0866362,9,-0.262071,8,-1.54308,0.288751,1.18737e-05,0.28874,0.0158083,0.00454879,0.0112595,0.222658,0.0966624,0.125996,0.159548,0.16,0.3,0.5,1,18,,,
Net3,stress,310,d,straddle_min,3,89,21.6366,37.4259,33.012,-28.1532,19,0,0,19,,,,,10,-8.04252,9,-5.19057,9,-4.20595,9,-5.27844,9,-4.75106,9,-2.51729,8,-2.14055,9,1.49172,9,1.05215,8,1.42928,,,,,,,,,,,,,,,,,,
Net3,stress,310,e,straddle_min,3,89,25.9687,37.2444,46.2629,-17.7728,19,11,35,8,,,,,10,-9.39701,9,-6.4096,9,-3.85973,9,-3.36697,9,-2.83958,9,0.95944,8,-0.0936225,9,3.92495,9,2.96363,8,0.34569,,,,,,,,,,,,,,,,,,
Net3,stress,310,f,straddle_min,3,89,0.82861,7.40068,2.0758,-0.811425,19,16,2,3,,,,,10,-0.0996368,9,-0.227128,9,-0.348842,9,-0.713551,9,-0.510946,9,-0.928591,8,-0.117266,9,0.415679,9,1.19358,8,0.525277,,,,,,,,,,,,,,,,,,
Net3,stress,310,c,straddle_min,8,84,2.77126,11.5891,9.73236,5.67767,17,16,3,1,53,67,73,75,10,1.43847,9,0.763112,9,0.776439,9,1.43635,9,1.06621,8,-0.0253381,7,1.28995,8,-0.411029,7,0.16131,8,-0.81781,0.0256598,8.53287e-06,0.0256513,2.15044e-05,2.14934e-05,1.09747e-08,0.545212,0.0342105,0.511001,0.0919954,0.08,0.3,1,1.1,16,,,
Net3,stress,310,d,straddle_min,8,84,15.4191,31.7884,24.288,-17.1845,17,0,0,17,,,,,10,-6.70508,9,-3.98687,9,-3.00226,9,-4.07475,9,-3.54736,8,-1.354,7,-1.1932,8,2.38632,7,1.79349,8,2.49923,,,,,,,,,,,,,,,,,,
Net3,stress,310,e,straddle_min,8,84,23.4419,35.5599,38.5666,-20.696,17,8,19,9,,,,,10,-9.15136,9,-5.91831,9,-3.45983,9,-4.04178,9,-2.7797,8,-0.0840126,7,-0.43169,8,3.64454,7,1.93393,8,-0.407823,,,,,,,,,,,,,,,,,,
Net3,stress,310,f,straddle_min,8,84,0.743492,6.7962,1.75889,-1.02774,17,14,1,3,,,,,10,-0.0996368,9,-0.227128,9,-0.348842,9,-0.713551,9,-0.510946,8,-0.841393,7,-0.010382,8,0.360137,7,0.838728,8,0.525277,,,,,,,,,,,,,,,,,,
Net3,stress,310,c,straddle_min,15,77,3.46238,11.7755,9.66702,-10.645,16,16,4,0,46,53,58,61,10,-0.363738,9,-0.479914,9,-0.309144,9,-1.77675,8,-3.22578,7,-1.31222,6,-0.712336,7,-0.764294,6,-0.634357,6,-1.06644,0.0267497,5.67123e-08,0.0267497,2.39526e-09,2.39526e-09,6.14705e-19,0.0381482,0.0378379,0.00031037,0.1536,0.16,0.3,0,0.95,19,,,
Net3,stress,310,d,straddle_min,15,77,11.8465,25.5911,21.6467,-7.90073,16,0,0,16,,,,,10,-5.40681,9,-2.81843,9,-1.83381,9,-2.90631,8,-2.54796,7,-0.596111,6,-0.199816,7,3.07904,6,2.49787,6,2.83161,,,,,,,,,,,,,,,,,,
Net3,stress,310,e,straddle_min,15,77,6.91069,18.1724,13.95,9.2802,16,3,0,13,,,,,10,0.929038,9,2.82757,9,0.436224,9,-1.5811,8,-0.808451,7,0.700204,6,0.899803,7,3.23507,6,2.23147,6,0.410365,,,,,,,,,,,,,,,,,,
Net3,stress,310,f,straddle_min,15,77,0.633723,5.95467,1.47187,-1.23665,16,14,0,2,,,,,10,-0.0996368,9,-0.227128,9,-0.348842,9,-0.713551,8,-0.405346,7,-0.736918,6,0.0958524,7,0.178828,6,0.681129,6,0.338961,,,,,,,,,,,,,,,,,,
Net3,stress,311,a,random,3,89,2.07954,9.46987,22.5081,-8.37692,19,19,10,0,68,81,85,86,9,-0.190595,9,-0.586526,9,-0.344909,9,-0.163093,9,-0.633564,8,-0.345027,8,-1.14241,9,-0.263393,9,-1.56563,10,-3.14177,0.399745,0.201982,0.197763,0.386191,0.386145,4.61116e-05,0.397561,0.203608,0.193953,0.327317,0.7,0.1,1,0.9,,,,
Net3,stress,311,b,random,3,89,1.24863,8.8558,4.23922,1.55056,19,16,4,3,61,88,89,89,9,-0.853811,9,-0.347177,9,0.124485,9,0.144972,9,-0.190386,8,0.806825,8,0.402722,9,1.36058,9,1.17111,10,-1.06877,0.262874,0.120635,0.142239,0.0434111,0.0434111,2.44103e-08,0.236047,0.107794,0.128254,0.0303046,0.32,0.1,0,0.8,,,,
Net3,stress,311,c,random,3,89,1.69606,9.66049,6.10677,-3.67788,19,16,4,3,61,85,86,88,9,-1.5921,9,-0.784255,9,-0.117097,9,-0.272396,9,-0.57851,8,0.503604,8,-0.201706,9,1.09951,9,0.153722,10,-1.88865,0.258073,7.2628e-05,0.258,0.0595906,0.0595905,1.92165e-08,0.248942,0.12214,0.126802,0.120665,0.16,0.3,2,1.1,15,,,
Net3,stress,311,d,random,3,89,22.3751,35.4083,43.4567,25.4435,19,0,0,19,,,,,9,-2.7065,9,-0.387581,9,1.00777,9,0.258093,9,0.343186,8,3.15457,8,2.53226,9,7.33637,9,6.48238,10,7.42293,,,,,,,,,,,,,,,,,,
Net3,stress,311,e,random,3,89,27.2203,40.6896,46.9761,36.4276,19,0,0,19,,,,,9,-0.725393,9,1.59353,9,2.98888,9,1.94448,9,0.850672,8,2.55776,8,3.40907,9,7.11256,9,7.36656,10,9.32944,,,,,,,,,,,,,,,,,,
Net3,stress,311,f,random,3,89,0.642134,5.4841,2.29422,-0.421065,19,17,2,2,,,,,9,0.038493,9,-0.23136,9,-0.540139,9,-0.219293,9,-0.223176,8,-0.461468,8,-0.342871,9,0.0406979,9,0.909371,10,0.60868,,,,,,,,,,,,,,,,,,
Net3,stress,311,a,random,8,84,2.05325,10.2427,18.1139,-9.82096,18,18,8,0,38,75,78,80,9,-0.491077,9,-0.974278,8,-0.723524,8,-0.519503,9,-1.11373,7,-0.486878,8,-1.1577,9,-0.30857,7,-1.0609,10,-2.98479,0.361088,0.232968,0.12812,0.246033,0.246033,8.74004e-10,0.392936,0.203222,0.189714,0.288982,0.25,0.3,1,1.05,,,,
Net3,stress,311,b,random,8,84,1.28631,8.25448,5.72997,-6.02793,18,17,5,1,44,78,81,83,9,-1.17593,9,-0.791015,8,-0.529231,8,-0.363898,9,-0.865229,7,-0.0836194,8,-0.642166,9,0.527011,7,-0.122433,10,-1.98143,0.239421,0.0235838,0.215837,0.00330604,0.00330604,6.51143e-15,0.0867471,0.0342733,0.0524737,0.112223,0.16,0.3,1,1,,,,
Net3,stress,311,c,random,8,84,1.50662,8.87959,6.3901,-6.7925,18,17,5,1,47,77,79,81,9,-1.4211,9,-0.827235,8,-0.541432,8,-0.398705,9,-0.919688,7,-0.10949,8,-0.739242,9,0.49026,7,-0.211076,10,-2.11479,0.204289,7.40879e-06,0.204281,0.00342955,0.00342955,1.9376e-15,0.0817612,0.0288027,0.0529585,0.15733,0.16,0.3,1,1,16,,,
Net3,stress,311,d,random,8,84,16.8723,30.6458,34.4206,14.445,18,0,0,18,,,,,9,-3.66202,9,-1.3431,8,-0.0508415,8,-0.497265,9,-0.612332,7,1.94835,8,1.68291,9,6.38085,7,4.23722,10,6.36124,,,,,,,,,,,,,,,,,,
Net3,stress,311,e,random,8,84,21.7619,32.7212,39.1063,26.0006,18,0,0,18,,,,,9,-0.725393,9,1.59353,8,1.9553,8,1.34441,9,0.684041,7,0.668282,8,0.885828,9,6.40676,7,3.8584,10,9.32944,,,,,,,,,,,,,,,,,,
Net3,stress,311,f,random,8,84,0.600461,5.13193,2.19798,-0.51102,18,16,2,2,,,,,9,0.038493,9,-0.23136,8,-0.481185,8,-0.201329,9,-0.223176,7,-0.407276,8,-0.342871,9,0.0406979,7,0.688306,10,0.60868,,,,,,,,,,,,,,,,,,
Net3,stress,311,a,random,15,77,1.14991,7.45268,6.76265,-6.67278,16,16,5,0,39,70,74,75,9,-0.447702,7,-0.693468,7,-0.68475,8,-0.417395,9,-0.833354,7,-0.288125,8,-0.849379,9,-0.124023,5,-0.40235,8,-1.93223,0.442085,0.403953,0.0381318,0.112357,0.112357,6.69703e-14,0.348879,0.162018,0.186861,0.200688,0.25,0.3,1,1.05,,,,
Net3,stress,311,b,random,15,77,0.720208,5.56885,3.40315,-3.64054,16,15,4,1,45,71,72,74,9,0.136918,7,-0.369105,7,-0.586099,8,-0.194552,9,-0.506522,7,-0.108591,8,-0.623673,9,0.130123,5,-0.0302152,8,-1.48882,0.0708001,0.00376616,0.0670339,9.08035e-06,9.08035e-06,5.4398e-24,0.0512411,7.62724e-05,0.0511649,0.149811,0.16,0.3,1,1,,,,
Net3,stress,311,c,random,15,77,0.717581,5.50782,3.43285,-3.55927,16,15,4,1,44,71,72,72,9,0.144406,7,-0.353263,7,-0.580383,8,-0.17243,9,-0.485421,7,-0.0913179,8,-0.62186,9,0.127772,5,-0.0281178,8,-1.49866,0.0525068,9.79135e-07,0.0525059,8.13271e-06,8.13271e-06,7.71427e-25,0.0430258,4.8774e-05,0.0429771,0.158497,0.16,0.3,1,1,17,,,
Net3,stress,311,d,random,15,77,16.5763,28.732,32.8304,16.038,16,0,0,16,,,,,9,-3.23698,7,-0.658506,7,0.307384,8,-0.119451,9,-0.18729,7,2.27894,8,2.06073,9,6.80589,5,3.26416,8,5.52317,,,,,,,,,,,,,,,,,,
Net3,stress,311,e,random,15,77,12.0054,23.6143,23.8451,19.5499,16,0,0,16,,,,,9,0.192176,7,1.91596,7,1.84206,8,1.11294,9,1.21813,7,0.668282,8,1.75275,9,6.00424,5,2.06779,8,2.77559,,,,,,,,,,,,,,,,,,
Net3,stress,311,f,random,15,77,0.553517,4.72964,2.06848,-0.768691,16,14,2,2,,,,,9,0.038493,7,-0.167429,7,-0.477126,8,-0.201329,9,-0.223176,7,-0.407276,8,-0.342871,9,0.0406979,5,0.509924,8,0.461402,,,,,,,,,,,,,,,,,,
Net3,stress,311,a,straddle_min,3,89,2.07954,9.46987,22.5081,-8.37692,19,19,10,0,68,81,85,86,9,-0.190595,9,-0.586526,9,-0.344909,9,-0.163093,9,-0.633564,8,-0.345027,8,-1.14241,9,-0.263393,9,-1.56563,10,-3.14177,0.399745,0.201982,0.197763,0.386191,0.386145,4.61116e-05,0.397561,0.203608,0.193953,0.327317,0.7,0.1,1,0.9,,,,
Net3,stress,311,a,straddle_min,8,84,1.04484,6.5723,6.70403,-3.66026,18,17,4,1,69,75,80,81,9,0.509773,9,-0.436706,9,-0.649335,9,-0.0764777,9,-0.157659,7,0.0189269,6,-0.368436,8,0.135413,9,-0.648018,9,-1.98774,0.511304,0.456685,0.0546195,0.148828,0.148828,1.57151e-10,0.388408,0.158906,0.229503,0.195573,0.1,0.3,0.5,1.1,,,,
Net3,stress,311,a,straddle_min,15,77,0.574817,4.97338,2.24968,-2.50083,16,15,2,1,67,75,75,76,9,0.138108,9,-0.495228,9,-0.62503,9,-0.263409,9,-0.27987,7,0.067548,6,-0.478569,8,0.219311,6,0.0293239,5,-0.813016,0.70217,0.701502,0.000668187,0.0580582,0.0580582,2.36156e-14,0.333111,0.167559,0.165552,0.133319,0.1,0.3,0.5,1,,,,
Net3,stress,311,b,straddle_min,3,89,1.24863,8.8558,4.23922,1.55056,19,16,4,3,61,88,89,89,9,-0.853811,9,-0.347177,9,0.124485,9,0.144972,9,-0.190386,8,0.806825,8,0.402722,9,1.36058,9,1.17111,10,-1.06877,0.262874,0.120635,0.142239,0.0434111,0.0434111,2.44103e-08,0.236047,0.107794,0.128254,0.0303046,0.32,0.1,0,0.8,,,,
Net3,stress,311,b,straddle_min,8,84,1.57727,9.32558,3.45481,-4.3915,16,13,3,3,27,80,82,82,9,-1.79394,9,-1.00151,9,-0.381442,9,-0.65093,9,-0.77106,8,0.530856,8,-0.502874,7,0.969053,8,0.161328,8,-0.950977,0.0420728,0.00755435,0.0345185,0.0092608,0.0092608,6.38397e-12,0.101933,0.0621868,0.0397465,0.112785,0.16,0.1,0.5,0.75,,,,
Net3,stress,311,b,straddle_min,15,77,0.564899,4.02521,2.04053,0.46472,13,13,2,0,63,72,73,75,9,0.845708,9,-0.0734388,9,-0.18189,9,0.273768,8,0.0836982,7,-0.055332,6,0.20289,5,0.110737,7,0.296409,8,-1.03783,0.0082403,0.00442245,0.00381786,2.79068e-10,2.79068e-10,3.56691e-31,0.43554,0.0027953,0.432745,0.131435,0.16,0.3,0.5,1.1,,,,
Net3,stress,311,c,straddle_min,3,89,1.69606,9.66049,6.10677,-3.67788,19,16,4,3,61,85,86,88,9,-1.5921,9,-0.784255,9,-0.117097,9,-0.272396,9,-0.57851,8,0.503604,8,-0.201706,9,1.09951,9,0.153722,10,-1.88865,0.258073,7.2628e-05,0.258,0.0595906,0.0595905,1.92165e-08,0.248942,0.12214,0.126802,0.120665,0.16,0.3,2,1.1,15,,,
Net3,stress,311,d,straddle_min,3,89,22.3751,35.4083,43.4567,25.4435,19,0,0,19,,,,,9,-2.7065,9,-0.387581,9,1.00777,9,0.258093,9,0.343186,8,3.15457,8,2.53226,9,7.33637,9,6.48238,10,7.42293,,,,,,,,,,,,,,,,,,
Net3,stress,311,e,straddle_min,3,89,27.2203,40.6896,46.9761,36.4276,19,0,0,19,,,,,9,-0.725393,9,1.59353,9,2.98888,9,1.94448,9,0.850672,8,2.55776,8,3.40907,9,7.11256,9,7.36656,10,9.32944,,,,,,,,,,,,,,,,,,
Net3,stress,311,f,straddle_min,3,89,0.642134,5.4841,2.29422,-0.421065,19,17,2,2,,,,,9,0.038493,9,-0.23136,9,-0.540139,9,-0.219293,9,-0.223176,8,-0.461468,8,-0.342871,9,0.0406979,9,0.909371,10,0.60868,,,,,,,,,,,,,,,,,,
Net3,stress,311,c,straddle_min,8,84,0.587963,4.67936,2.51825,-1.28336,17,16,4,1,65,78,80,80,9,0.390951,9,-0.276256,9,-0.370946,9,0.0877131,9,-0.150866,7,0.197487,7,-0.231725,7,0.19602,9,0.149134,9,-1.27487,0.0239653,9.80483e-06,0.0239555,2.8274e-05,2.8274e-05,1.69968e-18,0.184267,0.0577619,0.126505,0.127702,0.16,0.3,0.5,1,17,,,
Net3,stress,311,d,straddle_min,8,84,14.2821,28.6989,28.9111,3.84665,17,0,0,17,,,,,9,-4.64986,9,-2.33093,9,-0.935583,9,-1.68526,9,-1.60017,7,1.11247,7,0.438704,7,4.09221,9,4.53903,9,4.86604,,,,,,,,,,,,,,,,,,
Net3,stress,311,e,straddle_min,8,84,16.119,29.0942,28.5124,13.9513,17,0,0,17,,,,,9,-3.96519,9,0.783582,9,2.98888,9,0.949891,9,-0.254331,7,1.15643,7,0.832353,7,4.12021,9,4.42302,9,2.91647,,,,,,,,,,,,,,,,,,
Net3,stress,311,f,straddle_min,8,84,0.576193,4.96721,1.99786,-0.167264,17,15,1,2,,,,,9,0.038493,9,-0.23136,9,-0.540139,9,-0.219293,9,-0.223176,7,-0.355405,7,-0.144932,7,0.0672941,9,0.909371,9,0.531883,,,,,,,,,,,,,,,,,,
Net3,stress,311,c,straddle_min,15,77,0.650793,5.36739,2.77675,-3.89433,13,13,2,0,56,68,72,73,9,-0.016617,9,-0.808982,9,-0.620582,9,-0.30392,8,-0.460494,7,-0.231463,6,-0.0961404,5,-0.021763,7,-0.0664619,8,-1.26791,0.00275999,3.54956e-07,0.00275964,2.93876e-10,2.93876e-10,2.11429e-31,0.0903621,0.0139632,0.0763989,0.152421,0.16,0.3,0,1.05,19,,,
Net3,stress,311,d,straddle_min,15,77,12.7014,26.0573,22.9966,-4.53075,13,0,0,13,,,,,9,-5.22947,9,-2.91054,9,-1.51519,9,-2.26487,8,-2.5019,7,0.661658,6,-0.198682,5,2.73252,7,2.69789,8,3.99783,,,,,,,,,,,,,,,,,,
Net3,stress,311,e,straddle_min,15,77,13.4774,24.473,21.2198,9.382,13,0,0,13,,,,,9,-3.96519,9,0.783582,9,2.98888,9,0.949891,8,-0.647132,7,0.947089,6,0.655178,5,1.58874,7,3.17459,8,2.90637,,,,,,,,,,,,,,,,,,
Net3,stress,311,f,straddle_min,15,77,0.442634,4.32218,1.45219,-0.0175896,13,11,0,2,,,,,9,0.038493,9,-0.23136,9,-0.540139,9,-0.219293,8,-0.161535,7,-0.355405,6,0.190783,5,0.0362314,7,0.749094,8,0.47554,,,,,,,,,,,,,,,,,,
Net3,twin,300,g,random,3,89,0.83383,6.86722,3.18006,-5.59422,14,14,9,0,70,86,88,88,10,-0.948524,9,-0.301683,9,-0.436811,9,0.12205,8,-0.0911714,9,-0.594438,9,-0.618115,9,-0.753736,9,-0.839632,8,-1.13216,0.0921007,0.0892527,0.002848,0.234827,0.0836342,0.151193,0.309453,0.260089,0.0493644,0.0263047,0.08,1,2,1.1,,,,
Net3,twin,300,f,random,3,89,0.594424,6.47379,1.73421,-0.316396,14,12,7,2,,,,,10,-0.0911906,9,0.0924101,9,-0.3996,9,0.264701,8,0.135982,9,-0.745343,9,-0.361201,9,-0.41399,9,0.852645,8,0.349189,,,,,,,,,,,,,,,,,,
Net3,twin,300,g,random,8,84,3.27944,13.7024,5.94916,9.17109,14,10,2,4,21,49,69,81,10,-1.17376,8,0.403236,9,1.15402,8,1.24171,8,1.31408,9,2.21686,9,1.40456,9,2.49684,6,0.712722,8,-0.599168,0.0526239,0.0526086,1.52352e-05,0.234838,0.234819,1.84702e-05,0.555565,0.555508,5.70686e-05,0.0339928,0.04,0.1,0,0.7,,,,
Net3,twin,300,f,random,8,84,0.568791,6.13137,1.70287,-0.658818,14,12,7,2,,,,,10,-0.0911906,8,0.0532922,9,-0.3996,8,0.217327,8,0.135982,9,-0.745343,9,-0.361201,9,-0.41399,6,0.596716,8,0.349189,,,,,,,,,,,,,,,,,,
Net3,twin,300,g,random,15,77,0.746159,6.05367,1.95791,0.649438,14,13,2,1,43,69,74,75,8,-1.03473,7,-0.126604,9,0.134856,8,0.567884,6,0.283679,9,0.673854,9,0.198828,7,0.540921,6,0.329983,8,-0.919234,0.0486101,0.048597,1.31113e-05,0.000543585,0.000543585,1.87081e-12,0.153536,0.153536,2.03077e-07,0.035511,0.08,0.1,0,0.7,,,,
Net3,twin,300,f,random,15,77,0.526838,5.64924,1.56418,-0.455405,14,12,5,2,,,,,8,-0.0748871,7,-0.0201609,9,-0.3996,8,0.217327,6,0.216701,9,-0.745343,9,-0.361201,7,-0.234146,6,0.596716,8,0.349189,,,,,,,,,,,,,,,,,,
Net3,twin,300,g,straddle_min,3,89,0.83383,6.86722,3.18006,-5.59422,14,14,9,0,70,86,88,88,10,-0.948524,9,-0.301683,9,-0.436811,9,0.12205,8,-0.0911714,9,-0.594438,9,-0.618115,9,-0.753736,9,-0.839632,8,-1.13216,0.0921007,0.0892527,0.002848,0.234827,0.0836342,0.151193,0.309453,0.260089,0.0493644,0.0263047,0.08,1,2,1.1,,,,
Net3,twin,300,f,straddle_min,3,89,0.594424,6.47379,1.73421,-0.316396,14,12,7,2,,,,,10,-0.0911906,9,0.0924101,9,-0.3996,9,0.264701,8,0.135982,9,-0.745343,9,-0.361201,9,-0.41399,9,0.852645,8,0.349189,,,,,,,,,,,,,,,,,,
Net3,twin,300,g,straddle_min,8,84,0.73821,6.56793,2.97382,-3.74824,13,13,7,0,41,67,73,74,10,0.111027,9,-0.04837,9,-0.430227,9,0.266991,8,-0.0723511,8,-0.596825,8,-0.532169,8,-0.902372,8,-0.408689,7,-1.13525,0.00916859,0.00916499,3.60469e-06,5.32428e-07,5.32302e-07,1.2561e-10,0.00475946,0.00469374,6.57239e-05,0.0638086,0.08,0.3,0,0.85,,,,
Net3,twin,300,f,straddle_min,8,84,0.53154,5.92376,1.42311,-0.373446,13,11,5,2,,,,,10,-0.0911906,9,0.0924101,9,-0.3996,9,0.264701,8,0.135982,8,-0.625381,8,-0.23467,8,-0.485677,8,0.721462,7,0.248517,,,,,,,,,,,,,,,,,,
Net3,twin,300,g,straddle_min,15,77,0.68781,5.82905,2.5083,-4.70278,9,9,7,0,58,69,71,71,10,-0.473696,9,-0.211252,9,-0.450377,9,0.0928472,8,-0.268761,7,-0.677712,7,-0.505335,8,-1.05859,6,-0.545068,4,-0.60484,0.00165449,0.00165275,1.73496e-06,1.29618e-12,1.29618e-12,3.30809e-22,0.00574068,0.00573018,1.04977e-05,0.0792501,0.08,0.3,0,0.85,,,,
Net3,twin,300,f,straddle_min,15,77,0.45843,5.23456,1.07911,-0.604854,9,8,4,1,,,,,10,-0.0911906,9,0.0924101,9,-0.3996,9,0.264701,8,0.135982,7,-0.523194,7,-0.107963,8,-0.485677,6,0.471633,4,0.038045,,,,,,,,,,,,,,,,,,
Net3,twin,301,g,random,3,89,1.30279,7.98982,2.66228,1.44606,23,20,0,3,61,85,89,89,10,-1.0174,9,0.37664,9,0.666839,9,0.379311,9,0.0187717,9,0.99095,7,-0.051105,9,0.0671903,9,-0.57029,9,0.585151,0.276482,0.114447,0.162035,0.0680962,0.0680952,9.7736e-07,0.254767,0.203809,0.0509579,0.0332774,0.08,0.3,0,1,,,,
Net3,twin,301,f,random,3,89,0.846076,7.34898,1.55075,4.92286,23,22,3,1,,,,,10,1.1468,9,0.936734,9,0.234463,9,0.89309,9,0.349395,9,0.16152,7,0.368825,9,-0.237416,9,0.542761,9,0.526689,,,,,,,,,,,,,,,,,,
Net3,twin,301,g,random,8,84,1.51812,9.7656,2.72421,7.42138,20,20,0,0,47,79,83,84,10,1.43192,9,1.37762,9,1.03197,9,1.437,9,0.757157,7,0.342978,7,0.417735,8,-0.319167,7,0.0935142,9,0.850656,0.310391,0.147949,0.162442,2.31095e-05,2.31095e-05,8.38074e-20,0.267727,0.0121146,0.255613,0.0241313,0.0025,0.3,0,1.05,,,,
Net3,twin,301,f,random,8,84,0.820324,7.05028,1.43773,4.80819,20,19,3,1,,,,,10,1.1468,9,0.936734,9,0.234463,9,0.89309,9,0.349395,7,-0.00669304,7,0.368825,8,-0.145407,7,0.504291,9,0.526689,,,,,,,,,,,,,,,,,,
Net3,twin,301,g,random,15,77,0.772887,6.56462,1.97258,4.78215,19,19,1,0,41,74,76,77,9,1.06901,9,0.912474,8,1.06062,8,0.523975,7,-0.0404168,7,0.0329327,6,0.270091,7,-0.0438025,7,0.0736328,9,0.923637,0.234499,0.188216,0.0462832,2.04207e-08,2.04207e-08,2.9291e-28,0.0332277,2.1321e-05,0.0332063,0.0140188,0.0025,0.3,0,1,,,,
Net3,twin,301,f,random,15,77,0.746849,6.43261,1.33203,4.77382,19,18,2,1,,,,,9,1.07483,9,0.936734,8,0.432375,8,0.775818,7,0.40243,7,-0.00669304,6,0.308252,7,-0.180905,7,0.504291,9,0.526689,,,,,,,,,,,,,,,,,,
Net3,twin,301,g,straddle_min,3,89,1.30279,7.98982,2.66228,1.44606,23,20,0,3,61,85,89,89,10,-1.0174,9,0.37664,9,0.666839,9,0.379311,9,0.0187717,9,0.99095,7,-0.051105,9,0.0671903,9,-0.57029,9,0.585151,0.276482,0.114447,0.162035,0.0680962,0.0680952,9.7736e-07,0.254767,0.203809,0.0509579,0.0332774,0.08,0.3,0,1,,,,
Net3,twin,301,f,straddle_min,3,89,0.846076,7.34898,1.55075,4.92286,23,22,3,1,,,,,10,1.1468,9,0.936734,9,0.234463,9,0.89309,9,0.349395,9,0.16152,7,0.368825,9,-0.237416,9,0.542761,9,0.526689,,,,,,,,,,,,,,,,,,
Net3,twin,301,g,straddle_min,8,84,0.728088,6.46275,3.24328,0.713495,18,18,1,0,58,79,83,83,10,0.20582,9,0.187413,9,0.0786361,9,0.878027,9,0.67718,8,0.371703,7,-0.13546,8,-0.553973,8,-0.725866,7,-0.269987,0.247921,0.121236,0.126685,4.13903e-05,4.13903e-05,4.51476e-14,0.092999,0.029288,0.063711,0.0296961,0.08,0.3,0,1,,,,
Net3,twin,301,f,straddle_min,8,84,0.812025,6.97046,1.25446,4.54434,18,18,3,0,,,,,10,1.1468,9,0.936734,9,0.234463,9,0.89309,9,0.349395,8,0.111644,7,0.368825,8,-0.273095,8,0.411821,7,0.364668,,,,,,,,,,,,,,,,,,
Net3,twin,301,g,straddle_min,15,77,1.64609,9.90522,3.1372,7.45276,11,10,0,1,32,56,74,77,10,1.34833,9,1.58801,9,0.652858,9,1.65943,9,1.26292,8,0.964254,7,0.455236,7,-0.125361,5,0.0436665,4,-0.396592,0.284672,0.283885,0.000787074,5.81624e-12,5.81624e-12,6.77806e-29,0.0994013,0.0583039,0.0410974,0.00734791,0.0025,0.3,0,1,,,,
Net3,twin,301,f,straddle_min,15,77,0.789429,6.62038,1.02777,4.37828,11,11,3,0,,,,,10,1.1468,9,0.936734,9,0.234463,9,0.89309,9,0.349395,8,0.111644,7,0.368825,7,-0.181086,5,0.304104,4,0.214314,,,,,,,,,,,,,,,,,,
Net3,twin,302,g,random,3,89,6.66565,21.9453,9.90154,-21.7559,14,14,11,0,16,34,48,57,10,-2.81867,8,-2.07577,9,-1.91397,8,-2.71217,9,-2.60668,8,-1.90534,9,-2.83344,9,-1.79806,9,-1.62636,10,-1.46547,0.263094,0.118233,0.144861,0.0467867,0.0455239,0.00126275,0.280243,0.279137,0.00110588,0.0311419,0.01,0.3,1,0.8,,,,
Net3,twin,302,f,random,3,89,1.95954,10.2292,4.71806,0.550307,14,5,6,9,,,,,10,0.296947,8,0.328372,9,-0.268138,8,-0.125699,9,0.367201,8,-0.831388,9,-0.891122,9,-1.03832,9,0.0321333,10,2.68032,,,,,,,,,,,,,,,,,,
Net3,twin,302,g,random,8,84,3.12722,13.6485,6.23919,-12.275,14,14,10,0,32,53,61,69,9,-0.428104,7,-1.22193,8,-1.28629,8,-0.781802,9,-1.56258,8,-1.43307,8,-1.91521,8,-1.46627,9,-1.05566,10,-1.12407,0.241719,0.128106,0.113613,0.0132938,0.0132936,1.77208e-07,0.133378,0.133166,0.00021197,0.0269608,0.0025,0.3,2,0.9,,,,
Net3,twin,302,f,random,8,84,1.93197,9.92953,4.69084,0.784078,14,5,6,9,,,,,9,0.342004,7,0.319969,8,-0.16957,8,-0.125699,9,0.367201,8,-0.831388,8,-0.768027,8,-1.06287,9,0.0321333,10,2.68032,,,,,,,,,,,,,,,,,,
Net3,twin,302,g,random,15,77,1.61077,9.45292,4.15383,-7.91831,14,13,9,1,25,39,46,53,8,-0.306924,5,-0.323055,6,-0.774896,8,-0.85638,8,-0.470193,8,-1.32047,7,-1.19953,8,-1.39119,9,-0.497077,10,-0.778596,0.201175,0.14781,0.0533644,7.34898e-07,7.34898e-07,6.84256e-14,3.09124e-05,7.54129e-06,2.33711e-05,0.0202702,0.08,0.3,2,0.95,,,,
Net3,twin,302,f,random,15,77,1.87019,9.40715,4.64155,0.672551,14,5,6,9,,,,,8,0.366651,5,0.240729,6,-0.380432,8,-0.125699,8,0.340349,8,-0.831388,7,-0.587246,8,-1.06287,9,0.0321333,10,2.68032,,,,,,,,,,,,,,,,,,
Net3,twin,302,g,straddle_min,3,89,6.66565,21.9453,9.90154,-21.7559,14,14,11,0,16,34,48,57,10,-2.81867,8,-2.07577,9,-1.91397,8,-2.71217,9,-2.60668,8,-1.90534,9,-2.83344,9,-1.79806,9,-1.62636,10,-1.46547,0.263094,0.118233,0.144861,0.0467867,0.0455239,0.00126275,0.280243,0.279137,0.00110588,0.0311419,0.01,0.3,1,0.8,,,,
Net3,twin,302,f,straddle_min,3,89,1.95954,10.2292,4.71806,0.550307,14,5,6,9,,,,,10,0.296947,8,0.328372,9,-0.268138,8,-0.125699,9,0.367201,8,-0.831388,9,-0.891122,9,-1.03832,9,0.0321333,10,2.68032,,,,,,,,,,,,,,,,,,
Net3,twin,302,g,straddle_min,8,84,7.64734,21.8705,9.35619,-21.7979,11,11,6,0,11,19,32,47,10,-3.62611,8,-2.47936,9,-1.77495,8,-2.78857,9,-2.81942,8,-1.60769,8,-2.49226,8,-1.19626,7,-1.79087,9,-1.22244,0.0762102,0.0647934,0.0114167,0.000237328,0.000237328,1.83685e-13,0.611115,0.609617,0.0014985,0.0454643,0.08,0.1,2,0.65,,,,
Net3,twin,302,f,straddle_min,8,84,1.68931,9.37489,3.86755,-0.0691183,11,3,6,8,,,,,10,0.296947,8,0.328372,9,-0.268138,8,-0.125699,9,0.367201,8,-0.831388,8,-0.898212,8,-0.920876,7,-0.242703,9,2.22538,,,,,,,,,,,,,,,,,,
Net3,twin,302,g,straddle_min,15,77,5.93933,16.9314,4.70301,-15.9839,6,6,1,0,10,37,54,66,10,-3.78792,8,-2.24733,9,-1.35726,8,-2.53827,9,-2.56057,8,-0.790702,8,-1.55629,7,0.128767,5,-0.908038,5,-0.366299,0.232419,0.232419,6.31251e-09,8.95363e-10,8.95363e-10,1.68678e-27,0.809347,0.790264,0.0190832,0.0086248,0.0025,0.1,2,0.65,,,,
Net3,twin,302,f,straddle_min,15,77,1.20126,7.80857,2.55195,-0.811005,6,1,4,5,,,,,10,0.296947,8,0.328372,9,-0.268138,8,-0.125699,9,0.367201,8,-0.831388,8,-0.898212,7,-0.632545,5,-0.329768,5,1.28223,,,,,,,,,,,,,,,,,,
Net3,twin,303,g,random,3,89,0.618605,5.64723,1.81957,-1.15763,15,11,4,4,73,88,89,89,10,0.396618,9,-0.472804,9,-0.321652,8,-0.0997732,9,-0.53524,9,0.307411,9,-0.0179678,8,0.262828,8,-0.000815715,10,-0.676237,0.184404,0.166807,0.0175969,0.0122006,0.01219,1.06357e-05,0.267685,0.00729227,0.260393,0.0155414,0.02,0.3,0,1.1,,,,
Net3,twin,303,f,random,3,89,1.99192,10.1745,3.74237,6.69183,15,5,1,10,,,,,10,1.2899,9,0.68502,9,-0.251251,8,0.7028,9,0.660961,9,0.313791,9,0.331527,8,0.203649,8,-0.0138518,10,2.76928,,,,,,,,,,,,,,,,,,
Net3,twin,303,g,random,8,84,0.870829,6.83436,1.84279,-4.05878,15,13,4,2,57,76,81,81,9,0.0116059,9,-0.753947,8,-0.647979,8,-0.295206,9,-0.908262,7,-0.21225,8,-0.347892,8,0.151099,8,-0.256544,10,-0.799404,0.186733,0.178156,0.00857672,0.000300931,0.000300931,8.51836e-16,0.212611,0.000297473,0.212314,0.0138179,0.08,0.3,2,1.1,,,,
Net3,twin,303,f,random,8,84,1.93828,9.78575,3.70166,6.58346,15,5,1,10,,,,,9,1.08909,9,0.68502,8,-0.154268,8,0.7028,9,0.660961,7,0.269009,8,0.371765,8,0.203649,8,-0.0138518,10,2.76928,,,,,,,,,,,,,,,,,,
Net3,twin,303,g,random,15,77,0.897095,6.88666,1.52741,-5.2715,12,11,5,1,44,60,65,71,7,-0.430367,9,-1.10867,7,-0.94729,8,-0.632351,9,-0.895112,6,-0.153208,8,-0.321115,8,-0.0160219,5,-0.0390733,10,-0.728292,0.194691,0.193832,0.000858553,5.90966e-09,5.90966e-09,1.00484e-28,0.0802594,2.9648e-08,0.0802594,0.0119119,0.0025,0.3,1,1,,,,
Net3,twin,303,f,random,15,77,1.75635,8.79846,3.24912,6.03775,12,4,1,8,,,,,7,0.700794,9,0.68502,7,-0.052984,8,0.7028,9,0.660961,6,0.264221,8,0.371765,8,0.203649,5,-0.267756,10,2.76928,,,,,,,,,,,,,,,,,,
Net3,twin,303,g,straddle_min,3,89,0.618605,5.64723,1.81957,-1.15763,15,11,4,4,73,88,89,89,10,0.396618,9,-0.472804,9,-0.321652,8,-0.0997732,9,-0.53524,9,0.307411,9,-0.0179678,8,0.262828,8,-0.000815715,10,-0.676237,0.184404,0.166807,0.0175969,0.0122006,0.01219,1.06357e-05,0.267685,0.00729227,0.260393,0.0155414,0.02,0.3,0,1.1,,,,
Net3,twin,303,f,straddle_min,3,89,1.99192,10.1745,3.74237,6.69183,15,5,1,10,,,,,10,1.2899,9,0.68502,9,-0.251251,8,0.7028,9,0.660961,9,0.313791,9,0.331527,8,0.203649,8,-0.0138518,10,2.76928,,,,,,,,,,,,,,,,,,
Net3,twin,303,g,straddle_min,8,84,2.70709,12.426,4.11935,-9.42383,12,10,4,2,65,81,82,83,10,-2.24603,9,-1.78323,9,-1.15819,8,-0.826103,9,-1.3915,9,0.278568,8,-0.151028,7,-0.122869,7,-1.056,8,-0.967448,0.0716854,0.0466811,0.0250043,0.00223929,0.00223929,8.42431e-10,0.136064,0.00942916,0.126634,0.0654149,0.16,0.1,2,0.8,,,,
Net3,twin,303,f,straddle_min,8,84,1.52499,8.70039,2.4678,5.21774,12,5,1,7,,,,,10,1.2899,9,0.68502,9,-0.251251,8,0.7028,9,0.660961,9,0.313791,8,0.0315758,7,-0.0696283,7,-0.17664,8,2.03121,,,,,,,,,,,,,,,,,,
Net3,twin,303,g,straddle_min,15,77,0.746265,6.02556,0.770491,-0.225842,8,8,0,0,72,77,77,77,10,0.735621,9,-0.19746,9,-0.286872,8,-0.36678,9,0.176588,9,0.0695746,8,-0.17096,7,0.134623,4,-0.446628,4,0.126452,0.195684,0.195593,9.1664e-05,2.16331e-07,2.16331e-07,2.23055e-19,0.530603,0.000268429,0.530335,0.0110517,0.02,0.3,0,1.1,,,,
Net3,twin,303,f,straddle_min,15,77,1.09056,7.18138,1.4723,3.89008,8,3,1,5,,,,,10,1.2899,9,0.68502,9,-0.251251,8,0.7028,9,0.660961,9,0.313791,8,0.0315758,7,-0.0696283,4,-0.291593,4,0.818501,,,,,,,,,,,,,,,,,,
Net3,twin,304,g,random,3,89,1.77108,10.5408,3.60279,-3.60719,14,11,6,3,52,82,87,87,10,-0.982567,7,-0.65747,9,-0.0656337,9,-0.574271,8,0.0042315,9,0.684523,9,-0.28128,9,0.723761,9,-1.82172,10,-0.63677,0.240912,0.128642,0.11227,0.225245,0.215332,0.00991344,0.282048,0.275084,0.00696449,0.0267668,0.16,0.3,2,0.9,,,,
Net3,twin,304,f,random,3,89,2.2941,11.8722,6.00076,-7.48991,14,8,15,6,,,,,10,0.309661,7,-0.783279,9,-1.23005,9,-0.546125,8,-0.31647,9,-1.70814,9,-1.20088,9,-1.41136,9,-1.71607,10,1.1128,,,,,,,,,,,,,,,,,,
Net3,twin,304,g,random,8,84,2.79548,13.0928,7.67329,-12.7501,14,14,11,0,29,54,69,70,10,-1.12089,6,-1.22435,9,-1.54045,8,-0.946202,7,-0.452279,8,-1.02658,9,-1.41409,8,-1.01678,9,-2.54841,10,-1.46003,0.246718,0.126703,0.120014,0.0139299,0.0139295,3.67283e-07,0.0415089,0.0414373,7.16613e-05,0.0276188,0.02,0.3,1,0.85,,,,
Net3,twin,304,f,random,8,84,2.23309,11.4501,5.76281,-7.06777,14,8,13,6,,,,,10,0.309661,6,-0.752162,9,-1.23005,8,-0.487338,7,-0.301366,8,-1.49445,9,-1.20088,8,-1.30791,9,-1.71607,10,1.1128,,,,,,,,,,,,,,,,,,
Net3,twin,304,g,random,15,77,1.68397,9.72245,5.25308,-8.2803,14,14,9,0,21,48,58,64,9,-0.0307605,6,-0.961031,9,-1.12475,7,-0.373688,6,-0.203629,8,-0.966528,8,-0.871597,8,-0.994272,6,-1.38614,10,-1.36791,0.195116,0.193001,0.00211539,1.78119e-05,1.78119e-05,5.97285e-16,0.000933349,0.000930171,3.17749e-06,0.0118488,0.0025,0.3,0.5,0.9,,,,
Net3,twin,304,f,random,15,77,2.05392,10.6202,4.95599,-6.23792,14,8,11,6,,,,,9,0.420923,6,-0.752162,9,-1.23005,7,-0.440782,6,-0.28316,8,-1.49445,8,-1.09978,8,-1.30791,6,-1.16335,10,1.1128,,,,,,,,,,,,,,,,,,
Net3,twin,304,g,straddle_min,3,89,1.77108,10.5408,3.60279,-3.60719,14,11,6,3,52,82,87,87,10,-0.982567,7,-0.65747,9,-0.0656337,9,-0.574271,8,0.0042315,9,0.684523,9,-0.28128,9,0.723761,9,-1.82172,10,-0.63677,0.240912,0.128642,0.11227,0.225245,0.215332,0.00991344,0.282048,0.275084,0.00696449,0.0267668,0.16,0.3,2,0.9,,,,
Net3,twin,304,f,straddle_min,3,89,2.2941,11.8722,6.00076,-7.48991,14,8,15,6,,,,,10,0.309661,7,-0.783279,9,-1.23005,9,-0.546125,8,-0.31647,9,-1.70814,9,-1.20088,9,-1.41136,9,-1.71607,10,1.1128,,,,,,,,,,,,,,,,,,
Net3,twin,304,g,straddle_min,8,84,1.63497,9.61813,7.29127,-6.70124,11,9,5,2,26,51,70,73,10,-1.05971,7,-0.740774,9,-0.496216,9,-0.699138,8,-0.224731,9,-0.123729,9,-0.78772,9,0.145691,7,-1.50433,7,-1.21058,0.258993,0.118908,0.140085,0.0116634,0.0116634,2.97595e-11,0.0877099,0.087621,8.88135e-05,0.0307859,0.02,0.1,2,0.7,,,,
Net3,twin,304,f,straddle_min,8,84,1.9892,10.6622,4.63966,-7.54303,11,8,13,3,,,,,10,0.309661,7,-0.783279,9,-1.23005,9,-0.546125,8,-0.31647,9,-1.70814,9,-1.20088,9,-1.41136,7,-1.13763,7,0.481234,,,,,,,,,,,,,,,,,,
Net3,twin,304,g,straddle_min,15,77,1.99007,10.3416,7.59024,-7.79911,6,6,3,0,18,44,56,67,10,-1.74338,7,-0.84632,9,-0.82675,9,-0.99694,8,-0.515632,9,0.0249639,8,-0.592862,8,-0.0446956,5,-1.2226,4,-1.0349,0.201493,0.200327,0.00116679,1.87322e-07,1.87322e-07,3.38282e-28,0.222526,0.222517,8.04418e-06,0.0114936,0.01,0.1,2,0.7,,,,
Net3,twin,304,f,straddle_min,15,77,1.81295,9.78009,3.599,-6.71014,6,3,11,3,,,,,10,0.309661,7,-0.783279,9,-1.23005,9,-0.546125,8,-0.31647,9,-1.70814,8,-0.953914,8,-1.248,5,-0.902225,4,0.668388,,,,,,,,,,,,,,,,,,
Net3,twin,305,g,random,3,89,1.58311,9.14769,5.34234,-1.25924,15,10,7,5,63,82,86,89,10,-1.10069,9,-0.536749,9,0.324404,9,0.0131432,8,-0.143534,9,1.23848,9,0.0889822,8,0.861359,9,0.0913236,9,-2.09596,0.261252,0.11849,0.142762,0.119326,0.119321,5.02046e-06,0.201002,0.158064,0.0429375,0.0310749,0.32,0.1,2,0.8,,,,
Net3,twin,305,f,random,3,89,0.678138,5.53201,1.72873,0.975782,15,15,4,0,,,,,10,0.458355,9,-0.393121,9,-0.132933,9,0.399767,8,-0.0768452,9,0.0402806,9,0.116187,8,-0.135955,9,0.719501,9,-0.0194558,,,,,,,,,,,,,,,,,,
Net3,twin,305,g,random,8,84,1.50963,8.29231,4.80611,3.38615,15,9,5,6,56,78,81,83,9,-0.494813,9,0.108485,8,0.758677,9,0.663074,7,0.332229,9,1.57322,9,0.638289,7,0.880666,9,0.580186,8,-1.65387,0.140075,0.132974,0.00710098,0.0219595,0.0219595,9.57408e-13,0.0156694,0.0101092,0.00556013,0.0192573,0.04,0.1,0,0.8,,,,
Net3,twin,305,f,random,8,84,0.586621,4.94522,1.33129,1.20441,15,15,3,0,,,,,9,0.319778,9,-0.393121,8,-0.0368282,9,0.399767,7,-0.117353,9,0.0402806,9,0.116187,7,-0.0604243,9,0.719501,8,0.216619,,,,,,,,,,,,,,,,,,
Net3,twin,305,g,random,15,77,0.828347,6.00839,2.64723,-0.502647,14,12,5,2,53,74,76,76,8,-0.533981,7,-0.291396,7,0.206981,8,0.0846412,6,-0.248825,9,0.940626,9,0.122921,7,0.388159,8,0.219148,8,-1.39092,0.141713,0.137064,0.00464913,0.00191408,0.00191408,4.42989e-22,0.000806224,0.000368744,0.00043748,0.0177436,0.04,0.3,0.5,0.95,,,,
Net3,twin,305,f,random,15,77,0.579584,4.76015,1.32431,1.18663,14,14,3,0,,,,,8,0.357238,7,-0.395452,7,-0.0946946,8,0.368454,6,-0.0850977,9,0.0402806,9,0.116187,7,-0.0604243,8,0.72352,8,0.216619,,,,,,,,,,,,,,,,,,
Net3,twin,305,g,straddle_min,3,89,1.58311,9.14769,5.34234,-1.25924,15,10,7,5,63,82,86,89,10,-1.10069,9,-0.536749,9,0.324404,9,0.0131432,8,-0.143534,9,1.23848,9,0.0889822,8,0.861359,9,0.0913236,9,-2.09596,0.261252,0.11849,0.142762,0.119326,0.119321,5.02046e-06,0.201002,0.158064,0.0429375,0.0310749,0.32,0.1,2,0.8,,,,
Net3,twin,305,f,straddle_min,3,89,0.678138,5.53201,1.72873,0.975782,15,15,4,0,,,,,10,0.458355,9,-0.393121,9,-0.132933,9,0.399767,8,-0.0768452,9,0.0402806,9,0.116187,8,-0.135955,9,0.719501,9,-0.0194558,,,,,,,,,,,,,,,,,,
Net3,twin,305,g,straddle_min,8,84,1.91393,10.4632,2.7699,-1.98866,14,7,3,7,20,38,50,67,10,-2.18888,9,-1.11842,9,-0.0413374,9,-0.622382,8,-0.552596,9,1.49917,9,0.116642,7,0.90056,9,0.445329,5,-0.426743,0.184532,0.184373,0.000158557,0.00167857,0.00167856,1.08655e-08,0.0630924,0.0621409,0.000951492,0.0112232,0.0025,0.1,2,0.7,,,,
Net3,twin,305,f,straddle_min,8,84,0.652054,5.194,1.61362,0.855913,14,14,4,0,,,,,10,0.458355,9,-0.393121,9,-0.132933,9,0.399767,8,-0.0768452,9,0.0402806,9,0.116187,7,-0.0268826,9,0.719501,5,-0.248396,,,,,,,,,,,,,,,,,,
Net3,twin,305,g,straddle_min,15,77,2.06144,10.2318,2.38888,-5.12023,8,5,2,3,17,28,32,33,10,-2.5403,9,-1.43619,9,-0.356112,9,-0.91572,8,-0.836379,9,1.10058,7,-0.317959,7,0.777083,6,-0.171141,3,-0.424095,0.257351,0.257284,6.72276e-05,1.10365e-06,1.10365e-06,3.16905e-28,0.0539286,0.0528779,0.00105068,0.00763114,0.0025,0.1,2,0.7,,,,
Net3,twin,305,f,straddle_min,15,77,0.638906,4.95012,1.4987,0.674409,8,8,4,0,,,,,10,0.458355,9,-0.393121,9,-0.132933,9,0.399767,8,-0.0768452,9,0.0402806,7,0.0164785,7,-0.0268826,6,0.621575,3,-0.232266,,,,,,,,,,,,,,,,,,
Net3,twin,306,g,random,3,89,0.945086,7.37233,4.77237,-0.0738998,23,20,1,3,57,88,89,89,10,-0.839078,9,-0.279939,8,0.405692,9,-0.316153,8,-0.802393,9,0.756916,9,-0.0619687,9,0.26229,9,-0.213759,9,1.01449,0.268203,0.116396,0.151808,0.083535,0.0835258,9.16237e-06,0.273876,0.267091,0.00678515,0.0321235,0.32,0.3,2,0.95,,,,
Net3,twin,306,f,random,3,89,1.68764,7.65969,14.3171,1.88533,23,18,5,5,,,,,10,0.519318,9,-0.237743,8,-0.0653988,9,0.0177009,8,-0.536246,9,-0.384453,9,-0.15498,9,-0.54337,9,0.316916,9,2.95358,,,,,,,,,,,,,,,,,,
Net3,twin,306,g,random,8,84,0.474798,4.99227,3.82312,-0.523951,22,20,2,2,57,81,84,84,9,0.24649,9,-0.260717,7,0.12776,8,-0.297479,8,-0.686625,9,0.16694,8,-0.251718,9,-0.297535,8,-0.209147,9,0.938079,0.242749,0.130182,0.112568,0.00440533,0.00440533,1.53259e-11,0.0771166,0.0769069,0.000209647,0.0264049,0.0025,0.3,0.5,0.9,,,,
Net3,twin,306,f,random,8,84,1.67368,7.44032,14.2777,1.95807,22,17,4,5,,,,,9,0.477513,9,-0.237743,7,-0.0144583,8,-0.013807,8,-0.536246,9,-0.384453,8,-0.0621445,9,-0.54337,8,0.319194,9,2.95358,,,,,,,,,,,,,,,,,,
Net3,twin,306,g,random,15,77,0.585725,5.30278,3.083,-1.27463,22,20,1,2,43,64,70,75,9,-0.0699516,9,-0.413112,7,0.191784,7,-0.521714,7,-0.826244,7,0.31776,8,-0.25626,7,-0.139106,7,-0.309339,9,0.751556,0.146478,0.0902723,0.056206,1.76076e-05,1.76076e-05,4.27312e-20,0.106701,0.106697,3.45733e-06,0.0360212,0.16,0.3,0,0.9,,,,
Net3,twin,306,f,random,15,77,1.6403,6.99273,14.2268,2.06169,22,17,2,5,,,,,9,0.477513,9,-0.237743,7,-0.0144583,7,-0.067983,7,-0.454954,7,-0.286048,8,-0.0621445,7,-0.447462,7,0.201385,9,2.95358,,,,,,,,,,,,,,,,,,
Net3,twin,306,g,straddle_min,3,89,0.945086,7.37233,4.77237,-0.0738998,23,20,1,3,57,88,89,89,10,-0.839078,9,-0.279939,8,0.405692,9,-0.316153,8,-0.802393,9,0.756916,9,-0.0619687,9,0.26229,9,-0.213759,9,1.01449,0.268203,0.116396,0.151808,0.083535,0.0835258,9.16237e-06,0.273876,0.267091,0.00678515,0.0321235,0.32,0.3,2,0.95,,,,
Net3,twin,306,f,straddle_min,3,89,1.68764,7.65969,14.3171,1.88533,23,18,5,5,,,,,10,0.519318,9,-0.237743,8,-0.0653988,9,0.0177009,8,-0.536246,9,-0.384453,9,-0.15498,9,-0.54337,9,0.316916,9,2.95358,,,,,,,,,,,,,,,,,,
Net3,twin,306,g,straddle_min,8,84,0.83178,7.28059,2.90593,-6.39187,20,20,4,0,35,64,76,84,10,-0.236942,9,-0.584796,8,-0.522351,9,-0.689582,8,-1.06991,9,-0.822201,9,-0.938735,7,-0.755752,9,-0.784637,6,0.0130332,0.233653,0.110945,0.122708,8.74896e-05,8.74862e-05,3.32427e-09,0.0259038,0.0256019,0.000301844,0.0322898,0.16,0.3,1,0.9,,,,
Net3,twin,306,f,straddle_min,8,84,0.867296,5.86614,7.90978,0.673502,20,18,3,2,,,,,10,0.519318,9,-0.237743,8,-0.0653988,9,0.0177009,8,-0.536246,9,-0.384453,9,-0.15498,7,-0.252508,9,0.316916,6,1.4509,,,,,,,,,,,,,,,,,,
Net3,twin,306,g,straddle_min,15,77,0.74646,6.38723,1.02275,-4.88671,15,15,1,0,45,64,68,71,10,-0.669589,9,-0.804747,8,-0.400913,9,-0.978443,8,-1.16818,7,-0.116682,9,-0.61333,6,-0.0883581,7,-0.217351,4,0.170881,0.13542,0.130116,0.00530429,1.93823e-09,1.93823e-09,6.37269e-21,0.328506,0.328492,1.36011e-05,0.0179456,0.04,0.3,0,0.9,,,,
Net3,twin,306,f,straddle_min,15,77,0.375924,4.44298,3.1658,-0.232628,15,15,2,0,,,,,10,0.519318,9,-0.237743,8,-0.0653988,9,0.0177009,8,-0.536246,7,-0.441825,9,-0.15498,6,-0.192036,7,0.332985,4,0.525598,,,,,,,,,,,,,,,,,,
Net3,twin,307,g,random,3,89,3.6243,14.8365,8.2484,-2.06758,6,5,8,1,36,73,85,86,10,-1.59262,8,-0.925938,8,0.672967,8,-0.285504,9,-0.534948,9,1.15129,9,0.160282,9,1.68907,9,0.798694,10,-3.20087,0.236128,0.132169,0.103959,0.253545,0.253509,3.5987e-05,0.0364477,0.0162632,0.0201845,0.0255487,0.0025,0.03,2,0.75,,,,
Net3,twin,307,f,random,3,89,0.526629,5.24632,1.14332,0.25873,6,6,4,0,,,,,10,0.531999,8,0.181352,8,-0.0245017,8,0.00159829,9,-0.137881,9,-0.473275,9,-0.283641,9,-0.388923,9,0.682511,10,0.169491,,,,,,,,,,,,,,,,,,
Net3,twin,307,g,random,8,84,2.29429,11.8859,4.5574,0.322446,6,5,4,1,26,69,79,81,10,-1.02473,7,-0.440033,7,0.292967,7,-0.124337,9,-0.608303,9,1.12949,9,0.325808,8,1.57846,9,0.936732,9,-1.74361,0.262923,0.221647,0.0412759,0.0554275,0.0554275,3.60092e-10,0.0199344,0.00267776,0.0172566,0.0116179,0.0025,0.1,2,0.8,,,,
Net3,twin,307,f,random,8,84,0.509198,5.06698,1.09924,0.363802,6,6,4,0,,,,,10,0.531999,7,0.195327,7,-0.0257522,7,-0.024936,9,-0.137881,9,-0.473275,9,-0.283641,8,-0.260695,9,0.682511,9,0.160146,,,,,,,,,,,,,,,,,,
Net3,twin,307,g,random,15,77,0.734015,5.33351,1.74984,-0.651196,5,4,1,1,53,64,69,74,9,0.0211141,6,-0.183666,7,0.0974986,7,-0.0781903,9,-0.239286,7,0.0825503,9,0.103129,8,-0.0073579,8,0.667106,7,-1.11409,0.28436,0.284353,6.71477e-06,2.27123e-05,2.27123e-05,2.66577e-18,0.0266521,1.82817e-07,0.0266519,0.00680876,0.0025,0.3,2,1,,,,
Net3,twin,307,f,random,15,77,0.47831,4.71973,1.08165,0.196411,5,5,4,0,,,,,9,0.385085,6,0.161094,7,-0.0257522,7,-0.024936,9,-0.137881,7,-0.406404,9,-0.283641,8,-0.260695,8,0.640945,7,0.148596,,,,,,,,,,,,,,,,,,
Net3,twin,307,g,straddle_min,3,89,3.6243,14.8365,8.2484,-2.06758,6,5,8,1,36,73,85,86,10,-1.59262,8,-0.925938,8,0.672967,8,-0.285504,9,-0.534948,9,1.15129,9,0.160282,9,1.68907,9,0.798694,10,-3.20087,0.236128,0.132169,0.103959,0.253545,0.253509,3.5987e-05,0.0364477,0.0162632,0.0201845,0.0255487,0.0025,0.03,2,0.75,,,,
Net3,twin,307,f,straddle_min,3,89,0.526629,5.24632,1.14332,0.25873,6,6,4,0,,,,,10,0.531999,8,0.181352,8,-0.0245017,8,0.00159829,9,-0.137881,9,-0.473275,9,-0.283641,9,-0.388923,9,0.682511,10,0.169491,,,,,,,,,,,,,,,,,,
Net3,twin,307,g,straddle_min,8,84,11.6542,26.8511,11.1018,-26.1882,6,6,8,0,15,29,32,34,10,-5.19774,8,-3.54823,8,-2.64008,8,-3.57414,9,-4.03136,9,-1.9965,9,-2.39524,8,-0.884215,9,-0.631382,6,-1.28933,0.208292,0.208039,0.000252565,0.0124684,0.0124684,3.9497e-09,0.0366951,0.00767618,0.0290189,0.00998601,0.02,0.3,2,1,,,,
Net3,twin,307,f,straddle_min,8,84,0.481801,4.8431,1.02948,0.449157,6,6,4,0,,,,,10,0.531999,8,0.181352,8,-0.0245017,8,0.00159829,9,-0.137881,9,-0.473275,9,-0.283641,8,-0.260695,9,0.682511,6,0.23169,,,,,,,,,,,,,,,,,,
Net3,twin,307,g,straddle_min,15,77,1.32068,8.35481,2.53059,-7.38938,5,5,6,0,41,67,70,74,10,-0.801541,8,-1.05182,8,-0.846435,8,-0.801407,9,-0.99778,9,-0.928661,8,-1.04062,7,-0.438766,6,0.155,4,-0.63735,0.190041,0.190041,2.08443e-09,5.43888e-08,5.43888e-08,3.87242e-19,0.0257822,2.3071e-05,0.0257591,0.010182,0.02,0.3,1,1,,,,
Net3,twin,307,f,straddle_min,15,77,0.450584,4.47115,0.77986,0.125141,5,5,3,0,,,,,10,0.531999,8,0.181352,8,-0.0245017,8,0.00159829,9,-0.137881,9,-0.473275,8,-0.340196,7,-0.302644,6,0.544323,4,0.144366,,,,,,,,,,,,,,,,,,
Net3,fm3,300,c,random,3,89,1.40908,8.49523,4.16511,-7.51283,20,20,4,0,65,82,84,89,10,-1.72577,9,-0.620253,9,-0.664725,9,-0.0190978,8,-0.244174,9,-0.725179,9,-0.81582,9,-0.733773,9,-0.898193,8,-1.06584,0.00621673,0.00101445,0.00520228,0.257141,0.0782064,0.178934,0.302624,0.258911,0.0437133,0.0762005,0.08,0.3,2,0.75,18,15,15,3
Net3,fm3,300,c,random,8,84,3.63864,14.3362,7.29285,9.04035,20,13,0,7,21,45,63,73,10,-1.50907,8,0.542272,9,1.15277,8,1.40495,8,1.4736,9,2.12036,9,1.31807,9,2.48967,6,0.667997,8,-0.620269,0.000813831,0.000263876,0.000549955,0.282137,0.282126,1.11083e-05,0.472375,0.472273,0.000102328,0.0961085,0.08,0.03,0,0.65,11,15,11,0
Net3,fm3,300,c,random,15,77,0.67942,5.9073,3.03337,-1.85321,18,17,2,1,37,61,69,72,8,-0.552628,7,-0.0931084,9,-0.421309,8,0.586138,6,0.44107,9,-0.0247344,9,-0.199775,7,-0.343448,6,-0.0628889,8,-1.18252,0.000795419,0.00023152,0.000563899,2.92827e-05,2.92827e-05,7.23552e-12,0.00214522,0.00211842,2.68001e-05,0.123742,0.16,0.3,0,0.9,18,15,15,3
Net3,fm3,300,c,straddle_min,3,89,1.40908,8.49523,4.16511,-7.51283,20,20,4,0,65,82,84,89,10,-1.72577,9,-0.620253,9,-0.664725,9,-0.0190978,8,-0.244174,9,-0.725179,9,-0.81582,9,-0.733773,9,-0.898193,8,-1.06584,0.00621673,0.00101445,0.00520228,0.257141,0.0782064,0.178934,0.302624,0.258911,0.0437133,0.0762005,0.08,0.3,2,0.75,18,15,15,3
Net3,fm3,300,c,straddle_min,8,84,0.898564,6.99292,3.89288,-5.31915,19,19,2,0,34,66,69,79,10,-0.401549,9,-0.291973,9,-0.730109,9,-0.120273,8,-0.269891,7,-0.482803,7,-0.619363,8,-0.692766,9,-0.475783,8,-1.23464,0.00143214,9.61882e-05,0.00133595,2.42972e-07,2.42972e-07,2.44439e-13,0.0330555,0.0330227,3.28186e-05,0.128433,0.16,0.3,0,0.9,18,15,15,3
Net3,fm3,300,c,straddle_min,15,77,1.11923,7.5439,3.42793,-2.13024,15,15,3,0,53,65,71,72,10,-0.835835,9,0.134365,9,0.813411,9,0.531278,7,-0.19867,7,-0.506573,7,-0.470052,8,-0.896017,5,-0.0319734,6,-0.670173,0.000816329,0.000807589,8.73972e-06,2.37387e-13,2.37387e-13,7.12286e-21,0.000150504,0.000127481,2.30234e-05,0.0691883,0.08,0.3,0,0.85,17,15,14,3
Net3,fm3,301,c,random,3,89,1.62469,9.52228,5.83902,4.07193,24,20,0,4,52,80,87,89,10,-1.00786,9,0.546635,9,0.764893,9,0.571985,9,0.19754,9,1.21568,7,0.217733,9,0.227275,9,-0.0734839,9,1.41153,0.0358002,0.0111601,0.02464,0.0602315,0.0602303,1.21164e-06,0.239314,0.196165,0.043149,0.0324932,0.04,0.3,0.5,1,11,13,9,2
Net3,fm3,301,c,random,8,84,2.06451,11.1635,6.38343,9.59521,21,20,0,1,33,63,81,84,10,1.30693,9,1.61097,9,1.15653,9,1.67319,9,0.961599,7,0.409677,7,0.630208,8,-0.198276,7,0.360822,9,1.68355,0.0321693,0.0149675,0.0172018,4.21556e-06,4.21556e-06,9.11077e-20,0.376533,0.00915118,0.367382,0.0254691,0.02,0.3,0,1.05,12,13,7,5
Net3,fm3,301,c,random,15,77,0.951284,7.14207,3.91426,5.8509,20,20,0,0,34,70,75,76,9,0.871253,9,1.13009,8,1.19919,8,0.659606,7,0.0128631,7,0.123842,6,0.301393,7,0.053217,7,0.231492,9,1.26795,0.0175901,0.015579,0.00201103,6.05006e-10,6.05006e-10,2.96872e-28,0.127289,3.85119e-06,0.127285,0.0237523,0.02,0.3,0,1.05,17,13,10,7
Net3,fm3,301,c,straddle_min,3,89,1.62469,9.52228,5.83902,4.07193,24,20,0,4,52,80,87,89,10,-1.00786,9,0.546635,9,0.764893,9,0.571985,9,0.19754,9,1.21568,7,0.217733,9,0.227275,9,-0.0734839,9,1.41153,0.0358002,0.0111601,0.02464,0.0602315,0.0602303,1.21164e-06,0.239314,0.196165,0.043149,0.0324932,0.04,0.3,0.5,1,11,13,9,2
Net3,fm3,301,c,straddle_min,8,84,1.45938,7.93123,2.52696,2.06842,19,16,0,3,57,74,80,82,10,-1.54664,9,0.210776,9,0.50112,9,0.813135,9,0.516172,9,1.1981,7,0.127842,8,0.0989397,7,-0.195087,7,0.344056,0.0326722,0.0108058,0.0218664,3.08155e-05,3.08155e-05,9.44344e-16,0.21026,0.186734,0.0235269,0.0347553,0.02,0.3,0,1,16,13,10,6
Net3,fm3,301,c,straddle_min,15,77,1.05811,7.47542,2.08697,3.01511,12,10,1,2,40,72,74,74,10,-0.365449,9,1.07112,9,0.388916,9,0.981454,9,0.539894,9,0.681052,5,0.210151,7,-0.339053,5,-0.171913,5,0.0189392,0.0311865,0.0308586,0.000327968,2.63217e-09,2.63217e-09,5.59231e-29,0.115361,0.0742154,0.0411455,0.0154918,0.02,0.3,0,1.05,15,13,8,7
Net3,fm3,302,c,random,3,89,6.3701,20.7354,7.80781,-19.6325,15,15,8,0,22,43,48,58,10,-2.77965,8,-1.94888,9,-1.98173,8,-2.76849,9,-2.51316,8,-1.77133,9,-2.72553,9,-1.53241,9,-1.26516,10,-0.346185,0.0329238,0.0121485,0.0207754,0.0458753,0.04492,0.000955264,0.232911,0.231861,0.00105018,0.0311113,0.04,0.3,0,0.8,16,13,10,6
Net3,fm3,302,c,random,8,84,2.73566,13.0647,5.32897,-10.7085,15,15,7,0,27,46,51,68,9,-0.54952,7,-0.91477,8,-1.12116,8,-1.70444,9,-1.36921,8,-1.50987,8,-1.78323,8,-1.31857,9,-0.622684,10,0.184934,0.0300951,0.0124217,0.0176734,0.00720898,0.00720876,2.20276e-07,0.0781989,0.077068,0.00113093,0.0303959,0.04,0.3,2,0.95,12,13,6,6
Net3,fm3,302,c,random,15,77,1.50303,8.93602,4.06172,-5.20066,15,14,7,1,20,50,58,61,8,0.0580387,5,-0.297004,6,-0.79832,8,-0.473399,8,-0.164441,8,-1.07991,7,-1.02889,8,-1.17497,9,-0.297224,10,0.0554543,0.0260512,0.012542,0.0135092,2.89653e-07,2.89653e-07,9.82849e-14,0.000548194,2.16071e-06,0.000546033,0.0298027,0.04,0.3,2,0.95,12,13,8,4
Net3,fm3,302,c,straddle_min,3,89,6.3701,20.7354,7.80781,-19.6325,15,15,8,0,22,43,48,58,10,-2.77965,8,-1.94888,9,-1.98173,8,-2.76849,9,-2.51316,8,-1.77133,9,-2.72553,9,-1.53241,9,-1.26516,10,-0.346185,0.0329238,0.0121485,0.0207754,0.0458753,0.04492,0.000955264,0.232911,0.231861,0.00105018,0.0311113,0.04,0.3,0,0.8,16,13,10,6
Net3,fm3,302,c,straddle_min,8,84,8.28195,20.9835,8.7803,-19.5115,12,11,4,1,15,25,36,42,10,-3.73242,8,-2.19739,9,-1.60903,8,-2.96588,9,-2.61175,8,-0.904877,7,-2.41994,9,-0.355779,7,-2.00011,9,-0.714299,0.0183155,0.00313134,0.0151842,1.77641e-06,1.77641e-06,5.03889e-15,0.547867,0.547457,0.000410385,0.071631,0.16,0.1,2,0.7,14,13,11,3
Net3,fm3,302,c,straddle_min,15,77,2.53869,11.9668,4.66802,-11.1342,10,10,6,0,12,32,45,58,10,-1.66098,8,-1.08202,9,-1.07963,8,-1.39275,9,-1.35391,6,-0.948881,6,-1.16259,8,-1.41935,6,-0.445342,7,-0.588763,0.00382348,0.00373492,8.85633e-05,2.66235e-09,2.66235e-09,5.94018e-27,0.00257073,0.00193856,0.000632174,0.0448861,0.08,0.3,1,1,14,13,11,3
Net3,fm3,303,c,random,3,89,0.690781,5.93705,2.77524,0.272071,20,17,0,3,68,86,89,89,10,0.116808,9,-0.354424,9,-0.163081,8,0.0200406,9,-0.480467,9,0.296531,9,-0.0282244,8,0.548221,8,0.214694,10,0.101973,0.0123753,0.00302319,0.00935207,0.0131343,0.0131262,8.10461e-06,0.268132,0.00618653,0.261945,0.039726,0.04,0.3,0,1.1,10,20,10,0
Net3,fm3,303,c,random,8,84,0.959439,7.09561,2.54922,-2.56003,20,19,0,1,53,74,80,82,9,-0.143278,9,-0.693419,8,-0.579999,8,-0.258183,9,-0.905522,7,-0.224997,8,-0.377757,8,0.514042,8,0.0339703,10,0.0751101,0.00708547,0.00337059,0.00371488,0.000207892,0.000207892,2.2811e-16,0.31618,0.000111625,0.316069,0.0364683,0.08,0.3,2,1.1,8,20,8,0
Net3,fm3,303,c,random,15,77,0.920913,6.99839,1.85193,-4.34909,17,17,0,0,36,63,72,74,7,-0.237351,9,-0.934845,7,-0.788675,8,-0.636497,9,-0.910471,6,-0.252128,8,-0.4391,8,0.153511,5,-0.257798,10,-0.0457406,0.00376752,0.00347243,0.000295087,6.20748e-10,6.20748e-10,1.44349e-29,0.201085,1.25825e-09,0.201085,0.0351693,0.04,0.3,1,1.05,12,20,12,0
Net3,fm3,303,c,straddle_min,3,89,0.690781,5.93705,2.77524,0.272071,20,17,0,3,68,86,89,89,10,0.116808,9,-0.354424,9,-0.163081,8,0.0200406,9,-0.480467,9,0.296531,9,-0.0282244,8,0.548221,8,0.214694,10,0.101973,0.0123753,0.00302319,0.00935207,0.0131343,0.0131262,8.10461e-06,0.268132,0.00618653,0.261945,0.039726,0.04,0.3,0,1.1,10,20,10,0
Net3,fm3,303,c,straddle_min,8,84,14.5108,23.0895,7.10182,7.65124,15,14,2,1,45,67,71,76,10,2.27031,9,7.78311,9,1.34836,8,-0.0534866,9,-1.41783,9,-0.0150954,8,-1.02101,8,-0.0403919,8,-0.848864,6,-0.353877,0.103587,0.000485231,0.103102,0.00143088,0.00143088,2.09052e-09,0.100432,0.0130567,0.0873753,0.126948,0.16,0.1,2,0.75,14,20,14,0
Net3,fm3,303,c,straddle_min,15,77,0.777157,5.8798,1.59846,-0.970682,9,8,1,1,64,75,76,76,10,0.673075,9,0.0150435,9,0.00515387,8,-0.170758,9,-0.639089,9,-0.0526713,8,-0.648567,5,0.17351,5,-0.243608,5,-0.0827716,0.00173048,0.00163909,9.13876e-05,1.72308e-06,1.72308e-06,1.41128e-21,0.450237,0.00293523,0.447301,0.0414374,0.04,0.3,0.5,1.1,11,20,11,0
Net3,fm3,304,c,random,3,89,2.39619,11.5214,4.72297,1.53129,17,11,2,6,40,82,85,89,10,-1.14962,7,-0.46313,9,0.343851,9,-0.243545,8,0.40972,9,1.32696,9,0.273739,9,1.49887,9,-1.2166,10,0.751048,0.0306403,0.00886992,0.0217704,0.238358,0.234777,0.00358134,0.153807,0.150413,0.00339356,0.0339633,0.04,0.1,2,0.75,8,10,5,3
Net3,fm3,304,c,random,8,84,2.48443,12.0359,5.14041,-11.2086,17,17,9,0,36,54,66,73,10,-1.4675,6,-1.22716,9,-1.51028,8,-0.934347,7,-0.387181,8,-1.00316,9,-1.2727,8,-0.871191,9,-2.21051,10,-0.324544,0.0338729,0.00867442,0.0251985,0.00985915,0.00985901,1.40936e-07,0.0139641,0.0138525,0.000111587,0.0347661,0.04,0.3,1,0.9,18,10,10,8
Net3,fm3,304,c,random,15,77,1.46406,8.67622,3.68248,-7.15265,17,17,7,0,26,47,59,66,9,-0.248176,6,-0.873843,9,-0.979474,7,-0.389318,6,-0.19464,8,-0.935987,8,-0.804855,8,-0.999982,6,-1.26618,10,-0.460201,0.0103924,0.00977,0.000622439,4.0549e-06,4.0549e-06,9.3131e-17,3.53752e-05,2.86816e-05,6.69356e-06,0.027658,0.02,0.3,0.5,0.9,18,10,10,8
Net3,fm3,304,c,straddle_min,3,89,2.39619,11.5214,4.72297,1.53129,17,11,2,6,40,82,85,89,10,-1.14962,7,-0.46313,9,0.343851,9,-0.243545,8,0.40972,9,1.32696,9,0.273739,9,1.49887,9,-1.2166,10,0.751048,0.0306403,0.00886992,0.0217704,0.238358,0.234777,0.00358134,0.153807,0.150413,0.00339356,0.0339633,0.04,0.1,2,0.75,8,10,5,3
Net3,fm3,304,c,straddle_min,8,84,2.48912,12.1136,8.49991,-10.5079,14,14,10,0,27,37,48,57,10,-0.598955,7,-0.776986,9,-1.53457,9,-0.616378,8,-0.116613,9,-1.50256,9,-1.45128,8,-1.30891,8,-1.89612,7,-0.705555,0.0185773,0.00923792,0.00933943,0.000172481,0.000172481,4.74096e-10,0.00185711,0.00166056,0.00019655,0.03188,0.04,0.3,1,0.9,18,10,10,8
Net3,fm3,304,c,straddle_min,15,77,5.50169,18.1769,21.3176,-17.959,12,11,9,1,10,15,32,43,10,-2.80494,7,-1.39468,9,-2.19947,9,-1.43319,8,-0.861917,6,-1.88581,8,-1.93875,8,-2.00066,7,-2.70551,5,-0.734119,0.0168981,0.0167786,0.000119473,2.70601e-06,2.70601e-06,1.09806e-20,0.00112052,0.00111634,4.18119e-06,0.019821,0.02,0.3,0.5,0.9,18,10,10,8
Net3,fm3,305,c,random,3,89,1.90567,10.0642,5.92281,-0.896037,16,11,6,5,54,82,84,89,10,-1.70837,9,-0.619957,9,0.317735,9,0.100708,8,-0.0972724,9,1.28099,9,0.222527,8,0.995907,9,0.334421,9,-1.72272,0.0733397,0.00204031,0.0712994,0.122465,0.122461,3.54633e-06,0.199058,0.147471,0.0515869,0.0567669,0.08,0.1,0.5,0.8,12,10,8,4
Net3,fm3,305,c,random,8,84,0.786248,6.09487,3.47615,2.07935,16,15,4,1,66,80,83,84,9,0.331278,9,0.172805,8,0.471668,9,0.547455,7,0.0603732,9,0.625079,9,0.237923,7,0.34536,9,0.466187,8,-1.17878,0.00538825,0.00345837,0.00192988,0.0088406,0.0088406,2.13771e-12,0.0799817,0.00228026,0.0777014,0.036826,0.08,0.3,0,1,13,10,8,5
Net3,fm3,305,c,random,15,77,0.572393,4.87948,2.43517,-0.49356,15,15,5,0,53,73,76,77,8,0.0202859,7,-0.310199,7,0.0315759,8,0.195285,6,-0.111839,9,0.19407,9,0.0285501,7,0.0349653,8,0.368574,8,-0.944828,0.0041744,0.00314421,0.00103019,0.000189436,0.000189436,8.86947e-23,0.0312687,9.72088e-06,0.0312589,0.0371465,0.08,0.3,0,1,14,10,5,9
Net3,fm3,305,c,straddle_min,3,89,1.90567,10.0642,5.92281,-0.896037,16,11,6,5,54,82,84,89,10,-1.70837,9,-0.619957,9,0.317735,9,0.100708,8,-0.0972724,9,1.28099,9,0.222527,8,0.995907,9,0.334421,9,-1.72272,0.0733397,0.00204031,0.0712994,0.122465,0.122461,3.54633e-06,0.199058,0.147471,0.0515869,0.0567669,0.08,0.1,0.5,0.8,12,10,8,4
Net3,fm3,305,c,straddle_min,8,84,2.96013,12.3913,4.67567,-4.41281,14,10,3,4,15,33,41,52,10,-3.05723,9,-1.45541,9,-0.179799,9,-0.702743,8,-0.777386,9,1.29469,9,0.04788,7,0.9828,8,0.12732,6,-0.69293,0.00221696,0.0010626,0.00115436,0.000326606,0.000326606,9.17851e-12,0.0489948,0.0485241,0.000470689,0.0483939,0.04,0.1,2,0.7,10,10,6,4
Net3,fm3,305,c,straddle_min,15,77,2.91407,11.4667,3.15673,-5.71457,9,6,1,3,13,30,33,39,10,-3.25787,9,-1.54298,9,-0.355513,9,-0.868442,8,-0.87419,9,1.12065,7,-0.340296,7,0.907261,6,-0.113064,3,-0.390132,0.00399692,0.00396769,2.92343e-05,6.54381e-07,6.54381e-07,1.73577e-28,0.0081577,0.00783738,0.000320323,0.0272858,0.02,0.1,2,0.7,7,10,5,2
Net3,fm3,306,c,random,3,89,1.91339,10.1118,17.2771,-0.0253944,26,22,0,4,41,81,86,88,10,-1.65677,9,-0.405925,8,0.429156,9,-0.38749,8,-0.843393,9,0.979783,9,0.00705278,9,0.469397,9,-0.0430632,9,1.42586,0.142664,0.000559685,0.142105,0.103483,0.103478,5.24599e-06,0.258712,0.248706,0.0100059,0.0817771,0.08,0.3,1,0.9,16,16,11,5
Net3,fm3,306,c,random,8,84,0.73021,6.36057,14.6507,-0.50107,25,25,1,0,41,78,80,84,9,-0.150306,9,-0.319641,7,0.0680286,8,-0.340435,8,-0.659335,9,0.232288,8,-0.153716,9,-0.273558,8,-0.19131,9,1.28691,0.101701,0.000675437,0.101026,0.00364056,0.00364056,3.81131e-12,0.0215437,0.0207675,0.000776191,0.0718565,0.08,0.3,0.5,0.9,18,16,11,7
Net3,fm3,306,c,random,15,77,0.858242,6.74061,13.6794,-1.3595,23,22,1,1,32,64,70,72,9,-0.264519,9,-0.310582,7,0.0806919,7,-0.533495,7,-0.783292,7,0.187662,8,-0.378646,7,-0.155892,7,-0.374076,9,1.17265,0.0844396,0.000366469,0.0840731,1.71524e-05,1.71524e-05,5.63977e-21,0.00727525,0.00722828,4.69712e-05,0.0866026,0.16,0.3,0,0.9,18,16,11,7
Net3,fm3,306,c,straddle_min,3,89,1.91339,10.1118,17.2771,-0.0253944,26,22,0,4,41,81,86,88,10,-1.65677,9,-0.405925,8,0.429156,9,-0.38749,8,-0.843393,9,0.979783,9,0.00705278,9,0.469397,9,-0.0430632,9,1.42586,0.142664,0.000559685,0.142105,0.103483,0.103478,5.24599e-06,0.258712,0.248706,0.0100059,0.0817771,0.08,0.3,1,0.9,16,16,11,5
Net3,fm3,306,c,straddle_min,8,84,0.781831,7.11999,8.49434,-4.04231,23,23,2,0,30,65,78,82,10,-0.867287,9,-0.909857,8,-0.459881,9,-0.503921,8,-0.80937,9,-0.329484,9,-0.480834,7,-0.299982,8,-0.0187226,7,0.637034,0.00616835,0.000549227,0.00561912,9.28851e-05,9.28812e-05,3.89555e-09,0.0220981,0.0220269,7.1232e-05,0.0545508,0.08,0.3,0,0.9,18,16,11,7
Net3,fm3,306,c,straddle_min,15,77,1.01466,7.07997,2.95397,-4.29297,17,17,1,0,32,56,58,63,10,-1.33009,9,-0.463313,8,-0.166073,9,-0.827971,8,-1.1754,7,-0.241387,9,-0.30899,6,-0.18144,7,0.0710881,4,0.330601,0.00259164,0.00257406,1.75775e-05,1.84574e-10,1.84574e-10,2.56496e-21,0.012651,0.0126503,7.43442e-07,0.0281357,0.04,0.3,0,0.9,16,16,9,7
Net3,fm3,307,c,random,3,89,3.99195,15.7926,8.71068,-0.0287905,6,5,6,1,25,77,82,86,10,-1.64494,8,-0.715704,8,0.868192,8,-0.192079,9,-0.534319,9,1.44305,9,0.385725,9,2.01122,9,1.22767,10,-2.87761,0.0336274,0.0274349,0.00619255,0.25454,0.254521,1.97463e-05,0.033104,0.00843395,0.0246701,0.0215348,0.02,0.01,2,0.75,5,0,0,5
Net3,fm3,307,c,random,8,84,2.52885,12.3226,5.45546,1.42087,6,5,2,1,23,70,77,80,10,-1.10449,7,-0.308628,7,0.434351,7,-0.00722922,9,-0.441973,9,1.27513,9,0.441082,8,1.6919,9,1.11207,9,-1.67134,0.0453603,0.043485,0.00187529,0.0447708,0.0447708,1.04067e-10,0.033139,0.000663391,0.0324756,0.0149073,0.02,0.1,2,0.85,1,0,0,1
Net3,fm3,307,c,random,15,77,0.785291,5.60396,2.19319,-1.42715,5,4,6,1,47,66,70,73,9,0.0741412,6,-0.103971,7,-0.0385388,7,-0.168224,9,-0.140106,7,-0.125889,9,-0.199298,8,-0.172953,8,0.670171,7,-1.22249,0.0517748,0.0517746,1.35234e-07,7.88173e-06,7.88173e-06,9.6899e-19,0.0870399,1.54435e-08,0.0870398,0.0120187,0.02,0.3,2,1.05,6,0,0,6
Net3,fm3,307,c,straddle_min,3,89,3.99195,15.7926,8.71068,-0.0287905,6,5,6,1,25,77,82,86,10,-1.64494,8,-0.715704,8,0.868192,8,-0.192079,9,-0.534319,9,1.44305,9,0.385725,9,2.01122,9,1.22767,10,-2.87761,0.0336274,0.0274349,0.00619255,0.25454,0.254521,1.97463e-05,0.033104,0.00843395,0.0246701,0.0215348,0.02,0.01,2,0.75,5,0,0,5
Net3,fm3,307,c,straddle_min,8,84,1.15769,7.4015,3.0897,1.54739,4,2,3,2,55,74,80,81,10,-0.100724,8,0.137962,8,0.775518,8,0.110411,9,-0.290706,9,0.544657,9,0.216464,9,0.628668,7,0.619253,7,-1.09411,0.0687624,0.0648442,0.0039182,0.00396265,0.00396264,3.30624e-09,0.190431,0.0205082,0.169923,0.0116627,0.01,0.1,2,0.9,3,0,0,3
Net3,fm3,307,c,straddle_min,15,77,2.47247,9.81843,3.76307,-0.552989,3,1,2,2,38,69,72,74,10,-2.09392,8,-0.500646,8,0.799843,8,-0.0605681,9,-0.492645,9,0.284217,9,0.31849,9,1.65469,5,-0.15906,2,-0.303385,0.129945,0.129944,5.47115e-07,1.25848e-06,1.25848e-06,6.38056e-18,0.162603,0.00340703,0.159196,0.00744296,0.01,0.1,2,0.85,3,0,0,3
Net3,fm10,300,c,random,3,89,2.8508,12.1774,11.5429,-11.5916,21,21,10,0,55,65,75,81,10,-2.31701,9,-1.02335,9,-1.04288,9,-0.39803,8,-0.576335,9,-1.30874,9,-1.60558,9,-0.916638,9,-1.66131,8,-0.741733,0.939726,1.1272e-05,0.939715,0.282157,0.100453,0.181704,0.311644,0.276254,0.03539,0.303474,0.32,0.3,2,0.8,22,43,17,5
Net3,fm10,300,c,random,8,84,3.56016,14.4067,9.14229,7.75701,21,17,2,4,21,47,67,75,10,-1.89893,8,1.04026,9,1.26887,8,1.53487,8,1.43119,9,2.15302,9,0.790396,9,1.56649,6,0.343161,8,-0.472323,0.855967,0.000242005,0.855725,0.340199,0.340196,3.37529e-06,0.377706,0.37761,9.53854e-05,0.262043,0.32,0.01,0,0.65,16,43,15,1
Net3,fm10,300,c,random,15,77,1.51601,8.66204,5.80261,0.872913,19,19,2,0,36,56,59,68,8,-1.14186,7,0.06759,9,0.866567,8,1.40886,6,0.746191,9,-0.273831,9,-0.336339,7,0.0730692,6,0.111612,8,-0.648941,0.771373,0.00060612,0.770767,0.000673753,0.000673753,3.8434e-12,0.00352129,0.00346307,5.82188e-05,0.221985,0.32,0.1,0,0.75,16,43,15,1
Net3,fm10,300,c,straddle_min,3,89,2.8508,12.1774,11.5429,-11.5916,21,21,10,0,55,65,75,81,10,-2.31701,9,-1.02335,9,-1.04288,9,-0.39803,8,-0.576335,9,-1.30874,9,-1.60558,9,-0.916638,9,-1.66131,8,-0.741733,0.939726,1.1272e-05,0.939715,0.282157,0.100453,0.181704,0.311644,0.276254,0.03539,0.303474,0.32,0.3,2,0.8,22,43,17,5
Net3,fm10,300,c,straddle_min,8,84,2.44075,10.346,8.02928,-8.02587,18,18,6,0,34,62,71,75,10,-2.72326,9,-0.96413,9,-0.581625,9,0.0570597,8,-0.188199,8,-0.705512,7,-0.962302,7,-0.439316,9,-0.904543,8,-0.614039,0.994368,4.41934e-06,0.994363,5.60665e-06,5.60665e-06,2.78749e-14,0.816347,0.816333,1.38903e-05,0.31819,0.32,0.1,2,0.65,21,43,16,5
Net3,fm10,300,c,straddle_min,15,77,2.52359,10.24,6.92764,-7.98067,15,15,3,0,29,46,56,63,10,-2.86125,9,-0.997244,9,-0.389624,9,0.210638,8,-0.255153,7,-1.12715,6,-0.81588,4,-0.297413,7,-0.849563,8,-0.598037,0.996917,7.4499e-06,0.99691,1.60189e-12,1.60189e-12,7.98195e-29,0.984665,0.984663,1.97411e-06,0.318534,0.32,0.1,2,0.65,20,43,15,5
Net3,fm10,301,c,random,3,89,2.27017,11.5949,19.6222,6.43043,25,20,0,5,40,75,84,87,10,-0.968787,9,0.655347,9,0.784425,9,0.687218,9,0.324737,9,1.42116,7,0.459019,9,0.541505,9,0.425479,9,2.10033,0.0358002,0.0111601,0.02464,0.0602314,0.0602302,1.21164e-06,0.239314,0.196165,0.043149,0.0324932,0.04,0.3,0.5,1,11,21,11,0
Net3,fm10,301,c,random,8,84,2.6902,13.0659,19.3332,11.693,22,20,0,2,25,54,75,83,10,1.34588,9,1.71953,9,1.17629,9,1.78832,9,1.08892,7,0.49548,7,0.871601,8,0.0820904,7,0.75294,9,2.37198,0.0321688,0.0149675,0.0172013,4.21537e-06,4.21537e-06,9.11063e-20,0.376533,0.00915099,0.367382,0.0254691,0.02,0.3,0,1.05,12,21,9,3
Net3,fm10,301,c,random,15,77,1.41657,8.85378,15.2966,7.73706,20,20,0,0,25,63,74,75,9,0.910311,9,1.2388,8,1.21872,8,0.757919,7,0.0832789,7,0.209608,6,0.404682,7,0.33376,7,0.623231,9,1.95674,0.0175902,0.015579,0.00201114,6.051e-10,6.051e-10,2.96974e-28,0.127285,3.85239e-06,0.127281,0.0237523,0.02,0.3,0,1.05,17,21,15,2
Net3,fm10,301,c,straddle_min,3,89,2.27017,11.5949,19.6222,6.43043,25,20,0,5,40,75,84,87,10,-0.968787,9,0.655347,9,0.784425,9,0.687218,9,0.324737,9,1.42116,7,0.459019,9,0.541505,9,0.425479,9,2.10033,0.0358002,0.0111601,0.02464,0.0602314,0.0602302,1.21164e-06,0.239314,0.196165,0.043149,0.0324932,0.04,0.3,0.5,1,11,21,11,0
Net3,fm10,301,c,straddle_min,8,84,1.76062,9.60687,8.66817,4.32097,20,16,0,4,45,69,78,78,10,-1.38094,9,0.334876,9,0.516605,9,0.989586,9,0.716773,9,1.41301,7,0.379261,8,0.367959,7,0.132709,7,0.851134,0.0322188,0.0110553,0.0211635,3.07654e-05,3.07654e-05,1.16393e-15,0.200889,0.177766,0.0231233,0.0342104,0.02,0.3,0,1,16,21,15,1
Net3,fm10,301,c,straddle_min,15,77,2.12589,10.7482,4.47098,8.14802,13,10,0,3,28,51,60,71,10,0.359358,9,1.79871,9,0.776338,9,1.8174,9,1.2929,9,1.23225,6,0.618843,7,-0.0275547,5,0.158464,4,0.121301,0.031996,0.0318495,0.000146459,3.76803e-11,3.76803e-11,3.58601e-29,0.03803,0.025906,0.0121241,0.0150437,0.02,0.3,0,1,15,21,12,3
Net3,fm10,302,c,random,3,89,6.16425,21.0005,13.081,-16.8711,16,15,8,1,15,38,47,59,10,-2.74506,8,-1.81136,9,-1.89967,8,-2.59784,9,-2.23614,8,-1.75509,9,-2.65848,9,-1.41389,9,-0.767607,10,1.01399,0.0329238,0.0121485,0.0207754,0.0458753,0.04492,0.000955264,0.232911,0.231861,0.00105018,0.0311113,0.04,0.3,0,0.8,16,26,12,4
Net3,fm10,302,c,random,8,84,3.01077,14.0788,13.2924,-8.2752,15,15,7,0,22,43,54,65,9,-0.558293,7,-0.797835,8,-1.07023,8,-1.54817,9,-1.103,8,-1.50796,8,-1.7434,8,-1.32241,9,-0.145057,10,1.52115,0.0303474,0.0123874,0.0179599,0.00623481,0.00623459,2.21994e-07,0.0753527,0.0743584,0.000994321,0.0304762,0.04,0.3,2,0.95,13,26,9,4
Net3,fm10,302,c,random,15,77,1.91587,10.3206,11.6065,-2.65592,15,14,7,1,18,43,52,58,8,0.104708,5,-0.222754,6,-0.748094,8,-0.298136,8,0.0757384,8,-1.05292,7,-0.951302,8,-1.16618,9,0.185418,10,1.41761,0.0265632,0.0124331,0.0141301,2.56894e-07,2.56894e-07,1.02483e-13,0.000508405,2.03408e-06,0.000506371,0.0300344,0.04,0.3,2,0.95,12,26,10,2
Net3,fm10,302,c,straddle_min,3,89,6.16425,21.0005,13.081,-16.8711,16,15,8,1,15,38,47,59,10,-2.74506,8,-1.81136,9,-1.89967,8,-2.59784,9,-2.23614,8,-1.75509,9,-2.65848,9,-1.41389,9,-0.767607,10,1.01399,0.0329238,0.0121485,0.0207754,0.0458753,0.04492,0.000955264,0.232911,0.231861,0.00105018,0.0311113,0.04,0.3,0,0.8,16,26,12,4
Net3,fm10,302,c,straddle_min,8,84,9.08401,22.0568,12.2062,-20.3959,14,14,6,0,12,20,31,39,10,-4.71887,8,-2.55817,9,-1.79881,8,-2.80452,9,-2.73675,8,-1.22789,7,-2.22187,9,-1.18027,7,-0.941586,9,-0.207188,0.154247,0.000884088,0.153363,0.000119886,0.000119886,1.6728e-13,0.65906,0.654176,0.00488455,0.141421,0.16,0.1,0,0.65,15,26,13,2
Net3,fm10,302,c,straddle_min,15,77,6.86184,18.6633,11.8949,-15.4638,10,10,6,0,44,59,64,71,10,-3.89342,8,-1.46432,9,-0.324236,8,-2.46891,9,-1.77594,7,-1.2275,6,-2.2629,8,-1.58619,6,-0.965794,6,0.505357,0.0101427,0.00850064,0.0016421,4.21267e-05,4.21267e-05,1.11919e-26,0.263771,0.25082,0.0129509,0.0421488,0.08,0.1,2,0.7,11,26,8,3
Net3,fm10,303,c,random,3,89,1.94898,9.38018,25.2933,5.83888,22,18,1,4,59,76,77,79,10,0.406968,9,0.103925,9,-0.10566,8,0.383926,9,-0.123919,9,0.292442,9,0.179297,8,1.16224,8,0.985925,10,2.55374,0.0114459,0.00311698,0.0083289,0.0116457,0.0116363,9.43308e-06,0.279873,0.00682717,0.273046,0.0388851,0.04,0.3,0,1.1,10,52,10,0
Net3,fm10,303,c,random,8,84,2.00954,10.0246,23.7507,2.89996,22,19,0,3,42,63,69,70,9,0.0931447,9,-0.23922,8,-0.510502,8,0.0564567,9,-0.546639,7,-0.143785,8,-0.149549,8,1.14081,8,0.763194,10,2.43604,0.00706738,0.00342417,0.00364321,0.000206861,0.000206861,2.45553e-16,0.307127,0.000116887,0.30701,0.0361596,0.08,0.3,2,1.1,11,52,11,0
Net3,fm10,303,c,random,15,77,1.60491,8.39395,19.674,2.05422,19,17,1,2,38,58,65,67,7,0.00374876,9,-0.324847,7,-0.60246,8,-0.0417871,9,-0.373873,6,-0.134624,8,-0.05351,8,0.929247,5,0.169281,10,2.48304,0.00380876,0.00352778,0.000280981,6.3336e-10,6.3336e-10,1.52327e-29,0.193667,1.29772e-09,0.193667,0.0348559,0.04,0.3,1,1.05,8,52,8,0
Net3,fm10,303,c,straddle_min,3,89,1.94898,9.38018,25.2933,5.83888,22,18,1,4,59,76,77,79,10,0.406968,9,0.103925,9,-0.10566,8,0.383926,9,-0.123919,9,0.292442,9,0.179297,8,1.16224,8,0.985925,10,2.55374,0.0114459,0.00311698,0.0083289,0.0116457,0.0116363,9.43308e-06,0.279873,0.00682717,0.273046,0.0388851,0.04,0.3,0,1.1,10,52,10,0
Net3,fm10,303,c,straddle_min,8,84,2.7149,12.3616,12.4397,-8.57394,18,18,2,0,58,78,82,82,10,-1.7155,9,-1.01205,9,-1.53395,8,-0.595165,9,-1.09318,8,-1.15993,9,-1.52322,8,-0.328662,7,-0.135953,7,0.52367,0.00604974,0.00414828,0.00190147,1.44127e-05,1.44125e-05,1.97298e-10,0.413477,0.000600335,0.412877,0.031567,0.04,0.3,0,1.1,16,52,16,0
Net3,fm10,303,c,straddle_min,15,77,4.82342,14.9001,15.9097,-13.7855,12,12,10,0,45,62,67,71,10,-0.97102,9,-0.779357,9,-1.05965,8,-1.11793,9,-2.0308,8,-3.01974,7,-2.68115,8,-1.82642,4,-0.35764,5,0.0581917,0.0040849,0.00342633,0.000658568,5.14253e-09,5.14253e-09,6.4842e-22,0.234743,0.000545066,0.234198,0.033654,0.04,0.3,1,1.05,18,52,16,2
Net3,fm10,304,c,random,3,89,2.81868,12.6624,12.687,3.3781,17,11,2,6,38,76,81,87,10,-1.13978,7,-0.353194,9,0.379518,9,-0.156911,8,0.516824,9,1.36266,9,0.326773,9,1.54412,9,-1.06971,10,1.9678,0.0306534,0.00886867,0.0217848,0.238332,0.234739,0.00359266,0.154178,0.15078,0.00339855,0.0339676,0.04,0.1,2,0.75,8,11,5,3
Net3,fm10,304,c,random,8,84,2.46168,12.2417,7.96858,-9.28137,17,17,9,0,33,53,66,74,10,-1.43121,6,-1.11991,9,-1.4613,8,-0.831225,7,-0.282671,8,-0.962877,9,-1.20511,8,-0.839522,9,-2.0514,10,0.903856,0.0338763,0.00867424,0.025202,0.00986709,0.00986695,1.41348e-07,0.0139998,0.0138886,0.000111167,0.0347669,0.04,0.3,1,0.9,18,11,10,8
Net3,fm10,304,c,random,15,77,1.47194,8.93842,5.6677,-5.31905,17,17,7,0,25,47,62,68,9,-0.217297,6,-0.776071,9,-0.929307,7,-0.300554,6,-0.11553,8,-0.902943,8,-0.749689,8,-0.965534,6,-1.13026,10,0.768135,0.0103945,0.0097724,0.000622087,4.05681e-06,4.05681e-06,9.3338e-17,3.5437e-05,2.87752e-05,6.66181e-06,0.0276539,0.02,0.3,0.5,0.9,18,11,10,8
Net3,fm10,304,c,straddle_min,3,89,2.81868,12.6624,12.687,3.3781,17,11,2,6,38,76,81,87,10,-1.13978,7,-0.353194,9,0.379518,9,-0.156911,8,0.516824,9,1.36266,9,0.326773,9,1.54412,9,-1.06971,10,1.9678,0.0306534,0.00886867,0.0217848,0.238332,0.234739,0.00359266,0.154178,0.15078,0.00339855,0.0339676,0.04,0.1,2,0.75,8,11,5,3
Net3,fm10,304,c,straddle_min,8,84,2.36046,11.4286,6.77036,-9.01362,14,14,10,0,29,39,50,56,10,-0.567033,7,-0.653983,9,-1.49089,9,-0.508745,8,-0.00209633,9,-1.46828,9,-1.39474,8,-1.28092,8,-1.73847,7,0.0915285,0.0185764,0.00923869,0.00933769,0.000172569,0.000172569,4.7569e-10,0.00185934,0.00166363,0.000195713,0.0318782,0.04,0.3,1,0.9,18,11,10,8
Net3,fm10,304,c,straddle_min,15,77,8.41157,22.3197,31.0396,-22.1165,13,13,15,0,9,15,19,28,10,-4.3824,7,-1.95907,9,-2.82969,9,-1.98356,8,-1.23929,8,-3.06205,8,-2.34333,7,-2.153,5,-1.86676,6,-0.297356,0.0169064,0.0167925,0.000113945,7.82251e-06,7.82251e-06,2.56877e-19,0.000175675,0.00017213,3.54518e-06,0.0197501,0.02,0.3,0.5,0.9,18,11,10,8
Net3,fm10,305,c,random,3,89,2.36373,10.972,19.0372,6.80427,22,16,1,6,50,75,76,82,10,-1.33921,9,0.0906481,9,0.633146,9,0.673167,8,0.427203,9,1.51312,9,0.803683,8,1.47479,9,1.52986,9,0.997854,0.0733397,0.00204031,0.0712994,0.122465,0.122461,3.54633e-06,0.199058,0.147471,0.0515869,0.0567669,0.08,0.1,0.5,0.8,12,59,11,1
Net3,fm10,305,c,random,8,84,1.72837,10.3031,17.5436,9.44517,21,19,0,2,32,67,72,75,9,0.712736,9,0.887718,8,0.720499,9,1.1259,7,0.494619,9,0.858253,9,0.821047,7,0.621177,9,1.66507,8,1.53815,0.00538856,0.00345839,0.00193017,0.00883937,0.00883937,2.13777e-12,0.0799918,0.0022798,0.077712,0.0368269,0.08,0.3,0,1,13,59,12,1
Net3,fm10,305,c,random,15,77,1.32895,8.21042,16.325,6.25569,20,19,1,1,36,60,68,69,8,0.336181,7,0.235487,7,0.244942,8,0.691536,6,0.292764,9,0.425898,9,0.608775,7,0.307754,8,1.34017,8,1.77219,0.00417449,0.00314416,0.00103033,0.000189423,0.000189423,8.86994e-23,0.0312742,9.71888e-06,0.0312644,0.0371482,0.08,0.3,0,1,14,59,11,3
Net3,fm10,305,c,straddle_min,3,89,2.36373,10.972,19.0372,6.80427,22,16,1,6,50,75,76,82,10,-1.33921,9,0.0906481,9,0.633146,9,0.673167,8,0.427203,9,1.51312,9,0.803683,8,1.47479,9,1.52986,9,0.997854,0.0733397,0.00204031,0.0712994,0.122465,0.122461,3.54633e-06,0.199058,0.147471,0.0515869,0.0567669,0.08,0.1,0.5,0.8,12,59,11,1
Net3,fm10,305,c,straddle_min,8,84,1.45808,7.72744,8.28276,0.567135,21,21,5,0,59,75,78,80,10,0.322794,9,0.640014,9,0.653506,9,0.939796,8,0.418599,7,0.51,8,-0.544237,8,-0.602683,8,-1.09415,8,-0.676508,0.0563305,0.00143134,0.0548991,0.00225945,0.00225945,1.10952e-13,0.116157,0.0102532,0.105903,0.0651065,0.08,0.3,0,1,22,59,19,3
Net3,fm10,305,c,straddle_min,15,77,0.866725,5.75093,3.81276,1.49785,19,19,1,0,56,69,72,73,10,-0.555521,9,0.23553,9,0.507059,9,0.866948,7,0.464368,7,0.719303,6,0.187527,6,-0.418854,6,0.0361803,8,-0.544689,0.00217818,0.000592473,0.00158571,5.95655e-07,5.95655e-07,1.09768e-29,0.0676526,0.000508969,0.0671436,0.0646454,0.08,0.3,0,1,19,59,16,3
Net3,fm10,306,c,random,3,89,4.34155,16.1016,69.4142,7.13733,31,22,0,9,24,52,64,65,10,-1.65558,9,-0.386509,8,0.437947,9,-0.365441,8,-0.805207,9,2.55985,9,1.9864,9,1.38257,9,2.17394,9,1.80937,0.142664,0.000559685,0.142105,0.103483,0.103478,5.24599e-06,0.258712,0.248706,0.0100059,0.0817771,0.08,0.3,1,0.9,16,41,15,1
Net3,fm10,306,c,random,8,84,2.72512,11.5608,62.1763,6.52867,30,25,1,5,22,53,59,63,9,-0.14915,9,-0.300224,7,0.0763201,8,-0.324506,8,-0.621149,9,1.81235,8,1.82563,9,0.639611,8,1.89937,9,1.67042,0.101701,0.000675437,0.101026,0.00364055,0.00364055,3.81131e-12,0.0215437,0.0207675,0.000776191,0.0718565,0.08,0.3,0.5,0.9,18,41,17,1
Net3,fm10,306,c,random,15,77,2.35166,10.5804,60.685,4.89275,28,23,1,5,19,39,47,52,9,-0.0576186,9,-0.272554,7,-0.0399693,7,-0.5588,7,-0.779298,7,1.19931,8,1.49859,7,0.533501,7,1.66082,9,1.70878,0.0726741,0.000430175,0.0722439,9.71128e-06,9.71128e-06,6.18941e-21,0.00355474,0.00349386,6.08751e-05,0.079957,0.16,0.3,0,0.9,18,41,17,1
Net3,fm10,306,c,straddle_min,3,89,4.34155,16.1016,69.4142,7.13733,31,22,0,9,24,52,64,65,10,-1.65558,9,-0.386509,8,0.437947,9,-0.365441,8,-0.805207,9,2.55985,9,1.9864,9,1.38257,9,2.17394,9,1.80937,0.142664,0.000559685,0.142105,0.103483,0.103478,5.24599e-06,0.258712,0.248706,0.0100059,0.0817771,0.08,0.3,1,0.9,16,41,15,1
Net3,fm10,306,c,straddle_min,8,84,7.60466,20.136,26.8831,-17.556,27,27,14,0,12,34,43,49,10,-2.97467,9,-2.00866,8,-2.7234,9,-4.29231,8,-3.88194,9,-0.613594,9,-1.06384,7,-0.032163,8,-0.336471,7,0.37105,0.590261,0.000101015,0.59016,0.00101533,0.00101488,4.49651e-07,0.026516,0.0256134,0.000902578,0.194277,0.32,0.3,1,0.95,22,41,20,2
Net3,fm10,306,c,straddle_min,15,77,1.54281,9.60738,18.6024,-4.6168,24,24,1,0,23,51,64,73,10,-1.50011,9,-1.53441,8,-0.81205,9,-1.00216,8,-1.38509,5,0.462024,9,0.160747,7,0.0844486,7,0.534017,5,0.375791,0.0765564,0.000310382,0.076246,1.46274e-07,1.46274e-07,7.6832e-20,0.0169893,0.0163101,0.000679217,0.0820366,0.08,0.3,0,0.9,21,41,20,1
Net3,fm10,307,c,random,3,89,4.04534,15.9474,11.2006,0.779789,6,5,6,1,23,74,82,84,10,-1.67161,8,-0.678517,8,0.883118,8,-0.150478,9,-0.463243,9,1.45128,9,0.430126,9,2.13393,9,1.50413,10,-2.65895,0.0336393,0.0274148,0.00622453,0.255068,0.255048,2.01232e-05,0.0326845,0.00865844,0.024026,0.0215494,0.02,0.01,2,0.75,5,5,0,5
Net3,fm10,307,c,random,8,84,2.77808,12.9373,8.32076,2.30964,6,5,1,1,20,69,75,79,10,-1.17937,7,-0.300465,7,0.448557,7,0.00445395,9,-0.407271,9,1.36498,9,0.528545,8,1.90368,9,1.40887,9,-1.46234,0.0439315,0.0427,0.00123148,0.0451514,0.0451514,6.58964e-11,0.0296107,0.000482611,0.0291281,0.0147698,0.02,0.1,2,0.85,1,5,0,1
Net3,fm10,307,c,random,15,77,0.871132,5.98954,3.94872,-1.48497,5,4,8,1,45,67,70,72,9,-0.0568857,6,-0.0967319,7,-0.0453355,7,-0.159513,9,-0.216998,7,-0.186983,9,-0.235661,8,-0.118041,8,0.842347,7,-1.21117,0.0434652,0.0434652,5.05643e-08,7.68212e-06,7.68212e-06,7.2501e-19,0.0988297,1.23375e-08,0.0988297,0.0132626,0.02,0.3,2,1.05,6,5,4,2
Net3,fm10,307,c,straddle_min,3,89,4.04534,15.9474,11.2006,0.779789,6,5,6,1,23,74,82,84,10,-1.67161,8,-0.678517,8,0.883118,8,-0.150478,9,-0.463243,9,1.45128,9,0.430126,9,2.13393,9,1.50413,10,-2.65895,0.0336393,0.0274148,0.00622453,0.255068,0.255048,2.01232e-05,0.0326845,0.00865844,0.024026,0.0215494,0.02,0.01,2,0.75,5,5,0,5
Net3,fm10,307,c,straddle_min,8,84,3.01249,12.8092,7.40801,5.69286,5,2,1,3,35,55,72,81,10,-0.650604,8,-0.288927,8,1.42503,8,0.333584,9,-0.022106,9,1.45173,9,0.902826,9,2.34017,8,0.781299,6,-0.580137,0.071697,0.071655,4.2023e-05,0.0322616,0.0322616,1.2723e-09,0.012984,0.00917241,0.00381164,0.0106034,0.01,0.1,2,0.9,3,5,2,1
Net3,fm10,307,c,straddle_min,15,77,1.14248,6.91159,3.0288,2.82938,4,2,3,2,57,71,74,75,10,-0.548945,8,0.524931,8,0.684252,8,0.367723,9,0.47165,9,0.46491,9,0.336153,9,0.488495,5,0.285429,2,-0.245215,0.162589,0.162589,1.73841e-08,2.03337e-07,2.03337e-07,5.92241e-16,0.722586,2.82705e-05,0.722557,0.00665544,0.005,0.3,2,1.1,3,5,2,1
Net3,fm30,300,c,random,3,89,11.9678,27.6632,36.1571,-25.8732,27,27,24,0,54,89,89,89,10,-6.1144,9,-3.83323,9,-4.17677,9,-2.90677,8,-2.43472,9,-2.67997,9,-2.12198,9,-1.43418,9,0.0634479,8,-0.234666,0.721446,0.000927595,0.720519,0.514599,0.077872,0.436727,0.368984,0.348903,0.0200818,0.203114,0.32,1,0.5,0.65,22,63,21,1
Net3,fm30,300,c,random,8,84,6.75683,18.6115,41.4455,7.92749,25,18,2,7,26,63,68,72,10,-3.71248,8,0.70747,9,0.190975,8,1.5565,8,1.23598,9,2.33408,9,1.74996,9,1.83606,6,1.7032,8,0.325745,0.0524391,0.00397448,0.0484646,0.266681,0.266675,6.21106e-06,0.509497,0.509432,6.47328e-05,0.0503404,0.04,0.03,0,0.65,15,63,14,1
Net3,fm30,300,c,random,15,77,3.21952,11.8391,38.8719,8.49752,23,19,0,4,40,54,58,62,8,0.0592721,7,0.104294,9,-0.412316,8,1.17956,6,1.04234,9,0.953846,9,1.93422,7,0.744829,6,1.68526,8,1.20622,0.02738,0.00456217,0.0228178,8.4725e-06,8.47248e-06,1.73208e-11,0.000352861,0.000335955,1.69065e-05,0.046718,0.08,0.3,0,0.9,17,63,16,1
Net3,fm30,300,c,straddle_min,3,89,11.9678,27.6632,36.1571,-25.8732,27,27,24,0,54,89,89,89,10,-6.1144,9,-3.83323,9,-4.17677,9,-2.90677,8,-2.43472,9,-2.67997,9,-2.12198,9,-1.43418,9,0.0634479,8,-0.234666,0.721446,0.000927595,0.720519,0.514599,0.077872,0.436727,0.368984,0.348903,0.0200818,0.203114,0.32,1,0.5,0.65,22,63,21,1
Net3,fm30,300,c,straddle_min,8,84,2.84706,11.0307,20.044,-5.29787,25,25,9,0,56,62,67,70,9,-0.42766,9,0.577303,9,-0.903689,8,-1.38981,8,-1.18813,8,-0.680361,9,-0.986577,8,-0.112091,8,-0.152193,8,-0.0346662,0.890061,0.000179358,0.889882,7.18657e-05,7.16056e-05,2.60118e-07,0.0143178,0.0120921,0.0022257,0.277358,0.32,0.3,0,0.95,23,63,22,1
Net3,fm30,300,c,straddle_min,15,77,1.47513,8.04035,12.3421,-1.32363,24,24,0,0,37,60,70,72,9,-1.46088,9,-1.10789,8,0.279571,8,1.27816,8,0.488194,7,0.244261,6,-0.0275065,7,-0.688504,7,0.124003,8,-0.453034,0.893567,4.34693e-05,0.893523,9.99105e-09,9.99105e-09,7.92919e-21,0.00245404,0.00173711,0.000716925,0.289343,0.32,0.3,0,1,22,63,21,1
Net3,fm30,301,c,random,3,89,3.1489,13.4646,67.5994,8.57915,25,20,0,5,37,65,71,73,10,-0.937042,9,0.75187,9,0.800337,9,0.780751,9,0.435248,9,1.62703,7,0.701628,9,0.850829,9,0.923313,9,2.64518,0.0358002,0.0111601,0.02464,0.0602314,0.0602302,1.21164e-06,0.239314,0.196165,0.043149,0.0324932,0.04,0.3,0.5,1,11,22,11,0
Net3,fm30,301,c,random,8,84,3.5005,14.8509,62.9906,13.5767,22,20,0,2,23,46,63,70,10,1.37759,9,1.81581,9,1.19228,9,1.8809,9,1.19928,7,0.590718,7,1.11429,8,0.359664,7,1.13001,9,2.91619,0.0321685,0.0149676,0.0172009,4.21522e-06,4.21522e-06,9.11052e-20,0.376533,0.00915083,0.367382,0.025469,0.02,0.3,0,1.05,12,22,9,3
Net3,fm30,301,c,random,15,77,2.0556,10.4077,55.4945,9.43979,20,20,0,0,23,56,61,63,9,0.942047,9,1.33532,8,1.23463,8,0.837717,7,0.141772,7,0.305254,6,0.529922,7,0.611387,7,1.00014,9,2.5016,0.0175902,0.015579,0.00201123,6.0518e-10,6.0518e-10,2.97057e-28,0.127281,3.85337e-06,0.127277,0.0237524,0.02,0.3,0,1.05,17,22,15,2
Net3,fm30,301,c,straddle_min,3,89,3.1489,13.4646,67.5994,8.57915,25,20,0,5,37,65,71,73,10,-0.937042,9,0.75187,9,0.800337,9,0.780751,9,0.435248,9,1.62703,7,0.701628,9,0.850829,9,0.923313,9,2.64518,0.0358002,0.0111601,0.02464,0.0602314,0.0602302,1.21164e-06,0.239314,0.196165,0.043149,0.0324932,0.04,0.3,0.5,1,11,22,11,0
Net3,fm30,301,c,straddle_min,8,84,2.19212,11.0016,37.7577,6.40538,20,16,0,4,38,61,70,71,10,-1.13758,9,0.448241,9,0.517806,9,1.11758,9,0.924465,9,1.59383,7,0.648881,8,0.600109,7,0.469887,7,1.22216,0.0319042,0.011319,0.0205852,3.01655e-05,3.01655e-05,1.39478e-15,0.191339,0.168116,0.0232234,0.0337115,0.02,0.3,0,1,16,22,15,1
Net3,fm30,301,c,straddle_min,15,77,2.87042,12.8202,23.1361,10.4602,13,10,0,3,23,44,61,67,10,0.367679,9,1.90303,9,1.03054,9,2.04736,9,1.59632,9,1.69973,6,0.835068,7,0.344577,5,0.280528,4,0.355364,0.0322063,0.0320665,0.000139812,5.62682e-12,5.62682e-12,2.96682e-28,0.123178,0.0890594,0.0341185,0.0151547,0.01,0.3,0,1,15,22,12,3
Net3,fm30,302,c,random,3,89,6.37271,21.7904,44.5626,-14.688,16,15,8,1,9,33,43,57,10,-2.72142,8,-1.69573,9,-1.83215,8,-2.47997,9,-2.04044,8,-1.73048,9,-2.59373,9,-1.3342,9,-0.289694,10,2.02977,0.0329238,0.0121485,0.0207754,0.0458753,0.04492,0.000955264,0.232911,0.231861,0.00105018,0.0311113,0.04,0.3,0,0.8,16,35,12,4
Net3,fm30,302,c,random,8,84,3.5045,14.8365,48.7175,-6.22435,15,15,7,0,21,37,50,61,9,-0.539323,7,-0.686963,8,-1.01145,8,-1.42551,9,-0.909468,8,-1.48713,8,-1.67464,8,-1.32982,9,0.333377,10,2.50657,0.030593,0.0123549,0.0182381,0.00545308,0.00545285,2.24981e-07,0.0731786,0.0722964,0.000882169,0.0305534,0.04,0.3,2,0.95,13,35,9,4
Net3,fm30,302,c,random,15,77,2.58422,11.6025,46.7358,-0.595562,15,14,7,1,18,36,46,53,8,0.126232,5,-0.138837,6,-0.718512,8,-0.163088,8,0.271284,8,-1.01167,7,-0.892837,8,-1.16017,9,0.663025,10,2.42902,0.0270866,0.01233,0.0147566,2.31021e-07,2.31021e-07,1.07605e-13,0.000475511,1.93342e-06,0.000473577,0.0302604,0.04,0.3,2,0.95,12,35,10,2
Net3,fm30,302,c,straddle_min,3,89,6.37271,21.7904,44.5626,-14.688,16,15,8,1,9,33,43,57,10,-2.72142,8,-1.69573,9,-1.83215,8,-2.47997,9,-2.04044,8,-1.73048,9,-2.59373,9,-1.3342,9,-0.289694,10,2.02977,0.0329238,0.0121485,0.0207754,0.0458753,0.04492,0.000955264,0.232911,0.231861,0.00105018,0.0311113,0.04,0.3,0,0.8,16,35,12,4
Net3,fm30,302,c,straddle_min,8,84,15.6903,31.111,44.8111,-30.6972,14,14,18,0,9,16,21,33,10,-4.14455,8,-2.9869,9,-2.59467,8,-3.49615,9,-3.13127,7,-2.77428,7,-4.57857,9,-3.1772,8,-3.47447,9,-0.339118,0.263604,0.00568374,0.25792,0.000136005,0.000136005,8.21724e-14,0.556903,0.556637,0.000266493,0.0731551,0.32,0.1,1,0.7,22,35,15,7
Net3,fm30,302,c,straddle_min,15,77,6.38799,15.7526,24.4228,-14.2474,13,12,8,1,17,32,36,44,10,-2.08296,8,-1.10568,9,-0.688985,8,-2.03533,9,-1.62664,7,-0.562606,5,-1.50428,6,-1.79869,6,-2.52074,9,-0.321497,0.00588652,0.00562388,0.000262638,2.50099e-08,2.50099e-08,7.1211e-28,0.280022,0.279996,2.57531e-05,0.0390999,0.08,0.1,2,0.7,20,35,15,5
Net3,fm30,303,c,random,3,89,3.37838,11.9561,100.12,10.2326,22,17,1,5,53,68,69,70,10,0.727131,9,0.459679,9,-0.00647015,8,0.581742,9,0.109195,9,0.40133,9,0.739718,8,1.58647,8,2.02606,10,3.60777,0.0110636,0.00315294,0.00791062,0.0110475,0.0110375,9.99863e-06,0.284844,0.00707225,0.277772,0.0385667,0.04,0.3,0.5,1.1,7,62,7,0
Net3,fm30,303,c,random,8,84,3.00802,11.1558,95.5943,6.35897,22,19,0,3,49,62,62,64,9,0.362853,9,0.0463849,8,-0.425759,8,-0.202731,9,-0.35083,7,-0.074355,8,0.263519,8,1.49357,8,1.7961,10,3.45021,0.00702871,0.00344537,0.00358334,0.000204434,0.000204434,2.53084e-16,0.303617,0.000118278,0.303499,0.0360332,0.08,0.3,2,1.1,8,62,8,0
Net3,fm30,303,c,random,15,77,2.56368,9.88827,80.1353,5.25626,19,17,1,2,37,55,60,60,7,0.0916121,9,-0.146158,7,-0.524256,8,0.11358,9,-0.221648,6,-0.0961699,8,0.395157,8,1.28339,5,0.896209,10,3.46454,0.00382301,0.00354674,0.000276272,6.29924e-10,6.29924e-10,1.55214e-29,0.190107,1.30017e-09,0.190107,0.034749,0.04,0.3,1,1.05,8,62,8,0
Net3,fm30,303,c,straddle_min,3,89,3.37838,11.9561,100.12,10.2326,22,17,1,5,53,68,69,70,10,0.727131,9,0.459679,9,-0.00647015,8,0.581742,9,0.109195,9,0.40133,9,0.739718,8,1.58647,8,2.02606,10,3.60777,0.0110636,0.00315294,0.00791062,0.0110475,0.0110375,9.99863e-06,0.284844,0.00707225,0.277772,0.0385667,0.04,0.3,0.5,1.1,7,62,7,0
Net3,fm30,303,c,straddle_min,8,84,6.4656,17.0757,67.0346,-16.9938,20,20,7,0,30,52,60,66,10,-2.23376,9,-1.48416,9,-1.63554,8,-0.902531,9,-1.36285,8,-1.90942,8,-3.21246,7,-1.45149,8,-2.65564,8,-0.145908,0.00772679,0.00361246,0.00411433,3.50779e-05,3.50779e-05,3.63724e-15,0.206026,0.00458782,0.201438,0.0355277,0.04,0.3,0,1.05,22,62,20,2
Net3,fm30,303,c,straddle_min,15,77,3.85591,10.7395,39.4984,-9.94835,18,18,5,0,39,54,59,60,9,-1.96527,9,-1.16188,9,-1.45895,8,-0.171991,9,-0.358784,6,-0.155989,7,-1.75471,4,-0.422693,8,-2.42259,8,-0.0754931,0.00493704,0.00401661,0.000920434,3.46534e-08,3.46534e-08,4.12762e-32,0.380352,0.000102746,0.38025,0.0320508,0.04,0.3,1,1.05,20,62,20,0
Net3,fm30,304,c,random,3,89,4.73629,16.028,67.1355,8.63913,24,13,0,11,37,63,70,77,10,-1.10367,7,-0.239698,9,0.427782,9,-0.0545587,8,0.669146,9,2.00375,9,0.958414,9,2.42731,9,0.296216,10,3.25443,0.030663,0.00886775,0.0217952,0.238313,0.234712,0.00360096,0.15445,0.151048,0.00340223,0.0339707,0.04,0.1,2,0.75,8,26,8,0
Net3,fm30,304,c,random,8,84,2.79864,13.1386,44.47,-4.35494,23,23,3,0,27,48,58,65,10,-1.40896,6,-1.03914,9,-1.42695,8,-0.760415,7,-0.15428,8,-0.525635,9,-0.58457,8,0.0406916,9,-0.684127,10,2.18845,0.0338788,0.00867411,0.0252047,0.00987289,0.00987275,1.41649e-07,0.0140259,0.0139151,0.000110861,0.0347675,0.04,0.3,1,0.9,18,26,15,3
Net3,fm30,304,c,random,15,77,1.82543,9.85861,39.96,-1.28947,21,21,3,0,24,40,53,61,9,-0.197701,6,-0.690865,9,-0.893093,7,-0.237454,6,0.00733116,8,-0.462435,8,-0.130595,8,-0.0866579,6,-0.65469,10,2.05669,0.010396,0.00977415,0.00062183,4.05814e-06,4.05814e-06,9.34892e-17,3.54824e-05,2.88437e-05,6.63866e-06,0.0276509,0.02,0.3,0.5,0.9,18,26,15,3
Net3,fm30,304,c,straddle_min,3,89,4.73629,16.028,67.1355,8.63913,24,13,0,11,37,63,70,77,10,-1.10367,7,-0.239698,9,0.427782,9,-0.0545587,8,0.669146,9,2.00375,9,0.958414,9,2.42731,9,0.296216,10,3.25443,0.030663,0.00886775,0.0217952,0.238313,0.234712,0.00360096,0.15445,0.151048,0.00340223,0.0339707,0.04,0.1,2,0.75,8,26,8,0
Net3,fm30,304,c,straddle_min,8,84,2.1878,11.067,24.0328,-4.59756,20,20,4,0,27,39,51,55,10,-0.542627,7,-0.551298,9,-1.45288,9,-0.427011,8,0.144121,9,-0.83153,9,-0.770945,8,-0.39974,8,-0.832878,7,1.06722,0.0185757,0.00923924,0.00933646,0.000172631,0.00017263,4.76858e-10,0.00186095,0.00166585,0.000195104,0.0318768,0.04,0.3,1,0.9,18,26,15,3
Net3,fm30,304,c,straddle_min,15,77,10.4659,23.609,36.3855,-22.634,18,18,15,0,4,18,23,38,10,-4.49586,7,-1.9817,8,-2.49265,9,-2.25502,8,-1.4501,6,-2.26453,8,-2.77537,7,-1.71965,8,-3.56414,6,0.364995,0.0161837,0.010077,0.00610668,1.46496e-06,1.46496e-06,1.41443e-18,0.000224569,0.000210711,1.38584e-05,0.0297456,0.02,0.3,0.5,0.9,22,26,15,7
Net3,fm30,305,c,random,3,89,6.36058,18.1737,106.939,14.5514,28,17,0,11,32,52,59,64,10,-1.20101,9,0.343343,9,0.766054,9,0.907119,8,0.670338,9,2.46202,9,2.33694,8,2.42143,9,3.82568,9,2.01953,0.0733397,0.00204031,0.0712994,0.122465,0.122461,3.54633e-06,0.199058,0.147471,0.0515869,0.0567669,0.08,0.1,0.5,0.8,12,76,11,1
Net3,fm30,305,c,random,8,84,5.88859,17.5619,106.534,16.9994,26,19,0,7,19,41,48,55,9,0.851799,9,1.1418,8,0.82068,9,1.35638,7,0.699462,9,1.80309,9,2.35069,7,1.49473,9,3.95937,8,2.52144,0.00538877,0.00345841,0.00193036,0.00883853,0.00883853,2.13782e-12,0.0799989,0.00227947,0.0777194,0.0368275,0.08,0.3,0,1,12,76,11,1
Net3,fm30,305,c,random,15,77,5.16926,14.7848,101.219,13.5783,25,19,1,6,19,42,44,45,8,0.448363,7,0.430572,7,0.335666,8,0.895085,6,0.488866,9,1.37328,9,2.14095,7,1.18404,8,3.53197,8,2.74952,0.00417455,0.00314413,0.00103042,0.000189414,0.000189414,8.87027e-23,0.031278,9.71751e-06,0.0312682,0.0371494,0.08,0.3,0,1,14,76,13,1
Net3,fm30,305,c,straddle_min,3,89,6.36058,18.1737,106.939,14.5514,28,17,0,11,32,52,59,64,10,-1.20101,9,0.343343,9,0.766054,9,0.907119,8,0.670338,9,2.46202,9,2.33694,8,2.42143,9,3.82568,9,2.01953,0.0733397,0.00204031,0.0712994,0.122465,0.122461,3.54633e-06,0.199058,0.147471,0.0515869,0.0567669,0.08,0.1,0.5,0.8,12,76,11,1
Net3,fm30,305,c,straddle_min,8,84,1.86213,8.16348,16.5499,-0.426299,26,25,1,1,57,75,78,78,10,-1.45674,9,-0.299373,9,0.178373,9,0.102488,8,-0.107877,7,1.51184,8,-0.12721,7,0.248624,9,-0.0122975,8,-0.464119,0.0938591,0.00155592,0.0923032,0.00302909,0.00302909,6.88688e-15,0.0962042,0.0502638,0.0459404,0.0648301,0.16,0.1,2,0.75,22,76,21,1
Net3,fm30,305,c,straddle_min,15,77,1.6462,6.2155,18.2473,-2.56954,23,23,1,0,59,67,70,73,10,-1.47443,9,-0.376307,9,-0.337558,9,0.111993,7,-0.139095,6,0.621204,7,-0.446112,4,-0.23405,8,0.183784,8,-0.478967,0.0287199,0.00110196,0.0276179,2.25396e-08,2.25396e-08,1.29321e-27,0.460282,0.00173881,0.458543,0.0551664,0.08,0.3,0,1.1,22,76,21,1
Net3,fm30,306,c,random,3,89,6.18371,18.5924,138.882,9.67087,37,22,0,15,23,48,58,60,10,-1.65509,9,-0.379074,8,0.441803,9,-0.354144,8,-0.785106,9,3.17221,9,2.63372,9,1.80391,9,2.86556,9,1.92708,0.142664,0.000559685,0.142105,0.103483,0.103478,5.24599e-06,0.258712,0.248706,0.0100059,0.0817771,0.08,0.3,1,0.9,16,41,15,1
Net3,fm30,306,c,random,8,84,4.35737,14.0016,123.833,8.99897,36,25,1,11,22,49,54,56,9,-0.148668,9,-0.29279,7,0.079981,8,-0.315638,8,-0.601048,9,2.42471,8,2.47296,9,1.06095,8,2.53038,9,1.78813,0.101701,0.000675437,0.101026,0.00364055,0.00364055,3.81131e-12,0.0215437,0.0207675,0.000776191,0.0718565,0.08,0.3,0.5,0.9,18,41,17,1
Net3,fm30,306,c,random,15,77,3.72598,12.7988,119.658,7.06178,32,23,1,9,18,36,40,49,9,-0.0689785,9,-0.28306,7,-0.0618646,7,-0.549753,7,-0.761262,7,1.61758,8,2.12169,7,0.905324,7,2.28169,9,1.86041,0.0685573,0.000442574,0.0681147,8.01332e-06,8.01332e-06,6.20585e-21,0.00276801,0.002706,6.20038e-05,0.0783762,0.08,0.3,1,0.95,18,41,17,1
Net3,fm30,306,c,straddle_min,3,89,6.18371,18.5924,138.882,9.67087,37,22,0,15,23,48,58,60,10,-1.65509,9,-0.379074,8,0.441803,9,-0.354144,8,-0.785106,9,3.17221,9,2.63372,9,1.80391,9,2.86556,9,1.92708,0.142664,0.000559685,0.142105,0.103483,0.103478,5.24599e-06,0.258712,0.248706,0.0100059,0.0817771,0.08,0.3,1,0.9,16,41,15,1
Net3,fm30,306,c,straddle_min,8,84,20.0522,32.7888,94.6212,-28.7259,33,33,32,0,6,21,29,36,10,-4.86459,9,-2.83141,8,-4.69313,9,-7.09906,8,-6.22156,9,-1.58273,9,-1.90808,7,0.090317,8,-0.187135,7,0.571477,0.335021,0.000241483,0.33478,0.000628453,0.000628232,2.20841e-07,0.0248222,0.0240986,0.000723556,0.129761,0.16,0.3,0.5,0.9,22,41,20,2
Net3,fm30,306,c,straddle_min,15,77,2.13316,10.9455,34.8983,-8.24235,31,31,5,0,13,39,50,58,9,-1.08713,8,-1.478,8,-1.20004,8,-1.47846,8,-1.86014,6,-0.361629,8,-0.752037,7,-0.142573,8,-0.235785,7,0.353434,0.627516,5.82744e-05,0.627457,3.10085e-06,3.10085e-06,8.72688e-17,0.000633906,0.000613262,2.06443e-05,0.211379,0.32,0.3,0.5,0.95,21,41,20,1
Net3,fm30,307,c,random,3,89,6.87775,19.278,38.1215,13.8972,20,10,1,10,33,67,69,72,10,-1.47662,8,0.507432,8,1.25725,8,0.720863,9,0.699016,9,1.72999,9,1.47103,9,2.92673,9,4.15657,10,1.90489,0.0340117,0.0268548,0.00715688,0.26347,0.263433,3.70355e-05,0.0310848,0.0181218,0.012963,0.0219657,0.02,0.03,0.5,0.75,5,72,5,0
Net3,fm30,307,c,random,8,84,9.42357,21.9519,20.9703,-15.7025,19,16,1,3,25,42,58,67,10,-6.10565,7,-2.53931,7,-1.91074,7,-2.06298,9,-2.54875,9,-1.19046,9,-1.31255,8,0.710586,9,1.15665,9,0.100708,0.385764,0.010879,0.374885,0.0928616,0.0928616,1.04873e-10,0.00574566,0.0020616,0.00368406,0.0782509,0.32,0.1,2,0.9,16,72,15,1
Net3,fm30,307,c,random,15,77,4.59222,14.1729,12.7954,-11.2879,17,17,7,0,24,51,64,72,9,-3.28964,6,-1.18115,7,-1.19758,7,-1.2402,9,-1.81333,7,-0.938912,9,-1.40255,8,0.0986688,8,0.493848,7,-0.817033,0.943398,0.000562066,0.942836,0.00254299,0.00254299,7.33421e-16,0.0158032,5.03416e-06,0.0157981,0.289492,0.32,0.1,2,0.9,20,72,19,1
Net3,fm30,307,c,straddle_min,3,89,6.87775,19.278,38.1215,13.8972,20,10,1,10,33,67,69,72,10,-1.47662,8,0.507432,8,1.25725,8,0.720863,9,0.699016,9,1.72999,9,1.47103,9,2.92673,9,4.15657,10,1.90489,0.0340117,0.0268548,0.00715688,0.26347,0.263433,3.70355e-05,0.0310848,0.0181218,0.012963,0.0219657,0.02,0.03,0.5,0.75,5,72,5,0
Net3,fm30,307,c,straddle_min,8,84,4.02241,13.6995,13.5539,-2.47612,15,15,4,0,33,55,70,75,10,-1.8208,8,-0.113967,8,1.13388,8,-0.260614,9,-1.17505,9,0.133715,9,-0.602352,7,0.0913337,7,0.663805,9,-0.52607,0.235923,0.00111812,0.234805,0.0270089,0.0270089,9.58457e-11,0.0644176,0.0609376,0.00348,0.156226,0.16,0.1,0,0.75,17,72,16,1
Net3,fm30,307,c,straddle_min,15,77,2.85614,10.0447,6.08887,-4.80483,12,12,1,0,34,64,67,68,10,-3.14054,8,-0.878887,8,0.0683229,8,-0.279233,9,-0.554639,9,0.251,7,0.426046,4,0.0664917,5,-0.0635555,9,-0.69984,0.986345,3.19526e-06,0.986342,0.000537311,0.000537311,1.8721e-27,0.00114533,0.00114392,1.41348e-06,0.31666,0.32,0.1,2,0.85,19,72,18,1
