net,variant,seed,model,rule,n,n_uns,sse,sae,sse_ln,se,n_true_viol,tp,fp,fn,in50,in80,in90,in95,age1_n,age1_se,age2_n,age2_se,age3_n,age3_se,age4_n,age4_se,age5_n,age5_se,age6_n,age6_se,age7_n,age7_se,age8_n,age8_se,age9_n,age9_se,age10_n,age10_se,kb_edge,kb_low,kb_high,kw_edge,kw_low,kw_high,dose_edge,dose_low,dose_high,post_kb_geo,map_kb,map_kw,map_gamma,map_dose,watch_n_flagged
Net2,main,300,a,random,3,32,2.02412,7.59983,11.1904,-6.4382,7,7,19,0,3,25,30,31,2,0.541319,3,-0.268438,4,-1.17688,3,-0.559706,4,-1.0319,3,-0.637539,3,-0.771256,4,-0.923319,3,-0.881985,3,-0.728499,0.479563,0.437424,0.0421389,0.659931,0.656587,0.00334311,0.388662,0.171651,0.217012,0.203222,0.1,0.1,0.5,0.9,
Net2,main,300,b,random,3,32,0.265421,2.15262,0.56433,-0.865223,7,7,6,0,28,31,32,32,2,0.432615,3,0.00612385,4,-0.31826,3,0.00911596,4,-0.198887,3,-0.0085284,3,-0.131312,4,-0.188415,3,-0.295068,3,-0.172608,0.201541,0.125823,0.0757182,0.110099,0.110056,4.2787e-05,0.124457,0.037222,0.0872354,0.0255004,0.32,0.03,2,0.9,
Net2,main,300,c,random,3,32,0.227848,1.79136,0.382363,-0.408397,7,7,5,0,27,31,32,32,2,0.432966,3,0.00112018,4,-0.250328,3,0.0791483,4,-0.13786,3,0.021915,3,-0.0754776,4,-0.120731,3,-0.225235,3,-0.133915,0.0221377,0.00692276,0.0152149,0.125278,0.125241,3.72476e-05,0.128434,0.0409965,0.0874378,0.0364102,0.04,0.1,1,0.9,4
Net2,main,300,d,random,3,32,6.72928,14.0875,11.2453,12.5548,7,0,0,7,,,,,2,-0.518597,3,0.162237,4,1.74001,3,1.42527,4,1.71429,3,1.08316,3,1.3386,4,2.25094,3,1.54922,3,1.80964,,,,,,,,,,,,,,,
Net2,main,300,e,random,3,32,4.52072,7.4818,5.54352,1.95237,7,6,17,1,,,,,2,-0.268074,3,0.869562,4,2.52836,3,0.717942,4,-0.613966,3,-0.663026,3,-0.407594,4,-0.0773173,3,-0.196966,3,0.0634518,,,,,,,,,,,,,,,
Net2,main,300,f,random,3,32,0.220957,1.79723,0.383472,-0.53053,7,6,4,1,,,,,2,0.301693,3,-0.14221,4,-0.14316,3,0.138633,4,-0.289498,3,-0.0227294,3,-0.128317,4,-0.0842583,3,-0.179102,3,0.0184193,,,,,,,,,,,,,,,
Net2,main,300,a,random,8,27,0.689616,3.83585,2.24432,-2.97945,5,5,10,0,7,21,27,27,1,0.428203,3,-0.262857,4,-0.687646,3,-0.251531,4,-0.621182,3,-0.307928,3,-0.432667,2,-0.225666,2,-0.331262,2,-0.28691,0.87328,0.873231,4.8704e-05,0.771274,0.771269,4.24203e-06,0.387007,0.226574,0.160432,0.112765,0.1,0.1,0,0.9,
Net2,main,300,b,random,8,27,0.388703,3.03984,1.29267,-3.02782,5,4,6,1,5,13,21,26,1,-0.0796975,3,-0.324553,4,-0.403495,3,-0.175906,4,-0.608881,3,-0.437577,3,-0.385577,2,-0.182299,2,-0.237083,2,-0.192756,0.174462,0.174446,1.54681e-05,0.0528582,0.0528582,3.40268e-09,0.0505388,0.0362476,0.0142912,0.0139867,0.01,0.1,0.5,0.8,
Net2,main,300,c,random,8,27,0.180053,1.97799,0.602268,-1.55803,5,4,4,1,15,26,26,26,1,0.113603,3,-0.196815,4,-0.218242,3,0.0280455,4,-0.350724,3,-0.182491,3,-0.245495,2,-0.134898,2,-0.200924,2,-0.170086,0.00951768,0.0095146,3.08117e-06,0.0599634,0.0599634,1.60784e-09,0.0594802,0.0484164,0.0110638,0.027733,0.04,0.03,2,0.8,6
Net2,main,300,d,random,8,27,2.05788,6.9048,3.96092,4.42449,5,0,0,5,,,,,1,-0.536794,3,-0.521188,4,0.82878,3,0.741842,4,0.803053,3,0.399739,3,0.65517,2,0.631066,2,0.633747,2,0.789075,,,,,,,,,,,,,,,
Net2,main,300,e,random,8,27,4.23009,5.95474,4.65992,4.19912,5,1,0,4,,,,,1,-0.13485,3,0.918436,4,2.69214,3,1.04552,4,0.0659252,3,-0.425304,3,-0.0183144,2,-0.098106,2,-0.000830188,2,0.154498,,,,,,,,,,,,,,,
Net2,main,300,f,random,8,27,0.194115,1.51534,0.280366,-0.28934,5,5,2,0,,,,,1,0.329217,3,-0.14221,4,-0.14316,3,0.138633,4,-0.289498,3,-0.0227294,3,-0.128317,2,0.00204144,2,-0.0313848,2,-0.00193113,,,,,,,,,,,,,,,
Net2,main,300,a,random,15,20,0.404617,2.37969,1.10256,-1.5474,5,5,4,0,9,15,17,19,1,0.416141,1,-0.0296524,3,-0.35946,2,-0.149179,3,-0.282713,2,-0.179628,3,-0.371526,2,-0.207628,1,-0.121721,2,-0.262037,0.948357,0.948354,2.14311e-06,0.835077,0.835077,1.06466e-10,0.397662,0.291593,0.106069,0.104917,0.1,0.1,0,0.9,
Net2,main,300,b,random,15,20,0.181123,1.76089,0.593995,-1.38436,5,4,3,1,5,11,17,20,1,-0.0119233,1,-0.0284496,3,-0.0555066,2,-0.00898005,3,-0.346503,2,-0.257764,3,-0.329354,2,-0.14938,1,-0.0607168,2,-0.135787,0.139106,0.139106,8.07185e-10,0.00361747,0.00361747,3.90364e-17,0.0024682,0.00121433,0.00125387,0.0139147,0.04,0.03,2,0.85,
Net2,main,300,c,random,15,20,0.220612,1.93139,0.721079,-1.34284,5,4,4,1,5,9,11,17,1,0.0534842,1,0.0125151,3,-0.00328594,2,0.000846303,3,-0.378752,2,-0.27254,3,-0.368623,2,-0.241908,1,-0.0466689,2,-0.0979131,0.00643345,0.00643345,1.3634e-10,0.00469905,0.00469905,1.16701e-17,0.00237617,0.00157815,0.000798015,0.0258128,0.04,0.03,2,0.85,6
Net2,main,300,d,random,15,20,2.89444,7.33785,5.37037,6.20923,5,0,0,5,,,,,1,-0.406724,1,-0.157588,3,1.05745,2,0.808394,3,0.893191,2,0.499312,3,1.04538,2,0.891206,1,0.529394,2,1.04922,,,,,,,,,,,,,,,
Net2,main,300,e,random,15,20,4.34309,6.51384,5.20734,6.09231,5,1,0,4,,,,,1,-0.13485,1,0.0654114,3,1.36664,2,1.10351,3,1.26922,2,1.15986,3,0.552891,2,0.473099,1,0.0820355,2,0.154498,,,,,,,,,,,,,,,
Net2,main,300,f,random,15,20,0.150475,1.051,0.175656,-0.0835356,5,5,1,0,,,,,1,0.329217,1,-0.0229409,3,-0.123799,2,0.00936684,3,-0.18925,2,0.00339561,3,-0.128317,2,0.00204144,1,0.0386819,2,-0.00193113,,,,,,,,,,,,,,,
Net2,main,300,a,straddle_min,3,32,2.02412,7.59983,11.1904,-6.4382,7,7,19,0,3,25,30,31,2,0.541319,3,-0.268438,4,-1.17688,3,-0.559706,4,-1.0319,3,-0.637539,3,-0.771256,4,-0.923319,3,-0.881985,3,-0.728499,0.479563,0.437424,0.0421389,0.659931,0.656587,0.00334311,0.388662,0.171651,0.217012,0.203222,0.1,0.1,0.5,0.9,
Net2,main,300,a,straddle_min,8,27,0.459392,3.11041,1.81674,-2.35223,6,6,9,0,9,16,23,27,2,0.328004,3,-0.124903,3,-0.486756,2,-0.135457,3,-0.264017,2,-0.112179,3,-0.264861,3,-0.419816,3,-0.485927,3,-0.386313,0.816567,0.816531,3.55839e-05,0.91649,0.91649,1.42268e-08,0.379759,0.208666,0.171093,0.119106,0.1,0.1,0.5,0.9,
Net2,main,300,a,straddle_min,15,20,0.285296,1.94071,1.27367,-1.15172,6,6,3,0,8,15,17,19,2,0.269702,2,-0.0241102,1,-0.119506,1,0.0792589,3,-0.257751,2,-0.0565899,1,0.0113239,3,-0.424941,2,-0.315187,3,-0.313916,0.967477,0.967477,3.69154e-10,0.967547,0.967547,4.19927e-17,0.37781,0.234841,0.142969,0.103029,0.1,0.1,0.5,0.95,
Net2,main,300,b,straddle_min,3,32,0.265421,2.15262,0.56433,-0.865223,7,7,6,0,28,31,32,32,2,0.432615,3,0.00612385,4,-0.31826,3,0.00911596,4,-0.198887,3,-0.0085284,3,-0.131312,4,-0.188415,3,-0.295068,3,-0.172608,0.201541,0.125823,0.0757182,0.110099,0.110056,4.2787e-05,0.124457,0.037222,0.0872354,0.0255004,0.32,0.03,2,0.9,
Net2,main,300,b,straddle_min,8,27,0.050387,0.841265,0.0975839,0.0833028,6,6,0,0,25,27,27,27,2,0.136058,3,0.0903489,2,-0.042719,2,0.0688767,3,-0.0821636,3,0.0285907,3,-0.0168394,4,-0.000892124,2,-0.0337524,3,-0.0642045,0.237831,0.23783,8.68672e-07,0.0328645,0.0328635,1.03817e-06,0.0587206,0.0559883,0.00273229,0.00866445,0.0025,0.1,0,0.8,
Net2,main,300,b,straddle_min,15,20,0.854824,2.48583,1.17819,0.288722,4,4,1,0,12,15,17,20,2,1.02954,3,0.23148,2,0.100176,1,0.0260744,3,-0.177756,3,-0.035639,1,-0.132838,3,-0.518521,0,0,2,-0.233799,0.356653,0.356653,2.53993e-11,0.000348011,0.000348011,2.9259e-12,0.388051,0.00131397,0.386737,0.00543075,0.0025,0.3,0.5,1.1,
Net2,main,300,c,straddle_min,3,32,0.227848,1.79136,0.382363,-0.408397,7,7,5,0,27,31,32,32,2,0.432966,3,0.00112018,4,-0.250328,3,0.0791483,4,-0.13786,3,0.021915,3,-0.0754776,4,-0.120731,3,-0.225235,3,-0.133915,0.0221377,0.00692276,0.0152149,0.125278,0.125241,3.72476e-05,0.128434,0.0409965,0.0874378,0.0364102,0.04,0.1,1,0.9,4
Net2,main,300,d,straddle_min,3,32,6.72928,14.0875,11.2453,12.5548,7,0,0,7,,,,,2,-0.518597,3,0.162237,4,1.74001,3,1.42527,4,1.71429,3,1.08316,3,1.3386,4,2.25094,3,1.54922,3,1.80964,,,,,,,,,,,,,,,
Net2,main,300,e,straddle_min,3,32,4.52072,7.4818,5.54352,1.95237,7,6,17,1,,,,,2,-0.268074,3,0.869562,4,2.52836,3,0.717942,4,-0.613966,3,-0.663026,3,-0.407594,4,-0.0773173,3,-0.196966,3,0.0634518,,,,,,,,,,,,,,,
Net2,main,300,f,straddle_min,3,32,0.220957,1.79723,0.383472,-0.53053,7,6,4,1,,,,,2,0.301693,3,-0.14221,4,-0.14316,3,0.138633,4,-0.289498,3,-0.0227294,3,-0.128317,4,-0.0842583,3,-0.179102,3,0.0184193,,,,,,,,,,,,,,,
Net2,main,300,c,straddle_min,8,27,0.195644,1.6926,0.367689,0.718899,6,5,2,1,18,25,26,27,2,0.243928,3,-0.0651906,3,-0.17206,2,0.158236,3,0.124433,3,0.259252,3,0.0999015,4,0.0632894,1,-0.0110967,3,0.0182061,0.00659322,0.00654382,4.94061e-05,0.0197973,0.0197973,8.79614e-11,0.103907,0.0996074,0.00429998,0.0365435,0.08,0.1,0,0.8,3
Net2,main,300,d,straddle_min,8,27,2.48975,7.70364,4.72336,4.53183,6,0,0,6,,,,,2,-0.928377,3,-0.452434,3,0.646543,2,0.453366,3,0.571734,3,0.468492,3,0.723924,4,1.43137,1,0.422242,3,1.19497,,,,,,,,,,,,,,,
Net2,main,300,e,straddle_min,8,27,0.701689,3.33348,1.43767,1.00776,6,2,3,4,,,,,2,-0.268074,3,0.389773,3,0.619236,2,-0.0983979,3,-0.255912,3,-0.143271,3,-0.133052,4,0.0959344,1,0.218321,3,0.583207,,,,,,,,,,,,,,,
Net2,main,300,f,straddle_min,8,27,0.182672,1.42471,0.237433,-0.15801,6,5,2,1,,,,,2,0.301693,3,-0.14221,3,-0.112652,2,0.162613,3,-0.18925,3,-0.0227294,3,-0.128317,4,-0.0842583,1,0.0386819,3,0.0184193,,,,,,,,,,,,,,,
Net2,main,300,c,straddle_min,15,20,0.0650875,0.907952,0.260777,-0.184336,3,3,0,0,16,19,19,19,2,0.0940442,3,-0.131937,2,-0.117484,2,0.0687733,3,-0.0479073,3,0.0982894,1,0.0487773,2,-0.118242,1,-0.0287408,1,-0.0499094,0.0164011,0.0164011,4.82481e-11,0.00891137,0.00891137,5.80115e-18,0.114053,0.107008,0.0070443,0.0192751,0.02,0.1,0.5,0.8,3
Net2,main,300,d,straddle_min,15,20,1.51359,4.43682,2.44017,0.558993,3,0,0,3,,,,,2,-1.10488,3,-0.717189,2,0.17313,2,0.276863,3,0.306979,3,0.203737,1,0.17572,2,0.547787,1,0.33399,1,0.362855,,,,,,,,,,,,,,,
Net2,main,300,e,straddle_min,15,20,0.749505,3.09752,1.4597,1.09166,3,1,0,2,,,,,2,-0.268074,3,0.389773,2,0.713441,2,0.113836,3,-0.340935,3,-0.243573,1,0.0600509,2,0.143197,1,0.134581,1,0.38936,,,,,,,,,,,,,,,
Net2,main,300,f,straddle_min,15,20,0.158802,1.0856,0.157507,0.140399,3,3,0,0,,,,,2,0.301693,3,-0.14221,2,-0.0258355,2,0.162613,3,-0.18925,3,-0.0227294,1,0.0402489,2,-0.0325707,1,0.0386819,1,0.00975855,,,,,,,,,,,,,,,
Net2,main,301,a,random,3,32,3.44733,9.90451,10.9927,-9.90451,0,0,14,0,13,24,32,32,2,-0.228063,3,-0.914042,4,-1.62415,3,-1.20403,4,-0.910232,3,-0.59233,3,-0.780751,4,-1.38958,3,-1.0411,3,-1.22022,0.47976,0.416596,0.0631633,0.675579,0.655775,0.0198038,0.387627,0.124139,0.263488,0.21264,0.1,0.1,0,1.05,
Net2,main,301,b,random,3,32,0.352087,2.47718,0.28514,1.63858,0,0,0,0,30,30,32,32,2,0.599263,3,0.182309,4,-0.0825187,3,0.0501822,4,0.338304,3,0.221886,3,0.24146,4,0.12459,3,0.106196,3,-0.143088,0.24787,0.1495,0.0983702,0.361601,0.361437,0.000163197,0.211993,1.50593e-05,0.211978,0.0231709,0.01,0.03,2,1.05,
Net2,main,301,c,random,3,32,0.39948,2.81948,0.36162,2.18985,0,0,0,0,27,30,32,32,2,0.552164,3,0.149655,4,0.00345455,3,0.131044,4,0.479332,3,0.302285,3,0.328998,4,0.213073,3,0.15469,3,-0.12485,0.0290708,0.0143495,0.0147213,0.302363,0.302184,0.000179159,0.204779,1.64562e-05,0.204763,0.028481,0.04,0.1,0,1.05,0
Net2,main,301,d,random,3,32,27.0776,28.5265,17.7616,28.5265,0,0,0,0,,,,,2,0.91358,3,1.46695,4,3.63911,3,2.64528,4,3.75177,3,2.44766,3,2.83023,4,4.21865,3,3.2207,3,3.39256,,,,,,,,,,,,,,,
Net2,main,301,e,random,3,32,14.5401,19.8193,10.0753,19.8193,0,0,0,0,,,,,2,1.4235,3,2.23184,4,3.92565,3,1.94356,4,1.83841,3,1.01264,3,1.39521,4,2.30529,3,1.78568,3,1.95754,,,,,,,,,,,,,,,
Net2,main,301,f,random,3,32,0.105722,1.39246,0.105735,0.108836,0,0,0,0,,,,,2,-0.039302,3,-0.283743,4,0.174139,3,0.121336,4,0.0639981,3,0.04936,3,0.0496041,4,-0.0248542,3,0.0571234,3,-0.0588249,,,,,,,,,,,,,,,
Net2,main,301,a,random,8,27,0.558558,3.21345,1.31315,-2.86819,0,0,4,0,12,14,16,17,2,0.124999,3,-0.387077,2,-0.381105,2,-0.413565,2,-0.16187,3,-0.0704487,3,-0.0775569,4,-0.49887,3,-0.393685,3,-0.609008,0.96193,0.961929,1.49843e-06,0.987951,0.987951,3.08544e-09,0.400042,0.0563595,0.343683,0.103588,0.1,0.1,0,1.05,
Net2,main,301,b,random,8,27,0.23126,2.00851,0.456308,-1.49292,0,0,1,0,12,21,22,23,2,0.185339,3,-0.1949,2,-0.257784,2,-0.211987,2,-0.106782,3,-0.0264862,3,-0.0570261,4,-0.268473,3,-0.158994,3,-0.39583,0.0804222,0.0804168,5.39074e-06,0.0930414,0.0930414,1.88532e-16,0.144966,3.17291e-07,0.144965,0.0292025,0.08,0.1,0,1.05,
Net2,main,301,c,random,8,27,0.225531,1.96451,0.439346,-1.40367,0,0,1,0,12,20,21,23,2,0.19401,3,-0.191942,2,-0.25397,2,-0.21235,2,-0.10415,3,-0.0189526,3,-0.0422852,4,-0.245018,3,-0.144039,3,-0.384972,0.00553377,0.00553319,5.78311e-07,0.0659319,0.0659319,1.05727e-16,0.135873,1.45846e-07,0.135873,0.0368673,0.04,0.1,0.5,1.05,0
Net2,main,301,d,random,8,27,8.58115,14.0855,7.77014,13.7136,0,0,0,0,,,,,2,0.131043,3,0.293146,2,1.18443,2,1.11909,2,1.13644,3,1.27385,3,1.65642,4,2.65357,3,2.0469,3,2.21875,,,,,,,,,,,,,,,
Net2,main,301,e,random,8,27,3.9949,8.29815,3.12436,7.57554,0,0,0,0,,,,,2,1.4235,3,1.17939,2,0.450815,2,0.385476,2,0.0819181,3,-0.307935,3,0.514824,4,0.984713,3,1.34549,3,1.51735,,,,,,,,,,,,,,,
Net2,main,301,f,random,8,27,0.0979873,1.21039,0.0973378,-0.0732301,0,0,0,0,,,,,2,-0.039302,3,-0.283743,2,0.0983686,2,0.0827486,2,-0.00371092,3,0.04936,3,0.0496041,4,-0.0248542,3,0.0571234,3,-0.0588249,,,,,,,,,,,,,,,
Net2,main,301,a,random,15,20,0.344111,2.16522,0.77204,-1.73618,0,0,2,0,7,11,11,11,2,0.21452,2,-0.250337,1,-0.138566,2,-0.365608,2,-0.181841,3,-0.062082,3,-0.127429,2,-0.403119,1,-0.0799428,2,-0.341772,0.9989,0.9989,4.08153e-13,0.999282,0.999282,1.85023e-16,0.433822,0.0186916,0.41513,0.100101,0.1,0.1,0,1.1,
Net2,main,301,b,random,15,20,0.147959,1.40031,0.257392,-0.948994,0,0,1,0,8,14,16,16,2,0.173878,2,-0.185171,1,-0.0889832,2,-0.250777,2,-0.118488,3,0.00775331,3,-0.0762401,2,-0.207019,1,-0.00504814,2,-0.198897,0.0606934,0.0606934,1.28333e-13,0.0189667,0.0189667,1.22954e-30,0.129477,6.99821e-09,0.129477,0.0261277,0.04,0.1,0.5,1.05,
Net2,main,301,c,random,15,20,0.147072,1.38915,0.254071,-0.939455,0,0,1,0,7,13,16,16,2,0.180343,2,-0.194784,1,-0.0893968,2,-0.232293,2,-0.113285,3,-0.0018299,3,-0.0687296,2,-0.209414,1,-0.00469033,2,-0.205375,0.00351554,0.00351554,1.15897e-14,0.0173378,0.0173378,3.65386e-31,0.112487,2.09814e-09,0.112487,0.0338119,0.04,0.1,0.5,1.05,0
Net2,main,301,d,random,15,20,3.92281,8.15053,3.93758,7.50412,0,0,0,0,,,,,2,-0.110713,2,0.145702,1,0.503234,2,0.877335,2,0.894688,3,0.91122,3,1.29379,2,1.17655,1,0.559454,2,1.25286,,,,,,,,,,,,,,,
Net2,main,301,e,random,15,20,3.34606,5.82256,2.80924,5.36317,0,0,0,0,,,,,2,1.4235,2,0.145604,1,0.296716,2,0.947966,2,0.0819181,3,-0.160741,3,0.221828,2,1.26936,1,0.153069,2,0.983948,,,,,,,,,,,,,,,
Net2,main,301,f,random,15,20,0.0609969,0.787929,0.0610745,0.0645927,0,0,0,0,,,,,2,-0.039302,2,-0.135376,1,0.0435428,2,0.0827486,2,-0.00371092,3,0.04936,3,0.0496041,2,-0.0604172,1,0.0718725,2,0.00627091,,,,,,,,,,,,,,,
Net2,main,301,a,straddle_min,3,32,3.44733,9.90451,10.9927,-9.90451,0,0,14,0,13,24,32,32,2,-0.228063,3,-0.914042,4,-1.62415,3,-1.20403,4,-0.910232,3,-0.59233,3,-0.780751,4,-1.38958,3,-1.0411,3,-1.22022,0.47976,0.416596,0.0631633,0.675579,0.655775,0.0198038,0.387627,0.124139,0.263488,0.21264,0.1,0.1,0,1.05,
Net2,main,301,a,straddle_min,8,27,0.564633,3.22479,1.32888,-2.38821,0,0,5,0,15,21,23,25,2,0.26471,3,-0.294854,3,-0.492946,2,-0.248232,3,0.0151307,3,-0.156328,3,-0.189,4,-0.593921,2,-0.248892,2,-0.443881,0.925658,0.925619,3.96993e-05,0.991884,0.991884,6.96373e-10,0.411511,0.0633464,0.348164,0.107347,0.1,0.1,0.5,1.1,
Net2,main,301,a,straddle_min,15,20,0.952346,4.1796,1.58263,-3.43156,0,0,1,0,1,12,17,17,2,0.374022,3,-0.47293,1,-0.155163,1,-0.227654,3,-0.562481,3,-0.767262,3,-0.724641,2,-0.458281,1,-0.21612,1,-0.221047,0.996722,0.996722,4.52069e-10,0.999378,0.999378,5.26098e-18,0.414281,0.0425469,0.371734,0.100301,0.1,0.1,0,1.05,
Net2,main,301,b,straddle_min,3,32,0.352087,2.47718,0.28514,1.63858,0,0,0,0,30,30,32,32,2,0.599263,3,0.182309,4,-0.0825187,3,0.0501822,4,0.338304,3,0.221886,3,0.24146,4,0.12459,3,0.106196,3,-0.143088,0.24787,0.1495,0.0983702,0.361601,0.361437,0.000163197,0.211993,1.50593e-05,0.211978,0.0231709,0.01,0.03,2,1.05,
Net2,main,301,b,straddle_min,8,27,0.246421,2.14295,0.301055,-0.552775,0,0,0,0,25,27,27,27,2,-0.0213233,3,-0.420834,4,-0.262534,2,-0.214351,4,0.209805,3,0.13382,3,0.0883375,3,-0.164577,2,0.113567,1,-0.0146849,0.15635,0.156341,9.62996e-06,0.277837,0.277837,5.36027e-14,0.126107,1.60061e-05,0.126091,0.0152077,0.01,0.03,2,1.05,
Net2,main,301,b,straddle_min,15,20,0.934362,3.47138,0.760759,2.8873,0,0,0,0,9,14,16,18,2,0.383472,3,0.0849119,2,0.44499,2,0.256087,3,1.10917,3,0.302136,3,0.17186,1,0.0839065,1,0.0507605,0,0,0.267245,0.267245,4.02879e-12,0.00480166,0.00480166,1.93618e-31,0.0883711,2.3583e-05,0.0883475,0.00718538,0.0025,0.03,2,1,
Net2,main,301,c,straddle_min,3,32,0.39948,2.81948,0.36162,2.18985,0,0,0,0,27,30,32,32,2,0.552164,3,0.149655,4,0.00345455,3,0.131044,4,0.479332,3,0.302285,3,0.328998,4,0.213073,3,0.15469,3,-0.12485,0.0290708,0.0143495,0.0147213,0.302363,0.302184,0.000179159,0.204779,1.64562e-05,0.204763,0.028481,0.04,0.1,0,1.05,0
Net2,main,301,d,straddle_min,3,32,27.0776,28.5265,17.7616,28.5265,0,0,0,0,,,,,2,0.91358,3,1.46695,4,3.63911,3,2.64528,4,3.75177,3,2.44766,3,2.83023,4,4.21865,3,3.2207,3,3.39256,,,,,,,,,,,,,,,
Net2,main,301,e,straddle_min,3,32,14.5401,19.8193,10.0753,19.8193,0,0,0,0,,,,,2,1.4235,3,2.23184,4,3.92565,3,1.94356,4,1.83841,3,1.01264,3,1.39521,4,2.30529,3,1.78568,3,1.95754,,,,,,,,,,,,,,,
Net2,main,301,f,straddle_min,3,32,0.105722,1.39246,0.105735,0.108836,0,0,0,0,,,,,2,-0.039302,3,-0.283743,4,0.174139,3,0.121336,4,0.0639981,3,0.04936,3,0.0496041,4,-0.0248542,3,0.0571234,3,-0.0588249,,,,,,,,,,,,,,,
Net2,main,301,c,straddle_min,8,27,0.161956,1.74561,0.194024,-0.979882,0,0,0,0,24,27,27,27,2,0.19409,3,-0.284277,4,-0.266245,2,-0.228989,4,0.0948643,3,-0.143578,3,-0.0688488,3,-0.227408,2,0.024749,1,-0.0742398,0.0105008,0.0104996,1.21873e-06,0.352863,0.352863,1.65771e-13,0.110202,8.45698e-06,0.110193,0.0276389,0.02,0.03,2,1.05,0
Net2,main,301,d,straddle_min,8,27,4.47359,10.2942,4.03474,9.31369,0,0,0,0,,,,,2,-0.0866393,3,-0.0333779,4,1.63867,2,0.577068,4,1.75133,3,0.94733,3,1.3299,3,1.52172,2,1.10376,1,0.563937,,,,,,,,,,,,,,,
Net2,main,301,e,straddle_min,8,27,5.88459,12.0388,4.4467,12.0388,0,0,0,0,,,,,2,1.4235,3,1.35837,4,1.30527,2,0.553383,4,1.77119,3,1.01264,3,1.36159,3,1.51981,2,1.14729,1,0.585707,,,,,,,,,,,,,,,
Net2,main,301,f,straddle_min,8,27,0.0955394,1.20365,0.0848398,0.120817,0,0,0,0,,,,,2,-0.039302,3,-0.283743,4,0.174139,2,0.053434,4,0.0639981,3,0.04936,3,0.0496041,3,-0.0192651,2,0.0868329,1,-0.0142404,,,,,,,,,,,,,,,
Net2,main,301,c,straddle_min,15,20,0.134148,1.3198,0.114988,1.0957,0,0,0,0,19,20,20,20,2,0.333543,3,-0.0216943,3,-0.0248042,1,0.082619,4,0.281892,3,0.230146,2,0.0622145,1,0.0837417,1,0.0680416,0,0,0.0284849,0.0284849,7.23718e-11,0.0709405,0.0709405,8.63302e-31,0.114467,6.18332e-07,0.114466,0.0155831,0.02,0.03,2,1.05,1
Net2,main,301,d,straddle_min,15,20,1.71751,5.5861,1.56275,3.80799,0,0,0,0,,,,,2,-0.286042,3,-0.332482,3,0.824294,1,0.143837,4,1.35253,3,0.648226,2,0.624054,1,0.361792,1,0.471789,0,0,,,,,,,,,,,,,,,
Net2,main,301,e,straddle_min,15,20,2.84781,6.2484,1.70283,3.3618,0,0,0,0,,,,,2,1.4235,3,1.35837,3,0.768225,1,-0.296084,4,-0.161314,3,-0.607533,2,0.645043,1,-0.0461266,1,0.277711,0,0,,,,,,,,,,,,,,,
Net2,main,301,f,straddle_min,15,20,0.0806268,0.934837,0.0620226,0.0640833,0,0,0,0,,,,,2,-0.039302,3,-0.283743,3,0.130596,1,0.0385875,4,0.0639981,3,0.04936,2,-0.0398195,1,0.0725336,1,0.0718725,0,0,,,,,,,,,,,,,,,
Net2,main,302,a,random,3,32,0.296102,2.59411,1.01688,-1.00973,16,16,7,0,30,32,32,32,4,0.415825,3,0.172354,3,-0.291005,3,-0.110885,4,-0.374036,3,-0.12026,3,-0.104819,3,-0.257448,3,-0.212008,3,-0.127449,0.695139,0.692493,0.0026468,0.787305,0.786518,0.000787564,0.390039,0.16068,0.229359,0.137088,0.1,0.1,0,0.9,
Net2,main,302,b,random,3,32,0.250214,2.1789,0.756244,1.53213,16,10,0,6,24,31,31,31,4,-0.145682,3,0.240816,3,0.282576,3,0.406332,4,0.160058,3,0.176572,3,0.31758,3,0.105183,3,0.010926,3,-0.0222278,0.084444,0.0641235,0.0203204,0.377498,0.377485,1.33558e-05,0.106708,0.0781853,0.0285225,0.0481012,0.16,0.01,0,0.75,
Net2,main,302,c,random,3,32,0.261595,2.24153,0.819859,1.8314,16,9,0,7,26,30,31,31,4,-0.118546,3,0.247434,3,0.280903,3,0.431807,4,0.193432,3,0.242627,3,0.337124,3,0.103268,3,0.069072,3,0.0442778,0.00860223,0.00604712,0.00255511,0.319989,0.319978,1.09742e-05,0.126169,0.100964,0.0252046,0.046232,0.08,0.01,2,0.75,5
Net2,main,302,d,random,3,32,8.32743,15.5994,16.757,12.4953,16,0,0,16,,,,,4,-1.31388,3,0.231794,3,1.53119,3,1.61446,4,1.9437,3,1.341,3,1.67862,3,1.83242,3,1.70906,3,1.92688,,,,,,,,,,,,,,,
Net2,main,302,e,random,3,32,8.37599,12.513,12.7438,12.1597,16,0,0,16,,,,,4,0.474837,3,1.57333,3,2.02917,3,2.95599,4,1.20175,3,0.151871,3,0.835068,3,1.68002,3,0.519935,3,0.737754,,,,,,,,,,,,,,,
Net2,main,302,f,random,3,32,0.0997628,1.34126,0.283051,-0.339035,16,15,1,1,,,,,4,-0.235095,3,-0.0241987,3,-0.0852614,3,0.0809692,4,-0.150454,3,0.133043,3,0.0817391,3,-0.0121749,3,-0.106332,3,-0.0212708,,,,,,,,,,,,,,,
Net2,main,302,a,random,8,27,0.150449,1.52276,0.656846,-1.25752,15,15,4,0,18,26,27,27,4,-0.32021,1,-0.00610112,3,-0.201997,3,0.0354723,2,-0.229015,3,-0.17825,3,0.0240369,3,-0.0720453,3,-0.198555,2,-0.110857,0.788489,0.788419,7.00666e-05,0.839509,0.839508,7.83522e-07,0.380787,0.212975,0.167812,0.122249,0.1,0.1,0,0.9,
Net2,main,302,b,random,8,27,0.315044,2.0717,0.655093,-0.0741366,15,9,1,6,20,23,23,23,4,-0.723945,1,-0.0433533,3,0.124235,3,0.348459,2,0.00536091,3,0.0849945,3,0.279032,3,0.0375014,3,-0.0872562,2,-0.0991654,0.0161273,0.016036,9.12961e-05,0.525806,0.525806,1.32538e-09,0.0766173,0.0723896,0.00422768,0.0871717,0.16,0.01,0.5,0.75,
Net2,main,302,c,random,8,27,0.29821,2.02638,0.648418,0.284039,15,9,1,6,21,23,23,24,4,-0.674444,1,-0.0282505,3,0.172701,3,0.363812,2,0.0316269,3,0.104707,3,0.311846,3,0.0854534,3,-0.0216194,2,-0.0617945,0.0016115,0.00159936,1.21408e-05,0.433916,0.433916,8.40759e-10,0.108302,0.103547,0.00475479,0.0721189,0.08,0.03,0,0.7,6
Net2,main,302,d,random,8,27,8.15685,14.1697,15.8755,11.6355,15,0,0,15,,,,,4,-1.15063,1,-0.116471,3,1.65362,3,1.73689,2,1.10192,3,1.46343,3,1.80105,3,1.95485,3,1.8315,2,1.35933,,,,,,,,,,,,,,,
Net2,main,302,e,random,8,27,11.1467,14.4199,16.9543,12.5054,15,0,0,15,,,,,4,-0.902755,1,-0.0545014,3,1.84294,3,1.15972,2,1.85132,3,1.77564,3,2.11327,3,2.14633,3,1.58405,2,0.989417,,,,,,,,,,,,,,,
Net2,main,302,f,random,8,27,0.0958017,1.20499,0.268579,-0.202762,15,14,1,1,,,,,4,-0.235095,1,0.023691,3,-0.0852614,3,0.0809692,2,-0.0891004,3,0.133043,3,0.0817391,3,-0.0121749,3,-0.106332,2,0.00575979,,,,,,,,,,,,,,,
Net2,main,302,a,random,15,20,0.0950778,1.13043,0.196301,-0.176865,9,8,1,1,16,18,20,20,4,-0.152878,1,-0.0216132,2,-0.060992,3,0.195549,1,-0.0546638,2,0.0337691,0,0,3,-0.100533,2,-0.0159771,2,0.000474424,0.941761,0.941761,1.5783e-08,0.960519,0.960519,7.37183e-11,0.389995,0.278196,0.111799,0.105492,0.1,0.1,0,0.9,
Net2,main,302,b,random,15,20,0.0965438,1.03999,0.309548,0.446165,9,7,1,2,18,19,19,19,4,-0.190794,1,0.0355558,2,0.0336808,3,0.380996,1,0.0133371,2,0.137003,0,0,3,0.0325165,2,-0.0101893,2,0.0140597,0.00357889,0.00357888,8.93885e-09,0.128995,0.128995,2.44762e-16,0.0081944,0.00815302,4.13868e-05,0.0773089,0.08,0.1,0,0.85,
Net2,main,302,c,random,15,20,0.0982103,1.05245,0.31529,0.490517,9,7,1,2,18,19,19,19,4,-0.207216,1,0.0337907,2,0.0433734,3,0.386977,1,0.0218263,2,0.142309,0,0,3,0.0329197,2,0.00366141,2,0.0328758,0.000273109,0.000273108,9.09524e-10,0.0933774,0.0933774,8.58858e-17,0.0092996,0.00925775,4.18514e-05,0.0696183,0.08,0.1,0,0.85,3
Net2,main,302,d,random,15,20,4.18721,8.83773,8.54277,5.0902,9,0,0,9,,,,,4,-1.63596,1,-0.237803,2,0.835772,3,1.37289,1,0.349171,2,0.7226,0,0,3,1.59086,2,0.976007,2,1.11666,,,,,,,,,,,,,,,
Net2,main,302,e,random,15,20,5.81479,8.64062,9.7079,6.69257,9,1,1,8,,,,,4,-0.902755,1,-0.0545014,2,0.844614,3,1.15128,1,0.845203,2,1.00234,0,0,3,2.33569,2,0.481289,2,0.989417,,,,,,,,,,,,,,,
Net2,main,302,f,random,15,20,0.0714875,0.875968,0.153669,-0.271413,9,9,1,0,,,,,4,-0.235095,1,0.023691,2,-0.0686051,3,0.0809692,1,-0.0343861,2,0.0678759,0,0,3,-0.0121749,2,-0.099447,2,0.00575979,,,,,,,,,,,,,,,
Net2,main,302,a,straddle_min,3,32,0.296102,2.59411,1.01688,-1.00973,16,16,7,0,30,32,32,32,4,0.415825,3,0.172354,3,-0.291005,3,-0.110885,4,-0.374036,3,-0.12026,3,-0.104819,3,-0.257448,3,-0.212008,3,-0.127449,0.695139,0.692493,0.0026468,0.787305,0.786518,0.000787564,0.390039,0.16068,0.229359,0.137088,0.1,0.1,0,0.9,
Net2,main,302,a,straddle_min,8,27,0.232571,1.86503,0.485502,1.05385,11,9,1,2,16,23,26,26,4,0.535003,3,0.355348,2,-0.0375981,2,0.150643,4,-0.0229262,3,0.212578,1,0.17277,3,-0.117684,2,-0.0914696,3,-0.102817,0.969446,0.969445,1.16227e-06,0.993641,0.993638,3.19366e-06,0.369751,0.170451,0.199299,0.102841,0.1,0.1,0,0.9,
Net2,main,302,a,straddle_min,15,20,0.111001,1.24559,0.254765,0.683167,6,6,0,0,11,19,20,20,4,0.337199,3,0.227588,1,-0.0300461,1,0.0995904,2,-0.00577292,3,0.137756,1,0.103956,1,-0.00806485,1,-0.0390088,3,-0.140031,0.995263,0.995263,5.67841e-11,0.999905,0.999905,1.59052e-12,0.347526,0.167915,0.179611,0.100435,0.1,0.1,0,0.95,
Net2,main,302,b,straddle_min,3,32,0.250214,2.1789,0.756244,1.53213,16,10,0,6,24,31,31,31,4,-0.145682,3,0.240816,3,0.282576,3,0.406332,4,0.160058,3,0.176572,3,0.31758,3,0.105183,3,0.010926,3,-0.0222278,0.084444,0.0641235,0.0203204,0.377498,0.377485,1.33558e-05,0.106708,0.0781853,0.0285225,0.0481012,0.16,0.01,0,0.75,
Net2,main,302,b,straddle_min,8,27,0.257477,2.14732,1.23368,-1.29011,13,13,4,0,21,25,26,26,4,-0.00602785,3,-0.118349,2,-0.355125,1,-0.17787,4,-0.213629,2,0.0424722,2,-0.0352694,3,-0.234911,3,-0.147364,3,-0.0440324,0.26809,0.268084,6.11365e-06,0.00117342,0.00117342,3.85942e-10,0.158094,0.0171766,0.140917,0.00782525,0.0025,0.3,0,1,
Net2,main,302,b,straddle_min,15,20,0.496755,2.29652,0.758558,-2.19816,9,9,1,0,13,20,20,20,4,-1.105,2,-0.41767,1,0.0376571,0,0,4,-0.179262,1,0.00605426,0,0,3,-0.261901,2,-0.119786,3,-0.158257,0.215107,0.215107,2.78901e-09,0.000135509,0.000135509,4.99562e-12,0.024381,0.0140638,0.0103172,0.00986482,0.01,0.1,1,0.85,
Net2,main,302,c,straddle_min,3,32,0.261595,2.24153,0.819859,1.8314,16,9,0,7,26,30,31,31,4,-0.118546,3,0.247434,3,0.280903,3,0.431807,4,0.193432,3,0.242627,3,0.337124,3,0.103268,3,0.069072,3,0.0442778,0.00860223,0.00604712,0.00255511,0.319989,0.319978,1.09742e-05,0.126169,0.100964,0.0252046,0.046232,0.08,0.01,2,0.75,5
Net2,main,302,d,straddle_min,3,32,8.32743,15.5994,16.757,12.4953,16,0,0,16,,,,,4,-1.31388,3,0.231794,3,1.53119,3,1.61446,4,1.9437,3,1.341,3,1.67862,3,1.83242,3,1.70906,3,1.92688,,,,,,,,,,,,,,,
Net2,main,302,e,straddle_min,3,32,8.37599,12.513,12.7438,12.1597,16,0,0,16,,,,,4,0.474837,3,1.57333,3,2.02917,3,2.95599,4,1.20175,3,0.151871,3,0.835068,3,1.68002,3,0.519935,3,0.737754,,,,,,,,,,,,,,,
Net2,main,302,f,straddle_min,3,32,0.0997628,1.34126,0.283051,-0.339035,16,15,1,1,,,,,4,-0.235095,3,-0.0241987,3,-0.0852614,3,0.0809692,4,-0.150454,3,0.133043,3,0.0817391,3,-0.0121749,3,-0.106332,3,-0.0212708,,,,,,,,,,,,,,,
Net2,main,302,c,straddle_min,8,27,0.242799,2.0392,1.21028,-1.29761,13,13,4,0,22,25,26,26,4,-0.0360376,3,-0.118217,2,-0.356312,1,-0.174136,4,-0.20083,2,0.0299676,2,-0.0177941,3,-0.225467,3,-0.140031,3,-0.0587503,0.028993,0.0289921,8.81565e-07,0.00100186,0.00100186,2.90471e-10,0.14827,0.0167913,0.131479,0.0161816,0.02,0.3,0,1.05,5
Net2,main,302,d,straddle_min,8,27,3.40066,8.26362,6.37577,1.34809,13,0,0,13,,,,,4,-2.58434,3,-0.721052,2,0.361584,1,0.202508,4,0.673242,2,0.308993,2,0.497319,3,0.879577,3,0.756218,3,0.974037,,,,,,,,,,,,,,,
Net2,main,302,e,straddle_min,8,27,3.54109,7.59942,6.49363,7.07658,13,0,1,13,,,,,4,0.474837,3,1.57333,2,1.09767,1,0.0412444,4,0.425866,2,0.0359626,2,0.43991,3,1.68002,3,0.569991,3,0.737754,,,,,,,,,,,,,,,
Net2,main,302,f,straddle_min,8,27,0.0919817,1.18697,0.258003,-0.362344,13,12,1,1,,,,,4,-0.235095,3,-0.0241987,2,-0.0686051,1,0.0084133,4,-0.150454,2,0.181877,2,0.0654954,3,-0.0121749,3,-0.106332,3,-0.0212708,,,,,,,,,,,,,,,
Net2,main,302,c,straddle_min,15,20,1.06666,2.86126,1.05859,-2.65063,9,9,0,0,13,16,17,18,4,-1.63229,3,-0.623013,1,0.0366318,0,0,3,-0.0486909,1,-0.0156644,1,0.00712806,3,-0.166487,1,-0.0572688,3,-0.150975,0.00738532,0.00738531,2.13529e-09,0.0132217,0.0132217,1.55531e-12,0.0371165,0.0282074,0.00890908,0.034198,0.08,0.1,0,0.85,7
Net2,main,302,d,straddle_min,15,20,3.19432,7.36839,6.15118,1.14733,9,0,0,9,,,,,4,-2.35285,3,-0.547434,1,0.198878,0,0,3,0.710235,1,0.197616,1,0.357575,3,1.05319,1,0.38246,3,1.14765,,,,,,,,,,,,,,,
Net2,main,302,e,straddle_min,15,20,4.544,7.42484,7.05982,6.95809,9,4,1,5,,,,,4,0.474837,3,1.57333,1,0.905799,0,0,3,1.67503,1,-0.0567497,1,0.26347,3,1.81218,1,0.0774807,3,0.232718,,,,,,,,,,,,,,,
Net2,main,302,f,straddle_min,15,20,0.0687901,0.867301,0.173534,-0.29292,9,8,0,1,,,,,4,-0.235095,3,-0.0241987,1,-0.00627201,0,0,3,-0.123144,1,0.0651672,1,0.117424,3,-0.0121749,1,-0.0533557,3,-0.0212708,,,,,,,,,,,,,,,
Net2,main,303,a,random,3,32,0.920445,4.60174,3.30252,-4.26179,1,1,11,0,16,26,31,32,4,0.124133,3,-0.246508,3,-0.640791,3,-0.453419,3,-0.374556,3,-0.257432,2,-0.25511,4,-0.695285,3,-0.634235,4,-0.828589,0.599814,0.580126,0.019688,0.803862,0.803558,0.000304231,0.392519,0.141201,0.251318,0.162449,0.1,0.1,1,1.05,
Net2,main,303,b,random,3,32,0.170751,1.62325,0.193856,-1.16626,1,1,1,0,23,32,32,32,4,-0.385153,3,-0.168662,3,-0.225131,3,0.0242773,3,-0.00672841,3,-0.118354,2,-0.0124094,4,-0.00981715,3,-0.137243,4,-0.127043,0.179048,0.176905,0.00214268,0.296316,0.296316,1.36976e-07,0.173317,0.126304,0.0470131,0.0129734,0.01,0.03,2,0.8,
Net2,main,303,c,random,3,32,0.265646,2.25123,0.408203,-2.02512,1,1,3,0,19,27,32,32,4,-0.405052,3,-0.226457,3,-0.349954,3,-0.0700451,3,-0.085018,3,-0.221103,2,-0.0699616,4,-0.110409,3,-0.235424,4,-0.251696,0.00447254,0.00333839,0.00113415,0.27101,0.27101,9.73144e-08,0.137154,0.0854971,0.0516566,0.0341131,0.04,0.1,1,0.95,0
Net2,main,303,d,random,3,32,5.35255,12.1868,6.67382,9.12759,1,0,0,1,,,,,4,-1.20722,3,-0.00482365,3,0.985385,3,1.11732,3,1.13369,3,0.695219,2,0.763249,4,1.96842,3,1.38953,4,2.28683,,,,,,,,,,,,,,,
Net2,main,303,e,random,3,32,4.05672,9.79083,5.26598,8.35797,1,0,0,1,,,,,4,-0.604046,3,0.447558,3,1.13422,3,0.962611,3,0.675438,3,0.391676,2,0.457749,4,1.51213,3,1.24069,4,2.13994,,,,,,,,,,,,,,,
Net2,main,303,f,random,3,32,0.0614568,1.12898,0.110678,-0.117365,1,0,0,1,,,,,4,-0.0872999,3,-0.0372213,3,0.0404168,3,0.204117,3,-0.0183338,3,-0.10573,2,-0.010015,4,-0.018405,3,-0.0805793,4,-0.00431413,,,,,,,,,,,,,,,
Net2,main,303,a,random,8,27,0.334668,2.50965,0.945731,-2.50469,1,1,4,0,15,18,23,27,4,-0.074186,3,-0.216716,3,-0.494405,0,0,3,-0.276546,2,-0.158042,2,-0.164016,4,-0.427108,2,-0.257611,4,-0.436061,0.94451,0.944502,8.131e-06,0.955144,0.955144,1.87253e-09,0.361451,0.132975,0.228476,0.105322,0.1,0.1,0,1,
Net2,main,303,b,random,8,27,0.254853,1.62721,0.172124,-0.959757,1,1,0,0,16,25,26,27,4,-0.634534,3,-0.256405,3,-0.16524,0,0,3,0.0641314,2,-0.0808198,2,0.0589455,4,0.0804965,2,0.0158336,4,-0.0421649,0.219395,0.219395,2.03795e-08,0.252866,0.252866,1.04696e-17,0.13978,0.134566,0.00521346,0.00885844,0.0025,0.1,0,0.85,
Net2,main,303,c,random,8,27,0.200391,1.55917,0.170125,-1.01399,1,1,0,0,19,24,27,27,4,-0.504593,3,-0.224173,3,-0.222418,0,0,3,0.0598833,2,-0.120276,2,0.04516,4,0.0287611,2,-0.0100319,4,-0.0663028,0.00558742,0.00558741,1.45577e-08,0.256259,0.256259,5.1553e-18,0.106815,0.100079,0.00673594,0.022972,0.02,0.1,0,0.9,0
Net2,main,303,d,random,8,27,4.0127,9.6772,5.04489,6.09269,1,0,0,1,,,,,4,-1.38231,3,-0.136142,3,0.854067,0,0,3,1.00237,2,0.39955,2,0.675703,4,1.79333,2,0.77439,4,2.11173,,,,,,,,,,,,,,,
Net2,main,303,e,random,8,27,4.03965,8.31234,4.4401,6.87948,1,0,0,1,,,,,4,-0.604046,3,0.447558,3,1.24988,0,0,3,1.09463,2,0.314957,2,0.914979,4,1.51213,2,1.16837,4,0.781019,,,,,,,,,,,,,,,
Net2,main,303,f,random,8,27,0.036332,0.835518,0.0701282,-0.232138,1,0,0,1,,,,,4,-0.0872999,3,-0.0372213,3,0.0404168,0,0,3,-0.0183338,2,-0.0771401,2,-0.010015,4,-0.018405,2,-0.019826,4,-0.00431413,,,,,,,,,,,,,,,
Net2,main,303,a,random,15,20,0.416502,2.63061,1.14109,-2.63061,0,0,5,0,4,11,13,16,3,-0.102336,1,-0.205611,3,-0.567477,0,0,2,-0.290794,2,-0.213704,1,-0.13496,3,-0.440424,2,-0.284215,3,-0.391084,0.977937,0.977937,1.57531e-08,0.966826,0.966826,2.25255e-13,0.321311,0.142788,0.178523,0.102049,0.1,0.1,0,0.95,
Net2,main,303,b,random,15,20,0.14332,1.47298,0.305023,-1.3986,0,0,2,0,7,11,16,18,3,0.0146286,1,-0.109126,3,-0.325765,0,0,2,-0.227955,2,-0.222921,1,-0.0509401,3,-0.225754,2,-0.138832,3,-0.11193,0.140369,0.140369,2.69391e-11,0.00575618,0.00575618,6.57441e-25,0.0141511,0.000236946,0.0139141,0.0133209,0.01,0.1,1,0.95,
Net2,main,303,c,random,15,20,0.164058,1.54668,0.348531,-1.40459,0,0,2,0,7,10,15,16,3,0.0603578,1,-0.114421,3,-0.335567,0,0,2,-0.243843,2,-0.250654,1,-0.0483524,3,-0.250415,2,-0.12703,3,-0.0946658,0.00242093,0.00242093,1.3032e-11,0.0087739,0.0087739,1.4162e-25,0.00795231,0.000144891,0.00780742,0.0293364,0.04,0.03,2,0.9,0
Net2,main,303,d,random,15,20,4.45202,8.70675,5.39179,8.1884,0,0,0,0,,,,,3,-0.259171,1,0.403477,3,1.2431,0,0,2,0.955956,2,0.658903,1,0.457028,3,1.78881,2,1.03374,3,1.90656,,,,,,,,,,,,,,,
Net2,main,303,e,random,15,20,3.3585,6.96918,3.69916,6.96918,0,0,0,0,,,,,3,0.56415,1,0.468367,3,1.24988,0,0,2,0.935879,2,0.314957,1,0.675605,3,1.07116,2,0.941394,3,0.747787,,,,,,,,,,,,,,,
Net2,main,303,f,random,15,20,0.0222083,0.577931,0.0494142,-0.28921,0,0,0,0,,,,,3,-0.0479838,1,0.0237202,3,0.0404168,0,0,2,-0.0490444,2,-0.0771401,1,-0.0294614,3,-0.109595,2,-0.019826,3,-0.0202963,,,,,,,,,,,,,,,
Net2,main,303,a,straddle_min,3,32,0.920445,4.60174,3.30252,-4.26179,1,1,11,0,16,26,31,32,4,0.124133,3,-0.246508,3,-0.640791,3,-0.453419,3,-0.374556,3,-0.257432,2,-0.25511,4,-0.695285,3,-0.634235,4,-0.828589,0.599814,0.580126,0.019688,0.803862,0.803558,0.000304231,0.392519,0.141201,0.251318,0.162449,0.1,0.1,1,1.05,
Net2,main,303,a,straddle_min,8,27,0.571472,3.26355,1.53302,-0.836906,1,1,5,0,13,18,22,23,4,0.0982223,3,-0.138996,3,-0.109417,2,0.317707,3,0.127096,3,-0.206614,2,0.183681,3,-0.386112,1,-0.191574,3,-0.530902,0.958036,0.958031,5.03011e-06,0.992837,0.992837,1.0775e-10,0.368663,0.109278,0.259385,0.103995,0.1,0.1,0,1,
Net2,main,303,a,straddle_min,15,20,0.367426,2.2267,1.02435,-2.07801,1,1,1,0,10,17,17,17,4,-0.10464,2,-0.0712815,3,-0.568511,2,-0.121126,2,-0.213899,3,-0.485931,1,-0.113787,1,0.00381278,0,0,2,-0.402649,0.981726,0.981726,1.31715e-07,0.98803,0.98803,3.7025e-17,0.369128,0.170838,0.19829,0.101705,0.1,0.1,0,1.05,
Net2,main,303,b,straddle_min,3,32,0.170751,1.62325,0.193856,-1.16626,1,1,1,0,23,32,32,32,4,-0.385153,3,-0.168662,3,-0.225131,3,0.0242773,3,-0.00672841,3,-0.118354,2,-0.0124094,4,-0.00981715,3,-0.137243,4,-0.127043,0.179048,0.176905,0.00214268,0.296316,0.296316,1.36976e-07,0.173317,0.126304,0.0470131,0.0129734,0.01,0.03,2,0.8,
Net2,main,303,b,straddle_min,8,27,0.349024,2.10577,0.270711,-1.09029,0,0,0,0,22,27,27,27,4,-0.74222,3,-0.348623,3,-0.207787,2,0.024932,3,0.12432,3,-0.130449,2,0.0113175,3,0.0885017,2,0.0286117,2,0.0611042,0.152009,0.152006,3.02101e-06,0.492085,0.492085,6.97609e-15,0.26786,0.267264,0.000596492,0.0145476,0.04,0.01,2,0.7,
Net2,main,303,b,straddle_min,15,20,0.244659,1.38944,0.164446,-1.2228,0,0,0,0,12,19,20,20,4,-0.555119,3,-0.224516,2,-0.190695,2,-0.0117616,2,0.0384039,3,-0.239805,2,0.00874918,1,0.0156329,1,-0.063687,0,0,0.272486,0.272486,3.547e-11,0.271922,0.271922,4.68798e-28,0.197409,0.197309,0.000100366,0.00700759,0.0025,0.03,0.5,0.7,
Net2,main,303,c,straddle_min,3,32,0.265646,2.25123,0.408203,-2.02512,1,1,3,0,19,27,32,32,4,-0.405052,3,-0.226457,3,-0.349954,3,-0.0700451,3,-0.085018,3,-0.221103,2,-0.0699616,4,-0.110409,3,-0.235424,4,-0.251696,0.00447254,0.00333839,0.00113415,0.27101,0.27101,9.73144e-08,0.137154,0.0854971,0.0516566,0.0341131,0.04,0.1,1,0.95,0
Net2,main,303,d,straddle_min,3,32,5.35255,12.1868,6.67382,9.12759,1,0,0,1,,,,,4,-1.20722,3,-0.00482365,3,0.985385,3,1.11732,3,1.13369,3,0.695219,2,0.763249,4,1.96842,3,1.38953,4,2.28683,,,,,,,,,,,,,,,
Net2,main,303,e,straddle_min,3,32,4.05672,9.79083,5.26598,8.35797,1,0,0,1,,,,,4,-0.604046,3,0.447558,3,1.13422,3,0.962611,3,0.675438,3,0.391676,2,0.457749,4,1.51213,3,1.24069,4,2.13994,,,,,,,,,,,,,,,
Net2,main,303,f,straddle_min,3,32,0.0614568,1.12898,0.110678,-0.117365,1,0,0,1,,,,,4,-0.0872999,3,-0.0372213,3,0.0404168,3,0.204117,3,-0.0183338,3,-0.10573,2,-0.010015,4,-0.018405,3,-0.0805793,4,-0.00431413,,,,,,,,,,,,,,,
Net2,main,303,c,straddle_min,8,27,0.41885,2.09448,0.286283,-1.2278,0,0,0,0,12,19,23,25,4,-0.825149,3,-0.327413,3,-0.195859,2,-0.015748,3,0.0660028,3,-0.191852,2,0.037261,3,0.136513,2,0.0296488,2,0.0587991,0.0071727,0.0071727,2.55892e-09,0.662737,0.662737,2.97765e-17,0.21389,0.213674,0.000215453,0.0213134,0.02,0.01,2,0.7,0
Net2,main,303,d,straddle_min,8,27,2.46806,7.06234,2.64744,2.12796,0,0,0,0,,,,,4,-1.83227,3,-0.47361,3,0.516599,2,0.326148,3,0.664901,3,0.226433,2,0.450725,3,0.925462,2,0.549412,2,0.77416,,,,,,,,,,,,,,,
Net2,main,303,e,straddle_min,8,27,2.34175,6.54342,2.59505,5.11056,0,0,0,0,,,,,4,-0.604046,3,0.447558,3,1.13422,2,0.333173,3,0.675438,3,0.391676,2,0.457749,3,1.43012,2,0.711142,2,0.133527,,,,,,,,,,,,,,,
Net2,main,303,f,straddle_min,8,27,0.0514462,0.920171,0.078139,-0.00300203,0,0,0,0,,,,,4,-0.0872999,3,-0.0372213,3,0.0404168,2,0.172877,3,-0.0183338,3,-0.10573,2,-0.010015,3,0.0304855,2,-0.019826,2,0.0316452,,,,,,,,,,,,,,,
Net2,main,303,c,straddle_min,15,20,0.300046,1.80706,0.23762,-1.02938,0,0,0,0,9,18,20,20,4,-0.62004,3,-0.285341,2,-0.194048,2,0.0840303,2,0.124323,3,-0.12996,2,0.0117106,1,0.0736534,1,-0.0937059,0,0,0.00205188,0.00205188,1.34408e-15,0.467116,0.467116,1.92479e-35,0.0970046,0.0969351,6.95079e-05,0.0287879,0.04,0.01,2,0.7,0
Net2,main,303,d,straddle_min,15,20,1.77831,4.29868,1.39879,-1.33634,0,0,0,0,,,,,4,-2.06209,3,-0.645972,2,0.133887,2,0.21124,2,0.238662,3,0.0540707,2,0.335816,1,0.223602,1,0.174446,0,0,,,,,,,,,,,,,,,
Net2,main,303,e,straddle_min,15,20,1.76331,4.79814,1.66594,3.19447,0,0,0,0,,,,,4,-0.604046,3,0.447558,2,0.862907,2,0.648164,2,0.360595,3,0.391676,2,0.272951,1,0.439274,1,0.375392,0,0,,,,,,,,,,,,,,,
Net2,main,303,f,straddle_min,15,20,0.0450563,0.747304,0.061895,0.00516722,0,0,0,0,,,,,4,-0.0872999,3,-0.0372213,2,0.0321829,2,0.172877,2,0.00392978,3,-0.10573,2,-0.010015,1,0.0911904,1,-0.0547463,0,0,,,,,,,,,,,,,,,
Net2,main,304,a,random,3,32,2.9563,9.3306,27.6139,-9.01255,10,10,17,0,2,9,24,30,3,0.0158233,3,-0.689123,4,-1.524,3,-0.864684,3,-1.14464,3,-0.827584,2,-0.697106,4,-1.19351,3,-0.883093,4,-1.20463,0.398507,0.231627,0.166881,0.584537,0.577857,0.00667982,0.383697,0.153839,0.229858,0.30502,0.1,0.1,0.5,0.95,
Net2,main,304,b,random,3,32,0.348247,2.65277,0.585465,2.24059,10,6,1,4,25,31,32,32,3,0.649571,3,0.274703,4,0.0801932,3,0.333984,3,0.00988183,3,0.45923,2,0.0769831,4,0.153198,3,0.146397,4,0.0564509,0.258531,0.119631,0.1389,0.190134,0.190083,5.15856e-05,0.0602095,0.000698665,0.0595109,0.0304432,0.08,0.1,1,0.95,
Net2,main,304,c,random,3,32,0.459502,3.22502,0.838554,3.01661,10,5,0,5,22,30,32,32,3,0.684919,3,0.3313,4,0.188316,3,0.41981,3,0.0946696,3,0.517851,2,0.142248,4,0.262126,3,0.226184,4,0.149189,0.0348778,0.00849845,0.0263794,0.17895,0.178896,5.43733e-05,0.0604065,0.000744128,0.0596624,0.0353015,0.04,0.1,1,0.95,1
Net2,main,304,d,random,3,32,30.5249,29.8198,33.9535,29.7819,10,0,0,10,,,,,3,0.860369,3,1.62611,4,3.89883,3,3.05072,3,2.85681,3,2.91893,2,2.00802,4,4.46399,3,3.39311,4,4.70504,,,,,,,,,,,,,,,
Net2,main,304,e,random,3,32,25.7935,28.186,30.127,28.186,10,0,0,10,,,,,3,1.68872,3,2.10857,4,3.61971,3,2.84138,3,2.64747,3,2.43648,2,1.86846,4,4.04831,3,2.91066,4,4.01625,,,,,,,,,,,,,,,
Net2,main,304,f,random,3,32,0.20522,2.17005,0.560799,1.85412,10,6,0,4,,,,,3,0.290931,3,0.0893594,4,0.0924293,3,0.239065,3,-0.00640421,3,0.35857,2,0.0891279,4,0.28056,3,0.250006,4,0.170472,,,,,,,,,,,,,,,
Net2,main,304,a,random,8,27,0.365721,2.7251,2.0033,-2.21865,9,9,5,0,15,22,24,25,2,0.203613,3,-0.112607,3,-0.454584,2,-0.124924,2,-0.336098,3,-0.0296257,1,-0.0639188,4,-0.495546,3,-0.274401,4,-0.530559,0.808896,0.804863,0.00403254,0.881161,0.881147,1.47233e-05,0.365459,0.168829,0.196631,0.122725,0.1,0.1,0.5,1,
Net2,main,304,b,random,8,27,0.0987234,1.25555,0.37284,-0.360705,9,9,2,0,18,25,27,27,2,0.196422,3,0.0184635,3,-0.114707,2,0.0178235,2,-0.216376,3,0.117211,1,-0.0237386,4,-0.170419,3,0.00929544,4,-0.194679,0.0331677,0.0331554,1.23921e-05,0.00736916,0.00736916,3.86891e-10,0.058806,0.000270123,0.0585359,0.0449075,0.08,0.1,0.5,1,
Net2,main,304,c,random,8,27,0.101546,1.26501,0.370673,-0.328363,9,9,2,0,18,25,26,27,2,0.209606,3,0.0230536,3,-0.116152,2,0.0227033,2,-0.219247,3,0.111553,1,-0.0219606,4,-0.163004,3,0.00949602,4,-0.184413,0.00148375,0.00148227,1.48109e-06,0.00396647,0.00396647,1.74195e-10,0.0548892,0.000273662,0.0546156,0.050425,0.08,0.1,0.5,1,5
Net2,main,304,d,random,8,27,7.85121,13.8924,13.7358,11.9797,9,0,0,9,,,,,2,-0.58545,3,0.149113,3,1.42792,2,0.938798,2,0.960358,3,1.44193,1,0.500517,4,2.49465,3,1.91611,4,2.73571,,,,,,,,,,,,,,,
Net2,main,304,e,random,8,27,11.7885,15.395,16.113,14.8364,9,0,1,9,,,,,2,0.951451,3,1.23115,3,0.719447,2,1.7839,2,0.241885,3,1.65469,1,0.141281,4,2.48772,3,2.12887,4,3.49605,,,,,,,,,,,,,,,
Net2,main,304,f,random,8,27,0.180836,1.8959,0.520661,1.57996,9,6,0,3,,,,,2,0.174856,3,0.0893594,3,-0.00023927,2,0.196131,2,-0.00699136,3,0.35857,1,0.0672417,4,0.28056,3,0.250006,4,0.170472,,,,,,,,,,,,,,,
Net2,main,304,a,random,15,20,0.322638,2.07685,0.917106,0.150656,5,2,5,3,12,19,20,20,2,0.428213,2,-0.05596,2,-0.065396,2,-0.0475288,2,-0.175209,2,-0.118092,1,-0.1129,3,-0.0907499,2,0.180644,2,0.207634,0.947596,0.947595,1.42029e-06,0.91138,0.91138,2.40622e-09,0.343552,0.158018,0.185534,0.105042,0.1,0.1,0,0.95,
Net2,main,304,b,random,15,20,0.550586,2.31427,1.53853,1.58847,5,2,2,3,13,18,20,20,2,0.398893,2,0.0828872,2,-0.0392552,2,0.0898232,2,-0.160692,2,-0.0398664,1,0.00491593,3,0.0624062,2,0.641868,2,0.547489,0.0610431,0.0610418,1.3091e-06,0.0152195,0.0152195,4.86699e-14,0.0119538,0.00166235,0.0102914,0.0299025,0.08,0.1,0,0.9,
Net2,main,304,c,random,15,20,0.57349,2.36269,1.57649,1.59701,5,2,2,3,14,18,20,20,2,0.419431,2,0.0820906,2,-0.0429601,2,0.0869981,2,-0.160141,2,-0.0370274,1,-0.00713911,3,0.051141,2,0.651829,2,0.552791,0.00274153,0.00274137,1.57173e-07,0.0142315,0.0142315,1.26779e-14,0.0118317,0.00169441,0.0101373,0.0399195,0.04,0.1,0.5,0.95,0
Net2,main,304,d,random,15,20,3.59451,8.16302,6.83098,5.58569,5,0,0,5,,,,,2,-0.889292,2,-0.0312394,2,0.727167,2,0.634955,2,0.656515,2,0.643676,1,0.348596,3,1.41761,2,1.00726,2,1.07045,,,,,,,,,,,,,,,
Net2,main,304,e,random,15,20,3.65618,6.38931,5.81371,6.38931,5,0,0,5,,,,,2,0.951451,2,0.108051,2,0.161428,2,0.946629,2,0.186399,2,0.195767,1,0.0857951,3,1.53996,2,1.07532,2,1.13851,,,,,,,,,,,,,,,
Net2,main,304,f,random,15,20,0.115809,1.32231,0.337412,1.25585,5,4,0,1,,,,,2,0.174856,2,0.0748625,2,0.124493,2,0.196131,2,-0.00699136,2,0.202437,1,0.0672417,3,0.200364,2,0.124428,2,0.0980247,,,,,,,,,,,,,,,
Net2,main,304,a,straddle_min,3,32,2.9563,9.3306,27.6139,-9.01255,10,10,17,0,2,9,24,30,3,0.0158233,3,-0.689123,4,-1.524,3,-0.864684,3,-1.14464,3,-0.827584,2,-0.697106,4,-1.19351,3,-0.883093,4,-1.20463,0.398507,0.231627,0.166881,0.584537,0.577857,0.00667982,0.383697,0.153839,0.229858,0.30502,0.1,0.1,0.5,0.95,
Net2,main,304,a,straddle_min,8,27,0.286782,2.2436,1.05395,-0.66201,9,9,3,0,18,25,27,27,3,0.581308,3,0.0931933,2,-0.0809259,2,-0.00801325,3,-0.295683,2,-0.0179408,2,-0.174919,3,-0.300001,3,-0.0638144,4,-0.395213,0.863679,0.862868,0.000811006,0.966478,0.966477,2.01085e-07,0.358836,0.135618,0.223218,0.114738,0.1,0.1,0,1,
Net2,main,304,a,straddle_min,15,20,0.355803,2.07262,0.515735,1.04203,7,7,1,0,13,18,20,20,3,0.772284,3,0.322102,1,-0.00918517,1,0.0951331,2,0.0310041,2,0.157337,1,-0.0244316,3,-0.141773,1,0.030535,3,-0.190977,0.997483,0.997483,9.13794e-09,0.999712,0.999712,2.12251e-14,0.343317,0.0783467,0.26497,0.100232,0.1,0.1,0,1.05,
Net2,main,304,b,straddle_min,3,32,0.348247,2.65277,0.585465,2.24059,10,6,1,4,25,31,32,32,3,0.649571,3,0.274703,4,0.0801932,3,0.333984,3,0.00988183,3,0.45923,2,0.0769831,4,0.153198,3,0.146397,4,0.0564509,0.258531,0.119631,0.1389,0.190134,0.190083,5.15856e-05,0.0602095,0.000698665,0.0595109,0.0304432,0.08,0.1,1,0.95,
Net2,main,304,b,straddle_min,8,27,0.239967,2.05908,0.420279,1.73239,9,6,1,3,15,23,24,25,3,0.577562,3,0.255953,3,0.168102,2,0.172385,3,-0.0707563,3,0.342615,1,0.0572005,3,0.0499177,2,0.166975,4,0.0124327,0.092466,0.0924416,2.44828e-05,0.0643759,0.0643756,2.24951e-07,0.048145,0.00158132,0.0465637,0.0269426,0.08,0.1,0,0.95,
Net2,main,304,b,straddle_min,15,20,0.139862,1.21335,0.278119,0.618252,5,2,0,3,17,20,20,20,3,0.0305846,3,-0.138085,1,0.100233,2,0.227721,2,-0.0117591,3,0.213188,1,0.0321572,2,0.0904781,1,0.0785178,2,-0.00478343,0.262109,0.262107,1.93329e-06,0.0246557,0.0246557,1.02552e-14,0.0282247,0.0208791,0.00734562,0.00777969,0.0025,0.1,0.5,0.85,
Net2,main,304,c,straddle_min,3,32,0.459502,3.22502,0.838554,3.01661,10,5,0,5,22,30,32,32,3,0.684919,3,0.3313,4,0.188316,3,0.41981,3,0.0946696,3,0.517851,2,0.142248,4,0.262126,3,0.226184,4,0.149189,0.0348778,0.00849845,0.0263794,0.17895,0.178896,5.43733e-05,0.0604065,0.000744128,0.0596624,0.0353015,0.04,0.1,1,0.95,1
Net2,main,304,d,straddle_min,3,32,30.5249,29.8198,33.9535,29.7819,10,0,0,10,,,,,3,0.860369,3,1.62611,4,3.89883,3,3.05072,3,2.85681,3,2.91893,2,2.00802,4,4.46399,3,3.39311,4,4.70504,,,,,,,,,,,,,,,
Net2,main,304,e,straddle_min,3,32,25.7935,28.186,30.127,28.186,10,0,0,10,,,,,3,1.68872,3,2.10857,4,3.61971,3,2.84138,3,2.64747,3,2.43648,2,1.86846,4,4.04831,3,2.91066,4,4.01625,,,,,,,,,,,,,,,
Net2,main,304,f,straddle_min,3,32,0.20522,2.17005,0.560799,1.85412,10,6,0,4,,,,,3,0.290931,3,0.0893594,4,0.0924293,3,0.239065,3,-0.00640421,3,0.35857,2,0.0891279,4,0.28056,3,0.250006,4,0.170472,,,,,,,,,,,,,,,
Net2,main,304,c,straddle_min,8,27,0.430702,2.70686,0.595501,2.6916,7,4,0,3,15,21,24,24,3,0.764407,3,0.454846,3,0.234646,2,0.126382,2,0.0487741,3,0.43624,2,0.0874574,4,0.222721,2,0.181575,3,0.13455,0.0114258,0.011421,4.82458e-06,0.166162,0.166162,3.58606e-14,0.0141658,0.00829604,0.00586981,0.0254097,0.02,0.1,0,0.9,1
Net2,main,304,d,straddle_min,8,27,9.06799,14.5077,14.1395,13.2293,7,0,0,7,,,,,3,-0.373627,3,0.392116,3,1.77559,2,1.1008,2,0.994093,3,1.68494,2,1.18536,4,2.81866,2,1.32115,3,2.33021,,,,,,,,,,,,,,,
Net2,main,304,e,straddle_min,8,27,14.4695,17.7343,16.7137,17.7343,7,0,0,7,,,,,3,1.68872,3,1.23122,3,0.634614,2,1.7839,2,1.6772,3,2.43648,2,1.45752,4,4.04831,2,0.786086,3,1.99027,,,,,,,,,,,,,,,
Net2,main,304,f,straddle_min,8,27,0.177875,1.87795,0.447552,1.83955,7,4,0,3,,,,,3,0.290931,3,0.0893594,3,0.217162,2,0.196131,2,0.007629,3,0.35857,2,0.0891279,4,0.28056,2,0.152069,3,0.158011,,,,,,,,,,,,,,,
Net2,main,304,c,straddle_min,15,20,0.172425,1.55078,0.553599,0.82839,3,3,0,0,11,17,18,20,3,0.29822,3,0.108015,2,0.13987,2,0.0985283,2,-0.0103395,3,0.416945,1,0.0370322,2,-0.232029,1,0.0738533,1,-0.101704,0.0455304,0.0455304,3.63782e-15,0.00643026,0.00643026,3.05648e-20,0.0123449,0.000715596,0.0116293,0.0113031,0.02,0.1,0,0.9,2
Net2,main,304,d,straddle_min,15,20,3.25131,7.67767,5.4123,4.59988,3,0,0,3,,,,,3,-0.947428,3,-0.181684,2,0.750513,2,0.718266,2,0.611559,3,1.11113,1,0.390252,2,1.10188,1,0.443874,1,0.601512,,,,,,,,,,,,,,,
Net2,main,304,e,straddle_min,15,20,6.16421,8.92453,5.45876,8.92453,3,3,0,0,,,,,3,1.68872,3,1.23122,2,0.061454,2,1.1016,2,1.6772,3,2.43648,1,0.240763,2,0.0653787,1,0.338463,1,0.0832617,,,,,,,,,,,,,,,
Net2,main,304,f,straddle_min,15,20,0.141793,1.43059,0.30407,1.39219,3,2,0,1,,,,,3,0.290931,3,0.0893594,2,0.176651,2,0.196131,2,0.007629,3,0.35857,1,0.0672417,2,0.148268,1,0.0264916,1,0.030914,,,,,,,,,,,,,,,
Net2,main,305,a,random,3,32,0.801485,4.52471,3.66478,-3.88422,5,5,9,0,13,29,30,32,4,0.306963,2,-0.300306,3,-0.521625,3,-0.379499,4,-0.558414,3,-0.257833,2,-0.246544,4,-0.423701,3,-0.639608,4,-0.863652,0.584864,0.565931,0.0189328,0.820654,0.819915,0.000739091,0.396825,0.117225,0.2796,0.164551,0.1,0.1,0.5,1.05,
Net2,main,305,b,random,3,32,0.131518,1.69167,0.32403,0.197564,5,4,2,1,27,32,32,32,4,0.284573,2,-0.0711162,3,-0.0763184,3,0.0647992,4,-0.0513972,3,0.215026,2,0.0749007,4,0.0855984,3,-0.127224,4,-0.201279,0.127916,0.0758039,0.0521121,0.237364,0.237364,3.45332e-07,0.140055,0.00205315,0.138001,0.0423101,0.08,0.1,1,1.1,
Net2,main,305,c,random,3,32,0.135631,1.75085,0.323145,0.263297,5,4,2,1,27,32,32,32,4,0.298346,2,-0.0848095,3,-0.0965429,3,0.0545875,4,-0.0153761,3,0.225693,2,0.0800767,4,0.114532,3,-0.123036,4,-0.190174,0.0215015,0.00101618,0.0204853,0.246737,0.246737,1.95843e-07,0.131321,0.00139897,0.129922,0.0673802,0.08,0.1,1,1.1,1
Net2,main,305,d,random,3,32,16.4794,21.5899,19.4033,20.003,5,0,0,5,,,,,4,-0.529224,2,0.533911,3,2.11814,3,2.05725,4,2.77648,3,2.01804,2,1.45469,4,3.49406,3,2.45188,4,3.6278,,,,,,,,,,,,,,,
Net2,main,305,e,random,3,32,4.68746,9.61284,5.97662,9.55759,5,0,0,5,,,,,4,1.42005,2,1.10932,3,1.71891,3,0.994524,4,0.474851,3,0.291815,2,0.30387,4,1.19243,3,0.725653,4,1.32617,,,,,,,,,,,,,,,
Net2,main,305,f,random,3,32,0.12433,1.57281,0.263225,0.685179,5,3,1,2,,,,,4,0.00191771,2,-0.0862499,3,0.108902,3,0.00502578,4,-0.0278959,3,0.207802,2,0.104214,4,0.273136,3,-0.00149638,4,0.099824,,,,,,,,,,,,,,,
Net2,main,305,a,random,8,27,0.254482,2.14917,0.783317,-1.16129,4,4,6,0,15,21,24,25,4,0.36708,1,-0.0778622,3,-0.262242,3,-0.0944903,4,-0.291467,1,0.0262322,1,-0.00361114,4,-0.143433,3,-0.302479,3,-0.379018,0.914168,0.914168,4.89676e-07,0.932589,0.932589,1.99796e-08,0.37784,0.101792,0.276049,0.108239,0.1,0.1,0.5,1.05,
Net2,main,305,b,random,8,27,0.198437,2.0168,0.518561,-0.21132,4,3,2,1,14,23,25,26,4,0.48343,1,-0.0594136,3,-0.171826,3,-0.0151603,4,-0.0912923,1,0.0739373,1,0.0391249,4,0.0601108,3,-0.223231,3,-0.307,0.0338003,0.033224,0.000576311,0.165503,0.165503,8.43674e-14,0.169826,5.24614e-05,0.169774,0.0726914,0.16,0.03,1,0.95,
Net2,main,305,c,random,8,27,0.202085,2.01716,0.53596,-0.265287,4,3,2,1,14,22,25,27,4,0.484481,1,-0.057856,3,-0.168717,3,-0.0151961,4,-0.118662,1,0.0698326,1,0.0369077,4,0.0576721,3,-0.233682,3,-0.320067,0.000595123,0.000394469,0.000200653,0.157819,0.157819,1.33159e-14,0.169647,3.92839e-05,0.169608,0.0893852,0.08,0.1,1,1.1,4
Net2,main,305,d,random,8,27,7.73685,13.9088,10.9182,11.0132,4,0,0,4,,,,,4,-1.44782,1,0.473763,3,1.42919,3,1.36831,4,1.85789,1,0.434315,1,0.530714,4,2.57547,3,1.76293,3,2.0284,,,,,,,,,,,,,,,
Net2,main,305,e,random,8,27,4.40783,8.55255,5.36776,8.50705,4,0,0,4,,,,,4,1.3444,1,0.791501,3,1.79996,3,1.15662,4,0.79905,1,0.181701,1,0.266003,4,1.25426,3,0.364567,3,0.548988,,,,,,,,,,,,,,,
Net2,main,305,f,random,8,27,0.0818913,1.14761,0.196516,0.549469,4,3,1,1,,,,,4,0.00191771,1,0.0584916,3,0.108902,3,0.00502578,4,-0.0278959,1,0.0666592,1,0.0601854,4,0.273136,3,-0.00149638,3,0.00454357,,,,,,,,,,,,,,,
Net2,main,305,a,random,15,20,0.231667,1.88325,0.747819,-0.235307,2,2,4,0,9,17,17,17,3,0.340591,1,0.0576987,3,0.134433,2,-0.0297394,2,0.0686264,0,0,1,0.0451985,3,-0.147415,3,-0.369698,2,-0.335001,0.983414,0.983414,3.58732e-07,0.984565,0.984565,8.51705e-11,0.339709,0.0768427,0.262866,0.101545,0.1,0.1,0,1,
Net2,main,305,b,random,15,20,0.194353,1.67922,0.684064,-0.821611,2,2,4,0,8,13,17,18,3,0.299363,1,-0.0723104,3,-0.262112,2,-0.124926,2,0.0687799,0,0,1,0.0144283,3,-0.0470398,3,-0.377158,2,-0.320635,0.000668167,0.000667322,8.44964e-07,0.121883,0.121883,2.91979e-18,0.101437,9.8257e-10,0.101437,0.106719,0.08,0.03,2,1,
Net2,main,305,c,random,15,20,0.193952,1.67053,0.680135,-0.821381,2,2,4,0,8,13,17,18,3,0.293335,1,-0.0730922,3,-0.265469,2,-0.1124,2,0.0760212,0,0,1,0.0144164,3,-0.0553005,3,-0.382303,2,-0.316589,6.83135e-06,6.58678e-06,2.4457e-07,0.0922703,0.0922703,4.35277e-19,0.10605,4.28609e-10,0.10605,0.0990441,0.08,0.03,2,1,6
Net2,main,305,d,random,15,20,5.41065,10.1153,7.26384,7.48743,2,0,0,2,,,,,3,-1.31395,1,0.459934,3,1.38771,2,0.707862,2,0.924939,0,0,1,0.516885,3,1.81171,3,1.72145,2,1.27089,,,,,,,,,,,,,,,
Net2,main,305,e,random,15,20,5.57577,7.68798,4.74336,7.41497,2,0,1,2,,,,,3,0.802782,1,0.791501,3,1.61654,2,1.98259,2,1.31142,0,0,1,0.0825859,3,0.481497,3,0.181149,2,0.164896,,,,,,,,,,,,,,,
Net2,main,305,f,random,15,20,0.0561412,0.83614,0.139159,0.497726,2,1,1,1,,,,,3,-0.0203022,1,0.0584916,3,0.108902,2,0.00622194,2,0.100075,0,0,1,0.0601854,3,0.22393,3,-0.00149638,2,-0.0382811,,,,,,,,,,,,,,,
Net2,main,305,a,straddle_min,3,32,0.801485,4.52471,3.66478,-3.88422,5,5,9,0,13,29,30,32,4,0.306963,2,-0.300306,3,-0.521625,3,-0.379499,4,-0.558414,3,-0.257833,2,-0.246544,4,-0.423701,3,-0.639608,4,-0.863652,0.584864,0.565931,0.0189328,0.820654,0.819915,0.000739091,0.396825,0.117225,0.2796,0.164551,0.1,0.1,0.5,1.05,
Net2,main,305,a,straddle_min,8,27,0.181713,1.94497,0.50349,-0.380036,4,4,3,0,12,24,27,27,4,0.264927,2,-0.142354,3,-0.257322,2,-0.0988985,4,-0.165518,3,0.264412,2,0.095349,4,-0.07388,1,-0.0784022,2,-0.18835,0.957511,0.957508,3.47859e-06,0.992387,0.992387,5.83981e-10,0.375901,0.0827995,0.293102,0.104027,0.1,0.1,0,1.05,
Net2,main,305,a,straddle_min,15,20,0.212453,1.65943,0.596936,-1.52285,3,3,0,0,11,15,18,20,4,-0.19947,2,-0.286975,2,-0.189794,2,-0.267378,3,-0.200707,3,0.0283053,1,-0.0292949,1,-0.111367,0,0,2,-0.266169,0.995066,0.995066,6.08426e-10,0.999911,0.999911,1.16543e-19,0.345992,0.0616963,0.284296,0.100453,0.1,0.1,0,1.05,
Net2,main,305,b,straddle_min,3,32,0.131518,1.69167,0.32403,0.197564,5,4,2,1,27,32,32,32,4,0.284573,2,-0.0711162,3,-0.0763184,3,0.0647992,4,-0.0513972,3,0.215026,2,0.0749007,4,0.0855984,3,-0.127224,4,-0.201279,0.127916,0.0758039,0.0521121,0.237364,0.237364,3.45332e-07,0.140055,0.00205315,0.138001,0.0423101,0.08,0.1,1,1.1,
Net2,main,305,b,straddle_min,8,27,0.2238,1.89814,0.340562,0.572149,3,1,1,2,16,25,26,27,4,-0.291515,2,-0.183481,3,0.0119678,2,-0.0296301,3,0.189015,3,0.332391,2,0.168183,3,0.267625,3,0.051645,2,0.0559485,0.0783851,0.078098,0.000287115,0.155762,0.155762,3.65859e-17,0.0717883,0.00788435,0.063904,0.0331561,0.08,0.1,0,1,
Net2,main,305,b,straddle_min,15,20,0.432575,2.60502,0.649202,2.51688,0,0,0,0,5,15,17,18,4,0.407483,2,0.0915465,2,0.239356,2,0.11184,2,0.398156,3,0.656185,2,0.247332,2,0.241608,1,0.123369,0,0,0.0967486,0.0967481,4.91061e-07,0.235139,0.235139,1.34186e-32,0.0285389,0.00799569,0.0205432,0.0261246,0.08,0.1,0,1,
Net2,main,305,c,straddle_min,3,32,0.135631,1.75085,0.323145,0.263297,5,4,2,1,27,32,32,32,4,0.298346,2,-0.0848095,3,-0.0965429,3,0.0545875,4,-0.0153761,3,0.225693,2,0.0800767,4,0.114532,3,-0.123036,4,-0.190174,0.0215015,0.00101618,0.0204853,0.246737,0.246737,1.95843e-07,0.131321,0.00139897,0.129922,0.0673802,0.08,0.1,1,1.1,1
Net2,main,305,d,straddle_min,3,32,16.4794,21.5899,19.4033,20.003,5,0,0,5,,,,,4,-0.529224,2,0.533911,3,2.11814,3,2.05725,4,2.77648,3,2.01804,2,1.45469,4,3.49406,3,2.45188,4,3.6278,,,,,,,,,,,,,,,
Net2,main,305,e,straddle_min,3,32,4.68746,9.61284,5.97662,9.55759,5,0,0,5,,,,,4,1.42005,2,1.10932,3,1.71891,3,0.994524,4,0.474851,3,0.291815,2,0.30387,4,1.19243,3,0.725653,4,1.32617,,,,,,,,,,,,,,,
Net2,main,305,f,straddle_min,3,32,0.12433,1.57281,0.263225,0.685179,5,3,1,2,,,,,4,0.00191771,2,-0.0862499,3,0.108902,3,0.00502578,4,-0.0278959,3,0.207802,2,0.104214,4,0.273136,3,-0.00149638,4,0.099824,,,,,,,,,,,,,,,
Net2,main,305,c,straddle_min,8,27,0.873112,4.21528,1.34735,4.08095,4,1,0,3,6,13,19,20,4,0.735932,2,0.207017,3,0.39308,2,0.180824,3,0.624405,3,0.776701,2,0.288116,3,0.528838,2,0.200568,3,0.145466,0.00261446,0.00105059,0.00156387,0.573023,0.573023,1.54135e-13,0.0187052,0.00811577,0.0105894,0.0539287,0.08,0.01,0,0.8,0
Net2,main,305,d,straddle_min,8,27,6.83307,13.0692,9.11734,9.32978,4,0,0,4,,,,,4,-1.46603,2,0.0655063,3,1.41553,2,0.726411,3,1.26637,3,1.31543,2,0.986282,3,1.83953,2,1.10616,3,2.07457,,,,,,,,,,,,,,,
Net2,main,305,e,straddle_min,8,27,5.59953,10.69,7.0546,10.6348,4,0,0,4,,,,,4,1.42005,2,1.10932,3,2.04119,2,0.366274,3,0.242755,3,0.554434,2,0.888765,3,1.25284,2,1.00864,3,1.7505,,,,,,,,,,,,,,,
Net2,main,305,f,straddle_min,8,27,0.121609,1.49825,0.250494,0.659928,4,2,0,2,,,,,4,0.00191771,2,-0.0862499,3,0.108902,2,0.00622194,3,-0.0285954,3,0.207802,2,0.104214,3,0.22393,2,0.0135778,3,0.108207,,,,,,,,,,,,,,,
Net2,main,305,c,straddle_min,15,20,0.147726,1.32451,0.252289,-0.888778,1,1,1,0,17,20,20,20,4,-0.21305,2,-0.25198,2,-0.0800408,1,-0.0456539,3,-0.129066,3,0.132989,2,-0.0548286,1,-0.127937,1,-0.0253327,1,-0.0938785,7.11136e-05,7.10993e-05,1.43237e-08,0.0470107,0.0470107,2.00632e-25,0.0974748,0.000645456,0.0968294,0.0685725,0.08,0.1,0,1,2
Net2,main,305,d,straddle_min,15,20,3.32566,7.67848,3.78799,2.65312,1,0,0,1,,,,,4,-1.98039,2,-0.191671,2,0.632004,1,0.203312,3,0.880608,3,0.929667,2,0.729105,1,0.495104,1,0.410938,1,0.544439,,,,,,,,,,,,,,,
Net2,main,305,e,straddle_min,15,20,4.10943,7.54295,4.35245,7.48769,1,0,0,1,,,,,4,1.42005,2,1.10932,2,1.53377,1,-0.0093055,3,0.242755,3,0.718342,2,0.86218,1,0.456793,1,0.411584,1,0.742211,,,,,,,,,,,,,,,
Net2,main,305,f,straddle_min,15,20,0.0918817,1.17186,0.137296,0.393986,1,1,0,0,,,,,4,0.00191771,2,-0.0862499,2,0.118554,1,0.0137342,3,-0.0285954,3,0.207802,2,0.104214,1,0.0658669,1,0.0266394,1,-0.0298977,,,,,,,,,,,,,,,
Net2,main,306,a,random,3,32,0.889213,4.99099,3.44575,-3.46389,8,8,10,0,7,23,30,32,4,0.76355,2,-0.206986,4,-0.765889,3,-0.33318,4,-0.824479,3,-0.203174,3,-0.434392,3,-0.442381,2,-0.31956,4,-0.697401,0.65565,0.65252,0.00313006,0.812484,0.81212,0.000363786,0.390617,0.147756,0.242861,0.143131,0.1,0.1,0,1,
Net2,main,306,b,random,3,32,0.497258,3.5292,1.48708,-1.92686,8,7,5,1,9,26,30,32,4,0.724224,2,-0.121446,4,-0.499684,3,-0.121425,4,-0.626842,3,0.00666126,3,-0.31924,3,-0.304571,2,-0.191454,4,-0.473082,0.270695,0.0812629,0.189433,0.209018,0.209016,2.72687e-06,0.161542,0.00981285,0.151729,0.051002,0.32,0.01,1,0.95,
Net2,main,306,c,random,3,32,0.526836,3.51018,1.38457,-1.53743,8,7,4,1,13,24,28,32,4,0.853749,2,-0.0655037,4,-0.473503,3,-0.087048,4,-0.581704,3,-0.000767817,3,-0.271187,3,-0.258592,2,-0.175786,4,-0.477085,0.146081,0.000338955,0.145742,0.22161,0.221609,8.92664e-07,0.131764,0.00991131,0.121853,0.100251,0.16,0.03,0.5,0.95,6
Net2,main,306,d,random,3,32,5.9485,12.9603,9.97206,10.743,8,0,0,8,,,,,4,-0.825046,2,0.154491,4,1.57124,3,1.23324,4,1.32201,3,1.12113,3,1.18394,3,1.54707,2,1.08996,4,2.34494,,,,,,,,,,,,,,,
Net2,main,306,e,random,3,32,7.51501,9.3145,6.2688,7.80338,8,0,0,8,,,,,4,2.51094,2,1.82248,4,1.18727,3,1.29931,4,-0.279921,3,-0.0307664,3,-0.034016,3,0.263047,2,0.322027,4,0.743011,,,,,,,,,,,,,,,
Net2,main,306,f,random,3,32,0.147045,1.72672,0.239898,0.887861,8,5,0,3,,,,,4,0.299768,2,-0.0387579,4,0.176017,3,0.235139,4,-0.209952,3,0.224198,3,0.0198987,3,0.07114,2,0.0645443,4,0.0458665,,,,,,,,,,,,,,,
Net2,main,306,a,random,8,27,0.578574,3.58607,2.40231,-2.91479,7,7,8,0,6,17,20,24,2,0.327335,2,-0.268369,4,-0.787451,3,-0.316477,3,-0.54282,3,-0.0550276,2,-0.204592,3,-0.344326,2,-0.259816,3,-0.463246,0.745133,0.745014,0.000119052,0.762576,0.762575,9.17103e-07,0.377918,0.185665,0.192253,0.127394,0.1,0.1,1,0.95,
Net2,main,306,b,random,8,27,0.591901,3.61016,1.99195,-2.82672,7,7,8,0,3,11,11,17,2,0.366187,2,-0.285312,4,-0.666172,3,-0.269204,3,-0.650738,3,-0.0779227,2,-0.309266,3,-0.362871,2,-0.211127,3,-0.360294,0.0782943,0.07737,0.000924332,0.0285552,0.0285552,1.37738e-09,0.179691,0.00105832,0.178633,0.033879,0.08,0.3,0,1.05,
Net2,main,306,c,random,8,27,0.494787,3.28416,1.70421,-2.54947,7,7,7,0,4,11,14,17,2,0.342109,2,-0.258976,4,-0.670386,3,-0.244761,3,-0.573367,3,-0.0529346,2,-0.254749,3,-0.302404,2,-0.179453,3,-0.354549,0.00092607,0.00028907,0.000637,0.0393143,0.0393143,1.51098e-10,0.154189,0.00151476,0.152675,0.0719868,0.08,0.3,0,1.05,6
Net2,main,306,d,random,8,27,5.76392,11.8746,9.57815,10.3791,7,0,0,7,,,,,2,-0.537978,2,0.197305,4,1.65687,3,1.29747,3,1.11084,3,1.18535,2,0.869902,3,1.61129,2,1.13277,3,1.85531,,,,,,,,,,,,,,,
Net2,main,306,e,random,8,27,3.28271,6.58244,4.07596,6.10703,7,0,0,7,,,,,2,0.177834,2,1.18571,4,1.31887,3,0.783647,3,0.136935,3,0.891811,2,-0.00690723,3,0.94341,2,0.212311,3,0.463411,,,,,,,,,,,,,,,
Net2,main,306,f,random,8,27,0.101715,1.36289,0.192446,0.82701,7,5,0,2,,,,,2,0.190904,2,-0.0387579,4,0.176017,3,0.235139,3,-0.13796,3,0.224198,2,0.0246504,3,0.07114,2,0.0645443,3,0.0171356,,,,,,,,,,,,,,,
Net2,main,306,a,random,15,20,0.433823,2.46045,1.35455,-1.70838,5,5,5,0,7,11,14,17,1,0.353524,1,-0.195631,2,-0.369527,1,-0.0170617,3,-0.510252,3,-0.0406993,2,-0.209765,2,-0.174491,2,-0.161104,3,-0.383369,0.735675,0.735644,3.17308e-05,0.812175,0.812175,1.77507e-10,0.3646,0.210943,0.153657,0.128303,0.1,0.1,0.5,0.9,
Net2,main,306,b,random,15,20,0.296614,2.00582,1.04454,-1.44945,5,5,2,0,6,11,12,13,1,0.250922,1,-0.168028,2,-0.344465,1,-0.0124895,3,-0.426168,3,-0.0174506,2,-0.152475,2,-0.135897,2,-0.130099,3,-0.313297,0.00335033,0.0032679,8.24236e-05,0.0127102,0.0127102,7.26398e-18,0.0334561,1.30594e-05,0.033443,0.12102,0.16,0.1,0,0.9,
Net2,main,306,c,random,15,20,0.291844,1.98572,1.02065,-1.42534,5,5,2,0,6,11,12,13,1,0.249792,1,-0.166216,2,-0.341001,1,-0.0107907,3,-0.4239,3,-0.016113,2,-0.149207,2,-0.132823,2,-0.124374,3,-0.310702,4.81917e-05,8.5261e-06,3.96656e-05,0.0123019,0.0123019,4.32326e-19,0.0308224,1.35359e-05,0.0308088,0.124223,0.16,0.1,0,0.9,4
Net2,main,306,d,random,15,20,7.15314,11.7299,10.5209,10.8721,5,0,0,5,,,,,1,-0.428867,1,0.516179,2,1.08704,1,0.447043,3,1.51926,3,1.59377,2,1.14218,2,1.32674,2,1.40505,3,2.26373,,,,,,,,,,,,,,,
Net2,main,306,e,random,15,20,4.24877,6.19194,4.44178,5.71653,5,0,0,5,,,,,1,-0.207101,1,1.04487,2,1.44379,1,0.0266382,3,0.136935,3,0.891811,2,0.845848,2,0.858012,2,0.212311,3,0.463411,,,,,,,,,,,,,,,
Net2,main,306,f,random,15,20,0.0554211,0.860808,0.118193,0.478323,5,5,0,0,,,,,1,0.044374,1,0.037942,2,0.110993,1,0.0629673,3,-0.13796,3,0.224198,2,0.0246504,2,0.0294787,2,0.0645443,3,0.0171356,,,,,,,,,,,,,,,
Net2,main,306,a,straddle_min,3,32,0.889213,4.99099,3.44575,-3.46389,8,8,10,0,7,23,30,32,4,0.76355,2,-0.206986,4,-0.765889,3,-0.33318,4,-0.824479,3,-0.203174,3,-0.434392,3,-0.442381,2,-0.31956,4,-0.697401,0.65565,0.65252,0.00313006,0.812484,0.81212,0.000363786,0.390617,0.147756,0.242861,0.143131,0.1,0.1,0,1,
Net2,main,306,a,straddle_min,8,27,1.05726,4.43474,1.81856,2.10014,7,7,2,0,5,18,22,24,4,1.10676,2,-0.0114701,3,-0.213436,2,0.382607,4,0.306764,3,1.11516,2,0.0849664,2,-0.165228,1,-0.0964052,4,-0.409581,0.881331,0.881327,4.47325e-06,0.98048,0.98048,6.52131e-10,0.367332,0.155448,0.211884,0.111681,0.1,0.1,0,0.95,
Net2,main,306,a,straddle_min,15,20,0.409141,2.12039,0.665688,0.892902,4,4,1,0,9,18,18,20,4,0.585378,1,-0.0392871,1,0.127936,2,0.392041,4,-0.0684255,3,0.252303,1,-0.078748,1,-0.0739665,1,-0.0625526,2,-0.141777,0.934607,0.934607,3.45505e-10,0.981888,0.981888,3.61541e-15,0.367265,0.199675,0.16759,0.106181,0.1,0.1,0.5,0.95,
Net2,main,306,b,straddle_min,3,32,0.497258,3.5292,1.48708,-1.92686,8,7,5,1,9,26,30,32,4,0.724224,2,-0.121446,4,-0.499684,3,-0.121425,4,-0.626842,3,0.00666126,3,-0.31924,3,-0.304571,2,-0.191454,4,-0.473082,0.270695,0.0812629,0.189433,0.209018,0.209016,2.72687e-06,0.161542,0.00981285,0.151729,0.051002,0.32,0.01,1,0.95,
Net2,main,306,b,straddle_min,8,27,0.252033,1.73759,0.314578,0.893578,7,5,0,2,23,26,27,27,4,0.330834,2,-0.0212456,3,-0.102168,2,0.140469,4,0.0153722,3,0.398154,2,0.0125563,2,0.0158464,1,-0.000334272,4,0.104094,0.0996276,0.089642,0.00998557,0.42626,0.42626,2.74548e-14,0.152741,0.147438,0.0053037,0.0377756,0.16,0.01,2,0.75,
Net2,main,306,b,straddle_min,15,20,0.450778,2.55207,0.535987,1.75547,1,0,0,1,11,20,20,20,4,0.195899,2,0.137121,2,0.216211,2,0.285862,4,0.447422,3,0.41676,2,0.036639,1,0.0195537,0,0,0,0,0.319785,0.319785,8.38613e-10,0.832989,0.832989,1.2189e-28,0.320337,0.320322,1.46504e-05,0.0060576,0.0025,0.01,0,0.65,
Net2,main,306,c,straddle_min,3,32,0.526836,3.51018,1.38457,-1.53743,8,7,4,1,13,24,28,32,4,0.853749,2,-0.0655037,4,-0.473503,3,-0.087048,4,-0.581704,3,-0.000767817,3,-0.271187,3,-0.258592,2,-0.175786,4,-0.477085,0.146081,0.000338955,0.145742,0.22161,0.221609,8.92664e-07,0.131764,0.00991131,0.121853,0.100251,0.16,0.03,0.5,0.95,6
Net2,main,306,d,straddle_min,3,32,5.9485,12.9603,9.97206,10.743,8,0,0,8,,,,,4,-0.825046,2,0.154491,4,1.57124,3,1.23324,4,1.32201,3,1.12113,3,1.18394,3,1.54707,2,1.08996,4,2.34494,,,,,,,,,,,,,,,
Net2,main,306,e,straddle_min,3,32,7.51501,9.3145,6.2688,7.80338,8,0,0,8,,,,,4,2.51094,2,1.82248,4,1.18727,3,1.29931,4,-0.279921,3,-0.0307664,3,-0.034016,3,0.263047,2,0.322027,4,0.743011,,,,,,,,,,,,,,,
Net2,main,306,f,straddle_min,3,32,0.147045,1.72672,0.239898,0.887861,8,5,0,3,,,,,4,0.299768,2,-0.0387579,4,0.176017,3,0.235139,4,-0.209952,3,0.224198,3,0.0198987,3,0.07114,2,0.0645443,4,0.0458665,,,,,,,,,,,,,,,
Net2,main,306,c,straddle_min,8,27,0.329632,2.10678,0.425195,0.505872,7,6,0,1,21,26,27,27,4,0.491235,2,0.0120882,3,0.0360061,2,0.00634663,4,0.00687383,3,0.183763,2,-0.1175,2,-0.0362939,1,-0.0432137,4,-0.0334329,0.00942423,0.000319073,0.00910516,0.341681,0.341681,1.06455e-15,0.118826,0.11168,0.00714632,0.0844716,0.16,0.03,1,0.8,3
Net2,main,306,d,straddle_min,8,27,5.18286,11.0276,8.55914,8.91964,7,0,0,7,,,,,4,-0.752131,2,0.190949,3,1.18348,2,0.734382,4,1.39492,3,1.17582,2,0.800327,2,1.15639,1,0.61765,4,2.41785,,,,,,,,,,,,,,,
Net2,main,306,e,straddle_min,8,27,4.90337,9.72165,5.73195,9.72165,7,0,0,7,,,,,4,2.51094,2,0.881584,3,0.531022,2,0.343817,4,1.02761,3,1.38001,2,0.494414,2,0.219875,1,0.558936,4,1.77345,,,,,,,,,,,,,,,
Net2,main,306,f,straddle_min,8,27,0.129677,1.44307,0.188387,0.604206,7,5,0,2,,,,,4,0.299768,2,-0.0387579,3,0.110578,2,0.160606,4,-0.209952,3,0.224198,2,-0.0072298,2,0.0137428,1,0.005386,4,0.0458665,,,,,,,,,,,,,,,
Net2,main,306,c,straddle_min,15,20,1.04181,3.21032,0.947419,3.15415,2,1,0,1,12,14,17,17,4,1.39949,2,0.331629,2,0.0154321,2,0.117378,3,0.28865,3,0.861479,2,0.106027,1,0.0445311,0,0,1,-0.0104616,4.46458e-05,4.44391e-05,2.06726e-07,0.801038,0.801038,1.89193e-28,0.58673,0.586725,4.97751e-06,0.0738761,0.08,0.01,0.5,0.65,1
Net2,main,306,d,straddle_min,15,20,2.13284,5.86827,3.05402,3.07613,2,0,0,2,,,,,4,-1.11807,2,0.00797819,2,0.523919,2,0.551412,3,0.588493,3,0.90136,2,0.617356,1,0.462172,0,0,1,0.541515,,,,,,,,,,,,,,,
Net2,main,306,e,straddle_min,15,20,3.73594,7.32065,3.2196,7.32065,2,0,0,2,,,,,4,2.51094,2,0.881584,2,0.456626,2,0.343817,3,0.897834,3,1.38001,2,0.494414,1,0.0853979,0,0,1,0.270041,,,,,,,,,,,,,,,
Net2,main,306,f,straddle_min,15,20,0.126368,1.31125,0.175247,0.528223,2,1,0,1,,,,,4,0.299768,2,-0.0387579,2,0.0790456,2,0.160606,3,-0.232837,3,0.224198,2,-0.0072298,1,0.0416613,0,0,1,0.00176956,,,,,,,,,,,,,,,
Net2,main,307,a,random,3,32,3.86977,10.8334,15.5559,-10.8334,0,0,24,0,1,5,14,18,3,-0.555192,3,-0.885003,3,-1.37214,3,-1.16864,4,-1.36131,2,-0.679064,3,-0.991274,4,-1.38451,3,-0.995832,4,-1.44047,0.636354,0.61182,0.0245334,0.691038,0.68927,0.00176763,0.39017,0.152936,0.237234,0.15822,0.1,0.1,0.5,1.05,
Net2,main,307,b,random,3,32,0.220709,1.98762,0.310353,0.148306,0,0,3,0,31,32,32,32,3,0.452821,3,0.192251,3,-0.191138,3,-0.0362075,4,0.110298,2,0.0343809,3,0.0310782,4,-0.111581,3,-0.0887882,4,-0.244809,0.221225,0.220623,0.000601612,0.328807,0.328797,9.55983e-06,0.0761167,0.00317989,0.0729368,0.00958563,0.0025,0.01,1,0.85,
Net2,main,307,c,random,3,32,0.246249,2.12973,0.338976,0.219369,0,0,3,0,31,32,32,32,3,0.48729,3,0.21953,3,-0.190701,3,-0.0113126,4,0.120868,2,0.0411645,3,0.0204809,4,-0.120708,3,-0.0928294,4,-0.254413,0.0387109,0.0386816,2.92998e-05,0.336735,0.336726,9.01853e-06,0.0765228,0.00291714,0.0736056,0.0152405,0.02,0.01,0,0.85,0
Net2,main,307,d,random,3,32,7.1454,14.1295,8.46531,12.5531,0,0,0,0,,,,,3,-0.551733,3,0.262766,3,1.12957,3,1.24911,4,1.8432,2,0.674227,3,1.41302,4,2.27906,3,1.75105,4,2.50284,,,,,,,,,,,,,,,
Net2,main,307,e,random,3,32,6.45216,12.6378,6.8383,12.4543,0,0,0,0,,,,,3,0.703335,3,1.51783,3,1.82024,3,1.24911,4,1.13276,2,0.382145,3,0.848621,4,1.69489,3,1.18666,4,1.91867,,,,,,,,,,,,,,,
Net2,main,307,f,random,3,32,0.0844935,1.36845,0.152204,0.628728,0,0,0,0,,,,,3,-0.0157395,3,-0.105126,3,0.0878073,3,0.179326,4,0.131384,2,0.0283536,3,0.116071,4,0.0722995,3,0.112152,4,0.0222003,,,,,,,,,,,,,,,
Net2,main,307,a,random,8,27,1.71641,6.11438,7.42964,-5.95149,0,0,13,0,10,15,20,24,2,0.0270861,2,-0.38345,3,-0.93215,2,-0.550273,4,-0.658495,2,-0.126162,3,-0.652175,3,-0.927438,2,-0.571691,4,-1.17675,0.617334,0.585437,0.0318961,0.662431,0.662404,2.65452e-05,0.376049,0.16638,0.209669,0.165808,0.1,0.3,0,1.05,
Net2,main,307,b,random,8,27,0.10939,1.41779,0.262652,-0.496142,0,0,2,0,21,26,27,27,2,0.104827,2,-0.0350639,3,-0.23873,2,-0.0374177,4,0.0172926,2,0.000322884,3,0.0538765,3,-0.0548065,2,-0.0469206,4,-0.259522,0.266914,0.266312,0.000602131,0.0782067,0.0782067,1.49009e-08,0.0263202,0.000990716,0.0253295,0.00756094,0.0025,0.03,2,0.9,
Net2,main,307,c,random,8,27,0.122414,1.50658,0.298651,-0.657601,0,0,2,0,20,26,27,27,2,0.110305,2,-0.0392794,3,-0.261493,2,-0.0538149,4,0.00742142,2,-0.0139683,3,0.029859,3,-0.068105,2,-0.0718394,4,-0.296686,0.0504705,0.0504389,3.16783e-05,0.0875442,0.0875441,1.49685e-08,0.0279346,0.000843364,0.0270912,0.0127275,0.01,0.03,2,0.95,0
Net2,main,307,d,random,8,27,6.92814,12.9455,8.03473,11.6985,0,0,0,0,,,,,2,-0.614896,2,0.399529,3,1.21321,2,0.725977,4,1.95473,2,0.729992,3,1.49666,3,1.90007,2,1.27884,4,2.61436,,,,,,,,,,,,,,,
Net2,main,307,e,random,8,27,3.46895,8.35033,4.61914,7.81331,0,0,0,0,,,,,2,0.166051,2,0.349438,3,-0.108482,2,0.251857,4,1.13276,2,0.382145,3,1.09608,3,1.3783,2,0.915162,4,2.25001,,,,,,,,,,,,,,,
Net2,main,307,f,random,8,27,0.0612647,1.05036,0.121651,0.467236,0,0,0,0,,,,,2,-0.0939832,2,-0.0268236,3,0.0878073,2,0.0985965,4,0.131384,2,0.0283536,3,0.116071,3,0.00747442,2,0.0961561,4,0.0222003,,,,,,,,,,,,,,,
Net2,main,307,a,random,15,20,0.586258,2.81686,1.84649,-2.8065,0,0,8,0,7,12,14,14,1,0.00518135,1,-0.298435,2,-0.614223,2,-0.295079,3,-0.203306,1,-0.0368321,3,-0.156394,2,-0.278214,1,-0.208528,4,-0.720669,0.943045,0.943022,2.28392e-05,0.843496,0.843496,7.21518e-10,0.351108,0.195371,0.155737,0.105518,0.1,0.1,0,0.9,
Net2,main,307,b,random,15,20,0.0916411,1.05533,0.245239,-0.923315,0,0,2,0,14,17,18,19,1,-0.0242268,1,-0.125327,2,-0.195971,2,-0.0758904,3,-0.0539995,1,-0.00763998,3,-0.0590531,2,-0.00853135,1,-0.0828995,4,-0.289775,0.298663,0.298663,9.31687e-10,0.00847519,0.00847519,3.44622e-17,0.00351958,5.27554e-07,0.00351905,0.00641502,0.0025,0.03,2,0.9,
Net2,main,307,c,random,15,20,0.104715,1.21684,0.274523,-0.895148,0,0,2,0,13,17,19,20,1,0.0622111,1,-0.110472,2,-0.17174,2,-0.0767122,3,-0.0395115,1,-0.00497651,3,-0.0211019,2,-0.0841796,1,-0.0988079,4,-0.349857,0.060414,0.060414,5.23505e-11,0.0120266,0.0120266,2.89001e-17,0.00345228,3.96582e-07,0.00345188,0.010992,0.01,0.03,2,0.9,0
Net2,main,307,d,random,15,20,5.79223,10.5111,6.68122,9.56223,0,0,0,0,,,,,1,-0.474431,1,0.415964,2,0.844245,2,0.741572,3,1.52861,1,0.409433,3,1.52006,2,1.29686,1,0.634366,4,2.64555,,,,,,,,,,,,,,,
Net2,main,307,e,random,15,20,3.53265,6.99939,3.99952,6.99939,0,0,0,0,,,,,1,0.0930524,1,0.830774,2,0.810692,2,0.154273,3,0.681936,1,0.227713,3,0.998493,2,0.570715,1,0.563091,4,2.06865,,,,,,,,,,,,,,,
Net2,main,307,f,random,15,20,0.0277164,0.638784,0.0528381,0.480333,0,0,0,0,,,,,1,-0.0273781,1,0.0318741,2,0.063467,2,0.0985965,3,0.0958718,1,0.0157757,3,0.116071,2,0.0945066,1,-0.0306519,4,0.0222003,,,,,,,,,,,,,,,
Net2,main,307,a,straddle_min,3,32,3.86977,10.8334,15.5559,-10.8334,0,0,24,0,1,5,14,18,3,-0.555192,3,-0.885003,3,-1.37214,3,-1.16864,4,-1.36131,2,-0.679064,3,-0.991274,4,-1.38451,3,-0.995832,4,-1.44047,0.636354,0.61182,0.0245334,0.691038,0.68927,0.00176763,0.39017,0.152936,0.237234,0.15822,0.1,0.1,0.5,1.05,
Net2,main,307,a,straddle_min,8,27,0.601442,3.1191,2.28854,-2.47927,0,0,8,0,13,15,19,21,3,0.185957,3,-0.136182,2,-0.308981,2,-0.14885,4,-0.180453,1,0.00439653,3,-0.244689,3,-0.577101,3,-0.419877,3,-0.65349,0.964453,0.964447,6.1334e-06,0.981817,0.981817,2.99688e-09,0.370797,0.123133,0.247664,0.103375,0.1,0.1,0.5,1.1,
Net2,main,307,a,straddle_min,15,20,0.38835,2.31228,1.2657,-1.26796,0,0,4,0,11,15,16,17,3,0.328209,2,0.00823776,2,0.0120478,2,-0.287696,3,-0.212079,1,-0.0345802,1,-0.0214708,2,-0.29548,2,-0.341538,2,-0.423607,0.988586,0.988586,3.31928e-09,0.991806,0.991806,4.12031e-18,0.36199,0.203335,0.158655,0.101054,0.1,0.1,0,0.9,
Net2,main,307,b,straddle_min,3,32,0.220709,1.98762,0.310353,0.148306,0,0,3,0,31,32,32,32,3,0.452821,3,0.192251,3,-0.191138,3,-0.0362075,4,0.110298,2,0.0343809,3,0.0310782,4,-0.111581,3,-0.0887882,4,-0.244809,0.221225,0.220623,0.000601612,0.328807,0.328797,9.55983e-06,0.0761167,0.00317989,0.0729368,0.00958563,0.0025,0.01,1,0.85,
Net2,main,307,b,straddle_min,8,27,0.399992,2.11246,0.68169,1.1272,0,0,0,0,19,23,24,24,3,0.273622,3,-0.0205578,3,-0.260169,2,-0.0497495,3,0.10976,2,0.0234745,3,0.160713,3,0.674098,3,-0.0434684,2,0.25948,0.328508,0.328508,6.77896e-08,0.0428726,0.0428726,4.3169e-14,0.0390122,0.004878,0.0341342,0.00596359,0.0025,0.1,0,0.9,
Net2,main,307,b,straddle_min,15,20,0.106603,0.907272,0.115444,0.379132,0,0,0,0,18,19,19,19,3,0.0552064,3,-0.131932,3,0.406213,2,-0.0435876,2,-0.0315105,2,-0.0216348,2,0.0176291,2,0.119124,1,0.0096241,0,0,0.349256,0.349256,2.85063e-14,0.00530695,0.00530695,8.33796e-29,0.00995687,0.00542716,0.00452971,0.00557437,0.0025,0.03,2,0.85,
Net2,main,307,c,straddle_min,3,32,0.246249,2.12973,0.338976,0.219369,0,0,3,0,31,32,32,32,3,0.48729,3,0.21953,3,-0.190701,3,-0.0113126,4,0.120868,2,0.0411645,3,0.0204809,4,-0.120708,3,-0.0928294,4,-0.254413,0.0387109,0.0386816,2.92998e-05,0.336735,0.336726,9.01853e-06,0.0765228,0.00291714,0.0736056,0.0152405,0.02,0.01,0,0.85,0
Net2,main,307,d,straddle_min,3,32,7.1454,14.1295,8.46531,12.5531,0,0,0,0,,,,,3,-0.551733,3,0.262766,3,1.12957,3,1.24911,4,1.8432,2,0.674227,3,1.41302,4,2.27906,3,1.75105,4,2.50284,,,,,,,,,,,,,,,
Net2,main,307,e,straddle_min,3,32,6.45216,12.6378,6.8383,12.4543,0,0,0,0,,,,,3,0.703335,3,1.51783,3,1.82024,3,1.24911,4,1.13276,2,0.382145,3,0.848621,4,1.69489,3,1.18666,4,1.91867,,,,,,,,,,,,,,,
Net2,main,307,f,straddle_min,3,32,0.0844935,1.36845,0.152204,0.628728,0,0,0,0,,,,,3,-0.0157395,3,-0.105126,3,0.0878073,3,0.179326,4,0.131384,2,0.0283536,3,0.116071,4,0.0722995,3,0.112152,4,0.0222003,,,,,,,,,,,,,,,
Net2,main,307,c,straddle_min,8,27,0.397434,2.13932,0.674062,1.14914,0,0,0,0,19,23,24,24,3,0.272453,3,-0.0109726,3,-0.253232,2,-0.0491936,3,0.126137,2,0.0327767,3,0.166108,3,0.671695,3,-0.0495306,2,0.242894,0.0709546,0.0709546,4.06718e-09,0.0484847,0.0484847,4.00257e-14,0.0411647,0.00427822,0.0368865,0.0103534,0.01,0.1,0,0.9,0
Net2,main,307,d,straddle_min,8,27,2.60676,7.50393,3.22624,4.16733,0,0,0,0,,,,,3,-1.15116,3,-0.336662,3,0.530139,2,0.270595,3,0.650025,2,0.274609,3,0.81359,3,1.08871,3,1.15163,2,0.875861,,,,,,,,,,,,,,,
Net2,main,307,e,straddle_min,8,27,2.40717,7.00327,2.77306,6.80319,0,0,0,0,,,,,3,0.703335,3,0.980618,3,0.772988,2,0.251857,3,0.81133,2,0.382145,3,0.609698,3,1.09906,3,0.41694,2,0.775223,,,,,,,,,,,,,,,
Net2,main,307,f,straddle_min,8,27,0.0678529,1.12824,0.108672,0.60497,0,0,0,0,,,,,3,-0.0157395,3,-0.105126,3,0.0878073,2,0.0985965,3,0.0859334,2,0.0283536,3,0.116071,3,0.159332,3,0.112152,2,0.0375902,,,,,,,,,,,,,,,
Net2,main,307,c,straddle_min,15,20,0.104928,0.908074,0.114247,0.447653,0,0,0,0,18,19,19,19,3,0.0927274,3,-0.102725,3,0.406655,2,-0.0417284,2,-0.0315793,2,-0.0276274,2,0.0186608,2,0.117839,1,0.0154312,0,0,0.0793526,0.0793526,1.79909e-15,0.00598904,0.00598904,5.7957e-29,0.0122505,0.00473216,0.00751836,0.00963591,0.01,0.03,2,0.85,2
Net2,main,307,d,straddle_min,15,20,1.49705,3.85253,1.32068,-0.85108,0,0,0,0,,,,,3,-1.51012,3,-0.695618,3,0.171183,2,0.0312903,2,0.188905,2,0.0353044,2,0.271143,2,0.448311,1,0.208519,0,0,,,,,,,,,,,,,,,
Net2,main,307,e,straddle_min,15,20,1.14689,3.91955,0.993566,3.28146,0,0,0,0,,,,,3,0.703335,3,0.980618,3,0.490432,2,-0.137282,2,0.0249971,2,0.382145,2,0.395246,2,0.316224,1,0.125749,0,0,,,,,,,,,,,,,,,
Net2,main,307,f,straddle_min,15,20,0.0460494,0.835824,0.0579894,0.373857,0,0,0,0,,,,,3,-0.0157395,3,-0.105126,3,0.0878073,2,0.0985965,2,0.0504214,2,0.0283536,2,0.0743407,2,0.139207,1,0.0159957,0,0,,,,,,,,,,,,,,,
Net2,twin,300,g,random,3,32,0.174253,1.93966,0.46223,-1.11203,6,6,6,0,30,32,32,32,2,0.269281,3,-0.0729019,4,-0.325569,3,0.0105102,4,-0.191323,3,-0.0471157,3,-0.130405,4,-0.161897,3,-0.279275,3,-0.183329,0.192622,0.123319,0.0693031,0.159479,0.15943,4.96285e-05,0.109999,0.056454,0.0535449,0.0257168,0.0025,0.1,0,0.8,
Net2,twin,300,f,random,3,32,0.124697,1.4156,0.204204,-0.278526,6,4,3,2,,,,,2,0.153228,3,-0.158335,4,-0.0834891,3,0.132519,4,-0.1837,3,-0.0164798,3,-0.0565479,4,0.0173524,3,-0.129711,3,0.0466376,,,,,,,,,,,,,,,
Net2,twin,300,g,random,8,27,0.413618,3.13777,1.28775,-3.11373,4,4,6,0,4,13,19,26,1,-0.0955766,3,-0.374311,4,-0.400481,3,-0.171613,4,-0.608,3,-0.46322,3,-0.390749,2,-0.184363,2,-0.239749,2,-0.185669,0.172231,0.172223,8.02342e-06,0.0663219,0.0663219,2.16582e-09,0.047893,0.0403597,0.00753323,0.0142218,0.005,0.1,0.5,0.8,
Net2,twin,300,f,random,8,27,0.104714,1.16958,0.146189,-0.0912903,4,3,2,1,,,,,1,0.216942,3,-0.158335,4,-0.0834891,3,0.132519,4,-0.1837,3,-0.0164798,3,-0.0565479,2,0.0503358,2,-0.00978118,2,0.0172449,,,,,,,,,,,,,,,
Net2,twin,300,g,random,15,20,0.204449,1.92134,0.633062,-1.5532,4,4,3,0,4,11,13,19,1,-0.0590348,1,-0.0651842,3,-0.0623364,2,-0.0126507,3,-0.362924,2,-0.290395,3,-0.339187,2,-0.155923,1,-0.0666561,2,-0.138905,0.15177,0.15177,2.58392e-10,0.0150358,0.0150358,3.30661e-17,0.00575092,0.00566795,8.29696e-05,0.0130718,0.04,0.1,0,0.8,
Net2,twin,300,f,random,15,20,0.0718675,0.807636,0.0906435,0.0407762,4,3,1,1,,,,,1,0.216942,1,-0.0353044,3,-0.074872,2,0.0175823,3,-0.128592,2,-0.00265531,3,-0.0565479,2,0.0503358,1,0.0366424,2,0.0172449,,,,,,,,,,,,,,,
Net2,twin,300,g,straddle_min,3,32,0.174253,1.93966,0.46223,-1.11203,6,6,6,0,30,32,32,32,2,0.269281,3,-0.0729019,4,-0.325569,3,0.0105102,4,-0.191323,3,-0.0471157,3,-0.130405,4,-0.161897,3,-0.279275,3,-0.183329,0.192622,0.123319,0.0693031,0.159479,0.15943,4.96285e-05,0.109999,0.056454,0.0535449,0.0257168,0.0025,0.1,0,0.8,
Net2,twin,300,f,straddle_min,3,32,0.124697,1.4156,0.204204,-0.278526,6,4,3,2,,,,,2,0.153228,3,-0.158335,4,-0.0834891,3,0.132519,4,-0.1837,3,-0.0164798,3,-0.0565479,4,0.0173524,3,-0.129711,3,0.0466376,,,,,,,,,,,,,,,
Net2,twin,300,g,straddle_min,8,27,0.191706,1.5808,0.299622,0.72037,6,6,1,0,18,25,27,27,2,0.297993,3,-0.0633547,2,-0.119356,2,0.167144,4,0.0295478,3,0.256151,2,0.134736,4,0.0739383,2,-0.0338404,3,-0.0225882,0.0916144,0.0913447,0.00026964,0.0257776,0.0257776,2.50321e-11,0.108815,0.105112,0.00370281,0.0266966,0.08,0.1,0,0.8,
Net2,twin,300,f,straddle_min,8,27,0.103483,1.14165,0.135039,-0.00457847,6,4,1,2,,,,,2,0.153228,3,-0.158335,2,-0.012411,2,0.155011,4,-0.1837,3,-0.0164798,2,0.00389935,4,0.0173524,2,-0.00978118,3,0.0466376,,,,,,,,,,,,,,,
Net2,twin,300,g,straddle_min,15,20,0.120642,1.26071,0.268984,-0.511674,5,5,0,0,13,20,20,20,2,0.216043,2,-0.119308,2,-0.179996,1,0.0765604,3,-0.173424,3,-0.0188797,1,-0.0150693,3,-0.119843,1,-0.0594604,2,-0.118297,0.191876,0.191876,5.73998e-08,0.000442689,0.000442689,6.12399e-17,0.0574756,0.056801,0.000674625,0.0110643,0.04,0.1,0.5,0.75,
Net2,twin,300,f,straddle_min,15,20,0.0930925,0.906863,0.10173,0.0912757,5,4,0,1,,,,,2,0.153228,2,-0.15431,2,-0.012411,1,0.114937,3,-0.128592,3,-0.0164798,1,0.0552999,3,0.0257168,1,0.0366424,2,0.0172449,,,,,,,,,,,,,,,
Net2,twin,301,g,random,3,32,0.223853,2.15182,0.23449,1.26218,0,0,0,0,29,32,32,32,2,0.403549,3,0.0245007,4,-0.0824329,3,0.00910179,4,0.360877,3,0.183969,3,0.22825,4,0.156935,3,0.116616,3,-0.139184,0.2104,0.142316,0.0680842,0.389681,0.389496,0.000184777,0.0467976,5.98279e-05,0.0467378,0.0229466,0.16,0.03,0,0.95,
Net2,twin,301,f,random,3,32,0.104935,1.3994,0.10683,0.180934,0,0,0,0,,,,,2,-0.0395078,3,-0.276576,4,0.182151,3,0.126722,4,0.0708015,3,0.0540857,3,0.0565052,4,-0.0135232,3,0.0656105,3,-0.0453344,,,,,,,,,,,,,,,
Net2,twin,301,g,random,8,27,0.168521,1.78544,0.29295,-1.23954,0,0,1,0,14,21,23,25,2,0.13424,3,-0.312874,2,-0.204059,2,-0.18232,2,-0.0911161,3,-0.0614473,3,-0.0128721,4,-0.154131,3,-0.0623995,3,-0.292561,0.0962585,0.0962571,1.40822e-06,0.143024,0.143024,2.02194e-16,0.0202543,2.10989e-06,0.0202522,0.0245841,0.08,0.03,1,0.95,
Net2,twin,301,f,random,8,27,0.0965473,1.20887,0.0975791,-0.00959612,0,0,0,0,,,,,2,-0.0395078,3,-0.276576,2,0.103482,2,0.0866764,2,-0.00101448,3,0.0540857,3,0.0565052,4,-0.0135232,3,0.0656105,3,-0.0453344,,,,,,,,,,,,,,,
Net2,twin,301,g,random,15,20,0.109147,1.19164,0.173631,-0.700843,0,0,1,0,8,16,16,17,2,0.177703,2,-0.182614,1,-0.0624829,2,-0.19217,2,-0.0857042,3,-0.0220399,3,-0.0194057,2,-0.162908,1,0.0147453,2,-0.165968,0.0571569,0.0571569,4.83983e-14,0.0851942,0.0851942,1.77326e-30,0.0195274,5.67336e-08,0.0195274,0.0282809,0.04,0.1,0,0.95,
Net2,twin,301,f,random,15,20,0.060639,0.79433,0.0624676,0.104798,0,0,0,0,,,,,2,-0.0395078,2,-0.130969,1,0.045451,2,0.0866764,2,-0.00101448,3,0.0540857,3,0.0565052,2,-0.0546226,1,0.0724409,2,0.0157536,,,,,,,,,,,,,,,
Net2,twin,301,g,straddle_min,3,32,0.223853,2.15182,0.23449,1.26218,0,0,0,0,29,32,32,32,2,0.403549,3,0.0245007,4,-0.0824329,3,0.00910179,4,0.360877,3,0.183969,3,0.22825,4,0.156935,3,0.116616,3,-0.139184,0.2104,0.142316,0.0680842,0.389681,0.389496,0.000184777,0.0467976,5.98279e-05,0.0467378,0.0229466,0.16,0.03,0,0.95,
Net2,twin,301,f,straddle_min,3,32,0.104935,1.3994,0.10683,0.180934,0,0,0,0,,,,,2,-0.0395078,3,-0.276576,4,0.182151,3,0.126722,4,0.0708015,3,0.0540857,3,0.0565052,4,-0.0135232,3,0.0656105,3,-0.0453344,,,,,,,,,,,,,,,
Net2,twin,301,g,straddle_min,8,27,0.270484,2.07386,0.30171,-1.25148,0,0,0,0,22,27,27,27,2,-0.0849311,3,-0.534261,4,-0.306909,2,-0.280954,4,0.0938016,3,0.00294831,3,-0.00877186,3,-0.168342,2,0.0597166,1,-0.0237746,0.150147,0.150143,4.36593e-06,0.442804,0.442804,9.88064e-14,0.0201933,7.43671e-05,0.0201189,0.0156107,0.04,0.01,2,0.9,
Net2,twin,301,f,straddle_min,8,27,0.0950758,1.21635,0.0863014,0.173388,0,0,0,0,,,,,2,-0.0395078,3,-0.276576,4,0.182151,2,0.0567041,4,0.0708015,3,0.0540857,3,0.0565052,3,-0.0109285,2,0.0896798,1,-0.00952614,,,,,,,,,,,,,,,
Net2,twin,301,g,straddle_min,15,20,0.547923,2.37798,0.465695,-2.29909,0,0,0,0,11,14,16,16,2,-0.48329,3,-0.91161,2,-0.197885,2,-0.273486,3,-0.00591927,3,-0.176331,2,0.0270051,2,-0.208199,1,-0.0693752,0,0,0.234523,0.234523,1.14776e-11,0.0229445,0.0229445,1.05858e-33,0.0117666,1.56357e-05,0.011751,0.00837519,0.0025,0.03,2,0.95,
Net2,twin,301,f,straddle_min,15,20,0.0800198,0.92656,0.0629002,0.111329,0,0,0,0,,,,,2,-0.0395078,3,-0.276576,2,0.0786684,2,0.0567041,3,0.0880427,3,0.0540857,2,0.1099,2,0.0227735,1,0.0172389,0,0,,,,,,,,,,,,,,,
Net2,twin,302,g,random,3,32,0.265755,2.27074,0.820053,1.5573,16,7,0,9,24,30,31,31,4,-0.225413,3,0.195181,3,0.288488,3,0.453051,4,0.19321,3,0.157958,3,0.31947,3,0.196565,3,0.0165412,3,-0.0377559,0.0837094,0.0684892,0.0152202,0.406874,0.406857,1.60927e-05,0.125483,0.103181,0.022302,0.044004,0.16,0.01,0,0.75,
Net2,twin,302,f,random,3,32,0.109216,1.26529,0.272197,0.123205,16,13,0,3,,,,,4,-0.384737,3,-0.0320081,3,-0.0118133,3,0.18693,4,-0.0334435,3,0.159044,3,0.168865,3,0.0596969,3,-0.0173651,3,0.0280356,,,,,,,,,,,,,,,
Net2,twin,302,g,random,8,27,0.320765,2.13026,0.693422,0.298854,15,9,1,6,21,23,23,24,4,-0.691354,1,-0.0347,3,0.19055,3,0.37784,2,0.0473867,3,0.0986129,3,0.301265,3,0.101731,3,-0.0162917,2,-0.0761841,0.0168962,0.0168517,4.45367e-05,0.572655,0.572655,1.2553e-09,0.118885,0.116436,0.00244924,0.0801074,0.16,0.01,0.5,0.75,
Net2,twin,302,f,random,8,27,0.107641,1.2099,0.270619,0.163434,15,12,0,3,,,,,4,-0.384737,1,-0.00115189,3,-0.0118133,3,0.18693,2,-0.023972,3,0.159044,3,0.168865,3,0.0596969,3,-0.0173651,2,0.0279362,,,,,,,,,,,,,,,
Net2,twin,302,g,random,15,20,0.112872,1.12368,0.339557,0.41748,9,7,1,2,16,19,19,19,4,-0.269898,1,0.022279,2,0.0372904,3,0.39579,1,0.00675092,2,0.140185,0,0,3,0.0499155,2,0.00390055,2,0.031267,0.00434324,0.00434323,5.32649e-09,0.158255,0.158255,2.11872e-16,0.0120282,0.0119982,2.99342e-05,0.0742838,0.08,0.03,1,0.75,
Net2,twin,302,f,random,15,20,0.0785683,0.897324,0.146171,-0.0821407,9,8,0,1,,,,,4,-0.384737,1,-0.00115189,2,-0.00912364,3,0.18693,1,-0.0138153,2,0.0876325,0,0,3,0.0596969,2,-0.0355088,2,0.0279362,,,,,,,,,,,,,,,
Net2,twin,302,g,straddle_min,3,32,0.265755,2.27074,0.820053,1.5573,16,7,0,9,24,30,31,31,4,-0.225413,3,0.195181,3,0.288488,3,0.453051,4,0.19321,3,0.157958,3,0.31947,3,0.196565,3,0.0165412,3,-0.0377559,0.0837094,0.0684892,0.0152202,0.406874,0.406857,1.60927e-05,0.125483,0.103181,0.022302,0.044004,0.16,0.01,0,0.75,
Net2,twin,302,f,straddle_min,3,32,0.109216,1.26529,0.272197,0.123205,16,13,0,3,,,,,4,-0.384737,3,-0.0320081,3,-0.0118133,3,0.18693,4,-0.0334435,3,0.159044,3,0.168865,3,0.0596969,3,-0.0173651,3,0.0280356,,,,,,,,,,,,,,,
Net2,twin,302,g,straddle_min,8,27,0.26132,2.11485,1.20528,-1.44017,13,13,4,0,22,25,25,26,4,-0.137016,3,-0.170217,2,-0.35882,1,-0.175802,4,-0.221462,2,0.0322267,2,-0.0254819,3,-0.215908,3,-0.134352,3,-0.0333357,0.268601,0.268596,4.99496e-06,0.00132287,0.00132287,4.42405e-10,0.135278,0.0216303,0.113648,0.00778407,0.0025,0.3,0,1,
Net2,twin,302,f,straddle_min,8,27,0.0927084,1.05828,0.220683,-0.0145709,13,11,0,2,,,,,4,-0.384737,3,-0.0320081,2,-0.00912364,1,0.0585608,4,-0.0334435,2,0.190972,2,0.124841,3,0.0596969,3,-0.0173651,3,0.0280356,,,,,,,,,,,,,,,
Net2,twin,302,g,straddle_min,15,20,0.539423,2.50726,0.841732,-2.3239,8,8,6,0,7,17,18,20,4,-1.0146,3,-0.469445,1,-0.0817966,0,0,4,-0.42593,1,-0.0401334,1,0.0916782,3,-0.25723,1,-0.0280219,2,-0.0984235,0.182998,0.182998,7.18905e-08,0.00161595,0.00161595,8.10481e-16,0.12191,0.00230544,0.119605,0.012898,0.02,0.1,1,0.9,
Net2,twin,302,f,straddle_min,15,20,0.0825871,0.848758,0.186562,-0.101484,8,7,0,1,,,,,4,-0.384737,3,-0.0320081,1,0.0134674,0,0,4,-0.0334435,1,0.119561,1,0.145494,3,0.0596969,1,-0.0174497,2,0.0279362,,,,,,,,,,,,,,,
Net2,twin,303,g,random,3,32,0.149153,1.55936,0.163387,-0.860943,1,1,1,0,23,32,32,32,4,-0.385133,3,-0.17839,3,-0.199313,3,0.0678065,3,0.0323513,3,-0.120053,2,0.0232519,4,0.0703911,3,-0.0976241,4,-0.0742309,0.170872,0.168474,0.00239751,0.310294,0.310294,1.43857e-07,0.178333,0.134092,0.0442415,0.0137999,0.01,0.03,0.5,0.75,
Net2,twin,303,f,random,3,32,0.105191,1.47651,0.128103,-0.210089,1,0,0,1,,,,,4,-0.355811,3,-0.152869,3,0.0645029,3,0.228774,3,6.01311e-05,3,-0.0786801,2,0.00758489,4,0.0332567,3,-0.0391979,4,0.0822913,,,,,,,,,,,,,,,
Net2,twin,303,g,random,8,27,0.261061,1.62627,0.177179,-0.846597,1,1,0,0,16,23,26,27,4,-0.643183,3,-0.258861,3,-0.151524,0,0,3,0.0864546,2,-0.0749737,2,0.0614016,4,0.116788,2,0.0285964,4,-0.0112956,0.199007,0.199007,2.34804e-08,0.273314,0.273314,1.29382e-17,0.154473,0.149609,0.00486409,0.00977488,0.005,0.1,0,0.85,
Net2,twin,303,f,random,8,27,0.0804966,1.19564,0.0910933,-0.386767,1,0,0,1,,,,,4,-0.355811,3,-0.152869,3,0.0645029,0,0,3,6.01311e-05,2,-0.0592313,2,0.00758489,4,0.0332567,2,-0.00655095,4,0.0822913,,,,,,,,,,,,,,,
Net2,twin,303,g,random,15,20,0.0858531,1.11083,0.176481,-1.02291,0,0,2,0,8,16,17,19,3,-0.0136105,1,-0.0929222,3,-0.269014,0,0,2,-0.16757,2,-0.176269,1,-0.0158444,3,-0.145412,2,-0.0790168,3,-0.0632515,0.115686,0.115686,3.7476e-11,0.0184331,0.0184331,4.67308e-25,0.0025858,0.000705556,0.00188024,0.015563,0.02,0.03,2,0.85,
Net2,twin,303,f,random,15,20,0.0354677,0.694526,0.0469308,-0.286172,0,0,0,0,,,,,3,-0.238887,1,0.0310627,3,0.0645029,0,0,2,-0.0314564,2,-0.0592313,1,-0.0228352,3,-0.0674549,2,-0.00655095,3,0.0446789,,,,,,,,,,,,,,,
Net2,twin,303,g,straddle_min,3,32,0.149153,1.55936,0.163387,-0.860943,1,1,1,0,23,32,32,32,4,-0.385133,3,-0.17839,3,-0.199313,3,0.0678065,3,0.0323513,3,-0.120053,2,0.0232519,4,0.0703911,3,-0.0976241,4,-0.0742309,0.170872,0.168474,0.00239751,0.310294,0.310294,1.43857e-07,0.178333,0.134092,0.0442415,0.0137999,0.01,0.03,0.5,0.75,
Net2,twin,303,f,straddle_min,3,32,0.105191,1.47651,0.128103,-0.210089,1,0,0,1,,,,,4,-0.355811,3,-0.152869,3,0.0645029,3,0.228774,3,6.01311e-05,3,-0.0786801,2,0.00758489,4,0.0332567,3,-0.0391979,4,0.0822913,,,,,,,,,,,,,,,
Net2,twin,303,g,straddle_min,8,27,0.319088,1.97138,0.324077,-1.76624,1,1,1,0,12,25,25,27,4,-0.621198,3,-0.219817,3,-0.225787,2,-0.0298358,3,-0.0589495,3,-0.212046,2,-0.0888131,2,-0.049339,2,-0.0506625,3,-0.209795,0.151256,0.151255,1.45947e-07,0.399539,0.399539,1.46323e-15,0.281667,0.280526,0.00114057,0.0132448,0.02,0.03,0,0.7,
Net2,twin,303,f,straddle_min,8,27,0.0993353,1.31596,0.111846,-0.160283,1,0,0,1,,,,,4,-0.355811,3,-0.152869,3,0.0645029,2,0.183905,3,6.01311e-05,3,-0.0786801,2,0.00758489,2,0.10579,2,-0.00655095,3,0.0717861,,,,,,,,,,,,,,,
Net2,twin,303,g,straddle_min,15,20,0.318862,2.0086,0.299717,-1.96377,0,0,0,0,15,19,19,19,4,-0.748971,3,-0.462152,2,-0.251606,2,-0.0882889,2,-0.0714782,3,-0.153654,2,-0.0297288,1,-0.0132448,1,-0.144648,0,0,0.174841,0.174841,6.35488e-11,0.116855,0.116855,1.7229e-26,0.117619,0.116515,0.00110457,0.0114024,0.005,0.03,2,0.8,
Net2,twin,303,f,straddle_min,15,20,0.0922729,1.12643,0.0902596,-0.276567,0,0,0,0,,,,,4,-0.355811,3,-0.152869,2,0.0473148,2,0.183905,2,0.0127961,3,-0.0786801,2,0.00758489,1,0.100712,1,-0.0415184,0,0,,,,,,,,,,,,,,,
Net2,twin,304,g,random,3,32,0.38826,3.1522,1.01705,2.91673,10,4,0,6,27,32,32,32,3,0.232521,3,0.0956167,4,0.244794,3,0.446712,3,0.145541,3,0.509561,2,0.199365,4,0.425836,3,0.353764,4,0.263024,0.244464,0.125051,0.119413,0.346209,0.346173,3.55393e-05,0.0151607,0.00570269,0.009458,0.0280159,0.16,0.01,0.5,0.8,
Net2,twin,304,f,random,3,32,0.234277,2.50358,0.681571,1.7922,10,5,0,5,,,,,3,-0.0184605,3,-0.0601879,4,0.162992,3,0.26985,3,0.0440832,3,0.312098,2,0.126694,4,0.394375,3,0.302286,4,0.258465,,,,,,,,,,,,,,,
Net2,twin,304,g,random,8,27,0.0820643,1.23321,0.288459,-0.506412,9,9,2,0,17,26,27,27,2,0.0636175,3,-0.146678,3,-0.109036,2,0.0359027,2,-0.195685,3,0.0953407,1,-0.010993,4,-0.121145,3,0.0296457,4,-0.147382,0.0400809,0.0400718,9.03816e-06,0.0317064,0.0317064,9.08943e-11,0.0124864,0.00211997,0.0103665,0.0397962,0.08,0.1,0,0.9,
Net2,twin,304,f,random,8,27,0.209008,2.19277,0.612151,1.48138,9,5,0,4,,,,,2,-0.0807046,3,-0.0601879,3,0.0696497,2,0.168819,2,0.039421,3,0.312098,1,0.0771625,4,0.394375,3,0.302286,4,0.258465,,,,,,,,,,,,,,,
Net2,twin,304,g,random,15,20,0.468557,2.02759,1.50121,1.22964,5,2,2,3,14,18,20,20,2,0.0563413,2,-0.0550862,2,-0.0243744,2,0.062093,2,-0.149013,2,-0.0285917,1,0.0174369,3,0.107186,2,0.673326,2,0.57032,0.0631915,0.0631907,8.05693e-07,0.0733993,0.0733993,4.71741e-15,0.00970079,0.00870572,0.000995072,0.0284598,0.04,0.1,0,0.85,
Net2,twin,304,f,random,15,20,0.139774,1.54034,0.403828,1.09411,5,4,0,1,,,,,2,-0.0807046,2,-0.0107432,2,0.152785,2,0.168819,2,0.039421,2,0.179308,1,0.0771625,3,0.276418,2,0.160089,2,0.131558,,,,,,,,,,,,,,,
Net2,twin,304,g,straddle_min,3,32,0.38826,3.1522,1.01705,2.91673,10,4,0,6,27,32,32,32,3,0.232521,3,0.0956167,4,0.244794,3,0.446712,3,0.145541,3,0.509561,2,0.199365,4,0.425836,3,0.353764,4,0.263024,0.244464,0.125051,0.119413,0.346209,0.346173,3.55393e-05,0.0151607,0.00570269,0.009458,0.0280159,0.16,0.01,0.5,0.8,
Net2,twin,304,f,straddle_min,3,32,0.234277,2.50358,0.681571,1.7922,10,5,0,5,,,,,3,-0.0184605,3,-0.0601879,4,0.162992,3,0.26985,3,0.0440832,3,0.312098,2,0.126694,4,0.394375,3,0.302286,4,0.258465,,,,,,,,,,,,,,,
Net2,twin,304,g,straddle_min,8,27,0.786937,4.28038,1.99783,4.16922,8,2,0,6,5,16,20,25,3,0.362505,3,0.330289,3,0.508865,2,0.329269,3,0.302389,3,0.597888,1,0.168402,4,0.57968,2,0.483424,3,0.50651,0.199891,0.192018,0.00787299,0.328354,0.328353,6.88638e-07,0.0163151,0.0146666,0.00164846,0.0116273,0.0025,0.03,0,0.75,
Net2,twin,304,f,straddle_min,8,27,0.210082,2.17399,0.603526,1.62887,8,4,0,4,,,,,3,-0.0184605,3,-0.0601879,3,0.246128,2,0.168819,3,0.0440832,3,0.312098,1,0.0771625,4,0.394375,2,0.25079,3,0.214064,,,,,,,,,,,,,,,
Net2,twin,304,g,straddle_min,15,20,0.802393,3.20583,1.84439,3.19844,3,0,0,3,6,12,14,16,3,0.359928,3,0.244561,2,0.205856,2,0.251684,3,0.411889,3,0.444835,0,0,1,0.216992,1,0.404573,2,0.658124,0.334002,0.334002,1.66461e-09,0.206346,0.206346,9.07033e-19,0.0236368,0.0226307,0.00100614,0.00588094,0.0025,0.03,0,0.75,
Net2,twin,304,f,straddle_min,15,20,0.148453,1.54038,0.342198,0.995263,3,1,0,2,,,,,3,-0.0184605,3,-0.0601879,2,0.169874,2,0.168819,3,0.0440832,3,0.312098,0,0,1,0.0808556,1,0.142197,2,0.155984,,,,,,,,,,,,,,,
Net2,twin,305,g,random,3,32,0.122179,1.62829,0.292291,-0.115754,6,5,1,1,27,32,32,32,4,-0.0481109,2,-0.13652,3,-0.0851911,3,0.0320024,4,-0.0534931,3,0.215819,2,0.0763675,4,0.120483,3,-0.0898945,4,-0.147217,0.120149,0.0895871,0.0305623,0.263298,0.263297,6.67951e-07,0.0835445,0.00345525,0.0800892,0.0345346,0.005,0.1,1,1.05,
Net2,twin,305,f,random,3,32,0.183206,1.99361,0.343971,0.705818,6,3,0,3,,,,,4,-0.136187,2,-0.131563,3,0.109881,3,0.0750758,4,-0.0649785,3,0.261838,2,0.10308,4,0.263377,3,0.0298729,4,0.195422,,,,,,,,,,,,,,,
Net2,twin,305,g,random,8,27,0.137992,1.63311,0.490726,-0.327934,5,4,1,1,20,25,25,26,4,0.140483,1,-0.0469546,3,-0.124049,3,0.0391954,4,-0.0311084,1,0.047916,1,0.0591546,4,0.0819291,3,-0.200278,3,-0.294222,0.0551607,0.0549781,0.000182673,0.217632,0.217632,8.66158e-13,0.0859836,0.000161952,0.0858217,0.0552972,0.16,0.03,0.5,0.9,
Net2,twin,305,f,random,8,27,0.111859,1.44797,0.236151,0.550883,5,3,0,2,,,,,4,-0.136187,1,0.0637894,3,0.109881,3,0.0750758,4,-0.0649785,1,0.08659,1,0.0504216,4,0.263377,3,0.0298729,3,0.0730413,,,,,,,,,,,,,,,
Net2,twin,305,g,random,15,20,0.173595,1.51928,0.640317,-0.462453,3,3,4,0,11,15,17,17,3,6.3016e-05,1,0.0204832,3,0.153184,2,-0.0828977,2,0.0879043,0,0,1,0.0337714,3,-0.0661603,3,-0.326739,2,-0.282063,0.00333601,0.00333595,6.29977e-08,0.121557,0.121557,2.45506e-16,0.0101748,3.52154e-08,0.0101748,0.0857983,0.08,0.03,2,0.95,
Net2,twin,305,f,random,15,20,0.0744915,0.997887,0.148765,0.552829,3,1,0,2,,,,,3,-0.0750088,1,0.0637894,3,0.109881,2,0.0528912,2,0.0998596,0,0,1,0.0504216,3,0.2172,3,0.0298729,2,0.00392285,,,,,,,,,,,,,,,
Net2,twin,305,g,straddle_min,3,32,0.122179,1.62829,0.292291,-0.115754,6,5,1,1,27,32,32,32,4,-0.0481109,2,-0.13652,3,-0.0851911,3,0.0320024,4,-0.0534931,3,0.215819,2,0.0763675,4,0.120483,3,-0.0898945,4,-0.147217,0.120149,0.0895871,0.0305623,0.263298,0.263297,6.67951e-07,0.0835445,0.00345525,0.0800892,0.0345346,0.005,0.1,1,1.05,
Net2,twin,305,f,straddle_min,3,32,0.183206,1.99361,0.343971,0.705818,6,3,0,3,,,,,4,-0.136187,2,-0.131563,3,0.109881,3,0.0750758,4,-0.0649785,3,0.261838,2,0.10308,4,0.263377,3,0.0298729,4,0.195422,,,,,,,,,,,,,,,
Net2,twin,305,g,straddle_min,8,27,0.742447,3.4811,1.19958,2.01928,4,1,1,3,10,17,17,19,4,-0.208243,2,-0.221754,3,-0.0519484,2,-0.0393394,3,0.361358,3,0.784365,2,0.34532,3,0.391266,3,0.370402,2,0.287851,0.0202553,0.0148012,0.00545413,0.227777,0.227777,1.19535e-14,0.0386642,0.00392117,0.0347431,0.112425,0.16,0.03,1,0.9,
Net2,twin,305,f,straddle_min,8,27,0.174774,1.81952,0.303903,0.595181,4,1,0,3,,,,,4,-0.136187,2,-0.131563,3,0.109881,2,0.0528912,3,-0.0332498,3,0.261838,2,0.10308,3,0.2172,3,0.0298729,2,0.121419,,,,,,,,,,,,,,,
Net2,twin,305,g,straddle_min,15,20,0.207402,1.65447,0.345379,0.651386,1,0,0,1,13,18,19,19,4,-0.193378,2,-0.182542,2,0.0881507,1,0.0495145,3,0.1597,3,0.299428,2,0.0633967,1,0.0706395,1,0.0945872,1,0.201891,0.00725489,0.00725484,4.81245e-08,0.16993,0.16993,1.73904e-29,0.029878,0.0111545,0.0187235,0.0788936,0.08,0.03,1,0.8,
Net2,twin,305,f,straddle_min,15,20,0.153994,1.5523,0.224463,0.397253,1,0,0,1,,,,,4,-0.136187,2,-0.131563,2,0.143566,1,0.0490979,3,-0.0332498,3,0.261838,2,0.10308,1,0.0393331,1,-0.0210424,1,0.122381,,,,,,,,,,,,,,,
Net2,twin,306,g,random,3,32,0.330747,2.9021,1.00587,-1.94008,8,7,4,1,13,27,29,31,4,0.392327,2,-0.190838,4,-0.459543,3,-0.11473,4,-0.585989,3,0.0262735,3,-0.269675,3,-0.241053,2,-0.135965,4,-0.360886,0.179529,0.0991063,0.0804226,0.185589,0.185581,7.38324e-06,0.0710977,0.0257652,0.0453325,0.0365344,0.16,0.01,1,0.85,
Net2,twin,306,f,random,3,32,0.301282,2.84565,0.626306,2.02237,8,3,0,5,,,,,4,0.110181,2,-0.010699,4,0.312681,3,0.276875,4,0.0406661,3,0.298747,3,0.210795,3,0.283182,2,0.214479,4,0.285465,,,,,,,,,,,,,,,
Net2,twin,306,g,random,8,27,0.431495,3.11317,1.53072,-2.61898,7,7,8,0,7,11,16,17,2,0.220965,2,-0.30463,4,-0.62115,3,-0.231577,3,-0.572302,3,-0.0470167,2,-0.25046,3,-0.307978,2,-0.18062,3,-0.324211,0.0775525,0.0771274,0.000425008,0.0615038,0.0615038,5.02178e-09,0.054416,0.00341245,0.0510035,0.0370113,0.08,0.1,1,0.9,
Net2,twin,306,f,random,8,27,0.236582,2.3718,0.551931,1.84487,7,3,0,4,,,,,2,0.0185997,2,-0.010699,4,0.312681,3,0.276875,3,0.074115,3,0.298747,2,0.170251,3,0.283182,2,0.214479,3,0.206639,,,,,,,,,,,,,,,
Net2,twin,306,g,random,15,20,0.18934,1.69464,0.790077,-1.47405,5,5,2,0,7,12,13,13,1,0.0331473,1,-0.152698,2,-0.295172,1,-0.0445234,3,-0.354985,3,0.0168208,2,-0.127287,2,-0.108903,2,-0.138151,3,-0.302301,0.0022847,0.00220575,7.89425e-05,0.0899639,0.0899639,1.38026e-16,0.00297882,0.000479375,0.00249944,0.123219,0.16,0.1,0,0.85,
Net2,twin,306,f,random,15,20,0.153275,1.63398,0.380199,1.27107,5,3,0,2,,,,,1,-0.133072,1,0.0713114,2,0.153216,1,0.0566155,3,0.074115,3,0.298747,2,0.170251,2,0.158769,2,0.214479,3,0.206639,,,,,,,,,,,,,,,
Net2,twin,306,g,straddle_min,3,32,0.330747,2.9021,1.00587,-1.94008,8,7,4,1,13,27,29,31,4,0.392327,2,-0.190838,4,-0.459543,3,-0.11473,4,-0.585989,3,0.0262735,3,-0.269675,3,-0.241053,2,-0.135965,4,-0.360886,0.179529,0.0991063,0.0804226,0.185589,0.185581,7.38324e-06,0.0710977,0.0257652,0.0453325,0.0365344,0.16,0.01,1,0.85,
Net2,twin,306,f,straddle_min,3,32,0.301282,2.84565,0.626306,2.02237,8,3,0,5,,,,,4,0.110181,2,-0.010699,4,0.312681,3,0.276875,4,0.0406661,3,0.298747,3,0.210795,3,0.283182,2,0.214479,4,0.285465,,,,,,,,,,,,,,,
Net2,twin,306,g,straddle_min,8,27,0.299412,2.16383,0.607812,-0.740842,7,7,1,0,13,25,25,25,4,0.436938,2,-0.0911874,3,-0.284155,2,-0.0597143,4,-0.26439,3,0.111674,2,-0.0847145,2,-0.0824466,1,-0.0965625,4,-0.326283,0.0683292,0.0213582,0.046971,0.498339,0.498339,1.06657e-13,0.0365391,0.0353407,0.00119845,0.105509,0.16,0.03,0,0.8,
Net2,twin,306,f,straddle_min,8,27,0.245186,2.3273,0.47557,1.50403,7,3,0,4,,,,,4,0.110181,2,-0.010699,3,0.223809,2,0.182285,4,0.0406661,3,0.298747,2,0.116682,2,0.189339,1,0.0675545,4,0.285465,,,,,,,,,,,,,,,
Net2,twin,306,g,straddle_min,15,20,0.602218,3.07156,0.848402,2.49924,1,0,0,1,8,17,19,20,4,0.264475,2,0.12073,3,0.214766,2,0.335077,3,0.369631,3,0.748521,2,0.299444,0,0,0,0,1,0.146593,0.265674,0.265669,4.53127e-06,0.679382,0.679382,2.79471e-25,0.192784,0.192779,4.177e-06,0.00769492,0.0025,0.01,2,0.75,
Net2,twin,306,f,straddle_min,15,20,0.192511,1.74514,0.274664,0.921866,1,0,0,1,,,,,4,0.110181,2,-0.010699,3,0.223809,2,0.182285,3,-0.0779646,3,0.298747,2,0.116682,0,0,0,0,1,0.0788264,,,,,,,,,,,,,,,
Net2,twin,307,g,random,3,32,0.179983,1.85195,0.294985,-0.198478,0,0,2,0,31,32,32,32,3,0.319936,3,0.112537,3,-0.230653,3,-0.0519638,4,0.0691474,2,0.0099771,3,0.0247531,4,-0.121758,3,-0.0852234,4,-0.24523,0.226986,0.226341,0.000645109,0.318803,0.318792,1.10176e-05,0.0697583,0.00439308,0.0653653,0.00933304,0.0025,0.03,2,0.9,
Net2,twin,307,f,random,3,32,0.085457,1.35348,0.151322,0.553261,0,0,0,0,,,,,3,-0.0375346,3,-0.127441,3,0.0822254,3,0.174711,4,0.123137,2,0.0234732,3,0.111662,4,0.0623889,3,0.114335,4,0.0263028,,,,,,,,,,,,,,,
Net2,twin,307,g,random,8,27,0.0862402,1.2765,0.197388,-0.319288,0,0,1,0,20,27,27,27,2,-0.0178031,2,-0.0487928,3,-0.205268,2,-0.0400219,4,0.0842268,2,0.00988036,3,0.0985636,3,0.0245942,2,-0.0225303,4,-0.202137,0.271679,0.271151,0.00052774,0.139171,0.139171,1.71104e-08,0.0145067,0.00156023,0.0129464,0.00740861,0.0025,0.03,2,0.9,
Net2,twin,307,f,random,8,27,0.0628427,1.04262,0.122214,0.41923,0,0,0,0,,,,,2,-0.104664,2,-0.0390274,3,0.0822254,2,0.0940353,4,0.123137,2,0.0234732,3,0.111662,3,0.00274241,2,0.0993421,4,0.0263028,,,,,,,,,,,,,,,
Net2,twin,307,g,random,15,20,0.0671594,0.933711,0.178591,-0.674034,0,0,2,0,14,19,20,20,1,-0.0434608,1,-0.0860622,2,-0.135031,2,-0.0535372,3,0.00331332,1,0.0100178,3,0.00594638,2,-0.00858805,1,-0.085302,4,-0.28133,0.308625,0.308625,7.83412e-10,0.0440505,0.0440505,5.0581e-17,0.000487882,4.34003e-06,0.000483542,0.00628885,0.0025,0.03,2,0.9,
Net2,twin,307,f,random,15,20,0.026255,0.615131,0.0502919,0.464862,0,0,0,0,,,,,1,-0.0281666,1,0.0296068,2,0.0602865,2,0.0940353,3,0.090728,1,0.0135232,3,0.111662,2,0.0941716,1,-0.0272878,4,0.0263028,,,,,,,,,,,,,,,
Net2,twin,307,g,straddle_min,3,32,0.179983,1.85195,0.294985,-0.198478,0,0,2,0,31,32,32,32,3,0.319936,3,0.112537,3,-0.230653,3,-0.0519638,4,0.0691474,2,0.0099771,3,0.0247531,4,-0.121758,3,-0.0852234,4,-0.24523,0.226986,0.226341,0.000645109,0.318803,0.318792,1.10176e-05,0.0697583,0.00439308,0.0653653,0.00933304,0.0025,0.03,2,0.9,
Net2,twin,307,f,straddle_min,3,32,0.085457,1.35348,0.151322,0.553261,0,0,0,0,,,,,3,-0.0375346,3,-0.127441,3,0.0822254,3,0.174711,4,0.123137,2,0.0234732,3,0.111662,4,0.0623889,3,0.114335,4,0.0263028,,,,,,,,,,,,,,,
Net2,twin,307,g,straddle_min,8,27,0.292437,2.3746,0.46062,0.956152,0,0,0,0,11,18,23,26,3,0.306141,3,0.0522809,3,-0.295245,2,-0.167578,3,-0.0383642,2,0.076491,3,0.0857405,3,0.38276,3,0.299347,2,0.254578,0.352626,0.352626,1.32992e-09,0.107923,0.107923,3.36534e-15,0.0338089,0.0131783,0.0206306,0.00557829,0.0025,0.1,0,0.9,
Net2,twin,307,f,straddle_min,8,27,0.0685522,1.1289,0.10686,0.51154,0,0,0,0,,,,,3,-0.0375346,3,-0.127441,3,0.0822254,2,0.0940353,3,0.0787319,2,0.0234732,3,0.111662,3,0.153818,3,0.114335,2,0.0182338,,,,,,,,,,,,,,,
Net2,twin,307,g,straddle_min,15,20,0.0546741,0.788926,0.0736558,-0.295675,0,0,0,0,18,20,20,20,3,0.0248974,3,-0.222224,2,-0.184184,2,-0.0176108,3,0.035563,2,-0.00294215,2,0.00935113,2,0.0640222,1,-0.00254727,0,0,0.359815,0.359815,7.9714e-15,0.0101942,0.0101942,2.47199e-28,0.00771217,0.00294335,0.00476883,0.00536352,0.0025,0.03,2,0.85,
Net2,twin,307,f,straddle_min,15,20,0.0465687,0.820717,0.0560342,0.297294,0,0,0,0,,,,,3,-0.0375346,3,-0.127441,2,0.0398589,2,0.0940353,3,0.0787319,2,0.0234732,2,0.077105,2,0.134072,1,0.014993,0,0,,,,,,,,,,,,,,,
